cameraID,imageName,objectID,Class
c001,000001.jpg,680,RubbishBins
c001,000002.jpg,164,Container
c001,000003.jpg,218,trafficsignal
c001,000004.jpg,160,Container
c001,000005.jpg,684,trafficsignal
c003,000006.jpg,1036,trafficsignal
c003,000007.jpg,659,trafficsignal
c002,000008.jpg,569,trafficsignal
c001,000009.jpg,1055,trafficsignal
c003,000010.jpg,334,trafficsignal
c001,000011.jpg,934,trafficsignal
c003,000012.jpg,195,trafficsignal
c002,000013.jpg,548,Crosswalk
c001,000014.jpg,390,Container
c003,000015.jpg,381,trafficsignal
c003,000016.jpg,847,trafficsignal
c002,000017.jpg,987,trafficsignal
c001,000018.jpg,165,trafficsignal
c003,000019.jpg,988,Container
c003,000020.jpg,585,Crosswalk
c003,000021.jpg,828,RubbishBins
c002,000022.jpg,292,trafficsignal
c001,000023.jpg,431,Container
c003,000024.jpg,318,Container
c002,000025.jpg,74,RubbishBins
c003,000026.jpg,526,trafficsignal
c003,000027.jpg,767,trafficsignal
c001,000028.jpg,641,Crosswalk
c003,000029.jpg,416,RubbishBins
c002,000030.jpg,212,trafficsignal
c001,000031.jpg,562,trafficsignal
c001,000032.jpg,890,trafficsignal
c003,000033.jpg,590,Container
c002,000034.jpg,44,trafficsignal
c001,000035.jpg,74,RubbishBins
c001,000036.jpg,118,trafficsignal
c002,000037.jpg,889,RubbishBins
c002,000038.jpg,590,Container
c002,000039.jpg,825,trafficsignal
c001,000040.jpg,255,trafficsignal
c001,000041.jpg,92,Crosswalk
c003,000042.jpg,343,trafficsignal
c001,000043.jpg,288,RubbishBins
c001,000044.jpg,424,trafficsignal
c002,000045.jpg,1090,Container
c003,000046.jpg,63,trafficsignal
c003,000047.jpg,810,RubbishBins
c003,000048.jpg,761,trafficsignal
c001,000049.jpg,272,trafficsignal
c001,000050.jpg,75,trafficsignal
c002,000051.jpg,307,trafficsignal
c002,000052.jpg,735,trafficsignal
c003,000053.jpg,955,RubbishBins
c003,000054.jpg,77,Container
c001,000055.jpg,207,trafficsignal
c001,000056.jpg,816,RubbishBins
c003,000057.jpg,386,trafficsignal
c002,000058.jpg,740,Container
c003,000059.jpg,220,Crosswalk
c001,000060.jpg,34,trafficsignal
c003,000061.jpg,127,Crosswalk
c001,000062.jpg,586,Container
c001,000063.jpg,730,RubbishBins
c003,000064.jpg,125,trafficsignal
c001,000065.jpg,65,trafficsignal
c003,000066.jpg,642,trafficsignal
c002,000067.jpg,1046,trafficsignal
c001,000068.jpg,800,trafficsignal
c002,000069.jpg,770,trafficsignal
c003,000070.jpg,532,RubbishBins
c003,000071.jpg,18,trafficsignal
c003,000072.jpg,166,trafficsignal
c001,000073.jpg,937,Container
c002,000074.jpg,900,trafficsignal
c001,000075.jpg,478,trafficsignal
c001,000076.jpg,881,trafficsignal
c001,000077.jpg,55,trafficsignal
c001,000078.jpg,56,trafficsignal
c001,000079.jpg,685,trafficsignal
c002,000080.jpg,1,Container
c001,000081.jpg,365,RubbishBins
c003,000082.jpg,1015,trafficsignal
c002,000083.jpg,654,trafficsignal
c003,000084.jpg,100,Crosswalk
c001,000085.jpg,1088,trafficsignal
c001,000086.jpg,550,trafficsignal
c003,000087.jpg,631,trafficsignal
c002,000088.jpg,325,Container
c001,000089.jpg,943,Crosswalk
c001,000090.jpg,683,trafficsignal
c003,000091.jpg,1027,Crosswalk
c001,000092.jpg,347,trafficsignal
c001,000093.jpg,123,trafficsignal
c002,000094.jpg,107,trafficsignal
c002,000095.jpg,622,Container
c001,000096.jpg,965,trafficsignal
c001,000097.jpg,911,Container
c002,000098.jpg,433,RubbishBins
c001,000099.jpg,51,trafficsignal
c003,000100.jpg,906,trafficsignal
c001,000101.jpg,557,Container
c002,000102.jpg,38,trafficsignal
c002,000103.jpg,923,Crosswalk
c001,000104.jpg,440,trafficsignal
c001,000105.jpg,500,Container
c003,000106.jpg,785,trafficsignal
c001,000107.jpg,334,trafficsignal
c001,000108.jpg,984,trafficsignal
c001,000109.jpg,673,trafficsignal
c003,000110.jpg,478,trafficsignal
c001,000111.jpg,419,trafficsignal
c001,000112.jpg,852,Container
c001,000113.jpg,119,Crosswalk
c002,000114.jpg,671,trafficsignal
c001,000115.jpg,88,trafficsignal
c003,000116.jpg,1016,trafficsignal
c002,000117.jpg,342,trafficsignal
c003,000118.jpg,301,trafficsignal
c002,000119.jpg,735,trafficsignal
c003,000120.jpg,727,trafficsignal
c001,000121.jpg,541,Container
c003,000122.jpg,742,trafficsignal
c003,000123.jpg,217,trafficsignal
c002,000124.jpg,561,trafficsignal
c001,000125.jpg,1024,trafficsignal
c003,000126.jpg,43,trafficsignal
c002,000127.jpg,628,trafficsignal
c002,000128.jpg,384,trafficsignal
c003,000129.jpg,382,trafficsignal
c001,000130.jpg,2,trafficsignal
c001,000131.jpg,487,trafficsignal
c002,000132.jpg,398,trafficsignal
c003,000133.jpg,203,trafficsignal
c002,000134.jpg,90,trafficsignal
c003,000135.jpg,938,trafficsignal
c001,000136.jpg,442,Container
c002,000137.jpg,125,trafficsignal
c002,000138.jpg,715,trafficsignal
c001,000139.jpg,819,RubbishBins
c001,000140.jpg,523,Container
c003,000141.jpg,485,trafficsignal
c002,000142.jpg,618,trafficsignal
c001,000143.jpg,841,trafficsignal
c001,000144.jpg,719,trafficsignal
c002,000145.jpg,648,trafficsignal
c001,000146.jpg,105,Crosswalk
c001,000147.jpg,529,trafficsignal
c002,000148.jpg,564,Container
c003,000149.jpg,1082,trafficsignal
c001,000150.jpg,921,trafficsignal
c001,000151.jpg,507,trafficsignal
c002,000152.jpg,825,trafficsignal
c003,000153.jpg,992,trafficsignal
c002,000154.jpg,96,Container
c002,000155.jpg,134,trafficsignal
c002,000156.jpg,267,trafficsignal
c002,000157.jpg,365,RubbishBins
c002,000158.jpg,526,trafficsignal
c002,000159.jpg,253,trafficsignal
c001,000160.jpg,689,trafficsignal
c003,000161.jpg,81,trafficsignal
c002,000162.jpg,389,RubbishBins
c003,000163.jpg,469,trafficsignal
c001,000164.jpg,27,trafficsignal
c002,000165.jpg,281,trafficsignal
c003,000166.jpg,699,Container
c003,000167.jpg,140,RubbishBins
c003,000168.jpg,521,Container
c003,000169.jpg,326,Container
c003,000170.jpg,234,trafficsignal
c003,000171.jpg,290,trafficsignal
c002,000172.jpg,968,trafficsignal
c001,000173.jpg,343,trafficsignal
c001,000174.jpg,34,trafficsignal
c002,000175.jpg,999,trafficsignal
c002,000176.jpg,199,Container
c003,000177.jpg,684,trafficsignal
c003,000178.jpg,493,Crosswalk
c001,000179.jpg,588,trafficsignal
c001,000180.jpg,378,trafficsignal
c001,000181.jpg,957,Container
c001,000182.jpg,640,Container
c003,000183.jpg,333,RubbishBins
c001,000184.jpg,286,trafficsignal
c003,000185.jpg,956,trafficsignal
c001,000186.jpg,34,trafficsignal
c001,000187.jpg,70,trafficsignal
c003,000188.jpg,186,trafficsignal
c003,000189.jpg,730,Container
c003,000190.jpg,240,Crosswalk
c002,000191.jpg,387,RubbishBins
c001,000192.jpg,422,trafficsignal
c003,000193.jpg,243,trafficsignal
c003,000194.jpg,789,trafficsignal
c003,000195.jpg,906,trafficsignal
c001,000196.jpg,923,Crosswalk
c003,000197.jpg,1015,trafficsignal
c003,000198.jpg,847,trafficsignal
c003,000199.jpg,309,trafficsignal
c002,000200.jpg,284,Crosswalk
c001,000201.jpg,812,trafficsignal
c002,000202.jpg,740,Container
c001,000203.jpg,703,RubbishBins
c001,000204.jpg,1035,trafficsignal
c002,000205.jpg,38,trafficsignal
c002,000206.jpg,731,Container
c002,000207.jpg,15,trafficsignal
c003,000208.jpg,557,Container
c003,000209.jpg,507,trafficsignal
c003,000210.jpg,869,Crosswalk
c002,000211.jpg,521,Container
c001,000212.jpg,552,trafficsignal
c001,000213.jpg,884,Crosswalk
c001,000214.jpg,1036,trafficsignal
c002,000215.jpg,771,trafficsignal
c001,000216.jpg,304,trafficsignal
c001,000217.jpg,689,trafficsignal
c003,000218.jpg,26,trafficsignal
c003,000219.jpg,946,Container
c003,000220.jpg,604,RubbishBins
c003,000221.jpg,731,Container
c003,000222.jpg,366,RubbishBins
c001,000223.jpg,712,trafficsignal
c003,000224.jpg,1061,trafficsignal
c002,000225.jpg,880,Crosswalk
c002,000226.jpg,834,trafficsignal
c003,000227.jpg,698,trafficsignal
c001,000228.jpg,786,trafficsignal
c002,000229.jpg,211,trafficsignal
c001,000230.jpg,778,trafficsignal
c003,000231.jpg,443,trafficsignal
c002,000232.jpg,85,Crosswalk
c002,000233.jpg,124,trafficsignal
c002,000234.jpg,910,RubbishBins
c002,000235.jpg,961,trafficsignal
c003,000236.jpg,138,trafficsignal
c003,000237.jpg,717,RubbishBins
c003,000238.jpg,977,trafficsignal
c003,000239.jpg,932,trafficsignal
c003,000240.jpg,213,trafficsignal
c002,000241.jpg,613,Crosswalk
c003,000242.jpg,208,trafficsignal
c001,000243.jpg,858,trafficsignal
c003,000244.jpg,78,trafficsignal
c001,000245.jpg,251,trafficsignal
c003,000246.jpg,371,trafficsignal
c003,000247.jpg,364,Crosswalk
c002,000248.jpg,1,Container
c001,000249.jpg,454,trafficsignal
c001,000250.jpg,152,trafficsignal
c003,000251.jpg,34,trafficsignal
c002,000252.jpg,431,Container
c003,000253.jpg,472,trafficsignal
c001,000254.jpg,184,trafficsignal
c002,000255.jpg,989,trafficsignal
c003,000256.jpg,1073,trafficsignal
c001,000257.jpg,23,trafficsignal
c002,000258.jpg,1090,Container
c002,000259.jpg,579,trafficsignal
c001,000260.jpg,562,trafficsignal
c002,000261.jpg,889,RubbishBins
c003,000262.jpg,220,Crosswalk
c001,000263.jpg,761,trafficsignal
c001,000264.jpg,642,trafficsignal
c001,000265.jpg,812,trafficsignal
c003,000266.jpg,655,trafficsignal
c001,000267.jpg,869,Crosswalk
c001,000268.jpg,577,Crosswalk
c003,000269.jpg,129,trafficsignal
c003,000270.jpg,97,trafficsignal
c001,000271.jpg,386,trafficsignal
c003,000272.jpg,589,trafficsignal
c003,000273.jpg,988,Container
c002,000274.jpg,804,trafficsignal
c003,000275.jpg,307,trafficsignal
c003,000276.jpg,853,trafficsignal
c001,000277.jpg,864,Crosswalk
c003,000278.jpg,841,trafficsignal
c002,000279.jpg,236,trafficsignal
c001,000280.jpg,226,trafficsignal
c002,000281.jpg,194,trafficsignal
c001,000282.jpg,861,trafficsignal
c001,000283.jpg,161,trafficsignal
c001,000284.jpg,654,trafficsignal
c002,000285.jpg,1059,trafficsignal
c001,000286.jpg,511,trafficsignal
c003,000287.jpg,725,trafficsignal
c001,000288.jpg,118,trafficsignal
c002,000289.jpg,67,trafficsignal
c002,000290.jpg,315,trafficsignal
c001,000291.jpg,433,RubbishBins
c002,000292.jpg,756,Crosswalk
c002,000293.jpg,425,trafficsignal
c001,000294.jpg,318,Container
c003,000295.jpg,160,Container
c002,000296.jpg,931,trafficsignal
c001,000297.jpg,208,trafficsignal
c001,000298.jpg,384,trafficsignal
c003,000299.jpg,696,trafficsignal
c002,000300.jpg,980,trafficsignal
c001,000301.jpg,86,trafficsignal
c002,000302.jpg,1090,Container
c001,000303.jpg,204,Crosswalk
c003,000304.jpg,849,Crosswalk
c001,000305.jpg,730,Container
c001,000306.jpg,1049,trafficsignal
c002,000307.jpg,542,Container
c002,000308.jpg,290,trafficsignal
c002,000309.jpg,877,Crosswalk
c003,000310.jpg,181,Crosswalk
c001,000311.jpg,650,trafficsignal
c002,000312.jpg,572,trafficsignal
c001,000313.jpg,847,trafficsignal
c002,000314.jpg,302,RubbishBins
c001,000315.jpg,549,trafficsignal
c001,000316.jpg,849,Crosswalk
c001,000317.jpg,678,trafficsignal
c002,000318.jpg,386,trafficsignal
c002,000319.jpg,636,trafficsignal
c001,000320.jpg,1081,trafficsignal
c003,000321.jpg,712,trafficsignal
c001,000322.jpg,754,trafficsignal
c002,000323.jpg,125,trafficsignal
c002,000324.jpg,986,Crosswalk
c001,000325.jpg,60,trafficsignal
c002,000326.jpg,1048,trafficsignal
c002,000327.jpg,963,RubbishBins
c002,000328.jpg,62,trafficsignal
c003,000329.jpg,827,trafficsignal
c002,000330.jpg,675,trafficsignal
c003,000331.jpg,82,trafficsignal
c003,000332.jpg,85,Crosswalk
c002,000333.jpg,691,trafficsignal
c001,000334.jpg,1055,trafficsignal
c003,000335.jpg,171,trafficsignal
c001,000336.jpg,653,trafficsignal
c001,000337.jpg,928,trafficsignal
c003,000338.jpg,600,trafficsignal
c001,000339.jpg,729,trafficsignal
c003,000340.jpg,587,Container
c002,000341.jpg,132,trafficsignal
c001,000342.jpg,756,Crosswalk
c002,000343.jpg,580,Crosswalk
c001,000344.jpg,1051,Crosswalk
c003,000345.jpg,936,trafficsignal
c001,000346.jpg,11,trafficsignal
c003,000347.jpg,1078,trafficsignal
c001,000348.jpg,659,trafficsignal
c001,000349.jpg,576,RubbishBins
c003,000350.jpg,270,trafficsignal
c003,000351.jpg,977,trafficsignal
c003,000352.jpg,78,trafficsignal
c003,000353.jpg,51,trafficsignal
c003,000354.jpg,1090,Container
c001,000355.jpg,547,trafficsignal
c002,000356.jpg,747,trafficsignal
c003,000357.jpg,235,trafficsignal
c001,000358.jpg,23,trafficsignal
c003,000359.jpg,427,trafficsignal
c003,000360.jpg,564,Container
c002,000361.jpg,146,Crosswalk
c001,000362.jpg,948,trafficsignal
c001,000363.jpg,375,Crosswalk
c002,000364.jpg,970,Crosswalk
c003,000365.jpg,851,trafficsignal
c002,000366.jpg,834,trafficsignal
c003,000367.jpg,586,Container
c001,000368.jpg,301,trafficsignal
c003,000369.jpg,943,Crosswalk
c003,000370.jpg,566,Crosswalk
c002,000371.jpg,253,trafficsignal
c002,000372.jpg,386,trafficsignal
c002,000373.jpg,428,trafficsignal
c002,000374.jpg,177,trafficsignal
c003,000375.jpg,1054,trafficsignal
c001,000376.jpg,934,trafficsignal
c001,000377.jpg,504,trafficsignal
c002,000378.jpg,135,trafficsignal
c001,000379.jpg,851,trafficsignal
c001,000380.jpg,312,trafficsignal
c002,000381.jpg,928,trafficsignal
c002,000382.jpg,600,trafficsignal
c001,000383.jpg,430,RubbishBins
c003,000384.jpg,844,Container
c001,000385.jpg,1073,trafficsignal
c003,000386.jpg,118,trafficsignal
c002,000387.jpg,1030,Crosswalk
c002,000388.jpg,434,trafficsignal
c002,000389.jpg,116,trafficsignal
c001,000390.jpg,797,trafficsignal
c001,000391.jpg,292,trafficsignal
c002,000392.jpg,553,trafficsignal
c002,000393.jpg,776,Container
c003,000394.jpg,664,Crosswalk
c003,000395.jpg,272,trafficsignal
c002,000396.jpg,749,RubbishBins
c001,000397.jpg,680,RubbishBins
c002,000398.jpg,322,trafficsignal
c001,000399.jpg,680,RubbishBins
c002,000400.jpg,672,trafficsignal
c002,000401.jpg,284,Crosswalk
c003,000402.jpg,892,trafficsignal
c001,000403.jpg,16,trafficsignal
c003,000404.jpg,457,trafficsignal
c002,000405.jpg,702,trafficsignal
c003,000406.jpg,1014,RubbishBins
c003,000407.jpg,1052,trafficsignal
c001,000408.jpg,996,trafficsignal
c001,000409.jpg,662,trafficsignal
c001,000410.jpg,14,trafficsignal
c002,000411.jpg,382,trafficsignal
c003,000412.jpg,949,trafficsignal
c001,000413.jpg,1068,trafficsignal
c003,000414.jpg,1087,trafficsignal
c002,000415.jpg,946,Container
c003,000416.jpg,291,trafficsignal
c002,000417.jpg,650,trafficsignal
c001,000418.jpg,676,trafficsignal
c002,000419.jpg,962,trafficsignal
c003,000420.jpg,102,trafficsignal
c001,000421.jpg,261,Crosswalk
c003,000422.jpg,610,Container
c002,000423.jpg,573,trafficsignal
c003,000424.jpg,86,trafficsignal
c001,000425.jpg,631,trafficsignal
c002,000426.jpg,91,trafficsignal
c002,000427.jpg,1006,trafficsignal
c003,000428.jpg,551,trafficsignal
c001,000429.jpg,501,trafficsignal
c003,000430.jpg,326,Container
c002,000431.jpg,667,trafficsignal
c003,000432.jpg,871,Container
c001,000433.jpg,1034,trafficsignal
c001,000434.jpg,230,trafficsignal
c002,000435.jpg,549,trafficsignal
c001,000436.jpg,718,trafficsignal
c003,000437.jpg,1047,trafficsignal
c002,000438.jpg,925,trafficsignal
c003,000439.jpg,957,Container
c003,000440.jpg,1044,Crosswalk
c003,000441.jpg,573,trafficsignal
c003,000442.jpg,947,Crosswalk
c001,000443.jpg,949,trafficsignal
c003,000444.jpg,353,trafficsignal
c001,000445.jpg,859,trafficsignal
c003,000446.jpg,535,trafficsignal
c001,000447.jpg,312,trafficsignal
c003,000448.jpg,234,trafficsignal
c001,000449.jpg,80,RubbishBins
c003,000450.jpg,651,Container
c001,000451.jpg,745,trafficsignal
c002,000452.jpg,301,trafficsignal
c002,000453.jpg,723,trafficsignal
c003,000454.jpg,599,trafficsignal
c002,000455.jpg,529,trafficsignal
c001,000456.jpg,839,trafficsignal
c003,000457.jpg,859,trafficsignal
c003,000458.jpg,844,Container
c002,000459.jpg,890,trafficsignal
c002,000460.jpg,673,trafficsignal
c002,000461.jpg,158,trafficsignal
c001,000462.jpg,257,trafficsignal
c002,000463.jpg,702,trafficsignal
c003,000464.jpg,692,trafficsignal
c003,000465.jpg,729,trafficsignal
c001,000466.jpg,967,Container
c002,000467.jpg,604,RubbishBins
c003,000468.jpg,704,RubbishBins
c001,000469.jpg,844,Container
c002,000470.jpg,255,trafficsignal
c002,000471.jpg,1078,trafficsignal
c003,000472.jpg,373,trafficsignal
c003,000473.jpg,920,trafficsignal
c001,000474.jpg,699,Container
c003,000475.jpg,847,trafficsignal
c002,000476.jpg,970,Crosswalk
c002,000477.jpg,541,Container
c001,000478.jpg,234,trafficsignal
c003,000479.jpg,925,trafficsignal
c002,000480.jpg,1066,Crosswalk
c002,000481.jpg,492,trafficsignal
c002,000482.jpg,536,trafficsignal
c003,000483.jpg,508,Crosswalk
c003,000484.jpg,701,trafficsignal
c001,000485.jpg,285,trafficsignal
c002,000486.jpg,302,RubbishBins
c001,000487.jpg,124,trafficsignal
c002,000488.jpg,793,trafficsignal
c003,000489.jpg,664,Crosswalk
c002,000490.jpg,575,RubbishBins
c003,000491.jpg,613,Crosswalk
c001,000492.jpg,526,trafficsignal
c001,000493.jpg,533,Container
c003,000494.jpg,689,trafficsignal
c001,000495.jpg,541,RubbishBins
c002,000496.jpg,464,trafficsignal
c002,000497.jpg,591,trafficsignal
c002,000498.jpg,39,trafficsignal
c003,000499.jpg,742,trafficsignal
c001,000500.jpg,627,RubbishBins
c001,000501.jpg,436,trafficsignal
c002,000502.jpg,900,trafficsignal
c003,000503.jpg,860,trafficsignal
c003,000504.jpg,238,trafficsignal
c003,000505.jpg,812,trafficsignal
c002,000506.jpg,129,trafficsignal
c002,000507.jpg,977,trafficsignal
c002,000508.jpg,551,trafficsignal
c002,000509.jpg,1054,trafficsignal
c003,000510.jpg,172,Crosswalk
c003,000511.jpg,934,trafficsignal
c001,000512.jpg,645,trafficsignal
c003,000513.jpg,470,trafficsignal
c001,000514.jpg,975,trafficsignal
c002,000515.jpg,195,trafficsignal
c002,000516.jpg,745,trafficsignal
c002,000517.jpg,440,trafficsignal
c002,000518.jpg,457,trafficsignal
c003,000519.jpg,918,trafficsignal
c001,000520.jpg,111,Crosswalk
c003,000521.jpg,1087,trafficsignal
c003,000522.jpg,311,trafficsignal
c002,000523.jpg,38,trafficsignal
c002,000524.jpg,576,RubbishBins
c002,000525.jpg,422,trafficsignal
c001,000526.jpg,902,trafficsignal
c001,000527.jpg,428,trafficsignal
c003,000528.jpg,651,Container
c002,000529.jpg,25,Crosswalk
c003,000530.jpg,272,trafficsignal
c002,000531.jpg,829,trafficsignal
c001,000532.jpg,573,trafficsignal
c003,000533.jpg,56,trafficsignal
c003,000534.jpg,1048,trafficsignal
c003,000535.jpg,1065,trafficsignal
c003,000536.jpg,518,trafficsignal
c001,000537.jpg,649,trafficsignal
c001,000538.jpg,853,trafficsignal
c001,000539.jpg,934,trafficsignal
c001,000540.jpg,828,RubbishBins
c003,000541.jpg,439,trafficsignal
c001,000542.jpg,270,trafficsignal
c003,000543.jpg,775,trafficsignal
c001,000544.jpg,382,trafficsignal
c003,000545.jpg,797,trafficsignal
c003,000546.jpg,38,trafficsignal
c003,000547.jpg,1083,RubbishBins
c003,000548.jpg,611,trafficsignal
c003,000549.jpg,667,trafficsignal
c001,000550.jpg,1027,Crosswalk
c001,000551.jpg,199,Container
c002,000552.jpg,470,trafficsignal
c002,000553.jpg,119,Crosswalk
c001,000554.jpg,296,trafficsignal
c002,000555.jpg,938,trafficsignal
c003,000556.jpg,1081,trafficsignal
c002,000557.jpg,709,trafficsignal
c002,000558.jpg,896,Container
c001,000559.jpg,73,trafficsignal
c001,000560.jpg,13,RubbishBins
c003,000561.jpg,318,Container
c001,000562.jpg,505,RubbishBins
c003,000563.jpg,948,trafficsignal
c001,000564.jpg,1041,Crosswalk
c003,000565.jpg,216,trafficsignal
c001,000566.jpg,77,Container
c003,000567.jpg,454,trafficsignal
c003,000568.jpg,77,Container
c003,000569.jpg,591,trafficsignal
c002,000570.jpg,542,Container
c003,000571.jpg,577,Crosswalk
c001,000572.jpg,932,trafficsignal
c002,000573.jpg,746,Crosswalk
c003,000574.jpg,428,trafficsignal
c003,000575.jpg,1021,trafficsignal
c001,000576.jpg,277,Crosswalk
c002,000577.jpg,501,trafficsignal
c001,000578.jpg,572,trafficsignal
c003,000579.jpg,398,trafficsignal
c002,000580.jpg,618,trafficsignal
c003,000581.jpg,757,RubbishBins
c001,000582.jpg,446,trafficsignal
c001,000583.jpg,941,trafficsignal
c001,000584.jpg,903,trafficsignal
c002,000585.jpg,710,trafficsignal
c001,000586.jpg,235,trafficsignal
c002,000587.jpg,234,trafficsignal
c001,000588.jpg,626,trafficsignal
c003,000589.jpg,1084,trafficsignal
c002,000590.jpg,957,Container
c002,000591.jpg,819,RubbishBins
c003,000592.jpg,881,trafficsignal
c003,000593.jpg,279,trafficsignal
c002,000594.jpg,349,Container
c001,000595.jpg,561,trafficsignal
c001,000596.jpg,507,trafficsignal
c001,000597.jpg,744,RubbishBins
c001,000598.jpg,487,trafficsignal
c002,000599.jpg,1031,Crosswalk
c003,000600.jpg,318,Container
c002,000601.jpg,127,Crosswalk
c002,000602.jpg,851,trafficsignal
c002,000603.jpg,439,trafficsignal
c001,000604.jpg,284,Crosswalk
c003,000605.jpg,482,Container
c003,000606.jpg,136,trafficsignal
c002,000607.jpg,648,trafficsignal
c002,000608.jpg,1022,trafficsignal
c001,000609.jpg,831,trafficsignal
c001,000610.jpg,860,trafficsignal
c003,000611.jpg,501,trafficsignal
c002,000612.jpg,702,trafficsignal
c003,000613.jpg,751,trafficsignal
c002,000614.jpg,761,trafficsignal
c002,000615.jpg,250,RubbishBins
c002,000616.jpg,684,trafficsignal
c003,000617.jpg,991,Crosswalk
c001,000618.jpg,975,trafficsignal
c002,000619.jpg,538,trafficsignal
c001,000620.jpg,121,trafficsignal
c001,000621.jpg,552,trafficsignal
c003,000622.jpg,1066,Crosswalk
c002,000623.jpg,876,Container
c003,000624.jpg,1042,RubbishBins
c002,000625.jpg,911,Container
c003,000626.jpg,429,trafficsignal
c002,000627.jpg,960,trafficsignal
c003,000628.jpg,812,trafficsignal
c002,000629.jpg,498,trafficsignal
c002,000630.jpg,472,trafficsignal
c001,000631.jpg,1005,Crosswalk
c002,000632.jpg,442,Container
c003,000633.jpg,455,trafficsignal
c002,000634.jpg,947,Crosswalk
c002,000635.jpg,535,trafficsignal
c002,000636.jpg,189,trafficsignal
c002,000637.jpg,719,trafficsignal
c002,000638.jpg,662,trafficsignal
c002,000639.jpg,554,trafficsignal
c003,000640.jpg,420,trafficsignal
c003,000641.jpg,651,Container
c002,000642.jpg,223,trafficsignal
c003,000643.jpg,1086,trafficsignal
c002,000644.jpg,587,Container
c002,000645.jpg,233,trafficsignal
c003,000646.jpg,817,trafficsignal
c003,000647.jpg,431,Container
c001,000648.jpg,319,trafficsignal
c001,000649.jpg,715,trafficsignal
c002,000650.jpg,561,trafficsignal
c003,000651.jpg,842,trafficsignal
c002,000652.jpg,589,trafficsignal
c002,000653.jpg,169,Container
c003,000654.jpg,849,Crosswalk
c002,000655.jpg,743,trafficsignal
c002,000656.jpg,260,Crosswalk
c002,000657.jpg,773,trafficsignal
c003,000658.jpg,383,trafficsignal
c003,000659.jpg,1029,RubbishBins
c003,000660.jpg,500,Container
c003,000661.jpg,1090,Container
c001,000662.jpg,1076,trafficsignal
c003,000663.jpg,398,trafficsignal
c001,000664.jpg,847,trafficsignal
c001,000665.jpg,529,trafficsignal
c003,000666.jpg,1090,Container
c002,000667.jpg,706,trafficsignal
c001,000668.jpg,1029,RubbishBins
c003,000669.jpg,1028,trafficsignal
c003,000670.jpg,942,trafficsignal
c001,000671.jpg,1026,Crosswalk
c002,000672.jpg,114,trafficsignal
c002,000673.jpg,876,Container
c001,000674.jpg,266,trafficsignal
c002,000675.jpg,1041,Crosswalk
c003,000676.jpg,488,trafficsignal
c002,000677.jpg,761,trafficsignal
c003,000678.jpg,209,trafficsignal
c002,000679.jpg,400,trafficsignal
c003,000680.jpg,328,trafficsignal
c003,000681.jpg,1065,trafficsignal
c003,000682.jpg,37,trafficsignal
c002,000683.jpg,354,RubbishBins
c001,000684.jpg,565,trafficsignal
c002,000685.jpg,276,trafficsignal
c001,000686.jpg,551,trafficsignal
c002,000687.jpg,525,trafficsignal
c001,000688.jpg,346,trafficsignal
c001,000689.jpg,185,trafficsignal
c003,000690.jpg,573,trafficsignal
c001,000691.jpg,386,trafficsignal
c001,000692.jpg,678,trafficsignal
c001,000693.jpg,111,Crosswalk
c003,000694.jpg,436,trafficsignal
c002,000695.jpg,660,trafficsignal
c001,000696.jpg,808,Crosswalk
c001,000697.jpg,463,trafficsignal
c002,000698.jpg,434,trafficsignal
c003,000699.jpg,584,trafficsignal
c002,000700.jpg,838,trafficsignal
c001,000701.jpg,871,Container
c002,000702.jpg,171,trafficsignal
c001,000703.jpg,717,RubbishBins
c003,000704.jpg,286,trafficsignal
c001,000705.jpg,938,trafficsignal
c003,000706.jpg,891,trafficsignal
c001,000707.jpg,1044,Crosswalk
c002,000708.jpg,365,RubbishBins
c003,000709.jpg,891,trafficsignal
c003,000710.jpg,131,RubbishBins
c003,000711.jpg,778,trafficsignal
c003,000712.jpg,1090,Container
c001,000713.jpg,929,Crosswalk
c002,000714.jpg,911,Container
c002,000715.jpg,500,Container
c001,000716.jpg,497,trafficsignal
c001,000717.jpg,891,trafficsignal
c003,000718.jpg,825,trafficsignal
c001,000719.jpg,701,trafficsignal
c002,000720.jpg,289,trafficsignal
c003,000721.jpg,746,Crosswalk
c003,000722.jpg,587,Container
c003,000723.jpg,773,trafficsignal
c003,000724.jpg,1005,Crosswalk
c003,000725.jpg,335,trafficsignal
c001,000726.jpg,656,trafficsignal
c001,000727.jpg,60,trafficsignal
c002,000728.jpg,942,trafficsignal
c001,000729.jpg,987,trafficsignal
c003,000730.jpg,726,trafficsignal
c003,000731.jpg,672,trafficsignal
c002,000732.jpg,790,trafficsignal
c003,000733.jpg,884,Crosswalk
c003,000734.jpg,385,trafficsignal
c001,000735.jpg,521,Container
c002,000736.jpg,841,trafficsignal
c001,000737.jpg,156,trafficsignal
c001,000738.jpg,32,trafficsignal
c002,000739.jpg,271,trafficsignal
c002,000740.jpg,146,Crosswalk
c003,000741.jpg,718,trafficsignal
c001,000742.jpg,774,trafficsignal
c002,000743.jpg,1068,trafficsignal
c003,000744.jpg,661,trafficsignal
c001,000745.jpg,618,trafficsignal
c003,000746.jpg,1030,Crosswalk
c001,000747.jpg,565,trafficsignal
c002,000748.jpg,849,Crosswalk
c003,000749.jpg,662,trafficsignal
c002,000750.jpg,542,Container
c003,000751.jpg,327,trafficsignal
c002,000752.jpg,822,trafficsignal
c003,000753.jpg,268,trafficsignal
c001,000754.jpg,421,trafficsignal
c001,000755.jpg,525,trafficsignal
c002,000756.jpg,77,Container
c002,000757.jpg,254,trafficsignal
c002,000758.jpg,297,trafficsignal
c001,000759.jpg,479,trafficsignal
c002,000760.jpg,230,trafficsignal
c003,000761.jpg,635,Crosswalk
c003,000762.jpg,134,trafficsignal
c003,000763.jpg,56,trafficsignal
c002,000764.jpg,464,trafficsignal
c003,000765.jpg,108,trafficsignal
c001,000766.jpg,1015,trafficsignal
c003,000767.jpg,869,Crosswalk
c003,000768.jpg,691,trafficsignal
c003,000769.jpg,524,Crosswalk
c002,000770.jpg,1073,trafficsignal
c002,000771.jpg,638,Container
c002,000772.jpg,568,trafficsignal
c001,000773.jpg,1062,trafficsignal
c001,000774.jpg,292,trafficsignal
c002,000775.jpg,395,Crosswalk
c001,000776.jpg,1050,trafficsignal
c002,000777.jpg,1032,Crosswalk
c002,000778.jpg,459,trafficsignal
c002,000779.jpg,76,trafficsignal
c001,000780.jpg,134,trafficsignal
c001,000781.jpg,880,Crosswalk
c003,000782.jpg,891,trafficsignal
c003,000783.jpg,487,trafficsignal
c003,000784.jpg,356,trafficsignal
c001,000785.jpg,1082,trafficsignal
c003,000786.jpg,731,Container
c003,000787.jpg,5,RubbishBins
c001,000788.jpg,624,trafficsignal
c001,000789.jpg,1070,Crosswalk
c003,000790.jpg,367,trafficsignal
c002,000791.jpg,870,trafficsignal
c002,000792.jpg,787,trafficsignal
c002,000793.jpg,34,trafficsignal
c001,000794.jpg,570,trafficsignal
c003,000795.jpg,588,trafficsignal
c002,000796.jpg,52,trafficsignal
c002,000797.jpg,623,Crosswalk
c002,000798.jpg,41,trafficsignal
c001,000799.jpg,13,RubbishBins
c003,000800.jpg,42,trafficsignal
c003,000801.jpg,774,trafficsignal
c001,000802.jpg,188,trafficsignal
c002,000803.jpg,570,trafficsignal
c003,000804.jpg,60,trafficsignal
c002,000805.jpg,171,trafficsignal
c001,000806.jpg,887,RubbishBins
c003,000807.jpg,814,trafficsignal
c003,000808.jpg,735,trafficsignal
c003,000809.jpg,465,trafficsignal
c002,000810.jpg,629,trafficsignal
c003,000811.jpg,1077,trafficsignal
c003,000812.jpg,315,trafficsignal
c001,000813.jpg,279,trafficsignal
c001,000814.jpg,203,trafficsignal
c001,000815.jpg,55,trafficsignal
c001,000816.jpg,12,trafficsignal
c001,000817.jpg,1002,trafficsignal
c001,000818.jpg,923,Crosswalk
c001,000819.jpg,738,Crosswalk
c003,000820.jpg,284,Crosswalk
c003,000821.jpg,522,Crosswalk
c003,000822.jpg,650,trafficsignal
c003,000823.jpg,932,trafficsignal
c003,000824.jpg,654,trafficsignal
c003,000825.jpg,491,RubbishBins
c003,000826.jpg,50,trafficsignal
c002,000827.jpg,841,trafficsignal
c001,000828.jpg,706,trafficsignal
c003,000829.jpg,1031,Crosswalk
c002,000830.jpg,544,Crosswalk
c002,000831.jpg,46,trafficsignal
c002,000832.jpg,266,trafficsignal
c003,000833.jpg,803,trafficsignal
c002,000834.jpg,363,trafficsignal
c002,000835.jpg,797,trafficsignal
c003,000836.jpg,455,trafficsignal
c002,000837.jpg,554,trafficsignal
c001,000838.jpg,291,trafficsignal
c003,000839.jpg,813,Crosswalk
c002,000840.jpg,920,trafficsignal
c002,000841.jpg,661,trafficsignal
c001,000842.jpg,38,trafficsignal
c001,000843.jpg,696,trafficsignal
c003,000844.jpg,135,trafficsignal
c001,000845.jpg,1003,trafficsignal
c001,000846.jpg,842,trafficsignal
c003,000847.jpg,208,trafficsignal
c003,000848.jpg,296,trafficsignal
c002,000849.jpg,558,trafficsignal
c002,000850.jpg,375,Crosswalk
c003,000851.jpg,540,trafficsignal
c001,000852.jpg,785,trafficsignal
c002,000853.jpg,890,trafficsignal
c003,000854.jpg,725,trafficsignal
c001,000855.jpg,881,trafficsignal
c001,000856.jpg,277,Crosswalk
c003,000857.jpg,869,Crosswalk
c003,000858.jpg,35,trafficsignal
c003,000859.jpg,264,trafficsignal
c001,000860.jpg,81,trafficsignal
c001,000861.jpg,1005,Crosswalk
c001,000862.jpg,866,trafficsignal
c002,000863.jpg,1057,trafficsignal
c003,000864.jpg,216,trafficsignal
c001,000865.jpg,886,trafficsignal
c003,000866.jpg,605,trafficsignal
c003,000867.jpg,86,trafficsignal
c002,000868.jpg,1040,trafficsignal
c002,000869.jpg,1090,Container
c002,000870.jpg,855,Container
c002,000871.jpg,960,trafficsignal
c003,000872.jpg,472,trafficsignal
c002,000873.jpg,1006,trafficsignal
c003,000874.jpg,392,trafficsignal
c002,000875.jpg,508,Crosswalk
c003,000876.jpg,397,Crosswalk
c003,000877.jpg,601,trafficsignal
c001,000878.jpg,1066,Crosswalk
c001,000879.jpg,291,trafficsignal
c001,000880.jpg,1044,Crosswalk
c002,000881.jpg,1051,Crosswalk
c002,000882.jpg,431,Container
c003,000883.jpg,147,Container
c002,000884.jpg,301,trafficsignal
c002,000885.jpg,874,trafficsignal
c002,000886.jpg,279,trafficsignal
c001,000887.jpg,549,trafficsignal
c002,000888.jpg,1040,trafficsignal
c001,000889.jpg,365,RubbishBins
c002,000890.jpg,197,trafficsignal
c002,000891.jpg,174,trafficsignal
c002,000892.jpg,336,trafficsignal
c002,000893.jpg,455,trafficsignal
c003,000894.jpg,38,trafficsignal
c002,000895.jpg,855,Container
c001,000896.jpg,134,trafficsignal
c002,000897.jpg,643,trafficsignal
c001,000898.jpg,194,trafficsignal
c002,000899.jpg,385,trafficsignal
c002,000900.jpg,1047,trafficsignal
c003,000901.jpg,5,RubbishBins
c002,000902.jpg,62,trafficsignal
c002,000903.jpg,456,trafficsignal
c003,000904.jpg,126,trafficsignal
c002,000905.jpg,567,trafficsignal
c001,000906.jpg,554,trafficsignal
c001,000907.jpg,1068,trafficsignal
c001,000908.jpg,185,trafficsignal
c002,000909.jpg,67,trafficsignal
c002,000910.jpg,86,trafficsignal
c001,000911.jpg,807,trafficsignal
c003,000912.jpg,369,Crosswalk
c001,000913.jpg,458,trafficsignal
c002,000914.jpg,183,trafficsignal
c001,000915.jpg,784,trafficsignal
c003,000916.jpg,624,trafficsignal
c001,000917.jpg,1090,Container
c001,000918.jpg,947,Crosswalk
c002,000919.jpg,352,trafficsignal
c001,000920.jpg,852,Container
c001,000921.jpg,674,trafficsignal
c001,000922.jpg,581,trafficsignal
c002,000923.jpg,1044,Crosswalk
c002,000924.jpg,974,trafficsignal
c002,000925.jpg,775,trafficsignal
c001,000926.jpg,129,trafficsignal
c002,000927.jpg,823,trafficsignal
c003,000928.jpg,1041,Crosswalk
c001,000929.jpg,6,trafficsignal
c002,000930.jpg,743,trafficsignal
c003,000931.jpg,816,RubbishBins
c001,000932.jpg,1073,trafficsignal
c003,000933.jpg,65,trafficsignal
c002,000934.jpg,690,trafficsignal
c001,000935.jpg,499,trafficsignal
c001,000936.jpg,999,trafficsignal
c003,000937.jpg,1025,trafficsignal
c003,000938.jpg,746,Crosswalk
c001,000939.jpg,85,Crosswalk
c003,000940.jpg,926,Crosswalk
c002,000941.jpg,245,trafficsignal
c001,000942.jpg,299,trafficsignal
c002,000943.jpg,144,Crosswalk
c002,000944.jpg,134,trafficsignal
c001,000945.jpg,660,trafficsignal
c002,000946.jpg,1066,Crosswalk
c002,000947.jpg,407,trafficsignal
c002,000948.jpg,816,RubbishBins
c001,000949.jpg,97,trafficsignal
c002,000950.jpg,864,Crosswalk
c001,000951.jpg,665,Crosswalk
c002,000952.jpg,431,Container
c002,000953.jpg,761,trafficsignal
c002,000954.jpg,724,trafficsignal
c003,000955.jpg,183,trafficsignal
c001,000956.jpg,420,trafficsignal
c001,000957.jpg,1038,trafficsignal
c001,000958.jpg,829,trafficsignal
c001,000959.jpg,335,trafficsignal
c002,000960.jpg,965,trafficsignal
c003,000961.jpg,817,trafficsignal
c002,000962.jpg,479,trafficsignal
c001,000963.jpg,81,trafficsignal
c003,000964.jpg,910,RubbishBins
c002,000965.jpg,819,RubbishBins
c002,000966.jpg,615,trafficsignal
c002,000967.jpg,725,trafficsignal
c002,000968.jpg,818,trafficsignal
c002,000969.jpg,1086,trafficsignal
c003,000970.jpg,963,RubbishBins
c003,000971.jpg,164,Container
c001,000972.jpg,860,trafficsignal
c002,000973.jpg,522,Crosswalk
c002,000974.jpg,549,trafficsignal
c001,000975.jpg,477,trafficsignal
c003,000976.jpg,393,trafficsignal
c001,000977.jpg,75,trafficsignal
c001,000978.jpg,285,trafficsignal
c002,000979.jpg,934,trafficsignal
c003,000980.jpg,304,trafficsignal
c001,000981.jpg,202,trafficsignal
c003,000982.jpg,206,trafficsignal
c002,000983.jpg,252,Crosswalk
c003,000984.jpg,912,trafficsignal
c003,000985.jpg,109,trafficsignal
c002,000986.jpg,812,trafficsignal
c003,000987.jpg,928,trafficsignal
c001,000988.jpg,126,trafficsignal
c001,000989.jpg,91,trafficsignal
c002,000990.jpg,282,trafficsignal
c002,000991.jpg,421,trafficsignal
c001,000992.jpg,930,Crosswalk
c003,000993.jpg,165,trafficsignal
c002,000994.jpg,60,trafficsignal
c003,000995.jpg,282,trafficsignal
c002,000996.jpg,939,Container
c002,000997.jpg,704,RubbishBins
c003,000998.jpg,212,trafficsignal
c003,000999.jpg,1054,trafficsignal
c001,001000.jpg,870,trafficsignal
c002,001001.jpg,94,trafficsignal
c002,001002.jpg,109,trafficsignal
c002,001003.jpg,743,trafficsignal
c003,001004.jpg,579,trafficsignal
c003,001005.jpg,83,trafficsignal
c003,001006.jpg,411,trafficsignal
c003,001007.jpg,634,trafficsignal
c003,001008.jpg,568,trafficsignal
c002,001009.jpg,456,trafficsignal
c003,001010.jpg,1033,trafficsignal
c001,001011.jpg,500,Container
c003,001012.jpg,988,Container
c002,001013.jpg,86,trafficsignal
c003,001014.jpg,554,trafficsignal
c003,001015.jpg,650,trafficsignal
c002,001016.jpg,19,RubbishBins
c002,001017.jpg,884,Crosswalk
c003,001018.jpg,697,trafficsignal
c002,001019.jpg,522,Crosswalk
c001,001020.jpg,238,trafficsignal
c003,001021.jpg,411,trafficsignal
c003,001022.jpg,89,trafficsignal
c003,001023.jpg,465,trafficsignal
c001,001024.jpg,848,trafficsignal
c003,001025.jpg,13,RubbishBins
c002,001026.jpg,661,trafficsignal
c003,001027.jpg,98,trafficsignal
c003,001028.jpg,91,trafficsignal
c003,001029.jpg,834,trafficsignal
c002,001030.jpg,194,trafficsignal
c003,001031.jpg,357,trafficsignal
c001,001032.jpg,443,trafficsignal
c003,001033.jpg,380,trafficsignal
c001,001034.jpg,933,Crosswalk
c003,001035.jpg,838,trafficsignal
c002,001036.jpg,966,trafficsignal
c002,001037.jpg,887,RubbishBins
c002,001038.jpg,184,trafficsignal
c001,001039.jpg,793,trafficsignal
c001,001040.jpg,613,Crosswalk
c001,001041.jpg,493,Crosswalk
c001,001042.jpg,748,trafficsignal
c003,001043.jpg,937,Container
c003,001044.jpg,971,Crosswalk
c003,001045.jpg,252,Crosswalk
c003,001046.jpg,670,trafficsignal
c003,001047.jpg,976,trafficsignal
c001,001048.jpg,358,trafficsignal
c001,001049.jpg,311,trafficsignal
c001,001050.jpg,738,Crosswalk
c003,001051.jpg,699,Container
c002,001052.jpg,850,trafficsignal
c003,001053.jpg,328,trafficsignal
c002,001054.jpg,55,trafficsignal
c002,001055.jpg,478,trafficsignal
c002,001056.jpg,431,Container
c001,001057.jpg,130,Crosswalk
c002,001058.jpg,911,Container
c002,001059.jpg,837,RubbishBins
c001,001060.jpg,213,trafficsignal
c001,001061.jpg,10,trafficsignal
c003,001062.jpg,444,trafficsignal
c001,001063.jpg,31,Crosswalk
c003,001064.jpg,657,trafficsignal
c002,001065.jpg,204,Crosswalk
c002,001066.jpg,924,trafficsignal
c002,001067.jpg,807,trafficsignal
c001,001068.jpg,199,Container
c003,001069.jpg,146,Crosswalk
c001,001070.jpg,969,Crosswalk
c003,001071.jpg,824,trafficsignal
c002,001072.jpg,389,RubbishBins
c002,001073.jpg,1086,trafficsignal
c003,001074.jpg,960,trafficsignal
c001,001075.jpg,968,trafficsignal
c003,001076.jpg,326,Container
c002,001077.jpg,718,trafficsignal
c002,001078.jpg,623,Crosswalk
c001,001079.jpg,269,trafficsignal
c003,001080.jpg,134,trafficsignal
c002,001081.jpg,207,trafficsignal
c002,001082.jpg,77,Container
c002,001083.jpg,861,trafficsignal
c003,001084.jpg,485,trafficsignal
c001,001085.jpg,792,RubbishBins
c001,001086.jpg,321,trafficsignal
c003,001087.jpg,120,trafficsignal
c003,001088.jpg,1066,Crosswalk
c003,001089.jpg,954,trafficsignal
c002,001090.jpg,839,trafficsignal
c001,001091.jpg,436,trafficsignal
c001,001092.jpg,681,trafficsignal
c001,001093.jpg,703,RubbishBins
c003,001094.jpg,513,trafficsignal
c002,001095.jpg,672,trafficsignal
c003,001096.jpg,932,trafficsignal
c003,001097.jpg,1084,trafficsignal
c001,001098.jpg,14,trafficsignal
c002,001099.jpg,588,trafficsignal
c002,001100.jpg,430,RubbishBins
c003,001101.jpg,325,Container
c001,001102.jpg,819,RubbishBins
c002,001103.jpg,1090,Container
c003,001104.jpg,991,Crosswalk
c003,001105.jpg,355,trafficsignal
c002,001106.jpg,161,trafficsignal
c003,001107.jpg,436,trafficsignal
c001,001108.jpg,843,trafficsignal
c001,001109.jpg,1029,RubbishBins
c001,001110.jpg,285,trafficsignal
c003,001111.jpg,672,trafficsignal
c002,001112.jpg,39,trafficsignal
c001,001113.jpg,143,trafficsignal
c002,001114.jpg,282,trafficsignal
c001,001115.jpg,43,trafficsignal
c003,001116.jpg,920,trafficsignal
c001,001117.jpg,342,trafficsignal
c003,001118.jpg,849,Crosswalk
c002,001119.jpg,380,trafficsignal
c003,001120.jpg,148,trafficsignal
c002,001121.jpg,306,RubbishBins
c003,001122.jpg,1086,trafficsignal
c003,001123.jpg,801,Crosswalk
c003,001124.jpg,557,Container
c001,001125.jpg,367,trafficsignal
c002,001126.jpg,144,Crosswalk
c003,001127.jpg,955,RubbishBins
c002,001128.jpg,353,trafficsignal
c001,001129.jpg,269,trafficsignal
c001,001130.jpg,522,Crosswalk
c002,001131.jpg,588,trafficsignal
c003,001132.jpg,576,RubbishBins
c001,001133.jpg,254,trafficsignal
c003,001134.jpg,178,trafficsignal
c002,001135.jpg,185,trafficsignal
c002,001136.jpg,142,Crosswalk
c001,001137.jpg,73,trafficsignal
c001,001138.jpg,969,Crosswalk
c003,001139.jpg,1064,RubbishBins
c001,001140.jpg,765,RubbishBins
c001,001141.jpg,988,Container
c001,001142.jpg,604,RubbishBins
c003,001143.jpg,557,Container
c001,001144.jpg,373,trafficsignal
c003,001145.jpg,204,Crosswalk
c003,001146.jpg,482,Container
c003,001147.jpg,147,Container
c001,001148.jpg,1063,trafficsignal
c002,001149.jpg,174,trafficsignal
c002,001150.jpg,337,trafficsignal
c002,001151.jpg,163,trafficsignal
c002,001152.jpg,228,trafficsignal
c003,001153.jpg,500,Container
c003,001154.jpg,758,trafficsignal
c001,001155.jpg,516,trafficsignal
c001,001156.jpg,657,trafficsignal
c003,001157.jpg,822,trafficsignal
c001,001158.jpg,517,RubbishBins
c002,001159.jpg,597,trafficsignal
c001,001160.jpg,937,Container
c001,001161.jpg,806,trafficsignal
c003,001162.jpg,255,trafficsignal
c003,001163.jpg,995,trafficsignal
c002,001164.jpg,147,Container
c003,001165.jpg,969,Crosswalk
c003,001166.jpg,914,trafficsignal
c001,001167.jpg,684,trafficsignal
c003,001168.jpg,303,trafficsignal
c003,001169.jpg,353,trafficsignal
c003,001170.jpg,869,Crosswalk
c001,001171.jpg,1070,Crosswalk
c002,001172.jpg,545,trafficsignal
c003,001173.jpg,563,trafficsignal
c003,001174.jpg,195,trafficsignal
c002,001175.jpg,911,Container
c003,001176.jpg,1008,trafficsignal
c001,001177.jpg,386,trafficsignal
c001,001178.jpg,925,trafficsignal
c001,001179.jpg,322,trafficsignal
c002,001180.jpg,55,trafficsignal
c002,001181.jpg,628,trafficsignal
c002,001182.jpg,1015,trafficsignal
c003,001183.jpg,806,trafficsignal
c003,001184.jpg,877,Crosswalk
c001,001185.jpg,144,Crosswalk
c001,001186.jpg,988,Container
c002,001187.jpg,770,trafficsignal
c003,001188.jpg,890,trafficsignal
c001,001189.jpg,198,Container
c001,001190.jpg,1019,trafficsignal
c003,001191.jpg,1040,trafficsignal
c003,001192.jpg,934,trafficsignal
c002,001193.jpg,387,RubbishBins
c001,001194.jpg,961,trafficsignal
c001,001195.jpg,945,trafficsignal
c002,001196.jpg,398,trafficsignal
c002,001197.jpg,849,Crosswalk
c002,001198.jpg,270,trafficsignal
c002,001199.jpg,964,trafficsignal
c001,001200.jpg,440,trafficsignal
c002,001201.jpg,62,trafficsignal
c003,001202.jpg,400,trafficsignal
c001,001203.jpg,391,Container
c001,001204.jpg,1052,trafficsignal
c003,001205.jpg,889,RubbishBins
c001,001206.jpg,436,trafficsignal
c002,001207.jpg,1040,trafficsignal
c002,001208.jpg,234,trafficsignal
c002,001209.jpg,603,Container
c001,001210.jpg,184,trafficsignal
c003,001211.jpg,911,Container
c003,001212.jpg,445,trafficsignal
c002,001213.jpg,562,trafficsignal
c003,001214.jpg,121,trafficsignal
c003,001215.jpg,76,trafficsignal
c002,001216.jpg,946,Container
c001,001217.jpg,112,trafficsignal
c002,001218.jpg,907,Crosswalk
c001,001219.jpg,663,trafficsignal
c003,001220.jpg,327,trafficsignal
c002,001221.jpg,325,Container
c001,001222.jpg,825,trafficsignal
c002,001223.jpg,349,Container
c002,001224.jpg,758,trafficsignal
c002,001225.jpg,458,trafficsignal
c003,001226.jpg,344,Container
c002,001227.jpg,226,trafficsignal
c001,001228.jpg,438,trafficsignal
c001,001229.jpg,342,trafficsignal
c001,001230.jpg,251,trafficsignal
c002,001231.jpg,862,Container
c003,001232.jpg,557,Container
c003,001233.jpg,314,Crosswalk
c001,001234.jpg,143,trafficsignal
c001,001235.jpg,128,trafficsignal
c002,001236.jpg,1064,RubbishBins
c003,001237.jpg,858,trafficsignal
c003,001238.jpg,1015,trafficsignal
c001,001239.jpg,252,Crosswalk
c002,001240.jpg,310,RubbishBins
c002,001241.jpg,885,Crosswalk
c001,001242.jpg,1061,trafficsignal
c001,001243.jpg,937,Container
c002,001244.jpg,766,trafficsignal
c001,001245.jpg,355,trafficsignal
c001,001246.jpg,70,trafficsignal
c002,001247.jpg,1032,Crosswalk
c001,001248.jpg,828,RubbishBins
c002,001249.jpg,724,trafficsignal
c001,001250.jpg,443,trafficsignal
c001,001251.jpg,937,Container
c002,001252.jpg,488,trafficsignal
c001,001253.jpg,829,trafficsignal
c001,001254.jpg,615,trafficsignal
c001,001255.jpg,301,trafficsignal
c003,001256.jpg,339,trafficsignal
c001,001257.jpg,990,trafficsignal
c003,001258.jpg,73,trafficsignal
c002,001259.jpg,1044,Crosswalk
c001,001260.jpg,876,Container
c001,001261.jpg,701,trafficsignal
c001,001262.jpg,32,trafficsignal
c001,001263.jpg,27,trafficsignal
c003,001264.jpg,988,Container
c002,001265.jpg,69,trafficsignal
c002,001266.jpg,1084,trafficsignal
c001,001267.jpg,985,trafficsignal
c001,001268.jpg,280,trafficsignal
c003,001269.jpg,320,trafficsignal
c003,001270.jpg,636,trafficsignal
c003,001271.jpg,849,Crosswalk
c001,001272.jpg,765,RubbishBins
c003,001273.jpg,737,trafficsignal
c001,001274.jpg,627,RubbishBins
c003,001275.jpg,781,trafficsignal
c002,001276.jpg,972,trafficsignal
c003,001277.jpg,855,Container
c001,001278.jpg,881,trafficsignal
c002,001279.jpg,242,RubbishBins
c002,001280.jpg,500,Container
c002,001281.jpg,109,trafficsignal
c002,001282.jpg,698,trafficsignal
c002,001283.jpg,1090,Container
c002,001284.jpg,894,trafficsignal
c001,001285.jpg,918,trafficsignal
c003,001286.jpg,1044,Crosswalk
c001,001287.jpg,810,RubbishBins
c001,001288.jpg,1089,trafficsignal
c001,001289.jpg,1047,trafficsignal
c003,001290.jpg,1005,Crosswalk
c001,001291.jpg,542,Container
c001,001292.jpg,738,Crosswalk
c003,001293.jpg,268,trafficsignal
c001,001294.jpg,1059,trafficsignal
c002,001295.jpg,126,trafficsignal
c001,001296.jpg,560,trafficsignal
c003,001297.jpg,639,trafficsignal
c001,001298.jpg,1059,trafficsignal
c001,001299.jpg,872,trafficsignal
c002,001300.jpg,630,trafficsignal
c002,001301.jpg,1081,trafficsignal
c002,001302.jpg,1035,trafficsignal
c003,001303.jpg,57,trafficsignal
c001,001304.jpg,818,trafficsignal
c002,001305.jpg,77,Container
c002,001306.jpg,812,trafficsignal
c001,001307.jpg,375,Crosswalk
c001,001308.jpg,886,trafficsignal
c003,001309.jpg,735,trafficsignal
c002,001310.jpg,829,trafficsignal
c002,001311.jpg,591,trafficsignal
c001,001312.jpg,618,trafficsignal
c003,001313.jpg,184,trafficsignal
c001,001314.jpg,940,trafficsignal
c002,001315.jpg,510,trafficsignal
c003,001316.jpg,513,trafficsignal
c003,001317.jpg,500,Container
c001,001318.jpg,141,Crosswalk
c003,001319.jpg,128,trafficsignal
c003,001320.jpg,334,trafficsignal
c001,001321.jpg,579,trafficsignal
c003,001322.jpg,54,trafficsignal
c003,001323.jpg,801,Crosswalk
c003,001324.jpg,552,trafficsignal
c001,001325.jpg,700,trafficsignal
c003,001326.jpg,545,trafficsignal
c001,001327.jpg,404,RubbishBins
c002,001328.jpg,662,trafficsignal
c001,001329.jpg,1090,Container
c003,001330.jpg,33,trafficsignal
c001,001331.jpg,606,trafficsignal
c002,001332.jpg,51,trafficsignal
c002,001333.jpg,966,trafficsignal
c001,001334.jpg,285,trafficsignal
c002,001335.jpg,72,trafficsignal
c001,001336.jpg,701,trafficsignal
c001,001337.jpg,651,Container
c001,001338.jpg,345,trafficsignal
c002,001339.jpg,350,trafficsignal
c003,001340.jpg,1064,RubbishBins
c001,001341.jpg,611,trafficsignal
c001,001342.jpg,436,trafficsignal
c002,001343.jpg,165,trafficsignal
c003,001344.jpg,586,Container
c001,001345.jpg,545,trafficsignal
c003,001346.jpg,860,trafficsignal
c003,001347.jpg,855,Container
c001,001348.jpg,438,trafficsignal
c002,001349.jpg,155,RubbishBins
c002,001350.jpg,141,Crosswalk
c002,001351.jpg,332,RubbishBins
c001,001352.jpg,98,trafficsignal
c003,001353.jpg,883,trafficsignal
c001,001354.jpg,544,Crosswalk
c001,001355.jpg,106,trafficsignal
c001,001356.jpg,985,trafficsignal
c002,001357.jpg,206,trafficsignal
c002,001358.jpg,940,trafficsignal
c002,001359.jpg,436,trafficsignal
c002,001360.jpg,743,trafficsignal
c003,001361.jpg,811,RubbishBins
c003,001362.jpg,53,trafficsignal
c002,001363.jpg,913,trafficsignal
c003,001364.jpg,294,trafficsignal
c002,001365.jpg,1051,Crosswalk
c003,001366.jpg,591,trafficsignal
c002,001367.jpg,65,trafficsignal
c001,001368.jpg,652,trafficsignal
c001,001369.jpg,17,trafficsignal
c001,001370.jpg,528,Container
c002,001371.jpg,730,Container
c001,001372.jpg,274,Container
c002,001373.jpg,793,trafficsignal
c003,001374.jpg,502,trafficsignal
c003,001375.jpg,587,Container
c003,001376.jpg,631,trafficsignal
c001,001377.jpg,893,RubbishBins
c003,001378.jpg,318,Container
c001,001379.jpg,569,trafficsignal
c002,001380.jpg,543,trafficsignal
c003,001381.jpg,892,trafficsignal
c003,001382.jpg,251,trafficsignal
c002,001383.jpg,627,RubbishBins
c002,001384.jpg,240,Crosswalk
c002,001385.jpg,828,RubbishBins
c002,001386.jpg,1090,Container
c002,001387.jpg,984,trafficsignal
c002,001388.jpg,67,trafficsignal
c003,001389.jpg,241,Container
c002,001390.jpg,489,Crosswalk
c001,001391.jpg,813,Crosswalk
c002,001392.jpg,656,trafficsignal
c001,001393.jpg,1044,Crosswalk
c001,001394.jpg,814,trafficsignal
c001,001395.jpg,1004,trafficsignal
c003,001396.jpg,542,Container
c003,001397.jpg,373,trafficsignal
c002,001398.jpg,12,trafficsignal
c003,001399.jpg,870,trafficsignal
c002,001400.jpg,453,trafficsignal
c002,001401.jpg,118,trafficsignal
c002,001402.jpg,515,trafficsignal
c003,001403.jpg,544,Crosswalk
c002,001404.jpg,940,trafficsignal
c002,001405.jpg,661,trafficsignal
c003,001406.jpg,991,Crosswalk
c002,001407.jpg,749,RubbishBins
c003,001408.jpg,932,trafficsignal
c002,001409.jpg,793,trafficsignal
c001,001410.jpg,890,trafficsignal
c003,001411.jpg,420,trafficsignal
c001,001412.jpg,642,trafficsignal
c002,001413.jpg,404,RubbishBins
c003,001414.jpg,753,RubbishBins
c002,001415.jpg,1009,trafficsignal
c001,001416.jpg,357,trafficsignal
c001,001417.jpg,818,trafficsignal
c001,001418.jpg,712,trafficsignal
c001,001419.jpg,57,trafficsignal
c003,001420.jpg,565,trafficsignal
c003,001421.jpg,105,Crosswalk
c002,001422.jpg,595,trafficsignal
c001,001423.jpg,1021,trafficsignal
c003,001424.jpg,98,trafficsignal
c003,001425.jpg,171,trafficsignal
c002,001426.jpg,86,trafficsignal
c001,001427.jpg,827,trafficsignal
c001,001428.jpg,43,trafficsignal
c002,001429.jpg,230,trafficsignal
c001,001430.jpg,322,trafficsignal
c001,001431.jpg,180,trafficsignal
c001,001432.jpg,47,trafficsignal
c003,001433.jpg,418,RubbishBins
c002,001434.jpg,65,trafficsignal
c002,001435.jpg,100,Crosswalk
c003,001436.jpg,134,trafficsignal
c003,001437.jpg,674,trafficsignal
c001,001438.jpg,968,trafficsignal
c002,001439.jpg,653,trafficsignal
c001,001440.jpg,1027,Crosswalk
c003,001441.jpg,884,Crosswalk
c003,001442.jpg,802,Container
c002,001443.jpg,323,trafficsignal
c003,001444.jpg,1002,trafficsignal
c001,001445.jpg,1014,RubbishBins
c001,001446.jpg,911,Container
c003,001447.jpg,592,trafficsignal
c002,001448.jpg,824,trafficsignal
c003,001449.jpg,242,RubbishBins
c001,001450.jpg,38,trafficsignal
c003,001451.jpg,864,Crosswalk
c002,001452.jpg,944,trafficsignal
c003,001453.jpg,201,RubbishBins
c003,001454.jpg,629,trafficsignal
c001,001455.jpg,492,trafficsignal
c003,001456.jpg,1033,trafficsignal
c003,001457.jpg,761,trafficsignal
c003,001458.jpg,998,trafficsignal
c002,001459.jpg,50,trafficsignal
c001,001460.jpg,496,trafficsignal
c003,001461.jpg,216,trafficsignal
c003,001462.jpg,849,Crosswalk
c001,001463.jpg,69,trafficsignal
c001,001464.jpg,915,trafficsignal
c003,001465.jpg,223,trafficsignal
c003,001466.jpg,886,trafficsignal
c001,001467.jpg,991,Crosswalk
c003,001468.jpg,783,trafficsignal
c002,001469.jpg,207,trafficsignal
c002,001470.jpg,1016,trafficsignal
c002,001471.jpg,807,trafficsignal
c001,001472.jpg,736,Crosswalk
c001,001473.jpg,137,trafficsignal
c001,001474.jpg,899,trafficsignal
c001,001475.jpg,433,RubbishBins
c001,001476.jpg,202,trafficsignal
c003,001477.jpg,478,trafficsignal
c002,001478.jpg,345,trafficsignal
c002,001479.jpg,331,trafficsignal
c001,001480.jpg,634,trafficsignal
c003,001481.jpg,1078,trafficsignal
c002,001482.jpg,552,trafficsignal
c002,001483.jpg,151,trafficsignal
c001,001484.jpg,945,trafficsignal
c002,001485.jpg,693,trafficsignal
c001,001486.jpg,274,Container
c003,001487.jpg,515,trafficsignal
c002,001488.jpg,125,trafficsignal
c002,001489.jpg,704,RubbishBins
c003,001490.jpg,212,trafficsignal
c003,001491.jpg,907,Crosswalk
c002,001492.jpg,51,trafficsignal
c003,001493.jpg,152,trafficsignal
c002,001494.jpg,373,trafficsignal
c001,001495.jpg,535,trafficsignal
c002,001496.jpg,2,trafficsignal
c003,001497.jpg,823,trafficsignal
c002,001498.jpg,271,trafficsignal
c001,001499.jpg,675,trafficsignal
c001,001500.jpg,955,RubbishBins
c003,001501.jpg,489,Crosswalk
c001,001502.jpg,230,trafficsignal
c001,001503.jpg,25,Crosswalk
c003,001504.jpg,366,RubbishBins
c002,001505.jpg,326,Container
c003,001506.jpg,458,trafficsignal
c003,001507.jpg,1090,Container
c001,001508.jpg,151,trafficsignal
c003,001509.jpg,712,trafficsignal
c001,001510.jpg,741,trafficsignal
c001,001511.jpg,321,trafficsignal
c001,001512.jpg,389,RubbishBins
c001,001513.jpg,801,Crosswalk
c002,001514.jpg,740,Container
c001,001515.jpg,94,trafficsignal
c003,001516.jpg,604,RubbishBins
c002,001517.jpg,579,trafficsignal
c002,001518.jpg,819,RubbishBins
c002,001519.jpg,226,trafficsignal
c002,001520.jpg,801,Crosswalk
c003,001521.jpg,705,trafficsignal
c003,001522.jpg,433,RubbishBins
c003,001523.jpg,903,trafficsignal
c001,001524.jpg,133,trafficsignal
c002,001525.jpg,1030,Crosswalk
c002,001526.jpg,487,trafficsignal
c002,001527.jpg,578,trafficsignal
c001,001528.jpg,381,trafficsignal
c002,001529.jpg,20,Crosswalk
c002,001530.jpg,165,trafficsignal
c001,001531.jpg,172,Crosswalk
c001,001532.jpg,629,trafficsignal
c001,001533.jpg,786,trafficsignal
c002,001534.jpg,389,RubbishBins
c002,001535.jpg,582,trafficsignal
c003,001536.jpg,656,trafficsignal
c002,001537.jpg,689,trafficsignal
c003,001538.jpg,531,Crosswalk
c002,001539.jpg,301,trafficsignal
c001,001540.jpg,574,trafficsignal
c003,001541.jpg,675,trafficsignal
c001,001542.jpg,26,trafficsignal
c003,001543.jpg,59,RubbishBins
c001,001544.jpg,369,Crosswalk
c002,001545.jpg,363,trafficsignal
c003,001546.jpg,638,Container
c001,001547.jpg,141,Crosswalk
c003,001548.jpg,431,Container
c003,001549.jpg,50,trafficsignal
c002,001550.jpg,585,Crosswalk
c002,001551.jpg,521,Container
c002,001552.jpg,719,trafficsignal
c002,001553.jpg,75,trafficsignal
c002,001554.jpg,335,trafficsignal
c002,001555.jpg,108,trafficsignal
c003,001556.jpg,301,trafficsignal
c002,001557.jpg,366,RubbishBins
c001,001558.jpg,171,trafficsignal
c002,001559.jpg,743,trafficsignal
c003,001560.jpg,26,trafficsignal
c002,001561.jpg,479,trafficsignal
c001,001562.jpg,817,trafficsignal
c002,001563.jpg,835,trafficsignal
c003,001564.jpg,552,trafficsignal
c001,001565.jpg,766,trafficsignal
c001,001566.jpg,758,trafficsignal
c002,001567.jpg,677,Container
c001,001568.jpg,265,Crosswalk
c001,001569.jpg,708,trafficsignal
c002,001570.jpg,343,trafficsignal
c002,001571.jpg,521,Container
c002,001572.jpg,358,trafficsignal
c001,001573.jpg,357,trafficsignal
c003,001574.jpg,477,trafficsignal
c002,001575.jpg,727,trafficsignal
c002,001576.jpg,199,Container
c001,001577.jpg,1071,RubbishBins
c002,001578.jpg,863,trafficsignal
c003,001579.jpg,100,Crosswalk
c003,001580.jpg,391,Container
c003,001581.jpg,819,RubbishBins
c001,001582.jpg,532,RubbishBins
c001,001583.jpg,437,RubbishBins
c001,001584.jpg,971,Crosswalk
c003,001585.jpg,215,RubbishBins
c001,001586.jpg,580,Crosswalk
c002,001587.jpg,943,Crosswalk
c001,001588.jpg,812,trafficsignal
c003,001589.jpg,967,Container
c002,001590.jpg,220,Crosswalk
c001,001591.jpg,735,trafficsignal
c003,001592.jpg,222,trafficsignal
c001,001593.jpg,1025,trafficsignal
c002,001594.jpg,1052,trafficsignal
c001,001595.jpg,742,trafficsignal
c001,001596.jpg,183,trafficsignal
c002,001597.jpg,343,trafficsignal
c001,001598.jpg,881,trafficsignal
c002,001599.jpg,84,trafficsignal
c001,001600.jpg,320,trafficsignal
c003,001601.jpg,86,trafficsignal
c003,001602.jpg,265,Crosswalk
c002,001603.jpg,136,trafficsignal
c003,001604.jpg,80,RubbishBins
c001,001605.jpg,73,trafficsignal
c003,001606.jpg,771,trafficsignal
c001,001607.jpg,199,Container
c001,001608.jpg,2,trafficsignal
c003,001609.jpg,906,trafficsignal
c001,001610.jpg,210,RubbishBins
c001,001611.jpg,924,trafficsignal
c003,001612.jpg,114,trafficsignal
c002,001613.jpg,1066,Crosswalk
c003,001614.jpg,276,trafficsignal
c003,001615.jpg,628,trafficsignal
c001,001616.jpg,556,trafficsignal
c002,001617.jpg,1036,trafficsignal
c001,001618.jpg,408,trafficsignal
c003,001619.jpg,332,RubbishBins
c002,001620.jpg,892,trafficsignal
c003,001621.jpg,1073,trafficsignal
c002,001622.jpg,680,RubbishBins
c002,001623.jpg,670,trafficsignal
c003,001624.jpg,1078,trafficsignal
c002,001625.jpg,1066,Crosswalk
c003,001626.jpg,586,Container
c002,001627.jpg,874,trafficsignal
c002,001628.jpg,789,trafficsignal
c003,001629.jpg,1075,trafficsignal
c001,001630.jpg,117,Container
c002,001631.jpg,1090,Container
c002,001632.jpg,1055,trafficsignal
c001,001633.jpg,163,trafficsignal
c001,001634.jpg,786,trafficsignal
c001,001635.jpg,95,trafficsignal
c003,001636.jpg,233,trafficsignal
c001,001637.jpg,837,RubbishBins
c001,001638.jpg,830,trafficsignal
c003,001639.jpg,318,Container
c001,001640.jpg,1020,Container
c001,001641.jpg,1068,trafficsignal
c001,001642.jpg,507,trafficsignal
c001,001643.jpg,813,Crosswalk
c003,001644.jpg,190,trafficsignal
c001,001645.jpg,433,RubbishBins
c003,001646.jpg,651,Container
c001,001647.jpg,521,Container
c001,001648.jpg,1039,trafficsignal
c001,001649.jpg,165,trafficsignal
c002,001650.jpg,451,trafficsignal
c003,001651.jpg,930,Crosswalk
c001,001652.jpg,1065,trafficsignal
c001,001653.jpg,137,trafficsignal
c003,001654.jpg,918,trafficsignal
c001,001655.jpg,94,trafficsignal
c003,001656.jpg,798,trafficsignal
c002,001657.jpg,869,Crosswalk
c001,001658.jpg,680,RubbishBins
c003,001659.jpg,806,trafficsignal
c001,001660.jpg,551,trafficsignal
c003,001661.jpg,266,trafficsignal
c003,001662.jpg,855,Container
c001,001663.jpg,440,trafficsignal
c003,001664.jpg,758,trafficsignal
c001,001665.jpg,489,Crosswalk
c003,001666.jpg,42,trafficsignal
c002,001667.jpg,516,trafficsignal
c002,001668.jpg,142,Crosswalk
c001,001669.jpg,862,Container
c002,001670.jpg,10,trafficsignal
c003,001671.jpg,103,trafficsignal
c003,001672.jpg,877,Crosswalk
c001,001673.jpg,994,trafficsignal
c001,001674.jpg,8,Container
c002,001675.jpg,1024,trafficsignal
c003,001676.jpg,383,trafficsignal
c001,001677.jpg,144,Crosswalk
c003,001678.jpg,171,trafficsignal
c003,001679.jpg,613,Crosswalk
c002,001680.jpg,585,Crosswalk
c002,001681.jpg,1027,Crosswalk
c002,001682.jpg,195,trafficsignal
c002,001683.jpg,1062,trafficsignal
c003,001684.jpg,395,Crosswalk
c003,001685.jpg,571,trafficsignal
c002,001686.jpg,408,trafficsignal
c002,001687.jpg,96,Container
c001,001688.jpg,1075,trafficsignal
c002,001689.jpg,593,trafficsignal
c002,001690.jpg,616,trafficsignal
c002,001691.jpg,761,trafficsignal
c001,001692.jpg,939,Container
c003,001693.jpg,252,Crosswalk
c003,001694.jpg,616,trafficsignal
c002,001695.jpg,626,trafficsignal
c001,001696.jpg,45,trafficsignal
c001,001697.jpg,692,trafficsignal
c001,001698.jpg,832,Crosswalk
c003,001699.jpg,715,trafficsignal
c002,001700.jpg,709,trafficsignal
c001,001701.jpg,915,trafficsignal
c003,001702.jpg,347,trafficsignal
c003,001703.jpg,1068,trafficsignal
c003,001704.jpg,999,trafficsignal
c003,001705.jpg,921,trafficsignal
c002,001706.jpg,743,trafficsignal
c003,001707.jpg,86,trafficsignal
c002,001708.jpg,776,RubbishBins
c001,001709.jpg,166,trafficsignal
c001,001710.jpg,333,RubbishBins
c003,001711.jpg,900,trafficsignal
c003,001712.jpg,228,trafficsignal
c001,001713.jpg,367,trafficsignal
c002,001714.jpg,776,Container
c003,001715.jpg,67,trafficsignal
c001,001716.jpg,667,trafficsignal
c002,001717.jpg,550,trafficsignal
c002,001718.jpg,1063,trafficsignal
c003,001719.jpg,509,Container
c001,001720.jpg,352,trafficsignal
c002,001721.jpg,720,Container
c001,001722.jpg,1086,trafficsignal
c001,001723.jpg,32,trafficsignal
c003,001724.jpg,24,trafficsignal
c003,001725.jpg,499,trafficsignal
c001,001726.jpg,955,RubbishBins
c002,001727.jpg,585,Crosswalk
c003,001728.jpg,1063,trafficsignal
c002,001729.jpg,324,trafficsignal
c003,001730.jpg,397,Crosswalk
c003,001731.jpg,736,Crosswalk
c002,001732.jpg,889,RubbishBins
c001,001733.jpg,897,trafficsignal
c001,001734.jpg,297,trafficsignal
c002,001735.jpg,801,Crosswalk
c003,001736.jpg,206,trafficsignal
c001,001737.jpg,847,trafficsignal
c002,001738.jpg,681,trafficsignal
c001,001739.jpg,500,Container
c001,001740.jpg,390,Container
c001,001741.jpg,292,trafficsignal
c003,001742.jpg,413,trafficsignal
c003,001743.jpg,188,trafficsignal
c003,001744.jpg,673,trafficsignal
c001,001745.jpg,260,Crosswalk
c001,001746.jpg,911,Container
c002,001747.jpg,392,trafficsignal
c001,001748.jpg,301,trafficsignal
c002,001749.jpg,1067,trafficsignal
c001,001750.jpg,121,trafficsignal
c003,001751.jpg,19,RubbishBins
c001,001752.jpg,384,trafficsignal
c001,001753.jpg,354,RubbishBins
c002,001754.jpg,337,trafficsignal
c002,001755.jpg,137,trafficsignal
c003,001756.jpg,946,Container
c001,001757.jpg,504,trafficsignal
c001,001758.jpg,480,trafficsignal
c003,001759.jpg,260,Crosswalk
c001,001760.jpg,891,trafficsignal
c001,001761.jpg,1018,trafficsignal
c003,001762.jpg,118,trafficsignal
c002,001763.jpg,545,trafficsignal
c003,001764.jpg,97,trafficsignal
c001,001765.jpg,930,Crosswalk
c001,001766.jpg,863,trafficsignal
c002,001767.jpg,461,trafficsignal
c003,001768.jpg,900,trafficsignal
c003,001769.jpg,178,trafficsignal
c003,001770.jpg,853,trafficsignal
c003,001771.jpg,576,RubbishBins
c001,001772.jpg,91,trafficsignal
c002,001773.jpg,969,Crosswalk
c003,001774.jpg,1060,trafficsignal
c003,001775.jpg,903,trafficsignal
c002,001776.jpg,309,trafficsignal
c001,001777.jpg,1005,Crosswalk
c001,001778.jpg,657,trafficsignal
c003,001779.jpg,138,trafficsignal
c002,001780.jpg,871,Container
c002,001781.jpg,149,trafficsignal
c002,001782.jpg,205,Container
c003,001783.jpg,292,trafficsignal
c003,001784.jpg,623,Crosswalk
c002,001785.jpg,152,trafficsignal
c003,001786.jpg,46,trafficsignal
c001,001787.jpg,575,RubbishBins
c003,001788.jpg,258,trafficsignal
c001,001789.jpg,361,trafficsignal
c001,001790.jpg,66,trafficsignal
c002,001791.jpg,650,trafficsignal
c002,001792.jpg,318,Container
c002,001793.jpg,231,trafficsignal
c002,001794.jpg,460,trafficsignal
c001,001795.jpg,267,trafficsignal
c003,001796.jpg,172,Crosswalk
c003,001797.jpg,239,Crosswalk
c002,001798.jpg,780,trafficsignal
c002,001799.jpg,924,trafficsignal
c001,001800.jpg,309,trafficsignal
c002,001801.jpg,521,Container
c001,001802.jpg,597,trafficsignal
c002,001803.jpg,910,RubbishBins
c003,001804.jpg,417,trafficsignal
c002,001805.jpg,978,Container
c002,001806.jpg,303,trafficsignal
c001,001807.jpg,280,trafficsignal
c001,001808.jpg,177,trafficsignal
c001,001809.jpg,267,trafficsignal
c001,001810.jpg,743,trafficsignal
c002,001811.jpg,541,Container
c001,001812.jpg,722,RubbishBins
c003,001813.jpg,924,trafficsignal
c001,001814.jpg,551,trafficsignal
c002,001815.jpg,1088,trafficsignal
c001,001816.jpg,125,trafficsignal
c001,001817.jpg,226,trafficsignal
c002,001818.jpg,586,Container
c002,001819.jpg,585,Crosswalk
c003,001820.jpg,14,trafficsignal
c001,001821.jpg,160,Container
c002,001822.jpg,776,Container
c003,001823.jpg,13,RubbishBins
c001,001824.jpg,603,Container
c003,001825.jpg,988,Container
c002,001826.jpg,376,trafficsignal
c003,001827.jpg,585,Crosswalk
c002,001828.jpg,946,Container
c002,001829.jpg,486,trafficsignal
c001,001830.jpg,365,RubbishBins
c003,001831.jpg,631,trafficsignal
c001,001832.jpg,812,trafficsignal
c001,001833.jpg,195,trafficsignal
c003,001834.jpg,53,trafficsignal
c002,001835.jpg,939,Container
c003,001836.jpg,986,Crosswalk
c003,001837.jpg,198,Container
c003,001838.jpg,189,trafficsignal
c003,001839.jpg,117,Container
c002,001840.jpg,198,Container
c002,001841.jpg,988,Container
c001,001842.jpg,774,trafficsignal
c002,001843.jpg,248,trafficsignal
c001,001844.jpg,771,trafficsignal
c002,001845.jpg,516,trafficsignal
c003,001846.jpg,266,trafficsignal
c002,001847.jpg,174,trafficsignal
c001,001848.jpg,758,trafficsignal
c002,001849.jpg,691,trafficsignal
c002,001850.jpg,169,Container
c001,001851.jpg,63,trafficsignal
c003,001852.jpg,1089,trafficsignal
c003,001853.jpg,197,trafficsignal
c002,001854.jpg,282,trafficsignal
c003,001855.jpg,170,RubbishBins
c001,001856.jpg,53,trafficsignal
c001,001857.jpg,801,Crosswalk
c003,001858.jpg,537,trafficsignal
c002,001859.jpg,602,trafficsignal
c001,001860.jpg,981,trafficsignal
c003,001861.jpg,603,Container
c001,001862.jpg,868,trafficsignal
c003,001863.jpg,269,trafficsignal
c003,001864.jpg,75,trafficsignal
c003,001865.jpg,234,trafficsignal
c001,001866.jpg,392,trafficsignal
c002,001867.jpg,409,RubbishBins
c002,001868.jpg,775,trafficsignal
c001,001869.jpg,961,trafficsignal
c003,001870.jpg,589,trafficsignal
c003,001871.jpg,238,trafficsignal
c003,001872.jpg,910,RubbishBins
c002,001873.jpg,389,RubbishBins
c002,001874.jpg,992,trafficsignal
c002,001875.jpg,440,trafficsignal
c003,001876.jpg,581,trafficsignal
c002,001877.jpg,715,trafficsignal
c003,001878.jpg,123,trafficsignal
c002,001879.jpg,839,trafficsignal
c003,001880.jpg,860,trafficsignal
c001,001881.jpg,413,trafficsignal
c002,001882.jpg,132,trafficsignal
c002,001883.jpg,307,trafficsignal
c002,001884.jpg,454,trafficsignal
c001,001885.jpg,468,trafficsignal
c001,001886.jpg,482,Container
c001,001887.jpg,656,trafficsignal
c003,001888.jpg,1089,trafficsignal
c002,001889.jpg,141,Crosswalk
c002,001890.jpg,628,trafficsignal
c001,001891.jpg,651,Container
c002,001892.jpg,826,trafficsignal
c001,001893.jpg,1033,trafficsignal
c002,001894.jpg,753,RubbishBins
c002,001895.jpg,569,trafficsignal
c001,001896.jpg,328,trafficsignal
c003,001897.jpg,308,trafficsignal
c001,001898.jpg,1032,Crosswalk
c003,001899.jpg,426,trafficsignal
c001,001900.jpg,431,Container
c003,001901.jpg,177,trafficsignal
c001,001902.jpg,1064,RubbishBins
c001,001903.jpg,314,Crosswalk
c001,001904.jpg,534,trafficsignal
c002,001905.jpg,251,trafficsignal
c001,001906.jpg,814,trafficsignal
c002,001907.jpg,707,Container
c003,001908.jpg,459,trafficsignal
c002,001909.jpg,529,trafficsignal
c002,001910.jpg,357,trafficsignal
c003,001911.jpg,879,trafficsignal
c003,001912.jpg,70,trafficsignal
c001,001913.jpg,127,Crosswalk
c001,001914.jpg,764,RubbishBins
c001,001915.jpg,103,trafficsignal
c003,001916.jpg,483,RubbishBins
c002,001917.jpg,1066,Crosswalk
c003,001918.jpg,773,trafficsignal
c001,001919.jpg,203,trafficsignal
c003,001920.jpg,287,trafficsignal
c001,001921.jpg,881,trafficsignal
c003,001922.jpg,1012,trafficsignal
c002,001923.jpg,891,trafficsignal
c001,001924.jpg,165,trafficsignal
c001,001925.jpg,542,RubbishBins
c002,001926.jpg,932,trafficsignal
c003,001927.jpg,453,trafficsignal
c001,001928.jpg,934,trafficsignal
c001,001929.jpg,31,Crosswalk
c002,001930.jpg,1031,Crosswalk
c003,001931.jpg,129,trafficsignal
c001,001932.jpg,65,trafficsignal
c002,001933.jpg,700,trafficsignal
c002,001934.jpg,916,trafficsignal
c003,001935.jpg,672,trafficsignal
c001,001936.jpg,886,trafficsignal
c003,001937.jpg,1066,Crosswalk
c002,001938.jpg,991,Crosswalk
c001,001939.jpg,902,trafficsignal
c003,001940.jpg,609,trafficsignal
c002,001941.jpg,523,Container
c001,001942.jpg,456,trafficsignal
c002,001943.jpg,437,RubbishBins
c002,001944.jpg,32,trafficsignal
c001,001945.jpg,195,trafficsignal
c001,001946.jpg,616,trafficsignal
c001,001947.jpg,187,trafficsignal
c003,001948.jpg,320,trafficsignal
c001,001949.jpg,526,trafficsignal
c002,001950.jpg,277,Crosswalk
c003,001951.jpg,946,Container
c001,001952.jpg,210,RubbishBins
c001,001953.jpg,1026,Crosswalk
c001,001954.jpg,437,RubbishBins
c001,001955.jpg,1085,trafficsignal
c002,001956.jpg,583,trafficsignal
c002,001957.jpg,647,trafficsignal
c003,001958.jpg,109,trafficsignal
c001,001959.jpg,1033,trafficsignal
c003,001960.jpg,516,trafficsignal
c001,001961.jpg,850,trafficsignal
c003,001962.jpg,241,Container
c002,001963.jpg,702,trafficsignal
c001,001964.jpg,611,trafficsignal
c002,001965.jpg,122,trafficsignal
c002,001966.jpg,380,trafficsignal
c003,001967.jpg,551,trafficsignal
c003,001968.jpg,543,trafficsignal
c001,001969.jpg,458,trafficsignal
c001,001970.jpg,186,trafficsignal
c003,001971.jpg,84,trafficsignal
c002,001972.jpg,725,trafficsignal
c003,001973.jpg,607,trafficsignal
c002,001974.jpg,841,trafficsignal
c002,001975.jpg,1006,trafficsignal
c001,001976.jpg,386,trafficsignal
c002,001977.jpg,507,trafficsignal
c001,001978.jpg,687,trafficsignal
c003,001979.jpg,39,trafficsignal
c002,001980.jpg,385,trafficsignal
c001,001981.jpg,1015,trafficsignal
c002,001982.jpg,130,Crosswalk
c002,001983.jpg,1072,trafficsignal
c003,001984.jpg,462,trafficsignal
c001,001985.jpg,382,trafficsignal
c001,001986.jpg,907,Crosswalk
c003,001987.jpg,245,trafficsignal
c001,001988.jpg,823,trafficsignal
c002,001989.jpg,176,trafficsignal
c002,001990.jpg,454,trafficsignal
c002,001991.jpg,789,trafficsignal
c003,001992.jpg,1000,trafficsignal
c003,001993.jpg,343,trafficsignal
c001,001994.jpg,761,trafficsignal
c002,001995.jpg,541,Container
c003,001996.jpg,302,RubbishBins
c001,001997.jpg,459,trafficsignal
c002,001998.jpg,687,trafficsignal
c003,001999.jpg,525,trafficsignal
c001,002000.jpg,282,trafficsignal
c002,002001.jpg,258,trafficsignal
c003,002002.jpg,265,Crosswalk
c003,002003.jpg,206,trafficsignal
c003,002004.jpg,1006,trafficsignal
c001,002005.jpg,245,trafficsignal
c003,002006.jpg,604,RubbishBins
c002,002007.jpg,10,trafficsignal
c003,002008.jpg,143,trafficsignal
c001,002009.jpg,850,trafficsignal
c001,002010.jpg,934,trafficsignal
c002,002011.jpg,600,trafficsignal
c002,002012.jpg,903,trafficsignal
c001,002013.jpg,144,Crosswalk
c001,002014.jpg,39,trafficsignal
c003,002015.jpg,1086,trafficsignal
c003,002016.jpg,559,RubbishBins
c002,002017.jpg,1073,trafficsignal
c003,002018.jpg,353,trafficsignal
c002,002019.jpg,838,trafficsignal
c002,002020.jpg,62,trafficsignal
c003,002021.jpg,199,Container
c001,002022.jpg,411,trafficsignal
c001,002023.jpg,803,trafficsignal
c003,002024.jpg,816,RubbishBins
c003,002025.jpg,176,trafficsignal
c001,002026.jpg,1085,trafficsignal
c001,002027.jpg,743,trafficsignal
c003,002028.jpg,871,Container
c002,002029.jpg,674,trafficsignal
c002,002030.jpg,635,Crosswalk
c002,002031.jpg,57,trafficsignal
c002,002032.jpg,903,trafficsignal
c002,002033.jpg,500,Container
c002,002034.jpg,858,trafficsignal
c002,002035.jpg,921,trafficsignal
c002,002036.jpg,117,Container
c003,002037.jpg,1064,RubbishBins
c001,002038.jpg,919,trafficsignal
c002,002039.jpg,507,trafficsignal
c001,002040.jpg,347,trafficsignal
c003,002041.jpg,1052,trafficsignal
c003,002042.jpg,829,trafficsignal
c003,002043.jpg,611,trafficsignal
c002,002044.jpg,365,RubbishBins
c001,002045.jpg,616,trafficsignal
c003,002046.jpg,355,trafficsignal
c003,002047.jpg,600,trafficsignal
c001,002048.jpg,642,trafficsignal
c002,002049.jpg,222,trafficsignal
c003,002050.jpg,322,trafficsignal
c002,002051.jpg,1015,trafficsignal
c003,002052.jpg,19,RubbishBins
c003,002053.jpg,597,trafficsignal
c002,002054.jpg,629,trafficsignal
c003,002055.jpg,117,Container
c002,002056.jpg,343,trafficsignal
c003,002057.jpg,509,Container
c003,002058.jpg,747,trafficsignal
c002,002059.jpg,14,trafficsignal
c003,002060.jpg,512,trafficsignal
c002,002061.jpg,890,trafficsignal
c003,002062.jpg,240,Crosswalk
c003,002063.jpg,316,trafficsignal
c003,002064.jpg,160,Container
c002,002065.jpg,175,Crosswalk
c002,002066.jpg,426,trafficsignal
c003,002067.jpg,254,trafficsignal
c003,002068.jpg,648,trafficsignal
c001,002069.jpg,359,trafficsignal
c003,002070.jpg,981,trafficsignal
c003,002071.jpg,77,Container
c002,002072.jpg,885,Crosswalk
c001,002073.jpg,45,trafficsignal
c003,002074.jpg,969,Crosswalk
c002,002075.jpg,646,trafficsignal
c002,002076.jpg,282,trafficsignal
c002,002077.jpg,58,Container
c001,002078.jpg,265,Crosswalk
c002,002079.jpg,889,RubbishBins
c001,002080.jpg,213,trafficsignal
c001,002081.jpg,487,trafficsignal
c003,002082.jpg,45,trafficsignal
c001,002083.jpg,808,Crosswalk
c002,002084.jpg,94,trafficsignal
c003,002085.jpg,793,trafficsignal
c001,002086.jpg,444,trafficsignal
c003,002087.jpg,796,Container
c002,002088.jpg,975,trafficsignal
c002,002089.jpg,612,trafficsignal
c002,002090.jpg,654,trafficsignal
c003,002091.jpg,164,Container
c001,002092.jpg,461,trafficsignal
c002,002093.jpg,483,RubbishBins
c001,002094.jpg,160,Container
c002,002095.jpg,583,trafficsignal
c003,002096.jpg,615,trafficsignal
c002,002097.jpg,844,Container
c002,002098.jpg,773,trafficsignal
c002,002099.jpg,333,RubbishBins
c003,002100.jpg,653,trafficsignal
c001,002101.jpg,960,trafficsignal
c003,002102.jpg,277,Crosswalk
c003,002103.jpg,1041,Crosswalk
c001,002104.jpg,1075,trafficsignal
c001,002105.jpg,20,Crosswalk
c001,002106.jpg,979,trafficsignal
c001,002107.jpg,998,trafficsignal
c001,002108.jpg,685,trafficsignal
c001,002109.jpg,67,trafficsignal
c003,002110.jpg,326,Container
c001,002111.jpg,585,Crosswalk
c001,002112.jpg,176,trafficsignal
c002,002113.jpg,1010,trafficsignal
c002,002114.jpg,628,trafficsignal
c001,002115.jpg,243,trafficsignal
c003,002116.jpg,57,trafficsignal
c002,002117.jpg,78,trafficsignal
c002,002118.jpg,80,RubbishBins
c002,002119.jpg,267,trafficsignal
c002,002120.jpg,728,trafficsignal
c002,002121.jpg,104,trafficsignal
c001,002122.jpg,577,Crosswalk
c001,002123.jpg,660,trafficsignal
c001,002124.jpg,492,trafficsignal
c001,002125.jpg,157,Container
c003,002126.jpg,1068,trafficsignal
c003,002127.jpg,53,trafficsignal
c003,002128.jpg,716,trafficsignal
c002,002129.jpg,569,trafficsignal
c003,002130.jpg,673,trafficsignal
c001,002131.jpg,69,trafficsignal
c002,002132.jpg,205,Container
c003,002133.jpg,1034,trafficsignal
c002,002134.jpg,453,trafficsignal
c003,002135.jpg,1006,trafficsignal
c002,002136.jpg,930,Crosswalk
c001,002137.jpg,863,trafficsignal
c002,002138.jpg,1054,trafficsignal
c001,002139.jpg,717,RubbishBins
c003,002140.jpg,461,trafficsignal
c002,002141.jpg,677,Container
c003,002142.jpg,342,trafficsignal
c001,002143.jpg,788,trafficsignal
c003,002144.jpg,829,trafficsignal
c001,002145.jpg,1036,trafficsignal
c003,002146.jpg,1,Container
c003,002147.jpg,811,RubbishBins
c002,002148.jpg,783,trafficsignal
c002,002149.jpg,570,trafficsignal
c001,002150.jpg,318,Container
c003,002151.jpg,1029,RubbishBins
c003,002152.jpg,128,trafficsignal
c003,002153.jpg,27,trafficsignal
c002,002154.jpg,783,trafficsignal
c001,002155.jpg,596,trafficsignal
c001,002156.jpg,60,trafficsignal
c001,002157.jpg,185,trafficsignal
c003,002158.jpg,811,RubbishBins
c001,002159.jpg,59,RubbishBins
c001,002160.jpg,332,RubbishBins
c003,002161.jpg,84,trafficsignal
c002,002162.jpg,414,trafficsignal
c003,002163.jpg,438,trafficsignal
c001,002164.jpg,754,trafficsignal
c003,002165.jpg,513,trafficsignal
c002,002166.jpg,994,trafficsignal
c001,002167.jpg,10,trafficsignal
c002,002168.jpg,670,trafficsignal
c002,002169.jpg,1059,trafficsignal
c003,002170.jpg,368,Container
c001,002171.jpg,940,trafficsignal
c002,002172.jpg,726,trafficsignal
c003,002173.jpg,658,trafficsignal
c001,002174.jpg,591,trafficsignal
c001,002175.jpg,347,trafficsignal
c003,002176.jpg,924,trafficsignal
c003,002177.jpg,391,Container
c001,002178.jpg,134,trafficsignal
c001,002179.jpg,628,trafficsignal
c003,002180.jpg,291,trafficsignal
c002,002181.jpg,797,trafficsignal
c003,002182.jpg,586,Container
c003,002183.jpg,673,trafficsignal
c001,002184.jpg,367,trafficsignal
c001,002185.jpg,672,trafficsignal
c002,002186.jpg,342,trafficsignal
c002,002187.jpg,421,trafficsignal
c003,002188.jpg,178,trafficsignal
c003,002189.jpg,853,trafficsignal
c002,002190.jpg,830,trafficsignal
c002,002191.jpg,212,trafficsignal
c002,002192.jpg,100,Crosswalk
c003,002193.jpg,949,trafficsignal
c003,002194.jpg,313,trafficsignal
c002,002195.jpg,25,Crosswalk
c001,002196.jpg,542,Container
c002,002197.jpg,850,trafficsignal
c003,002198.jpg,437,RubbishBins
c002,002199.jpg,949,trafficsignal
c002,002200.jpg,220,Crosswalk
c003,002201.jpg,849,Crosswalk
c002,002202.jpg,576,RubbishBins
c003,002203.jpg,569,trafficsignal
c001,002204.jpg,351,trafficsignal
c001,002205.jpg,371,trafficsignal
c002,002206.jpg,729,trafficsignal
c001,002207.jpg,165,trafficsignal
c003,002208.jpg,631,trafficsignal
c003,002209.jpg,326,Container
c002,002210.jpg,697,trafficsignal
c001,002211.jpg,1010,trafficsignal
c001,002212.jpg,839,trafficsignal
c002,002213.jpg,1055,trafficsignal
c001,002214.jpg,916,trafficsignal
c001,002215.jpg,846,trafficsignal
c003,002216.jpg,386,trafficsignal
c003,002217.jpg,557,Container
c003,002218.jpg,613,Crosswalk
c003,002219.jpg,1051,Crosswalk
c001,002220.jpg,1015,trafficsignal
c002,002221.jpg,423,trafficsignal
c003,002222.jpg,318,Container
c001,002223.jpg,1046,trafficsignal
c003,002224.jpg,818,trafficsignal
c002,002225.jpg,713,trafficsignal
c001,002226.jpg,973,trafficsignal
c001,002227.jpg,399,trafficsignal
c001,002228.jpg,534,trafficsignal
c002,002229.jpg,350,trafficsignal
c003,002230.jpg,20,Crosswalk
c002,002231.jpg,522,Crosswalk
c002,002232.jpg,300,trafficsignal
c002,002233.jpg,943,Crosswalk
c001,002234.jpg,364,Crosswalk
c003,002235.jpg,347,trafficsignal
c002,002236.jpg,634,trafficsignal
c001,002237.jpg,124,trafficsignal
c002,002238.jpg,267,trafficsignal
c003,002239.jpg,707,Container
c002,002240.jpg,164,RubbishBins
c003,002241.jpg,334,trafficsignal
c003,002242.jpg,796,Container
c003,002243.jpg,535,trafficsignal
c002,002244.jpg,559,RubbishBins
c003,002245.jpg,1069,trafficsignal
c003,002246.jpg,796,Container
c001,002247.jpg,62,trafficsignal
c001,002248.jpg,109,trafficsignal
c003,002249.jpg,466,trafficsignal
c003,002250.jpg,500,Container
c002,002251.jpg,269,trafficsignal
c002,002252.jpg,124,trafficsignal
c002,002253.jpg,419,trafficsignal
c002,002254.jpg,656,trafficsignal
c003,002255.jpg,965,trafficsignal
c001,002256.jpg,379,trafficsignal
c002,002257.jpg,860,trafficsignal
c001,002258.jpg,261,Crosswalk
c001,002259.jpg,1066,Crosswalk
c002,002260.jpg,972,trafficsignal
c002,002261.jpg,841,trafficsignal
c001,002262.jpg,768,trafficsignal
c001,002263.jpg,623,Crosswalk
c003,002264.jpg,1080,trafficsignal
c001,002265.jpg,836,trafficsignal
c003,002266.jpg,1036,trafficsignal
c002,002267.jpg,676,trafficsignal
c002,002268.jpg,69,trafficsignal
c001,002269.jpg,40,RubbishBins
c002,002270.jpg,983,trafficsignal
c003,002271.jpg,218,trafficsignal
c001,002272.jpg,30,RubbishBins
c001,002273.jpg,748,trafficsignal
c003,002274.jpg,999,trafficsignal
c001,002275.jpg,457,trafficsignal
c003,002276.jpg,668,trafficsignal
c002,002277.jpg,338,trafficsignal
c001,002278.jpg,148,trafficsignal
c001,002279.jpg,522,Crosswalk
c003,002280.jpg,629,trafficsignal
c002,002281.jpg,185,trafficsignal
c003,002282.jpg,428,trafficsignal
c002,002283.jpg,843,trafficsignal
c003,002284.jpg,839,trafficsignal
c003,002285.jpg,983,trafficsignal
c001,002286.jpg,188,trafficsignal
c001,002287.jpg,765,RubbishBins
c003,002288.jpg,716,trafficsignal
c001,002289.jpg,634,trafficsignal
c003,002290.jpg,635,Crosswalk
c003,002291.jpg,83,trafficsignal
c002,002292.jpg,607,trafficsignal
c002,002293.jpg,44,trafficsignal
c001,002294.jpg,319,trafficsignal
c003,002295.jpg,147,Container
c002,002296.jpg,666,Crosswalk
c003,002297.jpg,318,Container
c002,002298.jpg,810,RubbishBins
c002,002299.jpg,703,RubbishBins
c001,002300.jpg,864,Crosswalk
c001,002301.jpg,871,Container
c001,002302.jpg,444,trafficsignal
c003,002303.jpg,425,trafficsignal
c001,002304.jpg,826,trafficsignal
c002,002305.jpg,969,Crosswalk
c003,002306.jpg,557,Container
c003,002307.jpg,943,Crosswalk
c001,002308.jpg,932,trafficsignal
c002,002309.jpg,161,trafficsignal
c003,002310.jpg,973,trafficsignal
c001,002311.jpg,626,trafficsignal
c001,002312.jpg,960,trafficsignal
c001,002313.jpg,532,RubbishBins
c003,002314.jpg,522,Crosswalk
c002,002315.jpg,771,trafficsignal
c002,002316.jpg,1049,trafficsignal
c002,002317.jpg,586,Container
c002,002318.jpg,1005,Crosswalk
c003,002319.jpg,746,Crosswalk
c001,002320.jpg,466,trafficsignal
c001,002321.jpg,830,trafficsignal
c003,002322.jpg,589,trafficsignal
c001,002323.jpg,633,Crosswalk
c003,002324.jpg,375,Crosswalk
c003,002325.jpg,915,trafficsignal
c003,002326.jpg,736,Crosswalk
c003,002327.jpg,207,trafficsignal
c003,002328.jpg,142,Crosswalk
c002,002329.jpg,286,trafficsignal
c001,002330.jpg,119,Crosswalk
c002,002331.jpg,169,Container
c001,002332.jpg,289,trafficsignal
c003,002333.jpg,503,trafficsignal
c003,002334.jpg,412,trafficsignal
c001,002335.jpg,1039,trafficsignal
c003,002336.jpg,702,trafficsignal
c001,002337.jpg,873,trafficsignal
c002,002338.jpg,106,trafficsignal
c002,002339.jpg,560,trafficsignal
c003,002340.jpg,758,trafficsignal
c002,002341.jpg,239,Crosswalk
c003,002342.jpg,737,trafficsignal
c002,002343.jpg,664,Crosswalk
c002,002344.jpg,863,trafficsignal
c003,002345.jpg,157,Container
c003,002346.jpg,987,trafficsignal
c001,002347.jpg,386,trafficsignal
c002,002348.jpg,475,trafficsignal
c001,002349.jpg,164,Container
c001,002350.jpg,145,trafficsignal
c001,002351.jpg,267,trafficsignal
c003,002352.jpg,1088,trafficsignal
c002,002353.jpg,650,trafficsignal
c003,002354.jpg,785,trafficsignal
c001,002355.jpg,692,trafficsignal
c002,002356.jpg,647,trafficsignal
c001,002357.jpg,910,RubbishBins
c001,002358.jpg,1013,trafficsignal
c002,002359.jpg,318,Container
c003,002360.jpg,500,Container
c001,002361.jpg,355,trafficsignal
c001,002362.jpg,863,trafficsignal
c001,002363.jpg,771,trafficsignal
c003,002364.jpg,721,trafficsignal
c001,002365.jpg,530,trafficsignal
c002,002366.jpg,543,trafficsignal
c001,002367.jpg,448,RubbishBins
c003,002368.jpg,1013,trafficsignal
c002,002369.jpg,813,Crosswalk
c002,002370.jpg,73,trafficsignal
c001,002371.jpg,1005,Crosswalk
c001,002372.jpg,826,trafficsignal
c002,002373.jpg,848,trafficsignal
c001,002374.jpg,212,trafficsignal
c001,002375.jpg,1066,Crosswalk
c001,002376.jpg,161,trafficsignal
c003,002377.jpg,1077,trafficsignal
c003,002378.jpg,324,trafficsignal
c002,002379.jpg,1029,RubbishBins
c003,002380.jpg,137,trafficsignal
c001,002381.jpg,83,trafficsignal
c002,002382.jpg,760,RubbishBins
c001,002383.jpg,124,trafficsignal
c002,002384.jpg,552,trafficsignal
c001,002385.jpg,796,Container
c001,002386.jpg,310,RubbishBins
c003,002387.jpg,536,trafficsignal
c003,002388.jpg,541,Container
c003,002389.jpg,623,Crosswalk
c001,002390.jpg,690,trafficsignal
c001,002391.jpg,1090,Container
c002,002392.jpg,130,Crosswalk
c003,002393.jpg,184,trafficsignal
c003,002394.jpg,216,trafficsignal
c003,002395.jpg,573,trafficsignal
c002,002396.jpg,569,trafficsignal
c002,002397.jpg,738,Crosswalk
c003,002398.jpg,802,RubbishBins
c003,002399.jpg,770,trafficsignal
c003,002400.jpg,284,Crosswalk
c001,002401.jpg,164,Container
c001,002402.jpg,843,trafficsignal
c002,002403.jpg,141,Crosswalk
c002,002404.jpg,381,trafficsignal
c001,002405.jpg,650,trafficsignal
c003,002406.jpg,953,trafficsignal
c002,002407.jpg,455,trafficsignal
c003,002408.jpg,451,trafficsignal
c002,002409.jpg,396,Crosswalk
c002,002410.jpg,447,trafficsignal
c002,002411.jpg,1089,trafficsignal
c001,002412.jpg,1029,RubbishBins
c001,002413.jpg,579,trafficsignal
c003,002414.jpg,26,trafficsignal
c001,002415.jpg,86,trafficsignal
c002,002416.jpg,89,trafficsignal
c001,002417.jpg,899,trafficsignal
c001,002418.jpg,155,RubbishBins
c002,002419.jpg,179,trafficsignal
c002,002420.jpg,771,trafficsignal
c002,002421.jpg,280,trafficsignal
c002,002422.jpg,236,trafficsignal
c002,002423.jpg,642,trafficsignal
c001,002424.jpg,946,Container
c001,002425.jpg,124,trafficsignal
c001,002426.jpg,969,Crosswalk
c003,002427.jpg,70,trafficsignal
c003,002428.jpg,984,trafficsignal
c001,002429.jpg,642,trafficsignal
c002,002430.jpg,846,trafficsignal
c002,002431.jpg,1009,trafficsignal
c003,002432.jpg,1032,Crosswalk
c001,002433.jpg,562,trafficsignal
c003,002434.jpg,487,trafficsignal
c003,002435.jpg,476,trafficsignal
c003,002436.jpg,413,trafficsignal
c003,002437.jpg,141,Crosswalk
c001,002438.jpg,781,trafficsignal
c001,002439.jpg,238,trafficsignal
c002,002440.jpg,891,trafficsignal
c002,002441.jpg,876,Container
c002,002442.jpg,117,Container
c002,002443.jpg,211,trafficsignal
c003,002444.jpg,1051,Crosswalk
c003,002445.jpg,135,trafficsignal
c003,002446.jpg,579,trafficsignal
c002,002447.jpg,717,RubbishBins
c003,002448.jpg,938,trafficsignal
c001,002449.jpg,387,RubbishBins
c002,002450.jpg,852,Container
c001,002451.jpg,278,trafficsignal
c001,002452.jpg,136,trafficsignal
c003,002453.jpg,606,trafficsignal
c001,002454.jpg,210,RubbishBins
c001,002455.jpg,800,trafficsignal
c002,002456.jpg,221,Crosswalk
c001,002457.jpg,498,trafficsignal
c001,002458.jpg,45,trafficsignal
c003,002459.jpg,998,trafficsignal
c003,002460.jpg,628,trafficsignal
c001,002461.jpg,848,trafficsignal
c002,002462.jpg,78,trafficsignal
c002,002463.jpg,738,Crosswalk
c003,002464.jpg,522,Crosswalk
c001,002465.jpg,153,trafficsignal
c001,002466.jpg,557,Container
c001,002467.jpg,178,trafficsignal
c001,002468.jpg,270,trafficsignal
c003,002469.jpg,1088,trafficsignal
c001,002470.jpg,743,trafficsignal
c002,002471.jpg,998,trafficsignal
c003,002472.jpg,112,trafficsignal
c001,002473.jpg,1054,trafficsignal
c001,002474.jpg,370,Crosswalk
c002,002475.jpg,464,trafficsignal
c003,002476.jpg,197,trafficsignal
c001,002477.jpg,500,Container
c001,002478.jpg,197,trafficsignal
c002,002479.jpg,561,trafficsignal
c003,002480.jpg,479,trafficsignal
c001,002481.jpg,220,Crosswalk
c002,002482.jpg,296,trafficsignal
c001,002483.jpg,258,trafficsignal
c002,002484.jpg,760,RubbishBins
c001,002485.jpg,1061,trafficsignal
c001,002486.jpg,181,Crosswalk
c001,002487.jpg,1031,Crosswalk
c003,002488.jpg,965,trafficsignal
c003,002489.jpg,1031,Crosswalk
c003,002490.jpg,969,Crosswalk
c002,002491.jpg,160,RubbishBins
c002,002492.jpg,1067,trafficsignal
c001,002493.jpg,282,trafficsignal
c002,002494.jpg,886,trafficsignal
c002,002495.jpg,862,Container
c001,002496.jpg,749,RubbishBins
c002,002497.jpg,937,Container
c001,002498.jpg,422,trafficsignal
c003,002499.jpg,774,trafficsignal
c003,002500.jpg,576,RubbishBins
c001,002501.jpg,613,Crosswalk
c001,002502.jpg,1084,trafficsignal
c001,002503.jpg,327,trafficsignal
c003,002504.jpg,870,trafficsignal
c002,002505.jpg,552,trafficsignal
c002,002506.jpg,864,Crosswalk
c001,002507.jpg,189,trafficsignal
c001,002508.jpg,669,trafficsignal
c003,002509.jpg,631,trafficsignal
c003,002510.jpg,1058,Container
c001,002511.jpg,242,RubbishBins
c003,002512.jpg,497,trafficsignal
c001,002513.jpg,281,trafficsignal
c003,002514.jpg,26,trafficsignal
c001,002515.jpg,497,trafficsignal
c002,002516.jpg,316,trafficsignal
c003,002517.jpg,650,trafficsignal
c003,002518.jpg,837,RubbishBins
c002,002519.jpg,604,RubbishBins
c003,002520.jpg,403,trafficsignal
c003,002521.jpg,1058,Container
c001,002522.jpg,156,trafficsignal
c002,002523.jpg,210,RubbishBins
c002,002524.jpg,288,RubbishBins
c002,002525.jpg,386,trafficsignal
c003,002526.jpg,436,trafficsignal
c003,002527.jpg,613,Crosswalk
c001,002528.jpg,984,trafficsignal
c003,002529.jpg,780,trafficsignal
c002,002530.jpg,821,RubbishBins
c001,002531.jpg,392,trafficsignal
c001,002532.jpg,876,Container
c003,002533.jpg,613,Crosswalk
c002,002534.jpg,808,Crosswalk
c001,002535.jpg,637,trafficsignal
c003,002536.jpg,20,Crosswalk
c002,002537.jpg,229,trafficsignal
c002,002538.jpg,251,trafficsignal
c002,002539.jpg,329,trafficsignal
c001,002540.jpg,783,trafficsignal
c002,002541.jpg,1034,trafficsignal
c003,002542.jpg,557,Container
c001,002543.jpg,1090,Container
c003,002544.jpg,41,trafficsignal
c003,002545.jpg,710,trafficsignal
c001,002546.jpg,584,trafficsignal
c002,002547.jpg,253,trafficsignal
c001,002548.jpg,943,Crosswalk
c002,002549.jpg,980,trafficsignal
c003,002550.jpg,80,RubbishBins
c001,002551.jpg,1053,trafficsignal
c002,002552.jpg,410,Crosswalk
c001,002553.jpg,945,trafficsignal
c001,002554.jpg,462,trafficsignal
c001,002555.jpg,1048,trafficsignal
c001,002556.jpg,724,trafficsignal
c001,002557.jpg,178,trafficsignal
c002,002558.jpg,136,trafficsignal
c001,002559.jpg,834,trafficsignal
c002,002560.jpg,468,trafficsignal
c003,002561.jpg,757,RubbishBins
c001,002562.jpg,456,trafficsignal
c003,002563.jpg,836,trafficsignal
c002,002564.jpg,485,trafficsignal
c001,002565.jpg,833,trafficsignal
c002,002566.jpg,932,trafficsignal
c001,002567.jpg,1030,Crosswalk
c002,002568.jpg,985,trafficsignal
c003,002569.jpg,940,trafficsignal
c003,002570.jpg,281,trafficsignal
c002,002571.jpg,499,trafficsignal
c003,002572.jpg,854,trafficsignal
c002,002573.jpg,545,trafficsignal
c003,002574.jpg,126,trafficsignal
c001,002575.jpg,214,RubbishBins
c001,002576.jpg,773,trafficsignal
c003,002577.jpg,368,Container
c001,002578.jpg,688,trafficsignal
c002,002579.jpg,900,trafficsignal
c002,002580.jpg,879,trafficsignal
c001,002581.jpg,58,Container
c002,002582.jpg,241,Container
c001,002583.jpg,553,trafficsignal
c003,002584.jpg,864,Crosswalk
c001,002585.jpg,787,trafficsignal
c003,002586.jpg,144,Crosswalk
c001,002587.jpg,740,Container
c002,002588.jpg,500,Container
c001,002589.jpg,151,trafficsignal
c001,002590.jpg,791,Container
c002,002591.jpg,631,trafficsignal
c003,002592.jpg,454,trafficsignal
c001,002593.jpg,78,trafficsignal
c002,002594.jpg,749,RubbishBins
c002,002595.jpg,1087,trafficsignal
c002,002596.jpg,692,trafficsignal
c001,002597.jpg,909,trafficsignal
c001,002598.jpg,154,trafficsignal
c003,002599.jpg,523,Container
c002,002600.jpg,13,RubbishBins
c001,002601.jpg,1020,Container
c003,002602.jpg,1006,trafficsignal
c001,002603.jpg,1038,trafficsignal
c003,002604.jpg,988,Container
c003,002605.jpg,984,trafficsignal
c002,002606.jpg,458,trafficsignal
c001,002607.jpg,737,trafficsignal
c002,002608.jpg,613,Crosswalk
c001,002609.jpg,1033,trafficsignal
c001,002610.jpg,666,Crosswalk
c003,002611.jpg,419,trafficsignal
c001,002612.jpg,816,RubbishBins
c001,002613.jpg,264,trafficsignal
c001,002614.jpg,578,trafficsignal
c002,002615.jpg,114,trafficsignal
c001,002616.jpg,635,Crosswalk
c001,002617.jpg,789,trafficsignal
c003,002618.jpg,1066,Crosswalk
c003,002619.jpg,791,Container
c003,002620.jpg,194,trafficsignal
c003,002621.jpg,850,trafficsignal
c002,002622.jpg,437,RubbishBins
c002,002623.jpg,264,trafficsignal
c003,002624.jpg,60,trafficsignal
c002,002625.jpg,505,RubbishBins
c002,002626.jpg,999,trafficsignal
c001,002627.jpg,465,trafficsignal
c003,002628.jpg,709,trafficsignal
c001,002629.jpg,70,trafficsignal
c001,002630.jpg,446,trafficsignal
c003,002631.jpg,616,trafficsignal
c001,002632.jpg,291,trafficsignal
c003,002633.jpg,938,trafficsignal
c002,002634.jpg,739,trafficsignal
c002,002635.jpg,852,Container
c003,002636.jpg,535,trafficsignal
c001,002637.jpg,460,trafficsignal
c002,002638.jpg,849,Crosswalk
c003,002639.jpg,259,trafficsignal
c003,002640.jpg,386,trafficsignal
c003,002641.jpg,954,trafficsignal
c001,002642.jpg,63,trafficsignal
c001,002643.jpg,756,Crosswalk
c002,002644.jpg,840,trafficsignal
c001,002645.jpg,500,Container
c002,002646.jpg,585,Crosswalk
c001,002647.jpg,259,trafficsignal
c002,002648.jpg,798,trafficsignal
c002,002649.jpg,422,trafficsignal
c001,002650.jpg,367,trafficsignal
c002,002651.jpg,950,trafficsignal
c002,002652.jpg,946,Container
c002,002653.jpg,635,Crosswalk
c002,002654.jpg,265,Crosswalk
c003,002655.jpg,916,trafficsignal
c002,002656.jpg,223,trafficsignal
c001,002657.jpg,58,Container
c001,002658.jpg,313,trafficsignal
c002,002659.jpg,746,Crosswalk
c001,002660.jpg,644,RubbishBins
c002,002661.jpg,946,Container
c002,002662.jpg,439,trafficsignal
c001,002663.jpg,1090,Container
c001,002664.jpg,114,trafficsignal
c002,002665.jpg,268,trafficsignal
c001,002666.jpg,483,RubbishBins
c001,002667.jpg,998,trafficsignal
c003,002668.jpg,413,trafficsignal
c003,002669.jpg,729,trafficsignal
c002,002670.jpg,386,trafficsignal
c001,002671.jpg,699,Container
c001,002672.jpg,796,Container
c003,002673.jpg,486,trafficsignal
c003,002674.jpg,112,trafficsignal
c002,002675.jpg,999,trafficsignal
c001,002676.jpg,401,trafficsignal
c003,002677.jpg,262,RubbishBins
c003,002678.jpg,1054,trafficsignal
c003,002679.jpg,142,Crosswalk
c003,002680.jpg,544,Crosswalk
c003,002681.jpg,1007,trafficsignal
c001,002682.jpg,600,trafficsignal
c003,002683.jpg,767,trafficsignal
c001,002684.jpg,353,trafficsignal
c002,002685.jpg,398,trafficsignal
c003,002686.jpg,126,trafficsignal
c002,002687.jpg,856,trafficsignal
c003,002688.jpg,223,trafficsignal
c001,002689.jpg,861,trafficsignal
c002,002690.jpg,428,trafficsignal
c002,002691.jpg,675,trafficsignal
c003,002692.jpg,740,Container
c002,002693.jpg,66,trafficsignal
c001,002694.jpg,202,trafficsignal
c002,002695.jpg,571,trafficsignal
c003,002696.jpg,646,trafficsignal
c001,002697.jpg,900,trafficsignal
c001,002698.jpg,654,trafficsignal
c003,002699.jpg,610,Container
c001,002700.jpg,57,trafficsignal
c001,002701.jpg,134,trafficsignal
c001,002702.jpg,46,trafficsignal
c003,002703.jpg,969,Crosswalk
c001,002704.jpg,208,trafficsignal
c001,002705.jpg,407,trafficsignal
c003,002706.jpg,308,trafficsignal
c001,002707.jpg,963,RubbishBins
c001,002708.jpg,46,trafficsignal
c001,002709.jpg,516,trafficsignal
c001,002710.jpg,918,trafficsignal
c001,002711.jpg,615,trafficsignal
c003,002712.jpg,350,trafficsignal
c002,002713.jpg,23,trafficsignal
c001,002714.jpg,536,trafficsignal
c003,002715.jpg,563,trafficsignal
c002,002716.jpg,801,Crosswalk
c003,002717.jpg,890,trafficsignal
c001,002718.jpg,516,trafficsignal
c003,002719.jpg,301,trafficsignal
c003,002720.jpg,793,trafficsignal
c003,002721.jpg,1044,Crosswalk
c001,002722.jpg,504,trafficsignal
c001,002723.jpg,1052,trafficsignal
c002,002724.jpg,541,Container
c002,002725.jpg,265,Crosswalk
c003,002726.jpg,694,trafficsignal
c001,002727.jpg,946,Container
c002,002728.jpg,505,RubbishBins
c001,002729.jpg,743,trafficsignal
c002,002730.jpg,296,trafficsignal
c003,002731.jpg,925,trafficsignal
c003,002732.jpg,504,trafficsignal
c003,002733.jpg,834,trafficsignal
c003,002734.jpg,1065,trafficsignal
c001,002735.jpg,487,trafficsignal
c003,002736.jpg,1021,trafficsignal
c003,002737.jpg,307,trafficsignal
c001,002738.jpg,233,trafficsignal
c001,002739.jpg,885,Crosswalk
c001,002740.jpg,239,Crosswalk
c001,002741.jpg,557,Container
c003,002742.jpg,109,trafficsignal
c003,002743.jpg,508,Crosswalk
c003,002744.jpg,329,trafficsignal
c001,002745.jpg,398,trafficsignal
c002,002746.jpg,614,trafficsignal
c002,002747.jpg,925,trafficsignal
c001,002748.jpg,1032,Crosswalk
c002,002749.jpg,1090,Container
c003,002750.jpg,988,Container
c002,002751.jpg,383,trafficsignal
c001,002752.jpg,1036,trafficsignal
c001,002753.jpg,825,trafficsignal
c002,002754.jpg,130,Crosswalk
c001,002755.jpg,119,Crosswalk
c002,002756.jpg,969,Crosswalk
c001,002757.jpg,748,trafficsignal
c003,002758.jpg,370,Crosswalk
c001,002759.jpg,814,trafficsignal
c002,002760.jpg,646,trafficsignal
c002,002761.jpg,943,Crosswalk
c001,002762.jpg,202,trafficsignal
c003,002763.jpg,38,trafficsignal
c001,002764.jpg,535,trafficsignal
c001,002765.jpg,1067,trafficsignal
c003,002766.jpg,628,trafficsignal
c002,002767.jpg,607,trafficsignal
c003,002768.jpg,664,Crosswalk
c003,002769.jpg,1062,trafficsignal
c003,002770.jpg,275,trafficsignal
c001,002771.jpg,751,trafficsignal
c002,002772.jpg,440,trafficsignal
c002,002773.jpg,247,trafficsignal
c001,002774.jpg,579,trafficsignal
c003,002775.jpg,623,Crosswalk
c001,002776.jpg,597,trafficsignal
c003,002777.jpg,593,trafficsignal
c001,002778.jpg,900,trafficsignal
c003,002779.jpg,886,trafficsignal
c002,002780.jpg,465,trafficsignal
c001,002781.jpg,431,Container
c002,002782.jpg,346,trafficsignal
c001,002783.jpg,767,trafficsignal
c001,002784.jpg,839,trafficsignal
c001,002785.jpg,992,trafficsignal
c002,002786.jpg,876,Container
c002,002787.jpg,906,trafficsignal
c001,002788.jpg,589,trafficsignal
c001,002789.jpg,868,trafficsignal
c002,002790.jpg,183,trafficsignal
c003,002791.jpg,108,trafficsignal
c002,002792.jpg,651,Container
c001,002793.jpg,947,Crosswalk
c003,002794.jpg,115,Crosswalk
c003,002795.jpg,394,trafficsignal
c002,002796.jpg,216,trafficsignal
c001,002797.jpg,199,Container
c003,002798.jpg,83,trafficsignal
c002,002799.jpg,206,trafficsignal
c002,002800.jpg,958,Crosswalk
c002,002801.jpg,848,trafficsignal
c003,002802.jpg,956,trafficsignal
c002,002803.jpg,839,trafficsignal
c002,002804.jpg,585,Crosswalk
c001,002805.jpg,746,Crosswalk
c002,002806.jpg,512,trafficsignal
c003,002807.jpg,264,trafficsignal
c001,002808.jpg,13,RubbishBins
c001,002809.jpg,971,Crosswalk
c003,002810.jpg,279,trafficsignal
c001,002811.jpg,130,Crosswalk
c001,002812.jpg,253,trafficsignal
c003,002813.jpg,1044,Crosswalk
c003,002814.jpg,561,trafficsignal
c003,002815.jpg,492,trafficsignal
c003,002816.jpg,549,trafficsignal
c003,002817.jpg,391,Container
c002,002818.jpg,463,trafficsignal
c003,002819.jpg,202,trafficsignal
c003,002820.jpg,22,trafficsignal
c003,002821.jpg,791,Container
c002,002822.jpg,832,Crosswalk
c002,002823.jpg,427,trafficsignal
c003,002824.jpg,232,trafficsignal
c003,002825.jpg,653,trafficsignal
c003,002826.jpg,2,trafficsignal
c003,002827.jpg,827,trafficsignal
c003,002828.jpg,14,trafficsignal
c003,002829.jpg,946,Container
c002,002830.jpg,958,Crosswalk
c002,002831.jpg,58,Container
c002,002832.jpg,1036,trafficsignal
c002,002833.jpg,128,trafficsignal
c001,002834.jpg,780,trafficsignal
c001,002835.jpg,1023,trafficsignal
c001,002836.jpg,175,Crosswalk
c003,002837.jpg,105,Crosswalk
c001,002838.jpg,643,trafficsignal
c002,002839.jpg,522,Crosswalk
c002,002840.jpg,34,trafficsignal
c002,002841.jpg,999,trafficsignal
c002,002842.jpg,922,RubbishBins
c001,002843.jpg,19,RubbishBins
c001,002844.jpg,244,trafficsignal
c003,002845.jpg,203,trafficsignal
c001,002846.jpg,423,trafficsignal
c002,002847.jpg,177,trafficsignal
c003,002848.jpg,923,Crosswalk
c001,002849.jpg,613,Crosswalk
c003,002850.jpg,894,trafficsignal
c003,002851.jpg,641,Crosswalk
c003,002852.jpg,298,RubbishBins
c002,002853.jpg,238,trafficsignal
c001,002854.jpg,565,trafficsignal
c002,002855.jpg,844,Container
c003,002856.jpg,1007,trafficsignal
c003,002857.jpg,471,RubbishBins
c001,002858.jpg,100,Crosswalk
c003,002859.jpg,23,trafficsignal
c001,002860.jpg,159,trafficsignal
c002,002861.jpg,1080,trafficsignal
c001,002862.jpg,843,trafficsignal
c003,002863.jpg,394,trafficsignal
c002,002864.jpg,318,Container
c003,002865.jpg,136,trafficsignal
c003,002866.jpg,266,trafficsignal
c003,002867.jpg,793,trafficsignal
c003,002868.jpg,846,trafficsignal
c003,002869.jpg,961,trafficsignal
c001,002870.jpg,277,Crosswalk
c001,002871.jpg,353,trafficsignal
c003,002872.jpg,264,trafficsignal
c003,002873.jpg,460,trafficsignal
c002,002874.jpg,651,Container
c001,002875.jpg,246,trafficsignal
c003,002876.jpg,859,trafficsignal
c002,002877.jpg,134,trafficsignal
c001,002878.jpg,585,Crosswalk
c001,002879.jpg,78,trafficsignal
c001,002880.jpg,529,trafficsignal
c002,002881.jpg,818,trafficsignal
c002,002882.jpg,454,trafficsignal
c003,002883.jpg,931,trafficsignal
c001,002884.jpg,363,trafficsignal
c002,002885.jpg,539,Container
c002,002886.jpg,1090,Container
c003,002887.jpg,357,trafficsignal
c001,002888.jpg,690,trafficsignal
c001,002889.jpg,566,Crosswalk
c002,002890.jpg,952,trafficsignal
c001,002891.jpg,54,trafficsignal
c003,002892.jpg,190,trafficsignal
c002,002893.jpg,133,trafficsignal
c003,002894.jpg,1061,trafficsignal
c003,002895.jpg,916,trafficsignal
c001,002896.jpg,975,trafficsignal
c001,002897.jpg,410,Crosswalk
c002,002898.jpg,718,trafficsignal
c002,002899.jpg,326,Container
c002,002900.jpg,1059,trafficsignal
c003,002901.jpg,871,Container
c002,002902.jpg,579,trafficsignal
c003,002903.jpg,1014,RubbishBins
c003,002904.jpg,584,trafficsignal
c003,002905.jpg,220,Crosswalk
c003,002906.jpg,422,trafficsignal
c003,002907.jpg,364,Crosswalk
c003,002908.jpg,522,Crosswalk
c001,002909.jpg,1022,trafficsignal
c002,002910.jpg,625,RubbishBins
c001,002911.jpg,888,RubbishBins
c002,002912.jpg,956,trafficsignal
c002,002913.jpg,367,trafficsignal
c002,002914.jpg,99,trafficsignal
c003,002915.jpg,431,Container
c002,002916.jpg,215,RubbishBins
c003,002917.jpg,430,RubbishBins
c003,002918.jpg,563,trafficsignal
c002,002919.jpg,526,trafficsignal
c001,002920.jpg,422,trafficsignal
c002,002921.jpg,745,trafficsignal
c001,002922.jpg,181,Crosswalk
c001,002923.jpg,909,trafficsignal
c002,002924.jpg,443,trafficsignal
c003,002925.jpg,750,trafficsignal
c001,002926.jpg,258,trafficsignal
c001,002927.jpg,657,trafficsignal
c003,002928.jpg,717,RubbishBins
c003,002929.jpg,552,trafficsignal
c003,002930.jpg,79,RubbishBins
c002,002931.jpg,180,trafficsignal
c003,002932.jpg,282,trafficsignal
c001,002933.jpg,873,trafficsignal
c001,002934.jpg,226,trafficsignal
c003,002935.jpg,63,trafficsignal
c002,002936.jpg,565,trafficsignal
c001,002937.jpg,868,trafficsignal
c003,002938.jpg,379,trafficsignal
c001,002939.jpg,717,RubbishBins
c001,002940.jpg,246,trafficsignal
c001,002941.jpg,769,Crosswalk
c002,002942.jpg,62,trafficsignal
c003,002943.jpg,473,trafficsignal
c002,002944.jpg,382,trafficsignal
c002,002945.jpg,771,trafficsignal
c002,002946.jpg,111,Crosswalk
c001,002947.jpg,775,trafficsignal
c002,002948.jpg,743,trafficsignal
c001,002949.jpg,91,trafficsignal
c003,002950.jpg,428,trafficsignal
c001,002951.jpg,883,trafficsignal
c003,002952.jpg,524,Crosswalk
c003,002953.jpg,647,trafficsignal
c001,002954.jpg,233,trafficsignal
c003,002955.jpg,504,trafficsignal
c001,002956.jpg,862,Container
c002,002957.jpg,664,Crosswalk
c002,002958.jpg,281,trafficsignal
c002,002959.jpg,789,trafficsignal
c002,002960.jpg,785,trafficsignal
c001,002961.jpg,988,Container
c003,002962.jpg,542,Container
c003,002963.jpg,545,trafficsignal
c002,002964.jpg,871,Container
c002,002965.jpg,86,trafficsignal
c003,002966.jpg,717,RubbishBins
c001,002967.jpg,1008,trafficsignal
c002,002968.jpg,765,RubbishBins
c002,002969.jpg,848,trafficsignal
c001,002970.jpg,95,trafficsignal
c003,002971.jpg,262,RubbishBins
c002,002972.jpg,888,RubbishBins
c001,002973.jpg,728,trafficsignal
c003,002974.jpg,265,Crosswalk
c001,002975.jpg,586,Container
c001,002976.jpg,710,trafficsignal
c002,002977.jpg,561,trafficsignal
c001,002978.jpg,135,trafficsignal
c001,002979.jpg,572,trafficsignal
c002,002980.jpg,716,trafficsignal
c003,002981.jpg,252,Crosswalk
c002,002982.jpg,984,trafficsignal
c003,002983.jpg,496,trafficsignal
c003,002984.jpg,747,trafficsignal
c001,002985.jpg,693,trafficsignal
c001,002986.jpg,776,Container
c002,002987.jpg,850,trafficsignal
c002,002988.jpg,960,trafficsignal
c001,002989.jpg,309,trafficsignal
c002,002990.jpg,804,trafficsignal
c003,002991.jpg,874,trafficsignal
c002,002992.jpg,1054,trafficsignal
c001,002993.jpg,770,trafficsignal
c001,002994.jpg,46,trafficsignal
c001,002995.jpg,909,trafficsignal
c002,002996.jpg,1044,Crosswalk
c001,002997.jpg,130,Crosswalk
c003,002998.jpg,696,trafficsignal
c002,002999.jpg,386,trafficsignal
c001,003000.jpg,552,trafficsignal
c003,003001.jpg,230,trafficsignal
c003,003002.jpg,912,trafficsignal
c003,003003.jpg,173,trafficsignal
c002,003004.jpg,291,trafficsignal
c002,003005.jpg,84,trafficsignal
c001,003006.jpg,920,trafficsignal
c001,003007.jpg,476,trafficsignal
c001,003008.jpg,981,trafficsignal
c001,003009.jpg,756,Crosswalk
c002,003010.jpg,80,RubbishBins
c001,003011.jpg,993,trafficsignal
c001,003012.jpg,72,trafficsignal
c003,003013.jpg,254,trafficsignal
c003,003014.jpg,882,trafficsignal
c002,003015.jpg,539,Container
c002,003016.jpg,45,trafficsignal
c002,003017.jpg,381,trafficsignal
c003,003018.jpg,1087,trafficsignal
c003,003019.jpg,454,trafficsignal
c003,003020.jpg,710,trafficsignal
c003,003021.jpg,604,RubbishBins
c003,003022.jpg,662,trafficsignal
c003,003023.jpg,1090,Container
c002,003024.jpg,557,Container
c001,003025.jpg,601,trafficsignal
c003,003026.jpg,1083,RubbishBins
c003,003027.jpg,942,trafficsignal
c001,003028.jpg,347,trafficsignal
c002,003029.jpg,556,trafficsignal
c003,003030.jpg,54,trafficsignal
c003,003031.jpg,970,Crosswalk
c003,003032.jpg,693,trafficsignal
c002,003033.jpg,45,trafficsignal
c002,003034.jpg,124,trafficsignal
c002,003035.jpg,208,trafficsignal
c003,003036.jpg,665,Crosswalk
c003,003037.jpg,132,trafficsignal
c001,003038.jpg,847,trafficsignal
c001,003039.jpg,988,RubbishBins
c003,003040.jpg,13,RubbishBins
c002,003041.jpg,860,trafficsignal
c002,003042.jpg,106,trafficsignal
c003,003043.jpg,922,RubbishBins
c001,003044.jpg,190,trafficsignal
c002,003045.jpg,1078,trafficsignal
c002,003046.jpg,717,RubbishBins
c003,003047.jpg,353,trafficsignal
c003,003048.jpg,865,Container
c002,003049.jpg,103,trafficsignal
c001,003050.jpg,819,RubbishBins
c003,003051.jpg,904,trafficsignal
c002,003052.jpg,384,trafficsignal
c002,003053.jpg,557,Container
c001,003054.jpg,471,RubbishBins
c003,003055.jpg,280,trafficsignal
c002,003056.jpg,109,trafficsignal
c003,003057.jpg,367,trafficsignal
c003,003058.jpg,185,trafficsignal
c001,003059.jpg,282,trafficsignal
c002,003060.jpg,757,RubbishBins
c001,003061.jpg,818,trafficsignal
c002,003062.jpg,869,Crosswalk
c001,003063.jpg,1074,trafficsignal
c002,003064.jpg,291,trafficsignal
c002,003065.jpg,401,trafficsignal
c003,003066.jpg,957,Container
c003,003067.jpg,683,trafficsignal
c003,003068.jpg,307,trafficsignal
c001,003069.jpg,904,trafficsignal
c003,003070.jpg,1052,trafficsignal
c002,003071.jpg,979,trafficsignal
c001,003072.jpg,473,trafficsignal
c001,003073.jpg,849,Crosswalk
c003,003074.jpg,29,trafficsignal
c002,003075.jpg,431,Container
c001,003076.jpg,1064,RubbishBins
c002,003077.jpg,969,Crosswalk
c003,003078.jpg,500,Container
c002,003079.jpg,201,RubbishBins
c002,003080.jpg,470,trafficsignal
c003,003081.jpg,96,Container
c001,003082.jpg,886,trafficsignal
c002,003083.jpg,566,Crosswalk
c002,003084.jpg,810,RubbishBins
c001,003085.jpg,1,Container
c003,003086.jpg,117,Container
c001,003087.jpg,551,trafficsignal
c001,003088.jpg,438,trafficsignal
c001,003089.jpg,761,trafficsignal
c001,003090.jpg,491,RubbishBins
c001,003091.jpg,543,trafficsignal
c002,003092.jpg,279,trafficsignal
c001,003093.jpg,757,RubbishBins
c003,003094.jpg,586,Container
c002,003095.jpg,887,RubbishBins
c002,003096.jpg,75,trafficsignal
c001,003097.jpg,569,trafficsignal
c001,003098.jpg,440,trafficsignal
c002,003099.jpg,815,trafficsignal
c003,003100.jpg,850,trafficsignal
c002,003101.jpg,331,trafficsignal
c003,003102.jpg,535,trafficsignal
c003,003103.jpg,163,trafficsignal
c002,003104.jpg,210,RubbishBins
c003,003105.jpg,277,Crosswalk
c003,003106.jpg,117,Container
c002,003107.jpg,841,trafficsignal
c002,003108.jpg,606,trafficsignal
c002,003109.jpg,1064,RubbishBins
c001,003110.jpg,1081,trafficsignal
c003,003111.jpg,713,trafficsignal
c001,003112.jpg,1064,RubbishBins
c003,003113.jpg,1069,trafficsignal
c003,003114.jpg,853,trafficsignal
c003,003115.jpg,84,trafficsignal
c002,003116.jpg,126,trafficsignal
c002,003117.jpg,666,Crosswalk
c001,003118.jpg,760,RubbishBins
c001,003119.jpg,366,RubbishBins
c001,003120.jpg,128,trafficsignal
c001,003121.jpg,579,trafficsignal
c002,003122.jpg,736,Crosswalk
c003,003123.jpg,187,trafficsignal
c001,003124.jpg,111,Crosswalk
c002,003125.jpg,961,trafficsignal
c002,003126.jpg,861,trafficsignal
c001,003127.jpg,345,trafficsignal
c001,003128.jpg,746,Crosswalk
c003,003129.jpg,936,trafficsignal
c003,003130.jpg,941,trafficsignal
c003,003131.jpg,463,trafficsignal
c001,003132.jpg,680,RubbishBins
c003,003133.jpg,654,trafficsignal
c002,003134.jpg,623,Crosswalk
c001,003135.jpg,695,trafficsignal
c001,003136.jpg,448,RubbishBins
c003,003137.jpg,309,trafficsignal
c001,003138.jpg,947,Crosswalk
c002,003139.jpg,367,trafficsignal
c003,003140.jpg,26,trafficsignal
c002,003141.jpg,817,trafficsignal
c001,003142.jpg,725,trafficsignal
c002,003143.jpg,957,Container
c003,003144.jpg,699,Container
c001,003145.jpg,816,RubbishBins
c003,003146.jpg,932,trafficsignal
c001,003147.jpg,1040,trafficsignal
c001,003148.jpg,650,trafficsignal
c002,003149.jpg,707,Container
c001,003150.jpg,423,trafficsignal
c002,003151.jpg,737,trafficsignal
c001,003152.jpg,337,trafficsignal
c001,003153.jpg,843,trafficsignal
c002,003154.jpg,368,Container
c003,003155.jpg,548,Crosswalk
c001,003156.jpg,1088,trafficsignal
c001,003157.jpg,929,Crosswalk
c002,003158.jpg,31,Crosswalk
c003,003159.jpg,177,trafficsignal
c003,003160.jpg,788,trafficsignal
c002,003161.jpg,1070,Crosswalk
c003,003162.jpg,35,trafficsignal
c001,003163.jpg,141,Crosswalk
c003,003164.jpg,629,trafficsignal
c001,003165.jpg,279,trafficsignal
c002,003166.jpg,796,Container
c002,003167.jpg,778,trafficsignal
c003,003168.jpg,451,trafficsignal
c001,003169.jpg,569,trafficsignal
c003,003170.jpg,637,trafficsignal
c002,003171.jpg,521,Container
c003,003172.jpg,848,trafficsignal
c001,003173.jpg,974,trafficsignal
c001,003174.jpg,117,Container
c001,003175.jpg,861,trafficsignal
c001,003176.jpg,793,trafficsignal
c003,003177.jpg,737,trafficsignal
c001,003178.jpg,651,Container
c003,003179.jpg,644,RubbishBins
c002,003180.jpg,736,Crosswalk
c002,003181.jpg,623,Crosswalk
c003,003182.jpg,82,trafficsignal
c001,003183.jpg,973,trafficsignal
c002,003184.jpg,584,trafficsignal
c001,003185.jpg,535,trafficsignal
c003,003186.jpg,707,Container
c002,003187.jpg,680,RubbishBins
c003,003188.jpg,1003,trafficsignal
c003,003189.jpg,318,RubbishBins
c003,003190.jpg,640,Container
c001,003191.jpg,568,trafficsignal
c001,003192.jpg,207,trafficsignal
c002,003193.jpg,216,trafficsignal
c003,003194.jpg,911,Container
c002,003195.jpg,627,RubbishBins
c001,003196.jpg,352,trafficsignal
c001,003197.jpg,702,trafficsignal
c003,003198.jpg,851,trafficsignal
c003,003199.jpg,865,Container
c003,003200.jpg,199,Container
c003,003201.jpg,322,trafficsignal
c001,003202.jpg,943,Crosswalk
c002,003203.jpg,628,trafficsignal
c002,003204.jpg,172,Crosswalk
c002,003205.jpg,758,trafficsignal
c001,003206.jpg,295,trafficsignal
c003,003207.jpg,926,Crosswalk
c002,003208.jpg,1006,trafficsignal
c003,003209.jpg,1005,Crosswalk
c001,003210.jpg,537,trafficsignal
c002,003211.jpg,1073,trafficsignal
c003,003212.jpg,132,trafficsignal
c001,003213.jpg,889,RubbishBins
c001,003214.jpg,156,trafficsignal
c002,003215.jpg,266,trafficsignal
c002,003216.jpg,13,RubbishBins
c001,003217.jpg,728,trafficsignal
c002,003218.jpg,498,trafficsignal
c003,003219.jpg,619,trafficsignal
c002,003220.jpg,199,Container
c001,003221.jpg,221,Crosswalk
c001,003222.jpg,1055,trafficsignal
c001,003223.jpg,884,Crosswalk
c002,003224.jpg,842,trafficsignal
c001,003225.jpg,818,trafficsignal
c003,003226.jpg,321,trafficsignal
c001,003227.jpg,469,trafficsignal
c003,003228.jpg,161,trafficsignal
c003,003229.jpg,77,Container
c002,003230.jpg,887,RubbishBins
c001,003231.jpg,459,trafficsignal
c001,003232.jpg,1078,trafficsignal
c003,003233.jpg,491,RubbishBins
c002,003234.jpg,437,RubbishBins
c002,003235.jpg,306,RubbishBins
c001,003236.jpg,548,Crosswalk
c003,003237.jpg,982,trafficsignal
c001,003238.jpg,247,trafficsignal
c003,003239.jpg,97,trafficsignal
c001,003240.jpg,610,Container
c002,003241.jpg,440,trafficsignal
c003,003242.jpg,95,trafficsignal
c002,003243.jpg,414,trafficsignal
c003,003244.jpg,606,trafficsignal
c001,003245.jpg,106,trafficsignal
c001,003246.jpg,117,Container
c002,003247.jpg,572,trafficsignal
c002,003248.jpg,169,Container
c003,003249.jpg,886,trafficsignal
c003,003250.jpg,669,trafficsignal
c003,003251.jpg,708,trafficsignal
c001,003252.jpg,380,trafficsignal
c003,003253.jpg,862,Container
c001,003254.jpg,629,trafficsignal
c002,003255.jpg,431,Container
c003,003256.jpg,396,Crosswalk
c002,003257.jpg,900,trafficsignal
c003,003258.jpg,321,trafficsignal
c003,003259.jpg,1028,trafficsignal
c002,003260.jpg,521,Container
c003,003261.jpg,995,trafficsignal
c001,003262.jpg,525,trafficsignal
c003,003263.jpg,582,trafficsignal
c001,003264.jpg,582,trafficsignal
c002,003265.jpg,857,Crosswalk
c001,003266.jpg,829,trafficsignal
c001,003267.jpg,164,Container
c001,003268.jpg,512,trafficsignal
c002,003269.jpg,457,trafficsignal
c002,003270.jpg,580,Crosswalk
c001,003271.jpg,799,trafficsignal
c001,003272.jpg,746,Crosswalk
c002,003273.jpg,1037,trafficsignal
c002,003274.jpg,417,trafficsignal
c002,003275.jpg,887,RubbishBins
c001,003276.jpg,659,trafficsignal
c001,003277.jpg,565,trafficsignal
c003,003278.jpg,981,trafficsignal
c002,003279.jpg,258,trafficsignal
c001,003280.jpg,439,trafficsignal
c002,003281.jpg,1077,trafficsignal
c003,003282.jpg,863,trafficsignal
c001,003283.jpg,613,Crosswalk
c002,003284.jpg,172,Crosswalk
c003,003285.jpg,860,trafficsignal
c003,003286.jpg,178,trafficsignal
c002,003287.jpg,541,Container
c001,003288.jpg,852,Container
c001,003289.jpg,454,trafficsignal
c003,003290.jpg,222,trafficsignal
c002,003291.jpg,38,trafficsignal
c003,003292.jpg,1035,trafficsignal
c002,003293.jpg,582,trafficsignal
c003,003294.jpg,333,RubbishBins
c001,003295.jpg,879,trafficsignal
c002,003296.jpg,991,Crosswalk
c002,003297.jpg,382,trafficsignal
c002,003298.jpg,60,trafficsignal
c003,003299.jpg,253,trafficsignal
c002,003300.jpg,843,trafficsignal
c003,003301.jpg,1085,trafficsignal
c002,003302.jpg,611,trafficsignal
c002,003303.jpg,796,Container
c001,003304.jpg,1033,trafficsignal
c002,003305.jpg,682,trafficsignal
c001,003306.jpg,926,Crosswalk
c003,003307.jpg,46,trafficsignal
c001,003308.jpg,7,trafficsignal
c001,003309.jpg,129,trafficsignal
c001,003310.jpg,817,trafficsignal
c003,003311.jpg,885,Crosswalk
c002,003312.jpg,422,trafficsignal
c002,003313.jpg,924,trafficsignal
c002,003314.jpg,160,Container
c001,003315.jpg,627,RubbishBins
c002,003316.jpg,743,trafficsignal
c001,003317.jpg,870,trafficsignal
c002,003318.jpg,846,trafficsignal
c003,003319.jpg,912,trafficsignal
c001,003320.jpg,545,trafficsignal
c003,003321.jpg,38,trafficsignal
c001,003322.jpg,1065,trafficsignal
c003,003323.jpg,574,trafficsignal
c001,003324.jpg,766,trafficsignal
c001,003325.jpg,421,trafficsignal
c002,003326.jpg,923,Crosswalk
c002,003327.jpg,234,trafficsignal
c003,003328.jpg,220,Crosswalk
c001,003329.jpg,689,trafficsignal
c001,003330.jpg,457,trafficsignal
c003,003331.jpg,62,trafficsignal
c002,003332.jpg,239,Crosswalk
c002,003333.jpg,1041,Crosswalk
c001,003334.jpg,557,Container
c003,003335.jpg,992,trafficsignal
c001,003336.jpg,1038,trafficsignal
c003,003337.jpg,119,Crosswalk
c003,003338.jpg,651,Container
c003,003339.jpg,12,trafficsignal
c002,003340.jpg,504,trafficsignal
c001,003341.jpg,662,trafficsignal
c002,003342.jpg,1084,trafficsignal
c003,003343.jpg,380,trafficsignal
c001,003344.jpg,819,RubbishBins
c003,003345.jpg,121,trafficsignal
c001,003346.jpg,72,trafficsignal
c003,003347.jpg,880,Crosswalk
c001,003348.jpg,969,Crosswalk
c002,003349.jpg,1031,Crosswalk
c001,003350.jpg,909,trafficsignal
c003,003351.jpg,71,trafficsignal
c002,003352.jpg,886,trafficsignal
c002,003353.jpg,308,trafficsignal
c003,003354.jpg,580,Crosswalk
c002,003355.jpg,408,trafficsignal
c002,003356.jpg,836,trafficsignal
c001,003357.jpg,522,Crosswalk
c003,003358.jpg,801,Crosswalk
c001,003359.jpg,651,Container
c003,003360.jpg,86,trafficsignal
c002,003361.jpg,181,Crosswalk
c003,003362.jpg,902,trafficsignal
c003,003363.jpg,352,trafficsignal
c002,003364.jpg,156,trafficsignal
c002,003365.jpg,241,Container
c003,003366.jpg,725,trafficsignal
c002,003367.jpg,237,trafficsignal
c002,003368.jpg,811,RubbishBins
c003,003369.jpg,501,trafficsignal
c002,003370.jpg,1043,Container
c003,003371.jpg,141,Crosswalk
c001,003372.jpg,875,trafficsignal
c001,003373.jpg,1014,RubbishBins
c003,003374.jpg,841,trafficsignal
c002,003375.jpg,40,RubbishBins
c002,003376.jpg,597,trafficsignal
c002,003377.jpg,229,trafficsignal
c003,003378.jpg,326,Container
c002,003379.jpg,600,trafficsignal
c003,003380.jpg,801,Crosswalk
c003,003381.jpg,174,trafficsignal
c002,003382.jpg,221,Crosswalk
c003,003383.jpg,981,trafficsignal
c002,003384.jpg,907,Crosswalk
c001,003385.jpg,216,trafficsignal
c003,003386.jpg,891,trafficsignal
c003,003387.jpg,414,trafficsignal
c002,003388.jpg,631,trafficsignal
c003,003389.jpg,936,trafficsignal
c003,003390.jpg,25,Crosswalk
c003,003391.jpg,116,trafficsignal
c001,003392.jpg,525,trafficsignal
c003,003393.jpg,1047,trafficsignal
c003,003394.jpg,259,trafficsignal
c003,003395.jpg,1013,trafficsignal
c003,003396.jpg,160,Container
c001,003397.jpg,334,trafficsignal
c002,003398.jpg,1078,trafficsignal
c002,003399.jpg,771,trafficsignal
c002,003400.jpg,1014,RubbishBins
c001,003401.jpg,144,Crosswalk
c003,003402.jpg,355,trafficsignal
c001,003403.jpg,872,trafficsignal
c003,003404.jpg,151,trafficsignal
c003,003405.jpg,1055,trafficsignal
c003,003406.jpg,204,Crosswalk
c003,003407.jpg,318,Container
c003,003408.jpg,586,Container
c002,003409.jpg,589,trafficsignal
c003,003410.jpg,96,Container
c002,003411.jpg,841,trafficsignal
c001,003412.jpg,849,Crosswalk
c003,003413.jpg,1075,trafficsignal
c002,003414.jpg,595,trafficsignal
c002,003415.jpg,408,trafficsignal
c001,003416.jpg,55,trafficsignal
c001,003417.jpg,822,trafficsignal
c002,003418.jpg,449,trafficsignal
c002,003419.jpg,1042,RubbishBins
c003,003420.jpg,88,trafficsignal
c002,003421.jpg,506,trafficsignal
c003,003422.jpg,221,Crosswalk
c003,003423.jpg,313,trafficsignal
c001,003424.jpg,358,trafficsignal
c002,003425.jpg,207,trafficsignal
c002,003426.jpg,526,trafficsignal
c001,003427.jpg,571,trafficsignal
c001,003428.jpg,134,trafficsignal
c002,003429.jpg,622,Container
c002,003430.jpg,495,trafficsignal
c002,003431.jpg,589,trafficsignal
c001,003432.jpg,420,trafficsignal
c003,003433.jpg,156,trafficsignal
c002,003434.jpg,259,trafficsignal
c001,003435.jpg,406,Crosswalk
c002,003436.jpg,201,RubbishBins
c003,003437.jpg,109,trafficsignal
c002,003438.jpg,124,trafficsignal
c001,003439.jpg,700,trafficsignal
c003,003440.jpg,624,trafficsignal
c001,003441.jpg,546,trafficsignal
c001,003442.jpg,121,trafficsignal
c001,003443.jpg,1064,RubbishBins
c003,003444.jpg,887,RubbishBins
c003,003445.jpg,987,trafficsignal
c003,003446.jpg,988,Container
c003,003447.jpg,437,RubbishBins
c002,003448.jpg,631,trafficsignal
c003,003449.jpg,681,trafficsignal
c001,003450.jpg,141,Crosswalk
c002,003451.jpg,227,trafficsignal
c002,003452.jpg,318,Container
c003,003453.jpg,125,trafficsignal
c001,003454.jpg,62,trafficsignal
c002,003455.jpg,922,RubbishBins
c001,003456.jpg,84,trafficsignal
c003,003457.jpg,51,trafficsignal
c001,003458.jpg,962,trafficsignal
c002,003459.jpg,831,trafficsignal
c003,003460.jpg,745,trafficsignal
c002,003461.jpg,88,trafficsignal
c002,003462.jpg,712,trafficsignal
c001,003463.jpg,918,trafficsignal
c003,003464.jpg,730,Container
c003,003465.jpg,633,Crosswalk
c003,003466.jpg,352,trafficsignal
c002,003467.jpg,901,Crosswalk
c002,003468.jpg,810,RubbishBins
c002,003469.jpg,890,trafficsignal
c003,003470.jpg,240,Crosswalk
c001,003471.jpg,437,RubbishBins
c001,003472.jpg,927,trafficsignal
c003,003473.jpg,850,trafficsignal
c002,003474.jpg,540,trafficsignal
c003,003475.jpg,245,trafficsignal
c003,003476.jpg,408,trafficsignal
c002,003477.jpg,650,trafficsignal
c003,003478.jpg,402,Crosswalk
c002,003479.jpg,235,trafficsignal
c001,003480.jpg,998,trafficsignal
c003,003481.jpg,761,trafficsignal
c003,003482.jpg,392,trafficsignal
c001,003483.jpg,27,trafficsignal
c003,003484.jpg,162,Crosswalk
c003,003485.jpg,924,trafficsignal
c002,003486.jpg,499,trafficsignal
c003,003487.jpg,429,trafficsignal
c003,003488.jpg,554,trafficsignal
c001,003489.jpg,641,Crosswalk
c001,003490.jpg,369,Crosswalk
c003,003491.jpg,638,Container
c003,003492.jpg,1008,trafficsignal
c001,003493.jpg,431,Container
c001,003494.jpg,421,trafficsignal
c002,003495.jpg,262,RubbishBins
c001,003496.jpg,57,trafficsignal
c001,003497.jpg,200,trafficsignal
c003,003498.jpg,579,trafficsignal
c002,003499.jpg,683,trafficsignal
c001,003500.jpg,541,Container
c002,003501.jpg,482,Container
c003,003502.jpg,664,Crosswalk
c003,003503.jpg,460,trafficsignal
c001,003504.jpg,18,trafficsignal
c003,003505.jpg,304,trafficsignal
c001,003506.jpg,1054,trafficsignal
c002,003507.jpg,206,trafficsignal
c002,003508.jpg,54,trafficsignal
c001,003509.jpg,472,trafficsignal
c003,003510.jpg,141,Crosswalk
c001,003511.jpg,241,Container
c002,003512.jpg,148,trafficsignal
c003,003513.jpg,14,trafficsignal
c001,003514.jpg,27,trafficsignal
c002,003515.jpg,646,trafficsignal
c002,003516.jpg,353,trafficsignal
c002,003517.jpg,197,trafficsignal
c001,003518.jpg,277,Crosswalk
c001,003519.jpg,300,trafficsignal
c001,003520.jpg,1080,trafficsignal
c001,003521.jpg,26,trafficsignal
c003,003522.jpg,172,Crosswalk
c003,003523.jpg,811,RubbishBins
c003,003524.jpg,253,trafficsignal
c001,003525.jpg,206,trafficsignal
c001,003526.jpg,838,trafficsignal
c002,003527.jpg,196,trafficsignal
c001,003528.jpg,949,trafficsignal
c003,003529.jpg,576,RubbishBins
c002,003530.jpg,915,trafficsignal
c003,003531.jpg,389,RubbishBins
c003,003532.jpg,812,trafficsignal
c002,003533.jpg,413,trafficsignal
c001,003534.jpg,367,trafficsignal
c001,003535.jpg,619,trafficsignal
c002,003536.jpg,1037,trafficsignal
c001,003537.jpg,877,Crosswalk
c001,003538.jpg,38,trafficsignal
c003,003539.jpg,196,trafficsignal
c001,003540.jpg,250,RubbishBins
c001,003541.jpg,333,RubbishBins
c002,003542.jpg,971,Crosswalk
c001,003543.jpg,801,Crosswalk
c001,003544.jpg,238,trafficsignal
c003,003545.jpg,881,trafficsignal
c003,003546.jpg,163,trafficsignal
c003,003547.jpg,326,Container
c002,003548.jpg,420,trafficsignal
c001,003549.jpg,120,trafficsignal
c001,003550.jpg,207,trafficsignal
c003,003551.jpg,88,trafficsignal
c002,003552.jpg,719,trafficsignal
c003,003553.jpg,328,trafficsignal
c002,003554.jpg,500,Container
c002,003555.jpg,1055,trafficsignal
c003,003556.jpg,1059,trafficsignal
c003,003557.jpg,51,trafficsignal
c003,003558.jpg,605,trafficsignal
c003,003559.jpg,482,Container
c003,003560.jpg,911,Container
c003,003561.jpg,15,trafficsignal
c002,003562.jpg,493,Crosswalk
c001,003563.jpg,89,trafficsignal
c003,003564.jpg,808,Crosswalk
c001,003565.jpg,541,Container
c003,003566.jpg,77,Container
c003,003567.jpg,719,trafficsignal
c003,003568.jpg,484,trafficsignal
c002,003569.jpg,165,trafficsignal
c002,003570.jpg,436,trafficsignal
c002,003571.jpg,431,Container
c001,003572.jpg,475,trafficsignal
c003,003573.jpg,339,trafficsignal
c001,003574.jpg,874,trafficsignal
c002,003575.jpg,424,trafficsignal
c002,003576.jpg,13,RubbishBins
c002,003577.jpg,911,Container
c003,003578.jpg,326,Container
c001,003579.jpg,497,trafficsignal
c001,003580.jpg,559,RubbishBins
c003,003581.jpg,856,trafficsignal
c002,003582.jpg,119,Crosswalk
c003,003583.jpg,901,Crosswalk
c002,003584.jpg,797,trafficsignal
c002,003585.jpg,1055,trafficsignal
c003,003586.jpg,948,trafficsignal
c002,003587.jpg,904,trafficsignal
c002,003588.jpg,612,trafficsignal
c002,003589.jpg,152,trafficsignal
c001,003590.jpg,501,trafficsignal
c003,003591.jpg,293,Container
c001,003592.jpg,128,trafficsignal
c003,003593.jpg,863,trafficsignal
c001,003594.jpg,847,trafficsignal
c001,003595.jpg,396,Crosswalk
c001,003596.jpg,862,Container
c001,003597.jpg,778,trafficsignal
c002,003598.jpg,710,trafficsignal
c003,003599.jpg,161,trafficsignal
c001,003600.jpg,713,trafficsignal
c001,003601.jpg,984,trafficsignal
c002,003602.jpg,272,trafficsignal
c001,003603.jpg,698,trafficsignal
c002,003604.jpg,1051,Crosswalk
c003,003605.jpg,656,trafficsignal
c001,003606.jpg,266,trafficsignal
c001,003607.jpg,183,trafficsignal
c001,003608.jpg,954,trafficsignal
c003,003609.jpg,1047,trafficsignal
c002,003610.jpg,753,RubbishBins
c002,003611.jpg,292,trafficsignal
c002,003612.jpg,284,Crosswalk
c001,003613.jpg,540,trafficsignal
c001,003614.jpg,918,trafficsignal
c001,003615.jpg,329,trafficsignal
c003,003616.jpg,988,Container
c002,003617.jpg,426,trafficsignal
c001,003618.jpg,515,trafficsignal
c001,003619.jpg,1065,trafficsignal
c002,003620.jpg,852,Container
c001,003621.jpg,1040,trafficsignal
c003,003622.jpg,769,Crosswalk
c001,003623.jpg,291,trafficsignal
c003,003624.jpg,765,RubbishBins
c002,003625.jpg,512,trafficsignal
c003,003626.jpg,869,Crosswalk
c002,003627.jpg,592,trafficsignal
c003,003628.jpg,736,Crosswalk
c001,003629.jpg,307,trafficsignal
c002,003630.jpg,258,trafficsignal
c001,003631.jpg,977,trafficsignal
c002,003632.jpg,282,trafficsignal
c003,003633.jpg,634,trafficsignal
c003,003634.jpg,77,Container
c001,003635.jpg,243,trafficsignal
c003,003636.jpg,553,trafficsignal
c003,003637.jpg,827,trafficsignal
c003,003638.jpg,924,trafficsignal
c001,003639.jpg,142,Crosswalk
c001,003640.jpg,566,Crosswalk
c003,003641.jpg,459,trafficsignal
c003,003642.jpg,422,trafficsignal
c002,003643.jpg,946,Container
c003,003644.jpg,143,trafficsignal
c002,003645.jpg,929,Crosswalk
c003,003646.jpg,641,Crosswalk
c003,003647.jpg,1038,trafficsignal
c003,003648.jpg,460,trafficsignal
c002,003649.jpg,823,trafficsignal
c002,003650.jpg,1002,trafficsignal
c002,003651.jpg,505,RubbishBins
c002,003652.jpg,1090,Container
c001,003653.jpg,751,trafficsignal
c001,003654.jpg,466,trafficsignal
c001,003655.jpg,965,trafficsignal
c003,003656.jpg,1072,trafficsignal
c003,003657.jpg,255,trafficsignal
c001,003658.jpg,709,trafficsignal
c002,003659.jpg,339,trafficsignal
c002,003660.jpg,499,trafficsignal
c001,003661.jpg,1085,trafficsignal
c002,003662.jpg,226,trafficsignal
c003,003663.jpg,190,trafficsignal
c002,003664.jpg,898,trafficsignal
c003,003665.jpg,134,trafficsignal
c003,003666.jpg,916,trafficsignal
c003,003667.jpg,1080,trafficsignal
c001,003668.jpg,508,Crosswalk
c003,003669.jpg,597,trafficsignal
c003,003670.jpg,641,Crosswalk
c003,003671.jpg,766,trafficsignal
c002,003672.jpg,666,Crosswalk
c002,003673.jpg,650,trafficsignal
c001,003674.jpg,916,trafficsignal
c001,003675.jpg,839,trafficsignal
c003,003676.jpg,618,trafficsignal
c003,003677.jpg,863,trafficsignal
c002,003678.jpg,1072,trafficsignal
c003,003679.jpg,63,trafficsignal
c002,003680.jpg,1083,RubbishBins
c003,003681.jpg,498,trafficsignal
c002,003682.jpg,408,trafficsignal
c002,003683.jpg,700,trafficsignal
c001,003684.jpg,129,trafficsignal
c003,003685.jpg,957,Container
c003,003686.jpg,448,RubbishBins
c003,003687.jpg,88,trafficsignal
c003,003688.jpg,808,Crosswalk
c002,003689.jpg,548,Crosswalk
c001,003690.jpg,887,RubbishBins
c002,003691.jpg,11,trafficsignal
c003,003692.jpg,14,trafficsignal
c001,003693.jpg,12,trafficsignal
c001,003694.jpg,1066,Crosswalk
c001,003695.jpg,943,Crosswalk
c003,003696.jpg,1048,trafficsignal
c002,003697.jpg,141,Crosswalk
c002,003698.jpg,821,RubbishBins
c003,003699.jpg,84,trafficsignal
c003,003700.jpg,829,trafficsignal
c001,003701.jpg,603,Container
c003,003702.jpg,63,trafficsignal
c002,003703.jpg,206,trafficsignal
c002,003704.jpg,12,trafficsignal
c001,003705.jpg,746,Crosswalk
c003,003706.jpg,548,Crosswalk
c003,003707.jpg,839,trafficsignal
c003,003708.jpg,642,trafficsignal
c003,003709.jpg,70,trafficsignal
c003,003710.jpg,1020,Container
c003,003711.jpg,301,trafficsignal
c001,003712.jpg,171,trafficsignal
c002,003713.jpg,957,Container
c001,003714.jpg,413,trafficsignal
c003,003715.jpg,797,trafficsignal
c002,003716.jpg,1090,Container
c003,003717.jpg,750,trafficsignal
c001,003718.jpg,860,trafficsignal
c002,003719.jpg,1043,Container
c001,003720.jpg,766,trafficsignal
c001,003721.jpg,624,trafficsignal
c003,003722.jpg,347,trafficsignal
c001,003723.jpg,264,trafficsignal
c002,003724.jpg,214,RubbishBins
c002,003725.jpg,828,RubbishBins
c002,003726.jpg,761,trafficsignal
c001,003727.jpg,456,trafficsignal
c002,003728.jpg,433,RubbishBins
c001,003729.jpg,663,trafficsignal
c002,003730.jpg,158,trafficsignal
c003,003731.jpg,889,RubbishBins
c002,003732.jpg,975,trafficsignal
c001,003733.jpg,1018,trafficsignal
c002,003734.jpg,469,trafficsignal
c001,003735.jpg,907,Crosswalk
c001,003736.jpg,80,RubbishBins
c001,003737.jpg,114,trafficsignal
c003,003738.jpg,285,trafficsignal
c001,003739.jpg,1088,trafficsignal
c003,003740.jpg,63,trafficsignal
c001,003741.jpg,220,Crosswalk
c003,003742.jpg,498,trafficsignal
c002,003743.jpg,941,trafficsignal
c003,003744.jpg,258,trafficsignal
c003,003745.jpg,900,trafficsignal
c003,003746.jpg,975,trafficsignal
c001,003747.jpg,431,Container
c003,003748.jpg,824,trafficsignal
c001,003749.jpg,87,Crosswalk
c001,003750.jpg,264,trafficsignal
c003,003751.jpg,460,trafficsignal
c002,003752.jpg,408,trafficsignal
c001,003753.jpg,62,trafficsignal
c001,003754.jpg,329,trafficsignal
c003,003755.jpg,812,trafficsignal
c001,003756.jpg,736,Crosswalk
c002,003757.jpg,664,Crosswalk
c003,003758.jpg,458,trafficsignal
c001,003759.jpg,392,trafficsignal
c001,003760.jpg,755,trafficsignal
c001,003761.jpg,34,trafficsignal
c001,003762.jpg,1051,Crosswalk
c002,003763.jpg,188,trafficsignal
c002,003764.jpg,380,trafficsignal
c002,003765.jpg,491,RubbishBins
c002,003766.jpg,843,trafficsignal
c003,003767.jpg,1047,trafficsignal
c001,003768.jpg,353,trafficsignal
c003,003769.jpg,454,trafficsignal
c002,003770.jpg,321,trafficsignal
c002,003771.jpg,661,trafficsignal
c001,003772.jpg,208,trafficsignal
c003,003773.jpg,1050,trafficsignal
c003,003774.jpg,961,trafficsignal
c001,003775.jpg,654,trafficsignal
c002,003776.jpg,459,trafficsignal
c003,003777.jpg,916,trafficsignal
c003,003778.jpg,826,trafficsignal
c003,003779.jpg,326,Container
c003,003780.jpg,357,trafficsignal
c001,003781.jpg,620,trafficsignal
c002,003782.jpg,581,trafficsignal
c003,003783.jpg,1038,trafficsignal
c003,003784.jpg,529,trafficsignal
c003,003785.jpg,468,trafficsignal
c003,003786.jpg,969,Crosswalk
c001,003787.jpg,967,Container
c001,003788.jpg,23,trafficsignal
c001,003789.jpg,673,trafficsignal
c003,003790.jpg,562,trafficsignal
c001,003791.jpg,737,trafficsignal
c001,003792.jpg,914,trafficsignal
c001,003793.jpg,911,Container
c003,003794.jpg,156,trafficsignal
c003,003795.jpg,177,trafficsignal
c003,003796.jpg,285,trafficsignal
c003,003797.jpg,881,trafficsignal
c003,003798.jpg,1065,trafficsignal
c002,003799.jpg,687,trafficsignal
c001,003800.jpg,121,trafficsignal
c003,003801.jpg,712,trafficsignal
c002,003802.jpg,624,trafficsignal
c003,003803.jpg,1002,trafficsignal
c001,003804.jpg,793,trafficsignal
c001,003805.jpg,662,trafficsignal
c003,003806.jpg,997,trafficsignal
c003,003807.jpg,130,Crosswalk
c001,003808.jpg,929,Crosswalk
c003,003809.jpg,764,RubbishBins
c002,003810.jpg,631,trafficsignal
c001,003811.jpg,690,trafficsignal
c003,003812.jpg,124,trafficsignal
c002,003813.jpg,332,RubbishBins
c001,003814.jpg,1024,trafficsignal
c003,003815.jpg,25,Crosswalk
c002,003816.jpg,1048,trafficsignal
c001,003817.jpg,1088,trafficsignal
c001,003818.jpg,613,Crosswalk
c001,003819.jpg,369,Crosswalk
c003,003820.jpg,246,trafficsignal
c003,003821.jpg,381,trafficsignal
c002,003822.jpg,465,trafficsignal
c003,003823.jpg,357,trafficsignal
c002,003824.jpg,923,Crosswalk
c003,003825.jpg,562,trafficsignal
c001,003826.jpg,716,trafficsignal
c003,003827.jpg,452,trafficsignal
c002,003828.jpg,258,trafficsignal
c003,003829.jpg,1026,Crosswalk
c003,003830.jpg,926,Crosswalk
c003,003831.jpg,746,Crosswalk
c002,003832.jpg,422,trafficsignal
c001,003833.jpg,820,trafficsignal
c003,003834.jpg,849,Crosswalk
c001,003835.jpg,1054,trafficsignal
c002,003836.jpg,188,trafficsignal
c003,003837.jpg,885,Crosswalk
c003,003838.jpg,204,Crosswalk
c003,003839.jpg,565,trafficsignal
c002,003840.jpg,91,trafficsignal
c002,003841.jpg,994,trafficsignal
c002,003842.jpg,576,RubbishBins
c003,003843.jpg,861,trafficsignal
c003,003844.jpg,787,trafficsignal
c003,003845.jpg,73,trafficsignal
c002,003846.jpg,428,trafficsignal
c003,003847.jpg,576,RubbishBins
c001,003848.jpg,428,trafficsignal
c002,003849.jpg,164,Container
c002,003850.jpg,557,Container
c003,003851.jpg,328,trafficsignal
c002,003852.jpg,851,trafficsignal
c003,003853.jpg,1090,Container
c001,003854.jpg,693,trafficsignal
c001,003855.jpg,605,trafficsignal
c001,003856.jpg,63,trafficsignal
c001,003857.jpg,51,trafficsignal
c002,003858.jpg,30,RubbishBins
c001,003859.jpg,434,trafficsignal
c002,003860.jpg,420,trafficsignal
c002,003861.jpg,338,trafficsignal
c003,003862.jpg,1031,Crosswalk
c003,003863.jpg,849,Crosswalk
c003,003864.jpg,805,RubbishBins
c001,003865.jpg,112,trafficsignal
c001,003866.jpg,956,trafficsignal
c001,003867.jpg,234,trafficsignal
c003,003868.jpg,1003,trafficsignal
c003,003869.jpg,498,trafficsignal
c003,003870.jpg,544,Crosswalk
c001,003871.jpg,586,Container
c001,003872.jpg,685,trafficsignal
c003,003873.jpg,843,trafficsignal
c002,003874.jpg,191,Container
c001,003875.jpg,63,trafficsignal
c003,003876.jpg,616,trafficsignal
c003,003877.jpg,10,trafficsignal
c002,003878.jpg,128,trafficsignal
c002,003879.jpg,38,trafficsignal
c002,003880.jpg,187,trafficsignal
c001,003881.jpg,643,trafficsignal
c003,003882.jpg,937,Container
c003,003883.jpg,231,trafficsignal
c002,003884.jpg,513,trafficsignal
c001,003885.jpg,166,trafficsignal
c003,003886.jpg,703,RubbishBins
c002,003887.jpg,954,trafficsignal
c001,003888.jpg,755,trafficsignal
c003,003889.jpg,65,trafficsignal
c002,003890.jpg,716,trafficsignal
c001,003891.jpg,307,trafficsignal
c002,003892.jpg,647,trafficsignal
c003,003893.jpg,279,trafficsignal
c001,003894.jpg,197,trafficsignal
c002,003895.jpg,663,trafficsignal
c003,003896.jpg,318,Container
c002,003897.jpg,17,trafficsignal
c002,003898.jpg,564,Container
c002,003899.jpg,14,trafficsignal
c003,003900.jpg,1078,trafficsignal
c002,003901.jpg,686,trafficsignal
c002,003902.jpg,485,trafficsignal
c003,003903.jpg,126,trafficsignal
c003,003904.jpg,728,trafficsignal
c001,003905.jpg,1069,trafficsignal
c002,003906.jpg,938,trafficsignal
c002,003907.jpg,411,trafficsignal
c001,003908.jpg,1060,trafficsignal
c001,003909.jpg,600,trafficsignal
c003,003910.jpg,432,trafficsignal
c001,003911.jpg,731,Container
c002,003912.jpg,330,trafficsignal
c003,003913.jpg,34,trafficsignal
c003,003914.jpg,301,trafficsignal
c002,003915.jpg,618,trafficsignal
c001,003916.jpg,810,RubbishBins
c002,003917.jpg,473,trafficsignal
c001,003918.jpg,827,trafficsignal
c003,003919.jpg,802,RubbishBins
c002,003920.jpg,259,trafficsignal
c001,003921.jpg,1090,Container
c003,003922.jpg,886,trafficsignal
c001,003923.jpg,290,trafficsignal
c003,003924.jpg,126,trafficsignal
c003,003925.jpg,145,trafficsignal
c002,003926.jpg,299,trafficsignal
c001,003927.jpg,383,trafficsignal
c002,003928.jpg,819,RubbishBins
c002,003929.jpg,620,trafficsignal
c002,003930.jpg,991,Crosswalk
c001,003931.jpg,1082,trafficsignal
c002,003932.jpg,633,Crosswalk
c001,003933.jpg,259,trafficsignal
c003,003934.jpg,265,Crosswalk
c002,003935.jpg,390,Container
c001,003936.jpg,36,trafficsignal
c001,003937.jpg,105,Crosswalk
c002,003938.jpg,212,trafficsignal
c002,003939.jpg,395,Crosswalk
c002,003940.jpg,949,trafficsignal
c003,003941.jpg,863,trafficsignal
c003,003942.jpg,299,trafficsignal
c001,003943.jpg,811,RubbishBins
c001,003944.jpg,320,trafficsignal
c001,003945.jpg,669,trafficsignal
c003,003946.jpg,226,trafficsignal
c002,003947.jpg,969,Crosswalk
c002,003948.jpg,122,trafficsignal
c001,003949.jpg,338,trafficsignal
c001,003950.jpg,525,trafficsignal
c001,003951.jpg,713,trafficsignal
c001,003952.jpg,109,trafficsignal
c003,003953.jpg,643,trafficsignal
c002,003954.jpg,721,trafficsignal
c001,003955.jpg,311,trafficsignal
c001,003956.jpg,375,Crosswalk
c001,003957.jpg,184,trafficsignal
c002,003958.jpg,656,trafficsignal
c003,003959.jpg,835,trafficsignal
c002,003960.jpg,709,trafficsignal
c003,003961.jpg,962,trafficsignal
c003,003962.jpg,647,trafficsignal
c003,003963.jpg,174,trafficsignal
c002,003964.jpg,847,trafficsignal
c003,003965.jpg,1031,Crosswalk
c003,003966.jpg,974,trafficsignal
c003,003967.jpg,116,trafficsignal
c002,003968.jpg,776,Container
c003,003969.jpg,69,trafficsignal
c002,003970.jpg,951,trafficsignal
c002,003971.jpg,1071,RubbishBins
c001,003972.jpg,116,trafficsignal
c003,003973.jpg,39,trafficsignal
c001,003974.jpg,1016,trafficsignal
c002,003975.jpg,267,trafficsignal
c002,003976.jpg,832,Crosswalk
c002,003977.jpg,594,trafficsignal
c002,003978.jpg,691,trafficsignal
c002,003979.jpg,364,Crosswalk
c001,003980.jpg,561,trafficsignal
c001,003981.jpg,547,trafficsignal
c003,003982.jpg,291,trafficsignal
c001,003983.jpg,413,trafficsignal
c003,003984.jpg,690,trafficsignal
c001,003985.jpg,490,RubbishBins
c003,003986.jpg,250,RubbishBins
c003,003987.jpg,610,Container
c003,003988.jpg,282,trafficsignal
c003,003989.jpg,406,Crosswalk
c001,003990.jpg,648,trafficsignal
c003,003991.jpg,746,Crosswalk
c001,003992.jpg,77,Container
c001,003993.jpg,914,trafficsignal
c002,003994.jpg,1031,Crosswalk
c002,003995.jpg,597,trafficsignal
c003,003996.jpg,661,trafficsignal
c002,003997.jpg,528,Container
c001,003998.jpg,582,trafficsignal
c001,003999.jpg,347,trafficsignal
c002,004000.jpg,1018,trafficsignal
c001,004001.jpg,339,trafficsignal
c002,004002.jpg,521,Container
c001,004003.jpg,452,trafficsignal
c002,004004.jpg,141,Crosswalk
c003,004005.jpg,765,RubbishBins
c002,004006.jpg,573,trafficsignal
c003,004007.jpg,632,trafficsignal
c002,004008.jpg,736,Crosswalk
c002,004009.jpg,504,trafficsignal
c003,004010.jpg,794,trafficsignal
c003,004011.jpg,1015,trafficsignal
c003,004012.jpg,201,RubbishBins
c003,004013.jpg,221,Crosswalk
c002,004014.jpg,84,trafficsignal
c003,004015.jpg,322,trafficsignal
c001,004016.jpg,27,trafficsignal
c003,004017.jpg,479,trafficsignal
c001,004018.jpg,337,trafficsignal
c001,004019.jpg,887,RubbishBins
c001,004020.jpg,7,trafficsignal
c001,004021.jpg,553,trafficsignal
c002,004022.jpg,1023,trafficsignal
c003,004023.jpg,1062,trafficsignal
c001,004024.jpg,605,trafficsignal
c002,004025.jpg,377,trafficsignal
c001,004026.jpg,391,Container
c001,004027.jpg,1011,trafficsignal
c002,004028.jpg,469,trafficsignal
c003,004029.jpg,208,trafficsignal
c002,004030.jpg,1008,trafficsignal
c002,004031.jpg,266,trafficsignal
c001,004032.jpg,318,Container
c003,004033.jpg,758,trafficsignal
c003,004034.jpg,857,Crosswalk
c001,004035.jpg,284,Crosswalk
c001,004036.jpg,712,trafficsignal
c003,004037.jpg,688,trafficsignal
c003,004038.jpg,911,Container
c003,004039.jpg,387,RubbishBins
c001,004040.jpg,243,trafficsignal
c002,004041.jpg,749,RubbishBins
c001,004042.jpg,1068,trafficsignal
c002,004043.jpg,204,Crosswalk
c002,004044.jpg,491,RubbishBins
c001,004045.jpg,180,trafficsignal
c001,004046.jpg,17,trafficsignal
c002,004047.jpg,154,trafficsignal
c003,004048.jpg,428,trafficsignal
c002,004049.jpg,879,trafficsignal
c003,004050.jpg,500,Container
c002,004051.jpg,1001,trafficsignal
c003,004052.jpg,609,trafficsignal
c002,004053.jpg,146,Crosswalk
c003,004054.jpg,63,trafficsignal
c001,004055.jpg,269,trafficsignal
c001,004056.jpg,57,trafficsignal
c003,004057.jpg,828,RubbishBins
c002,004058.jpg,124,trafficsignal
c001,004059.jpg,239,Crosswalk
c001,004060.jpg,199,Container
c002,004061.jpg,1066,Crosswalk
c003,004062.jpg,336,trafficsignal
c002,004063.jpg,758,trafficsignal
c001,004064.jpg,271,trafficsignal
c002,004065.jpg,878,trafficsignal
c001,004066.jpg,746,Crosswalk
c001,004067.jpg,141,Crosswalk
c002,004068.jpg,991,Crosswalk
c001,004069.jpg,991,Crosswalk
c002,004070.jpg,635,Crosswalk
c003,004071.jpg,997,trafficsignal
c001,004072.jpg,767,trafficsignal
c002,004073.jpg,628,trafficsignal
c003,004074.jpg,421,trafficsignal
c003,004075.jpg,848,trafficsignal
c001,004076.jpg,343,trafficsignal
c003,004077.jpg,1059,trafficsignal
c001,004078.jpg,651,Container
c003,004079.jpg,693,trafficsignal
c003,004080.jpg,280,trafficsignal
c001,004081.jpg,386,trafficsignal
c001,004082.jpg,291,trafficsignal
c001,004083.jpg,607,trafficsignal
c002,004084.jpg,487,trafficsignal
c001,004085.jpg,333,RubbishBins
c002,004086.jpg,1073,trafficsignal
c002,004087.jpg,981,trafficsignal
c001,004088.jpg,260,Crosswalk
c002,004089.jpg,323,trafficsignal
c003,004090.jpg,818,trafficsignal
c003,004091.jpg,1020,Container
c003,004092.jpg,552,trafficsignal
c001,004093.jpg,437,RubbishBins
c003,004094.jpg,19,RubbishBins
c001,004095.jpg,651,Container
c002,004096.jpg,185,trafficsignal
c003,004097.jpg,271,trafficsignal
c002,004098.jpg,380,trafficsignal
c003,004099.jpg,937,Container
c001,004100.jpg,881,trafficsignal
c002,004101.jpg,97,trafficsignal
c003,004102.jpg,1086,trafficsignal
c003,004103.jpg,656,trafficsignal
c003,004104.jpg,361,trafficsignal
c003,004105.jpg,326,Container
c001,004106.jpg,164,Container
c002,004107.jpg,789,trafficsignal
c002,004108.jpg,107,trafficsignal
c002,004109.jpg,383,trafficsignal
c003,004110.jpg,369,Crosswalk
c001,004111.jpg,1006,trafficsignal
c003,004112.jpg,1064,RubbishBins
c002,004113.jpg,668,trafficsignal
c002,004114.jpg,271,trafficsignal
c001,004115.jpg,571,trafficsignal
c001,004116.jpg,791,Container
c003,004117.jpg,989,trafficsignal
c002,004118.jpg,453,trafficsignal
c003,004119.jpg,165,trafficsignal
c001,004120.jpg,1059,trafficsignal
c002,004121.jpg,967,Container
c002,004122.jpg,62,trafficsignal
c001,004123.jpg,916,trafficsignal
c001,004124.jpg,482,Container
c002,004125.jpg,761,trafficsignal
c002,004126.jpg,250,RubbishBins
c001,004127.jpg,148,trafficsignal
c001,004128.jpg,903,trafficsignal
c002,004129.jpg,718,trafficsignal
c001,004130.jpg,1022,trafficsignal
c002,004131.jpg,623,Crosswalk
c001,004132.jpg,196,trafficsignal
c002,004133.jpg,679,trafficsignal
c001,004134.jpg,84,trafficsignal
c002,004135.jpg,197,trafficsignal
c001,004136.jpg,667,trafficsignal
c003,004137.jpg,14,trafficsignal
c001,004138.jpg,558,trafficsignal
c002,004139.jpg,850,trafficsignal
c003,004140.jpg,645,trafficsignal
c001,004141.jpg,440,trafficsignal
c003,004142.jpg,455,trafficsignal
c001,004143.jpg,497,trafficsignal
c002,004144.jpg,381,trafficsignal
c003,004145.jpg,1018,trafficsignal
c003,004146.jpg,226,trafficsignal
c003,004147.jpg,497,trafficsignal
c003,004148.jpg,730,Container
c002,004149.jpg,165,trafficsignal
c001,004150.jpg,1013,trafficsignal
c003,004151.jpg,406,Crosswalk
c002,004152.jpg,166,trafficsignal
c001,004153.jpg,618,trafficsignal
c003,004154.jpg,99,trafficsignal
c002,004155.jpg,955,RubbishBins
c003,004156.jpg,484,trafficsignal
c003,004157.jpg,56,trafficsignal
c003,004158.jpg,1088,trafficsignal
c003,004159.jpg,985,trafficsignal
c002,004160.jpg,143,trafficsignal
c003,004161.jpg,406,Crosswalk
c002,004162.jpg,827,trafficsignal
c002,004163.jpg,613,Crosswalk
c001,004164.jpg,665,Crosswalk
c001,004165.jpg,1051,Crosswalk
c003,004166.jpg,943,Crosswalk
c003,004167.jpg,829,trafficsignal
c002,004168.jpg,873,trafficsignal
c002,004169.jpg,565,trafficsignal
c001,004170.jpg,817,trafficsignal
c003,004171.jpg,1044,Crosswalk
c001,004172.jpg,744,RubbishBins
c003,004173.jpg,26,trafficsignal
c003,004174.jpg,1043,Container
c002,004175.jpg,612,trafficsignal
c003,004176.jpg,604,RubbishBins
c002,004177.jpg,86,trafficsignal
c001,004178.jpg,950,trafficsignal
c003,004179.jpg,438,trafficsignal
c002,004180.jpg,1027,Crosswalk
c002,004181.jpg,225,trafficsignal
c001,004182.jpg,931,trafficsignal
c003,004183.jpg,469,trafficsignal
c003,004184.jpg,270,trafficsignal
c003,004185.jpg,1064,RubbishBins
c002,004186.jpg,1043,Container
c002,004187.jpg,234,trafficsignal
c001,004188.jpg,692,trafficsignal
c002,004189.jpg,77,Container
c001,004190.jpg,169,Container
c001,004191.jpg,845,trafficsignal
c003,004192.jpg,558,trafficsignal
c002,004193.jpg,206,trafficsignal
c003,004194.jpg,319,trafficsignal
c001,004195.jpg,714,trafficsignal
c002,004196.jpg,112,trafficsignal
c001,004197.jpg,187,trafficsignal
c002,004198.jpg,557,Container
c002,004199.jpg,318,Container
c003,004200.jpg,443,trafficsignal
c001,004201.jpg,678,trafficsignal
c003,004202.jpg,169,Container
c002,004203.jpg,413,trafficsignal
c002,004204.jpg,1051,Crosswalk
c002,004205.jpg,309,trafficsignal
c003,004206.jpg,363,trafficsignal
c001,004207.jpg,310,RubbishBins
c001,004208.jpg,667,trafficsignal
c001,004209.jpg,83,trafficsignal
c003,004210.jpg,999,trafficsignal
c002,004211.jpg,168,trafficsignal
c003,004212.jpg,60,trafficsignal
c002,004213.jpg,325,Container
c002,004214.jpg,886,trafficsignal
c001,004215.jpg,524,Crosswalk
c001,004216.jpg,586,Container
c002,004217.jpg,675,trafficsignal
c001,004218.jpg,195,trafficsignal
c002,004219.jpg,216,trafficsignal
c002,004220.jpg,177,trafficsignal
c002,004221.jpg,406,Crosswalk
c002,004222.jpg,339,trafficsignal
c001,004223.jpg,903,trafficsignal
c001,004224.jpg,97,trafficsignal
c003,004225.jpg,731,Container
c003,004226.jpg,230,trafficsignal
c002,004227.jpg,934,trafficsignal
c002,004228.jpg,592,trafficsignal
c003,004229.jpg,796,Container
c001,004230.jpg,641,Crosswalk
c001,004231.jpg,576,RubbishBins
c001,004232.jpg,439,trafficsignal
c003,004233.jpg,851,trafficsignal
c001,004234.jpg,702,trafficsignal
c003,004235.jpg,651,Container
c003,004236.jpg,1048,trafficsignal
c003,004237.jpg,703,RubbishBins
c002,004238.jpg,321,trafficsignal
c003,004239.jpg,745,trafficsignal
c001,004240.jpg,114,trafficsignal
c003,004241.jpg,55,trafficsignal
c001,004242.jpg,1058,Container
c003,004243.jpg,449,trafficsignal
c002,004244.jpg,543,trafficsignal
c002,004245.jpg,370,Crosswalk
c002,004246.jpg,889,RubbishBins
c001,004247.jpg,447,trafficsignal
c003,004248.jpg,591,trafficsignal
c002,004249.jpg,736,Crosswalk
c002,004250.jpg,664,Crosswalk
c003,004251.jpg,654,trafficsignal
c002,004252.jpg,332,RubbishBins
c001,004253.jpg,661,trafficsignal
c001,004254.jpg,144,Crosswalk
c001,004255.jpg,266,trafficsignal
c001,004256.jpg,850,trafficsignal
c001,004257.jpg,220,Crosswalk
c001,004258.jpg,709,trafficsignal
c002,004259.jpg,526,trafficsignal
c003,004260.jpg,698,trafficsignal
c001,004261.jpg,695,trafficsignal
c001,004262.jpg,827,trafficsignal
c002,004263.jpg,243,trafficsignal
c003,004264.jpg,680,RubbishBins
c001,004265.jpg,253,trafficsignal
c003,004266.jpg,744,RubbishBins
c003,004267.jpg,927,trafficsignal
c003,004268.jpg,673,trafficsignal
c002,004269.jpg,874,trafficsignal
c003,004270.jpg,504,trafficsignal
c003,004271.jpg,430,RubbishBins
c003,004272.jpg,237,trafficsignal
c002,004273.jpg,284,Crosswalk
c001,004274.jpg,586,Container
c002,004275.jpg,604,RubbishBins
c001,004276.jpg,1020,Container
c003,004277.jpg,734,trafficsignal
c001,004278.jpg,841,trafficsignal
c003,004279.jpg,72,trafficsignal
c002,004280.jpg,559,RubbishBins
c003,004281.jpg,953,trafficsignal
c003,004282.jpg,992,trafficsignal
c001,004283.jpg,277,Crosswalk
c003,004284.jpg,238,trafficsignal
c003,004285.jpg,988,Container
c002,004286.jpg,1020,Container
c003,004287.jpg,994,trafficsignal
c001,004288.jpg,76,trafficsignal
c002,004289.jpg,775,trafficsignal
c003,004290.jpg,279,trafficsignal
c002,004291.jpg,718,trafficsignal
c001,004292.jpg,333,RubbishBins
c002,004293.jpg,70,trafficsignal
c001,004294.jpg,571,trafficsignal
c002,004295.jpg,18,trafficsignal
c002,004296.jpg,690,trafficsignal
c001,004297.jpg,552,trafficsignal
c002,004298.jpg,692,trafficsignal
c001,004299.jpg,157,Container
c002,004300.jpg,1041,Crosswalk
c003,004301.jpg,847,trafficsignal
c003,004302.jpg,1084,trafficsignal
c002,004303.jpg,23,trafficsignal
c002,004304.jpg,1061,trafficsignal
c003,004305.jpg,1058,Container
c003,004306.jpg,30,RubbishBins
c003,004307.jpg,786,trafficsignal
c002,004308.jpg,885,Crosswalk
c003,004309.jpg,326,Container
c003,004310.jpg,266,trafficsignal
c001,004311.jpg,500,Container
c001,004312.jpg,893,RubbishBins
c002,004313.jpg,765,RubbishBins
c001,004314.jpg,174,trafficsignal
c003,004315.jpg,1041,Crosswalk
c001,004316.jpg,39,trafficsignal
c002,004317.jpg,105,Crosswalk
c001,004318.jpg,256,trafficsignal
c001,004319.jpg,982,trafficsignal
c001,004320.jpg,79,RubbishBins
c001,004321.jpg,492,trafficsignal
c002,004322.jpg,911,Container
c001,004323.jpg,100,Crosswalk
c002,004324.jpg,264,trafficsignal
c002,004325.jpg,143,trafficsignal
c001,004326.jpg,96,Container
c001,004327.jpg,1083,RubbishBins
c002,004328.jpg,560,trafficsignal
c002,004329.jpg,883,trafficsignal
c003,004330.jpg,725,trafficsignal
c003,004331.jpg,613,Crosswalk
c003,004332.jpg,823,trafficsignal
c001,004333.jpg,776,Container
c001,004334.jpg,810,RubbishBins
c001,004335.jpg,1089,trafficsignal
c003,004336.jpg,55,trafficsignal
c001,004337.jpg,742,trafficsignal
c001,004338.jpg,952,trafficsignal
c003,004339.jpg,736,Crosswalk
c001,004340.jpg,877,Crosswalk
c001,004341.jpg,159,trafficsignal
c001,004342.jpg,719,trafficsignal
c003,004343.jpg,428,trafficsignal
c002,004344.jpg,1086,trafficsignal
c002,004345.jpg,664,Crosswalk
c002,004346.jpg,135,trafficsignal
c002,004347.jpg,16,trafficsignal
c002,004348.jpg,785,trafficsignal
c003,004349.jpg,350,trafficsignal
c002,004350.jpg,463,trafficsignal
c002,004351.jpg,171,trafficsignal
c003,004352.jpg,918,trafficsignal
c001,004353.jpg,903,trafficsignal
c002,004354.jpg,924,trafficsignal
c002,004355.jpg,90,trafficsignal
c003,004356.jpg,127,Crosswalk
c001,004357.jpg,398,trafficsignal
c003,004358.jpg,500,Container
c001,004359.jpg,190,trafficsignal
c001,004360.jpg,126,trafficsignal
c003,004361.jpg,604,RubbishBins
c002,004362.jpg,791,Container
c003,004363.jpg,358,trafficsignal
c001,004364.jpg,736,Crosswalk
c002,004365.jpg,1028,trafficsignal
c003,004366.jpg,322,trafficsignal
c003,004367.jpg,153,trafficsignal
c001,004368.jpg,409,RubbishBins
c002,004369.jpg,1090,Container
c001,004370.jpg,318,Container
c003,004371.jpg,724,trafficsignal
c001,004372.jpg,1051,Crosswalk
c002,004373.jpg,184,trafficsignal
c002,004374.jpg,747,trafficsignal
c002,004375.jpg,319,trafficsignal
c001,004376.jpg,849,Crosswalk
c001,004377.jpg,644,RubbishBins
c001,004378.jpg,691,trafficsignal
c001,004379.jpg,725,trafficsignal
c003,004380.jpg,271,trafficsignal
c001,004381.jpg,320,trafficsignal
c001,004382.jpg,221,Crosswalk
c002,004383.jpg,1005,Crosswalk
c003,004384.jpg,952,trafficsignal
c001,004385.jpg,739,trafficsignal
c002,004386.jpg,1023,trafficsignal
c003,004387.jpg,30,RubbishBins
c002,004388.jpg,453,trafficsignal
c003,004389.jpg,345,trafficsignal
c001,004390.jpg,334,trafficsignal
c002,004391.jpg,1047,trafficsignal
c003,004392.jpg,735,trafficsignal
c003,004393.jpg,392,trafficsignal
c002,004394.jpg,212,trafficsignal
c001,004395.jpg,925,trafficsignal
c002,004396.jpg,326,Container
c001,004397.jpg,384,trafficsignal
c003,004398.jpg,800,trafficsignal
c002,004399.jpg,23,trafficsignal
c003,004400.jpg,62,trafficsignal
c003,004401.jpg,280,trafficsignal
c001,004402.jpg,584,trafficsignal
c001,004403.jpg,367,trafficsignal
c003,004404.jpg,83,trafficsignal
c001,004405.jpg,1008,trafficsignal
c002,004406.jpg,498,trafficsignal
c003,004407.jpg,934,trafficsignal
c001,004408.jpg,950,trafficsignal
c003,004409.jpg,443,trafficsignal
c003,004410.jpg,97,trafficsignal
c001,004411.jpg,359,trafficsignal
c001,004412.jpg,583,trafficsignal
c003,004413.jpg,930,Crosswalk
c001,004414.jpg,548,Crosswalk
c001,004415.jpg,314,Crosswalk
c003,004416.jpg,474,Crosswalk
c001,004417.jpg,281,trafficsignal
c001,004418.jpg,398,trafficsignal
c001,004419.jpg,196,trafficsignal
c001,004420.jpg,125,trafficsignal
c003,004421.jpg,711,trafficsignal
c003,004422.jpg,1049,trafficsignal
c003,004423.jpg,922,RubbishBins
c003,004424.jpg,928,trafficsignal
c001,004425.jpg,271,trafficsignal
c001,004426.jpg,465,trafficsignal
c003,004427.jpg,585,Crosswalk
c001,004428.jpg,308,trafficsignal
c003,004429.jpg,602,trafficsignal
c002,004430.jpg,176,trafficsignal
c002,004431.jpg,398,trafficsignal
c003,004432.jpg,86,trafficsignal
c002,004433.jpg,1066,Crosswalk
c002,004434.jpg,817,trafficsignal
c002,004435.jpg,1015,trafficsignal
c002,004436.jpg,644,RubbishBins
c002,004437.jpg,625,RubbishBins
c003,004438.jpg,716,trafficsignal
c002,004439.jpg,1090,Container
c002,004440.jpg,806,trafficsignal
c001,004441.jpg,586,Container
c001,004442.jpg,96,Container
c002,004443.jpg,32,trafficsignal
c002,004444.jpg,500,Container
c002,004445.jpg,909,trafficsignal
c002,004446.jpg,701,trafficsignal
c003,004447.jpg,669,trafficsignal
c002,004448.jpg,387,RubbishBins
c002,004449.jpg,880,Crosswalk
c002,004450.jpg,165,trafficsignal
c001,004451.jpg,283,trafficsignal
c001,004452.jpg,323,trafficsignal
c001,004453.jpg,605,trafficsignal
c002,004454.jpg,601,trafficsignal
c001,004455.jpg,160,Container
c003,004456.jpg,144,Crosswalk
c003,004457.jpg,1057,trafficsignal
c003,004458.jpg,820,trafficsignal
c002,004459.jpg,536,trafficsignal
c002,004460.jpg,293,Container
c001,004461.jpg,631,trafficsignal
c003,004462.jpg,633,Crosswalk
c001,004463.jpg,587,Container
c002,004464.jpg,500,Container
c003,004465.jpg,1018,trafficsignal
c003,004466.jpg,34,trafficsignal
c002,004467.jpg,529,trafficsignal
c003,004468.jpg,1046,trafficsignal
c003,004469.jpg,855,Container
c002,004470.jpg,160,Container
c002,004471.jpg,474,Crosswalk
c001,004472.jpg,774,trafficsignal
c001,004473.jpg,503,trafficsignal
c002,004474.jpg,875,trafficsignal
c002,004475.jpg,588,trafficsignal
c002,004476.jpg,133,trafficsignal
c003,004477.jpg,440,trafficsignal
c003,004478.jpg,39,trafficsignal
c003,004479.jpg,1002,trafficsignal
c002,004480.jpg,402,Crosswalk
c002,004481.jpg,656,trafficsignal
c001,004482.jpg,828,RubbishBins
c003,004483.jpg,43,trafficsignal
c001,004484.jpg,53,trafficsignal
c002,004485.jpg,295,trafficsignal
c002,004486.jpg,746,Crosswalk
c003,004487.jpg,352,trafficsignal
c002,004488.jpg,843,trafficsignal
c002,004489.jpg,899,trafficsignal
c003,004490.jpg,286,trafficsignal
c003,004491.jpg,277,Crosswalk
c002,004492.jpg,801,Crosswalk
c003,004493.jpg,965,trafficsignal
c001,004494.jpg,707,Container
c002,004495.jpg,535,trafficsignal
c003,004496.jpg,1059,trafficsignal
c001,004497.jpg,398,trafficsignal
c003,004498.jpg,88,trafficsignal
c002,004499.jpg,980,trafficsignal
c001,004500.jpg,744,RubbishBins
c003,004501.jpg,537,trafficsignal
c002,004502.jpg,238,trafficsignal
c001,004503.jpg,185,trafficsignal
c001,004504.jpg,460,trafficsignal
c001,004505.jpg,586,Container
c002,004506.jpg,57,trafficsignal
c002,004507.jpg,808,Crosswalk
c002,004508.jpg,478,trafficsignal
c001,004509.jpg,422,trafficsignal
c003,004510.jpg,911,Container
c001,004511.jpg,1052,trafficsignal
c002,004512.jpg,1046,trafficsignal
c001,004513.jpg,129,trafficsignal
c003,004514.jpg,1006,trafficsignal
c001,004515.jpg,858,trafficsignal
c001,004516.jpg,309,trafficsignal
c001,004517.jpg,338,trafficsignal
c001,004518.jpg,852,Container
c002,004519.jpg,1070,Crosswalk
c001,004520.jpg,823,trafficsignal
c003,004521.jpg,858,trafficsignal
c001,004522.jpg,353,trafficsignal
c001,004523.jpg,339,trafficsignal
c001,004524.jpg,21,trafficsignal
c001,004525.jpg,613,Crosswalk
c001,004526.jpg,1066,Crosswalk
c001,004527.jpg,793,trafficsignal
c001,004528.jpg,163,trafficsignal
c001,004529.jpg,332,RubbishBins
c003,004530.jpg,863,trafficsignal
c003,004531.jpg,819,RubbishBins
c003,004532.jpg,806,trafficsignal
c003,004533.jpg,267,trafficsignal
c001,004534.jpg,884,Crosswalk
c001,004535.jpg,335,trafficsignal
c001,004536.jpg,174,trafficsignal
c003,004537.jpg,55,trafficsignal
c001,004538.jpg,588,trafficsignal
c001,004539.jpg,363,trafficsignal
c003,004540.jpg,600,trafficsignal
c001,004541.jpg,307,trafficsignal
c002,004542.jpg,579,trafficsignal
c002,004543.jpg,207,trafficsignal
c002,004544.jpg,437,RubbishBins
c002,004545.jpg,436,trafficsignal
c001,004546.jpg,737,trafficsignal
c003,004547.jpg,67,trafficsignal
c002,004548.jpg,631,trafficsignal
c003,004549.jpg,92,Crosswalk
c001,004550.jpg,461,trafficsignal
c002,004551.jpg,198,Container
c002,004552.jpg,268,trafficsignal
c002,004553.jpg,108,trafficsignal
c002,004554.jpg,78,trafficsignal
c002,004555.jpg,859,trafficsignal
c001,004556.jpg,975,trafficsignal
c003,004557.jpg,318,Container
c001,004558.jpg,380,trafficsignal
c001,004559.jpg,204,Crosswalk
c002,004560.jpg,121,trafficsignal
c002,004561.jpg,625,RubbishBins
c003,004562.jpg,967,Container
c001,004563.jpg,302,RubbishBins
c003,004564.jpg,997,trafficsignal
c003,004565.jpg,401,trafficsignal
c003,004566.jpg,625,RubbishBins
c003,004567.jpg,50,trafficsignal
c001,004568.jpg,491,RubbishBins
c002,004569.jpg,989,trafficsignal
c003,004570.jpg,146,Crosswalk
c002,004571.jpg,1085,trafficsignal
c001,004572.jpg,1020,Container
c001,004573.jpg,1089,trafficsignal
c003,004574.jpg,384,trafficsignal
c001,004575.jpg,981,trafficsignal
c002,004576.jpg,526,trafficsignal
c001,004577.jpg,727,trafficsignal
c001,004578.jpg,750,trafficsignal
c003,004579.jpg,46,trafficsignal
c001,004580.jpg,743,trafficsignal
c002,004581.jpg,722,RubbishBins
c001,004582.jpg,54,trafficsignal
c003,004583.jpg,923,Crosswalk
c002,004584.jpg,10,trafficsignal
c002,004585.jpg,443,trafficsignal
c003,004586.jpg,509,RubbishBins
c002,004587.jpg,971,Crosswalk
c001,004588.jpg,785,trafficsignal
c003,004589.jpg,823,trafficsignal
c002,004590.jpg,730,Container
c003,004591.jpg,952,trafficsignal
c001,004592.jpg,334,trafficsignal
c001,004593.jpg,1086,trafficsignal
c002,004594.jpg,118,trafficsignal
c003,004595.jpg,946,Container
c002,004596.jpg,37,trafficsignal
c003,004597.jpg,988,Container
c001,004598.jpg,296,trafficsignal
c003,004599.jpg,180,trafficsignal
c003,004600.jpg,743,trafficsignal
c002,004601.jpg,431,Container
c002,004602.jpg,582,trafficsignal
c003,004603.jpg,408,trafficsignal
c003,004604.jpg,868,trafficsignal
c003,004605.jpg,10,trafficsignal
c003,004606.jpg,93,trafficsignal
c001,004607.jpg,485,trafficsignal
c003,004608.jpg,900,trafficsignal
c003,004609.jpg,537,trafficsignal
c003,004610.jpg,629,trafficsignal
c003,004611.jpg,889,RubbishBins
c001,004612.jpg,1062,trafficsignal
c002,004613.jpg,391,Container
c001,004614.jpg,958,Crosswalk
c002,004615.jpg,666,Crosswalk
c001,004616.jpg,283,trafficsignal
c001,004617.jpg,849,Crosswalk
c002,004618.jpg,15,trafficsignal
c001,004619.jpg,544,Crosswalk
c002,004620.jpg,664,Crosswalk
c001,004621.jpg,212,trafficsignal
c001,004622.jpg,565,trafficsignal
c002,004623.jpg,420,trafficsignal
c002,004624.jpg,874,trafficsignal
c002,004625.jpg,698,trafficsignal
c003,004626.jpg,186,trafficsignal
c002,004627.jpg,16,trafficsignal
c003,004628.jpg,95,trafficsignal
c002,004629.jpg,894,trafficsignal
c001,004630.jpg,560,trafficsignal
c002,004631.jpg,379,trafficsignal
c002,004632.jpg,320,trafficsignal
c002,004633.jpg,924,trafficsignal
c002,004634.jpg,1090,Container
c002,004635.jpg,90,trafficsignal
c002,004636.jpg,956,trafficsignal
c003,004637.jpg,267,trafficsignal
c001,004638.jpg,430,RubbishBins
c003,004639.jpg,902,trafficsignal
c003,004640.jpg,210,RubbishBins
c003,004641.jpg,542,Container
c003,004642.jpg,566,Crosswalk
c002,004643.jpg,70,trafficsignal
c002,004644.jpg,862,Container
c003,004645.jpg,115,Crosswalk
c001,004646.jpg,408,trafficsignal
c002,004647.jpg,1027,Crosswalk
c001,004648.jpg,662,trafficsignal
c003,004649.jpg,725,trafficsignal
c002,004650.jpg,1051,Crosswalk
c003,004651.jpg,392,trafficsignal
c003,004652.jpg,996,trafficsignal
c003,004653.jpg,135,trafficsignal
c003,004654.jpg,675,trafficsignal
c003,004655.jpg,785,trafficsignal
c002,004656.jpg,772,Crosswalk
c001,004657.jpg,574,trafficsignal
c003,004658.jpg,987,trafficsignal
c001,004659.jpg,385,trafficsignal
c002,004660.jpg,746,Crosswalk
c003,004661.jpg,588,trafficsignal
c002,004662.jpg,369,Crosswalk
c003,004663.jpg,565,trafficsignal
c001,004664.jpg,545,trafficsignal
c001,004665.jpg,370,Crosswalk
c002,004666.jpg,38,trafficsignal
c003,004667.jpg,543,trafficsignal
c002,004668.jpg,31,Crosswalk
c001,004669.jpg,658,trafficsignal
c001,004670.jpg,269,trafficsignal
c002,004671.jpg,585,Crosswalk
c002,004672.jpg,716,trafficsignal
c002,004673.jpg,939,Container
c002,004674.jpg,119,Crosswalk
c001,004675.jpg,971,Crosswalk
c001,004676.jpg,431,Container
c001,004677.jpg,571,trafficsignal
c002,004678.jpg,1004,trafficsignal
c003,004679.jpg,43,trafficsignal
c003,004680.jpg,93,trafficsignal
c001,004681.jpg,641,Crosswalk
c001,004682.jpg,301,trafficsignal
c002,004683.jpg,63,trafficsignal
c002,004684.jpg,307,trafficsignal
c001,004685.jpg,382,trafficsignal
c002,004686.jpg,582,trafficsignal
c003,004687.jpg,562,trafficsignal
c003,004688.jpg,288,RubbishBins
c003,004689.jpg,911,Container
c002,004690.jpg,187,trafficsignal
c001,004691.jpg,117,Container
c003,004692.jpg,409,RubbishBins
c003,004693.jpg,1027,Crosswalk
c003,004694.jpg,296,trafficsignal
c003,004695.jpg,593,trafficsignal
c002,004696.jpg,929,Crosswalk
c003,004697.jpg,68,RubbishBins
c001,004698.jpg,591,trafficsignal
c002,004699.jpg,963,RubbishBins
c003,004700.jpg,501,trafficsignal
c001,004701.jpg,234,trafficsignal
c003,004702.jpg,157,Container
c001,004703.jpg,279,trafficsignal
c002,004704.jpg,881,trafficsignal
c002,004705.jpg,1040,trafficsignal
c002,004706.jpg,1085,trafficsignal
c001,004707.jpg,650,trafficsignal
c003,004708.jpg,118,trafficsignal
c001,004709.jpg,131,RubbishBins
c002,004710.jpg,1014,RubbishBins
c003,004711.jpg,969,Crosswalk
c003,004712.jpg,635,Crosswalk
c003,004713.jpg,826,trafficsignal
c002,004714.jpg,616,trafficsignal
c002,004715.jpg,118,trafficsignal
c002,004716.jpg,611,trafficsignal
c003,004717.jpg,871,Container
c001,004718.jpg,1040,trafficsignal
c002,004719.jpg,220,Crosswalk
c002,004720.jpg,651,Container
c003,004721.jpg,358,trafficsignal
c003,004722.jpg,560,trafficsignal
c001,004723.jpg,42,trafficsignal
c003,004724.jpg,683,trafficsignal
c002,004725.jpg,435,Container
c001,004726.jpg,861,trafficsignal
c003,004727.jpg,365,RubbishBins
c002,004728.jpg,70,trafficsignal
c001,004729.jpg,989,trafficsignal
c001,004730.jpg,234,trafficsignal
c002,004731.jpg,230,trafficsignal
c001,004732.jpg,1008,trafficsignal
c002,004733.jpg,1058,Container
c003,004734.jpg,665,Crosswalk
c003,004735.jpg,923,Crosswalk
c003,004736.jpg,804,trafficsignal
c001,004737.jpg,503,trafficsignal
c003,004738.jpg,664,Crosswalk
c001,004739.jpg,347,trafficsignal
c001,004740.jpg,1022,trafficsignal
c002,004741.jpg,1064,RubbishBins
c002,004742.jpg,873,trafficsignal
c002,004743.jpg,991,Crosswalk
c002,004744.jpg,868,trafficsignal
c002,004745.jpg,916,trafficsignal
c002,004746.jpg,516,trafficsignal
c002,004747.jpg,171,trafficsignal
c003,004748.jpg,437,RubbishBins
c001,004749.jpg,822,trafficsignal
c003,004750.jpg,584,trafficsignal
c003,004751.jpg,291,trafficsignal
c003,004752.jpg,168,trafficsignal
c002,004753.jpg,1087,trafficsignal
c001,004754.jpg,284,Crosswalk
c003,004755.jpg,861,trafficsignal
c001,004756.jpg,1008,trafficsignal
c003,004757.jpg,34,trafficsignal
c003,004758.jpg,988,Container
c002,004759.jpg,1005,Crosswalk
c002,004760.jpg,213,trafficsignal
c002,004761.jpg,647,trafficsignal
c003,004762.jpg,478,trafficsignal
c001,004763.jpg,552,trafficsignal
c003,004764.jpg,318,Container
c002,004765.jpg,30,RubbishBins
c002,004766.jpg,629,trafficsignal
c001,004767.jpg,279,trafficsignal
c002,004768.jpg,79,RubbishBins
c003,004769.jpg,379,trafficsignal
c001,004770.jpg,293,Container
c001,004771.jpg,811,RubbishBins
c002,004772.jpg,374,trafficsignal
c001,004773.jpg,141,Crosswalk
c002,004774.jpg,185,trafficsignal
c002,004775.jpg,165,trafficsignal
c001,004776.jpg,693,trafficsignal
c001,004777.jpg,483,RubbishBins
c001,004778.jpg,432,trafficsignal
c001,004779.jpg,238,trafficsignal
c002,004780.jpg,566,Crosswalk
c001,004781.jpg,143,trafficsignal
c002,004782.jpg,923,Crosswalk
c001,004783.jpg,391,Container
c003,004784.jpg,125,trafficsignal
c001,004785.jpg,1044,Crosswalk
c003,004786.jpg,1072,trafficsignal
c001,004787.jpg,522,Crosswalk
c001,004788.jpg,542,Container
c002,004789.jpg,459,trafficsignal
c003,004790.jpg,434,trafficsignal
c001,004791.jpg,328,trafficsignal
c002,004792.jpg,384,trafficsignal
c003,004793.jpg,430,RubbishBins
c001,004794.jpg,769,Crosswalk
c003,004795.jpg,1027,Crosswalk
c002,004796.jpg,25,Crosswalk
c003,004797.jpg,314,Crosswalk
c003,004798.jpg,418,RubbishBins
c003,004799.jpg,51,trafficsignal
c002,004800.jpg,1089,trafficsignal
c002,004801.jpg,50,trafficsignal
c003,004802.jpg,325,Container
c003,004803.jpg,911,Container
c001,004804.jpg,961,trafficsignal
c001,004805.jpg,948,trafficsignal
c003,004806.jpg,32,trafficsignal
c001,004807.jpg,612,trafficsignal
c002,004808.jpg,1064,RubbishBins
c001,004809.jpg,526,trafficsignal
c001,004810.jpg,5,RubbishBins
c002,004811.jpg,57,trafficsignal
c003,004812.jpg,1038,trafficsignal
c001,004813.jpg,427,trafficsignal
c002,004814.jpg,431,Container
c001,004815.jpg,838,trafficsignal
c003,004816.jpg,988,Container
c001,004817.jpg,793,trafficsignal
c001,004818.jpg,84,trafficsignal
c001,004819.jpg,905,Crosswalk
c003,004820.jpg,629,trafficsignal
c003,004821.jpg,321,trafficsignal
c002,004822.jpg,557,Container
c001,004823.jpg,437,RubbishBins
c001,004824.jpg,924,trafficsignal
c001,004825.jpg,811,RubbishBins
c002,004826.jpg,946,Container
c002,004827.jpg,911,Container
c001,004828.jpg,253,trafficsignal
c002,004829.jpg,437,RubbishBins
c003,004830.jpg,659,trafficsignal
c003,004831.jpg,812,trafficsignal
c001,004832.jpg,559,RubbishBins
c002,004833.jpg,991,Crosswalk
c003,004834.jpg,523,Container
c003,004835.jpg,73,trafficsignal
c003,004836.jpg,58,Container
c002,004837.jpg,22,trafficsignal
c003,004838.jpg,969,Crosswalk
c002,004839.jpg,145,trafficsignal
c001,004840.jpg,443,trafficsignal
c003,004841.jpg,700,trafficsignal
c002,004842.jpg,1041,Crosswalk
c003,004843.jpg,929,Crosswalk
c002,004844.jpg,379,trafficsignal
c003,004845.jpg,1085,trafficsignal
c002,004846.jpg,757,RubbishBins
c003,004847.jpg,1059,trafficsignal
c001,004848.jpg,855,Container
c003,004849.jpg,498,trafficsignal
c001,004850.jpg,880,Crosswalk
c002,004851.jpg,1081,trafficsignal
c003,004852.jpg,881,trafficsignal
c002,004853.jpg,82,trafficsignal
c003,004854.jpg,1080,trafficsignal
c002,004855.jpg,648,trafficsignal
c001,004856.jpg,755,trafficsignal
c002,004857.jpg,141,Crosswalk
c002,004858.jpg,908,trafficsignal
c002,004859.jpg,8,Container
c001,004860.jpg,573,trafficsignal
c001,004861.jpg,178,trafficsignal
c002,004862.jpg,366,RubbishBins
c003,004863.jpg,1080,trafficsignal
c003,004864.jpg,452,trafficsignal
c003,004865.jpg,615,trafficsignal
c002,004866.jpg,112,trafficsignal
c003,004867.jpg,588,trafficsignal
c001,004868.jpg,561,trafficsignal
c001,004869.jpg,570,trafficsignal
c002,004870.jpg,350,trafficsignal
c001,004871.jpg,582,trafficsignal
c003,004872.jpg,552,trafficsignal
c003,004873.jpg,937,Container
c003,004874.jpg,32,trafficsignal
c003,004875.jpg,258,trafficsignal
c001,004876.jpg,716,trafficsignal
c003,004877.jpg,124,trafficsignal
c003,004878.jpg,656,trafficsignal
c003,004879.jpg,285,trafficsignal
c001,004880.jpg,1087,trafficsignal
c003,004881.jpg,196,trafficsignal
c001,004882.jpg,213,trafficsignal
c001,004883.jpg,343,trafficsignal
c003,004884.jpg,204,Crosswalk
c003,004885.jpg,743,trafficsignal
c001,004886.jpg,876,Container
c002,004887.jpg,762,Container
c003,004888.jpg,47,trafficsignal
c002,004889.jpg,42,trafficsignal
c003,004890.jpg,722,RubbishBins
c001,004891.jpg,799,trafficsignal
c002,004892.jpg,75,trafficsignal
c003,004893.jpg,882,trafficsignal
c003,004894.jpg,91,trafficsignal
c003,004895.jpg,100,Crosswalk
c003,004896.jpg,749,RubbishBins
c003,004897.jpg,456,trafficsignal
c001,004898.jpg,894,trafficsignal
c003,004899.jpg,473,trafficsignal
c001,004900.jpg,303,trafficsignal
c002,004901.jpg,466,trafficsignal
c001,004902.jpg,628,trafficsignal
c002,004903.jpg,738,Crosswalk
c002,004904.jpg,1090,RubbishBins
c002,004905.jpg,176,trafficsignal
c002,004906.jpg,260,Crosswalk
c002,004907.jpg,926,Crosswalk
c001,004908.jpg,379,trafficsignal
c003,004909.jpg,60,trafficsignal
c001,004910.jpg,765,RubbishBins
c001,004911.jpg,1080,trafficsignal
c001,004912.jpg,351,trafficsignal
c003,004913.jpg,352,trafficsignal
c002,004914.jpg,975,trafficsignal
c001,004915.jpg,811,RubbishBins
c003,004916.jpg,199,Container
c002,004917.jpg,366,RubbishBins
c002,004918.jpg,169,Container
c003,004919.jpg,81,trafficsignal
c003,004920.jpg,1005,Crosswalk
c002,004921.jpg,54,trafficsignal
c002,004922.jpg,977,trafficsignal
c001,004923.jpg,106,trafficsignal
c002,004924.jpg,274,Container
c002,004925.jpg,397,Crosswalk
c002,004926.jpg,811,RubbishBins
c003,004927.jpg,662,trafficsignal
c001,004928.jpg,1000,trafficsignal
c002,004929.jpg,541,Container
c002,004930.jpg,693,trafficsignal
c001,004931.jpg,738,Crosswalk
c001,004932.jpg,565,trafficsignal
c001,004933.jpg,1089,trafficsignal
c003,004934.jpg,816,RubbishBins
c001,004935.jpg,484,trafficsignal
c002,004936.jpg,914,trafficsignal
c002,004937.jpg,746,Crosswalk
c002,004938.jpg,672,trafficsignal
c001,004939.jpg,1006,trafficsignal
c001,004940.jpg,841,trafficsignal
c003,004941.jpg,260,Crosswalk
c002,004942.jpg,666,Crosswalk
c003,004943.jpg,37,trafficsignal
c003,004944.jpg,530,trafficsignal
c003,004945.jpg,98,trafficsignal
c002,004946.jpg,959,RubbishBins
c001,004947.jpg,807,trafficsignal
c003,004948.jpg,724,trafficsignal
c002,004949.jpg,268,trafficsignal
c003,004950.jpg,310,RubbishBins
c003,004951.jpg,133,trafficsignal
c003,004952.jpg,91,trafficsignal
c001,004953.jpg,367,trafficsignal
c002,004954.jpg,105,Crosswalk
c002,004955.jpg,451,trafficsignal
c001,004956.jpg,997,trafficsignal
c003,004957.jpg,1054,trafficsignal
c002,004958.jpg,1090,Container
c003,004959.jpg,749,RubbishBins
c002,004960.jpg,273,RubbishBins
c003,004961.jpg,215,RubbishBins
c002,004962.jpg,929,Crosswalk
c003,004963.jpg,682,trafficsignal
c002,004964.jpg,416,RubbishBins
c003,004965.jpg,817,trafficsignal
c002,004966.jpg,703,RubbishBins
c002,004967.jpg,893,RubbishBins
c002,004968.jpg,1018,trafficsignal
c003,004969.jpg,1023,trafficsignal
c002,004970.jpg,576,RubbishBins
c002,004971.jpg,156,trafficsignal
c001,004972.jpg,526,trafficsignal
c003,004973.jpg,792,RubbishBins
c003,004974.jpg,17,trafficsignal
c001,004975.jpg,420,trafficsignal
c003,004976.jpg,536,trafficsignal
c003,004977.jpg,1061,trafficsignal
c003,004978.jpg,670,trafficsignal
c001,004979.jpg,1072,trafficsignal
c003,004980.jpg,54,trafficsignal
c003,004981.jpg,513,trafficsignal
c003,004982.jpg,937,RubbishBins
c002,004983.jpg,849,Crosswalk
c001,004984.jpg,628,trafficsignal
c003,004985.jpg,915,trafficsignal
c001,004986.jpg,516,trafficsignal
c003,004987.jpg,585,Crosswalk
c002,004988.jpg,355,trafficsignal
c002,004989.jpg,811,RubbishBins
c001,004990.jpg,772,Crosswalk
c001,004991.jpg,554,trafficsignal
c003,004992.jpg,509,Container
c002,004993.jpg,355,trafficsignal
c003,004994.jpg,742,trafficsignal
c002,004995.jpg,582,trafficsignal
c003,004996.jpg,743,trafficsignal
c003,004997.jpg,624,trafficsignal
c003,004998.jpg,977,trafficsignal
c003,004999.jpg,95,trafficsignal
c003,005000.jpg,773,trafficsignal
c003,005001.jpg,852,Container
c002,005002.jpg,81,trafficsignal
c002,005003.jpg,57,trafficsignal
c002,005004.jpg,142,Crosswalk
c002,005005.jpg,120,trafficsignal
c002,005006.jpg,318,Container
c002,005007.jpg,818,trafficsignal
c001,005008.jpg,773,trafficsignal
c001,005009.jpg,565,trafficsignal
c003,005010.jpg,319,trafficsignal
c002,005011.jpg,327,trafficsignal
c003,005012.jpg,370,Crosswalk
c001,005013.jpg,343,trafficsignal
c003,005014.jpg,946,Container
c001,005015.jpg,870,trafficsignal
c001,005016.jpg,785,trafficsignal
c003,005017.jpg,1041,Crosswalk
c003,005018.jpg,81,trafficsignal
c002,005019.jpg,212,trafficsignal
c001,005020.jpg,803,trafficsignal
c002,005021.jpg,270,trafficsignal
c001,005022.jpg,818,trafficsignal
c003,005023.jpg,533,Container
c002,005024.jpg,465,trafficsignal
c002,005025.jpg,322,trafficsignal
c002,005026.jpg,497,trafficsignal
c002,005027.jpg,45,trafficsignal
c001,005028.jpg,38,trafficsignal
c002,005029.jpg,876,RubbishBins
c003,005030.jpg,975,trafficsignal
c002,005031.jpg,156,trafficsignal
c003,005032.jpg,597,trafficsignal
c003,005033.jpg,882,trafficsignal
c002,005034.jpg,343,trafficsignal
c002,005035.jpg,85,Crosswalk
c002,005036.jpg,118,trafficsignal
c001,005037.jpg,895,trafficsignal
c003,005038.jpg,756,Crosswalk
c001,005039.jpg,5,RubbishBins
c002,005040.jpg,390,Container
c003,005041.jpg,1087,trafficsignal
c001,005042.jpg,823,trafficsignal
c001,005043.jpg,478,trafficsignal
c003,005044.jpg,213,trafficsignal
c003,005045.jpg,312,trafficsignal
c001,005046.jpg,227,trafficsignal
c001,005047.jpg,706,trafficsignal
c003,005048.jpg,75,trafficsignal
c003,005049.jpg,55,trafficsignal
c002,005050.jpg,440,trafficsignal
c003,005051.jpg,664,Crosswalk
c003,005052.jpg,283,trafficsignal
c001,005053.jpg,651,Container
c002,005054.jpg,710,trafficsignal
c001,005055.jpg,383,trafficsignal
c001,005056.jpg,250,RubbishBins
c002,005057.jpg,189,trafficsignal
c003,005058.jpg,72,trafficsignal
c003,005059.jpg,106,trafficsignal
c001,005060.jpg,828,RubbishBins
c003,005061.jpg,281,trafficsignal
c002,005062.jpg,390,Container
c003,005063.jpg,798,trafficsignal
c001,005064.jpg,177,trafficsignal
c003,005065.jpg,449,trafficsignal
c003,005066.jpg,500,Container
c001,005067.jpg,277,Crosswalk
c001,005068.jpg,1078,trafficsignal
c003,005069.jpg,367,trafficsignal
c003,005070.jpg,932,trafficsignal
c001,005071.jpg,923,Crosswalk
c001,005072.jpg,633,Crosswalk
c003,005073.jpg,141,Crosswalk
c003,005074.jpg,604,RubbishBins
c001,005075.jpg,335,trafficsignal
c003,005076.jpg,999,trafficsignal
c003,005077.jpg,752,Container
c002,005078.jpg,791,Container
c001,005079.jpg,591,trafficsignal
c001,005080.jpg,577,Crosswalk
c001,005081.jpg,12,trafficsignal
c003,005082.jpg,754,trafficsignal
c003,005083.jpg,849,Crosswalk
c002,005084.jpg,62,trafficsignal
c003,005085.jpg,799,trafficsignal
c002,005086.jpg,573,trafficsignal
c001,005087.jpg,653,trafficsignal
c001,005088.jpg,707,Container
c003,005089.jpg,717,RubbishBins
c001,005090.jpg,878,trafficsignal
c003,005091.jpg,861,trafficsignal
c001,005092.jpg,586,Container
c002,005093.jpg,955,RubbishBins
c001,005094.jpg,696,trafficsignal
c001,005095.jpg,849,Crosswalk
c002,005096.jpg,538,trafficsignal
c003,005097.jpg,988,Container
c003,005098.jpg,185,trafficsignal
c003,005099.jpg,468,trafficsignal
c003,005100.jpg,650,trafficsignal
c001,005101.jpg,123,trafficsignal
c001,005102.jpg,284,Crosswalk
c003,005103.jpg,107,trafficsignal
c003,005104.jpg,590,Container
c002,005105.jpg,98,trafficsignal
c002,005106.jpg,523,Container
c002,005107.jpg,793,trafficsignal
c001,005108.jpg,64,trafficsignal
c003,005109.jpg,837,RubbishBins
c001,005110.jpg,431,Container
c002,005111.jpg,156,trafficsignal
c002,005112.jpg,156,trafficsignal
c002,005113.jpg,869,Crosswalk
c003,005114.jpg,265,Crosswalk
c003,005115.jpg,700,trafficsignal
c001,005116.jpg,839,trafficsignal
c001,005117.jpg,796,Container
c001,005118.jpg,994,trafficsignal
c001,005119.jpg,965,trafficsignal
c001,005120.jpg,200,trafficsignal
c002,005121.jpg,73,trafficsignal
c002,005122.jpg,765,RubbishBins
c001,005123.jpg,266,trafficsignal
c003,005124.jpg,384,trafficsignal
c001,005125.jpg,946,Container
c002,005126.jpg,446,trafficsignal
c002,005127.jpg,172,Crosswalk
c003,005128.jpg,165,trafficsignal
c001,005129.jpg,350,trafficsignal
c001,005130.jpg,82,trafficsignal
c003,005131.jpg,330,trafficsignal
c002,005132.jpg,216,trafficsignal
c001,005133.jpg,259,trafficsignal
c002,005134.jpg,58,Container
c003,005135.jpg,688,trafficsignal
c002,005136.jpg,797,trafficsignal
c001,005137.jpg,318,Container
c001,005138.jpg,831,trafficsignal
c001,005139.jpg,589,trafficsignal
c002,005140.jpg,129,trafficsignal
c003,005141.jpg,706,trafficsignal
c002,005142.jpg,671,trafficsignal
c001,005143.jpg,573,trafficsignal
c003,005144.jpg,943,Crosswalk
c003,005145.jpg,574,trafficsignal
c002,005146.jpg,849,Crosswalk
c002,005147.jpg,484,trafficsignal
c003,005148.jpg,45,trafficsignal
c001,005149.jpg,796,Container
c003,005150.jpg,828,RubbishBins
c001,005151.jpg,542,Container
c003,005152.jpg,184,trafficsignal
c003,005153.jpg,943,Crosswalk
c002,005154.jpg,534,trafficsignal
c002,005155.jpg,169,Container
c003,005156.jpg,267,trafficsignal
c003,005157.jpg,932,trafficsignal
c003,005158.jpg,689,trafficsignal
c003,005159.jpg,144,Crosswalk
c002,005160.jpg,507,trafficsignal
c001,005161.jpg,336,trafficsignal
c002,005162.jpg,126,trafficsignal
c001,005163.jpg,588,trafficsignal
c002,005164.jpg,489,Crosswalk
c003,005165.jpg,868,trafficsignal
c003,005166.jpg,363,trafficsignal
c002,005167.jpg,418,RubbishBins
c003,005168.jpg,716,trafficsignal
c001,005169.jpg,123,trafficsignal
c002,005170.jpg,743,trafficsignal
c002,005171.jpg,755,trafficsignal
c002,005172.jpg,1046,trafficsignal
c001,005173.jpg,894,trafficsignal
c001,005174.jpg,552,trafficsignal
c003,005175.jpg,767,trafficsignal
c003,005176.jpg,501,trafficsignal
c001,005177.jpg,102,trafficsignal
c001,005178.jpg,1005,Crosswalk
c002,005179.jpg,859,trafficsignal
c003,005180.jpg,988,Container
c003,005181.jpg,520,trafficsignal
c003,005182.jpg,124,trafficsignal
c003,005183.jpg,885,Crosswalk
c001,005184.jpg,315,trafficsignal
c003,005185.jpg,560,trafficsignal
c002,005186.jpg,369,Crosswalk
c002,005187.jpg,633,Crosswalk
c003,005188.jpg,217,trafficsignal
c001,005189.jpg,896,Container
c003,005190.jpg,144,Crosswalk
c002,005191.jpg,541,RubbishBins
c002,005192.jpg,176,trafficsignal
c002,005193.jpg,845,trafficsignal
c003,005194.jpg,384,trafficsignal
c001,005195.jpg,918,trafficsignal
c001,005196.jpg,434,trafficsignal
c002,005197.jpg,292,trafficsignal
c002,005198.jpg,724,trafficsignal
c003,005199.jpg,717,RubbishBins
c001,005200.jpg,798,trafficsignal
c003,005201.jpg,878,trafficsignal
c001,005202.jpg,1069,trafficsignal
c001,005203.jpg,358,trafficsignal
c001,005204.jpg,678,trafficsignal
c001,005205.jpg,585,Crosswalk
c002,005206.jpg,916,trafficsignal
c003,005207.jpg,733,Container
c002,005208.jpg,936,trafficsignal
c001,005209.jpg,952,trafficsignal
c002,005210.jpg,586,Container
c001,005211.jpg,119,Crosswalk
c003,005212.jpg,949,trafficsignal
c003,005213.jpg,528,Container
c002,005214.jpg,1090,Container
c002,005215.jpg,579,trafficsignal
c003,005216.jpg,758,trafficsignal
c003,005217.jpg,978,Container
c003,005218.jpg,751,trafficsignal
c002,005219.jpg,544,Crosswalk
c003,005220.jpg,663,trafficsignal
c001,005221.jpg,433,RubbishBins
c001,005222.jpg,437,RubbishBins
c003,005223.jpg,1065,trafficsignal
c003,005224.jpg,586,Container
c003,005225.jpg,627,RubbishBins
c003,005226.jpg,631,trafficsignal
c001,005227.jpg,716,trafficsignal
c001,005228.jpg,59,RubbishBins
c003,005229.jpg,908,trafficsignal
c003,005230.jpg,435,Container
c001,005231.jpg,710,trafficsignal
c001,005232.jpg,265,Crosswalk
c002,005233.jpg,497,trafficsignal
c003,005234.jpg,4,trafficsignal
c003,005235.jpg,669,trafficsignal
c002,005236.jpg,1038,trafficsignal
c001,005237.jpg,498,trafficsignal
c002,005238.jpg,118,trafficsignal
c001,005239.jpg,201,RubbishBins
c001,005240.jpg,919,trafficsignal
c002,005241.jpg,672,trafficsignal
c003,005242.jpg,380,trafficsignal
c001,005243.jpg,58,Container
c001,005244.jpg,823,trafficsignal
c001,005245.jpg,203,trafficsignal
c003,005246.jpg,1052,trafficsignal
c001,005247.jpg,114,trafficsignal
c002,005248.jpg,439,trafficsignal
c001,005249.jpg,930,Crosswalk
c003,005250.jpg,664,Crosswalk
c001,005251.jpg,85,Crosswalk
c001,005252.jpg,641,Crosswalk
c003,005253.jpg,572,trafficsignal
c003,005254.jpg,706,trafficsignal
c003,005255.jpg,387,Container
c002,005256.jpg,199,Container
c003,005257.jpg,839,trafficsignal
c003,005258.jpg,200,trafficsignal
c003,005259.jpg,603,Container
c002,005260.jpg,1066,Crosswalk
c002,005261.jpg,318,Container
c001,005262.jpg,1047,trafficsignal
c001,005263.jpg,874,trafficsignal
c003,005264.jpg,43,trafficsignal
c003,005265.jpg,1013,trafficsignal
c001,005266.jpg,1067,trafficsignal
c002,005267.jpg,391,Container
c001,005268.jpg,882,trafficsignal
c002,005269.jpg,421,trafficsignal
c002,005270.jpg,566,Crosswalk
c001,005271.jpg,940,trafficsignal
c002,005272.jpg,333,RubbishBins
c001,005273.jpg,136,trafficsignal
c003,005274.jpg,722,RubbishBins
c002,005275.jpg,383,trafficsignal
c003,005276.jpg,190,trafficsignal
c002,005277.jpg,37,trafficsignal
c001,005278.jpg,910,RubbishBins
c003,005279.jpg,650,trafficsignal
c003,005280.jpg,893,RubbishBins
c001,005281.jpg,920,trafficsignal
c003,005282.jpg,1018,trafficsignal
c003,005283.jpg,193,trafficsignal
c003,005284.jpg,899,trafficsignal
c003,005285.jpg,635,Crosswalk
c003,005286.jpg,852,Container
c002,005287.jpg,816,RubbishBins
c003,005288.jpg,391,Container
c002,005289.jpg,1020,Container
c003,005290.jpg,618,trafficsignal
c003,005291.jpg,142,Crosswalk
c002,005292.jpg,756,Crosswalk
c002,005293.jpg,353,trafficsignal
c001,005294.jpg,500,Container
c002,005295.jpg,553,trafficsignal
c002,005296.jpg,682,trafficsignal
c002,005297.jpg,1060,trafficsignal
c002,005298.jpg,749,RubbishBins
c003,005299.jpg,816,RubbishBins
c002,005300.jpg,1030,Crosswalk
c002,005301.jpg,524,Crosswalk
c002,005302.jpg,150,trafficsignal
c003,005303.jpg,838,trafficsignal
c003,005304.jpg,1,Container
c002,005305.jpg,1044,Crosswalk
c002,005306.jpg,137,trafficsignal
c001,005307.jpg,911,Container
c001,005308.jpg,21,trafficsignal
c002,005309.jpg,897,trafficsignal
c002,005310.jpg,119,Crosswalk
c001,005311.jpg,631,trafficsignal
c003,005312.jpg,370,Crosswalk
c001,005313.jpg,60,trafficsignal
c001,005314.jpg,804,trafficsignal
c002,005315.jpg,857,Crosswalk
c003,005316.jpg,417,trafficsignal
c002,005317.jpg,361,trafficsignal
c003,005318.jpg,592,trafficsignal
c001,005319.jpg,900,trafficsignal
c001,005320.jpg,14,trafficsignal
c001,005321.jpg,1090,Container
c003,005322.jpg,900,trafficsignal
c002,005323.jpg,301,trafficsignal
c002,005324.jpg,627,RubbishBins
c001,005325.jpg,786,trafficsignal
c003,005326.jpg,541,Container
c001,005327.jpg,406,Crosswalk
c003,005328.jpg,329,trafficsignal
c001,005329.jpg,822,trafficsignal
c003,005330.jpg,274,Container
c003,005331.jpg,870,trafficsignal
c002,005332.jpg,1070,Crosswalk
c003,005333.jpg,730,Container
c003,005334.jpg,171,trafficsignal
c002,005335.jpg,431,Container
c002,005336.jpg,791,Container
c003,005337.jpg,756,Crosswalk
c002,005338.jpg,485,trafficsignal
c001,005339.jpg,1085,trafficsignal
c002,005340.jpg,644,RubbishBins
c003,005341.jpg,457,trafficsignal
c001,005342.jpg,83,trafficsignal
c001,005343.jpg,491,RubbishBins
c001,005344.jpg,813,Crosswalk
c001,005345.jpg,423,trafficsignal
c003,005346.jpg,732,trafficsignal
c001,005347.jpg,882,trafficsignal
c003,005348.jpg,594,trafficsignal
c001,005349.jpg,1052,trafficsignal
c003,005350.jpg,65,trafficsignal
c002,005351.jpg,843,trafficsignal
c001,005352.jpg,347,trafficsignal
c003,005353.jpg,446,trafficsignal
c001,005354.jpg,104,trafficsignal
c002,005355.jpg,1051,Crosswalk
c003,005356.jpg,715,trafficsignal
c001,005357.jpg,712,trafficsignal
c001,005358.jpg,241,Container
c001,005359.jpg,651,Container
c002,005360.jpg,111,Crosswalk
c003,005361.jpg,384,trafficsignal
c001,005362.jpg,53,trafficsignal
c002,005363.jpg,500,Container
c002,005364.jpg,548,Crosswalk
c001,005365.jpg,217,trafficsignal
c003,005366.jpg,444,trafficsignal
c001,005367.jpg,206,trafficsignal
c002,005368.jpg,490,RubbishBins
c002,005369.jpg,974,trafficsignal
c002,005370.jpg,736,Crosswalk
c002,005371.jpg,554,trafficsignal
c001,005372.jpg,144,Crosswalk
c002,005373.jpg,145,trafficsignal
c001,005374.jpg,172,Crosswalk
c002,005375.jpg,853,trafficsignal
c003,005376.jpg,933,Crosswalk
c001,005377.jpg,861,trafficsignal
c002,005378.jpg,890,trafficsignal
c001,005379.jpg,736,Crosswalk
c003,005380.jpg,88,trafficsignal
c003,005381.jpg,67,trafficsignal
c003,005382.jpg,185,trafficsignal
c003,005383.jpg,907,Crosswalk
c003,005384.jpg,815,trafficsignal
c003,005385.jpg,1030,Crosswalk
c003,005386.jpg,991,Crosswalk
c003,005387.jpg,933,Crosswalk
c002,005388.jpg,813,Crosswalk
c003,005389.jpg,841,trafficsignal
c001,005390.jpg,797,trafficsignal
c002,005391.jpg,561,trafficsignal
c002,005392.jpg,501,trafficsignal
c001,005393.jpg,650,trafficsignal
c001,005394.jpg,313,trafficsignal
c003,005395.jpg,988,Container
c003,005396.jpg,64,trafficsignal
c002,005397.jpg,651,Container
c001,005398.jpg,265,Crosswalk
c001,005399.jpg,438,trafficsignal
c001,005400.jpg,1042,RubbishBins
c001,005401.jpg,739,trafficsignal
c001,005402.jpg,853,trafficsignal
c003,005403.jpg,596,trafficsignal
c001,005404.jpg,743,trafficsignal
c001,005405.jpg,424,trafficsignal
c002,005406.jpg,1018,trafficsignal
c002,005407.jpg,1045,trafficsignal
c002,005408.jpg,749,RubbishBins
c001,005409.jpg,670,trafficsignal
c002,005410.jpg,785,trafficsignal
c001,005411.jpg,102,trafficsignal
c003,005412.jpg,811,RubbishBins
c003,005413.jpg,134,trafficsignal
c001,005414.jpg,866,trafficsignal
c002,005415.jpg,933,Crosswalk
c002,005416.jpg,362,trafficsignal
c002,005417.jpg,1052,trafficsignal
c001,005418.jpg,1090,Container
c003,005419.jpg,774,trafficsignal
c002,005420.jpg,1034,trafficsignal
c003,005421.jpg,452,trafficsignal
c002,005422.jpg,665,Crosswalk
c003,005423.jpg,534,trafficsignal
c003,005424.jpg,505,RubbishBins
c002,005425.jpg,903,trafficsignal
c003,005426.jpg,939,Container
c002,005427.jpg,873,trafficsignal
c001,005428.jpg,673,trafficsignal
c003,005429.jpg,811,RubbishBins
c002,005430.jpg,60,trafficsignal
c002,005431.jpg,350,trafficsignal
c002,005432.jpg,115,Crosswalk
c003,005433.jpg,818,trafficsignal
c003,005434.jpg,238,trafficsignal
c002,005435.jpg,185,trafficsignal
c003,005436.jpg,448,RubbishBins
c001,005437.jpg,801,Crosswalk
c001,005438.jpg,918,trafficsignal
c003,005439.jpg,358,trafficsignal
c003,005440.jpg,489,Crosswalk
c003,005441.jpg,271,trafficsignal
c002,005442.jpg,814,trafficsignal
c001,005443.jpg,1037,trafficsignal
c001,005444.jpg,644,RubbishBins
c002,005445.jpg,427,trafficsignal
c001,005446.jpg,851,trafficsignal
c003,005447.jpg,350,trafficsignal
c001,005448.jpg,39,trafficsignal
c001,005449.jpg,302,RubbishBins
c001,005450.jpg,107,trafficsignal
c001,005451.jpg,241,Container
c001,005452.jpg,292,trafficsignal
c002,005453.jpg,525,trafficsignal
c003,005454.jpg,873,trafficsignal
c002,005455.jpg,846,trafficsignal
c003,005456.jpg,788,trafficsignal
c001,005457.jpg,643,trafficsignal
c001,005458.jpg,811,RubbishBins
c002,005459.jpg,306,RubbishBins
c001,005460.jpg,86,trafficsignal
c003,005461.jpg,451,trafficsignal
c002,005462.jpg,834,trafficsignal
c001,005463.jpg,420,trafficsignal
c003,005464.jpg,4,trafficsignal
c003,005465.jpg,239,Crosswalk
c003,005466.jpg,886,trafficsignal
c003,005467.jpg,268,trafficsignal
c002,005468.jpg,1049,trafficsignal
c003,005469.jpg,422,trafficsignal
c001,005470.jpg,559,RubbishBins
c002,005471.jpg,624,trafficsignal
c001,005472.jpg,960,trafficsignal
c002,005473.jpg,212,trafficsignal
c001,005474.jpg,76,trafficsignal
c003,005475.jpg,271,trafficsignal
c001,005476.jpg,825,trafficsignal
c003,005477.jpg,743,trafficsignal
c003,005478.jpg,421,trafficsignal
c003,005479.jpg,988,Container
c002,005480.jpg,42,trafficsignal
c001,005481.jpg,661,trafficsignal
c003,005482.jpg,945,trafficsignal
c002,005483.jpg,647,trafficsignal
c002,005484.jpg,971,Crosswalk
c001,005485.jpg,1047,trafficsignal
c003,005486.jpg,184,trafficsignal
c002,005487.jpg,200,trafficsignal
c002,005488.jpg,14,trafficsignal
c001,005489.jpg,156,trafficsignal
c001,005490.jpg,592,trafficsignal
c002,005491.jpg,58,Container
c003,005492.jpg,198,Container
c001,005493.jpg,258,trafficsignal
c002,005494.jpg,543,trafficsignal
c002,005495.jpg,724,trafficsignal
c003,005496.jpg,217,trafficsignal
c002,005497.jpg,145,trafficsignal
c001,005498.jpg,353,trafficsignal
c001,005499.jpg,146,Crosswalk
c003,005500.jpg,70,trafficsignal
c003,005501.jpg,541,Container
c003,005502.jpg,384,trafficsignal
c001,005503.jpg,1057,trafficsignal
c002,005504.jpg,1080,trafficsignal
c003,005505.jpg,381,trafficsignal
c002,005506.jpg,648,trafficsignal
c002,005507.jpg,442,Container
c001,005508.jpg,836,trafficsignal
c003,005509.jpg,11,trafficsignal
c001,005510.jpg,882,trafficsignal
c002,005511.jpg,542,RubbishBins
c001,005512.jpg,908,trafficsignal
c003,005513.jpg,566,Crosswalk
c002,005514.jpg,215,RubbishBins
c001,005515.jpg,968,trafficsignal
c002,005516.jpg,970,Crosswalk
c003,005517.jpg,659,trafficsignal
c001,005518.jpg,381,trafficsignal
c002,005519.jpg,82,trafficsignal
c003,005520.jpg,485,trafficsignal
c003,005521.jpg,130,Crosswalk
c001,005522.jpg,1090,Container
c002,005523.jpg,652,trafficsignal
c003,005524.jpg,398,trafficsignal
c001,005525.jpg,783,trafficsignal
c003,005526.jpg,516,trafficsignal
c003,005527.jpg,397,Crosswalk
c003,005528.jpg,1015,trafficsignal
c002,005529.jpg,565,trafficsignal
c001,005530.jpg,651,Container
c002,005531.jpg,30,RubbishBins
c001,005532.jpg,718,trafficsignal
c003,005533.jpg,551,trafficsignal
c002,005534.jpg,542,RubbishBins
c002,005535.jpg,651,Container
c001,005536.jpg,623,Crosswalk
c001,005537.jpg,1002,trafficsignal
c001,005538.jpg,625,RubbishBins
c001,005539.jpg,730,Container
c001,005540.jpg,235,trafficsignal
c001,005541.jpg,911,Container
c002,005542.jpg,542,Container
c001,005543.jpg,485,trafficsignal
c003,005544.jpg,484,trafficsignal
c002,005545.jpg,240,Crosswalk
c003,005546.jpg,787,trafficsignal
c003,005547.jpg,793,trafficsignal
c003,005548.jpg,196,trafficsignal
c003,005549.jpg,988,Container
c003,005550.jpg,583,trafficsignal
c003,005551.jpg,663,trafficsignal
c002,005552.jpg,876,Container
c001,005553.jpg,438,trafficsignal
c003,005554.jpg,53,trafficsignal
c001,005555.jpg,629,trafficsignal
c002,005556.jpg,705,trafficsignal
c003,005557.jpg,667,trafficsignal
c003,005558.jpg,887,RubbishBins
c001,005559.jpg,936,trafficsignal
c001,005560.jpg,591,trafficsignal
c002,005561.jpg,20,Crosswalk
c003,005562.jpg,565,trafficsignal
c002,005563.jpg,947,Crosswalk
c003,005564.jpg,114,trafficsignal
c003,005565.jpg,373,trafficsignal
c002,005566.jpg,756,Crosswalk
c002,005567.jpg,98,trafficsignal
c001,005568.jpg,130,Crosswalk
c001,005569.jpg,645,trafficsignal
c003,005570.jpg,832,Crosswalk
c001,005571.jpg,385,trafficsignal
c001,005572.jpg,933,Crosswalk
c003,005573.jpg,45,trafficsignal
c001,005574.jpg,747,trafficsignal
c003,005575.jpg,1038,trafficsignal
c002,005576.jpg,261,Crosswalk
c003,005577.jpg,551,trafficsignal
c002,005578.jpg,915,trafficsignal
c002,005579.jpg,764,RubbishBins
c003,005580.jpg,606,trafficsignal
c002,005581.jpg,59,RubbishBins
c003,005582.jpg,200,trafficsignal
c003,005583.jpg,988,Container
c001,005584.jpg,297,trafficsignal
c001,005585.jpg,720,Container
c003,005586.jpg,165,trafficsignal
c001,005587.jpg,586,Container
c001,005588.jpg,400,trafficsignal
c003,005589.jpg,535,trafficsignal
c002,005590.jpg,546,trafficsignal
c003,005591.jpg,994,trafficsignal
c003,005592.jpg,770,trafficsignal
c001,005593.jpg,861,trafficsignal
c002,005594.jpg,711,trafficsignal
c001,005595.jpg,450,trafficsignal
c001,005596.jpg,141,Crosswalk
c002,005597.jpg,444,trafficsignal
c001,005598.jpg,453,trafficsignal
c003,005599.jpg,857,Crosswalk
c002,005600.jpg,1018,trafficsignal
c003,005601.jpg,304,trafficsignal
c002,005602.jpg,3,trafficsignal
c002,005603.jpg,900,trafficsignal
c001,005604.jpg,337,trafficsignal
c001,005605.jpg,1034,trafficsignal
c001,005606.jpg,507,trafficsignal
c001,005607.jpg,711,trafficsignal
c003,005608.jpg,357,trafficsignal
c003,005609.jpg,797,trafficsignal
c003,005610.jpg,407,trafficsignal
c003,005611.jpg,513,trafficsignal
c003,005612.jpg,625,RubbishBins
c003,005613.jpg,988,Container
c001,005614.jpg,522,Crosswalk
c003,005615.jpg,336,trafficsignal
c003,005616.jpg,60,trafficsignal
c001,005617.jpg,165,trafficsignal
c003,005618.jpg,388,trafficsignal
c003,005619.jpg,215,RubbishBins
c001,005620.jpg,869,Crosswalk
c003,005621.jpg,544,Crosswalk
c002,005622.jpg,164,Container
c002,005623.jpg,651,Container
c002,005624.jpg,62,trafficsignal
c001,005625.jpg,931,trafficsignal
c001,005626.jpg,254,trafficsignal
c001,005627.jpg,373,trafficsignal
c001,005628.jpg,791,Container
c003,005629.jpg,769,Crosswalk
c001,005630.jpg,176,trafficsignal
c003,005631.jpg,386,trafficsignal
c001,005632.jpg,708,trafficsignal
c003,005633.jpg,329,trafficsignal
c001,005634.jpg,709,trafficsignal
c002,005635.jpg,852,Container
c002,005636.jpg,150,trafficsignal
c002,005637.jpg,322,trafficsignal
c001,005638.jpg,321,trafficsignal
c002,005639.jpg,314,Crosswalk
c002,005640.jpg,559,RubbishBins
c002,005641.jpg,552,trafficsignal
c003,005642.jpg,53,trafficsignal
c002,005643.jpg,327,trafficsignal
c002,005644.jpg,1026,Crosswalk
c003,005645.jpg,934,trafficsignal
c001,005646.jpg,594,trafficsignal
c003,005647.jpg,161,trafficsignal
c001,005648.jpg,277,Crosswalk
c003,005649.jpg,836,trafficsignal
c002,005650.jpg,87,Crosswalk
c001,005651.jpg,698,trafficsignal
c002,005652.jpg,1015,trafficsignal
c001,005653.jpg,245,trafficsignal
c001,005654.jpg,220,Crosswalk
c002,005655.jpg,656,trafficsignal
c001,005656.jpg,379,trafficsignal
c001,005657.jpg,711,trafficsignal
c002,005658.jpg,832,Crosswalk
c001,005659.jpg,960,trafficsignal
c002,005660.jpg,353,trafficsignal
c001,005661.jpg,426,trafficsignal
c002,005662.jpg,277,Crosswalk
c002,005663.jpg,117,Container
c001,005664.jpg,96,RubbishBins
c001,005665.jpg,783,trafficsignal
c001,005666.jpg,521,Container
c003,005667.jpg,981,trafficsignal
c003,005668.jpg,969,Crosswalk
c001,005669.jpg,527,trafficsignal
c003,005670.jpg,910,RubbishBins
c002,005671.jpg,980,trafficsignal
c003,005672.jpg,1081,trafficsignal
c001,005673.jpg,1072,trafficsignal
c001,005674.jpg,946,Container
c002,005675.jpg,220,Crosswalk
c001,005676.jpg,336,trafficsignal
c003,005677.jpg,167,trafficsignal
c002,005678.jpg,846,trafficsignal
c003,005679.jpg,509,Container
c003,005680.jpg,32,trafficsignal
c001,005681.jpg,793,trafficsignal
c002,005682.jpg,690,trafficsignal
c001,005683.jpg,911,Container
c002,005684.jpg,849,Crosswalk
c003,005685.jpg,456,trafficsignal
c001,005686.jpg,467,trafficsignal
c002,005687.jpg,121,trafficsignal
c003,005688.jpg,1046,trafficsignal
c002,005689.jpg,853,trafficsignal
c003,005690.jpg,600,trafficsignal
c002,005691.jpg,730,Container
c001,005692.jpg,849,Crosswalk
c003,005693.jpg,982,trafficsignal
c001,005694.jpg,60,trafficsignal
c002,005695.jpg,375,Crosswalk
c003,005696.jpg,528,Container
c002,005697.jpg,695,trafficsignal
c003,005698.jpg,1040,trafficsignal
c003,005699.jpg,816,RubbishBins
c003,005700.jpg,803,trafficsignal
c003,005701.jpg,874,trafficsignal
c001,005702.jpg,1048,trafficsignal
c001,005703.jpg,497,trafficsignal
c003,005704.jpg,988,Container
c003,005705.jpg,136,trafficsignal
c003,005706.jpg,158,trafficsignal
c001,005707.jpg,86,trafficsignal
c001,005708.jpg,582,trafficsignal
c002,005709.jpg,5,RubbishBins
c001,005710.jpg,14,trafficsignal
c001,005711.jpg,947,Crosswalk
c002,005712.jpg,456,trafficsignal
c003,005713.jpg,1088,trafficsignal
c003,005714.jpg,628,trafficsignal
c002,005715.jpg,635,Crosswalk
c001,005716.jpg,85,Crosswalk
c003,005717.jpg,871,Container
c003,005718.jpg,142,Crosswalk
c001,005719.jpg,271,trafficsignal
c002,005720.jpg,203,trafficsignal
c003,005721.jpg,939,Container
c001,005722.jpg,890,trafficsignal
c002,005723.jpg,651,Container
c001,005724.jpg,327,trafficsignal
c002,005725.jpg,1059,trafficsignal
c001,005726.jpg,441,trafficsignal
c001,005727.jpg,1090,Container
c003,005728.jpg,244,trafficsignal
c002,005729.jpg,970,Crosswalk
c002,005730.jpg,618,trafficsignal
c002,005731.jpg,631,trafficsignal
c001,005732.jpg,329,trafficsignal
c001,005733.jpg,758,trafficsignal
c003,005734.jpg,632,trafficsignal
c003,005735.jpg,861,trafficsignal
c003,005736.jpg,234,trafficsignal
c001,005737.jpg,737,trafficsignal
c003,005738.jpg,487,trafficsignal
c002,005739.jpg,84,trafficsignal
c001,005740.jpg,807,trafficsignal
c003,005741.jpg,1055,trafficsignal
c001,005742.jpg,192,RubbishBins
c001,005743.jpg,122,trafficsignal
c001,005744.jpg,240,Crosswalk
c003,005745.jpg,826,trafficsignal
c003,005746.jpg,1006,trafficsignal
c003,005747.jpg,1015,trafficsignal
c001,005748.jpg,601,trafficsignal
c002,005749.jpg,529,trafficsignal
c001,005750.jpg,212,trafficsignal
c002,005751.jpg,941,trafficsignal
c003,005752.jpg,141,Crosswalk
c003,005753.jpg,133,trafficsignal
c003,005754.jpg,1073,trafficsignal
c003,005755.jpg,353,trafficsignal
c002,005756.jpg,562,trafficsignal
c001,005757.jpg,331,trafficsignal
c001,005758.jpg,682,trafficsignal
c003,005759.jpg,855,Container
c002,005760.jpg,392,trafficsignal
c002,005761.jpg,1032,Crosswalk
c001,005762.jpg,632,trafficsignal
c003,005763.jpg,651,Container
c003,005764.jpg,633,Crosswalk
c001,005765.jpg,651,Container
c003,005766.jpg,825,trafficsignal
c003,005767.jpg,1070,Crosswalk
c002,005768.jpg,1044,Crosswalk
c003,005769.jpg,315,trafficsignal
c001,005770.jpg,943,Crosswalk
c003,005771.jpg,130,Crosswalk
c002,005772.jpg,491,RubbishBins
c002,005773.jpg,10,trafficsignal
c003,005774.jpg,560,trafficsignal
c002,005775.jpg,707,Container
c001,005776.jpg,10,trafficsignal
c001,005777.jpg,1066,Crosswalk
c001,005778.jpg,409,RubbishBins
c003,005779.jpg,543,trafficsignal
c001,005780.jpg,174,trafficsignal
c002,005781.jpg,737,trafficsignal
c002,005782.jpg,266,trafficsignal
c003,005783.jpg,955,RubbishBins
c001,005784.jpg,1063,trafficsignal
c003,005785.jpg,950,trafficsignal
c001,005786.jpg,981,trafficsignal
c003,005787.jpg,756,Crosswalk
c001,005788.jpg,713,trafficsignal
c003,005789.jpg,32,trafficsignal
c001,005790.jpg,956,trafficsignal
c003,005791.jpg,816,RubbishBins
c002,005792.jpg,352,trafficsignal
c003,005793.jpg,217,trafficsignal
c001,005794.jpg,465,trafficsignal
c002,005795.jpg,409,RubbishBins
c003,005796.jpg,712,trafficsignal
c002,005797.jpg,1044,Crosswalk
c003,005798.jpg,724,trafficsignal
c003,005799.jpg,1086,trafficsignal
c002,005800.jpg,673,trafficsignal
c003,005801.jpg,321,trafficsignal
c002,005802.jpg,584,trafficsignal
c003,005803.jpg,871,Container
c002,005804.jpg,631,trafficsignal
c002,005805.jpg,97,trafficsignal
c002,005806.jpg,434,trafficsignal
c003,005807.jpg,221,Crosswalk
c003,005808.jpg,1000,trafficsignal
c003,005809.jpg,31,Crosswalk
c001,005810.jpg,284,Crosswalk
c002,005811.jpg,185,trafficsignal
c001,005812.jpg,168,trafficsignal
c001,005813.jpg,625,RubbishBins
c001,005814.jpg,365,RubbishBins
c003,005815.jpg,969,Crosswalk
c003,005816.jpg,903,trafficsignal
c001,005817.jpg,570,trafficsignal
c003,005818.jpg,396,Crosswalk
c001,005819.jpg,138,trafficsignal
c003,005820.jpg,1075,trafficsignal
c002,005821.jpg,552,trafficsignal
c003,005822.jpg,746,Crosswalk
c002,005823.jpg,697,trafficsignal
c001,005824.jpg,952,trafficsignal
c001,005825.jpg,646,trafficsignal
c002,005826.jpg,269,trafficsignal
c001,005827.jpg,124,trafficsignal
c001,005828.jpg,807,trafficsignal
c002,005829.jpg,16,trafficsignal
c003,005830.jpg,57,trafficsignal
c001,005831.jpg,431,Container
c003,005832.jpg,32,trafficsignal
c002,005833.jpg,913,trafficsignal
c001,005834.jpg,787,trafficsignal
c002,005835.jpg,946,Container
c002,005836.jpg,366,RubbishBins
c002,005837.jpg,92,Crosswalk
c002,005838.jpg,838,trafficsignal
c001,005839.jpg,1028,trafficsignal
c002,005840.jpg,755,trafficsignal
c002,005841.jpg,719,trafficsignal
c003,005842.jpg,623,Crosswalk
c001,005843.jpg,336,trafficsignal
c001,005844.jpg,244,trafficsignal
c003,005845.jpg,195,trafficsignal
c002,005846.jpg,486,trafficsignal
c001,005847.jpg,20,Crosswalk
c003,005848.jpg,850,trafficsignal
c002,005849.jpg,636,trafficsignal
c001,005850.jpg,1073,trafficsignal
c003,005851.jpg,318,RubbishBins
c002,005852.jpg,1077,trafficsignal
c001,005853.jpg,373,trafficsignal
c001,005854.jpg,449,trafficsignal
c001,005855.jpg,353,trafficsignal
c003,005856.jpg,553,trafficsignal
c002,005857.jpg,282,trafficsignal
c001,005858.jpg,657,trafficsignal
c003,005859.jpg,830,trafficsignal
c001,005860.jpg,386,trafficsignal
c001,005861.jpg,431,Container
c002,005862.jpg,446,trafficsignal
c001,005863.jpg,652,trafficsignal
c003,005864.jpg,349,Container
c001,005865.jpg,216,trafficsignal
c002,005866.jpg,363,trafficsignal
c003,005867.jpg,303,trafficsignal
c001,005868.jpg,86,trafficsignal
c003,005869.jpg,476,trafficsignal
c001,005870.jpg,991,Crosswalk
c001,005871.jpg,776,Container
c003,005872.jpg,91,trafficsignal
c002,005873.jpg,938,trafficsignal
c001,005874.jpg,1065,trafficsignal
c001,005875.jpg,787,trafficsignal
c002,005876.jpg,579,trafficsignal
c001,005877.jpg,948,trafficsignal
c003,005878.jpg,2,trafficsignal
c001,005879.jpg,550,trafficsignal
c003,005880.jpg,800,trafficsignal
c003,005881.jpg,386,trafficsignal
c002,005882.jpg,57,trafficsignal
c003,005883.jpg,541,Container
c003,005884.jpg,929,Crosswalk
c003,005885.jpg,58,Container
c003,005886.jpg,199,Container
c003,005887.jpg,156,trafficsignal
c001,005888.jpg,438,trafficsignal
c001,005889.jpg,194,trafficsignal
c001,005890.jpg,776,Container
c001,005891.jpg,215,RubbishBins
c002,005892.jpg,923,Crosswalk
c001,005893.jpg,217,trafficsignal
c003,005894.jpg,948,trafficsignal
c003,005895.jpg,453,trafficsignal
c003,005896.jpg,234,trafficsignal
c001,005897.jpg,467,trafficsignal
c002,005898.jpg,619,trafficsignal
c001,005899.jpg,127,Crosswalk
c003,005900.jpg,1044,Crosswalk
c003,005901.jpg,543,trafficsignal
c003,005902.jpg,41,trafficsignal
c001,005903.jpg,88,trafficsignal
c001,005904.jpg,918,trafficsignal
c003,005905.jpg,121,trafficsignal
c001,005906.jpg,817,trafficsignal
c003,005907.jpg,945,trafficsignal
c001,005908.jpg,709,trafficsignal
c002,005909.jpg,852,Container
c003,005910.jpg,187,trafficsignal
c003,005911.jpg,808,Crosswalk
c002,005912.jpg,169,Container
c003,005913.jpg,624,trafficsignal
c003,005914.jpg,953,trafficsignal
c002,005915.jpg,861,trafficsignal
c002,005916.jpg,277,Crosswalk
c001,005917.jpg,988,Container
c002,005918.jpg,262,RubbishBins
c001,005919.jpg,736,Crosswalk
c003,005920.jpg,874,trafficsignal
c002,005921.jpg,769,Crosswalk
c002,005922.jpg,456,trafficsignal
c003,005923.jpg,771,trafficsignal
c003,005924.jpg,431,Container
c003,005925.jpg,492,trafficsignal
c002,005926.jpg,1059,trafficsignal
c002,005927.jpg,11,trafficsignal
c001,005928.jpg,498,trafficsignal
c003,005929.jpg,627,RubbishBins
c003,005930.jpg,737,trafficsignal
c001,005931.jpg,460,trafficsignal
c001,005932.jpg,724,trafficsignal
c002,005933.jpg,333,RubbishBins
c001,005934.jpg,271,trafficsignal
c002,005935.jpg,658,trafficsignal
c003,005936.jpg,274,Container
c001,005937.jpg,451,trafficsignal
c002,005938.jpg,465,trafficsignal
c001,005939.jpg,903,trafficsignal
c003,005940.jpg,400,trafficsignal
c001,005941.jpg,144,Crosswalk
c001,005942.jpg,611,trafficsignal
c003,005943.jpg,752,RubbishBins
c001,005944.jpg,829,trafficsignal
c003,005945.jpg,87,Crosswalk
c001,005946.jpg,307,trafficsignal
c003,005947.jpg,240,Crosswalk
c002,005948.jpg,864,Crosswalk
c001,005949.jpg,859,trafficsignal
c002,005950.jpg,1053,trafficsignal
c003,005951.jpg,850,trafficsignal
c001,005952.jpg,220,Crosswalk
c001,005953.jpg,682,trafficsignal
c001,005954.jpg,688,trafficsignal
c003,005955.jpg,86,trafficsignal
c003,005956.jpg,595,trafficsignal
c003,005957.jpg,808,Crosswalk
c002,005958.jpg,460,trafficsignal
c002,005959.jpg,742,trafficsignal
c003,005960.jpg,55,trafficsignal
c001,005961.jpg,778,trafficsignal
c001,005962.jpg,146,Crosswalk
c002,005963.jpg,577,Crosswalk
c001,005964.jpg,871,Container
c003,005965.jpg,587,Container
c001,005966.jpg,1090,Container
c003,005967.jpg,632,trafficsignal
c001,005968.jpg,816,RubbishBins
c001,005969.jpg,431,Container
c003,005970.jpg,985,trafficsignal
c002,005971.jpg,930,Crosswalk
c002,005972.jpg,27,trafficsignal
c002,005973.jpg,166,trafficsignal
c002,005974.jpg,1077,trafficsignal
c001,005975.jpg,349,Container
c002,005976.jpg,141,Crosswalk
c002,005977.jpg,844,Container
c001,005978.jpg,476,trafficsignal
c001,005979.jpg,718,trafficsignal
c003,005980.jpg,629,trafficsignal
c001,005981.jpg,591,trafficsignal
c001,005982.jpg,48,trafficsignal
c001,005983.jpg,579,trafficsignal
c001,005984.jpg,60,trafficsignal
c003,005985.jpg,434,trafficsignal
c003,005986.jpg,207,trafficsignal
c002,005987.jpg,199,Container
c001,005988.jpg,703,RubbishBins
c001,005989.jpg,1051,Crosswalk
c001,005990.jpg,537,trafficsignal
c003,005991.jpg,851,trafficsignal
c002,005992.jpg,291,trafficsignal
c001,005993.jpg,211,trafficsignal
c001,005994.jpg,871,Container
c002,005995.jpg,265,Crosswalk
c002,005996.jpg,1014,RubbishBins
c002,005997.jpg,357,trafficsignal
c003,005998.jpg,871,Container
c003,005999.jpg,969,Crosswalk
c003,006000.jpg,438,trafficsignal
c001,006001.jpg,1063,trafficsignal
c002,006002.jpg,1063,trafficsignal
c001,006003.jpg,337,trafficsignal
c003,006004.jpg,94,trafficsignal
c002,006005.jpg,629,trafficsignal
c001,006006.jpg,879,trafficsignal
c001,006007.jpg,406,Crosswalk
c001,006008.jpg,729,trafficsignal
c003,006009.jpg,1090,Container
c003,006010.jpg,876,Container
c002,006011.jpg,683,trafficsignal
c003,006012.jpg,830,trafficsignal
c003,006013.jpg,887,RubbishBins
c003,006014.jpg,159,trafficsignal
c002,006015.jpg,810,RubbishBins
c002,006016.jpg,940,trafficsignal
c002,006017.jpg,303,trafficsignal
c003,006018.jpg,68,RubbishBins
c003,006019.jpg,267,trafficsignal
c003,006020.jpg,10,trafficsignal
c001,006021.jpg,419,trafficsignal
c001,006022.jpg,300,trafficsignal
c002,006023.jpg,70,trafficsignal
c001,006024.jpg,586,Container
c001,006025.jpg,1073,trafficsignal
c003,006026.jpg,934,trafficsignal
c001,006027.jpg,518,trafficsignal
c001,006028.jpg,937,Container
c003,006029.jpg,383,trafficsignal
c002,006030.jpg,930,Crosswalk
c002,006031.jpg,893,RubbishBins
c002,006032.jpg,411,trafficsignal
c001,006033.jpg,907,Crosswalk
c002,006034.jpg,1081,trafficsignal
c003,006035.jpg,849,Crosswalk
c001,006036.jpg,376,trafficsignal
c001,006037.jpg,922,RubbishBins
c001,006038.jpg,212,trafficsignal
c001,006039.jpg,161,trafficsignal
c001,006040.jpg,717,RubbishBins
c001,006041.jpg,1085,trafficsignal
c002,006042.jpg,423,trafficsignal
c003,006043.jpg,266,trafficsignal
c001,006044.jpg,135,trafficsignal
c001,006045.jpg,396,Crosswalk
c003,006046.jpg,658,trafficsignal
c001,006047.jpg,835,trafficsignal
c002,006048.jpg,950,trafficsignal
c002,006049.jpg,930,Crosswalk
c002,006050.jpg,1066,Crosswalk
c002,006051.jpg,20,Crosswalk
c003,006052.jpg,178,trafficsignal
c002,006053.jpg,542,Container
c002,006054.jpg,751,trafficsignal
c001,006055.jpg,910,RubbishBins
c001,006056.jpg,864,Crosswalk
c003,006057.jpg,471,RubbishBins
c002,006058.jpg,472,trafficsignal
c003,006059.jpg,104,trafficsignal
c002,006060.jpg,541,Container
c002,006061.jpg,610,Container
c001,006062.jpg,772,Crosswalk
c001,006063.jpg,906,trafficsignal
c001,006064.jpg,388,trafficsignal
c003,006065.jpg,1016,trafficsignal
c001,006066.jpg,648,trafficsignal
c002,006067.jpg,1090,Container
c001,006068.jpg,838,trafficsignal
c002,006069.jpg,1073,trafficsignal
c001,006070.jpg,757,RubbishBins
c003,006071.jpg,429,trafficsignal
c001,006072.jpg,602,trafficsignal
c001,006073.jpg,932,trafficsignal
c003,006074.jpg,487,trafficsignal
c002,006075.jpg,326,Container
c002,006076.jpg,379,trafficsignal
c002,006077.jpg,91,trafficsignal
c003,006078.jpg,698,trafficsignal
c001,006079.jpg,248,trafficsignal
c002,006080.jpg,255,trafficsignal
c003,006081.jpg,680,RubbishBins
c002,006082.jpg,538,trafficsignal
c003,006083.jpg,988,Container
c002,006084.jpg,277,Crosswalk
c001,006085.jpg,863,trafficsignal
c002,006086.jpg,230,trafficsignal
c002,006087.jpg,255,trafficsignal
c003,006088.jpg,909,trafficsignal
c002,006089.jpg,796,Container
c002,006090.jpg,446,trafficsignal
c001,006091.jpg,940,trafficsignal
c001,006092.jpg,894,trafficsignal
c002,006093.jpg,98,trafficsignal
c001,006094.jpg,882,trafficsignal
c002,006095.jpg,511,trafficsignal
c003,006096.jpg,981,trafficsignal
c001,006097.jpg,607,trafficsignal
c001,006098.jpg,381,trafficsignal
c001,006099.jpg,296,trafficsignal
c002,006100.jpg,558,trafficsignal
c003,006101.jpg,816,RubbishBins
c001,006102.jpg,657,trafficsignal
c001,006103.jpg,172,Crosswalk
c001,006104.jpg,1007,trafficsignal
c003,006105.jpg,1006,trafficsignal
c002,006106.jpg,437,RubbishBins
c003,006107.jpg,167,trafficsignal
c003,006108.jpg,438,trafficsignal
c003,006109.jpg,620,trafficsignal
c002,006110.jpg,492,trafficsignal
c001,006111.jpg,109,trafficsignal
c001,006112.jpg,243,trafficsignal
c002,006113.jpg,77,Container
c002,006114.jpg,391,Container
c003,006115.jpg,744,RubbishBins
c001,006116.jpg,982,trafficsignal
c001,006117.jpg,67,trafficsignal
c001,006118.jpg,936,trafficsignal
c002,006119.jpg,264,trafficsignal
c003,006120.jpg,188,trafficsignal
c001,006121.jpg,503,trafficsignal
c002,006122.jpg,703,RubbishBins
c003,006123.jpg,112,trafficsignal
c003,006124.jpg,495,trafficsignal
c002,006125.jpg,1044,Crosswalk
c002,006126.jpg,419,trafficsignal
c002,006127.jpg,207,trafficsignal
c002,006128.jpg,405,trafficsignal
c002,006129.jpg,868,trafficsignal
c003,006130.jpg,68,RubbishBins
c002,006131.jpg,841,trafficsignal
c003,006132.jpg,440,trafficsignal
c002,006133.jpg,106,trafficsignal
c001,006134.jpg,132,trafficsignal
c002,006135.jpg,476,trafficsignal
c001,006136.jpg,848,trafficsignal
c003,006137.jpg,363,trafficsignal
c002,006138.jpg,520,trafficsignal
c002,006139.jpg,370,Crosswalk
c002,006140.jpg,829,trafficsignal
c003,006141.jpg,1083,RubbishBins
c002,006142.jpg,663,trafficsignal
c002,006143.jpg,914,trafficsignal
c002,006144.jpg,811,RubbishBins
c002,006145.jpg,310,RubbishBins
c003,006146.jpg,331,trafficsignal
c002,006147.jpg,91,trafficsignal
c002,006148.jpg,495,trafficsignal
c003,006149.jpg,433,RubbishBins
c003,006150.jpg,969,Crosswalk
c001,006151.jpg,301,trafficsignal
c003,006152.jpg,657,trafficsignal
c002,006153.jpg,758,trafficsignal
c002,006154.jpg,743,trafficsignal
c002,006155.jpg,869,Crosswalk
c003,006156.jpg,353,trafficsignal
c003,006157.jpg,607,trafficsignal
c002,006158.jpg,855,Container
c002,006159.jpg,1069,trafficsignal
c003,006160.jpg,403,trafficsignal
c001,006161.jpg,1009,trafficsignal
c002,006162.jpg,291,trafficsignal
c003,006163.jpg,755,trafficsignal
c002,006164.jpg,254,trafficsignal
c003,006165.jpg,186,trafficsignal
c001,006166.jpg,943,Crosswalk
c003,006167.jpg,701,trafficsignal
c002,006168.jpg,803,trafficsignal
c002,006169.jpg,1043,Container
c001,006170.jpg,78,trafficsignal
c003,006171.jpg,404,RubbishBins
c003,006172.jpg,347,trafficsignal
c002,006173.jpg,1090,Container
c001,006174.jpg,440,trafficsignal
c001,006175.jpg,834,trafficsignal
c003,006176.jpg,968,trafficsignal
c003,006177.jpg,381,trafficsignal
c001,006178.jpg,500,Container
c001,006179.jpg,628,trafficsignal
c002,006180.jpg,76,trafficsignal
c002,006181.jpg,58,Container
c003,006182.jpg,850,trafficsignal
c003,006183.jpg,421,trafficsignal
c003,006184.jpg,275,trafficsignal
c003,006185.jpg,1026,Crosswalk
c001,006186.jpg,779,trafficsignal
c002,006187.jpg,811,RubbishBins
c001,006188.jpg,656,trafficsignal
c001,006189.jpg,579,trafficsignal
c003,006190.jpg,937,Container
c003,006191.jpg,255,trafficsignal
c002,006192.jpg,949,trafficsignal
c001,006193.jpg,439,trafficsignal
c003,006194.jpg,919,trafficsignal
c003,006195.jpg,105,Crosswalk
c002,006196.jpg,109,trafficsignal
c001,006197.jpg,442,Container
c001,006198.jpg,816,RubbishBins
c002,006199.jpg,350,trafficsignal
c001,006200.jpg,406,Crosswalk
c003,006201.jpg,1066,Crosswalk
c002,006202.jpg,881,trafficsignal
c003,006203.jpg,505,RubbishBins
c002,006204.jpg,1022,trafficsignal
c001,006205.jpg,943,Crosswalk
c002,006206.jpg,613,Crosswalk
c002,006207.jpg,1026,Crosswalk
c003,006208.jpg,409,RubbishBins
c002,006209.jpg,659,trafficsignal
c003,006210.jpg,420,trafficsignal
c003,006211.jpg,663,trafficsignal
c003,006212.jpg,1090,Container
c003,006213.jpg,867,trafficsignal
c001,006214.jpg,154,trafficsignal
c003,006215.jpg,410,Crosswalk
c001,006216.jpg,680,RubbishBins
c002,006217.jpg,564,Container
c001,006218.jpg,855,Container
c003,006219.jpg,819,RubbishBins
c001,006220.jpg,986,Crosswalk
c002,006221.jpg,622,Container
c003,006222.jpg,1028,trafficsignal
c003,006223.jpg,653,trafficsignal
c003,006224.jpg,138,trafficsignal
c001,006225.jpg,579,trafficsignal
c001,006226.jpg,128,trafficsignal
c002,006227.jpg,1006,trafficsignal
c001,006228.jpg,172,Crosswalk
c003,006229.jpg,360,trafficsignal
c003,006230.jpg,375,Crosswalk
c002,006231.jpg,361,trafficsignal
c002,006232.jpg,182,trafficsignal
c002,006233.jpg,829,trafficsignal
c003,006234.jpg,923,Crosswalk
c002,006235.jpg,78,trafficsignal
c002,006236.jpg,907,Crosswalk
c003,006237.jpg,65,trafficsignal
c001,006238.jpg,216,trafficsignal
c001,006239.jpg,376,trafficsignal
c003,006240.jpg,258,trafficsignal
c002,006241.jpg,212,trafficsignal
c002,006242.jpg,92,Crosswalk
c002,006243.jpg,157,Container
c002,006244.jpg,731,Container
c002,006245.jpg,223,trafficsignal
c002,006246.jpg,22,trafficsignal
c003,006247.jpg,181,Crosswalk
c002,006248.jpg,485,trafficsignal
c002,006249.jpg,282,trafficsignal
c003,006250.jpg,559,RubbishBins
c001,006251.jpg,889,RubbishBins
c003,006252.jpg,679,trafficsignal
c002,006253.jpg,339,trafficsignal
c001,006254.jpg,1046,trafficsignal
c001,006255.jpg,107,trafficsignal
c003,006256.jpg,716,trafficsignal
c003,006257.jpg,277,Crosswalk
c001,006258.jpg,569,trafficsignal
c003,006259.jpg,184,trafficsignal
c003,006260.jpg,144,Crosswalk
c001,006261.jpg,1036,trafficsignal
c001,006262.jpg,454,trafficsignal
c002,006263.jpg,386,trafficsignal
c002,006264.jpg,1028,trafficsignal
c002,006265.jpg,743,trafficsignal
c001,006266.jpg,222,trafficsignal
c002,006267.jpg,1088,trafficsignal
c003,006268.jpg,924,trafficsignal
c003,006269.jpg,19,RubbishBins
c002,006270.jpg,384,trafficsignal
c001,006271.jpg,479,trafficsignal
c003,006272.jpg,522,Crosswalk
c002,006273.jpg,803,trafficsignal
c003,006274.jpg,58,Container
c001,006275.jpg,489,Crosswalk
c002,006276.jpg,667,trafficsignal
c002,006277.jpg,997,trafficsignal
c001,006278.jpg,679,trafficsignal
c001,006279.jpg,734,trafficsignal
c002,006280.jpg,1061,trafficsignal
c003,006281.jpg,2,trafficsignal
c002,006282.jpg,119,Crosswalk
c001,006283.jpg,960,trafficsignal
c001,006284.jpg,14,trafficsignal
c003,006285.jpg,940,trafficsignal
c003,006286.jpg,331,trafficsignal
c003,006287.jpg,437,RubbishBins
c003,006288.jpg,672,trafficsignal
c001,006289.jpg,29,trafficsignal
c002,006290.jpg,396,Crosswalk
c002,006291.jpg,774,trafficsignal
c003,006292.jpg,32,trafficsignal
c001,006293.jpg,1018,trafficsignal
c001,006294.jpg,68,RubbishBins
c003,006295.jpg,607,trafficsignal
c002,006296.jpg,385,trafficsignal
c003,006297.jpg,816,RubbishBins
c003,006298.jpg,252,Crosswalk
c001,006299.jpg,889,RubbishBins
c003,006300.jpg,988,Container
c002,006301.jpg,353,trafficsignal
c001,006302.jpg,508,Crosswalk
c003,006303.jpg,713,trafficsignal
c001,006304.jpg,137,trafficsignal
c003,006305.jpg,509,Container
c002,006306.jpg,803,trafficsignal
c002,006307.jpg,1036,trafficsignal
c002,006308.jpg,501,trafficsignal
c002,006309.jpg,129,trafficsignal
c002,006310.jpg,1034,trafficsignal
c001,006311.jpg,609,trafficsignal
c001,006312.jpg,760,RubbishBins
c002,006313.jpg,566,Crosswalk
c001,006314.jpg,252,Crosswalk
c002,006315.jpg,274,Container
c001,006316.jpg,546,trafficsignal
c003,006317.jpg,779,trafficsignal
c002,006318.jpg,903,trafficsignal
c001,006319.jpg,234,trafficsignal
c002,006320.jpg,996,trafficsignal
c003,006321.jpg,532,RubbishBins
c002,006322.jpg,855,Container
c003,006323.jpg,343,trafficsignal
c002,006324.jpg,44,trafficsignal
c002,006325.jpg,37,trafficsignal
c001,006326.jpg,1031,Crosswalk
c001,006327.jpg,847,trafficsignal
c002,006328.jpg,593,trafficsignal
c002,006329.jpg,622,Container
c003,006330.jpg,27,trafficsignal
c003,006331.jpg,184,trafficsignal
c003,006332.jpg,724,trafficsignal
c003,006333.jpg,132,trafficsignal
c001,006334.jpg,758,trafficsignal
c002,006335.jpg,112,trafficsignal
c001,006336.jpg,669,trafficsignal
c002,006337.jpg,69,trafficsignal
c003,006338.jpg,47,trafficsignal
c002,006339.jpg,1029,RubbishBins
c001,006340.jpg,323,trafficsignal
c003,006341.jpg,596,trafficsignal
c001,006342.jpg,80,RubbishBins
c003,006343.jpg,974,trafficsignal
c003,006344.jpg,706,trafficsignal
c003,006345.jpg,988,Container
c003,006346.jpg,4,trafficsignal
c003,006347.jpg,749,RubbishBins
c001,006348.jpg,1042,RubbishBins
c003,006349.jpg,259,trafficsignal
c001,006350.jpg,349,Container
c001,006351.jpg,316,trafficsignal
c001,006352.jpg,774,trafficsignal
c001,006353.jpg,1008,trafficsignal
c003,006354.jpg,650,trafficsignal
c003,006355.jpg,544,Crosswalk
c003,006356.jpg,408,trafficsignal
c001,006357.jpg,1090,Container
c001,006358.jpg,903,trafficsignal
c002,006359.jpg,1030,Crosswalk
c002,006360.jpg,489,Crosswalk
c002,006361.jpg,712,trafficsignal
c003,006362.jpg,141,Crosswalk
c003,006363.jpg,63,trafficsignal
c002,006364.jpg,698,trafficsignal
c003,006365.jpg,516,trafficsignal
c001,006366.jpg,324,trafficsignal
c002,006367.jpg,129,trafficsignal
c002,006368.jpg,487,trafficsignal
c002,006369.jpg,792,RubbishBins
c001,006370.jpg,86,trafficsignal
c003,006371.jpg,526,trafficsignal
c001,006372.jpg,41,trafficsignal
c001,006373.jpg,54,trafficsignal
c001,006374.jpg,806,trafficsignal
c002,006375.jpg,1024,trafficsignal
c002,006376.jpg,684,trafficsignal
c003,006377.jpg,439,trafficsignal
c003,006378.jpg,491,RubbishBins
c003,006379.jpg,797,trafficsignal
c001,006380.jpg,899,trafficsignal
c003,006381.jpg,272,trafficsignal
c001,006382.jpg,370,Crosswalk
c002,006383.jpg,496,trafficsignal
c003,006384.jpg,611,trafficsignal
c003,006385.jpg,215,RubbishBins
c001,006386.jpg,873,trafficsignal
c002,006387.jpg,698,trafficsignal
c003,006388.jpg,216,trafficsignal
c001,006389.jpg,457,trafficsignal
c001,006390.jpg,453,trafficsignal
c001,006391.jpg,593,trafficsignal
c001,006392.jpg,647,trafficsignal
c003,006393.jpg,665,Crosswalk
c001,006394.jpg,816,RubbishBins
c003,006395.jpg,1005,Crosswalk
c001,006396.jpg,738,Crosswalk
c003,006397.jpg,1034,trafficsignal
c002,006398.jpg,164,Container
c003,006399.jpg,766,trafficsignal
c003,006400.jpg,618,trafficsignal
c003,006401.jpg,712,trafficsignal
c002,006402.jpg,317,trafficsignal
c001,006403.jpg,63,trafficsignal
c002,006404.jpg,702,trafficsignal
c001,006405.jpg,552,trafficsignal
c001,006406.jpg,216,trafficsignal
c002,006407.jpg,1020,Container
c002,006408.jpg,136,trafficsignal
c003,006409.jpg,371,trafficsignal
c001,006410.jpg,541,Container
c003,006411.jpg,420,trafficsignal
c002,006412.jpg,289,trafficsignal
c001,006413.jpg,1056,trafficsignal
c003,006414.jpg,799,trafficsignal
c002,006415.jpg,466,trafficsignal
c001,006416.jpg,170,RubbishBins
c001,006417.jpg,429,trafficsignal
c002,006418.jpg,1040,trafficsignal
c003,006419.jpg,570,trafficsignal
c002,006420.jpg,352,trafficsignal
c001,006421.jpg,495,trafficsignal
c003,006422.jpg,318,Container
c003,006423.jpg,354,RubbishBins
c002,006424.jpg,80,RubbishBins
c003,006425.jpg,208,trafficsignal
c001,006426.jpg,620,trafficsignal
c002,006427.jpg,941,trafficsignal
c001,006428.jpg,204,Crosswalk
c003,006429.jpg,739,trafficsignal
c001,006430.jpg,616,trafficsignal
c001,006431.jpg,758,trafficsignal
c003,006432.jpg,214,RubbishBins
c001,006433.jpg,308,trafficsignal
c002,006434.jpg,622,Container
c003,006435.jpg,85,Crosswalk
c001,006436.jpg,837,RubbishBins
c003,006437.jpg,220,Crosswalk
c002,006438.jpg,358,trafficsignal
c003,006439.jpg,586,Container
c002,006440.jpg,105,Crosswalk
c003,006441.jpg,25,Crosswalk
c003,006442.jpg,1066,Crosswalk
c003,006443.jpg,803,trafficsignal
c003,006444.jpg,129,trafficsignal
c002,006445.jpg,942,trafficsignal
c003,006446.jpg,984,trafficsignal
c002,006447.jpg,68,RubbishBins
c003,006448.jpg,629,trafficsignal
c003,006449.jpg,725,trafficsignal
c001,006450.jpg,939,Container
c003,006451.jpg,100,Crosswalk
c001,006452.jpg,946,Container
c002,006453.jpg,933,Crosswalk
c003,006454.jpg,285,trafficsignal
c002,006455.jpg,981,trafficsignal
c002,006456.jpg,1090,Container
c002,006457.jpg,335,trafficsignal
c002,006458.jpg,858,trafficsignal
c002,006459.jpg,221,Crosswalk
c001,006460.jpg,759,trafficsignal
c001,006461.jpg,869,Crosswalk
c003,006462.jpg,810,RubbishBins
c002,006463.jpg,391,Container
c002,006464.jpg,230,trafficsignal
c001,006465.jpg,1048,trafficsignal
c002,006466.jpg,713,trafficsignal
c002,006467.jpg,947,Crosswalk
c001,006468.jpg,755,trafficsignal
c001,006469.jpg,765,RubbishBins
c003,006470.jpg,166,trafficsignal
c002,006471.jpg,524,Crosswalk
c002,006472.jpg,497,trafficsignal
c001,006473.jpg,970,Crosswalk
c002,006474.jpg,943,Crosswalk
c001,006475.jpg,1030,Crosswalk
c003,006476.jpg,996,trafficsignal
c003,006477.jpg,843,trafficsignal
c001,006478.jpg,65,trafficsignal
c002,006479.jpg,541,Container
c002,006480.jpg,601,trafficsignal
c003,006481.jpg,202,trafficsignal
c001,006482.jpg,165,trafficsignal
c002,006483.jpg,995,trafficsignal
c001,006484.jpg,723,trafficsignal
c001,006485.jpg,885,Crosswalk
c001,006486.jpg,486,trafficsignal
c002,006487.jpg,654,trafficsignal
c002,006488.jpg,626,trafficsignal
c003,006489.jpg,466,trafficsignal
c003,006490.jpg,646,trafficsignal
c001,006491.jpg,942,trafficsignal
c002,006492.jpg,724,trafficsignal
c001,006493.jpg,478,trafficsignal
c001,006494.jpg,623,Crosswalk
c001,006495.jpg,869,Crosswalk
c002,006496.jpg,351,trafficsignal
c003,006497.jpg,1090,Container
c002,006498.jpg,260,Crosswalk
c003,006499.jpg,689,trafficsignal
c002,006500.jpg,814,trafficsignal
c003,006501.jpg,480,trafficsignal
c002,006502.jpg,53,trafficsignal
c002,006503.jpg,1085,trafficsignal
c001,006504.jpg,1041,Crosswalk
c001,006505.jpg,786,trafficsignal
c001,006506.jpg,1066,Crosswalk
c001,006507.jpg,109,trafficsignal
c001,006508.jpg,68,RubbishBins
c003,006509.jpg,211,trafficsignal
c001,006510.jpg,1029,RubbishBins
c003,006511.jpg,431,Container
c001,006512.jpg,271,trafficsignal
c001,006513.jpg,582,trafficsignal
c001,006514.jpg,655,trafficsignal
c001,006515.jpg,363,trafficsignal
c003,006516.jpg,1009,trafficsignal
c001,006517.jpg,108,trafficsignal
c003,006518.jpg,1073,trafficsignal
c003,006519.jpg,631,trafficsignal
c002,006520.jpg,607,trafficsignal
c003,006521.jpg,958,Crosswalk
c002,006522.jpg,375,Crosswalk
c001,006523.jpg,1073,trafficsignal
c002,006524.jpg,1060,trafficsignal
c001,006525.jpg,700,trafficsignal
c002,006526.jpg,502,trafficsignal
c001,006527.jpg,849,Crosswalk
c001,006528.jpg,401,trafficsignal
c001,006529.jpg,221,Crosswalk
c001,006530.jpg,807,trafficsignal
c001,006531.jpg,957,Container
c003,006532.jpg,621,trafficsignal
c002,006533.jpg,920,trafficsignal
c002,006534.jpg,855,RubbishBins
c003,006535.jpg,549,trafficsignal
c001,006536.jpg,30,RubbishBins
c002,006537.jpg,16,trafficsignal
c002,006538.jpg,144,Crosswalk
c001,006539.jpg,629,trafficsignal
c001,006540.jpg,949,trafficsignal
c001,006541.jpg,798,trafficsignal
c001,006542.jpg,78,trafficsignal
c001,006543.jpg,60,trafficsignal
c001,006544.jpg,946,Container
c002,006545.jpg,370,Crosswalk
c001,006546.jpg,592,trafficsignal
c003,006547.jpg,113,trafficsignal
c003,006548.jpg,169,RubbishBins
c003,006549.jpg,541,Container
c002,006550.jpg,651,Container
c001,006551.jpg,1090,Container
c002,006552.jpg,784,trafficsignal
c002,006553.jpg,498,trafficsignal
c001,006554.jpg,646,trafficsignal
c003,006555.jpg,923,Crosswalk
c001,006556.jpg,761,trafficsignal
c002,006557.jpg,831,trafficsignal
c003,006558.jpg,474,Crosswalk
c001,006559.jpg,565,trafficsignal
c002,006560.jpg,429,trafficsignal
c002,006561.jpg,885,Crosswalk
c001,006562.jpg,82,trafficsignal
c003,006563.jpg,1020,Container
c003,006564.jpg,667,trafficsignal
c003,006565.jpg,38,trafficsignal
c001,006566.jpg,426,trafficsignal
c003,006567.jpg,1033,trafficsignal
c001,006568.jpg,544,Crosswalk
c003,006569.jpg,204,Crosswalk
c003,006570.jpg,335,trafficsignal
c003,006571.jpg,241,Container
c002,006572.jpg,779,trafficsignal
c003,006573.jpg,62,trafficsignal
c002,006574.jpg,755,trafficsignal
c003,006575.jpg,407,trafficsignal
c001,006576.jpg,984,trafficsignal
c001,006577.jpg,727,trafficsignal
c002,006578.jpg,785,trafficsignal
c002,006579.jpg,279,trafficsignal
c001,006580.jpg,78,trafficsignal
c002,006581.jpg,881,trafficsignal
c002,006582.jpg,852,Container
c002,006583.jpg,641,Crosswalk
c003,006584.jpg,282,trafficsignal
c002,006585.jpg,1050,trafficsignal
c001,006586.jpg,500,Container
c001,006587.jpg,209,trafficsignal
c003,006588.jpg,152,trafficsignal
c002,006589.jpg,1048,trafficsignal
c002,006590.jpg,847,trafficsignal
c001,006591.jpg,792,RubbishBins
c002,006592.jpg,704,RubbishBins
c001,006593.jpg,815,trafficsignal
c002,006594.jpg,88,trafficsignal
c003,006595.jpg,19,RubbishBins
c001,006596.jpg,522,Crosswalk
c002,006597.jpg,491,RubbishBins
c001,006598.jpg,42,trafficsignal
c001,006599.jpg,881,trafficsignal
c001,006600.jpg,158,trafficsignal
c003,006601.jpg,508,Crosswalk
c003,006602.jpg,654,trafficsignal
c003,006603.jpg,220,Crosswalk
c001,006604.jpg,1048,trafficsignal
c002,006605.jpg,605,trafficsignal
c002,006606.jpg,596,trafficsignal
c003,006607.jpg,497,trafficsignal
c002,006608.jpg,889,RubbishBins
c003,006609.jpg,303,trafficsignal
c002,006610.jpg,434,trafficsignal
c002,006611.jpg,942,trafficsignal
c001,006612.jpg,982,trafficsignal
c003,006613.jpg,760,RubbishBins
c002,006614.jpg,772,Crosswalk
c003,006615.jpg,877,Crosswalk
c001,006616.jpg,656,trafficsignal
c001,006617.jpg,1028,trafficsignal
c002,006618.jpg,805,RubbishBins
c002,006619.jpg,56,trafficsignal
c003,006620.jpg,126,trafficsignal
c002,006621.jpg,172,Crosswalk
c002,006622.jpg,218,trafficsignal
c002,006623.jpg,186,trafficsignal
c003,006624.jpg,676,trafficsignal
c001,006625.jpg,716,trafficsignal
c003,006626.jpg,608,trafficsignal
c001,006627.jpg,248,trafficsignal
c001,006628.jpg,583,trafficsignal
c001,006629.jpg,542,RubbishBins
c001,006630.jpg,28,trafficsignal
c002,006631.jpg,318,Container
c001,006632.jpg,265,Crosswalk
c001,006633.jpg,593,trafficsignal
c003,006634.jpg,697,trafficsignal
c001,006635.jpg,1038,trafficsignal
c003,006636.jpg,316,trafficsignal
c002,006637.jpg,639,trafficsignal
c002,006638.jpg,84,trafficsignal
c003,006639.jpg,569,trafficsignal
c001,006640.jpg,1059,trafficsignal
c002,006641.jpg,422,trafficsignal
c003,006642.jpg,491,RubbishBins
c003,006643.jpg,841,trafficsignal
c002,006644.jpg,303,trafficsignal
c003,006645.jpg,588,trafficsignal
c001,006646.jpg,16,trafficsignal
c001,006647.jpg,152,trafficsignal
c002,006648.jpg,12,trafficsignal
c001,006649.jpg,654,trafficsignal
c003,006650.jpg,984,trafficsignal
c002,006651.jpg,392,trafficsignal
c003,006652.jpg,394,trafficsignal
c002,006653.jpg,870,trafficsignal
c003,006654.jpg,648,trafficsignal
c002,006655.jpg,220,Crosswalk
c001,006656.jpg,650,trafficsignal
c003,006657.jpg,1009,trafficsignal
c003,006658.jpg,548,Crosswalk
c001,006659.jpg,624,trafficsignal
c003,006660.jpg,278,trafficsignal
c001,006661.jpg,248,trafficsignal
c003,006662.jpg,925,trafficsignal
c002,006663.jpg,829,trafficsignal
c003,006664.jpg,400,trafficsignal
c003,006665.jpg,280,trafficsignal
c002,006666.jpg,196,trafficsignal
c001,006667.jpg,215,RubbishBins
c001,006668.jpg,740,Container
c003,006669.jpg,545,trafficsignal
c002,006670.jpg,301,trafficsignal
c002,006671.jpg,391,Container
c001,006672.jpg,333,RubbishBins
c003,006673.jpg,147,Container
c003,006674.jpg,329,trafficsignal
c003,006675.jpg,438,trafficsignal
c003,006676.jpg,871,Container
c003,006677.jpg,143,trafficsignal
c003,006678.jpg,142,Crosswalk
c001,006679.jpg,946,Container
c001,006680.jpg,104,trafficsignal
c001,006681.jpg,703,RubbishBins
c002,006682.jpg,141,Crosswalk
c003,006683.jpg,676,trafficsignal
c002,006684.jpg,770,trafficsignal
c003,006685.jpg,74,RubbishBins
c003,006686.jpg,325,Container
c003,006687.jpg,607,trafficsignal
c001,006688.jpg,873,trafficsignal
c003,006689.jpg,678,trafficsignal
c002,006690.jpg,112,trafficsignal
c001,006691.jpg,521,Container
c001,006692.jpg,1027,Crosswalk
c001,006693.jpg,840,trafficsignal
c002,006694.jpg,949,trafficsignal
c002,006695.jpg,806,trafficsignal
c001,006696.jpg,892,trafficsignal
c001,006697.jpg,30,RubbishBins
c003,006698.jpg,1012,trafficsignal
c001,006699.jpg,869,Crosswalk
c002,006700.jpg,992,trafficsignal
c002,006701.jpg,623,Crosswalk
c003,006702.jpg,573,trafficsignal
c002,006703.jpg,318,Container
c002,006704.jpg,926,Crosswalk
c001,006705.jpg,484,trafficsignal
c003,006706.jpg,950,trafficsignal
c001,006707.jpg,501,trafficsignal
c003,006708.jpg,398,trafficsignal
c002,006709.jpg,431,Container
c001,006710.jpg,501,trafficsignal
c003,006711.jpg,785,trafficsignal
c002,006712.jpg,690,trafficsignal
c001,006713.jpg,987,trafficsignal
c001,006714.jpg,1065,trafficsignal
c002,006715.jpg,725,trafficsignal
c003,006716.jpg,460,trafficsignal
c002,006717.jpg,569,trafficsignal
c001,006718.jpg,932,trafficsignal
c002,006719.jpg,448,RubbishBins
c002,006720.jpg,406,Crosswalk
c002,006721.jpg,826,trafficsignal
c002,006722.jpg,165,trafficsignal
c003,006723.jpg,736,Crosswalk
c001,006724.jpg,988,Container
c003,006725.jpg,647,trafficsignal
c001,006726.jpg,327,trafficsignal
c003,006727.jpg,999,trafficsignal
c001,006728.jpg,516,trafficsignal
c001,006729.jpg,850,trafficsignal
c001,006730.jpg,171,trafficsignal
c001,006731.jpg,271,trafficsignal
c003,006732.jpg,592,trafficsignal
c003,006733.jpg,19,RubbishBins
c001,006734.jpg,573,trafficsignal
c001,006735.jpg,793,trafficsignal
c003,006736.jpg,1059,trafficsignal
c003,006737.jpg,828,RubbishBins
c003,006738.jpg,623,Crosswalk
c001,006739.jpg,84,trafficsignal
c001,006740.jpg,834,trafficsignal
c001,006741.jpg,195,trafficsignal
c002,006742.jpg,950,trafficsignal
c002,006743.jpg,967,Container
c002,006744.jpg,1031,Crosswalk
c001,006745.jpg,10,trafficsignal
c002,006746.jpg,1020,Container
c003,006747.jpg,216,trafficsignal
c001,006748.jpg,703,RubbishBins
c001,006749.jpg,383,trafficsignal
c001,006750.jpg,392,trafficsignal
c001,006751.jpg,141,Crosswalk
c002,006752.jpg,538,trafficsignal
c001,006753.jpg,714,trafficsignal
c002,006754.jpg,881,trafficsignal
c002,006755.jpg,743,trafficsignal
c001,006756.jpg,1043,Container
c002,006757.jpg,117,Container
c002,006758.jpg,227,trafficsignal
c003,006759.jpg,221,Crosswalk
c002,006760.jpg,820,trafficsignal
c003,006761.jpg,841,trafficsignal
c001,006762.jpg,240,Crosswalk
c003,006763.jpg,1090,Container
c001,006764.jpg,26,trafficsignal
c001,006765.jpg,57,trafficsignal
c002,006766.jpg,195,trafficsignal
c001,006767.jpg,472,trafficsignal
c003,006768.jpg,1090,Container
c003,006769.jpg,796,Container
c003,006770.jpg,1058,Container
c003,006771.jpg,1053,trafficsignal
c001,006772.jpg,186,trafficsignal
c002,006773.jpg,303,trafficsignal
c003,006774.jpg,292,trafficsignal
c001,006775.jpg,434,trafficsignal
c001,006776.jpg,1084,trafficsignal
c003,006777.jpg,885,Crosswalk
c002,006778.jpg,309,trafficsignal
c003,006779.jpg,909,trafficsignal
c002,006780.jpg,336,trafficsignal
c002,006781.jpg,659,trafficsignal
c002,006782.jpg,354,RubbishBins
c002,006783.jpg,746,Crosswalk
c001,006784.jpg,654,trafficsignal
c003,006785.jpg,152,trafficsignal
c001,006786.jpg,810,RubbishBins
c003,006787.jpg,227,trafficsignal
c002,006788.jpg,326,Container
c003,006789.jpg,235,trafficsignal
c001,006790.jpg,1073,trafficsignal
c003,006791.jpg,720,Container
c002,006792.jpg,998,trafficsignal
c002,006793.jpg,25,Crosswalk
c003,006794.jpg,182,trafficsignal
c003,006795.jpg,1038,trafficsignal
c002,006796.jpg,437,RubbishBins
c001,006797.jpg,122,trafficsignal
c001,006798.jpg,957,Container
c002,006799.jpg,586,Container
c001,006800.jpg,775,trafficsignal
c001,006801.jpg,664,Crosswalk
c003,006802.jpg,736,Crosswalk
c001,006803.jpg,646,trafficsignal
c003,006804.jpg,169,Container
c001,006805.jpg,241,Container
c003,006806.jpg,595,trafficsignal
c003,006807.jpg,1056,trafficsignal
c001,006808.jpg,932,trafficsignal
c003,006809.jpg,994,trafficsignal
c002,006810.jpg,891,trafficsignal
c002,006811.jpg,521,Container
c003,006812.jpg,118,trafficsignal
c001,006813.jpg,65,trafficsignal
c003,006814.jpg,813,Crosswalk
c003,006815.jpg,7,trafficsignal
c002,006816.jpg,542,Container
c002,006817.jpg,91,trafficsignal
c001,006818.jpg,407,trafficsignal
c001,006819.jpg,733,Container
c003,006820.jpg,472,trafficsignal
c002,006821.jpg,246,trafficsignal
c003,006822.jpg,580,Crosswalk
c003,006823.jpg,946,Container
c002,006824.jpg,265,Crosswalk
c001,006825.jpg,133,trafficsignal
c001,006826.jpg,989,trafficsignal
c003,006827.jpg,769,Crosswalk
c002,006828.jpg,178,trafficsignal
c002,006829.jpg,70,trafficsignal
c003,006830.jpg,1005,Crosswalk
c001,006831.jpg,99,trafficsignal
c003,006832.jpg,330,trafficsignal
c002,006833.jpg,550,trafficsignal
c001,006834.jpg,399,trafficsignal
c003,006835.jpg,228,trafficsignal
c002,006836.jpg,299,trafficsignal
c001,006837.jpg,900,trafficsignal
c003,006838.jpg,651,Container
c002,006839.jpg,143,trafficsignal
c003,006840.jpg,119,Crosswalk
c002,006841.jpg,1066,Crosswalk
c003,006842.jpg,755,trafficsignal
c001,006843.jpg,926,Crosswalk
c001,006844.jpg,814,trafficsignal
c001,006845.jpg,499,trafficsignal
c001,006846.jpg,225,trafficsignal
c001,006847.jpg,756,Crosswalk
c002,006848.jpg,77,Container
c003,006849.jpg,1066,Crosswalk
c001,006850.jpg,843,trafficsignal
c003,006851.jpg,561,trafficsignal
c002,006852.jpg,1078,trafficsignal
c001,006853.jpg,988,Container
c003,006854.jpg,68,RubbishBins
c001,006855.jpg,469,trafficsignal
c002,006856.jpg,373,trafficsignal
c001,006857.jpg,184,trafficsignal
c002,006858.jpg,1077,trafficsignal
c003,006859.jpg,507,trafficsignal
c001,006860.jpg,528,Container
c001,006861.jpg,843,trafficsignal
c001,006862.jpg,439,trafficsignal
c001,006863.jpg,543,trafficsignal
c002,006864.jpg,1061,trafficsignal
c002,006865.jpg,984,trafficsignal
c001,006866.jpg,623,Crosswalk
c003,006867.jpg,528,Container
c003,006868.jpg,864,Crosswalk
c001,006869.jpg,243,trafficsignal
c002,006870.jpg,557,Container
c002,006871.jpg,941,trafficsignal
c001,006872.jpg,132,trafficsignal
c003,006873.jpg,801,Crosswalk
c002,006874.jpg,969,Crosswalk
c003,006875.jpg,82,trafficsignal
c001,006876.jpg,838,trafficsignal
c002,006877.jpg,860,trafficsignal
c003,006878.jpg,947,Crosswalk
c002,006879.jpg,383,trafficsignal
c002,006880.jpg,370,Crosswalk
c002,006881.jpg,1005,Crosswalk
c003,006882.jpg,1068,trafficsignal
c003,006883.jpg,336,trafficsignal
c001,006884.jpg,498,trafficsignal
c003,006885.jpg,443,trafficsignal
c001,006886.jpg,436,trafficsignal
c001,006887.jpg,506,trafficsignal
c003,006888.jpg,263,trafficsignal
c002,006889.jpg,265,Crosswalk
c003,006890.jpg,62,trafficsignal
c001,006891.jpg,665,Crosswalk
c003,006892.jpg,290,trafficsignal
c001,006893.jpg,252,Crosswalk
c003,006894.jpg,649,trafficsignal
c001,006895.jpg,613,Crosswalk
c003,006896.jpg,274,Container
c002,006897.jpg,207,trafficsignal
c001,006898.jpg,1080,trafficsignal
c001,006899.jpg,877,Crosswalk
c001,006900.jpg,414,trafficsignal
c001,006901.jpg,27,trafficsignal
c002,006902.jpg,710,trafficsignal
c001,006903.jpg,221,Crosswalk
c001,006904.jpg,860,trafficsignal
c002,006905.jpg,138,trafficsignal
c003,006906.jpg,363,trafficsignal
c002,006907.jpg,932,trafficsignal
c001,006908.jpg,766,trafficsignal
c002,006909.jpg,931,trafficsignal
c002,006910.jpg,219,trafficsignal
c002,006911.jpg,164,Container
c003,006912.jpg,560,trafficsignal
c003,006913.jpg,398,trafficsignal
c001,006914.jpg,713,trafficsignal
c003,006915.jpg,215,RubbishBins
c001,006916.jpg,429,trafficsignal
c003,006917.jpg,993,trafficsignal
c001,006918.jpg,307,trafficsignal
c001,006919.jpg,665,Crosswalk
c003,006920.jpg,322,trafficsignal
c001,006921.jpg,240,Crosswalk
c002,006922.jpg,659,trafficsignal
c003,006923.jpg,534,trafficsignal
c003,006924.jpg,378,trafficsignal
c002,006925.jpg,57,trafficsignal
c001,006926.jpg,657,trafficsignal
c002,006927.jpg,523,Container
c002,006928.jpg,421,trafficsignal
c003,006929.jpg,19,RubbishBins
c003,006930.jpg,557,Container
c002,006931.jpg,329,trafficsignal
c002,006932.jpg,681,trafficsignal
c002,006933.jpg,386,trafficsignal
c002,006934.jpg,860,trafficsignal
c002,006935.jpg,437,RubbishBins
c002,006936.jpg,127,Crosswalk
c002,006937.jpg,460,trafficsignal
c001,006938.jpg,797,trafficsignal
c001,006939.jpg,297,trafficsignal
c002,006940.jpg,828,RubbishBins
c002,006941.jpg,126,trafficsignal
c002,006942.jpg,761,trafficsignal
c002,006943.jpg,148,trafficsignal
c003,006944.jpg,106,trafficsignal
c002,006945.jpg,306,RubbishBins
c003,006946.jpg,911,Container
c001,006947.jpg,78,trafficsignal
c003,006948.jpg,807,trafficsignal
c002,006949.jpg,857,Crosswalk
c001,006950.jpg,480,trafficsignal
c002,006951.jpg,467,trafficsignal
c002,006952.jpg,397,Crosswalk
c001,006953.jpg,725,trafficsignal
c002,006954.jpg,914,trafficsignal
c003,006955.jpg,357,trafficsignal
c003,006956.jpg,42,trafficsignal
c002,006957.jpg,384,trafficsignal
c001,006958.jpg,806,trafficsignal
c003,006959.jpg,375,Crosswalk
c002,006960.jpg,546,trafficsignal
c003,006961.jpg,907,Crosswalk
c001,006962.jpg,1028,trafficsignal
c003,006963.jpg,438,trafficsignal
c002,006964.jpg,834,trafficsignal
c003,006965.jpg,499,trafficsignal
c001,006966.jpg,765,RubbishBins
c002,006967.jpg,860,trafficsignal
c003,006968.jpg,1005,Crosswalk
c002,006969.jpg,312,trafficsignal
c001,006970.jpg,740,Container
c002,006971.jpg,45,trafficsignal
c001,006972.jpg,455,trafficsignal
c001,006973.jpg,253,trafficsignal
c001,006974.jpg,736,Crosswalk
c001,006975.jpg,618,trafficsignal
c002,006976.jpg,592,trafficsignal
c002,006977.jpg,703,RubbishBins
c003,006978.jpg,605,trafficsignal
c002,006979.jpg,321,trafficsignal
c002,006980.jpg,157,Container
c002,006981.jpg,932,trafficsignal
c001,006982.jpg,664,Crosswalk
c001,006983.jpg,705,trafficsignal
c001,006984.jpg,858,trafficsignal
c003,006985.jpg,593,trafficsignal
c002,006986.jpg,439,trafficsignal
c002,006987.jpg,526,trafficsignal
c001,006988.jpg,204,Crosswalk
c001,006989.jpg,412,trafficsignal
c001,006990.jpg,206,trafficsignal
c003,006991.jpg,871,Container
c001,006992.jpg,233,trafficsignal
c002,006993.jpg,927,trafficsignal
c002,006994.jpg,456,trafficsignal
c003,006995.jpg,75,trafficsignal
c001,006996.jpg,801,Crosswalk
c003,006997.jpg,847,trafficsignal
c003,006998.jpg,335,trafficsignal
c001,006999.jpg,750,trafficsignal
c002,007000.jpg,443,trafficsignal
c002,007001.jpg,117,Container
c003,007002.jpg,903,trafficsignal
c002,007003.jpg,160,Container
c002,007004.jpg,843,trafficsignal
c001,007005.jpg,636,trafficsignal
c003,007006.jpg,199,Container
c001,007007.jpg,823,trafficsignal
c003,007008.jpg,562,trafficsignal
c001,007009.jpg,818,trafficsignal
c002,007010.jpg,882,trafficsignal
c002,007011.jpg,590,Container
c003,007012.jpg,145,trafficsignal
c003,007013.jpg,874,trafficsignal
c003,007014.jpg,1011,trafficsignal
c002,007015.jpg,100,Crosswalk
c003,007016.jpg,752,Container
c003,007017.jpg,946,Container
c003,007018.jpg,285,trafficsignal
c001,007019.jpg,84,trafficsignal
c002,007020.jpg,312,trafficsignal
c002,007021.jpg,378,trafficsignal
c002,007022.jpg,737,trafficsignal
c003,007023.jpg,604,RubbishBins
c002,007024.jpg,438,trafficsignal
c002,007025.jpg,1059,trafficsignal
c002,007026.jpg,901,Crosswalk
c001,007027.jpg,468,trafficsignal
c001,007028.jpg,282,trafficsignal
c003,007029.jpg,991,Crosswalk
c001,007030.jpg,223,trafficsignal
c002,007031.jpg,863,trafficsignal
c001,007032.jpg,1073,trafficsignal
c002,007033.jpg,455,trafficsignal
c003,007034.jpg,984,trafficsignal
c002,007035.jpg,993,trafficsignal
c001,007036.jpg,302,RubbishBins
c003,007037.jpg,477,trafficsignal
c003,007038.jpg,949,trafficsignal
c001,007039.jpg,736,Crosswalk
c001,007040.jpg,67,trafficsignal
c003,007041.jpg,354,RubbishBins
c002,007042.jpg,933,Crosswalk
c001,007043.jpg,298,RubbishBins
c003,007044.jpg,14,trafficsignal
c003,007045.jpg,128,trafficsignal
c002,007046.jpg,935,trafficsignal
c002,007047.jpg,909,trafficsignal
c001,007048.jpg,651,Container
c001,007049.jpg,512,trafficsignal
c001,007050.jpg,132,trafficsignal
c001,007051.jpg,628,trafficsignal
c003,007052.jpg,942,trafficsignal
c002,007053.jpg,855,Container
c001,007054.jpg,350,trafficsignal
c001,007055.jpg,916,trafficsignal
c002,007056.jpg,758,trafficsignal
c001,007057.jpg,428,trafficsignal
c003,007058.jpg,797,trafficsignal
c003,007059.jpg,97,trafficsignal
c002,007060.jpg,718,trafficsignal
c003,007061.jpg,465,trafficsignal
c002,007062.jpg,391,Container
c001,007063.jpg,601,trafficsignal
c003,007064.jpg,21,trafficsignal
c002,007065.jpg,251,trafficsignal
c003,007066.jpg,83,trafficsignal
c002,007067.jpg,401,trafficsignal
c001,007068.jpg,788,trafficsignal
c003,007069.jpg,804,trafficsignal
c003,007070.jpg,457,trafficsignal
c001,007071.jpg,1085,trafficsignal
c003,007072.jpg,385,trafficsignal
c002,007073.jpg,500,RubbishBins
c001,007074.jpg,374,trafficsignal
c002,007075.jpg,699,Container
c001,007076.jpg,1066,Crosswalk
c002,007077.jpg,416,RubbishBins
c003,007078.jpg,791,Container
c002,007079.jpg,30,RubbishBins
c002,007080.jpg,851,trafficsignal
c001,007081.jpg,1007,trafficsignal
c003,007082.jpg,709,trafficsignal
c002,007083.jpg,458,trafficsignal
c002,007084.jpg,124,trafficsignal
c002,007085.jpg,208,trafficsignal
c002,007086.jpg,1090,Container
c001,007087.jpg,118,trafficsignal
c001,007088.jpg,710,trafficsignal
c002,007089.jpg,646,trafficsignal
c002,007090.jpg,1030,Crosswalk
c002,007091.jpg,586,Container
c001,007092.jpg,431,Container
c003,007093.jpg,601,trafficsignal
c002,007094.jpg,378,trafficsignal
c003,007095.jpg,147,Container
c003,007096.jpg,175,Crosswalk
c003,007097.jpg,62,trafficsignal
c003,007098.jpg,150,trafficsignal
c002,007099.jpg,417,trafficsignal
c002,007100.jpg,283,trafficsignal
c003,007101.jpg,477,trafficsignal
c001,007102.jpg,885,Crosswalk
c003,007103.jpg,746,Crosswalk
c003,007104.jpg,814,trafficsignal
c002,007105.jpg,823,trafficsignal
c001,007106.jpg,107,trafficsignal
c003,007107.jpg,623,Crosswalk
c001,007108.jpg,740,Container
c001,007109.jpg,911,Container
c002,007110.jpg,507,trafficsignal
c002,007111.jpg,44,trafficsignal
c002,007112.jpg,819,RubbishBins
c001,007113.jpg,653,trafficsignal
c002,007114.jpg,822,trafficsignal
c001,007115.jpg,557,Container
c002,007116.jpg,321,trafficsignal
c002,007117.jpg,86,trafficsignal
c003,007118.jpg,406,Crosswalk
c002,007119.jpg,238,trafficsignal
c003,007120.jpg,202,trafficsignal
c001,007121.jpg,805,RubbishBins
c001,007122.jpg,309,trafficsignal
c001,007123.jpg,39,trafficsignal
c001,007124.jpg,469,trafficsignal
c001,007125.jpg,997,trafficsignal
c003,007126.jpg,957,Container
c001,007127.jpg,1038,trafficsignal
c003,007128.jpg,326,Container
c003,007129.jpg,326,Container
c003,007130.jpg,66,trafficsignal
c001,007131.jpg,900,trafficsignal
c001,007132.jpg,442,Container
c002,007133.jpg,72,trafficsignal
c002,007134.jpg,858,trafficsignal
c001,007135.jpg,347,trafficsignal
c002,007136.jpg,610,Container
c001,007137.jpg,229,trafficsignal
c002,007138.jpg,481,Crosswalk
c001,007139.jpg,848,trafficsignal
c003,007140.jpg,254,trafficsignal
c001,007141.jpg,347,trafficsignal
c003,007142.jpg,950,trafficsignal
c003,007143.jpg,650,trafficsignal
c003,007144.jpg,818,trafficsignal
c001,007145.jpg,368,Container
c001,007146.jpg,422,trafficsignal
c003,007147.jpg,10,trafficsignal
c003,007148.jpg,1008,trafficsignal
c002,007149.jpg,940,trafficsignal
c003,007150.jpg,60,trafficsignal
c003,007151.jpg,123,trafficsignal
c003,007152.jpg,957,Container
c003,007153.jpg,264,trafficsignal
c001,007154.jpg,669,trafficsignal
c002,007155.jpg,1090,Container
c003,007156.jpg,969,Crosswalk
c002,007157.jpg,329,trafficsignal
c003,007158.jpg,157,Container
c001,007159.jpg,382,trafficsignal
c002,007160.jpg,453,trafficsignal
c002,007161.jpg,1047,trafficsignal
c001,007162.jpg,328,trafficsignal
c003,007163.jpg,1030,Crosswalk
c001,007164.jpg,260,Crosswalk
c001,007165.jpg,282,trafficsignal
c003,007166.jpg,84,trafficsignal
c001,007167.jpg,478,trafficsignal
c002,007168.jpg,746,Crosswalk
c003,007169.jpg,690,trafficsignal
c001,007170.jpg,819,RubbishBins
c001,007171.jpg,753,RubbishBins
c001,007172.jpg,338,trafficsignal
c001,007173.jpg,604,RubbishBins
c003,007174.jpg,138,trafficsignal
c002,007175.jpg,560,trafficsignal
c001,007176.jpg,565,trafficsignal
c003,007177.jpg,683,trafficsignal
c001,007178.jpg,30,RubbishBins
c001,007179.jpg,514,trafficsignal
c001,007180.jpg,274,Container
c001,007181.jpg,673,trafficsignal
c003,007182.jpg,380,trafficsignal
c003,007183.jpg,423,trafficsignal
c002,007184.jpg,552,trafficsignal
c002,007185.jpg,208,trafficsignal
c003,007186.jpg,124,trafficsignal
c003,007187.jpg,8,Container
c003,007188.jpg,761,trafficsignal
c001,007189.jpg,1020,Container
c003,007190.jpg,841,trafficsignal
c003,007191.jpg,669,trafficsignal
c002,007192.jpg,280,trafficsignal
c001,007193.jpg,830,trafficsignal
c001,007194.jpg,1055,trafficsignal
c001,007195.jpg,747,trafficsignal
c003,007196.jpg,1049,trafficsignal
c002,007197.jpg,35,trafficsignal
c001,007198.jpg,401,trafficsignal
c003,007199.jpg,662,trafficsignal
c003,007200.jpg,848,trafficsignal
c002,007201.jpg,1005,Crosswalk
c003,007202.jpg,672,trafficsignal
c002,007203.jpg,301,trafficsignal
c002,007204.jpg,1066,Crosswalk
c002,007205.jpg,305,trafficsignal
c003,007206.jpg,435,Container
c002,007207.jpg,926,Crosswalk
c003,007208.jpg,260,Crosswalk
c001,007209.jpg,231,trafficsignal
c003,007210.jpg,924,trafficsignal
c001,007211.jpg,357,trafficsignal
c001,007212.jpg,322,trafficsignal
c003,007213.jpg,916,trafficsignal
c002,007214.jpg,1069,trafficsignal
c001,007215.jpg,197,trafficsignal
c001,007216.jpg,972,trafficsignal
c001,007217.jpg,117,Container
c001,007218.jpg,495,trafficsignal
c002,007219.jpg,172,Crosswalk
c001,007220.jpg,424,trafficsignal
c001,007221.jpg,651,Container
c003,007222.jpg,420,trafficsignal
c003,007223.jpg,559,RubbishBins
c003,007224.jpg,654,trafficsignal
c002,007225.jpg,1046,trafficsignal
c003,007226.jpg,881,trafficsignal
c003,007227.jpg,831,trafficsignal
c001,007228.jpg,702,trafficsignal
c001,007229.jpg,68,RubbishBins
c001,007230.jpg,605,trafficsignal
c003,007231.jpg,352,trafficsignal
c003,007232.jpg,943,Crosswalk
c003,007233.jpg,353,trafficsignal
c001,007234.jpg,597,trafficsignal
c003,007235.jpg,743,trafficsignal
c002,007236.jpg,859,trafficsignal
c001,007237.jpg,352,trafficsignal
c002,007238.jpg,1005,Crosswalk
c002,007239.jpg,709,trafficsignal
c001,007240.jpg,185,trafficsignal
c002,007241.jpg,363,trafficsignal
c002,007242.jpg,396,Crosswalk
c001,007243.jpg,571,trafficsignal
c003,007244.jpg,456,trafficsignal
c003,007245.jpg,960,trafficsignal
c003,007246.jpg,13,RubbishBins
c002,007247.jpg,51,trafficsignal
c003,007248.jpg,211,trafficsignal
c001,007249.jpg,576,RubbishBins
c001,007250.jpg,1078,trafficsignal
c001,007251.jpg,936,trafficsignal
c003,007252.jpg,470,trafficsignal
c003,007253.jpg,825,trafficsignal
c001,007254.jpg,771,trafficsignal
c003,007255.jpg,546,trafficsignal
c002,007256.jpg,680,RubbishBins
c001,007257.jpg,133,trafficsignal
c003,007258.jpg,92,Crosswalk
c003,007259.jpg,665,Crosswalk
c003,007260.jpg,385,trafficsignal
c001,007261.jpg,458,trafficsignal
c003,007262.jpg,1088,trafficsignal
c001,007263.jpg,631,trafficsignal
c002,007264.jpg,388,trafficsignal
c001,007265.jpg,1034,trafficsignal
c001,007266.jpg,649,trafficsignal
c003,007267.jpg,243,trafficsignal
c002,007268.jpg,922,RubbishBins
c002,007269.jpg,605,trafficsignal
c002,007270.jpg,198,Container
c001,007271.jpg,100,Crosswalk
c001,007272.jpg,900,trafficsignal
c001,007273.jpg,818,trafficsignal
c002,007274.jpg,142,Crosswalk
c001,007275.jpg,542,Container
c002,007276.jpg,957,Container
c002,007277.jpg,870,trafficsignal
c003,007278.jpg,851,trafficsignal
c001,007279.jpg,495,trafficsignal
c001,007280.jpg,775,trafficsignal
c002,007281.jpg,612,trafficsignal
c001,007282.jpg,473,trafficsignal
c003,007283.jpg,745,trafficsignal
c003,007284.jpg,958,Crosswalk
c003,007285.jpg,626,trafficsignal
c002,007286.jpg,1013,trafficsignal
c003,007287.jpg,960,trafficsignal
c003,007288.jpg,736,Crosswalk
c003,007289.jpg,271,trafficsignal
c002,007290.jpg,184,trafficsignal
c001,007291.jpg,992,trafficsignal
c003,007292.jpg,776,Container
c001,007293.jpg,885,Crosswalk
c002,007294.jpg,327,trafficsignal
c002,007295.jpg,544,Crosswalk
c001,007296.jpg,901,Crosswalk
c001,007297.jpg,500,Container
c002,007298.jpg,1085,trafficsignal
c001,007299.jpg,969,Crosswalk
c002,007300.jpg,655,trafficsignal
c003,007301.jpg,365,RubbishBins
c001,007302.jpg,974,trafficsignal
c001,007303.jpg,672,trafficsignal
c003,007304.jpg,1068,trafficsignal
c002,007305.jpg,981,trafficsignal
c003,007306.jpg,771,trafficsignal
c002,007307.jpg,259,trafficsignal
c001,007308.jpg,165,trafficsignal
c001,007309.jpg,1029,Container
c002,007310.jpg,758,trafficsignal
c003,007311.jpg,991,Crosswalk
c002,007312.jpg,923,Crosswalk
c003,007313.jpg,714,trafficsignal
c002,007314.jpg,32,trafficsignal
c003,007315.jpg,39,trafficsignal
c001,007316.jpg,667,trafficsignal
c001,007317.jpg,1028,trafficsignal
c003,007318.jpg,370,Crosswalk
c003,007319.jpg,337,trafficsignal
c001,007320.jpg,557,Container
c003,007321.jpg,206,trafficsignal
c001,007322.jpg,499,trafficsignal
c001,007323.jpg,846,trafficsignal
c001,007324.jpg,954,trafficsignal
c002,007325.jpg,275,trafficsignal
c001,007326.jpg,300,trafficsignal
c002,007327.jpg,624,trafficsignal
c002,007328.jpg,345,trafficsignal
c002,007329.jpg,78,trafficsignal
c001,007330.jpg,891,trafficsignal
c001,007331.jpg,132,trafficsignal
c002,007332.jpg,1008,trafficsignal
c002,007333.jpg,572,trafficsignal
c001,007334.jpg,385,trafficsignal
c002,007335.jpg,312,trafficsignal
c002,007336.jpg,32,trafficsignal
c002,007337.jpg,492,trafficsignal
c003,007338.jpg,1084,trafficsignal
c001,007339.jpg,605,trafficsignal
c001,007340.jpg,26,trafficsignal
c003,007341.jpg,957,Container
c002,007342.jpg,934,trafficsignal
c001,007343.jpg,1049,trafficsignal
c002,007344.jpg,825,trafficsignal
c003,007345.jpg,1061,trafficsignal
c001,007346.jpg,234,trafficsignal
c001,007347.jpg,135,trafficsignal
c002,007348.jpg,995,trafficsignal
c002,007349.jpg,78,trafficsignal
c003,007350.jpg,1067,trafficsignal
c003,007351.jpg,972,trafficsignal
c001,007352.jpg,438,trafficsignal
c002,007353.jpg,379,trafficsignal
c002,007354.jpg,333,RubbishBins
c003,007355.jpg,549,trafficsignal
c001,007356.jpg,651,Container
c003,007357.jpg,23,trafficsignal
c003,007358.jpg,571,trafficsignal
c003,007359.jpg,810,RubbishBins
c003,007360.jpg,881,trafficsignal
c003,007361.jpg,332,RubbishBins
c003,007362.jpg,1084,trafficsignal
c002,007363.jpg,960,trafficsignal
c003,007364.jpg,333,RubbishBins
c002,007365.jpg,281,trafficsignal
c002,007366.jpg,1006,trafficsignal
c001,007367.jpg,937,Container
c002,007368.jpg,126,trafficsignal
c002,007369.jpg,637,trafficsignal
c001,007370.jpg,398,trafficsignal
c003,007371.jpg,342,trafficsignal
c002,007372.jpg,882,trafficsignal
c003,007373.jpg,185,trafficsignal
c002,007374.jpg,357,trafficsignal
c003,007375.jpg,918,trafficsignal
c001,007376.jpg,456,trafficsignal
c003,007377.jpg,680,RubbishBins
c002,007378.jpg,75,trafficsignal
c001,007379.jpg,241,Container
c002,007380.jpg,818,trafficsignal
c003,007381.jpg,129,trafficsignal
c002,007382.jpg,413,trafficsignal
c001,007383.jpg,809,trafficsignal
c003,007384.jpg,1064,RubbishBins
c001,007385.jpg,138,trafficsignal
c003,007386.jpg,823,trafficsignal
c003,007387.jpg,726,trafficsignal
c003,007388.jpg,36,trafficsignal
c001,007389.jpg,653,trafficsignal
c002,007390.jpg,676,trafficsignal
c002,007391.jpg,564,Container
c001,007392.jpg,391,Container
c002,007393.jpg,350,trafficsignal
c003,007394.jpg,643,trafficsignal
c001,007395.jpg,725,trafficsignal
c002,007396.jpg,987,trafficsignal
c003,007397.jpg,612,trafficsignal
c001,007398.jpg,950,trafficsignal
c002,007399.jpg,315,trafficsignal
c001,007400.jpg,394,trafficsignal
c002,007401.jpg,1006,trafficsignal
c003,007402.jpg,746,Crosswalk
c003,007403.jpg,419,trafficsignal
c001,007404.jpg,706,trafficsignal
c003,007405.jpg,301,trafficsignal
c001,007406.jpg,923,Crosswalk
c002,007407.jpg,957,Container
c002,007408.jpg,19,RubbishBins
c001,007409.jpg,211,trafficsignal
c003,007410.jpg,254,trafficsignal
c003,007411.jpg,1014,RubbishBins
c002,007412.jpg,1001,trafficsignal
c002,007413.jpg,64,trafficsignal
c002,007414.jpg,573,trafficsignal
c003,007415.jpg,221,Crosswalk
c003,007416.jpg,992,trafficsignal
c001,007417.jpg,937,Container
c002,007418.jpg,235,trafficsignal
c002,007419.jpg,84,trafficsignal
c001,007420.jpg,761,trafficsignal
c002,007421.jpg,457,trafficsignal
c002,007422.jpg,128,trafficsignal
c002,007423.jpg,722,RubbishBins
c003,007424.jpg,1042,RubbishBins
c003,007425.jpg,77,Container
c002,007426.jpg,922,RubbishBins
c003,007427.jpg,385,trafficsignal
c003,007428.jpg,352,trafficsignal
c003,007429.jpg,32,trafficsignal
c003,007430.jpg,841,trafficsignal
c001,007431.jpg,285,trafficsignal
c002,007432.jpg,615,trafficsignal
c002,007433.jpg,170,RubbishBins
c002,007434.jpg,1013,trafficsignal
c003,007435.jpg,647,trafficsignal
c003,007436.jpg,157,Container
c002,007437.jpg,1073,trafficsignal
c001,007438.jpg,266,trafficsignal
c003,007439.jpg,709,trafficsignal
c001,007440.jpg,760,RubbishBins
c001,007441.jpg,1079,trafficsignal
c003,007442.jpg,243,trafficsignal
c001,007443.jpg,824,trafficsignal
c001,007444.jpg,635,Crosswalk
c002,007445.jpg,1071,RubbishBins
c001,007446.jpg,1006,trafficsignal
c003,007447.jpg,87,Crosswalk
c002,007448.jpg,528,Container
c002,007449.jpg,143,trafficsignal
c003,007450.jpg,827,trafficsignal
c001,007451.jpg,380,trafficsignal
c003,007452.jpg,398,trafficsignal
c002,007453.jpg,46,trafficsignal
c001,007454.jpg,739,trafficsignal
c003,007455.jpg,1077,trafficsignal
c003,007456.jpg,529,trafficsignal
c002,007457.jpg,32,trafficsignal
c003,007458.jpg,291,trafficsignal
c002,007459.jpg,1004,trafficsignal
c002,007460.jpg,1064,RubbishBins
c002,007461.jpg,765,RubbishBins
c003,007462.jpg,572,trafficsignal
c003,007463.jpg,209,trafficsignal
c001,007464.jpg,701,trafficsignal
c001,007465.jpg,531,RubbishBins
c003,007466.jpg,940,trafficsignal
c001,007467.jpg,418,RubbishBins
c003,007468.jpg,834,trafficsignal
c001,007469.jpg,195,trafficsignal
c001,007470.jpg,95,trafficsignal
c001,007471.jpg,30,RubbishBins
c003,007472.jpg,10,trafficsignal
c003,007473.jpg,815,trafficsignal
c003,007474.jpg,1014,RubbishBins
c001,007475.jpg,400,trafficsignal
c003,007476.jpg,277,Crosswalk
c003,007477.jpg,564,Container
c001,007478.jpg,100,Crosswalk
c002,007479.jpg,243,trafficsignal
c002,007480.jpg,1068,trafficsignal
c001,007481.jpg,631,trafficsignal
c002,007482.jpg,385,trafficsignal
c001,007483.jpg,1023,trafficsignal
c003,007484.jpg,829,trafficsignal
c001,007485.jpg,911,Container
c001,007486.jpg,513,trafficsignal
c002,007487.jpg,604,RubbishBins
c003,007488.jpg,31,Crosswalk
c002,007489.jpg,876,Container
c001,007490.jpg,586,Container
c001,007491.jpg,449,trafficsignal
c001,007492.jpg,1077,trafficsignal
c003,007493.jpg,291,trafficsignal
c003,007494.jpg,828,RubbishBins
c003,007495.jpg,466,trafficsignal
c002,007496.jpg,691,trafficsignal
c001,007497.jpg,845,trafficsignal
c002,007498.jpg,929,Crosswalk
c001,007499.jpg,86,trafficsignal
c002,007500.jpg,54,trafficsignal
c003,007501.jpg,266,trafficsignal
c003,007502.jpg,612,trafficsignal
c002,007503.jpg,900,trafficsignal
c002,007504.jpg,919,trafficsignal
c002,007505.jpg,373,trafficsignal
c003,007506.jpg,1066,Crosswalk
c001,007507.jpg,780,trafficsignal
c002,007508.jpg,742,trafficsignal
c003,007509.jpg,839,trafficsignal
c002,007510.jpg,145,trafficsignal
c001,007511.jpg,850,trafficsignal
c003,007512.jpg,746,Crosswalk
c001,007513.jpg,903,trafficsignal
c003,007514.jpg,1,Container
c003,007515.jpg,766,trafficsignal
c002,007516.jpg,651,Container
c001,007517.jpg,320,trafficsignal
c003,007518.jpg,221,Crosswalk
c003,007519.jpg,227,trafficsignal
c003,007520.jpg,702,trafficsignal
c002,007521.jpg,338,trafficsignal
c003,007522.jpg,623,Crosswalk
c001,007523.jpg,228,trafficsignal
c003,007524.jpg,112,trafficsignal
c003,007525.jpg,578,trafficsignal
c003,007526.jpg,598,trafficsignal
c002,007527.jpg,412,trafficsignal
c001,007528.jpg,301,trafficsignal
c003,007529.jpg,890,trafficsignal
c001,007530.jpg,601,trafficsignal
c003,007531.jpg,651,Container
c003,007532.jpg,673,trafficsignal
c001,007533.jpg,850,trafficsignal
c001,007534.jpg,1044,Crosswalk
c003,007535.jpg,494,trafficsignal
c002,007536.jpg,500,Container
c003,007537.jpg,338,trafficsignal
c002,007538.jpg,66,trafficsignal
c002,007539.jpg,147,Container
c001,007540.jpg,576,RubbishBins
c001,007541.jpg,673,trafficsignal
c003,007542.jpg,541,Container
c003,007543.jpg,852,Container
c001,007544.jpg,828,RubbishBins
c003,007545.jpg,905,Crosswalk
c003,007546.jpg,936,trafficsignal
c001,007547.jpg,118,trafficsignal
c003,007548.jpg,900,trafficsignal
c003,007549.jpg,578,trafficsignal
c001,007550.jpg,1031,Crosswalk
c002,007551.jpg,1027,Crosswalk
c002,007552.jpg,296,trafficsignal
c003,007553.jpg,172,Crosswalk
c003,007554.jpg,738,Crosswalk
c003,007555.jpg,1010,trafficsignal
c001,007556.jpg,150,trafficsignal
c003,007557.jpg,290,trafficsignal
c003,007558.jpg,396,Crosswalk
c001,007559.jpg,526,trafficsignal
c003,007560.jpg,591,trafficsignal
c001,007561.jpg,49,trafficsignal
c003,007562.jpg,103,trafficsignal
c002,007563.jpg,142,Crosswalk
c003,007564.jpg,812,trafficsignal
c002,007565.jpg,458,trafficsignal
c002,007566.jpg,285,trafficsignal
c001,007567.jpg,887,RubbishBins
c002,007568.jpg,73,trafficsignal
c002,007569.jpg,1033,trafficsignal
c001,007570.jpg,535,trafficsignal
c003,007571.jpg,1023,trafficsignal
c003,007572.jpg,483,RubbishBins
c002,007573.jpg,969,Crosswalk
c001,007574.jpg,327,trafficsignal
c002,007575.jpg,233,trafficsignal
c002,007576.jpg,937,Container
c003,007577.jpg,886,trafficsignal
c003,007578.jpg,651,Container
c001,007579.jpg,1072,trafficsignal
c001,007580.jpg,796,Container
c001,007581.jpg,828,RubbishBins
c003,007582.jpg,32,trafficsignal
c001,007583.jpg,789,trafficsignal
c001,007584.jpg,592,trafficsignal
c003,007585.jpg,1089,trafficsignal
c001,007586.jpg,617,trafficsignal
c001,007587.jpg,743,trafficsignal
c002,007588.jpg,1058,Container
c001,007589.jpg,1032,Crosswalk
c002,007590.jpg,921,trafficsignal
c001,007591.jpg,393,trafficsignal
c002,007592.jpg,181,Crosswalk
c003,007593.jpg,233,trafficsignal
c002,007594.jpg,774,trafficsignal
c002,007595.jpg,756,Crosswalk
c003,007596.jpg,743,trafficsignal
c001,007597.jpg,334,trafficsignal
c003,007598.jpg,334,trafficsignal
c003,007599.jpg,550,trafficsignal
c003,007600.jpg,880,Crosswalk
c003,007601.jpg,1022,trafficsignal
c003,007602.jpg,1067,trafficsignal
c002,007603.jpg,997,trafficsignal
c002,007604.jpg,712,trafficsignal
c002,007605.jpg,952,trafficsignal
c002,007606.jpg,310,RubbishBins
c001,007607.jpg,251,trafficsignal
c003,007608.jpg,905,Crosswalk
c001,007609.jpg,180,trafficsignal
c003,007610.jpg,414,trafficsignal
c002,007611.jpg,559,RubbishBins
c001,007612.jpg,668,trafficsignal
c001,007613.jpg,215,RubbishBins
c002,007614.jpg,1009,trafficsignal
c002,007615.jpg,461,trafficsignal
c002,007616.jpg,252,Crosswalk
c002,007617.jpg,1007,trafficsignal
c002,007618.jpg,761,trafficsignal
c001,007619.jpg,969,Crosswalk
c001,007620.jpg,619,trafficsignal
c001,007621.jpg,542,Container
c001,007622.jpg,941,trafficsignal
c003,007623.jpg,990,trafficsignal
c003,007624.jpg,1033,trafficsignal
c003,007625.jpg,548,Crosswalk
c003,007626.jpg,226,trafficsignal
c003,007627.jpg,774,trafficsignal
c002,007628.jpg,898,trafficsignal
c001,007629.jpg,783,trafficsignal
c003,007630.jpg,156,trafficsignal
c002,007631.jpg,269,trafficsignal
c003,007632.jpg,894,trafficsignal
c003,007633.jpg,147,Container
c002,007634.jpg,952,trafficsignal
c003,007635.jpg,320,trafficsignal
c003,007636.jpg,784,trafficsignal
c001,007637.jpg,452,trafficsignal
c002,007638.jpg,301,trafficsignal
c002,007639.jpg,852,Container
c003,007640.jpg,221,Crosswalk
c001,007641.jpg,379,trafficsignal
c001,007642.jpg,67,trafficsignal
c002,007643.jpg,576,RubbishBins
c003,007644.jpg,66,trafficsignal
c001,007645.jpg,1037,trafficsignal
c002,007646.jpg,586,Container
c001,007647.jpg,309,trafficsignal
c003,007648.jpg,923,Crosswalk
c001,007649.jpg,32,trafficsignal
c003,007650.jpg,521,Container
c003,007651.jpg,678,trafficsignal
c003,007652.jpg,459,trafficsignal
c001,007653.jpg,874,trafficsignal
c001,007654.jpg,30,RubbishBins
c003,007655.jpg,194,trafficsignal
c002,007656.jpg,683,trafficsignal
c003,007657.jpg,843,trafficsignal
c001,007658.jpg,342,trafficsignal
c001,007659.jpg,961,trafficsignal
c001,007660.jpg,1066,Crosswalk
c001,007661.jpg,456,trafficsignal
c001,007662.jpg,758,trafficsignal
c003,007663.jpg,347,trafficsignal
c002,007664.jpg,932,trafficsignal
c003,007665.jpg,230,trafficsignal
c003,007666.jpg,697,trafficsignal
c003,007667.jpg,451,trafficsignal
c003,007668.jpg,1090,Container
c003,007669.jpg,113,trafficsignal
c001,007670.jpg,258,trafficsignal
c002,007671.jpg,532,RubbishBins
c003,007672.jpg,365,RubbishBins
c002,007673.jpg,13,RubbishBins
c003,007674.jpg,206,trafficsignal
c002,007675.jpg,320,trafficsignal
c002,007676.jpg,683,trafficsignal
c003,007677.jpg,846,trafficsignal
c002,007678.jpg,611,trafficsignal
c003,007679.jpg,635,Crosswalk
c003,007680.jpg,727,trafficsignal
c002,007681.jpg,934,trafficsignal
c003,007682.jpg,786,trafficsignal
c003,007683.jpg,1086,trafficsignal
c001,007684.jpg,480,trafficsignal
c003,007685.jpg,582,trafficsignal
c003,007686.jpg,673,trafficsignal
c003,007687.jpg,339,trafficsignal
c002,007688.jpg,645,trafficsignal
c001,007689.jpg,828,RubbishBins
c003,007690.jpg,355,trafficsignal
c002,007691.jpg,78,trafficsignal
c003,007692.jpg,839,trafficsignal
c002,007693.jpg,948,trafficsignal
c001,007694.jpg,1016,trafficsignal
c001,007695.jpg,512,trafficsignal
c003,007696.jpg,229,trafficsignal
c002,007697.jpg,560,trafficsignal
c003,007698.jpg,909,trafficsignal
c003,007699.jpg,666,Crosswalk
c003,007700.jpg,709,trafficsignal
c001,007701.jpg,153,trafficsignal
c003,007702.jpg,975,trafficsignal
c003,007703.jpg,434,trafficsignal
c001,007704.jpg,576,RubbishBins
c001,007705.jpg,504,trafficsignal
c003,007706.jpg,284,Crosswalk
c003,007707.jpg,215,RubbishBins
c001,007708.jpg,635,Crosswalk
c003,007709.jpg,124,trafficsignal
c002,007710.jpg,187,trafficsignal
c003,007711.jpg,333,RubbishBins
c001,007712.jpg,88,trafficsignal
c003,007713.jpg,879,trafficsignal
c001,007714.jpg,1059,trafficsignal
c002,007715.jpg,741,trafficsignal
c002,007716.jpg,286,trafficsignal
c001,007717.jpg,492,trafficsignal
c001,007718.jpg,542,Container
c002,007719.jpg,969,Crosswalk
c002,007720.jpg,298,RubbishBins
c003,007721.jpg,92,Crosswalk
c002,007722.jpg,171,trafficsignal
c002,007723.jpg,500,Container
c001,007724.jpg,651,Container
c003,007725.jpg,151,trafficsignal
c002,007726.jpg,53,trafficsignal
c003,007727.jpg,1054,trafficsignal
c001,007728.jpg,291,trafficsignal
c003,007729.jpg,481,Crosswalk
c002,007730.jpg,809,trafficsignal
c003,007731.jpg,899,trafficsignal
c003,007732.jpg,223,trafficsignal
c002,007733.jpg,391,Container
c001,007734.jpg,412,trafficsignal
c003,007735.jpg,838,trafficsignal
c003,007736.jpg,76,trafficsignal
c003,007737.jpg,724,trafficsignal
c003,007738.jpg,383,trafficsignal
c001,007739.jpg,953,trafficsignal
c002,007740.jpg,497,trafficsignal
c003,007741.jpg,937,RubbishBins
c001,007742.jpg,650,trafficsignal
c003,007743.jpg,825,trafficsignal
c003,007744.jpg,565,trafficsignal
c001,007745.jpg,121,trafficsignal
c003,007746.jpg,1022,trafficsignal
c002,007747.jpg,894,trafficsignal
c003,007748.jpg,969,Crosswalk
c001,007749.jpg,1022,trafficsignal
c001,007750.jpg,889,RubbishBins
c001,007751.jpg,656,trafficsignal
c001,007752.jpg,623,Crosswalk
c001,007753.jpg,975,trafficsignal
c001,007754.jpg,416,RubbishBins
c003,007755.jpg,81,trafficsignal
c001,007756.jpg,675,trafficsignal
c002,007757.jpg,704,RubbishBins
c003,007758.jpg,307,trafficsignal
c001,007759.jpg,984,trafficsignal
c003,007760.jpg,719,trafficsignal
c003,007761.jpg,374,trafficsignal
c003,007762.jpg,765,RubbishBins
c002,007763.jpg,1005,Crosswalk
c003,007764.jpg,361,trafficsignal
c002,007765.jpg,181,Crosswalk
c003,007766.jpg,947,Crosswalk
c002,007767.jpg,234,trafficsignal
c001,007768.jpg,571,trafficsignal
c001,007769.jpg,78,trafficsignal
c003,007770.jpg,543,trafficsignal
c001,007771.jpg,478,trafficsignal
c001,007772.jpg,315,trafficsignal
c001,007773.jpg,580,Crosswalk
c003,007774.jpg,457,trafficsignal
c002,007775.jpg,534,trafficsignal
c003,007776.jpg,1020,Container
c001,007777.jpg,1030,Crosswalk
c001,007778.jpg,207,trafficsignal
c002,007779.jpg,430,RubbishBins
c001,007780.jpg,411,trafficsignal
c001,007781.jpg,1022,trafficsignal
c003,007782.jpg,146,Crosswalk
c003,007783.jpg,626,trafficsignal
c001,007784.jpg,532,RubbishBins
c003,007785.jpg,786,trafficsignal
c001,007786.jpg,846,trafficsignal
c001,007787.jpg,265,Crosswalk
c002,007788.jpg,737,trafficsignal
c003,007789.jpg,111,Crosswalk
c003,007790.jpg,341,trafficsignal
c001,007791.jpg,977,trafficsignal
c003,007792.jpg,320,trafficsignal
c003,007793.jpg,774,trafficsignal
c003,007794.jpg,287,trafficsignal
c002,007795.jpg,991,Crosswalk
c002,007796.jpg,852,Container
c003,007797.jpg,157,Container
c003,007798.jpg,660,trafficsignal
c003,007799.jpg,416,RubbishBins
c003,007800.jpg,77,Container
c001,007801.jpg,266,trafficsignal
c001,007802.jpg,826,trafficsignal
c003,007803.jpg,274,Container
c001,007804.jpg,1015,trafficsignal
c002,007805.jpg,751,trafficsignal
c002,007806.jpg,1038,trafficsignal
c001,007807.jpg,420,trafficsignal
c001,007808.jpg,949,trafficsignal
c001,007809.jpg,474,Crosswalk
c001,007810.jpg,841,trafficsignal
c003,007811.jpg,202,trafficsignal
c003,007812.jpg,284,Crosswalk
c003,007813.jpg,241,Container
c002,007814.jpg,913,trafficsignal
c002,007815.jpg,694,trafficsignal
c002,007816.jpg,408,trafficsignal
c001,007817.jpg,350,trafficsignal
c001,007818.jpg,206,trafficsignal
c003,007819.jpg,767,trafficsignal
c002,007820.jpg,736,Crosswalk
c002,007821.jpg,615,trafficsignal
c003,007822.jpg,422,trafficsignal
c002,007823.jpg,664,Crosswalk
c002,007824.jpg,916,trafficsignal
c003,007825.jpg,438,trafficsignal
c001,007826.jpg,241,Container
c003,007827.jpg,188,trafficsignal
c001,007828.jpg,1047,trafficsignal
c001,007829.jpg,249,trafficsignal
c003,007830.jpg,666,Crosswalk
c002,007831.jpg,850,trafficsignal
c002,007832.jpg,969,Crosswalk
c003,007833.jpg,206,trafficsignal
c003,007834.jpg,132,trafficsignal
c002,007835.jpg,876,Container
c002,007836.jpg,611,trafficsignal
c001,007837.jpg,138,trafficsignal
c001,007838.jpg,1006,trafficsignal
c001,007839.jpg,911,Container
c002,007840.jpg,874,trafficsignal
c002,007841.jpg,196,trafficsignal
c001,007842.jpg,295,trafficsignal
c001,007843.jpg,502,trafficsignal
c002,007844.jpg,474,Crosswalk
c001,007845.jpg,950,trafficsignal
c001,007846.jpg,485,trafficsignal
c003,007847.jpg,434,trafficsignal
c002,007848.jpg,1073,trafficsignal
c001,007849.jpg,391,Container
c001,007850.jpg,116,trafficsignal
c001,007851.jpg,710,trafficsignal
c001,007852.jpg,890,trafficsignal
c002,007853.jpg,320,trafficsignal
c003,007854.jpg,199,Container
c003,007855.jpg,1051,Crosswalk
c001,007856.jpg,35,trafficsignal
c001,007857.jpg,472,trafficsignal
c002,007858.jpg,206,trafficsignal
c003,007859.jpg,592,trafficsignal
c003,007860.jpg,574,trafficsignal
c003,007861.jpg,147,Container
c001,007862.jpg,71,trafficsignal
c003,007863.jpg,757,RubbishBins
c001,007864.jpg,160,Container
c003,007865.jpg,378,trafficsignal
c002,007866.jpg,498,trafficsignal
c003,007867.jpg,870,trafficsignal
c002,007868.jpg,151,trafficsignal
c002,007869.jpg,292,trafficsignal
c001,007870.jpg,924,trafficsignal
c003,007871.jpg,176,trafficsignal
c003,007872.jpg,478,trafficsignal
c003,007873.jpg,670,trafficsignal
c002,007874.jpg,315,trafficsignal
c003,007875.jpg,810,RubbishBins
c001,007876.jpg,50,trafficsignal
c003,007877.jpg,122,trafficsignal
c001,007878.jpg,905,Crosswalk
c002,007879.jpg,955,RubbishBins
c002,007880.jpg,887,RubbishBins
c003,007881.jpg,30,RubbishBins
c003,007882.jpg,433,RubbishBins
c002,007883.jpg,588,trafficsignal
c002,007884.jpg,1061,trafficsignal
c001,007885.jpg,728,trafficsignal
c003,007886.jpg,852,Container
c003,007887.jpg,62,trafficsignal
c003,007888.jpg,1040,trafficsignal
c003,007889.jpg,572,trafficsignal
c003,007890.jpg,566,Crosswalk
c002,007891.jpg,176,trafficsignal
c002,007892.jpg,1066,Crosswalk
c002,007893.jpg,243,trafficsignal
c002,007894.jpg,785,trafficsignal
c002,007895.jpg,569,trafficsignal
c001,007896.jpg,890,trafficsignal
c003,007897.jpg,487,trafficsignal
c001,007898.jpg,1090,Container
c003,007899.jpg,190,trafficsignal
c001,007900.jpg,1041,Crosswalk
c002,007901.jpg,934,trafficsignal
c003,007902.jpg,406,Crosswalk
c002,007903.jpg,6,trafficsignal
c003,007904.jpg,440,trafficsignal
c001,007905.jpg,72,trafficsignal
c003,007906.jpg,829,trafficsignal
c003,007907.jpg,328,trafficsignal
c001,007908.jpg,647,trafficsignal
c001,007909.jpg,544,Crosswalk
c002,007910.jpg,881,trafficsignal
c003,007911.jpg,579,trafficsignal
c002,007912.jpg,102,trafficsignal
c003,007913.jpg,1072,trafficsignal
c001,007914.jpg,813,Crosswalk
c001,007915.jpg,960,trafficsignal
c002,007916.jpg,946,Container
c001,007917.jpg,580,Crosswalk
c003,007918.jpg,364,Crosswalk
c002,007919.jpg,380,trafficsignal
c002,007920.jpg,266,trafficsignal
c001,007921.jpg,622,Container
c001,007922.jpg,114,trafficsignal
c001,007923.jpg,318,Container
c001,007924.jpg,970,Crosswalk
c002,007925.jpg,849,Crosswalk
c003,007926.jpg,953,trafficsignal
c001,007927.jpg,110,trafficsignal
c001,007928.jpg,360,trafficsignal
c001,007929.jpg,561,trafficsignal
c002,007930.jpg,1069,trafficsignal
c001,007931.jpg,1084,trafficsignal
c001,007932.jpg,384,trafficsignal
c001,007933.jpg,56,trafficsignal
c001,007934.jpg,839,trafficsignal
c002,007935.jpg,680,RubbishBins
c003,007936.jpg,848,trafficsignal
c002,007937.jpg,318,Container
c003,007938.jpg,804,trafficsignal
c001,007939.jpg,58,Container
c002,007940.jpg,941,trafficsignal
c003,007941.jpg,1030,Crosswalk
c002,007942.jpg,778,trafficsignal
c001,007943.jpg,125,trafficsignal
c002,007944.jpg,438,trafficsignal
c001,007945.jpg,751,trafficsignal
c003,007946.jpg,381,trafficsignal
c002,007947.jpg,676,trafficsignal
c002,007948.jpg,433,RubbishBins
c002,007949.jpg,862,RubbishBins
c003,007950.jpg,911,Container
c003,007951.jpg,282,trafficsignal
c002,007952.jpg,1016,trafficsignal
c001,007953.jpg,850,trafficsignal
c003,007954.jpg,141,Crosswalk
c002,007955.jpg,881,trafficsignal
c003,007956.jpg,144,Crosswalk
c001,007957.jpg,473,trafficsignal
c002,007958.jpg,999,trafficsignal
c003,007959.jpg,32,trafficsignal
c001,007960.jpg,988,Container
c001,007961.jpg,573,trafficsignal
c003,007962.jpg,525,trafficsignal
c003,007963.jpg,968,trafficsignal
c002,007964.jpg,441,trafficsignal
c001,007965.jpg,102,trafficsignal
c002,007966.jpg,664,Crosswalk
c003,007967.jpg,960,trafficsignal
c002,007968.jpg,924,trafficsignal
c003,007969.jpg,568,trafficsignal
c003,007970.jpg,1085,trafficsignal
c001,007971.jpg,96,Container
c002,007972.jpg,423,trafficsignal
c002,007973.jpg,334,trafficsignal
c001,007974.jpg,616,trafficsignal
c003,007975.jpg,489,Crosswalk
c003,007976.jpg,988,Container
c002,007977.jpg,1056,trafficsignal
c003,007978.jpg,172,Crosswalk
c002,007979.jpg,837,RubbishBins
c002,007980.jpg,887,RubbishBins
c002,007981.jpg,26,trafficsignal
c003,007982.jpg,646,trafficsignal
c003,007983.jpg,368,Container
c001,007984.jpg,92,Crosswalk
c003,007985.jpg,529,trafficsignal
c001,007986.jpg,1002,trafficsignal
c002,007987.jpg,118,trafficsignal
c002,007988.jpg,398,trafficsignal
c003,007989.jpg,336,trafficsignal
c003,007990.jpg,14,trafficsignal
c002,007991.jpg,975,trafficsignal
c003,007992.jpg,485,trafficsignal
c001,007993.jpg,1041,Crosswalk
c001,007994.jpg,507,trafficsignal
c002,007995.jpg,487,trafficsignal
c002,007996.jpg,589,trafficsignal
c002,007997.jpg,508,Crosswalk
c003,007998.jpg,877,Crosswalk
c002,007999.jpg,576,RubbishBins
c002,008000.jpg,417,trafficsignal
c001,008001.jpg,586,Container
c001,008002.jpg,351,trafficsignal
c003,008003.jpg,573,trafficsignal
c002,008004.jpg,235,trafficsignal
c002,008005.jpg,930,Crosswalk
c003,008006.jpg,14,trafficsignal
c001,008007.jpg,293,Container
c002,008008.jpg,751,trafficsignal
c001,008009.jpg,858,trafficsignal
c001,008010.jpg,1073,trafficsignal
c002,008011.jpg,479,trafficsignal
c003,008012.jpg,957,Container
c001,008013.jpg,1070,Crosswalk
c002,008014.jpg,787,trafficsignal
c001,008015.jpg,750,trafficsignal
c002,008016.jpg,131,RubbishBins
c003,008017.jpg,82,trafficsignal
c003,008018.jpg,251,trafficsignal
c002,008019.jpg,792,RubbishBins
c003,008020.jpg,875,trafficsignal
c001,008021.jpg,132,trafficsignal
c002,008022.jpg,670,trafficsignal
c002,008023.jpg,453,trafficsignal
c001,008024.jpg,1084,trafficsignal
c002,008025.jpg,605,trafficsignal
c001,008026.jpg,977,trafficsignal
c003,008027.jpg,119,Crosswalk
c003,008028.jpg,84,trafficsignal
c001,008029.jpg,712,trafficsignal
c001,008030.jpg,417,trafficsignal
c002,008031.jpg,957,Container
c003,008032.jpg,1085,trafficsignal
c001,008033.jpg,85,Crosswalk
c003,008034.jpg,834,trafficsignal
c001,008035.jpg,43,trafficsignal
c003,008036.jpg,422,trafficsignal
c003,008037.jpg,62,trafficsignal
c003,008038.jpg,561,trafficsignal
c003,008039.jpg,274,Container
c003,008040.jpg,545,trafficsignal
c003,008041.jpg,701,trafficsignal
c001,008042.jpg,629,trafficsignal
c001,008043.jpg,933,Crosswalk
c001,008044.jpg,736,Crosswalk
c001,008045.jpg,607,trafficsignal
c001,008046.jpg,431,Container
c001,008047.jpg,849,Crosswalk
c003,008048.jpg,4,trafficsignal
c003,008049.jpg,121,trafficsignal
c003,008050.jpg,16,trafficsignal
c003,008051.jpg,943,Crosswalk
c001,008052.jpg,458,trafficsignal
c002,008053.jpg,994,trafficsignal
c001,008054.jpg,554,trafficsignal
c002,008055.jpg,446,trafficsignal
c001,008056.jpg,355,trafficsignal
c002,008057.jpg,528,Container
c003,008058.jpg,1041,Crosswalk
c003,008059.jpg,207,trafficsignal
c002,008060.jpg,1048,trafficsignal
c001,008061.jpg,954,trafficsignal
c003,008062.jpg,98,trafficsignal
c002,008063.jpg,499,trafficsignal
c001,008064.jpg,969,Crosswalk
c001,008065.jpg,590,Container
c003,008066.jpg,179,trafficsignal
c003,008067.jpg,863,trafficsignal
c003,008068.jpg,965,trafficsignal
c003,008069.jpg,840,trafficsignal
c003,008070.jpg,812,trafficsignal
c002,008071.jpg,445,trafficsignal
c001,008072.jpg,669,trafficsignal
c003,008073.jpg,437,RubbishBins
c001,008074.jpg,252,Crosswalk
c003,008075.jpg,844,Container
c002,008076.jpg,292,trafficsignal
c001,008077.jpg,612,trafficsignal
c003,008078.jpg,336,trafficsignal
c001,008079.jpg,807,trafficsignal
c002,008080.jpg,903,trafficsignal
c003,008081.jpg,887,RubbishBins
c002,008082.jpg,571,trafficsignal
c003,008083.jpg,1085,trafficsignal
c001,008084.jpg,906,trafficsignal
c001,008085.jpg,673,trafficsignal
c003,008086.jpg,869,Crosswalk
c003,008087.jpg,930,Crosswalk
c002,008088.jpg,854,trafficsignal
c001,008089.jpg,970,Crosswalk
c003,008090.jpg,57,trafficsignal
c001,008091.jpg,32,trafficsignal
c002,008092.jpg,353,trafficsignal
c001,008093.jpg,309,trafficsignal
c002,008094.jpg,761,trafficsignal
c001,008095.jpg,862,Container
c002,008096.jpg,145,trafficsignal
c001,008097.jpg,697,trafficsignal
c003,008098.jpg,195,trafficsignal
c002,008099.jpg,292,trafficsignal
c001,008100.jpg,63,trafficsignal
c002,008101.jpg,744,RubbishBins
c001,008102.jpg,474,Crosswalk
c001,008103.jpg,984,trafficsignal
c002,008104.jpg,72,trafficsignal
c002,008105.jpg,491,RubbishBins
c001,008106.jpg,932,trafficsignal
c002,008107.jpg,699,Container
c003,008108.jpg,631,trafficsignal
c003,008109.jpg,917,trafficsignal
c001,008110.jpg,146,Crosswalk
c001,008111.jpg,953,trafficsignal
c001,008112.jpg,313,trafficsignal
c002,008113.jpg,1047,trafficsignal
c003,008114.jpg,873,trafficsignal
c003,008115.jpg,22,trafficsignal
c003,008116.jpg,481,Crosswalk
c002,008117.jpg,195,trafficsignal
c001,008118.jpg,380,trafficsignal
c001,008119.jpg,453,trafficsignal
c002,008120.jpg,1054,trafficsignal
c001,008121.jpg,838,trafficsignal
c001,008122.jpg,145,trafficsignal
c001,008123.jpg,839,trafficsignal
c003,008124.jpg,526,trafficsignal
c002,008125.jpg,808,Crosswalk
c002,008126.jpg,169,Container
c003,008127.jpg,858,trafficsignal
c002,008128.jpg,412,trafficsignal
c001,008129.jpg,439,trafficsignal
c003,008130.jpg,839,trafficsignal
c001,008131.jpg,271,trafficsignal
c001,008132.jpg,965,trafficsignal
c001,008133.jpg,500,Container
c003,008134.jpg,11,trafficsignal
c002,008135.jpg,769,Crosswalk
c002,008136.jpg,118,trafficsignal
c003,008137.jpg,31,Crosswalk
c003,008138.jpg,569,trafficsignal
c003,008139.jpg,267,trafficsignal
c001,008140.jpg,322,trafficsignal
c003,008141.jpg,831,trafficsignal
c001,008142.jpg,93,trafficsignal
c002,008143.jpg,241,Container
c001,008144.jpg,174,trafficsignal
c002,008145.jpg,849,Crosswalk
c003,008146.jpg,12,trafficsignal
c002,008147.jpg,641,Crosswalk
c002,008148.jpg,452,trafficsignal
c003,008149.jpg,772,Crosswalk
c003,008150.jpg,903,trafficsignal
c003,008151.jpg,702,trafficsignal
c003,008152.jpg,611,trafficsignal
c001,008153.jpg,126,trafficsignal
c002,008154.jpg,437,RubbishBins
c001,008155.jpg,262,RubbishBins
c003,008156.jpg,761,trafficsignal
c001,008157.jpg,267,trafficsignal
c001,008158.jpg,85,Crosswalk
c002,008159.jpg,334,trafficsignal
c002,008160.jpg,53,trafficsignal
c002,008161.jpg,918,trafficsignal
c003,008162.jpg,790,trafficsignal
c003,008163.jpg,889,RubbishBins
c003,008164.jpg,822,trafficsignal
c001,008165.jpg,487,trafficsignal
c003,008166.jpg,390,Container
c001,008167.jpg,676,trafficsignal
c003,008168.jpg,778,trafficsignal
c003,008169.jpg,585,Crosswalk
c003,008170.jpg,398,trafficsignal
c002,008171.jpg,522,Crosswalk
c002,008172.jpg,542,Container
c001,008173.jpg,1086,trafficsignal
c002,008174.jpg,477,trafficsignal
c003,008175.jpg,983,trafficsignal
c003,008176.jpg,411,trafficsignal
c003,008177.jpg,16,trafficsignal
c001,008178.jpg,451,trafficsignal
c002,008179.jpg,1080,trafficsignal
c001,008180.jpg,505,RubbishBins
c002,008181.jpg,814,trafficsignal
c003,008182.jpg,650,trafficsignal
c001,008183.jpg,991,Crosswalk
c003,008184.jpg,828,RubbishBins
c001,008185.jpg,608,trafficsignal
c002,008186.jpg,266,trafficsignal
c003,008187.jpg,616,trafficsignal
c003,008188.jpg,984,trafficsignal
c003,008189.jpg,333,RubbishBins
c003,008190.jpg,566,Crosswalk
c003,008191.jpg,520,trafficsignal
c001,008192.jpg,746,Crosswalk
c001,008193.jpg,716,trafficsignal
c003,008194.jpg,292,trafficsignal
c002,008195.jpg,124,trafficsignal
c001,008196.jpg,796,Container
c001,008197.jpg,938,trafficsignal
c003,008198.jpg,866,trafficsignal
c001,008199.jpg,850,trafficsignal
c001,008200.jpg,431,Container
c001,008201.jpg,852,Container
c002,008202.jpg,551,trafficsignal
c002,008203.jpg,436,trafficsignal
c001,008204.jpg,915,trafficsignal
c002,008205.jpg,899,trafficsignal
c003,008206.jpg,431,Container
c003,008207.jpg,353,trafficsignal
c001,008208.jpg,550,trafficsignal
c001,008209.jpg,925,trafficsignal
c002,008210.jpg,52,trafficsignal
c001,008211.jpg,735,trafficsignal
c003,008212.jpg,743,trafficsignal
c003,008213.jpg,130,Crosswalk
c001,008214.jpg,764,RubbishBins
c002,008215.jpg,1042,RubbishBins
c001,008216.jpg,169,Container
c001,008217.jpg,431,Container
c002,008218.jpg,332,RubbishBins
c003,008219.jpg,302,RubbishBins
c002,008220.jpg,245,trafficsignal
c003,008221.jpg,1051,Crosswalk
c002,008222.jpg,1066,Crosswalk
c001,008223.jpg,785,trafficsignal
c001,008224.jpg,992,trafficsignal
c002,008225.jpg,1008,trafficsignal
c003,008226.jpg,141,Crosswalk
c003,008227.jpg,179,trafficsignal
c001,008228.jpg,50,trafficsignal
c001,008229.jpg,1090,Container
c001,008230.jpg,32,trafficsignal
c002,008231.jpg,830,trafficsignal
c002,008232.jpg,1054,trafficsignal
c003,008233.jpg,566,Crosswalk
c003,008234.jpg,1042,RubbishBins
c003,008235.jpg,147,Container
c003,008236.jpg,930,Crosswalk
c003,008237.jpg,289,trafficsignal
c001,008238.jpg,124,trafficsignal
c003,008239.jpg,1073,trafficsignal
c002,008240.jpg,94,trafficsignal
c002,008241.jpg,623,Crosswalk
c001,008242.jpg,871,Container
c001,008243.jpg,734,trafficsignal
c001,008244.jpg,350,trafficsignal
c002,008245.jpg,673,trafficsignal
c003,008246.jpg,1013,trafficsignal
c001,008247.jpg,403,trafficsignal
c003,008248.jpg,46,trafficsignal
c001,008249.jpg,940,trafficsignal
c001,008250.jpg,728,trafficsignal
c002,008251.jpg,591,trafficsignal
c002,008252.jpg,579,trafficsignal
c002,008253.jpg,277,Crosswalk
c003,008254.jpg,1055,trafficsignal
c001,008255.jpg,5,RubbishBins
c003,008256.jpg,984,trafficsignal
c002,008257.jpg,930,Crosswalk
c001,008258.jpg,261,Crosswalk
c002,008259.jpg,894,trafficsignal
c001,008260.jpg,535,trafficsignal
c003,008261.jpg,297,trafficsignal
c001,008262.jpg,351,trafficsignal
c002,008263.jpg,638,Container
c001,008264.jpg,1078,trafficsignal
c001,008265.jpg,986,Crosswalk
c003,008266.jpg,651,Container
c003,008267.jpg,521,Container
c003,008268.jpg,911,Container
c001,008269.jpg,969,Crosswalk
c003,008270.jpg,325,Container
c003,008271.jpg,470,trafficsignal
c002,008272.jpg,260,Crosswalk
c002,008273.jpg,662,trafficsignal
c001,008274.jpg,213,trafficsignal
c002,008275.jpg,265,Crosswalk
c003,008276.jpg,243,trafficsignal
c003,008277.jpg,284,Crosswalk
c002,008278.jpg,431,Container
c001,008279.jpg,487,trafficsignal
c002,008280.jpg,1090,Container
c002,008281.jpg,112,trafficsignal
c001,008282.jpg,179,trafficsignal
c001,008283.jpg,558,trafficsignal
c001,008284.jpg,127,Crosswalk
c002,008285.jpg,121,trafficsignal
c002,008286.jpg,443,trafficsignal
c003,008287.jpg,436,trafficsignal
c003,008288.jpg,743,trafficsignal
c001,008289.jpg,963,RubbishBins
c001,008290.jpg,968,trafficsignal
c003,008291.jpg,541,Container
c002,008292.jpg,528,Container
c003,008293.jpg,743,trafficsignal
c003,008294.jpg,939,Container
c002,008295.jpg,124,trafficsignal
c002,008296.jpg,322,trafficsignal
c003,008297.jpg,411,trafficsignal
c001,008298.jpg,767,trafficsignal
c001,008299.jpg,88,trafficsignal
c003,008300.jpg,1004,trafficsignal
c003,008301.jpg,773,trafficsignal
c001,008302.jpg,1020,Container
c003,008303.jpg,755,trafficsignal
c001,008304.jpg,208,trafficsignal
c001,008305.jpg,336,trafficsignal
c003,008306.jpg,59,RubbishBins
c003,008307.jpg,1002,trafficsignal
c001,008308.jpg,863,trafficsignal
c003,008309.jpg,461,trafficsignal
c001,008310.jpg,704,RubbishBins
c001,008311.jpg,32,trafficsignal
c003,008312.jpg,963,RubbishBins
c002,008313.jpg,1047,trafficsignal
c001,008314.jpg,648,trafficsignal
c003,008315.jpg,244,trafficsignal
c002,008316.jpg,716,trafficsignal
c001,008317.jpg,1051,Crosswalk
c002,008318.jpg,487,trafficsignal
c001,008319.jpg,991,Crosswalk
c001,008320.jpg,814,trafficsignal
c003,008321.jpg,107,trafficsignal
c001,008322.jpg,862,Container
c001,008323.jpg,724,trafficsignal
c001,008324.jpg,923,Crosswalk
c003,008325.jpg,1073,trafficsignal
c001,008326.jpg,19,RubbishBins
c001,008327.jpg,623,Crosswalk
c001,008328.jpg,260,Crosswalk
c002,008329.jpg,716,trafficsignal
c003,008330.jpg,57,trafficsignal
c001,008331.jpg,869,Crosswalk
c001,008332.jpg,897,trafficsignal
c003,008333.jpg,911,Container
c002,008334.jpg,831,trafficsignal
c003,008335.jpg,185,trafficsignal
c003,008336.jpg,607,trafficsignal
c001,008337.jpg,131,RubbishBins
c001,008338.jpg,798,trafficsignal
c002,008339.jpg,336,trafficsignal
c001,008340.jpg,246,trafficsignal
c002,008341.jpg,591,trafficsignal
c001,008342.jpg,198,Container
c003,008343.jpg,881,trafficsignal
c001,008344.jpg,1073,trafficsignal
c002,008345.jpg,531,Crosswalk
c001,008346.jpg,611,trafficsignal
c003,008347.jpg,623,Crosswalk
c002,008348.jpg,823,trafficsignal
c003,008349.jpg,909,trafficsignal
c002,008350.jpg,507,trafficsignal
c002,008351.jpg,580,Crosswalk
c003,008352.jpg,16,trafficsignal
c001,008353.jpg,1059,trafficsignal
c001,008354.jpg,204,Crosswalk
c002,008355.jpg,199,Container
c001,008356.jpg,1009,trafficsignal
c003,008357.jpg,347,trafficsignal
c003,008358.jpg,949,trafficsignal
c002,008359.jpg,174,trafficsignal
c001,008360.jpg,530,trafficsignal
c002,008361.jpg,946,Container
c003,008362.jpg,156,trafficsignal
c001,008363.jpg,1074,trafficsignal
c002,008364.jpg,566,Crosswalk
c003,008365.jpg,1046,trafficsignal
c001,008366.jpg,196,trafficsignal
c002,008367.jpg,124,trafficsignal
c003,008368.jpg,764,RubbishBins
c003,008369.jpg,1009,trafficsignal
c003,008370.jpg,362,trafficsignal
c003,008371.jpg,952,trafficsignal
c001,008372.jpg,831,trafficsignal
c001,008373.jpg,620,trafficsignal
c001,008374.jpg,9,trafficsignal
c002,008375.jpg,78,trafficsignal
c003,008376.jpg,247,trafficsignal
c003,008377.jpg,623,Crosswalk
c001,008378.jpg,1044,Crosswalk
c002,008379.jpg,850,trafficsignal
c003,008380.jpg,1041,Crosswalk
c001,008381.jpg,823,trafficsignal
c002,008382.jpg,431,Container
c003,008383.jpg,692,trafficsignal
c003,008384.jpg,1055,trafficsignal
c001,008385.jpg,999,trafficsignal
c003,008386.jpg,1017,trafficsignal
c002,008387.jpg,380,trafficsignal
c001,008388.jpg,406,Crosswalk
c002,008389.jpg,365,RubbishBins
c002,008390.jpg,819,RubbishBins
c003,008391.jpg,761,trafficsignal
c002,008392.jpg,864,Crosswalk
c003,008393.jpg,504,trafficsignal
c003,008394.jpg,939,Container
c002,008395.jpg,787,trafficsignal
c001,008396.jpg,275,trafficsignal
c002,008397.jpg,146,Crosswalk
c001,008398.jpg,965,trafficsignal
c003,008399.jpg,380,trafficsignal
c002,008400.jpg,730,Container
c003,008401.jpg,831,trafficsignal
c003,008402.jpg,565,trafficsignal
c002,008403.jpg,929,Crosswalk
c001,008404.jpg,381,trafficsignal
c003,008405.jpg,946,Container
c001,008406.jpg,271,trafficsignal
c001,008407.jpg,988,Container
c001,008408.jpg,504,trafficsignal
c001,008409.jpg,521,Container
c003,008410.jpg,708,trafficsignal
c001,008411.jpg,239,Crosswalk
c002,008412.jpg,806,trafficsignal
c003,008413.jpg,6,trafficsignal
c002,008414.jpg,370,Crosswalk
c002,008415.jpg,239,Crosswalk
c001,008416.jpg,466,trafficsignal
c001,008417.jpg,2,trafficsignal
c003,008418.jpg,789,trafficsignal
c001,008419.jpg,635,Crosswalk
c002,008420.jpg,284,Crosswalk
c002,008421.jpg,471,RubbishBins
c002,008422.jpg,1083,RubbishBins
c002,008423.jpg,460,trafficsignal
c002,008424.jpg,543,trafficsignal
c003,008425.jpg,698,trafficsignal
c002,008426.jpg,968,trafficsignal
c001,008427.jpg,497,trafficsignal
c003,008428.jpg,534,trafficsignal
c002,008429.jpg,657,trafficsignal
c002,008430.jpg,708,trafficsignal
c001,008431.jpg,352,trafficsignal
c002,008432.jpg,998,trafficsignal
c002,008433.jpg,1023,trafficsignal
c003,008434.jpg,227,trafficsignal
c001,008435.jpg,474,Crosswalk
c002,008436.jpg,326,Container
c003,008437.jpg,1026,Crosswalk
c003,008438.jpg,704,RubbishBins
c002,008439.jpg,389,RubbishBins
c002,008440.jpg,833,trafficsignal
c001,008441.jpg,34,trafficsignal
c003,008442.jpg,1086,trafficsignal
c002,008443.jpg,877,Crosswalk
c002,008444.jpg,943,Crosswalk
c003,008445.jpg,618,trafficsignal
c002,008446.jpg,932,trafficsignal
c003,008447.jpg,271,trafficsignal
c001,008448.jpg,508,Crosswalk
c001,008449.jpg,47,trafficsignal
c001,008450.jpg,223,trafficsignal
c001,008451.jpg,206,trafficsignal
c001,008452.jpg,761,trafficsignal
c003,008453.jpg,946,Container
c002,008454.jpg,465,trafficsignal
c003,008455.jpg,942,trafficsignal
c003,008456.jpg,612,trafficsignal
c003,008457.jpg,55,trafficsignal
c001,008458.jpg,874,trafficsignal
c001,008459.jpg,61,trafficsignal
c003,008460.jpg,291,trafficsignal
c002,008461.jpg,683,trafficsignal
c002,008462.jpg,737,trafficsignal
c002,008463.jpg,91,trafficsignal
c003,008464.jpg,1057,trafficsignal
c003,008465.jpg,376,trafficsignal
c001,008466.jpg,731,Container
c003,008467.jpg,63,trafficsignal
c002,008468.jpg,653,trafficsignal
c003,008469.jpg,680,RubbishBins
c003,008470.jpg,368,Container
c002,008471.jpg,398,trafficsignal
c001,008472.jpg,274,Container
c001,008473.jpg,251,trafficsignal
c001,008474.jpg,816,RubbishBins
c002,008475.jpg,828,RubbishBins
c002,008476.jpg,27,trafficsignal
c003,008477.jpg,586,Container
c001,008478.jpg,873,trafficsignal
c002,008479.jpg,430,RubbishBins
c002,008480.jpg,872,trafficsignal
c003,008481.jpg,1015,trafficsignal
c003,008482.jpg,1024,trafficsignal
c003,008483.jpg,121,trafficsignal
c001,008484.jpg,465,trafficsignal
c001,008485.jpg,143,trafficsignal
c002,008486.jpg,138,trafficsignal
c002,008487.jpg,668,trafficsignal
c001,008488.jpg,572,trafficsignal
c003,008489.jpg,937,RubbishBins
c003,008490.jpg,918,trafficsignal
c002,008491.jpg,596,trafficsignal
c003,008492.jpg,580,Crosswalk
c001,008493.jpg,969,Crosswalk
c001,008494.jpg,308,trafficsignal
c001,008495.jpg,1080,trafficsignal
c002,008496.jpg,991,Crosswalk
c002,008497.jpg,960,trafficsignal
c003,008498.jpg,338,trafficsignal
c002,008499.jpg,87,Crosswalk
c001,008500.jpg,1064,RubbishBins
c001,008501.jpg,188,trafficsignal
c001,008502.jpg,971,Crosswalk
c002,008503.jpg,1016,trafficsignal
c003,008504.jpg,1006,trafficsignal
c001,008505.jpg,625,RubbishBins
c001,008506.jpg,336,trafficsignal
c002,008507.jpg,1090,Container
c002,008508.jpg,264,trafficsignal
c002,008509.jpg,816,RubbishBins
c001,008510.jpg,839,trafficsignal
c002,008511.jpg,700,trafficsignal
c002,008512.jpg,458,trafficsignal
c001,008513.jpg,26,trafficsignal
c001,008514.jpg,880,Crosswalk
c002,008515.jpg,743,trafficsignal
c001,008516.jpg,126,trafficsignal
c002,008517.jpg,82,trafficsignal
c002,008518.jpg,1041,Crosswalk
c001,008519.jpg,909,trafficsignal
c003,008520.jpg,738,Crosswalk
c002,008521.jpg,163,trafficsignal
c003,008522.jpg,1059,trafficsignal
c003,008523.jpg,485,trafficsignal
c001,008524.jpg,331,trafficsignal
c003,008525.jpg,682,trafficsignal
c002,008526.jpg,889,RubbishBins
c003,008527.jpg,68,RubbishBins
c002,008528.jpg,256,trafficsignal
c003,008529.jpg,634,trafficsignal
c002,008530.jpg,911,Container
c003,008531.jpg,759,trafficsignal
c002,008532.jpg,595,trafficsignal
c002,008533.jpg,898,trafficsignal
c001,008534.jpg,1014,RubbishBins
c002,008535.jpg,1023,trafficsignal
c003,008536.jpg,827,trafficsignal
c002,008537.jpg,1066,Crosswalk
c003,008538.jpg,666,Crosswalk
c002,008539.jpg,621,trafficsignal
c002,008540.jpg,1015,trafficsignal
c001,008541.jpg,267,trafficsignal
c001,008542.jpg,497,trafficsignal
c001,008543.jpg,173,trafficsignal
c003,008544.jpg,738,Crosswalk
c001,008545.jpg,368,Container
c001,008546.jpg,803,trafficsignal
c001,008547.jpg,312,trafficsignal
c002,008548.jpg,619,trafficsignal
c003,008549.jpg,351,trafficsignal
c001,008550.jpg,270,trafficsignal
c001,008551.jpg,958,Crosswalk
c002,008552.jpg,485,trafficsignal
c001,008553.jpg,675,trafficsignal
c003,008554.jpg,723,trafficsignal
c002,008555.jpg,411,trafficsignal
c003,008556.jpg,562,trafficsignal
c002,008557.jpg,428,trafficsignal
c001,008558.jpg,455,trafficsignal
c001,008559.jpg,958,Crosswalk
c002,008560.jpg,998,trafficsignal
c003,008561.jpg,871,Container
c002,008562.jpg,68,RubbishBins
c001,008563.jpg,97,trafficsignal
c003,008564.jpg,743,trafficsignal
c002,008565.jpg,1066,Crosswalk
c001,008566.jpg,1065,trafficsignal
c003,008567.jpg,237,trafficsignal
c003,008568.jpg,858,trafficsignal
c002,008569.jpg,222,trafficsignal
c003,008570.jpg,514,trafficsignal
c001,008571.jpg,666,Crosswalk
c002,008572.jpg,806,trafficsignal
c002,008573.jpg,606,trafficsignal
c001,008574.jpg,704,RubbishBins
c003,008575.jpg,589,trafficsignal
c003,008576.jpg,1044,Crosswalk
c001,008577.jpg,417,trafficsignal
c003,008578.jpg,197,trafficsignal
c003,008579.jpg,818,trafficsignal
c002,008580.jpg,8,Container
c001,008581.jpg,605,trafficsignal
c003,008582.jpg,401,trafficsignal
c001,008583.jpg,51,trafficsignal
c001,008584.jpg,675,trafficsignal
c002,008585.jpg,774,trafficsignal
c003,008586.jpg,391,Container
c002,008587.jpg,252,Crosswalk
c002,008588.jpg,932,trafficsignal
c001,008589.jpg,881,trafficsignal
c001,008590.jpg,849,Crosswalk
c001,008591.jpg,81,trafficsignal
c002,008592.jpg,407,trafficsignal
c003,008593.jpg,234,trafficsignal
c001,008594.jpg,364,Crosswalk
c003,008595.jpg,447,trafficsignal
c002,008596.jpg,442,Container
c003,008597.jpg,1020,Container
c003,008598.jpg,119,Crosswalk
c003,008599.jpg,783,trafficsignal
c001,008600.jpg,77,Container
c001,008601.jpg,188,trafficsignal
c002,008602.jpg,982,trafficsignal
c002,008603.jpg,728,trafficsignal
c001,008604.jpg,801,Crosswalk
c002,008605.jpg,726,trafficsignal
c001,008606.jpg,763,trafficsignal
c001,008607.jpg,1066,Crosswalk
c001,008608.jpg,670,trafficsignal
c001,008609.jpg,16,trafficsignal
c002,008610.jpg,848,trafficsignal
c002,008611.jpg,282,trafficsignal
c002,008612.jpg,10,trafficsignal
c002,008613.jpg,390,Container
c003,008614.jpg,154,trafficsignal
c003,008615.jpg,946,Container
c001,008616.jpg,221,Crosswalk
c003,008617.jpg,185,trafficsignal
c001,008618.jpg,491,RubbishBins
c001,008619.jpg,207,trafficsignal
c001,008620.jpg,561,trafficsignal
c001,008621.jpg,916,trafficsignal
c002,008622.jpg,76,trafficsignal
c001,008623.jpg,411,trafficsignal
c001,008624.jpg,392,trafficsignal
c001,008625.jpg,889,RubbishBins
c003,008626.jpg,145,trafficsignal
c001,008627.jpg,118,trafficsignal
c003,008628.jpg,884,Crosswalk
c002,008629.jpg,277,Crosswalk
c003,008630.jpg,576,RubbishBins
c003,008631.jpg,465,trafficsignal
c003,008632.jpg,423,trafficsignal
c003,008633.jpg,675,trafficsignal
c001,008634.jpg,825,trafficsignal
c003,008635.jpg,613,Crosswalk
c001,008636.jpg,191,Container
c003,008637.jpg,66,trafficsignal
c003,008638.jpg,121,trafficsignal
c001,008639.jpg,738,Crosswalk
c003,008640.jpg,623,Crosswalk
c002,008641.jpg,451,trafficsignal
c003,008642.jpg,526,trafficsignal
c003,008643.jpg,1036,trafficsignal
c003,008644.jpg,864,Crosswalk
c003,008645.jpg,746,Crosswalk
c002,008646.jpg,829,trafficsignal
c002,008647.jpg,975,trafficsignal
c002,008648.jpg,717,RubbishBins
c001,008649.jpg,1055,trafficsignal
c002,008650.jpg,796,Container
c001,008651.jpg,175,Crosswalk
c001,008652.jpg,666,Crosswalk
c002,008653.jpg,947,Crosswalk
c003,008654.jpg,902,trafficsignal
c001,008655.jpg,769,Crosswalk
c001,008656.jpg,997,trafficsignal
c001,008657.jpg,843,trafficsignal
c002,008658.jpg,232,trafficsignal
c001,008659.jpg,553,trafficsignal
c003,008660.jpg,408,trafficsignal
c002,008661.jpg,316,trafficsignal
c002,008662.jpg,272,trafficsignal
c002,008663.jpg,712,trafficsignal
c002,008664.jpg,1003,trafficsignal
c002,008665.jpg,894,trafficsignal
c003,008666.jpg,762,Container
c001,008667.jpg,683,trafficsignal
c001,008668.jpg,232,trafficsignal
c001,008669.jpg,458,trafficsignal
c001,008670.jpg,353,trafficsignal
c001,008671.jpg,746,Crosswalk
c002,008672.jpg,778,trafficsignal
c003,008673.jpg,678,trafficsignal
c003,008674.jpg,832,Crosswalk
c002,008675.jpg,112,trafficsignal
c002,008676.jpg,1022,trafficsignal
c003,008677.jpg,174,trafficsignal
c001,008678.jpg,522,Crosswalk
c003,008679.jpg,944,trafficsignal
c003,008680.jpg,217,trafficsignal
c003,008681.jpg,600,trafficsignal
c003,008682.jpg,546,trafficsignal
c001,008683.jpg,291,trafficsignal
c003,008684.jpg,667,trafficsignal
c003,008685.jpg,597,trafficsignal
c001,008686.jpg,400,trafficsignal
c001,008687.jpg,369,Crosswalk
c003,008688.jpg,86,trafficsignal
c002,008689.jpg,334,trafficsignal
c003,008690.jpg,664,Crosswalk
c001,008691.jpg,54,trafficsignal
c002,008692.jpg,872,trafficsignal
c002,008693.jpg,539,Container
c003,008694.jpg,965,trafficsignal
c002,008695.jpg,769,Crosswalk
c001,008696.jpg,431,Container
c003,008697.jpg,1037,trafficsignal
c003,008698.jpg,623,Crosswalk
c003,008699.jpg,301,trafficsignal
c001,008700.jpg,481,Crosswalk
c001,008701.jpg,161,trafficsignal
c001,008702.jpg,59,RubbishBins
c003,008703.jpg,641,Crosswalk
c001,008704.jpg,672,trafficsignal
c002,008705.jpg,768,trafficsignal
c003,008706.jpg,12,trafficsignal
c003,008707.jpg,663,trafficsignal
c001,008708.jpg,874,trafficsignal
c001,008709.jpg,1064,RubbishBins
c001,008710.jpg,350,trafficsignal
c001,008711.jpg,385,trafficsignal
c002,008712.jpg,542,Container
c001,008713.jpg,489,Crosswalk
c002,008714.jpg,241,Container
c001,008715.jpg,724,trafficsignal
c001,008716.jpg,557,Container
c001,008717.jpg,145,trafficsignal
c001,008718.jpg,1006,trafficsignal
c003,008719.jpg,1007,trafficsignal
c003,008720.jpg,943,Crosswalk
c001,008721.jpg,969,Crosswalk
c002,008722.jpg,656,trafficsignal
c002,008723.jpg,390,Container
c003,008724.jpg,1013,trafficsignal
c002,008725.jpg,566,Crosswalk
c003,008726.jpg,112,trafficsignal
c003,008727.jpg,573,trafficsignal
c002,008728.jpg,84,trafficsignal
c003,008729.jpg,985,trafficsignal
c001,008730.jpg,1064,RubbishBins
c003,008731.jpg,63,trafficsignal
c003,008732.jpg,923,Crosswalk
c001,008733.jpg,984,trafficsignal
c003,008734.jpg,65,trafficsignal
c002,008735.jpg,38,trafficsignal
c001,008736.jpg,611,trafficsignal
c002,008737.jpg,948,trafficsignal
c003,008738.jpg,1044,Crosswalk
c003,008739.jpg,1069,trafficsignal
c001,008740.jpg,736,Crosswalk
c002,008741.jpg,142,Crosswalk
c001,008742.jpg,670,trafficsignal
c001,008743.jpg,902,trafficsignal
c002,008744.jpg,810,RubbishBins
c001,008745.jpg,380,trafficsignal
c001,008746.jpg,250,RubbishBins
c003,008747.jpg,761,trafficsignal
c001,008748.jpg,272,trafficsignal
c002,008749.jpg,375,Crosswalk
c002,008750.jpg,776,Container
c002,008751.jpg,922,RubbishBins
c001,008752.jpg,655,trafficsignal
c003,008753.jpg,504,trafficsignal
c003,008754.jpg,434,trafficsignal
c001,008755.jpg,804,trafficsignal
c002,008756.jpg,139,Crosswalk
c003,008757.jpg,992,trafficsignal
c003,008758.jpg,497,trafficsignal
c002,008759.jpg,77,Container
c002,008760.jpg,532,RubbishBins
c001,008761.jpg,373,trafficsignal
c001,008762.jpg,455,trafficsignal
c002,008763.jpg,1002,trafficsignal
c001,008764.jpg,408,trafficsignal
c002,008765.jpg,27,trafficsignal
c002,008766.jpg,129,trafficsignal
c002,008767.jpg,835,trafficsignal
c001,008768.jpg,1029,RubbishBins
c002,008769.jpg,111,Crosswalk
c002,008770.jpg,478,trafficsignal
c003,008771.jpg,326,Container
c001,008772.jpg,350,trafficsignal
c002,008773.jpg,670,trafficsignal
c001,008774.jpg,37,trafficsignal
c001,008775.jpg,894,trafficsignal
c002,008776.jpg,75,trafficsignal
c003,008777.jpg,219,trafficsignal
c001,008778.jpg,100,Crosswalk
c001,008779.jpg,57,trafficsignal
c001,008780.jpg,816,RubbishBins
c001,008781.jpg,274,Container
c003,008782.jpg,1023,trafficsignal
c002,008783.jpg,587,Container
c001,008784.jpg,343,trafficsignal
c003,008785.jpg,290,trafficsignal
c003,008786.jpg,271,trafficsignal
c001,008787.jpg,922,RubbishBins
c002,008788.jpg,282,trafficsignal
c001,008789.jpg,118,trafficsignal
c002,008790.jpg,670,trafficsignal
c002,008791.jpg,2,trafficsignal
c001,008792.jpg,1040,trafficsignal
c003,008793.jpg,947,Crosswalk
c002,008794.jpg,623,Crosswalk
c001,008795.jpg,41,trafficsignal
c003,008796.jpg,386,trafficsignal
c002,008797.jpg,5,RubbishBins
c001,008798.jpg,548,Crosswalk
c002,008799.jpg,796,Container
c002,008800.jpg,640,Container
c003,008801.jpg,227,trafficsignal
c002,008802.jpg,693,trafficsignal
c001,008803.jpg,62,trafficsignal
c003,008804.jpg,862,Container
c001,008805.jpg,713,trafficsignal
c001,008806.jpg,1046,trafficsignal
c001,008807.jpg,828,RubbishBins
c001,008808.jpg,590,Container
c001,008809.jpg,222,trafficsignal
c003,008810.jpg,384,trafficsignal
c001,008811.jpg,891,trafficsignal
c003,008812.jpg,207,trafficsignal
c001,008813.jpg,776,Container
c002,008814.jpg,195,trafficsignal
c001,008815.jpg,318,Container
c001,008816.jpg,41,trafficsignal
c001,008817.jpg,70,trafficsignal
c002,008818.jpg,457,trafficsignal
c003,008819.jpg,431,Container
c002,008820.jpg,807,trafficsignal
c003,008821.jpg,365,RubbishBins
c001,008822.jpg,105,Crosswalk
c003,008823.jpg,521,Container
c001,008824.jpg,1052,trafficsignal
c001,008825.jpg,1007,trafficsignal
c003,008826.jpg,857,Crosswalk
c001,008827.jpg,810,RubbishBins
c003,008828.jpg,651,Container
c001,008829.jpg,1043,Container
c003,008830.jpg,988,Container
c002,008831.jpg,965,trafficsignal
c001,008832.jpg,711,trafficsignal
c002,008833.jpg,693,trafficsignal
c001,008834.jpg,32,trafficsignal
c003,008835.jpg,862,Container
c003,008836.jpg,46,trafficsignal
c003,008837.jpg,279,trafficsignal
c003,008838.jpg,80,RubbishBins
c001,008839.jpg,254,trafficsignal
c001,008840.jpg,264,trafficsignal
c001,008841.jpg,651,Container
c003,008842.jpg,334,trafficsignal
c001,008843.jpg,279,trafficsignal
c002,008844.jpg,939,Container
c001,008845.jpg,494,trafficsignal
c001,008846.jpg,22,trafficsignal
c002,008847.jpg,871,Container
c003,008848.jpg,361,trafficsignal
c003,008849.jpg,431,Container
c001,008850.jpg,142,Crosswalk
c001,008851.jpg,119,Crosswalk
c003,008852.jpg,76,trafficsignal
c002,008853.jpg,411,trafficsignal
c001,008854.jpg,879,trafficsignal
c002,008855.jpg,54,trafficsignal
c002,008856.jpg,1083,RubbishBins
c002,008857.jpg,650,trafficsignal
c003,008858.jpg,100,Crosswalk
c002,008859.jpg,534,trafficsignal
c001,008860.jpg,37,trafficsignal
c002,008861.jpg,355,trafficsignal
c001,008862.jpg,582,trafficsignal
c003,008863.jpg,921,trafficsignal
c001,008864.jpg,651,Container
c001,008865.jpg,15,trafficsignal
c001,008866.jpg,368,Container
c003,008867.jpg,937,Container
c002,008868.jpg,550,trafficsignal
c002,008869.jpg,891,trafficsignal
c003,008870.jpg,543,trafficsignal
c003,008871.jpg,711,trafficsignal
c001,008872.jpg,613,Crosswalk
c003,008873.jpg,872,trafficsignal
c002,008874.jpg,798,trafficsignal
c003,008875.jpg,788,trafficsignal
c001,008876.jpg,1084,trafficsignal
c003,008877.jpg,437,RubbishBins
c002,008878.jpg,757,RubbishBins
c003,008879.jpg,634,trafficsignal
c003,008880.jpg,282,trafficsignal
c003,008881.jpg,671,trafficsignal
c003,008882.jpg,370,Crosswalk
c001,008883.jpg,663,trafficsignal
c001,008884.jpg,536,trafficsignal
c003,008885.jpg,312,trafficsignal
c001,008886.jpg,467,trafficsignal
c001,008887.jpg,585,Crosswalk
c001,008888.jpg,152,trafficsignal
c003,008889.jpg,747,trafficsignal
c002,008890.jpg,691,trafficsignal
c002,008891.jpg,277,Crosswalk
c003,008892.jpg,779,trafficsignal
c003,008893.jpg,243,trafficsignal
c002,008894.jpg,937,Container
c003,008895.jpg,310,RubbishBins
c002,008896.jpg,746,Crosswalk
c003,008897.jpg,363,trafficsignal
c001,008898.jpg,946,Container
c002,008899.jpg,858,trafficsignal
c002,008900.jpg,869,Crosswalk
c001,008901.jpg,179,trafficsignal
c002,008902.jpg,187,trafficsignal
c001,008903.jpg,789,trafficsignal
c003,008904.jpg,651,Container
c003,008905.jpg,489,Crosswalk
c001,008906.jpg,146,Crosswalk
c003,008907.jpg,457,trafficsignal
c003,008908.jpg,826,trafficsignal
c002,008909.jpg,808,Crosswalk
c001,008910.jpg,56,trafficsignal
c002,008911.jpg,121,trafficsignal
c002,008912.jpg,960,trafficsignal
c002,008913.jpg,850,trafficsignal
c003,008914.jpg,746,Crosswalk
c002,008915.jpg,227,trafficsignal
c002,008916.jpg,221,Crosswalk
c001,008917.jpg,750,trafficsignal
c003,008918.jpg,188,trafficsignal
c002,008919.jpg,1056,trafficsignal
c001,008920.jpg,499,trafficsignal
c002,008921.jpg,458,trafficsignal
c001,008922.jpg,416,RubbishBins
c003,008923.jpg,1023,trafficsignal
c002,008924.jpg,849,Crosswalk
c003,008925.jpg,849,Crosswalk
c003,008926.jpg,311,trafficsignal
c002,008927.jpg,2,trafficsignal
c001,008928.jpg,221,Crosswalk
c002,008929.jpg,161,trafficsignal
c001,008930.jpg,142,Crosswalk
c003,008931.jpg,1090,Container
c003,008932.jpg,98,trafficsignal
c003,008933.jpg,651,Container
c001,008934.jpg,642,trafficsignal
c002,008935.jpg,184,trafficsignal
c001,008936.jpg,301,trafficsignal
c003,008937.jpg,1078,trafficsignal
c001,008938.jpg,955,RubbishBins
c003,008939.jpg,469,trafficsignal
c001,008940.jpg,850,trafficsignal
c001,008941.jpg,831,trafficsignal
c001,008942.jpg,629,trafficsignal
c001,008943.jpg,25,Crosswalk
c001,008944.jpg,58,Container
c002,008945.jpg,50,trafficsignal
c003,008946.jpg,887,RubbishBins
c002,008947.jpg,19,RubbishBins
c003,008948.jpg,843,trafficsignal
c001,008949.jpg,814,trafficsignal
c003,008950.jpg,498,trafficsignal
c002,008951.jpg,499,trafficsignal
c002,008952.jpg,431,Container
c001,008953.jpg,544,Crosswalk
c003,008954.jpg,910,RubbishBins
c002,008955.jpg,118,trafficsignal
c002,008956.jpg,352,trafficsignal
c002,008957.jpg,689,trafficsignal
c002,008958.jpg,52,trafficsignal
c001,008959.jpg,363,trafficsignal
c001,008960.jpg,761,trafficsignal
c003,008961.jpg,519,trafficsignal
c002,008962.jpg,171,trafficsignal
c002,008963.jpg,53,trafficsignal
c003,008964.jpg,119,Crosswalk
c001,008965.jpg,125,trafficsignal
c001,008966.jpg,454,trafficsignal
c002,008967.jpg,635,Crosswalk
c002,008968.jpg,680,RubbishBins
c002,008969.jpg,650,trafficsignal
c001,008970.jpg,999,trafficsignal
c001,008971.jpg,398,trafficsignal
c003,008972.jpg,380,trafficsignal
c002,008973.jpg,748,trafficsignal
c003,008974.jpg,876,Container
c001,008975.jpg,662,trafficsignal
c002,008976.jpg,153,trafficsignal
c003,008977.jpg,657,trafficsignal
c001,008978.jpg,945,trafficsignal
c001,008979.jpg,881,trafficsignal
c001,008980.jpg,39,trafficsignal
c001,008981.jpg,185,trafficsignal
c002,008982.jpg,624,trafficsignal
c002,008983.jpg,151,trafficsignal
c002,008984.jpg,937,Container
c001,008985.jpg,1005,Crosswalk
c003,008986.jpg,582,trafficsignal
c002,008987.jpg,285,trafficsignal
c001,008988.jpg,515,trafficsignal
c001,008989.jpg,19,RubbishBins
c003,008990.jpg,736,Crosswalk
c001,008991.jpg,438,trafficsignal
c003,008992.jpg,423,trafficsignal
c002,008993.jpg,267,trafficsignal
c002,008994.jpg,959,RubbishBins
c002,008995.jpg,1088,trafficsignal
c002,008996.jpg,149,trafficsignal
c001,008997.jpg,724,trafficsignal
c003,008998.jpg,718,trafficsignal
c003,008999.jpg,675,trafficsignal
c001,009000.jpg,994,trafficsignal
c001,009001.jpg,808,Crosswalk
c003,009002.jpg,277,Crosswalk
c003,009003.jpg,154,trafficsignal
c003,009004.jpg,57,trafficsignal
c001,009005.jpg,96,RubbishBins
c003,009006.jpg,481,Crosswalk
c001,009007.jpg,942,trafficsignal
c001,009008.jpg,49,trafficsignal
c003,009009.jpg,600,trafficsignal
c002,009010.jpg,574,trafficsignal
c002,009011.jpg,1021,trafficsignal
c001,009012.jpg,1047,trafficsignal
c001,009013.jpg,184,trafficsignal
c002,009014.jpg,184,trafficsignal
c003,009015.jpg,320,trafficsignal
c001,009016.jpg,974,trafficsignal
c002,009017.jpg,497,trafficsignal
c003,009018.jpg,83,trafficsignal
c001,009019.jpg,497,trafficsignal
c003,009020.jpg,152,trafficsignal
c001,009021.jpg,402,Crosswalk
c002,009022.jpg,911,Container
c001,009023.jpg,251,trafficsignal
c001,009024.jpg,656,trafficsignal
c002,009025.jpg,569,trafficsignal
c003,009026.jpg,327,trafficsignal
c001,009027.jpg,605,trafficsignal
c001,009028.jpg,730,Container
c002,009029.jpg,179,trafficsignal
c001,009030.jpg,870,trafficsignal
c002,009031.jpg,638,Container
c001,009032.jpg,93,trafficsignal
c002,009033.jpg,874,trafficsignal
c002,009034.jpg,134,trafficsignal
c003,009035.jpg,163,trafficsignal
c002,009036.jpg,827,trafficsignal
c003,009037.jpg,347,trafficsignal
c001,009038.jpg,876,Container
c002,009039.jpg,194,trafficsignal
c002,009040.jpg,106,trafficsignal
c003,009041.jpg,1063,trafficsignal
c003,009042.jpg,789,trafficsignal
c001,009043.jpg,1071,RubbishBins
c003,009044.jpg,139,Crosswalk
c003,009045.jpg,199,Container
c003,009046.jpg,195,trafficsignal
c002,009047.jpg,898,trafficsignal
c001,009048.jpg,66,trafficsignal
c001,009049.jpg,675,trafficsignal
c003,009050.jpg,550,trafficsignal
c002,009051.jpg,88,trafficsignal
c002,009052.jpg,535,trafficsignal
c002,009053.jpg,343,trafficsignal
c002,009054.jpg,549,trafficsignal
c002,009055.jpg,274,Container
c003,009056.jpg,712,trafficsignal
c003,009057.jpg,289,trafficsignal
c001,009058.jpg,960,trafficsignal
c003,009059.jpg,346,trafficsignal
c002,009060.jpg,628,trafficsignal
c001,009061.jpg,53,trafficsignal
c003,009062.jpg,96,Container
c002,009063.jpg,487,trafficsignal
c003,009064.jpg,49,trafficsignal
c003,009065.jpg,973,trafficsignal
c001,009066.jpg,318,Container
c002,009067.jpg,754,trafficsignal
c002,009068.jpg,631,trafficsignal
c001,009069.jpg,267,trafficsignal
c003,009070.jpg,1073,trafficsignal
c001,009071.jpg,651,Container
c002,009072.jpg,949,trafficsignal
c003,009073.jpg,929,Crosswalk
c002,009074.jpg,1029,RubbishBins
c002,009075.jpg,755,trafficsignal
c003,009076.jpg,503,trafficsignal
c001,009077.jpg,647,trafficsignal
c001,009078.jpg,568,trafficsignal
c001,009079.jpg,87,Crosswalk
c003,009080.jpg,828,RubbishBins
c001,009081.jpg,698,trafficsignal
c001,009082.jpg,1003,trafficsignal
c003,009083.jpg,102,trafficsignal
c003,009084.jpg,775,trafficsignal
c002,009085.jpg,843,trafficsignal
c003,009086.jpg,955,RubbishBins
c003,009087.jpg,526,trafficsignal
c003,009088.jpg,748,trafficsignal
c002,009089.jpg,655,trafficsignal
c003,009090.jpg,321,trafficsignal
c001,009091.jpg,112,trafficsignal
c003,009092.jpg,283,trafficsignal
c003,009093.jpg,776,Container
c001,009094.jpg,546,trafficsignal
c003,009095.jpg,631,trafficsignal
c001,009096.jpg,20,Crosswalk
c003,009097.jpg,1028,trafficsignal
c001,009098.jpg,991,Crosswalk
c002,009099.jpg,369,Crosswalk
c003,009100.jpg,774,trafficsignal
c003,009101.jpg,497,trafficsignal
c002,009102.jpg,220,Crosswalk
c001,009103.jpg,525,trafficsignal
c002,009104.jpg,77,Container
c003,009105.jpg,876,Container
c003,009106.jpg,796,Container
c001,009107.jpg,267,trafficsignal
c001,009108.jpg,826,trafficsignal
c002,009109.jpg,165,trafficsignal
c002,009110.jpg,59,RubbishBins
c002,009111.jpg,38,trafficsignal
c003,009112.jpg,524,Crosswalk
c003,009113.jpg,807,trafficsignal
c003,009114.jpg,61,trafficsignal
c003,009115.jpg,814,trafficsignal
c002,009116.jpg,26,trafficsignal
c001,009117.jpg,412,trafficsignal
c003,009118.jpg,478,trafficsignal
c003,009119.jpg,506,trafficsignal
c003,009120.jpg,948,trafficsignal
c002,009121.jpg,1086,trafficsignal
c003,009122.jpg,453,trafficsignal
c002,009123.jpg,320,trafficsignal
c001,009124.jpg,851,trafficsignal
c003,009125.jpg,757,RubbishBins
c001,009126.jpg,109,trafficsignal
c003,009127.jpg,869,Crosswalk
c001,009128.jpg,91,trafficsignal
c002,009129.jpg,1025,trafficsignal
c002,009130.jpg,905,Crosswalk
c001,009131.jpg,1086,trafficsignal
c003,009132.jpg,713,trafficsignal
c002,009133.jpg,175,Crosswalk
c002,009134.jpg,834,trafficsignal
c003,009135.jpg,207,trafficsignal
c003,009136.jpg,27,trafficsignal
c002,009137.jpg,652,trafficsignal
c001,009138.jpg,606,trafficsignal
c003,009139.jpg,579,trafficsignal
c002,009140.jpg,128,trafficsignal
c002,009141.jpg,946,Container
c001,009142.jpg,211,trafficsignal
c003,009143.jpg,775,trafficsignal
c002,009144.jpg,267,trafficsignal
c001,009145.jpg,543,trafficsignal
c003,009146.jpg,174,trafficsignal
c001,009147.jpg,136,trafficsignal
c003,009148.jpg,212,trafficsignal
c003,009149.jpg,968,trafficsignal
c002,009150.jpg,580,Crosswalk
c001,009151.jpg,835,trafficsignal
c003,009152.jpg,129,trafficsignal
c003,009153.jpg,274,Container
c001,009154.jpg,543,trafficsignal
c002,009155.jpg,697,trafficsignal
c002,009156.jpg,454,trafficsignal
c003,009157.jpg,70,trafficsignal
c001,009158.jpg,383,trafficsignal
c001,009159.jpg,870,trafficsignal
c003,009160.jpg,343,trafficsignal
c002,009161.jpg,134,trafficsignal
c001,009162.jpg,822,trafficsignal
c002,009163.jpg,501,trafficsignal
c001,009164.jpg,595,trafficsignal
c003,009165.jpg,420,trafficsignal
c001,009166.jpg,705,trafficsignal
c002,009167.jpg,243,trafficsignal
c002,009168.jpg,115,Crosswalk
c001,009169.jpg,471,RubbishBins
c002,009170.jpg,195,trafficsignal
c001,009171.jpg,420,trafficsignal
c002,009172.jpg,968,trafficsignal
c003,009173.jpg,1085,trafficsignal
c003,009174.jpg,258,trafficsignal
c003,009175.jpg,39,trafficsignal
c002,009176.jpg,361,trafficsignal
c003,009177.jpg,91,trafficsignal
c003,009178.jpg,1090,Container
c003,009179.jpg,813,Crosswalk
c001,009180.jpg,1015,trafficsignal
c002,009181.jpg,706,trafficsignal
c001,009182.jpg,94,trafficsignal
c002,009183.jpg,1081,trafficsignal
c002,009184.jpg,120,trafficsignal
c001,009185.jpg,32,trafficsignal
c002,009186.jpg,5,RubbishBins
c003,009187.jpg,618,trafficsignal
c002,009188.jpg,673,trafficsignal
c002,009189.jpg,1043,Container
c001,009190.jpg,1046,trafficsignal
c003,009191.jpg,680,RubbishBins
c001,009192.jpg,994,trafficsignal
c001,009193.jpg,255,trafficsignal
c002,009194.jpg,511,trafficsignal
c002,009195.jpg,274,Container
c001,009196.jpg,797,trafficsignal
c001,009197.jpg,945,trafficsignal
c002,009198.jpg,126,trafficsignal
c001,009199.jpg,580,Crosswalk
c001,009200.jpg,740,Container
c002,009201.jpg,968,trafficsignal
c003,009202.jpg,957,Container
c003,009203.jpg,453,trafficsignal
c001,009204.jpg,1015,trafficsignal
c003,009205.jpg,787,trafficsignal
c002,009206.jpg,551,trafficsignal
c003,009207.jpg,967,Container
c003,009208.jpg,730,Container
c001,009209.jpg,536,trafficsignal
c001,009210.jpg,32,trafficsignal
c001,009211.jpg,897,trafficsignal
c003,009212.jpg,756,Crosswalk
c003,009213.jpg,835,trafficsignal
c002,009214.jpg,947,Crosswalk
c002,009215.jpg,623,Crosswalk
c002,009216.jpg,478,trafficsignal
c003,009217.jpg,625,RubbishBins
c002,009218.jpg,759,trafficsignal
c001,009219.jpg,187,trafficsignal
c003,009220.jpg,557,Container
c003,009221.jpg,970,Crosswalk
c002,009222.jpg,100,Crosswalk
c003,009223.jpg,433,RubbishBins
c003,009224.jpg,693,trafficsignal
c002,009225.jpg,627,RubbishBins
c003,009226.jpg,1020,Container
c001,009227.jpg,171,trafficsignal
c001,009228.jpg,169,Container
c001,009229.jpg,930,Crosswalk
c003,009230.jpg,30,RubbishBins
c002,009231.jpg,219,trafficsignal
c002,009232.jpg,901,Crosswalk
c002,009233.jpg,991,Crosswalk
c003,009234.jpg,974,trafficsignal
c003,009235.jpg,655,trafficsignal
c001,009236.jpg,301,trafficsignal
c002,009237.jpg,310,RubbishBins
c002,009238.jpg,381,trafficsignal
c001,009239.jpg,470,trafficsignal
c002,009240.jpg,550,trafficsignal
c002,009241.jpg,880,Crosswalk
c001,009242.jpg,363,trafficsignal
c003,009243.jpg,586,Container
c002,009244.jpg,221,Crosswalk
c002,009245.jpg,523,Container
c001,009246.jpg,671,trafficsignal
c002,009247.jpg,160,Container
c001,009248.jpg,636,trafficsignal
c001,009249.jpg,381,trafficsignal
c002,009250.jpg,32,trafficsignal
c001,009251.jpg,771,trafficsignal
c003,009252.jpg,628,trafficsignal
c001,009253.jpg,1065,trafficsignal
c002,009254.jpg,424,trafficsignal
c001,009255.jpg,1088,trafficsignal
c001,009256.jpg,745,trafficsignal
c003,009257.jpg,918,trafficsignal
c002,009258.jpg,853,trafficsignal
c001,009259.jpg,811,RubbishBins
c002,009260.jpg,85,Crosswalk
c003,009261.jpg,670,trafficsignal
c003,009262.jpg,252,Crosswalk
c001,009263.jpg,243,trafficsignal
c001,009264.jpg,383,trafficsignal
c001,009265.jpg,420,trafficsignal
c003,009266.jpg,587,Container
c003,009267.jpg,860,trafficsignal
c002,009268.jpg,763,trafficsignal
c001,009269.jpg,363,trafficsignal
c001,009270.jpg,876,Container
c003,009271.jpg,379,trafficsignal
c001,009272.jpg,156,trafficsignal
c003,009273.jpg,265,Crosswalk
c002,009274.jpg,386,trafficsignal
c003,009275.jpg,1028,trafficsignal
c003,009276.jpg,309,trafficsignal
c002,009277.jpg,613,Crosswalk
c001,009278.jpg,39,trafficsignal
c001,009279.jpg,499,trafficsignal
c001,009280.jpg,42,trafficsignal
c003,009281.jpg,975,trafficsignal
c001,009282.jpg,56,trafficsignal
c001,009283.jpg,623,Crosswalk
c003,009284.jpg,945,trafficsignal
c001,009285.jpg,698,trafficsignal
c003,009286.jpg,843,trafficsignal
c001,009287.jpg,410,Crosswalk
c002,009288.jpg,23,trafficsignal
c003,009289.jpg,385,trafficsignal
c003,009290.jpg,499,trafficsignal
c001,009291.jpg,277,Crosswalk
c001,009292.jpg,749,RubbishBins
c003,009293.jpg,1032,Crosswalk
c001,009294.jpg,829,trafficsignal
c003,009295.jpg,601,trafficsignal
c001,009296.jpg,943,Crosswalk
c001,009297.jpg,465,trafficsignal
c002,009298.jpg,604,RubbishBins
c002,009299.jpg,1014,RubbishBins
c001,009300.jpg,329,trafficsignal
c002,009301.jpg,928,trafficsignal
c002,009302.jpg,225,trafficsignal
c003,009303.jpg,350,trafficsignal
c003,009304.jpg,1066,Crosswalk
c002,009305.jpg,725,trafficsignal
c003,009306.jpg,801,Crosswalk
c003,009307.jpg,51,trafficsignal
c001,009308.jpg,774,trafficsignal
c003,009309.jpg,361,trafficsignal
c002,009310.jpg,424,trafficsignal
c001,009311.jpg,227,trafficsignal
c003,009312.jpg,880,Crosswalk
c003,009313.jpg,901,Crosswalk
c003,009314.jpg,495,trafficsignal
c001,009315.jpg,825,trafficsignal
c001,009316.jpg,27,trafficsignal
c002,009317.jpg,781,trafficsignal
c001,009318.jpg,62,trafficsignal
c003,009319.jpg,579,trafficsignal
c002,009320.jpg,184,trafficsignal
c002,009321.jpg,1013,trafficsignal
c001,009322.jpg,832,Crosswalk
c001,009323.jpg,280,trafficsignal
c001,009324.jpg,148,trafficsignal
c001,009325.jpg,715,trafficsignal
c002,009326.jpg,877,Crosswalk
c002,009327.jpg,586,Container
c001,009328.jpg,648,trafficsignal
c003,009329.jpg,557,Container
c002,009330.jpg,226,trafficsignal
c003,009331.jpg,1020,Container
c001,009332.jpg,677,Container
c002,009333.jpg,1011,trafficsignal
c001,009334.jpg,856,trafficsignal
c001,009335.jpg,201,RubbishBins
c001,009336.jpg,57,trafficsignal
c001,009337.jpg,1065,trafficsignal
c002,009338.jpg,871,Container
c001,009339.jpg,749,RubbishBins
c001,009340.jpg,797,trafficsignal
c003,009341.jpg,467,trafficsignal
c003,009342.jpg,141,Crosswalk
c003,009343.jpg,1090,Container
c003,009344.jpg,16,trafficsignal
c003,009345.jpg,879,trafficsignal
c003,009346.jpg,32,trafficsignal
c002,009347.jpg,144,Crosswalk
c001,009348.jpg,141,Crosswalk
c002,009349.jpg,941,trafficsignal
c001,009350.jpg,488,trafficsignal
c003,009351.jpg,801,Crosswalk
c003,009352.jpg,710,trafficsignal
c001,009353.jpg,361,trafficsignal
c002,009354.jpg,1041,Crosswalk
c003,009355.jpg,823,trafficsignal
c002,009356.jpg,152,trafficsignal
c001,009357.jpg,600,trafficsignal
c001,009358.jpg,135,trafficsignal
c002,009359.jpg,816,RubbishBins
c003,009360.jpg,188,trafficsignal
c003,009361.jpg,62,trafficsignal
c001,009362.jpg,271,trafficsignal
c003,009363.jpg,298,RubbishBins
c001,009364.jpg,595,trafficsignal
c002,009365.jpg,144,Crosswalk
c003,009366.jpg,58,Container
c002,009367.jpg,541,RubbishBins
c003,009368.jpg,27,trafficsignal
c002,009369.jpg,227,trafficsignal
c003,009370.jpg,207,trafficsignal
c001,009371.jpg,230,trafficsignal
c003,009372.jpg,930,Crosswalk
c002,009373.jpg,40,RubbishBins
c001,009374.jpg,774,trafficsignal
c002,009375.jpg,308,trafficsignal
c001,009376.jpg,890,trafficsignal
c003,009377.jpg,379,trafficsignal
c003,009378.jpg,158,trafficsignal
c002,009379.jpg,481,Crosswalk
c002,009380.jpg,940,trafficsignal
c001,009381.jpg,304,trafficsignal
c002,009382.jpg,436,trafficsignal
c001,009383.jpg,385,trafficsignal
c002,009384.jpg,791,Container
c003,009385.jpg,465,trafficsignal
c001,009386.jpg,612,trafficsignal
c002,009387.jpg,420,trafficsignal
c003,009388.jpg,238,trafficsignal
c003,009389.jpg,523,Container
c002,009390.jpg,869,Crosswalk
c002,009391.jpg,215,RubbishBins
c003,009392.jpg,1035,trafficsignal
c002,009393.jpg,645,trafficsignal
c002,009394.jpg,828,RubbishBins
c002,009395.jpg,363,trafficsignal
c002,009396.jpg,687,trafficsignal
c002,009397.jpg,86,trafficsignal
c002,009398.jpg,551,trafficsignal
c003,009399.jpg,889,RubbishBins
c003,009400.jpg,1030,Crosswalk
c002,009401.jpg,529,trafficsignal
c003,009402.jpg,572,trafficsignal
c001,009403.jpg,1081,trafficsignal
c001,009404.jpg,489,Crosswalk
c001,009405.jpg,945,trafficsignal
c002,009406.jpg,815,trafficsignal
c002,009407.jpg,133,trafficsignal
c003,009408.jpg,438,trafficsignal
c001,009409.jpg,952,trafficsignal
c001,009410.jpg,345,trafficsignal
c001,009411.jpg,1066,Crosswalk
c001,009412.jpg,662,trafficsignal
c003,009413.jpg,458,trafficsignal
c003,009414.jpg,1032,Crosswalk
c003,009415.jpg,62,trafficsignal
c003,009416.jpg,940,trafficsignal
c002,009417.jpg,631,trafficsignal
c002,009418.jpg,829,trafficsignal
c002,009419.jpg,517,RubbishBins
c001,009420.jpg,506,trafficsignal
c002,009421.jpg,311,trafficsignal
c002,009422.jpg,816,RubbishBins
c002,009423.jpg,480,trafficsignal
c001,009424.jpg,869,Crosswalk
c003,009425.jpg,1022,trafficsignal
c003,009426.jpg,605,trafficsignal
c002,009427.jpg,744,RubbishBins
c001,009428.jpg,886,trafficsignal
c002,009429.jpg,1020,Container
c001,009430.jpg,642,trafficsignal
c001,009431.jpg,924,trafficsignal
c003,009432.jpg,516,trafficsignal
c003,009433.jpg,228,trafficsignal
c002,009434.jpg,905,Crosswalk
c001,009435.jpg,949,trafficsignal
c001,009436.jpg,123,trafficsignal
c003,009437.jpg,190,trafficsignal
c002,009438.jpg,755,trafficsignal
c002,009439.jpg,929,Crosswalk
c003,009440.jpg,785,trafficsignal
c003,009441.jpg,69,trafficsignal
c001,009442.jpg,375,Crosswalk
c002,009443.jpg,698,trafficsignal
c002,009444.jpg,756,Crosswalk
c001,009445.jpg,398,trafficsignal
c003,009446.jpg,226,trafficsignal
c003,009447.jpg,586,Container
c002,009448.jpg,39,trafficsignal
c001,009449.jpg,301,trafficsignal
c003,009450.jpg,631,trafficsignal
c003,009451.jpg,198,Container
c001,009452.jpg,451,trafficsignal
c003,009453.jpg,370,Crosswalk
c003,009454.jpg,1058,Container
c002,009455.jpg,339,trafficsignal
c001,009456.jpg,184,trafficsignal
c001,009457.jpg,998,trafficsignal
c002,009458.jpg,557,Container
c003,009459.jpg,181,Crosswalk
c003,009460.jpg,582,trafficsignal
c003,009461.jpg,651,Container
c002,009462.jpg,504,trafficsignal
c001,009463.jpg,346,trafficsignal
c002,009464.jpg,188,trafficsignal
c001,009465.jpg,649,trafficsignal
c003,009466.jpg,225,trafficsignal
c003,009467.jpg,516,trafficsignal
c003,009468.jpg,971,Crosswalk
c003,009469.jpg,171,trafficsignal
c002,009470.jpg,440,trafficsignal
c003,009471.jpg,806,trafficsignal
c002,009472.jpg,957,Container
c002,009473.jpg,204,Crosswalk
c003,009474.jpg,525,trafficsignal
c003,009475.jpg,1005,Crosswalk
c003,009476.jpg,662,trafficsignal
c001,009477.jpg,274,RubbishBins
c001,009478.jpg,955,RubbishBins
c001,009479.jpg,676,trafficsignal
c001,009480.jpg,336,trafficsignal
c001,009481.jpg,408,trafficsignal
c001,009482.jpg,438,trafficsignal
c002,009483.jpg,247,trafficsignal
c001,009484.jpg,175,Crosswalk
c001,009485.jpg,290,trafficsignal
c003,009486.jpg,67,trafficsignal
c003,009487.jpg,656,trafficsignal
c003,009488.jpg,124,trafficsignal
c003,009489.jpg,137,trafficsignal
c002,009490.jpg,551,trafficsignal
c001,009491.jpg,983,trafficsignal
c003,009492.jpg,165,trafficsignal
c001,009493.jpg,832,Crosswalk
c002,009494.jpg,680,RubbishBins
c001,009495.jpg,264,trafficsignal
c001,009496.jpg,180,trafficsignal
c003,009497.jpg,106,trafficsignal
c003,009498.jpg,501,trafficsignal
c003,009499.jpg,796,Container
c003,009500.jpg,705,trafficsignal
c003,009501.jpg,796,Container
c002,009502.jpg,1059,trafficsignal
c003,009503.jpg,117,Container
c003,009504.jpg,803,trafficsignal
c001,009505.jpg,67,trafficsignal
c001,009506.jpg,151,trafficsignal
c001,009507.jpg,657,trafficsignal
c001,009508.jpg,131,RubbishBins
c002,009509.jpg,863,trafficsignal
c003,009510.jpg,839,trafficsignal
c001,009511.jpg,328,trafficsignal
c001,009512.jpg,1049,trafficsignal
c002,009513.jpg,1086,trafficsignal
c002,009514.jpg,838,trafficsignal
c002,009515.jpg,116,trafficsignal
c003,009516.jpg,287,trafficsignal
c001,009517.jpg,658,trafficsignal
c003,009518.jpg,638,Container
c003,009519.jpg,622,Container
c003,009520.jpg,134,trafficsignal
c003,009521.jpg,67,trafficsignal
c002,009522.jpg,885,Crosswalk
c001,009523.jpg,84,trafficsignal
c001,009524.jpg,699,Container
c002,009525.jpg,258,trafficsignal
c001,009526.jpg,203,trafficsignal
c002,009527.jpg,739,trafficsignal
c003,009528.jpg,561,trafficsignal
c003,009529.jpg,78,trafficsignal
c003,009530.jpg,760,RubbishBins
c001,009531.jpg,613,Crosswalk
c001,009532.jpg,797,trafficsignal
c001,009533.jpg,998,trafficsignal
c001,009534.jpg,76,trafficsignal
c001,009535.jpg,562,trafficsignal
c001,009536.jpg,117,Container
c002,009537.jpg,712,trafficsignal
c003,009538.jpg,56,trafficsignal
c002,009539.jpg,452,trafficsignal
c003,009540.jpg,269,trafficsignal
c002,009541.jpg,334,trafficsignal
c001,009542.jpg,537,trafficsignal
c003,009543.jpg,1008,trafficsignal
c002,009544.jpg,247,trafficsignal
c002,009545.jpg,279,trafficsignal
c001,009546.jpg,786,trafficsignal
c001,009547.jpg,152,trafficsignal
c003,009548.jpg,34,trafficsignal
c003,009549.jpg,1086,trafficsignal
c002,009550.jpg,650,trafficsignal
c003,009551.jpg,439,trafficsignal
c001,009552.jpg,706,trafficsignal
c002,009553.jpg,742,trafficsignal
c002,009554.jpg,740,Container
c001,009555.jpg,460,trafficsignal
c002,009556.jpg,1029,RubbishBins
c002,009557.jpg,826,trafficsignal
c003,009558.jpg,440,trafficsignal
c001,009559.jpg,864,Crosswalk
c003,009560.jpg,1020,Container
c002,009561.jpg,626,trafficsignal
c001,009562.jpg,680,RubbishBins
c003,009563.jpg,551,trafficsignal
c001,009564.jpg,672,trafficsignal
c001,009565.jpg,35,trafficsignal
c001,009566.jpg,524,Crosswalk
c003,009567.jpg,850,trafficsignal
c003,009568.jpg,475,trafficsignal
c001,009569.jpg,678,trafficsignal
c002,009570.jpg,850,trafficsignal
c003,009571.jpg,426,trafficsignal
c002,009572.jpg,330,trafficsignal
c001,009573.jpg,103,trafficsignal
c002,009574.jpg,890,trafficsignal
c002,009575.jpg,487,trafficsignal
c003,009576.jpg,618,trafficsignal
c003,009577.jpg,809,trafficsignal
c001,009578.jpg,670,trafficsignal
c002,009579.jpg,216,trafficsignal
c002,009580.jpg,109,trafficsignal
c002,009581.jpg,950,trafficsignal
c001,009582.jpg,112,trafficsignal
c001,009583.jpg,716,trafficsignal
c002,009584.jpg,900,trafficsignal
c001,009585.jpg,206,trafficsignal
c002,009586.jpg,967,Container
c001,009587.jpg,457,trafficsignal
c002,009588.jpg,291,trafficsignal
c002,009589.jpg,471,RubbishBins
c001,009590.jpg,939,Container
c002,009591.jpg,55,trafficsignal
c001,009592.jpg,465,trafficsignal
c003,009593.jpg,739,trafficsignal
c001,009594.jpg,73,trafficsignal
c002,009595.jpg,53,trafficsignal
c001,009596.jpg,225,trafficsignal
c003,009597.jpg,1084,trafficsignal
c001,009598.jpg,521,Container
c001,009599.jpg,215,RubbishBins
c002,009600.jpg,361,trafficsignal
c001,009601.jpg,746,Crosswalk
c003,009602.jpg,261,Crosswalk
c002,009603.jpg,444,trafficsignal
c003,009604.jpg,787,trafficsignal
c002,009605.jpg,358,trafficsignal
c003,009606.jpg,1090,Container
c001,009607.jpg,787,trafficsignal
c002,009608.jpg,776,RubbishBins
c003,009609.jpg,437,RubbishBins
c003,009610.jpg,125,trafficsignal
c003,009611.jpg,411,trafficsignal
c003,009612.jpg,934,trafficsignal
c003,009613.jpg,1066,Crosswalk
c001,009614.jpg,801,Crosswalk
c003,009615.jpg,644,RubbishBins
c002,009616.jpg,103,trafficsignal
c003,009617.jpg,420,trafficsignal
c002,009618.jpg,391,Container
c002,009619.jpg,776,RubbishBins
c003,009620.jpg,515,trafficsignal
c001,009621.jpg,904,trafficsignal
c001,009622.jpg,652,trafficsignal
c001,009623.jpg,67,trafficsignal
c001,009624.jpg,929,Crosswalk
c001,009625.jpg,582,trafficsignal
c002,009626.jpg,298,RubbishBins
c002,009627.jpg,665,Crosswalk
c001,009628.jpg,812,trafficsignal
c001,009629.jpg,299,trafficsignal
c002,009630.jpg,55,trafficsignal
c002,009631.jpg,320,trafficsignal
c001,009632.jpg,938,trafficsignal
c001,009633.jpg,1058,Container
c001,009634.jpg,211,trafficsignal
c001,009635.jpg,664,Crosswalk
c002,009636.jpg,960,trafficsignal
c003,009637.jpg,653,trafficsignal
c002,009638.jpg,570,trafficsignal
c002,009639.jpg,910,RubbishBins
c002,009640.jpg,1086,trafficsignal
c001,009641.jpg,307,trafficsignal
c001,009642.jpg,569,trafficsignal
c001,009643.jpg,835,trafficsignal
c003,009644.jpg,960,trafficsignal
c001,009645.jpg,438,trafficsignal
c003,009646.jpg,349,Container
c001,009647.jpg,142,Crosswalk
c002,009648.jpg,881,trafficsignal
c003,009649.jpg,651,Container
c002,009650.jpg,460,trafficsignal
c002,009651.jpg,863,trafficsignal
c003,009652.jpg,664,Crosswalk
c003,009653.jpg,903,trafficsignal
c003,009654.jpg,617,trafficsignal
c003,009655.jpg,595,trafficsignal
c003,009656.jpg,787,trafficsignal
c002,009657.jpg,323,trafficsignal
c003,009658.jpg,582,trafficsignal
c001,009659.jpg,397,Crosswalk
c001,009660.jpg,560,trafficsignal
c001,009661.jpg,579,trafficsignal
c003,009662.jpg,823,trafficsignal
c003,009663.jpg,874,trafficsignal
c001,009664.jpg,498,trafficsignal
c002,009665.jpg,314,Crosswalk
c003,009666.jpg,423,trafficsignal
c002,009667.jpg,933,Crosswalk
c002,009668.jpg,979,trafficsignal
c003,009669.jpg,1020,Container
c001,009670.jpg,849,Crosswalk
c003,009671.jpg,651,Container
c002,009672.jpg,825,trafficsignal
c002,009673.jpg,434,trafficsignal
c002,009674.jpg,955,RubbishBins
c001,009675.jpg,1040,trafficsignal
c001,009676.jpg,828,RubbishBins
c002,009677.jpg,68,RubbishBins
c002,009678.jpg,823,trafficsignal
c002,009679.jpg,144,Crosswalk
c001,009680.jpg,206,trafficsignal
c002,009681.jpg,204,Crosswalk
c002,009682.jpg,535,trafficsignal
c001,009683.jpg,529,trafficsignal
c001,009684.jpg,328,trafficsignal
c001,009685.jpg,1014,RubbishBins
c003,009686.jpg,495,trafficsignal
c003,009687.jpg,961,trafficsignal
c003,009688.jpg,662,trafficsignal
c002,009689.jpg,805,RubbishBins
c002,009690.jpg,673,trafficsignal
c003,009691.jpg,30,RubbishBins
c003,009692.jpg,73,trafficsignal
c001,009693.jpg,50,trafficsignal
c001,009694.jpg,411,trafficsignal
c002,009695.jpg,1066,Crosswalk
c002,009696.jpg,879,trafficsignal
c002,009697.jpg,816,RubbishBins
c003,009698.jpg,719,trafficsignal
c001,009699.jpg,623,Crosswalk
c003,009700.jpg,428,trafficsignal
c001,009701.jpg,566,Crosswalk
c001,009702.jpg,1076,trafficsignal
c002,009703.jpg,965,trafficsignal
c002,009704.jpg,523,Container
c002,009705.jpg,1050,trafficsignal
c003,009706.jpg,383,trafficsignal
c003,009707.jpg,892,trafficsignal
c002,009708.jpg,381,trafficsignal
c001,009709.jpg,935,trafficsignal
c001,009710.jpg,981,trafficsignal
c001,009711.jpg,408,trafficsignal
c001,009712.jpg,491,RubbishBins
c002,009713.jpg,46,trafficsignal
c002,009714.jpg,378,trafficsignal
c002,009715.jpg,186,trafficsignal
c001,009716.jpg,1060,trafficsignal
c001,009717.jpg,1084,trafficsignal
c003,009718.jpg,433,RubbishBins
c001,009719.jpg,1069,trafficsignal
c002,009720.jpg,564,Container
c002,009721.jpg,1041,Crosswalk
c002,009722.jpg,995,trafficsignal
c003,009723.jpg,620,trafficsignal
c002,009724.jpg,413,trafficsignal
c003,009725.jpg,1027,Crosswalk
c002,009726.jpg,562,trafficsignal
c001,009727.jpg,510,trafficsignal
c001,009728.jpg,25,Crosswalk
c002,009729.jpg,515,trafficsignal
c003,009730.jpg,783,trafficsignal
c003,009731.jpg,1046,trafficsignal
c002,009732.jpg,733,Container
c003,009733.jpg,99,trafficsignal
c001,009734.jpg,14,trafficsignal
c003,009735.jpg,522,Crosswalk
c003,009736.jpg,1070,Crosswalk
c001,009737.jpg,634,trafficsignal
c002,009738.jpg,911,Container
c003,009739.jpg,1090,Container
c003,009740.jpg,622,Container
c002,009741.jpg,277,Crosswalk
c003,009742.jpg,302,RubbishBins
c002,009743.jpg,573,trafficsignal
c001,009744.jpg,84,trafficsignal
c002,009745.jpg,293,Container
c003,009746.jpg,916,trafficsignal
c001,009747.jpg,586,Container
c001,009748.jpg,735,trafficsignal
c002,009749.jpg,237,trafficsignal
c001,009750.jpg,216,trafficsignal
c002,009751.jpg,241,Container
c002,009752.jpg,631,trafficsignal
c001,009753.jpg,967,Container
c003,009754.jpg,431,Container
c003,009755.jpg,353,trafficsignal
c002,009756.jpg,234,trafficsignal
c003,009757.jpg,144,Crosswalk
c003,009758.jpg,187,trafficsignal
c002,009759.jpg,476,trafficsignal
c002,009760.jpg,1038,trafficsignal
c002,009761.jpg,1022,trafficsignal
c003,009762.jpg,670,trafficsignal
c002,009763.jpg,354,RubbishBins
c001,009764.jpg,46,trafficsignal
c003,009765.jpg,121,trafficsignal
c001,009766.jpg,140,RubbishBins
c001,009767.jpg,318,Container
c003,009768.jpg,541,Container
c001,009769.jpg,710,trafficsignal
c003,009770.jpg,1084,trafficsignal
c001,009771.jpg,45,trafficsignal
c001,009772.jpg,1090,Container
c001,009773.jpg,846,trafficsignal
c002,009774.jpg,402,Crosswalk
c003,009775.jpg,763,trafficsignal
c001,009776.jpg,1027,Crosswalk
c001,009777.jpg,566,Crosswalk
c002,009778.jpg,613,Crosswalk
c002,009779.jpg,327,trafficsignal
c003,009780.jpg,625,RubbishBins
c002,009781.jpg,438,trafficsignal
c003,009782.jpg,932,trafficsignal
c003,009783.jpg,676,trafficsignal
c001,009784.jpg,385,trafficsignal
c003,009785.jpg,327,trafficsignal
c001,009786.jpg,566,Crosswalk
c002,009787.jpg,773,trafficsignal
c002,009788.jpg,798,trafficsignal
c002,009789.jpg,673,trafficsignal
c003,009790.jpg,449,trafficsignal
c003,009791.jpg,269,trafficsignal
c003,009792.jpg,375,Crosswalk
c001,009793.jpg,70,trafficsignal
c003,009794.jpg,560,trafficsignal
c001,009795.jpg,758,trafficsignal
c003,009796.jpg,552,trafficsignal
c003,009797.jpg,566,Crosswalk
c003,009798.jpg,911,Container
c002,009799.jpg,610,Container
c001,009800.jpg,841,trafficsignal
c003,009801.jpg,547,trafficsignal
c003,009802.jpg,610,Container
c001,009803.jpg,991,Crosswalk
c002,009804.jpg,857,Crosswalk
c003,009805.jpg,765,RubbishBins
c003,009806.jpg,458,trafficsignal
c001,009807.jpg,1031,Crosswalk
c001,009808.jpg,361,trafficsignal
c003,009809.jpg,714,trafficsignal
c001,009810.jpg,770,trafficsignal
c002,009811.jpg,146,Crosswalk
c002,009812.jpg,130,Crosswalk
c001,009813.jpg,1066,Crosswalk
c002,009814.jpg,525,trafficsignal
c002,009815.jpg,188,trafficsignal
c001,009816.jpg,664,Crosswalk
c003,009817.jpg,1025,trafficsignal
c003,009818.jpg,27,trafficsignal
c001,009819.jpg,396,Crosswalk
c001,009820.jpg,343,trafficsignal
c003,009821.jpg,88,trafficsignal
c002,009822.jpg,55,trafficsignal
c002,009823.jpg,260,Crosswalk
c002,009824.jpg,773,trafficsignal
c003,009825.jpg,871,Container
c001,009826.jpg,1088,trafficsignal
c001,009827.jpg,819,RubbishBins
c001,009828.jpg,55,trafficsignal
c001,009829.jpg,628,trafficsignal
c003,009830.jpg,846,trafficsignal
c002,009831.jpg,434,trafficsignal
c003,009832.jpg,740,Container
c003,009833.jpg,1079,trafficsignal
c002,009834.jpg,315,trafficsignal
c002,009835.jpg,1090,Container
c003,009836.jpg,300,trafficsignal
c002,009837.jpg,614,trafficsignal
c003,009838.jpg,147,Container
c003,009839.jpg,213,trafficsignal
c002,009840.jpg,199,Container
c001,009841.jpg,21,trafficsignal
c002,009842.jpg,960,trafficsignal
c003,009843.jpg,798,trafficsignal
c003,009844.jpg,367,trafficsignal
c001,009845.jpg,1026,Crosswalk
c003,009846.jpg,772,Crosswalk
c002,009847.jpg,346,trafficsignal
c002,009848.jpg,192,Container
c001,009849.jpg,934,trafficsignal
c001,009850.jpg,383,trafficsignal
c002,009851.jpg,986,Crosswalk
c003,009852.jpg,132,trafficsignal
c002,009853.jpg,323,trafficsignal
c003,009854.jpg,1051,Crosswalk
c003,009855.jpg,154,trafficsignal
c002,009856.jpg,541,Container
c003,009857.jpg,111,Crosswalk
c003,009858.jpg,809,trafficsignal
c001,009859.jpg,279,trafficsignal
c001,009860.jpg,115,Crosswalk
c003,009861.jpg,73,trafficsignal
c003,009862.jpg,1073,trafficsignal
c003,009863.jpg,143,trafficsignal
c003,009864.jpg,826,trafficsignal
c002,009865.jpg,86,trafficsignal
c003,009866.jpg,298,RubbishBins
c001,009867.jpg,827,trafficsignal
c001,009868.jpg,644,RubbishBins
c002,009869.jpg,823,trafficsignal
c001,009870.jpg,664,Crosswalk
c001,009871.jpg,1090,Container
c002,009872.jpg,1027,Crosswalk
c001,009873.jpg,579,trafficsignal
c002,009874.jpg,20,Crosswalk
c003,009875.jpg,933,Crosswalk
c001,009876.jpg,755,trafficsignal
c003,009877.jpg,266,trafficsignal
c002,009878.jpg,871,Container
c003,009879.jpg,308,trafficsignal
c002,009880.jpg,528,Container
c003,009881.jpg,692,trafficsignal
c003,009882.jpg,1044,Crosswalk
c001,009883.jpg,612,trafficsignal
c002,009884.jpg,132,trafficsignal
c003,009885.jpg,646,trafficsignal
c001,009886.jpg,650,trafficsignal
c001,009887.jpg,216,trafficsignal
c002,009888.jpg,191,Container
c001,009889.jpg,221,Crosswalk
c001,009890.jpg,1084,trafficsignal
c001,009891.jpg,761,trafficsignal
c003,009892.jpg,1075,trafficsignal
c003,009893.jpg,175,Crosswalk
c001,009894.jpg,812,trafficsignal
c002,009895.jpg,981,trafficsignal
c001,009896.jpg,650,trafficsignal
c001,009897.jpg,670,trafficsignal
c003,009898.jpg,284,Crosswalk
c001,009899.jpg,582,trafficsignal
c002,009900.jpg,30,RubbishBins
c001,009901.jpg,136,trafficsignal
c002,009902.jpg,934,trafficsignal
c003,009903.jpg,994,trafficsignal
c003,009904.jpg,256,trafficsignal
c001,009905.jpg,592,trafficsignal
c002,009906.jpg,434,trafficsignal
c002,009907.jpg,1022,trafficsignal
c001,009908.jpg,557,Container
c001,009909.jpg,542,Container
c003,009910.jpg,755,trafficsignal
c001,009911.jpg,992,trafficsignal
c003,009912.jpg,328,trafficsignal
c001,009913.jpg,257,trafficsignal
c002,009914.jpg,292,trafficsignal
c002,009915.jpg,315,trafficsignal
c001,009916.jpg,225,trafficsignal
c003,009917.jpg,128,trafficsignal
c003,009918.jpg,153,trafficsignal
c002,009919.jpg,267,trafficsignal
c002,009920.jpg,400,trafficsignal
c001,009921.jpg,1087,trafficsignal
c001,009922.jpg,577,Crosswalk
c003,009923.jpg,267,trafficsignal
c001,009924.jpg,922,RubbishBins
c002,009925.jpg,121,trafficsignal
c003,009926.jpg,727,trafficsignal
c002,009927.jpg,332,RubbishBins
c003,009928.jpg,767,trafficsignal
c002,009929.jpg,280,trafficsignal
c002,009930.jpg,497,trafficsignal
c002,009931.jpg,801,Crosswalk
c001,009932.jpg,543,trafficsignal
c001,009933.jpg,458,trafficsignal
c002,009934.jpg,80,RubbishBins
c002,009935.jpg,474,Crosswalk
c001,009936.jpg,586,Container
c003,009937.jpg,1039,trafficsignal
c003,009938.jpg,127,Crosswalk
c003,009939.jpg,250,RubbishBins
c001,009940.jpg,370,Crosswalk
c001,009941.jpg,485,trafficsignal
c002,009942.jpg,55,trafficsignal
c002,009943.jpg,1,Container
c003,009944.jpg,714,trafficsignal
c002,009945.jpg,925,trafficsignal
c001,009946.jpg,129,trafficsignal
c003,009947.jpg,1060,trafficsignal
c003,009948.jpg,970,Crosswalk
c003,009949.jpg,415,trafficsignal
c001,009950.jpg,292,trafficsignal
c002,009951.jpg,178,trafficsignal
c002,009952.jpg,826,trafficsignal
c003,009953.jpg,946,Container
c003,009954.jpg,797,trafficsignal
c001,009955.jpg,964,trafficsignal
c002,009956.jpg,544,Crosswalk
c003,009957.jpg,20,Crosswalk
c003,009958.jpg,412,trafficsignal
c003,009959.jpg,680,RubbishBins
c002,009960.jpg,605,trafficsignal
c002,009961.jpg,1001,trafficsignal
c003,009962.jpg,292,trafficsignal
c002,009963.jpg,121,trafficsignal
c002,009964.jpg,662,trafficsignal
c002,009965.jpg,604,RubbishBins
c002,009966.jpg,252,Crosswalk
c002,009967.jpg,942,trafficsignal
c001,009968.jpg,776,Container
c003,009969.jpg,1087,trafficsignal
c002,009970.jpg,271,trafficsignal
c003,009971.jpg,165,trafficsignal
c001,009972.jpg,574,trafficsignal
c001,009973.jpg,611,trafficsignal
c003,009974.jpg,78,trafficsignal
c003,009975.jpg,796,Container
c002,009976.jpg,672,trafficsignal
c001,009977.jpg,234,trafficsignal
c002,009978.jpg,876,Container
c003,009979.jpg,8,Container
c002,009980.jpg,663,trafficsignal
c003,009981.jpg,923,Crosswalk
c002,009982.jpg,877,Crosswalk
c001,009983.jpg,762,Container
c002,009984.jpg,948,trafficsignal
c002,009985.jpg,1005,Crosswalk
c001,009986.jpg,1073,trafficsignal
c003,009987.jpg,703,RubbishBins
c002,009988.jpg,566,Crosswalk
c003,009989.jpg,975,trafficsignal
c002,009990.jpg,140,RubbishBins
c002,009991.jpg,308,trafficsignal
c003,009992.jpg,40,RubbishBins
c001,009993.jpg,14,trafficsignal
c003,009994.jpg,175,Crosswalk
c003,009995.jpg,979,trafficsignal
c003,009996.jpg,473,trafficsignal
c003,009997.jpg,131,RubbishBins
c002,009998.jpg,672,trafficsignal
c001,009999.jpg,169,Container
c002,010000.jpg,1085,trafficsignal
c001,010001.jpg,389,RubbishBins
c002,010002.jpg,377,trafficsignal
c002,010003.jpg,497,trafficsignal
c003,010004.jpg,1087,trafficsignal
c002,010005.jpg,423,trafficsignal
c002,010006.jpg,852,Container
c003,010007.jpg,671,trafficsignal
c001,010008.jpg,277,Crosswalk
c003,010009.jpg,991,Crosswalk
c002,010010.jpg,377,trafficsignal
c001,010011.jpg,361,trafficsignal
c002,010012.jpg,91,trafficsignal
c002,010013.jpg,1090,Container
c001,010014.jpg,158,trafficsignal
c001,010015.jpg,14,trafficsignal
c002,010016.jpg,382,trafficsignal
c002,010017.jpg,335,trafficsignal
c001,010018.jpg,535,trafficsignal
c003,010019.jpg,936,trafficsignal
c003,010020.jpg,279,trafficsignal
c003,010021.jpg,120,trafficsignal
c001,010022.jpg,631,trafficsignal
c003,010023.jpg,959,RubbishBins
c003,010024.jpg,191,Container
c003,010025.jpg,76,trafficsignal
c001,010026.jpg,549,trafficsignal
c001,010027.jpg,1027,Crosswalk
c001,010028.jpg,543,trafficsignal
c003,010029.jpg,823,trafficsignal
c003,010030.jpg,649,trafficsignal
c003,010031.jpg,737,trafficsignal
c003,010032.jpg,561,trafficsignal
c003,010033.jpg,875,trafficsignal
c003,010034.jpg,348,trafficsignal
c001,010035.jpg,631,trafficsignal
c002,010036.jpg,525,trafficsignal
c002,010037.jpg,415,trafficsignal
c001,010038.jpg,999,trafficsignal
c001,010039.jpg,724,trafficsignal
c002,010040.jpg,582,trafficsignal
c003,010041.jpg,931,trafficsignal
c001,010042.jpg,889,RubbishBins
c001,010043.jpg,68,RubbishBins
c002,010044.jpg,969,Crosswalk
c003,010045.jpg,325,Container
c002,010046.jpg,1066,Crosswalk
c002,010047.jpg,434,trafficsignal
c002,010048.jpg,1021,trafficsignal
c003,010049.jpg,78,trafficsignal
c002,010050.jpg,791,Container
c001,010051.jpg,963,RubbishBins
c002,010052.jpg,78,trafficsignal
c003,010053.jpg,318,Container
c003,010054.jpg,579,trafficsignal
c002,010055.jpg,188,trafficsignal
c002,010056.jpg,651,Container
c003,010057.jpg,704,RubbishBins
c001,010058.jpg,624,trafficsignal
c003,010059.jpg,627,RubbishBins
c001,010060.jpg,75,trafficsignal
c003,010061.jpg,571,trafficsignal
c001,010062.jpg,1004,trafficsignal
c002,010063.jpg,254,trafficsignal
c003,010064.jpg,808,Crosswalk
c003,010065.jpg,976,trafficsignal
c001,010066.jpg,651,Container
c003,010067.jpg,109,trafficsignal
c001,010068.jpg,428,trafficsignal
c002,010069.jpg,241,Container
c002,010070.jpg,946,Container
c002,010071.jpg,771,trafficsignal
c001,010072.jpg,929,Crosswalk
c002,010073.jpg,1063,trafficsignal
c001,010074.jpg,679,trafficsignal
c003,010075.jpg,277,Crosswalk
c001,010076.jpg,165,trafficsignal
c003,010077.jpg,950,trafficsignal
c001,010078.jpg,499,trafficsignal
c002,010079.jpg,457,trafficsignal
c001,010080.jpg,187,trafficsignal
c002,010081.jpg,607,trafficsignal
c002,010082.jpg,333,RubbishBins
c002,010083.jpg,454,trafficsignal
c001,010084.jpg,839,trafficsignal
c003,010085.jpg,336,trafficsignal
c001,010086.jpg,296,trafficsignal
c003,010087.jpg,291,trafficsignal
c001,010088.jpg,903,trafficsignal
c003,010089.jpg,95,trafficsignal
c003,010090.jpg,958,Crosswalk
c003,010091.jpg,138,trafficsignal
c002,010092.jpg,906,trafficsignal
c002,010093.jpg,890,trafficsignal
c002,010094.jpg,127,Crosswalk
c001,010095.jpg,621,trafficsignal
c003,010096.jpg,345,trafficsignal
c003,010097.jpg,467,trafficsignal
c002,010098.jpg,195,trafficsignal
c001,010099.jpg,53,trafficsignal
c002,010100.jpg,238,trafficsignal
c003,010101.jpg,817,trafficsignal
c001,010102.jpg,1030,Crosswalk
c002,010103.jpg,843,trafficsignal
c002,010104.jpg,278,trafficsignal
c001,010105.jpg,815,trafficsignal
c003,010106.jpg,864,Crosswalk
c001,010107.jpg,191,Container
c001,010108.jpg,126,trafficsignal
c002,010109.jpg,808,Crosswalk
c001,010110.jpg,801,Crosswalk
c002,010111.jpg,161,trafficsignal
c001,010112.jpg,169,Container
c001,010113.jpg,646,trafficsignal
c001,010114.jpg,1008,trafficsignal
c002,010115.jpg,329,trafficsignal
c003,010116.jpg,427,trafficsignal
c001,010117.jpg,690,trafficsignal
c002,010118.jpg,750,trafficsignal
c002,010119.jpg,891,trafficsignal
c003,010120.jpg,650,trafficsignal
c003,010121.jpg,517,RubbishBins
c001,010122.jpg,746,Crosswalk
c002,010123.jpg,26,trafficsignal
c001,010124.jpg,22,trafficsignal
c002,010125.jpg,439,trafficsignal
c001,010126.jpg,46,trafficsignal
c003,010127.jpg,246,trafficsignal
c002,010128.jpg,662,trafficsignal
c002,010129.jpg,431,Container
c003,010130.jpg,261,Crosswalk
c002,010131.jpg,1090,Container
c001,010132.jpg,237,trafficsignal
c002,010133.jpg,174,trafficsignal
c003,010134.jpg,382,trafficsignal
c003,010135.jpg,309,trafficsignal
c002,010136.jpg,204,Crosswalk
c001,010137.jpg,277,Crosswalk
c001,010138.jpg,1054,trafficsignal
c001,010139.jpg,481,Crosswalk
c002,010140.jpg,787,trafficsignal
c002,010141.jpg,379,trafficsignal
c002,010142.jpg,582,trafficsignal
c002,010143.jpg,480,trafficsignal
c002,010144.jpg,149,trafficsignal
c002,010145.jpg,886,trafficsignal
c001,010146.jpg,880,Crosswalk
c003,010147.jpg,500,Container
c001,010148.jpg,562,trafficsignal
c003,010149.jpg,5,RubbishBins
c001,010150.jpg,668,trafficsignal
c001,010151.jpg,885,Crosswalk
c002,010152.jpg,929,Crosswalk
c001,010153.jpg,806,trafficsignal
c003,010154.jpg,25,Crosswalk
c001,010155.jpg,429,trafficsignal
c003,010156.jpg,758,trafficsignal
c003,010157.jpg,171,trafficsignal
c001,010158.jpg,991,Crosswalk
c001,010159.jpg,965,trafficsignal
c003,010160.jpg,301,trafficsignal
c003,010161.jpg,954,trafficsignal
c002,010162.jpg,411,trafficsignal
c002,010163.jpg,520,trafficsignal
c003,010164.jpg,651,Container
c002,010165.jpg,178,trafficsignal
c003,010166.jpg,155,RubbishBins
c003,010167.jpg,523,Container
c001,010168.jpg,779,trafficsignal
c002,010169.jpg,823,trafficsignal
c001,010170.jpg,316,trafficsignal
c002,010171.jpg,828,RubbishBins
c003,010172.jpg,500,Container
c002,010173.jpg,746,Crosswalk
c003,010174.jpg,570,trafficsignal
c001,010175.jpg,76,trafficsignal
c001,010176.jpg,854,trafficsignal
c003,010177.jpg,1072,trafficsignal
c003,010178.jpg,965,trafficsignal
c001,010179.jpg,18,trafficsignal
c003,010180.jpg,752,Container
c002,010181.jpg,267,trafficsignal
c001,010182.jpg,707,Container
c002,010183.jpg,501,trafficsignal
c001,010184.jpg,395,Crosswalk
c001,010185.jpg,1025,trafficsignal
c003,010186.jpg,215,RubbishBins
c003,010187.jpg,713,trafficsignal
c002,010188.jpg,284,Crosswalk
c003,010189.jpg,818,trafficsignal
c003,010190.jpg,1075,trafficsignal
c002,010191.jpg,862,RubbishBins
c002,010192.jpg,870,trafficsignal
c001,010193.jpg,1020,Container
c001,010194.jpg,380,trafficsignal
c001,010195.jpg,597,trafficsignal
c001,010196.jpg,415,trafficsignal
c002,010197.jpg,541,Container
c001,010198.jpg,946,Container
c001,010199.jpg,280,trafficsignal
c001,010200.jpg,850,trafficsignal
c001,010201.jpg,460,trafficsignal
c001,010202.jpg,678,trafficsignal
c002,010203.jpg,747,trafficsignal
c003,010204.jpg,51,trafficsignal
c003,010205.jpg,169,Container
c002,010206.jpg,558,trafficsignal
c001,010207.jpg,775,trafficsignal
c002,010208.jpg,871,Container
c001,010209.jpg,230,trafficsignal
c001,010210.jpg,863,trafficsignal
c001,010211.jpg,407,trafficsignal
c003,010212.jpg,677,Container
c001,010213.jpg,217,trafficsignal
c003,010214.jpg,964,trafficsignal
c003,010215.jpg,440,trafficsignal
c003,010216.jpg,391,Container
c003,010217.jpg,801,Crosswalk
c001,010218.jpg,165,trafficsignal
c001,010219.jpg,397,Crosswalk
c002,010220.jpg,291,trafficsignal
c003,010221.jpg,698,trafficsignal
c003,010222.jpg,752,Container
c001,010223.jpg,747,trafficsignal
c002,010224.jpg,831,trafficsignal
c002,010225.jpg,954,trafficsignal
c002,010226.jpg,568,trafficsignal
c002,010227.jpg,1008,trafficsignal
c001,010228.jpg,145,trafficsignal
c003,010229.jpg,50,trafficsignal
c002,010230.jpg,451,trafficsignal
c002,010231.jpg,921,trafficsignal
c001,010232.jpg,212,trafficsignal
c001,010233.jpg,422,trafficsignal
c003,010234.jpg,251,trafficsignal
c003,010235.jpg,911,Container
c001,010236.jpg,221,Crosswalk
c003,010237.jpg,410,Crosswalk
c002,010238.jpg,101,trafficsignal
c003,010239.jpg,778,trafficsignal
c001,010240.jpg,546,trafficsignal
c001,010241.jpg,1031,Crosswalk
c002,010242.jpg,95,trafficsignal
c003,010243.jpg,873,trafficsignal
c002,010244.jpg,1068,trafficsignal
c003,010245.jpg,159,trafficsignal
c002,010246.jpg,491,RubbishBins
c003,010247.jpg,500,Container
c003,010248.jpg,436,trafficsignal
c003,010249.jpg,150,trafficsignal
c003,010250.jpg,500,Container
c001,010251.jpg,445,trafficsignal
c002,010252.jpg,518,trafficsignal
c003,010253.jpg,141,Crosswalk
c002,010254.jpg,121,trafficsignal
c003,010255.jpg,20,Crosswalk
c002,010256.jpg,803,trafficsignal
c002,010257.jpg,274,Container
c002,010258.jpg,221,Crosswalk
c001,010259.jpg,26,trafficsignal
c001,010260.jpg,586,RubbishBins
c003,010261.jpg,1088,trafficsignal
c001,010262.jpg,130,Crosswalk
c003,010263.jpg,946,Container
c003,010264.jpg,653,trafficsignal
c002,010265.jpg,307,trafficsignal
c003,010266.jpg,39,trafficsignal
c002,010267.jpg,1003,trafficsignal
c002,010268.jpg,764,RubbishBins
c003,010269.jpg,480,trafficsignal
c001,010270.jpg,930,Crosswalk
c001,010271.jpg,446,trafficsignal
c002,010272.jpg,713,trafficsignal
c003,010273.jpg,612,trafficsignal
c003,010274.jpg,553,trafficsignal
c001,010275.jpg,1061,trafficsignal
c003,010276.jpg,100,Crosswalk
c003,010277.jpg,486,trafficsignal
c003,010278.jpg,300,trafficsignal
c001,010279.jpg,293,Container
c003,010280.jpg,738,Crosswalk
c003,010281.jpg,873,trafficsignal
c002,010282.jpg,662,trafficsignal
c001,010283.jpg,262,RubbishBins
c001,010284.jpg,610,Container
c002,010285.jpg,957,Container
c003,010286.jpg,849,Crosswalk
c001,010287.jpg,91,trafficsignal
c001,010288.jpg,310,RubbishBins
c001,010289.jpg,354,RubbishBins
c002,010290.jpg,51,trafficsignal
c003,010291.jpg,967,Container
c003,010292.jpg,585,Crosswalk
c001,010293.jpg,948,trafficsignal
c002,010294.jpg,386,trafficsignal
c003,010295.jpg,160,Container
c001,010296.jpg,549,trafficsignal
c002,010297.jpg,774,trafficsignal
c003,010298.jpg,422,trafficsignal
c002,010299.jpg,250,RubbishBins
c002,010300.jpg,643,trafficsignal
c001,010301.jpg,420,trafficsignal
c002,010302.jpg,191,Container
c001,010303.jpg,647,trafficsignal
c001,010304.jpg,282,trafficsignal
c003,010305.jpg,559,RubbishBins
c002,010306.jpg,965,trafficsignal
c003,010307.jpg,3,trafficsignal
c001,010308.jpg,157,Container
c003,010309.jpg,702,trafficsignal
c001,010310.jpg,573,trafficsignal
c001,010311.jpg,718,trafficsignal
c003,010312.jpg,849,Crosswalk
c003,010313.jpg,863,trafficsignal
c002,010314.jpg,971,Crosswalk
c001,010315.jpg,505,RubbishBins
c002,010316.jpg,525,trafficsignal
c001,010317.jpg,929,Crosswalk
c002,010318.jpg,163,trafficsignal
c002,010319.jpg,557,Container
c001,010320.jpg,251,trafficsignal
c002,010321.jpg,328,trafficsignal
c002,010322.jpg,1027,Crosswalk
c003,010323.jpg,183,trafficsignal
c002,010324.jpg,946,Container
c002,010325.jpg,911,Container
c003,010326.jpg,301,trafficsignal
c003,010327.jpg,259,trafficsignal
c001,010328.jpg,182,trafficsignal
c003,010329.jpg,512,trafficsignal
c001,010330.jpg,322,trafficsignal
c002,010331.jpg,634,trafficsignal
c001,010332.jpg,493,Crosswalk
c002,010333.jpg,435,Container
c002,010334.jpg,375,Crosswalk
c002,010335.jpg,730,Container
c001,010336.jpg,871,Container
c001,010337.jpg,434,trafficsignal
c003,010338.jpg,730,Container
c001,010339.jpg,1088,trafficsignal
c003,010340.jpg,871,Container
c002,010341.jpg,372,trafficsignal
c003,010342.jpg,934,trafficsignal
c002,010343.jpg,240,Crosswalk
c002,010344.jpg,318,Container
c003,010345.jpg,300,trafficsignal
c002,010346.jpg,265,Crosswalk
c001,010347.jpg,384,trafficsignal
c001,010348.jpg,418,RubbishBins
c003,010349.jpg,868,trafficsignal
c001,010350.jpg,260,Crosswalk
c003,010351.jpg,941,trafficsignal
c001,010352.jpg,565,trafficsignal
c002,010353.jpg,902,trafficsignal
c002,010354.jpg,735,trafficsignal
c002,010355.jpg,613,Crosswalk
c003,010356.jpg,988,Container
c003,010357.jpg,814,trafficsignal
c001,010358.jpg,269,trafficsignal
c001,010359.jpg,62,trafficsignal
c001,010360.jpg,82,trafficsignal
c002,010361.jpg,740,Container
c001,010362.jpg,126,trafficsignal
c003,010363.jpg,872,trafficsignal
c001,010364.jpg,838,trafficsignal
c002,010365.jpg,219,trafficsignal
c002,010366.jpg,1041,Crosswalk
c002,010367.jpg,643,trafficsignal
c001,010368.jpg,1077,trafficsignal
c002,010369.jpg,471,RubbishBins
c003,010370.jpg,999,trafficsignal
c002,010371.jpg,25,Crosswalk
c001,010372.jpg,973,trafficsignal
c003,010373.jpg,506,trafficsignal
c003,010374.jpg,560,trafficsignal
c001,010375.jpg,429,trafficsignal
c003,010376.jpg,649,trafficsignal
c002,010377.jpg,535,trafficsignal
c003,010378.jpg,522,Crosswalk
c001,010379.jpg,711,trafficsignal
c002,010380.jpg,711,trafficsignal
c003,010381.jpg,730,Container
c001,010382.jpg,370,Crosswalk
c003,010383.jpg,615,trafficsignal
c001,010384.jpg,520,trafficsignal
c003,010385.jpg,565,trafficsignal
c003,010386.jpg,492,trafficsignal
c001,010387.jpg,978,Container
c001,010388.jpg,789,trafficsignal
c002,010389.jpg,573,trafficsignal
c001,010390.jpg,550,trafficsignal
c001,010391.jpg,610,Container
c001,010392.jpg,241,Container
c002,010393.jpg,572,trafficsignal
c002,010394.jpg,673,trafficsignal
c003,010395.jpg,363,trafficsignal
c003,010396.jpg,776,Container
c001,010397.jpg,932,trafficsignal
c001,010398.jpg,339,trafficsignal
c002,010399.jpg,91,trafficsignal
c002,010400.jpg,277,Crosswalk
c002,010401.jpg,367,trafficsignal
c003,010402.jpg,741,trafficsignal
c001,010403.jpg,25,Crosswalk
c003,010404.jpg,1051,Crosswalk
c001,010405.jpg,606,trafficsignal
c002,010406.jpg,389,RubbishBins
c003,010407.jpg,363,trafficsignal
c001,010408.jpg,631,trafficsignal
c003,010409.jpg,512,trafficsignal
c003,010410.jpg,309,trafficsignal
c001,010411.jpg,844,Container
c003,010412.jpg,191,Container
c001,010413.jpg,204,Crosswalk
c002,010414.jpg,498,trafficsignal
c003,010415.jpg,104,trafficsignal
c002,010416.jpg,793,trafficsignal
c003,010417.jpg,174,trafficsignal
c003,010418.jpg,845,trafficsignal
c002,010419.jpg,665,Crosswalk
c003,010420.jpg,1066,Crosswalk
c002,010421.jpg,724,trafficsignal
c002,010422.jpg,258,trafficsignal
c003,010423.jpg,587,Container
c001,010424.jpg,181,Crosswalk
c003,010425.jpg,849,Crosswalk
c002,010426.jpg,175,Crosswalk
c003,010427.jpg,549,trafficsignal
c003,010428.jpg,351,trafficsignal
c002,010429.jpg,494,trafficsignal
c001,010430.jpg,1065,trafficsignal
c003,010431.jpg,1072,trafficsignal
c003,010432.jpg,871,Container
c003,010433.jpg,221,Crosswalk
c001,010434.jpg,467,trafficsignal
c001,010435.jpg,999,trafficsignal
c001,010436.jpg,1086,trafficsignal
c002,010437.jpg,259,trafficsignal
c001,010438.jpg,744,RubbishBins
c002,010439.jpg,334,trafficsignal
c001,010440.jpg,352,trafficsignal
c002,010441.jpg,426,trafficsignal
c001,010442.jpg,235,trafficsignal
c002,010443.jpg,775,trafficsignal
c002,010444.jpg,533,Container
c001,010445.jpg,759,trafficsignal
c001,010446.jpg,27,trafficsignal
c003,010447.jpg,793,trafficsignal
c002,010448.jpg,1088,trafficsignal
c001,010449.jpg,721,trafficsignal
c001,010450.jpg,965,trafficsignal
c003,010451.jpg,142,Crosswalk
c001,010452.jpg,424,trafficsignal
c001,010453.jpg,25,Crosswalk
c001,010454.jpg,112,trafficsignal
c001,010455.jpg,566,Crosswalk
c002,010456.jpg,1077,trafficsignal
c003,010457.jpg,894,trafficsignal
c003,010458.jpg,478,trafficsignal
c001,010459.jpg,651,Container
c003,010460.jpg,477,trafficsignal
c001,010461.jpg,827,trafficsignal
c001,010462.jpg,638,Container
c001,010463.jpg,697,trafficsignal
c002,010464.jpg,974,trafficsignal
c003,010465.jpg,158,trafficsignal
c001,010466.jpg,885,Crosswalk
c002,010467.jpg,991,Crosswalk
c001,010468.jpg,453,trafficsignal
c001,010469.jpg,981,trafficsignal
c001,010470.jpg,786,trafficsignal
c003,010471.jpg,819,RubbishBins
c001,010472.jpg,704,RubbishBins
c002,010473.jpg,641,Crosswalk
c001,010474.jpg,254,trafficsignal
c001,010475.jpg,721,trafficsignal
c001,010476.jpg,486,trafficsignal
c003,010477.jpg,828,RubbishBins
c001,010478.jpg,328,trafficsignal
c001,010479.jpg,125,trafficsignal
c003,010480.jpg,929,Crosswalk
c002,010481.jpg,324,trafficsignal
c001,010482.jpg,124,trafficsignal
c001,010483.jpg,230,trafficsignal
c001,010484.jpg,1013,trafficsignal
c003,010485.jpg,605,trafficsignal
c001,010486.jpg,815,trafficsignal
c003,010487.jpg,940,trafficsignal
c003,010488.jpg,211,trafficsignal
c003,010489.jpg,981,trafficsignal
c003,010490.jpg,1031,Crosswalk
c001,010491.jpg,134,trafficsignal
c002,010492.jpg,717,RubbishBins
c002,010493.jpg,754,trafficsignal
c002,010494.jpg,204,Crosswalk
c002,010495.jpg,279,trafficsignal
c001,010496.jpg,378,trafficsignal
c003,010497.jpg,154,trafficsignal
c001,010498.jpg,470,trafficsignal
c002,010499.jpg,162,Crosswalk
c001,010500.jpg,62,trafficsignal
c003,010501.jpg,992,trafficsignal
c002,010502.jpg,525,trafficsignal
c002,010503.jpg,9,trafficsignal
c003,010504.jpg,1024,trafficsignal
c003,010505.jpg,196,trafficsignal
c001,010506.jpg,887,RubbishBins
c003,010507.jpg,885,Crosswalk
c003,010508.jpg,710,trafficsignal
c001,010509.jpg,1085,trafficsignal
c001,010510.jpg,27,trafficsignal
c003,010511.jpg,577,Crosswalk
c001,010512.jpg,106,trafficsignal
c001,010513.jpg,774,trafficsignal
c003,010514.jpg,164,Container
c003,010515.jpg,137,trafficsignal
c003,010516.jpg,890,trafficsignal
c002,010517.jpg,469,trafficsignal
c001,010518.jpg,161,trafficsignal
c003,010519.jpg,521,Container
c002,010520.jpg,948,trafficsignal
c001,010521.jpg,1023,trafficsignal
c003,010522.jpg,365,RubbishBins
c003,010523.jpg,453,trafficsignal
c001,010524.jpg,1021,trafficsignal
c002,010525.jpg,229,trafficsignal
c002,010526.jpg,1005,Crosswalk
c003,010527.jpg,487,trafficsignal
c001,010528.jpg,181,Crosswalk
c003,010529.jpg,212,trafficsignal
c001,010530.jpg,623,Crosswalk
c002,010531.jpg,1082,trafficsignal
c003,010532.jpg,432,trafficsignal
c001,010533.jpg,877,Crosswalk
c002,010534.jpg,825,trafficsignal
c003,010535.jpg,971,Crosswalk
c002,010536.jpg,76,trafficsignal
c002,010537.jpg,1077,trafficsignal
c002,010538.jpg,816,RubbishBins
c001,010539.jpg,1057,trafficsignal
c003,010540.jpg,204,Crosswalk
c001,010541.jpg,596,trafficsignal
c001,010542.jpg,990,trafficsignal
c002,010543.jpg,807,trafficsignal
c003,010544.jpg,206,trafficsignal
c002,010545.jpg,301,trafficsignal
c002,010546.jpg,903,trafficsignal
c003,010547.jpg,213,trafficsignal
c002,010548.jpg,1080,trafficsignal
c002,010549.jpg,508,Crosswalk
c003,010550.jpg,816,RubbishBins
c001,010551.jpg,444,trafficsignal
c002,010552.jpg,300,trafficsignal
c003,010553.jpg,511,trafficsignal
c001,010554.jpg,259,trafficsignal
c003,010555.jpg,610,Container
c001,010556.jpg,320,trafficsignal
c001,010557.jpg,826,trafficsignal
c001,010558.jpg,511,trafficsignal
c003,010559.jpg,136,trafficsignal
c002,010560.jpg,325,Container
c001,010561.jpg,224,trafficsignal
c002,010562.jpg,618,trafficsignal
c001,010563.jpg,336,trafficsignal
c001,010564.jpg,894,trafficsignal
c001,010565.jpg,743,trafficsignal
c001,010566.jpg,150,trafficsignal
c003,010567.jpg,986,Crosswalk
c001,010568.jpg,127,Crosswalk
c003,010569.jpg,416,RubbishBins
c003,010570.jpg,1029,RubbishBins
c001,010571.jpg,659,trafficsignal
c002,010572.jpg,160,Container
c002,010573.jpg,1066,Crosswalk
c003,010574.jpg,72,trafficsignal
c002,010575.jpg,836,trafficsignal
c002,010576.jpg,819,RubbishBins
c002,010577.jpg,521,Container
c001,010578.jpg,920,trafficsignal
c002,010579.jpg,424,trafficsignal
c003,010580.jpg,251,trafficsignal
c003,010581.jpg,903,trafficsignal
c002,010582.jpg,699,Container
c001,010583.jpg,178,trafficsignal
c003,010584.jpg,529,trafficsignal
c002,010585.jpg,77,Container
c001,010586.jpg,236,trafficsignal
c001,010587.jpg,1002,trafficsignal
c002,010588.jpg,41,trafficsignal
c003,010589.jpg,446,trafficsignal
c002,010590.jpg,1061,trafficsignal
c003,010591.jpg,523,Container
c001,010592.jpg,16,trafficsignal
c003,010593.jpg,573,trafficsignal
c001,010594.jpg,40,RubbishBins
c003,010595.jpg,740,Container
c002,010596.jpg,610,Container
c003,010597.jpg,849,Crosswalk
c003,010598.jpg,575,RubbishBins
c001,010599.jpg,587,Container
c003,010600.jpg,850,trafficsignal
c003,010601.jpg,275,trafficsignal
c001,010602.jpg,357,trafficsignal
c001,010603.jpg,937,Container
c001,010604.jpg,234,trafficsignal
c003,010605.jpg,849,Crosswalk
c002,010606.jpg,759,trafficsignal
c001,010607.jpg,366,RubbishBins
c002,010608.jpg,542,Container
c001,010609.jpg,301,trafficsignal
c002,010610.jpg,385,trafficsignal
c002,010611.jpg,98,trafficsignal
c002,010612.jpg,181,Crosswalk
c003,010613.jpg,894,trafficsignal
c002,010614.jpg,969,Crosswalk
c003,010615.jpg,1004,trafficsignal
c003,010616.jpg,164,Container
c002,010617.jpg,828,RubbishBins
c001,010618.jpg,738,Crosswalk
c001,010619.jpg,397,Crosswalk
c002,010620.jpg,153,trafficsignal
c003,010621.jpg,102,trafficsignal
c001,010622.jpg,874,trafficsignal
c003,010623.jpg,565,trafficsignal
c003,010624.jpg,39,trafficsignal
c001,010625.jpg,477,trafficsignal
c002,010626.jpg,816,RubbishBins
c001,010627.jpg,761,trafficsignal
c001,010628.jpg,726,trafficsignal
c002,010629.jpg,403,trafficsignal
c002,010630.jpg,797,trafficsignal
c003,010631.jpg,1040,trafficsignal
c003,010632.jpg,748,trafficsignal
c002,010633.jpg,593,trafficsignal
c002,010634.jpg,243,trafficsignal
c001,010635.jpg,195,trafficsignal
c002,010636.jpg,1039,trafficsignal
c002,010637.jpg,364,Crosswalk
c003,010638.jpg,497,trafficsignal
c003,010639.jpg,85,Crosswalk
c003,010640.jpg,76,trafficsignal
c002,010641.jpg,577,Crosswalk
c003,010642.jpg,900,trafficsignal
c003,010643.jpg,133,trafficsignal
c002,010644.jpg,99,trafficsignal
c001,010645.jpg,924,trafficsignal
c003,010646.jpg,896,Container
c003,010647.jpg,529,trafficsignal
c002,010648.jpg,939,Container
c002,010649.jpg,131,RubbishBins
c001,010650.jpg,569,trafficsignal
c001,010651.jpg,1018,trafficsignal
c003,010652.jpg,890,trafficsignal
c001,010653.jpg,1035,trafficsignal
c003,010654.jpg,724,trafficsignal
c003,010655.jpg,83,trafficsignal
c002,010656.jpg,869,Crosswalk
c003,010657.jpg,825,trafficsignal
c003,010658.jpg,1005,Crosswalk
c002,010659.jpg,870,trafficsignal
c002,010660.jpg,828,RubbishBins
c001,010661.jpg,427,trafficsignal
c001,010662.jpg,318,Container
c001,010663.jpg,466,trafficsignal
c001,010664.jpg,411,trafficsignal
c001,010665.jpg,1090,Container
c003,010666.jpg,458,trafficsignal
c002,010667.jpg,1082,trafficsignal
c003,010668.jpg,431,Container
c002,010669.jpg,1059,trafficsignal
c002,010670.jpg,482,Container
c002,010671.jpg,916,trafficsignal
c002,010672.jpg,178,trafficsignal
c002,010673.jpg,544,Crosswalk
c001,010674.jpg,593,trafficsignal
c001,010675.jpg,353,trafficsignal
c002,010676.jpg,16,trafficsignal
c003,010677.jpg,579,trafficsignal
c003,010678.jpg,605,trafficsignal
c003,010679.jpg,922,RubbishBins
c003,010680.jpg,642,trafficsignal
c003,010681.jpg,378,trafficsignal
c003,010682.jpg,507,trafficsignal
c001,010683.jpg,45,trafficsignal
c002,010684.jpg,597,trafficsignal
c002,010685.jpg,992,trafficsignal
c002,010686.jpg,262,RubbishBins
c001,010687.jpg,421,trafficsignal
c002,010688.jpg,320,trafficsignal
c002,010689.jpg,699,Container
c002,010690.jpg,298,RubbishBins
c003,010691.jpg,386,trafficsignal
c003,010692.jpg,754,trafficsignal
c002,010693.jpg,88,trafficsignal
c001,010694.jpg,431,Container
c003,010695.jpg,138,trafficsignal
c002,010696.jpg,385,trafficsignal
c002,010697.jpg,612,trafficsignal
c002,010698.jpg,827,trafficsignal
c003,010699.jpg,719,trafficsignal
c001,010700.jpg,276,trafficsignal
c001,010701.jpg,682,trafficsignal
c002,010702.jpg,503,trafficsignal
c003,010703.jpg,707,Container
c001,010704.jpg,390,Container
c003,010705.jpg,1029,RubbishBins
c001,010706.jpg,11,trafficsignal
c002,010707.jpg,916,trafficsignal
c003,010708.jpg,258,trafficsignal
c002,010709.jpg,353,trafficsignal
c002,010710.jpg,911,Container
c002,010711.jpg,1036,trafficsignal
c002,010712.jpg,213,trafficsignal
c001,010713.jpg,132,trafficsignal
c001,010714.jpg,1006,trafficsignal
c003,010715.jpg,389,RubbishBins
c003,010716.jpg,782,trafficsignal
c001,010717.jpg,664,Crosswalk
c001,010718.jpg,719,trafficsignal
c001,010719.jpg,730,Container
c001,010720.jpg,712,trafficsignal
c003,010721.jpg,20,Crosswalk
c002,010722.jpg,57,trafficsignal
c003,010723.jpg,650,trafficsignal
c002,010724.jpg,234,trafficsignal
c003,010725.jpg,508,Crosswalk
c003,010726.jpg,121,trafficsignal
c001,010727.jpg,451,trafficsignal
c002,010728.jpg,1033,trafficsignal
c001,010729.jpg,212,trafficsignal
c001,010730.jpg,719,trafficsignal
c001,010731.jpg,650,trafficsignal
c001,010732.jpg,999,trafficsignal
c003,010733.jpg,807,trafficsignal
c003,010734.jpg,857,Crosswalk
c002,010735.jpg,631,trafficsignal
c002,010736.jpg,345,trafficsignal
c001,010737.jpg,641,Crosswalk
c001,010738.jpg,548,Crosswalk
c003,010739.jpg,590,Container
c002,010740.jpg,222,trafficsignal
c003,010741.jpg,1022,trafficsignal
c002,010742.jpg,16,trafficsignal
c001,010743.jpg,924,trafficsignal
c003,010744.jpg,431,Container
c001,010745.jpg,125,trafficsignal
c001,010746.jpg,693,trafficsignal
c001,010747.jpg,105,Crosswalk
c002,010748.jpg,160,Container
c003,010749.jpg,887,RubbishBins
c002,010750.jpg,261,Crosswalk
c002,010751.jpg,822,trafficsignal
c003,010752.jpg,984,trafficsignal
c003,010753.jpg,487,trafficsignal
c003,010754.jpg,894,trafficsignal
c002,010755.jpg,522,Crosswalk
c001,010756.jpg,852,Container
c003,010757.jpg,118,trafficsignal
c003,010758.jpg,558,trafficsignal
c002,010759.jpg,370,Crosswalk
c001,010760.jpg,327,trafficsignal
c002,010761.jpg,861,trafficsignal
c001,010762.jpg,797,trafficsignal
c001,010763.jpg,988,RubbishBins
c003,010764.jpg,929,Crosswalk
c001,010765.jpg,1051,Crosswalk
c003,010766.jpg,887,RubbishBins
c003,010767.jpg,573,trafficsignal
c001,010768.jpg,1078,trafficsignal
c001,010769.jpg,266,trafficsignal
c002,010770.jpg,552,trafficsignal
c001,010771.jpg,697,trafficsignal
c001,010772.jpg,398,trafficsignal
c003,010773.jpg,312,trafficsignal
c003,010774.jpg,85,Crosswalk
c003,010775.jpg,1048,trafficsignal
c002,010776.jpg,736,Crosswalk
c003,010777.jpg,326,Container
c002,010778.jpg,1068,trafficsignal
c001,010779.jpg,277,Crosswalk
c002,010780.jpg,367,trafficsignal
c002,010781.jpg,812,trafficsignal
c002,010782.jpg,608,trafficsignal
c003,010783.jpg,292,trafficsignal
c002,010784.jpg,500,Container
c001,010785.jpg,964,trafficsignal
c002,010786.jpg,886,trafficsignal
c002,010787.jpg,719,trafficsignal
c003,010788.jpg,67,trafficsignal
c001,010789.jpg,900,trafficsignal
c001,010790.jpg,323,trafficsignal
c002,010791.jpg,1026,Crosswalk
c003,010792.jpg,796,Container
c002,010793.jpg,365,RubbishBins
c002,010794.jpg,919,trafficsignal
c003,010795.jpg,497,trafficsignal
c001,010796.jpg,560,trafficsignal
c003,010797.jpg,474,Crosswalk
c003,010798.jpg,734,trafficsignal
c003,010799.jpg,408,trafficsignal
c001,010800.jpg,255,trafficsignal
c001,010801.jpg,443,trafficsignal
c001,010802.jpg,426,trafficsignal
c003,010803.jpg,810,RubbishBins
c002,010804.jpg,562,trafficsignal
c001,010805.jpg,691,trafficsignal
c003,010806.jpg,259,trafficsignal
c001,010807.jpg,770,trafficsignal
c001,010808.jpg,874,trafficsignal
c001,010809.jpg,194,trafficsignal
c001,010810.jpg,936,trafficsignal
c003,010811.jpg,1047,trafficsignal
c002,010812.jpg,118,trafficsignal
c002,010813.jpg,431,Container
c002,010814.jpg,549,trafficsignal
c001,010815.jpg,886,trafficsignal
c003,010816.jpg,1063,trafficsignal
c003,010817.jpg,14,trafficsignal
c003,010818.jpg,436,trafficsignal
c003,010819.jpg,812,trafficsignal
c001,010820.jpg,1086,trafficsignal
c002,010821.jpg,1039,trafficsignal
c002,010822.jpg,812,trafficsignal
c002,010823.jpg,280,trafficsignal
c003,010824.jpg,433,RubbishBins
c001,010825.jpg,355,trafficsignal
c002,010826.jpg,135,trafficsignal
c001,010827.jpg,115,Crosswalk
c003,010828.jpg,24,trafficsignal
c001,010829.jpg,1041,Crosswalk
c002,010830.jpg,724,trafficsignal
c001,010831.jpg,756,Crosswalk
c003,010832.jpg,569,trafficsignal
c003,010833.jpg,719,trafficsignal
c001,010834.jpg,292,trafficsignal
c002,010835.jpg,293,Container
c001,010836.jpg,120,trafficsignal
c003,010837.jpg,929,Crosswalk
c001,010838.jpg,595,trafficsignal
c003,010839.jpg,436,trafficsignal
c002,010840.jpg,458,trafficsignal
c002,010841.jpg,966,trafficsignal
c003,010842.jpg,710,trafficsignal
c003,010843.jpg,701,trafficsignal
c003,010844.jpg,408,trafficsignal
c001,010845.jpg,459,trafficsignal
c003,010846.jpg,852,Container
c003,010847.jpg,497,trafficsignal
c001,010848.jpg,37,trafficsignal
c002,010849.jpg,960,trafficsignal
c003,010850.jpg,755,trafficsignal
c001,010851.jpg,162,Crosswalk
c002,010852.jpg,457,trafficsignal
c002,010853.jpg,439,trafficsignal
c002,010854.jpg,981,trafficsignal
c003,010855.jpg,84,trafficsignal
c002,010856.jpg,249,trafficsignal
c002,010857.jpg,504,trafficsignal
c001,010858.jpg,756,Crosswalk
c001,010859.jpg,437,RubbishBins
c001,010860.jpg,839,trafficsignal
c003,010861.jpg,968,trafficsignal
c002,010862.jpg,393,trafficsignal
c001,010863.jpg,887,RubbishBins
c002,010864.jpg,734,trafficsignal
c003,010865.jpg,591,trafficsignal
c002,010866.jpg,76,trafficsignal
c002,010867.jpg,682,trafficsignal
c002,010868.jpg,246,trafficsignal
c003,010869.jpg,670,trafficsignal
c002,010870.jpg,980,trafficsignal
c001,010871.jpg,370,Crosswalk
c002,010872.jpg,514,trafficsignal
c002,010873.jpg,14,trafficsignal
c003,010874.jpg,850,trafficsignal
c003,010875.jpg,648,trafficsignal
c003,010876.jpg,752,Container
c002,010877.jpg,121,trafficsignal
c003,010878.jpg,669,trafficsignal
c001,010879.jpg,671,trafficsignal
c002,010880.jpg,672,trafficsignal
c002,010881.jpg,613,Crosswalk
c001,010882.jpg,891,trafficsignal
c003,010883.jpg,783,trafficsignal
c002,010884.jpg,943,Crosswalk
c001,010885.jpg,541,RubbishBins
c003,010886.jpg,254,trafficsignal
c002,010887.jpg,100,Crosswalk
c001,010888.jpg,252,Crosswalk
c003,010889.jpg,132,trafficsignal
c001,010890.jpg,357,trafficsignal
c003,010891.jpg,390,Container
c003,010892.jpg,1005,Crosswalk
c001,010893.jpg,827,trafficsignal
c002,010894.jpg,1033,trafficsignal
c003,010895.jpg,717,RubbishBins
c003,010896.jpg,499,trafficsignal
c003,010897.jpg,862,Container
c003,010898.jpg,1065,trafficsignal
c002,010899.jpg,165,trafficsignal
c003,010900.jpg,413,trafficsignal
c003,010901.jpg,480,trafficsignal
c003,010902.jpg,395,Crosswalk
c003,010903.jpg,439,trafficsignal
c001,010904.jpg,1000,trafficsignal
c002,010905.jpg,562,trafficsignal
c001,010906.jpg,1084,trafficsignal
c002,010907.jpg,103,trafficsignal
c003,010908.jpg,260,Crosswalk
c001,010909.jpg,91,trafficsignal
c002,010910.jpg,32,trafficsignal
c001,010911.jpg,366,RubbishBins
c003,010912.jpg,383,trafficsignal
c002,010913.jpg,631,trafficsignal
c003,010914.jpg,807,trafficsignal
c001,010915.jpg,921,trafficsignal
c002,010916.jpg,687,trafficsignal
c003,010917.jpg,504,trafficsignal
c002,010918.jpg,872,trafficsignal
c002,010919.jpg,351,trafficsignal
c002,010920.jpg,508,Crosswalk
c001,010921.jpg,339,trafficsignal
c003,010922.jpg,458,trafficsignal
c001,010923.jpg,45,trafficsignal
c001,010924.jpg,672,trafficsignal
c001,010925.jpg,252,Crosswalk
c002,010926.jpg,104,trafficsignal
c001,010927.jpg,1077,trafficsignal
c003,010928.jpg,970,Crosswalk
c003,010929.jpg,1005,Crosswalk
c001,010930.jpg,943,Crosswalk
c002,010931.jpg,623,Crosswalk
c001,010932.jpg,970,Crosswalk
c001,010933.jpg,1058,Container
c003,010934.jpg,16,trafficsignal
c003,010935.jpg,1027,Crosswalk
c002,010936.jpg,892,trafficsignal
c001,010937.jpg,1054,trafficsignal
c003,010938.jpg,889,RubbishBins
c001,010939.jpg,907,Crosswalk
c002,010940.jpg,625,RubbishBins
c002,010941.jpg,495,trafficsignal
c001,010942.jpg,77,Container
c001,010943.jpg,572,trafficsignal
c003,010944.jpg,362,trafficsignal
c001,010945.jpg,470,trafficsignal
c002,010946.jpg,386,trafficsignal
c001,010947.jpg,172,Crosswalk
c002,010948.jpg,245,trafficsignal
c001,010949.jpg,196,trafficsignal
c002,010950.jpg,32,trafficsignal
c003,010951.jpg,953,trafficsignal
c002,010952.jpg,907,Crosswalk
c001,010953.jpg,968,trafficsignal
c002,010954.jpg,1033,trafficsignal
c002,010955.jpg,1003,trafficsignal
c003,010956.jpg,190,trafficsignal
c002,010957.jpg,543,trafficsignal
c003,010958.jpg,81,trafficsignal
c002,010959.jpg,553,trafficsignal
c002,010960.jpg,573,trafficsignal
c003,010961.jpg,839,trafficsignal
c003,010962.jpg,440,trafficsignal
c001,010963.jpg,413,trafficsignal
c003,010964.jpg,690,trafficsignal
c002,010965.jpg,1059,trafficsignal
c002,010966.jpg,357,trafficsignal
c001,010967.jpg,258,trafficsignal
c001,010968.jpg,985,trafficsignal
c002,010969.jpg,216,trafficsignal
c001,010970.jpg,226,trafficsignal
c002,010971.jpg,211,trafficsignal
c001,010972.jpg,465,trafficsignal
c002,010973.jpg,52,trafficsignal
c003,010974.jpg,666,Crosswalk
c002,010975.jpg,862,Container
c001,010976.jpg,386,trafficsignal
c001,010977.jpg,634,trafficsignal
c001,010978.jpg,1005,Crosswalk
c002,010979.jpg,158,trafficsignal
c001,010980.jpg,972,trafficsignal
c001,010981.jpg,790,trafficsignal
c003,010982.jpg,412,trafficsignal
c003,010983.jpg,130,Crosswalk
c002,010984.jpg,1015,trafficsignal
c002,010985.jpg,433,RubbishBins
c001,010986.jpg,736,Crosswalk
c002,010987.jpg,215,RubbishBins
c003,010988.jpg,118,trafficsignal
c002,010989.jpg,266,trafficsignal
c001,010990.jpg,500,Container
c001,010991.jpg,525,trafficsignal
c003,010992.jpg,550,trafficsignal
c002,010993.jpg,279,trafficsignal
c001,010994.jpg,93,trafficsignal
c001,010995.jpg,501,trafficsignal
c002,010996.jpg,1066,Crosswalk
c003,010997.jpg,269,trafficsignal
c001,010998.jpg,693,trafficsignal
c002,010999.jpg,569,trafficsignal
c003,011000.jpg,40,RubbishBins
c003,011001.jpg,1084,trafficsignal
c001,011002.jpg,453,trafficsignal
c001,011003.jpg,174,trafficsignal
c001,011004.jpg,82,trafficsignal
c003,011005.jpg,210,RubbishBins
c002,011006.jpg,721,trafficsignal
c003,011007.jpg,33,trafficsignal
c002,011008.jpg,542,Container
c001,011009.jpg,694,trafficsignal
c003,011010.jpg,509,Container
c003,011011.jpg,585,Crosswalk
c002,011012.jpg,199,Container
c002,011013.jpg,291,trafficsignal
c002,011014.jpg,1044,Crosswalk
c003,011015.jpg,431,Container
c003,011016.jpg,998,trafficsignal
c001,011017.jpg,911,Container
c002,011018.jpg,322,trafficsignal
c003,011019.jpg,91,trafficsignal
c002,011020.jpg,902,trafficsignal
c003,011021.jpg,914,trafficsignal
c003,011022.jpg,96,Container
c001,011023.jpg,240,Crosswalk
c001,011024.jpg,851,trafficsignal
c002,011025.jpg,1078,trafficsignal
c003,011026.jpg,345,trafficsignal
c002,011027.jpg,307,trafficsignal
c002,011028.jpg,851,trafficsignal
c002,011029.jpg,572,trafficsignal
c001,011030.jpg,957,Container
c001,011031.jpg,869,Crosswalk
c001,011032.jpg,411,trafficsignal
c002,011033.jpg,472,trafficsignal
c001,011034.jpg,141,Crosswalk
c001,011035.jpg,228,trafficsignal
c002,011036.jpg,1008,trafficsignal
c001,011037.jpg,370,Crosswalk
c003,011038.jpg,969,Crosswalk
c002,011039.jpg,965,trafficsignal
c002,011040.jpg,727,trafficsignal
c001,011041.jpg,812,trafficsignal
c002,011042.jpg,1064,RubbishBins
c003,011043.jpg,687,trafficsignal
c003,011044.jpg,1064,RubbishBins
c002,011045.jpg,548,Crosswalk
c002,011046.jpg,734,trafficsignal
c001,011047.jpg,156,trafficsignal
c001,011048.jpg,1087,trafficsignal
c002,011049.jpg,930,Crosswalk
c003,011050.jpg,712,trafficsignal
c003,011051.jpg,253,trafficsignal
c001,011052.jpg,950,trafficsignal
c003,011053.jpg,651,Container
c002,011054.jpg,77,Container
c001,011055.jpg,635,Crosswalk
c001,011056.jpg,851,trafficsignal
c001,011057.jpg,23,trafficsignal
c003,011058.jpg,641,Crosswalk
c003,011059.jpg,583,trafficsignal
c001,011060.jpg,562,trafficsignal
c001,011061.jpg,730,Container
c003,011062.jpg,907,Crosswalk
c001,011063.jpg,340,trafficsignal
c002,011064.jpg,146,Crosswalk
c003,011065.jpg,343,trafficsignal
c002,011066.jpg,130,Crosswalk
c001,011067.jpg,551,trafficsignal
c002,011068.jpg,847,trafficsignal
c002,011069.jpg,399,trafficsignal
c002,011070.jpg,606,trafficsignal
c002,011071.jpg,869,Crosswalk
c001,011072.jpg,903,trafficsignal
c002,011073.jpg,398,trafficsignal
c001,011074.jpg,1050,trafficsignal
c001,011075.jpg,121,trafficsignal
c001,011076.jpg,134,trafficsignal
c002,011077.jpg,557,Container
c002,011078.jpg,521,Container
c003,011079.jpg,1027,Crosswalk
c001,011080.jpg,789,trafficsignal
c003,011081.jpg,354,RubbishBins
c001,011082.jpg,188,trafficsignal
c001,011083.jpg,698,trafficsignal
c003,011084.jpg,421,trafficsignal
c002,011085.jpg,701,trafficsignal
c002,011086.jpg,318,Container
c001,011087.jpg,428,trafficsignal
c001,011088.jpg,63,trafficsignal
c002,011089.jpg,665,Crosswalk
c002,011090.jpg,418,RubbishBins
c001,011091.jpg,1056,trafficsignal
c002,011092.jpg,981,trafficsignal
c003,011093.jpg,672,trafficsignal
c001,011094.jpg,386,trafficsignal
c002,011095.jpg,241,Container
c001,011096.jpg,77,Container
c003,011097.jpg,131,RubbishBins
c002,011098.jpg,888,RubbishBins
c003,011099.jpg,651,Container
c002,011100.jpg,8,Container
c001,011101.jpg,974,trafficsignal
c003,011102.jpg,347,trafficsignal
c002,011103.jpg,270,trafficsignal
c001,011104.jpg,1082,trafficsignal
c003,011105.jpg,695,trafficsignal
c003,011106.jpg,1029,RubbishBins
c003,011107.jpg,1051,Crosswalk
c003,011108.jpg,652,trafficsignal
c001,011109.jpg,310,RubbishBins
c001,011110.jpg,911,Container
c003,011111.jpg,950,trafficsignal
c001,011112.jpg,841,trafficsignal
c003,011113.jpg,20,Crosswalk
c003,011114.jpg,428,trafficsignal
c003,011115.jpg,778,trafficsignal
c002,011116.jpg,483,RubbishBins
c001,011117.jpg,672,trafficsignal
c001,011118.jpg,959,RubbishBins
c001,011119.jpg,430,RubbishBins
c001,011120.jpg,142,Crosswalk
c001,011121.jpg,414,trafficsignal
c001,011122.jpg,642,trafficsignal
c001,011123.jpg,984,trafficsignal
c002,011124.jpg,212,trafficsignal
c001,011125.jpg,988,Container
c002,011126.jpg,918,trafficsignal
c001,011127.jpg,318,Container
c003,011128.jpg,189,trafficsignal
c002,011129.jpg,549,trafficsignal
c003,011130.jpg,507,trafficsignal
c001,011131.jpg,671,trafficsignal
c003,011132.jpg,94,trafficsignal
c001,011133.jpg,16,trafficsignal
c002,011134.jpg,152,trafficsignal
c003,011135.jpg,563,trafficsignal
c001,011136.jpg,321,trafficsignal
c001,011137.jpg,545,trafficsignal
c001,011138.jpg,890,trafficsignal
c003,011139.jpg,1077,trafficsignal
c003,011140.jpg,661,trafficsignal
c003,011141.jpg,446,trafficsignal
c001,011142.jpg,381,trafficsignal
c003,011143.jpg,1022,trafficsignal
c002,011144.jpg,342,trafficsignal
c002,011145.jpg,240,Crosswalk
c001,011146.jpg,384,trafficsignal
c001,011147.jpg,1061,trafficsignal
c003,011148.jpg,611,trafficsignal
c002,011149.jpg,482,Container
c001,011150.jpg,188,trafficsignal
c001,011151.jpg,584,trafficsignal
c003,011152.jpg,144,Crosswalk
c002,011153.jpg,91,trafficsignal
c003,011154.jpg,795,trafficsignal
c001,011155.jpg,600,trafficsignal
c001,011156.jpg,946,Container
c001,011157.jpg,532,RubbishBins
c001,011158.jpg,1083,RubbishBins
c003,011159.jpg,740,Container
c002,011160.jpg,641,Crosswalk
c001,011161.jpg,817,trafficsignal
c003,011162.jpg,833,trafficsignal
c001,011163.jpg,1081,trafficsignal
c003,011164.jpg,264,trafficsignal
c001,011165.jpg,853,trafficsignal
c003,011166.jpg,525,trafficsignal
c002,011167.jpg,538,trafficsignal
c002,011168.jpg,264,trafficsignal
c003,011169.jpg,728,trafficsignal
c001,011170.jpg,282,trafficsignal
c002,011171.jpg,149,trafficsignal
c001,011172.jpg,264,trafficsignal
c002,011173.jpg,1066,Crosswalk
c002,011174.jpg,874,trafficsignal
c002,011175.jpg,156,trafficsignal
c001,011176.jpg,1,Crosswalk
c002,011177.jpg,2,Crosswalk
c002,011178.jpg,3,Container
c003,011179.jpg,4,Container
c003,011180.jpg,5,TrafficSign
c004,011181.jpg,6,Crosswalk
c002,011182.jpg,7,Crosswalk
c003,011183.jpg,8,TrafficSign
c004,011184.jpg,9,Container
c003,011185.jpg,10,TrafficSign
c003,011186.jpg,11,TrafficSign
c001,011187.jpg,12,TrafficSign
c001,011188.jpg,13,Crosswalk
c002,011189.jpg,14,Crosswalk
c003,011190.jpg,15,TrafficSign
c002,011191.jpg,16,TrafficSign
c004,011192.jpg,17,Container
c001,011193.jpg,18,RubbishBins
c003,011194.jpg,19,RubbishBins
c002,011195.jpg,20,TrafficSign
c002,011196.jpg,21,TrafficSign
c003,011197.jpg,3,Container
c004,011198.jpg,22,Container
c003,011199.jpg,23,Container
c002,011200.jpg,24,TrafficSign
c001,011201.jpg,25,Crosswalk
c001,011202.jpg,26,TrafficSign
c002,011203.jpg,27,Container
c001,011204.jpg,28,Crosswalk
c003,011205.jpg,29,TrafficSign
c003,011206.jpg,30,TrafficSign
c003,011207.jpg,31,Crosswalk
c004,011208.jpg,32,Container
c003,011209.jpg,33,TrafficSign
c001,011210.jpg,34,TrafficSign
c003,011211.jpg,35,TrafficSign
c001,011212.jpg,36,RubbishBins
c001,011213.jpg,3,Container
c003,011214.jpg,37,TrafficSign
c002,011215.jpg,36,RubbishBins
c002,011216.jpg,38,RubbishBins
c003,011217.jpg,39,TrafficSign
c002,011218.jpg,19,RubbishBins
c001,011219.jpg,40,Container
c002,011220.jpg,41,Container
c003,011221.jpg,41,Container
c003,011222.jpg,42,Container
c004,011223.jpg,43,Container
c003,011224.jpg,44,TrafficSign
c003,011225.jpg,45,TrafficSign
c003,011226.jpg,6,Crosswalk
c004,011227.jpg,46,Container
c002,011228.jpg,31,Crosswalk
c002,011229.jpg,47,TrafficSign
c003,011230.jpg,48,TrafficSign
c003,011231.jpg,49,TrafficSign
c001,011232.jpg,50,Container
c001,011233.jpg,3,Container
c003,011234.jpg,51,TrafficSign
c001,011235.jpg,26,TrafficSign
c003,011236.jpg,52,RubbishBins
c004,011237.jpg,53,Crosswalk
c003,011238.jpg,54,TrafficSign
c003,011239.jpg,55,Container
c003,011240.jpg,56,Crosswalk
c001,011241.jpg,57,RubbishBins
c003,011242.jpg,55,Container
c001,011243.jpg,58,TrafficSign
c003,011244.jpg,59,TrafficSign
c003,011245.jpg,60,Crosswalk
c004,011246.jpg,61,Container
c001,011247.jpg,62,TrafficSign
c003,011248.jpg,63,TrafficSign
c002,011249.jpg,64,TrafficSign
c003,011250.jpg,65,TrafficSign
c003,011251.jpg,66,TrafficSign
c003,011252.jpg,67,TrafficSign
c002,011253.jpg,68,Container
c003,011254.jpg,69,TrafficSign
c004,011255.jpg,55,Container
c004,011256.jpg,70,Container
c003,011257.jpg,5,TrafficSign
c002,011258.jpg,27,Container
c003,011259.jpg,71,Crosswalk
c004,011260.jpg,70,Container
c003,011261.jpg,24,TrafficSign
c002,011262.jpg,72,Container
c003,011263.jpg,27,Container
c002,011264.jpg,73,TrafficSign
c003,011265.jpg,70,Container
c003,011266.jpg,62,TrafficSign
c001,011267.jpg,24,TrafficSign
c003,011268.jpg,74,TrafficSign
c003,011269.jpg,75,TrafficSign
c001,011270.jpg,76,Container
c003,011271.jpg,77,TrafficSign
c001,011272.jpg,78,Crosswalk
c003,011273.jpg,21,TrafficSign
c003,011274.jpg,66,TrafficSign
c003,011275.jpg,49,TrafficSign
c002,011276.jpg,79,Crosswalk
c001,011277.jpg,80,TrafficSign
c001,011278.jpg,64,TrafficSign
c004,011279.jpg,81,Crosswalk
c004,011280.jpg,82,Container
c001,011281.jpg,83,TrafficSign
c001,011282.jpg,84,Crosswalk
c003,011283.jpg,85,Container
c003,011284.jpg,86,TrafficSign
c002,011285.jpg,87,Crosswalk
c003,011286.jpg,88,TrafficSign
c001,011287.jpg,89,TrafficSign
c003,011288.jpg,90,TrafficSign
c003,011289.jpg,91,TrafficSign
c004,011290.jpg,14,Crosswalk
c003,011291.jpg,92,TrafficSign
c001,011292.jpg,93,Crosswalk
c002,011293.jpg,23,Container
c001,011294.jpg,36,RubbishBins
c002,011295.jpg,94,TrafficSign
c003,011296.jpg,95,TrafficSign
c003,011297.jpg,55,Container
c003,011298.jpg,51,TrafficSign
c003,011299.jpg,96,TrafficSign
c001,011300.jpg,97,TrafficSign
c001,011301.jpg,98,TrafficSign
c001,011302.jpg,99,TrafficSign
c003,011303.jpg,92,TrafficSign
c003,011304.jpg,100,TrafficSign
c001,011305.jpg,101,TrafficSign
c004,011306.jpg,102,Container
c001,011307.jpg,103,TrafficSign
c002,011308.jpg,45,TrafficSign
c001,011309.jpg,104,Crosswalk
c003,011310.jpg,105,TrafficSign
c003,011311.jpg,78,Crosswalk
c003,011312.jpg,106,Crosswalk
c003,011313.jpg,107,TrafficSign
c001,011314.jpg,53,Crosswalk
c003,011315.jpg,45,TrafficSign
c002,011316.jpg,100,TrafficSign
c001,011317.jpg,90,TrafficSign
c003,011318.jpg,108,TrafficSign
c003,011319.jpg,73,TrafficSign
c003,011320.jpg,109,TrafficSign
c002,011321.jpg,110,Container
c001,011322.jpg,111,RubbishBins
c002,011323.jpg,112,TrafficSign
c003,011324.jpg,113,TrafficSign
c001,011325.jpg,114,TrafficSign
c001,011326.jpg,14,Crosswalk
c003,011327.jpg,115,RubbishBins
c003,011328.jpg,116,TrafficSign
c003,011329.jpg,117,Container
c001,011330.jpg,118,TrafficSign
c003,011331.jpg,119,Crosswalk
c003,011332.jpg,29,TrafficSign
c002,011333.jpg,8,TrafficSign
c002,011334.jpg,120,Container
c003,011335.jpg,2,Crosswalk
c002,011336.jpg,121,TrafficSign
c002,011337.jpg,122,Crosswalk
c003,011338.jpg,9,Container
c001,011339.jpg,3,Container
c003,011340.jpg,48,TrafficSign
c003,011341.jpg,123,TrafficSign
c004,011342.jpg,124,RubbishBins
c002,011343.jpg,125,TrafficSign
c004,011344.jpg,9,Container
c004,011345.jpg,126,Crosswalk
c003,011346.jpg,113,TrafficSign
c003,011347.jpg,127,TrafficSign
c001,011348.jpg,128,TrafficSign
c002,011349.jpg,70,Container
c003,011350.jpg,3,Container
c002,011351.jpg,129,TrafficSign
c003,011352.jpg,130,TrafficSign
c001,011353.jpg,131,TrafficSign
c004,011354.jpg,70,Container
c003,011355.jpg,132,TrafficSign
c001,011356.jpg,105,TrafficSign
c001,011357.jpg,133,Container
c003,011358.jpg,101,TrafficSign
c001,011359.jpg,104,Crosswalk
c004,011360.jpg,134,Crosswalk
c003,011361.jpg,135,Container
c003,011362.jpg,136,TrafficSign
c004,011363.jpg,137,RubbishBins
c003,011364.jpg,138,Crosswalk
c002,011365.jpg,9,Container
c002,011366.jpg,9,Container
c001,011367.jpg,139,TrafficSign
c003,011368.jpg,140,TrafficSign
c004,011369.jpg,87,Crosswalk
c004,011370.jpg,60,Crosswalk
c002,011371.jpg,99,TrafficSign
c004,011372.jpg,141,RubbishBins
c001,011373.jpg,70,Container
c001,011374.jpg,103,TrafficSign
c002,011375.jpg,142,TrafficSign
c004,011376.jpg,143,Crosswalk
c003,011377.jpg,118,TrafficSign
c003,011378.jpg,74,TrafficSign
c002,011379.jpg,144,TrafficSign
c003,011380.jpg,145,TrafficSign
c002,011381.jpg,146,TrafficSign
c003,011382.jpg,147,TrafficSign
c003,011383.jpg,32,Container
c002,011384.jpg,148,TrafficSign
c001,011385.jpg,42,Container
c003,011386.jpg,149,Container
c003,011387.jpg,150,TrafficSign
c001,011388.jpg,151,TrafficSign
c002,011389.jpg,32,Container
c002,011390.jpg,152,TrafficSign
c003,011391.jpg,153,TrafficSign
c003,011392.jpg,154,TrafficSign
c002,011393.jpg,128,TrafficSign
c003,011394.jpg,155,TrafficSign
c003,011395.jpg,156,Container
c003,011396.jpg,26,TrafficSign
c001,011397.jpg,157,Crosswalk
c004,011398.jpg,117,Container
c004,011399.jpg,158,RubbishBins
c002,011400.jpg,159,TrafficSign
c002,011401.jpg,160,TrafficSign
c002,011402.jpg,161,TrafficSign
c002,011403.jpg,162,TrafficSign
c003,011404.jpg,142,TrafficSign
c001,011405.jpg,163,Container
c003,011406.jpg,60,Crosswalk
c001,011407.jpg,164,Crosswalk
c003,011408.jpg,165,TrafficSign
c001,011409.jpg,162,TrafficSign
c002,011410.jpg,133,Container
c003,011411.jpg,166,TrafficSign
c002,011412.jpg,167,TrafficSign
c003,011413.jpg,168,Container
c003,011414.jpg,153,TrafficSign
c003,011415.jpg,169,TrafficSign
c003,011416.jpg,170,TrafficSign
c003,011417.jpg,171,TrafficSign
c004,011418.jpg,172,Crosswalk
c004,011419.jpg,173,Crosswalk
c001,011420.jpg,23,Container
c003,011421.jpg,174,TrafficSign
c003,011422.jpg,175,TrafficSign
c004,011423.jpg,9,Container
c002,011424.jpg,176,TrafficSign
c001,011425.jpg,81,Crosswalk
c001,011426.jpg,137,RubbishBins
c003,011427.jpg,177,TrafficSign
c003,011428.jpg,34,TrafficSign
c002,011429.jpg,178,TrafficSign
c004,011430.jpg,179,RubbishBins
c001,011431.jpg,180,Crosswalk
c001,011432.jpg,3,Container
c002,011433.jpg,181,Crosswalk
c004,011434.jpg,182,Crosswalk
c003,011435.jpg,183,Crosswalk
c003,011436.jpg,20,TrafficSign
c003,011437.jpg,184,TrafficSign
c002,011438.jpg,27,Container
c001,011439.jpg,185,Crosswalk
c002,011440.jpg,186,Crosswalk
c003,011441.jpg,187,TrafficSign
c002,011442.jpg,188,Container
c003,011443.jpg,189,TrafficSign
c003,011444.jpg,190,RubbishBins
c002,011445.jpg,40,Container
c003,011446.jpg,191,Crosswalk
c003,011447.jpg,192,Container
c003,011448.jpg,4,Container
c003,011449.jpg,193,TrafficSign
c002,011450.jpg,109,TrafficSign
c003,011451.jpg,194,TrafficSign
c003,011452.jpg,17,Container
c002,011453.jpg,195,TrafficSign
c002,011454.jpg,62,TrafficSign
c003,011455.jpg,196,Crosswalk
c001,011456.jpg,197,Container
c003,011457.jpg,34,TrafficSign
c003,011458.jpg,198,Container
c001,011459.jpg,55,Container
c001,011460.jpg,197,Container
c001,011461.jpg,199,TrafficSign
c001,011462.jpg,18,RubbishBins
c002,011463.jpg,200,Crosswalk
c003,011464.jpg,72,Container
c001,011465.jpg,36,RubbishBins
c002,011466.jpg,201,Container
c001,011467.jpg,202,Crosswalk
c002,011468.jpg,196,Crosswalk
c003,011469.jpg,42,Container
c001,011470.jpg,68,Container
c002,011471.jpg,40,Container
c004,011472.jpg,203,Container
c001,011473.jpg,204,TrafficSign
c003,011474.jpg,205,TrafficSign
c001,011475.jpg,51,TrafficSign
c003,011476.jpg,206,TrafficSign
c003,011477.jpg,156,Container
c002,011478.jpg,38,RubbishBins
c003,011479.jpg,164,Crosswalk
c001,011480.jpg,42,Container
c002,011481.jpg,172,Crosswalk
c001,011482.jpg,207,Container
c003,011483.jpg,12,TrafficSign
c003,011484.jpg,204,TrafficSign
c002,011485.jpg,208,Crosswalk
c003,011486.jpg,154,TrafficSign
c003,011487.jpg,209,Crosswalk
c004,011488.jpg,19,RubbishBins
c003,011489.jpg,59,TrafficSign
c002,011490.jpg,210,TrafficSign
c004,011491.jpg,211,Crosswalk
c001,011492.jpg,180,Crosswalk
c002,011493.jpg,212,TrafficSign
c001,011494.jpg,127,TrafficSign
c002,011495.jpg,213,Crosswalk
c003,011496.jpg,214,TrafficSign
c001,011497.jpg,215,TrafficSign
c003,011498.jpg,216,TrafficSign
c001,011499.jpg,217,TrafficSign
c003,011500.jpg,145,TrafficSign
c003,011501.jpg,178,TrafficSign
c002,011502.jpg,57,RubbishBins
c001,011503.jpg,218,Container
c002,011504.jpg,28,Crosswalk
c001,011505.jpg,219,Crosswalk
c002,011506.jpg,55,Container
c001,011507.jpg,220,Crosswalk
c002,011508.jpg,221,Crosswalk
c003,011509.jpg,222,TrafficSign
c001,011510.jpg,134,Crosswalk
c003,011511.jpg,94,TrafficSign
c002,011512.jpg,24,TrafficSign
c001,011513.jpg,223,Crosswalk
c003,011514.jpg,59,TrafficSign
c002,011515.jpg,224,TrafficSign
c001,011516.jpg,94,TrafficSign
c003,011517.jpg,105,TrafficSign
c002,011518.jpg,24,TrafficSign
c003,011519.jpg,225,TrafficSign
c003,011520.jpg,135,Container
c003,011521.jpg,60,Crosswalk
c003,011522.jpg,226,TrafficSign
c003,011523.jpg,227,Container
c001,011524.jpg,101,TrafficSign
c002,011525.jpg,228,TrafficSign
c001,011526.jpg,229,TrafficSign
c002,011527.jpg,207,Container
c002,011528.jpg,141,RubbishBins
c004,011529.jpg,230,Container
c002,011530.jpg,62,TrafficSign
c002,011531.jpg,219,Crosswalk
c001,011532.jpg,231,TrafficSign
c003,011533.jpg,232,TrafficSign
c002,011534.jpg,155,TrafficSign
c002,011535.jpg,233,TrafficSign
c001,011536.jpg,61,Container
c001,011537.jpg,44,TrafficSign
c003,011538.jpg,234,Crosswalk
c003,011539.jpg,235,TrafficSign
c002,011540.jpg,236,TrafficSign
c002,011541.jpg,237,TrafficSign
c003,011542.jpg,238,TrafficSign
c004,011543.jpg,239,RubbishBins
c004,011544.jpg,17,Container
c004,011545.jpg,156,Container
c002,011546.jpg,240,RubbishBins
c001,011547.jpg,157,Crosswalk
c001,011548.jpg,17,Container
c001,011549.jpg,241,Container
c002,011550.jpg,242,Container
c003,011551.jpg,243,TrafficSign
c003,011552.jpg,15,TrafficSign
c001,011553.jpg,212,TrafficSign
c003,011554.jpg,244,TrafficSign
c002,011555.jpg,42,Container
c002,011556.jpg,245,Container
c001,011557.jpg,246,TrafficSign
c003,011558.jpg,136,TrafficSign
c001,011559.jpg,167,TrafficSign
c002,011560.jpg,247,Container
c003,011561.jpg,248,TrafficSign
c003,011562.jpg,249,Crosswalk
c003,011563.jpg,59,TrafficSign
c002,011564.jpg,197,Container
c001,011565.jpg,2,Crosswalk
c002,011566.jpg,241,Container
c003,011567.jpg,250,TrafficSign
c003,011568.jpg,77,TrafficSign
c002,011569.jpg,16,TrafficSign
c001,011570.jpg,21,TrafficSign
c003,011571.jpg,251,TrafficSign
c003,011572.jpg,252,TrafficSign
c001,011573.jpg,253,Container
c002,011574.jpg,91,TrafficSign
c002,011575.jpg,137,RubbishBins
c004,011576.jpg,254,Crosswalk
c003,011577.jpg,247,Container
c003,011578.jpg,40,Container
c003,011579.jpg,2,Crosswalk
c003,011580.jpg,255,TrafficSign
c002,011581.jpg,136,TrafficSign
c004,011582.jpg,32,Container
c003,011583.jpg,256,TrafficSign
c002,011584.jpg,257,RubbishBins
c001,011585.jpg,258,TrafficSign
c003,011586.jpg,121,TrafficSign
c002,011587.jpg,61,Container
c001,011588.jpg,124,RubbishBins
c001,011589.jpg,259,TrafficSign
c001,011590.jpg,253,Container
c002,011591.jpg,51,TrafficSign
c003,011592.jpg,260,TrafficSign
c001,011593.jpg,261,Crosswalk
c002,011594.jpg,262,TrafficSign
c001,011595.jpg,263,TrafficSign
c003,011596.jpg,264,TrafficSign
c004,011597.jpg,43,Container
c003,011598.jpg,251,TrafficSign
c001,011599.jpg,265,Crosswalk
c001,011600.jpg,6,Crosswalk
c002,011601.jpg,247,Container
c003,011602.jpg,87,Crosswalk
c003,011603.jpg,266,TrafficSign
c004,011604.jpg,267,Crosswalk
c003,011605.jpg,268,TrafficSign
c004,011606.jpg,61,Container
c002,011607.jpg,200,Crosswalk
c001,011608.jpg,87,Crosswalk
c004,011609.jpg,209,Crosswalk
c003,011610.jpg,4,Container
c004,011611.jpg,110,Container
c003,011612.jpg,44,TrafficSign
c003,011613.jpg,269,TrafficSign
c003,011614.jpg,210,TrafficSign
c003,011615.jpg,103,TrafficSign
c003,011616.jpg,270,Crosswalk
c003,011617.jpg,271,TrafficSign
c004,011618.jpg,270,Crosswalk
c001,011619.jpg,192,Container
c001,011620.jpg,65,TrafficSign
c002,011621.jpg,81,Crosswalk
c001,011622.jpg,198,Container
c003,011623.jpg,101,TrafficSign
c003,011624.jpg,272,TrafficSign
c003,011625.jpg,14,Crosswalk
c003,011626.jpg,273,TrafficSign
c002,011627.jpg,117,Container
c001,011628.jpg,8,TrafficSign
c003,011629.jpg,274,TrafficSign
c003,011630.jpg,49,TrafficSign
c002,011631.jpg,253,Container
c003,011632.jpg,235,TrafficSign
c004,011633.jpg,275,Crosswalk
c003,011634.jpg,276,Crosswalk
c004,011635.jpg,55,Container
c004,011636.jpg,85,Container
c002,011637.jpg,32,Container
c004,011638.jpg,9,Container
c003,011639.jpg,171,TrafficSign
c003,011640.jpg,217,TrafficSign
c003,011641.jpg,26,TrafficSign
c001,011642.jpg,6,Crosswalk
c001,011643.jpg,277,TrafficSign
c003,011644.jpg,171,TrafficSign
c004,011645.jpg,50,Container
c002,011646.jpg,43,Container
c004,011647.jpg,278,RubbishBins
c003,011648.jpg,105,TrafficSign
c003,011649.jpg,19,RubbishBins
c003,011650.jpg,86,TrafficSign
c001,011651.jpg,194,TrafficSign
c001,011652.jpg,241,Container
c001,011653.jpg,251,TrafficSign
c002,011654.jpg,279,TrafficSign
c001,011655.jpg,95,TrafficSign
c003,011656.jpg,87,Crosswalk
c003,011657.jpg,280,TrafficSign
c004,011658.jpg,18,RubbishBins
c001,011659.jpg,281,TrafficSign
c003,011660.jpg,282,TrafficSign
c001,011661.jpg,247,Container
c001,011662.jpg,283,TrafficSign
c002,011663.jpg,166,TrafficSign
c002,011664.jpg,175,TrafficSign
c002,011665.jpg,263,TrafficSign
c002,011666.jpg,284,TrafficSign
c001,011667.jpg,188,Container
c002,011668.jpg,253,Container
c002,011669.jpg,219,Crosswalk
c002,011670.jpg,109,TrafficSign
c001,011671.jpg,177,TrafficSign
c002,011672.jpg,121,TrafficSign
c002,011673.jpg,38,RubbishBins
c001,011674.jpg,74,TrafficSign
c001,011675.jpg,285,Crosswalk
c004,011676.jpg,286,Crosswalk
c002,011677.jpg,127,TrafficSign
c001,011678.jpg,287,Container
c002,011679.jpg,19,RubbishBins
c001,011680.jpg,288,Container
c002,011681.jpg,70,Container
c001,011682.jpg,170,TrafficSign
c003,011683.jpg,42,Container
c002,011684.jpg,26,TrafficSign
c001,011685.jpg,164,Crosswalk
c001,011686.jpg,64,TrafficSign
c003,011687.jpg,289,TrafficSign
c001,011688.jpg,290,Container
c001,011689.jpg,42,Container
c004,011690.jpg,197,Container
c003,011691.jpg,129,TrafficSign
c002,011692.jpg,76,Container
c002,011693.jpg,291,Container
c001,011694.jpg,119,Crosswalk
c001,011695.jpg,292,TrafficSign
c002,011696.jpg,238,TrafficSign
c003,011697.jpg,293,TrafficSign
c003,011698.jpg,38,RubbishBins
c002,011699.jpg,50,Container
c002,011700.jpg,294,TrafficSign
c002,011701.jpg,55,Container
c003,011702.jpg,32,Container
c002,011703.jpg,70,Container
c002,011704.jpg,295,TrafficSign
c004,011705.jpg,197,Container
c002,011706.jpg,135,Container
c001,011707.jpg,296,TrafficSign
c001,011708.jpg,241,Container
c002,011709.jpg,100,TrafficSign
c001,011710.jpg,154,TrafficSign
c002,011711.jpg,184,TrafficSign
c002,011712.jpg,227,Container
c003,011713.jpg,34,TrafficSign
c002,011714.jpg,126,Crosswalk
c003,011715.jpg,58,TrafficSign
c002,011716.jpg,156,Container
c001,011717.jpg,297,Crosswalk
c003,011718.jpg,147,TrafficSign
c001,011719.jpg,87,Crosswalk
c004,011720.jpg,3,Container
c003,011721.jpg,91,TrafficSign
c002,011722.jpg,65,TrafficSign
c003,011723.jpg,276,Crosswalk
c002,011724.jpg,298,TrafficSign
c002,011725.jpg,107,TrafficSign
c002,011726.jpg,32,Container
c003,011727.jpg,94,TrafficSign
c003,011728.jpg,294,TrafficSign
c002,011729.jpg,193,TrafficSign
c003,011730.jpg,55,Container
c001,011731.jpg,299,RubbishBins
c002,011732.jpg,22,Container
c003,011733.jpg,300,TrafficSign
c003,011734.jpg,99,TrafficSign
c001,011735.jpg,301,TrafficSign
c001,011736.jpg,302,Crosswalk
c003,011737.jpg,272,TrafficSign
c001,011738.jpg,120,Container
c002,011739.jpg,303,Crosswalk
c002,011740.jpg,304,TrafficSign
c002,011741.jpg,144,TrafficSign
c002,011742.jpg,134,Crosswalk
c002,011743.jpg,133,Container
c003,011744.jpg,62,TrafficSign
c001,011745.jpg,198,Container
c001,011746.jpg,58,TrafficSign
c001,011747.jpg,197,Container
c002,011748.jpg,243,TrafficSign
c003,011749.jpg,296,TrafficSign
c001,011750.jpg,110,Container
c003,011751.jpg,87,Crosswalk
c002,011752.jpg,101,TrafficSign
c001,011753.jpg,305,TrafficSign
c004,011754.jpg,168,Container
c003,011755.jpg,181,Crosswalk
c004,011756.jpg,306,Crosswalk
c001,011757.jpg,69,TrafficSign
c001,011758.jpg,174,TrafficSign
c002,011759.jpg,164,Crosswalk
c001,011760.jpg,104,Crosswalk
c003,011761.jpg,307,TrafficSign
c002,011762.jpg,137,RubbishBins
c003,011763.jpg,308,TrafficSign
c001,011764.jpg,309,Container
c002,011765.jpg,310,TrafficSign
c001,011766.jpg,311,Crosswalk
c001,011767.jpg,312,TrafficSign
c002,011768.jpg,253,Container
c002,011769.jpg,211,Crosswalk
c003,011770.jpg,313,Crosswalk
c001,011771.jpg,163,Container
c002,011772.jpg,253,Container
c004,011773.jpg,211,Crosswalk
c003,011774.jpg,112,TrafficSign
c002,011775.jpg,9,Container
c003,011776.jpg,110,Container
c003,011777.jpg,314,Crosswalk
c002,011778.jpg,40,Container
c001,011779.jpg,282,TrafficSign
c001,011780.jpg,252,TrafficSign
c004,011781.jpg,315,Container
c003,011782.jpg,17,Container
c001,011783.jpg,316,TrafficSign
c001,011784.jpg,317,Crosswalk
c002,011785.jpg,9,Container
c003,011786.jpg,318,TrafficSign
c003,011787.jpg,10,TrafficSign
c001,011788.jpg,201,Container
c004,011789.jpg,191,Crosswalk
c003,011790.jpg,304,TrafficSign
c001,011791.jpg,319,TrafficSign
c001,011792.jpg,245,Container
c003,011793.jpg,320,Crosswalk
c003,011794.jpg,321,TrafficSign
c002,011795.jpg,164,Crosswalk
c001,011796.jpg,322,TrafficSign
c002,011797.jpg,265,Crosswalk
c003,011798.jpg,116,TrafficSign
c001,011799.jpg,17,Container
c002,011800.jpg,18,RubbishBins
c004,011801.jpg,157,Crosswalk
c002,011802.jpg,51,TrafficSign
c004,011803.jpg,211,Crosswalk
c001,011804.jpg,116,TrafficSign
c003,011805.jpg,207,Container
c002,011806.jpg,65,TrafficSign
c002,011807.jpg,176,TrafficSign
c003,011808.jpg,272,TrafficSign
c004,011809.jpg,27,Container
c004,011810.jpg,323,RubbishBins
c002,011811.jpg,34,TrafficSign
c003,011812.jpg,192,Container
c003,011813.jpg,324,Crosswalk
c001,011814.jpg,218,Container
c003,011815.jpg,228,TrafficSign
c002,011816.jpg,325,TrafficSign
c002,011817.jpg,86,TrafficSign
c003,011818.jpg,266,TrafficSign
c002,011819.jpg,271,TrafficSign
c003,011820.jpg,157,Crosswalk
c003,011821.jpg,81,Crosswalk
c001,011822.jpg,326,TrafficSign
c001,011823.jpg,155,TrafficSign
c003,011824.jpg,14,Crosswalk
c002,011825.jpg,291,Container
c002,011826.jpg,327,TrafficSign
c003,011827.jpg,84,Crosswalk
c004,011828.jpg,328,Crosswalk
c003,011829.jpg,329,TrafficSign
c003,011830.jpg,164,Crosswalk
c003,011831.jpg,321,TrafficSign
c001,011832.jpg,101,TrafficSign
c003,011833.jpg,306,Crosswalk
c003,011834.jpg,330,TrafficSign
c003,011835.jpg,145,TrafficSign
c001,011836.jpg,331,Container
c001,011837.jpg,181,Crosswalk
c003,011838.jpg,256,TrafficSign
c002,011839.jpg,138,Crosswalk
c003,011840.jpg,35,TrafficSign
c001,011841.jpg,9,Container
c003,011842.jpg,49,TrafficSign
c001,011843.jpg,332,Crosswalk
c001,011844.jpg,70,Container
c003,011845.jpg,241,Container
c001,011846.jpg,333,Crosswalk
c003,011847.jpg,334,TrafficSign
c003,011848.jpg,131,TrafficSign
c001,011849.jpg,216,TrafficSign
c004,011850.jpg,143,Crosswalk
c002,011851.jpg,335,TrafficSign
c002,011852.jpg,272,TrafficSign
c001,011853.jpg,336,Crosswalk
c003,011854.jpg,9,Container
c001,011855.jpg,267,Crosswalk
c002,011856.jpg,337,TrafficSign
c004,011857.jpg,249,Crosswalk
c003,011858.jpg,314,Crosswalk
c002,011859.jpg,248,TrafficSign
c001,011860.jpg,317,Crosswalk
c003,011861.jpg,110,Container
c003,011862.jpg,113,TrafficSign
c001,011863.jpg,338,TrafficSign
c003,011864.jpg,159,TrafficSign
c001,011865.jpg,339,Container
c001,011866.jpg,18,RubbishBins
c003,011867.jpg,27,Container
c002,011868.jpg,340,TrafficSign
c001,011869.jpg,223,Crosswalk
c003,011870.jpg,35,TrafficSign
c004,011871.jpg,9,Container
c003,011872.jpg,78,Crosswalk
c003,011873.jpg,246,TrafficSign
c001,011874.jpg,316,TrafficSign
c002,011875.jpg,87,Crosswalk
c003,011876.jpg,28,Crosswalk
c002,011877.jpg,26,TrafficSign
c003,011878.jpg,72,Container
c004,011879.jpg,53,Crosswalk
c002,011880.jpg,282,TrafficSign
c003,011881.jpg,297,Crosswalk
c001,011882.jpg,129,TrafficSign
c002,011883.jpg,50,Container
c003,011884.jpg,13,Crosswalk
c003,011885.jpg,83,TrafficSign
c004,011886.jpg,242,Container
c001,011887.jpg,134,Crosswalk
c002,011888.jpg,19,RubbishBins
c001,011889.jpg,234,Crosswalk
c002,011890.jpg,341,Crosswalk
c002,011891.jpg,335,TrafficSign
c004,011892.jpg,185,Crosswalk
c003,011893.jpg,160,TrafficSign
c003,011894.jpg,167,TrafficSign
c001,011895.jpg,342,TrafficSign
c004,011896.jpg,9,Container
c003,011897.jpg,37,TrafficSign
c004,011898.jpg,9,Container
c004,011899.jpg,343,Crosswalk
c001,011900.jpg,110,Container
c004,011901.jpg,22,Container
c002,011902.jpg,211,Crosswalk
c002,011903.jpg,146,TrafficSign
c001,011904.jpg,183,Crosswalk
c002,011905.jpg,44,TrafficSign
c003,011906.jpg,69,TrafficSign
c003,011907.jpg,341,Crosswalk
c002,011908.jpg,290,Container
c004,011909.jpg,344,Crosswalk
c002,011910.jpg,345,Crosswalk
c003,011911.jpg,346,TrafficSign
c001,011912.jpg,122,Crosswalk
c001,011913.jpg,127,TrafficSign
c003,011914.jpg,337,TrafficSign
c001,011915.jpg,335,TrafficSign
c004,011916.jpg,183,Crosswalk
c002,011917.jpg,108,TrafficSign
c003,011918.jpg,188,Container
c003,011919.jpg,295,TrafficSign
c002,011920.jpg,246,TrafficSign
c001,011921.jpg,122,Crosswalk
c001,011922.jpg,191,Crosswalk
c003,011923.jpg,285,Crosswalk
c001,011924.jpg,338,TrafficSign
c003,011925.jpg,184,TrafficSign
c002,011926.jpg,89,TrafficSign
c002,011927.jpg,271,TrafficSign
c002,011928.jpg,347,RubbishBins
c004,011929.jpg,4,Container
c003,011930.jpg,62,TrafficSign
c003,011931.jpg,333,Crosswalk
c003,011932.jpg,265,Crosswalk
c002,011933.jpg,348,TrafficSign
c002,011934.jpg,346,TrafficSign
c003,011935.jpg,55,Container
c001,011936.jpg,156,Container
c001,011937.jpg,255,TrafficSign
c001,011938.jpg,253,Container
c001,011939.jpg,291,Container
c003,011940.jpg,349,TrafficSign
c003,011941.jpg,307,TrafficSign
c004,011942.jpg,143,Crosswalk
c004,011943.jpg,156,Container
c001,011944.jpg,266,TrafficSign
c002,011945.jpg,244,TrafficSign
c002,011946.jpg,35,TrafficSign
c003,011947.jpg,64,TrafficSign
c001,011948.jpg,350,Container
c002,011949.jpg,277,TrafficSign
c003,011950.jpg,269,TrafficSign
c004,011951.jpg,50,Container
c001,011952.jpg,286,Crosswalk
c001,011953.jpg,351,TrafficSign
c002,011954.jpg,230,Container
c004,011955.jpg,68,Container
c002,011956.jpg,352,TrafficSign
c001,011957.jpg,315,Container
c001,011958.jpg,353,TrafficSign
c002,011959.jpg,354,RubbishBins
c003,011960.jpg,334,TrafficSign
c002,011961.jpg,355,Crosswalk
c002,011962.jpg,356,TrafficSign
c003,011963.jpg,146,TrafficSign
c003,011964.jpg,17,Container
c001,011965.jpg,297,Crosswalk
c003,011966.jpg,203,Container
c003,011967.jpg,11,TrafficSign
c001,011968.jpg,240,RubbishBins
c003,011969.jpg,163,Container
c003,011970.jpg,235,TrafficSign
c001,011971.jpg,200,Crosswalk
c003,011972.jpg,357,TrafficSign
c003,011973.jpg,216,TrafficSign
c001,011974.jpg,55,Container
c003,011975.jpg,358,Crosswalk
c003,011976.jpg,359,TrafficSign
c001,011977.jpg,253,Container
c003,011978.jpg,351,TrafficSign
c001,011979.jpg,216,TrafficSign
c003,011980.jpg,9,Container
c002,011981.jpg,170,TrafficSign
c001,011982.jpg,262,TrafficSign
c002,011983.jpg,287,Container
c002,011984.jpg,254,Crosswalk
c003,011985.jpg,299,RubbishBins
c003,011986.jpg,360,TrafficSign
c001,011987.jpg,272,TrafficSign
c003,011988.jpg,338,TrafficSign
c001,011989.jpg,33,TrafficSign
c002,011990.jpg,203,Container
c001,011991.jpg,314,Crosswalk
c003,011992.jpg,245,Container
c004,011993.jpg,27,Container
c004,011994.jpg,72,Container
c003,011995.jpg,32,Container
c001,011996.jpg,311,Crosswalk
c002,011997.jpg,169,TrafficSign
c004,011998.jpg,32,Container
c001,011999.jpg,214,TrafficSign
c001,012000.jpg,361,TrafficSign
c002,012001.jpg,252,TrafficSign
c003,012002.jpg,362,TrafficSign
c001,012003.jpg,346,TrafficSign
c001,012004.jpg,31,Crosswalk
c003,012005.jpg,363,RubbishBins
c003,012006.jpg,364,TrafficSign
c003,012007.jpg,365,TrafficSign
c001,012008.jpg,364,TrafficSign
c004,012009.jpg,52,RubbishBins
c002,012010.jpg,186,Crosswalk
c004,012011.jpg,81,Crosswalk
c002,012012.jpg,333,Crosswalk
c004,012013.jpg,173,Crosswalk
c002,012014.jpg,70,Container
c001,012015.jpg,192,Container
c003,012016.jpg,186,Crosswalk
c003,012017.jpg,366,TrafficSign
c004,012018.jpg,239,RubbishBins
c003,012019.jpg,18,RubbishBins
c003,012020.jpg,104,Crosswalk
c004,012021.jpg,367,Crosswalk
c002,012022.jpg,95,TrafficSign
c002,012023.jpg,317,Crosswalk
c003,012024.jpg,368,RubbishBins
c004,012025.jpg,198,Container
c001,012026.jpg,99,TrafficSign
c003,012027.jpg,264,TrafficSign
c002,012028.jpg,153,TrafficSign
c003,012029.jpg,6,Crosswalk
c001,012030.jpg,48,TrafficSign
c003,012031.jpg,369,Crosswalk
c003,012032.jpg,104,Crosswalk
c003,012033.jpg,370,TrafficSign
c003,012034.jpg,321,TrafficSign
c003,012035.jpg,220,Crosswalk
c001,012036.jpg,95,TrafficSign
c001,012037.jpg,94,TrafficSign
c002,012038.jpg,313,Crosswalk
c003,012039.jpg,212,TrafficSign
c002,012040.jpg,237,TrafficSign
c001,012041.jpg,371,TrafficSign
c002,012042.jpg,95,TrafficSign
c001,012043.jpg,11,TrafficSign
c002,012044.jpg,16,TrafficSign
c003,012045.jpg,306,Crosswalk
c002,012046.jpg,39,TrafficSign
c003,012047.jpg,372,TrafficSign
c003,012048.jpg,292,TrafficSign
c002,012049.jpg,17,Container
c001,012050.jpg,308,TrafficSign
c003,012051.jpg,20,TrafficSign
c001,012052.jpg,32,Container
c004,012053.jpg,60,Crosswalk
c004,012054.jpg,9,Container
c002,012055.jpg,230,Container
c002,012056.jpg,101,TrafficSign
c003,012057.jpg,229,TrafficSign
c002,012058.jpg,277,TrafficSign
c001,012059.jpg,309,Container
c004,012060.jpg,9,Container
c003,012061.jpg,373,TrafficSign
c001,012062.jpg,163,Container
c001,012063.jpg,234,Crosswalk
c002,012064.jpg,190,RubbishBins
c001,012065.jpg,178,TrafficSign
c003,012066.jpg,76,Container
c002,012067.jpg,163,Container
c001,012068.jpg,374,TrafficSign
c003,012069.jpg,258,TrafficSign
c002,012070.jpg,192,Container
c003,012071.jpg,225,TrafficSign
c002,012072.jpg,189,TrafficSign
c004,012073.jpg,367,Crosswalk
c003,012074.jpg,168,Container
c003,012075.jpg,151,TrafficSign
c001,012076.jpg,174,TrafficSign
c003,012077.jpg,32,Container
c001,012078.jpg,335,TrafficSign
c003,012079.jpg,375,Crosswalk
c004,012080.jpg,376,Crosswalk
c003,012081.jpg,327,TrafficSign
c003,012082.jpg,377,TrafficSign
c003,012083.jpg,263,TrafficSign
c003,012084.jpg,112,TrafficSign
c001,012085.jpg,378,Container
c003,012086.jpg,97,TrafficSign
c003,012087.jpg,271,TrafficSign
c003,012088.jpg,253,Container
c004,012089.jpg,286,Crosswalk
c003,012090.jpg,118,TrafficSign
c004,012091.jpg,203,Container
c003,012092.jpg,273,TrafficSign
c004,012093.jpg,265,Crosswalk
c001,012094.jpg,252,TrafficSign
c003,012095.jpg,21,TrafficSign
c001,012096.jpg,55,Container
c003,012097.jpg,337,TrafficSign
c002,012098.jpg,227,Container
c003,012099.jpg,98,TrafficSign
c003,012100.jpg,18,RubbishBins
c001,012101.jpg,379,TrafficSign
c003,012102.jpg,101,TrafficSign
c003,012103.jpg,272,TrafficSign
c004,012104.jpg,9,Container
c001,012105.jpg,319,TrafficSign
c002,012106.jpg,276,Crosswalk
c002,012107.jpg,251,TrafficSign
c001,012108.jpg,271,TrafficSign
c001,012109.jpg,290,Container
c003,012110.jpg,36,RubbishBins
c001,012111.jpg,50,Container
c003,012112.jpg,104,Crosswalk
c001,012113.jpg,115,RubbishBins
c002,012114.jpg,221,Crosswalk
c003,012115.jpg,51,TrafficSign
c004,012116.jpg,291,Container
c002,012117.jpg,380,Container
c002,012118.jpg,321,TrafficSign
c001,012119.jpg,351,TrafficSign
c004,012120.jpg,72,Container
c003,012121.jpg,90,TrafficSign
c002,012122.jpg,249,Crosswalk
c002,012123.jpg,345,Crosswalk
c002,012124.jpg,51,TrafficSign
c004,012125.jpg,188,Container
c004,012126.jpg,6,Crosswalk
c003,012127.jpg,11,TrafficSign
c001,012128.jpg,117,Container
c002,012129.jpg,322,TrafficSign
c004,012130.jpg,157,Crosswalk
c003,012131.jpg,317,Crosswalk
c003,012132.jpg,337,TrafficSign
c002,012133.jpg,285,Crosswalk
c001,012134.jpg,109,TrafficSign
c002,012135.jpg,69,TrafficSign
c002,012136.jpg,314,Crosswalk
c004,012137.jpg,314,Crosswalk
c004,012138.jpg,313,Crosswalk
c003,012139.jpg,381,TrafficSign
c004,012140.jpg,382,Crosswalk
c003,012141.jpg,312,TrafficSign
c003,012142.jpg,383,TrafficSign
c002,012143.jpg,300,TrafficSign
c002,012144.jpg,32,Container
c004,012145.jpg,182,Crosswalk
c003,012146.jpg,362,TrafficSign
c002,012147.jpg,384,TrafficSign
c001,012148.jpg,218,Container
c001,012149.jpg,30,TrafficSign
c003,012150.jpg,347,RubbishBins
c001,012151.jpg,37,TrafficSign
c003,012152.jpg,51,TrafficSign
c001,012153.jpg,31,Crosswalk
c002,012154.jpg,226,TrafficSign
c003,012155.jpg,62,TrafficSign
c002,012156.jpg,239,RubbishBins
c003,012157.jpg,9,Container
c003,012158.jpg,385,TrafficSign
c003,012159.jpg,273,TrafficSign
c004,012160.jpg,149,Container
c004,012161.jpg,285,Crosswalk
c001,012162.jpg,386,TrafficSign
c004,012163.jpg,278,RubbishBins
c001,012164.jpg,176,TrafficSign
c003,012165.jpg,105,TrafficSign
c001,012166.jpg,345,Crosswalk
c003,012167.jpg,118,TrafficSign
c001,012168.jpg,19,RubbishBins
c003,012169.jpg,387,TrafficSign
c003,012170.jpg,349,TrafficSign
c001,012171.jpg,23,Container
c001,012172.jpg,388,TrafficSign
c003,012173.jpg,30,TrafficSign
c001,012174.jpg,190,RubbishBins
c004,012175.jpg,253,Container
c001,012176.jpg,50,Container
c001,012177.jpg,37,TrafficSign
c002,012178.jpg,32,Container
c003,012179.jpg,150,TrafficSign
c003,012180.jpg,164,Crosswalk
c004,012181.jpg,168,Container
c003,012182.jpg,359,TrafficSign
c003,012183.jpg,17,Container
c003,012184.jpg,64,TrafficSign
c001,012185.jpg,274,TrafficSign
c002,012186.jpg,239,RubbishBins
c003,012187.jpg,215,TrafficSign
c003,012188.jpg,365,TrafficSign
c001,012189.jpg,76,Container
c003,012190.jpg,17,Container
c002,012191.jpg,148,TrafficSign
c003,012192.jpg,107,TrafficSign
c002,012193.jpg,389,TrafficSign
c003,012194.jpg,319,TrafficSign
c002,012195.jpg,390,TrafficSign
c003,012196.jpg,383,TrafficSign
c003,012197.jpg,381,TrafficSign
c003,012198.jpg,373,TrafficSign
c002,012199.jpg,229,TrafficSign
c003,012200.jpg,232,TrafficSign
c003,012201.jpg,26,TrafficSign
c001,012202.jpg,254,Crosswalk
c002,012203.jpg,106,Crosswalk
c002,012204.jpg,322,TrafficSign
c004,012205.jpg,52,RubbishBins
c002,012206.jpg,215,TrafficSign
c001,012207.jpg,391,RubbishBins
c002,012208.jpg,392,RubbishBins
c004,012209.jpg,117,Container
c001,012210.jpg,148,TrafficSign
c001,012211.jpg,340,TrafficSign
c002,012212.jpg,19,RubbishBins
c003,012213.jpg,298,TrafficSign
c003,012214.jpg,284,TrafficSign
c003,012215.jpg,230,Container
c003,012216.jpg,393,Container
c001,012217.jpg,294,TrafficSign
c002,012218.jpg,75,TrafficSign
c004,012219.jpg,394,Crosswalk
c001,012220.jpg,392,RubbishBins
c001,012221.jpg,271,TrafficSign
c003,012222.jpg,395,TrafficSign
c002,012223.jpg,295,TrafficSign
c003,012224.jpg,249,Crosswalk
c002,012225.jpg,328,Crosswalk
c004,012226.jpg,70,Container
c002,012227.jpg,18,RubbishBins
c002,012228.jpg,396,RubbishBins
c003,012229.jpg,38,RubbishBins
c002,012230.jpg,397,TrafficSign
c003,012231.jpg,91,TrafficSign
c004,012232.jpg,398,Container
c003,012233.jpg,228,TrafficSign
c002,012234.jpg,32,Container
c002,012235.jpg,16,TrafficSign
c003,012236.jpg,337,TrafficSign
c002,012237.jpg,399,RubbishBins
c001,012238.jpg,317,Crosswalk
c003,012239.jpg,376,Crosswalk
c002,012240.jpg,400,TrafficSign
c002,012241.jpg,36,RubbishBins
c001,012242.jpg,322,TrafficSign
c001,012243.jpg,84,Crosswalk
c002,012244.jpg,335,TrafficSign
c003,012245.jpg,62,TrafficSign
c003,012246.jpg,32,Container
c001,012247.jpg,108,TrafficSign
c003,012248.jpg,62,TrafficSign
c003,012249.jpg,76,Container
c004,012250.jpg,207,Container
c003,012251.jpg,401,TrafficSign
c003,012252.jpg,77,TrafficSign
c003,012253.jpg,363,RubbishBins
c004,012254.jpg,201,Container
c001,012255.jpg,201,Container
c003,012256.jpg,156,Container
c002,012257.jpg,110,Container
c002,012258.jpg,27,Container
c003,012259.jpg,167,TrafficSign
c003,012260.jpg,16,TrafficSign
c003,012261.jpg,389,TrafficSign
c003,012262.jpg,402,TrafficSign
c003,012263.jpg,197,Container
c003,012264.jpg,310,TrafficSign
c004,012265.jpg,168,Container
c001,012266.jpg,291,Container
c003,012267.jpg,366,TrafficSign
c001,012268.jpg,137,RubbishBins
c001,012269.jpg,292,TrafficSign
c004,012270.jpg,102,Container
c003,012271.jpg,379,TrafficSign
c002,012272.jpg,403,TrafficSign
c001,012273.jpg,160,TrafficSign
c003,012274.jpg,243,TrafficSign
c002,012275.jpg,188,Container
c002,012276.jpg,1,Crosswalk
c001,012277.jpg,295,TrafficSign
c003,012278.jpg,107,TrafficSign
c001,012279.jpg,325,TrafficSign
c004,012280.jpg,17,Container
c002,012281.jpg,306,Crosswalk
c003,012282.jpg,279,TrafficSign
c001,012283.jpg,106,Crosswalk
c003,012284.jpg,38,RubbishBins
c004,012285.jpg,122,Crosswalk
c003,012286.jpg,132,TrafficSign
c003,012287.jpg,48,TrafficSign
c002,012288.jpg,90,TrafficSign
c001,012289.jpg,390,TrafficSign
c001,012290.jpg,172,Crosswalk
c001,012291.jpg,182,Crosswalk
c003,012292.jpg,297,Crosswalk
c001,012293.jpg,168,Container
c001,012294.jpg,362,TrafficSign
c001,012295.jpg,272,TrafficSign
c002,012296.jpg,300,TrafficSign
c001,012297.jpg,51,TrafficSign
c003,012298.jpg,110,Container
c001,012299.jpg,404,TrafficSign
c003,012300.jpg,95,TrafficSign
c003,012301.jpg,228,TrafficSign
c002,012302.jpg,32,Container
c003,012303.jpg,322,TrafficSign
c001,012304.jpg,159,TrafficSign
c003,012305.jpg,405,TrafficSign
c002,012306.jpg,403,TrafficSign
c001,012307.jpg,279,TrafficSign
c003,012308.jpg,76,Container
c001,012309.jpg,24,TrafficSign
c001,012310.jpg,406,TrafficSign
c001,012311.jpg,140,TrafficSign
c001,012312.jpg,33,TrafficSign
c003,012313.jpg,347,RubbishBins
c001,012314.jpg,68,Container
c001,012315.jpg,214,TrafficSign
c003,012316.jpg,407,TrafficSign
c003,012317.jpg,134,Crosswalk
c002,012318.jpg,175,TrafficSign
c001,012319.jpg,55,Container
c001,012320.jpg,8,TrafficSign
c004,012321.jpg,408,RubbishBins
c002,012322.jpg,224,TrafficSign
c002,012323.jpg,95,TrafficSign
c001,012324.jpg,345,Crosswalk
c001,012325.jpg,201,Container
c003,012326.jpg,58,TrafficSign
c001,012327.jpg,277,TrafficSign
c003,012328.jpg,409,TrafficSign
c001,012329.jpg,218,Container
c003,012330.jpg,102,Container
c001,012331.jpg,363,RubbishBins
c001,012332.jpg,16,TrafficSign
c002,012333.jpg,17,Container
c002,012334.jpg,271,TrafficSign
c003,012335.jpg,410,Crosswalk
c001,012336.jpg,148,TrafficSign
c002,012337.jpg,329,TrafficSign
c001,012338.jpg,65,TrafficSign
c002,012339.jpg,375,Crosswalk
c001,012340.jpg,389,TrafficSign
c001,012341.jpg,366,TrafficSign
c001,012342.jpg,180,Crosswalk
c004,012343.jpg,347,RubbishBins
c001,012344.jpg,147,TrafficSign
c002,012345.jpg,410,Crosswalk
c004,012346.jpg,117,Container
c002,012347.jpg,204,TrafficSign
c001,012348.jpg,13,Crosswalk
c001,012349.jpg,105,TrafficSign
c003,012350.jpg,224,TrafficSign
c001,012351.jpg,411,Crosswalk
c002,012352.jpg,192,Container
c003,012353.jpg,100,TrafficSign
c002,012354.jpg,174,TrafficSign
c003,012355.jpg,212,TrafficSign
c001,012356.jpg,330,TrafficSign
c001,012357.jpg,9,Container
c004,012358.jpg,172,Crosswalk
c003,012359.jpg,203,Container
c002,012360.jpg,232,TrafficSign
c002,012361.jpg,133,Container
c002,012362.jpg,363,RubbishBins
c001,012363.jpg,412,TrafficSign
c002,012364.jpg,103,TrafficSign
c001,012365.jpg,328,Crosswalk
c002,012366.jpg,145,TrafficSign
c002,012367.jpg,201,Container
c003,012368.jpg,103,TrafficSign
c002,012369.jpg,32,Container
c002,012370.jpg,349,TrafficSign
c002,012371.jpg,124,RubbishBins
c001,012372.jpg,380,Container
c003,012373.jpg,81,Crosswalk
c001,012374.jpg,361,TrafficSign
c003,012375.jpg,350,Container
c001,012376.jpg,161,TrafficSign
c003,012377.jpg,369,Crosswalk
c001,012378.jpg,166,TrafficSign
c004,012379.jpg,363,RubbishBins
c004,012380.jpg,219,Crosswalk
c001,012381.jpg,100,TrafficSign
c002,012382.jpg,109,TrafficSign
c004,012383.jpg,17,Container
c003,012384.jpg,236,TrafficSign
c001,012385.jpg,413,Crosswalk
c003,012386.jpg,172,Crosswalk
c003,012387.jpg,3,Container
c001,012388.jpg,414,TrafficSign
c004,012389.jpg,149,Container
c001,012390.jpg,369,Crosswalk
c001,012391.jpg,34,TrafficSign
c002,012392.jpg,49,TrafficSign
c003,012393.jpg,337,TrafficSign
c003,012394.jpg,215,TrafficSign
c003,012395.jpg,415,TrafficSign
c003,012396.jpg,166,TrafficSign
c002,012397.jpg,379,TrafficSign
c003,012398.jpg,416,TrafficSign
c001,012399.jpg,302,Crosswalk
c001,012400.jpg,197,Container
c003,012401.jpg,44,TrafficSign
c003,012402.jpg,417,TrafficSign
c001,012403.jpg,159,TrafficSign
c002,012404.jpg,32,Container
c001,012405.jpg,227,Container
c004,012406.jpg,55,Container
c002,012407.jpg,418,TrafficSign
c001,012408.jpg,419,Crosswalk
c004,012409.jpg,249,Crosswalk
c003,012410.jpg,201,Container
c003,012411.jpg,74,TrafficSign
c002,012412.jpg,192,Container
c002,012413.jpg,276,Crosswalk
c002,012414.jpg,130,TrafficSign
c003,012415.jpg,50,Container
c001,012416.jpg,344,Crosswalk
c001,012417.jpg,333,Crosswalk
c003,012418.jpg,89,TrafficSign
c004,012419.jpg,368,RubbishBins
c003,012420.jpg,251,TrafficSign
c002,012421.jpg,335,TrafficSign
c003,012422.jpg,391,RubbishBins
c003,012423.jpg,19,RubbishBins
c003,012424.jpg,54,TrafficSign
c004,012425.jpg,164,Crosswalk
c002,012426.jpg,403,TrafficSign
c001,012427.jpg,252,TrafficSign
c001,012428.jpg,34,TrafficSign
c003,012429.jpg,379,TrafficSign
c003,012430.jpg,420,TrafficSign
c003,012431.jpg,348,TrafficSign
c002,012432.jpg,376,Crosswalk
c003,012433.jpg,262,TrafficSign
c003,012434.jpg,252,TrafficSign
c003,012435.jpg,109,TrafficSign
c003,012436.jpg,11,TrafficSign
c003,012437.jpg,134,Crosswalk
c001,012438.jpg,421,TrafficSign
c002,012439.jpg,188,Container
c002,012440.jpg,127,TrafficSign
c003,012441.jpg,422,TrafficSign
c002,012442.jpg,139,TrafficSign
c003,012443.jpg,3,Container
c001,012444.jpg,208,Crosswalk
c004,012445.jpg,382,Crosswalk
c004,012446.jpg,196,Crosswalk
c003,012447.jpg,249,Crosswalk
c003,012448.jpg,423,TrafficSign
c001,012449.jpg,9,Container
c003,012450.jpg,2,Crosswalk
c003,012451.jpg,333,Crosswalk
c001,012452.jpg,50,Container
c001,012453.jpg,369,Crosswalk
c001,012454.jpg,32,Container
c003,012455.jpg,201,Container
c003,012456.jpg,277,TrafficSign
c003,012457.jpg,301,TrafficSign
c001,012458.jpg,337,TrafficSign
c001,012459.jpg,5,TrafficSign
c002,012460.jpg,236,TrafficSign
c002,012461.jpg,9,Container
c002,012462.jpg,360,TrafficSign
c001,012463.jpg,303,Crosswalk
c002,012464.jpg,8,TrafficSign
c003,012465.jpg,253,Container
c001,012466.jpg,60,Crosswalk
c003,012467.jpg,54,TrafficSign
c003,012468.jpg,83,TrafficSign
c002,012469.jpg,324,Crosswalk
c001,012470.jpg,263,TrafficSign
c003,012471.jpg,19,RubbishBins
c002,012472.jpg,117,Container
c003,012473.jpg,220,Crosswalk
c002,012474.jpg,41,Container
c002,012475.jpg,206,TrafficSign
c002,012476.jpg,424,Crosswalk
c003,012477.jpg,116,TrafficSign
c003,012478.jpg,195,TrafficSign
c003,012479.jpg,253,Container
c001,012480.jpg,287,Container
c003,012481.jpg,392,RubbishBins
c004,012482.jpg,425,RubbishBins
c002,012483.jpg,201,Container
c002,012484.jpg,32,Container
c003,012485.jpg,236,TrafficSign
c001,012486.jpg,234,Crosswalk
c003,012487.jpg,426,TrafficSign
c002,012488.jpg,288,Container
c004,012489.jpg,76,Container
c004,012490.jpg,9,Container
c003,012491.jpg,332,Crosswalk
c002,012492.jpg,355,Crosswalk
c001,012493.jpg,138,Crosswalk
c003,012494.jpg,36,RubbishBins
c003,012495.jpg,427,TrafficSign
c004,012496.jpg,81,Crosswalk
c002,012497.jpg,280,TrafficSign
c003,012498.jpg,12,TrafficSign
c001,012499.jpg,183,Crosswalk
c001,012500.jpg,335,TrafficSign
c001,012501.jpg,112,TrafficSign
c001,012502.jpg,324,Crosswalk
c002,012503.jpg,33,TrafficSign
c003,012504.jpg,148,TrafficSign
c003,012505.jpg,105,TrafficSign
c001,012506.jpg,424,Crosswalk
c001,012507.jpg,428,RubbishBins
c001,012508.jpg,82,Container
c003,012509.jpg,159,TrafficSign
c002,012510.jpg,234,Crosswalk
c003,012511.jpg,373,TrafficSign
c004,012512.jpg,323,RubbishBins
c001,012513.jpg,234,Crosswalk
c004,012514.jpg,102,Container
c002,012515.jpg,196,Crosswalk
c001,012516.jpg,186,Crosswalk
c003,012517.jpg,32,Container
c001,012518.jpg,321,TrafficSign
c001,012519.jpg,50,Container
c001,012520.jpg,265,Crosswalk
c003,012521.jpg,381,TrafficSign
c001,012522.jpg,122,Crosswalk
c002,012523.jpg,64,TrafficSign
c003,012524.jpg,127,TrafficSign
c003,012525.jpg,302,Crosswalk
c003,012526.jpg,390,TrafficSign
c003,012527.jpg,132,TrafficSign
c002,012528.jpg,305,TrafficSign
c002,012529.jpg,137,RubbishBins
c004,012530.jpg,261,Crosswalk
c003,012531.jpg,193,TrafficSign
c002,012532.jpg,7,Crosswalk
c002,012533.jpg,124,RubbishBins
c003,012534.jpg,26,TrafficSign
c004,012535.jpg,57,RubbishBins
c003,012536.jpg,251,TrafficSign
c002,012537.jpg,220,Crosswalk
c003,012538.jpg,89,TrafficSign
c004,012539.jpg,40,Container
c002,012540.jpg,26,TrafficSign
c001,012541.jpg,331,Container
c001,012542.jpg,60,Crosswalk
c003,012543.jpg,214,TrafficSign
c001,012544.jpg,40,Container
c002,012545.jpg,241,Container
c004,012546.jpg,102,Container
c003,012547.jpg,176,TrafficSign
c002,012548.jpg,241,Container
c004,012549.jpg,4,Container
c001,012550.jpg,79,Crosswalk
c004,012551.jpg,429,Container
c002,012552.jpg,50,Container
c004,012553.jpg,42,Container
c003,012554.jpg,386,TrafficSign
c002,012555.jpg,32,Container
c003,012556.jpg,347,RubbishBins
c003,012557.jpg,151,TrafficSign
c003,012558.jpg,347,RubbishBins
c003,012559.jpg,401,TrafficSign
c003,012560.jpg,325,TrafficSign
c002,012561.jpg,153,TrafficSign
c002,012562.jpg,28,Crosswalk
c003,012563.jpg,212,TrafficSign
c003,012564.jpg,161,TrafficSign
c004,012565.jpg,50,Container
c003,012566.jpg,173,Crosswalk
c003,012567.jpg,284,TrafficSign
c001,012568.jpg,55,Container
c001,012569.jpg,315,Container
c003,012570.jpg,292,TrafficSign
c003,012571.jpg,394,Crosswalk
c003,012572.jpg,428,RubbishBins
c001,012573.jpg,70,Container
c001,012574.jpg,105,TrafficSign
c003,012575.jpg,14,Crosswalk
c003,012576.jpg,379,TrafficSign
c003,012577.jpg,430,Crosswalk
c002,012578.jpg,9,Container
c003,012579.jpg,219,Crosswalk
c002,012580.jpg,334,TrafficSign
c003,012581.jpg,400,TrafficSign
c001,012582.jpg,335,TrafficSign
c002,012583.jpg,86,TrafficSign
c003,012584.jpg,361,TrafficSign
c002,012585.jpg,304,TrafficSign
c002,012586.jpg,373,TrafficSign
c003,012587.jpg,63,TrafficSign
c003,012588.jpg,128,TrafficSign
c001,012589.jpg,110,Container
c001,012590.jpg,244,TrafficSign
c004,012591.jpg,76,Container
c003,012592.jpg,38,RubbishBins
c002,012593.jpg,60,Crosswalk
c004,012594.jpg,76,Container
c001,012595.jpg,70,Container
c004,012596.jpg,253,Container
c001,012597.jpg,138,Crosswalk
c002,012598.jpg,404,TrafficSign
c003,012599.jpg,279,TrafficSign
c002,012600.jpg,110,Container
c001,012601.jpg,424,Crosswalk
c003,012602.jpg,298,TrafficSign
c002,012603.jpg,379,TrafficSign
c003,012604.jpg,61,Container
c003,012605.jpg,431,TrafficSign
c003,012606.jpg,356,TrafficSign
c001,012607.jpg,413,Crosswalk
c002,012608.jpg,277,TrafficSign
c002,012609.jpg,214,TrafficSign
c001,012610.jpg,203,Container
c001,012611.jpg,265,Crosswalk
c003,012612.jpg,77,TrafficSign
c003,012613.jpg,177,TrafficSign
c003,012614.jpg,284,TrafficSign
c002,012615.jpg,330,TrafficSign
c004,012616.jpg,253,Container
c002,012617.jpg,253,Container
c003,012618.jpg,432,TrafficSign
c003,012619.jpg,272,TrafficSign
c004,012620.jpg,201,Container
c003,012621.jpg,405,TrafficSign
c003,012622.jpg,214,TrafficSign
c002,012623.jpg,386,TrafficSign
c003,012624.jpg,114,TrafficSign
c002,012625.jpg,164,Crosswalk
c004,012626.jpg,433,Crosswalk
c002,012627.jpg,336,Crosswalk
c001,012628.jpg,73,TrafficSign
c002,012629.jpg,101,TrafficSign
c001,012630.jpg,354,RubbishBins
c003,012631.jpg,312,TrafficSign
c004,012632.jpg,202,Crosswalk
c002,012633.jpg,271,TrafficSign
c002,012634.jpg,76,Container
c003,012635.jpg,252,TrafficSign
c002,012636.jpg,36,RubbishBins
c001,012637.jpg,390,TrafficSign
c002,012638.jpg,244,TrafficSign
c001,012639.jpg,17,Container
c003,012640.jpg,312,TrafficSign
c001,012641.jpg,32,Container
c003,012642.jpg,155,TrafficSign
c001,012643.jpg,273,TrafficSign
c002,012644.jpg,79,Crosswalk
c002,012645.jpg,414,TrafficSign
c003,012646.jpg,238,TrafficSign
c001,012647.jpg,17,Container
c001,012648.jpg,111,RubbishBins
c002,012649.jpg,434,Crosswalk
c003,012650.jpg,339,Container
c001,012651.jpg,35,TrafficSign
c003,012652.jpg,118,TrafficSign
c004,012653.jpg,72,Container
c002,012654.jpg,65,TrafficSign
c001,012655.jpg,178,TrafficSign
c002,012656.jpg,62,TrafficSign
c003,012657.jpg,91,TrafficSign
c003,012658.jpg,198,Container
c004,012659.jpg,117,Container
c003,012660.jpg,253,Container
c002,012661.jpg,284,TrafficSign
c001,012662.jpg,289,TrafficSign
c004,012663.jpg,435,Container
c003,012664.jpg,436,Crosswalk
c001,012665.jpg,406,TrafficSign
c001,012666.jpg,240,RubbishBins
c003,012667.jpg,70,Container
c001,012668.jpg,87,Crosswalk
c001,012669.jpg,183,Crosswalk
c001,012670.jpg,138,Crosswalk
c002,012671.jpg,49,TrafficSign
c001,012672.jpg,117,Container
c003,012673.jpg,159,TrafficSign
c002,012674.jpg,129,TrafficSign
c001,012675.jpg,347,RubbishBins
c001,012676.jpg,192,Container
c003,012677.jpg,236,TrafficSign
c003,012678.jpg,17,Container
c003,012679.jpg,225,TrafficSign
c001,012680.jpg,50,Container
c004,012681.jpg,76,Container
c003,012682.jpg,300,TrafficSign
c002,012683.jpg,437,TrafficSign
c002,012684.jpg,32,Container
c003,012685.jpg,321,TrafficSign
c003,012686.jpg,237,TrafficSign
c002,012687.jpg,346,TrafficSign
c002,012688.jpg,17,Container
c003,012689.jpg,51,TrafficSign
c001,012690.jpg,28,Crosswalk
c003,012691.jpg,273,TrafficSign
c003,012692.jpg,357,TrafficSign
c004,012693.jpg,70,Container
c003,012694.jpg,393,Container
c003,012695.jpg,402,TrafficSign
c002,012696.jpg,50,Container
c003,012697.jpg,142,TrafficSign
c002,012698.jpg,247,Container
c003,012699.jpg,32,Container
c001,012700.jpg,182,Crosswalk
c003,012701.jpg,156,Container
c001,012702.jpg,134,Crosswalk
c001,012703.jpg,203,Container
c002,012704.jpg,325,TrafficSign
c003,012705.jpg,148,TrafficSign
c003,012706.jpg,137,RubbishBins
c002,012707.jpg,122,Crosswalk
c004,012708.jpg,9,Container
c001,012709.jpg,168,Container
c001,012710.jpg,251,TrafficSign
c002,012711.jpg,313,Crosswalk
c002,012712.jpg,117,Container
c001,012713.jpg,31,Crosswalk
c001,012714.jpg,27,Container
c003,012715.jpg,271,TrafficSign
c002,012716.jpg,135,Container
c003,012717.jpg,183,Crosswalk
c003,012718.jpg,145,TrafficSign
c001,012719.jpg,221,Crosswalk
c003,012720.jpg,229,TrafficSign
c001,012721.jpg,155,TrafficSign
c003,012722.jpg,58,TrafficSign
c002,012723.jpg,91,TrafficSign
c002,012724.jpg,331,Container
c003,012725.jpg,176,TrafficSign
c001,012726.jpg,157,Crosswalk
c002,012727.jpg,27,Container
c003,012728.jpg,438,TrafficSign
c003,012729.jpg,229,TrafficSign
c002,012730.jpg,439,Crosswalk
c001,012731.jpg,373,TrafficSign
c004,012732.jpg,188,Container
c002,012733.jpg,250,TrafficSign
c003,012734.jpg,225,TrafficSign
c002,012735.jpg,34,TrafficSign
c001,012736.jpg,141,RubbishBins
c001,012737.jpg,374,TrafficSign
c002,012738.jpg,394,Crosswalk
c004,012739.jpg,242,Container
c003,012740.jpg,4,Container
c002,012741.jpg,218,Container
c003,012742.jpg,105,TrafficSign
c004,012743.jpg,50,Container
c002,012744.jpg,389,TrafficSign
c001,012745.jpg,209,Crosswalk
c001,012746.jpg,300,TrafficSign
c003,012747.jpg,190,RubbishBins
c004,012748.jpg,242,Container
c002,012749.jpg,138,Crosswalk
c002,012750.jpg,301,TrafficSign
c004,012751.jpg,168,Container
c002,012752.jpg,387,TrafficSign
c001,012753.jpg,105,TrafficSign
c003,012754.jpg,373,TrafficSign
c003,012755.jpg,106,Crosswalk
c004,012756.jpg,104,Crosswalk
c001,012757.jpg,106,Crosswalk
c001,012758.jpg,210,TrafficSign
c001,012759.jpg,214,TrafficSign
c003,012760.jpg,222,TrafficSign
c002,012761.jpg,297,Crosswalk
c001,012762.jpg,195,TrafficSign
c004,012763.jpg,398,Container
c003,012764.jpg,35,TrafficSign
c003,012765.jpg,153,TrafficSign
c001,012766.jpg,227,Container
c002,012767.jpg,105,TrafficSign
c003,012768.jpg,18,RubbishBins
c002,012769.jpg,15,TrafficSign
c002,012770.jpg,70,Container
c001,012771.jpg,117,Container
c001,012772.jpg,27,Container
c003,012773.jpg,234,Crosswalk
c004,012774.jpg,78,Crosswalk
c003,012775.jpg,440,TrafficSign
c003,012776.jpg,164,Crosswalk
c001,012777.jpg,434,Crosswalk
c002,012778.jpg,258,TrafficSign
c004,012779.jpg,9,Container
c003,012780.jpg,392,RubbishBins
c003,012781.jpg,325,TrafficSign
c004,012782.jpg,50,Container
c002,012783.jpg,3,Container
c003,012784.jpg,42,Container
c002,012785.jpg,197,Container
c002,012786.jpg,253,Container
c002,012787.jpg,36,RubbishBins
c002,012788.jpg,363,RubbishBins
c002,012789.jpg,72,Container
c003,012790.jpg,441,TrafficSign
c003,012791.jpg,228,TrafficSign
c002,012792.jpg,298,TrafficSign
c001,012793.jpg,35,TrafficSign
c003,012794.jpg,442,TrafficSign
c002,012795.jpg,443,TrafficSign
c001,012796.jpg,121,TrafficSign
c002,012797.jpg,330,TrafficSign
c004,012798.jpg,70,Container
c003,012799.jpg,79,Crosswalk
c001,012800.jpg,49,TrafficSign
c003,012801.jpg,342,TrafficSign
c003,012802.jpg,248,TrafficSign
c002,012803.jpg,365,TrafficSign
c003,012804.jpg,370,TrafficSign
c002,012805.jpg,414,TrafficSign
c002,012806.jpg,353,TrafficSign
c003,012807.jpg,229,TrafficSign
c001,012808.jpg,117,Container
c003,012809.jpg,229,TrafficSign
c004,012810.jpg,278,RubbishBins
c001,012811.jpg,102,Container
c001,012812.jpg,410,Crosswalk
c003,012813.jpg,350,Container
c003,012814.jpg,108,TrafficSign
c004,012815.jpg,436,Crosswalk
c004,012816.jpg,331,Container
c003,012817.jpg,106,Crosswalk
c001,012818.jpg,375,Crosswalk
c002,012819.jpg,235,TrafficSign
c003,012820.jpg,76,Container
c001,012821.jpg,70,Container
c003,012822.jpg,95,TrafficSign
c003,012823.jpg,178,TrafficSign
c001,012824.jpg,171,TrafficSign
c001,012825.jpg,437,TrafficSign
c003,012826.jpg,72,Container
c002,012827.jpg,164,Crosswalk
c004,012828.jpg,119,Crosswalk
c004,012829.jpg,227,Container
c002,012830.jpg,229,TrafficSign
c002,012831.jpg,444,TrafficSign
c002,012832.jpg,367,Crosswalk
c003,012833.jpg,263,TrafficSign
c003,012834.jpg,74,TrafficSign
c003,012835.jpg,127,TrafficSign
c002,012836.jpg,144,TrafficSign
c001,012837.jpg,379,TrafficSign
c002,012838.jpg,232,TrafficSign
c001,012839.jpg,225,TrafficSign
c003,012840.jpg,387,TrafficSign
c002,012841.jpg,55,Container
c001,012842.jpg,197,Container
c002,012843.jpg,390,TrafficSign
c001,012844.jpg,346,TrafficSign
c001,012845.jpg,253,Container
c004,012846.jpg,46,Container
c002,012847.jpg,396,RubbishBins
c002,012848.jpg,341,Crosswalk
c001,012849.jpg,433,Crosswalk
c003,012850.jpg,35,TrafficSign
c001,012851.jpg,206,TrafficSign
c001,012852.jpg,2,Crosswalk
c003,012853.jpg,217,TrafficSign
c001,012854.jpg,275,Crosswalk
c001,012855.jpg,300,TrafficSign
c001,012856.jpg,390,TrafficSign
c001,012857.jpg,422,TrafficSign
c003,012858.jpg,130,TrafficSign
c002,012859.jpg,396,RubbishBins
c002,012860.jpg,221,Crosswalk
c001,012861.jpg,372,TrafficSign
c003,012862.jpg,253,Container
c004,012863.jpg,9,Container
c003,012864.jpg,25,Crosswalk
c001,012865.jpg,443,TrafficSign
c004,012866.jpg,410,Crosswalk
c004,012867.jpg,68,Container
c003,012868.jpg,198,Container
c003,012869.jpg,322,TrafficSign
c003,012870.jpg,445,TrafficSign
c002,012871.jpg,66,TrafficSign
c004,012872.jpg,242,Container
c001,012873.jpg,27,Container
c003,012874.jpg,280,TrafficSign
c003,012875.jpg,291,Container
c002,012876.jpg,215,TrafficSign
c003,012877.jpg,377,TrafficSign
c003,012878.jpg,184,TrafficSign
c004,012879.jpg,434,Crosswalk
c001,012880.jpg,223,Crosswalk
c002,012881.jpg,249,Crosswalk
c003,012882.jpg,15,TrafficSign
c003,012883.jpg,314,Crosswalk
c001,012884.jpg,269,TrafficSign
c003,012885.jpg,118,TrafficSign
c003,012886.jpg,118,TrafficSign
c003,012887.jpg,22,Container
c004,012888.jpg,211,Crosswalk
c002,012889.jpg,339,Container
c004,012890.jpg,253,Container
c003,012891.jpg,55,Container
c004,012892.jpg,429,Container
c003,012893.jpg,381,TrafficSign
c003,012894.jpg,215,TrafficSign
c001,012895.jpg,110,Container
c003,012896.jpg,253,Container
c003,012897.jpg,185,Crosswalk
c003,012898.jpg,36,RubbishBins
c002,012899.jpg,446,Crosswalk
c002,012900.jpg,231,TrafficSign
c004,012901.jpg,41,Container
c003,012902.jpg,122,Crosswalk
c002,012903.jpg,84,Crosswalk
c002,012904.jpg,335,TrafficSign
c002,012905.jpg,118,TrafficSign
c003,012906.jpg,319,TrafficSign
c001,012907.jpg,447,TrafficSign
c001,012908.jpg,58,TrafficSign
c003,012909.jpg,448,TrafficSign
c001,012910.jpg,55,Container
c002,012911.jpg,78,Crosswalk
c003,012912.jpg,80,TrafficSign
c003,012913.jpg,164,Crosswalk
c003,012914.jpg,425,RubbishBins
c001,012915.jpg,203,Container
c001,012916.jpg,285,Crosswalk
c001,012917.jpg,153,TrafficSign
c004,012918.jpg,247,Container
c001,012919.jpg,142,TrafficSign
c003,012920.jpg,216,TrafficSign
c002,012921.jpg,78,Crosswalk
c001,012922.jpg,253,Container
c004,012923.jpg,393,Container
c001,012924.jpg,439,Crosswalk
c001,012925.jpg,144,TrafficSign
c001,012926.jpg,19,RubbishBins
c002,012927.jpg,177,TrafficSign
c002,012928.jpg,301,TrafficSign
c003,012929.jpg,67,TrafficSign
c002,012930.jpg,317,Crosswalk
c004,012931.jpg,76,Container
c001,012932.jpg,397,TrafficSign
c003,012933.jpg,89,TrafficSign
c003,012934.jpg,17,Container
c002,012935.jpg,367,Crosswalk
c002,012936.jpg,301,TrafficSign
c003,012937.jpg,4,Container
c004,012938.jpg,158,RubbishBins
c002,012939.jpg,115,RubbishBins
c003,012940.jpg,310,TrafficSign
c001,012941.jpg,143,Crosswalk
c002,012942.jpg,376,Crosswalk
c002,012943.jpg,98,TrafficSign
c001,012944.jpg,126,Crosswalk
c003,012945.jpg,74,TrafficSign
c001,012946.jpg,117,Container
c001,012947.jpg,318,TrafficSign
c002,012948.jpg,272,TrafficSign
c002,012949.jpg,115,RubbishBins
c004,012950.jpg,278,RubbishBins
c002,012951.jpg,325,TrafficSign
c002,012952.jpg,364,TrafficSign
c001,012953.jpg,297,Crosswalk
c001,012954.jpg,49,TrafficSign
c002,012955.jpg,117,Container
c001,012956.jpg,124,RubbishBins
c001,012957.jpg,294,TrafficSign
c004,012958.jpg,117,Container
c002,012959.jpg,3,Container
c002,012960.jpg,368,RubbishBins
c003,012961.jpg,171,TrafficSign
c004,012962.jpg,410,Crosswalk
c003,012963.jpg,163,Container
c002,012964.jpg,411,Crosswalk
c003,012965.jpg,76,Container
c003,012966.jpg,125,TrafficSign
c003,012967.jpg,182,Crosswalk
c002,012968.jpg,429,Container
c003,012969.jpg,306,Crosswalk
c004,012970.jpg,156,Container
c003,012971.jpg,215,TrafficSign
c001,012972.jpg,355,Crosswalk
c002,012973.jpg,9,Container
c004,012974.jpg,208,Crosswalk
c003,012975.jpg,208,Crosswalk
c002,012976.jpg,249,Crosswalk
c001,012977.jpg,449,TrafficSign
c002,012978.jpg,43,Container
c002,012979.jpg,126,Crosswalk
c002,012980.jpg,21,TrafficSign
c004,012981.jpg,32,Container
c003,012982.jpg,121,TrafficSign
c001,012983.jpg,421,TrafficSign
c001,012984.jpg,91,TrafficSign
c002,012985.jpg,450,TrafficSign
c003,012986.jpg,301,TrafficSign
c002,012987.jpg,27,Container
c003,012988.jpg,1,Crosswalk
c003,012989.jpg,329,TrafficSign
c001,012990.jpg,451,TrafficSign
c003,012991.jpg,198,Container
c003,012992.jpg,199,TrafficSign
c003,012993.jpg,54,TrafficSign
c001,012994.jpg,432,TrafficSign
c003,012995.jpg,356,TrafficSign
c003,012996.jpg,177,TrafficSign
c002,012997.jpg,164,Crosswalk
c003,012998.jpg,233,TrafficSign
c001,012999.jpg,32,Container
c001,013000.jpg,118,TrafficSign
c004,013001.jpg,197,Container
c003,013002.jpg,191,Crosswalk
c002,013003.jpg,1,Crosswalk
c003,013004.jpg,110,Container
c002,013005.jpg,3,Container
c001,013006.jpg,113,TrafficSign
c002,013007.jpg,55,Container
c003,013008.jpg,414,TrafficSign
c001,013009.jpg,62,TrafficSign
c004,013010.jpg,72,Container
c002,013011.jpg,24,TrafficSign
c004,013012.jpg,378,Container
c003,013013.jpg,393,Container
c002,013014.jpg,68,Container
c003,013015.jpg,136,TrafficSign
c001,013016.jpg,452,Crosswalk
c001,013017.jpg,230,Container
c003,013018.jpg,378,Container
c004,013019.jpg,9,Container
c003,013020.jpg,95,TrafficSign
c002,013021.jpg,432,TrafficSign
c001,013022.jpg,163,Container
c003,013023.jpg,211,Crosswalk
c003,013024.jpg,96,TrafficSign
c004,013025.jpg,19,RubbishBins
c004,013026.jpg,163,Container
c003,013027.jpg,345,Crosswalk
c003,013028.jpg,179,RubbishBins
c003,013029.jpg,146,TrafficSign
c003,013030.jpg,432,TrafficSign
c001,013031.jpg,55,Container
c003,013032.jpg,216,TrafficSign
c004,013033.jpg,72,Container
c001,013034.jpg,26,TrafficSign
c001,013035.jpg,410,Crosswalk
c002,013036.jpg,42,Container
c003,013037.jpg,349,TrafficSign
c004,013038.jpg,71,Crosswalk
c003,013039.jpg,304,TrafficSign
c001,013040.jpg,25,Crosswalk
c002,013041.jpg,414,TrafficSign
c003,013042.jpg,322,TrafficSign
c001,013043.jpg,68,Container
c003,013044.jpg,4,Container
c002,013045.jpg,366,TrafficSign
c003,013046.jpg,86,TrafficSign
c003,013047.jpg,211,Crosswalk
c003,013048.jpg,405,TrafficSign
c001,013049.jpg,43,Container
c001,013050.jpg,442,TrafficSign
c004,013051.jpg,23,Container
c003,013052.jpg,384,TrafficSign
c003,013053.jpg,326,TrafficSign
c003,013054.jpg,109,TrafficSign
c002,013055.jpg,330,TrafficSign
c001,013056.jpg,50,Container
c002,013057.jpg,442,TrafficSign
c004,013058.jpg,27,Container
c001,013059.jpg,134,Crosswalk
c003,013060.jpg,107,TrafficSign
c004,013061.jpg,367,Crosswalk
c003,013062.jpg,269,TrafficSign
c002,013063.jpg,84,Crosswalk
c001,013064.jpg,453,TrafficSign
c003,013065.jpg,16,TrafficSign
c004,013066.jpg,9,Container
c003,013067.jpg,15,TrafficSign
c003,013068.jpg,163,Container
c003,013069.jpg,283,TrafficSign
c001,013070.jpg,338,TrafficSign
c001,013071.jpg,50,Container
c003,013072.jpg,284,TrafficSign
c003,013073.jpg,221,Crosswalk
c001,013074.jpg,96,TrafficSign
c003,013075.jpg,420,TrafficSign
c002,013076.jpg,200,Crosswalk
c004,013077.jpg,68,Container
c001,013078.jpg,249,Crosswalk
c002,013079.jpg,80,TrafficSign
c003,013080.jpg,19,RubbishBins
c003,013081.jpg,413,Crosswalk
c003,013082.jpg,53,Crosswalk
c002,013083.jpg,9,Container
c001,013084.jpg,32,Container
c001,013085.jpg,417,TrafficSign
c003,013086.jpg,150,TrafficSign
c001,013087.jpg,427,TrafficSign
c002,013088.jpg,32,Container
c003,013089.jpg,177,TrafficSign
c001,013090.jpg,298,TrafficSign
c003,013091.jpg,434,Crosswalk
c003,013092.jpg,40,Container
c003,013093.jpg,55,Container
c003,013094.jpg,328,Crosswalk
c003,013095.jpg,85,Container
c003,013096.jpg,97,TrafficSign
c003,013097.jpg,9,Container
c002,013098.jpg,32,Container
c002,013099.jpg,226,TrafficSign
c002,013100.jpg,134,Crosswalk
c003,013101.jpg,451,TrafficSign
c002,013102.jpg,118,TrafficSign
c003,013103.jpg,253,Container
c004,013104.jpg,60,Crosswalk
c003,013105.jpg,37,TrafficSign
c003,013106.jpg,450,TrafficSign
c001,013107.jpg,454,TrafficSign
c003,013108.jpg,303,Crosswalk
c001,013109.jpg,245,Container
c001,013110.jpg,213,Crosswalk
c003,013111.jpg,253,Container
c003,013112.jpg,78,Crosswalk
c003,013113.jpg,69,TrafficSign
c002,013114.jpg,26,TrafficSign
c003,013115.jpg,58,TrafficSign
c003,013116.jpg,167,TrafficSign
c001,013117.jpg,161,TrafficSign
c003,013118.jpg,5,TrafficSign
c004,013119.jpg,9,Container
c003,013120.jpg,455,TrafficSign
c001,013121.jpg,200,Crosswalk
c002,013122.jpg,119,Crosswalk
c003,013123.jpg,17,Container
c002,013124.jpg,27,Container
c004,013125.jpg,363,RubbishBins
c002,013126.jpg,373,TrafficSign
c003,013127.jpg,48,TrafficSign
c002,013128.jpg,171,TrafficSign
c001,013129.jpg,156,Container
c003,013130.jpg,30,TrafficSign
c001,013131.jpg,117,Container
c001,013132.jpg,288,Container
c003,013133.jpg,67,TrafficSign
c002,013134.jpg,376,Crosswalk
c003,013135.jpg,87,Crosswalk
c003,013136.jpg,292,TrafficSign
c001,013137.jpg,165,TrafficSign
c001,013138.jpg,249,Crosswalk
c002,013139.jpg,340,TrafficSign
c002,013140.jpg,201,Container
c003,013141.jpg,104,Crosswalk
c001,013142.jpg,70,Container
c003,013143.jpg,253,Container
c003,013144.jpg,248,TrafficSign
c001,013145.jpg,302,Crosswalk
c001,013146.jpg,446,Crosswalk
c001,013147.jpg,9,Container
c003,013148.jpg,421,TrafficSign
c002,013149.jpg,202,Crosswalk
c003,013150.jpg,279,TrafficSign
c004,013151.jpg,219,Crosswalk
c002,013152.jpg,44,TrafficSign
c004,013153.jpg,197,Container
c002,013154.jpg,241,Container
c001,013155.jpg,351,TrafficSign
c004,013156.jpg,111,RubbishBins
c003,013157.jpg,330,TrafficSign
c002,013158.jpg,346,TrafficSign
c003,013159.jpg,27,Container
c004,013160.jpg,213,Crosswalk
c003,013161.jpg,353,TrafficSign
c003,013162.jpg,164,Crosswalk
c003,013163.jpg,73,TrafficSign
c003,013164.jpg,203,Container
c002,013165.jpg,38,RubbishBins
c001,013166.jpg,169,TrafficSign
c002,013167.jpg,75,TrafficSign
c002,013168.jpg,79,Crosswalk
c001,013169.jpg,404,TrafficSign
c001,013170.jpg,455,TrafficSign
c001,013171.jpg,196,Crosswalk
c001,013172.jpg,340,TrafficSign
c003,013173.jpg,204,TrafficSign
c002,013174.jpg,318,TrafficSign
c003,013175.jpg,76,Container
c001,013176.jpg,335,TrafficSign
c003,013177.jpg,373,TrafficSign
c004,013178.jpg,46,Container
c003,013179.jpg,211,Crosswalk
c001,013180.jpg,184,TrafficSign
c003,013181.jpg,159,TrafficSign
c002,013182.jpg,255,TrafficSign
c004,013183.jpg,14,Crosswalk
c001,013184.jpg,393,Container
c003,013185.jpg,269,TrafficSign
c002,013186.jpg,107,TrafficSign
c003,013187.jpg,62,TrafficSign
c002,013188.jpg,37,TrafficSign
c001,013189.jpg,23,Container
c003,013190.jpg,81,Crosswalk
c004,013191.jpg,306,Crosswalk
c004,013192.jpg,197,Container
c003,013193.jpg,117,Container
c001,013194.jpg,299,RubbishBins
c001,013195.jpg,408,RubbishBins
c001,013196.jpg,172,Crosswalk
c002,013197.jpg,215,TrafficSign
c001,013198.jpg,141,RubbishBins
c001,013199.jpg,64,TrafficSign
c004,013200.jpg,163,Container
c002,013201.jpg,456,RubbishBins
c003,013202.jpg,292,TrafficSign
c002,013203.jpg,164,Crosswalk
c004,013204.jpg,76,Container
c004,013205.jpg,200,Crosswalk
c002,013206.jpg,101,TrafficSign
c001,013207.jpg,110,Container
c003,013208.jpg,17,Container
c004,013209.jpg,40,Container
c002,013210.jpg,85,Container
c001,013211.jpg,21,TrafficSign
c003,013212.jpg,253,Container
c004,013213.jpg,81,Crosswalk
c002,013214.jpg,249,Crosswalk
c001,013215.jpg,119,Crosswalk
c001,013216.jpg,140,TrafficSign
c001,013217.jpg,32,Container
c001,013218.jpg,41,Container
c003,013219.jpg,167,TrafficSign
c001,013220.jpg,19,RubbishBins
c003,013221.jpg,268,TrafficSign
c001,013222.jpg,304,TrafficSign
c002,013223.jpg,20,TrafficSign
c001,013224.jpg,313,Crosswalk
c001,013225.jpg,383,TrafficSign
c004,013226.jpg,68,Container
c003,013227.jpg,125,TrafficSign
c002,013228.jpg,118,TrafficSign
c001,013229.jpg,134,Crosswalk
c001,013230.jpg,330,TrafficSign
c002,013231.jpg,68,Container
c002,013232.jpg,17,Container
c003,013233.jpg,457,TrafficSign
c002,013234.jpg,333,Crosswalk
c004,013235.jpg,435,Container
c003,013236.jpg,114,TrafficSign
c001,013237.jpg,10,TrafficSign
c003,013238.jpg,230,Container
c004,013239.jpg,55,Container
c003,013240.jpg,177,TrafficSign
c001,013241.jpg,241,Container
c003,013242.jpg,194,TrafficSign
c004,013243.jpg,278,RubbishBins
c001,013244.jpg,149,Container
c003,013245.jpg,81,Crosswalk
c002,013246.jpg,34,TrafficSign
c002,013247.jpg,55,Container
c004,013248.jpg,197,Container
c004,013249.jpg,87,Crosswalk
c002,013250.jpg,77,TrafficSign
c002,013251.jpg,83,TrafficSign
c003,013252.jpg,192,Container
c003,013253.jpg,440,TrafficSign
c001,013254.jpg,135,Container
c004,013255.jpg,247,Container
c004,013256.jpg,2,Crosswalk
c002,013257.jpg,393,Container
c002,013258.jpg,162,TrafficSign
c004,013259.jpg,57,RubbishBins
c003,013260.jpg,402,TrafficSign
c001,013261.jpg,38,RubbishBins
c003,013262.jpg,97,TrafficSign
c004,013263.jpg,55,Container
c004,013264.jpg,50,Container
c003,013265.jpg,458,TrafficSign
c001,013266.jpg,218,Container
c001,013267.jpg,286,Crosswalk
c001,013268.jpg,145,TrafficSign
c001,013269.jpg,24,TrafficSign
c002,013270.jpg,127,TrafficSign
c003,013271.jpg,86,TrafficSign
c004,013272.jpg,368,RubbishBins
c003,013273.jpg,22,Container
c003,013274.jpg,73,TrafficSign
c003,013275.jpg,290,Container
c003,013276.jpg,241,Container
c003,013277.jpg,372,TrafficSign
c004,013278.jpg,6,Crosswalk
c001,013279.jpg,117,Container
c002,013280.jpg,32,Container
c001,013281.jpg,1,Crosswalk
c001,013282.jpg,17,Container
c002,013283.jpg,79,Crosswalk
c002,013284.jpg,304,TrafficSign
c002,013285.jpg,459,TrafficSign
c003,013286.jpg,59,TrafficSign
c001,013287.jpg,56,Crosswalk
c004,013288.jpg,53,Crosswalk
c003,013289.jpg,224,TrafficSign
c003,013290.jpg,263,TrafficSign
c004,013291.jpg,13,Crosswalk
c002,013292.jpg,245,Container
c002,013293.jpg,52,RubbishBins
c001,013294.jpg,363,RubbishBins
c003,013295.jpg,292,TrafficSign
c002,013296.jpg,79,Crosswalk
c001,013297.jpg,272,TrafficSign
c004,013298.jpg,14,Crosswalk
c004,013299.jpg,27,Container
c001,013300.jpg,440,TrafficSign
c003,013301.jpg,373,TrafficSign
c002,013302.jpg,247,Container
c001,013303.jpg,243,TrafficSign
c003,013304.jpg,133,Container
c003,013305.jpg,460,RubbishBins
c002,013306.jpg,38,RubbishBins
c002,013307.jpg,185,Crosswalk
c002,013308.jpg,449,TrafficSign
c001,013309.jpg,377,TrafficSign
c001,013310.jpg,214,TrafficSign
c003,013311.jpg,248,TrafficSign
c002,013312.jpg,77,TrafficSign
c002,013313.jpg,26,TrafficSign
c003,013314.jpg,201,Container
c001,013315.jpg,307,TrafficSign
c001,013316.jpg,461,TrafficSign
c003,013317.jpg,32,Container
c002,013318.jpg,216,TrafficSign
c002,013319.jpg,155,TrafficSign
c001,013320.jpg,320,Crosswalk
c002,013321.jpg,97,TrafficSign
c002,013322.jpg,320,Crosswalk
c001,013323.jpg,76,Container
c001,013324.jpg,186,Crosswalk
c003,013325.jpg,266,TrafficSign
c003,013326.jpg,139,TrafficSign
c001,013327.jpg,9,Container
c003,013328.jpg,20,TrafficSign
c003,013329.jpg,295,TrafficSign
c003,013330.jpg,322,TrafficSign
c003,013331.jpg,169,TrafficSign
c002,013332.jpg,55,Container
c003,013333.jpg,262,TrafficSign
c003,013334.jpg,84,Crosswalk
c003,013335.jpg,156,Container
c003,013336.jpg,91,TrafficSign
c001,013337.jpg,80,TrafficSign
c003,013338.jpg,42,Container
c003,013339.jpg,462,Container
c001,013340.jpg,463,TrafficSign
c002,013341.jpg,68,Container
c002,013342.jpg,6,Crosswalk
c004,013343.jpg,245,Container
c003,013344.jpg,63,TrafficSign
c003,013345.jpg,53,Crosswalk
c003,013346.jpg,292,TrafficSign
c002,013347.jpg,32,Container
c002,013348.jpg,429,Container
c004,013349.jpg,276,Crosswalk
c002,013350.jpg,291,Container
c003,013351.jpg,90,TrafficSign
c001,013352.jpg,162,TrafficSign
c002,013353.jpg,312,TrafficSign
c003,013354.jpg,103,TrafficSign
c003,013355.jpg,287,Container
c001,013356.jpg,145,TrafficSign
c002,013357.jpg,73,TrafficSign
c002,013358.jpg,85,Container
c004,013359.jpg,102,Container
c003,013360.jpg,76,Container
c001,013361.jpg,65,TrafficSign
c002,013362.jpg,257,RubbishBins
c002,013363.jpg,35,TrafficSign
c002,013364.jpg,64,TrafficSign
c001,013365.jpg,44,TrafficSign
c002,013366.jpg,108,TrafficSign
c003,013367.jpg,48,TrafficSign
c003,013368.jpg,389,TrafficSign
c003,013369.jpg,117,Container
c003,013370.jpg,172,Crosswalk
c001,013371.jpg,363,RubbishBins
c001,013372.jpg,242,Container
c002,013373.jpg,67,TrafficSign
c002,013374.jpg,381,TrafficSign
c001,013375.jpg,192,Container
c001,013376.jpg,164,Crosswalk
c002,013377.jpg,300,TrafficSign
c001,013378.jpg,449,TrafficSign
c003,013379.jpg,183,Crosswalk
c003,013380.jpg,298,TrafficSign
c001,013381.jpg,9,Container
c003,013382.jpg,50,Container
c002,013383.jpg,448,TrafficSign
c003,013384.jpg,402,TrafficSign
c001,013385.jpg,62,TrafficSign
c001,013386.jpg,219,Crosswalk
c002,013387.jpg,74,TrafficSign
c002,013388.jpg,137,RubbishBins
c001,013389.jpg,78,Crosswalk
c001,013390.jpg,105,TrafficSign
c002,013391.jpg,104,Crosswalk
c003,013392.jpg,327,TrafficSign
c003,013393.jpg,401,TrafficSign
c003,013394.jpg,245,Container
c003,013395.jpg,330,TrafficSign
c003,013396.jpg,129,TrafficSign
c001,013397.jpg,56,Crosswalk
c003,013398.jpg,251,TrafficSign
c001,013399.jpg,79,Crosswalk
c003,013400.jpg,321,TrafficSign
c002,013401.jpg,111,RubbishBins
c003,013402.jpg,121,TrafficSign
c003,013403.jpg,161,TrafficSign
c002,013404.jpg,214,TrafficSign
c002,013405.jpg,117,Container
c003,013406.jpg,96,TrafficSign
c002,013407.jpg,69,TrafficSign
c003,013408.jpg,272,TrafficSign
c001,013409.jpg,251,TrafficSign
c002,013410.jpg,252,TrafficSign
c001,013411.jpg,29,TrafficSign
c001,013412.jpg,153,TrafficSign
c004,013413.jpg,399,RubbishBins
c003,013414.jpg,352,TrafficSign
c004,013415.jpg,429,Container
c001,013416.jpg,275,Crosswalk
c001,013417.jpg,347,RubbishBins
c003,013418.jpg,449,TrafficSign
c002,013419.jpg,32,Container
c003,013420.jpg,178,TrafficSign
c002,013421.jpg,131,TrafficSign
c001,013422.jpg,121,TrafficSign
c004,013423.jpg,332,Crosswalk
c001,013424.jpg,164,Crosswalk
c002,013425.jpg,397,TrafficSign
c003,013426.jpg,289,TrafficSign
c003,013427.jpg,70,Container
c001,013428.jpg,27,Container
c003,013429.jpg,340,TrafficSign
c003,013430.jpg,65,TrafficSign
c002,013431.jpg,314,Crosswalk
c002,013432.jpg,287,Container
c003,013433.jpg,210,TrafficSign
c003,013434.jpg,202,Crosswalk
c003,013435.jpg,282,TrafficSign
c003,013436.jpg,101,TrafficSign
c002,013437.jpg,378,Container
c004,013438.jpg,429,Container
c001,013439.jpg,24,TrafficSign
c004,013440.jpg,9,Container
c003,013441.jpg,160,TrafficSign
c002,013442.jpg,344,Crosswalk
c003,013443.jpg,389,TrafficSign
c002,013444.jpg,436,Crosswalk
c003,013445.jpg,335,TrafficSign
c002,013446.jpg,157,Crosswalk
c003,013447.jpg,175,TrafficSign
c003,013448.jpg,46,Container
c001,013449.jpg,325,TrafficSign
c003,013450.jpg,378,Container
c002,013451.jpg,321,TrafficSign
c004,013452.jpg,343,Crosswalk
c003,013453.jpg,117,Container
c001,013454.jpg,32,Container
c004,013455.jpg,209,Crosswalk
c001,013456.jpg,104,Crosswalk
c003,013457.jpg,78,Crosswalk
c003,013458.jpg,428,RubbishBins
c003,013459.jpg,70,Container
c001,013460.jpg,50,Container
c003,013461.jpg,129,TrafficSign
c003,013462.jpg,46,Container
c003,013463.jpg,222,TrafficSign
c003,013464.jpg,461,TrafficSign
c004,013465.jpg,207,Container
c002,013466.jpg,18,RubbishBins
c002,013467.jpg,243,TrafficSign
c001,013468.jpg,449,TrafficSign
c003,013469.jpg,441,TrafficSign
c002,013470.jpg,53,Crosswalk
c001,013471.jpg,3,Container
c002,013472.jpg,110,Container
c004,013473.jpg,275,Crosswalk
c001,013474.jpg,9,Container
c002,013475.jpg,245,Container
c004,013476.jpg,355,Crosswalk
c001,013477.jpg,32,Container
c003,013478.jpg,327,TrafficSign
c004,013479.jpg,464,Crosswalk
c001,013480.jpg,63,TrafficSign
c004,013481.jpg,122,Crosswalk
c004,013482.jpg,245,Container
c001,013483.jpg,21,TrafficSign
c004,013484.jpg,50,Container
c001,013485.jpg,25,Crosswalk
c001,013486.jpg,27,Container
c003,013487.jpg,421,TrafficSign
c003,013488.jpg,196,Crosswalk
c003,013489.jpg,421,TrafficSign
c001,013490.jpg,376,Crosswalk
c002,013491.jpg,36,RubbishBins
c001,013492.jpg,47,TrafficSign
c003,013493.jpg,401,TrafficSign
c001,013494.jpg,394,Crosswalk
c001,013495.jpg,15,TrafficSign
c001,013496.jpg,284,TrafficSign
c004,013497.jpg,70,Container
c001,013498.jpg,227,Container
c003,013499.jpg,147,TrafficSign
c001,013500.jpg,248,TrafficSign
c002,013501.jpg,201,Container
c002,013502.jpg,157,Crosswalk
c003,013503.jpg,444,TrafficSign
c003,013504.jpg,362,TrafficSign
c003,013505.jpg,237,TrafficSign
c003,013506.jpg,147,TrafficSign
c003,013507.jpg,122,Crosswalk
c002,013508.jpg,345,Crosswalk
c001,013509.jpg,321,TrafficSign
c001,013510.jpg,122,Crosswalk
c001,013511.jpg,2,Crosswalk
c001,013512.jpg,76,Container
c003,013513.jpg,166,TrafficSign
c003,013514.jpg,204,TrafficSign
c002,013515.jpg,223,Crosswalk
c004,013516.jpg,163,Container
c001,013517.jpg,88,TrafficSign
c002,013518.jpg,297,Crosswalk
c002,013519.jpg,408,RubbishBins
c001,013520.jpg,106,Crosswalk
c004,013521.jpg,354,RubbishBins
c004,013522.jpg,270,Crosswalk
c003,013523.jpg,138,Crosswalk
c003,013524.jpg,113,TrafficSign
c001,013525.jpg,196,Crosswalk
c002,013526.jpg,258,TrafficSign
c002,013527.jpg,247,Container
c002,013528.jpg,234,Crosswalk
c001,013529.jpg,156,Container
c004,013530.jpg,32,Container
c002,013531.jpg,313,Crosswalk
c002,013532.jpg,331,Container
c004,013533.jpg,408,RubbishBins
c001,013534.jpg,271,TrafficSign
c004,013535.jpg,117,Container
c003,013536.jpg,103,TrafficSign
c001,013537.jpg,27,Container
c003,013538.jpg,389,TrafficSign
c003,013539.jpg,321,TrafficSign
c002,013540.jpg,251,TrafficSign
c003,013541.jpg,365,TrafficSign
c004,013542.jpg,14,Crosswalk
c001,013543.jpg,276,Crosswalk
c003,013544.jpg,456,RubbishBins
c004,013545.jpg,411,Crosswalk
c002,013546.jpg,175,TrafficSign
c003,013547.jpg,335,TrafficSign
c002,013548.jpg,186,Crosswalk
c001,013549.jpg,426,TrafficSign
c003,013550.jpg,137,RubbishBins
c004,013551.jpg,408,RubbishBins
c001,013552.jpg,55,Container
c004,013553.jpg,324,Crosswalk
c001,013554.jpg,50,Container
c003,013555.jpg,155,TrafficSign
c004,013556.jpg,50,Container
c004,013557.jpg,172,Crosswalk
c003,013558.jpg,111,RubbishBins
c002,013559.jpg,85,Container
c002,013560.jpg,49,TrafficSign
c002,013561.jpg,87,Crosswalk
c002,013562.jpg,61,Container
c001,013563.jpg,233,TrafficSign
c001,013564.jpg,252,TrafficSign
c003,013565.jpg,172,Crosswalk
c002,013566.jpg,219,Crosswalk
c002,013567.jpg,273,TrafficSign
c001,013568.jpg,197,Container
c001,013569.jpg,329,TrafficSign
c001,013570.jpg,465,Container
c001,013571.jpg,237,TrafficSign
c002,013572.jpg,253,Container
c001,013573.jpg,454,TrafficSign
c001,013574.jpg,275,Crosswalk
c003,013575.jpg,219,Crosswalk
c003,013576.jpg,70,Container
c001,013577.jpg,279,TrafficSign
c001,013578.jpg,176,TrafficSign
c004,013579.jpg,76,Container
c003,013580.jpg,366,TrafficSign
c003,013581.jpg,340,TrafficSign
c001,013582.jpg,206,TrafficSign
c001,013583.jpg,145,TrafficSign
c003,013584.jpg,96,TrafficSign
c001,013585.jpg,26,TrafficSign
c003,013586.jpg,450,TrafficSign
c002,013587.jpg,113,TrafficSign
c002,013588.jpg,184,TrafficSign
c003,013589.jpg,138,Crosswalk
c003,013590.jpg,228,TrafficSign
c001,013591.jpg,42,Container
c003,013592.jpg,103,TrafficSign
c001,013593.jpg,55,Container
c003,013594.jpg,297,Crosswalk
c003,013595.jpg,455,TrafficSign
c003,013596.jpg,3,Container
c001,013597.jpg,100,TrafficSign
c001,013598.jpg,168,Container
c003,013599.jpg,106,Crosswalk
c002,013600.jpg,106,Crosswalk
c003,013601.jpg,441,TrafficSign
c002,013602.jpg,220,Crosswalk
c004,013603.jpg,50,Container
c002,013604.jpg,297,Crosswalk
c001,013605.jpg,64,TrafficSign
c003,013606.jpg,48,TrafficSign
c001,013607.jpg,101,TrafficSign
c001,013608.jpg,198,Container
c001,013609.jpg,84,Crosswalk
c003,013610.jpg,113,TrafficSign
c001,013611.jpg,76,Container
c001,013612.jpg,228,TrafficSign
c003,013613.jpg,399,RubbishBins
c003,013614.jpg,203,Container
c003,013615.jpg,412,TrafficSign
c001,013616.jpg,373,TrafficSign
c003,013617.jpg,11,TrafficSign
c001,013618.jpg,396,RubbishBins
c001,013619.jpg,447,TrafficSign
c001,013620.jpg,82,Container
c003,013621.jpg,156,Container
c004,013622.jpg,182,Crosswalk
c003,013623.jpg,135,Container
c004,013624.jpg,315,Container
c003,013625.jpg,318,TrafficSign
c001,013626.jpg,32,Container
c003,013627.jpg,38,RubbishBins
c004,013628.jpg,239,RubbishBins
c002,013629.jpg,32,Container
c003,013630.jpg,267,Crosswalk
c004,013631.jpg,320,Crosswalk
c003,013632.jpg,229,TrafficSign
c003,013633.jpg,320,Crosswalk
c003,013634.jpg,110,Container
c002,013635.jpg,209,Crosswalk
c001,013636.jpg,225,TrafficSign
c003,013637.jpg,279,TrafficSign
c002,013638.jpg,243,TrafficSign
c003,013639.jpg,143,Crosswalk
c002,013640.jpg,160,TrafficSign
c004,013641.jpg,439,Crosswalk
c003,013642.jpg,103,TrafficSign
c003,013643.jpg,285,Crosswalk
c003,013644.jpg,201,Container
c001,013645.jpg,327,TrafficSign
c003,013646.jpg,344,Crosswalk
c003,013647.jpg,206,TrafficSign
c004,013648.jpg,179,RubbishBins
c002,013649.jpg,42,Container
c003,013650.jpg,361,TrafficSign
c001,013651.jpg,356,TrafficSign
c002,013652.jpg,135,Container
c001,013653.jpg,58,TrafficSign
c003,013654.jpg,1,Crosswalk
c003,013655.jpg,65,TrafficSign
c003,013656.jpg,386,TrafficSign
c002,013657.jpg,93,Crosswalk
c001,013658.jpg,140,TrafficSign
c003,013659.jpg,265,Crosswalk
c001,013660.jpg,383,TrafficSign
c002,013661.jpg,167,TrafficSign
c003,013662.jpg,65,TrafficSign
c003,013663.jpg,429,Container
c003,013664.jpg,51,TrafficSign
c001,013665.jpg,55,Container
c004,013666.jpg,137,RubbishBins
c003,013667.jpg,189,TrafficSign
c001,013668.jpg,186,Crosswalk
c003,013669.jpg,403,TrafficSign
c003,013670.jpg,180,Crosswalk
c002,013671.jpg,22,Container
c002,013672.jpg,9,Container
c003,013673.jpg,201,Container
c003,013674.jpg,249,Crosswalk
c004,013675.jpg,22,Container
c002,013676.jpg,356,TrafficSign
c001,013677.jpg,373,TrafficSign
c003,013678.jpg,201,Container
c001,013679.jpg,353,TrafficSign
c004,013680.jpg,2,Crosswalk
c003,013681.jpg,283,TrafficSign
c002,013682.jpg,195,TrafficSign
c001,013683.jpg,4,Container
c002,013684.jpg,466,TrafficSign
c004,013685.jpg,331,Container
c004,013686.jpg,27,Container
c002,013687.jpg,79,Crosswalk
c002,013688.jpg,323,RubbishBins
c003,013689.jpg,310,TrafficSign
c002,013690.jpg,239,RubbishBins
c001,013691.jpg,95,TrafficSign
c003,013692.jpg,465,Container
c001,013693.jpg,436,Crosswalk
c002,013694.jpg,50,Container
c003,013695.jpg,94,TrafficSign
c002,013696.jpg,22,Container
c002,013697.jpg,48,TrafficSign
c002,013698.jpg,133,Container
c001,013699.jpg,381,TrafficSign
c001,013700.jpg,46,Container
c002,013701.jpg,107,TrafficSign
c003,013702.jpg,233,TrafficSign
c003,013703.jpg,36,RubbishBins
c004,013704.jpg,119,Crosswalk
c002,013705.jpg,31,Crosswalk
c002,013706.jpg,230,Container
c004,013707.jpg,331,Container
c003,013708.jpg,55,Container
c003,013709.jpg,385,TrafficSign
c002,013710.jpg,5,TrafficSign
c003,013711.jpg,123,TrafficSign
c001,013712.jpg,138,Crosswalk
c004,013713.jpg,368,RubbishBins
c001,013714.jpg,42,Container
c003,013715.jpg,121,TrafficSign
c003,013716.jpg,457,TrafficSign
c001,013717.jpg,17,Container
c002,013718.jpg,381,TrafficSign
c004,013719.jpg,76,Container
c002,013720.jpg,177,TrafficSign
c003,013721.jpg,384,TrafficSign
c003,013722.jpg,253,Container
c001,013723.jpg,164,Crosswalk
c003,013724.jpg,254,Crosswalk
c001,013725.jpg,317,Crosswalk
c003,013726.jpg,241,Container
c002,013727.jpg,178,TrafficSign
c003,013728.jpg,423,TrafficSign
c003,013729.jpg,417,TrafficSign
c003,013730.jpg,414,TrafficSign
c001,013731.jpg,117,Container
c004,013732.jpg,197,Container
c003,013733.jpg,16,TrafficSign
c001,013734.jpg,260,TrafficSign
c003,013735.jpg,256,TrafficSign
c001,013736.jpg,183,Crosswalk
c002,013737.jpg,252,TrafficSign
c001,013738.jpg,312,TrafficSign
c003,013739.jpg,27,Container
c003,013740.jpg,366,TrafficSign
c001,013741.jpg,30,TrafficSign
c001,013742.jpg,84,Crosswalk
c001,013743.jpg,340,TrafficSign
c002,013744.jpg,443,TrafficSign
c001,013745.jpg,142,TrafficSign
c003,013746.jpg,338,TrafficSign
c002,013747.jpg,3,Container
c002,013748.jpg,421,TrafficSign
c004,013749.jpg,104,Crosswalk
c004,013750.jpg,164,Crosswalk
c002,013751.jpg,270,Crosswalk
c001,013752.jpg,358,Crosswalk
c001,013753.jpg,133,Container
c003,013754.jpg,332,Crosswalk
c003,013755.jpg,67,TrafficSign
c002,013756.jpg,197,Container
c003,013757.jpg,50,Container
c002,013758.jpg,456,RubbishBins
c004,013759.jpg,435,Container
c001,013760.jpg,363,RubbishBins
c003,013761.jpg,458,TrafficSign
c004,013762.jpg,60,Crosswalk
c003,013763.jpg,296,TrafficSign
c003,013764.jpg,70,Container
c001,013765.jpg,97,TrafficSign
c003,013766.jpg,421,TrafficSign
c001,013767.jpg,340,TrafficSign
c003,013768.jpg,263,TrafficSign
c002,013769.jpg,148,TrafficSign
c002,013770.jpg,464,Crosswalk
c002,013771.jpg,397,TrafficSign
c003,013772.jpg,257,RubbishBins
c003,013773.jpg,364,TrafficSign
c001,013774.jpg,317,Crosswalk
c004,013775.jpg,430,Crosswalk
c004,013776.jpg,27,Container
c003,013777.jpg,73,TrafficSign
c003,013778.jpg,94,TrafficSign
c003,013779.jpg,429,Container
c003,013780.jpg,414,TrafficSign
c001,013781.jpg,431,TrafficSign
c003,013782.jpg,441,TrafficSign
c001,013783.jpg,291,Container
c004,013784.jpg,32,Container
c002,013785.jpg,64,TrafficSign
c003,013786.jpg,360,TrafficSign
c002,013787.jpg,197,Container
c001,013788.jpg,417,TrafficSign
c001,013789.jpg,55,Container
c003,013790.jpg,406,TrafficSign
c002,013791.jpg,9,Container
c003,013792.jpg,424,Crosswalk
c003,013793.jpg,46,Container
c001,013794.jpg,106,Crosswalk
c001,013795.jpg,370,TrafficSign
c001,013796.jpg,257,RubbishBins
c003,013797.jpg,249,Crosswalk
c004,013798.jpg,291,Container
c001,013799.jpg,5,TrafficSign
c003,013800.jpg,421,TrafficSign
c002,013801.jpg,444,TrafficSign
c003,013802.jpg,188,Container
c003,013803.jpg,136,TrafficSign
c003,013804.jpg,112,TrafficSign
c004,013805.jpg,117,Container
c002,013806.jpg,98,TrafficSign
c003,013807.jpg,123,TrafficSign
c002,013808.jpg,271,TrafficSign
c004,013809.jpg,208,Crosswalk
c003,013810.jpg,360,TrafficSign
c002,013811.jpg,120,Container
c002,013812.jpg,366,TrafficSign
c002,013813.jpg,135,Container
c004,013814.jpg,2,Crosswalk
c002,013815.jpg,60,Crosswalk
c002,013816.jpg,182,Crosswalk
c003,013817.jpg,213,Crosswalk
c001,013818.jpg,337,TrafficSign
c001,013819.jpg,347,RubbishBins
c003,013820.jpg,6,Crosswalk
c003,013821.jpg,186,Crosswalk
c001,013822.jpg,115,RubbishBins
c002,013823.jpg,51,TrafficSign
c003,013824.jpg,223,Crosswalk
c003,013825.jpg,245,Container
c004,013826.jpg,203,Container
c003,013827.jpg,325,TrafficSign
c002,013828.jpg,247,Container
c002,013829.jpg,40,Container
c003,013830.jpg,34,TrafficSign
c001,013831.jpg,226,TrafficSign
c001,013832.jpg,159,TrafficSign
c001,013833.jpg,241,Container
c002,013834.jpg,406,TrafficSign
c003,013835.jpg,407,TrafficSign
c003,013836.jpg,17,Container
c002,013837.jpg,83,TrafficSign
c001,013838.jpg,276,Crosswalk
c001,013839.jpg,36,RubbishBins
c003,013840.jpg,254,Crosswalk
c004,013841.jpg,227,Container
c004,013842.jpg,343,Crosswalk
c001,013843.jpg,98,TrafficSign
c001,013844.jpg,27,Container
c001,013845.jpg,161,TrafficSign
c003,013846.jpg,44,TrafficSign
c002,013847.jpg,48,TrafficSign
c003,013848.jpg,283,TrafficSign
c002,013849.jpg,395,TrafficSign
c003,013850.jpg,414,TrafficSign
c003,013851.jpg,250,TrafficSign
c003,013852.jpg,215,TrafficSign
c002,013853.jpg,163,Container
c003,013854.jpg,242,Container
c001,013855.jpg,252,TrafficSign
c003,013856.jpg,147,TrafficSign
c004,013857.jpg,394,Crosswalk
c002,013858.jpg,140,TrafficSign
c002,013859.jpg,456,RubbishBins
c002,013860.jpg,204,TrafficSign
c001,013861.jpg,253,Container
c001,013862.jpg,80,TrafficSign
c003,013863.jpg,163,Container
c004,013864.jpg,72,Container
c001,013865.jpg,55,Container
c001,013866.jpg,226,TrafficSign
c002,013867.jpg,285,Crosswalk
c001,013868.jpg,340,TrafficSign
c003,013869.jpg,459,TrafficSign
c002,013870.jpg,145,TrafficSign
c004,013871.jpg,41,Container
c001,013872.jpg,213,Crosswalk
c001,013873.jpg,230,Container
c003,013874.jpg,281,TrafficSign
c004,013875.jpg,78,Crosswalk
c002,013876.jpg,183,Crosswalk
c003,013877.jpg,84,Crosswalk
c004,013878.jpg,328,Crosswalk
c001,013879.jpg,117,Container
c004,013880.jpg,50,Container
c003,013881.jpg,25,Crosswalk
c003,013882.jpg,50,Container
c001,013883.jpg,47,TrafficSign
c004,013884.jpg,242,Container
c003,013885.jpg,395,TrafficSign
c003,013886.jpg,467,TrafficSign
c003,013887.jpg,204,TrafficSign
c001,013888.jpg,164,Crosswalk
c003,013889.jpg,70,Container
c003,013890.jpg,244,TrafficSign
c002,013891.jpg,92,TrafficSign
c003,013892.jpg,64,TrafficSign
c003,013893.jpg,138,Crosswalk
c002,013894.jpg,188,Container
c004,013895.jpg,227,Container
c001,013896.jpg,468,TrafficSign
c003,013897.jpg,39,TrafficSign
c001,013898.jpg,35,TrafficSign
c001,013899.jpg,122,Crosswalk
c004,013900.jpg,179,RubbishBins
c001,013901.jpg,469,RubbishBins
c002,013902.jpg,330,TrafficSign
c004,013903.jpg,82,Container
c004,013904.jpg,306,Crosswalk
c001,013905.jpg,295,TrafficSign
c001,013906.jpg,347,RubbishBins
c003,013907.jpg,218,Container
c001,013908.jpg,36,RubbishBins
c001,013909.jpg,192,Container
c001,013910.jpg,120,Container
c001,013911.jpg,398,Container
c001,013912.jpg,365,TrafficSign
c004,013913.jpg,9,Container
c003,013914.jpg,18,RubbishBins
c003,013915.jpg,322,TrafficSign
c001,013916.jpg,17,Container
c001,013917.jpg,347,RubbishBins
c003,013918.jpg,182,Crosswalk
c003,013919.jpg,467,TrafficSign
c001,013920.jpg,135,Container
c003,013921.jpg,269,TrafficSign
c002,013922.jpg,101,TrafficSign
c002,013923.jpg,226,TrafficSign
c004,013924.jpg,70,Container
c002,013925.jpg,387,TrafficSign
c003,013926.jpg,27,Container
c001,013927.jpg,452,Crosswalk
c002,013928.jpg,150,TrafficSign
c001,013929.jpg,51,TrafficSign
c002,013930.jpg,457,TrafficSign
c002,013931.jpg,346,TrafficSign
c003,013932.jpg,423,TrafficSign
c004,013933.jpg,55,Container
c002,013934.jpg,126,Crosswalk
c003,013935.jpg,222,TrafficSign
c001,013936.jpg,403,TrafficSign
c001,013937.jpg,243,TrafficSign
c001,013938.jpg,110,Container
c003,013939.jpg,397,TrafficSign
c002,013940.jpg,347,RubbishBins
c003,013941.jpg,23,Container
c003,013942.jpg,95,TrafficSign
c003,013943.jpg,340,TrafficSign
c003,013944.jpg,23,Container
c001,013945.jpg,129,TrafficSign
c001,013946.jpg,233,TrafficSign
c001,013947.jpg,344,Crosswalk
c001,013948.jpg,285,Crosswalk
c004,013949.jpg,70,Container
c003,013950.jpg,255,TrafficSign
c004,013951.jpg,17,Container
c004,013952.jpg,207,Container
c001,013953.jpg,85,Container
c003,013954.jpg,339,Container
c002,013955.jpg,150,TrafficSign
c003,013956.jpg,318,TrafficSign
c003,013957.jpg,276,Crosswalk
c004,013958.jpg,40,Container
c003,013959.jpg,214,TrafficSign
c001,013960.jpg,259,TrafficSign
c003,013961.jpg,215,TrafficSign
c003,013962.jpg,327,TrafficSign
c003,013963.jpg,420,TrafficSign
c004,013964.jpg,290,Container
c003,013965.jpg,323,RubbishBins
c003,013966.jpg,74,TrafficSign
c002,013967.jpg,111,RubbishBins
c002,013968.jpg,421,TrafficSign
c003,013969.jpg,438,TrafficSign
c004,013970.jpg,367,Crosswalk
c003,013971.jpg,335,TrafficSign
c001,013972.jpg,453,TrafficSign
c004,013973.jpg,78,Crosswalk
c003,013974.jpg,248,TrafficSign
c003,013975.jpg,116,TrafficSign
c001,013976.jpg,320,Crosswalk
c002,013977.jpg,389,TrafficSign
c002,013978.jpg,218,Container
c004,013979.jpg,320,Crosswalk
c002,013980.jpg,68,Container
c001,013981.jpg,38,RubbishBins
c003,013982.jpg,91,TrafficSign
c002,013983.jpg,465,Container
c002,013984.jpg,316,TrafficSign
c003,013985.jpg,73,TrafficSign
c003,013986.jpg,196,Crosswalk
c002,013987.jpg,84,Crosswalk
c004,013988.jpg,369,Crosswalk
c004,013989.jpg,462,Container
c004,013990.jpg,249,Crosswalk
c003,013991.jpg,465,Container
c003,013992.jpg,214,TrafficSign
c004,013993.jpg,9,Container
c003,013994.jpg,76,Container
c001,013995.jpg,254,Crosswalk
c003,013996.jpg,55,Container
c003,013997.jpg,65,TrafficSign
c002,013998.jpg,467,TrafficSign
c003,013999.jpg,334,TrafficSign
c002,014000.jpg,470,TrafficSign
c003,014001.jpg,177,TrafficSign
c002,014002.jpg,337,TrafficSign
c003,014003.jpg,26,TrafficSign
c001,014004.jpg,235,TrafficSign
c002,014005.jpg,426,TrafficSign
c001,014006.jpg,429,Container
c001,014007.jpg,16,TrafficSign
c001,014008.jpg,378,Container
c003,014009.jpg,418,TrafficSign
c002,014010.jpg,404,TrafficSign
c003,014011.jpg,267,Crosswalk
c002,014012.jpg,153,TrafficSign
c003,014013.jpg,407,TrafficSign
c001,014014.jpg,211,Crosswalk
c002,014015.jpg,142,TrafficSign
c003,014016.jpg,167,TrafficSign
c002,014017.jpg,172,Crosswalk
c001,014018.jpg,450,TrafficSign
c002,014019.jpg,229,TrafficSign
c003,014020.jpg,471,TrafficSign
c001,014021.jpg,62,TrafficSign
c002,014022.jpg,191,Crosswalk
c003,014023.jpg,201,Container
c001,014024.jpg,429,Container
c002,014025.jpg,12,TrafficSign
c002,014026.jpg,347,RubbishBins
c001,014027.jpg,253,Container
c003,014028.jpg,337,TrafficSign
c003,014029.jpg,301,TrafficSign
c004,014030.jpg,2,Crosswalk
c002,014031.jpg,228,TrafficSign
c002,014032.jpg,212,TrafficSign
c003,014033.jpg,246,TrafficSign
c002,014034.jpg,216,TrafficSign
c004,014035.jpg,81,Crosswalk
c004,014036.jpg,203,Container
c003,014037.jpg,415,TrafficSign
c001,014038.jpg,205,TrafficSign
c001,014039.jpg,241,Container
c002,014040.jpg,322,TrafficSign
c001,014041.jpg,236,TrafficSign
c002,014042.jpg,106,Crosswalk
c003,014043.jpg,31,Crosswalk
c002,014044.jpg,106,Crosswalk
c001,014045.jpg,17,Container
c003,014046.jpg,417,TrafficSign
c001,014047.jpg,106,Crosswalk
c003,014048.jpg,463,TrafficSign
c002,014049.jpg,40,Container
c003,014050.jpg,227,Container
c001,014051.jpg,36,RubbishBins
c003,014052.jpg,231,TrafficSign
c002,014053.jpg,235,TrafficSign
c002,014054.jpg,217,TrafficSign
c002,014055.jpg,334,TrafficSign
c002,014056.jpg,253,Container
c002,014057.jpg,27,Container
c002,014058.jpg,427,TrafficSign
c003,014059.jpg,32,Container
c003,014060.jpg,370,TrafficSign
c002,014061.jpg,207,Container
c003,014062.jpg,55,Container
c001,014063.jpg,18,RubbishBins
c001,014064.jpg,387,TrafficSign
c003,014065.jpg,418,TrafficSign
c003,014066.jpg,403,TrafficSign
c001,014067.jpg,368,RubbishBins
c001,014068.jpg,84,Crosswalk
c001,014069.jpg,297,Crosswalk
c001,014070.jpg,255,TrafficSign
c003,014071.jpg,180,Crosswalk
c001,014072.jpg,56,Crosswalk
c004,014073.jpg,27,Container
c001,014074.jpg,290,Container
c001,014075.jpg,297,Crosswalk
c002,014076.jpg,272,TrafficSign
c003,014077.jpg,402,TrafficSign
c002,014078.jpg,471,TrafficSign
c001,014079.jpg,1,Crosswalk
c001,014080.jpg,60,Crosswalk
c001,014081.jpg,193,TrafficSign
c002,014082.jpg,106,Crosswalk
c001,014083.jpg,293,TrafficSign
c003,014084.jpg,210,TrafficSign
c003,014085.jpg,276,Crosswalk
c001,014086.jpg,319,TrafficSign
c001,014087.jpg,133,Container
c003,014088.jpg,217,TrafficSign
c001,014089.jpg,209,Crosswalk
c003,014090.jpg,47,TrafficSign
c001,014091.jpg,49,TrafficSign
c003,014092.jpg,144,TrafficSign
c001,014093.jpg,457,TrafficSign
c002,014094.jpg,56,Crosswalk
c003,014095.jpg,237,TrafficSign
c002,014096.jpg,64,TrafficSign
c003,014097.jpg,311,Crosswalk
c001,014098.jpg,366,TrafficSign
c002,014099.jpg,183,Crosswalk
c001,014100.jpg,278,RubbishBins
c003,014101.jpg,144,TrafficSign
c004,014102.jpg,32,Container
c003,014103.jpg,117,Container
c003,014104.jpg,76,Container
c003,014105.jpg,87,Crosswalk
c001,014106.jpg,27,Container
c003,014107.jpg,192,Container
c001,014108.jpg,95,TrafficSign
c001,014109.jpg,221,Crosswalk
c004,014110.jpg,7,Crosswalk
c003,014111.jpg,206,TrafficSign
c003,014112.jpg,249,Crosswalk
c002,014113.jpg,27,Container
c003,014114.jpg,145,TrafficSign
c003,014115.jpg,403,TrafficSign
c003,014116.jpg,288,Container
c001,014117.jpg,87,Crosswalk
c003,014118.jpg,280,TrafficSign
c003,014119.jpg,145,TrafficSign
c001,014120.jpg,212,TrafficSign
c002,014121.jpg,140,TrafficSign
c003,014122.jpg,25,Crosswalk
c003,014123.jpg,19,RubbishBins
c003,014124.jpg,274,TrafficSign
c001,014125.jpg,44,TrafficSign
c002,014126.jpg,32,Container
c002,014127.jpg,49,TrafficSign
c003,014128.jpg,40,Container
c001,014129.jpg,37,TrafficSign
c004,014130.jpg,50,Container
c001,014131.jpg,225,TrafficSign
c003,014132.jpg,154,TrafficSign
c001,014133.jpg,55,Container
c003,014134.jpg,291,Container
c003,014135.jpg,162,TrafficSign
c002,014136.jpg,250,TrafficSign
c002,014137.jpg,230,Container
c002,014138.jpg,121,TrafficSign
c003,014139.jpg,17,Container
c001,014140.jpg,219,Crosswalk
c003,014141.jpg,308,TrafficSign
c002,014142.jpg,472,TrafficSign
c002,014143.jpg,9,Container
c001,014144.jpg,149,Container
c002,014145.jpg,70,Container
c003,014146.jpg,40,Container
c003,014147.jpg,342,TrafficSign
c002,014148.jpg,163,Container
c003,014149.jpg,18,RubbishBins
c002,014150.jpg,425,RubbishBins
c003,014151.jpg,304,TrafficSign
c004,014152.jpg,72,Container
c001,014153.jpg,16,TrafficSign
c001,014154.jpg,11,TrafficSign
c001,014155.jpg,9,Container
c002,014156.jpg,117,Container
c003,014157.jpg,129,TrafficSign
c003,014158.jpg,64,TrafficSign
c004,014159.jpg,60,Crosswalk
c004,014160.jpg,9,Container
c002,014161.jpg,236,TrafficSign
c002,014162.jpg,279,TrafficSign
c002,014163.jpg,113,TrafficSign
c003,014164.jpg,117,Container
c003,014165.jpg,56,Crosswalk
c003,014166.jpg,32,Container
c003,014167.jpg,260,TrafficSign
c001,014168.jpg,215,TrafficSign
c003,014169.jpg,6,Crosswalk
c003,014170.jpg,243,TrafficSign
c001,014171.jpg,408,RubbishBins
c001,014172.jpg,404,TrafficSign
c002,014173.jpg,27,Container
c002,014174.jpg,122,Crosswalk
c003,014175.jpg,314,Crosswalk
c002,014176.jpg,321,TrafficSign
c002,014177.jpg,16,TrafficSign
c003,014178.jpg,88,TrafficSign
c003,014179.jpg,170,TrafficSign
c002,014180.jpg,91,TrafficSign
c001,014181.jpg,166,TrafficSign
c002,014182.jpg,191,Crosswalk
c002,014183.jpg,102,Container
c002,014184.jpg,234,Crosswalk
c001,014185.jpg,441,TrafficSign
c003,014186.jpg,391,RubbishBins
c001,014187.jpg,270,Crosswalk
c004,014188.jpg,3,Container
c001,014189.jpg,413,Crosswalk
c003,014190.jpg,473,TrafficSign
c001,014191.jpg,137,RubbishBins
c002,014192.jpg,228,TrafficSign
c001,014193.jpg,48,TrafficSign
c002,014194.jpg,197,Container
c002,014195.jpg,21,TrafficSign
c001,014196.jpg,129,TrafficSign
c003,014197.jpg,204,TrafficSign
c002,014198.jpg,413,Crosswalk
c001,014199.jpg,365,TrafficSign
c001,014200.jpg,183,Crosswalk
c002,014201.jpg,240,RubbishBins
c001,014202.jpg,60,Crosswalk
c002,014203.jpg,246,TrafficSign
c001,014204.jpg,356,TrafficSign
c002,014205.jpg,203,Container
c002,014206.jpg,9,Container
c004,014207.jpg,285,Crosswalk
c002,014208.jpg,347,RubbishBins
c001,014209.jpg,156,Container
c001,014210.jpg,224,TrafficSign
c003,014211.jpg,427,TrafficSign
c002,014212.jpg,193,TrafficSign
c002,014213.jpg,340,TrafficSign
c001,014214.jpg,392,RubbishBins
c003,014215.jpg,374,TrafficSign
c003,014216.jpg,389,TrafficSign
c002,014217.jpg,292,TrafficSign
c001,014218.jpg,229,TrafficSign
c001,014219.jpg,196,Crosswalk
c002,014220.jpg,169,TrafficSign
c002,014221.jpg,16,TrafficSign
c002,014222.jpg,228,TrafficSign
c004,014223.jpg,369,Crosswalk
c002,014224.jpg,197,Container
c002,014225.jpg,67,TrafficSign
c003,014226.jpg,16,TrafficSign
c001,014227.jpg,309,Container
c001,014228.jpg,441,TrafficSign
c003,014229.jpg,146,TrafficSign
c001,014230.jpg,401,TrafficSign
c003,014231.jpg,114,TrafficSign
c004,014232.jpg,278,RubbishBins
c004,014233.jpg,434,Crosswalk
c003,014234.jpg,277,TrafficSign
c001,014235.jpg,41,Container
c003,014236.jpg,51,TrafficSign
c001,014237.jpg,381,TrafficSign
c001,014238.jpg,121,TrafficSign
c001,014239.jpg,121,TrafficSign
c001,014240.jpg,81,Crosswalk
c003,014241.jpg,1,Crosswalk
c004,014242.jpg,331,Container
c003,014243.jpg,108,TrafficSign
c002,014244.jpg,27,Container
c002,014245.jpg,84,Crosswalk
c003,014246.jpg,78,Crosswalk
c003,014247.jpg,391,RubbishBins
c001,014248.jpg,396,RubbishBins
c002,014249.jpg,261,Crosswalk
c003,014250.jpg,60,Crosswalk
c004,014251.jpg,369,Crosswalk
c001,014252.jpg,315,Container
c002,014253.jpg,321,TrafficSign
c003,014254.jpg,217,TrafficSign
c004,014255.jpg,163,Container
c001,014256.jpg,217,TrafficSign
c003,014257.jpg,409,TrafficSign
c003,014258.jpg,351,TrafficSign
c003,014259.jpg,237,TrafficSign
c004,014260.jpg,188,Container
c002,014261.jpg,338,TrafficSign
c003,014262.jpg,176,TrafficSign
c001,014263.jpg,277,TrafficSign
c003,014264.jpg,26,TrafficSign
c004,014265.jpg,9,Container
c003,014266.jpg,352,TrafficSign
c002,014267.jpg,253,Container
c004,014268.jpg,191,Crosswalk
c003,014269.jpg,405,TrafficSign
c001,014270.jpg,221,Crosswalk
c002,014271.jpg,434,Crosswalk
c004,014272.jpg,208,Crosswalk
c003,014273.jpg,295,TrafficSign
c003,014274.jpg,241,Container
c002,014275.jpg,173,Crosswalk
c003,014276.jpg,129,TrafficSign
c003,014277.jpg,78,Crosswalk
c003,014278.jpg,388,TrafficSign
c002,014279.jpg,271,TrafficSign
c004,014280.jpg,102,Container
c001,014281.jpg,121,TrafficSign
c003,014282.jpg,125,TrafficSign
c003,014283.jpg,9,Container
c004,014284.jpg,227,Container
c002,014285.jpg,148,TrafficSign
c003,014286.jpg,433,Crosswalk
c002,014287.jpg,259,TrafficSign
c004,014288.jpg,27,Container
c001,014289.jpg,263,TrafficSign
c001,014290.jpg,319,TrafficSign
c002,014291.jpg,227,Container
c002,014292.jpg,371,TrafficSign
c004,014293.jpg,435,Container
c001,014294.jpg,151,TrafficSign
c002,014295.jpg,143,Crosswalk
c004,014296.jpg,474,Container
c003,014297.jpg,76,Container
c003,014298.jpg,317,Crosswalk
c004,014299.jpg,275,Crosswalk
c003,014300.jpg,356,TrafficSign
c001,014301.jpg,46,Container
c003,014302.jpg,145,TrafficSign
c001,014303.jpg,215,TrafficSign
c003,014304.jpg,341,Crosswalk
c002,014305.jpg,377,TrafficSign
c002,014306.jpg,203,Container
c002,014307.jpg,221,Crosswalk
c003,014308.jpg,314,Crosswalk
c001,014309.jpg,197,Container
c003,014310.jpg,287,Container
c001,014311.jpg,27,Container
c004,014312.jpg,9,Container
c002,014313.jpg,428,RubbishBins
c004,014314.jpg,55,Container
c003,014315.jpg,440,TrafficSign
c003,014316.jpg,345,Crosswalk
c002,014317.jpg,97,TrafficSign
c004,014318.jpg,336,Crosswalk
c003,014319.jpg,452,Crosswalk
c002,014320.jpg,438,TrafficSign
c003,014321.jpg,260,TrafficSign
c001,014322.jpg,92,TrafficSign
c002,014323.jpg,17,Container
c003,014324.jpg,100,TrafficSign
c003,014325.jpg,169,TrafficSign
c001,014326.jpg,343,Crosswalk
c001,014327.jpg,348,TrafficSign
c002,014328.jpg,378,Container
c003,014329.jpg,57,RubbishBins
c003,014330.jpg,161,TrafficSign
c002,014331.jpg,214,TrafficSign
c004,014332.jpg,323,RubbishBins
c002,014333.jpg,186,Crosswalk
c004,014334.jpg,28,Crosswalk
c003,014335.jpg,393,Container
c003,014336.jpg,298,TrafficSign
c003,014337.jpg,275,Crosswalk
c004,014338.jpg,61,Container
c001,014339.jpg,201,Container
c003,014340.jpg,230,Container
c001,014341.jpg,227,Container
c002,014342.jpg,176,TrafficSign
c003,014343.jpg,328,Crosswalk
c003,014344.jpg,55,Container
c003,014345.jpg,374,TrafficSign
c003,014346.jpg,326,TrafficSign
c003,014347.jpg,279,TrafficSign
c003,014348.jpg,205,TrafficSign
c003,014349.jpg,136,TrafficSign
c003,014350.jpg,356,TrafficSign
c001,014351.jpg,235,TrafficSign
c004,014352.jpg,124,RubbishBins
c001,014353.jpg,350,Container
c002,014354.jpg,133,Container
c002,014355.jpg,89,TrafficSign
c002,014356.jpg,208,Crosswalk
c002,014357.jpg,207,Container
c003,014358.jpg,199,TrafficSign
c003,014359.jpg,378,Container
c002,014360.jpg,193,TrafficSign
c003,014361.jpg,297,Crosswalk
c001,014362.jpg,234,Crosswalk
c001,014363.jpg,367,Crosswalk
c004,014364.jpg,446,Crosswalk
c001,014365.jpg,198,Container
c002,014366.jpg,40,Container
c003,014367.jpg,166,TrafficSign
c003,014368.jpg,300,TrafficSign
c001,014369.jpg,321,TrafficSign
c001,014370.jpg,196,Crosswalk
c003,014371.jpg,475,TrafficSign
c002,014372.jpg,30,TrafficSign
c003,014373.jpg,187,TrafficSign
c002,014374.jpg,84,Crosswalk
c003,014375.jpg,297,Crosswalk
c002,014376.jpg,347,RubbishBins
c004,014377.jpg,430,Crosswalk
c004,014378.jpg,9,Container
c002,014379.jpg,271,TrafficSign
c001,014380.jpg,467,TrafficSign
c002,014381.jpg,338,TrafficSign
c002,014382.jpg,341,Crosswalk
c001,014383.jpg,70,Container
c001,014384.jpg,276,Crosswalk
c003,014385.jpg,359,TrafficSign
c001,014386.jpg,272,TrafficSign
c003,014387.jpg,312,TrafficSign
c002,014388.jpg,24,TrafficSign
c001,014389.jpg,421,TrafficSign
c004,014390.jpg,278,RubbishBins
c003,014391.jpg,355,Crosswalk
c003,014392.jpg,80,TrafficSign
c004,014393.jpg,135,Container
c002,014394.jpg,112,TrafficSign
c003,014395.jpg,324,Crosswalk
c003,014396.jpg,467,TrafficSign
c001,014397.jpg,6,Crosswalk
c003,014398.jpg,416,TrafficSign
c002,014399.jpg,165,TrafficSign
c004,014400.jpg,41,Container
c001,014401.jpg,405,TrafficSign
c003,014402.jpg,126,Crosswalk
c002,014403.jpg,339,Container
c003,014404.jpg,86,TrafficSign
c004,014405.jpg,163,Container
c003,014406.jpg,60,Crosswalk
c001,014407.jpg,168,Container
c001,014408.jpg,22,Container
c001,014409.jpg,66,TrafficSign
c003,014410.jpg,294,TrafficSign
c001,014411.jpg,172,Crosswalk
c002,014412.jpg,262,TrafficSign
c001,014413.jpg,38,RubbishBins
c002,014414.jpg,315,Container
c001,014415.jpg,146,TrafficSign
c004,014416.jpg,17,Container
c003,014417.jpg,239,RubbishBins
c001,014418.jpg,228,TrafficSign
c004,014419.jpg,424,Crosswalk
c002,014420.jpg,370,TrafficSign
c001,014421.jpg,14,Crosswalk
c001,014422.jpg,116,TrafficSign
c003,014423.jpg,66,TrafficSign
c004,014424.jpg,124,RubbishBins
c001,014425.jpg,405,TrafficSign
c001,014426.jpg,253,Container
c003,014427.jpg,105,TrafficSign
c003,014428.jpg,401,TrafficSign
c002,014429.jpg,398,Container
c003,014430.jpg,24,TrafficSign
c001,014431.jpg,159,TrafficSign
c003,014432.jpg,363,RubbishBins
c003,014433.jpg,450,TrafficSign
c003,014434.jpg,218,Container
c002,014435.jpg,470,TrafficSign
c002,014436.jpg,197,Container
c001,014437.jpg,294,TrafficSign
c001,014438.jpg,81,Crosswalk
c003,014439.jpg,86,TrafficSign
c003,014440.jpg,126,Crosswalk
c004,014441.jpg,46,Container
c004,014442.jpg,433,Crosswalk
c002,014443.jpg,347,RubbishBins
c003,014444.jpg,406,TrafficSign
c001,014445.jpg,118,TrafficSign
c003,014446.jpg,250,TrafficSign
c001,014447.jpg,181,Crosswalk
c004,014448.jpg,50,Container
c003,014449.jpg,434,Crosswalk
c003,014450.jpg,55,Container
c002,014451.jpg,423,TrafficSign
c002,014452.jpg,253,Container
c003,014453.jpg,188,Container
c003,014454.jpg,226,TrafficSign
c001,014455.jpg,403,TrafficSign
c004,014456.jpg,249,Crosswalk
c001,014457.jpg,147,TrafficSign
c003,014458.jpg,215,TrafficSign
c001,014459.jpg,284,TrafficSign
c003,014460.jpg,176,TrafficSign
c001,014461.jpg,279,TrafficSign
c002,014462.jpg,337,TrafficSign
c003,014463.jpg,405,TrafficSign
c001,014464.jpg,216,TrafficSign
c003,014465.jpg,254,Crosswalk
c004,014466.jpg,275,Crosswalk
c001,014467.jpg,230,Container
c002,014468.jpg,50,Container
c004,014469.jpg,9,Container
c004,014470.jpg,247,Container
c003,014471.jpg,112,TrafficSign
c003,014472.jpg,200,Crosswalk
c001,014473.jpg,91,TrafficSign
c001,014474.jpg,330,TrafficSign
c003,014475.jpg,177,TrafficSign
c001,014476.jpg,87,Crosswalk
c003,014477.jpg,387,TrafficSign
c001,014478.jpg,93,Crosswalk
c001,014479.jpg,59,TrafficSign
c001,014480.jpg,320,Crosswalk
c003,014481.jpg,402,TrafficSign
c004,014482.jpg,350,Container
c003,014483.jpg,56,Crosswalk
c001,014484.jpg,70,Container
c001,014485.jpg,172,Crosswalk
c001,014486.jpg,51,TrafficSign
c001,014487.jpg,373,TrafficSign
c003,014488.jpg,266,TrafficSign
c002,014489.jpg,234,Crosswalk
c004,014490.jpg,196,Crosswalk
c001,014491.jpg,163,Container
c001,014492.jpg,291,Container
c003,014493.jpg,400,TrafficSign
c003,014494.jpg,246,TrafficSign
c001,014495.jpg,199,TrafficSign
c001,014496.jpg,278,RubbishBins
c003,014497.jpg,251,TrafficSign
c002,014498.jpg,392,RubbishBins
c004,014499.jpg,22,Container
c003,014500.jpg,317,Crosswalk
c001,014501.jpg,4,Container
c003,014502.jpg,22,Container
c002,014503.jpg,297,Crosswalk
c004,014504.jpg,50,Container
c004,014505.jpg,247,Container
c003,014506.jpg,205,TrafficSign
c003,014507.jpg,32,Container
c003,014508.jpg,289,TrafficSign
c002,014509.jpg,70,Container
c003,014510.jpg,321,TrafficSign
c003,014511.jpg,83,TrafficSign
c003,014512.jpg,226,TrafficSign
c004,014513.jpg,286,Crosswalk
c002,014514.jpg,9,Container
c003,014515.jpg,156,Container
c002,014516.jpg,254,Crosswalk
c003,014517.jpg,106,Crosswalk
c002,014518.jpg,444,TrafficSign
c002,014519.jpg,51,TrafficSign
c003,014520.jpg,111,RubbishBins
c004,014521.jpg,186,Crosswalk
c004,014522.jpg,50,Container
c003,014523.jpg,119,Crosswalk
c003,014524.jpg,272,TrafficSign
c001,014525.jpg,32,Container
c003,014526.jpg,18,RubbishBins
c003,014527.jpg,338,TrafficSign
c002,014528.jpg,279,TrafficSign
c001,014529.jpg,442,TrafficSign
c001,014530.jpg,233,TrafficSign
c003,014531.jpg,449,TrafficSign
c001,014532.jpg,395,TrafficSign
c001,014533.jpg,251,TrafficSign
c001,014534.jpg,343,Crosswalk
c002,014535.jpg,241,Container
c002,014536.jpg,14,Crosswalk
c002,014537.jpg,249,Crosswalk
c002,014538.jpg,64,TrafficSign
c003,014539.jpg,30,TrafficSign
c002,014540.jpg,178,TrafficSign
c002,014541.jpg,241,Container
c003,014542.jpg,176,TrafficSign
c002,014543.jpg,55,Container
c001,014544.jpg,341,Crosswalk
c003,014545.jpg,34,TrafficSign
c004,014546.jpg,198,Container
c002,014547.jpg,95,TrafficSign
c003,014548.jpg,444,TrafficSign
c003,014549.jpg,397,TrafficSign
c002,014550.jpg,86,TrafficSign
c002,014551.jpg,169,TrafficSign
c004,014552.jpg,191,Crosswalk
c003,014553.jpg,204,TrafficSign
c003,014554.jpg,220,Crosswalk
c003,014555.jpg,126,Crosswalk
c003,014556.jpg,335,TrafficSign
c004,014557.jpg,163,Container
c003,014558.jpg,122,Crosswalk
c004,014559.jpg,299,RubbishBins
c003,014560.jpg,98,TrafficSign
c002,014561.jpg,43,Container
c004,014562.jpg,163,Container
c001,014563.jpg,111,RubbishBins
c001,014564.jpg,339,Container
c001,014565.jpg,321,TrafficSign
c003,014566.jpg,364,TrafficSign
c002,014567.jpg,50,Container
c003,014568.jpg,244,TrafficSign
c002,014569.jpg,87,Crosswalk
c003,014570.jpg,39,TrafficSign
c003,014571.jpg,463,TrafficSign
c002,014572.jpg,253,Container
c001,014573.jpg,404,TrafficSign
c002,014574.jpg,391,RubbishBins
c003,014575.jpg,6,Crosswalk
c002,014576.jpg,32,Container
c002,014577.jpg,67,TrafficSign
c002,014578.jpg,425,RubbishBins
c002,014579.jpg,10,TrafficSign
c001,014580.jpg,457,TrafficSign
c003,014581.jpg,176,TrafficSign
c001,014582.jpg,70,Container
c004,014583.jpg,41,Container
c001,014584.jpg,79,Crosswalk
c004,014585.jpg,198,Container
c002,014586.jpg,369,Crosswalk
c002,014587.jpg,272,TrafficSign
c002,014588.jpg,70,Container
c003,014589.jpg,44,TrafficSign
c003,014590.jpg,453,TrafficSign
c001,014591.jpg,32,Container
c003,014592.jpg,238,TrafficSign
c001,014593.jpg,19,RubbishBins
c002,014594.jpg,289,TrafficSign
c001,014595.jpg,168,Container
c002,014596.jpg,214,TrafficSign
c001,014597.jpg,16,TrafficSign
c003,014598.jpg,87,Crosswalk
c003,014599.jpg,159,TrafficSign
c004,014600.jpg,291,Container
c001,014601.jpg,313,Crosswalk
c003,014602.jpg,216,TrafficSign
c003,014603.jpg,226,TrafficSign
c003,014604.jpg,108,TrafficSign
c003,014605.jpg,55,Container
c001,014606.jpg,150,TrafficSign
c001,014607.jpg,271,TrafficSign
c004,014608.jpg,87,Crosswalk
c003,014609.jpg,454,TrafficSign
c003,014610.jpg,273,TrafficSign
c003,014611.jpg,4,Container
c003,014612.jpg,60,Crosswalk
c002,014613.jpg,412,TrafficSign
c001,014614.jpg,234,Crosswalk
c003,014615.jpg,98,TrafficSign
c004,014616.jpg,172,Crosswalk
c001,014617.jpg,295,TrafficSign
c003,014618.jpg,319,TrafficSign
c001,014619.jpg,199,TrafficSign
c002,014620.jpg,358,Crosswalk
c002,014621.jpg,73,TrafficSign
c004,014622.jpg,286,Crosswalk
c004,014623.jpg,320,Crosswalk
c003,014624.jpg,52,RubbishBins
c002,014625.jpg,347,RubbishBins
c003,014626.jpg,253,Container
c002,014627.jpg,396,RubbishBins
c003,014628.jpg,118,TrafficSign
c001,014629.jpg,76,Container
c003,014630.jpg,404,TrafficSign
c004,014631.jpg,179,RubbishBins
c003,014632.jpg,241,Container
c003,014633.jpg,295,TrafficSign
c003,014634.jpg,140,TrafficSign
c001,014635.jpg,328,Crosswalk
c002,014636.jpg,44,TrafficSign
c003,014637.jpg,426,TrafficSign
c003,014638.jpg,397,TrafficSign
c001,014639.jpg,69,TrafficSign
c003,014640.jpg,73,TrafficSign
c003,014641.jpg,33,TrafficSign
c003,014642.jpg,252,TrafficSign
c003,014643.jpg,81,Crosswalk
c003,014644.jpg,392,RubbishBins
c001,014645.jpg,157,Crosswalk
c003,014646.jpg,94,TrafficSign
c002,014647.jpg,140,TrafficSign
c003,014648.jpg,81,Crosswalk
c001,014649.jpg,203,Container
c003,014650.jpg,151,TrafficSign
c004,014651.jpg,25,Crosswalk
c004,014652.jpg,249,Crosswalk
c002,014653.jpg,44,TrafficSign
c002,014654.jpg,194,TrafficSign
c002,014655.jpg,66,TrafficSign
c004,014656.jpg,452,Crosswalk
c003,014657.jpg,140,TrafficSign
c002,014658.jpg,183,Crosswalk
c003,014659.jpg,170,TrafficSign
c001,014660.jpg,58,TrafficSign
c003,014661.jpg,404,TrafficSign
c003,014662.jpg,322,TrafficSign
c002,014663.jpg,81,Crosswalk
c003,014664.jpg,30,TrafficSign
c001,014665.jpg,133,Container
c001,014666.jpg,38,RubbishBins
c002,014667.jpg,51,TrafficSign
c001,014668.jpg,156,Container
c001,014669.jpg,32,Container
c002,014670.jpg,164,Crosswalk
c003,014671.jpg,172,Crosswalk
c003,014672.jpg,201,Container
c003,014673.jpg,82,Container
c003,014674.jpg,165,TrafficSign
c003,014675.jpg,437,TrafficSign
c003,014676.jpg,164,Crosswalk
c002,014677.jpg,259,TrafficSign
c003,014678.jpg,440,TrafficSign
c002,014679.jpg,388,TrafficSign
c003,014680.jpg,362,TrafficSign
c002,014681.jpg,441,TrafficSign
c003,014682.jpg,331,Container
c002,014683.jpg,263,TrafficSign
c003,014684.jpg,389,TrafficSign
c001,014685.jpg,428,RubbishBins
c003,014686.jpg,369,Crosswalk
c002,014687.jpg,141,RubbishBins
c004,014688.jpg,71,Crosswalk
c001,014689.jpg,62,TrafficSign
c002,014690.jpg,475,TrafficSign
c002,014691.jpg,31,Crosswalk
c004,014692.jpg,102,Container
c003,014693.jpg,418,TrafficSign
c003,014694.jpg,33,TrafficSign
c003,014695.jpg,251,TrafficSign
c002,014696.jpg,8,TrafficSign
c001,014697.jpg,4,Container
c003,014698.jpg,32,Container
c002,014699.jpg,213,Crosswalk
c001,014700.jpg,163,Container
c002,014701.jpg,231,TrafficSign
c003,014702.jpg,246,TrafficSign
c003,014703.jpg,319,TrafficSign
c003,014704.jpg,457,TrafficSign
c003,014705.jpg,321,TrafficSign
c001,014706.jpg,443,TrafficSign
c003,014707.jpg,385,TrafficSign
c002,014708.jpg,50,Container
c003,014709.jpg,168,Container
c002,014710.jpg,320,Crosswalk
c003,014711.jpg,247,Container
c004,014712.jpg,27,Container
c003,014713.jpg,98,TrafficSign
c001,014714.jpg,126,Crosswalk
c004,014715.jpg,9,Container
c003,014716.jpg,26,TrafficSign
c002,014717.jpg,467,TrafficSign
c001,014718.jpg,90,TrafficSign
c004,014719.jpg,323,RubbishBins
c003,014720.jpg,253,Container
c002,014721.jpg,367,Crosswalk
c003,014722.jpg,221,Crosswalk
c003,014723.jpg,415,TrafficSign
c003,014724.jpg,292,TrafficSign
c002,014725.jpg,20,TrafficSign
c004,014726.jpg,163,Container
c002,014727.jpg,180,Crosswalk
c002,014728.jpg,454,TrafficSign
c003,014729.jpg,214,TrafficSign
c002,014730.jpg,233,TrafficSign
c002,014731.jpg,55,Container
c003,014732.jpg,376,Crosswalk
c003,014733.jpg,313,Crosswalk
c001,014734.jpg,195,TrafficSign
c001,014735.jpg,291,Container
c002,014736.jpg,48,TrafficSign
c003,014737.jpg,88,TrafficSign
c001,014738.jpg,38,RubbishBins
c001,014739.jpg,379,TrafficSign
c003,014740.jpg,208,Crosswalk
c003,014741.jpg,111,RubbishBins
c001,014742.jpg,430,Crosswalk
c001,014743.jpg,253,Container
c004,014744.jpg,81,Crosswalk
c004,014745.jpg,227,Container
c002,014746.jpg,147,TrafficSign
c004,014747.jpg,173,Crosswalk
c003,014748.jpg,423,TrafficSign
c003,014749.jpg,343,Crosswalk
c002,014750.jpg,133,Container
c002,014751.jpg,129,TrafficSign
c004,014752.jpg,242,Container
c002,014753.jpg,70,Container
c003,014754.jpg,178,TrafficSign
c003,014755.jpg,241,Container
c002,014756.jpg,97,TrafficSign
c004,014757.jpg,4,Container
c001,014758.jpg,361,TrafficSign
c003,014759.jpg,126,Crosswalk
c003,014760.jpg,163,Container
c004,014761.jpg,70,Container
c002,014762.jpg,104,Crosswalk
c001,014763.jpg,188,Container
c002,014764.jpg,114,TrafficSign
c001,014765.jpg,290,Container
c004,014766.jpg,50,Container
c002,014767.jpg,261,Crosswalk
c001,014768.jpg,36,RubbishBins
c001,014769.jpg,427,TrafficSign
c002,014770.jpg,222,TrafficSign
c003,014771.jpg,2,Crosswalk
c004,014772.jpg,122,Crosswalk
c002,014773.jpg,69,TrafficSign
c003,014774.jpg,8,TrafficSign
c003,014775.jpg,423,TrafficSign
c001,014776.jpg,205,TrafficSign
c002,014777.jpg,438,TrafficSign
c002,014778.jpg,386,TrafficSign
c002,014779.jpg,27,Container
c003,014780.jpg,259,TrafficSign
c001,014781.jpg,337,TrafficSign
c001,014782.jpg,213,Crosswalk
c003,014783.jpg,232,TrafficSign
c003,014784.jpg,187,TrafficSign
c004,014785.jpg,106,Crosswalk
c002,014786.jpg,166,TrafficSign
c001,014787.jpg,247,Container
c001,014788.jpg,134,Crosswalk
c001,014789.jpg,24,TrafficSign
c001,014790.jpg,86,TrafficSign
c003,014791.jpg,295,TrafficSign
c003,014792.jpg,17,Container
c003,014793.jpg,250,TrafficSign
c001,014794.jpg,48,TrafficSign
c002,014795.jpg,276,Crosswalk
c002,014796.jpg,188,Container
c002,014797.jpg,87,Crosswalk
c001,014798.jpg,138,Crosswalk
c003,014799.jpg,438,TrafficSign
c001,014800.jpg,161,TrafficSign
c003,014801.jpg,119,Crosswalk
c004,014802.jpg,25,Crosswalk
c003,014803.jpg,9,Container
c002,014804.jpg,27,Container
c001,014805.jpg,261,Crosswalk
c003,014806.jpg,340,TrafficSign
c002,014807.jpg,83,TrafficSign
c003,014808.jpg,295,TrafficSign
c002,014809.jpg,268,TrafficSign
c001,014810.jpg,2,Crosswalk
c003,014811.jpg,457,TrafficSign
c002,014812.jpg,99,TrafficSign
c003,014813.jpg,11,TrafficSign
c003,014814.jpg,408,RubbishBins
c003,014815.jpg,443,TrafficSign
c002,014816.jpg,473,TrafficSign
c002,014817.jpg,9,Container
c003,014818.jpg,429,Container
c002,014819.jpg,110,Container
c003,014820.jpg,98,TrafficSign
c002,014821.jpg,126,Crosswalk
c004,014822.jpg,76,Container
c003,014823.jpg,217,TrafficSign
c001,014824.jpg,208,Crosswalk
c003,014825.jpg,87,Crosswalk
c003,014826.jpg,129,TrafficSign
c002,014827.jpg,117,Container
c001,014828.jpg,50,Container
c001,014829.jpg,118,TrafficSign
c003,014830.jpg,346,TrafficSign
c001,014831.jpg,143,Crosswalk
c003,014832.jpg,26,TrafficSign
c003,014833.jpg,176,TrafficSign
c003,014834.jpg,51,TrafficSign
c003,014835.jpg,164,Crosswalk
c003,014836.jpg,62,TrafficSign
c002,014837.jpg,424,Crosswalk
c002,014838.jpg,34,TrafficSign
c003,014839.jpg,68,Container
c001,014840.jpg,178,TrafficSign
c001,014841.jpg,201,Container
c001,014842.jpg,183,Crosswalk
c001,014843.jpg,32,Container
c004,014844.jpg,19,RubbishBins
c004,014845.jpg,13,Crosswalk
c003,014846.jpg,252,TrafficSign
c003,014847.jpg,97,TrafficSign
c003,014848.jpg,389,TrafficSign
c001,014849.jpg,459,TrafficSign
c002,014850.jpg,439,Crosswalk
c003,014851.jpg,447,TrafficSign
c002,014852.jpg,217,TrafficSign
c003,014853.jpg,361,TrafficSign
c004,014854.jpg,331,Container
c003,014855.jpg,367,Crosswalk
c003,014856.jpg,419,Crosswalk
c002,014857.jpg,347,RubbishBins
c003,014858.jpg,68,Container
c001,014859.jpg,213,Crosswalk
c003,014860.jpg,319,TrafficSign
c001,014861.jpg,382,Crosswalk
c001,014862.jpg,48,TrafficSign
c001,014863.jpg,217,TrafficSign
c004,014864.jpg,124,RubbishBins
c001,014865.jpg,66,TrafficSign
c003,014866.jpg,319,TrafficSign
c001,014867.jpg,272,TrafficSign
c001,014868.jpg,470,TrafficSign
c002,014869.jpg,105,TrafficSign
c003,014870.jpg,321,TrafficSign
c003,014871.jpg,234,Crosswalk
c003,014872.jpg,427,TrafficSign
c003,014873.jpg,40,Container
c004,014874.jpg,9,Container
c003,014875.jpg,374,TrafficSign
c003,014876.jpg,157,Crosswalk
c002,014877.jpg,18,RubbishBins
c002,014878.jpg,228,TrafficSign
c003,014879.jpg,55,Container
c001,014880.jpg,332,Crosswalk
c002,014881.jpg,18,RubbishBins
c003,014882.jpg,4,Container
c003,014883.jpg,403,TrafficSign
c004,014884.jpg,344,Crosswalk
c003,014885.jpg,152,TrafficSign
c003,014886.jpg,38,RubbishBins
c004,014887.jpg,32,Container
c003,014888.jpg,403,TrafficSign
c002,014889.jpg,257,RubbishBins
c001,014890.jpg,133,Container
c003,014891.jpg,252,TrafficSign
c003,014892.jpg,453,TrafficSign
c003,014893.jpg,188,Container
c002,014894.jpg,182,Crosswalk
c002,014895.jpg,109,TrafficSign
c002,014896.jpg,71,Crosswalk
c002,014897.jpg,180,Crosswalk
c001,014898.jpg,236,TrafficSign
c002,014899.jpg,70,Container
c001,014900.jpg,198,Container
c001,014901.jpg,110,Container
c001,014902.jpg,403,TrafficSign
c003,014903.jpg,379,TrafficSign
c003,014904.jpg,221,Crosswalk
c003,014905.jpg,351,TrafficSign
c001,014906.jpg,71,Crosswalk
c001,014907.jpg,42,Container
c003,014908.jpg,85,Container
c003,014909.jpg,168,Container
c001,014910.jpg,17,Container
c002,014911.jpg,376,Crosswalk
c002,014912.jpg,9,Container
c001,014913.jpg,476,TrafficSign
c003,014914.jpg,20,TrafficSign
c003,014915.jpg,72,Container
c003,014916.jpg,233,TrafficSign
c001,014917.jpg,95,TrafficSign
c001,014918.jpg,188,Container
c002,014919.jpg,248,TrafficSign
c002,014920.jpg,59,TrafficSign
c001,014921.jpg,356,TrafficSign
c001,014922.jpg,111,RubbishBins
c003,014923.jpg,66,TrafficSign
c003,014924.jpg,35,TrafficSign
c003,014925.jpg,457,TrafficSign
c003,014926.jpg,90,TrafficSign
c003,014927.jpg,264,TrafficSign
c003,014928.jpg,161,TrafficSign
c003,014929.jpg,421,TrafficSign
c004,014930.jpg,343,Crosswalk
c002,014931.jpg,62,TrafficSign
c001,014932.jpg,11,TrafficSign
c002,014933.jpg,278,RubbishBins
c002,014934.jpg,119,Crosswalk
c003,014935.jpg,217,TrafficSign
c002,014936.jpg,105,TrafficSign
c002,014937.jpg,413,Crosswalk
c002,014938.jpg,470,TrafficSign
c003,014939.jpg,291,Container
c003,014940.jpg,259,TrafficSign
c003,014941.jpg,9,Container
c002,014942.jpg,9,Container
c003,014943.jpg,218,Container
c003,014944.jpg,304,TrafficSign
c002,014945.jpg,438,TrafficSign
c002,014946.jpg,433,Crosswalk
c003,014947.jpg,119,Crosswalk
c002,014948.jpg,11,TrafficSign
c003,014949.jpg,377,TrafficSign
c002,014950.jpg,66,TrafficSign
c001,014951.jpg,54,TrafficSign
c001,014952.jpg,258,TrafficSign
c001,014953.jpg,241,Container
c002,014954.jpg,111,RubbishBins
c001,014955.jpg,212,TrafficSign
c002,014956.jpg,227,Container
c002,014957.jpg,161,TrafficSign
c003,014958.jpg,351,TrafficSign
c002,014959.jpg,253,Container
c001,014960.jpg,28,Crosswalk
c002,014961.jpg,236,TrafficSign
c001,014962.jpg,70,Container
c003,014963.jpg,245,Container
c003,014964.jpg,132,TrafficSign
c002,014965.jpg,50,Container
c003,014966.jpg,362,TrafficSign
c001,014967.jpg,271,TrafficSign
c003,014968.jpg,67,TrafficSign
c003,014969.jpg,161,TrafficSign
c001,014970.jpg,295,TrafficSign
c001,014971.jpg,424,Crosswalk
c002,014972.jpg,211,Crosswalk
c001,014973.jpg,191,Crosswalk
c001,014974.jpg,378,Container
c002,014975.jpg,341,Crosswalk
c002,014976.jpg,332,Crosswalk
c002,014977.jpg,170,TrafficSign
c001,014978.jpg,465,Container
c003,014979.jpg,271,TrafficSign
c003,014980.jpg,375,Crosswalk
c001,014981.jpg,173,Crosswalk
c003,014982.jpg,16,TrafficSign
c001,014983.jpg,294,TrafficSign
c003,014984.jpg,269,TrafficSign
c003,014985.jpg,263,TrafficSign
c004,014986.jpg,396,RubbishBins
c003,014987.jpg,474,Container
c002,014988.jpg,365,TrafficSign
c003,014989.jpg,228,TrafficSign
c003,014990.jpg,300,TrafficSign
c003,014991.jpg,137,RubbishBins
c001,014992.jpg,335,TrafficSign
c002,014993.jpg,223,Crosswalk
c002,014994.jpg,275,Crosswalk
c001,014995.jpg,55,Container
c003,014996.jpg,50,Container
c001,014997.jpg,176,TrafficSign
c003,014998.jpg,205,TrafficSign
c003,014999.jpg,32,Container
c003,015000.jpg,168,Container
c003,015001.jpg,42,Container
c001,015002.jpg,164,Crosswalk
c002,015003.jpg,224,TrafficSign
c003,015004.jpg,21,TrafficSign
c003,015005.jpg,165,TrafficSign
c001,015006.jpg,204,TrafficSign
c002,015007.jpg,342,TrafficSign
c001,015008.jpg,228,TrafficSign
c001,015009.jpg,382,Crosswalk
c003,015010.jpg,232,TrafficSign
c003,015011.jpg,7,Crosswalk
c003,015012.jpg,357,TrafficSign
c001,015013.jpg,70,Container
c002,015014.jpg,473,TrafficSign
c001,015015.jpg,51,TrafficSign
c003,015016.jpg,55,Container
c003,015017.jpg,250,TrafficSign
c003,015018.jpg,296,TrafficSign
c003,015019.jpg,225,TrafficSign
c004,015020.jpg,336,Crosswalk
c002,015021.jpg,335,TrafficSign
c004,015022.jpg,218,Container
c002,015023.jpg,81,Crosswalk
c002,015024.jpg,236,TrafficSign
c004,015025.jpg,254,Crosswalk
c003,015026.jpg,340,TrafficSign
c003,015027.jpg,150,TrafficSign
c001,015028.jpg,191,Crosswalk
c002,015029.jpg,206,TrafficSign
c001,015030.jpg,304,TrafficSign
c003,015031.jpg,126,Crosswalk
c002,015032.jpg,312,TrafficSign
c001,015033.jpg,429,Container
c001,015034.jpg,389,TrafficSign
c002,015035.jpg,423,TrafficSign
c003,015036.jpg,10,TrafficSign
c001,015037.jpg,11,TrafficSign
c004,015038.jpg,76,Container
c003,015039.jpg,440,TrafficSign
c003,015040.jpg,465,Container
c003,015041.jpg,213,Crosswalk
c002,015042.jpg,287,Container
c003,015043.jpg,142,TrafficSign
c004,015044.jpg,27,Container
c004,015045.jpg,265,Crosswalk
c003,015046.jpg,315,Container
c001,015047.jpg,113,TrafficSign
c003,015048.jpg,354,RubbishBins
c003,015049.jpg,458,TrafficSign
c003,015050.jpg,258,TrafficSign
c003,015051.jpg,247,Container
c001,015052.jpg,19,RubbishBins
c002,015053.jpg,140,TrafficSign
c001,015054.jpg,146,TrafficSign
c003,015055.jpg,121,TrafficSign
c004,015056.jpg,439,Crosswalk
c003,015057.jpg,181,Crosswalk
c001,015058.jpg,81,Crosswalk
c001,015059.jpg,403,TrafficSign
c003,015060.jpg,18,RubbishBins
c001,015061.jpg,470,TrafficSign
c003,015062.jpg,166,TrafficSign
c002,015063.jpg,317,Crosswalk
c003,015064.jpg,258,TrafficSign
c002,015065.jpg,348,TrafficSign
c001,015066.jpg,230,Container
c001,015067.jpg,84,Crosswalk
c001,015068.jpg,296,TrafficSign
c004,015069.jpg,68,Container
c002,015070.jpg,76,Container
c001,015071.jpg,12,TrafficSign
c002,015072.jpg,302,Crosswalk
c001,015073.jpg,266,TrafficSign
c001,015074.jpg,280,TrafficSign
c002,015075.jpg,161,TrafficSign
c003,015076.jpg,123,TrafficSign
c002,015077.jpg,414,TrafficSign
c002,015078.jpg,120,Container
c003,015079.jpg,345,Crosswalk
c003,015080.jpg,390,TrafficSign
c001,015081.jpg,291,Container
c002,015082.jpg,253,Container
c002,015083.jpg,293,TrafficSign
c004,015084.jpg,355,Crosswalk
c003,015085.jpg,73,TrafficSign
c002,015086.jpg,275,Crosswalk
c002,015087.jpg,255,TrafficSign
c002,015088.jpg,68,Container
c003,015089.jpg,337,TrafficSign
c003,015090.jpg,374,TrafficSign
c003,015091.jpg,109,TrafficSign
c003,015092.jpg,385,TrafficSign
c003,015093.jpg,284,TrafficSign
c002,015094.jpg,72,Container
c002,015095.jpg,266,TrafficSign
c002,015096.jpg,319,TrafficSign
c003,015097.jpg,253,Container
c001,015098.jpg,5,TrafficSign
c003,015099.jpg,181,Crosswalk
c002,015100.jpg,120,Container
c001,015101.jpg,366,TrafficSign
c003,015102.jpg,121,TrafficSign
c002,015103.jpg,50,Container
c004,015104.jpg,68,Container
c004,015105.jpg,419,Crosswalk
c001,015106.jpg,153,TrafficSign
c004,015107.jpg,197,Container
c001,015108.jpg,40,Container
c003,015109.jpg,353,TrafficSign
c003,015110.jpg,475,TrafficSign
c003,015111.jpg,454,TrafficSign
c003,015112.jpg,327,TrafficSign
c001,015113.jpg,201,Container
c003,015114.jpg,45,TrafficSign
c003,015115.jpg,21,TrafficSign
c004,015116.jpg,50,Container
c003,015117.jpg,162,TrafficSign
c002,015118.jpg,254,Crosswalk
c003,015119.jpg,226,TrafficSign
c002,015120.jpg,440,TrafficSign
c001,015121.jpg,44,TrafficSign
c004,015122.jpg,203,Container
c003,015123.jpg,190,RubbishBins
c003,015124.jpg,389,TrafficSign
c002,015125.jpg,115,RubbishBins
c002,015126.jpg,34,TrafficSign
c002,015127.jpg,150,TrafficSign
c004,015128.jpg,297,Crosswalk
c002,015129.jpg,45,TrafficSign
c001,015130.jpg,164,Crosswalk
c002,015131.jpg,25,Crosswalk
c003,015132.jpg,131,TrafficSign
c004,015133.jpg,197,Container
c003,015134.jpg,21,TrafficSign
c002,015135.jpg,465,Container
c002,015136.jpg,258,TrafficSign
c003,015137.jpg,210,TrafficSign
c001,015138.jpg,160,TrafficSign
c002,015139.jpg,74,TrafficSign
c001,015140.jpg,472,TrafficSign
c003,015141.jpg,409,TrafficSign
c003,015142.jpg,285,Crosswalk
c003,015143.jpg,404,TrafficSign
c002,015144.jpg,197,Container
c001,015145.jpg,49,TrafficSign
c001,015146.jpg,20,TrafficSign
c001,015147.jpg,290,Container
c003,015148.jpg,279,TrafficSign
c004,015149.jpg,306,Crosswalk
c001,015150.jpg,129,TrafficSign
c003,015151.jpg,256,TrafficSign
c004,015152.jpg,211,Crosswalk
c002,015153.jpg,201,Container
c001,015154.jpg,238,TrafficSign
c001,015155.jpg,261,Crosswalk
c002,015156.jpg,18,RubbishBins
c002,015157.jpg,14,Crosswalk
c003,015158.jpg,404,TrafficSign
c003,015159.jpg,35,TrafficSign
c003,015160.jpg,91,TrafficSign
c001,015161.jpg,40,Container
c001,015162.jpg,59,TrafficSign
c002,015163.jpg,126,Crosswalk
c003,015164.jpg,247,Container
c001,015165.jpg,212,TrafficSign
c004,015166.jpg,172,Crosswalk
c003,015167.jpg,275,Crosswalk
c003,015168.jpg,325,TrafficSign
c002,015169.jpg,95,TrafficSign
c003,015170.jpg,139,TrafficSign
c002,015171.jpg,451,TrafficSign
c003,015172.jpg,443,TrafficSign
c003,015173.jpg,20,TrafficSign
c003,015174.jpg,396,RubbishBins
c004,015175.jpg,313,Crosswalk
c003,015176.jpg,356,TrafficSign
c003,015177.jpg,12,TrafficSign
c001,015178.jpg,415,TrafficSign
c003,015179.jpg,67,TrafficSign
c001,015180.jpg,19,RubbishBins
c002,015181.jpg,6,Crosswalk
c003,015182.jpg,127,TrafficSign
c002,015183.jpg,129,TrafficSign
c004,015184.jpg,27,Container
c002,015185.jpg,422,TrafficSign
c001,015186.jpg,287,Container
c003,015187.jpg,85,Container
c002,015188.jpg,190,RubbishBins
c001,015189.jpg,270,Crosswalk
c003,015190.jpg,253,Container
c004,015191.jpg,198,Container
c003,015192.jpg,340,TrafficSign
c002,015193.jpg,323,RubbishBins
c003,015194.jpg,273,TrafficSign
c003,015195.jpg,168,Container
c003,015196.jpg,353,TrafficSign
c002,015197.jpg,172,Crosswalk
c002,015198.jpg,449,TrafficSign
c001,015199.jpg,424,Crosswalk
c003,015200.jpg,457,TrafficSign
c003,015201.jpg,221,Crosswalk
c001,015202.jpg,120,Container
c004,015203.jpg,477,Container
c003,015204.jpg,253,Container
c001,015205.jpg,167,TrafficSign
c001,015206.jpg,70,Container
c002,015207.jpg,135,Container
c002,015208.jpg,215,TrafficSign
c001,015209.jpg,53,Crosswalk
c001,015210.jpg,353,TrafficSign
c003,015211.jpg,55,Container
c004,015212.jpg,203,Container
c002,015213.jpg,42,Container
c002,015214.jpg,149,Container
c002,015215.jpg,133,Container
c003,015216.jpg,199,TrafficSign
c002,015217.jpg,453,TrafficSign
c003,015218.jpg,176,TrafficSign
c004,015219.jpg,435,Container
c003,015220.jpg,312,TrafficSign
c002,015221.jpg,361,TrafficSign
c002,015222.jpg,133,Container
c001,015223.jpg,304,TrafficSign
c003,015224.jpg,163,Container
c001,015225.jpg,203,Container
c003,015226.jpg,43,Container
c001,015227.jpg,232,TrafficSign
c002,015228.jpg,447,TrafficSign
c002,015229.jpg,111,RubbishBins
c003,015230.jpg,10,TrafficSign
c003,015231.jpg,442,TrafficSign
c004,015232.jpg,19,RubbishBins
c001,015233.jpg,67,TrafficSign
c003,015234.jpg,200,Crosswalk
c002,015235.jpg,27,Container
c003,015236.jpg,276,Crosswalk
c003,015237.jpg,278,RubbishBins
c002,015238.jpg,441,TrafficSign
c003,015239.jpg,103,TrafficSign
c003,015240.jpg,112,TrafficSign
c001,015241.jpg,248,TrafficSign
c004,015242.jpg,355,Crosswalk
c003,015243.jpg,373,TrafficSign
c002,015244.jpg,419,Crosswalk
c004,015245.jpg,375,Crosswalk
c002,015246.jpg,150,TrafficSign
c001,015247.jpg,169,TrafficSign
c003,015248.jpg,58,TrafficSign
c002,015249.jpg,58,TrafficSign
c003,015250.jpg,347,RubbishBins
c002,015251.jpg,373,TrafficSign
c003,015252.jpg,36,RubbishBins
c001,015253.jpg,42,Container
c003,015254.jpg,422,TrafficSign
c004,015255.jpg,183,Crosswalk
c001,015256.jpg,170,TrafficSign
c003,015257.jpg,346,TrafficSign
c003,015258.jpg,98,TrafficSign
c002,015259.jpg,312,TrafficSign
c003,015260.jpg,205,TrafficSign
c002,015261.jpg,105,TrafficSign
c002,015262.jpg,138,Crosswalk
c004,015263.jpg,275,Crosswalk
c003,015264.jpg,224,TrafficSign
c001,015265.jpg,60,Crosswalk
c003,015266.jpg,129,TrafficSign
c001,015267.jpg,186,Crosswalk
c003,015268.jpg,441,TrafficSign
c002,015269.jpg,116,TrafficSign
c003,015270.jpg,377,TrafficSign
c001,015271.jpg,369,Crosswalk
c002,015272.jpg,340,TrafficSign
c002,015273.jpg,44,TrafficSign
c002,015274.jpg,252,TrafficSign
c001,015275.jpg,26,TrafficSign
c002,015276.jpg,386,TrafficSign
c003,015277.jpg,164,Crosswalk
c003,015278.jpg,260,TrafficSign
c003,015279.jpg,295,TrafficSign
c002,015280.jpg,168,Container
c001,015281.jpg,140,TrafficSign
c002,015282.jpg,9,Container
c003,015283.jpg,322,TrafficSign
c003,015284.jpg,7,Crosswalk
c003,015285.jpg,212,TrafficSign
c002,015286.jpg,417,TrafficSign
c004,015287.jpg,17,Container
c002,015288.jpg,404,TrafficSign
c003,015289.jpg,417,TrafficSign
c003,015290.jpg,151,TrafficSign
c004,015291.jpg,32,Container
c003,015292.jpg,9,Container
c003,015293.jpg,108,TrafficSign
c003,015294.jpg,261,Crosswalk
c003,015295.jpg,279,TrafficSign
c003,015296.jpg,113,TrafficSign
c001,015297.jpg,333,Crosswalk
c003,015298.jpg,390,TrafficSign
c001,015299.jpg,241,Container
c002,015300.jpg,241,Container
c001,015301.jpg,249,Crosswalk
c002,015302.jpg,314,Crosswalk
c003,015303.jpg,470,TrafficSign
c002,015304.jpg,221,Crosswalk
c001,015305.jpg,65,TrafficSign
c002,015306.jpg,186,Crosswalk
c001,015307.jpg,188,Container
c002,015308.jpg,2,Crosswalk
c001,015309.jpg,423,TrafficSign
c004,015310.jpg,242,Container
c001,015311.jpg,210,TrafficSign
c002,015312.jpg,6,Crosswalk
c001,015313.jpg,457,TrafficSign
c004,015314.jpg,27,Container
c001,015315.jpg,397,TrafficSign
c002,015316.jpg,217,TrafficSign
c004,015317.jpg,28,Crosswalk
c003,015318.jpg,231,TrafficSign
c003,015319.jpg,444,TrafficSign
c002,015320.jpg,457,TrafficSign
c003,015321.jpg,180,Crosswalk
c004,015322.jpg,208,Crosswalk
c004,015323.jpg,163,Container
c001,015324.jpg,109,TrafficSign
c001,015325.jpg,245,Container
c004,015326.jpg,196,Crosswalk
c004,015327.jpg,68,Container
c002,015328.jpg,434,Crosswalk
c002,015329.jpg,131,TrafficSign
c001,015330.jpg,251,TrafficSign
c003,015331.jpg,407,TrafficSign
c001,015332.jpg,263,TrafficSign
c002,015333.jpg,238,TrafficSign
c003,015334.jpg,458,TrafficSign
c003,015335.jpg,443,TrafficSign
c003,015336.jpg,219,Crosswalk
c004,015337.jpg,315,Container
c002,015338.jpg,391,RubbishBins
c003,015339.jpg,366,TrafficSign
c004,015340.jpg,164,Crosswalk
c002,015341.jpg,5,TrafficSign
c003,015342.jpg,247,Container
c002,015343.jpg,271,TrafficSign
c001,015344.jpg,81,Crosswalk
c003,015345.jpg,321,TrafficSign
c002,015346.jpg,340,TrafficSign
c003,015347.jpg,62,TrafficSign
c003,015348.jpg,32,Container
c003,015349.jpg,112,TrafficSign
c003,015350.jpg,134,Crosswalk
c004,015351.jpg,355,Crosswalk
c003,015352.jpg,187,TrafficSign
c003,015353.jpg,105,TrafficSign
c002,015354.jpg,199,TrafficSign
c002,015355.jpg,104,Crosswalk
c004,015356.jpg,350,Container
c001,015357.jpg,348,TrafficSign
c004,015358.jpg,201,Container
c003,015359.jpg,113,TrafficSign
c001,015360.jpg,429,Container
c003,015361.jpg,351,TrafficSign
c003,015362.jpg,151,TrafficSign
c002,015363.jpg,395,TrafficSign
c001,015364.jpg,27,Container
c002,015365.jpg,215,TrafficSign
c002,015366.jpg,87,Crosswalk
c003,015367.jpg,164,Crosswalk
c004,015368.jpg,261,Crosswalk
c003,015369.jpg,408,RubbishBins
c003,015370.jpg,226,TrafficSign
c003,015371.jpg,341,Crosswalk
c001,015372.jpg,403,TrafficSign
c002,015373.jpg,214,TrafficSign
c004,015374.jpg,50,Container
c004,015375.jpg,42,Container
c002,015376.jpg,50,Container
c004,015377.jpg,249,Crosswalk
c002,015378.jpg,55,Container
c002,015379.jpg,242,Container
c001,015380.jpg,56,Crosswalk
c001,015381.jpg,249,Crosswalk
c004,015382.jpg,122,Crosswalk
c003,015383.jpg,478,TrafficSign
c003,015384.jpg,311,Crosswalk
c003,015385.jpg,44,TrafficSign
c004,015386.jpg,55,Container
c001,015387.jpg,414,TrafficSign
c002,015388.jpg,263,TrafficSign
c003,015389.jpg,68,Container
c003,015390.jpg,420,TrafficSign
c001,015391.jpg,134,Crosswalk
c001,015392.jpg,164,Crosswalk
c003,015393.jpg,195,TrafficSign
c004,015394.jpg,9,Container
c001,015395.jpg,249,Crosswalk
c003,015396.jpg,257,RubbishBins
c002,015397.jpg,55,Container
c002,015398.jpg,253,Container
c002,015399.jpg,452,Crosswalk
c001,015400.jpg,84,Crosswalk
c002,015401.jpg,430,Crosswalk
c002,015402.jpg,27,Container
c002,015403.jpg,245,Container
c002,015404.jpg,209,Crosswalk
c003,015405.jpg,389,TrafficSign
c002,015406.jpg,306,Crosswalk
c004,015407.jpg,275,Crosswalk
c002,015408.jpg,322,TrafficSign
c002,015409.jpg,319,TrafficSign
c003,015410.jpg,68,Container
c002,015411.jpg,10,TrafficSign
c002,015412.jpg,189,TrafficSign
c003,015413.jpg,330,TrafficSign
c003,015414.jpg,175,TrafficSign
c002,015415.jpg,77,TrafficSign
c001,015416.jpg,184,TrafficSign
c003,015417.jpg,252,TrafficSign
c001,015418.jpg,258,TrafficSign
c004,015419.jpg,6,Crosswalk
c003,015420.jpg,330,TrafficSign
c003,015421.jpg,107,TrafficSign
c004,015422.jpg,168,Container
c001,015423.jpg,425,RubbishBins
c002,015424.jpg,75,TrafficSign
c002,015425.jpg,62,TrafficSign
c001,015426.jpg,32,Container
c003,015427.jpg,20,TrafficSign
c003,015428.jpg,224,TrafficSign
c003,015429.jpg,35,TrafficSign
c003,015430.jpg,23,Container
c003,015431.jpg,462,Container
c003,015432.jpg,102,Container
c004,015433.jpg,41,Container
c002,015434.jpg,38,RubbishBins
c002,015435.jpg,248,TrafficSign
c001,015436.jpg,252,TrafficSign
c001,015437.jpg,190,RubbishBins
c003,015438.jpg,124,RubbishBins
c003,015439.jpg,261,Crosswalk
c003,015440.jpg,142,TrafficSign
c003,015441.jpg,52,RubbishBins
c001,015442.jpg,470,TrafficSign
c003,015443.jpg,253,Container
c001,015444.jpg,228,TrafficSign
c001,015445.jpg,94,TrafficSign
c003,015446.jpg,70,Container
c001,015447.jpg,168,Container
c004,015448.jpg,313,Crosswalk
c002,015449.jpg,119,Crosswalk
c003,015450.jpg,400,TrafficSign
c003,015451.jpg,349,TrafficSign
c001,015452.jpg,314,Crosswalk
c002,015453.jpg,19,RubbishBins
c002,015454.jpg,117,Container
c001,015455.jpg,70,Container
c002,015456.jpg,173,Crosswalk
c003,015457.jpg,247,Container
c001,015458.jpg,262,TrafficSign
c003,015459.jpg,304,TrafficSign
c003,015460.jpg,252,TrafficSign
c004,015461.jpg,382,Crosswalk
c004,015462.jpg,464,Crosswalk
c003,015463.jpg,366,TrafficSign
c003,015464.jpg,17,Container
c001,015465.jpg,168,Container
c002,015466.jpg,307,TrafficSign
c001,015467.jpg,346,TrafficSign
c001,015468.jpg,16,TrafficSign
c001,015469.jpg,193,TrafficSign
c002,015470.jpg,221,Crosswalk
c004,015471.jpg,68,Container
c002,015472.jpg,2,Crosswalk
c002,015473.jpg,359,TrafficSign
c001,015474.jpg,77,TrafficSign
c003,015475.jpg,148,TrafficSign
c003,015476.jpg,63,TrafficSign
c004,015477.jpg,27,Container
c003,015478.jpg,173,Crosswalk
c003,015479.jpg,239,RubbishBins
c003,015480.jpg,144,TrafficSign
c001,015481.jpg,364,TrafficSign
c003,015482.jpg,49,TrafficSign
c003,015483.jpg,230,Container
c003,015484.jpg,209,Crosswalk
c003,015485.jpg,226,TrafficSign
c002,015486.jpg,102,Container
c003,015487.jpg,15,TrafficSign
c001,015488.jpg,50,Container
c004,015489.jpg,261,Crosswalk
c002,015490.jpg,244,TrafficSign
c004,015491.jpg,31,Crosswalk
c003,015492.jpg,243,TrafficSign
c003,015493.jpg,300,TrafficSign
c002,015494.jpg,287,Container
c001,015495.jpg,46,Container
c002,015496.jpg,60,Crosswalk
c003,015497.jpg,200,Crosswalk
c003,015498.jpg,79,Crosswalk
c001,015499.jpg,425,RubbishBins
c002,015500.jpg,70,Container
c004,015501.jpg,78,Crosswalk
c002,015502.jpg,265,Crosswalk
c003,015503.jpg,90,TrafficSign
c001,015504.jpg,300,TrafficSign
c003,015505.jpg,135,Container
c004,015506.jpg,197,Container
c003,015507.jpg,32,Container
c001,015508.jpg,126,Crosswalk
c002,015509.jpg,180,Crosswalk
c002,015510.jpg,164,Crosswalk
c003,015511.jpg,115,RubbishBins
c001,015512.jpg,85,Container
c003,015513.jpg,152,TrafficSign
c004,015514.jpg,230,Container
c003,015515.jpg,36,RubbishBins
c004,015516.jpg,102,Container
c003,015517.jpg,343,Crosswalk
c001,015518.jpg,271,TrafficSign
c001,015519.jpg,45,TrafficSign
c001,015520.jpg,323,RubbishBins
c002,015521.jpg,191,Crosswalk
c003,015522.jpg,295,TrafficSign
c003,015523.jpg,122,Crosswalk
c001,015524.jpg,229,TrafficSign
c002,015525.jpg,476,TrafficSign
c003,015526.jpg,364,TrafficSign
c003,015527.jpg,400,TrafficSign
c001,015528.jpg,333,Crosswalk
c002,015529.jpg,333,Crosswalk
c001,015530.jpg,50,Container
c003,015531.jpg,197,Container
c004,015532.jpg,9,Container
c002,015533.jpg,197,Container
c001,015534.jpg,229,TrafficSign
c002,015535.jpg,277,TrafficSign
c001,015536.jpg,258,TrafficSign
c004,015537.jpg,247,Container
c003,015538.jpg,171,TrafficSign
c002,015539.jpg,337,TrafficSign
c004,015540.jpg,408,RubbishBins
c001,015541.jpg,87,Crosswalk
c002,015542.jpg,412,TrafficSign
c003,015543.jpg,271,TrafficSign
c003,015544.jpg,105,TrafficSign
c003,015545.jpg,79,Crosswalk
c001,015546.jpg,166,TrafficSign
c001,015547.jpg,278,RubbishBins
c002,015548.jpg,258,TrafficSign
c004,015549.jpg,41,Container
c002,015550.jpg,82,Container
c003,015551.jpg,216,TrafficSign
c001,015552.jpg,16,TrafficSign
c002,015553.jpg,197,Container
c002,015554.jpg,377,TrafficSign
c003,015555.jpg,51,TrafficSign
c003,015556.jpg,245,Container
c003,015557.jpg,335,TrafficSign
c002,015558.jpg,223,Crosswalk
c002,015559.jpg,70,Container
c003,015560.jpg,199,TrafficSign
c002,015561.jpg,78,Crosswalk
c003,015562.jpg,222,TrafficSign
c001,015563.jpg,420,TrafficSign
c003,015564.jpg,198,Container
c001,015565.jpg,17,Container
c001,015566.jpg,44,TrafficSign
c001,015567.jpg,117,Container
c003,015568.jpg,335,TrafficSign
c003,015569.jpg,206,TrafficSign
c003,015570.jpg,264,TrafficSign
c003,015571.jpg,470,TrafficSign
c002,015572.jpg,110,Container
c002,015573.jpg,23,Container
c002,015574.jpg,172,Crosswalk
c002,015575.jpg,315,Container
c001,015576.jpg,204,TrafficSign
c002,015577.jpg,344,Crosswalk
c001,015578.jpg,328,Crosswalk
c002,015579.jpg,319,TrafficSign
c003,015580.jpg,229,TrafficSign
c002,015581.jpg,401,TrafficSign
c003,015582.jpg,469,RubbishBins
c001,015583.jpg,207,Container
c003,015584.jpg,271,TrafficSign
c003,015585.jpg,312,TrafficSign
c002,015586.jpg,353,TrafficSign
c001,015587.jpg,179,RubbishBins
c004,015588.jpg,32,Container
c004,015589.jpg,32,Container
c002,015590.jpg,65,TrafficSign
c001,015591.jpg,322,TrafficSign
c001,015592.jpg,201,Container
c003,015593.jpg,253,Container
c003,015594.jpg,388,TrafficSign
c003,015595.jpg,340,TrafficSign
c003,015596.jpg,49,TrafficSign
c001,015597.jpg,150,TrafficSign
c002,015598.jpg,62,TrafficSign
c001,015599.jpg,300,TrafficSign
c002,015600.jpg,18,RubbishBins
c001,015601.jpg,254,Crosswalk
c003,015602.jpg,404,TrafficSign
c002,015603.jpg,150,TrafficSign
c004,015604.jpg,9,Container
c003,015605.jpg,36,RubbishBins
c003,015606.jpg,125,TrafficSign
c001,015607.jpg,263,TrafficSign
c002,015608.jpg,159,TrafficSign
c003,015609.jpg,36,RubbishBins
c002,015610.jpg,444,TrafficSign
c004,015611.jpg,197,Container
c001,015612.jpg,68,Container
c002,015613.jpg,89,TrafficSign
c002,015614.jpg,320,Crosswalk
c002,015615.jpg,345,Crosswalk
c004,015616.jpg,53,Crosswalk
c001,015617.jpg,150,TrafficSign
c004,015618.jpg,249,Crosswalk
c001,015619.jpg,345,Crosswalk
c004,015620.jpg,72,Container
c003,015621.jpg,320,Crosswalk
c001,015622.jpg,51,TrafficSign
c003,015623.jpg,113,TrafficSign
c001,015624.jpg,186,Crosswalk
c004,015625.jpg,261,Crosswalk
c001,015626.jpg,164,Crosswalk
c002,015627.jpg,205,TrafficSign
c003,015628.jpg,157,Crosswalk
c001,015629.jpg,155,TrafficSign
c004,015630.jpg,71,Crosswalk
c004,015631.jpg,358,Crosswalk
c002,015632.jpg,247,Container
c001,015633.jpg,18,RubbishBins
c001,015634.jpg,66,TrafficSign
c003,015635.jpg,101,TrafficSign
c002,015636.jpg,114,TrafficSign
c004,015637.jpg,382,Crosswalk
c002,015638.jpg,212,TrafficSign
c003,015639.jpg,442,TrafficSign
c001,015640.jpg,456,RubbishBins
c002,015641.jpg,279,TrafficSign
c001,015642.jpg,225,TrafficSign
c001,015643.jpg,126,Crosswalk
c001,015644.jpg,314,Crosswalk
c003,015645.jpg,3,Container
c003,015646.jpg,255,TrafficSign
c001,015647.jpg,21,TrafficSign
c004,015648.jpg,435,Container
c004,015649.jpg,173,Crosswalk
c002,015650.jpg,70,Container
c001,015651.jpg,197,Container
c004,015652.jpg,122,Crosswalk
c003,015653.jpg,16,TrafficSign
c001,015654.jpg,69,TrafficSign
c004,015655.jpg,102,Container
c003,015656.jpg,139,TrafficSign
c002,015657.jpg,100,TrafficSign
c003,015658.jpg,347,RubbishBins
c002,015659.jpg,164,Crosswalk
c002,015660.jpg,84,Crosswalk
c003,015661.jpg,442,TrafficSign
c002,015662.jpg,196,Crosswalk
c004,015663.jpg,378,Container
c002,015664.jpg,154,TrafficSign
c001,015665.jpg,224,TrafficSign
c001,015666.jpg,370,TrafficSign
c003,015667.jpg,54,TrafficSign
c001,015668.jpg,277,TrafficSign
c003,015669.jpg,64,TrafficSign
c002,015670.jpg,247,Container
c003,015671.jpg,183,Crosswalk
c003,015672.jpg,178,TrafficSign
c003,015673.jpg,167,TrafficSign
c004,015674.jpg,78,Crosswalk
c001,015675.jpg,298,TrafficSign
c003,015676.jpg,328,Crosswalk
c002,015677.jpg,55,Container
c001,015678.jpg,62,TrafficSign
c001,015679.jpg,235,TrafficSign
c001,015680.jpg,401,TrafficSign
c001,015681.jpg,469,RubbishBins
c004,015682.jpg,253,Container
c002,015683.jpg,168,Container
c003,015684.jpg,98,TrafficSign
c001,015685.jpg,85,Container
c004,015686.jpg,197,Container
c004,015687.jpg,17,Container
c002,015688.jpg,378,Container
c003,015689.jpg,70,Container
c004,015690.jpg,378,Container
c002,015691.jpg,183,Crosswalk
c001,015692.jpg,157,Crosswalk
c001,015693.jpg,119,Crosswalk
c002,015694.jpg,82,Container
c001,015695.jpg,222,TrafficSign
c003,015696.jpg,204,TrafficSign
c003,015697.jpg,160,TrafficSign
c004,015698.jpg,288,Container
c003,015699.jpg,38,RubbishBins
c002,015700.jpg,145,TrafficSign
c003,015701.jpg,233,TrafficSign
c003,015702.jpg,402,TrafficSign
c002,015703.jpg,166,TrafficSign
c002,015704.jpg,203,Container
c001,015705.jpg,277,TrafficSign
c003,015706.jpg,244,TrafficSign
c001,015707.jpg,172,Crosswalk
c001,015708.jpg,68,Container
c001,015709.jpg,392,RubbishBins
c002,015710.jpg,286,Crosswalk
c003,015711.jpg,81,Crosswalk
c001,015712.jpg,177,TrafficSign
c001,015713.jpg,103,TrafficSign
c003,015714.jpg,118,TrafficSign
c001,015715.jpg,389,TrafficSign
c001,015716.jpg,17,Container
c003,015717.jpg,290,Container
c003,015718.jpg,103,TrafficSign
c001,015719.jpg,197,Container
c001,015720.jpg,126,Crosswalk
c001,015721.jpg,447,TrafficSign
c001,015722.jpg,192,Container
c003,015723.jpg,96,TrafficSign
c001,015724.jpg,4,Container
c001,015725.jpg,233,TrafficSign
c001,015726.jpg,119,Crosswalk
c003,015727.jpg,408,RubbishBins
c003,015728.jpg,409,TrafficSign
c002,015729.jpg,19,RubbishBins
c001,015730.jpg,81,Crosswalk
c003,015731.jpg,273,TrafficSign
c002,015732.jpg,351,TrafficSign
c001,015733.jpg,328,Crosswalk
c002,015734.jpg,173,Crosswalk
c001,015735.jpg,39,TrafficSign
c002,015736.jpg,212,TrafficSign
c003,015737.jpg,27,Container
c001,015738.jpg,125,TrafficSign
c003,015739.jpg,411,Crosswalk
c004,015740.jpg,191,Crosswalk
c001,015741.jpg,389,TrafficSign
c003,015742.jpg,79,Crosswalk
c004,015743.jpg,207,Container
c001,015744.jpg,148,TrafficSign
c003,015745.jpg,315,Container
c001,015746.jpg,460,RubbishBins
c003,015747.jpg,351,TrafficSign
c002,015748.jpg,159,TrafficSign
c003,015749.jpg,389,TrafficSign
c001,015750.jpg,360,TrafficSign
c003,015751.jpg,128,TrafficSign
c001,015752.jpg,334,TrafficSign
c002,015753.jpg,288,Container
c004,015754.jpg,211,Crosswalk
c002,015755.jpg,389,TrafficSign
c003,015756.jpg,106,Crosswalk
c003,015757.jpg,136,TrafficSign
c003,015758.jpg,125,TrafficSign
c002,015759.jpg,274,TrafficSign
c004,015760.jpg,168,Container
c003,015761.jpg,456,RubbishBins
c003,015762.jpg,278,RubbishBins
c001,015763.jpg,473,TrafficSign
c002,015764.jpg,370,TrafficSign
c003,015765.jpg,434,Crosswalk
c004,015766.jpg,9,Container
c004,015767.jpg,311,Crosswalk
c004,015768.jpg,394,Crosswalk
c003,015769.jpg,164,Crosswalk
c002,015770.jpg,85,Container
c001,015771.jpg,119,Crosswalk
c002,015772.jpg,373,TrafficSign
c002,015773.jpg,168,Container
c003,015774.jpg,148,TrafficSign
c001,015775.jpg,114,TrafficSign
c001,015776.jpg,81,Crosswalk
c004,015777.jpg,341,Crosswalk
c002,015778.jpg,153,TrafficSign
c001,015779.jpg,105,TrafficSign
c003,015780.jpg,439,Crosswalk
c002,015781.jpg,297,Crosswalk
c002,015782.jpg,149,Container
c002,015783.jpg,184,TrafficSign
c003,015784.jpg,86,TrafficSign
c003,015785.jpg,314,Crosswalk
c001,015786.jpg,40,Container
c003,015787.jpg,197,Container
c004,015788.jpg,18,RubbishBins
c002,015789.jpg,86,TrafficSign
c002,015790.jpg,419,Crosswalk
c001,015791.jpg,3,Container
c004,015792.jpg,202,Crosswalk
c002,015793.jpg,351,TrafficSign
c001,015794.jpg,328,Crosswalk
c002,015795.jpg,276,Crosswalk
c002,015796.jpg,469,RubbishBins
c004,015797.jpg,188,Container
c003,015798.jpg,82,Container
c003,015799.jpg,3,Container
c002,015800.jpg,153,TrafficSign
c004,015801.jpg,192,Container
c002,015802.jpg,458,TrafficSign
c002,015803.jpg,149,Container
c003,015804.jpg,414,TrafficSign
c002,015805.jpg,66,TrafficSign
c002,015806.jpg,382,Crosswalk
c001,015807.jpg,263,TrafficSign
c002,015808.jpg,145,TrafficSign
c003,015809.jpg,336,Crosswalk
c002,015810.jpg,80,TrafficSign
c003,015811.jpg,395,TrafficSign
c002,015812.jpg,190,RubbishBins
c004,015813.jpg,196,Crosswalk
c004,015814.jpg,168,Container
c003,015815.jpg,153,TrafficSign
c002,015816.jpg,403,TrafficSign
c002,015817.jpg,46,Container
c001,015818.jpg,110,Container
c002,015819.jpg,35,TrafficSign
c002,015820.jpg,450,TrafficSign
c001,015821.jpg,199,TrafficSign
c001,015822.jpg,32,Container
c001,015823.jpg,28,Crosswalk
c001,015824.jpg,388,TrafficSign
c004,015825.jpg,275,Crosswalk
c003,015826.jpg,282,TrafficSign
c004,015827.jpg,76,Container
c004,015828.jpg,9,Container
c001,015829.jpg,354,RubbishBins
c003,015830.jpg,177,TrafficSign
c004,015831.jpg,157,Crosswalk
c003,015832.jpg,192,Container
c001,015833.jpg,271,TrafficSign
c001,015834.jpg,341,Crosswalk
c004,015835.jpg,87,Crosswalk
c001,015836.jpg,456,RubbishBins
c004,015837.jpg,391,RubbishBins
c002,015838.jpg,237,TrafficSign
c002,015839.jpg,102,Container
c003,015840.jpg,438,TrafficSign
c003,015841.jpg,295,TrafficSign
c002,015842.jpg,17,Container
c002,015843.jpg,429,Container
c001,015844.jpg,228,TrafficSign
c001,015845.jpg,78,Crosswalk
c003,015846.jpg,114,TrafficSign
c003,015847.jpg,242,Container
c001,015848.jpg,26,TrafficSign
c003,015849.jpg,198,Container
c001,015850.jpg,18,RubbishBins
c004,015851.jpg,9,Container
c002,015852.jpg,374,TrafficSign
c003,015853.jpg,322,TrafficSign
c003,015854.jpg,145,TrafficSign
c001,015855.jpg,324,Crosswalk
c003,015856.jpg,142,TrafficSign
c003,015857.jpg,232,TrafficSign
c003,015858.jpg,241,Container
c003,015859.jpg,387,TrafficSign
c002,015860.jpg,55,Container
c001,015861.jpg,21,TrafficSign
c002,015862.jpg,32,Container
c002,015863.jpg,328,Crosswalk
c003,015864.jpg,265,Crosswalk
c003,015865.jpg,32,Container
c003,015866.jpg,271,TrafficSign
c002,015867.jpg,216,TrafficSign
c003,015868.jpg,87,Crosswalk
c002,015869.jpg,120,Container
c003,015870.jpg,236,TrafficSign
c002,015871.jpg,311,Crosswalk
c004,015872.jpg,172,Crosswalk
c001,015873.jpg,12,TrafficSign
c001,015874.jpg,91,TrafficSign
c003,015875.jpg,357,TrafficSign
c002,015876.jpg,35,TrafficSign
c001,015877.jpg,265,Crosswalk
c004,015878.jpg,55,Container
c004,015879.jpg,343,Crosswalk
c001,015880.jpg,273,TrafficSign
c003,015881.jpg,86,TrafficSign
c003,015882.jpg,258,TrafficSign
c003,015883.jpg,266,TrafficSign
c002,015884.jpg,70,Container
c004,015885.jpg,375,Crosswalk
c001,015886.jpg,68,Container
c003,015887.jpg,91,TrafficSign
c003,015888.jpg,124,RubbishBins
c001,015889.jpg,418,TrafficSign
c002,015890.jpg,168,Container
c002,015891.jpg,28,Crosswalk
c001,015892.jpg,377,TrafficSign
c002,015893.jpg,392,RubbishBins
c001,015894.jpg,250,TrafficSign
c002,015895.jpg,361,TrafficSign
c003,015896.jpg,458,TrafficSign
c001,015897.jpg,322,TrafficSign
c001,015898.jpg,148,TrafficSign
c003,015899.jpg,136,TrafficSign
c002,015900.jpg,215,TrafficSign
c001,015901.jpg,345,Crosswalk
c002,015902.jpg,294,TrafficSign
c001,015903.jpg,103,TrafficSign
c001,015904.jpg,219,Crosswalk
c003,015905.jpg,269,TrafficSign
c004,015906.jpg,424,Crosswalk
c003,015907.jpg,70,Container
c003,015908.jpg,243,TrafficSign
c003,015909.jpg,444,TrafficSign
c003,015910.jpg,108,TrafficSign
c003,015911.jpg,335,TrafficSign
c003,015912.jpg,227,Container
c004,015913.jpg,355,Crosswalk
c001,015914.jpg,304,TrafficSign
c002,015915.jpg,210,TrafficSign
c003,015916.jpg,193,TrafficSign
c001,015917.jpg,150,TrafficSign
c003,015918.jpg,203,Container
c004,015919.jpg,50,Container
c003,015920.jpg,148,TrafficSign
c001,015921.jpg,222,TrafficSign
c003,015922.jpg,440,TrafficSign
c003,015923.jpg,178,TrafficSign
c001,015924.jpg,95,TrafficSign
c001,015925.jpg,42,Container
c004,015926.jpg,462,Container
c001,015927.jpg,301,TrafficSign
c004,015928.jpg,173,Crosswalk
c003,015929.jpg,16,TrafficSign
c002,015930.jpg,49,TrafficSign
c002,015931.jpg,113,TrafficSign
c003,015932.jpg,254,Crosswalk
c003,015933.jpg,19,RubbishBins
c003,015934.jpg,58,TrafficSign
c002,015935.jpg,213,Crosswalk
c002,015936.jpg,192,Container
c003,015937.jpg,66,TrafficSign
c003,015938.jpg,207,Container
c002,015939.jpg,46,Container
c002,015940.jpg,123,TrafficSign
c002,015941.jpg,270,Crosswalk
c003,015942.jpg,153,TrafficSign
c002,015943.jpg,132,TrafficSign
c002,015944.jpg,230,Container
c003,015945.jpg,236,TrafficSign
c002,015946.jpg,457,TrafficSign
c002,015947.jpg,224,TrafficSign
c003,015948.jpg,269,TrafficSign
c002,015949.jpg,433,Crosswalk
c002,015950.jpg,43,Container
c001,015951.jpg,9,Container
c004,015952.jpg,197,Container
c001,015953.jpg,217,TrafficSign
c003,015954.jpg,270,Crosswalk
c003,015955.jpg,317,Crosswalk
c003,015956.jpg,128,TrafficSign
c004,015957.jpg,82,Container
c003,015958.jpg,201,Container
c001,015959.jpg,52,RubbishBins
c002,015960.jpg,405,TrafficSign
c002,015961.jpg,253,Container
c003,015962.jpg,298,TrafficSign
c002,015963.jpg,44,TrafficSign
c003,015964.jpg,117,Container
c003,015965.jpg,218,Container
c001,015966.jpg,27,Container
c001,015967.jpg,9,Container
c003,015968.jpg,363,RubbishBins
c001,015969.jpg,55,Container
c003,015970.jpg,353,TrafficSign
c004,015971.jpg,394,Crosswalk
c003,015972.jpg,66,TrafficSign
c003,015973.jpg,21,TrafficSign
c003,015974.jpg,345,Crosswalk
c002,015975.jpg,68,Container
c003,015976.jpg,432,TrafficSign
c003,015977.jpg,463,TrafficSign
c003,015978.jpg,50,Container
c003,015979.jpg,109,TrafficSign
c003,015980.jpg,389,TrafficSign
c004,015981.jpg,435,Container
c003,015982.jpg,404,TrafficSign
c003,015983.jpg,69,TrafficSign
c001,015984.jpg,215,TrafficSign
c004,015985.jpg,4,Container
c003,015986.jpg,123,TrafficSign
c003,015987.jpg,79,Crosswalk
c003,015988.jpg,163,Container
c004,015989.jpg,306,Crosswalk
c003,015990.jpg,459,TrafficSign
c003,015991.jpg,168,Container
c003,015992.jpg,403,TrafficSign
c003,015993.jpg,30,TrafficSign
c001,015994.jpg,388,TrafficSign
c003,015995.jpg,74,TrafficSign
c004,015996.jpg,93,Crosswalk
c002,015997.jpg,44,TrafficSign
c001,015998.jpg,462,Container
c002,015999.jpg,343,Crosswalk
c001,016000.jpg,271,TrafficSign
c002,016001.jpg,351,TrafficSign
c003,016002.jpg,325,TrafficSign
c003,016003.jpg,84,Crosswalk
c001,016004.jpg,93,Crosswalk
c002,016005.jpg,60,Crosswalk
c001,016006.jpg,200,Crosswalk
c003,016007.jpg,32,Container
c002,016008.jpg,196,Crosswalk
c003,016009.jpg,431,TrafficSign
c004,016010.jpg,197,Container
c002,016011.jpg,475,TrafficSign
c001,016012.jpg,321,TrafficSign
c003,016013.jpg,152,TrafficSign
c003,016014.jpg,32,Container
c003,016015.jpg,365,TrafficSign
c002,016016.jpg,107,TrafficSign
c002,016017.jpg,1,Crosswalk
c001,016018.jpg,314,Crosswalk
c001,016019.jpg,77,TrafficSign
c001,016020.jpg,422,TrafficSign
c003,016021.jpg,321,TrafficSign
c004,016022.jpg,172,Crosswalk
c001,016023.jpg,276,Crosswalk
c003,016024.jpg,258,TrafficSign
c001,016025.jpg,173,Crosswalk
c004,016026.jpg,9,Container
c003,016027.jpg,330,TrafficSign
c002,016028.jpg,49,TrafficSign
c001,016029.jpg,256,TrafficSign
c004,016030.jpg,203,Container
c003,016031.jpg,424,Crosswalk
c001,016032.jpg,245,Container
c004,016033.jpg,70,Container
c002,016034.jpg,427,TrafficSign
c004,016035.jpg,183,Crosswalk
c002,016036.jpg,159,TrafficSign
c001,016037.jpg,241,Container
c001,016038.jpg,260,TrafficSign
c002,016039.jpg,367,Crosswalk
c001,016040.jpg,184,TrafficSign
c004,016041.jpg,168,Container
c003,016042.jpg,58,TrafficSign
c002,016043.jpg,182,Crosswalk
c002,016044.jpg,157,Crosswalk
c001,016045.jpg,6,Crosswalk
c003,016046.jpg,328,Crosswalk
c003,016047.jpg,191,Crosswalk
c002,016048.jpg,81,Crosswalk
c003,016049.jpg,476,TrafficSign
c001,016050.jpg,220,Crosswalk
c001,016051.jpg,201,Container
c002,016052.jpg,56,Crosswalk
c004,016053.jpg,315,Container
c002,016054.jpg,450,TrafficSign
c002,016055.jpg,253,Container
c004,016056.jpg,164,Crosswalk
c001,016057.jpg,345,Crosswalk
c002,016058.jpg,388,TrafficSign
c004,016059.jpg,4,Container
c001,016060.jpg,338,TrafficSign
c002,016061.jpg,146,TrafficSign
c002,016062.jpg,234,Crosswalk
c003,016063.jpg,373,TrafficSign
c002,016064.jpg,36,RubbishBins
c002,016065.jpg,155,TrafficSign
c002,016066.jpg,25,Crosswalk
c003,016067.jpg,90,TrafficSign
c003,016068.jpg,243,TrafficSign
c001,016069.jpg,144,TrafficSign
c002,016070.jpg,94,TrafficSign
c001,016071.jpg,275,Crosswalk
c003,016072.jpg,210,TrafficSign
c002,016073.jpg,468,TrafficSign
c003,016074.jpg,216,TrafficSign
c002,016075.jpg,328,Crosswalk
c002,016076.jpg,42,Container
c002,016077.jpg,265,Crosswalk
c003,016078.jpg,55,Container
c002,016079.jpg,188,Container
c003,016080.jpg,382,Crosswalk
c002,016081.jpg,309,Container
c002,016082.jpg,424,Crosswalk
c003,016083.jpg,357,TrafficSign
c001,016084.jpg,117,Container
c001,016085.jpg,97,TrafficSign
c003,016086.jpg,89,TrafficSign
c003,016087.jpg,136,TrafficSign
c002,016088.jpg,400,TrafficSign
c003,016089.jpg,396,RubbishBins
c004,016090.jpg,314,Crosswalk
c003,016091.jpg,316,TrafficSign
c002,016092.jpg,58,TrafficSign
c002,016093.jpg,324,Crosswalk
c003,016094.jpg,18,RubbishBins
c003,016095.jpg,457,TrafficSign
c003,016096.jpg,305,TrafficSign
c001,016097.jpg,27,Container
c001,016098.jpg,301,TrafficSign
c001,016099.jpg,34,TrafficSign
c003,016100.jpg,201,Container
c003,016101.jpg,233,TrafficSign
c003,016102.jpg,252,TrafficSign
c001,016103.jpg,146,TrafficSign
c003,016104.jpg,108,TrafficSign
c003,016105.jpg,429,Container
c001,016106.jpg,36,RubbishBins
c003,016107.jpg,148,TrafficSign
c002,016108.jpg,261,Crosswalk
c002,016109.jpg,465,Container
c003,016110.jpg,412,TrafficSign
c003,016111.jpg,420,TrafficSign
c001,016112.jpg,65,TrafficSign
c003,016113.jpg,62,TrafficSign
c001,016114.jpg,111,RubbishBins
c002,016115.jpg,159,TrafficSign
c001,016116.jpg,113,TrafficSign
c002,016117.jpg,156,Container
c003,016118.jpg,144,TrafficSign
c002,016119.jpg,317,Crosswalk
c001,016120.jpg,42,Container
c003,016121.jpg,177,TrafficSign
c002,016122.jpg,5,TrafficSign
c003,016123.jpg,215,TrafficSign
c003,016124.jpg,204,TrafficSign
c002,016125.jpg,196,Crosswalk
c001,016126.jpg,145,TrafficSign
c001,016127.jpg,246,TrafficSign
c002,016128.jpg,129,TrafficSign
c003,016129.jpg,413,Crosswalk
c002,016130.jpg,237,TrafficSign
c003,016131.jpg,61,Container
c001,016132.jpg,409,TrafficSign
c001,016133.jpg,444,TrafficSign
c004,016134.jpg,76,Container
c002,016135.jpg,253,Container
c001,016136.jpg,50,Container
c003,016137.jpg,3,Container
c003,016138.jpg,300,TrafficSign
c002,016139.jpg,235,TrafficSign
c003,016140.jpg,296,TrafficSign
c003,016141.jpg,77,TrafficSign
c004,016142.jpg,465,Container
c001,016143.jpg,61,Container
c004,016144.jpg,76,Container
c002,016145.jpg,214,TrafficSign
c002,016146.jpg,50,Container
c003,016147.jpg,101,TrafficSign
c003,016148.jpg,136,TrafficSign
c002,016149.jpg,369,Crosswalk
c001,016150.jpg,450,TrafficSign
c003,016151.jpg,334,TrafficSign
c003,016152.jpg,212,TrafficSign
c004,016153.jpg,209,Crosswalk
c001,016154.jpg,254,Crosswalk
c003,016155.jpg,178,TrafficSign
c001,016156.jpg,135,Container
c001,016157.jpg,405,TrafficSign
c003,016158.jpg,265,Crosswalk
c001,016159.jpg,102,Container
c003,016160.jpg,197,Container
c001,016161.jpg,172,Crosswalk
c001,016162.jpg,155,TrafficSign
c002,016163.jpg,62,TrafficSign
c001,016164.jpg,211,Crosswalk
c002,016165.jpg,251,TrafficSign
c004,016166.jpg,207,Container
c002,016167.jpg,183,Crosswalk
c003,016168.jpg,27,Container
c003,016169.jpg,4,Container
c003,016170.jpg,102,Container
c001,016171.jpg,214,TrafficSign
c002,016172.jpg,441,TrafficSign
c001,016173.jpg,215,TrafficSign
c004,016174.jpg,375,Crosswalk
c001,016175.jpg,335,TrafficSign
c003,016176.jpg,420,TrafficSign
c003,016177.jpg,416,TrafficSign
c002,016178.jpg,163,Container
c002,016179.jpg,403,TrafficSign
c003,016180.jpg,226,TrafficSign
c003,016181.jpg,91,TrafficSign
c002,016182.jpg,405,TrafficSign
c003,016183.jpg,141,RubbishBins
c003,016184.jpg,268,TrafficSign
c003,016185.jpg,184,TrafficSign
c004,016186.jpg,102,Container
c001,016187.jpg,214,TrafficSign
c001,016188.jpg,127,TrafficSign
c001,016189.jpg,55,Container
c002,016190.jpg,304,TrafficSign
c003,016191.jpg,348,TrafficSign
c004,016192.jpg,70,Container
c003,016193.jpg,290,Container
c003,016194.jpg,271,TrafficSign
c001,016195.jpg,89,TrafficSign
c002,016196.jpg,429,Container
c002,016197.jpg,295,TrafficSign
c002,016198.jpg,291,Container
c003,016199.jpg,407,TrafficSign
c001,016200.jpg,219,Crosswalk
c001,016201.jpg,385,TrafficSign
c003,016202.jpg,364,TrafficSign
c003,016203.jpg,157,Crosswalk
c003,016204.jpg,253,Container
c003,016205.jpg,409,TrafficSign
c003,016206.jpg,161,TrafficSign
c002,016207.jpg,17,Container
c002,016208.jpg,403,TrafficSign
c003,016209.jpg,333,Crosswalk
c002,016210.jpg,117,Container
c002,016211.jpg,242,Container
c001,016212.jpg,238,TrafficSign
c002,016213.jpg,27,Container
c002,016214.jpg,219,Crosswalk
c003,016215.jpg,167,TrafficSign
c001,016216.jpg,52,RubbishBins
c002,016217.jpg,16,TrafficSign
c004,016218.jpg,141,RubbishBins
c001,016219.jpg,132,TrafficSign
c003,016220.jpg,103,TrafficSign
c001,016221.jpg,375,Crosswalk
c003,016222.jpg,275,Crosswalk
c003,016223.jpg,221,Crosswalk
c003,016224.jpg,420,TrafficSign
c004,016225.jpg,13,Crosswalk
c004,016226.jpg,247,Container
c001,016227.jpg,23,Container
c003,016228.jpg,215,TrafficSign
c004,016229.jpg,434,Crosswalk
c003,016230.jpg,26,TrafficSign
c001,016231.jpg,302,Crosswalk
c002,016232.jpg,181,Crosswalk
c003,016233.jpg,70,Container
c004,016234.jpg,32,Container
c002,016235.jpg,6,Crosswalk
c001,016236.jpg,237,TrafficSign
c002,016237.jpg,410,Crosswalk
c002,016238.jpg,197,Container
c003,016239.jpg,326,TrafficSign
c003,016240.jpg,236,TrafficSign
c004,016241.jpg,70,Container
c003,016242.jpg,431,TrafficSign
c004,016243.jpg,197,Container
c003,016244.jpg,158,RubbishBins
c002,016245.jpg,309,Container
c002,016246.jpg,408,RubbishBins
c003,016247.jpg,196,Crosswalk
c003,016248.jpg,434,Crosswalk
c001,016249.jpg,33,TrafficSign
c002,016250.jpg,32,Container
c002,016251.jpg,22,Container
c002,016252.jpg,40,Container
c002,016253.jpg,476,TrafficSign
c002,016254.jpg,192,Container
c003,016255.jpg,163,Container
c003,016256.jpg,392,RubbishBins
c003,016257.jpg,186,Crosswalk
c004,016258.jpg,102,Container
c003,016259.jpg,340,TrafficSign
c003,016260.jpg,95,TrafficSign
c002,016261.jpg,172,Crosswalk
c003,016262.jpg,319,TrafficSign
c003,016263.jpg,205,TrafficSign
c003,016264.jpg,103,TrafficSign
c002,016265.jpg,9,Container
c003,016266.jpg,261,Crosswalk
c001,016267.jpg,70,Container
c001,016268.jpg,19,RubbishBins
c003,016269.jpg,126,Crosswalk
c002,016270.jpg,128,TrafficSign
c004,016271.jpg,149,Container
c002,016272.jpg,103,TrafficSign
c004,016273.jpg,111,RubbishBins
c001,016274.jpg,259,TrafficSign
c003,016275.jpg,21,TrafficSign
c002,016276.jpg,452,Crosswalk
c003,016277.jpg,344,Crosswalk
c002,016278.jpg,321,TrafficSign
c002,016279.jpg,191,Crosswalk
c001,016280.jpg,392,RubbishBins
c001,016281.jpg,119,Crosswalk
c001,016282.jpg,55,Container
c003,016283.jpg,28,Crosswalk
c002,016284.jpg,52,RubbishBins
c001,016285.jpg,395,TrafficSign
c003,016286.jpg,338,TrafficSign
c003,016287.jpg,379,TrafficSign
c003,016288.jpg,338,TrafficSign
c002,016289.jpg,256,TrafficSign
c003,016290.jpg,233,TrafficSign
c002,016291.jpg,375,Crosswalk
c001,016292.jpg,442,TrafficSign
c002,016293.jpg,308,TrafficSign
c002,016294.jpg,133,Container
c002,016295.jpg,70,Container
c003,016296.jpg,163,Container
c001,016297.jpg,110,Container
c003,016298.jpg,165,TrafficSign
c001,016299.jpg,38,RubbishBins
c002,016300.jpg,276,Crosswalk
c003,016301.jpg,253,Container
c004,016302.jpg,320,Crosswalk
c003,016303.jpg,219,Crosswalk
c003,016304.jpg,312,TrafficSign
c002,016305.jpg,142,TrafficSign
c001,016306.jpg,102,Container
c001,016307.jpg,50,Container
c003,016308.jpg,239,RubbishBins
c003,016309.jpg,330,TrafficSign
c001,016310.jpg,390,TrafficSign
c002,016311.jpg,155,TrafficSign
c001,016312.jpg,17,Container
c002,016313.jpg,445,TrafficSign
c004,016314.jpg,40,Container
c003,016315.jpg,214,TrafficSign
c001,016316.jpg,159,TrafficSign
c003,016317.jpg,473,TrafficSign
c002,016318.jpg,146,TrafficSign
c001,016319.jpg,247,Container
c001,016320.jpg,130,TrafficSign
c004,016321.jpg,211,Crosswalk
c001,016322.jpg,337,TrafficSign
c002,016323.jpg,247,Container
c001,016324.jpg,103,TrafficSign
c004,016325.jpg,185,Crosswalk
c002,016326.jpg,32,Container
c002,016327.jpg,233,TrafficSign
c004,016328.jpg,339,Container
c003,016329.jpg,189,TrafficSign
c003,016330.jpg,207,Container
c002,016331.jpg,19,RubbishBins
c004,016332.jpg,4,Container
c003,016333.jpg,184,TrafficSign
c001,016334.jpg,440,TrafficSign
c002,016335.jpg,463,TrafficSign
c003,016336.jpg,307,TrafficSign
c001,016337.jpg,51,TrafficSign
c004,016338.jpg,241,Container
c001,016339.jpg,245,Container
c003,016340.jpg,296,TrafficSign
c002,016341.jpg,58,TrafficSign
c001,016342.jpg,429,Container
c002,016343.jpg,388,TrafficSign
c002,016344.jpg,32,Container
c003,016345.jpg,463,TrafficSign
c003,016346.jpg,272,TrafficSign
c002,016347.jpg,127,TrafficSign
c002,016348.jpg,384,TrafficSign
c002,016349.jpg,350,Container
c004,016350.jpg,198,Container
c002,016351.jpg,117,Container
c001,016352.jpg,261,Crosswalk
c001,016353.jpg,32,Container
c003,016354.jpg,49,TrafficSign
c001,016355.jpg,346,TrafficSign
c003,016356.jpg,153,TrafficSign
c004,016357.jpg,408,RubbishBins
c003,016358.jpg,244,TrafficSign
c001,016359.jpg,176,TrafficSign
c003,016360.jpg,310,TrafficSign
c003,016361.jpg,252,TrafficSign
c001,016362.jpg,42,Container
c004,016363.jpg,25,Crosswalk
c001,016364.jpg,403,TrafficSign
c001,016365.jpg,115,RubbishBins
c003,016366.jpg,348,TrafficSign
c001,016367.jpg,247,Container
c004,016368.jpg,197,Container
c002,016369.jpg,442,TrafficSign
c003,016370.jpg,232,TrafficSign
c001,016371.jpg,16,TrafficSign
c002,016372.jpg,300,TrafficSign
c001,016373.jpg,9,Container
c004,016374.jpg,435,Container
c001,016375.jpg,247,Container
c002,016376.jpg,183,Crosswalk
c002,016377.jpg,12,TrafficSign
c003,016378.jpg,200,Crosswalk
c002,016379.jpg,204,TrafficSign
c002,016380.jpg,421,TrafficSign
c002,016381.jpg,266,TrafficSign
c001,016382.jpg,423,TrafficSign
c003,016383.jpg,236,TrafficSign
c003,016384.jpg,236,TrafficSign
c001,016385.jpg,384,TrafficSign
c002,016386.jpg,23,Container
c001,016387.jpg,450,TrafficSign
c003,016388.jpg,37,TrafficSign
c002,016389.jpg,330,TrafficSign
c003,016390.jpg,30,TrafficSign
c001,016391.jpg,115,RubbishBins
c003,016392.jpg,214,TrafficSign
c003,016393.jpg,223,Crosswalk
c003,016394.jpg,377,TrafficSign
c003,016395.jpg,166,TrafficSign
c001,016396.jpg,112,TrafficSign
c001,016397.jpg,97,TrafficSign
c001,016398.jpg,399,RubbishBins
c001,016399.jpg,241,Container
c002,016400.jpg,333,Crosswalk
c002,016401.jpg,17,Container
c003,016402.jpg,9,Container
c001,016403.jpg,274,TrafficSign
c004,016404.jpg,276,Crosswalk
c002,016405.jpg,457,TrafficSign
c003,016406.jpg,193,TrafficSign
c003,016407.jpg,409,TrafficSign
c003,016408.jpg,419,Crosswalk
c002,016409.jpg,133,Container
c004,016410.jpg,17,Container
c001,016411.jpg,107,TrafficSign
c003,016412.jpg,154,TrafficSign
c003,016413.jpg,141,RubbishBins
c003,016414.jpg,41,Container
c002,016415.jpg,46,Container
c004,016416.jpg,197,Container
c002,016417.jpg,133,Container
c001,016418.jpg,15,TrafficSign
c002,016419.jpg,343,Crosswalk
c001,016420.jpg,216,TrafficSign
c003,016421.jpg,44,TrafficSign
c003,016422.jpg,478,TrafficSign
c002,016423.jpg,134,Crosswalk
c004,016424.jpg,287,Container
c001,016425.jpg,201,Container
c001,016426.jpg,367,Crosswalk
c002,016427.jpg,68,Container
c003,016428.jpg,69,TrafficSign
c002,016429.jpg,120,Container
c001,016430.jpg,167,TrafficSign
c004,016431.jpg,182,Crosswalk
c001,016432.jpg,237,TrafficSign
c003,016433.jpg,408,RubbishBins
c003,016434.jpg,470,TrafficSign
c001,016435.jpg,255,TrafficSign
c002,016436.jpg,113,TrafficSign
c002,016437.jpg,23,Container
c001,016438.jpg,34,TrafficSign
c001,016439.jpg,402,TrafficSign
c004,016440.jpg,72,Container
c002,016441.jpg,422,TrafficSign
c003,016442.jpg,199,TrafficSign
c003,016443.jpg,294,TrafficSign
c003,016444.jpg,479,TrafficSign
c002,016445.jpg,197,Container
c003,016446.jpg,272,TrafficSign
c002,016447.jpg,336,Crosswalk
c003,016448.jpg,204,TrafficSign
c003,016449.jpg,114,TrafficSign
c002,016450.jpg,427,TrafficSign
c002,016451.jpg,3,Container
c002,016452.jpg,447,TrafficSign
c002,016453.jpg,72,Container
c003,016454.jpg,132,TrafficSign
c004,016455.jpg,303,Crosswalk
c001,016456.jpg,345,Crosswalk
c002,016457.jpg,32,Container
c002,016458.jpg,193,TrafficSign
c003,016459.jpg,80,TrafficSign
c001,016460.jpg,416,TrafficSign
c002,016461.jpg,26,TrafficSign
c003,016462.jpg,228,TrafficSign
c001,016463.jpg,119,Crosswalk
c003,016464.jpg,308,TrafficSign
c004,016465.jpg,183,Crosswalk
c002,016466.jpg,163,Container
c003,016467.jpg,423,TrafficSign
c002,016468.jpg,9,Container
c001,016469.jpg,197,Container
c002,016470.jpg,138,Crosswalk
c001,016471.jpg,32,Container
c002,016472.jpg,172,Crosswalk
c004,016473.jpg,119,Crosswalk
c003,016474.jpg,330,TrafficSign
c004,016475.jpg,201,Container
c003,016476.jpg,150,TrafficSign
c001,016477.jpg,129,TrafficSign
c003,016478.jpg,353,TrafficSign
c003,016479.jpg,150,TrafficSign
c002,016480.jpg,186,Crosswalk
c004,016481.jpg,331,Container
c001,016482.jpg,391,RubbishBins
c002,016483.jpg,454,TrafficSign
c003,016484.jpg,478,TrafficSign
c004,016485.jpg,81,Crosswalk
c003,016486.jpg,356,TrafficSign
c004,016487.jpg,72,Container
c001,016488.jpg,58,TrafficSign
c003,016489.jpg,81,Crosswalk
c003,016490.jpg,5,TrafficSign
c001,016491.jpg,73,TrafficSign
c004,016492.jpg,117,Container
c001,016493.jpg,355,Crosswalk
c002,016494.jpg,241,Container
c003,016495.jpg,466,TrafficSign
c001,016496.jpg,27,Container
c002,016497.jpg,222,TrafficSign
c004,016498.jpg,93,Crosswalk
c001,016499.jpg,197,Container
c003,016500.jpg,373,TrafficSign
c003,016501.jpg,107,TrafficSign
c003,016502.jpg,287,Container
c003,016503.jpg,317,Crosswalk
c002,016504.jpg,199,TrafficSign
c002,016505.jpg,255,TrafficSign
c002,016506.jpg,218,Container
c003,016507.jpg,262,TrafficSign
c003,016508.jpg,198,Container
c003,016509.jpg,410,Crosswalk
c003,016510.jpg,176,TrafficSign
c003,016511.jpg,99,TrafficSign
c001,016512.jpg,6,Crosswalk
c003,016513.jpg,40,Container
c002,016514.jpg,183,Crosswalk
c004,016515.jpg,164,Crosswalk
c001,016516.jpg,94,TrafficSign
c003,016517.jpg,252,TrafficSign
c001,016518.jpg,276,Crosswalk
c001,016519.jpg,337,TrafficSign
c003,016520.jpg,454,TrafficSign
c003,016521.jpg,237,TrafficSign
c003,016522.jpg,15,TrafficSign
c003,016523.jpg,107,TrafficSign
c002,016524.jpg,68,Container
c003,016525.jpg,49,TrafficSign
c002,016526.jpg,55,Container
c001,016527.jpg,68,Container
c003,016528.jpg,36,RubbishBins
c004,016529.jpg,111,RubbishBins
c002,016530.jpg,199,TrafficSign
c001,016531.jpg,44,TrafficSign
c003,016532.jpg,90,TrafficSign
c001,016533.jpg,115,RubbishBins
c001,016534.jpg,117,Container
c001,016535.jpg,17,Container
c003,016536.jpg,296,TrafficSign
c001,016537.jpg,226,TrafficSign
c003,016538.jpg,383,TrafficSign
c003,016539.jpg,302,Crosswalk
c002,016540.jpg,345,Crosswalk
c003,016541.jpg,254,Crosswalk
c002,016542.jpg,23,Container
c002,016543.jpg,314,Crosswalk
c001,016544.jpg,159,TrafficSign
c002,016545.jpg,72,Container
c003,016546.jpg,429,Container
c001,016547.jpg,2,Crosswalk
c001,016548.jpg,106,Crosswalk
c001,016549.jpg,247,Container
c004,016550.jpg,27,Container
c001,016551.jpg,84,Crosswalk
c001,016552.jpg,70,Container
c003,016553.jpg,461,TrafficSign
c003,016554.jpg,166,TrafficSign
c003,016555.jpg,183,Crosswalk
c004,016556.jpg,104,Crosswalk
c001,016557.jpg,98,TrafficSign
c003,016558.jpg,233,TrafficSign
c003,016559.jpg,31,Crosswalk
c003,016560.jpg,423,TrafficSign
c003,016561.jpg,354,RubbishBins
c003,016562.jpg,313,Crosswalk
c003,016563.jpg,65,TrafficSign
c001,016564.jpg,217,TrafficSign
c003,016565.jpg,294,TrafficSign
c003,016566.jpg,364,TrafficSign
c003,016567.jpg,277,TrafficSign
c001,016568.jpg,209,Crosswalk
c003,016569.jpg,134,Crosswalk
c001,016570.jpg,188,Container
c004,016571.jpg,331,Container
c002,016572.jpg,190,RubbishBins
c001,016573.jpg,173,Crosswalk
c002,016574.jpg,405,TrafficSign
c001,016575.jpg,7,Crosswalk
c003,016576.jpg,214,TrafficSign
c004,016577.jpg,462,Container
c003,016578.jpg,119,Crosswalk
c003,016579.jpg,112,TrafficSign
c003,016580.jpg,220,Crosswalk
c003,016581.jpg,289,TrafficSign
c003,016582.jpg,342,TrafficSign
c003,016583.jpg,149,Container
c002,016584.jpg,251,TrafficSign
c003,016585.jpg,338,TrafficSign
c004,016586.jpg,18,RubbishBins
c003,016587.jpg,240,RubbishBins
c003,016588.jpg,222,TrafficSign
c003,016589.jpg,62,TrafficSign
c001,016590.jpg,79,Crosswalk
c003,016591.jpg,250,TrafficSign
c002,016592.jpg,230,Container
c002,016593.jpg,55,Container
c004,016594.jpg,242,Container
c003,016595.jpg,446,Crosswalk
c002,016596.jpg,228,TrafficSign
c003,016597.jpg,193,TrafficSign
c002,016598.jpg,30,TrafficSign
c001,016599.jpg,144,TrafficSign
c003,016600.jpg,129,TrafficSign
c002,016601.jpg,110,Container
c002,016602.jpg,252,TrafficSign
c001,016603.jpg,457,TrafficSign
c001,016604.jpg,189,TrafficSign
c003,016605.jpg,328,Crosswalk
c001,016606.jpg,172,Crosswalk
c001,016607.jpg,36,RubbishBins
c003,016608.jpg,406,TrafficSign
c001,016609.jpg,389,TrafficSign
c003,016610.jpg,405,TrafficSign
c003,016611.jpg,333,Crosswalk
c002,016612.jpg,225,TrafficSign
c004,016613.jpg,462,Container
c001,016614.jpg,145,TrafficSign
c001,016615.jpg,101,TrafficSign
c003,016616.jpg,223,Crosswalk
c001,016617.jpg,208,Crosswalk
c002,016618.jpg,172,Crosswalk
c002,016619.jpg,291,Container
c003,016620.jpg,44,TrafficSign
c002,016621.jpg,252,TrafficSign
c001,016622.jpg,387,TrafficSign
c002,016623.jpg,278,RubbishBins
c001,016624.jpg,478,TrafficSign
c004,016625.jpg,186,Crosswalk
c001,016626.jpg,442,TrafficSign
c002,016627.jpg,463,TrafficSign
c003,016628.jpg,315,Container
c002,016629.jpg,174,TrafficSign
c003,016630.jpg,191,Crosswalk
c003,016631.jpg,93,Crosswalk
c001,016632.jpg,49,TrafficSign
c003,016633.jpg,458,TrafficSign
c003,016634.jpg,28,Crosswalk
c002,016635.jpg,348,TrafficSign
c002,016636.jpg,227,Container
c001,016637.jpg,262,TrafficSign
c004,016638.jpg,393,Container
c004,016639.jpg,276,Crosswalk
c002,016640.jpg,87,Crosswalk
c003,016641.jpg,42,Container
c003,016642.jpg,163,Container
c004,016643.jpg,396,RubbishBins
c003,016644.jpg,193,TrafficSign
c002,016645.jpg,32,Container
c003,016646.jpg,475,TrafficSign
c003,016647.jpg,76,Container
c001,016648.jpg,325,TrafficSign
c003,016649.jpg,232,TrafficSign
c003,016650.jpg,219,Crosswalk
c003,016651.jpg,266,TrafficSign
c004,016652.jpg,191,Crosswalk
c003,016653.jpg,375,Crosswalk
c004,016654.jpg,313,Crosswalk
c004,016655.jpg,299,RubbishBins
c003,016656.jpg,473,TrafficSign
c003,016657.jpg,183,Crosswalk
c004,016658.jpg,68,Container
c003,016659.jpg,319,TrafficSign
c003,016660.jpg,123,TrafficSign
c003,016661.jpg,277,TrafficSign
c002,016662.jpg,142,TrafficSign
c004,016663.jpg,203,Container
c003,016664.jpg,67,TrafficSign
c004,016665.jpg,55,Container
c003,016666.jpg,16,TrafficSign
c004,016667.jpg,197,Container
c003,016668.jpg,275,Crosswalk
c004,016669.jpg,391,RubbishBins
c003,016670.jpg,186,Crosswalk
c003,016671.jpg,251,TrafficSign
c001,016672.jpg,415,TrafficSign
c004,016673.jpg,297,Crosswalk
c003,016674.jpg,367,Crosswalk
c003,016675.jpg,339,Container
c003,016676.jpg,405,TrafficSign
c004,016677.jpg,179,RubbishBins
c001,016678.jpg,277,TrafficSign
c002,016679.jpg,94,TrafficSign
c003,016680.jpg,153,TrafficSign
c003,016681.jpg,51,TrafficSign
c001,016682.jpg,224,TrafficSign
c003,016683.jpg,121,TrafficSign
c003,016684.jpg,19,RubbishBins
c001,016685.jpg,469,RubbishBins
c003,016686.jpg,442,TrafficSign
c001,016687.jpg,269,TrafficSign
c002,016688.jpg,252,TrafficSign
c001,016689.jpg,242,Container
c003,016690.jpg,229,TrafficSign
c003,016691.jpg,127,TrafficSign
c003,016692.jpg,381,TrafficSign
c001,016693.jpg,197,Container
c003,016694.jpg,278,RubbishBins
c001,016695.jpg,221,Crosswalk
c004,016696.jpg,275,Crosswalk
c003,016697.jpg,399,RubbishBins
c004,016698.jpg,181,Crosswalk
c002,016699.jpg,84,Crosswalk
c001,016700.jpg,185,Crosswalk
c003,016701.jpg,239,RubbishBins
c002,016702.jpg,181,Crosswalk
c002,016703.jpg,203,Container
c002,016704.jpg,277,TrafficSign
c002,016705.jpg,399,RubbishBins
c003,016706.jpg,164,Crosswalk
c004,016707.jpg,27,Container
c003,016708.jpg,314,Crosswalk
c002,016709.jpg,299,RubbishBins
c003,016710.jpg,421,TrafficSign
c001,016711.jpg,251,TrafficSign
c003,016712.jpg,234,Crosswalk
c002,016713.jpg,76,Container
c002,016714.jpg,149,Container
c001,016715.jpg,236,TrafficSign
c001,016716.jpg,268,TrafficSign
c002,016717.jpg,222,TrafficSign
c003,016718.jpg,197,Container
c002,016719.jpg,213,Crosswalk
c002,016720.jpg,179,RubbishBins
c002,016721.jpg,16,TrafficSign
c001,016722.jpg,22,Container
c001,016723.jpg,126,Crosswalk
c001,016724.jpg,221,Crosswalk
c003,016725.jpg,9,Container
c003,016726.jpg,453,TrafficSign
c004,016727.jpg,213,Crosswalk
c004,016728.jpg,72,Container
c001,016729.jpg,87,Crosswalk
c002,016730.jpg,205,TrafficSign
c002,016731.jpg,55,Container
c003,016732.jpg,112,TrafficSign
c001,016733.jpg,268,TrafficSign
c002,016734.jpg,229,TrafficSign
c003,016735.jpg,122,Crosswalk
c003,016736.jpg,115,RubbishBins
c001,016737.jpg,50,Container
c003,016738.jpg,217,TrafficSign
c003,016739.jpg,438,TrafficSign
c002,016740.jpg,80,TrafficSign
c003,016741.jpg,59,TrafficSign
c002,016742.jpg,126,Crosswalk
c002,016743.jpg,200,Crosswalk
c003,016744.jpg,438,TrafficSign
c001,016745.jpg,295,TrafficSign
c001,016746.jpg,414,TrafficSign
c003,016747.jpg,351,TrafficSign
c003,016748.jpg,159,TrafficSign
c001,016749.jpg,98,TrafficSign
c002,016750.jpg,147,TrafficSign
c002,016751.jpg,221,Crosswalk
c002,016752.jpg,50,Container
c001,016753.jpg,134,Crosswalk
c002,016754.jpg,185,Crosswalk
c001,016755.jpg,400,TrafficSign
c004,016756.jpg,344,Crosswalk
c001,016757.jpg,307,TrafficSign
c002,016758.jpg,36,RubbishBins
c003,016759.jpg,442,TrafficSign
c002,016760.jpg,81,Crosswalk
c001,016761.jpg,42,Container
c001,016762.jpg,448,TrafficSign
c003,016763.jpg,224,TrafficSign
c004,016764.jpg,474,Container
c004,016765.jpg,207,Container
c003,016766.jpg,134,Crosswalk
c003,016767.jpg,447,TrafficSign
c002,016768.jpg,105,TrafficSign
c003,016769.jpg,383,TrafficSign
c001,016770.jpg,465,Container
c003,016771.jpg,426,TrafficSign
c002,016772.jpg,350,Container
c002,016773.jpg,192,Container
c003,016774.jpg,196,Crosswalk
c004,016775.jpg,9,Container
c003,016776.jpg,64,TrafficSign
c003,016777.jpg,105,TrafficSign
c003,016778.jpg,261,Crosswalk
c001,016779.jpg,198,Container
c002,016780.jpg,204,TrafficSign
c001,016781.jpg,347,RubbishBins
c003,016782.jpg,209,Crosswalk
c002,016783.jpg,401,TrafficSign
c002,016784.jpg,316,TrafficSign
c003,016785.jpg,416,TrafficSign
c002,016786.jpg,81,Crosswalk
c003,016787.jpg,357,TrafficSign
c001,016788.jpg,397,TrafficSign
c003,016789.jpg,260,TrafficSign
c004,016790.jpg,55,Container
c002,016791.jpg,110,Container
c003,016792.jpg,316,TrafficSign
c003,016793.jpg,454,TrafficSign
c004,016794.jpg,241,Container
c002,016795.jpg,429,Container
c004,016796.jpg,203,Container
c003,016797.jpg,64,TrafficSign
c001,016798.jpg,101,TrafficSign
c003,016799.jpg,449,TrafficSign
c001,016800.jpg,287,Container
c002,016801.jpg,434,Crosswalk
c001,016802.jpg,189,TrafficSign
c003,016803.jpg,431,TrafficSign
c003,016804.jpg,26,TrafficSign
c002,016805.jpg,290,Container
c001,016806.jpg,135,Container
c003,016807.jpg,327,TrafficSign
c004,016808.jpg,306,Crosswalk
c001,016809.jpg,294,TrafficSign
c003,016810.jpg,148,TrafficSign
c003,016811.jpg,281,TrafficSign
c003,016812.jpg,227,Container
c003,016813.jpg,184,TrafficSign
c004,016814.jpg,163,Container
c002,016815.jpg,284,TrafficSign
c001,016816.jpg,216,TrafficSign
c003,016817.jpg,427,TrafficSign
c002,016818.jpg,56,Crosswalk
c003,016819.jpg,35,TrafficSign
c003,016820.jpg,340,TrafficSign
c002,016821.jpg,389,TrafficSign
c003,016822.jpg,143,Crosswalk
c002,016823.jpg,390,TrafficSign
c004,016824.jpg,211,Crosswalk
c004,016825.jpg,391,RubbishBins
c003,016826.jpg,376,Crosswalk
c003,016827.jpg,301,TrafficSign
c004,016828.jpg,27,Container
c003,016829.jpg,381,TrafficSign
c001,016830.jpg,471,TrafficSign
c004,016831.jpg,72,Container
c003,016832.jpg,5,TrafficSign
c001,016833.jpg,90,TrafficSign
c001,016834.jpg,40,Container
c003,016835.jpg,140,TrafficSign
c001,016836.jpg,42,Container
c003,016837.jpg,422,TrafficSign
c002,016838.jpg,258,TrafficSign
c002,016839.jpg,262,TrafficSign
c003,016840.jpg,395,TrafficSign
c001,016841.jpg,227,Container
c001,016842.jpg,330,TrafficSign
c003,016843.jpg,221,Crosswalk
c003,016844.jpg,315,Container
c001,016845.jpg,134,Crosswalk
c003,016846.jpg,392,RubbishBins
c003,016847.jpg,74,TrafficSign
c003,016848.jpg,32,Container
c001,016849.jpg,188,Container
c001,016850.jpg,173,Crosswalk
c001,016851.jpg,201,Container
c002,016852.jpg,234,Crosswalk
c004,016853.jpg,68,Container
c001,016854.jpg,201,Container
c002,016855.jpg,4,Container
c003,016856.jpg,331,Container
c003,016857.jpg,237,TrafficSign
c002,016858.jpg,208,Crosswalk
c002,016859.jpg,342,TrafficSign
c003,016860.jpg,23,Container
c003,016861.jpg,286,Crosswalk
c003,016862.jpg,198,Container
c003,016863.jpg,435,Container
c003,016864.jpg,461,TrafficSign
c003,016865.jpg,88,TrafficSign
c002,016866.jpg,55,Container
c002,016867.jpg,157,Crosswalk
c003,016868.jpg,295,TrafficSign
c002,016869.jpg,151,TrafficSign
c004,016870.jpg,9,Container
c002,016871.jpg,88,TrafficSign
c002,016872.jpg,165,TrafficSign
c002,016873.jpg,164,Crosswalk
c003,016874.jpg,105,TrafficSign
c003,016875.jpg,171,TrafficSign
c003,016876.jpg,183,Crosswalk
c002,016877.jpg,374,TrafficSign
c002,016878.jpg,201,Container
c003,016879.jpg,5,TrafficSign
c001,016880.jpg,429,Container
c004,016881.jpg,27,Container
c003,016882.jpg,281,TrafficSign
c003,016883.jpg,353,TrafficSign
c002,016884.jpg,333,Crosswalk
c002,016885.jpg,290,Container
c001,016886.jpg,110,Container
c002,016887.jpg,296,TrafficSign
c003,016888.jpg,293,TrafficSign
c003,016889.jpg,371,TrafficSign
c003,016890.jpg,138,Crosswalk
c003,016891.jpg,121,TrafficSign
c003,016892.jpg,370,TrafficSign
c003,016893.jpg,211,Crosswalk
c003,016894.jpg,56,Crosswalk
c001,016895.jpg,421,TrafficSign
c004,016896.jpg,253,Container
c001,016897.jpg,32,Container
c003,016898.jpg,170,TrafficSign
c002,016899.jpg,118,TrafficSign
c001,016900.jpg,164,Crosswalk
c003,016901.jpg,117,Container
c003,016902.jpg,364,TrafficSign
c001,016903.jpg,68,Container
c001,016904.jpg,20,TrafficSign
c003,016905.jpg,257,RubbishBins
c003,016906.jpg,424,Crosswalk
c003,016907.jpg,251,TrafficSign
c004,016908.jpg,203,Container
c002,016909.jpg,217,TrafficSign
c003,016910.jpg,17,Container
c001,016911.jpg,412,TrafficSign
c003,016912.jpg,55,Container
c002,016913.jpg,11,TrafficSign
c003,016914.jpg,263,TrafficSign
c001,016915.jpg,314,Crosswalk
c003,016916.jpg,189,TrafficSign
c002,016917.jpg,11,TrafficSign
c002,016918.jpg,269,TrafficSign
c004,016919.jpg,186,Crosswalk
c001,016920.jpg,199,TrafficSign
c001,016921.jpg,215,TrafficSign
c002,016922.jpg,319,TrafficSign
c002,016923.jpg,401,TrafficSign
c003,016924.jpg,373,TrafficSign
c004,016925.jpg,9,Container
c001,016926.jpg,32,Container
c003,016927.jpg,3,Container
c004,016928.jpg,32,Container
c001,016929.jpg,473,TrafficSign
c003,016930.jpg,449,TrafficSign
c004,016931.jpg,247,Container
c003,016932.jpg,349,TrafficSign
c003,016933.jpg,9,Container
c002,016934.jpg,285,Crosswalk
c003,016935.jpg,415,TrafficSign
c001,016936.jpg,429,Container
c002,016937.jpg,38,RubbishBins
c004,016938.jpg,143,Crosswalk
c003,016939.jpg,234,Crosswalk
c003,016940.jpg,173,Crosswalk
c002,016941.jpg,246,TrafficSign
c003,016942.jpg,169,TrafficSign
c003,016943.jpg,253,Container
c001,016944.jpg,253,Container
c004,016945.jpg,23,Container
c002,016946.jpg,35,TrafficSign
c003,016947.jpg,282,TrafficSign
c003,016948.jpg,54,TrafficSign
c003,016949.jpg,413,Crosswalk
c001,016950.jpg,191,Crosswalk
c003,016951.jpg,318,TrafficSign
c002,016952.jpg,225,TrafficSign
c002,016953.jpg,362,TrafficSign
c001,016954.jpg,17,Container
c001,016955.jpg,9,Container
c002,016956.jpg,47,TrafficSign
c003,016957.jpg,70,Container
c001,016958.jpg,10,TrafficSign
c003,016959.jpg,46,Container
c002,016960.jpg,119,Crosswalk
c003,016961.jpg,49,TrafficSign
c001,016962.jpg,405,TrafficSign
c002,016963.jpg,249,Crosswalk
c003,016964.jpg,167,TrafficSign
c003,016965.jpg,70,Container
c001,016966.jpg,149,Container
c004,016967.jpg,247,Container
c004,016968.jpg,70,Container
c003,016969.jpg,90,TrafficSign
c001,016970.jpg,166,TrafficSign
c004,016971.jpg,141,RubbishBins
c001,016972.jpg,253,Container
c001,016973.jpg,314,Crosswalk
c003,016974.jpg,235,TrafficSign
c004,016975.jpg,239,RubbishBins
c001,016976.jpg,193,TrafficSign
c001,016977.jpg,105,TrafficSign
c001,016978.jpg,205,TrafficSign
c002,016979.jpg,151,TrafficSign
c001,016980.jpg,306,Crosswalk
c002,016981.jpg,361,TrafficSign
c003,016982.jpg,381,TrafficSign
c002,016983.jpg,402,TrafficSign
c003,016984.jpg,39,TrafficSign
c003,016985.jpg,137,RubbishBins
c002,016986.jpg,197,Container
c002,016987.jpg,76,Container
c003,016988.jpg,8,TrafficSign
c003,016989.jpg,271,TrafficSign
c003,016990.jpg,216,TrafficSign
c002,016991.jpg,353,TrafficSign
c003,016992.jpg,284,TrafficSign
c003,016993.jpg,98,TrafficSign
c003,016994.jpg,438,TrafficSign
c003,016995.jpg,395,TrafficSign
c002,016996.jpg,269,TrafficSign
c003,016997.jpg,448,TrafficSign
c001,016998.jpg,419,Crosswalk
c004,016999.jpg,253,Container
c003,017000.jpg,291,Container
c003,017001.jpg,187,TrafficSign
c003,017002.jpg,160,TrafficSign
c001,017003.jpg,20,TrafficSign
c002,017004.jpg,314,Crosswalk
c003,017005.jpg,32,Container
c002,017006.jpg,475,TrafficSign
c003,017007.jpg,70,Container
c002,017008.jpg,271,TrafficSign
c001,017009.jpg,32,Container
c002,017010.jpg,300,TrafficSign
c002,017011.jpg,317,Crosswalk
c001,017012.jpg,48,TrafficSign
c003,017013.jpg,111,RubbishBins
c003,017014.jpg,117,Container
c001,017015.jpg,253,Container
c002,017016.jpg,50,Container
c002,017017.jpg,415,TrafficSign
c001,017018.jpg,120,Container
c003,017019.jpg,357,TrafficSign
c003,017020.jpg,400,TrafficSign
c002,017021.jpg,408,RubbishBins
c004,017022.jpg,196,Crosswalk
c002,017023.jpg,158,RubbishBins
c001,017024.jpg,152,TrafficSign
c003,017025.jpg,32,Container
c002,017026.jpg,25,Crosswalk
c004,017027.jpg,76,Container
c001,017028.jpg,192,Container
c002,017029.jpg,230,Container
c003,017030.jpg,241,Container
c001,017031.jpg,348,TrafficSign
c002,017032.jpg,307,TrafficSign
c003,017033.jpg,336,Crosswalk
c001,017034.jpg,197,Container
c002,017035.jpg,478,TrafficSign
c002,017036.jpg,176,TrafficSign
c001,017037.jpg,127,TrafficSign
c003,017038.jpg,412,TrafficSign
c003,017039.jpg,417,TrafficSign
c004,017040.jpg,474,Container
c002,017041.jpg,356,TrafficSign
c002,017042.jpg,455,TrafficSign
c003,017043.jpg,477,Container
c001,017044.jpg,32,Container
c003,017045.jpg,116,TrafficSign
c003,017046.jpg,62,TrafficSign
c004,017047.jpg,158,RubbishBins
c003,017048.jpg,388,TrafficSign
c002,017049.jpg,46,Container
c003,017050.jpg,390,TrafficSign
c002,017051.jpg,65,TrafficSign
c003,017052.jpg,115,RubbishBins
c004,017053.jpg,9,Container
c003,017054.jpg,214,TrafficSign
c003,017055.jpg,40,Container
c003,017056.jpg,235,TrafficSign
c001,017057.jpg,165,TrafficSign
c003,017058.jpg,346,TrafficSign
c002,017059.jpg,33,TrafficSign
c003,017060.jpg,97,TrafficSign
c003,017061.jpg,431,TrafficSign
c003,017062.jpg,228,TrafficSign
c004,017063.jpg,324,Crosswalk
c002,017064.jpg,52,RubbishBins
c001,017065.jpg,417,TrafficSign
c003,017066.jpg,16,TrafficSign
c003,017067.jpg,282,TrafficSign
c001,017068.jpg,384,TrafficSign
c003,017069.jpg,151,TrafficSign
c003,017070.jpg,32,Container
c001,017071.jpg,3,Container
c001,017072.jpg,42,Container
c004,017073.jpg,173,Crosswalk
c003,017074.jpg,447,TrafficSign
c004,017075.jpg,122,Crosswalk
c002,017076.jpg,465,Container
c004,017077.jpg,306,Crosswalk
c003,017078.jpg,48,TrafficSign
c004,017079.jpg,163,Container
c003,017080.jpg,389,TrafficSign
c004,017081.jpg,343,Crosswalk
c004,017082.jpg,179,RubbishBins
c004,017083.jpg,55,Container
c003,017084.jpg,96,TrafficSign
c003,017085.jpg,163,Container
c002,017086.jpg,216,TrafficSign
c003,017087.jpg,458,TrafficSign
c001,017088.jpg,74,TrafficSign
c001,017089.jpg,32,Container
c003,017090.jpg,193,TrafficSign
c003,017091.jpg,417,TrafficSign
c001,017092.jpg,446,Crosswalk
c003,017093.jpg,165,TrafficSign
c004,017094.jpg,286,Crosswalk
c003,017095.jpg,186,Crosswalk
c001,017096.jpg,27,Container
c001,017097.jpg,228,TrafficSign
c004,017098.jpg,14,Crosswalk
c001,017099.jpg,456,RubbishBins
c003,017100.jpg,348,TrafficSign
c001,017101.jpg,246,TrafficSign
c001,017102.jpg,192,Container
c002,017103.jpg,3,Container
c001,017104.jpg,209,Crosswalk
c002,017105.jpg,251,TrafficSign
c001,017106.jpg,137,RubbishBins
c003,017107.jpg,241,Container
c001,017108.jpg,135,Container
c001,017109.jpg,22,Container
c003,017110.jpg,205,TrafficSign
c001,017111.jpg,198,Container
c002,017112.jpg,119,Crosswalk
c001,017113.jpg,181,Crosswalk
c003,017114.jpg,132,TrafficSign
c002,017115.jpg,220,Crosswalk
c001,017116.jpg,64,TrafficSign
c003,017117.jpg,16,TrafficSign
c002,017118.jpg,23,Container
c003,017119.jpg,176,TrafficSign
c001,017120.jpg,128,TrafficSign
c001,017121.jpg,76,Container
c002,017122.jpg,60,Crosswalk
c003,017123.jpg,345,Crosswalk
c002,017124.jpg,359,TrafficSign
c001,017125.jpg,221,Crosswalk
c001,017126.jpg,376,Crosswalk
c001,017127.jpg,408,RubbishBins
c001,017128.jpg,203,Container
c003,017129.jpg,464,Crosswalk
c001,017130.jpg,200,Crosswalk
c002,017131.jpg,431,TrafficSign
c001,017132.jpg,203,Container
c003,017133.jpg,16,TrafficSign
c002,017134.jpg,328,Crosswalk
c002,017135.jpg,272,TrafficSign
c004,017136.jpg,182,Crosswalk
c003,017137.jpg,68,Container
c002,017138.jpg,363,RubbishBins
c004,017139.jpg,219,Crosswalk
c002,017140.jpg,370,TrafficSign
c003,017141.jpg,252,TrafficSign
c001,017142.jpg,356,TrafficSign
c003,017143.jpg,84,Crosswalk
c003,017144.jpg,241,Container
c003,017145.jpg,244,TrafficSign
c003,017146.jpg,17,Container
c003,017147.jpg,471,TrafficSign
c003,017148.jpg,263,TrafficSign
c001,017149.jpg,142,TrafficSign
c003,017150.jpg,149,Container
c002,017151.jpg,22,Container
c002,017152.jpg,98,TrafficSign
c003,017153.jpg,405,TrafficSign
c001,017154.jpg,275,Crosswalk
c002,017155.jpg,13,Crosswalk
c001,017156.jpg,285,Crosswalk
c002,017157.jpg,140,TrafficSign
c001,017158.jpg,347,RubbishBins
c004,017159.jpg,230,Container
c002,017160.jpg,97,TrafficSign
c002,017161.jpg,296,TrafficSign
c004,017162.jpg,172,Crosswalk
c001,017163.jpg,23,Container
c004,017164.jpg,419,Crosswalk
c002,017165.jpg,6,Crosswalk
c002,017166.jpg,58,TrafficSign
c001,017167.jpg,248,TrafficSign
c003,017168.jpg,367,Crosswalk
c003,017169.jpg,162,TrafficSign
c001,017170.jpg,464,Crosswalk
c002,017171.jpg,50,Container
c001,017172.jpg,73,TrafficSign
c003,017173.jpg,259,TrafficSign
c001,017174.jpg,463,TrafficSign
c001,017175.jpg,236,TrafficSign
c002,017176.jpg,421,TrafficSign
c003,017177.jpg,215,TrafficSign
c002,017178.jpg,222,TrafficSign
c002,017179.jpg,33,TrafficSign
c001,017180.jpg,297,Crosswalk
c002,017181.jpg,197,Container
c004,017182.jpg,27,Container
c001,017183.jpg,129,TrafficSign
c003,017184.jpg,12,TrafficSign
c003,017185.jpg,297,Crosswalk
c002,017186.jpg,55,Container
c003,017187.jpg,147,TrafficSign
c002,017188.jpg,423,TrafficSign
c002,017189.jpg,302,Crosswalk
c002,017190.jpg,453,TrafficSign
c003,017191.jpg,423,TrafficSign
c003,017192.jpg,163,Container
c003,017193.jpg,297,Crosswalk
c003,017194.jpg,301,TrafficSign
c001,017195.jpg,334,TrafficSign
c001,017196.jpg,414,TrafficSign
c003,017197.jpg,166,TrafficSign
c003,017198.jpg,110,Container
c003,017199.jpg,322,TrafficSign
c003,017200.jpg,255,TrafficSign
c001,017201.jpg,221,Crosswalk
c001,017202.jpg,434,Crosswalk
c001,017203.jpg,4,Container
c001,017204.jpg,217,TrafficSign
c002,017205.jpg,338,TrafficSign
c003,017206.jpg,42,Container
c001,017207.jpg,149,Container
c001,017208.jpg,251,TrafficSign
c002,017209.jpg,383,TrafficSign
c003,017210.jpg,355,Crosswalk
c001,017211.jpg,278,RubbishBins
c002,017212.jpg,43,Container
c002,017213.jpg,408,RubbishBins
c002,017214.jpg,43,Container
c002,017215.jpg,168,Container
c002,017216.jpg,70,Container
c001,017217.jpg,220,Crosswalk
c001,017218.jpg,55,Container
c002,017219.jpg,145,TrafficSign
c001,017220.jpg,101,TrafficSign
c003,017221.jpg,70,Container
c004,017222.jpg,70,Container
c002,017223.jpg,90,TrafficSign
c002,017224.jpg,225,TrafficSign
c003,017225.jpg,128,TrafficSign
c002,017226.jpg,3,Container
c002,017227.jpg,32,Container
c002,017228.jpg,323,RubbishBins
c001,017229.jpg,70,Container
c001,017230.jpg,281,TrafficSign
c002,017231.jpg,36,RubbishBins
c003,017232.jpg,84,Crosswalk
c004,017233.jpg,61,Container
c003,017234.jpg,454,TrafficSign
c001,017235.jpg,252,TrafficSign
c001,017236.jpg,258,TrafficSign
c002,017237.jpg,216,TrafficSign
c002,017238.jpg,78,Crosswalk
c003,017239.jpg,345,Crosswalk
c002,017240.jpg,297,Crosswalk
c003,017241.jpg,408,RubbishBins
c003,017242.jpg,244,TrafficSign
c003,017243.jpg,234,Crosswalk
c001,017244.jpg,84,Crosswalk
c003,017245.jpg,165,TrafficSign
c002,017246.jpg,163,Container
c004,017247.jpg,267,Crosswalk
c001,017248.jpg,46,Container
c003,017249.jpg,48,TrafficSign
c003,017250.jpg,174,TrafficSign
c003,017251.jpg,266,TrafficSign
c002,017252.jpg,95,TrafficSign
c001,017253.jpg,349,TrafficSign
c002,017254.jpg,37,TrafficSign
c003,017255.jpg,366,TrafficSign
c001,017256.jpg,449,TrafficSign
c004,017257.jpg,336,Crosswalk
c003,017258.jpg,147,TrafficSign
c002,017259.jpg,460,RubbishBins
c003,017260.jpg,262,TrafficSign
c003,017261.jpg,47,TrafficSign
c003,017262.jpg,9,Container
c002,017263.jpg,249,Crosswalk
c004,017264.jpg,278,RubbishBins
c001,017265.jpg,399,RubbishBins
c003,017266.jpg,155,TrafficSign
c003,017267.jpg,475,TrafficSign
c002,017268.jpg,211,Crosswalk
c003,017269.jpg,121,TrafficSign
c002,017270.jpg,294,TrafficSign
c001,017271.jpg,224,TrafficSign
c003,017272.jpg,271,TrafficSign
c003,017273.jpg,405,TrafficSign
c003,017274.jpg,192,Container
c001,017275.jpg,3,Container
c002,017276.jpg,365,TrafficSign
c003,017277.jpg,73,TrafficSign
c002,017278.jpg,273,TrafficSign
c003,017279.jpg,340,TrafficSign
c001,017280.jpg,287,Container
c004,017281.jpg,13,Crosswalk
c003,017282.jpg,213,Crosswalk
c001,017283.jpg,27,Container
c002,017284.jpg,69,TrafficSign
c001,017285.jpg,169,TrafficSign
c001,017286.jpg,52,RubbishBins
c003,017287.jpg,24,TrafficSign
c003,017288.jpg,334,TrafficSign
c003,017289.jpg,229,TrafficSign
c002,017290.jpg,383,TrafficSign
c001,017291.jpg,85,Container
c002,017292.jpg,274,TrafficSign
c002,017293.jpg,429,Container
c004,017294.jpg,219,Crosswalk
c003,017295.jpg,145,TrafficSign
c003,017296.jpg,248,TrafficSign
c001,017297.jpg,271,TrafficSign
c004,017298.jpg,32,Container
c001,017299.jpg,236,TrafficSign
c002,017300.jpg,117,Container
c001,017301.jpg,108,TrafficSign
c003,017302.jpg,111,RubbishBins
c003,017303.jpg,333,Crosswalk
c001,017304.jpg,207,Container
c004,017305.jpg,382,Crosswalk
c003,017306.jpg,405,TrafficSign
c004,017307.jpg,41,Container
c002,017308.jpg,318,TrafficSign
c002,017309.jpg,278,RubbishBins
c004,017310.jpg,9,Container
c001,017311.jpg,5,TrafficSign
c003,017312.jpg,212,TrafficSign
c001,017313.jpg,479,TrafficSign
c003,017314.jpg,454,TrafficSign
c001,017315.jpg,3,Container
c002,017316.jpg,114,TrafficSign
c001,017317.jpg,183,Crosswalk
c002,017318.jpg,167,TrafficSign
c004,017319.jpg,50,Container
c003,017320.jpg,84,Crosswalk
c001,017321.jpg,333,Crosswalk
c004,017322.jpg,227,Container
c001,017323.jpg,415,TrafficSign
c003,017324.jpg,395,TrafficSign
c001,017325.jpg,32,Container
c001,017326.jpg,93,Crosswalk
c001,017327.jpg,150,TrafficSign
c001,017328.jpg,378,Container
c003,017329.jpg,236,TrafficSign
c001,017330.jpg,159,TrafficSign
c002,017331.jpg,440,TrafficSign
c001,017332.jpg,232,TrafficSign
c003,017333.jpg,3,Container
c001,017334.jpg,243,TrafficSign
c003,017335.jpg,76,Container
c002,017336.jpg,219,Crosswalk
c002,017337.jpg,130,TrafficSign
c003,017338.jpg,425,RubbishBins
c002,017339.jpg,156,Container
c001,017340.jpg,284,TrafficSign
c004,017341.jpg,297,Crosswalk
c001,017342.jpg,17,Container
c003,017343.jpg,208,Crosswalk
c003,017344.jpg,205,TrafficSign
c001,017345.jpg,214,TrafficSign
c002,017346.jpg,4,Container
c003,017347.jpg,452,Crosswalk
c003,017348.jpg,272,TrafficSign
c002,017349.jpg,220,Crosswalk
c004,017350.jpg,261,Crosswalk
c003,017351.jpg,12,TrafficSign
c003,017352.jpg,185,Crosswalk
c001,017353.jpg,386,TrafficSign
c001,017354.jpg,38,RubbishBins
c001,017355.jpg,17,Container
c001,017356.jpg,466,TrafficSign
c003,017357.jpg,225,TrafficSign
c003,017358.jpg,11,TrafficSign
c003,017359.jpg,79,Crosswalk
c001,017360.jpg,427,TrafficSign
c003,017361.jpg,459,TrafficSign
c003,017362.jpg,457,TrafficSign
c003,017363.jpg,16,TrafficSign
c002,017364.jpg,129,TrafficSign
c002,017365.jpg,115,RubbishBins
c002,017366.jpg,406,TrafficSign
c003,017367.jpg,149,Container
c003,017368.jpg,279,TrafficSign
c002,017369.jpg,345,Crosswalk
c003,017370.jpg,305,TrafficSign
c001,017371.jpg,306,Crosswalk
c001,017372.jpg,434,Crosswalk
c002,017373.jpg,209,Crosswalk
c001,017374.jpg,151,TrafficSign
c002,017375.jpg,119,Crosswalk
c002,017376.jpg,98,TrafficSign
c002,017377.jpg,295,TrafficSign
c001,017378.jpg,197,Container
c001,017379.jpg,64,TrafficSign
c003,017380.jpg,5,TrafficSign
c004,017381.jpg,27,Container
c003,017382.jpg,210,TrafficSign
c001,017383.jpg,336,Crosswalk
c002,017384.jpg,81,Crosswalk
c003,017385.jpg,284,TrafficSign
c002,017386.jpg,413,Crosswalk
c002,017387.jpg,265,Crosswalk
c002,017388.jpg,127,TrafficSign
c002,017389.jpg,22,Container
c002,017390.jpg,218,Container
c003,017391.jpg,243,TrafficSign
c001,017392.jpg,341,Crosswalk
c001,017393.jpg,49,TrafficSign
c002,017394.jpg,253,Container
c002,017395.jpg,311,Crosswalk
c003,017396.jpg,212,TrafficSign
c002,017397.jpg,357,TrafficSign
c001,017398.jpg,123,TrafficSign
c001,017399.jpg,312,TrafficSign
c001,017400.jpg,2,Crosswalk
c004,017401.jpg,72,Container
c004,017402.jpg,245,Container
c002,017403.jpg,67,TrafficSign
c001,017404.jpg,438,TrafficSign
c002,017405.jpg,82,Container
c003,017406.jpg,70,Container
c002,017407.jpg,479,TrafficSign
c002,017408.jpg,172,Crosswalk
c001,017409.jpg,271,TrafficSign
c003,017410.jpg,272,TrafficSign
c002,017411.jpg,129,TrafficSign
c004,017412.jpg,355,Crosswalk
c001,017413.jpg,140,TrafficSign
c004,017414.jpg,230,Container
c001,017415.jpg,226,TrafficSign
c002,017416.jpg,263,TrafficSign
c001,017417.jpg,3,Container
c003,017418.jpg,294,TrafficSign
c002,017419.jpg,335,TrafficSign
c004,017420.jpg,17,Container
c004,017421.jpg,110,Container
c003,017422.jpg,208,Crosswalk
c003,017423.jpg,93,Crosswalk
c001,017424.jpg,211,Crosswalk
c003,017425.jpg,107,TrafficSign
c003,017426.jpg,218,Container
c003,017427.jpg,34,TrafficSign
c002,017428.jpg,389,TrafficSign
c001,017429.jpg,158,RubbishBins
c004,017430.jpg,119,Crosswalk
c001,017431.jpg,28,Crosswalk
c003,017432.jpg,63,TrafficSign
c003,017433.jpg,347,RubbishBins
c002,017434.jpg,364,TrafficSign
c001,017435.jpg,389,TrafficSign
c001,017436.jpg,257,RubbishBins
c002,017437.jpg,151,TrafficSign
c003,017438.jpg,97,TrafficSign
c004,017439.jpg,6,Crosswalk
c004,017440.jpg,376,Crosswalk
c001,017441.jpg,109,TrafficSign
c004,017442.jpg,157,Crosswalk
c003,017443.jpg,55,Container
c001,017444.jpg,137,RubbishBins
c001,017445.jpg,156,Container
c003,017446.jpg,384,TrafficSign
c001,017447.jpg,135,Container
c004,017448.jpg,27,Container
c004,017449.jpg,197,Container
c003,017450.jpg,351,TrafficSign
c002,017451.jpg,55,Container
c003,017452.jpg,447,TrafficSign
c002,017453.jpg,392,RubbishBins
c002,017454.jpg,96,TrafficSign
c001,017455.jpg,339,Container
c003,017456.jpg,127,TrafficSign
c001,017457.jpg,184,TrafficSign
c003,017458.jpg,183,Crosswalk
c001,017459.jpg,438,TrafficSign
c003,017460.jpg,2,Crosswalk
c002,017461.jpg,428,RubbishBins
c002,017462.jpg,23,Container
c003,017463.jpg,83,TrafficSign
c003,017464.jpg,415,TrafficSign
c003,017465.jpg,233,TrafficSign
c003,017466.jpg,236,TrafficSign
c003,017467.jpg,32,Container
c004,017468.jpg,186,Crosswalk
c003,017469.jpg,13,Crosswalk
c002,017470.jpg,68,Container
c002,017471.jpg,54,TrafficSign
c001,017472.jpg,254,Crosswalk
c004,017473.jpg,211,Crosswalk
c003,017474.jpg,34,TrafficSign
c001,017475.jpg,347,RubbishBins
c001,017476.jpg,81,Crosswalk
c001,017477.jpg,226,TrafficSign
c002,017478.jpg,203,Container
c003,017479.jpg,260,TrafficSign
c001,017480.jpg,14,Crosswalk
c003,017481.jpg,44,TrafficSign
c003,017482.jpg,216,TrafficSign
c003,017483.jpg,69,TrafficSign
c001,017484.jpg,17,Container
c003,017485.jpg,109,TrafficSign
c003,017486.jpg,257,RubbishBins
c004,017487.jpg,213,Crosswalk
c003,017488.jpg,125,TrafficSign
c002,017489.jpg,337,TrafficSign
c004,017490.jpg,76,Container
c001,017491.jpg,17,Container
c002,017492.jpg,32,Container
c002,017493.jpg,94,TrafficSign
c001,017494.jpg,8,TrafficSign
c003,017495.jpg,129,TrafficSign
c002,017496.jpg,133,Container
c003,017497.jpg,171,TrafficSign
c003,017498.jpg,428,RubbishBins
c002,017499.jpg,201,Container
c002,017500.jpg,119,Crosswalk
c002,017501.jpg,252,TrafficSign
c004,017502.jpg,32,Container
c003,017503.jpg,84,Crosswalk
c003,017504.jpg,459,TrafficSign
c002,017505.jpg,101,TrafficSign
c002,017506.jpg,375,Crosswalk
c003,017507.jpg,240,RubbishBins
c004,017508.jpg,196,Crosswalk
c002,017509.jpg,295,TrafficSign
c003,017510.jpg,37,TrafficSign
c003,017511.jpg,17,Container
c002,017512.jpg,282,TrafficSign
c004,017513.jpg,270,Crosswalk
c003,017514.jpg,379,TrafficSign
c001,017515.jpg,156,Container
c002,017516.jpg,251,TrafficSign
c003,017517.jpg,322,TrafficSign
c001,017518.jpg,353,TrafficSign
c001,017519.jpg,469,RubbishBins
c003,017520.jpg,379,TrafficSign
c003,017521.jpg,237,TrafficSign
c003,017522.jpg,216,TrafficSign
c002,017523.jpg,322,TrafficSign
c001,017524.jpg,68,Container
c002,017525.jpg,260,TrafficSign
c003,017526.jpg,450,TrafficSign
c002,017527.jpg,11,TrafficSign
c004,017528.jpg,328,Crosswalk
c003,017529.jpg,161,TrafficSign
c003,017530.jpg,451,TrafficSign
c001,017531.jpg,250,TrafficSign
c001,017532.jpg,104,Crosswalk
c003,017533.jpg,212,TrafficSign
c001,017534.jpg,239,RubbishBins
c002,017535.jpg,86,TrafficSign
c003,017536.jpg,432,TrafficSign
c003,017537.jpg,30,TrafficSign
c004,017538.jpg,25,Crosswalk
c001,017539.jpg,391,RubbishBins
c003,017540.jpg,178,TrafficSign
c004,017541.jpg,72,Container
c003,017542.jpg,84,Crosswalk
c003,017543.jpg,222,TrafficSign
c003,017544.jpg,102,Container
c002,017545.jpg,379,TrafficSign
c001,017546.jpg,233,TrafficSign
c001,017547.jpg,257,RubbishBins
c001,017548.jpg,279,TrafficSign
c003,017549.jpg,308,TrafficSign
c003,017550.jpg,233,TrafficSign
c003,017551.jpg,195,TrafficSign
c004,017552.jpg,27,Container
c001,017553.jpg,198,Container
c004,017554.jpg,411,Crosswalk
c001,017555.jpg,297,Crosswalk
c002,017556.jpg,103,TrafficSign
c001,017557.jpg,237,TrafficSign
c003,017558.jpg,140,TrafficSign
c003,017559.jpg,24,TrafficSign
c001,017560.jpg,423,TrafficSign
c002,017561.jpg,133,Container
c003,017562.jpg,300,TrafficSign
c001,017563.jpg,480,Crosswalk
c002,017564.jpg,481,TrafficSign
c002,017565.jpg,482,TrafficSign
c002,017566.jpg,483,TrafficSign
c002,017567.jpg,484,TrafficSign
c001,017568.jpg,485,TrafficSign
c003,017569.jpg,486,TrafficSign
c002,017570.jpg,487,TrafficSign
c001,017571.jpg,488,Crosswalk
c002,017572.jpg,489,Crosswalk
c001,017573.jpg,490,TrafficSign
c002,017574.jpg,491,Crosswalk
c001,017575.jpg,492,TrafficSign
c003,017576.jpg,493,TrafficSign
c003,017577.jpg,494,TrafficSign
c003,017578.jpg,485,TrafficSign
c001,017579.jpg,495,TrafficSign
c002,017580.jpg,496,TrafficSign
c001,017581.jpg,497,TrafficSign
c003,017582.jpg,489,Crosswalk
c001,017583.jpg,498,TrafficSign
c001,017584.jpg,499,TrafficSign
c002,017585.jpg,500,TrafficSign
c002,017586.jpg,501,TrafficSign
c002,017587.jpg,502,TrafficSign
c001,017588.jpg,503,TrafficSign
c002,017589.jpg,504,TrafficSign
c002,017590.jpg,505,TrafficSign
c001,017591.jpg,506,RubbishBins
c001,017592.jpg,507,TrafficSign
c002,017593.jpg,508,Container
c003,017594.jpg,509,Container
c002,017595.jpg,510,Container
c001,017596.jpg,511,TrafficSign
c003,017597.jpg,512,Container
c001,017598.jpg,513,Crosswalk
c002,017599.jpg,514,TrafficSign
c003,017600.jpg,515,RubbishBins
c003,017601.jpg,516,TrafficSign
c002,017602.jpg,509,Container
c003,017603.jpg,491,Crosswalk
c001,017604.jpg,517,Crosswalk
c002,017605.jpg,485,TrafficSign
c001,017606.jpg,518,Crosswalk
c002,017607.jpg,489,Crosswalk
c002,017608.jpg,509,Container
c002,017609.jpg,511,TrafficSign
c001,017610.jpg,514,TrafficSign
c003,017611.jpg,508,Container
c003,017612.jpg,508,Container
c003,017613.jpg,487,TrafficSign
c003,017614.jpg,519,TrafficSign
c001,017615.jpg,520,Crosswalk
c003,017616.jpg,483,TrafficSign
c002,017617.jpg,521,TrafficSign
c001,017618.jpg,482,TrafficSign
c001,017619.jpg,508,Container
c003,017620.jpg,517,Crosswalk
c002,017621.jpg,522,Crosswalk
c002,017622.jpg,523,TrafficSign
c001,017623.jpg,524,TrafficSign
c001,017624.jpg,525,TrafficSign
c001,017625.jpg,526,Container
c002,017626.jpg,527,TrafficSign
c003,017627.jpg,528,TrafficSign
c002,017628.jpg,529,TrafficSign
c002,017629.jpg,530,RubbishBins
c003,017630.jpg,531,Container
c002,017631.jpg,499,TrafficSign
c001,017632.jpg,532,TrafficSign
c003,017633.jpg,533,Crosswalk
c002,017634.jpg,534,TrafficSign
c001,017635.jpg,535,TrafficSign
c002,017636.jpg,536,TrafficSign
c002,017637.jpg,537,TrafficSign
c002,017638.jpg,538,TrafficSign
c001,017639.jpg,539,TrafficSign
c001,017640.jpg,530,RubbishBins
c003,017641.jpg,516,TrafficSign
c003,017642.jpg,483,TrafficSign
c003,017643.jpg,540,TrafficSign
c001,017644.jpg,541,TrafficSign
c002,017645.jpg,532,TrafficSign
c002,017646.jpg,542,TrafficSign
c002,017647.jpg,543,TrafficSign
c001,017648.jpg,544,TrafficSign
c003,017649.jpg,501,TrafficSign
c003,017650.jpg,545,TrafficSign
c002,017651.jpg,487,TrafficSign
c003,017652.jpg,482,TrafficSign
c003,017653.jpg,546,Crosswalk
c001,017654.jpg,547,TrafficSign
c003,017655.jpg,542,TrafficSign
c003,017656.jpg,518,Crosswalk
c002,017657.jpg,548,TrafficSign
c001,017658.jpg,549,TrafficSign
c003,017659.jpg,550,Container
c002,017660.jpg,551,Crosswalk
c001,017661.jpg,508,Container
c001,017662.jpg,552,TrafficSign
c003,017663.jpg,553,TrafficSign
c003,017664.jpg,524,TrafficSign
c001,017665.jpg,554,TrafficSign
c001,017666.jpg,555,TrafficSign
c002,017667.jpg,556,TrafficSign
c003,017668.jpg,557,TrafficSign
c001,017669.jpg,558,TrafficSign
c001,017670.jpg,519,TrafficSign
c003,017671.jpg,559,Container
c003,017672.jpg,543,TrafficSign
c002,017673.jpg,486,TrafficSign
c003,017674.jpg,560,TrafficSign
c001,017675.jpg,506,RubbishBins
c002,017676.jpg,561,TrafficSign
c003,017677.jpg,562,TrafficSign
c001,017678.jpg,511,TrafficSign
c002,017679.jpg,563,TrafficSign
c003,017680.jpg,564,TrafficSign
c003,017681.jpg,488,Crosswalk
c001,017682.jpg,515,RubbishBins
c001,017683.jpg,498,TrafficSign
c001,017684.jpg,565,TrafficSign
c001,017685.jpg,566,TrafficSign
c003,017686.jpg,567,Crosswalk
c001,017687.jpg,489,Crosswalk
c003,017688.jpg,523,TrafficSign
c003,017689.jpg,523,TrafficSign
c002,017690.jpg,518,Crosswalk
c003,017691.jpg,522,Crosswalk
c003,017692.jpg,547,TrafficSign
c001,017693.jpg,568,TrafficSign
c003,017694.jpg,533,Crosswalk
c001,017695.jpg,569,TrafficSign
c002,017696.jpg,570,Crosswalk
c003,017697.jpg,571,TrafficSign
c003,017698.jpg,572,Crosswalk
c001,017699.jpg,489,Crosswalk
c001,017700.jpg,539,TrafficSign
c001,017701.jpg,485,TrafficSign
c002,017702.jpg,573,TrafficSign
c002,017703.jpg,526,Container
c001,017704.jpg,508,Container
c002,017705.jpg,547,TrafficSign
c003,017706.jpg,483,TrafficSign
c002,017707.jpg,574,TrafficSign
c002,017708.jpg,575,Crosswalk
c002,017709.jpg,509,Container
c003,017710.jpg,576,TrafficSign
c001,017711.jpg,523,TrafficSign
c003,017712.jpg,507,TrafficSign
c001,017713.jpg,565,TrafficSign
c002,017714.jpg,524,TrafficSign
c003,017715.jpg,577,Container
c002,017716.jpg,578,TrafficSign
c003,017717.jpg,579,TrafficSign
c001,017718.jpg,572,Crosswalk
c003,017719.jpg,580,Container
c002,017720.jpg,581,TrafficSign
c001,017721.jpg,582,Container
c003,017722.jpg,535,TrafficSign
c003,017723.jpg,542,TrafficSign
c002,017724.jpg,583,TrafficSign
c002,017725.jpg,584,TrafficSign
c002,017726.jpg,576,TrafficSign
c002,017727.jpg,528,TrafficSign
c001,017728.jpg,508,Container
c003,017729.jpg,585,Crosswalk
c003,017730.jpg,557,TrafficSign
c002,017731.jpg,586,TrafficSign
c003,017732.jpg,587,TrafficSign
c001,017733.jpg,572,Crosswalk
c001,017734.jpg,588,Crosswalk
c003,017735.jpg,556,TrafficSign
c002,017736.jpg,547,TrafficSign
c002,017737.jpg,589,TrafficSign
c002,017738.jpg,590,TrafficSign
c001,017739.jpg,591,TrafficSign
c003,017740.jpg,565,TrafficSign
c001,017741.jpg,592,Container
c001,017742.jpg,593,TrafficSign
c002,017743.jpg,542,TrafficSign
c002,017744.jpg,555,TrafficSign
c002,017745.jpg,535,TrafficSign
c001,017746.jpg,594,TrafficSign
c003,017747.jpg,508,Container
c003,017748.jpg,534,TrafficSign
c003,017749.jpg,595,Crosswalk
c001,017750.jpg,596,Crosswalk
c002,017751.jpg,488,Crosswalk
c002,017752.jpg,539,TrafficSign
c001,017753.jpg,533,Crosswalk
c002,017754.jpg,540,TrafficSign
c003,017755.jpg,583,TrafficSign
c001,017756.jpg,597,Container
c003,017757.jpg,551,Crosswalk
c001,017758.jpg,513,Crosswalk
c002,017759.jpg,598,Crosswalk
c003,017760.jpg,545,TrafficSign
c001,017761.jpg,490,TrafficSign
c001,017762.jpg,498,TrafficSign
c003,017763.jpg,489,Crosswalk
c003,017764.jpg,507,TrafficSign
c002,017765.jpg,599,Crosswalk
c003,017766.jpg,574,TrafficSign
c003,017767.jpg,600,TrafficSign
c001,017768.jpg,572,Crosswalk
c003,017769.jpg,601,TrafficSign
c003,017770.jpg,602,TrafficSign
c003,017771.jpg,487,TrafficSign
c002,017772.jpg,603,TrafficSign
c002,017773.jpg,587,TrafficSign
c002,017774.jpg,579,TrafficSign
c003,017775.jpg,489,Crosswalk
c002,017776.jpg,560,TrafficSign
c003,017777.jpg,489,Crosswalk
c002,017778.jpg,581,TrafficSign
c003,017779.jpg,530,RubbishBins
c001,017780.jpg,493,TrafficSign
c002,017781.jpg,559,Container
c002,017782.jpg,533,Crosswalk
c002,017783.jpg,509,Container
c001,017784.jpg,510,Container
c002,017785.jpg,604,Container
c003,017786.jpg,512,Container
c003,017787.jpg,574,TrafficSign
c002,017788.jpg,530,RubbishBins
c001,017789.jpg,505,TrafficSign
c001,017790.jpg,522,Crosswalk
c002,017791.jpg,601,TrafficSign
c001,017792.jpg,589,TrafficSign
c002,017793.jpg,605,TrafficSign
c003,017794.jpg,606,Crosswalk
c001,017795.jpg,607,Container
c001,017796.jpg,541,TrafficSign
c002,017797.jpg,545,TrafficSign
c003,017798.jpg,503,TrafficSign
c001,017799.jpg,591,TrafficSign
c001,017800.jpg,608,TrafficSign
c001,017801.jpg,609,TrafficSign
c002,017802.jpg,610,TrafficSign
c003,017803.jpg,611,TrafficSign
c002,017804.jpg,517,Crosswalk
c001,017805.jpg,601,TrafficSign
c001,017806.jpg,534,TrafficSign
c003,017807.jpg,489,Crosswalk
c003,017808.jpg,612,RubbishBins
c003,017809.jpg,523,TrafficSign
c003,017810.jpg,559,Container
c001,017811.jpg,598,Crosswalk
c002,017812.jpg,539,TrafficSign
c003,017813.jpg,482,TrafficSign
c001,017814.jpg,604,Container
c002,017815.jpg,489,Crosswalk
c001,017816.jpg,570,Crosswalk
c001,017817.jpg,496,TrafficSign
c003,017818.jpg,526,Container
c001,017819.jpg,508,Container
c001,017820.jpg,604,Container
c001,017821.jpg,613,TrafficSign
c003,017822.jpg,519,TrafficSign
c001,017823.jpg,614,TrafficSign
c002,017824.jpg,510,Container
c001,017825.jpg,598,Crosswalk
c003,017826.jpg,528,TrafficSign
c002,017827.jpg,562,TrafficSign
c003,017828.jpg,581,TrafficSign
c001,017829.jpg,554,TrafficSign
c003,017830.jpg,615,RubbishBins
c003,017831.jpg,550,Container
c003,017832.jpg,614,TrafficSign
c001,017833.jpg,487,TrafficSign
c002,017834.jpg,499,TrafficSign
c001,017835.jpg,492,TrafficSign
c003,017836.jpg,542,TrafficSign
c001,017837.jpg,601,TrafficSign
c002,017838.jpg,530,RubbishBins
c003,017839.jpg,498,TrafficSign
c003,017840.jpg,590,TrafficSign
c001,017841.jpg,588,Crosswalk
c003,017842.jpg,610,TrafficSign
c001,017843.jpg,530,RubbishBins
c003,017844.jpg,610,TrafficSign
c002,017845.jpg,559,Container
c003,017846.jpg,616,Container
c002,017847.jpg,535,TrafficSign
c003,017848.jpg,521,TrafficSign
c003,017849.jpg,617,TrafficSign
c001,017850.jpg,489,Crosswalk
c002,017851.jpg,618,RubbishBins
c001,017852.jpg,581,TrafficSign
c002,017853.jpg,606,Crosswalk
c001,017854.jpg,496,TrafficSign
c003,017855.jpg,561,TrafficSign
c001,017856.jpg,559,Container
c003,017857.jpg,601,TrafficSign
c003,017858.jpg,619,TrafficSign
c003,017859.jpg,582,Container
c001,017860.jpg,620,Crosswalk
c001,017861.jpg,584,TrafficSign
c002,017862.jpg,621,TrafficSign
c001,017863.jpg,508,Container
c003,017864.jpg,607,Container
c003,017865.jpg,528,TrafficSign
c002,017866.jpg,622,TrafficSign
c001,017867.jpg,528,TrafficSign
c001,017868.jpg,623,TrafficSign
c002,017869.jpg,512,Container
c001,017870.jpg,485,TrafficSign
c002,017871.jpg,592,Container
c003,017872.jpg,624,TrafficSign
c003,017873.jpg,582,Container
c003,017874.jpg,619,TrafficSign
c001,017875.jpg,613,TrafficSign
c002,017876.jpg,625,TrafficSign
c002,017877.jpg,591,TrafficSign
c001,017878.jpg,621,TrafficSign
c001,017879.jpg,626,Crosswalk
c001,017880.jpg,579,TrafficSign
c002,017881.jpg,534,TrafficSign
c001,017882.jpg,514,TrafficSign
c002,017883.jpg,595,Crosswalk
c003,017884.jpg,627,TrafficSign
c002,017885.jpg,588,Crosswalk
c003,017886.jpg,612,RubbishBins
c003,017887.jpg,502,TrafficSign
c003,017888.jpg,628,TrafficSign
c003,017889.jpg,629,TrafficSign
c003,017890.jpg,568,TrafficSign
c001,017891.jpg,621,TrafficSign
c003,017892.jpg,625,TrafficSign
c001,017893.jpg,619,TrafficSign
c002,017894.jpg,551,Crosswalk
c001,017895.jpg,630,TrafficSign
c003,017896.jpg,480,Crosswalk
c003,017897.jpg,515,RubbishBins
c002,017898.jpg,493,TrafficSign
c001,017899.jpg,591,TrafficSign
c003,017900.jpg,631,TrafficSign
c001,017901.jpg,508,Container
c003,017902.jpg,621,TrafficSign
c003,017903.jpg,632,TrafficSign
c002,017904.jpg,633,TrafficSign
c003,017905.jpg,594,TrafficSign
c003,017906.jpg,591,TrafficSign
c001,017907.jpg,634,TrafficSign
c002,017908.jpg,635,TrafficSign
c001,017909.jpg,636,TrafficSign
c003,017910.jpg,534,TrafficSign
c002,017911.jpg,508,Container
c003,017912.jpg,637,TrafficSign
c001,017913.jpg,638,TrafficSign
c001,017914.jpg,639,TrafficSign
c001,017915.jpg,480,Crosswalk
c002,017916.jpg,512,Container
c001,017917.jpg,620,Crosswalk
c002,017918.jpg,640,TrafficSign
c003,017919.jpg,641,TrafficSign
c002,017920.jpg,498,TrafficSign
c003,017921.jpg,558,TrafficSign
c002,017922.jpg,592,Container
c002,017923.jpg,544,TrafficSign
c001,017924.jpg,582,Container
c002,017925.jpg,588,Crosswalk
c003,017926.jpg,545,TrafficSign
c003,017927.jpg,607,Container
c001,017928.jpg,512,Container
c002,017929.jpg,575,Crosswalk
c001,017930.jpg,515,RubbishBins
c002,017931.jpg,553,TrafficSign
c002,017932.jpg,487,TrafficSign
c003,017933.jpg,511,TrafficSign
c001,017934.jpg,545,TrafficSign
c001,017935.jpg,593,TrafficSign
c001,017936.jpg,489,Crosswalk
c002,017937.jpg,511,TrafficSign
c003,017938.jpg,488,Crosswalk
c001,017939.jpg,513,Crosswalk
c001,017940.jpg,517,Crosswalk
c003,017941.jpg,607,Container
c001,017942.jpg,642,Container
c002,017943.jpg,490,TrafficSign
c001,017944.jpg,562,TrafficSign
c002,017945.jpg,486,TrafficSign
c003,017946.jpg,490,TrafficSign
c003,017947.jpg,534,TrafficSign
c001,017948.jpg,490,TrafficSign
c001,017949.jpg,487,TrafficSign
c001,017950.jpg,613,TrafficSign
c003,017951.jpg,643,TrafficSign
c001,017952.jpg,641,TrafficSign
c003,017953.jpg,508,Container
c001,017954.jpg,524,TrafficSign
c003,017955.jpg,562,TrafficSign
c002,017956.jpg,644,Crosswalk
c002,017957.jpg,504,TrafficSign
c002,017958.jpg,510,Container
c001,017959.jpg,645,RubbishBins
c003,017960.jpg,578,TrafficSign
c003,017961.jpg,533,Crosswalk
c003,017962.jpg,552,TrafficSign
c003,017963.jpg,588,Crosswalk
c001,017964.jpg,632,TrafficSign
c002,017965.jpg,494,TrafficSign
c003,017966.jpg,549,TrafficSign
c003,017967.jpg,646,TrafficSign
c002,017968.jpg,503,TrafficSign
c001,017969.jpg,611,TrafficSign
c003,017970.jpg,494,TrafficSign
c001,017971.jpg,620,Crosswalk
c003,017972.jpg,599,Crosswalk
c002,017973.jpg,619,TrafficSign
c003,017974.jpg,647,TrafficSign
c002,017975.jpg,502,TrafficSign
c003,017976.jpg,524,TrafficSign
c002,017977.jpg,520,Crosswalk
c003,017978.jpg,500,TrafficSign
c002,017979.jpg,621,TrafficSign
c001,017980.jpg,491,Crosswalk
c002,017981.jpg,648,TrafficSign
c001,017982.jpg,649,Container
c003,017983.jpg,581,TrafficSign
c002,017984.jpg,504,TrafficSign
c003,017985.jpg,512,Container
c002,017986.jpg,508,Container
c002,017987.jpg,582,Container
c003,017988.jpg,524,TrafficSign
c001,017989.jpg,644,Crosswalk
c001,017990.jpg,523,TrafficSign
c002,017991.jpg,513,Crosswalk
c002,017992.jpg,650,Crosswalk
c002,017993.jpg,524,TrafficSign
c001,017994.jpg,549,TrafficSign
c002,017995.jpg,631,TrafficSign
c003,017996.jpg,635,TrafficSign
c002,017997.jpg,543,TrafficSign
c002,017998.jpg,513,Crosswalk
c003,017999.jpg,650,Crosswalk
c002,018000.jpg,573,TrafficSign
c001,018001.jpg,503,TrafficSign
c002,018002.jpg,489,Crosswalk
c001,018003.jpg,647,TrafficSign
c002,018004.jpg,535,TrafficSign
c003,018005.jpg,634,TrafficSign
c003,018006.jpg,651,TrafficSign
c003,018007.jpg,610,TrafficSign
c001,018008.jpg,558,TrafficSign
c001,018009.jpg,652,TrafficSign
c002,018010.jpg,570,Crosswalk
c002,018011.jpg,637,TrafficSign
c003,018012.jpg,539,TrafficSign
c001,018013.jpg,653,TrafficSign
c002,018014.jpg,613,TrafficSign
c001,018015.jpg,535,TrafficSign
c002,018016.jpg,489,Crosswalk
c002,018017.jpg,570,Crosswalk
c002,018018.jpg,591,TrafficSign
c001,018019.jpg,551,Crosswalk
c001,018020.jpg,515,RubbishBins
c003,018021.jpg,542,TrafficSign
c002,018022.jpg,550,Container
c003,018023.jpg,558,TrafficSign
c002,018024.jpg,504,TrafficSign
c003,018025.jpg,654,Container
c002,018026.jpg,525,TrafficSign
c002,018027.jpg,522,Crosswalk
c002,018028.jpg,550,Container
c002,018029.jpg,632,TrafficSign
c001,018030.jpg,493,TrafficSign
c001,018031.jpg,619,TrafficSign
c003,018032.jpg,569,TrafficSign
c003,018033.jpg,570,Crosswalk
c001,018034.jpg,510,Container
c002,018035.jpg,655,TrafficSign
c002,018036.jpg,492,TrafficSign
c002,018037.jpg,509,Container
c002,018038.jpg,510,Container
c003,018039.jpg,650,Crosswalk
c002,018040.jpg,656,RubbishBins
c002,018041.jpg,657,TrafficSign
c001,018042.jpg,496,TrafficSign
c001,018043.jpg,641,TrafficSign
c003,018044.jpg,496,TrafficSign
c002,018045.jpg,561,TrafficSign
c002,018046.jpg,550,Container
c002,018047.jpg,510,Container
c003,018048.jpg,646,TrafficSign
c002,018049.jpg,578,TrafficSign
c003,018050.jpg,655,TrafficSign
c001,018051.jpg,542,TrafficSign
c001,018052.jpg,491,Crosswalk
c003,018053.jpg,658,TrafficSign
c002,018054.jpg,545,TrafficSign
c001,018055.jpg,542,TrafficSign
c002,018056.jpg,659,TrafficSign
c002,018057.jpg,496,TrafficSign
c003,018058.jpg,561,TrafficSign
c002,018059.jpg,528,TrafficSign
c003,018060.jpg,660,TrafficSign
c003,018061.jpg,568,TrafficSign
c002,018062.jpg,543,TrafficSign
c001,018063.jpg,486,TrafficSign
c002,018064.jpg,566,TrafficSign
c001,018065.jpg,482,TrafficSign
c003,018066.jpg,483,TrafficSign
c002,018067.jpg,509,Container
c002,018068.jpg,591,TrafficSign
c001,018069.jpg,482,TrafficSign
c003,018070.jpg,537,TrafficSign
c001,018071.jpg,661,TrafficSign
c003,018072.jpg,510,Container
c002,018073.jpg,496,TrafficSign
c002,018074.jpg,608,TrafficSign
c002,018075.jpg,561,TrafficSign
c001,018076.jpg,640,TrafficSign
c002,018077.jpg,534,TrafficSign
c001,018078.jpg,537,TrafficSign
c003,018079.jpg,642,Container
c001,018080.jpg,588,Crosswalk
c001,018081.jpg,567,Crosswalk
c002,018082.jpg,530,RubbishBins
c001,018083.jpg,560,TrafficSign
c002,018084.jpg,607,Container
c003,018085.jpg,527,TrafficSign
c002,018086.jpg,603,TrafficSign
c003,018087.jpg,508,Container
c003,018088.jpg,575,Crosswalk
c001,018089.jpg,533,Crosswalk
c002,018090.jpg,576,TrafficSign
c001,018091.jpg,662,TrafficSign
c003,018092.jpg,644,Crosswalk
c002,018093.jpg,541,TrafficSign
c002,018094.jpg,607,Container
c001,018095.jpg,512,Container
c002,018096.jpg,629,TrafficSign
c003,018097.jpg,648,TrafficSign
c002,018098.jpg,488,Crosswalk
c002,018099.jpg,567,Crosswalk
c002,018100.jpg,580,Container
c002,018101.jpg,510,Container
c002,018102.jpg,536,TrafficSign
c002,018103.jpg,487,TrafficSign
c001,018104.jpg,627,TrafficSign
c003,018105.jpg,648,TrafficSign
c002,018106.jpg,512,Container
c002,018107.jpg,524,TrafficSign
c003,018108.jpg,556,TrafficSign
c001,018109.jpg,631,TrafficSign
c002,018110.jpg,559,Container
c002,018111.jpg,571,TrafficSign
c003,018112.jpg,559,Container
c002,018113.jpg,648,TrafficSign
c003,018114.jpg,663,TrafficSign
c002,018115.jpg,513,Crosswalk
c002,018116.jpg,590,TrafficSign
c002,018117.jpg,664,TrafficSign
c003,018118.jpg,562,TrafficSign
c002,018119.jpg,646,TrafficSign
c001,018120.jpg,496,TrafficSign
c003,018121.jpg,634,TrafficSign
c001,018122.jpg,590,TrafficSign
c002,018123.jpg,632,TrafficSign
c002,018124.jpg,508,Container
c003,018125.jpg,641,TrafficSign
c001,018126.jpg,665,TrafficSign
c002,018127.jpg,599,Crosswalk
c001,018128.jpg,542,TrafficSign
c001,018129.jpg,601,TrafficSign
c001,018130.jpg,550,Container
c003,018131.jpg,595,Crosswalk
c003,018132.jpg,552,TrafficSign
c001,018133.jpg,528,TrafficSign
c003,018134.jpg,622,TrafficSign
c003,018135.jpg,619,TrafficSign
c001,018136.jpg,552,TrafficSign
c002,018137.jpg,537,TrafficSign
c001,018138.jpg,520,Crosswalk
c001,018139.jpg,567,Crosswalk
c003,018140.jpg,489,Crosswalk
c003,018141.jpg,591,TrafficSign
c001,018142.jpg,498,TrafficSign
c003,018143.jpg,487,TrafficSign
c001,018144.jpg,546,Crosswalk
c002,018145.jpg,642,Container
c003,018146.jpg,515,RubbishBins
c001,018147.jpg,567,Crosswalk
c001,018148.jpg,568,TrafficSign
c001,018149.jpg,666,TrafficSign
c003,018150.jpg,537,TrafficSign
c002,018151.jpg,667,TrafficSign
c001,018152.jpg,507,TrafficSign
c001,018153.jpg,534,TrafficSign
c002,018154.jpg,593,TrafficSign
c003,018155.jpg,655,TrafficSign
c001,018156.jpg,489,Crosswalk
c002,018157.jpg,550,Container
c001,018158.jpg,491,Crosswalk
c003,018159.jpg,508,Container
c001,018160.jpg,494,TrafficSign
c001,018161.jpg,509,Container
c002,018162.jpg,619,TrafficSign
c003,018163.jpg,668,Crosswalk
c001,018164.jpg,578,TrafficSign
c001,018165.jpg,667,TrafficSign
c003,018166.jpg,566,TrafficSign
c003,018167.jpg,623,TrafficSign
c001,018168.jpg,483,TrafficSign
c002,018169.jpg,626,Crosswalk
c002,018170.jpg,500,TrafficSign
c002,018171.jpg,523,TrafficSign
c003,018172.jpg,509,Container
c002,018173.jpg,557,TrafficSign
c001,018174.jpg,527,TrafficSign
c003,018175.jpg,591,TrafficSign
c002,018176.jpg,522,Crosswalk
c001,018177.jpg,544,TrafficSign
c002,018178.jpg,576,TrafficSign
c003,018179.jpg,544,TrafficSign
c002,018180.jpg,586,TrafficSign
c003,018181.jpg,669,TrafficSign
c002,018182.jpg,620,Crosswalk
c001,018183.jpg,609,TrafficSign
c003,018184.jpg,557,TrafficSign
c001,018185.jpg,651,TrafficSign
c003,018186.jpg,607,Container
c001,018187.jpg,591,TrafficSign
c002,018188.jpg,598,Crosswalk
c001,018189.jpg,492,TrafficSign
c003,018190.jpg,506,RubbishBins
c001,018191.jpg,534,TrafficSign
c002,018192.jpg,520,Crosswalk
c002,018193.jpg,634,TrafficSign
c002,018194.jpg,656,RubbishBins
c001,018195.jpg,591,TrafficSign
c001,018196.jpg,483,TrafficSign
c002,018197.jpg,636,TrafficSign
c001,018198.jpg,561,TrafficSign
c002,018199.jpg,584,TrafficSign
c001,018200.jpg,550,Container
c001,018201.jpg,566,TrafficSign
c001,018202.jpg,551,Crosswalk
c002,018203.jpg,591,TrafficSign
c003,018204.jpg,508,Container
c003,018205.jpg,531,Container
c001,018206.jpg,522,Crosswalk
c003,018207.jpg,629,TrafficSign
c002,018208.jpg,533,Crosswalk
c003,018209.jpg,621,TrafficSign
c002,018210.jpg,560,TrafficSign
c001,018211.jpg,650,Crosswalk
c002,018212.jpg,508,Container
c002,018213.jpg,525,TrafficSign
c002,018214.jpg,534,TrafficSign
c003,018215.jpg,620,Crosswalk
c001,018216.jpg,533,Crosswalk
c002,018217.jpg,631,TrafficSign
c002,018218.jpg,530,RubbishBins
c001,018219.jpg,554,TrafficSign
c002,018220.jpg,588,Crosswalk
c002,018221.jpg,515,RubbishBins
c003,018222.jpg,608,TrafficSign
c002,018223.jpg,619,TrafficSign
c003,018224.jpg,529,TrafficSign
c003,018225.jpg,530,RubbishBins
c003,018226.jpg,600,TrafficSign
c001,018227.jpg,496,TrafficSign
c003,018228.jpg,506,RubbishBins
c003,018229.jpg,526,Container
c002,018230.jpg,511,TrafficSign
c002,018231.jpg,546,Crosswalk
c002,018232.jpg,585,Crosswalk
c001,018233.jpg,571,TrafficSign
c002,018234.jpg,670,Container
c003,018235.jpg,487,TrafficSign
c003,018236.jpg,571,TrafficSign
c002,018237.jpg,533,Crosswalk
c001,018238.jpg,605,TrafficSign
c002,018239.jpg,503,TrafficSign
c001,018240.jpg,533,Crosswalk
c001,018241.jpg,578,TrafficSign
c003,018242.jpg,493,TrafficSign
c001,018243.jpg,530,RubbishBins
c003,018244.jpg,520,Crosswalk
c001,018245.jpg,578,TrafficSign
c003,018246.jpg,598,Crosswalk
c001,018247.jpg,498,TrafficSign
c001,018248.jpg,499,TrafficSign
c003,018249.jpg,508,Container
c001,018250.jpg,502,TrafficSign
c002,018251.jpg,645,RubbishBins
c002,018252.jpg,615,RubbishBins
c001,018253.jpg,536,TrafficSign
c003,018254.jpg,517,Crosswalk
c002,018255.jpg,508,Container
c003,018256.jpg,528,TrafficSign
c001,018257.jpg,542,TrafficSign
c003,018258.jpg,506,RubbishBins
c003,018259.jpg,545,TrafficSign
c003,018260.jpg,645,RubbishBins
c001,018261.jpg,646,TrafficSign
c003,018262.jpg,488,Crosswalk
c003,018263.jpg,659,TrafficSign
c003,018264.jpg,578,TrafficSign
c003,018265.jpg,517,Crosswalk
c002,018266.jpg,535,TrafficSign
c001,018267.jpg,501,TrafficSign
c001,018268.jpg,671,TrafficSign
c003,018269.jpg,620,Crosswalk
c002,018270.jpg,494,TrafficSign
c002,018271.jpg,628,TrafficSign
c003,018272.jpg,565,TrafficSign
c003,018273.jpg,657,TrafficSign
c001,018274.jpg,582,Container
c001,018275.jpg,544,TrafficSign
c002,018276.jpg,499,TrafficSign
c001,018277.jpg,628,TrafficSign
c002,018278.jpg,642,Container
c003,018279.jpg,656,RubbishBins
c003,018280.jpg,657,TrafficSign
c003,018281.jpg,513,Crosswalk
c003,018282.jpg,653,TrafficSign
c001,018283.jpg,605,TrafficSign
c003,018284.jpg,480,Crosswalk
c002,018285.jpg,595,Crosswalk
c003,018286.jpg,672,Container
c002,018287.jpg,658,TrafficSign
c003,018288.jpg,673,TrafficSign
c003,018289.jpg,492,TrafficSign
c002,018290.jpg,569,TrafficSign
c002,018291.jpg,574,TrafficSign
c001,018292.jpg,546,Crosswalk
c001,018293.jpg,672,Container
c002,018294.jpg,514,TrafficSign
c001,018295.jpg,514,TrafficSign
c003,018296.jpg,548,TrafficSign
c003,018297.jpg,655,TrafficSign
c002,018298.jpg,506,RubbishBins
c001,018299.jpg,637,TrafficSign
c001,018300.jpg,561,TrafficSign
c003,018301.jpg,612,RubbishBins
c002,018302.jpg,612,RubbishBins
c002,018303.jpg,583,TrafficSign
c002,018304.jpg,517,Crosswalk
c001,018305.jpg,487,TrafficSign
c003,018306.jpg,661,TrafficSign
c002,018307.jpg,515,RubbishBins
c003,018308.jpg,494,TrafficSign
c003,018309.jpg,573,TrafficSign
c001,018310.jpg,640,TrafficSign
c002,018311.jpg,492,TrafficSign
c003,018312.jpg,499,TrafficSign
c001,018313.jpg,583,TrafficSign
c003,018314.jpg,586,TrafficSign
c003,018315.jpg,598,Crosswalk
c003,018316.jpg,586,TrafficSign
c003,018317.jpg,539,TrafficSign
c001,018318.jpg,488,Crosswalk
c003,018319.jpg,488,Crosswalk
c001,018320.jpg,582,Container
c003,018321.jpg,554,TrafficSign
c003,018322.jpg,574,TrafficSign
c002,018323.jpg,566,TrafficSign
c001,018324.jpg,511,TrafficSign
c002,018325.jpg,651,TrafficSign
c003,018326.jpg,542,TrafficSign
c002,018327.jpg,652,TrafficSign
c001,018328.jpg,656,RubbishBins
c002,018329.jpg,611,TrafficSign
c003,018330.jpg,597,Container
c002,018331.jpg,637,TrafficSign
c003,018332.jpg,644,Crosswalk
c003,018333.jpg,530,RubbishBins
c001,018334.jpg,644,Crosswalk
c002,018335.jpg,490,TrafficSign
c002,018336.jpg,490,TrafficSign
c003,018337.jpg,582,Container
c002,018338.jpg,516,TrafficSign
c003,018339.jpg,573,TrafficSign
c001,018340.jpg,553,TrafficSign
c001,018341.jpg,565,TrafficSign
c002,018342.jpg,483,TrafficSign
c001,018343.jpg,567,Crosswalk
c002,018344.jpg,655,TrafficSign
c001,018345.jpg,561,TrafficSign
c002,018346.jpg,562,TrafficSign
c001,018347.jpg,674,TrafficSign
c001,018348.jpg,628,TrafficSign
c003,018349.jpg,594,TrafficSign
c001,018350.jpg,646,TrafficSign
c001,018351.jpg,509,Container
c001,018352.jpg,520,Crosswalk
c002,018353.jpg,614,TrafficSign
c002,018354.jpg,662,TrafficSign
c003,018355.jpg,626,Crosswalk
c002,018356.jpg,550,Container
c001,018357.jpg,613,TrafficSign
c001,018358.jpg,508,Container
c003,018359.jpg,491,Crosswalk
c001,018360.jpg,657,TrafficSign
c001,018361.jpg,529,TrafficSign
c001,018362.jpg,593,TrafficSign
c001,018363.jpg,511,TrafficSign
c001,018364.jpg,546,Crosswalk
c001,018365.jpg,636,TrafficSign
c003,018366.jpg,544,TrafficSign
c001,018367.jpg,590,TrafficSign
c001,018368.jpg,634,TrafficSign
c002,018369.jpg,668,Crosswalk
c002,018370.jpg,506,RubbishBins
c003,018371.jpg,553,TrafficSign
c001,018372.jpg,515,RubbishBins
c003,018373.jpg,675,TrafficSign
c001,018374.jpg,561,TrafficSign
c003,018375.jpg,489,Crosswalk
c002,018376.jpg,495,TrafficSign
c001,018377.jpg,625,TrafficSign
c002,018378.jpg,591,TrafficSign
c001,018379.jpg,560,TrafficSign
c002,018380.jpg,606,Crosswalk
c001,018381.jpg,574,TrafficSign
c003,018382.jpg,675,TrafficSign
c003,018383.jpg,512,Container
c003,018384.jpg,676,TrafficSign
c002,018385.jpg,671,TrafficSign
c003,018386.jpg,506,RubbishBins
c003,018387.jpg,517,Crosswalk
c002,018388.jpg,578,TrafficSign
c001,018389.jpg,602,TrafficSign
c003,018390.jpg,483,TrafficSign
c003,018391.jpg,510,Container
c002,018392.jpg,507,TrafficSign
c002,018393.jpg,590,TrafficSign
c002,018394.jpg,621,TrafficSign
c001,018395.jpg,546,Crosswalk
c002,018396.jpg,649,Container
c001,018397.jpg,512,Container
c003,018398.jpg,546,Crosswalk
c003,018399.jpg,574,TrafficSign
c002,018400.jpg,617,TrafficSign
c001,018401.jpg,535,TrafficSign
c002,018402.jpg,552,TrafficSign
c002,018403.jpg,677,TrafficSign
c002,018404.jpg,625,TrafficSign
c001,018405.jpg,648,TrafficSign
c001,018406.jpg,664,TrafficSign
c001,018407.jpg,573,TrafficSign
c003,018408.jpg,664,TrafficSign
c003,018409.jpg,508,Container
c001,018410.jpg,578,TrafficSign
c001,018411.jpg,594,TrafficSign
c001,018412.jpg,666,TrafficSign
c003,018413.jpg,515,RubbishBins
c003,018414.jpg,498,TrafficSign
c003,018415.jpg,508,Container
c003,018416.jpg,666,TrafficSign
c003,018417.jpg,551,Crosswalk
c002,018418.jpg,568,TrafficSign
c001,018419.jpg,557,TrafficSign
c003,018420.jpg,575,Crosswalk
c003,018421.jpg,498,TrafficSign
c002,018422.jpg,572,Crosswalk
c002,018423.jpg,575,Crosswalk
c002,018424.jpg,526,Container
c003,018425.jpg,670,Container
c001,018426.jpg,530,RubbishBins
c001,018427.jpg,517,Crosswalk
c001,018428.jpg,678,TrafficSign
c002,018429.jpg,646,TrafficSign
c002,018430.jpg,554,TrafficSign
c001,018431.jpg,590,TrafficSign
c002,018432.jpg,634,TrafficSign
c001,018433.jpg,508,Container
c002,018434.jpg,572,Crosswalk
c003,018435.jpg,633,TrafficSign
c002,018436.jpg,653,TrafficSign
c003,018437.jpg,623,TrafficSign
c002,018438.jpg,533,Crosswalk
c001,018439.jpg,514,TrafficSign
c002,018440.jpg,679,TrafficSign
c003,018441.jpg,577,Container
c003,018442.jpg,515,RubbishBins
c003,018443.jpg,553,TrafficSign
c002,018444.jpg,680,TrafficSign
c001,018445.jpg,486,TrafficSign
c001,018446.jpg,621,TrafficSign
c001,018447.jpg,499,TrafficSign
c001,018448.jpg,549,TrafficSign
c002,018449.jpg,666,TrafficSign
c001,018450.jpg,481,TrafficSign
c001,018451.jpg,576,TrafficSign
c001,018452.jpg,680,TrafficSign
c002,018453.jpg,520,Crosswalk
c001,018454.jpg,522,Crosswalk
c002,018455.jpg,668,Crosswalk
c001,018456.jpg,512,Container
c002,018457.jpg,546,Crosswalk
c001,018458.jpg,622,TrafficSign
c001,018459.jpg,520,Crosswalk
c003,018460.jpg,621,TrafficSign
c002,018461.jpg,508,Container
c003,018462.jpg,554,TrafficSign
c001,018463.jpg,652,TrafficSign
c001,018464.jpg,507,TrafficSign
c003,018465.jpg,503,TrafficSign
c002,018466.jpg,491,Crosswalk
c003,018467.jpg,593,TrafficSign
c001,018468.jpg,586,TrafficSign
c001,018469.jpg,668,Crosswalk
c003,018470.jpg,645,RubbishBins
c001,018471.jpg,575,Crosswalk
c002,018472.jpg,663,TrafficSign
c001,018473.jpg,560,TrafficSign
c001,018474.jpg,550,Container
c003,018475.jpg,547,TrafficSign
c002,018476.jpg,510,Container
c003,018477.jpg,485,TrafficSign
c001,018478.jpg,483,TrafficSign
c001,018479.jpg,561,TrafficSign
c003,018480.jpg,579,TrafficSign
c003,018481.jpg,680,TrafficSign
c003,018482.jpg,578,TrafficSign
c001,018483.jpg,631,TrafficSign
c001,018484.jpg,486,TrafficSign
c003,018485.jpg,583,TrafficSign
c001,018486.jpg,602,TrafficSign
c003,018487.jpg,535,TrafficSign
c003,018488.jpg,529,TrafficSign
c001,018489.jpg,550,Container
c003,018490.jpg,681,RubbishBins
c001,018491.jpg,529,TrafficSign
c003,018492.jpg,494,TrafficSign
c003,018493.jpg,599,Crosswalk
c002,018494.jpg,574,TrafficSign
c003,018495.jpg,480,Crosswalk
c003,018496.jpg,546,Crosswalk
c001,018497.jpg,612,RubbishBins
c003,018498.jpg,534,TrafficSign
c001,018499.jpg,526,Container
c003,018500.jpg,513,Crosswalk
c002,018501.jpg,641,TrafficSign
c002,018502.jpg,603,TrafficSign
c003,018503.jpg,527,TrafficSign
c001,018504.jpg,682,TrafficSign
c001,018505.jpg,553,TrafficSign
c001,018506.jpg,585,Crosswalk
c002,018507.jpg,496,TrafficSign
c002,018508.jpg,568,TrafficSign
c001,018509.jpg,535,TrafficSign
c002,018510.jpg,503,TrafficSign
c001,018511.jpg,537,TrafficSign
c001,018512.jpg,534,TrafficSign
c002,018513.jpg,492,TrafficSign
c003,018514.jpg,682,TrafficSign
c003,018515.jpg,632,TrafficSign
c001,018516.jpg,655,TrafficSign
c001,018517.jpg,524,TrafficSign
c003,018518.jpg,578,TrafficSign
c002,018519.jpg,512,Container
c003,018520.jpg,634,TrafficSign
c003,018521.jpg,511,TrafficSign
c002,018522.jpg,527,TrafficSign
c003,018523.jpg,663,TrafficSign
c003,018524.jpg,683,TrafficSign
c001,018525.jpg,529,TrafficSign
c002,018526.jpg,521,TrafficSign
c003,018527.jpg,596,Crosswalk
c002,018528.jpg,543,TrafficSign
c001,018529.jpg,660,TrafficSign
c002,018530.jpg,544,TrafficSign
c001,018531.jpg,569,TrafficSign
c001,018532.jpg,615,RubbishBins
c002,018533.jpg,552,TrafficSign
c003,018534.jpg,620,Crosswalk
c002,018535.jpg,683,TrafficSign
c001,018536.jpg,504,TrafficSign
c002,018537.jpg,546,Crosswalk
c001,018538.jpg,527,TrafficSign
c001,018539.jpg,566,TrafficSign
c001,018540.jpg,668,Crosswalk
c001,018541.jpg,623,TrafficSign
c001,018542.jpg,682,TrafficSign
c002,018543.jpg,541,TrafficSign
c001,018544.jpg,655,TrafficSign
c001,018545.jpg,508,Container
c001,018546.jpg,544,TrafficSign
c003,018547.jpg,508,Container
c002,018548.jpg,523,TrafficSign
c001,018549.jpg,513,Crosswalk
c002,018550.jpg,683,TrafficSign
c003,018551.jpg,572,Crosswalk
c001,018552.jpg,512,Container
c002,018553.jpg,568,TrafficSign
c003,018554.jpg,671,TrafficSign
c002,018555.jpg,567,Crosswalk
c001,018556.jpg,603,TrafficSign
c003,018557.jpg,598,Crosswalk
c001,018558.jpg,666,TrafficSign
c003,018559.jpg,540,TrafficSign
c003,018560.jpg,620,Crosswalk
c002,018561.jpg,639,TrafficSign
c001,018562.jpg,517,Crosswalk
c002,018563.jpg,571,TrafficSign
c003,018564.jpg,597,Container
c002,018565.jpg,519,TrafficSign
c003,018566.jpg,636,TrafficSign
c002,018567.jpg,634,TrafficSign
c003,018568.jpg,530,RubbishBins
c003,018569.jpg,508,Container
c002,018570.jpg,639,TrafficSign
c001,018571.jpg,681,RubbishBins
c002,018572.jpg,596,Crosswalk
c003,018573.jpg,589,TrafficSign
c001,018574.jpg,595,Crosswalk
c003,018575.jpg,546,Crosswalk
c002,018576.jpg,520,Crosswalk
c001,018577.jpg,642,Container
c003,018578.jpg,499,TrafficSign
c001,018579.jpg,526,Container
c003,018580.jpg,606,Crosswalk
c002,018581.jpg,645,RubbishBins
c002,018582.jpg,542,TrafficSign
c003,018583.jpg,500,TrafficSign
c001,018584.jpg,606,Crosswalk
c002,018585.jpg,567,Crosswalk
c001,018586.jpg,656,RubbishBins
c003,018587.jpg,560,TrafficSign
c002,018588.jpg,669,TrafficSign
c002,018589.jpg,535,TrafficSign
c001,018590.jpg,650,Crosswalk
c001,018591.jpg,595,Crosswalk
c003,018592.jpg,583,TrafficSign
c002,018593.jpg,480,Crosswalk
c002,018594.jpg,555,TrafficSign
c002,018595.jpg,620,Crosswalk
c002,018596.jpg,574,TrafficSign
c002,018597.jpg,552,TrafficSign
c001,018598.jpg,546,Crosswalk
c003,018599.jpg,678,TrafficSign
c001,018600.jpg,555,TrafficSign
c001,018601.jpg,610,TrafficSign
c002,018602.jpg,483,TrafficSign
c003,018603.jpg,490,TrafficSign
c003,018604.jpg,653,TrafficSign
c003,018605.jpg,636,TrafficSign
c003,018606.jpg,526,Container
c002,018607.jpg,489,Crosswalk
c002,018608.jpg,684,TrafficSign
c001,018609.jpg,508,Container
c002,018610.jpg,675,TrafficSign
c003,018611.jpg,659,TrafficSign
c002,018612.jpg,553,TrafficSign
c002,018613.jpg,508,Container
c001,018614.jpg,522,Crosswalk
c001,018615.jpg,537,TrafficSign
c003,018616.jpg,588,Crosswalk
c002,018617.jpg,557,TrafficSign
c003,018618.jpg,593,TrafficSign
c003,018619.jpg,541,TrafficSign
c002,018620.jpg,508,Container
c001,018621.jpg,685,Container
c002,018622.jpg,497,TrafficSign
c001,018623.jpg,526,Container
c002,018624.jpg,683,TrafficSign
c002,018625.jpg,488,Crosswalk
c003,018626.jpg,523,TrafficSign
c003,018627.jpg,544,TrafficSign
c001,018628.jpg,607,Container
c001,018629.jpg,535,TrafficSign
c003,018630.jpg,480,Crosswalk
c003,018631.jpg,537,TrafficSign
c002,018632.jpg,511,TrafficSign
c001,018633.jpg,521,TrafficSign
c001,018634.jpg,502,TrafficSign
c003,018635.jpg,686,Crosswalk
c001,018636.jpg,557,TrafficSign
c001,018637.jpg,687,Crosswalk
c001,018638.jpg,533,Crosswalk
c003,018639.jpg,600,TrafficSign
c002,018640.jpg,612,RubbishBins
c003,018641.jpg,582,Container
c003,018642.jpg,618,RubbishBins
c003,018643.jpg,487,TrafficSign
c003,018644.jpg,650,Crosswalk
c003,018645.jpg,655,TrafficSign
c001,018646.jpg,582,Container
c001,018647.jpg,599,Crosswalk
c002,018648.jpg,545,TrafficSign
c003,018649.jpg,631,TrafficSign
c003,018650.jpg,661,TrafficSign
c003,018651.jpg,679,TrafficSign
c003,018652.jpg,613,TrafficSign
c001,018653.jpg,573,TrafficSign
c003,018654.jpg,677,TrafficSign
c002,018655.jpg,517,Crosswalk
c002,018656.jpg,544,TrafficSign
c001,018657.jpg,582,Container
c001,018658.jpg,480,Crosswalk
c002,018659.jpg,582,Container
c002,018660.jpg,656,RubbishBins
c003,018661.jpg,620,Crosswalk
c001,018662.jpg,670,Container
c002,018663.jpg,489,Crosswalk
c001,018664.jpg,564,TrafficSign
c001,018665.jpg,619,TrafficSign
c002,018666.jpg,485,TrafficSign
c003,018667.jpg,564,TrafficSign
c001,018668.jpg,579,TrafficSign
c003,018669.jpg,506,RubbishBins
c001,018670.jpg,620,Crosswalk
c001,018671.jpg,498,TrafficSign
c003,018672.jpg,520,Crosswalk
c001,018673.jpg,600,TrafficSign
c002,018674.jpg,688,TrafficSign
c003,018675.jpg,560,TrafficSign
c002,018676.jpg,508,Container
c001,018677.jpg,528,TrafficSign
c002,018678.jpg,600,TrafficSign
c002,018679.jpg,598,Crosswalk
c001,018680.jpg,600,TrafficSign
c003,018681.jpg,499,TrafficSign
c002,018682.jpg,582,Container
c002,018683.jpg,588,Crosswalk
c003,018684.jpg,577,Container
c003,018685.jpg,566,TrafficSign
c003,018686.jpg,570,Crosswalk
c002,018687.jpg,551,Crosswalk
c003,018688.jpg,617,TrafficSign
c002,018689.jpg,506,RubbishBins
c003,018690.jpg,599,Crosswalk
c001,018691.jpg,490,TrafficSign
c002,018692.jpg,487,TrafficSign
c002,018693.jpg,572,Crosswalk
c001,018694.jpg,509,Container
c003,018695.jpg,573,TrafficSign
c002,018696.jpg,517,Crosswalk
c001,018697.jpg,530,RubbishBins
c002,018698.jpg,485,TrafficSign
c001,018699.jpg,496,TrafficSign
c002,018700.jpg,583,TrafficSign
c003,018701.jpg,527,TrafficSign
c003,018702.jpg,489,Crosswalk
c001,018703.jpg,629,TrafficSign
c003,018704.jpg,537,TrafficSign
c002,018705.jpg,520,Crosswalk
c001,018706.jpg,573,TrafficSign
c001,018707.jpg,534,TrafficSign
c001,018708.jpg,533,Crosswalk
c003,018709.jpg,533,Crosswalk
c001,018710.jpg,646,TrafficSign
c003,018711.jpg,582,Container
c003,018712.jpg,487,TrafficSign
c001,018713.jpg,675,TrafficSign
c001,018714.jpg,519,TrafficSign
c002,018715.jpg,601,TrafficSign
c001,018716.jpg,558,TrafficSign
c002,018717.jpg,560,TrafficSign
c002,018718.jpg,633,TrafficSign
c001,018719.jpg,564,TrafficSign
c002,018720.jpg,612,RubbishBins
c002,018721.jpg,653,TrafficSign
c001,018722.jpg,520,Crosswalk
c003,018723.jpg,517,Crosswalk
c003,018724.jpg,544,TrafficSign
c003,018725.jpg,531,Container
c003,018726.jpg,508,Container
c001,018727.jpg,494,TrafficSign
c003,018728.jpg,569,TrafficSign
c002,018729.jpg,665,TrafficSign
c001,018730.jpg,583,TrafficSign
c002,018731.jpg,651,TrafficSign
c001,018732.jpg,663,TrafficSign
c003,018733.jpg,583,TrafficSign
c001,018734.jpg,543,TrafficSign
c003,018735.jpg,493,TrafficSign
c002,018736.jpg,625,TrafficSign
c002,018737.jpg,646,TrafficSign
c001,018738.jpg,669,TrafficSign
c003,018739.jpg,543,TrafficSign
c003,018740.jpg,486,TrafficSign
c003,018741.jpg,505,TrafficSign
c003,018742.jpg,525,TrafficSign
c003,018743.jpg,634,TrafficSign
c003,018744.jpg,576,TrafficSign
c003,018745.jpg,644,Crosswalk
c002,018746.jpg,676,TrafficSign
c003,018747.jpg,498,TrafficSign
c003,018748.jpg,502,TrafficSign
c002,018749.jpg,662,TrafficSign
c002,018750.jpg,512,Container
c002,018751.jpg,581,TrafficSign
c001,018752.jpg,586,TrafficSign
c001,018753.jpg,650,Crosswalk
c002,018754.jpg,515,RubbishBins
c003,018755.jpg,668,Crosswalk
c003,018756.jpg,514,TrafficSign
c002,018757.jpg,494,TrafficSign
c003,018758.jpg,562,TrafficSign
c003,018759.jpg,551,Crosswalk
c002,018760.jpg,567,Crosswalk
c001,018761.jpg,633,TrafficSign
c003,018762.jpg,486,TrafficSign
c001,018763.jpg,506,RubbishBins
c003,018764.jpg,508,Container
c002,018765.jpg,634,TrafficSign
c001,018766.jpg,489,Crosswalk
c003,018767.jpg,488,Crosswalk
c003,018768.jpg,625,TrafficSign
c001,018769.jpg,501,TrafficSign
c002,018770.jpg,582,Container
c003,018771.jpg,665,TrafficSign
c001,018772.jpg,591,TrafficSign
c001,018773.jpg,575,Crosswalk
c002,018774.jpg,557,TrafficSign
c003,018775.jpg,605,TrafficSign
c002,018776.jpg,609,TrafficSign
c003,018777.jpg,577,Container
c002,018778.jpg,508,Container
c001,018779.jpg,644,Crosswalk
c002,018780.jpg,578,TrafficSign
c002,018781.jpg,682,TrafficSign
c001,018782.jpg,509,Container
c003,018783.jpg,667,TrafficSign
c001,018784.jpg,518,Crosswalk
c003,018785.jpg,513,Crosswalk
c003,018786.jpg,551,Crosswalk
c002,018787.jpg,480,Crosswalk
c003,018788.jpg,522,Crosswalk
c002,018789.jpg,666,TrafficSign
c002,018790.jpg,558,TrafficSign
c002,018791.jpg,647,TrafficSign
c003,018792.jpg,625,TrafficSign
c003,018793.jpg,689,TrafficSign
c001,018794.jpg,682,TrafficSign
c002,018795.jpg,571,TrafficSign
c002,018796.jpg,572,Crosswalk
c002,018797.jpg,483,TrafficSign
c003,018798.jpg,578,TrafficSign
c002,018799.jpg,488,Crosswalk
c001,018800.jpg,605,TrafficSign
c001,018801.jpg,570,Crosswalk
c003,018802.jpg,567,Crosswalk
c002,018803.jpg,526,Container
c002,018804.jpg,482,TrafficSign
c001,018805.jpg,500,TrafficSign
c003,018806.jpg,510,Container
c003,018807.jpg,508,Container
c002,018808.jpg,686,Crosswalk
c003,018809.jpg,550,Container
c002,018810.jpg,611,TrafficSign
c002,018811.jpg,515,RubbishBins
c003,018812.jpg,652,TrafficSign
c003,018813.jpg,575,Crosswalk
c001,018814.jpg,542,TrafficSign
c001,018815.jpg,545,TrafficSign
c001,018816.jpg,574,TrafficSign
c001,018817.jpg,685,Container
c001,018818.jpg,634,TrafficSign
c001,018819.jpg,502,TrafficSign
c002,018820.jpg,508,Container
c003,018821.jpg,606,Crosswalk
c003,018822.jpg,480,Crosswalk
c001,018823.jpg,526,Container
c003,018824.jpg,535,TrafficSign
c002,018825.jpg,533,Crosswalk
c003,018826.jpg,492,TrafficSign
c003,018827.jpg,634,TrafficSign
c002,018828.jpg,518,Crosswalk
c001,018829.jpg,538,TrafficSign
c001,018830.jpg,509,Container
c002,018831.jpg,530,RubbishBins
c001,018832.jpg,583,TrafficSign
c001,018833.jpg,508,Container
c002,018834.jpg,623,TrafficSign
c001,018835.jpg,506,RubbishBins
c002,018836.jpg,674,TrafficSign
c002,018837.jpg,572,Crosswalk
c002,018838.jpg,576,TrafficSign
c001,018839.jpg,574,TrafficSign
c001,018840.jpg,508,Container
c002,018841.jpg,546,Crosswalk
c003,018842.jpg,575,Crosswalk
c002,018843.jpg,673,TrafficSign
c003,018844.jpg,582,Container
c001,018845.jpg,515,RubbishBins
c003,018846.jpg,611,TrafficSign
c002,018847.jpg,566,TrafficSign
c002,018848.jpg,485,TrafficSign
c003,018849.jpg,535,TrafficSign
c003,018850.jpg,522,Crosswalk
c003,018851.jpg,567,Crosswalk
c003,018852.jpg,506,RubbishBins
c002,018853.jpg,493,TrafficSign
c003,018854.jpg,561,TrafficSign
c002,018855.jpg,554,TrafficSign
c002,018856.jpg,551,Crosswalk
c003,018857.jpg,591,TrafficSign
c003,018858.jpg,536,TrafficSign
c001,018859.jpg,644,Crosswalk
c001,018860.jpg,542,TrafficSign
c003,018861.jpg,590,TrafficSign
c001,018862.jpg,512,Container
c002,018863.jpg,575,Crosswalk
c002,018864.jpg,623,TrafficSign
c002,018865.jpg,504,TrafficSign
c002,018866.jpg,581,TrafficSign
c003,018867.jpg,662,TrafficSign
c001,018868.jpg,541,TrafficSign
c003,018869.jpg,642,Container
c001,018870.jpg,578,TrafficSign
c002,018871.jpg,533,Crosswalk
c002,018872.jpg,506,RubbishBins
c003,018873.jpg,493,TrafficSign
c003,018874.jpg,646,TrafficSign
c001,018875.jpg,679,TrafficSign
c003,018876.jpg,520,Crosswalk
c003,018877.jpg,644,Crosswalk
c001,018878.jpg,492,TrafficSign
c002,018879.jpg,480,Crosswalk
c003,018880.jpg,489,Crosswalk
c001,018881.jpg,547,TrafficSign
c003,018882.jpg,524,TrafficSign
c002,018883.jpg,605,TrafficSign
c002,018884.jpg,480,Crosswalk
c002,018885.jpg,582,Container
c001,018886.jpg,579,TrafficSign
c003,018887.jpg,570,Crosswalk
c002,018888.jpg,528,TrafficSign
c003,018889.jpg,560,TrafficSign
c003,018890.jpg,520,Crosswalk
c001,018891.jpg,636,TrafficSign
c003,018892.jpg,493,TrafficSign
c002,018893.jpg,512,Container
c003,018894.jpg,671,TrafficSign
c002,018895.jpg,652,TrafficSign
c001,018896.jpg,645,RubbishBins
c003,018897.jpg,496,TrafficSign
c001,018898.jpg,588,Crosswalk
c001,018899.jpg,528,TrafficSign
c001,018900.jpg,561,TrafficSign
c001,018901.jpg,613,TrafficSign
c003,018902.jpg,621,TrafficSign
c002,018903.jpg,601,TrafficSign
c002,018904.jpg,510,Container
c002,018905.jpg,569,TrafficSign
c003,018906.jpg,623,TrafficSign
c002,018907.jpg,565,TrafficSign
c001,018908.jpg,683,TrafficSign
c002,018909.jpg,635,TrafficSign
c003,018910.jpg,561,TrafficSign
c001,018911.jpg,544,TrafficSign
c003,018912.jpg,561,TrafficSign
c002,018913.jpg,683,TrafficSign
c001,018914.jpg,648,TrafficSign
c002,018915.jpg,673,TrafficSign
c002,018916.jpg,565,TrafficSign
c003,018917.jpg,509,Container
c002,018918.jpg,557,TrafficSign
c003,018919.jpg,644,Crosswalk
c003,018920.jpg,561,TrafficSign
c001,018921.jpg,558,TrafficSign
c002,018922.jpg,558,TrafficSign
c002,018923.jpg,572,Crosswalk
c001,018924.jpg,526,Container
c001,018925.jpg,611,TrafficSign
c003,018926.jpg,528,TrafficSign
c003,018927.jpg,533,Crosswalk
c001,018928.jpg,521,TrafficSign
c003,018929.jpg,571,TrafficSign
c001,018930.jpg,496,TrafficSign
c003,018931.jpg,683,TrafficSign
c002,018932.jpg,491,Crosswalk
c003,018933.jpg,685,Container
c003,018934.jpg,588,Crosswalk
c001,018935.jpg,581,TrafficSign
c002,018936.jpg,519,TrafficSign
c002,018937.jpg,613,TrafficSign
c002,018938.jpg,517,Crosswalk
c002,018939.jpg,593,TrafficSign
c002,018940.jpg,653,TrafficSign
c003,018941.jpg,489,Crosswalk
c003,018942.jpg,687,Crosswalk
c003,018943.jpg,520,Crosswalk
c002,018944.jpg,528,TrafficSign
c003,018945.jpg,590,TrafficSign
c003,018946.jpg,656,RubbishBins
c003,018947.jpg,572,Crosswalk
c003,018948.jpg,531,Container
c001,018949.jpg,572,Crosswalk
c003,018950.jpg,622,TrafficSign
c001,018951.jpg,506,RubbishBins
c003,018952.jpg,669,TrafficSign
c001,018953.jpg,560,TrafficSign
c001,018954.jpg,634,TrafficSign
c002,018955.jpg,561,TrafficSign
c003,018956.jpg,561,TrafficSign
c002,018957.jpg,522,Crosswalk
c001,018958.jpg,550,Container
c003,018959.jpg,605,TrafficSign
c002,018960.jpg,657,TrafficSign
c001,018961.jpg,512,Container
c002,018962.jpg,578,TrafficSign
c002,018963.jpg,499,TrafficSign
c002,018964.jpg,529,TrafficSign
c002,018965.jpg,534,TrafficSign
c001,018966.jpg,601,TrafficSign
c003,018967.jpg,666,TrafficSign
c001,018968.jpg,629,TrafficSign
c002,018969.jpg,489,Crosswalk
c003,018970.jpg,682,TrafficSign
c001,018971.jpg,606,Crosswalk
c002,018972.jpg,598,Crosswalk
c001,018973.jpg,493,TrafficSign
c003,018974.jpg,674,TrafficSign
c002,018975.jpg,489,Crosswalk
c002,018976.jpg,573,TrafficSign
c002,018977.jpg,491,Crosswalk
c002,018978.jpg,661,TrafficSign
c002,018979.jpg,621,TrafficSign
c002,018980.jpg,545,TrafficSign
c003,018981.jpg,569,TrafficSign
c001,018982.jpg,683,TrafficSign
c001,018983.jpg,568,TrafficSign
c001,018984.jpg,530,RubbishBins
c001,018985.jpg,620,Crosswalk
c001,018986.jpg,686,Crosswalk
c003,018987.jpg,520,Crosswalk
c002,018988.jpg,607,Container
c001,018989.jpg,487,TrafficSign
c001,018990.jpg,647,TrafficSign
c001,018991.jpg,488,Crosswalk
c001,018992.jpg,599,Crosswalk
c003,018993.jpg,579,TrafficSign
c001,018994.jpg,592,Container
c001,018995.jpg,581,TrafficSign
c003,018996.jpg,619,TrafficSign
c001,018997.jpg,489,Crosswalk
c003,018998.jpg,561,TrafficSign
c002,018999.jpg,675,TrafficSign
c001,019000.jpg,527,TrafficSign
c003,019001.jpg,509,Container
c003,019002.jpg,623,TrafficSign
c002,019003.jpg,510,Container
c001,019004.jpg,643,TrafficSign
c001,019005.jpg,574,TrafficSign
c003,019006.jpg,652,TrafficSign
c002,019007.jpg,506,RubbishBins
c003,019008.jpg,541,TrafficSign
c002,019009.jpg,620,Crosswalk
c001,019010.jpg,480,Crosswalk
c001,019011.jpg,685,Container
c003,019012.jpg,550,Container
c003,019013.jpg,601,TrafficSign
c003,019014.jpg,668,Crosswalk
c002,019015.jpg,576,TrafficSign
c003,019016.jpg,496,TrafficSign
c001,019017.jpg,493,TrafficSign
c002,019018.jpg,591,TrafficSign
c002,019019.jpg,494,TrafficSign
c002,019020.jpg,688,TrafficSign
c001,019021.jpg,582,Container
c002,019022.jpg,561,TrafficSign
c001,019023.jpg,508,Container
c003,019024.jpg,495,TrafficSign
c001,019025.jpg,645,RubbishBins
c002,019026.jpg,629,TrafficSign
c002,019027.jpg,528,TrafficSign
c001,019028.jpg,525,TrafficSign
c003,019029.jpg,690,TrafficSign
c003,019030.jpg,663,TrafficSign
c001,019031.jpg,545,TrafficSign
c001,019032.jpg,625,TrafficSign
c001,019033.jpg,503,TrafficSign
c002,019034.jpg,627,TrafficSign
c001,019035.jpg,493,TrafficSign
c001,019036.jpg,504,TrafficSign
c002,019037.jpg,572,Crosswalk
c002,019038.jpg,680,TrafficSign
c002,019039.jpg,613,TrafficSign
c001,019040.jpg,668,Crosswalk
c001,019041.jpg,575,Crosswalk
c003,019042.jpg,584,TrafficSign
c002,019043.jpg,489,Crosswalk
c003,019044.jpg,685,Container
c001,019045.jpg,566,TrafficSign
c001,019046.jpg,598,Crosswalk
c001,019047.jpg,512,Container
c001,019048.jpg,582,Container
c001,019049.jpg,482,TrafficSign
c002,019050.jpg,526,Container
c002,019051.jpg,544,TrafficSign
c001,019052.jpg,645,RubbishBins
c003,019053.jpg,661,TrafficSign
c001,019054.jpg,680,TrafficSign
c003,019055.jpg,512,Container
c002,019056.jpg,489,Crosswalk
c003,019057.jpg,484,TrafficSign
c001,019058.jpg,557,TrafficSign
c002,019059.jpg,562,TrafficSign
c002,019060.jpg,650,Crosswalk
c001,019061.jpg,489,Crosswalk
c003,019062.jpg,482,TrafficSign
c003,019063.jpg,647,TrafficSign
c001,019064.jpg,557,TrafficSign
c001,019065.jpg,584,TrafficSign
c003,019066.jpg,584,TrafficSign
c002,019067.jpg,582,Container
c001,019068.jpg,645,RubbishBins
c001,019069.jpg,491,Crosswalk
c001,019070.jpg,562,TrafficSign
c003,019071.jpg,514,TrafficSign
c003,019072.jpg,546,Crosswalk
c001,019073.jpg,675,TrafficSign
c003,019074.jpg,574,TrafficSign
c002,019075.jpg,622,TrafficSign
c002,019076.jpg,634,TrafficSign
c003,019077.jpg,636,TrafficSign
c003,019078.jpg,499,TrafficSign
c002,019079.jpg,644,Crosswalk
c002,019080.jpg,630,TrafficSign
c001,019081.jpg,510,Container
c001,019082.jpg,499,TrafficSign
c002,019083.jpg,505,TrafficSign
c003,019084.jpg,552,TrafficSign
c002,019085.jpg,585,Crosswalk
c002,019086.jpg,561,TrafficSign
c002,019087.jpg,484,TrafficSign
c003,019088.jpg,641,TrafficSign
c001,019089.jpg,530,RubbishBins
c003,019090.jpg,534,TrafficSign
c001,019091.jpg,644,Crosswalk
c002,019092.jpg,569,TrafficSign
c002,019093.jpg,565,TrafficSign
c002,019094.jpg,520,Crosswalk
c002,019095.jpg,578,TrafficSign
c002,019096.jpg,507,TrafficSign
c001,019097.jpg,612,RubbishBins
c002,019098.jpg,530,RubbishBins
c003,019099.jpg,580,Container
c003,019100.jpg,530,RubbishBins
c001,019101.jpg,559,Container
c003,019102.jpg,503,TrafficSign
c002,019103.jpg,603,TrafficSign
c002,019104.jpg,541,TrafficSign
c001,019105.jpg,520,Crosswalk
c001,019106.jpg,552,TrafficSign
c002,019107.jpg,502,TrafficSign
c002,019108.jpg,627,TrafficSign
c001,019109.jpg,510,Container
c001,019110.jpg,480,Crosswalk
c003,019111.jpg,526,Container
c002,019112.jpg,536,TrafficSign
c001,019113.jpg,663,TrafficSign
c003,019114.jpg,640,TrafficSign
c001,019115.jpg,509,Container
c002,019116.jpg,520,Crosswalk
c001,019117.jpg,616,Container
c003,019118.jpg,520,Crosswalk
c002,019119.jpg,643,TrafficSign
c002,019120.jpg,556,TrafficSign
c003,019121.jpg,582,Container
c002,019122.jpg,657,TrafficSign
c002,019123.jpg,600,TrafficSign
c002,019124.jpg,493,TrafficSign
c002,019125.jpg,526,Container
c001,019126.jpg,508,Container
c001,019127.jpg,606,Crosswalk
c003,019128.jpg,682,TrafficSign
c003,019129.jpg,491,Crosswalk
c002,019130.jpg,561,TrafficSign
c003,019131.jpg,590,TrafficSign
c003,019132.jpg,572,Crosswalk
c003,019133.jpg,490,TrafficSign
c003,019134.jpg,630,TrafficSign
c001,019135.jpg,567,Crosswalk
c002,019136.jpg,480,Crosswalk
c002,019137.jpg,508,Container
c002,019138.jpg,579,TrafficSign
c001,019139.jpg,551,Crosswalk
c001,019140.jpg,562,TrafficSign
c003,019141.jpg,511,TrafficSign
c001,019142.jpg,571,TrafficSign
c001,019143.jpg,545,TrafficSign
c001,019144.jpg,654,Container
c002,019145.jpg,508,Container
c003,019146.jpg,645,RubbishBins
c003,019147.jpg,481,TrafficSign
c002,019148.jpg,582,Container
c003,019149.jpg,567,Crosswalk
c001,019150.jpg,583,TrafficSign
c001,019151.jpg,489,Crosswalk
c001,019152.jpg,635,TrafficSign
c002,019153.jpg,508,Container
c002,019154.jpg,526,Container
c003,019155.jpg,491,Crosswalk
c003,019156.jpg,689,TrafficSign
c002,019157.jpg,524,TrafficSign
c001,019158.jpg,523,TrafficSign
c002,019159.jpg,637,TrafficSign
c003,019160.jpg,602,TrafficSign
c002,019161.jpg,641,TrafficSign
c003,019162.jpg,526,Container
c003,019163.jpg,497,TrafficSign
c003,019164.jpg,582,Container
c002,019165.jpg,682,TrafficSign
c001,019166.jpg,572,Crosswalk
c001,019167.jpg,659,TrafficSign
c002,019168.jpg,644,Crosswalk
c003,019169.jpg,482,TrafficSign
c002,019170.jpg,569,TrafficSign
c001,019171.jpg,690,TrafficSign
c002,019172.jpg,591,TrafficSign
c002,019173.jpg,575,Crosswalk
c002,019174.jpg,506,RubbishBins
c002,019175.jpg,660,TrafficSign
c001,019176.jpg,612,RubbishBins
c002,019177.jpg,517,Crosswalk
c002,019178.jpg,544,TrafficSign
c001,019179.jpg,572,Crosswalk
c003,019180.jpg,489,Crosswalk
c003,019181.jpg,566,TrafficSign
c003,019182.jpg,562,TrafficSign
c001,019183.jpg,572,Crosswalk
c001,019184.jpg,510,Container
c001,019185.jpg,590,TrafficSign
c003,019186.jpg,588,Crosswalk
c002,019187.jpg,657,TrafficSign
c002,019188.jpg,586,TrafficSign
c001,019189.jpg,547,TrafficSign
c001,019190.jpg,632,TrafficSign
c002,019191.jpg,516,TrafficSign
c001,019192.jpg,487,TrafficSign
c002,019193.jpg,600,TrafficSign
c002,019194.jpg,636,TrafficSign
c001,019195.jpg,635,TrafficSign
c001,019196.jpg,527,TrafficSign
c001,019197.jpg,508,Container
c001,019198.jpg,539,TrafficSign
c002,019199.jpg,600,TrafficSign
c001,019200.jpg,585,Crosswalk
c001,019201.jpg,505,TrafficSign
c002,019202.jpg,512,Container
c002,019203.jpg,568,TrafficSign
c001,019204.jpg,498,TrafficSign
c001,019205.jpg,501,TrafficSign
c001,019206.jpg,619,TrafficSign
c003,019207.jpg,486,TrafficSign
c001,019208.jpg,646,TrafficSign
c003,019209.jpg,600,TrafficSign
c001,019210.jpg,482,TrafficSign
c001,019211.jpg,524,TrafficSign
c003,019212.jpg,512,Container
c002,019213.jpg,654,Container
c003,019214.jpg,652,TrafficSign
c003,019215.jpg,575,Crosswalk
c003,019216.jpg,638,TrafficSign
c001,019217.jpg,658,TrafficSign
c003,019218.jpg,517,Crosswalk
c003,019219.jpg,558,TrafficSign
c001,019220.jpg,539,TrafficSign
c001,019221.jpg,517,Crosswalk
c001,019222.jpg,543,TrafficSign
c001,019223.jpg,627,TrafficSign
c003,019224.jpg,666,TrafficSign
c003,019225.jpg,496,TrafficSign
c003,019226.jpg,613,TrafficSign
c003,019227.jpg,527,TrafficSign
c003,019228.jpg,563,TrafficSign
c002,019229.jpg,562,TrafficSign
c001,019230.jpg,634,TrafficSign
c002,019231.jpg,666,TrafficSign
c002,019232.jpg,691,TrafficSign
c003,019233.jpg,576,TrafficSign
c002,019234.jpg,663,TrafficSign
c002,019235.jpg,480,Crosswalk
c002,019236.jpg,634,TrafficSign
c003,019237.jpg,507,TrafficSign
c002,019238.jpg,534,TrafficSign
c003,019239.jpg,637,TrafficSign
c003,019240.jpg,542,TrafficSign
c003,019241.jpg,480,Crosswalk
c001,019242.jpg,641,TrafficSign
c002,019243.jpg,530,RubbishBins
c002,019244.jpg,600,TrafficSign
c002,019245.jpg,528,TrafficSign
c001,019246.jpg,591,TrafficSign
c002,019247.jpg,588,Crosswalk
c002,019248.jpg,610,TrafficSign
c002,019249.jpg,542,TrafficSign
c003,019250.jpg,583,TrafficSign
c002,019251.jpg,609,TrafficSign
c002,019252.jpg,625,TrafficSign
c001,019253.jpg,509,Container
c002,019254.jpg,604,Container
c001,019255.jpg,598,Crosswalk
c001,019256.jpg,575,Crosswalk
c003,019257.jpg,531,Container
c003,019258.jpg,577,Container
c003,019259.jpg,573,TrafficSign
c002,019260.jpg,672,Container
c003,019261.jpg,530,RubbishBins
c002,019262.jpg,682,TrafficSign
c003,019263.jpg,639,TrafficSign
c003,019264.jpg,609,TrafficSign
c001,019265.jpg,534,TrafficSign
c001,019266.jpg,508,Container
c001,019267.jpg,669,TrafficSign
c001,019268.jpg,668,Crosswalk
c002,019269.jpg,645,RubbishBins
c002,019270.jpg,647,TrafficSign
c001,019271.jpg,562,TrafficSign
c001,019272.jpg,487,TrafficSign
c001,019273.jpg,562,TrafficSign
c001,019274.jpg,685,Container
c001,019275.jpg,508,Container
c002,019276.jpg,577,Container
c003,019277.jpg,532,TrafficSign
c002,019278.jpg,508,Container
c002,019279.jpg,592,Container
c003,019280.jpg,546,Crosswalk
c003,019281.jpg,544,TrafficSign
c001,019282.jpg,663,TrafficSign
c001,019283.jpg,644,Crosswalk
c003,019284.jpg,552,TrafficSign
c001,019285.jpg,489,Crosswalk
c002,019286.jpg,645,RubbishBins
c002,019287.jpg,542,TrafficSign
c001,019288.jpg,551,Crosswalk
c001,019289.jpg,561,TrafficSign
c003,019290.jpg,635,TrafficSign
c001,019291.jpg,671,TrafficSign
c001,019292.jpg,586,TrafficSign
c003,019293.jpg,533,Crosswalk
c003,019294.jpg,508,Container
c002,019295.jpg,604,Container
c002,019296.jpg,569,TrafficSign
c002,019297.jpg,483,TrafficSign
c001,019298.jpg,570,Crosswalk
c001,019299.jpg,634,TrafficSign
c002,019300.jpg,656,RubbishBins
c003,019301.jpg,520,Crosswalk
c002,019302.jpg,613,TrafficSign
c001,019303.jpg,553,TrafficSign
c003,019304.jpg,549,TrafficSign
c003,019305.jpg,496,TrafficSign
c002,019306.jpg,606,Crosswalk
c002,019307.jpg,546,Crosswalk
c003,019308.jpg,510,Container
c002,019309.jpg,488,Crosswalk
c002,019310.jpg,512,Container
c002,019311.jpg,640,TrafficSign
c003,019312.jpg,512,Container
c003,019313.jpg,601,TrafficSign
c003,019314.jpg,508,Container
c003,019315.jpg,514,TrafficSign
c001,019316.jpg,526,Container
c003,019317.jpg,648,TrafficSign
c001,019318.jpg,622,TrafficSign
c001,019319.jpg,508,Container
c003,019320.jpg,613,TrafficSign
c001,019321.jpg,493,TrafficSign
c003,019322.jpg,565,TrafficSign
c002,019323.jpg,531,Container
c002,019324.jpg,668,Crosswalk
c002,019325.jpg,589,TrafficSign
c002,019326.jpg,539,TrafficSign
c001,019327.jpg,652,TrafficSign
c002,019328.jpg,493,TrafficSign
c002,019329.jpg,496,TrafficSign
c002,019330.jpg,512,Container
c003,019331.jpg,518,Crosswalk
c003,019332.jpg,522,Crosswalk
c003,019333.jpg,530,RubbishBins
c001,019334.jpg,516,TrafficSign
c003,019335.jpg,562,TrafficSign
c001,019336.jpg,583,TrafficSign
c001,019337.jpg,677,TrafficSign
c003,019338.jpg,568,TrafficSign
c003,019339.jpg,538,TrafficSign
c002,019340.jpg,499,TrafficSign
c003,019341.jpg,646,TrafficSign
c002,019342.jpg,653,TrafficSign
c003,019343.jpg,492,TrafficSign
c001,019344.jpg,689,TrafficSign
c001,019345.jpg,677,TrafficSign
c002,019346.jpg,644,Crosswalk
c003,019347.jpg,498,TrafficSign
c001,019348.jpg,572,Crosswalk
c001,019349.jpg,586,TrafficSign
c001,019350.jpg,556,TrafficSign
c003,019351.jpg,502,TrafficSign
c003,019352.jpg,509,Container
c003,019353.jpg,591,TrafficSign
c004,019354.jpg,635,TrafficSign
c004,019355.jpg,512,Container
c004,019356.jpg,520,Crosswalk
c004,019357.jpg,492,TrafficSign
c004,019358.jpg,576,TrafficSign
c004,019359.jpg,480,Crosswalk
c004,019360.jpg,592,Container
c004,019361.jpg,549,TrafficSign
c004,019362.jpg,575,Crosswalk
c004,019363.jpg,509,Container
c004,019364.jpg,579,TrafficSign
c004,019365.jpg,625,TrafficSign
c004,019366.jpg,625,TrafficSign
c004,019367.jpg,668,Crosswalk
c004,019368.jpg,663,TrafficSign
c004,019369.jpg,574,TrafficSign
c004,019370.jpg,668,Crosswalk
c004,019371.jpg,494,TrafficSign
c004,019372.jpg,534,TrafficSign
c004,019373.jpg,491,Crosswalk
c004,019374.jpg,655,TrafficSign
c004,019375.jpg,518,Crosswalk
c004,019376.jpg,670,Container
c004,019377.jpg,551,Crosswalk
c004,019378.jpg,551,Crosswalk
c004,019379.jpg,576,TrafficSign
c004,019380.jpg,688,TrafficSign
c004,019381.jpg,569,TrafficSign
c004,019382.jpg,484,TrafficSign
c004,019383.jpg,522,Crosswalk
c004,019384.jpg,545,TrafficSign
c004,019385.jpg,599,Crosswalk
c004,019386.jpg,590,TrafficSign
c004,019387.jpg,493,TrafficSign
c004,019388.jpg,480,Crosswalk
c004,019389.jpg,510,Container
c004,019390.jpg,522,Crosswalk
c004,019391.jpg,508,Container
c004,019392.jpg,679,TrafficSign
c004,019393.jpg,489,Crosswalk
c004,019394.jpg,501,TrafficSign
c004,019395.jpg,543,TrafficSign
c004,019396.jpg,636,TrafficSign
c004,019397.jpg,598,Crosswalk
c004,019398.jpg,671,TrafficSign
c004,019399.jpg,657,TrafficSign
c004,019400.jpg,524,TrafficSign
c004,019401.jpg,635,TrafficSign
c004,019402.jpg,661,TrafficSign
c004,019403.jpg,488,Crosswalk
c004,019404.jpg,508,Container
c004,019405.jpg,657,TrafficSign
c004,019406.jpg,482,TrafficSign
c004,019407.jpg,634,TrafficSign
c004,019408.jpg,569,TrafficSign
c004,019409.jpg,509,Container
c004,019410.jpg,674,TrafficSign
c004,019411.jpg,492,TrafficSign
c004,019412.jpg,668,Crosswalk
c004,019413.jpg,480,Crosswalk
c004,019414.jpg,687,Crosswalk
c004,019415.jpg,600,TrafficSign
c004,019416.jpg,568,TrafficSign
c004,019417.jpg,601,TrafficSign
c004,019418.jpg,508,Container
c004,019419.jpg,656,RubbishBins
c004,019420.jpg,573,TrafficSign
c004,019421.jpg,650,Crosswalk
c004,019422.jpg,526,Container
c004,019423.jpg,634,TrafficSign
c004,019424.jpg,492,TrafficSign
c004,019425.jpg,482,TrafficSign
c004,019426.jpg,486,TrafficSign
c004,019427.jpg,647,TrafficSign
c004,019428.jpg,619,TrafficSign
c004,019429.jpg,501,TrafficSign
c004,019430.jpg,593,TrafficSign
c004,019431.jpg,635,TrafficSign
c004,019432.jpg,558,TrafficSign
c004,019433.jpg,534,TrafficSign
c004,019434.jpg,549,TrafficSign
c004,019435.jpg,648,TrafficSign
c004,019436.jpg,508,Container
c004,019437.jpg,660,TrafficSign
c004,019438.jpg,620,Crosswalk
c004,019439.jpg,529,TrafficSign
c004,019440.jpg,659,TrafficSign
c004,019441.jpg,564,TrafficSign
c004,019442.jpg,559,Container
c004,019443.jpg,510,Container
c004,019444.jpg,481,TrafficSign
c004,019445.jpg,571,TrafficSign
c004,019446.jpg,482,TrafficSign
c004,019447.jpg,550,Container
c004,019448.jpg,494,TrafficSign
c004,019449.jpg,492,TrafficSign
c004,019450.jpg,489,Crosswalk
c004,019451.jpg,663,TrafficSign
c004,019452.jpg,588,Crosswalk
c004,019453.jpg,574,TrafficSign
c004,019454.jpg,593,TrafficSign
c004,019455.jpg,660,TrafficSign
c004,019456.jpg,638,TrafficSign
c004,019457.jpg,588,Crosswalk
c004,019458.jpg,601,TrafficSign
c004,019459.jpg,560,TrafficSign
c004,019460.jpg,576,TrafficSign
c004,019461.jpg,688,TrafficSign
c004,019462.jpg,612,RubbishBins
c004,019463.jpg,624,TrafficSign
c004,019464.jpg,527,TrafficSign
c004,019465.jpg,508,Container
c004,019466.jpg,512,Container
c004,019467.jpg,661,TrafficSign
c004,019468.jpg,588,Crosswalk
c004,019469.jpg,612,RubbishBins
c004,019470.jpg,556,TrafficSign
c004,019471.jpg,586,TrafficSign
c004,019472.jpg,535,TrafficSign
c004,019473.jpg,526,Container
c004,019474.jpg,512,Container
c004,019475.jpg,664,TrafficSign
c004,019476.jpg,526,Container
c004,019477.jpg,568,TrafficSign
c004,019478.jpg,576,TrafficSign
c004,019479.jpg,579,TrafficSign
c004,019480.jpg,600,TrafficSign
c004,019481.jpg,659,TrafficSign
c004,019482.jpg,491,Crosswalk
c004,019483.jpg,661,TrafficSign
c004,019484.jpg,558,TrafficSign
c004,019485.jpg,573,TrafficSign
c004,019486.jpg,652,TrafficSign
c004,019487.jpg,601,TrafficSign
c004,019488.jpg,526,Container
c004,019489.jpg,624,TrafficSign
c004,019490.jpg,657,TrafficSign
c004,019491.jpg,556,TrafficSign
c004,019492.jpg,599,Crosswalk
c004,019493.jpg,508,Container
c004,019494.jpg,525,TrafficSign
c004,019495.jpg,639,TrafficSign
c004,019496.jpg,645,RubbishBins
c004,019497.jpg,630,TrafficSign
c004,019498.jpg,555,TrafficSign
c004,019499.jpg,668,Crosswalk
c004,019500.jpg,646,TrafficSign
c004,019501.jpg,645,RubbishBins
c004,019502.jpg,569,TrafficSign
c004,019503.jpg,626,Crosswalk
c004,019504.jpg,510,Container
c004,019505.jpg,606,Crosswalk
c004,019506.jpg,524,TrafficSign
c004,019507.jpg,669,TrafficSign
c004,019508.jpg,480,Crosswalk
c004,019509.jpg,508,Container
c004,019510.jpg,510,Container
c004,019511.jpg,599,Crosswalk
c004,019512.jpg,612,RubbishBins
c004,019513.jpg,526,Container
c004,019514.jpg,613,TrafficSign
c004,019515.jpg,630,TrafficSign
c004,019516.jpg,564,TrafficSign
c004,019517.jpg,626,Crosswalk
c004,019518.jpg,542,TrafficSign
c004,019519.jpg,516,TrafficSign
c004,019520.jpg,671,TrafficSign
c004,019521.jpg,615,RubbishBins
c004,019522.jpg,596,Crosswalk
c004,019523.jpg,510,Container
c004,019524.jpg,550,Container
c004,019525.jpg,509,Container
c004,019526.jpg,484,TrafficSign
c004,019527.jpg,654,Container
c004,019528.jpg,605,TrafficSign
c004,019529.jpg,489,Crosswalk
c004,019530.jpg,681,RubbishBins
c004,019531.jpg,601,TrafficSign
c004,019532.jpg,558,TrafficSign
c004,019533.jpg,520,Crosswalk
c004,019534.jpg,555,TrafficSign
c004,019535.jpg,631,TrafficSign
c004,019536.jpg,508,Container
c004,019537.jpg,537,TrafficSign
c004,019538.jpg,526,Container
c004,019539.jpg,660,TrafficSign
c004,019540.jpg,501,TrafficSign
c004,019541.jpg,569,TrafficSign
c004,019542.jpg,574,TrafficSign
c004,019543.jpg,501,TrafficSign
c004,019544.jpg,508,Container
c004,019545.jpg,636,TrafficSign
c004,019546.jpg,646,TrafficSign
c004,019547.jpg,612,RubbishBins
c004,019548.jpg,605,TrafficSign
c004,019549.jpg,637,TrafficSign
c004,019550.jpg,576,TrafficSign
c004,019551.jpg,625,TrafficSign
c004,019552.jpg,630,TrafficSign
c004,019553.jpg,558,TrafficSign
c004,019554.jpg,675,TrafficSign
c004,019555.jpg,491,Crosswalk
c004,019556.jpg,535,TrafficSign
c004,019557.jpg,537,TrafficSign
c004,019558.jpg,483,TrafficSign
c004,019559.jpg,659,TrafficSign
c004,019560.jpg,480,Crosswalk
c004,019561.jpg,660,TrafficSign
c004,019562.jpg,668,Crosswalk
c004,019563.jpg,592,Container
c004,019564.jpg,485,TrafficSign
c004,019565.jpg,691,TrafficSign
c004,019566.jpg,510,Container
c004,019567.jpg,499,TrafficSign
c004,019568.jpg,537,TrafficSign
c004,019569.jpg,512,Container
c004,019570.jpg,671,TrafficSign
c004,019571.jpg,588,Crosswalk
c004,019572.jpg,526,Container
c004,019573.jpg,620,Crosswalk
c004,019574.jpg,498,TrafficSign
c004,019575.jpg,484,TrafficSign
c004,019576.jpg,487,TrafficSign
c004,019577.jpg,668,Crosswalk
c004,019578.jpg,642,Container
c004,019579.jpg,608,TrafficSign
c004,019580.jpg,684,TrafficSign
c004,019581.jpg,567,Crosswalk
c004,019582.jpg,609,TrafficSign
c004,019583.jpg,520,Crosswalk
c004,019584.jpg,496,TrafficSign
c004,019585.jpg,579,TrafficSign
c004,019586.jpg,595,Crosswalk
c004,019587.jpg,500,TrafficSign
c004,019588.jpg,549,TrafficSign
c004,019589.jpg,571,TrafficSign
c004,019590.jpg,686,Crosswalk
c004,019591.jpg,688,TrafficSign
c004,019592.jpg,480,Crosswalk
c004,019593.jpg,570,Crosswalk
c004,019594.jpg,594,TrafficSign
c004,019595.jpg,619,TrafficSign
c004,019596.jpg,663,TrafficSign
c004,019597.jpg,569,TrafficSign
c004,019598.jpg,621,TrafficSign
c004,019599.jpg,609,TrafficSign
c004,019600.jpg,480,Crosswalk
c004,019601.jpg,600,TrafficSign
c004,019602.jpg,657,TrafficSign
c004,019603.jpg,663,TrafficSign
c004,019604.jpg,590,TrafficSign
c004,019605.jpg,591,TrafficSign
c004,019606.jpg,545,TrafficSign
c004,019607.jpg,545,TrafficSign
c004,019608.jpg,482,TrafficSign
c004,019609.jpg,541,TrafficSign
c004,019610.jpg,489,Crosswalk
c004,019611.jpg,600,TrafficSign
c004,019612.jpg,499,TrafficSign
c004,019613.jpg,508,Container
c004,019614.jpg,542,TrafficSign
c004,019615.jpg,548,TrafficSign
c004,019616.jpg,646,TrafficSign
c004,019617.jpg,571,TrafficSign
c004,019618.jpg,508,Container
c004,019619.jpg,508,Container
c004,019620.jpg,508,Container
c004,019621.jpg,578,TrafficSign
c004,019622.jpg,487,TrafficSign
c004,019623.jpg,636,TrafficSign
c004,019624.jpg,549,TrafficSign
c004,019625.jpg,648,TrafficSign
c004,019626.jpg,508,Container
c004,019627.jpg,655,TrafficSign
c004,019628.jpg,482,TrafficSign
c004,019629.jpg,538,TrafficSign
c004,019630.jpg,634,TrafficSign
c004,019631.jpg,543,TrafficSign
c004,019632.jpg,596,Crosswalk
c004,019633.jpg,601,TrafficSign
c004,019634.jpg,526,Container
c004,019635.jpg,487,TrafficSign
c004,019636.jpg,508,Container
c004,019637.jpg,526,Container
c004,019638.jpg,613,TrafficSign
c004,019639.jpg,613,TrafficSign
c004,019640.jpg,506,RubbishBins
c004,019641.jpg,686,Crosswalk
c004,019642.jpg,540,TrafficSign
c004,019643.jpg,487,TrafficSign
c004,019644.jpg,510,Container
c004,019645.jpg,686,Crosswalk
c004,019646.jpg,645,RubbishBins
c004,019647.jpg,508,Container
c004,019648.jpg,548,TrafficSign
c004,019649.jpg,594,TrafficSign
c004,019650.jpg,545,TrafficSign
c004,019651.jpg,656,RubbishBins
c004,019652.jpg,602,TrafficSign
c004,019653.jpg,588,Crosswalk
c004,019654.jpg,665,TrafficSign
c004,019655.jpg,593,TrafficSign
c004,019656.jpg,628,TrafficSign
c004,019657.jpg,619,TrafficSign
c004,019658.jpg,632,TrafficSign
c004,019659.jpg,559,Container
c004,019660.jpg,523,TrafficSign
c004,019661.jpg,567,Crosswalk
c004,019662.jpg,483,TrafficSign
c004,019663.jpg,619,TrafficSign
c004,019664.jpg,522,Crosswalk
c004,019665.jpg,541,TrafficSign
c004,019666.jpg,571,TrafficSign
c004,019667.jpg,637,TrafficSign
c004,019668.jpg,647,TrafficSign
c004,019669.jpg,573,TrafficSign
c004,019670.jpg,608,TrafficSign
c004,019671.jpg,488,Crosswalk
c004,019672.jpg,647,TrafficSign
c004,019673.jpg,510,Container
c004,019674.jpg,558,TrafficSign
c004,019675.jpg,659,TrafficSign
c004,019676.jpg,576,TrafficSign
c004,019677.jpg,527,TrafficSign
c004,019678.jpg,509,Container
c004,019679.jpg,586,TrafficSign
c004,019680.jpg,548,TrafficSign
c004,019681.jpg,563,TrafficSign
c004,019682.jpg,506,RubbishBins
c004,019683.jpg,638,TrafficSign
c004,019684.jpg,656,RubbishBins
c004,019685.jpg,480,Crosswalk
c004,019686.jpg,626,Crosswalk
c004,019687.jpg,482,TrafficSign
c004,019688.jpg,605,TrafficSign
c004,019689.jpg,563,TrafficSign
c004,019690.jpg,683,TrafficSign
c004,019691.jpg,589,TrafficSign
c004,019692.jpg,487,TrafficSign
c004,019693.jpg,510,Container
c004,019694.jpg,659,TrafficSign
c004,019695.jpg,508,Container
c004,019696.jpg,524,TrafficSign
c004,019697.jpg,594,TrafficSign
c004,019698.jpg,575,Crosswalk
c004,019699.jpg,564,TrafficSign
c004,019700.jpg,580,Container
c004,019701.jpg,489,Crosswalk
c004,019702.jpg,512,Container
c004,019703.jpg,550,Container
c004,019704.jpg,549,TrafficSign
c004,019705.jpg,513,Crosswalk
c004,019706.jpg,511,TrafficSign
c004,019707.jpg,527,TrafficSign
c004,019708.jpg,491,Crosswalk
c004,019709.jpg,613,TrafficSign
c004,019710.jpg,591,TrafficSign
c004,019711.jpg,508,Container
c004,019712.jpg,508,Container
c004,019713.jpg,549,TrafficSign
c004,019714.jpg,488,Crosswalk
c004,019715.jpg,601,TrafficSign
c004,019716.jpg,522,Crosswalk
c004,019717.jpg,499,TrafficSign
c004,019718.jpg,617,TrafficSign
c004,019719.jpg,617,TrafficSign
c004,019720.jpg,650,Crosswalk
c004,019721.jpg,543,TrafficSign
c004,019722.jpg,574,TrafficSign
c004,019723.jpg,512,Container
c004,019724.jpg,550,Container
c004,019725.jpg,647,TrafficSign
c004,019726.jpg,576,TrafficSign
c004,019727.jpg,549,TrafficSign
c004,019728.jpg,687,Crosswalk
c004,019729.jpg,600,TrafficSign
c004,019730.jpg,568,TrafficSign
c004,019731.jpg,625,TrafficSign
c004,019732.jpg,526,Container
c004,019733.jpg,535,TrafficSign
c004,019734.jpg,551,Crosswalk
c004,019735.jpg,612,RubbishBins
c004,019736.jpg,586,TrafficSign
c004,019737.jpg,508,Container
c004,019738.jpg,620,Crosswalk
c004,019739.jpg,623,TrafficSign
c004,019740.jpg,496,TrafficSign
c004,019741.jpg,613,TrafficSign
c004,019742.jpg,508,Container
c004,019743.jpg,550,Container
c004,019744.jpg,492,TrafficSign
c004,019745.jpg,515,RubbishBins
c004,019746.jpg,639,TrafficSign
c004,019747.jpg,667,TrafficSign
c004,019748.jpg,522,Crosswalk
c004,019749.jpg,567,Crosswalk
c004,019750.jpg,668,Crosswalk
c004,019751.jpg,512,Container
c004,019752.jpg,523,TrafficSign
c004,019753.jpg,486,TrafficSign
c004,019754.jpg,547,TrafficSign
c004,019755.jpg,601,TrafficSign
c004,019756.jpg,558,TrafficSign
c004,019757.jpg,485,TrafficSign
c004,019758.jpg,639,TrafficSign
c004,019759.jpg,482,TrafficSign
c004,019760.jpg,520,Crosswalk
c004,019761.jpg,564,TrafficSign
c004,019762.jpg,555,TrafficSign
c004,019763.jpg,513,Crosswalk
c004,019764.jpg,602,TrafficSign
c004,019765.jpg,656,RubbishBins
c004,019766.jpg,510,Container
c004,019767.jpg,638,TrafficSign
c004,019768.jpg,520,Crosswalk
c004,019769.jpg,526,Container
c004,019770.jpg,573,TrafficSign
c004,019771.jpg,512,Container
c004,019772.jpg,534,TrafficSign
c004,019773.jpg,602,TrafficSign
c004,019774.jpg,594,TrafficSign
c004,019775.jpg,489,Crosswalk
c004,019776.jpg,541,TrafficSign
c004,019777.jpg,508,Container
c004,019778.jpg,634,TrafficSign
c004,019779.jpg,591,TrafficSign
c004,019780.jpg,591,TrafficSign
c004,019781.jpg,508,Container
c004,019782.jpg,673,TrafficSign
c004,019783.jpg,660,TrafficSign
c004,019784.jpg,567,Crosswalk
c004,019785.jpg,510,Container
c004,019786.jpg,510,Container
c004,019787.jpg,679,TrafficSign
c004,019788.jpg,594,TrafficSign
c004,019789.jpg,585,Crosswalk
c004,019790.jpg,510,Container
c004,019791.jpg,518,Crosswalk
c004,019792.jpg,512,Container
c004,019793.jpg,664,TrafficSign
c004,019794.jpg,590,TrafficSign
c004,019795.jpg,580,Container
c004,019796.jpg,578,TrafficSign
c004,019797.jpg,672,Container
c004,019798.jpg,512,Container
c004,019799.jpg,619,TrafficSign
c004,019800.jpg,512,Container
c004,019801.jpg,646,TrafficSign
c004,019802.jpg,575,Crosswalk
c004,019803.jpg,645,RubbishBins
c004,019804.jpg,629,TrafficSign
c004,019805.jpg,516,TrafficSign
c004,019806.jpg,512,Container
c004,019807.jpg,516,TrafficSign
c004,019808.jpg,678,TrafficSign
c004,019809.jpg,588,Crosswalk
c004,019810.jpg,485,TrafficSign
c004,019811.jpg,642,Container
c004,019812.jpg,668,Crosswalk
c004,019813.jpg,483,TrafficSign
c004,019814.jpg,621,TrafficSign
c004,019815.jpg,515,RubbishBins
c004,019816.jpg,684,TrafficSign
c004,019817.jpg,657,TrafficSign
c004,019818.jpg,605,TrafficSign
c004,019819.jpg,520,Crosswalk
c004,019820.jpg,490,TrafficSign
c004,019821.jpg,587,TrafficSign
c004,019822.jpg,543,TrafficSign
c004,019823.jpg,569,TrafficSign
c004,019824.jpg,509,Container
c004,019825.jpg,512,Container
c004,019826.jpg,601,TrafficSign
c004,019827.jpg,659,TrafficSign
c004,019828.jpg,498,TrafficSign
c004,019829.jpg,508,Container
c004,019830.jpg,669,TrafficSign
c004,019831.jpg,631,TrafficSign
c004,019832.jpg,661,TrafficSign
c004,019833.jpg,657,TrafficSign
c004,019834.jpg,630,TrafficSign
c004,019835.jpg,486,TrafficSign
c004,019836.jpg,516,TrafficSign
c004,019837.jpg,540,TrafficSign
c004,019838.jpg,545,TrafficSign
c004,019839.jpg,599,Crosswalk
c004,019840.jpg,508,Container
c004,019841.jpg,667,TrafficSign
c004,019842.jpg,573,TrafficSign
c004,019843.jpg,687,Crosswalk
c004,019844.jpg,508,Container
c004,019845.jpg,509,Container
c004,019846.jpg,534,TrafficSign
c004,019847.jpg,481,TrafficSign
c004,019848.jpg,564,TrafficSign
c004,019849.jpg,508,Container
c004,019850.jpg,480,Crosswalk
c004,019851.jpg,625,TrafficSign
c004,019852.jpg,550,Container
c004,019853.jpg,637,TrafficSign
c004,019854.jpg,571,TrafficSign
c004,019855.jpg,520,Crosswalk
c004,019856.jpg,552,TrafficSign
c004,019857.jpg,508,Container
c004,019858.jpg,486,TrafficSign
c004,019859.jpg,660,TrafficSign
c004,019860.jpg,594,TrafficSign
c004,019861.jpg,561,TrafficSign
c004,019862.jpg,630,TrafficSign
c004,019863.jpg,509,Container
c004,019864.jpg,612,RubbishBins
c004,019865.jpg,559,Container
c004,019866.jpg,609,TrafficSign
c004,019867.jpg,543,TrafficSign
c004,019868.jpg,616,Container
c004,019869.jpg,606,Crosswalk
c004,019870.jpg,581,TrafficSign
