cameraID,imageName,Corresponding Indexes
c001,urban/000001.jpg,680
c001,urban/000002.jpg,164
c001,urban/000003.jpg,218
c001,urban/000004.jpg,160
c001,urban/000005.jpg,684
c003,urban/000006.jpg,1036
c003,urban/000007.jpg,659
c002,urban/000008.jpg,569
c001,urban/000009.jpg,1055
c003,urban/000010.jpg,334
c001,urban/000011.jpg,934
c003,urban/000012.jpg,195
c002,urban/000013.jpg,548
c001,urban/000014.jpg,390
c003,urban/000015.jpg,381
c003,urban/000016.jpg,847
c002,urban/000017.jpg,987
c001,urban/000018.jpg,165
c003,urban/000019.jpg,988
c003,urban/000020.jpg,585
c003,urban/000021.jpg,828
c002,urban/000022.jpg,292
c001,urban/000023.jpg,431
c003,urban/000024.jpg,318
c002,urban/000025.jpg,74
c003,urban/000026.jpg,526
c003,urban/000027.jpg,767
c001,urban/000028.jpg,641
c003,urban/000029.jpg,416
c002,urban/000030.jpg,212
c001,urban/000031.jpg,562
c001,urban/000032.jpg,890
c003,urban/000033.jpg,590
c002,urban/000034.jpg,44
c001,urban/000035.jpg,74
c001,urban/000036.jpg,118
c002,urban/000037.jpg,889
c002,urban/000038.jpg,590
c002,urban/000039.jpg,825
c001,urban/000040.jpg,255
c001,urban/000041.jpg,92
c003,urban/000042.jpg,343
c001,urban/000043.jpg,288
c001,urban/000044.jpg,424
c002,urban/000045.jpg,1090
c003,urban/000046.jpg,63
c003,urban/000047.jpg,810
c003,urban/000048.jpg,761
c001,urban/000049.jpg,272
c001,urban/000050.jpg,75
c002,urban/000051.jpg,307
c002,urban/000052.jpg,735
c003,urban/000053.jpg,955
c003,urban/000054.jpg,77
c001,urban/000055.jpg,207
c001,urban/000056.jpg,816
c003,urban/000057.jpg,386
c002,urban/000058.jpg,740
c003,urban/000059.jpg,220
c001,urban/000060.jpg,34
c003,urban/000061.jpg,127
c001,urban/000062.jpg,586
c001,urban/000063.jpg,730
c003,urban/000064.jpg,125
c001,urban/000065.jpg,65
c003,urban/000066.jpg,642
c002,urban/000067.jpg,1046
c001,urban/000068.jpg,800
c002,urban/000069.jpg,770
c003,urban/000070.jpg,532
c003,urban/000071.jpg,18
c003,urban/000072.jpg,166
c001,urban/000073.jpg,937
c002,urban/000074.jpg,900
c001,urban/000075.jpg,478
c001,urban/000076.jpg,881
c001,urban/000077.jpg,55
c001,urban/000078.jpg,56
c001,urban/000079.jpg,685
c002,urban/000080.jpg,1
c001,urban/000081.jpg,365
c003,urban/000082.jpg,1015
c002,urban/000083.jpg,654
c003,urban/000084.jpg,100
c001,urban/000085.jpg,1088
c001,urban/000086.jpg,550
c003,urban/000087.jpg,631
c002,urban/000088.jpg,325
c001,urban/000089.jpg,943
c001,urban/000090.jpg,683
c003,urban/000091.jpg,1027
c001,urban/000092.jpg,347
c001,urban/000093.jpg,123
c002,urban/000094.jpg,107
c002,urban/000095.jpg,622
c001,urban/000096.jpg,965
c001,urban/000097.jpg,911
c002,urban/000098.jpg,433
c001,urban/000099.jpg,51
c003,urban/000100.jpg,906
c001,urban/000101.jpg,557
c002,urban/000102.jpg,38
c002,urban/000103.jpg,923
c001,urban/000104.jpg,440
c001,urban/000105.jpg,500
c003,urban/000106.jpg,785
c001,urban/000107.jpg,334
c001,urban/000108.jpg,984
c001,urban/000109.jpg,673
c003,urban/000110.jpg,478
c001,urban/000111.jpg,419
c001,urban/000112.jpg,852
c001,urban/000113.jpg,119
c002,urban/000114.jpg,671
c001,urban/000115.jpg,88
c003,urban/000116.jpg,1016
c002,urban/000117.jpg,342
c003,urban/000118.jpg,301
c002,urban/000119.jpg,735
c003,urban/000120.jpg,727
c001,urban/000121.jpg,541
c003,urban/000122.jpg,742
c003,urban/000123.jpg,217
c002,urban/000124.jpg,561
c001,urban/000125.jpg,1024
c003,urban/000126.jpg,43
c002,urban/000127.jpg,628
c002,urban/000128.jpg,384
c003,urban/000129.jpg,382
c001,urban/000130.jpg,2
c001,urban/000131.jpg,487
c002,urban/000132.jpg,398
c003,urban/000133.jpg,203
c002,urban/000134.jpg,90
c003,urban/000135.jpg,938
c001,urban/000136.jpg,442
c002,urban/000137.jpg,125
c002,urban/000138.jpg,715
c001,urban/000139.jpg,819
c001,urban/000140.jpg,523
c003,urban/000141.jpg,485
c002,urban/000142.jpg,618
c001,urban/000143.jpg,841
c001,urban/000144.jpg,719
c002,urban/000145.jpg,648
c001,urban/000146.jpg,105
c001,urban/000147.jpg,529
c002,urban/000148.jpg,564
c003,urban/000149.jpg,1082
c001,urban/000150.jpg,921
c001,urban/000151.jpg,507
c002,urban/000152.jpg,825
c003,urban/000153.jpg,992
c002,urban/000154.jpg,96
c002,urban/000155.jpg,134
c002,urban/000156.jpg,267
c002,urban/000157.jpg,365
c002,urban/000158.jpg,526
c002,urban/000159.jpg,253
c001,urban/000160.jpg,689
c003,urban/000161.jpg,81
c002,urban/000162.jpg,389
c003,urban/000163.jpg,469
c001,urban/000164.jpg,27
c002,urban/000165.jpg,281
c003,urban/000166.jpg,699
c003,urban/000167.jpg,140
c003,urban/000168.jpg,521
c003,urban/000169.jpg,326
c003,urban/000170.jpg,234
c003,urban/000171.jpg,290
c002,urban/000172.jpg,968
c001,urban/000173.jpg,343
c001,urban/000174.jpg,34
c002,urban/000175.jpg,999
c002,urban/000176.jpg,199
c003,urban/000177.jpg,684
c003,urban/000178.jpg,493
c001,urban/000179.jpg,588
c001,urban/000180.jpg,378
c001,urban/000181.jpg,957
c001,urban/000182.jpg,640
c003,urban/000183.jpg,333
c001,urban/000184.jpg,286
c003,urban/000185.jpg,956
c001,urban/000186.jpg,34
c001,urban/000187.jpg,70
c003,urban/000188.jpg,186
c003,urban/000189.jpg,730
c003,urban/000190.jpg,240
c002,urban/000191.jpg,387
c001,urban/000192.jpg,422
c003,urban/000193.jpg,243
c003,urban/000194.jpg,789
c003,urban/000195.jpg,906
c001,urban/000196.jpg,923
c003,urban/000197.jpg,1015
c003,urban/000198.jpg,847
c003,urban/000199.jpg,309
c002,urban/000200.jpg,284
c001,urban/000201.jpg,812
c002,urban/000202.jpg,740
c001,urban/000203.jpg,703
c001,urban/000204.jpg,1035
c002,urban/000205.jpg,38
c002,urban/000206.jpg,731
c002,urban/000207.jpg,15
c003,urban/000208.jpg,557
c003,urban/000209.jpg,507
c003,urban/000210.jpg,869
c002,urban/000211.jpg,521
c001,urban/000212.jpg,552
c001,urban/000213.jpg,884
c001,urban/000214.jpg,1036
c002,urban/000215.jpg,771
c001,urban/000216.jpg,304
c001,urban/000217.jpg,689
c003,urban/000218.jpg,26
c003,urban/000219.jpg,946
c003,urban/000220.jpg,604
c003,urban/000221.jpg,731
c003,urban/000222.jpg,366
c001,urban/000223.jpg,712
c003,urban/000224.jpg,1061
c002,urban/000225.jpg,880
c002,urban/000226.jpg,834
c003,urban/000227.jpg,698
c001,urban/000228.jpg,786
c002,urban/000229.jpg,211
c001,urban/000230.jpg,778
c003,urban/000231.jpg,443
c002,urban/000232.jpg,85
c002,urban/000233.jpg,124
c002,urban/000234.jpg,910
c002,urban/000235.jpg,961
c003,urban/000236.jpg,138
c003,urban/000237.jpg,717
c003,urban/000238.jpg,977
c003,urban/000239.jpg,932
c003,urban/000240.jpg,213
c002,urban/000241.jpg,613
c003,urban/000242.jpg,208
c001,urban/000243.jpg,858
c003,urban/000244.jpg,78
c001,urban/000245.jpg,251
c003,urban/000246.jpg,371
c003,urban/000247.jpg,364
c002,urban/000248.jpg,1
c001,urban/000249.jpg,454
c001,urban/000250.jpg,152
c003,urban/000251.jpg,34
c002,urban/000252.jpg,431
c003,urban/000253.jpg,472
c001,urban/000254.jpg,184
c002,urban/000255.jpg,989
c003,urban/000256.jpg,1073
c001,urban/000257.jpg,23
c002,urban/000258.jpg,1090
c002,urban/000259.jpg,579
c001,urban/000260.jpg,562
c002,urban/000261.jpg,889
c003,urban/000262.jpg,220
c001,urban/000263.jpg,761
c001,urban/000264.jpg,642
c001,urban/000265.jpg,812
c003,urban/000266.jpg,655
c001,urban/000267.jpg,869
c001,urban/000268.jpg,577
c003,urban/000269.jpg,129
c003,urban/000270.jpg,97
c001,urban/000271.jpg,386
c003,urban/000272.jpg,589
c003,urban/000273.jpg,988
c002,urban/000274.jpg,804
c003,urban/000275.jpg,307
c003,urban/000276.jpg,853
c001,urban/000277.jpg,864
c003,urban/000278.jpg,841
c002,urban/000279.jpg,236
c001,urban/000280.jpg,226
c002,urban/000281.jpg,194
c001,urban/000282.jpg,861
c001,urban/000283.jpg,161
c001,urban/000284.jpg,654
c002,urban/000285.jpg,1059
c001,urban/000286.jpg,511
c003,urban/000287.jpg,725
c001,urban/000288.jpg,118
c002,urban/000289.jpg,67
c002,urban/000290.jpg,315
c001,urban/000291.jpg,433
c002,urban/000292.jpg,756
c002,urban/000293.jpg,425
c001,urban/000294.jpg,318
c003,urban/000295.jpg,160
c002,urban/000296.jpg,931
c001,urban/000297.jpg,208
c001,urban/000298.jpg,384
c003,urban/000299.jpg,696
c002,urban/000300.jpg,980
c001,urban/000301.jpg,86
c002,urban/000302.jpg,1090
c001,urban/000303.jpg,204
c003,urban/000304.jpg,849
c001,urban/000305.jpg,730
c001,urban/000306.jpg,1049
c002,urban/000307.jpg,542
c002,urban/000308.jpg,290
c002,urban/000309.jpg,877
c003,urban/000310.jpg,181
c001,urban/000311.jpg,650
c002,urban/000312.jpg,572
c001,urban/000313.jpg,847
c002,urban/000314.jpg,302
c001,urban/000315.jpg,549
c001,urban/000316.jpg,849
c001,urban/000317.jpg,678
c002,urban/000318.jpg,386
c002,urban/000319.jpg,636
c001,urban/000320.jpg,1081
c003,urban/000321.jpg,712
c001,urban/000322.jpg,754
c002,urban/000323.jpg,125
c002,urban/000324.jpg,986
c001,urban/000325.jpg,60
c002,urban/000326.jpg,1048
c002,urban/000327.jpg,963
c002,urban/000328.jpg,62
c003,urban/000329.jpg,827
c002,urban/000330.jpg,675
c003,urban/000331.jpg,82
c003,urban/000332.jpg,85
c002,urban/000333.jpg,691
c001,urban/000334.jpg,1055
c003,urban/000335.jpg,171
c001,urban/000336.jpg,653
c001,urban/000337.jpg,928
c003,urban/000338.jpg,600
c001,urban/000339.jpg,729
c003,urban/000340.jpg,587
c002,urban/000341.jpg,132
c001,urban/000342.jpg,756
c002,urban/000343.jpg,580
c001,urban/000344.jpg,1051
c003,urban/000345.jpg,936
c001,urban/000346.jpg,11
c003,urban/000347.jpg,1078
c001,urban/000348.jpg,659
c001,urban/000349.jpg,576
c003,urban/000350.jpg,270
c003,urban/000351.jpg,977
c003,urban/000352.jpg,78
c003,urban/000353.jpg,51
c003,urban/000354.jpg,1090
c001,urban/000355.jpg,547
c002,urban/000356.jpg,747
c003,urban/000357.jpg,235
c001,urban/000358.jpg,23
c003,urban/000359.jpg,427
c003,urban/000360.jpg,564
c002,urban/000361.jpg,146
c001,urban/000362.jpg,948
c001,urban/000363.jpg,375
c002,urban/000364.jpg,970
c003,urban/000365.jpg,851
c002,urban/000366.jpg,834
c003,urban/000367.jpg,586
c001,urban/000368.jpg,301
c003,urban/000369.jpg,943
c003,urban/000370.jpg,566
c002,urban/000371.jpg,253
c002,urban/000372.jpg,386
c002,urban/000373.jpg,428
c002,urban/000374.jpg,177
c003,urban/000375.jpg,1054
c001,urban/000376.jpg,934
c001,urban/000377.jpg,504
c002,urban/000378.jpg,135
c001,urban/000379.jpg,851
c001,urban/000380.jpg,312
c002,urban/000381.jpg,928
c002,urban/000382.jpg,600
c001,urban/000383.jpg,430
c003,urban/000384.jpg,844
c001,urban/000385.jpg,1073
c003,urban/000386.jpg,118
c002,urban/000387.jpg,1030
c002,urban/000388.jpg,434
c002,urban/000389.jpg,116
c001,urban/000390.jpg,797
c001,urban/000391.jpg,292
c002,urban/000392.jpg,553
c002,urban/000393.jpg,776
c003,urban/000394.jpg,664
c003,urban/000395.jpg,272
c002,urban/000396.jpg,749
c001,urban/000397.jpg,680
c002,urban/000398.jpg,322
c001,urban/000399.jpg,680
c002,urban/000400.jpg,672
c002,urban/000401.jpg,284
c003,urban/000402.jpg,892
c001,urban/000403.jpg,16
c003,urban/000404.jpg,457
c002,urban/000405.jpg,702
c003,urban/000406.jpg,1014
c003,urban/000407.jpg,1052
c001,urban/000408.jpg,996
c001,urban/000409.jpg,662
c001,urban/000410.jpg,14
c002,urban/000411.jpg,382
c003,urban/000412.jpg,949
c001,urban/000413.jpg,1068
c003,urban/000414.jpg,1087
c002,urban/000415.jpg,946
c003,urban/000416.jpg,291
c002,urban/000417.jpg,650
c001,urban/000418.jpg,676
c002,urban/000419.jpg,962
c003,urban/000420.jpg,102
c001,urban/000421.jpg,261
c003,urban/000422.jpg,610
c002,urban/000423.jpg,573
c003,urban/000424.jpg,86
c001,urban/000425.jpg,631
c002,urban/000426.jpg,91
c002,urban/000427.jpg,1006
c003,urban/000428.jpg,551
c001,urban/000429.jpg,501
c003,urban/000430.jpg,326
c002,urban/000431.jpg,667
c003,urban/000432.jpg,871
c001,urban/000433.jpg,1034
c001,urban/000434.jpg,230
c002,urban/000435.jpg,549
c001,urban/000436.jpg,718
c003,urban/000437.jpg,1047
c002,urban/000438.jpg,925
c003,urban/000439.jpg,957
c003,urban/000440.jpg,1044
c003,urban/000441.jpg,573
c003,urban/000442.jpg,947
c001,urban/000443.jpg,949
c003,urban/000444.jpg,353
c001,urban/000445.jpg,859
c003,urban/000446.jpg,535
c001,urban/000447.jpg,312
c003,urban/000448.jpg,234
c001,urban/000449.jpg,80
c003,urban/000450.jpg,651
c001,urban/000451.jpg,745
c002,urban/000452.jpg,301
c002,urban/000453.jpg,723
c003,urban/000454.jpg,599
c002,urban/000455.jpg,529
c001,urban/000456.jpg,839
c003,urban/000457.jpg,859
c003,urban/000458.jpg,844
c002,urban/000459.jpg,890
c002,urban/000460.jpg,673
c002,urban/000461.jpg,158
c001,urban/000462.jpg,257
c002,urban/000463.jpg,702
c003,urban/000464.jpg,692
c003,urban/000465.jpg,729
c001,urban/000466.jpg,967
c002,urban/000467.jpg,604
c003,urban/000468.jpg,704
c001,urban/000469.jpg,844
c002,urban/000470.jpg,255
c002,urban/000471.jpg,1078
c003,urban/000472.jpg,373
c003,urban/000473.jpg,920
c001,urban/000474.jpg,699
c003,urban/000475.jpg,847
c002,urban/000476.jpg,970
c002,urban/000477.jpg,541
c001,urban/000478.jpg,234
c003,urban/000479.jpg,925
c002,urban/000480.jpg,1066
c002,urban/000481.jpg,492
c002,urban/000482.jpg,536
c003,urban/000483.jpg,508
c003,urban/000484.jpg,701
c001,urban/000485.jpg,285
c002,urban/000486.jpg,302
c001,urban/000487.jpg,124
c002,urban/000488.jpg,793
c003,urban/000489.jpg,664
c002,urban/000490.jpg,575
c003,urban/000491.jpg,613
c001,urban/000492.jpg,526
c001,urban/000493.jpg,533
c003,urban/000494.jpg,689
c001,urban/000495.jpg,541
c002,urban/000496.jpg,464
c002,urban/000497.jpg,591
c002,urban/000498.jpg,39
c003,urban/000499.jpg,742
c001,urban/000500.jpg,627
c001,urban/000501.jpg,436
c002,urban/000502.jpg,900
c003,urban/000503.jpg,860
c003,urban/000504.jpg,238
c003,urban/000505.jpg,812
c002,urban/000506.jpg,129
c002,urban/000507.jpg,977
c002,urban/000508.jpg,551
c002,urban/000509.jpg,1054
c003,urban/000510.jpg,172
c003,urban/000511.jpg,934
c001,urban/000512.jpg,645
c003,urban/000513.jpg,470
c001,urban/000514.jpg,975
c002,urban/000515.jpg,195
c002,urban/000516.jpg,745
c002,urban/000517.jpg,440
c002,urban/000518.jpg,457
c003,urban/000519.jpg,918
c001,urban/000520.jpg,111
c003,urban/000521.jpg,1087
c003,urban/000522.jpg,311
c002,urban/000523.jpg,38
c002,urban/000524.jpg,576
c002,urban/000525.jpg,422
c001,urban/000526.jpg,902
c001,urban/000527.jpg,428
c003,urban/000528.jpg,651
c002,urban/000529.jpg,25
c003,urban/000530.jpg,272
c002,urban/000531.jpg,829
c001,urban/000532.jpg,573
c003,urban/000533.jpg,56
c003,urban/000534.jpg,1048
c003,urban/000535.jpg,1065
c003,urban/000536.jpg,518
c001,urban/000537.jpg,649
c001,urban/000538.jpg,853
c001,urban/000539.jpg,934
c001,urban/000540.jpg,828
c003,urban/000541.jpg,439
c001,urban/000542.jpg,270
c003,urban/000543.jpg,775
c001,urban/000544.jpg,382
c003,urban/000545.jpg,797
c003,urban/000546.jpg,38
c003,urban/000547.jpg,1083
c003,urban/000548.jpg,611
c003,urban/000549.jpg,667
c001,urban/000550.jpg,1027
c001,urban/000551.jpg,199
c002,urban/000552.jpg,470
c002,urban/000553.jpg,119
c001,urban/000554.jpg,296
c002,urban/000555.jpg,938
c003,urban/000556.jpg,1081
c002,urban/000557.jpg,709
c002,urban/000558.jpg,896
c001,urban/000559.jpg,73
c001,urban/000560.jpg,13
c003,urban/000561.jpg,318
c001,urban/000562.jpg,505
c003,urban/000563.jpg,948
c001,urban/000564.jpg,1041
c003,urban/000565.jpg,216
c001,urban/000566.jpg,77
c003,urban/000567.jpg,454
c003,urban/000568.jpg,77
c003,urban/000569.jpg,591
c002,urban/000570.jpg,542
c003,urban/000571.jpg,577
c001,urban/000572.jpg,932
c002,urban/000573.jpg,746
c003,urban/000574.jpg,428
c003,urban/000575.jpg,1021
c001,urban/000576.jpg,277
c002,urban/000577.jpg,501
c001,urban/000578.jpg,572
c003,urban/000579.jpg,398
c002,urban/000580.jpg,618
c003,urban/000581.jpg,757
c001,urban/000582.jpg,446
c001,urban/000583.jpg,941
c001,urban/000584.jpg,903
c002,urban/000585.jpg,710
c001,urban/000586.jpg,235
c002,urban/000587.jpg,234
c001,urban/000588.jpg,626
c003,urban/000589.jpg,1084
c002,urban/000590.jpg,957
c002,urban/000591.jpg,819
c003,urban/000592.jpg,881
c003,urban/000593.jpg,279
c002,urban/000594.jpg,349
c001,urban/000595.jpg,561
c001,urban/000596.jpg,507
c001,urban/000597.jpg,744
c001,urban/000598.jpg,487
c002,urban/000599.jpg,1031
c003,urban/000600.jpg,318
c002,urban/000601.jpg,127
c002,urban/000602.jpg,851
c002,urban/000603.jpg,439
c001,urban/000604.jpg,284
c003,urban/000605.jpg,482
c003,urban/000606.jpg,136
c002,urban/000607.jpg,648
c002,urban/000608.jpg,1022
c001,urban/000609.jpg,831
c001,urban/000610.jpg,860
c003,urban/000611.jpg,501
c002,urban/000612.jpg,702
c003,urban/000613.jpg,751
c002,urban/000614.jpg,761
c002,urban/000615.jpg,250
c002,urban/000616.jpg,684
c003,urban/000617.jpg,991
c001,urban/000618.jpg,975
c002,urban/000619.jpg,538
c001,urban/000620.jpg,121
c001,urban/000621.jpg,552
c003,urban/000622.jpg,1066
c002,urban/000623.jpg,876
c003,urban/000624.jpg,1042
c002,urban/000625.jpg,911
c003,urban/000626.jpg,429
c002,urban/000627.jpg,960
c003,urban/000628.jpg,812
c002,urban/000629.jpg,498
c002,urban/000630.jpg,472
c001,urban/000631.jpg,1005
c002,urban/000632.jpg,442
c003,urban/000633.jpg,455
c002,urban/000634.jpg,947
c002,urban/000635.jpg,535
c002,urban/000636.jpg,189
c002,urban/000637.jpg,719
c002,urban/000638.jpg,662
c002,urban/000639.jpg,554
c003,urban/000640.jpg,420
c003,urban/000641.jpg,651
c002,urban/000642.jpg,223
c003,urban/000643.jpg,1086
c002,urban/000644.jpg,587
c002,urban/000645.jpg,233
c003,urban/000646.jpg,817
c003,urban/000647.jpg,431
c001,urban/000648.jpg,319
c001,urban/000649.jpg,715
c002,urban/000650.jpg,561
c003,urban/000651.jpg,842
c002,urban/000652.jpg,589
c002,urban/000653.jpg,169
c003,urban/000654.jpg,849
c002,urban/000655.jpg,743
c002,urban/000656.jpg,260
c002,urban/000657.jpg,773
c003,urban/000658.jpg,383
c003,urban/000659.jpg,1029
c003,urban/000660.jpg,500
c003,urban/000661.jpg,1090
c001,urban/000662.jpg,1076
c003,urban/000663.jpg,398
c001,urban/000664.jpg,847
c001,urban/000665.jpg,529
c003,urban/000666.jpg,1090
c002,urban/000667.jpg,706
c001,urban/000668.jpg,1029
c003,urban/000669.jpg,1028
c003,urban/000670.jpg,942
c001,urban/000671.jpg,1026
c002,urban/000672.jpg,114
c002,urban/000673.jpg,876
c001,urban/000674.jpg,266
c002,urban/000675.jpg,1041
c003,urban/000676.jpg,488
c002,urban/000677.jpg,761
c003,urban/000678.jpg,209
c002,urban/000679.jpg,400
c003,urban/000680.jpg,328
c003,urban/000681.jpg,1065
c003,urban/000682.jpg,37
c002,urban/000683.jpg,354
c001,urban/000684.jpg,565
c002,urban/000685.jpg,276
c001,urban/000686.jpg,551
c002,urban/000687.jpg,525
c001,urban/000688.jpg,346
c001,urban/000689.jpg,185
c003,urban/000690.jpg,573
c001,urban/000691.jpg,386
c001,urban/000692.jpg,678
c001,urban/000693.jpg,111
c003,urban/000694.jpg,436
c002,urban/000695.jpg,660
c001,urban/000696.jpg,808
c001,urban/000697.jpg,463
c002,urban/000698.jpg,434
c003,urban/000699.jpg,584
c002,urban/000700.jpg,838
c001,urban/000701.jpg,871
c002,urban/000702.jpg,171
c001,urban/000703.jpg,717
c003,urban/000704.jpg,286
c001,urban/000705.jpg,938
c003,urban/000706.jpg,891
c001,urban/000707.jpg,1044
c002,urban/000708.jpg,365
c003,urban/000709.jpg,891
c003,urban/000710.jpg,131
c003,urban/000711.jpg,778
c003,urban/000712.jpg,1090
c001,urban/000713.jpg,929
c002,urban/000714.jpg,911
c002,urban/000715.jpg,500
c001,urban/000716.jpg,497
c001,urban/000717.jpg,891
c003,urban/000718.jpg,825
c001,urban/000719.jpg,701
c002,urban/000720.jpg,289
c003,urban/000721.jpg,746
c003,urban/000722.jpg,587
c003,urban/000723.jpg,773
c003,urban/000724.jpg,1005
c003,urban/000725.jpg,335
c001,urban/000726.jpg,656
c001,urban/000727.jpg,60
c002,urban/000728.jpg,942
c001,urban/000729.jpg,987
c003,urban/000730.jpg,726
c003,urban/000731.jpg,672
c002,urban/000732.jpg,790
c003,urban/000733.jpg,884
c003,urban/000734.jpg,385
c001,urban/000735.jpg,521
c002,urban/000736.jpg,841
c001,urban/000737.jpg,156
c001,urban/000738.jpg,32
c002,urban/000739.jpg,271
c002,urban/000740.jpg,146
c003,urban/000741.jpg,718
c001,urban/000742.jpg,774
c002,urban/000743.jpg,1068
c003,urban/000744.jpg,661
c001,urban/000745.jpg,618
c003,urban/000746.jpg,1030
c001,urban/000747.jpg,565
c002,urban/000748.jpg,849
c003,urban/000749.jpg,662
c002,urban/000750.jpg,542
c003,urban/000751.jpg,327
c002,urban/000752.jpg,822
c003,urban/000753.jpg,268
c001,urban/000754.jpg,421
c001,urban/000755.jpg,525
c002,urban/000756.jpg,77
c002,urban/000757.jpg,254
c002,urban/000758.jpg,297
c001,urban/000759.jpg,479
c002,urban/000760.jpg,230
c003,urban/000761.jpg,635
c003,urban/000762.jpg,134
c003,urban/000763.jpg,56
c002,urban/000764.jpg,464
c003,urban/000765.jpg,108
c001,urban/000766.jpg,1015
c003,urban/000767.jpg,869
c003,urban/000768.jpg,691
c003,urban/000769.jpg,524
c002,urban/000770.jpg,1073
c002,urban/000771.jpg,638
c002,urban/000772.jpg,568
c001,urban/000773.jpg,1062
c001,urban/000774.jpg,292
c002,urban/000775.jpg,395
c001,urban/000776.jpg,1050
c002,urban/000777.jpg,1032
c002,urban/000778.jpg,459
c002,urban/000779.jpg,76
c001,urban/000780.jpg,134
c001,urban/000781.jpg,880
c003,urban/000782.jpg,891
c003,urban/000783.jpg,487
c003,urban/000784.jpg,356
c001,urban/000785.jpg,1082
c003,urban/000786.jpg,731
c003,urban/000787.jpg,5
c001,urban/000788.jpg,624
c001,urban/000789.jpg,1070
c003,urban/000790.jpg,367
c002,urban/000791.jpg,870
c002,urban/000792.jpg,787
c002,urban/000793.jpg,34
c001,urban/000794.jpg,570
c003,urban/000795.jpg,588
c002,urban/000796.jpg,52
c002,urban/000797.jpg,623
c002,urban/000798.jpg,41
c001,urban/000799.jpg,13
c003,urban/000800.jpg,42
c003,urban/000801.jpg,774
c001,urban/000802.jpg,188
c002,urban/000803.jpg,570
c003,urban/000804.jpg,60
c002,urban/000805.jpg,171
c001,urban/000806.jpg,887
c003,urban/000807.jpg,814
c003,urban/000808.jpg,735
c003,urban/000809.jpg,465
c002,urban/000810.jpg,629
c003,urban/000811.jpg,1077
c003,urban/000812.jpg,315
c001,urban/000813.jpg,279
c001,urban/000814.jpg,203
c001,urban/000815.jpg,55
c001,urban/000816.jpg,12
c001,urban/000817.jpg,1002
c001,urban/000818.jpg,923
c001,urban/000819.jpg,738
c003,urban/000820.jpg,284
c003,urban/000821.jpg,522
c003,urban/000822.jpg,650
c003,urban/000823.jpg,932
c003,urban/000824.jpg,654
c003,urban/000825.jpg,491
c003,urban/000826.jpg,50
c002,urban/000827.jpg,841
c001,urban/000828.jpg,706
c003,urban/000829.jpg,1031
c002,urban/000830.jpg,544
c002,urban/000831.jpg,46
c002,urban/000832.jpg,266
c003,urban/000833.jpg,803
c002,urban/000834.jpg,363
c002,urban/000835.jpg,797
c003,urban/000836.jpg,455
c002,urban/000837.jpg,554
c001,urban/000838.jpg,291
c003,urban/000839.jpg,813
c002,urban/000840.jpg,920
c002,urban/000841.jpg,661
c001,urban/000842.jpg,38
c001,urban/000843.jpg,696
c003,urban/000844.jpg,135
c001,urban/000845.jpg,1003
c001,urban/000846.jpg,842
c003,urban/000847.jpg,208
c003,urban/000848.jpg,296
c002,urban/000849.jpg,558
c002,urban/000850.jpg,375
c003,urban/000851.jpg,540
c001,urban/000852.jpg,785
c002,urban/000853.jpg,890
c003,urban/000854.jpg,725
c001,urban/000855.jpg,881
c001,urban/000856.jpg,277
c003,urban/000857.jpg,869
c003,urban/000858.jpg,35
c003,urban/000859.jpg,264
c001,urban/000860.jpg,81
c001,urban/000861.jpg,1005
c001,urban/000862.jpg,866
c002,urban/000863.jpg,1057
c003,urban/000864.jpg,216
c001,urban/000865.jpg,886
c003,urban/000866.jpg,605
c003,urban/000867.jpg,86
c002,urban/000868.jpg,1040
c002,urban/000869.jpg,1090
c002,urban/000870.jpg,855
c002,urban/000871.jpg,960
c003,urban/000872.jpg,472
c002,urban/000873.jpg,1006
c003,urban/000874.jpg,392
c002,urban/000875.jpg,508
c003,urban/000876.jpg,397
c003,urban/000877.jpg,601
c001,urban/000878.jpg,1066
c001,urban/000879.jpg,291
c001,urban/000880.jpg,1044
c002,urban/000881.jpg,1051
c002,urban/000882.jpg,431
c003,urban/000883.jpg,147
c002,urban/000884.jpg,301
c002,urban/000885.jpg,874
c002,urban/000886.jpg,279
c001,urban/000887.jpg,549
c002,urban/000888.jpg,1040
c001,urban/000889.jpg,365
c002,urban/000890.jpg,197
c002,urban/000891.jpg,174
c002,urban/000892.jpg,336
c002,urban/000893.jpg,455
c003,urban/000894.jpg,38
c002,urban/000895.jpg,855
c001,urban/000896.jpg,134
c002,urban/000897.jpg,643
c001,urban/000898.jpg,194
c002,urban/000899.jpg,385
c002,urban/000900.jpg,1047
c003,urban/000901.jpg,5
c002,urban/000902.jpg,62
c002,urban/000903.jpg,456
c003,urban/000904.jpg,126
c002,urban/000905.jpg,567
c001,urban/000906.jpg,554
c001,urban/000907.jpg,1068
c001,urban/000908.jpg,185
c002,urban/000909.jpg,67
c002,urban/000910.jpg,86
c001,urban/000911.jpg,807
c003,urban/000912.jpg,369
c001,urban/000913.jpg,458
c002,urban/000914.jpg,183
c001,urban/000915.jpg,784
c003,urban/000916.jpg,624
c001,urban/000917.jpg,1090
c001,urban/000918.jpg,947
c002,urban/000919.jpg,352
c001,urban/000920.jpg,852
c001,urban/000921.jpg,674
c001,urban/000922.jpg,581
c002,urban/000923.jpg,1044
c002,urban/000924.jpg,974
c002,urban/000925.jpg,775
c001,urban/000926.jpg,129
c002,urban/000927.jpg,823
c003,urban/000928.jpg,1041
c001,urban/000929.jpg,6
c002,urban/000930.jpg,743
c003,urban/000931.jpg,816
c001,urban/000932.jpg,1073
c003,urban/000933.jpg,65
c002,urban/000934.jpg,690
c001,urban/000935.jpg,499
c001,urban/000936.jpg,999
c003,urban/000937.jpg,1025
c003,urban/000938.jpg,746
c001,urban/000939.jpg,85
c003,urban/000940.jpg,926
c002,urban/000941.jpg,245
c001,urban/000942.jpg,299
c002,urban/000943.jpg,144
c002,urban/000944.jpg,134
c001,urban/000945.jpg,660
c002,urban/000946.jpg,1066
c002,urban/000947.jpg,407
c002,urban/000948.jpg,816
c001,urban/000949.jpg,97
c002,urban/000950.jpg,864
c001,urban/000951.jpg,665
c002,urban/000952.jpg,431
c002,urban/000953.jpg,761
c002,urban/000954.jpg,724
c003,urban/000955.jpg,183
c001,urban/000956.jpg,420
c001,urban/000957.jpg,1038
c001,urban/000958.jpg,829
c001,urban/000959.jpg,335
c002,urban/000960.jpg,965
c003,urban/000961.jpg,817
c002,urban/000962.jpg,479
c001,urban/000963.jpg,81
c003,urban/000964.jpg,910
c002,urban/000965.jpg,819
c002,urban/000966.jpg,615
c002,urban/000967.jpg,725
c002,urban/000968.jpg,818
c002,urban/000969.jpg,1086
c003,urban/000970.jpg,963
c003,urban/000971.jpg,164
c001,urban/000972.jpg,860
c002,urban/000973.jpg,522
c002,urban/000974.jpg,549
c001,urban/000975.jpg,477
c003,urban/000976.jpg,393
c001,urban/000977.jpg,75
c001,urban/000978.jpg,285
c002,urban/000979.jpg,934
c003,urban/000980.jpg,304
c001,urban/000981.jpg,202
c003,urban/000982.jpg,206
c002,urban/000983.jpg,252
c003,urban/000984.jpg,912
c003,urban/000985.jpg,109
c002,urban/000986.jpg,812
c003,urban/000987.jpg,928
c001,urban/000988.jpg,126
c001,urban/000989.jpg,91
c002,urban/000990.jpg,282
c002,urban/000991.jpg,421
c001,urban/000992.jpg,930
c003,urban/000993.jpg,165
c002,urban/000994.jpg,60
c003,urban/000995.jpg,282
c002,urban/000996.jpg,939
c002,urban/000997.jpg,704
c003,urban/000998.jpg,212
c003,urban/000999.jpg,1054
c001,urban/001000.jpg,870
c002,urban/001001.jpg,94
c002,urban/001002.jpg,109
c002,urban/001003.jpg,743
c003,urban/001004.jpg,579
c003,urban/001005.jpg,83
c003,urban/001006.jpg,411
c003,urban/001007.jpg,634
c003,urban/001008.jpg,568
c002,urban/001009.jpg,456
c003,urban/001010.jpg,1033
c001,urban/001011.jpg,500
c003,urban/001012.jpg,988
c002,urban/001013.jpg,86
c003,urban/001014.jpg,554
c003,urban/001015.jpg,650
c002,urban/001016.jpg,19
c002,urban/001017.jpg,884
c003,urban/001018.jpg,697
c002,urban/001019.jpg,522
c001,urban/001020.jpg,238
c003,urban/001021.jpg,411
c003,urban/001022.jpg,89
c003,urban/001023.jpg,465
c001,urban/001024.jpg,848
c003,urban/001025.jpg,13
c002,urban/001026.jpg,661
c003,urban/001027.jpg,98
c003,urban/001028.jpg,91
c003,urban/001029.jpg,834
c002,urban/001030.jpg,194
c003,urban/001031.jpg,357
c001,urban/001032.jpg,443
c003,urban/001033.jpg,380
c001,urban/001034.jpg,933
c003,urban/001035.jpg,838
c002,urban/001036.jpg,966
c002,urban/001037.jpg,887
c002,urban/001038.jpg,184
c001,urban/001039.jpg,793
c001,urban/001040.jpg,613
c001,urban/001041.jpg,493
c001,urban/001042.jpg,748
c003,urban/001043.jpg,937
c003,urban/001044.jpg,971
c003,urban/001045.jpg,252
c003,urban/001046.jpg,670
c003,urban/001047.jpg,976
c001,urban/001048.jpg,358
c001,urban/001049.jpg,311
c001,urban/001050.jpg,738
c003,urban/001051.jpg,699
c002,urban/001052.jpg,850
c003,urban/001053.jpg,328
c002,urban/001054.jpg,55
c002,urban/001055.jpg,478
c002,urban/001056.jpg,431
c001,urban/001057.jpg,130
c002,urban/001058.jpg,911
c002,urban/001059.jpg,837
c001,urban/001060.jpg,213
c001,urban/001061.jpg,10
c003,urban/001062.jpg,444
c001,urban/001063.jpg,31
c003,urban/001064.jpg,657
c002,urban/001065.jpg,204
c002,urban/001066.jpg,924
c002,urban/001067.jpg,807
c001,urban/001068.jpg,199
c003,urban/001069.jpg,146
c001,urban/001070.jpg,969
c003,urban/001071.jpg,824
c002,urban/001072.jpg,389
c002,urban/001073.jpg,1086
c003,urban/001074.jpg,960
c001,urban/001075.jpg,968
c003,urban/001076.jpg,326
c002,urban/001077.jpg,718
c002,urban/001078.jpg,623
c001,urban/001079.jpg,269
c003,urban/001080.jpg,134
c002,urban/001081.jpg,207
c002,urban/001082.jpg,77
c002,urban/001083.jpg,861
c003,urban/001084.jpg,485
c001,urban/001085.jpg,792
c001,urban/001086.jpg,321
c003,urban/001087.jpg,120
c003,urban/001088.jpg,1066
c003,urban/001089.jpg,954
c002,urban/001090.jpg,839
c001,urban/001091.jpg,436
c001,urban/001092.jpg,681
c001,urban/001093.jpg,703
c003,urban/001094.jpg,513
c002,urban/001095.jpg,672
c003,urban/001096.jpg,932
c003,urban/001097.jpg,1084
c001,urban/001098.jpg,14
c002,urban/001099.jpg,588
c002,urban/001100.jpg,430
c003,urban/001101.jpg,325
c001,urban/001102.jpg,819
c002,urban/001103.jpg,1090
c003,urban/001104.jpg,991
c003,urban/001105.jpg,355
c002,urban/001106.jpg,161
c003,urban/001107.jpg,436
c001,urban/001108.jpg,843
c001,urban/001109.jpg,1029
c001,urban/001110.jpg,285
c003,urban/001111.jpg,672
c002,urban/001112.jpg,39
c001,urban/001113.jpg,143
c002,urban/001114.jpg,282
c001,urban/001115.jpg,43
c003,urban/001116.jpg,920
c001,urban/001117.jpg,342
c003,urban/001118.jpg,849
c002,urban/001119.jpg,380
c003,urban/001120.jpg,148
c002,urban/001121.jpg,306
c003,urban/001122.jpg,1086
c003,urban/001123.jpg,801
c003,urban/001124.jpg,557
c001,urban/001125.jpg,367
c002,urban/001126.jpg,144
c003,urban/001127.jpg,955
c002,urban/001128.jpg,353
c001,urban/001129.jpg,269
c001,urban/001130.jpg,522
c002,urban/001131.jpg,588
c003,urban/001132.jpg,576
c001,urban/001133.jpg,254
c003,urban/001134.jpg,178
c002,urban/001135.jpg,185
c002,urban/001136.jpg,142
c001,urban/001137.jpg,73
c001,urban/001138.jpg,969
c003,urban/001139.jpg,1064
c001,urban/001140.jpg,765
c001,urban/001141.jpg,988
c001,urban/001142.jpg,604
c003,urban/001143.jpg,557
c001,urban/001144.jpg,373
c003,urban/001145.jpg,204
c003,urban/001146.jpg,482
c003,urban/001147.jpg,147
c001,urban/001148.jpg,1063
c002,urban/001149.jpg,174
c002,urban/001150.jpg,337
c002,urban/001151.jpg,163
c002,urban/001152.jpg,228
c003,urban/001153.jpg,500
c003,urban/001154.jpg,758
c001,urban/001155.jpg,516
c001,urban/001156.jpg,657
c003,urban/001157.jpg,822
c001,urban/001158.jpg,517
c002,urban/001159.jpg,597
c001,urban/001160.jpg,937
c001,urban/001161.jpg,806
c003,urban/001162.jpg,255
c003,urban/001163.jpg,995
c002,urban/001164.jpg,147
c003,urban/001165.jpg,969
c003,urban/001166.jpg,914
c001,urban/001167.jpg,684
c003,urban/001168.jpg,303
c003,urban/001169.jpg,353
c003,urban/001170.jpg,869
c001,urban/001171.jpg,1070
c002,urban/001172.jpg,545
c003,urban/001173.jpg,563
c003,urban/001174.jpg,195
c002,urban/001175.jpg,911
c003,urban/001176.jpg,1008
c001,urban/001177.jpg,386
c001,urban/001178.jpg,925
c001,urban/001179.jpg,322
c002,urban/001180.jpg,55
c002,urban/001181.jpg,628
c002,urban/001182.jpg,1015
c003,urban/001183.jpg,806
c003,urban/001184.jpg,877
c001,urban/001185.jpg,144
c001,urban/001186.jpg,988
c002,urban/001187.jpg,770
c003,urban/001188.jpg,890
c001,urban/001189.jpg,198
c001,urban/001190.jpg,1019
c003,urban/001191.jpg,1040
c003,urban/001192.jpg,934
c002,urban/001193.jpg,387
c001,urban/001194.jpg,961
c001,urban/001195.jpg,945
c002,urban/001196.jpg,398
c002,urban/001197.jpg,849
c002,urban/001198.jpg,270
c002,urban/001199.jpg,964
c001,urban/001200.jpg,440
c002,urban/001201.jpg,62
c003,urban/001202.jpg,400
c001,urban/001203.jpg,391
c001,urban/001204.jpg,1052
c003,urban/001205.jpg,889
c001,urban/001206.jpg,436
c002,urban/001207.jpg,1040
c002,urban/001208.jpg,234
c002,urban/001209.jpg,603
c001,urban/001210.jpg,184
c003,urban/001211.jpg,911
c003,urban/001212.jpg,445
c002,urban/001213.jpg,562
c003,urban/001214.jpg,121
c003,urban/001215.jpg,76
c002,urban/001216.jpg,946
c001,urban/001217.jpg,112
c002,urban/001218.jpg,907
c001,urban/001219.jpg,663
c003,urban/001220.jpg,327
c002,urban/001221.jpg,325
c001,urban/001222.jpg,825
c002,urban/001223.jpg,349
c002,urban/001224.jpg,758
c002,urban/001225.jpg,458
c003,urban/001226.jpg,344
c002,urban/001227.jpg,226
c001,urban/001228.jpg,438
c001,urban/001229.jpg,342
c001,urban/001230.jpg,251
c002,urban/001231.jpg,862
c003,urban/001232.jpg,557
c003,urban/001233.jpg,314
c001,urban/001234.jpg,143
c001,urban/001235.jpg,128
c002,urban/001236.jpg,1064
c003,urban/001237.jpg,858
c003,urban/001238.jpg,1015
c001,urban/001239.jpg,252
c002,urban/001240.jpg,310
c002,urban/001241.jpg,885
c001,urban/001242.jpg,1061
c001,urban/001243.jpg,937
c002,urban/001244.jpg,766
c001,urban/001245.jpg,355
c001,urban/001246.jpg,70
c002,urban/001247.jpg,1032
c001,urban/001248.jpg,828
c002,urban/001249.jpg,724
c001,urban/001250.jpg,443
c001,urban/001251.jpg,937
c002,urban/001252.jpg,488
c001,urban/001253.jpg,829
c001,urban/001254.jpg,615
c001,urban/001255.jpg,301
c003,urban/001256.jpg,339
c001,urban/001257.jpg,990
c003,urban/001258.jpg,73
c002,urban/001259.jpg,1044
c001,urban/001260.jpg,876
c001,urban/001261.jpg,701
c001,urban/001262.jpg,32
c001,urban/001263.jpg,27
c003,urban/001264.jpg,988
c002,urban/001265.jpg,69
c002,urban/001266.jpg,1084
c001,urban/001267.jpg,985
c001,urban/001268.jpg,280
c003,urban/001269.jpg,320
c003,urban/001270.jpg,636
c003,urban/001271.jpg,849
c001,urban/001272.jpg,765
c003,urban/001273.jpg,737
c001,urban/001274.jpg,627
c003,urban/001275.jpg,781
c002,urban/001276.jpg,972
c003,urban/001277.jpg,855
c001,urban/001278.jpg,881
c002,urban/001279.jpg,242
c002,urban/001280.jpg,500
c002,urban/001281.jpg,109
c002,urban/001282.jpg,698
c002,urban/001283.jpg,1090
c002,urban/001284.jpg,894
c001,urban/001285.jpg,918
c003,urban/001286.jpg,1044
c001,urban/001287.jpg,810
c001,urban/001288.jpg,1089
c001,urban/001289.jpg,1047
c003,urban/001290.jpg,1005
c001,urban/001291.jpg,542
c001,urban/001292.jpg,738
c003,urban/001293.jpg,268
c001,urban/001294.jpg,1059
c002,urban/001295.jpg,126
c001,urban/001296.jpg,560
c003,urban/001297.jpg,639
c001,urban/001298.jpg,1059
c001,urban/001299.jpg,872
c002,urban/001300.jpg,630
c002,urban/001301.jpg,1081
c002,urban/001302.jpg,1035
c003,urban/001303.jpg,57
c001,urban/001304.jpg,818
c002,urban/001305.jpg,77
c002,urban/001306.jpg,812
c001,urban/001307.jpg,375
c001,urban/001308.jpg,886
c003,urban/001309.jpg,735
c002,urban/001310.jpg,829
c002,urban/001311.jpg,591
c001,urban/001312.jpg,618
c003,urban/001313.jpg,184
c001,urban/001314.jpg,940
c002,urban/001315.jpg,510
c003,urban/001316.jpg,513
c003,urban/001317.jpg,500
c001,urban/001318.jpg,141
c003,urban/001319.jpg,128
c003,urban/001320.jpg,334
c001,urban/001321.jpg,579
c003,urban/001322.jpg,54
c003,urban/001323.jpg,801
c003,urban/001324.jpg,552
c001,urban/001325.jpg,700
c003,urban/001326.jpg,545
c001,urban/001327.jpg,404
c002,urban/001328.jpg,662
c001,urban/001329.jpg,1090
c003,urban/001330.jpg,33
c001,urban/001331.jpg,606
c002,urban/001332.jpg,51
c002,urban/001333.jpg,966
c001,urban/001334.jpg,285
c002,urban/001335.jpg,72
c001,urban/001336.jpg,701
c001,urban/001337.jpg,651
c001,urban/001338.jpg,345
c002,urban/001339.jpg,350
c003,urban/001340.jpg,1064
c001,urban/001341.jpg,611
c001,urban/001342.jpg,436
c002,urban/001343.jpg,165
c003,urban/001344.jpg,586
c001,urban/001345.jpg,545
c003,urban/001346.jpg,860
c003,urban/001347.jpg,855
c001,urban/001348.jpg,438
c002,urban/001349.jpg,155
c002,urban/001350.jpg,141
c002,urban/001351.jpg,332
c001,urban/001352.jpg,98
c003,urban/001353.jpg,883
c001,urban/001354.jpg,544
c001,urban/001355.jpg,106
c001,urban/001356.jpg,985
c002,urban/001357.jpg,206
c002,urban/001358.jpg,940
c002,urban/001359.jpg,436
c002,urban/001360.jpg,743
c003,urban/001361.jpg,811
c003,urban/001362.jpg,53
c002,urban/001363.jpg,913
c003,urban/001364.jpg,294
c002,urban/001365.jpg,1051
c003,urban/001366.jpg,591
c002,urban/001367.jpg,65
c001,urban/001368.jpg,652
c001,urban/001369.jpg,17
c001,urban/001370.jpg,528
c002,urban/001371.jpg,730
c001,urban/001372.jpg,274
c002,urban/001373.jpg,793
c003,urban/001374.jpg,502
c003,urban/001375.jpg,587
c003,urban/001376.jpg,631
c001,urban/001377.jpg,893
c003,urban/001378.jpg,318
c001,urban/001379.jpg,569
c002,urban/001380.jpg,543
c003,urban/001381.jpg,892
c003,urban/001382.jpg,251
c002,urban/001383.jpg,627
c002,urban/001384.jpg,240
c002,urban/001385.jpg,828
c002,urban/001386.jpg,1090
c002,urban/001387.jpg,984
c002,urban/001388.jpg,67
c003,urban/001389.jpg,241
c002,urban/001390.jpg,489
c001,urban/001391.jpg,813
c002,urban/001392.jpg,656
c001,urban/001393.jpg,1044
c001,urban/001394.jpg,814
c001,urban/001395.jpg,1004
c003,urban/001396.jpg,542
c003,urban/001397.jpg,373
c002,urban/001398.jpg,12
c003,urban/001399.jpg,870
c002,urban/001400.jpg,453
c002,urban/001401.jpg,118
c002,urban/001402.jpg,515
c003,urban/001403.jpg,544
c002,urban/001404.jpg,940
c002,urban/001405.jpg,661
c003,urban/001406.jpg,991
c002,urban/001407.jpg,749
c003,urban/001408.jpg,932
c002,urban/001409.jpg,793
c001,urban/001410.jpg,890
c003,urban/001411.jpg,420
c001,urban/001412.jpg,642
c002,urban/001413.jpg,404
c003,urban/001414.jpg,753
c002,urban/001415.jpg,1009
c001,urban/001416.jpg,357
c001,urban/001417.jpg,818
c001,urban/001418.jpg,712
c001,urban/001419.jpg,57
c003,urban/001420.jpg,565
c003,urban/001421.jpg,105
c002,urban/001422.jpg,595
c001,urban/001423.jpg,1021
c003,urban/001424.jpg,98
c003,urban/001425.jpg,171
c002,urban/001426.jpg,86
c001,urban/001427.jpg,827
c001,urban/001428.jpg,43
c002,urban/001429.jpg,230
c001,urban/001430.jpg,322
c001,urban/001431.jpg,180
c001,urban/001432.jpg,47
c003,urban/001433.jpg,418
c002,urban/001434.jpg,65
c002,urban/001435.jpg,100
c003,urban/001436.jpg,134
c003,urban/001437.jpg,674
c001,urban/001438.jpg,968
c002,urban/001439.jpg,653
c001,urban/001440.jpg,1027
c003,urban/001441.jpg,884
c003,urban/001442.jpg,802
c002,urban/001443.jpg,323
c003,urban/001444.jpg,1002
c001,urban/001445.jpg,1014
c001,urban/001446.jpg,911
c003,urban/001447.jpg,592
c002,urban/001448.jpg,824
c003,urban/001449.jpg,242
c001,urban/001450.jpg,38
c003,urban/001451.jpg,864
c002,urban/001452.jpg,944
c003,urban/001453.jpg,201
c003,urban/001454.jpg,629
c001,urban/001455.jpg,492
c003,urban/001456.jpg,1033
c003,urban/001457.jpg,761
c003,urban/001458.jpg,998
c002,urban/001459.jpg,50
c001,urban/001460.jpg,496
c003,urban/001461.jpg,216
c003,urban/001462.jpg,849
c001,urban/001463.jpg,69
c001,urban/001464.jpg,915
c003,urban/001465.jpg,223
c003,urban/001466.jpg,886
c001,urban/001467.jpg,991
c003,urban/001468.jpg,783
c002,urban/001469.jpg,207
c002,urban/001470.jpg,1016
c002,urban/001471.jpg,807
c001,urban/001472.jpg,736
c001,urban/001473.jpg,137
c001,urban/001474.jpg,899
c001,urban/001475.jpg,433
c001,urban/001476.jpg,202
c003,urban/001477.jpg,478
c002,urban/001478.jpg,345
c002,urban/001479.jpg,331
c001,urban/001480.jpg,634
c003,urban/001481.jpg,1078
c002,urban/001482.jpg,552
c002,urban/001483.jpg,151
c001,urban/001484.jpg,945
c002,urban/001485.jpg,693
c001,urban/001486.jpg,274
c003,urban/001487.jpg,515
c002,urban/001488.jpg,125
c002,urban/001489.jpg,704
c003,urban/001490.jpg,212
c003,urban/001491.jpg,907
c002,urban/001492.jpg,51
c003,urban/001493.jpg,152
c002,urban/001494.jpg,373
c001,urban/001495.jpg,535
c002,urban/001496.jpg,2
c003,urban/001497.jpg,823
c002,urban/001498.jpg,271
c001,urban/001499.jpg,675
c001,urban/001500.jpg,955
c003,urban/001501.jpg,489
c001,urban/001502.jpg,230
c001,urban/001503.jpg,25
c003,urban/001504.jpg,366
c002,urban/001505.jpg,326
c003,urban/001506.jpg,458
c003,urban/001507.jpg,1090
c001,urban/001508.jpg,151
c003,urban/001509.jpg,712
c001,urban/001510.jpg,741
c001,urban/001511.jpg,321
c001,urban/001512.jpg,389
c001,urban/001513.jpg,801
c002,urban/001514.jpg,740
c001,urban/001515.jpg,94
c003,urban/001516.jpg,604
c002,urban/001517.jpg,579
c002,urban/001518.jpg,819
c002,urban/001519.jpg,226
c002,urban/001520.jpg,801
c003,urban/001521.jpg,705
c003,urban/001522.jpg,433
c003,urban/001523.jpg,903
c001,urban/001524.jpg,133
c002,urban/001525.jpg,1030
c002,urban/001526.jpg,487
c002,urban/001527.jpg,578
c001,urban/001528.jpg,381
c002,urban/001529.jpg,20
c002,urban/001530.jpg,165
c001,urban/001531.jpg,172
c001,urban/001532.jpg,629
c001,urban/001533.jpg,786
c002,urban/001534.jpg,389
c002,urban/001535.jpg,582
c003,urban/001536.jpg,656
c002,urban/001537.jpg,689
c003,urban/001538.jpg,531
c002,urban/001539.jpg,301
c001,urban/001540.jpg,574
c003,urban/001541.jpg,675
c001,urban/001542.jpg,26
c003,urban/001543.jpg,59
c001,urban/001544.jpg,369
c002,urban/001545.jpg,363
c003,urban/001546.jpg,638
c001,urban/001547.jpg,141
c003,urban/001548.jpg,431
c003,urban/001549.jpg,50
c002,urban/001550.jpg,585
c002,urban/001551.jpg,521
c002,urban/001552.jpg,719
c002,urban/001553.jpg,75
c002,urban/001554.jpg,335
c002,urban/001555.jpg,108
c003,urban/001556.jpg,301
c002,urban/001557.jpg,366
c001,urban/001558.jpg,171
c002,urban/001559.jpg,743
c003,urban/001560.jpg,26
c002,urban/001561.jpg,479
c001,urban/001562.jpg,817
c002,urban/001563.jpg,835
c003,urban/001564.jpg,552
c001,urban/001565.jpg,766
c001,urban/001566.jpg,758
c002,urban/001567.jpg,677
c001,urban/001568.jpg,265
c001,urban/001569.jpg,708
c002,urban/001570.jpg,343
c002,urban/001571.jpg,521
c002,urban/001572.jpg,358
c001,urban/001573.jpg,357
c003,urban/001574.jpg,477
c002,urban/001575.jpg,727
c002,urban/001576.jpg,199
c001,urban/001577.jpg,1071
c002,urban/001578.jpg,863
c003,urban/001579.jpg,100
c003,urban/001580.jpg,391
c003,urban/001581.jpg,819
c001,urban/001582.jpg,532
c001,urban/001583.jpg,437
c001,urban/001584.jpg,971
c003,urban/001585.jpg,215
c001,urban/001586.jpg,580
c002,urban/001587.jpg,943
c001,urban/001588.jpg,812
c003,urban/001589.jpg,967
c002,urban/001590.jpg,220
c001,urban/001591.jpg,735
c003,urban/001592.jpg,222
c001,urban/001593.jpg,1025
c002,urban/001594.jpg,1052
c001,urban/001595.jpg,742
c001,urban/001596.jpg,183
c002,urban/001597.jpg,343
c001,urban/001598.jpg,881
c002,urban/001599.jpg,84
c001,urban/001600.jpg,320
c003,urban/001601.jpg,86
c003,urban/001602.jpg,265
c002,urban/001603.jpg,136
c003,urban/001604.jpg,80
c001,urban/001605.jpg,73
c003,urban/001606.jpg,771
c001,urban/001607.jpg,199
c001,urban/001608.jpg,2
c003,urban/001609.jpg,906
c001,urban/001610.jpg,210
c001,urban/001611.jpg,924
c003,urban/001612.jpg,114
c002,urban/001613.jpg,1066
c003,urban/001614.jpg,276
c003,urban/001615.jpg,628
c001,urban/001616.jpg,556
c002,urban/001617.jpg,1036
c001,urban/001618.jpg,408
c003,urban/001619.jpg,332
c002,urban/001620.jpg,892
c003,urban/001621.jpg,1073
c002,urban/001622.jpg,680
c002,urban/001623.jpg,670
c003,urban/001624.jpg,1078
c002,urban/001625.jpg,1066
c003,urban/001626.jpg,586
c002,urban/001627.jpg,874
c002,urban/001628.jpg,789
c003,urban/001629.jpg,1075
c001,urban/001630.jpg,117
c002,urban/001631.jpg,1090
c002,urban/001632.jpg,1055
c001,urban/001633.jpg,163
c001,urban/001634.jpg,786
c001,urban/001635.jpg,95
c003,urban/001636.jpg,233
c001,urban/001637.jpg,837
c001,urban/001638.jpg,830
c003,urban/001639.jpg,318
c001,urban/001640.jpg,1020
c001,urban/001641.jpg,1068
c001,urban/001642.jpg,507
c001,urban/001643.jpg,813
c003,urban/001644.jpg,190
c001,urban/001645.jpg,433
c003,urban/001646.jpg,651
c001,urban/001647.jpg,521
c001,urban/001648.jpg,1039
c001,urban/001649.jpg,165
c002,urban/001650.jpg,451
c003,urban/001651.jpg,930
c001,urban/001652.jpg,1065
c001,urban/001653.jpg,137
c003,urban/001654.jpg,918
c001,urban/001655.jpg,94
c003,urban/001656.jpg,798
c002,urban/001657.jpg,869
c001,urban/001658.jpg,680
c003,urban/001659.jpg,806
c001,urban/001660.jpg,551
c003,urban/001661.jpg,266
c003,urban/001662.jpg,855
c001,urban/001663.jpg,440
c003,urban/001664.jpg,758
c001,urban/001665.jpg,489
c003,urban/001666.jpg,42
c002,urban/001667.jpg,516
c002,urban/001668.jpg,142
c001,urban/001669.jpg,862
c002,urban/001670.jpg,10
c003,urban/001671.jpg,103
c003,urban/001672.jpg,877
c001,urban/001673.jpg,994
c001,urban/001674.jpg,8
c002,urban/001675.jpg,1024
c003,urban/001676.jpg,383
c001,urban/001677.jpg,144
c003,urban/001678.jpg,171
c003,urban/001679.jpg,613
c002,urban/001680.jpg,585
c002,urban/001681.jpg,1027
c002,urban/001682.jpg,195
c002,urban/001683.jpg,1062
c003,urban/001684.jpg,395
c003,urban/001685.jpg,571
c002,urban/001686.jpg,408
c002,urban/001687.jpg,96
c001,urban/001688.jpg,1075
c002,urban/001689.jpg,593
c002,urban/001690.jpg,616
c002,urban/001691.jpg,761
c001,urban/001692.jpg,939
c003,urban/001693.jpg,252
c003,urban/001694.jpg,616
c002,urban/001695.jpg,626
c001,urban/001696.jpg,45
c001,urban/001697.jpg,692
c001,urban/001698.jpg,832
c003,urban/001699.jpg,715
c002,urban/001700.jpg,709
c001,urban/001701.jpg,915
c003,urban/001702.jpg,347
c003,urban/001703.jpg,1068
c003,urban/001704.jpg,999
c003,urban/001705.jpg,921
c002,urban/001706.jpg,743
c003,urban/001707.jpg,86
c002,urban/001708.jpg,776
c001,urban/001709.jpg,166
c001,urban/001710.jpg,333
c003,urban/001711.jpg,900
c003,urban/001712.jpg,228
c001,urban/001713.jpg,367
c002,urban/001714.jpg,776
c003,urban/001715.jpg,67
c001,urban/001716.jpg,667
c002,urban/001717.jpg,550
c002,urban/001718.jpg,1063
c003,urban/001719.jpg,509
c001,urban/001720.jpg,352
c002,urban/001721.jpg,720
c001,urban/001722.jpg,1086
c001,urban/001723.jpg,32
c003,urban/001724.jpg,24
c003,urban/001725.jpg,499
c001,urban/001726.jpg,955
c002,urban/001727.jpg,585
c003,urban/001728.jpg,1063
c002,urban/001729.jpg,324
c003,urban/001730.jpg,397
c003,urban/001731.jpg,736
c002,urban/001732.jpg,889
c001,urban/001733.jpg,897
c001,urban/001734.jpg,297
c002,urban/001735.jpg,801
c003,urban/001736.jpg,206
c001,urban/001737.jpg,847
c002,urban/001738.jpg,681
c001,urban/001739.jpg,500
c001,urban/001740.jpg,390
c001,urban/001741.jpg,292
c003,urban/001742.jpg,413
c003,urban/001743.jpg,188
c003,urban/001744.jpg,673
c001,urban/001745.jpg,260
c001,urban/001746.jpg,911
c002,urban/001747.jpg,392
c001,urban/001748.jpg,301
c002,urban/001749.jpg,1067
c001,urban/001750.jpg,121
c003,urban/001751.jpg,19
c001,urban/001752.jpg,384
c001,urban/001753.jpg,354
c002,urban/001754.jpg,337
c002,urban/001755.jpg,137
c003,urban/001756.jpg,946
c001,urban/001757.jpg,504
c001,urban/001758.jpg,480
c003,urban/001759.jpg,260
c001,urban/001760.jpg,891
c001,urban/001761.jpg,1018
c003,urban/001762.jpg,118
c002,urban/001763.jpg,545
c003,urban/001764.jpg,97
c001,urban/001765.jpg,930
c001,urban/001766.jpg,863
c002,urban/001767.jpg,461
c003,urban/001768.jpg,900
c003,urban/001769.jpg,178
c003,urban/001770.jpg,853
c003,urban/001771.jpg,576
c001,urban/001772.jpg,91
c002,urban/001773.jpg,969
c003,urban/001774.jpg,1060
c003,urban/001775.jpg,903
c002,urban/001776.jpg,309
c001,urban/001777.jpg,1005
c001,urban/001778.jpg,657
c003,urban/001779.jpg,138
c002,urban/001780.jpg,871
c002,urban/001781.jpg,149
c002,urban/001782.jpg,205
c003,urban/001783.jpg,292
c003,urban/001784.jpg,623
c002,urban/001785.jpg,152
c003,urban/001786.jpg,46
c001,urban/001787.jpg,575
c003,urban/001788.jpg,258
c001,urban/001789.jpg,361
c001,urban/001790.jpg,66
c002,urban/001791.jpg,650
c002,urban/001792.jpg,318
c002,urban/001793.jpg,231
c002,urban/001794.jpg,460
c001,urban/001795.jpg,267
c003,urban/001796.jpg,172
c003,urban/001797.jpg,239
c002,urban/001798.jpg,780
c002,urban/001799.jpg,924
c001,urban/001800.jpg,309
c002,urban/001801.jpg,521
c001,urban/001802.jpg,597
c002,urban/001803.jpg,910
c003,urban/001804.jpg,417
c002,urban/001805.jpg,978
c002,urban/001806.jpg,303
c001,urban/001807.jpg,280
c001,urban/001808.jpg,177
c001,urban/001809.jpg,267
c001,urban/001810.jpg,743
c002,urban/001811.jpg,541
c001,urban/001812.jpg,722
c003,urban/001813.jpg,924
c001,urban/001814.jpg,551
c002,urban/001815.jpg,1088
c001,urban/001816.jpg,125
c001,urban/001817.jpg,226
c002,urban/001818.jpg,586
c002,urban/001819.jpg,585
c003,urban/001820.jpg,14
c001,urban/001821.jpg,160
c002,urban/001822.jpg,776
c003,urban/001823.jpg,13
c001,urban/001824.jpg,603
c003,urban/001825.jpg,988
c002,urban/001826.jpg,376
c003,urban/001827.jpg,585
c002,urban/001828.jpg,946
c002,urban/001829.jpg,486
c001,urban/001830.jpg,365
c003,urban/001831.jpg,631
c001,urban/001832.jpg,812
c001,urban/001833.jpg,195
c003,urban/001834.jpg,53
c002,urban/001835.jpg,939
c003,urban/001836.jpg,986
c003,urban/001837.jpg,198
c003,urban/001838.jpg,189
c003,urban/001839.jpg,117
c002,urban/001840.jpg,198
c002,urban/001841.jpg,988
c001,urban/001842.jpg,774
c002,urban/001843.jpg,248
c001,urban/001844.jpg,771
c002,urban/001845.jpg,516
c003,urban/001846.jpg,266
c002,urban/001847.jpg,174
c001,urban/001848.jpg,758
c002,urban/001849.jpg,691
c002,urban/001850.jpg,169
c001,urban/001851.jpg,63
c003,urban/001852.jpg,1089
c003,urban/001853.jpg,197
c002,urban/001854.jpg,282
c003,urban/001855.jpg,170
c001,urban/001856.jpg,53
c001,urban/001857.jpg,801
c003,urban/001858.jpg,537
c002,urban/001859.jpg,602
c001,urban/001860.jpg,981
c003,urban/001861.jpg,603
c001,urban/001862.jpg,868
c003,urban/001863.jpg,269
c003,urban/001864.jpg,75
c003,urban/001865.jpg,234
c001,urban/001866.jpg,392
c002,urban/001867.jpg,409
c002,urban/001868.jpg,775
c001,urban/001869.jpg,961
c003,urban/001870.jpg,589
c003,urban/001871.jpg,238
c003,urban/001872.jpg,910
c002,urban/001873.jpg,389
c002,urban/001874.jpg,992
c002,urban/001875.jpg,440
c003,urban/001876.jpg,581
c002,urban/001877.jpg,715
c003,urban/001878.jpg,123
c002,urban/001879.jpg,839
c003,urban/001880.jpg,860
c001,urban/001881.jpg,413
c002,urban/001882.jpg,132
c002,urban/001883.jpg,307
c002,urban/001884.jpg,454
c001,urban/001885.jpg,468
c001,urban/001886.jpg,482
c001,urban/001887.jpg,656
c003,urban/001888.jpg,1089
c002,urban/001889.jpg,141
c002,urban/001890.jpg,628
c001,urban/001891.jpg,651
c002,urban/001892.jpg,826
c001,urban/001893.jpg,1033
c002,urban/001894.jpg,753
c002,urban/001895.jpg,569
c001,urban/001896.jpg,328
c003,urban/001897.jpg,308
c001,urban/001898.jpg,1032
c003,urban/001899.jpg,426
c001,urban/001900.jpg,431
c003,urban/001901.jpg,177
c001,urban/001902.jpg,1064
c001,urban/001903.jpg,314
c001,urban/001904.jpg,534
c002,urban/001905.jpg,251
c001,urban/001906.jpg,814
c002,urban/001907.jpg,707
c003,urban/001908.jpg,459
c002,urban/001909.jpg,529
c002,urban/001910.jpg,357
c003,urban/001911.jpg,879
c003,urban/001912.jpg,70
c001,urban/001913.jpg,127
c001,urban/001914.jpg,764
c001,urban/001915.jpg,103
c003,urban/001916.jpg,483
c002,urban/001917.jpg,1066
c003,urban/001918.jpg,773
c001,urban/001919.jpg,203
c003,urban/001920.jpg,287
c001,urban/001921.jpg,881
c003,urban/001922.jpg,1012
c002,urban/001923.jpg,891
c001,urban/001924.jpg,165
c001,urban/001925.jpg,542
c002,urban/001926.jpg,932
c003,urban/001927.jpg,453
c001,urban/001928.jpg,934
c001,urban/001929.jpg,31
c002,urban/001930.jpg,1031
c003,urban/001931.jpg,129
c001,urban/001932.jpg,65
c002,urban/001933.jpg,700
c002,urban/001934.jpg,916
c003,urban/001935.jpg,672
c001,urban/001936.jpg,886
c003,urban/001937.jpg,1066
c002,urban/001938.jpg,991
c001,urban/001939.jpg,902
c003,urban/001940.jpg,609
c002,urban/001941.jpg,523
c001,urban/001942.jpg,456
c002,urban/001943.jpg,437
c002,urban/001944.jpg,32
c001,urban/001945.jpg,195
c001,urban/001946.jpg,616
c001,urban/001947.jpg,187
c003,urban/001948.jpg,320
c001,urban/001949.jpg,526
c002,urban/001950.jpg,277
c003,urban/001951.jpg,946
c001,urban/001952.jpg,210
c001,urban/001953.jpg,1026
c001,urban/001954.jpg,437
c001,urban/001955.jpg,1085
c002,urban/001956.jpg,583
c002,urban/001957.jpg,647
c003,urban/001958.jpg,109
c001,urban/001959.jpg,1033
c003,urban/001960.jpg,516
c001,urban/001961.jpg,850
c003,urban/001962.jpg,241
c002,urban/001963.jpg,702
c001,urban/001964.jpg,611
c002,urban/001965.jpg,122
c002,urban/001966.jpg,380
c003,urban/001967.jpg,551
c003,urban/001968.jpg,543
c001,urban/001969.jpg,458
c001,urban/001970.jpg,186
c003,urban/001971.jpg,84
c002,urban/001972.jpg,725
c003,urban/001973.jpg,607
c002,urban/001974.jpg,841
c002,urban/001975.jpg,1006
c001,urban/001976.jpg,386
c002,urban/001977.jpg,507
c001,urban/001978.jpg,687
c003,urban/001979.jpg,39
c002,urban/001980.jpg,385
c001,urban/001981.jpg,1015
c002,urban/001982.jpg,130
c002,urban/001983.jpg,1072
c003,urban/001984.jpg,462
c001,urban/001985.jpg,382
c001,urban/001986.jpg,907
c003,urban/001987.jpg,245
c001,urban/001988.jpg,823
c002,urban/001989.jpg,176
c002,urban/001990.jpg,454
c002,urban/001991.jpg,789
c003,urban/001992.jpg,1000
c003,urban/001993.jpg,343
c001,urban/001994.jpg,761
c002,urban/001995.jpg,541
c003,urban/001996.jpg,302
c001,urban/001997.jpg,459
c002,urban/001998.jpg,687
c003,urban/001999.jpg,525
c001,urban/002000.jpg,282
c002,urban/002001.jpg,258
c003,urban/002002.jpg,265
c003,urban/002003.jpg,206
c003,urban/002004.jpg,1006
c001,urban/002005.jpg,245
c003,urban/002006.jpg,604
c002,urban/002007.jpg,10
c003,urban/002008.jpg,143
c001,urban/002009.jpg,850
c001,urban/002010.jpg,934
c002,urban/002011.jpg,600
c002,urban/002012.jpg,903
c001,urban/002013.jpg,144
c001,urban/002014.jpg,39
c003,urban/002015.jpg,1086
c003,urban/002016.jpg,559
c002,urban/002017.jpg,1073
c003,urban/002018.jpg,353
c002,urban/002019.jpg,838
c002,urban/002020.jpg,62
c003,urban/002021.jpg,199
c001,urban/002022.jpg,411
c001,urban/002023.jpg,803
c003,urban/002024.jpg,816
c003,urban/002025.jpg,176
c001,urban/002026.jpg,1085
c001,urban/002027.jpg,743
c003,urban/002028.jpg,871
c002,urban/002029.jpg,674
c002,urban/002030.jpg,635
c002,urban/002031.jpg,57
c002,urban/002032.jpg,903
c002,urban/002033.jpg,500
c002,urban/002034.jpg,858
c002,urban/002035.jpg,921
c002,urban/002036.jpg,117
c003,urban/002037.jpg,1064
c001,urban/002038.jpg,919
c002,urban/002039.jpg,507
c001,urban/002040.jpg,347
c003,urban/002041.jpg,1052
c003,urban/002042.jpg,829
c003,urban/002043.jpg,611
c002,urban/002044.jpg,365
c001,urban/002045.jpg,616
c003,urban/002046.jpg,355
c003,urban/002047.jpg,600
c001,urban/002048.jpg,642
c002,urban/002049.jpg,222
c003,urban/002050.jpg,322
c002,urban/002051.jpg,1015
c003,urban/002052.jpg,19
c003,urban/002053.jpg,597
c002,urban/002054.jpg,629
c003,urban/002055.jpg,117
c002,urban/002056.jpg,343
c003,urban/002057.jpg,509
c003,urban/002058.jpg,747
c002,urban/002059.jpg,14
c003,urban/002060.jpg,512
c002,urban/002061.jpg,890
c003,urban/002062.jpg,240
c003,urban/002063.jpg,316
c003,urban/002064.jpg,160
c002,urban/002065.jpg,175
c002,urban/002066.jpg,426
c003,urban/002067.jpg,254
c003,urban/002068.jpg,648
c001,urban/002069.jpg,359
c003,urban/002070.jpg,981
c003,urban/002071.jpg,77
c002,urban/002072.jpg,885
c001,urban/002073.jpg,45
c003,urban/002074.jpg,969
c002,urban/002075.jpg,646
c002,urban/002076.jpg,282
c002,urban/002077.jpg,58
c001,urban/002078.jpg,265
c002,urban/002079.jpg,889
c001,urban/002080.jpg,213
c001,urban/002081.jpg,487
c003,urban/002082.jpg,45
c001,urban/002083.jpg,808
c002,urban/002084.jpg,94
c003,urban/002085.jpg,793
c001,urban/002086.jpg,444
c003,urban/002087.jpg,796
c002,urban/002088.jpg,975
c002,urban/002089.jpg,612
c002,urban/002090.jpg,654
c003,urban/002091.jpg,164
c001,urban/002092.jpg,461
c002,urban/002093.jpg,483
c001,urban/002094.jpg,160
c002,urban/002095.jpg,583
c003,urban/002096.jpg,615
c002,urban/002097.jpg,844
c002,urban/002098.jpg,773
c002,urban/002099.jpg,333
c003,urban/002100.jpg,653
c001,urban/002101.jpg,960
c003,urban/002102.jpg,277
c003,urban/002103.jpg,1041
c001,urban/002104.jpg,1075
c001,urban/002105.jpg,20
c001,urban/002106.jpg,979
c001,urban/002107.jpg,998
c001,urban/002108.jpg,685
c001,urban/002109.jpg,67
c003,urban/002110.jpg,326
c001,urban/002111.jpg,585
c001,urban/002112.jpg,176
c002,urban/002113.jpg,1010
c002,urban/002114.jpg,628
c001,urban/002115.jpg,243
c003,urban/002116.jpg,57
c002,urban/002117.jpg,78
c002,urban/002118.jpg,80
c002,urban/002119.jpg,267
c002,urban/002120.jpg,728
c002,urban/002121.jpg,104
c001,urban/002122.jpg,577
c001,urban/002123.jpg,660
c001,urban/002124.jpg,492
c001,urban/002125.jpg,157
c003,urban/002126.jpg,1068
c003,urban/002127.jpg,53
c003,urban/002128.jpg,716
c002,urban/002129.jpg,569
c003,urban/002130.jpg,673
c001,urban/002131.jpg,69
c002,urban/002132.jpg,205
c003,urban/002133.jpg,1034
c002,urban/002134.jpg,453
c003,urban/002135.jpg,1006
c002,urban/002136.jpg,930
c001,urban/002137.jpg,863
c002,urban/002138.jpg,1054
c001,urban/002139.jpg,717
c003,urban/002140.jpg,461
c002,urban/002141.jpg,677
c003,urban/002142.jpg,342
c001,urban/002143.jpg,788
c003,urban/002144.jpg,829
c001,urban/002145.jpg,1036
c003,urban/002146.jpg,1
c003,urban/002147.jpg,811
c002,urban/002148.jpg,783
c002,urban/002149.jpg,570
c001,urban/002150.jpg,318
c003,urban/002151.jpg,1029
c003,urban/002152.jpg,128
c003,urban/002153.jpg,27
c002,urban/002154.jpg,783
c001,urban/002155.jpg,596
c001,urban/002156.jpg,60
c001,urban/002157.jpg,185
c003,urban/002158.jpg,811
c001,urban/002159.jpg,59
c001,urban/002160.jpg,332
c003,urban/002161.jpg,84
c002,urban/002162.jpg,414
c003,urban/002163.jpg,438
c001,urban/002164.jpg,754
c003,urban/002165.jpg,513
c002,urban/002166.jpg,994
c001,urban/002167.jpg,10
c002,urban/002168.jpg,670
c002,urban/002169.jpg,1059
c003,urban/002170.jpg,368
c001,urban/002171.jpg,940
c002,urban/002172.jpg,726
c003,urban/002173.jpg,658
c001,urban/002174.jpg,591
c001,urban/002175.jpg,347
c003,urban/002176.jpg,924
c003,urban/002177.jpg,391
c001,urban/002178.jpg,134
c001,urban/002179.jpg,628
c003,urban/002180.jpg,291
c002,urban/002181.jpg,797
c003,urban/002182.jpg,586
c003,urban/002183.jpg,673
c001,urban/002184.jpg,367
c001,urban/002185.jpg,672
c002,urban/002186.jpg,342
c002,urban/002187.jpg,421
c003,urban/002188.jpg,178
c003,urban/002189.jpg,853
c002,urban/002190.jpg,830
c002,urban/002191.jpg,212
c002,urban/002192.jpg,100
c003,urban/002193.jpg,949
c003,urban/002194.jpg,313
c002,urban/002195.jpg,25
c001,urban/002196.jpg,542
c002,urban/002197.jpg,850
c003,urban/002198.jpg,437
c002,urban/002199.jpg,949
c002,urban/002200.jpg,220
c003,urban/002201.jpg,849
c002,urban/002202.jpg,576
c003,urban/002203.jpg,569
c001,urban/002204.jpg,351
c001,urban/002205.jpg,371
c002,urban/002206.jpg,729
c001,urban/002207.jpg,165
c003,urban/002208.jpg,631
c003,urban/002209.jpg,326
c002,urban/002210.jpg,697
c001,urban/002211.jpg,1010
c001,urban/002212.jpg,839
c002,urban/002213.jpg,1055
c001,urban/002214.jpg,916
c001,urban/002215.jpg,846
c003,urban/002216.jpg,386
c003,urban/002217.jpg,557
c003,urban/002218.jpg,613
c003,urban/002219.jpg,1051
c001,urban/002220.jpg,1015
c002,urban/002221.jpg,423
c003,urban/002222.jpg,318
c001,urban/002223.jpg,1046
c003,urban/002224.jpg,818
c002,urban/002225.jpg,713
c001,urban/002226.jpg,973
c001,urban/002227.jpg,399
c001,urban/002228.jpg,534
c002,urban/002229.jpg,350
c003,urban/002230.jpg,20
c002,urban/002231.jpg,522
c002,urban/002232.jpg,300
c002,urban/002233.jpg,943
c001,urban/002234.jpg,364
c003,urban/002235.jpg,347
c002,urban/002236.jpg,634
c001,urban/002237.jpg,124
c002,urban/002238.jpg,267
c003,urban/002239.jpg,707
c002,urban/002240.jpg,164
c003,urban/002241.jpg,334
c003,urban/002242.jpg,796
c003,urban/002243.jpg,535
c002,urban/002244.jpg,559
c003,urban/002245.jpg,1069
c003,urban/002246.jpg,796
c001,urban/002247.jpg,62
c001,urban/002248.jpg,109
c003,urban/002249.jpg,466
c003,urban/002250.jpg,500
c002,urban/002251.jpg,269
c002,urban/002252.jpg,124
c002,urban/002253.jpg,419
c002,urban/002254.jpg,656
c003,urban/002255.jpg,965
c001,urban/002256.jpg,379
c002,urban/002257.jpg,860
c001,urban/002258.jpg,261
c001,urban/002259.jpg,1066
c002,urban/002260.jpg,972
c002,urban/002261.jpg,841
c001,urban/002262.jpg,768
c001,urban/002263.jpg,623
c003,urban/002264.jpg,1080
c001,urban/002265.jpg,836
c003,urban/002266.jpg,1036
c002,urban/002267.jpg,676
c002,urban/002268.jpg,69
c001,urban/002269.jpg,40
c002,urban/002270.jpg,983
c003,urban/002271.jpg,218
c001,urban/002272.jpg,30
c001,urban/002273.jpg,748
c003,urban/002274.jpg,999
c001,urban/002275.jpg,457
c003,urban/002276.jpg,668
c002,urban/002277.jpg,338
c001,urban/002278.jpg,148
c001,urban/002279.jpg,522
c003,urban/002280.jpg,629
c002,urban/002281.jpg,185
c003,urban/002282.jpg,428
c002,urban/002283.jpg,843
c003,urban/002284.jpg,839
c003,urban/002285.jpg,983
c001,urban/002286.jpg,188
c001,urban/002287.jpg,765
c003,urban/002288.jpg,716
c001,urban/002289.jpg,634
c003,urban/002290.jpg,635
c003,urban/002291.jpg,83
c002,urban/002292.jpg,607
c002,urban/002293.jpg,44
c001,urban/002294.jpg,319
c003,urban/002295.jpg,147
c002,urban/002296.jpg,666
c003,urban/002297.jpg,318
c002,urban/002298.jpg,810
c002,urban/002299.jpg,703
c001,urban/002300.jpg,864
c001,urban/002301.jpg,871
c001,urban/002302.jpg,444
c003,urban/002303.jpg,425
c001,urban/002304.jpg,826
c002,urban/002305.jpg,969
c003,urban/002306.jpg,557
c003,urban/002307.jpg,943
c001,urban/002308.jpg,932
c002,urban/002309.jpg,161
c003,urban/002310.jpg,973
c001,urban/002311.jpg,626
c001,urban/002312.jpg,960
c001,urban/002313.jpg,532
c003,urban/002314.jpg,522
c002,urban/002315.jpg,771
c002,urban/002316.jpg,1049
c002,urban/002317.jpg,586
c002,urban/002318.jpg,1005
c003,urban/002319.jpg,746
c001,urban/002320.jpg,466
c001,urban/002321.jpg,830
c003,urban/002322.jpg,589
c001,urban/002323.jpg,633
c003,urban/002324.jpg,375
c003,urban/002325.jpg,915
c003,urban/002326.jpg,736
c003,urban/002327.jpg,207
c003,urban/002328.jpg,142
c002,urban/002329.jpg,286
c001,urban/002330.jpg,119
c002,urban/002331.jpg,169
c001,urban/002332.jpg,289
c003,urban/002333.jpg,503
c003,urban/002334.jpg,412
c001,urban/002335.jpg,1039
c003,urban/002336.jpg,702
c001,urban/002337.jpg,873
c002,urban/002338.jpg,106
c002,urban/002339.jpg,560
c003,urban/002340.jpg,758
c002,urban/002341.jpg,239
c003,urban/002342.jpg,737
c002,urban/002343.jpg,664
c002,urban/002344.jpg,863
c003,urban/002345.jpg,157
c003,urban/002346.jpg,987
c001,urban/002347.jpg,386
c002,urban/002348.jpg,475
c001,urban/002349.jpg,164
c001,urban/002350.jpg,145
c001,urban/002351.jpg,267
c003,urban/002352.jpg,1088
c002,urban/002353.jpg,650
c003,urban/002354.jpg,785
c001,urban/002355.jpg,692
c002,urban/002356.jpg,647
c001,urban/002357.jpg,910
c001,urban/002358.jpg,1013
c002,urban/002359.jpg,318
c003,urban/002360.jpg,500
c001,urban/002361.jpg,355
c001,urban/002362.jpg,863
c001,urban/002363.jpg,771
c003,urban/002364.jpg,721
c001,urban/002365.jpg,530
c002,urban/002366.jpg,543
c001,urban/002367.jpg,448
c003,urban/002368.jpg,1013
c002,urban/002369.jpg,813
c002,urban/002370.jpg,73
c001,urban/002371.jpg,1005
c001,urban/002372.jpg,826
c002,urban/002373.jpg,848
c001,urban/002374.jpg,212
c001,urban/002375.jpg,1066
c001,urban/002376.jpg,161
c003,urban/002377.jpg,1077
c003,urban/002378.jpg,324
c002,urban/002379.jpg,1029
c003,urban/002380.jpg,137
c001,urban/002381.jpg,83
c002,urban/002382.jpg,760
c001,urban/002383.jpg,124
c002,urban/002384.jpg,552
c001,urban/002385.jpg,796
c001,urban/002386.jpg,310
c003,urban/002387.jpg,536
c003,urban/002388.jpg,541
c003,urban/002389.jpg,623
c001,urban/002390.jpg,690
c001,urban/002391.jpg,1090
c002,urban/002392.jpg,130
c003,urban/002393.jpg,184
c003,urban/002394.jpg,216
c003,urban/002395.jpg,573
c002,urban/002396.jpg,569
c002,urban/002397.jpg,738
c003,urban/002398.jpg,802
c003,urban/002399.jpg,770
c003,urban/002400.jpg,284
c001,urban/002401.jpg,164
c001,urban/002402.jpg,843
c002,urban/002403.jpg,141
c002,urban/002404.jpg,381
c001,urban/002405.jpg,650
c003,urban/002406.jpg,953
c002,urban/002407.jpg,455
c003,urban/002408.jpg,451
c002,urban/002409.jpg,396
c002,urban/002410.jpg,447
c002,urban/002411.jpg,1089
c001,urban/002412.jpg,1029
c001,urban/002413.jpg,579
c003,urban/002414.jpg,26
c001,urban/002415.jpg,86
c002,urban/002416.jpg,89
c001,urban/002417.jpg,899
c001,urban/002418.jpg,155
c002,urban/002419.jpg,179
c002,urban/002420.jpg,771
c002,urban/002421.jpg,280
c002,urban/002422.jpg,236
c002,urban/002423.jpg,642
c001,urban/002424.jpg,946
c001,urban/002425.jpg,124
c001,urban/002426.jpg,969
c003,urban/002427.jpg,70
c003,urban/002428.jpg,984
c001,urban/002429.jpg,642
c002,urban/002430.jpg,846
c002,urban/002431.jpg,1009
c003,urban/002432.jpg,1032
c001,urban/002433.jpg,562
c003,urban/002434.jpg,487
c003,urban/002435.jpg,476
c003,urban/002436.jpg,413
c003,urban/002437.jpg,141
c001,urban/002438.jpg,781
c001,urban/002439.jpg,238
c002,urban/002440.jpg,891
c002,urban/002441.jpg,876
c002,urban/002442.jpg,117
c002,urban/002443.jpg,211
c003,urban/002444.jpg,1051
c003,urban/002445.jpg,135
c003,urban/002446.jpg,579
c002,urban/002447.jpg,717
c003,urban/002448.jpg,938
c001,urban/002449.jpg,387
c002,urban/002450.jpg,852
c001,urban/002451.jpg,278
c001,urban/002452.jpg,136
c003,urban/002453.jpg,606
c001,urban/002454.jpg,210
c001,urban/002455.jpg,800
c002,urban/002456.jpg,221
c001,urban/002457.jpg,498
c001,urban/002458.jpg,45
c003,urban/002459.jpg,998
c003,urban/002460.jpg,628
c001,urban/002461.jpg,848
c002,urban/002462.jpg,78
c002,urban/002463.jpg,738
c003,urban/002464.jpg,522
c001,urban/002465.jpg,153
c001,urban/002466.jpg,557
c001,urban/002467.jpg,178
c001,urban/002468.jpg,270
c003,urban/002469.jpg,1088
c001,urban/002470.jpg,743
c002,urban/002471.jpg,998
c003,urban/002472.jpg,112
c001,urban/002473.jpg,1054
c001,urban/002474.jpg,370
c002,urban/002475.jpg,464
c003,urban/002476.jpg,197
c001,urban/002477.jpg,500
c001,urban/002478.jpg,197
c002,urban/002479.jpg,561
c003,urban/002480.jpg,479
c001,urban/002481.jpg,220
c002,urban/002482.jpg,296
c001,urban/002483.jpg,258
c002,urban/002484.jpg,760
c001,urban/002485.jpg,1061
c001,urban/002486.jpg,181
c001,urban/002487.jpg,1031
c003,urban/002488.jpg,965
c003,urban/002489.jpg,1031
c003,urban/002490.jpg,969
c002,urban/002491.jpg,160
c002,urban/002492.jpg,1067
c001,urban/002493.jpg,282
c002,urban/002494.jpg,886
c002,urban/002495.jpg,862
c001,urban/002496.jpg,749
c002,urban/002497.jpg,937
c001,urban/002498.jpg,422
c003,urban/002499.jpg,774
c003,urban/002500.jpg,576
c001,urban/002501.jpg,613
c001,urban/002502.jpg,1084
c001,urban/002503.jpg,327
c003,urban/002504.jpg,870
c002,urban/002505.jpg,552
c002,urban/002506.jpg,864
c001,urban/002507.jpg,189
c001,urban/002508.jpg,669
c003,urban/002509.jpg,631
c003,urban/002510.jpg,1058
c001,urban/002511.jpg,242
c003,urban/002512.jpg,497
c001,urban/002513.jpg,281
c003,urban/002514.jpg,26
c001,urban/002515.jpg,497
c002,urban/002516.jpg,316
c003,urban/002517.jpg,650
c003,urban/002518.jpg,837
c002,urban/002519.jpg,604
c003,urban/002520.jpg,403
c003,urban/002521.jpg,1058
c001,urban/002522.jpg,156
c002,urban/002523.jpg,210
c002,urban/002524.jpg,288
c002,urban/002525.jpg,386
c003,urban/002526.jpg,436
c003,urban/002527.jpg,613
c001,urban/002528.jpg,984
c003,urban/002529.jpg,780
c002,urban/002530.jpg,821
c001,urban/002531.jpg,392
c001,urban/002532.jpg,876
c003,urban/002533.jpg,613
c002,urban/002534.jpg,808
c001,urban/002535.jpg,637
c003,urban/002536.jpg,20
c002,urban/002537.jpg,229
c002,urban/002538.jpg,251
c002,urban/002539.jpg,329
c001,urban/002540.jpg,783
c002,urban/002541.jpg,1034
c003,urban/002542.jpg,557
c001,urban/002543.jpg,1090
c003,urban/002544.jpg,41
c003,urban/002545.jpg,710
c001,urban/002546.jpg,584
c002,urban/002547.jpg,253
c001,urban/002548.jpg,943
c002,urban/002549.jpg,980
c003,urban/002550.jpg,80
c001,urban/002551.jpg,1053
c002,urban/002552.jpg,410
c001,urban/002553.jpg,945
c001,urban/002554.jpg,462
c001,urban/002555.jpg,1048
c001,urban/002556.jpg,724
c001,urban/002557.jpg,178
c002,urban/002558.jpg,136
c001,urban/002559.jpg,834
c002,urban/002560.jpg,468
c003,urban/002561.jpg,757
c001,urban/002562.jpg,456
c003,urban/002563.jpg,836
c002,urban/002564.jpg,485
c001,urban/002565.jpg,833
c002,urban/002566.jpg,932
c001,urban/002567.jpg,1030
c002,urban/002568.jpg,985
c003,urban/002569.jpg,940
c003,urban/002570.jpg,281
c002,urban/002571.jpg,499
c003,urban/002572.jpg,854
c002,urban/002573.jpg,545
c003,urban/002574.jpg,126
c001,urban/002575.jpg,214
c001,urban/002576.jpg,773
c003,urban/002577.jpg,368
c001,urban/002578.jpg,688
c002,urban/002579.jpg,900
c002,urban/002580.jpg,879
c001,urban/002581.jpg,58
c002,urban/002582.jpg,241
c001,urban/002583.jpg,553
c003,urban/002584.jpg,864
c001,urban/002585.jpg,787
c003,urban/002586.jpg,144
c001,urban/002587.jpg,740
c002,urban/002588.jpg,500
c001,urban/002589.jpg,151
c001,urban/002590.jpg,791
c002,urban/002591.jpg,631
c003,urban/002592.jpg,454
c001,urban/002593.jpg,78
c002,urban/002594.jpg,749
c002,urban/002595.jpg,1087
c002,urban/002596.jpg,692
c001,urban/002597.jpg,909
c001,urban/002598.jpg,154
c003,urban/002599.jpg,523
c002,urban/002600.jpg,13
c001,urban/002601.jpg,1020
c003,urban/002602.jpg,1006
c001,urban/002603.jpg,1038
c003,urban/002604.jpg,988
c003,urban/002605.jpg,984
c002,urban/002606.jpg,458
c001,urban/002607.jpg,737
c002,urban/002608.jpg,613
c001,urban/002609.jpg,1033
c001,urban/002610.jpg,666
c003,urban/002611.jpg,419
c001,urban/002612.jpg,816
c001,urban/002613.jpg,264
c001,urban/002614.jpg,578
c002,urban/002615.jpg,114
c001,urban/002616.jpg,635
c001,urban/002617.jpg,789
c003,urban/002618.jpg,1066
c003,urban/002619.jpg,791
c003,urban/002620.jpg,194
c003,urban/002621.jpg,850
c002,urban/002622.jpg,437
c002,urban/002623.jpg,264
c003,urban/002624.jpg,60
c002,urban/002625.jpg,505
c002,urban/002626.jpg,999
c001,urban/002627.jpg,465
c003,urban/002628.jpg,709
c001,urban/002629.jpg,70
c001,urban/002630.jpg,446
c003,urban/002631.jpg,616
c001,urban/002632.jpg,291
c003,urban/002633.jpg,938
c002,urban/002634.jpg,739
c002,urban/002635.jpg,852
c003,urban/002636.jpg,535
c001,urban/002637.jpg,460
c002,urban/002638.jpg,849
c003,urban/002639.jpg,259
c003,urban/002640.jpg,386
c003,urban/002641.jpg,954
c001,urban/002642.jpg,63
c001,urban/002643.jpg,756
c002,urban/002644.jpg,840
c001,urban/002645.jpg,500
c002,urban/002646.jpg,585
c001,urban/002647.jpg,259
c002,urban/002648.jpg,798
c002,urban/002649.jpg,422
c001,urban/002650.jpg,367
c002,urban/002651.jpg,950
c002,urban/002652.jpg,946
c002,urban/002653.jpg,635
c002,urban/002654.jpg,265
c003,urban/002655.jpg,916
c002,urban/002656.jpg,223
c001,urban/002657.jpg,58
c001,urban/002658.jpg,313
c002,urban/002659.jpg,746
c001,urban/002660.jpg,644
c002,urban/002661.jpg,946
c002,urban/002662.jpg,439
c001,urban/002663.jpg,1090
c001,urban/002664.jpg,114
c002,urban/002665.jpg,268
c001,urban/002666.jpg,483
c001,urban/002667.jpg,998
c003,urban/002668.jpg,413
c003,urban/002669.jpg,729
c002,urban/002670.jpg,386
c001,urban/002671.jpg,699
c001,urban/002672.jpg,796
c003,urban/002673.jpg,486
c003,urban/002674.jpg,112
c002,urban/002675.jpg,999
c001,urban/002676.jpg,401
c003,urban/002677.jpg,262
c003,urban/002678.jpg,1054
c003,urban/002679.jpg,142
c003,urban/002680.jpg,544
c003,urban/002681.jpg,1007
c001,urban/002682.jpg,600
c003,urban/002683.jpg,767
c001,urban/002684.jpg,353
c002,urban/002685.jpg,398
c003,urban/002686.jpg,126
c002,urban/002687.jpg,856
c003,urban/002688.jpg,223
c001,urban/002689.jpg,861
c002,urban/002690.jpg,428
c002,urban/002691.jpg,675
c003,urban/002692.jpg,740
c002,urban/002693.jpg,66
c001,urban/002694.jpg,202
c002,urban/002695.jpg,571
c003,urban/002696.jpg,646
c001,urban/002697.jpg,900
c001,urban/002698.jpg,654
c003,urban/002699.jpg,610
c001,urban/002700.jpg,57
c001,urban/002701.jpg,134
c001,urban/002702.jpg,46
c003,urban/002703.jpg,969
c001,urban/002704.jpg,208
c001,urban/002705.jpg,407
c003,urban/002706.jpg,308
c001,urban/002707.jpg,963
c001,urban/002708.jpg,46
c001,urban/002709.jpg,516
c001,urban/002710.jpg,918
c001,urban/002711.jpg,615
c003,urban/002712.jpg,350
c002,urban/002713.jpg,23
c001,urban/002714.jpg,536
c003,urban/002715.jpg,563
c002,urban/002716.jpg,801
c003,urban/002717.jpg,890
c001,urban/002718.jpg,516
c003,urban/002719.jpg,301
c003,urban/002720.jpg,793
c003,urban/002721.jpg,1044
c001,urban/002722.jpg,504
c001,urban/002723.jpg,1052
c002,urban/002724.jpg,541
c002,urban/002725.jpg,265
c003,urban/002726.jpg,694
c001,urban/002727.jpg,946
c002,urban/002728.jpg,505
c001,urban/002729.jpg,743
c002,urban/002730.jpg,296
c003,urban/002731.jpg,925
c003,urban/002732.jpg,504
c003,urban/002733.jpg,834
c003,urban/002734.jpg,1065
c001,urban/002735.jpg,487
c003,urban/002736.jpg,1021
c003,urban/002737.jpg,307
c001,urban/002738.jpg,233
c001,urban/002739.jpg,885
c001,urban/002740.jpg,239
c001,urban/002741.jpg,557
c003,urban/002742.jpg,109
c003,urban/002743.jpg,508
c003,urban/002744.jpg,329
c001,urban/002745.jpg,398
c002,urban/002746.jpg,614
c002,urban/002747.jpg,925
c001,urban/002748.jpg,1032
c002,urban/002749.jpg,1090
c003,urban/002750.jpg,988
c002,urban/002751.jpg,383
c001,urban/002752.jpg,1036
c001,urban/002753.jpg,825
c002,urban/002754.jpg,130
c001,urban/002755.jpg,119
c002,urban/002756.jpg,969
c001,urban/002757.jpg,748
c003,urban/002758.jpg,370
c001,urban/002759.jpg,814
c002,urban/002760.jpg,646
c002,urban/002761.jpg,943
c001,urban/002762.jpg,202
c003,urban/002763.jpg,38
c001,urban/002764.jpg,535
c001,urban/002765.jpg,1067
c003,urban/002766.jpg,628
c002,urban/002767.jpg,607
c003,urban/002768.jpg,664
c003,urban/002769.jpg,1062
c003,urban/002770.jpg,275
c001,urban/002771.jpg,751
c002,urban/002772.jpg,440
c002,urban/002773.jpg,247
c001,urban/002774.jpg,579
c003,urban/002775.jpg,623
c001,urban/002776.jpg,597
c003,urban/002777.jpg,593
c001,urban/002778.jpg,900
c003,urban/002779.jpg,886
c002,urban/002780.jpg,465
c001,urban/002781.jpg,431
c002,urban/002782.jpg,346
c001,urban/002783.jpg,767
c001,urban/002784.jpg,839
c001,urban/002785.jpg,992
c002,urban/002786.jpg,876
c002,urban/002787.jpg,906
c001,urban/002788.jpg,589
c001,urban/002789.jpg,868
c002,urban/002790.jpg,183
c003,urban/002791.jpg,108
c002,urban/002792.jpg,651
c001,urban/002793.jpg,947
c003,urban/002794.jpg,115
c003,urban/002795.jpg,394
c002,urban/002796.jpg,216
c001,urban/002797.jpg,199
c003,urban/002798.jpg,83
c002,urban/002799.jpg,206
c002,urban/002800.jpg,958
c002,urban/002801.jpg,848
c003,urban/002802.jpg,956
c002,urban/002803.jpg,839
c002,urban/002804.jpg,585
c001,urban/002805.jpg,746
c002,urban/002806.jpg,512
c003,urban/002807.jpg,264
c001,urban/002808.jpg,13
c001,urban/002809.jpg,971
c003,urban/002810.jpg,279
c001,urban/002811.jpg,130
c001,urban/002812.jpg,253
c003,urban/002813.jpg,1044
c003,urban/002814.jpg,561
c003,urban/002815.jpg,492
c003,urban/002816.jpg,549
c003,urban/002817.jpg,391
c002,urban/002818.jpg,463
c003,urban/002819.jpg,202
c003,urban/002820.jpg,22
c003,urban/002821.jpg,791
c002,urban/002822.jpg,832
c002,urban/002823.jpg,427
c003,urban/002824.jpg,232
c003,urban/002825.jpg,653
c003,urban/002826.jpg,2
c003,urban/002827.jpg,827
c003,urban/002828.jpg,14
c003,urban/002829.jpg,946
c002,urban/002830.jpg,958
c002,urban/002831.jpg,58
c002,urban/002832.jpg,1036
c002,urban/002833.jpg,128
c001,urban/002834.jpg,780
c001,urban/002835.jpg,1023
c001,urban/002836.jpg,175
c003,urban/002837.jpg,105
c001,urban/002838.jpg,643
c002,urban/002839.jpg,522
c002,urban/002840.jpg,34
c002,urban/002841.jpg,999
c002,urban/002842.jpg,922
c001,urban/002843.jpg,19
c001,urban/002844.jpg,244
c003,urban/002845.jpg,203
c001,urban/002846.jpg,423
c002,urban/002847.jpg,177
c003,urban/002848.jpg,923
c001,urban/002849.jpg,613
c003,urban/002850.jpg,894
c003,urban/002851.jpg,641
c003,urban/002852.jpg,298
c002,urban/002853.jpg,238
c001,urban/002854.jpg,565
c002,urban/002855.jpg,844
c003,urban/002856.jpg,1007
c003,urban/002857.jpg,471
c001,urban/002858.jpg,100
c003,urban/002859.jpg,23
c001,urban/002860.jpg,159
c002,urban/002861.jpg,1080
c001,urban/002862.jpg,843
c003,urban/002863.jpg,394
c002,urban/002864.jpg,318
c003,urban/002865.jpg,136
c003,urban/002866.jpg,266
c003,urban/002867.jpg,793
c003,urban/002868.jpg,846
c003,urban/002869.jpg,961
c001,urban/002870.jpg,277
c001,urban/002871.jpg,353
c003,urban/002872.jpg,264
c003,urban/002873.jpg,460
c002,urban/002874.jpg,651
c001,urban/002875.jpg,246
c003,urban/002876.jpg,859
c002,urban/002877.jpg,134
c001,urban/002878.jpg,585
c001,urban/002879.jpg,78
c001,urban/002880.jpg,529
c002,urban/002881.jpg,818
c002,urban/002882.jpg,454
c003,urban/002883.jpg,931
c001,urban/002884.jpg,363
c002,urban/002885.jpg,539
c002,urban/002886.jpg,1090
c003,urban/002887.jpg,357
c001,urban/002888.jpg,690
c001,urban/002889.jpg,566
c002,urban/002890.jpg,952
c001,urban/002891.jpg,54
c003,urban/002892.jpg,190
c002,urban/002893.jpg,133
c003,urban/002894.jpg,1061
c003,urban/002895.jpg,916
c001,urban/002896.jpg,975
c001,urban/002897.jpg,410
c002,urban/002898.jpg,718
c002,urban/002899.jpg,326
c002,urban/002900.jpg,1059
c003,urban/002901.jpg,871
c002,urban/002902.jpg,579
c003,urban/002903.jpg,1014
c003,urban/002904.jpg,584
c003,urban/002905.jpg,220
c003,urban/002906.jpg,422
c003,urban/002907.jpg,364
c003,urban/002908.jpg,522
c001,urban/002909.jpg,1022
c002,urban/002910.jpg,625
c001,urban/002911.jpg,888
c002,urban/002912.jpg,956
c002,urban/002913.jpg,367
c002,urban/002914.jpg,99
c003,urban/002915.jpg,431
c002,urban/002916.jpg,215
c003,urban/002917.jpg,430
c003,urban/002918.jpg,563
c002,urban/002919.jpg,526
c001,urban/002920.jpg,422
c002,urban/002921.jpg,745
c001,urban/002922.jpg,181
c001,urban/002923.jpg,909
c002,urban/002924.jpg,443
c003,urban/002925.jpg,750
c001,urban/002926.jpg,258
c001,urban/002927.jpg,657
c003,urban/002928.jpg,717
c003,urban/002929.jpg,552
c003,urban/002930.jpg,79
c002,urban/002931.jpg,180
c003,urban/002932.jpg,282
c001,urban/002933.jpg,873
c001,urban/002934.jpg,226
c003,urban/002935.jpg,63
c002,urban/002936.jpg,565
c001,urban/002937.jpg,868
c003,urban/002938.jpg,379
c001,urban/002939.jpg,717
c001,urban/002940.jpg,246
c001,urban/002941.jpg,769
c002,urban/002942.jpg,62
c003,urban/002943.jpg,473
c002,urban/002944.jpg,382
c002,urban/002945.jpg,771
c002,urban/002946.jpg,111
c001,urban/002947.jpg,775
c002,urban/002948.jpg,743
c001,urban/002949.jpg,91
c003,urban/002950.jpg,428
c001,urban/002951.jpg,883
c003,urban/002952.jpg,524
c003,urban/002953.jpg,647
c001,urban/002954.jpg,233
c003,urban/002955.jpg,504
c001,urban/002956.jpg,862
c002,urban/002957.jpg,664
c002,urban/002958.jpg,281
c002,urban/002959.jpg,789
c002,urban/002960.jpg,785
c001,urban/002961.jpg,988
c003,urban/002962.jpg,542
c003,urban/002963.jpg,545
c002,urban/002964.jpg,871
c002,urban/002965.jpg,86
c003,urban/002966.jpg,717
c001,urban/002967.jpg,1008
c002,urban/002968.jpg,765
c002,urban/002969.jpg,848
c001,urban/002970.jpg,95
c003,urban/002971.jpg,262
c002,urban/002972.jpg,888
c001,urban/002973.jpg,728
c003,urban/002974.jpg,265
c001,urban/002975.jpg,586
c001,urban/002976.jpg,710
c002,urban/002977.jpg,561
c001,urban/002978.jpg,135
c001,urban/002979.jpg,572
c002,urban/002980.jpg,716
c003,urban/002981.jpg,252
c002,urban/002982.jpg,984
c003,urban/002983.jpg,496
c003,urban/002984.jpg,747
c001,urban/002985.jpg,693
c001,urban/002986.jpg,776
c002,urban/002987.jpg,850
c002,urban/002988.jpg,960
c001,urban/002989.jpg,309
c002,urban/002990.jpg,804
c003,urban/002991.jpg,874
c002,urban/002992.jpg,1054
c001,urban/002993.jpg,770
c001,urban/002994.jpg,46
c001,urban/002995.jpg,909
c002,urban/002996.jpg,1044
c001,urban/002997.jpg,130
c003,urban/002998.jpg,696
c002,urban/002999.jpg,386
c001,urban/003000.jpg,552
c003,urban/003001.jpg,230
c003,urban/003002.jpg,912
c003,urban/003003.jpg,173
c002,urban/003004.jpg,291
c002,urban/003005.jpg,84
c001,urban/003006.jpg,920
c001,urban/003007.jpg,476
c001,urban/003008.jpg,981
c001,urban/003009.jpg,756
c002,urban/003010.jpg,80
c001,urban/003011.jpg,993
c001,urban/003012.jpg,72
c003,urban/003013.jpg,254
c003,urban/003014.jpg,882
c002,urban/003015.jpg,539
c002,urban/003016.jpg,45
c002,urban/003017.jpg,381
c003,urban/003018.jpg,1087
c003,urban/003019.jpg,454
c003,urban/003020.jpg,710
c003,urban/003021.jpg,604
c003,urban/003022.jpg,662
c003,urban/003023.jpg,1090
c002,urban/003024.jpg,557
c001,urban/003025.jpg,601
c003,urban/003026.jpg,1083
c003,urban/003027.jpg,942
c001,urban/003028.jpg,347
c002,urban/003029.jpg,556
c003,urban/003030.jpg,54
c003,urban/003031.jpg,970
c003,urban/003032.jpg,693
c002,urban/003033.jpg,45
c002,urban/003034.jpg,124
c002,urban/003035.jpg,208
c003,urban/003036.jpg,665
c003,urban/003037.jpg,132
c001,urban/003038.jpg,847
c001,urban/003039.jpg,988
c003,urban/003040.jpg,13
c002,urban/003041.jpg,860
c002,urban/003042.jpg,106
c003,urban/003043.jpg,922
c001,urban/003044.jpg,190
c002,urban/003045.jpg,1078
c002,urban/003046.jpg,717
c003,urban/003047.jpg,353
c003,urban/003048.jpg,865
c002,urban/003049.jpg,103
c001,urban/003050.jpg,819
c003,urban/003051.jpg,904
c002,urban/003052.jpg,384
c002,urban/003053.jpg,557
c001,urban/003054.jpg,471
c003,urban/003055.jpg,280
c002,urban/003056.jpg,109
c003,urban/003057.jpg,367
c003,urban/003058.jpg,185
c001,urban/003059.jpg,282
c002,urban/003060.jpg,757
c001,urban/003061.jpg,818
c002,urban/003062.jpg,869
c001,urban/003063.jpg,1074
c002,urban/003064.jpg,291
c002,urban/003065.jpg,401
c003,urban/003066.jpg,957
c003,urban/003067.jpg,683
c003,urban/003068.jpg,307
c001,urban/003069.jpg,904
c003,urban/003070.jpg,1052
c002,urban/003071.jpg,979
c001,urban/003072.jpg,473
c001,urban/003073.jpg,849
c003,urban/003074.jpg,29
c002,urban/003075.jpg,431
c001,urban/003076.jpg,1064
c002,urban/003077.jpg,969
c003,urban/003078.jpg,500
c002,urban/003079.jpg,201
c002,urban/003080.jpg,470
c003,urban/003081.jpg,96
c001,urban/003082.jpg,886
c002,urban/003083.jpg,566
c002,urban/003084.jpg,810
c001,urban/003085.jpg,1
c003,urban/003086.jpg,117
c001,urban/003087.jpg,551
c001,urban/003088.jpg,438
c001,urban/003089.jpg,761
c001,urban/003090.jpg,491
c001,urban/003091.jpg,543
c002,urban/003092.jpg,279
c001,urban/003093.jpg,757
c003,urban/003094.jpg,586
c002,urban/003095.jpg,887
c002,urban/003096.jpg,75
c001,urban/003097.jpg,569
c001,urban/003098.jpg,440
c002,urban/003099.jpg,815
c003,urban/003100.jpg,850
c002,urban/003101.jpg,331
c003,urban/003102.jpg,535
c003,urban/003103.jpg,163
c002,urban/003104.jpg,210
c003,urban/003105.jpg,277
c003,urban/003106.jpg,117
c002,urban/003107.jpg,841
c002,urban/003108.jpg,606
c002,urban/003109.jpg,1064
c001,urban/003110.jpg,1081
c003,urban/003111.jpg,713
c001,urban/003112.jpg,1064
c003,urban/003113.jpg,1069
c003,urban/003114.jpg,853
c003,urban/003115.jpg,84
c002,urban/003116.jpg,126
c002,urban/003117.jpg,666
c001,urban/003118.jpg,760
c001,urban/003119.jpg,366
c001,urban/003120.jpg,128
c001,urban/003121.jpg,579
c002,urban/003122.jpg,736
c003,urban/003123.jpg,187
c001,urban/003124.jpg,111
c002,urban/003125.jpg,961
c002,urban/003126.jpg,861
c001,urban/003127.jpg,345
c001,urban/003128.jpg,746
c003,urban/003129.jpg,936
c003,urban/003130.jpg,941
c003,urban/003131.jpg,463
c001,urban/003132.jpg,680
c003,urban/003133.jpg,654
c002,urban/003134.jpg,623
c001,urban/003135.jpg,695
c001,urban/003136.jpg,448
c003,urban/003137.jpg,309
c001,urban/003138.jpg,947
c002,urban/003139.jpg,367
c003,urban/003140.jpg,26
c002,urban/003141.jpg,817
c001,urban/003142.jpg,725
c002,urban/003143.jpg,957
c003,urban/003144.jpg,699
c001,urban/003145.jpg,816
c003,urban/003146.jpg,932
c001,urban/003147.jpg,1040
c001,urban/003148.jpg,650
c002,urban/003149.jpg,707
c001,urban/003150.jpg,423
c002,urban/003151.jpg,737
c001,urban/003152.jpg,337
c001,urban/003153.jpg,843
c002,urban/003154.jpg,368
c003,urban/003155.jpg,548
c001,urban/003156.jpg,1088
c001,urban/003157.jpg,929
c002,urban/003158.jpg,31
c003,urban/003159.jpg,177
c003,urban/003160.jpg,788
c002,urban/003161.jpg,1070
c003,urban/003162.jpg,35
c001,urban/003163.jpg,141
c003,urban/003164.jpg,629
c001,urban/003165.jpg,279
c002,urban/003166.jpg,796
c002,urban/003167.jpg,778
c003,urban/003168.jpg,451
c001,urban/003169.jpg,569
c003,urban/003170.jpg,637
c002,urban/003171.jpg,521
c003,urban/003172.jpg,848
c001,urban/003173.jpg,974
c001,urban/003174.jpg,117
c001,urban/003175.jpg,861
c001,urban/003176.jpg,793
c003,urban/003177.jpg,737
c001,urban/003178.jpg,651
c003,urban/003179.jpg,644
c002,urban/003180.jpg,736
c002,urban/003181.jpg,623
c003,urban/003182.jpg,82
c001,urban/003183.jpg,973
c002,urban/003184.jpg,584
c001,urban/003185.jpg,535
c003,urban/003186.jpg,707
c002,urban/003187.jpg,680
c003,urban/003188.jpg,1003
c003,urban/003189.jpg,318
c003,urban/003190.jpg,640
c001,urban/003191.jpg,568
c001,urban/003192.jpg,207
c002,urban/003193.jpg,216
c003,urban/003194.jpg,911
c002,urban/003195.jpg,627
c001,urban/003196.jpg,352
c001,urban/003197.jpg,702
c003,urban/003198.jpg,851
c003,urban/003199.jpg,865
c003,urban/003200.jpg,199
c003,urban/003201.jpg,322
c001,urban/003202.jpg,943
c002,urban/003203.jpg,628
c002,urban/003204.jpg,172
c002,urban/003205.jpg,758
c001,urban/003206.jpg,295
c003,urban/003207.jpg,926
c002,urban/003208.jpg,1006
c003,urban/003209.jpg,1005
c001,urban/003210.jpg,537
c002,urban/003211.jpg,1073
c003,urban/003212.jpg,132
c001,urban/003213.jpg,889
c001,urban/003214.jpg,156
c002,urban/003215.jpg,266
c002,urban/003216.jpg,13
c001,urban/003217.jpg,728
c002,urban/003218.jpg,498
c003,urban/003219.jpg,619
c002,urban/003220.jpg,199
c001,urban/003221.jpg,221
c001,urban/003222.jpg,1055
c001,urban/003223.jpg,884
c002,urban/003224.jpg,842
c001,urban/003225.jpg,818
c003,urban/003226.jpg,321
c001,urban/003227.jpg,469
c003,urban/003228.jpg,161
c003,urban/003229.jpg,77
c002,urban/003230.jpg,887
c001,urban/003231.jpg,459
c001,urban/003232.jpg,1078
c003,urban/003233.jpg,491
c002,urban/003234.jpg,437
c002,urban/003235.jpg,306
c001,urban/003236.jpg,548
c003,urban/003237.jpg,982
c001,urban/003238.jpg,247
c003,urban/003239.jpg,97
c001,urban/003240.jpg,610
c002,urban/003241.jpg,440
c003,urban/003242.jpg,95
c002,urban/003243.jpg,414
c003,urban/003244.jpg,606
c001,urban/003245.jpg,106
c001,urban/003246.jpg,117
c002,urban/003247.jpg,572
c002,urban/003248.jpg,169
c003,urban/003249.jpg,886
c003,urban/003250.jpg,669
c003,urban/003251.jpg,708
c001,urban/003252.jpg,380
c003,urban/003253.jpg,862
c001,urban/003254.jpg,629
c002,urban/003255.jpg,431
c003,urban/003256.jpg,396
c002,urban/003257.jpg,900
c003,urban/003258.jpg,321
c003,urban/003259.jpg,1028
c002,urban/003260.jpg,521
c003,urban/003261.jpg,995
c001,urban/003262.jpg,525
c003,urban/003263.jpg,582
c001,urban/003264.jpg,582
c002,urban/003265.jpg,857
c001,urban/003266.jpg,829
c001,urban/003267.jpg,164
c001,urban/003268.jpg,512
c002,urban/003269.jpg,457
c002,urban/003270.jpg,580
c001,urban/003271.jpg,799
c001,urban/003272.jpg,746
c002,urban/003273.jpg,1037
c002,urban/003274.jpg,417
c002,urban/003275.jpg,887
c001,urban/003276.jpg,659
c001,urban/003277.jpg,565
c003,urban/003278.jpg,981
c002,urban/003279.jpg,258
c001,urban/003280.jpg,439
c002,urban/003281.jpg,1077
c003,urban/003282.jpg,863
c001,urban/003283.jpg,613
c002,urban/003284.jpg,172
c003,urban/003285.jpg,860
c003,urban/003286.jpg,178
c002,urban/003287.jpg,541
c001,urban/003288.jpg,852
c001,urban/003289.jpg,454
c003,urban/003290.jpg,222
c002,urban/003291.jpg,38
c003,urban/003292.jpg,1035
c002,urban/003293.jpg,582
c003,urban/003294.jpg,333
c001,urban/003295.jpg,879
c002,urban/003296.jpg,991
c002,urban/003297.jpg,382
c002,urban/003298.jpg,60
c003,urban/003299.jpg,253
c002,urban/003300.jpg,843
c003,urban/003301.jpg,1085
c002,urban/003302.jpg,611
c002,urban/003303.jpg,796
c001,urban/003304.jpg,1033
c002,urban/003305.jpg,682
c001,urban/003306.jpg,926
c003,urban/003307.jpg,46
c001,urban/003308.jpg,7
c001,urban/003309.jpg,129
c001,urban/003310.jpg,817
c003,urban/003311.jpg,885
c002,urban/003312.jpg,422
c002,urban/003313.jpg,924
c002,urban/003314.jpg,160
c001,urban/003315.jpg,627
c002,urban/003316.jpg,743
c001,urban/003317.jpg,870
c002,urban/003318.jpg,846
c003,urban/003319.jpg,912
c001,urban/003320.jpg,545
c003,urban/003321.jpg,38
c001,urban/003322.jpg,1065
c003,urban/003323.jpg,574
c001,urban/003324.jpg,766
c001,urban/003325.jpg,421
c002,urban/003326.jpg,923
c002,urban/003327.jpg,234
c003,urban/003328.jpg,220
c001,urban/003329.jpg,689
c001,urban/003330.jpg,457
c003,urban/003331.jpg,62
c002,urban/003332.jpg,239
c002,urban/003333.jpg,1041
c001,urban/003334.jpg,557
c003,urban/003335.jpg,992
c001,urban/003336.jpg,1038
c003,urban/003337.jpg,119
c003,urban/003338.jpg,651
c003,urban/003339.jpg,12
c002,urban/003340.jpg,504
c001,urban/003341.jpg,662
c002,urban/003342.jpg,1084
c003,urban/003343.jpg,380
c001,urban/003344.jpg,819
c003,urban/003345.jpg,121
c001,urban/003346.jpg,72
c003,urban/003347.jpg,880
c001,urban/003348.jpg,969
c002,urban/003349.jpg,1031
c001,urban/003350.jpg,909
c003,urban/003351.jpg,71
c002,urban/003352.jpg,886
c002,urban/003353.jpg,308
c003,urban/003354.jpg,580
c002,urban/003355.jpg,408
c002,urban/003356.jpg,836
c001,urban/003357.jpg,522
c003,urban/003358.jpg,801
c001,urban/003359.jpg,651
c003,urban/003360.jpg,86
c002,urban/003361.jpg,181
c003,urban/003362.jpg,902
c003,urban/003363.jpg,352
c002,urban/003364.jpg,156
c002,urban/003365.jpg,241
c003,urban/003366.jpg,725
c002,urban/003367.jpg,237
c002,urban/003368.jpg,811
c003,urban/003369.jpg,501
c002,urban/003370.jpg,1043
c003,urban/003371.jpg,141
c001,urban/003372.jpg,875
c001,urban/003373.jpg,1014
c003,urban/003374.jpg,841
c002,urban/003375.jpg,40
c002,urban/003376.jpg,597
c002,urban/003377.jpg,229
c003,urban/003378.jpg,326
c002,urban/003379.jpg,600
c003,urban/003380.jpg,801
c003,urban/003381.jpg,174
c002,urban/003382.jpg,221
c003,urban/003383.jpg,981
c002,urban/003384.jpg,907
c001,urban/003385.jpg,216
c003,urban/003386.jpg,891
c003,urban/003387.jpg,414
c002,urban/003388.jpg,631
c003,urban/003389.jpg,936
c003,urban/003390.jpg,25
c003,urban/003391.jpg,116
c001,urban/003392.jpg,525
c003,urban/003393.jpg,1047
c003,urban/003394.jpg,259
c003,urban/003395.jpg,1013
c003,urban/003396.jpg,160
c001,urban/003397.jpg,334
c002,urban/003398.jpg,1078
c002,urban/003399.jpg,771
c002,urban/003400.jpg,1014
c001,urban/003401.jpg,144
c003,urban/003402.jpg,355
c001,urban/003403.jpg,872
c003,urban/003404.jpg,151
c003,urban/003405.jpg,1055
c003,urban/003406.jpg,204
c003,urban/003407.jpg,318
c003,urban/003408.jpg,586
c002,urban/003409.jpg,589
c003,urban/003410.jpg,96
c002,urban/003411.jpg,841
c001,urban/003412.jpg,849
c003,urban/003413.jpg,1075
c002,urban/003414.jpg,595
c002,urban/003415.jpg,408
c001,urban/003416.jpg,55
c001,urban/003417.jpg,822
c002,urban/003418.jpg,449
c002,urban/003419.jpg,1042
c003,urban/003420.jpg,88
c002,urban/003421.jpg,506
c003,urban/003422.jpg,221
c003,urban/003423.jpg,313
c001,urban/003424.jpg,358
c002,urban/003425.jpg,207
c002,urban/003426.jpg,526
c001,urban/003427.jpg,571
c001,urban/003428.jpg,134
c002,urban/003429.jpg,622
c002,urban/003430.jpg,495
c002,urban/003431.jpg,589
c001,urban/003432.jpg,420
c003,urban/003433.jpg,156
c002,urban/003434.jpg,259
c001,urban/003435.jpg,406
c002,urban/003436.jpg,201
c003,urban/003437.jpg,109
c002,urban/003438.jpg,124
c001,urban/003439.jpg,700
c003,urban/003440.jpg,624
c001,urban/003441.jpg,546
c001,urban/003442.jpg,121
c001,urban/003443.jpg,1064
c003,urban/003444.jpg,887
c003,urban/003445.jpg,987
c003,urban/003446.jpg,988
c003,urban/003447.jpg,437
c002,urban/003448.jpg,631
c003,urban/003449.jpg,681
c001,urban/003450.jpg,141
c002,urban/003451.jpg,227
c002,urban/003452.jpg,318
c003,urban/003453.jpg,125
c001,urban/003454.jpg,62
c002,urban/003455.jpg,922
c001,urban/003456.jpg,84
c003,urban/003457.jpg,51
c001,urban/003458.jpg,962
c002,urban/003459.jpg,831
c003,urban/003460.jpg,745
c002,urban/003461.jpg,88
c002,urban/003462.jpg,712
c001,urban/003463.jpg,918
c003,urban/003464.jpg,730
c003,urban/003465.jpg,633
c003,urban/003466.jpg,352
c002,urban/003467.jpg,901
c002,urban/003468.jpg,810
c002,urban/003469.jpg,890
c003,urban/003470.jpg,240
c001,urban/003471.jpg,437
c001,urban/003472.jpg,927
c003,urban/003473.jpg,850
c002,urban/003474.jpg,540
c003,urban/003475.jpg,245
c003,urban/003476.jpg,408
c002,urban/003477.jpg,650
c003,urban/003478.jpg,402
c002,urban/003479.jpg,235
c001,urban/003480.jpg,998
c003,urban/003481.jpg,761
c003,urban/003482.jpg,392
c001,urban/003483.jpg,27
c003,urban/003484.jpg,162
c003,urban/003485.jpg,924
c002,urban/003486.jpg,499
c003,urban/003487.jpg,429
c003,urban/003488.jpg,554
c001,urban/003489.jpg,641
c001,urban/003490.jpg,369
c003,urban/003491.jpg,638
c003,urban/003492.jpg,1008
c001,urban/003493.jpg,431
c001,urban/003494.jpg,421
c002,urban/003495.jpg,262
c001,urban/003496.jpg,57
c001,urban/003497.jpg,200
c003,urban/003498.jpg,579
c002,urban/003499.jpg,683
c001,urban/003500.jpg,541
c002,urban/003501.jpg,482
c003,urban/003502.jpg,664
c003,urban/003503.jpg,460
c001,urban/003504.jpg,18
c003,urban/003505.jpg,304
c001,urban/003506.jpg,1054
c002,urban/003507.jpg,206
c002,urban/003508.jpg,54
c001,urban/003509.jpg,472
c003,urban/003510.jpg,141
c001,urban/003511.jpg,241
c002,urban/003512.jpg,148
c003,urban/003513.jpg,14
c001,urban/003514.jpg,27
c002,urban/003515.jpg,646
c002,urban/003516.jpg,353
c002,urban/003517.jpg,197
c001,urban/003518.jpg,277
c001,urban/003519.jpg,300
c001,urban/003520.jpg,1080
c001,urban/003521.jpg,26
c003,urban/003522.jpg,172
c003,urban/003523.jpg,811
c003,urban/003524.jpg,253
c001,urban/003525.jpg,206
c001,urban/003526.jpg,838
c002,urban/003527.jpg,196
c001,urban/003528.jpg,949
c003,urban/003529.jpg,576
c002,urban/003530.jpg,915
c003,urban/003531.jpg,389
c003,urban/003532.jpg,812
c002,urban/003533.jpg,413
c001,urban/003534.jpg,367
c001,urban/003535.jpg,619
c002,urban/003536.jpg,1037
c001,urban/003537.jpg,877
c001,urban/003538.jpg,38
c003,urban/003539.jpg,196
c001,urban/003540.jpg,250
c001,urban/003541.jpg,333
c002,urban/003542.jpg,971
c001,urban/003543.jpg,801
c001,urban/003544.jpg,238
c003,urban/003545.jpg,881
c003,urban/003546.jpg,163
c003,urban/003547.jpg,326
c002,urban/003548.jpg,420
c001,urban/003549.jpg,120
c001,urban/003550.jpg,207
c003,urban/003551.jpg,88
c002,urban/003552.jpg,719
c003,urban/003553.jpg,328
c002,urban/003554.jpg,500
c002,urban/003555.jpg,1055
c003,urban/003556.jpg,1059
c003,urban/003557.jpg,51
c003,urban/003558.jpg,605
c003,urban/003559.jpg,482
c003,urban/003560.jpg,911
c003,urban/003561.jpg,15
c002,urban/003562.jpg,493
c001,urban/003563.jpg,89
c003,urban/003564.jpg,808
c001,urban/003565.jpg,541
c003,urban/003566.jpg,77
c003,urban/003567.jpg,719
c003,urban/003568.jpg,484
c002,urban/003569.jpg,165
c002,urban/003570.jpg,436
c002,urban/003571.jpg,431
c001,urban/003572.jpg,475
c003,urban/003573.jpg,339
c001,urban/003574.jpg,874
c002,urban/003575.jpg,424
c002,urban/003576.jpg,13
c002,urban/003577.jpg,911
c003,urban/003578.jpg,326
c001,urban/003579.jpg,497
c001,urban/003580.jpg,559
c003,urban/003581.jpg,856
c002,urban/003582.jpg,119
c003,urban/003583.jpg,901
c002,urban/003584.jpg,797
c002,urban/003585.jpg,1055
c003,urban/003586.jpg,948
c002,urban/003587.jpg,904
c002,urban/003588.jpg,612
c002,urban/003589.jpg,152
c001,urban/003590.jpg,501
c003,urban/003591.jpg,293
c001,urban/003592.jpg,128
c003,urban/003593.jpg,863
c001,urban/003594.jpg,847
c001,urban/003595.jpg,396
c001,urban/003596.jpg,862
c001,urban/003597.jpg,778
c002,urban/003598.jpg,710
c003,urban/003599.jpg,161
c001,urban/003600.jpg,713
c001,urban/003601.jpg,984
c002,urban/003602.jpg,272
c001,urban/003603.jpg,698
c002,urban/003604.jpg,1051
c003,urban/003605.jpg,656
c001,urban/003606.jpg,266
c001,urban/003607.jpg,183
c001,urban/003608.jpg,954
c003,urban/003609.jpg,1047
c002,urban/003610.jpg,753
c002,urban/003611.jpg,292
c002,urban/003612.jpg,284
c001,urban/003613.jpg,540
c001,urban/003614.jpg,918
c001,urban/003615.jpg,329
c003,urban/003616.jpg,988
c002,urban/003617.jpg,426
c001,urban/003618.jpg,515
c001,urban/003619.jpg,1065
c002,urban/003620.jpg,852
c001,urban/003621.jpg,1040
c003,urban/003622.jpg,769
c001,urban/003623.jpg,291
c003,urban/003624.jpg,765
c002,urban/003625.jpg,512
c003,urban/003626.jpg,869
c002,urban/003627.jpg,592
c003,urban/003628.jpg,736
c001,urban/003629.jpg,307
c002,urban/003630.jpg,258
c001,urban/003631.jpg,977
c002,urban/003632.jpg,282
c003,urban/003633.jpg,634
c003,urban/003634.jpg,77
c001,urban/003635.jpg,243
c003,urban/003636.jpg,553
c003,urban/003637.jpg,827
c003,urban/003638.jpg,924
c001,urban/003639.jpg,142
c001,urban/003640.jpg,566
c003,urban/003641.jpg,459
c003,urban/003642.jpg,422
c002,urban/003643.jpg,946
c003,urban/003644.jpg,143
c002,urban/003645.jpg,929
c003,urban/003646.jpg,641
c003,urban/003647.jpg,1038
c003,urban/003648.jpg,460
c002,urban/003649.jpg,823
c002,urban/003650.jpg,1002
c002,urban/003651.jpg,505
c002,urban/003652.jpg,1090
c001,urban/003653.jpg,751
c001,urban/003654.jpg,466
c001,urban/003655.jpg,965
c003,urban/003656.jpg,1072
c003,urban/003657.jpg,255
c001,urban/003658.jpg,709
c002,urban/003659.jpg,339
c002,urban/003660.jpg,499
c001,urban/003661.jpg,1085
c002,urban/003662.jpg,226
c003,urban/003663.jpg,190
c002,urban/003664.jpg,898
c003,urban/003665.jpg,134
c003,urban/003666.jpg,916
c003,urban/003667.jpg,1080
c001,urban/003668.jpg,508
c003,urban/003669.jpg,597
c003,urban/003670.jpg,641
c003,urban/003671.jpg,766
c002,urban/003672.jpg,666
c002,urban/003673.jpg,650
c001,urban/003674.jpg,916
c001,urban/003675.jpg,839
c003,urban/003676.jpg,618
c003,urban/003677.jpg,863
c002,urban/003678.jpg,1072
c003,urban/003679.jpg,63
c002,urban/003680.jpg,1083
c003,urban/003681.jpg,498
c002,urban/003682.jpg,408
c002,urban/003683.jpg,700
c001,urban/003684.jpg,129
c003,urban/003685.jpg,957
c003,urban/003686.jpg,448
c003,urban/003687.jpg,88
c003,urban/003688.jpg,808
c002,urban/003689.jpg,548
c001,urban/003690.jpg,887
c002,urban/003691.jpg,11
c003,urban/003692.jpg,14
c001,urban/003693.jpg,12
c001,urban/003694.jpg,1066
c001,urban/003695.jpg,943
c003,urban/003696.jpg,1048
c002,urban/003697.jpg,141
c002,urban/003698.jpg,821
c003,urban/003699.jpg,84
c003,urban/003700.jpg,829
c001,urban/003701.jpg,603
c003,urban/003702.jpg,63
c002,urban/003703.jpg,206
c002,urban/003704.jpg,12
c001,urban/003705.jpg,746
c003,urban/003706.jpg,548
c003,urban/003707.jpg,839
c003,urban/003708.jpg,642
c003,urban/003709.jpg,70
c003,urban/003710.jpg,1020
c003,urban/003711.jpg,301
c001,urban/003712.jpg,171
c002,urban/003713.jpg,957
c001,urban/003714.jpg,413
c003,urban/003715.jpg,797
c002,urban/003716.jpg,1090
c003,urban/003717.jpg,750
c001,urban/003718.jpg,860
c002,urban/003719.jpg,1043
c001,urban/003720.jpg,766
c001,urban/003721.jpg,624
c003,urban/003722.jpg,347
c001,urban/003723.jpg,264
c002,urban/003724.jpg,214
c002,urban/003725.jpg,828
c002,urban/003726.jpg,761
c001,urban/003727.jpg,456
c002,urban/003728.jpg,433
c001,urban/003729.jpg,663
c002,urban/003730.jpg,158
c003,urban/003731.jpg,889
c002,urban/003732.jpg,975
c001,urban/003733.jpg,1018
c002,urban/003734.jpg,469
c001,urban/003735.jpg,907
c001,urban/003736.jpg,80
c001,urban/003737.jpg,114
c003,urban/003738.jpg,285
c001,urban/003739.jpg,1088
c003,urban/003740.jpg,63
c001,urban/003741.jpg,220
c003,urban/003742.jpg,498
c002,urban/003743.jpg,941
c003,urban/003744.jpg,258
c003,urban/003745.jpg,900
c003,urban/003746.jpg,975
c001,urban/003747.jpg,431
c003,urban/003748.jpg,824
c001,urban/003749.jpg,87
c001,urban/003750.jpg,264
c003,urban/003751.jpg,460
c002,urban/003752.jpg,408
c001,urban/003753.jpg,62
c001,urban/003754.jpg,329
c003,urban/003755.jpg,812
c001,urban/003756.jpg,736
c002,urban/003757.jpg,664
c003,urban/003758.jpg,458
c001,urban/003759.jpg,392
c001,urban/003760.jpg,755
c001,urban/003761.jpg,34
c001,urban/003762.jpg,1051
c002,urban/003763.jpg,188
c002,urban/003764.jpg,380
c002,urban/003765.jpg,491
c002,urban/003766.jpg,843
c003,urban/003767.jpg,1047
c001,urban/003768.jpg,353
c003,urban/003769.jpg,454
c002,urban/003770.jpg,321
c002,urban/003771.jpg,661
c001,urban/003772.jpg,208
c003,urban/003773.jpg,1050
c003,urban/003774.jpg,961
c001,urban/003775.jpg,654
c002,urban/003776.jpg,459
c003,urban/003777.jpg,916
c003,urban/003778.jpg,826
c003,urban/003779.jpg,326
c003,urban/003780.jpg,357
c001,urban/003781.jpg,620
c002,urban/003782.jpg,581
c003,urban/003783.jpg,1038
c003,urban/003784.jpg,529
c003,urban/003785.jpg,468
c003,urban/003786.jpg,969
c001,urban/003787.jpg,967
c001,urban/003788.jpg,23
c001,urban/003789.jpg,673
c003,urban/003790.jpg,562
c001,urban/003791.jpg,737
c001,urban/003792.jpg,914
c001,urban/003793.jpg,911
c003,urban/003794.jpg,156
c003,urban/003795.jpg,177
c003,urban/003796.jpg,285
c003,urban/003797.jpg,881
c003,urban/003798.jpg,1065
c002,urban/003799.jpg,687
c001,urban/003800.jpg,121
c003,urban/003801.jpg,712
c002,urban/003802.jpg,624
c003,urban/003803.jpg,1002
c001,urban/003804.jpg,793
c001,urban/003805.jpg,662
c003,urban/003806.jpg,997
c003,urban/003807.jpg,130
c001,urban/003808.jpg,929
c003,urban/003809.jpg,764
c002,urban/003810.jpg,631
c001,urban/003811.jpg,690
c003,urban/003812.jpg,124
c002,urban/003813.jpg,332
c001,urban/003814.jpg,1024
c003,urban/003815.jpg,25
c002,urban/003816.jpg,1048
c001,urban/003817.jpg,1088
c001,urban/003818.jpg,613
c001,urban/003819.jpg,369
c003,urban/003820.jpg,246
c003,urban/003821.jpg,381
c002,urban/003822.jpg,465
c003,urban/003823.jpg,357
c002,urban/003824.jpg,923
c003,urban/003825.jpg,562
c001,urban/003826.jpg,716
c003,urban/003827.jpg,452
c002,urban/003828.jpg,258
c003,urban/003829.jpg,1026
c003,urban/003830.jpg,926
c003,urban/003831.jpg,746
c002,urban/003832.jpg,422
c001,urban/003833.jpg,820
c003,urban/003834.jpg,849
c001,urban/003835.jpg,1054
c002,urban/003836.jpg,188
c003,urban/003837.jpg,885
c003,urban/003838.jpg,204
c003,urban/003839.jpg,565
c002,urban/003840.jpg,91
c002,urban/003841.jpg,994
c002,urban/003842.jpg,576
c003,urban/003843.jpg,861
c003,urban/003844.jpg,787
c003,urban/003845.jpg,73
c002,urban/003846.jpg,428
c003,urban/003847.jpg,576
c001,urban/003848.jpg,428
c002,urban/003849.jpg,164
c002,urban/003850.jpg,557
c003,urban/003851.jpg,328
c002,urban/003852.jpg,851
c003,urban/003853.jpg,1090
c001,urban/003854.jpg,693
c001,urban/003855.jpg,605
c001,urban/003856.jpg,63
c001,urban/003857.jpg,51
c002,urban/003858.jpg,30
c001,urban/003859.jpg,434
c002,urban/003860.jpg,420
c002,urban/003861.jpg,338
c003,urban/003862.jpg,1031
c003,urban/003863.jpg,849
c003,urban/003864.jpg,805
c001,urban/003865.jpg,112
c001,urban/003866.jpg,956
c001,urban/003867.jpg,234
c003,urban/003868.jpg,1003
c003,urban/003869.jpg,498
c003,urban/003870.jpg,544
c001,urban/003871.jpg,586
c001,urban/003872.jpg,685
c003,urban/003873.jpg,843
c002,urban/003874.jpg,191
c001,urban/003875.jpg,63
c003,urban/003876.jpg,616
c003,urban/003877.jpg,10
c002,urban/003878.jpg,128
c002,urban/003879.jpg,38
c002,urban/003880.jpg,187
c001,urban/003881.jpg,643
c003,urban/003882.jpg,937
c003,urban/003883.jpg,231
c002,urban/003884.jpg,513
c001,urban/003885.jpg,166
c003,urban/003886.jpg,703
c002,urban/003887.jpg,954
c001,urban/003888.jpg,755
c003,urban/003889.jpg,65
c002,urban/003890.jpg,716
c001,urban/003891.jpg,307
c002,urban/003892.jpg,647
c003,urban/003893.jpg,279
c001,urban/003894.jpg,197
c002,urban/003895.jpg,663
c003,urban/003896.jpg,318
c002,urban/003897.jpg,17
c002,urban/003898.jpg,564
c002,urban/003899.jpg,14
c003,urban/003900.jpg,1078
c002,urban/003901.jpg,686
c002,urban/003902.jpg,485
c003,urban/003903.jpg,126
c003,urban/003904.jpg,728
c001,urban/003905.jpg,1069
c002,urban/003906.jpg,938
c002,urban/003907.jpg,411
c001,urban/003908.jpg,1060
c001,urban/003909.jpg,600
c003,urban/003910.jpg,432
c001,urban/003911.jpg,731
c002,urban/003912.jpg,330
c003,urban/003913.jpg,34
c003,urban/003914.jpg,301
c002,urban/003915.jpg,618
c001,urban/003916.jpg,810
c002,urban/003917.jpg,473
c001,urban/003918.jpg,827
c003,urban/003919.jpg,802
c002,urban/003920.jpg,259
c001,urban/003921.jpg,1090
c003,urban/003922.jpg,886
c001,urban/003923.jpg,290
c003,urban/003924.jpg,126
c003,urban/003925.jpg,145
c002,urban/003926.jpg,299
c001,urban/003927.jpg,383
c002,urban/003928.jpg,819
c002,urban/003929.jpg,620
c002,urban/003930.jpg,991
c001,urban/003931.jpg,1082
c002,urban/003932.jpg,633
c001,urban/003933.jpg,259
c003,urban/003934.jpg,265
c002,urban/003935.jpg,390
c001,urban/003936.jpg,36
c001,urban/003937.jpg,105
c002,urban/003938.jpg,212
c002,urban/003939.jpg,395
c002,urban/003940.jpg,949
c003,urban/003941.jpg,863
c003,urban/003942.jpg,299
c001,urban/003943.jpg,811
c001,urban/003944.jpg,320
c001,urban/003945.jpg,669
c003,urban/003946.jpg,226
c002,urban/003947.jpg,969
c002,urban/003948.jpg,122
c001,urban/003949.jpg,338
c001,urban/003950.jpg,525
c001,urban/003951.jpg,713
c001,urban/003952.jpg,109
c003,urban/003953.jpg,643
c002,urban/003954.jpg,721
c001,urban/003955.jpg,311
c001,urban/003956.jpg,375
c001,urban/003957.jpg,184
c002,urban/003958.jpg,656
c003,urban/003959.jpg,835
c002,urban/003960.jpg,709
c003,urban/003961.jpg,962
c003,urban/003962.jpg,647
c003,urban/003963.jpg,174
c002,urban/003964.jpg,847
c003,urban/003965.jpg,1031
c003,urban/003966.jpg,974
c003,urban/003967.jpg,116
c002,urban/003968.jpg,776
c003,urban/003969.jpg,69
c002,urban/003970.jpg,951
c002,urban/003971.jpg,1071
c001,urban/003972.jpg,116
c003,urban/003973.jpg,39
c001,urban/003974.jpg,1016
c002,urban/003975.jpg,267
c002,urban/003976.jpg,832
c002,urban/003977.jpg,594
c002,urban/003978.jpg,691
c002,urban/003979.jpg,364
c001,urban/003980.jpg,561
c001,urban/003981.jpg,547
c003,urban/003982.jpg,291
c001,urban/003983.jpg,413
c003,urban/003984.jpg,690
c001,urban/003985.jpg,490
c003,urban/003986.jpg,250
c003,urban/003987.jpg,610
c003,urban/003988.jpg,282
c003,urban/003989.jpg,406
c001,urban/003990.jpg,648
c003,urban/003991.jpg,746
c001,urban/003992.jpg,77
c001,urban/003993.jpg,914
c002,urban/003994.jpg,1031
c002,urban/003995.jpg,597
c003,urban/003996.jpg,661
c002,urban/003997.jpg,528
c001,urban/003998.jpg,582
c001,urban/003999.jpg,347
c002,urban/004000.jpg,1018
c001,urban/004001.jpg,339
c002,urban/004002.jpg,521
c001,urban/004003.jpg,452
c002,urban/004004.jpg,141
c003,urban/004005.jpg,765
c002,urban/004006.jpg,573
c003,urban/004007.jpg,632
c002,urban/004008.jpg,736
c002,urban/004009.jpg,504
c003,urban/004010.jpg,794
c003,urban/004011.jpg,1015
c003,urban/004012.jpg,201
c003,urban/004013.jpg,221
c002,urban/004014.jpg,84
c003,urban/004015.jpg,322
c001,urban/004016.jpg,27
c003,urban/004017.jpg,479
c001,urban/004018.jpg,337
c001,urban/004019.jpg,887
c001,urban/004020.jpg,7
c001,urban/004021.jpg,553
c002,urban/004022.jpg,1023
c003,urban/004023.jpg,1062
c001,urban/004024.jpg,605
c002,urban/004025.jpg,377
c001,urban/004026.jpg,391
c001,urban/004027.jpg,1011
c002,urban/004028.jpg,469
c003,urban/004029.jpg,208
c002,urban/004030.jpg,1008
c002,urban/004031.jpg,266
c001,urban/004032.jpg,318
c003,urban/004033.jpg,758
c003,urban/004034.jpg,857
c001,urban/004035.jpg,284
c001,urban/004036.jpg,712
c003,urban/004037.jpg,688
c003,urban/004038.jpg,911
c003,urban/004039.jpg,387
c001,urban/004040.jpg,243
c002,urban/004041.jpg,749
c001,urban/004042.jpg,1068
c002,urban/004043.jpg,204
c002,urban/004044.jpg,491
c001,urban/004045.jpg,180
c001,urban/004046.jpg,17
c002,urban/004047.jpg,154
c003,urban/004048.jpg,428
c002,urban/004049.jpg,879
c003,urban/004050.jpg,500
c002,urban/004051.jpg,1001
c003,urban/004052.jpg,609
c002,urban/004053.jpg,146
c003,urban/004054.jpg,63
c001,urban/004055.jpg,269
c001,urban/004056.jpg,57
c003,urban/004057.jpg,828
c002,urban/004058.jpg,124
c001,urban/004059.jpg,239
c001,urban/004060.jpg,199
c002,urban/004061.jpg,1066
c003,urban/004062.jpg,336
c002,urban/004063.jpg,758
c001,urban/004064.jpg,271
c002,urban/004065.jpg,878
c001,urban/004066.jpg,746
c001,urban/004067.jpg,141
c002,urban/004068.jpg,991
c001,urban/004069.jpg,991
c002,urban/004070.jpg,635
c003,urban/004071.jpg,997
c001,urban/004072.jpg,767
c002,urban/004073.jpg,628
c003,urban/004074.jpg,421
c003,urban/004075.jpg,848
c001,urban/004076.jpg,343
c003,urban/004077.jpg,1059
c001,urban/004078.jpg,651
c003,urban/004079.jpg,693
c003,urban/004080.jpg,280
c001,urban/004081.jpg,386
c001,urban/004082.jpg,291
c001,urban/004083.jpg,607
c002,urban/004084.jpg,487
c001,urban/004085.jpg,333
c002,urban/004086.jpg,1073
c002,urban/004087.jpg,981
c001,urban/004088.jpg,260
c002,urban/004089.jpg,323
c003,urban/004090.jpg,818
c003,urban/004091.jpg,1020
c003,urban/004092.jpg,552
c001,urban/004093.jpg,437
c003,urban/004094.jpg,19
c001,urban/004095.jpg,651
c002,urban/004096.jpg,185
c003,urban/004097.jpg,271
c002,urban/004098.jpg,380
c003,urban/004099.jpg,937
c001,urban/004100.jpg,881
c002,urban/004101.jpg,97
c003,urban/004102.jpg,1086
c003,urban/004103.jpg,656
c003,urban/004104.jpg,361
c003,urban/004105.jpg,326
c001,urban/004106.jpg,164
c002,urban/004107.jpg,789
c002,urban/004108.jpg,107
c002,urban/004109.jpg,383
c003,urban/004110.jpg,369
c001,urban/004111.jpg,1006
c003,urban/004112.jpg,1064
c002,urban/004113.jpg,668
c002,urban/004114.jpg,271
c001,urban/004115.jpg,571
c001,urban/004116.jpg,791
c003,urban/004117.jpg,989
c002,urban/004118.jpg,453
c003,urban/004119.jpg,165
c001,urban/004120.jpg,1059
c002,urban/004121.jpg,967
c002,urban/004122.jpg,62
c001,urban/004123.jpg,916
c001,urban/004124.jpg,482
c002,urban/004125.jpg,761
c002,urban/004126.jpg,250
c001,urban/004127.jpg,148
c001,urban/004128.jpg,903
c002,urban/004129.jpg,718
c001,urban/004130.jpg,1022
c002,urban/004131.jpg,623
c001,urban/004132.jpg,196
c002,urban/004133.jpg,679
c001,urban/004134.jpg,84
c002,urban/004135.jpg,197
c001,urban/004136.jpg,667
c003,urban/004137.jpg,14
c001,urban/004138.jpg,558
c002,urban/004139.jpg,850
c003,urban/004140.jpg,645
c001,urban/004141.jpg,440
c003,urban/004142.jpg,455
c001,urban/004143.jpg,497
c002,urban/004144.jpg,381
c003,urban/004145.jpg,1018
c003,urban/004146.jpg,226
c003,urban/004147.jpg,497
c003,urban/004148.jpg,730
c002,urban/004149.jpg,165
c001,urban/004150.jpg,1013
c003,urban/004151.jpg,406
c002,urban/004152.jpg,166
c001,urban/004153.jpg,618
c003,urban/004154.jpg,99
c002,urban/004155.jpg,955
c003,urban/004156.jpg,484
c003,urban/004157.jpg,56
c003,urban/004158.jpg,1088
c003,urban/004159.jpg,985
c002,urban/004160.jpg,143
c003,urban/004161.jpg,406
c002,urban/004162.jpg,827
c002,urban/004163.jpg,613
c001,urban/004164.jpg,665
c001,urban/004165.jpg,1051
c003,urban/004166.jpg,943
c003,urban/004167.jpg,829
c002,urban/004168.jpg,873
c002,urban/004169.jpg,565
c001,urban/004170.jpg,817
c003,urban/004171.jpg,1044
c001,urban/004172.jpg,744
c003,urban/004173.jpg,26
c003,urban/004174.jpg,1043
c002,urban/004175.jpg,612
c003,urban/004176.jpg,604
c002,urban/004177.jpg,86
c001,urban/004178.jpg,950
c003,urban/004179.jpg,438
c002,urban/004180.jpg,1027
c002,urban/004181.jpg,225
c001,urban/004182.jpg,931
c003,urban/004183.jpg,469
c003,urban/004184.jpg,270
c003,urban/004185.jpg,1064
c002,urban/004186.jpg,1043
c002,urban/004187.jpg,234
c001,urban/004188.jpg,692
c002,urban/004189.jpg,77
c001,urban/004190.jpg,169
c001,urban/004191.jpg,845
c003,urban/004192.jpg,558
c002,urban/004193.jpg,206
c003,urban/004194.jpg,319
c001,urban/004195.jpg,714
c002,urban/004196.jpg,112
c001,urban/004197.jpg,187
c002,urban/004198.jpg,557
c002,urban/004199.jpg,318
c003,urban/004200.jpg,443
c001,urban/004201.jpg,678
c003,urban/004202.jpg,169
c002,urban/004203.jpg,413
c002,urban/004204.jpg,1051
c002,urban/004205.jpg,309
c003,urban/004206.jpg,363
c001,urban/004207.jpg,310
c001,urban/004208.jpg,667
c001,urban/004209.jpg,83
c003,urban/004210.jpg,999
c002,urban/004211.jpg,168
c003,urban/004212.jpg,60
c002,urban/004213.jpg,325
c002,urban/004214.jpg,886
c001,urban/004215.jpg,524
c001,urban/004216.jpg,586
c002,urban/004217.jpg,675
c001,urban/004218.jpg,195
c002,urban/004219.jpg,216
c002,urban/004220.jpg,177
c002,urban/004221.jpg,406
c002,urban/004222.jpg,339
c001,urban/004223.jpg,903
c001,urban/004224.jpg,97
c003,urban/004225.jpg,731
c003,urban/004226.jpg,230
c002,urban/004227.jpg,934
c002,urban/004228.jpg,592
c003,urban/004229.jpg,796
c001,urban/004230.jpg,641
c001,urban/004231.jpg,576
c001,urban/004232.jpg,439
c003,urban/004233.jpg,851
c001,urban/004234.jpg,702
c003,urban/004235.jpg,651
c003,urban/004236.jpg,1048
c003,urban/004237.jpg,703
c002,urban/004238.jpg,321
c003,urban/004239.jpg,745
c001,urban/004240.jpg,114
c003,urban/004241.jpg,55
c001,urban/004242.jpg,1058
c003,urban/004243.jpg,449
c002,urban/004244.jpg,543
c002,urban/004245.jpg,370
c002,urban/004246.jpg,889
c001,urban/004247.jpg,447
c003,urban/004248.jpg,591
c002,urban/004249.jpg,736
c002,urban/004250.jpg,664
c003,urban/004251.jpg,654
c002,urban/004252.jpg,332
c001,urban/004253.jpg,661
c001,urban/004254.jpg,144
c001,urban/004255.jpg,266
c001,urban/004256.jpg,850
c001,urban/004257.jpg,220
c001,urban/004258.jpg,709
c002,urban/004259.jpg,526
c003,urban/004260.jpg,698
c001,urban/004261.jpg,695
c001,urban/004262.jpg,827
c002,urban/004263.jpg,243
c003,urban/004264.jpg,680
c001,urban/004265.jpg,253
c003,urban/004266.jpg,744
c003,urban/004267.jpg,927
c003,urban/004268.jpg,673
c002,urban/004269.jpg,874
c003,urban/004270.jpg,504
c003,urban/004271.jpg,430
c003,urban/004272.jpg,237
c002,urban/004273.jpg,284
c001,urban/004274.jpg,586
c002,urban/004275.jpg,604
c001,urban/004276.jpg,1020
c003,urban/004277.jpg,734
c001,urban/004278.jpg,841
c003,urban/004279.jpg,72
c002,urban/004280.jpg,559
c003,urban/004281.jpg,953
c003,urban/004282.jpg,992
c001,urban/004283.jpg,277
c003,urban/004284.jpg,238
c003,urban/004285.jpg,988
c002,urban/004286.jpg,1020
c003,urban/004287.jpg,994
c001,urban/004288.jpg,76
c002,urban/004289.jpg,775
c003,urban/004290.jpg,279
c002,urban/004291.jpg,718
c001,urban/004292.jpg,333
c002,urban/004293.jpg,70
c001,urban/004294.jpg,571
c002,urban/004295.jpg,18
c002,urban/004296.jpg,690
c001,urban/004297.jpg,552
c002,urban/004298.jpg,692
c001,urban/004299.jpg,157
c002,urban/004300.jpg,1041
c003,urban/004301.jpg,847
c003,urban/004302.jpg,1084
c002,urban/004303.jpg,23
c002,urban/004304.jpg,1061
c003,urban/004305.jpg,1058
c003,urban/004306.jpg,30
c003,urban/004307.jpg,786
c002,urban/004308.jpg,885
c003,urban/004309.jpg,326
c003,urban/004310.jpg,266
c001,urban/004311.jpg,500
c001,urban/004312.jpg,893
c002,urban/004313.jpg,765
c001,urban/004314.jpg,174
c003,urban/004315.jpg,1041
c001,urban/004316.jpg,39
c002,urban/004317.jpg,105
c001,urban/004318.jpg,256
c001,urban/004319.jpg,982
c001,urban/004320.jpg,79
c001,urban/004321.jpg,492
c002,urban/004322.jpg,911
c001,urban/004323.jpg,100
c002,urban/004324.jpg,264
c002,urban/004325.jpg,143
c001,urban/004326.jpg,96
c001,urban/004327.jpg,1083
c002,urban/004328.jpg,560
c002,urban/004329.jpg,883
c003,urban/004330.jpg,725
c003,urban/004331.jpg,613
c003,urban/004332.jpg,823
c001,urban/004333.jpg,776
c001,urban/004334.jpg,810
c001,urban/004335.jpg,1089
c003,urban/004336.jpg,55
c001,urban/004337.jpg,742
c001,urban/004338.jpg,952
c003,urban/004339.jpg,736
c001,urban/004340.jpg,877
c001,urban/004341.jpg,159
c001,urban/004342.jpg,719
c003,urban/004343.jpg,428
c002,urban/004344.jpg,1086
c002,urban/004345.jpg,664
c002,urban/004346.jpg,135
c002,urban/004347.jpg,16
c002,urban/004348.jpg,785
c003,urban/004349.jpg,350
c002,urban/004350.jpg,463
c002,urban/004351.jpg,171
c003,urban/004352.jpg,918
c001,urban/004353.jpg,903
c002,urban/004354.jpg,924
c002,urban/004355.jpg,90
c003,urban/004356.jpg,127
c001,urban/004357.jpg,398
c003,urban/004358.jpg,500
c001,urban/004359.jpg,190
c001,urban/004360.jpg,126
c003,urban/004361.jpg,604
c002,urban/004362.jpg,791
c003,urban/004363.jpg,358
c001,urban/004364.jpg,736
c002,urban/004365.jpg,1028
c003,urban/004366.jpg,322
c003,urban/004367.jpg,153
c001,urban/004368.jpg,409
c002,urban/004369.jpg,1090
c001,urban/004370.jpg,318
c003,urban/004371.jpg,724
c001,urban/004372.jpg,1051
c002,urban/004373.jpg,184
c002,urban/004374.jpg,747
c002,urban/004375.jpg,319
c001,urban/004376.jpg,849
c001,urban/004377.jpg,644
c001,urban/004378.jpg,691
c001,urban/004379.jpg,725
c003,urban/004380.jpg,271
c001,urban/004381.jpg,320
c001,urban/004382.jpg,221
c002,urban/004383.jpg,1005
c003,urban/004384.jpg,952
c001,urban/004385.jpg,739
c002,urban/004386.jpg,1023
c003,urban/004387.jpg,30
c002,urban/004388.jpg,453
c003,urban/004389.jpg,345
c001,urban/004390.jpg,334
c002,urban/004391.jpg,1047
c003,urban/004392.jpg,735
c003,urban/004393.jpg,392
c002,urban/004394.jpg,212
c001,urban/004395.jpg,925
c002,urban/004396.jpg,326
c001,urban/004397.jpg,384
c003,urban/004398.jpg,800
c002,urban/004399.jpg,23
c003,urban/004400.jpg,62
c003,urban/004401.jpg,280
c001,urban/004402.jpg,584
c001,urban/004403.jpg,367
c003,urban/004404.jpg,83
c001,urban/004405.jpg,1008
c002,urban/004406.jpg,498
c003,urban/004407.jpg,934
c001,urban/004408.jpg,950
c003,urban/004409.jpg,443
c003,urban/004410.jpg,97
c001,urban/004411.jpg,359
c001,urban/004412.jpg,583
c003,urban/004413.jpg,930
c001,urban/004414.jpg,548
c001,urban/004415.jpg,314
c003,urban/004416.jpg,474
c001,urban/004417.jpg,281
c001,urban/004418.jpg,398
c001,urban/004419.jpg,196
c001,urban/004420.jpg,125
c003,urban/004421.jpg,711
c003,urban/004422.jpg,1049
c003,urban/004423.jpg,922
c003,urban/004424.jpg,928
c001,urban/004425.jpg,271
c001,urban/004426.jpg,465
c003,urban/004427.jpg,585
c001,urban/004428.jpg,308
c003,urban/004429.jpg,602
c002,urban/004430.jpg,176
c002,urban/004431.jpg,398
c003,urban/004432.jpg,86
c002,urban/004433.jpg,1066
c002,urban/004434.jpg,817
c002,urban/004435.jpg,1015
c002,urban/004436.jpg,644
c002,urban/004437.jpg,625
c003,urban/004438.jpg,716
c002,urban/004439.jpg,1090
c002,urban/004440.jpg,806
c001,urban/004441.jpg,586
c001,urban/004442.jpg,96
c002,urban/004443.jpg,32
c002,urban/004444.jpg,500
c002,urban/004445.jpg,909
c002,urban/004446.jpg,701
c003,urban/004447.jpg,669
c002,urban/004448.jpg,387
c002,urban/004449.jpg,880
c002,urban/004450.jpg,165
c001,urban/004451.jpg,283
c001,urban/004452.jpg,323
c001,urban/004453.jpg,605
c002,urban/004454.jpg,601
c001,urban/004455.jpg,160
c003,urban/004456.jpg,144
c003,urban/004457.jpg,1057
c003,urban/004458.jpg,820
c002,urban/004459.jpg,536
c002,urban/004460.jpg,293
c001,urban/004461.jpg,631
c003,urban/004462.jpg,633
c001,urban/004463.jpg,587
c002,urban/004464.jpg,500
c003,urban/004465.jpg,1018
c003,urban/004466.jpg,34
c002,urban/004467.jpg,529
c003,urban/004468.jpg,1046
c003,urban/004469.jpg,855
c002,urban/004470.jpg,160
c002,urban/004471.jpg,474
c001,urban/004472.jpg,774
c001,urban/004473.jpg,503
c002,urban/004474.jpg,875
c002,urban/004475.jpg,588
c002,urban/004476.jpg,133
c003,urban/004477.jpg,440
c003,urban/004478.jpg,39
c003,urban/004479.jpg,1002
c002,urban/004480.jpg,402
c002,urban/004481.jpg,656
c001,urban/004482.jpg,828
c003,urban/004483.jpg,43
c001,urban/004484.jpg,53
c002,urban/004485.jpg,295
c002,urban/004486.jpg,746
c003,urban/004487.jpg,352
c002,urban/004488.jpg,843
c002,urban/004489.jpg,899
c003,urban/004490.jpg,286
c003,urban/004491.jpg,277
c002,urban/004492.jpg,801
c003,urban/004493.jpg,965
c001,urban/004494.jpg,707
c002,urban/004495.jpg,535
c003,urban/004496.jpg,1059
c001,urban/004497.jpg,398
c003,urban/004498.jpg,88
c002,urban/004499.jpg,980
c001,urban/004500.jpg,744
c003,urban/004501.jpg,537
c002,urban/004502.jpg,238
c001,urban/004503.jpg,185
c001,urban/004504.jpg,460
c001,urban/004505.jpg,586
c002,urban/004506.jpg,57
c002,urban/004507.jpg,808
c002,urban/004508.jpg,478
c001,urban/004509.jpg,422
c003,urban/004510.jpg,911
c001,urban/004511.jpg,1052
c002,urban/004512.jpg,1046
c001,urban/004513.jpg,129
c003,urban/004514.jpg,1006
c001,urban/004515.jpg,858
c001,urban/004516.jpg,309
c001,urban/004517.jpg,338
c001,urban/004518.jpg,852
c002,urban/004519.jpg,1070
c001,urban/004520.jpg,823
c003,urban/004521.jpg,858
c001,urban/004522.jpg,353
c001,urban/004523.jpg,339
c001,urban/004524.jpg,21
c001,urban/004525.jpg,613
c001,urban/004526.jpg,1066
c001,urban/004527.jpg,793
c001,urban/004528.jpg,163
c001,urban/004529.jpg,332
c003,urban/004530.jpg,863
c003,urban/004531.jpg,819
c003,urban/004532.jpg,806
c003,urban/004533.jpg,267
c001,urban/004534.jpg,884
c001,urban/004535.jpg,335
c001,urban/004536.jpg,174
c003,urban/004537.jpg,55
c001,urban/004538.jpg,588
c001,urban/004539.jpg,363
c003,urban/004540.jpg,600
c001,urban/004541.jpg,307
c002,urban/004542.jpg,579
c002,urban/004543.jpg,207
c002,urban/004544.jpg,437
c002,urban/004545.jpg,436
c001,urban/004546.jpg,737
c003,urban/004547.jpg,67
c002,urban/004548.jpg,631
c003,urban/004549.jpg,92
c001,urban/004550.jpg,461
c002,urban/004551.jpg,198
c002,urban/004552.jpg,268
c002,urban/004553.jpg,108
c002,urban/004554.jpg,78
c002,urban/004555.jpg,859
c001,urban/004556.jpg,975
c003,urban/004557.jpg,318
c001,urban/004558.jpg,380
c001,urban/004559.jpg,204
c002,urban/004560.jpg,121
c002,urban/004561.jpg,625
c003,urban/004562.jpg,967
c001,urban/004563.jpg,302
c003,urban/004564.jpg,997
c003,urban/004565.jpg,401
c003,urban/004566.jpg,625
c003,urban/004567.jpg,50
c001,urban/004568.jpg,491
c002,urban/004569.jpg,989
c003,urban/004570.jpg,146
c002,urban/004571.jpg,1085
c001,urban/004572.jpg,1020
c001,urban/004573.jpg,1089
c003,urban/004574.jpg,384
c001,urban/004575.jpg,981
c002,urban/004576.jpg,526
c001,urban/004577.jpg,727
c001,urban/004578.jpg,750
c003,urban/004579.jpg,46
c001,urban/004580.jpg,743
c002,urban/004581.jpg,722
c001,urban/004582.jpg,54
c003,urban/004583.jpg,923
c002,urban/004584.jpg,10
c002,urban/004585.jpg,443
c003,urban/004586.jpg,509
c002,urban/004587.jpg,971
c001,urban/004588.jpg,785
c003,urban/004589.jpg,823
c002,urban/004590.jpg,730
c003,urban/004591.jpg,952
c001,urban/004592.jpg,334
c001,urban/004593.jpg,1086
c002,urban/004594.jpg,118
c003,urban/004595.jpg,946
c002,urban/004596.jpg,37
c003,urban/004597.jpg,988
c001,urban/004598.jpg,296
c003,urban/004599.jpg,180
c003,urban/004600.jpg,743
c002,urban/004601.jpg,431
c002,urban/004602.jpg,582
c003,urban/004603.jpg,408
c003,urban/004604.jpg,868
c003,urban/004605.jpg,10
c003,urban/004606.jpg,93
c001,urban/004607.jpg,485
c003,urban/004608.jpg,900
c003,urban/004609.jpg,537
c003,urban/004610.jpg,629
c003,urban/004611.jpg,889
c001,urban/004612.jpg,1062
c002,urban/004613.jpg,391
c001,urban/004614.jpg,958
c002,urban/004615.jpg,666
c001,urban/004616.jpg,283
c001,urban/004617.jpg,849
c002,urban/004618.jpg,15
c001,urban/004619.jpg,544
c002,urban/004620.jpg,664
c001,urban/004621.jpg,212
c001,urban/004622.jpg,565
c002,urban/004623.jpg,420
c002,urban/004624.jpg,874
c002,urban/004625.jpg,698
c003,urban/004626.jpg,186
c002,urban/004627.jpg,16
c003,urban/004628.jpg,95
c002,urban/004629.jpg,894
c001,urban/004630.jpg,560
c002,urban/004631.jpg,379
c002,urban/004632.jpg,320
c002,urban/004633.jpg,924
c002,urban/004634.jpg,1090
c002,urban/004635.jpg,90
c002,urban/004636.jpg,956
c003,urban/004637.jpg,267
c001,urban/004638.jpg,430
c003,urban/004639.jpg,902
c003,urban/004640.jpg,210
c003,urban/004641.jpg,542
c003,urban/004642.jpg,566
c002,urban/004643.jpg,70
c002,urban/004644.jpg,862
c003,urban/004645.jpg,115
c001,urban/004646.jpg,408
c002,urban/004647.jpg,1027
c001,urban/004648.jpg,662
c003,urban/004649.jpg,725
c002,urban/004650.jpg,1051
c003,urban/004651.jpg,392
c003,urban/004652.jpg,996
c003,urban/004653.jpg,135
c003,urban/004654.jpg,675
c003,urban/004655.jpg,785
c002,urban/004656.jpg,772
c001,urban/004657.jpg,574
c003,urban/004658.jpg,987
c001,urban/004659.jpg,385
c002,urban/004660.jpg,746
c003,urban/004661.jpg,588
c002,urban/004662.jpg,369
c003,urban/004663.jpg,565
c001,urban/004664.jpg,545
c001,urban/004665.jpg,370
c002,urban/004666.jpg,38
c003,urban/004667.jpg,543
c002,urban/004668.jpg,31
c001,urban/004669.jpg,658
c001,urban/004670.jpg,269
c002,urban/004671.jpg,585
c002,urban/004672.jpg,716
c002,urban/004673.jpg,939
c002,urban/004674.jpg,119
c001,urban/004675.jpg,971
c001,urban/004676.jpg,431
c001,urban/004677.jpg,571
c002,urban/004678.jpg,1004
c003,urban/004679.jpg,43
c003,urban/004680.jpg,93
c001,urban/004681.jpg,641
c001,urban/004682.jpg,301
c002,urban/004683.jpg,63
c002,urban/004684.jpg,307
c001,urban/004685.jpg,382
c002,urban/004686.jpg,582
c003,urban/004687.jpg,562
c003,urban/004688.jpg,288
c003,urban/004689.jpg,911
c002,urban/004690.jpg,187
c001,urban/004691.jpg,117
c003,urban/004692.jpg,409
c003,urban/004693.jpg,1027
c003,urban/004694.jpg,296
c003,urban/004695.jpg,593
c002,urban/004696.jpg,929
c003,urban/004697.jpg,68
c001,urban/004698.jpg,591
c002,urban/004699.jpg,963
c003,urban/004700.jpg,501
c001,urban/004701.jpg,234
c003,urban/004702.jpg,157
c001,urban/004703.jpg,279
c002,urban/004704.jpg,881
c002,urban/004705.jpg,1040
c002,urban/004706.jpg,1085
c001,urban/004707.jpg,650
c003,urban/004708.jpg,118
c001,urban/004709.jpg,131
c002,urban/004710.jpg,1014
c003,urban/004711.jpg,969
c003,urban/004712.jpg,635
c003,urban/004713.jpg,826
c002,urban/004714.jpg,616
c002,urban/004715.jpg,118
c002,urban/004716.jpg,611
c003,urban/004717.jpg,871
c001,urban/004718.jpg,1040
c002,urban/004719.jpg,220
c002,urban/004720.jpg,651
c003,urban/004721.jpg,358
c003,urban/004722.jpg,560
c001,urban/004723.jpg,42
c003,urban/004724.jpg,683
c002,urban/004725.jpg,435
c001,urban/004726.jpg,861
c003,urban/004727.jpg,365
c002,urban/004728.jpg,70
c001,urban/004729.jpg,989
c001,urban/004730.jpg,234
c002,urban/004731.jpg,230
c001,urban/004732.jpg,1008
c002,urban/004733.jpg,1058
c003,urban/004734.jpg,665
c003,urban/004735.jpg,923
c003,urban/004736.jpg,804
c001,urban/004737.jpg,503
c003,urban/004738.jpg,664
c001,urban/004739.jpg,347
c001,urban/004740.jpg,1022
c002,urban/004741.jpg,1064
c002,urban/004742.jpg,873
c002,urban/004743.jpg,991
c002,urban/004744.jpg,868
c002,urban/004745.jpg,916
c002,urban/004746.jpg,516
c002,urban/004747.jpg,171
c003,urban/004748.jpg,437
c001,urban/004749.jpg,822
c003,urban/004750.jpg,584
c003,urban/004751.jpg,291
c003,urban/004752.jpg,168
c002,urban/004753.jpg,1087
c001,urban/004754.jpg,284
c003,urban/004755.jpg,861
c001,urban/004756.jpg,1008
c003,urban/004757.jpg,34
c003,urban/004758.jpg,988
c002,urban/004759.jpg,1005
c002,urban/004760.jpg,213
c002,urban/004761.jpg,647
c003,urban/004762.jpg,478
c001,urban/004763.jpg,552
c003,urban/004764.jpg,318
c002,urban/004765.jpg,30
c002,urban/004766.jpg,629
c001,urban/004767.jpg,279
c002,urban/004768.jpg,79
c003,urban/004769.jpg,379
c001,urban/004770.jpg,293
c001,urban/004771.jpg,811
c002,urban/004772.jpg,374
c001,urban/004773.jpg,141
c002,urban/004774.jpg,185
c002,urban/004775.jpg,165
c001,urban/004776.jpg,693
c001,urban/004777.jpg,483
c001,urban/004778.jpg,432
c001,urban/004779.jpg,238
c002,urban/004780.jpg,566
c001,urban/004781.jpg,143
c002,urban/004782.jpg,923
c001,urban/004783.jpg,391
c003,urban/004784.jpg,125
c001,urban/004785.jpg,1044
c003,urban/004786.jpg,1072
c001,urban/004787.jpg,522
c001,urban/004788.jpg,542
c002,urban/004789.jpg,459
c003,urban/004790.jpg,434
c001,urban/004791.jpg,328
c002,urban/004792.jpg,384
c003,urban/004793.jpg,430
c001,urban/004794.jpg,769
c003,urban/004795.jpg,1027
c002,urban/004796.jpg,25
c003,urban/004797.jpg,314
c003,urban/004798.jpg,418
c003,urban/004799.jpg,51
c002,urban/004800.jpg,1089
c002,urban/004801.jpg,50
c003,urban/004802.jpg,325
c003,urban/004803.jpg,911
c001,urban/004804.jpg,961
c001,urban/004805.jpg,948
c003,urban/004806.jpg,32
c001,urban/004807.jpg,612
c002,urban/004808.jpg,1064
c001,urban/004809.jpg,526
c001,urban/004810.jpg,5
c002,urban/004811.jpg,57
c003,urban/004812.jpg,1038
c001,urban/004813.jpg,427
c002,urban/004814.jpg,431
c001,urban/004815.jpg,838
c003,urban/004816.jpg,988
c001,urban/004817.jpg,793
c001,urban/004818.jpg,84
c001,urban/004819.jpg,905
c003,urban/004820.jpg,629
c003,urban/004821.jpg,321
c002,urban/004822.jpg,557
c001,urban/004823.jpg,437
c001,urban/004824.jpg,924
c001,urban/004825.jpg,811
c002,urban/004826.jpg,946
c002,urban/004827.jpg,911
c001,urban/004828.jpg,253
c002,urban/004829.jpg,437
c003,urban/004830.jpg,659
c003,urban/004831.jpg,812
c001,urban/004832.jpg,559
c002,urban/004833.jpg,991
c003,urban/004834.jpg,523
c003,urban/004835.jpg,73
c003,urban/004836.jpg,58
c002,urban/004837.jpg,22
c003,urban/004838.jpg,969
c002,urban/004839.jpg,145
c001,urban/004840.jpg,443
c003,urban/004841.jpg,700
c002,urban/004842.jpg,1041
c003,urban/004843.jpg,929
c002,urban/004844.jpg,379
c003,urban/004845.jpg,1085
c002,urban/004846.jpg,757
c003,urban/004847.jpg,1059
c001,urban/004848.jpg,855
c003,urban/004849.jpg,498
c001,urban/004850.jpg,880
c002,urban/004851.jpg,1081
c003,urban/004852.jpg,881
c002,urban/004853.jpg,82
c003,urban/004854.jpg,1080
c002,urban/004855.jpg,648
c001,urban/004856.jpg,755
c002,urban/004857.jpg,141
c002,urban/004858.jpg,908
c002,urban/004859.jpg,8
c001,urban/004860.jpg,573
c001,urban/004861.jpg,178
c002,urban/004862.jpg,366
c003,urban/004863.jpg,1080
c003,urban/004864.jpg,452
c003,urban/004865.jpg,615
c002,urban/004866.jpg,112
c003,urban/004867.jpg,588
c001,urban/004868.jpg,561
c001,urban/004869.jpg,570
c002,urban/004870.jpg,350
c001,urban/004871.jpg,582
c003,urban/004872.jpg,552
c003,urban/004873.jpg,937
c003,urban/004874.jpg,32
c003,urban/004875.jpg,258
c001,urban/004876.jpg,716
c003,urban/004877.jpg,124
c003,urban/004878.jpg,656
c003,urban/004879.jpg,285
c001,urban/004880.jpg,1087
c003,urban/004881.jpg,196
c001,urban/004882.jpg,213
c001,urban/004883.jpg,343
c003,urban/004884.jpg,204
c003,urban/004885.jpg,743
c001,urban/004886.jpg,876
c002,urban/004887.jpg,762
c003,urban/004888.jpg,47
c002,urban/004889.jpg,42
c003,urban/004890.jpg,722
c001,urban/004891.jpg,799
c002,urban/004892.jpg,75
c003,urban/004893.jpg,882
c003,urban/004894.jpg,91
c003,urban/004895.jpg,100
c003,urban/004896.jpg,749
c003,urban/004897.jpg,456
c001,urban/004898.jpg,894
c003,urban/004899.jpg,473
c001,urban/004900.jpg,303
c002,urban/004901.jpg,466
c001,urban/004902.jpg,628
c002,urban/004903.jpg,738
c002,urban/004904.jpg,1090
c002,urban/004905.jpg,176
c002,urban/004906.jpg,260
c002,urban/004907.jpg,926
c001,urban/004908.jpg,379
c003,urban/004909.jpg,60
c001,urban/004910.jpg,765
c001,urban/004911.jpg,1080
c001,urban/004912.jpg,351
c003,urban/004913.jpg,352
c002,urban/004914.jpg,975
c001,urban/004915.jpg,811
c003,urban/004916.jpg,199
c002,urban/004917.jpg,366
c002,urban/004918.jpg,169
c003,urban/004919.jpg,81
c003,urban/004920.jpg,1005
c002,urban/004921.jpg,54
c002,urban/004922.jpg,977
c001,urban/004923.jpg,106
c002,urban/004924.jpg,274
c002,urban/004925.jpg,397
c002,urban/004926.jpg,811
c003,urban/004927.jpg,662
c001,urban/004928.jpg,1000
c002,urban/004929.jpg,541
c002,urban/004930.jpg,693
c001,urban/004931.jpg,738
c001,urban/004932.jpg,565
c001,urban/004933.jpg,1089
c003,urban/004934.jpg,816
c001,urban/004935.jpg,484
c002,urban/004936.jpg,914
c002,urban/004937.jpg,746
c002,urban/004938.jpg,672
c001,urban/004939.jpg,1006
c001,urban/004940.jpg,841
c003,urban/004941.jpg,260
c002,urban/004942.jpg,666
c003,urban/004943.jpg,37
c003,urban/004944.jpg,530
c003,urban/004945.jpg,98
c002,urban/004946.jpg,959
c001,urban/004947.jpg,807
c003,urban/004948.jpg,724
c002,urban/004949.jpg,268
c003,urban/004950.jpg,310
c003,urban/004951.jpg,133
c003,urban/004952.jpg,91
c001,urban/004953.jpg,367
c002,urban/004954.jpg,105
c002,urban/004955.jpg,451
c001,urban/004956.jpg,997
c003,urban/004957.jpg,1054
c002,urban/004958.jpg,1090
c003,urban/004959.jpg,749
c002,urban/004960.jpg,273
c003,urban/004961.jpg,215
c002,urban/004962.jpg,929
c003,urban/004963.jpg,682
c002,urban/004964.jpg,416
c003,urban/004965.jpg,817
c002,urban/004966.jpg,703
c002,urban/004967.jpg,893
c002,urban/004968.jpg,1018
c003,urban/004969.jpg,1023
c002,urban/004970.jpg,576
c002,urban/004971.jpg,156
c001,urban/004972.jpg,526
c003,urban/004973.jpg,792
c003,urban/004974.jpg,17
c001,urban/004975.jpg,420
c003,urban/004976.jpg,536
c003,urban/004977.jpg,1061
c003,urban/004978.jpg,670
c001,urban/004979.jpg,1072
c003,urban/004980.jpg,54
c003,urban/004981.jpg,513
c003,urban/004982.jpg,937
c002,urban/004983.jpg,849
c001,urban/004984.jpg,628
c003,urban/004985.jpg,915
c001,urban/004986.jpg,516
c003,urban/004987.jpg,585
c002,urban/004988.jpg,355
c002,urban/004989.jpg,811
c001,urban/004990.jpg,772
c001,urban/004991.jpg,554
c003,urban/004992.jpg,509
c002,urban/004993.jpg,355
c003,urban/004994.jpg,742
c002,urban/004995.jpg,582
c003,urban/004996.jpg,743
c003,urban/004997.jpg,624
c003,urban/004998.jpg,977
c003,urban/004999.jpg,95
c003,urban/005000.jpg,773
c003,urban/005001.jpg,852
c002,urban/005002.jpg,81
c002,urban/005003.jpg,57
c002,urban/005004.jpg,142
c002,urban/005005.jpg,120
c002,urban/005006.jpg,318
c002,urban/005007.jpg,818
c001,urban/005008.jpg,773
c001,urban/005009.jpg,565
c003,urban/005010.jpg,319
c002,urban/005011.jpg,327
c003,urban/005012.jpg,370
c001,urban/005013.jpg,343
c003,urban/005014.jpg,946
c001,urban/005015.jpg,870
c001,urban/005016.jpg,785
c003,urban/005017.jpg,1041
c003,urban/005018.jpg,81
c002,urban/005019.jpg,212
c001,urban/005020.jpg,803
c002,urban/005021.jpg,270
c001,urban/005022.jpg,818
c003,urban/005023.jpg,533
c002,urban/005024.jpg,465
c002,urban/005025.jpg,322
c002,urban/005026.jpg,497
c002,urban/005027.jpg,45
c001,urban/005028.jpg,38
c002,urban/005029.jpg,876
c003,urban/005030.jpg,975
c002,urban/005031.jpg,156
c003,urban/005032.jpg,597
c003,urban/005033.jpg,882
c002,urban/005034.jpg,343
c002,urban/005035.jpg,85
c002,urban/005036.jpg,118
c001,urban/005037.jpg,895
c003,urban/005038.jpg,756
c001,urban/005039.jpg,5
c002,urban/005040.jpg,390
c003,urban/005041.jpg,1087
c001,urban/005042.jpg,823
c001,urban/005043.jpg,478
c003,urban/005044.jpg,213
c003,urban/005045.jpg,312
c001,urban/005046.jpg,227
c001,urban/005047.jpg,706
c003,urban/005048.jpg,75
c003,urban/005049.jpg,55
c002,urban/005050.jpg,440
c003,urban/005051.jpg,664
c003,urban/005052.jpg,283
c001,urban/005053.jpg,651
c002,urban/005054.jpg,710
c001,urban/005055.jpg,383
c001,urban/005056.jpg,250
c002,urban/005057.jpg,189
c003,urban/005058.jpg,72
c003,urban/005059.jpg,106
c001,urban/005060.jpg,828
c003,urban/005061.jpg,281
c002,urban/005062.jpg,390
c003,urban/005063.jpg,798
c001,urban/005064.jpg,177
c003,urban/005065.jpg,449
c003,urban/005066.jpg,500
c001,urban/005067.jpg,277
c001,urban/005068.jpg,1078
c003,urban/005069.jpg,367
c003,urban/005070.jpg,932
c001,urban/005071.jpg,923
c001,urban/005072.jpg,633
c003,urban/005073.jpg,141
c003,urban/005074.jpg,604
c001,urban/005075.jpg,335
c003,urban/005076.jpg,999
c003,urban/005077.jpg,752
c002,urban/005078.jpg,791
c001,urban/005079.jpg,591
c001,urban/005080.jpg,577
c001,urban/005081.jpg,12
c003,urban/005082.jpg,754
c003,urban/005083.jpg,849
c002,urban/005084.jpg,62
c003,urban/005085.jpg,799
c002,urban/005086.jpg,573
c001,urban/005087.jpg,653
c001,urban/005088.jpg,707
c003,urban/005089.jpg,717
c001,urban/005090.jpg,878
c003,urban/005091.jpg,861
c001,urban/005092.jpg,586
c002,urban/005093.jpg,955
c001,urban/005094.jpg,696
c001,urban/005095.jpg,849
c002,urban/005096.jpg,538
c003,urban/005097.jpg,988
c003,urban/005098.jpg,185
c003,urban/005099.jpg,468
c003,urban/005100.jpg,650
c001,urban/005101.jpg,123
c001,urban/005102.jpg,284
c003,urban/005103.jpg,107
c003,urban/005104.jpg,590
c002,urban/005105.jpg,98
c002,urban/005106.jpg,523
c002,urban/005107.jpg,793
c001,urban/005108.jpg,64
c003,urban/005109.jpg,837
c001,urban/005110.jpg,431
c002,urban/005111.jpg,156
c002,urban/005112.jpg,156
c002,urban/005113.jpg,869
c003,urban/005114.jpg,265
c003,urban/005115.jpg,700
c001,urban/005116.jpg,839
c001,urban/005117.jpg,796
c001,urban/005118.jpg,994
c001,urban/005119.jpg,965
c001,urban/005120.jpg,200
c002,urban/005121.jpg,73
c002,urban/005122.jpg,765
c001,urban/005123.jpg,266
c003,urban/005124.jpg,384
c001,urban/005125.jpg,946
c002,urban/005126.jpg,446
c002,urban/005127.jpg,172
c003,urban/005128.jpg,165
c001,urban/005129.jpg,350
c001,urban/005130.jpg,82
c003,urban/005131.jpg,330
c002,urban/005132.jpg,216
c001,urban/005133.jpg,259
c002,urban/005134.jpg,58
c003,urban/005135.jpg,688
c002,urban/005136.jpg,797
c001,urban/005137.jpg,318
c001,urban/005138.jpg,831
c001,urban/005139.jpg,589
c002,urban/005140.jpg,129
c003,urban/005141.jpg,706
c002,urban/005142.jpg,671
c001,urban/005143.jpg,573
c003,urban/005144.jpg,943
c003,urban/005145.jpg,574
c002,urban/005146.jpg,849
c002,urban/005147.jpg,484
c003,urban/005148.jpg,45
c001,urban/005149.jpg,796
c003,urban/005150.jpg,828
c001,urban/005151.jpg,542
c003,urban/005152.jpg,184
c003,urban/005153.jpg,943
c002,urban/005154.jpg,534
c002,urban/005155.jpg,169
c003,urban/005156.jpg,267
c003,urban/005157.jpg,932
c003,urban/005158.jpg,689
c003,urban/005159.jpg,144
c002,urban/005160.jpg,507
c001,urban/005161.jpg,336
c002,urban/005162.jpg,126
c001,urban/005163.jpg,588
c002,urban/005164.jpg,489
c003,urban/005165.jpg,868
c003,urban/005166.jpg,363
c002,urban/005167.jpg,418
c003,urban/005168.jpg,716
c001,urban/005169.jpg,123
c002,urban/005170.jpg,743
c002,urban/005171.jpg,755
c002,urban/005172.jpg,1046
c001,urban/005173.jpg,894
c001,urban/005174.jpg,552
c003,urban/005175.jpg,767
c003,urban/005176.jpg,501
c001,urban/005177.jpg,102
c001,urban/005178.jpg,1005
c002,urban/005179.jpg,859
c003,urban/005180.jpg,988
c003,urban/005181.jpg,520
c003,urban/005182.jpg,124
c003,urban/005183.jpg,885
c001,urban/005184.jpg,315
c003,urban/005185.jpg,560
c002,urban/005186.jpg,369
c002,urban/005187.jpg,633
c003,urban/005188.jpg,217
c001,urban/005189.jpg,896
c003,urban/005190.jpg,144
c002,urban/005191.jpg,541
c002,urban/005192.jpg,176
c002,urban/005193.jpg,845
c003,urban/005194.jpg,384
c001,urban/005195.jpg,918
c001,urban/005196.jpg,434
c002,urban/005197.jpg,292
c002,urban/005198.jpg,724
c003,urban/005199.jpg,717
c001,urban/005200.jpg,798
c003,urban/005201.jpg,878
c001,urban/005202.jpg,1069
c001,urban/005203.jpg,358
c001,urban/005204.jpg,678
c001,urban/005205.jpg,585
c002,urban/005206.jpg,916
c003,urban/005207.jpg,733
c002,urban/005208.jpg,936
c001,urban/005209.jpg,952
c002,urban/005210.jpg,586
c001,urban/005211.jpg,119
c003,urban/005212.jpg,949
c003,urban/005213.jpg,528
c002,urban/005214.jpg,1090
c002,urban/005215.jpg,579
c003,urban/005216.jpg,758
c003,urban/005217.jpg,978
c003,urban/005218.jpg,751
c002,urban/005219.jpg,544
c003,urban/005220.jpg,663
c001,urban/005221.jpg,433
c001,urban/005222.jpg,437
c003,urban/005223.jpg,1065
c003,urban/005224.jpg,586
c003,urban/005225.jpg,627
c003,urban/005226.jpg,631
c001,urban/005227.jpg,716
c001,urban/005228.jpg,59
c003,urban/005229.jpg,908
c003,urban/005230.jpg,435
c001,urban/005231.jpg,710
c001,urban/005232.jpg,265
c002,urban/005233.jpg,497
c003,urban/005234.jpg,4
c003,urban/005235.jpg,669
c002,urban/005236.jpg,1038
c001,urban/005237.jpg,498
c002,urban/005238.jpg,118
c001,urban/005239.jpg,201
c001,urban/005240.jpg,919
c002,urban/005241.jpg,672
c003,urban/005242.jpg,380
c001,urban/005243.jpg,58
c001,urban/005244.jpg,823
c001,urban/005245.jpg,203
c003,urban/005246.jpg,1052
c001,urban/005247.jpg,114
c002,urban/005248.jpg,439
c001,urban/005249.jpg,930
c003,urban/005250.jpg,664
c001,urban/005251.jpg,85
c001,urban/005252.jpg,641
c003,urban/005253.jpg,572
c003,urban/005254.jpg,706
c003,urban/005255.jpg,387
c002,urban/005256.jpg,199
c003,urban/005257.jpg,839
c003,urban/005258.jpg,200
c003,urban/005259.jpg,603
c002,urban/005260.jpg,1066
c002,urban/005261.jpg,318
c001,urban/005262.jpg,1047
c001,urban/005263.jpg,874
c003,urban/005264.jpg,43
c003,urban/005265.jpg,1013
c001,urban/005266.jpg,1067
c002,urban/005267.jpg,391
c001,urban/005268.jpg,882
c002,urban/005269.jpg,421
c002,urban/005270.jpg,566
c001,urban/005271.jpg,940
c002,urban/005272.jpg,333
c001,urban/005273.jpg,136
c003,urban/005274.jpg,722
c002,urban/005275.jpg,383
c003,urban/005276.jpg,190
c002,urban/005277.jpg,37
c001,urban/005278.jpg,910
c003,urban/005279.jpg,650
c003,urban/005280.jpg,893
c001,urban/005281.jpg,920
c003,urban/005282.jpg,1018
c003,urban/005283.jpg,193
c003,urban/005284.jpg,899
c003,urban/005285.jpg,635
c003,urban/005286.jpg,852
c002,urban/005287.jpg,816
c003,urban/005288.jpg,391
c002,urban/005289.jpg,1020
c003,urban/005290.jpg,618
c003,urban/005291.jpg,142
c002,urban/005292.jpg,756
c002,urban/005293.jpg,353
c001,urban/005294.jpg,500
c002,urban/005295.jpg,553
c002,urban/005296.jpg,682
c002,urban/005297.jpg,1060
c002,urban/005298.jpg,749
c003,urban/005299.jpg,816
c002,urban/005300.jpg,1030
c002,urban/005301.jpg,524
c002,urban/005302.jpg,150
c003,urban/005303.jpg,838
c003,urban/005304.jpg,1
c002,urban/005305.jpg,1044
c002,urban/005306.jpg,137
c001,urban/005307.jpg,911
c001,urban/005308.jpg,21
c002,urban/005309.jpg,897
c002,urban/005310.jpg,119
c001,urban/005311.jpg,631
c003,urban/005312.jpg,370
c001,urban/005313.jpg,60
c001,urban/005314.jpg,804
c002,urban/005315.jpg,857
c003,urban/005316.jpg,417
c002,urban/005317.jpg,361
c003,urban/005318.jpg,592
c001,urban/005319.jpg,900
c001,urban/005320.jpg,14
c001,urban/005321.jpg,1090
c003,urban/005322.jpg,900
c002,urban/005323.jpg,301
c002,urban/005324.jpg,627
c001,urban/005325.jpg,786
c003,urban/005326.jpg,541
c001,urban/005327.jpg,406
c003,urban/005328.jpg,329
c001,urban/005329.jpg,822
c003,urban/005330.jpg,274
c003,urban/005331.jpg,870
c002,urban/005332.jpg,1070
c003,urban/005333.jpg,730
c003,urban/005334.jpg,171
c002,urban/005335.jpg,431
c002,urban/005336.jpg,791
c003,urban/005337.jpg,756
c002,urban/005338.jpg,485
c001,urban/005339.jpg,1085
c002,urban/005340.jpg,644
c003,urban/005341.jpg,457
c001,urban/005342.jpg,83
c001,urban/005343.jpg,491
c001,urban/005344.jpg,813
c001,urban/005345.jpg,423
c003,urban/005346.jpg,732
c001,urban/005347.jpg,882
c003,urban/005348.jpg,594
c001,urban/005349.jpg,1052
c003,urban/005350.jpg,65
c002,urban/005351.jpg,843
c001,urban/005352.jpg,347
c003,urban/005353.jpg,446
c001,urban/005354.jpg,104
c002,urban/005355.jpg,1051
c003,urban/005356.jpg,715
c001,urban/005357.jpg,712
c001,urban/005358.jpg,241
c001,urban/005359.jpg,651
c002,urban/005360.jpg,111
c003,urban/005361.jpg,384
c001,urban/005362.jpg,53
c002,urban/005363.jpg,500
c002,urban/005364.jpg,548
c001,urban/005365.jpg,217
c003,urban/005366.jpg,444
c001,urban/005367.jpg,206
c002,urban/005368.jpg,490
c002,urban/005369.jpg,974
c002,urban/005370.jpg,736
c002,urban/005371.jpg,554
c001,urban/005372.jpg,144
c002,urban/005373.jpg,145
c001,urban/005374.jpg,172
c002,urban/005375.jpg,853
c003,urban/005376.jpg,933
c001,urban/005377.jpg,861
c002,urban/005378.jpg,890
c001,urban/005379.jpg,736
c003,urban/005380.jpg,88
c003,urban/005381.jpg,67
c003,urban/005382.jpg,185
c003,urban/005383.jpg,907
c003,urban/005384.jpg,815
c003,urban/005385.jpg,1030
c003,urban/005386.jpg,991
c003,urban/005387.jpg,933
c002,urban/005388.jpg,813
c003,urban/005389.jpg,841
c001,urban/005390.jpg,797
c002,urban/005391.jpg,561
c002,urban/005392.jpg,501
c001,urban/005393.jpg,650
c001,urban/005394.jpg,313
c003,urban/005395.jpg,988
c003,urban/005396.jpg,64
c002,urban/005397.jpg,651
c001,urban/005398.jpg,265
c001,urban/005399.jpg,438
c001,urban/005400.jpg,1042
c001,urban/005401.jpg,739
c001,urban/005402.jpg,853
c003,urban/005403.jpg,596
c001,urban/005404.jpg,743
c001,urban/005405.jpg,424
c002,urban/005406.jpg,1018
c002,urban/005407.jpg,1045
c002,urban/005408.jpg,749
c001,urban/005409.jpg,670
c002,urban/005410.jpg,785
c001,urban/005411.jpg,102
c003,urban/005412.jpg,811
c003,urban/005413.jpg,134
c001,urban/005414.jpg,866
c002,urban/005415.jpg,933
c002,urban/005416.jpg,362
c002,urban/005417.jpg,1052
c001,urban/005418.jpg,1090
c003,urban/005419.jpg,774
c002,urban/005420.jpg,1034
c003,urban/005421.jpg,452
c002,urban/005422.jpg,665
c003,urban/005423.jpg,534
c003,urban/005424.jpg,505
c002,urban/005425.jpg,903
c003,urban/005426.jpg,939
c002,urban/005427.jpg,873
c001,urban/005428.jpg,673
c003,urban/005429.jpg,811
c002,urban/005430.jpg,60
c002,urban/005431.jpg,350
c002,urban/005432.jpg,115
c003,urban/005433.jpg,818
c003,urban/005434.jpg,238
c002,urban/005435.jpg,185
c003,urban/005436.jpg,448
c001,urban/005437.jpg,801
c001,urban/005438.jpg,918
c003,urban/005439.jpg,358
c003,urban/005440.jpg,489
c003,urban/005441.jpg,271
c002,urban/005442.jpg,814
c001,urban/005443.jpg,1037
c001,urban/005444.jpg,644
c002,urban/005445.jpg,427
c001,urban/005446.jpg,851
c003,urban/005447.jpg,350
c001,urban/005448.jpg,39
c001,urban/005449.jpg,302
c001,urban/005450.jpg,107
c001,urban/005451.jpg,241
c001,urban/005452.jpg,292
c002,urban/005453.jpg,525
c003,urban/005454.jpg,873
c002,urban/005455.jpg,846
c003,urban/005456.jpg,788
c001,urban/005457.jpg,643
c001,urban/005458.jpg,811
c002,urban/005459.jpg,306
c001,urban/005460.jpg,86
c003,urban/005461.jpg,451
c002,urban/005462.jpg,834
c001,urban/005463.jpg,420
c003,urban/005464.jpg,4
c003,urban/005465.jpg,239
c003,urban/005466.jpg,886
c003,urban/005467.jpg,268
c002,urban/005468.jpg,1049
c003,urban/005469.jpg,422
c001,urban/005470.jpg,559
c002,urban/005471.jpg,624
c001,urban/005472.jpg,960
c002,urban/005473.jpg,212
c001,urban/005474.jpg,76
c003,urban/005475.jpg,271
c001,urban/005476.jpg,825
c003,urban/005477.jpg,743
c003,urban/005478.jpg,421
c003,urban/005479.jpg,988
c002,urban/005480.jpg,42
c001,urban/005481.jpg,661
c003,urban/005482.jpg,945
c002,urban/005483.jpg,647
c002,urban/005484.jpg,971
c001,urban/005485.jpg,1047
c003,urban/005486.jpg,184
c002,urban/005487.jpg,200
c002,urban/005488.jpg,14
c001,urban/005489.jpg,156
c001,urban/005490.jpg,592
c002,urban/005491.jpg,58
c003,urban/005492.jpg,198
c001,urban/005493.jpg,258
c002,urban/005494.jpg,543
c002,urban/005495.jpg,724
c003,urban/005496.jpg,217
c002,urban/005497.jpg,145
c001,urban/005498.jpg,353
c001,urban/005499.jpg,146
c003,urban/005500.jpg,70
c003,urban/005501.jpg,541
c003,urban/005502.jpg,384
c001,urban/005503.jpg,1057
c002,urban/005504.jpg,1080
c003,urban/005505.jpg,381
c002,urban/005506.jpg,648
c002,urban/005507.jpg,442
c001,urban/005508.jpg,836
c003,urban/005509.jpg,11
c001,urban/005510.jpg,882
c002,urban/005511.jpg,542
c001,urban/005512.jpg,908
c003,urban/005513.jpg,566
c002,urban/005514.jpg,215
c001,urban/005515.jpg,968
c002,urban/005516.jpg,970
c003,urban/005517.jpg,659
c001,urban/005518.jpg,381
c002,urban/005519.jpg,82
c003,urban/005520.jpg,485
c003,urban/005521.jpg,130
c001,urban/005522.jpg,1090
c002,urban/005523.jpg,652
c003,urban/005524.jpg,398
c001,urban/005525.jpg,783
c003,urban/005526.jpg,516
c003,urban/005527.jpg,397
c003,urban/005528.jpg,1015
c002,urban/005529.jpg,565
c001,urban/005530.jpg,651
c002,urban/005531.jpg,30
c001,urban/005532.jpg,718
c003,urban/005533.jpg,551
c002,urban/005534.jpg,542
c002,urban/005535.jpg,651
c001,urban/005536.jpg,623
c001,urban/005537.jpg,1002
c001,urban/005538.jpg,625
c001,urban/005539.jpg,730
c001,urban/005540.jpg,235
c001,urban/005541.jpg,911
c002,urban/005542.jpg,542
c001,urban/005543.jpg,485
c003,urban/005544.jpg,484
c002,urban/005545.jpg,240
c003,urban/005546.jpg,787
c003,urban/005547.jpg,793
c003,urban/005548.jpg,196
c003,urban/005549.jpg,988
c003,urban/005550.jpg,583
c003,urban/005551.jpg,663
c002,urban/005552.jpg,876
c001,urban/005553.jpg,438
c003,urban/005554.jpg,53
c001,urban/005555.jpg,629
c002,urban/005556.jpg,705
c003,urban/005557.jpg,667
c003,urban/005558.jpg,887
c001,urban/005559.jpg,936
c001,urban/005560.jpg,591
c002,urban/005561.jpg,20
c003,urban/005562.jpg,565
c002,urban/005563.jpg,947
c003,urban/005564.jpg,114
c003,urban/005565.jpg,373
c002,urban/005566.jpg,756
c002,urban/005567.jpg,98
c001,urban/005568.jpg,130
c001,urban/005569.jpg,645
c003,urban/005570.jpg,832
c001,urban/005571.jpg,385
c001,urban/005572.jpg,933
c003,urban/005573.jpg,45
c001,urban/005574.jpg,747
c003,urban/005575.jpg,1038
c002,urban/005576.jpg,261
c003,urban/005577.jpg,551
c002,urban/005578.jpg,915
c002,urban/005579.jpg,764
c003,urban/005580.jpg,606
c002,urban/005581.jpg,59
c003,urban/005582.jpg,200
c003,urban/005583.jpg,988
c001,urban/005584.jpg,297
c001,urban/005585.jpg,720
c003,urban/005586.jpg,165
c001,urban/005587.jpg,586
c001,urban/005588.jpg,400
c003,urban/005589.jpg,535
c002,urban/005590.jpg,546
c003,urban/005591.jpg,994
c003,urban/005592.jpg,770
c001,urban/005593.jpg,861
c002,urban/005594.jpg,711
c001,urban/005595.jpg,450
c001,urban/005596.jpg,141
c002,urban/005597.jpg,444
c001,urban/005598.jpg,453
c003,urban/005599.jpg,857
c002,urban/005600.jpg,1018
c003,urban/005601.jpg,304
c002,urban/005602.jpg,3
c002,urban/005603.jpg,900
c001,urban/005604.jpg,337
c001,urban/005605.jpg,1034
c001,urban/005606.jpg,507
c001,urban/005607.jpg,711
c003,urban/005608.jpg,357
c003,urban/005609.jpg,797
c003,urban/005610.jpg,407
c003,urban/005611.jpg,513
c003,urban/005612.jpg,625
c003,urban/005613.jpg,988
c001,urban/005614.jpg,522
c003,urban/005615.jpg,336
c003,urban/005616.jpg,60
c001,urban/005617.jpg,165
c003,urban/005618.jpg,388
c003,urban/005619.jpg,215
c001,urban/005620.jpg,869
c003,urban/005621.jpg,544
c002,urban/005622.jpg,164
c002,urban/005623.jpg,651
c002,urban/005624.jpg,62
c001,urban/005625.jpg,931
c001,urban/005626.jpg,254
c001,urban/005627.jpg,373
c001,urban/005628.jpg,791
c003,urban/005629.jpg,769
c001,urban/005630.jpg,176
c003,urban/005631.jpg,386
c001,urban/005632.jpg,708
c003,urban/005633.jpg,329
c001,urban/005634.jpg,709
c002,urban/005635.jpg,852
c002,urban/005636.jpg,150
c002,urban/005637.jpg,322
c001,urban/005638.jpg,321
c002,urban/005639.jpg,314
c002,urban/005640.jpg,559
c002,urban/005641.jpg,552
c003,urban/005642.jpg,53
c002,urban/005643.jpg,327
c002,urban/005644.jpg,1026
c003,urban/005645.jpg,934
c001,urban/005646.jpg,594
c003,urban/005647.jpg,161
c001,urban/005648.jpg,277
c003,urban/005649.jpg,836
c002,urban/005650.jpg,87
c001,urban/005651.jpg,698
c002,urban/005652.jpg,1015
c001,urban/005653.jpg,245
c001,urban/005654.jpg,220
c002,urban/005655.jpg,656
c001,urban/005656.jpg,379
c001,urban/005657.jpg,711
c002,urban/005658.jpg,832
c001,urban/005659.jpg,960
c002,urban/005660.jpg,353
c001,urban/005661.jpg,426
c002,urban/005662.jpg,277
c002,urban/005663.jpg,117
c001,urban/005664.jpg,96
c001,urban/005665.jpg,783
c001,urban/005666.jpg,521
c003,urban/005667.jpg,981
c003,urban/005668.jpg,969
c001,urban/005669.jpg,527
c003,urban/005670.jpg,910
c002,urban/005671.jpg,980
c003,urban/005672.jpg,1081
c001,urban/005673.jpg,1072
c001,urban/005674.jpg,946
c002,urban/005675.jpg,220
c001,urban/005676.jpg,336
c003,urban/005677.jpg,167
c002,urban/005678.jpg,846
c003,urban/005679.jpg,509
c003,urban/005680.jpg,32
c001,urban/005681.jpg,793
c002,urban/005682.jpg,690
c001,urban/005683.jpg,911
c002,urban/005684.jpg,849
c003,urban/005685.jpg,456
c001,urban/005686.jpg,467
c002,urban/005687.jpg,121
c003,urban/005688.jpg,1046
c002,urban/005689.jpg,853
c003,urban/005690.jpg,600
c002,urban/005691.jpg,730
c001,urban/005692.jpg,849
c003,urban/005693.jpg,982
c001,urban/005694.jpg,60
c002,urban/005695.jpg,375
c003,urban/005696.jpg,528
c002,urban/005697.jpg,695
c003,urban/005698.jpg,1040
c003,urban/005699.jpg,816
c003,urban/005700.jpg,803
c003,urban/005701.jpg,874
c001,urban/005702.jpg,1048
c001,urban/005703.jpg,497
c003,urban/005704.jpg,988
c003,urban/005705.jpg,136
c003,urban/005706.jpg,158
c001,urban/005707.jpg,86
c001,urban/005708.jpg,582
c002,urban/005709.jpg,5
c001,urban/005710.jpg,14
c001,urban/005711.jpg,947
c002,urban/005712.jpg,456
c003,urban/005713.jpg,1088
c003,urban/005714.jpg,628
c002,urban/005715.jpg,635
c001,urban/005716.jpg,85
c003,urban/005717.jpg,871
c003,urban/005718.jpg,142
c001,urban/005719.jpg,271
c002,urban/005720.jpg,203
c003,urban/005721.jpg,939
c001,urban/005722.jpg,890
c002,urban/005723.jpg,651
c001,urban/005724.jpg,327
c002,urban/005725.jpg,1059
c001,urban/005726.jpg,441
c001,urban/005727.jpg,1090
c003,urban/005728.jpg,244
c002,urban/005729.jpg,970
c002,urban/005730.jpg,618
c002,urban/005731.jpg,631
c001,urban/005732.jpg,329
c001,urban/005733.jpg,758
c003,urban/005734.jpg,632
c003,urban/005735.jpg,861
c003,urban/005736.jpg,234
c001,urban/005737.jpg,737
c003,urban/005738.jpg,487
c002,urban/005739.jpg,84
c001,urban/005740.jpg,807
c003,urban/005741.jpg,1055
c001,urban/005742.jpg,192
c001,urban/005743.jpg,122
c001,urban/005744.jpg,240
c003,urban/005745.jpg,826
c003,urban/005746.jpg,1006
c003,urban/005747.jpg,1015
c001,urban/005748.jpg,601
c002,urban/005749.jpg,529
c001,urban/005750.jpg,212
c002,urban/005751.jpg,941
c003,urban/005752.jpg,141
c003,urban/005753.jpg,133
c003,urban/005754.jpg,1073
c003,urban/005755.jpg,353
c002,urban/005756.jpg,562
c001,urban/005757.jpg,331
c001,urban/005758.jpg,682
c003,urban/005759.jpg,855
c002,urban/005760.jpg,392
c002,urban/005761.jpg,1032
c001,urban/005762.jpg,632
c003,urban/005763.jpg,651
c003,urban/005764.jpg,633
c001,urban/005765.jpg,651
c003,urban/005766.jpg,825
c003,urban/005767.jpg,1070
c002,urban/005768.jpg,1044
c003,urban/005769.jpg,315
c001,urban/005770.jpg,943
c003,urban/005771.jpg,130
c002,urban/005772.jpg,491
c002,urban/005773.jpg,10
c003,urban/005774.jpg,560
c002,urban/005775.jpg,707
c001,urban/005776.jpg,10
c001,urban/005777.jpg,1066
c001,urban/005778.jpg,409
c003,urban/005779.jpg,543
c001,urban/005780.jpg,174
c002,urban/005781.jpg,737
c002,urban/005782.jpg,266
c003,urban/005783.jpg,955
c001,urban/005784.jpg,1063
c003,urban/005785.jpg,950
c001,urban/005786.jpg,981
c003,urban/005787.jpg,756
c001,urban/005788.jpg,713
c003,urban/005789.jpg,32
c001,urban/005790.jpg,956
c003,urban/005791.jpg,816
c002,urban/005792.jpg,352
c003,urban/005793.jpg,217
c001,urban/005794.jpg,465
c002,urban/005795.jpg,409
c003,urban/005796.jpg,712
c002,urban/005797.jpg,1044
c003,urban/005798.jpg,724
c003,urban/005799.jpg,1086
c002,urban/005800.jpg,673
c003,urban/005801.jpg,321
c002,urban/005802.jpg,584
c003,urban/005803.jpg,871
c002,urban/005804.jpg,631
c002,urban/005805.jpg,97
c002,urban/005806.jpg,434
c003,urban/005807.jpg,221
c003,urban/005808.jpg,1000
c003,urban/005809.jpg,31
c001,urban/005810.jpg,284
c002,urban/005811.jpg,185
c001,urban/005812.jpg,168
c001,urban/005813.jpg,625
c001,urban/005814.jpg,365
c003,urban/005815.jpg,969
c003,urban/005816.jpg,903
c001,urban/005817.jpg,570
c003,urban/005818.jpg,396
c001,urban/005819.jpg,138
c003,urban/005820.jpg,1075
c002,urban/005821.jpg,552
c003,urban/005822.jpg,746
c002,urban/005823.jpg,697
c001,urban/005824.jpg,952
c001,urban/005825.jpg,646
c002,urban/005826.jpg,269
c001,urban/005827.jpg,124
c001,urban/005828.jpg,807
c002,urban/005829.jpg,16
c003,urban/005830.jpg,57
c001,urban/005831.jpg,431
c003,urban/005832.jpg,32
c002,urban/005833.jpg,913
c001,urban/005834.jpg,787
c002,urban/005835.jpg,946
c002,urban/005836.jpg,366
c002,urban/005837.jpg,92
c002,urban/005838.jpg,838
c001,urban/005839.jpg,1028
c002,urban/005840.jpg,755
c002,urban/005841.jpg,719
c003,urban/005842.jpg,623
c001,urban/005843.jpg,336
c001,urban/005844.jpg,244
c003,urban/005845.jpg,195
c002,urban/005846.jpg,486
c001,urban/005847.jpg,20
c003,urban/005848.jpg,850
c002,urban/005849.jpg,636
c001,urban/005850.jpg,1073
c003,urban/005851.jpg,318
c002,urban/005852.jpg,1077
c001,urban/005853.jpg,373
c001,urban/005854.jpg,449
c001,urban/005855.jpg,353
c003,urban/005856.jpg,553
c002,urban/005857.jpg,282
c001,urban/005858.jpg,657
c003,urban/005859.jpg,830
c001,urban/005860.jpg,386
c001,urban/005861.jpg,431
c002,urban/005862.jpg,446
c001,urban/005863.jpg,652
c003,urban/005864.jpg,349
c001,urban/005865.jpg,216
c002,urban/005866.jpg,363
c003,urban/005867.jpg,303
c001,urban/005868.jpg,86
c003,urban/005869.jpg,476
c001,urban/005870.jpg,991
c001,urban/005871.jpg,776
c003,urban/005872.jpg,91
c002,urban/005873.jpg,938
c001,urban/005874.jpg,1065
c001,urban/005875.jpg,787
c002,urban/005876.jpg,579
c001,urban/005877.jpg,948
c003,urban/005878.jpg,2
c001,urban/005879.jpg,550
c003,urban/005880.jpg,800
c003,urban/005881.jpg,386
c002,urban/005882.jpg,57
c003,urban/005883.jpg,541
c003,urban/005884.jpg,929
c003,urban/005885.jpg,58
c003,urban/005886.jpg,199
c003,urban/005887.jpg,156
c001,urban/005888.jpg,438
c001,urban/005889.jpg,194
c001,urban/005890.jpg,776
c001,urban/005891.jpg,215
c002,urban/005892.jpg,923
c001,urban/005893.jpg,217
c003,urban/005894.jpg,948
c003,urban/005895.jpg,453
c003,urban/005896.jpg,234
c001,urban/005897.jpg,467
c002,urban/005898.jpg,619
c001,urban/005899.jpg,127
c003,urban/005900.jpg,1044
c003,urban/005901.jpg,543
c003,urban/005902.jpg,41
c001,urban/005903.jpg,88
c001,urban/005904.jpg,918
c003,urban/005905.jpg,121
c001,urban/005906.jpg,817
c003,urban/005907.jpg,945
c001,urban/005908.jpg,709
c002,urban/005909.jpg,852
c003,urban/005910.jpg,187
c003,urban/005911.jpg,808
c002,urban/005912.jpg,169
c003,urban/005913.jpg,624
c003,urban/005914.jpg,953
c002,urban/005915.jpg,861
c002,urban/005916.jpg,277
c001,urban/005917.jpg,988
c002,urban/005918.jpg,262
c001,urban/005919.jpg,736
c003,urban/005920.jpg,874
c002,urban/005921.jpg,769
c002,urban/005922.jpg,456
c003,urban/005923.jpg,771
c003,urban/005924.jpg,431
c003,urban/005925.jpg,492
c002,urban/005926.jpg,1059
c002,urban/005927.jpg,11
c001,urban/005928.jpg,498
c003,urban/005929.jpg,627
c003,urban/005930.jpg,737
c001,urban/005931.jpg,460
c001,urban/005932.jpg,724
c002,urban/005933.jpg,333
c001,urban/005934.jpg,271
c002,urban/005935.jpg,658
c003,urban/005936.jpg,274
c001,urban/005937.jpg,451
c002,urban/005938.jpg,465
c001,urban/005939.jpg,903
c003,urban/005940.jpg,400
c001,urban/005941.jpg,144
c001,urban/005942.jpg,611
c003,urban/005943.jpg,752
c001,urban/005944.jpg,829
c003,urban/005945.jpg,87
c001,urban/005946.jpg,307
c003,urban/005947.jpg,240
c002,urban/005948.jpg,864
c001,urban/005949.jpg,859
c002,urban/005950.jpg,1053
c003,urban/005951.jpg,850
c001,urban/005952.jpg,220
c001,urban/005953.jpg,682
c001,urban/005954.jpg,688
c003,urban/005955.jpg,86
c003,urban/005956.jpg,595
c003,urban/005957.jpg,808
c002,urban/005958.jpg,460
c002,urban/005959.jpg,742
c003,urban/005960.jpg,55
c001,urban/005961.jpg,778
c001,urban/005962.jpg,146
c002,urban/005963.jpg,577
c001,urban/005964.jpg,871
c003,urban/005965.jpg,587
c001,urban/005966.jpg,1090
c003,urban/005967.jpg,632
c001,urban/005968.jpg,816
c001,urban/005969.jpg,431
c003,urban/005970.jpg,985
c002,urban/005971.jpg,930
c002,urban/005972.jpg,27
c002,urban/005973.jpg,166
c002,urban/005974.jpg,1077
c001,urban/005975.jpg,349
c002,urban/005976.jpg,141
c002,urban/005977.jpg,844
c001,urban/005978.jpg,476
c001,urban/005979.jpg,718
c003,urban/005980.jpg,629
c001,urban/005981.jpg,591
c001,urban/005982.jpg,48
c001,urban/005983.jpg,579
c001,urban/005984.jpg,60
c003,urban/005985.jpg,434
c003,urban/005986.jpg,207
c002,urban/005987.jpg,199
c001,urban/005988.jpg,703
c001,urban/005989.jpg,1051
c001,urban/005990.jpg,537
c003,urban/005991.jpg,851
c002,urban/005992.jpg,291
c001,urban/005993.jpg,211
c001,urban/005994.jpg,871
c002,urban/005995.jpg,265
c002,urban/005996.jpg,1014
c002,urban/005997.jpg,357
c003,urban/005998.jpg,871
c003,urban/005999.jpg,969
c003,urban/006000.jpg,438
c001,urban/006001.jpg,1063
c002,urban/006002.jpg,1063
c001,urban/006003.jpg,337
c003,urban/006004.jpg,94
c002,urban/006005.jpg,629
c001,urban/006006.jpg,879
c001,urban/006007.jpg,406
c001,urban/006008.jpg,729
c003,urban/006009.jpg,1090
c003,urban/006010.jpg,876
c002,urban/006011.jpg,683
c003,urban/006012.jpg,830
c003,urban/006013.jpg,887
c003,urban/006014.jpg,159
c002,urban/006015.jpg,810
c002,urban/006016.jpg,940
c002,urban/006017.jpg,303
c003,urban/006018.jpg,68
c003,urban/006019.jpg,267
c003,urban/006020.jpg,10
c001,urban/006021.jpg,419
c001,urban/006022.jpg,300
c002,urban/006023.jpg,70
c001,urban/006024.jpg,586
c001,urban/006025.jpg,1073
c003,urban/006026.jpg,934
c001,urban/006027.jpg,518
c001,urban/006028.jpg,937
c003,urban/006029.jpg,383
c002,urban/006030.jpg,930
c002,urban/006031.jpg,893
c002,urban/006032.jpg,411
c001,urban/006033.jpg,907
c002,urban/006034.jpg,1081
c003,urban/006035.jpg,849
c001,urban/006036.jpg,376
c001,urban/006037.jpg,922
c001,urban/006038.jpg,212
c001,urban/006039.jpg,161
c001,urban/006040.jpg,717
c001,urban/006041.jpg,1085
c002,urban/006042.jpg,423
c003,urban/006043.jpg,266
c001,urban/006044.jpg,135
c001,urban/006045.jpg,396
c003,urban/006046.jpg,658
c001,urban/006047.jpg,835
c002,urban/006048.jpg,950
c002,urban/006049.jpg,930
c002,urban/006050.jpg,1066
c002,urban/006051.jpg,20
c003,urban/006052.jpg,178
c002,urban/006053.jpg,542
c002,urban/006054.jpg,751
c001,urban/006055.jpg,910
c001,urban/006056.jpg,864
c003,urban/006057.jpg,471
c002,urban/006058.jpg,472
c003,urban/006059.jpg,104
c002,urban/006060.jpg,541
c002,urban/006061.jpg,610
c001,urban/006062.jpg,772
c001,urban/006063.jpg,906
c001,urban/006064.jpg,388
c003,urban/006065.jpg,1016
c001,urban/006066.jpg,648
c002,urban/006067.jpg,1090
c001,urban/006068.jpg,838
c002,urban/006069.jpg,1073
c001,urban/006070.jpg,757
c003,urban/006071.jpg,429
c001,urban/006072.jpg,602
c001,urban/006073.jpg,932
c003,urban/006074.jpg,487
c002,urban/006075.jpg,326
c002,urban/006076.jpg,379
c002,urban/006077.jpg,91
c003,urban/006078.jpg,698
c001,urban/006079.jpg,248
c002,urban/006080.jpg,255
c003,urban/006081.jpg,680
c002,urban/006082.jpg,538
c003,urban/006083.jpg,988
c002,urban/006084.jpg,277
c001,urban/006085.jpg,863
c002,urban/006086.jpg,230
c002,urban/006087.jpg,255
c003,urban/006088.jpg,909
c002,urban/006089.jpg,796
c002,urban/006090.jpg,446
c001,urban/006091.jpg,940
c001,urban/006092.jpg,894
c002,urban/006093.jpg,98
c001,urban/006094.jpg,882
c002,urban/006095.jpg,511
c003,urban/006096.jpg,981
c001,urban/006097.jpg,607
c001,urban/006098.jpg,381
c001,urban/006099.jpg,296
c002,urban/006100.jpg,558
c003,urban/006101.jpg,816
c001,urban/006102.jpg,657
c001,urban/006103.jpg,172
c001,urban/006104.jpg,1007
c003,urban/006105.jpg,1006
c002,urban/006106.jpg,437
c003,urban/006107.jpg,167
c003,urban/006108.jpg,438
c003,urban/006109.jpg,620
c002,urban/006110.jpg,492
c001,urban/006111.jpg,109
c001,urban/006112.jpg,243
c002,urban/006113.jpg,77
c002,urban/006114.jpg,391
c003,urban/006115.jpg,744
c001,urban/006116.jpg,982
c001,urban/006117.jpg,67
c001,urban/006118.jpg,936
c002,urban/006119.jpg,264
c003,urban/006120.jpg,188
c001,urban/006121.jpg,503
c002,urban/006122.jpg,703
c003,urban/006123.jpg,112
c003,urban/006124.jpg,495
c002,urban/006125.jpg,1044
c002,urban/006126.jpg,419
c002,urban/006127.jpg,207
c002,urban/006128.jpg,405
c002,urban/006129.jpg,868
c003,urban/006130.jpg,68
c002,urban/006131.jpg,841
c003,urban/006132.jpg,440
c002,urban/006133.jpg,106
c001,urban/006134.jpg,132
c002,urban/006135.jpg,476
c001,urban/006136.jpg,848
c003,urban/006137.jpg,363
c002,urban/006138.jpg,520
c002,urban/006139.jpg,370
c002,urban/006140.jpg,829
c003,urban/006141.jpg,1083
c002,urban/006142.jpg,663
c002,urban/006143.jpg,914
c002,urban/006144.jpg,811
c002,urban/006145.jpg,310
c003,urban/006146.jpg,331
c002,urban/006147.jpg,91
c002,urban/006148.jpg,495
c003,urban/006149.jpg,433
c003,urban/006150.jpg,969
c001,urban/006151.jpg,301
c003,urban/006152.jpg,657
c002,urban/006153.jpg,758
c002,urban/006154.jpg,743
c002,urban/006155.jpg,869
c003,urban/006156.jpg,353
c003,urban/006157.jpg,607
c002,urban/006158.jpg,855
c002,urban/006159.jpg,1069
c003,urban/006160.jpg,403
c001,urban/006161.jpg,1009
c002,urban/006162.jpg,291
c003,urban/006163.jpg,755
c002,urban/006164.jpg,254
c003,urban/006165.jpg,186
c001,urban/006166.jpg,943
c003,urban/006167.jpg,701
c002,urban/006168.jpg,803
c002,urban/006169.jpg,1043
c001,urban/006170.jpg,78
c003,urban/006171.jpg,404
c003,urban/006172.jpg,347
c002,urban/006173.jpg,1090
c001,urban/006174.jpg,440
c001,urban/006175.jpg,834
c003,urban/006176.jpg,968
c003,urban/006177.jpg,381
c001,urban/006178.jpg,500
c001,urban/006179.jpg,628
c002,urban/006180.jpg,76
c002,urban/006181.jpg,58
c003,urban/006182.jpg,850
c003,urban/006183.jpg,421
c003,urban/006184.jpg,275
c003,urban/006185.jpg,1026
c001,urban/006186.jpg,779
c002,urban/006187.jpg,811
c001,urban/006188.jpg,656
c001,urban/006189.jpg,579
c003,urban/006190.jpg,937
c003,urban/006191.jpg,255
c002,urban/006192.jpg,949
c001,urban/006193.jpg,439
c003,urban/006194.jpg,919
c003,urban/006195.jpg,105
c002,urban/006196.jpg,109
c001,urban/006197.jpg,442
c001,urban/006198.jpg,816
c002,urban/006199.jpg,350
c001,urban/006200.jpg,406
c003,urban/006201.jpg,1066
c002,urban/006202.jpg,881
c003,urban/006203.jpg,505
c002,urban/006204.jpg,1022
c001,urban/006205.jpg,943
c002,urban/006206.jpg,613
c002,urban/006207.jpg,1026
c003,urban/006208.jpg,409
c002,urban/006209.jpg,659
c003,urban/006210.jpg,420
c003,urban/006211.jpg,663
c003,urban/006212.jpg,1090
c003,urban/006213.jpg,867
c001,urban/006214.jpg,154
c003,urban/006215.jpg,410
c001,urban/006216.jpg,680
c002,urban/006217.jpg,564
c001,urban/006218.jpg,855
c003,urban/006219.jpg,819
c001,urban/006220.jpg,986
c002,urban/006221.jpg,622
c003,urban/006222.jpg,1028
c003,urban/006223.jpg,653
c003,urban/006224.jpg,138
c001,urban/006225.jpg,579
c001,urban/006226.jpg,128
c002,urban/006227.jpg,1006
c001,urban/006228.jpg,172
c003,urban/006229.jpg,360
c003,urban/006230.jpg,375
c002,urban/006231.jpg,361
c002,urban/006232.jpg,182
c002,urban/006233.jpg,829
c003,urban/006234.jpg,923
c002,urban/006235.jpg,78
c002,urban/006236.jpg,907
c003,urban/006237.jpg,65
c001,urban/006238.jpg,216
c001,urban/006239.jpg,376
c003,urban/006240.jpg,258
c002,urban/006241.jpg,212
c002,urban/006242.jpg,92
c002,urban/006243.jpg,157
c002,urban/006244.jpg,731
c002,urban/006245.jpg,223
c002,urban/006246.jpg,22
c003,urban/006247.jpg,181
c002,urban/006248.jpg,485
c002,urban/006249.jpg,282
c003,urban/006250.jpg,559
c001,urban/006251.jpg,889
c003,urban/006252.jpg,679
c002,urban/006253.jpg,339
c001,urban/006254.jpg,1046
c001,urban/006255.jpg,107
c003,urban/006256.jpg,716
c003,urban/006257.jpg,277
c001,urban/006258.jpg,569
c003,urban/006259.jpg,184
c003,urban/006260.jpg,144
c001,urban/006261.jpg,1036
c001,urban/006262.jpg,454
c002,urban/006263.jpg,386
c002,urban/006264.jpg,1028
c002,urban/006265.jpg,743
c001,urban/006266.jpg,222
c002,urban/006267.jpg,1088
c003,urban/006268.jpg,924
c003,urban/006269.jpg,19
c002,urban/006270.jpg,384
c001,urban/006271.jpg,479
c003,urban/006272.jpg,522
c002,urban/006273.jpg,803
c003,urban/006274.jpg,58
c001,urban/006275.jpg,489
c002,urban/006276.jpg,667
c002,urban/006277.jpg,997
c001,urban/006278.jpg,679
c001,urban/006279.jpg,734
c002,urban/006280.jpg,1061
c003,urban/006281.jpg,2
c002,urban/006282.jpg,119
c001,urban/006283.jpg,960
c001,urban/006284.jpg,14
c003,urban/006285.jpg,940
c003,urban/006286.jpg,331
c003,urban/006287.jpg,437
c003,urban/006288.jpg,672
c001,urban/006289.jpg,29
c002,urban/006290.jpg,396
c002,urban/006291.jpg,774
c003,urban/006292.jpg,32
c001,urban/006293.jpg,1018
c001,urban/006294.jpg,68
c003,urban/006295.jpg,607
c002,urban/006296.jpg,385
c003,urban/006297.jpg,816
c003,urban/006298.jpg,252
c001,urban/006299.jpg,889
c003,urban/006300.jpg,988
c002,urban/006301.jpg,353
c001,urban/006302.jpg,508
c003,urban/006303.jpg,713
c001,urban/006304.jpg,137
c003,urban/006305.jpg,509
c002,urban/006306.jpg,803
c002,urban/006307.jpg,1036
c002,urban/006308.jpg,501
c002,urban/006309.jpg,129
c002,urban/006310.jpg,1034
c001,urban/006311.jpg,609
c001,urban/006312.jpg,760
c002,urban/006313.jpg,566
c001,urban/006314.jpg,252
c002,urban/006315.jpg,274
c001,urban/006316.jpg,546
c003,urban/006317.jpg,779
c002,urban/006318.jpg,903
c001,urban/006319.jpg,234
c002,urban/006320.jpg,996
c003,urban/006321.jpg,532
c002,urban/006322.jpg,855
c003,urban/006323.jpg,343
c002,urban/006324.jpg,44
c002,urban/006325.jpg,37
c001,urban/006326.jpg,1031
c001,urban/006327.jpg,847
c002,urban/006328.jpg,593
c002,urban/006329.jpg,622
c003,urban/006330.jpg,27
c003,urban/006331.jpg,184
c003,urban/006332.jpg,724
c003,urban/006333.jpg,132
c001,urban/006334.jpg,758
c002,urban/006335.jpg,112
c001,urban/006336.jpg,669
c002,urban/006337.jpg,69
c003,urban/006338.jpg,47
c002,urban/006339.jpg,1029
c001,urban/006340.jpg,323
c003,urban/006341.jpg,596
c001,urban/006342.jpg,80
c003,urban/006343.jpg,974
c003,urban/006344.jpg,706
c003,urban/006345.jpg,988
c003,urban/006346.jpg,4
c003,urban/006347.jpg,749
c001,urban/006348.jpg,1042
c003,urban/006349.jpg,259
c001,urban/006350.jpg,349
c001,urban/006351.jpg,316
c001,urban/006352.jpg,774
c001,urban/006353.jpg,1008
c003,urban/006354.jpg,650
c003,urban/006355.jpg,544
c003,urban/006356.jpg,408
c001,urban/006357.jpg,1090
c001,urban/006358.jpg,903
c002,urban/006359.jpg,1030
c002,urban/006360.jpg,489
c002,urban/006361.jpg,712
c003,urban/006362.jpg,141
c003,urban/006363.jpg,63
c002,urban/006364.jpg,698
c003,urban/006365.jpg,516
c001,urban/006366.jpg,324
c002,urban/006367.jpg,129
c002,urban/006368.jpg,487
c002,urban/006369.jpg,792
c001,urban/006370.jpg,86
c003,urban/006371.jpg,526
c001,urban/006372.jpg,41
c001,urban/006373.jpg,54
c001,urban/006374.jpg,806
c002,urban/006375.jpg,1024
c002,urban/006376.jpg,684
c003,urban/006377.jpg,439
c003,urban/006378.jpg,491
c003,urban/006379.jpg,797
c001,urban/006380.jpg,899
c003,urban/006381.jpg,272
c001,urban/006382.jpg,370
c002,urban/006383.jpg,496
c003,urban/006384.jpg,611
c003,urban/006385.jpg,215
c001,urban/006386.jpg,873
c002,urban/006387.jpg,698
c003,urban/006388.jpg,216
c001,urban/006389.jpg,457
c001,urban/006390.jpg,453
c001,urban/006391.jpg,593
c001,urban/006392.jpg,647
c003,urban/006393.jpg,665
c001,urban/006394.jpg,816
c003,urban/006395.jpg,1005
c001,urban/006396.jpg,738
c003,urban/006397.jpg,1034
c002,urban/006398.jpg,164
c003,urban/006399.jpg,766
c003,urban/006400.jpg,618
c003,urban/006401.jpg,712
c002,urban/006402.jpg,317
c001,urban/006403.jpg,63
c002,urban/006404.jpg,702
c001,urban/006405.jpg,552
c001,urban/006406.jpg,216
c002,urban/006407.jpg,1020
c002,urban/006408.jpg,136
c003,urban/006409.jpg,371
c001,urban/006410.jpg,541
c003,urban/006411.jpg,420
c002,urban/006412.jpg,289
c001,urban/006413.jpg,1056
c003,urban/006414.jpg,799
c002,urban/006415.jpg,466
c001,urban/006416.jpg,170
c001,urban/006417.jpg,429
c002,urban/006418.jpg,1040
c003,urban/006419.jpg,570
c002,urban/006420.jpg,352
c001,urban/006421.jpg,495
c003,urban/006422.jpg,318
c003,urban/006423.jpg,354
c002,urban/006424.jpg,80
c003,urban/006425.jpg,208
c001,urban/006426.jpg,620
c002,urban/006427.jpg,941
c001,urban/006428.jpg,204
c003,urban/006429.jpg,739
c001,urban/006430.jpg,616
c001,urban/006431.jpg,758
c003,urban/006432.jpg,214
c001,urban/006433.jpg,308
c002,urban/006434.jpg,622
c003,urban/006435.jpg,85
c001,urban/006436.jpg,837
c003,urban/006437.jpg,220
c002,urban/006438.jpg,358
c003,urban/006439.jpg,586
c002,urban/006440.jpg,105
c003,urban/006441.jpg,25
c003,urban/006442.jpg,1066
c003,urban/006443.jpg,803
c003,urban/006444.jpg,129
c002,urban/006445.jpg,942
c003,urban/006446.jpg,984
c002,urban/006447.jpg,68
c003,urban/006448.jpg,629
c003,urban/006449.jpg,725
c001,urban/006450.jpg,939
c003,urban/006451.jpg,100
c001,urban/006452.jpg,946
c002,urban/006453.jpg,933
c003,urban/006454.jpg,285
c002,urban/006455.jpg,981
c002,urban/006456.jpg,1090
c002,urban/006457.jpg,335
c002,urban/006458.jpg,858
c002,urban/006459.jpg,221
c001,urban/006460.jpg,759
c001,urban/006461.jpg,869
c003,urban/006462.jpg,810
c002,urban/006463.jpg,391
c002,urban/006464.jpg,230
c001,urban/006465.jpg,1048
c002,urban/006466.jpg,713
c002,urban/006467.jpg,947
c001,urban/006468.jpg,755
c001,urban/006469.jpg,765
c003,urban/006470.jpg,166
c002,urban/006471.jpg,524
c002,urban/006472.jpg,497
c001,urban/006473.jpg,970
c002,urban/006474.jpg,943
c001,urban/006475.jpg,1030
c003,urban/006476.jpg,996
c003,urban/006477.jpg,843
c001,urban/006478.jpg,65
c002,urban/006479.jpg,541
c002,urban/006480.jpg,601
c003,urban/006481.jpg,202
c001,urban/006482.jpg,165
c002,urban/006483.jpg,995
c001,urban/006484.jpg,723
c001,urban/006485.jpg,885
c001,urban/006486.jpg,486
c002,urban/006487.jpg,654
c002,urban/006488.jpg,626
c003,urban/006489.jpg,466
c003,urban/006490.jpg,646
c001,urban/006491.jpg,942
c002,urban/006492.jpg,724
c001,urban/006493.jpg,478
c001,urban/006494.jpg,623
c001,urban/006495.jpg,869
c002,urban/006496.jpg,351
c003,urban/006497.jpg,1090
c002,urban/006498.jpg,260
c003,urban/006499.jpg,689
c002,urban/006500.jpg,814
c003,urban/006501.jpg,480
c002,urban/006502.jpg,53
c002,urban/006503.jpg,1085
c001,urban/006504.jpg,1041
c001,urban/006505.jpg,786
c001,urban/006506.jpg,1066
c001,urban/006507.jpg,109
c001,urban/006508.jpg,68
c003,urban/006509.jpg,211
c001,urban/006510.jpg,1029
c003,urban/006511.jpg,431
c001,urban/006512.jpg,271
c001,urban/006513.jpg,582
c001,urban/006514.jpg,655
c001,urban/006515.jpg,363
c003,urban/006516.jpg,1009
c001,urban/006517.jpg,108
c003,urban/006518.jpg,1073
c003,urban/006519.jpg,631
c002,urban/006520.jpg,607
c003,urban/006521.jpg,958
c002,urban/006522.jpg,375
c001,urban/006523.jpg,1073
c002,urban/006524.jpg,1060
c001,urban/006525.jpg,700
c002,urban/006526.jpg,502
c001,urban/006527.jpg,849
c001,urban/006528.jpg,401
c001,urban/006529.jpg,221
c001,urban/006530.jpg,807
c001,urban/006531.jpg,957
c003,urban/006532.jpg,621
c002,urban/006533.jpg,920
c002,urban/006534.jpg,855
c003,urban/006535.jpg,549
c001,urban/006536.jpg,30
c002,urban/006537.jpg,16
c002,urban/006538.jpg,144
c001,urban/006539.jpg,629
c001,urban/006540.jpg,949
c001,urban/006541.jpg,798
c001,urban/006542.jpg,78
c001,urban/006543.jpg,60
c001,urban/006544.jpg,946
c002,urban/006545.jpg,370
c001,urban/006546.jpg,592
c003,urban/006547.jpg,113
c003,urban/006548.jpg,169
c003,urban/006549.jpg,541
c002,urban/006550.jpg,651
c001,urban/006551.jpg,1090
c002,urban/006552.jpg,784
c002,urban/006553.jpg,498
c001,urban/006554.jpg,646
c003,urban/006555.jpg,923
c001,urban/006556.jpg,761
c002,urban/006557.jpg,831
c003,urban/006558.jpg,474
c001,urban/006559.jpg,565
c002,urban/006560.jpg,429
c002,urban/006561.jpg,885
c001,urban/006562.jpg,82
c003,urban/006563.jpg,1020
c003,urban/006564.jpg,667
c003,urban/006565.jpg,38
c001,urban/006566.jpg,426
c003,urban/006567.jpg,1033
c001,urban/006568.jpg,544
c003,urban/006569.jpg,204
c003,urban/006570.jpg,335
c003,urban/006571.jpg,241
c002,urban/006572.jpg,779
c003,urban/006573.jpg,62
c002,urban/006574.jpg,755
c003,urban/006575.jpg,407
c001,urban/006576.jpg,984
c001,urban/006577.jpg,727
c002,urban/006578.jpg,785
c002,urban/006579.jpg,279
c001,urban/006580.jpg,78
c002,urban/006581.jpg,881
c002,urban/006582.jpg,852
c002,urban/006583.jpg,641
c003,urban/006584.jpg,282
c002,urban/006585.jpg,1050
c001,urban/006586.jpg,500
c001,urban/006587.jpg,209
c003,urban/006588.jpg,152
c002,urban/006589.jpg,1048
c002,urban/006590.jpg,847
c001,urban/006591.jpg,792
c002,urban/006592.jpg,704
c001,urban/006593.jpg,815
c002,urban/006594.jpg,88
c003,urban/006595.jpg,19
c001,urban/006596.jpg,522
c002,urban/006597.jpg,491
c001,urban/006598.jpg,42
c001,urban/006599.jpg,881
c001,urban/006600.jpg,158
c003,urban/006601.jpg,508
c003,urban/006602.jpg,654
c003,urban/006603.jpg,220
c001,urban/006604.jpg,1048
c002,urban/006605.jpg,605
c002,urban/006606.jpg,596
c003,urban/006607.jpg,497
c002,urban/006608.jpg,889
c003,urban/006609.jpg,303
c002,urban/006610.jpg,434
c002,urban/006611.jpg,942
c001,urban/006612.jpg,982
c003,urban/006613.jpg,760
c002,urban/006614.jpg,772
c003,urban/006615.jpg,877
c001,urban/006616.jpg,656
c001,urban/006617.jpg,1028
c002,urban/006618.jpg,805
c002,urban/006619.jpg,56
c003,urban/006620.jpg,126
c002,urban/006621.jpg,172
c002,urban/006622.jpg,218
c002,urban/006623.jpg,186
c003,urban/006624.jpg,676
c001,urban/006625.jpg,716
c003,urban/006626.jpg,608
c001,urban/006627.jpg,248
c001,urban/006628.jpg,583
c001,urban/006629.jpg,542
c001,urban/006630.jpg,28
c002,urban/006631.jpg,318
c001,urban/006632.jpg,265
c001,urban/006633.jpg,593
c003,urban/006634.jpg,697
c001,urban/006635.jpg,1038
c003,urban/006636.jpg,316
c002,urban/006637.jpg,639
c002,urban/006638.jpg,84
c003,urban/006639.jpg,569
c001,urban/006640.jpg,1059
c002,urban/006641.jpg,422
c003,urban/006642.jpg,491
c003,urban/006643.jpg,841
c002,urban/006644.jpg,303
c003,urban/006645.jpg,588
c001,urban/006646.jpg,16
c001,urban/006647.jpg,152
c002,urban/006648.jpg,12
c001,urban/006649.jpg,654
c003,urban/006650.jpg,984
c002,urban/006651.jpg,392
c003,urban/006652.jpg,394
c002,urban/006653.jpg,870
c003,urban/006654.jpg,648
c002,urban/006655.jpg,220
c001,urban/006656.jpg,650
c003,urban/006657.jpg,1009
c003,urban/006658.jpg,548
c001,urban/006659.jpg,624
c003,urban/006660.jpg,278
c001,urban/006661.jpg,248
c003,urban/006662.jpg,925
c002,urban/006663.jpg,829
c003,urban/006664.jpg,400
c003,urban/006665.jpg,280
c002,urban/006666.jpg,196
c001,urban/006667.jpg,215
c001,urban/006668.jpg,740
c003,urban/006669.jpg,545
c002,urban/006670.jpg,301
c002,urban/006671.jpg,391
c001,urban/006672.jpg,333
c003,urban/006673.jpg,147
c003,urban/006674.jpg,329
c003,urban/006675.jpg,438
c003,urban/006676.jpg,871
c003,urban/006677.jpg,143
c003,urban/006678.jpg,142
c001,urban/006679.jpg,946
c001,urban/006680.jpg,104
c001,urban/006681.jpg,703
c002,urban/006682.jpg,141
c003,urban/006683.jpg,676
c002,urban/006684.jpg,770
c003,urban/006685.jpg,74
c003,urban/006686.jpg,325
c003,urban/006687.jpg,607
c001,urban/006688.jpg,873
c003,urban/006689.jpg,678
c002,urban/006690.jpg,112
c001,urban/006691.jpg,521
c001,urban/006692.jpg,1027
c001,urban/006693.jpg,840
c002,urban/006694.jpg,949
c002,urban/006695.jpg,806
c001,urban/006696.jpg,892
c001,urban/006697.jpg,30
c003,urban/006698.jpg,1012
c001,urban/006699.jpg,869
c002,urban/006700.jpg,992
c002,urban/006701.jpg,623
c003,urban/006702.jpg,573
c002,urban/006703.jpg,318
c002,urban/006704.jpg,926
c001,urban/006705.jpg,484
c003,urban/006706.jpg,950
c001,urban/006707.jpg,501
c003,urban/006708.jpg,398
c002,urban/006709.jpg,431
c001,urban/006710.jpg,501
c003,urban/006711.jpg,785
c002,urban/006712.jpg,690
c001,urban/006713.jpg,987
c001,urban/006714.jpg,1065
c002,urban/006715.jpg,725
c003,urban/006716.jpg,460
c002,urban/006717.jpg,569
c001,urban/006718.jpg,932
c002,urban/006719.jpg,448
c002,urban/006720.jpg,406
c002,urban/006721.jpg,826
c002,urban/006722.jpg,165
c003,urban/006723.jpg,736
c001,urban/006724.jpg,988
c003,urban/006725.jpg,647
c001,urban/006726.jpg,327
c003,urban/006727.jpg,999
c001,urban/006728.jpg,516
c001,urban/006729.jpg,850
c001,urban/006730.jpg,171
c001,urban/006731.jpg,271
c003,urban/006732.jpg,592
c003,urban/006733.jpg,19
c001,urban/006734.jpg,573
c001,urban/006735.jpg,793
c003,urban/006736.jpg,1059
c003,urban/006737.jpg,828
c003,urban/006738.jpg,623
c001,urban/006739.jpg,84
c001,urban/006740.jpg,834
c001,urban/006741.jpg,195
c002,urban/006742.jpg,950
c002,urban/006743.jpg,967
c002,urban/006744.jpg,1031
c001,urban/006745.jpg,10
c002,urban/006746.jpg,1020
c003,urban/006747.jpg,216
c001,urban/006748.jpg,703
c001,urban/006749.jpg,383
c001,urban/006750.jpg,392
c001,urban/006751.jpg,141
c002,urban/006752.jpg,538
c001,urban/006753.jpg,714
c002,urban/006754.jpg,881
c002,urban/006755.jpg,743
c001,urban/006756.jpg,1043
c002,urban/006757.jpg,117
c002,urban/006758.jpg,227
c003,urban/006759.jpg,221
c002,urban/006760.jpg,820
c003,urban/006761.jpg,841
c001,urban/006762.jpg,240
c003,urban/006763.jpg,1090
c001,urban/006764.jpg,26
c001,urban/006765.jpg,57
c002,urban/006766.jpg,195
c001,urban/006767.jpg,472
c003,urban/006768.jpg,1090
c003,urban/006769.jpg,796
c003,urban/006770.jpg,1058
c003,urban/006771.jpg,1053
c001,urban/006772.jpg,186
c002,urban/006773.jpg,303
c003,urban/006774.jpg,292
c001,urban/006775.jpg,434
c001,urban/006776.jpg,1084
c003,urban/006777.jpg,885
c002,urban/006778.jpg,309
c003,urban/006779.jpg,909
c002,urban/006780.jpg,336
c002,urban/006781.jpg,659
c002,urban/006782.jpg,354
c002,urban/006783.jpg,746
c001,urban/006784.jpg,654
c003,urban/006785.jpg,152
c001,urban/006786.jpg,810
c003,urban/006787.jpg,227
c002,urban/006788.jpg,326
c003,urban/006789.jpg,235
c001,urban/006790.jpg,1073
c003,urban/006791.jpg,720
c002,urban/006792.jpg,998
c002,urban/006793.jpg,25
c003,urban/006794.jpg,182
c003,urban/006795.jpg,1038
c002,urban/006796.jpg,437
c001,urban/006797.jpg,122
c001,urban/006798.jpg,957
c002,urban/006799.jpg,586
c001,urban/006800.jpg,775
c001,urban/006801.jpg,664
c003,urban/006802.jpg,736
c001,urban/006803.jpg,646
c003,urban/006804.jpg,169
c001,urban/006805.jpg,241
c003,urban/006806.jpg,595
c003,urban/006807.jpg,1056
c001,urban/006808.jpg,932
c003,urban/006809.jpg,994
c002,urban/006810.jpg,891
c002,urban/006811.jpg,521
c003,urban/006812.jpg,118
c001,urban/006813.jpg,65
c003,urban/006814.jpg,813
c003,urban/006815.jpg,7
c002,urban/006816.jpg,542
c002,urban/006817.jpg,91
c001,urban/006818.jpg,407
c001,urban/006819.jpg,733
c003,urban/006820.jpg,472
c002,urban/006821.jpg,246
c003,urban/006822.jpg,580
c003,urban/006823.jpg,946
c002,urban/006824.jpg,265
c001,urban/006825.jpg,133
c001,urban/006826.jpg,989
c003,urban/006827.jpg,769
c002,urban/006828.jpg,178
c002,urban/006829.jpg,70
c003,urban/006830.jpg,1005
c001,urban/006831.jpg,99
c003,urban/006832.jpg,330
c002,urban/006833.jpg,550
c001,urban/006834.jpg,399
c003,urban/006835.jpg,228
c002,urban/006836.jpg,299
c001,urban/006837.jpg,900
c003,urban/006838.jpg,651
c002,urban/006839.jpg,143
c003,urban/006840.jpg,119
c002,urban/006841.jpg,1066
c003,urban/006842.jpg,755
c001,urban/006843.jpg,926
c001,urban/006844.jpg,814
c001,urban/006845.jpg,499
c001,urban/006846.jpg,225
c001,urban/006847.jpg,756
c002,urban/006848.jpg,77
c003,urban/006849.jpg,1066
c001,urban/006850.jpg,843
c003,urban/006851.jpg,561
c002,urban/006852.jpg,1078
c001,urban/006853.jpg,988
c003,urban/006854.jpg,68
c001,urban/006855.jpg,469
c002,urban/006856.jpg,373
c001,urban/006857.jpg,184
c002,urban/006858.jpg,1077
c003,urban/006859.jpg,507
c001,urban/006860.jpg,528
c001,urban/006861.jpg,843
c001,urban/006862.jpg,439
c001,urban/006863.jpg,543
c002,urban/006864.jpg,1061
c002,urban/006865.jpg,984
c001,urban/006866.jpg,623
c003,urban/006867.jpg,528
c003,urban/006868.jpg,864
c001,urban/006869.jpg,243
c002,urban/006870.jpg,557
c002,urban/006871.jpg,941
c001,urban/006872.jpg,132
c003,urban/006873.jpg,801
c002,urban/006874.jpg,969
c003,urban/006875.jpg,82
c001,urban/006876.jpg,838
c002,urban/006877.jpg,860
c003,urban/006878.jpg,947
c002,urban/006879.jpg,383
c002,urban/006880.jpg,370
c002,urban/006881.jpg,1005
c003,urban/006882.jpg,1068
c003,urban/006883.jpg,336
c001,urban/006884.jpg,498
c003,urban/006885.jpg,443
c001,urban/006886.jpg,436
c001,urban/006887.jpg,506
c003,urban/006888.jpg,263
c002,urban/006889.jpg,265
c003,urban/006890.jpg,62
c001,urban/006891.jpg,665
c003,urban/006892.jpg,290
c001,urban/006893.jpg,252
c003,urban/006894.jpg,649
c001,urban/006895.jpg,613
c003,urban/006896.jpg,274
c002,urban/006897.jpg,207
c001,urban/006898.jpg,1080
c001,urban/006899.jpg,877
c001,urban/006900.jpg,414
c001,urban/006901.jpg,27
c002,urban/006902.jpg,710
c001,urban/006903.jpg,221
c001,urban/006904.jpg,860
c002,urban/006905.jpg,138
c003,urban/006906.jpg,363
c002,urban/006907.jpg,932
c001,urban/006908.jpg,766
c002,urban/006909.jpg,931
c002,urban/006910.jpg,219
c002,urban/006911.jpg,164
c003,urban/006912.jpg,560
c003,urban/006913.jpg,398
c001,urban/006914.jpg,713
c003,urban/006915.jpg,215
c001,urban/006916.jpg,429
c003,urban/006917.jpg,993
c001,urban/006918.jpg,307
c001,urban/006919.jpg,665
c003,urban/006920.jpg,322
c001,urban/006921.jpg,240
c002,urban/006922.jpg,659
c003,urban/006923.jpg,534
c003,urban/006924.jpg,378
c002,urban/006925.jpg,57
c001,urban/006926.jpg,657
c002,urban/006927.jpg,523
c002,urban/006928.jpg,421
c003,urban/006929.jpg,19
c003,urban/006930.jpg,557
c002,urban/006931.jpg,329
c002,urban/006932.jpg,681
c002,urban/006933.jpg,386
c002,urban/006934.jpg,860
c002,urban/006935.jpg,437
c002,urban/006936.jpg,127
c002,urban/006937.jpg,460
c001,urban/006938.jpg,797
c001,urban/006939.jpg,297
c002,urban/006940.jpg,828
c002,urban/006941.jpg,126
c002,urban/006942.jpg,761
c002,urban/006943.jpg,148
c003,urban/006944.jpg,106
c002,urban/006945.jpg,306
c003,urban/006946.jpg,911
c001,urban/006947.jpg,78
c003,urban/006948.jpg,807
c002,urban/006949.jpg,857
c001,urban/006950.jpg,480
c002,urban/006951.jpg,467
c002,urban/006952.jpg,397
c001,urban/006953.jpg,725
c002,urban/006954.jpg,914
c003,urban/006955.jpg,357
c003,urban/006956.jpg,42
c002,urban/006957.jpg,384
c001,urban/006958.jpg,806
c003,urban/006959.jpg,375
c002,urban/006960.jpg,546
c003,urban/006961.jpg,907
c001,urban/006962.jpg,1028
c003,urban/006963.jpg,438
c002,urban/006964.jpg,834
c003,urban/006965.jpg,499
c001,urban/006966.jpg,765
c002,urban/006967.jpg,860
c003,urban/006968.jpg,1005
c002,urban/006969.jpg,312
c001,urban/006970.jpg,740
c002,urban/006971.jpg,45
c001,urban/006972.jpg,455
c001,urban/006973.jpg,253
c001,urban/006974.jpg,736
c001,urban/006975.jpg,618
c002,urban/006976.jpg,592
c002,urban/006977.jpg,703
c003,urban/006978.jpg,605
c002,urban/006979.jpg,321
c002,urban/006980.jpg,157
c002,urban/006981.jpg,932
c001,urban/006982.jpg,664
c001,urban/006983.jpg,705
c001,urban/006984.jpg,858
c003,urban/006985.jpg,593
c002,urban/006986.jpg,439
c002,urban/006987.jpg,526
c001,urban/006988.jpg,204
c001,urban/006989.jpg,412
c001,urban/006990.jpg,206
c003,urban/006991.jpg,871
c001,urban/006992.jpg,233
c002,urban/006993.jpg,927
c002,urban/006994.jpg,456
c003,urban/006995.jpg,75
c001,urban/006996.jpg,801
c003,urban/006997.jpg,847
c003,urban/006998.jpg,335
c001,urban/006999.jpg,750
c002,urban/007000.jpg,443
c002,urban/007001.jpg,117
c003,urban/007002.jpg,903
c002,urban/007003.jpg,160
c002,urban/007004.jpg,843
c001,urban/007005.jpg,636
c003,urban/007006.jpg,199
c001,urban/007007.jpg,823
c003,urban/007008.jpg,562
c001,urban/007009.jpg,818
c002,urban/007010.jpg,882
c002,urban/007011.jpg,590
c003,urban/007012.jpg,145
c003,urban/007013.jpg,874
c003,urban/007014.jpg,1011
c002,urban/007015.jpg,100
c003,urban/007016.jpg,752
c003,urban/007017.jpg,946
c003,urban/007018.jpg,285
c001,urban/007019.jpg,84
c002,urban/007020.jpg,312
c002,urban/007021.jpg,378
c002,urban/007022.jpg,737
c003,urban/007023.jpg,604
c002,urban/007024.jpg,438
c002,urban/007025.jpg,1059
c002,urban/007026.jpg,901
c001,urban/007027.jpg,468
c001,urban/007028.jpg,282
c003,urban/007029.jpg,991
c001,urban/007030.jpg,223
c002,urban/007031.jpg,863
c001,urban/007032.jpg,1073
c002,urban/007033.jpg,455
c003,urban/007034.jpg,984
c002,urban/007035.jpg,993
c001,urban/007036.jpg,302
c003,urban/007037.jpg,477
c003,urban/007038.jpg,949
c001,urban/007039.jpg,736
c001,urban/007040.jpg,67
c003,urban/007041.jpg,354
c002,urban/007042.jpg,933
c001,urban/007043.jpg,298
c003,urban/007044.jpg,14
c003,urban/007045.jpg,128
c002,urban/007046.jpg,935
c002,urban/007047.jpg,909
c001,urban/007048.jpg,651
c001,urban/007049.jpg,512
c001,urban/007050.jpg,132
c001,urban/007051.jpg,628
c003,urban/007052.jpg,942
c002,urban/007053.jpg,855
c001,urban/007054.jpg,350
c001,urban/007055.jpg,916
c002,urban/007056.jpg,758
c001,urban/007057.jpg,428
c003,urban/007058.jpg,797
c003,urban/007059.jpg,97
c002,urban/007060.jpg,718
c003,urban/007061.jpg,465
c002,urban/007062.jpg,391
c001,urban/007063.jpg,601
c003,urban/007064.jpg,21
c002,urban/007065.jpg,251
c003,urban/007066.jpg,83
c002,urban/007067.jpg,401
c001,urban/007068.jpg,788
c003,urban/007069.jpg,804
c003,urban/007070.jpg,457
c001,urban/007071.jpg,1085
c003,urban/007072.jpg,385
c002,urban/007073.jpg,500
c001,urban/007074.jpg,374
c002,urban/007075.jpg,699
c001,urban/007076.jpg,1066
c002,urban/007077.jpg,416
c003,urban/007078.jpg,791
c002,urban/007079.jpg,30
c002,urban/007080.jpg,851
c001,urban/007081.jpg,1007
c003,urban/007082.jpg,709
c002,urban/007083.jpg,458
c002,urban/007084.jpg,124
c002,urban/007085.jpg,208
c002,urban/007086.jpg,1090
c001,urban/007087.jpg,118
c001,urban/007088.jpg,710
c002,urban/007089.jpg,646
c002,urban/007090.jpg,1030
c002,urban/007091.jpg,586
c001,urban/007092.jpg,431
c003,urban/007093.jpg,601
c002,urban/007094.jpg,378
c003,urban/007095.jpg,147
c003,urban/007096.jpg,175
c003,urban/007097.jpg,62
c003,urban/007098.jpg,150
c002,urban/007099.jpg,417
c002,urban/007100.jpg,283
c003,urban/007101.jpg,477
c001,urban/007102.jpg,885
c003,urban/007103.jpg,746
c003,urban/007104.jpg,814
c002,urban/007105.jpg,823
c001,urban/007106.jpg,107
c003,urban/007107.jpg,623
c001,urban/007108.jpg,740
c001,urban/007109.jpg,911
c002,urban/007110.jpg,507
c002,urban/007111.jpg,44
c002,urban/007112.jpg,819
c001,urban/007113.jpg,653
c002,urban/007114.jpg,822
c001,urban/007115.jpg,557
c002,urban/007116.jpg,321
c002,urban/007117.jpg,86
c003,urban/007118.jpg,406
c002,urban/007119.jpg,238
c003,urban/007120.jpg,202
c001,urban/007121.jpg,805
c001,urban/007122.jpg,309
c001,urban/007123.jpg,39
c001,urban/007124.jpg,469
c001,urban/007125.jpg,997
c003,urban/007126.jpg,957
c001,urban/007127.jpg,1038
c003,urban/007128.jpg,326
c003,urban/007129.jpg,326
c003,urban/007130.jpg,66
c001,urban/007131.jpg,900
c001,urban/007132.jpg,442
c002,urban/007133.jpg,72
c002,urban/007134.jpg,858
c001,urban/007135.jpg,347
c002,urban/007136.jpg,610
c001,urban/007137.jpg,229
c002,urban/007138.jpg,481
c001,urban/007139.jpg,848
c003,urban/007140.jpg,254
c001,urban/007141.jpg,347
c003,urban/007142.jpg,950
c003,urban/007143.jpg,650
c003,urban/007144.jpg,818
c001,urban/007145.jpg,368
c001,urban/007146.jpg,422
c003,urban/007147.jpg,10
c003,urban/007148.jpg,1008
c002,urban/007149.jpg,940
c003,urban/007150.jpg,60
c003,urban/007151.jpg,123
c003,urban/007152.jpg,957
c003,urban/007153.jpg,264
c001,urban/007154.jpg,669
c002,urban/007155.jpg,1090
c003,urban/007156.jpg,969
c002,urban/007157.jpg,329
c003,urban/007158.jpg,157
c001,urban/007159.jpg,382
c002,urban/007160.jpg,453
c002,urban/007161.jpg,1047
c001,urban/007162.jpg,328
c003,urban/007163.jpg,1030
c001,urban/007164.jpg,260
c001,urban/007165.jpg,282
c003,urban/007166.jpg,84
c001,urban/007167.jpg,478
c002,urban/007168.jpg,746
c003,urban/007169.jpg,690
c001,urban/007170.jpg,819
c001,urban/007171.jpg,753
c001,urban/007172.jpg,338
c001,urban/007173.jpg,604
c003,urban/007174.jpg,138
c002,urban/007175.jpg,560
c001,urban/007176.jpg,565
c003,urban/007177.jpg,683
c001,urban/007178.jpg,30
c001,urban/007179.jpg,514
c001,urban/007180.jpg,274
c001,urban/007181.jpg,673
c003,urban/007182.jpg,380
c003,urban/007183.jpg,423
c002,urban/007184.jpg,552
c002,urban/007185.jpg,208
c003,urban/007186.jpg,124
c003,urban/007187.jpg,8
c003,urban/007188.jpg,761
c001,urban/007189.jpg,1020
c003,urban/007190.jpg,841
c003,urban/007191.jpg,669
c002,urban/007192.jpg,280
c001,urban/007193.jpg,830
c001,urban/007194.jpg,1055
c001,urban/007195.jpg,747
c003,urban/007196.jpg,1049
c002,urban/007197.jpg,35
c001,urban/007198.jpg,401
c003,urban/007199.jpg,662
c003,urban/007200.jpg,848
c002,urban/007201.jpg,1005
c003,urban/007202.jpg,672
c002,urban/007203.jpg,301
c002,urban/007204.jpg,1066
c002,urban/007205.jpg,305
c003,urban/007206.jpg,435
c002,urban/007207.jpg,926
c003,urban/007208.jpg,260
c001,urban/007209.jpg,231
c003,urban/007210.jpg,924
c001,urban/007211.jpg,357
c001,urban/007212.jpg,322
c003,urban/007213.jpg,916
c002,urban/007214.jpg,1069
c001,urban/007215.jpg,197
c001,urban/007216.jpg,972
c001,urban/007217.jpg,117
c001,urban/007218.jpg,495
c002,urban/007219.jpg,172
c001,urban/007220.jpg,424
c001,urban/007221.jpg,651
c003,urban/007222.jpg,420
c003,urban/007223.jpg,559
c003,urban/007224.jpg,654
c002,urban/007225.jpg,1046
c003,urban/007226.jpg,881
c003,urban/007227.jpg,831
c001,urban/007228.jpg,702
c001,urban/007229.jpg,68
c001,urban/007230.jpg,605
c003,urban/007231.jpg,352
c003,urban/007232.jpg,943
c003,urban/007233.jpg,353
c001,urban/007234.jpg,597
c003,urban/007235.jpg,743
c002,urban/007236.jpg,859
c001,urban/007237.jpg,352
c002,urban/007238.jpg,1005
c002,urban/007239.jpg,709
c001,urban/007240.jpg,185
c002,urban/007241.jpg,363
c002,urban/007242.jpg,396
c001,urban/007243.jpg,571
c003,urban/007244.jpg,456
c003,urban/007245.jpg,960
c003,urban/007246.jpg,13
c002,urban/007247.jpg,51
c003,urban/007248.jpg,211
c001,urban/007249.jpg,576
c001,urban/007250.jpg,1078
c001,urban/007251.jpg,936
c003,urban/007252.jpg,470
c003,urban/007253.jpg,825
c001,urban/007254.jpg,771
c003,urban/007255.jpg,546
c002,urban/007256.jpg,680
c001,urban/007257.jpg,133
c003,urban/007258.jpg,92
c003,urban/007259.jpg,665
c003,urban/007260.jpg,385
c001,urban/007261.jpg,458
c003,urban/007262.jpg,1088
c001,urban/007263.jpg,631
c002,urban/007264.jpg,388
c001,urban/007265.jpg,1034
c001,urban/007266.jpg,649
c003,urban/007267.jpg,243
c002,urban/007268.jpg,922
c002,urban/007269.jpg,605
c002,urban/007270.jpg,198
c001,urban/007271.jpg,100
c001,urban/007272.jpg,900
c001,urban/007273.jpg,818
c002,urban/007274.jpg,142
c001,urban/007275.jpg,542
c002,urban/007276.jpg,957
c002,urban/007277.jpg,870
c003,urban/007278.jpg,851
c001,urban/007279.jpg,495
c001,urban/007280.jpg,775
c002,urban/007281.jpg,612
c001,urban/007282.jpg,473
c003,urban/007283.jpg,745
c003,urban/007284.jpg,958
c003,urban/007285.jpg,626
c002,urban/007286.jpg,1013
c003,urban/007287.jpg,960
c003,urban/007288.jpg,736
c003,urban/007289.jpg,271
c002,urban/007290.jpg,184
c001,urban/007291.jpg,992
c003,urban/007292.jpg,776
c001,urban/007293.jpg,885
c002,urban/007294.jpg,327
c002,urban/007295.jpg,544
c001,urban/007296.jpg,901
c001,urban/007297.jpg,500
c002,urban/007298.jpg,1085
c001,urban/007299.jpg,969
c002,urban/007300.jpg,655
c003,urban/007301.jpg,365
c001,urban/007302.jpg,974
c001,urban/007303.jpg,672
c003,urban/007304.jpg,1068
c002,urban/007305.jpg,981
c003,urban/007306.jpg,771
c002,urban/007307.jpg,259
c001,urban/007308.jpg,165
c001,urban/007309.jpg,1029
c002,urban/007310.jpg,758
c003,urban/007311.jpg,991
c002,urban/007312.jpg,923
c003,urban/007313.jpg,714
c002,urban/007314.jpg,32
c003,urban/007315.jpg,39
c001,urban/007316.jpg,667
c001,urban/007317.jpg,1028
c003,urban/007318.jpg,370
c003,urban/007319.jpg,337
c001,urban/007320.jpg,557
c003,urban/007321.jpg,206
c001,urban/007322.jpg,499
c001,urban/007323.jpg,846
c001,urban/007324.jpg,954
c002,urban/007325.jpg,275
c001,urban/007326.jpg,300
c002,urban/007327.jpg,624
c002,urban/007328.jpg,345
c002,urban/007329.jpg,78
c001,urban/007330.jpg,891
c001,urban/007331.jpg,132
c002,urban/007332.jpg,1008
c002,urban/007333.jpg,572
c001,urban/007334.jpg,385
c002,urban/007335.jpg,312
c002,urban/007336.jpg,32
c002,urban/007337.jpg,492
c003,urban/007338.jpg,1084
c001,urban/007339.jpg,605
c001,urban/007340.jpg,26
c003,urban/007341.jpg,957
c002,urban/007342.jpg,934
c001,urban/007343.jpg,1049
c002,urban/007344.jpg,825
c003,urban/007345.jpg,1061
c001,urban/007346.jpg,234
c001,urban/007347.jpg,135
c002,urban/007348.jpg,995
c002,urban/007349.jpg,78
c003,urban/007350.jpg,1067
c003,urban/007351.jpg,972
c001,urban/007352.jpg,438
c002,urban/007353.jpg,379
c002,urban/007354.jpg,333
c003,urban/007355.jpg,549
c001,urban/007356.jpg,651
c003,urban/007357.jpg,23
c003,urban/007358.jpg,571
c003,urban/007359.jpg,810
c003,urban/007360.jpg,881
c003,urban/007361.jpg,332
c003,urban/007362.jpg,1084
c002,urban/007363.jpg,960
c003,urban/007364.jpg,333
c002,urban/007365.jpg,281
c002,urban/007366.jpg,1006
c001,urban/007367.jpg,937
c002,urban/007368.jpg,126
c002,urban/007369.jpg,637
c001,urban/007370.jpg,398
c003,urban/007371.jpg,342
c002,urban/007372.jpg,882
c003,urban/007373.jpg,185
c002,urban/007374.jpg,357
c003,urban/007375.jpg,918
c001,urban/007376.jpg,456
c003,urban/007377.jpg,680
c002,urban/007378.jpg,75
c001,urban/007379.jpg,241
c002,urban/007380.jpg,818
c003,urban/007381.jpg,129
c002,urban/007382.jpg,413
c001,urban/007383.jpg,809
c003,urban/007384.jpg,1064
c001,urban/007385.jpg,138
c003,urban/007386.jpg,823
c003,urban/007387.jpg,726
c003,urban/007388.jpg,36
c001,urban/007389.jpg,653
c002,urban/007390.jpg,676
c002,urban/007391.jpg,564
c001,urban/007392.jpg,391
c002,urban/007393.jpg,350
c003,urban/007394.jpg,643
c001,urban/007395.jpg,725
c002,urban/007396.jpg,987
c003,urban/007397.jpg,612
c001,urban/007398.jpg,950
c002,urban/007399.jpg,315
c001,urban/007400.jpg,394
c002,urban/007401.jpg,1006
c003,urban/007402.jpg,746
c003,urban/007403.jpg,419
c001,urban/007404.jpg,706
c003,urban/007405.jpg,301
c001,urban/007406.jpg,923
c002,urban/007407.jpg,957
c002,urban/007408.jpg,19
c001,urban/007409.jpg,211
c003,urban/007410.jpg,254
c003,urban/007411.jpg,1014
c002,urban/007412.jpg,1001
c002,urban/007413.jpg,64
c002,urban/007414.jpg,573
c003,urban/007415.jpg,221
c003,urban/007416.jpg,992
c001,urban/007417.jpg,937
c002,urban/007418.jpg,235
c002,urban/007419.jpg,84
c001,urban/007420.jpg,761
c002,urban/007421.jpg,457
c002,urban/007422.jpg,128
c002,urban/007423.jpg,722
c003,urban/007424.jpg,1042
c003,urban/007425.jpg,77
c002,urban/007426.jpg,922
c003,urban/007427.jpg,385
c003,urban/007428.jpg,352
c003,urban/007429.jpg,32
c003,urban/007430.jpg,841
c001,urban/007431.jpg,285
c002,urban/007432.jpg,615
c002,urban/007433.jpg,170
c002,urban/007434.jpg,1013
c003,urban/007435.jpg,647
c003,urban/007436.jpg,157
c002,urban/007437.jpg,1073
c001,urban/007438.jpg,266
c003,urban/007439.jpg,709
c001,urban/007440.jpg,760
c001,urban/007441.jpg,1079
c003,urban/007442.jpg,243
c001,urban/007443.jpg,824
c001,urban/007444.jpg,635
c002,urban/007445.jpg,1071
c001,urban/007446.jpg,1006
c003,urban/007447.jpg,87
c002,urban/007448.jpg,528
c002,urban/007449.jpg,143
c003,urban/007450.jpg,827
c001,urban/007451.jpg,380
c003,urban/007452.jpg,398
c002,urban/007453.jpg,46
c001,urban/007454.jpg,739
c003,urban/007455.jpg,1077
c003,urban/007456.jpg,529
c002,urban/007457.jpg,32
c003,urban/007458.jpg,291
c002,urban/007459.jpg,1004
c002,urban/007460.jpg,1064
c002,urban/007461.jpg,765
c003,urban/007462.jpg,572
c003,urban/007463.jpg,209
c001,urban/007464.jpg,701
c001,urban/007465.jpg,531
c003,urban/007466.jpg,940
c001,urban/007467.jpg,418
c003,urban/007468.jpg,834
c001,urban/007469.jpg,195
c001,urban/007470.jpg,95
c001,urban/007471.jpg,30
c003,urban/007472.jpg,10
c003,urban/007473.jpg,815
c003,urban/007474.jpg,1014
c001,urban/007475.jpg,400
c003,urban/007476.jpg,277
c003,urban/007477.jpg,564
c001,urban/007478.jpg,100
c002,urban/007479.jpg,243
c002,urban/007480.jpg,1068
c001,urban/007481.jpg,631
c002,urban/007482.jpg,385
c001,urban/007483.jpg,1023
c003,urban/007484.jpg,829
c001,urban/007485.jpg,911
c001,urban/007486.jpg,513
c002,urban/007487.jpg,604
c003,urban/007488.jpg,31
c002,urban/007489.jpg,876
c001,urban/007490.jpg,586
c001,urban/007491.jpg,449
c001,urban/007492.jpg,1077
c003,urban/007493.jpg,291
c003,urban/007494.jpg,828
c003,urban/007495.jpg,466
c002,urban/007496.jpg,691
c001,urban/007497.jpg,845
c002,urban/007498.jpg,929
c001,urban/007499.jpg,86
c002,urban/007500.jpg,54
c003,urban/007501.jpg,266
c003,urban/007502.jpg,612
c002,urban/007503.jpg,900
c002,urban/007504.jpg,919
c002,urban/007505.jpg,373
c003,urban/007506.jpg,1066
c001,urban/007507.jpg,780
c002,urban/007508.jpg,742
c003,urban/007509.jpg,839
c002,urban/007510.jpg,145
c001,urban/007511.jpg,850
c003,urban/007512.jpg,746
c001,urban/007513.jpg,903
c003,urban/007514.jpg,1
c003,urban/007515.jpg,766
c002,urban/007516.jpg,651
c001,urban/007517.jpg,320
c003,urban/007518.jpg,221
c003,urban/007519.jpg,227
c003,urban/007520.jpg,702
c002,urban/007521.jpg,338
c003,urban/007522.jpg,623
c001,urban/007523.jpg,228
c003,urban/007524.jpg,112
c003,urban/007525.jpg,578
c003,urban/007526.jpg,598
c002,urban/007527.jpg,412
c001,urban/007528.jpg,301
c003,urban/007529.jpg,890
c001,urban/007530.jpg,601
c003,urban/007531.jpg,651
c003,urban/007532.jpg,673
c001,urban/007533.jpg,850
c001,urban/007534.jpg,1044
c003,urban/007535.jpg,494
c002,urban/007536.jpg,500
c003,urban/007537.jpg,338
c002,urban/007538.jpg,66
c002,urban/007539.jpg,147
c001,urban/007540.jpg,576
c001,urban/007541.jpg,673
c003,urban/007542.jpg,541
c003,urban/007543.jpg,852
c001,urban/007544.jpg,828
c003,urban/007545.jpg,905
c003,urban/007546.jpg,936
c001,urban/007547.jpg,118
c003,urban/007548.jpg,900
c003,urban/007549.jpg,578
c001,urban/007550.jpg,1031
c002,urban/007551.jpg,1027
c002,urban/007552.jpg,296
c003,urban/007553.jpg,172
c003,urban/007554.jpg,738
c003,urban/007555.jpg,1010
c001,urban/007556.jpg,150
c003,urban/007557.jpg,290
c003,urban/007558.jpg,396
c001,urban/007559.jpg,526
c003,urban/007560.jpg,591
c001,urban/007561.jpg,49
c003,urban/007562.jpg,103
c002,urban/007563.jpg,142
c003,urban/007564.jpg,812
c002,urban/007565.jpg,458
c002,urban/007566.jpg,285
c001,urban/007567.jpg,887
c002,urban/007568.jpg,73
c002,urban/007569.jpg,1033
c001,urban/007570.jpg,535
c003,urban/007571.jpg,1023
c003,urban/007572.jpg,483
c002,urban/007573.jpg,969
c001,urban/007574.jpg,327
c002,urban/007575.jpg,233
c002,urban/007576.jpg,937
c003,urban/007577.jpg,886
c003,urban/007578.jpg,651
c001,urban/007579.jpg,1072
c001,urban/007580.jpg,796
c001,urban/007581.jpg,828
c003,urban/007582.jpg,32
c001,urban/007583.jpg,789
c001,urban/007584.jpg,592
c003,urban/007585.jpg,1089
c001,urban/007586.jpg,617
c001,urban/007587.jpg,743
c002,urban/007588.jpg,1058
c001,urban/007589.jpg,1032
c002,urban/007590.jpg,921
c001,urban/007591.jpg,393
c002,urban/007592.jpg,181
c003,urban/007593.jpg,233
c002,urban/007594.jpg,774
c002,urban/007595.jpg,756
c003,urban/007596.jpg,743
c001,urban/007597.jpg,334
c003,urban/007598.jpg,334
c003,urban/007599.jpg,550
c003,urban/007600.jpg,880
c003,urban/007601.jpg,1022
c003,urban/007602.jpg,1067
c002,urban/007603.jpg,997
c002,urban/007604.jpg,712
c002,urban/007605.jpg,952
c002,urban/007606.jpg,310
c001,urban/007607.jpg,251
c003,urban/007608.jpg,905
c001,urban/007609.jpg,180
c003,urban/007610.jpg,414
c002,urban/007611.jpg,559
c001,urban/007612.jpg,668
c001,urban/007613.jpg,215
c002,urban/007614.jpg,1009
c002,urban/007615.jpg,461
c002,urban/007616.jpg,252
c002,urban/007617.jpg,1007
c002,urban/007618.jpg,761
c001,urban/007619.jpg,969
c001,urban/007620.jpg,619
c001,urban/007621.jpg,542
c001,urban/007622.jpg,941
c003,urban/007623.jpg,990
c003,urban/007624.jpg,1033
c003,urban/007625.jpg,548
c003,urban/007626.jpg,226
c003,urban/007627.jpg,774
c002,urban/007628.jpg,898
c001,urban/007629.jpg,783
c003,urban/007630.jpg,156
c002,urban/007631.jpg,269
c003,urban/007632.jpg,894
c003,urban/007633.jpg,147
c002,urban/007634.jpg,952
c003,urban/007635.jpg,320
c003,urban/007636.jpg,784
c001,urban/007637.jpg,452
c002,urban/007638.jpg,301
c002,urban/007639.jpg,852
c003,urban/007640.jpg,221
c001,urban/007641.jpg,379
c001,urban/007642.jpg,67
c002,urban/007643.jpg,576
c003,urban/007644.jpg,66
c001,urban/007645.jpg,1037
c002,urban/007646.jpg,586
c001,urban/007647.jpg,309
c003,urban/007648.jpg,923
c001,urban/007649.jpg,32
c003,urban/007650.jpg,521
c003,urban/007651.jpg,678
c003,urban/007652.jpg,459
c001,urban/007653.jpg,874
c001,urban/007654.jpg,30
c003,urban/007655.jpg,194
c002,urban/007656.jpg,683
c003,urban/007657.jpg,843
c001,urban/007658.jpg,342
c001,urban/007659.jpg,961
c001,urban/007660.jpg,1066
c001,urban/007661.jpg,456
c001,urban/007662.jpg,758
c003,urban/007663.jpg,347
c002,urban/007664.jpg,932
c003,urban/007665.jpg,230
c003,urban/007666.jpg,697
c003,urban/007667.jpg,451
c003,urban/007668.jpg,1090
c003,urban/007669.jpg,113
c001,urban/007670.jpg,258
c002,urban/007671.jpg,532
c003,urban/007672.jpg,365
c002,urban/007673.jpg,13
c003,urban/007674.jpg,206
c002,urban/007675.jpg,320
c002,urban/007676.jpg,683
c003,urban/007677.jpg,846
c002,urban/007678.jpg,611
c003,urban/007679.jpg,635
c003,urban/007680.jpg,727
c002,urban/007681.jpg,934
c003,urban/007682.jpg,786
c003,urban/007683.jpg,1086
c001,urban/007684.jpg,480
c003,urban/007685.jpg,582
c003,urban/007686.jpg,673
c003,urban/007687.jpg,339
c002,urban/007688.jpg,645
c001,urban/007689.jpg,828
c003,urban/007690.jpg,355
c002,urban/007691.jpg,78
c003,urban/007692.jpg,839
c002,urban/007693.jpg,948
c001,urban/007694.jpg,1016
c001,urban/007695.jpg,512
c003,urban/007696.jpg,229
c002,urban/007697.jpg,560
c003,urban/007698.jpg,909
c003,urban/007699.jpg,666
c003,urban/007700.jpg,709
c001,urban/007701.jpg,153
c003,urban/007702.jpg,975
c003,urban/007703.jpg,434
c001,urban/007704.jpg,576
c001,urban/007705.jpg,504
c003,urban/007706.jpg,284
c003,urban/007707.jpg,215
c001,urban/007708.jpg,635
c003,urban/007709.jpg,124
c002,urban/007710.jpg,187
c003,urban/007711.jpg,333
c001,urban/007712.jpg,88
c003,urban/007713.jpg,879
c001,urban/007714.jpg,1059
c002,urban/007715.jpg,741
c002,urban/007716.jpg,286
c001,urban/007717.jpg,492
c001,urban/007718.jpg,542
c002,urban/007719.jpg,969
c002,urban/007720.jpg,298
c003,urban/007721.jpg,92
c002,urban/007722.jpg,171
c002,urban/007723.jpg,500
c001,urban/007724.jpg,651
c003,urban/007725.jpg,151
c002,urban/007726.jpg,53
c003,urban/007727.jpg,1054
c001,urban/007728.jpg,291
c003,urban/007729.jpg,481
c002,urban/007730.jpg,809
c003,urban/007731.jpg,899
c003,urban/007732.jpg,223
c002,urban/007733.jpg,391
c001,urban/007734.jpg,412
c003,urban/007735.jpg,838
c003,urban/007736.jpg,76
c003,urban/007737.jpg,724
c003,urban/007738.jpg,383
c001,urban/007739.jpg,953
c002,urban/007740.jpg,497
c003,urban/007741.jpg,937
c001,urban/007742.jpg,650
c003,urban/007743.jpg,825
c003,urban/007744.jpg,565
c001,urban/007745.jpg,121
c003,urban/007746.jpg,1022
c002,urban/007747.jpg,894
c003,urban/007748.jpg,969
c001,urban/007749.jpg,1022
c001,urban/007750.jpg,889
c001,urban/007751.jpg,656
c001,urban/007752.jpg,623
c001,urban/007753.jpg,975
c001,urban/007754.jpg,416
c003,urban/007755.jpg,81
c001,urban/007756.jpg,675
c002,urban/007757.jpg,704
c003,urban/007758.jpg,307
c001,urban/007759.jpg,984
c003,urban/007760.jpg,719
c003,urban/007761.jpg,374
c003,urban/007762.jpg,765
c002,urban/007763.jpg,1005
c003,urban/007764.jpg,361
c002,urban/007765.jpg,181
c003,urban/007766.jpg,947
c002,urban/007767.jpg,234
c001,urban/007768.jpg,571
c001,urban/007769.jpg,78
c003,urban/007770.jpg,543
c001,urban/007771.jpg,478
c001,urban/007772.jpg,315
c001,urban/007773.jpg,580
c003,urban/007774.jpg,457
c002,urban/007775.jpg,534
c003,urban/007776.jpg,1020
c001,urban/007777.jpg,1030
c001,urban/007778.jpg,207
c002,urban/007779.jpg,430
c001,urban/007780.jpg,411
c001,urban/007781.jpg,1022
c003,urban/007782.jpg,146
c003,urban/007783.jpg,626
c001,urban/007784.jpg,532
c003,urban/007785.jpg,786
c001,urban/007786.jpg,846
c001,urban/007787.jpg,265
c002,urban/007788.jpg,737
c003,urban/007789.jpg,111
c003,urban/007790.jpg,341
c001,urban/007791.jpg,977
c003,urban/007792.jpg,320
c003,urban/007793.jpg,774
c003,urban/007794.jpg,287
c002,urban/007795.jpg,991
c002,urban/007796.jpg,852
c003,urban/007797.jpg,157
c003,urban/007798.jpg,660
c003,urban/007799.jpg,416
c003,urban/007800.jpg,77
c001,urban/007801.jpg,266
c001,urban/007802.jpg,826
c003,urban/007803.jpg,274
c001,urban/007804.jpg,1015
c002,urban/007805.jpg,751
c002,urban/007806.jpg,1038
c001,urban/007807.jpg,420
c001,urban/007808.jpg,949
c001,urban/007809.jpg,474
c001,urban/007810.jpg,841
c003,urban/007811.jpg,202
c003,urban/007812.jpg,284
c003,urban/007813.jpg,241
c002,urban/007814.jpg,913
c002,urban/007815.jpg,694
c002,urban/007816.jpg,408
c001,urban/007817.jpg,350
c001,urban/007818.jpg,206
c003,urban/007819.jpg,767
c002,urban/007820.jpg,736
c002,urban/007821.jpg,615
c003,urban/007822.jpg,422
c002,urban/007823.jpg,664
c002,urban/007824.jpg,916
c003,urban/007825.jpg,438
c001,urban/007826.jpg,241
c003,urban/007827.jpg,188
c001,urban/007828.jpg,1047
c001,urban/007829.jpg,249
c003,urban/007830.jpg,666
c002,urban/007831.jpg,850
c002,urban/007832.jpg,969
c003,urban/007833.jpg,206
c003,urban/007834.jpg,132
c002,urban/007835.jpg,876
c002,urban/007836.jpg,611
c001,urban/007837.jpg,138
c001,urban/007838.jpg,1006
c001,urban/007839.jpg,911
c002,urban/007840.jpg,874
c002,urban/007841.jpg,196
c001,urban/007842.jpg,295
c001,urban/007843.jpg,502
c002,urban/007844.jpg,474
c001,urban/007845.jpg,950
c001,urban/007846.jpg,485
c003,urban/007847.jpg,434
c002,urban/007848.jpg,1073
c001,urban/007849.jpg,391
c001,urban/007850.jpg,116
c001,urban/007851.jpg,710
c001,urban/007852.jpg,890
c002,urban/007853.jpg,320
c003,urban/007854.jpg,199
c003,urban/007855.jpg,1051
c001,urban/007856.jpg,35
c001,urban/007857.jpg,472
c002,urban/007858.jpg,206
c003,urban/007859.jpg,592
c003,urban/007860.jpg,574
c003,urban/007861.jpg,147
c001,urban/007862.jpg,71
c003,urban/007863.jpg,757
c001,urban/007864.jpg,160
c003,urban/007865.jpg,378
c002,urban/007866.jpg,498
c003,urban/007867.jpg,870
c002,urban/007868.jpg,151
c002,urban/007869.jpg,292
c001,urban/007870.jpg,924
c003,urban/007871.jpg,176
c003,urban/007872.jpg,478
c003,urban/007873.jpg,670
c002,urban/007874.jpg,315
c003,urban/007875.jpg,810
c001,urban/007876.jpg,50
c003,urban/007877.jpg,122
c001,urban/007878.jpg,905
c002,urban/007879.jpg,955
c002,urban/007880.jpg,887
c003,urban/007881.jpg,30
c003,urban/007882.jpg,433
c002,urban/007883.jpg,588
c002,urban/007884.jpg,1061
c001,urban/007885.jpg,728
c003,urban/007886.jpg,852
c003,urban/007887.jpg,62
c003,urban/007888.jpg,1040
c003,urban/007889.jpg,572
c003,urban/007890.jpg,566
c002,urban/007891.jpg,176
c002,urban/007892.jpg,1066
c002,urban/007893.jpg,243
c002,urban/007894.jpg,785
c002,urban/007895.jpg,569
c001,urban/007896.jpg,890
c003,urban/007897.jpg,487
c001,urban/007898.jpg,1090
c003,urban/007899.jpg,190
c001,urban/007900.jpg,1041
c002,urban/007901.jpg,934
c003,urban/007902.jpg,406
c002,urban/007903.jpg,6
c003,urban/007904.jpg,440
c001,urban/007905.jpg,72
c003,urban/007906.jpg,829
c003,urban/007907.jpg,328
c001,urban/007908.jpg,647
c001,urban/007909.jpg,544
c002,urban/007910.jpg,881
c003,urban/007911.jpg,579
c002,urban/007912.jpg,102
c003,urban/007913.jpg,1072
c001,urban/007914.jpg,813
c001,urban/007915.jpg,960
c002,urban/007916.jpg,946
c001,urban/007917.jpg,580
c003,urban/007918.jpg,364
c002,urban/007919.jpg,380
c002,urban/007920.jpg,266
c001,urban/007921.jpg,622
c001,urban/007922.jpg,114
c001,urban/007923.jpg,318
c001,urban/007924.jpg,970
c002,urban/007925.jpg,849
c003,urban/007926.jpg,953
c001,urban/007927.jpg,110
c001,urban/007928.jpg,360
c001,urban/007929.jpg,561
c002,urban/007930.jpg,1069
c001,urban/007931.jpg,1084
c001,urban/007932.jpg,384
c001,urban/007933.jpg,56
c001,urban/007934.jpg,839
c002,urban/007935.jpg,680
c003,urban/007936.jpg,848
c002,urban/007937.jpg,318
c003,urban/007938.jpg,804
c001,urban/007939.jpg,58
c002,urban/007940.jpg,941
c003,urban/007941.jpg,1030
c002,urban/007942.jpg,778
c001,urban/007943.jpg,125
c002,urban/007944.jpg,438
c001,urban/007945.jpg,751
c003,urban/007946.jpg,381
c002,urban/007947.jpg,676
c002,urban/007948.jpg,433
c002,urban/007949.jpg,862
c003,urban/007950.jpg,911
c003,urban/007951.jpg,282
c002,urban/007952.jpg,1016
c001,urban/007953.jpg,850
c003,urban/007954.jpg,141
c002,urban/007955.jpg,881
c003,urban/007956.jpg,144
c001,urban/007957.jpg,473
c002,urban/007958.jpg,999
c003,urban/007959.jpg,32
c001,urban/007960.jpg,988
c001,urban/007961.jpg,573
c003,urban/007962.jpg,525
c003,urban/007963.jpg,968
c002,urban/007964.jpg,441
c001,urban/007965.jpg,102
c002,urban/007966.jpg,664
c003,urban/007967.jpg,960
c002,urban/007968.jpg,924
c003,urban/007969.jpg,568
c003,urban/007970.jpg,1085
c001,urban/007971.jpg,96
c002,urban/007972.jpg,423
c002,urban/007973.jpg,334
c001,urban/007974.jpg,616
c003,urban/007975.jpg,489
c003,urban/007976.jpg,988
c002,urban/007977.jpg,1056
c003,urban/007978.jpg,172
c002,urban/007979.jpg,837
c002,urban/007980.jpg,887
c002,urban/007981.jpg,26
c003,urban/007982.jpg,646
c003,urban/007983.jpg,368
c001,urban/007984.jpg,92
c003,urban/007985.jpg,529
c001,urban/007986.jpg,1002
c002,urban/007987.jpg,118
c002,urban/007988.jpg,398
c003,urban/007989.jpg,336
c003,urban/007990.jpg,14
c002,urban/007991.jpg,975
c003,urban/007992.jpg,485
c001,urban/007993.jpg,1041
c001,urban/007994.jpg,507
c002,urban/007995.jpg,487
c002,urban/007996.jpg,589
c002,urban/007997.jpg,508
c003,urban/007998.jpg,877
c002,urban/007999.jpg,576
c002,urban/008000.jpg,417
c001,urban/008001.jpg,586
c001,urban/008002.jpg,351
c003,urban/008003.jpg,573
c002,urban/008004.jpg,235
c002,urban/008005.jpg,930
c003,urban/008006.jpg,14
c001,urban/008007.jpg,293
c002,urban/008008.jpg,751
c001,urban/008009.jpg,858
c001,urban/008010.jpg,1073
c002,urban/008011.jpg,479
c003,urban/008012.jpg,957
c001,urban/008013.jpg,1070
c002,urban/008014.jpg,787
c001,urban/008015.jpg,750
c002,urban/008016.jpg,131
c003,urban/008017.jpg,82
c003,urban/008018.jpg,251
c002,urban/008019.jpg,792
c003,urban/008020.jpg,875
c001,urban/008021.jpg,132
c002,urban/008022.jpg,670
c002,urban/008023.jpg,453
c001,urban/008024.jpg,1084
c002,urban/008025.jpg,605
c001,urban/008026.jpg,977
c003,urban/008027.jpg,119
c003,urban/008028.jpg,84
c001,urban/008029.jpg,712
c001,urban/008030.jpg,417
c002,urban/008031.jpg,957
c003,urban/008032.jpg,1085
c001,urban/008033.jpg,85
c003,urban/008034.jpg,834
c001,urban/008035.jpg,43
c003,urban/008036.jpg,422
c003,urban/008037.jpg,62
c003,urban/008038.jpg,561
c003,urban/008039.jpg,274
c003,urban/008040.jpg,545
c003,urban/008041.jpg,701
c001,urban/008042.jpg,629
c001,urban/008043.jpg,933
c001,urban/008044.jpg,736
c001,urban/008045.jpg,607
c001,urban/008046.jpg,431
c001,urban/008047.jpg,849
c003,urban/008048.jpg,4
c003,urban/008049.jpg,121
c003,urban/008050.jpg,16
c003,urban/008051.jpg,943
c001,urban/008052.jpg,458
c002,urban/008053.jpg,994
c001,urban/008054.jpg,554
c002,urban/008055.jpg,446
c001,urban/008056.jpg,355
c002,urban/008057.jpg,528
c003,urban/008058.jpg,1041
c003,urban/008059.jpg,207
c002,urban/008060.jpg,1048
c001,urban/008061.jpg,954
c003,urban/008062.jpg,98
c002,urban/008063.jpg,499
c001,urban/008064.jpg,969
c001,urban/008065.jpg,590
c003,urban/008066.jpg,179
c003,urban/008067.jpg,863
c003,urban/008068.jpg,965
c003,urban/008069.jpg,840
c003,urban/008070.jpg,812
c002,urban/008071.jpg,445
c001,urban/008072.jpg,669
c003,urban/008073.jpg,437
c001,urban/008074.jpg,252
c003,urban/008075.jpg,844
c002,urban/008076.jpg,292
c001,urban/008077.jpg,612
c003,urban/008078.jpg,336
c001,urban/008079.jpg,807
c002,urban/008080.jpg,903
c003,urban/008081.jpg,887
c002,urban/008082.jpg,571
c003,urban/008083.jpg,1085
c001,urban/008084.jpg,906
c001,urban/008085.jpg,673
c003,urban/008086.jpg,869
c003,urban/008087.jpg,930
c002,urban/008088.jpg,854
c001,urban/008089.jpg,970
c003,urban/008090.jpg,57
c001,urban/008091.jpg,32
c002,urban/008092.jpg,353
c001,urban/008093.jpg,309
c002,urban/008094.jpg,761
c001,urban/008095.jpg,862
c002,urban/008096.jpg,145
c001,urban/008097.jpg,697
c003,urban/008098.jpg,195
c002,urban/008099.jpg,292
c001,urban/008100.jpg,63
c002,urban/008101.jpg,744
c001,urban/008102.jpg,474
c001,urban/008103.jpg,984
c002,urban/008104.jpg,72
c002,urban/008105.jpg,491
c001,urban/008106.jpg,932
c002,urban/008107.jpg,699
c003,urban/008108.jpg,631
c003,urban/008109.jpg,917
c001,urban/008110.jpg,146
c001,urban/008111.jpg,953
c001,urban/008112.jpg,313
c002,urban/008113.jpg,1047
c003,urban/008114.jpg,873
c003,urban/008115.jpg,22
c003,urban/008116.jpg,481
c002,urban/008117.jpg,195
c001,urban/008118.jpg,380
c001,urban/008119.jpg,453
c002,urban/008120.jpg,1054
c001,urban/008121.jpg,838
c001,urban/008122.jpg,145
c001,urban/008123.jpg,839
c003,urban/008124.jpg,526
c002,urban/008125.jpg,808
c002,urban/008126.jpg,169
c003,urban/008127.jpg,858
c002,urban/008128.jpg,412
c001,urban/008129.jpg,439
c003,urban/008130.jpg,839
c001,urban/008131.jpg,271
c001,urban/008132.jpg,965
c001,urban/008133.jpg,500
c003,urban/008134.jpg,11
c002,urban/008135.jpg,769
c002,urban/008136.jpg,118
c003,urban/008137.jpg,31
c003,urban/008138.jpg,569
c003,urban/008139.jpg,267
c001,urban/008140.jpg,322
c003,urban/008141.jpg,831
c001,urban/008142.jpg,93
c002,urban/008143.jpg,241
c001,urban/008144.jpg,174
c002,urban/008145.jpg,849
c003,urban/008146.jpg,12
c002,urban/008147.jpg,641
c002,urban/008148.jpg,452
c003,urban/008149.jpg,772
c003,urban/008150.jpg,903
c003,urban/008151.jpg,702
c003,urban/008152.jpg,611
c001,urban/008153.jpg,126
c002,urban/008154.jpg,437
c001,urban/008155.jpg,262
c003,urban/008156.jpg,761
c001,urban/008157.jpg,267
c001,urban/008158.jpg,85
c002,urban/008159.jpg,334
c002,urban/008160.jpg,53
c002,urban/008161.jpg,918
c003,urban/008162.jpg,790
c003,urban/008163.jpg,889
c003,urban/008164.jpg,822
c001,urban/008165.jpg,487
c003,urban/008166.jpg,390
c001,urban/008167.jpg,676
c003,urban/008168.jpg,778
c003,urban/008169.jpg,585
c003,urban/008170.jpg,398
c002,urban/008171.jpg,522
c002,urban/008172.jpg,542
c001,urban/008173.jpg,1086
c002,urban/008174.jpg,477
c003,urban/008175.jpg,983
c003,urban/008176.jpg,411
c003,urban/008177.jpg,16
c001,urban/008178.jpg,451
c002,urban/008179.jpg,1080
c001,urban/008180.jpg,505
c002,urban/008181.jpg,814
c003,urban/008182.jpg,650
c001,urban/008183.jpg,991
c003,urban/008184.jpg,828
c001,urban/008185.jpg,608
c002,urban/008186.jpg,266
c003,urban/008187.jpg,616
c003,urban/008188.jpg,984
c003,urban/008189.jpg,333
c003,urban/008190.jpg,566
c003,urban/008191.jpg,520
c001,urban/008192.jpg,746
c001,urban/008193.jpg,716
c003,urban/008194.jpg,292
c002,urban/008195.jpg,124
c001,urban/008196.jpg,796
c001,urban/008197.jpg,938
c003,urban/008198.jpg,866
c001,urban/008199.jpg,850
c001,urban/008200.jpg,431
c001,urban/008201.jpg,852
c002,urban/008202.jpg,551
c002,urban/008203.jpg,436
c001,urban/008204.jpg,915
c002,urban/008205.jpg,899
c003,urban/008206.jpg,431
c003,urban/008207.jpg,353
c001,urban/008208.jpg,550
c001,urban/008209.jpg,925
c002,urban/008210.jpg,52
c001,urban/008211.jpg,735
c003,urban/008212.jpg,743
c003,urban/008213.jpg,130
c001,urban/008214.jpg,764
c002,urban/008215.jpg,1042
c001,urban/008216.jpg,169
c001,urban/008217.jpg,431
c002,urban/008218.jpg,332
c003,urban/008219.jpg,302
c002,urban/008220.jpg,245
c003,urban/008221.jpg,1051
c002,urban/008222.jpg,1066
c001,urban/008223.jpg,785
c001,urban/008224.jpg,992
c002,urban/008225.jpg,1008
c003,urban/008226.jpg,141
c003,urban/008227.jpg,179
c001,urban/008228.jpg,50
c001,urban/008229.jpg,1090
c001,urban/008230.jpg,32
c002,urban/008231.jpg,830
c002,urban/008232.jpg,1054
c003,urban/008233.jpg,566
c003,urban/008234.jpg,1042
c003,urban/008235.jpg,147
c003,urban/008236.jpg,930
c003,urban/008237.jpg,289
c001,urban/008238.jpg,124
c003,urban/008239.jpg,1073
c002,urban/008240.jpg,94
c002,urban/008241.jpg,623
c001,urban/008242.jpg,871
c001,urban/008243.jpg,734
c001,urban/008244.jpg,350
c002,urban/008245.jpg,673
c003,urban/008246.jpg,1013
c001,urban/008247.jpg,403
c003,urban/008248.jpg,46
c001,urban/008249.jpg,940
c001,urban/008250.jpg,728
c002,urban/008251.jpg,591
c002,urban/008252.jpg,579
c002,urban/008253.jpg,277
c003,urban/008254.jpg,1055
c001,urban/008255.jpg,5
c003,urban/008256.jpg,984
c002,urban/008257.jpg,930
c001,urban/008258.jpg,261
c002,urban/008259.jpg,894
c001,urban/008260.jpg,535
c003,urban/008261.jpg,297
c001,urban/008262.jpg,351
c002,urban/008263.jpg,638
c001,urban/008264.jpg,1078
c001,urban/008265.jpg,986
c003,urban/008266.jpg,651
c003,urban/008267.jpg,521
c003,urban/008268.jpg,911
c001,urban/008269.jpg,969
c003,urban/008270.jpg,325
c003,urban/008271.jpg,470
c002,urban/008272.jpg,260
c002,urban/008273.jpg,662
c001,urban/008274.jpg,213
c002,urban/008275.jpg,265
c003,urban/008276.jpg,243
c003,urban/008277.jpg,284
c002,urban/008278.jpg,431
c001,urban/008279.jpg,487
c002,urban/008280.jpg,1090
c002,urban/008281.jpg,112
c001,urban/008282.jpg,179
c001,urban/008283.jpg,558
c001,urban/008284.jpg,127
c002,urban/008285.jpg,121
c002,urban/008286.jpg,443
c003,urban/008287.jpg,436
c003,urban/008288.jpg,743
c001,urban/008289.jpg,963
c001,urban/008290.jpg,968
c003,urban/008291.jpg,541
c002,urban/008292.jpg,528
c003,urban/008293.jpg,743
c003,urban/008294.jpg,939
c002,urban/008295.jpg,124
c002,urban/008296.jpg,322
c003,urban/008297.jpg,411
c001,urban/008298.jpg,767
c001,urban/008299.jpg,88
c003,urban/008300.jpg,1004
c003,urban/008301.jpg,773
c001,urban/008302.jpg,1020
c003,urban/008303.jpg,755
c001,urban/008304.jpg,208
c001,urban/008305.jpg,336
c003,urban/008306.jpg,59
c003,urban/008307.jpg,1002
c001,urban/008308.jpg,863
c003,urban/008309.jpg,461
c001,urban/008310.jpg,704
c001,urban/008311.jpg,32
c003,urban/008312.jpg,963
c002,urban/008313.jpg,1047
c001,urban/008314.jpg,648
c003,urban/008315.jpg,244
c002,urban/008316.jpg,716
c001,urban/008317.jpg,1051
c002,urban/008318.jpg,487
c001,urban/008319.jpg,991
c001,urban/008320.jpg,814
c003,urban/008321.jpg,107
c001,urban/008322.jpg,862
c001,urban/008323.jpg,724
c001,urban/008324.jpg,923
c003,urban/008325.jpg,1073
c001,urban/008326.jpg,19
c001,urban/008327.jpg,623
c001,urban/008328.jpg,260
c002,urban/008329.jpg,716
c003,urban/008330.jpg,57
c001,urban/008331.jpg,869
c001,urban/008332.jpg,897
c003,urban/008333.jpg,911
c002,urban/008334.jpg,831
c003,urban/008335.jpg,185
c003,urban/008336.jpg,607
c001,urban/008337.jpg,131
c001,urban/008338.jpg,798
c002,urban/008339.jpg,336
c001,urban/008340.jpg,246
c002,urban/008341.jpg,591
c001,urban/008342.jpg,198
c003,urban/008343.jpg,881
c001,urban/008344.jpg,1073
c002,urban/008345.jpg,531
c001,urban/008346.jpg,611
c003,urban/008347.jpg,623
c002,urban/008348.jpg,823
c003,urban/008349.jpg,909
c002,urban/008350.jpg,507
c002,urban/008351.jpg,580
c003,urban/008352.jpg,16
c001,urban/008353.jpg,1059
c001,urban/008354.jpg,204
c002,urban/008355.jpg,199
c001,urban/008356.jpg,1009
c003,urban/008357.jpg,347
c003,urban/008358.jpg,949
c002,urban/008359.jpg,174
c001,urban/008360.jpg,530
c002,urban/008361.jpg,946
c003,urban/008362.jpg,156
c001,urban/008363.jpg,1074
c002,urban/008364.jpg,566
c003,urban/008365.jpg,1046
c001,urban/008366.jpg,196
c002,urban/008367.jpg,124
c003,urban/008368.jpg,764
c003,urban/008369.jpg,1009
c003,urban/008370.jpg,362
c003,urban/008371.jpg,952
c001,urban/008372.jpg,831
c001,urban/008373.jpg,620
c001,urban/008374.jpg,9
c002,urban/008375.jpg,78
c003,urban/008376.jpg,247
c003,urban/008377.jpg,623
c001,urban/008378.jpg,1044
c002,urban/008379.jpg,850
c003,urban/008380.jpg,1041
c001,urban/008381.jpg,823
c002,urban/008382.jpg,431
c003,urban/008383.jpg,692
c003,urban/008384.jpg,1055
c001,urban/008385.jpg,999
c003,urban/008386.jpg,1017
c002,urban/008387.jpg,380
c001,urban/008388.jpg,406
c002,urban/008389.jpg,365
c002,urban/008390.jpg,819
c003,urban/008391.jpg,761
c002,urban/008392.jpg,864
c003,urban/008393.jpg,504
c003,urban/008394.jpg,939
c002,urban/008395.jpg,787
c001,urban/008396.jpg,275
c002,urban/008397.jpg,146
c001,urban/008398.jpg,965
c003,urban/008399.jpg,380
c002,urban/008400.jpg,730
c003,urban/008401.jpg,831
c003,urban/008402.jpg,565
c002,urban/008403.jpg,929
c001,urban/008404.jpg,381
c003,urban/008405.jpg,946
c001,urban/008406.jpg,271
c001,urban/008407.jpg,988
c001,urban/008408.jpg,504
c001,urban/008409.jpg,521
c003,urban/008410.jpg,708
c001,urban/008411.jpg,239
c002,urban/008412.jpg,806
c003,urban/008413.jpg,6
c002,urban/008414.jpg,370
c002,urban/008415.jpg,239
c001,urban/008416.jpg,466
c001,urban/008417.jpg,2
c003,urban/008418.jpg,789
c001,urban/008419.jpg,635
c002,urban/008420.jpg,284
c002,urban/008421.jpg,471
c002,urban/008422.jpg,1083
c002,urban/008423.jpg,460
c002,urban/008424.jpg,543
c003,urban/008425.jpg,698
c002,urban/008426.jpg,968
c001,urban/008427.jpg,497
c003,urban/008428.jpg,534
c002,urban/008429.jpg,657
c002,urban/008430.jpg,708
c001,urban/008431.jpg,352
c002,urban/008432.jpg,998
c002,urban/008433.jpg,1023
c003,urban/008434.jpg,227
c001,urban/008435.jpg,474
c002,urban/008436.jpg,326
c003,urban/008437.jpg,1026
c003,urban/008438.jpg,704
c002,urban/008439.jpg,389
c002,urban/008440.jpg,833
c001,urban/008441.jpg,34
c003,urban/008442.jpg,1086
c002,urban/008443.jpg,877
c002,urban/008444.jpg,943
c003,urban/008445.jpg,618
c002,urban/008446.jpg,932
c003,urban/008447.jpg,271
c001,urban/008448.jpg,508
c001,urban/008449.jpg,47
c001,urban/008450.jpg,223
c001,urban/008451.jpg,206
c001,urban/008452.jpg,761
c003,urban/008453.jpg,946
c002,urban/008454.jpg,465
c003,urban/008455.jpg,942
c003,urban/008456.jpg,612
c003,urban/008457.jpg,55
c001,urban/008458.jpg,874
c001,urban/008459.jpg,61
c003,urban/008460.jpg,291
c002,urban/008461.jpg,683
c002,urban/008462.jpg,737
c002,urban/008463.jpg,91
c003,urban/008464.jpg,1057
c003,urban/008465.jpg,376
c001,urban/008466.jpg,731
c003,urban/008467.jpg,63
c002,urban/008468.jpg,653
c003,urban/008469.jpg,680
c003,urban/008470.jpg,368
c002,urban/008471.jpg,398
c001,urban/008472.jpg,274
c001,urban/008473.jpg,251
c001,urban/008474.jpg,816
c002,urban/008475.jpg,828
c002,urban/008476.jpg,27
c003,urban/008477.jpg,586
c001,urban/008478.jpg,873
c002,urban/008479.jpg,430
c002,urban/008480.jpg,872
c003,urban/008481.jpg,1015
c003,urban/008482.jpg,1024
c003,urban/008483.jpg,121
c001,urban/008484.jpg,465
c001,urban/008485.jpg,143
c002,urban/008486.jpg,138
c002,urban/008487.jpg,668
c001,urban/008488.jpg,572
c003,urban/008489.jpg,937
c003,urban/008490.jpg,918
c002,urban/008491.jpg,596
c003,urban/008492.jpg,580
c001,urban/008493.jpg,969
c001,urban/008494.jpg,308
c001,urban/008495.jpg,1080
c002,urban/008496.jpg,991
c002,urban/008497.jpg,960
c003,urban/008498.jpg,338
c002,urban/008499.jpg,87
c001,urban/008500.jpg,1064
c001,urban/008501.jpg,188
c001,urban/008502.jpg,971
c002,urban/008503.jpg,1016
c003,urban/008504.jpg,1006
c001,urban/008505.jpg,625
c001,urban/008506.jpg,336
c002,urban/008507.jpg,1090
c002,urban/008508.jpg,264
c002,urban/008509.jpg,816
c001,urban/008510.jpg,839
c002,urban/008511.jpg,700
c002,urban/008512.jpg,458
c001,urban/008513.jpg,26
c001,urban/008514.jpg,880
c002,urban/008515.jpg,743
c001,urban/008516.jpg,126
c002,urban/008517.jpg,82
c002,urban/008518.jpg,1041
c001,urban/008519.jpg,909
c003,urban/008520.jpg,738
c002,urban/008521.jpg,163
c003,urban/008522.jpg,1059
c003,urban/008523.jpg,485
c001,urban/008524.jpg,331
c003,urban/008525.jpg,682
c002,urban/008526.jpg,889
c003,urban/008527.jpg,68
c002,urban/008528.jpg,256
c003,urban/008529.jpg,634
c002,urban/008530.jpg,911
c003,urban/008531.jpg,759
c002,urban/008532.jpg,595
c002,urban/008533.jpg,898
c001,urban/008534.jpg,1014
c002,urban/008535.jpg,1023
c003,urban/008536.jpg,827
c002,urban/008537.jpg,1066
c003,urban/008538.jpg,666
c002,urban/008539.jpg,621
c002,urban/008540.jpg,1015
c001,urban/008541.jpg,267
c001,urban/008542.jpg,497
c001,urban/008543.jpg,173
c003,urban/008544.jpg,738
c001,urban/008545.jpg,368
c001,urban/008546.jpg,803
c001,urban/008547.jpg,312
c002,urban/008548.jpg,619
c003,urban/008549.jpg,351
c001,urban/008550.jpg,270
c001,urban/008551.jpg,958
c002,urban/008552.jpg,485
c001,urban/008553.jpg,675
c003,urban/008554.jpg,723
c002,urban/008555.jpg,411
c003,urban/008556.jpg,562
c002,urban/008557.jpg,428
c001,urban/008558.jpg,455
c001,urban/008559.jpg,958
c002,urban/008560.jpg,998
c003,urban/008561.jpg,871
c002,urban/008562.jpg,68
c001,urban/008563.jpg,97
c003,urban/008564.jpg,743
c002,urban/008565.jpg,1066
c001,urban/008566.jpg,1065
c003,urban/008567.jpg,237
c003,urban/008568.jpg,858
c002,urban/008569.jpg,222
c003,urban/008570.jpg,514
c001,urban/008571.jpg,666
c002,urban/008572.jpg,806
c002,urban/008573.jpg,606
c001,urban/008574.jpg,704
c003,urban/008575.jpg,589
c003,urban/008576.jpg,1044
c001,urban/008577.jpg,417
c003,urban/008578.jpg,197
c003,urban/008579.jpg,818
c002,urban/008580.jpg,8
c001,urban/008581.jpg,605
c003,urban/008582.jpg,401
c001,urban/008583.jpg,51
c001,urban/008584.jpg,675
c002,urban/008585.jpg,774
c003,urban/008586.jpg,391
c002,urban/008587.jpg,252
c002,urban/008588.jpg,932
c001,urban/008589.jpg,881
c001,urban/008590.jpg,849
c001,urban/008591.jpg,81
c002,urban/008592.jpg,407
c003,urban/008593.jpg,234
c001,urban/008594.jpg,364
c003,urban/008595.jpg,447
c002,urban/008596.jpg,442
c003,urban/008597.jpg,1020
c003,urban/008598.jpg,119
c003,urban/008599.jpg,783
c001,urban/008600.jpg,77
c001,urban/008601.jpg,188
c002,urban/008602.jpg,982
c002,urban/008603.jpg,728
c001,urban/008604.jpg,801
c002,urban/008605.jpg,726
c001,urban/008606.jpg,763
c001,urban/008607.jpg,1066
c001,urban/008608.jpg,670
c001,urban/008609.jpg,16
c002,urban/008610.jpg,848
c002,urban/008611.jpg,282
c002,urban/008612.jpg,10
c002,urban/008613.jpg,390
c003,urban/008614.jpg,154
c003,urban/008615.jpg,946
c001,urban/008616.jpg,221
c003,urban/008617.jpg,185
c001,urban/008618.jpg,491
c001,urban/008619.jpg,207
c001,urban/008620.jpg,561
c001,urban/008621.jpg,916
c002,urban/008622.jpg,76
c001,urban/008623.jpg,411
c001,urban/008624.jpg,392
c001,urban/008625.jpg,889
c003,urban/008626.jpg,145
c001,urban/008627.jpg,118
c003,urban/008628.jpg,884
c002,urban/008629.jpg,277
c003,urban/008630.jpg,576
c003,urban/008631.jpg,465
c003,urban/008632.jpg,423
c003,urban/008633.jpg,675
c001,urban/008634.jpg,825
c003,urban/008635.jpg,613
c001,urban/008636.jpg,191
c003,urban/008637.jpg,66
c003,urban/008638.jpg,121
c001,urban/008639.jpg,738
c003,urban/008640.jpg,623
c002,urban/008641.jpg,451
c003,urban/008642.jpg,526
c003,urban/008643.jpg,1036
c003,urban/008644.jpg,864
c003,urban/008645.jpg,746
c002,urban/008646.jpg,829
c002,urban/008647.jpg,975
c002,urban/008648.jpg,717
c001,urban/008649.jpg,1055
c002,urban/008650.jpg,796
c001,urban/008651.jpg,175
c001,urban/008652.jpg,666
c002,urban/008653.jpg,947
c003,urban/008654.jpg,902
c001,urban/008655.jpg,769
c001,urban/008656.jpg,997
c001,urban/008657.jpg,843
c002,urban/008658.jpg,232
c001,urban/008659.jpg,553
c003,urban/008660.jpg,408
c002,urban/008661.jpg,316
c002,urban/008662.jpg,272
c002,urban/008663.jpg,712
c002,urban/008664.jpg,1003
c002,urban/008665.jpg,894
c003,urban/008666.jpg,762
c001,urban/008667.jpg,683
c001,urban/008668.jpg,232
c001,urban/008669.jpg,458
c001,urban/008670.jpg,353
c001,urban/008671.jpg,746
c002,urban/008672.jpg,778
c003,urban/008673.jpg,678
c003,urban/008674.jpg,832
c002,urban/008675.jpg,112
c002,urban/008676.jpg,1022
c003,urban/008677.jpg,174
c001,urban/008678.jpg,522
c003,urban/008679.jpg,944
c003,urban/008680.jpg,217
c003,urban/008681.jpg,600
c003,urban/008682.jpg,546
c001,urban/008683.jpg,291
c003,urban/008684.jpg,667
c003,urban/008685.jpg,597
c001,urban/008686.jpg,400
c001,urban/008687.jpg,369
c003,urban/008688.jpg,86
c002,urban/008689.jpg,334
c003,urban/008690.jpg,664
c001,urban/008691.jpg,54
c002,urban/008692.jpg,872
c002,urban/008693.jpg,539
c003,urban/008694.jpg,965
c002,urban/008695.jpg,769
c001,urban/008696.jpg,431
c003,urban/008697.jpg,1037
c003,urban/008698.jpg,623
c003,urban/008699.jpg,301
c001,urban/008700.jpg,481
c001,urban/008701.jpg,161
c001,urban/008702.jpg,59
c003,urban/008703.jpg,641
c001,urban/008704.jpg,672
c002,urban/008705.jpg,768
c003,urban/008706.jpg,12
c003,urban/008707.jpg,663
c001,urban/008708.jpg,874
c001,urban/008709.jpg,1064
c001,urban/008710.jpg,350
c001,urban/008711.jpg,385
c002,urban/008712.jpg,542
c001,urban/008713.jpg,489
c002,urban/008714.jpg,241
c001,urban/008715.jpg,724
c001,urban/008716.jpg,557
c001,urban/008717.jpg,145
c001,urban/008718.jpg,1006
c003,urban/008719.jpg,1007
c003,urban/008720.jpg,943
c001,urban/008721.jpg,969
c002,urban/008722.jpg,656
c002,urban/008723.jpg,390
c003,urban/008724.jpg,1013
c002,urban/008725.jpg,566
c003,urban/008726.jpg,112
c003,urban/008727.jpg,573
c002,urban/008728.jpg,84
c003,urban/008729.jpg,985
c001,urban/008730.jpg,1064
c003,urban/008731.jpg,63
c003,urban/008732.jpg,923
c001,urban/008733.jpg,984
c003,urban/008734.jpg,65
c002,urban/008735.jpg,38
c001,urban/008736.jpg,611
c002,urban/008737.jpg,948
c003,urban/008738.jpg,1044
c003,urban/008739.jpg,1069
c001,urban/008740.jpg,736
c002,urban/008741.jpg,142
c001,urban/008742.jpg,670
c001,urban/008743.jpg,902
c002,urban/008744.jpg,810
c001,urban/008745.jpg,380
c001,urban/008746.jpg,250
c003,urban/008747.jpg,761
c001,urban/008748.jpg,272
c002,urban/008749.jpg,375
c002,urban/008750.jpg,776
c002,urban/008751.jpg,922
c001,urban/008752.jpg,655
c003,urban/008753.jpg,504
c003,urban/008754.jpg,434
c001,urban/008755.jpg,804
c002,urban/008756.jpg,139
c003,urban/008757.jpg,992
c003,urban/008758.jpg,497
c002,urban/008759.jpg,77
c002,urban/008760.jpg,532
c001,urban/008761.jpg,373
c001,urban/008762.jpg,455
c002,urban/008763.jpg,1002
c001,urban/008764.jpg,408
c002,urban/008765.jpg,27
c002,urban/008766.jpg,129
c002,urban/008767.jpg,835
c001,urban/008768.jpg,1029
c002,urban/008769.jpg,111
c002,urban/008770.jpg,478
c003,urban/008771.jpg,326
c001,urban/008772.jpg,350
c002,urban/008773.jpg,670
c001,urban/008774.jpg,37
c001,urban/008775.jpg,894
c002,urban/008776.jpg,75
c003,urban/008777.jpg,219
c001,urban/008778.jpg,100
c001,urban/008779.jpg,57
c001,urban/008780.jpg,816
c001,urban/008781.jpg,274
c003,urban/008782.jpg,1023
c002,urban/008783.jpg,587
c001,urban/008784.jpg,343
c003,urban/008785.jpg,290
c003,urban/008786.jpg,271
c001,urban/008787.jpg,922
c002,urban/008788.jpg,282
c001,urban/008789.jpg,118
c002,urban/008790.jpg,670
c002,urban/008791.jpg,2
c001,urban/008792.jpg,1040
c003,urban/008793.jpg,947
c002,urban/008794.jpg,623
c001,urban/008795.jpg,41
c003,urban/008796.jpg,386
c002,urban/008797.jpg,5
c001,urban/008798.jpg,548
c002,urban/008799.jpg,796
c002,urban/008800.jpg,640
c003,urban/008801.jpg,227
c002,urban/008802.jpg,693
c001,urban/008803.jpg,62
c003,urban/008804.jpg,862
c001,urban/008805.jpg,713
c001,urban/008806.jpg,1046
c001,urban/008807.jpg,828
c001,urban/008808.jpg,590
c001,urban/008809.jpg,222
c003,urban/008810.jpg,384
c001,urban/008811.jpg,891
c003,urban/008812.jpg,207
c001,urban/008813.jpg,776
c002,urban/008814.jpg,195
c001,urban/008815.jpg,318
c001,urban/008816.jpg,41
c001,urban/008817.jpg,70
c002,urban/008818.jpg,457
c003,urban/008819.jpg,431
c002,urban/008820.jpg,807
c003,urban/008821.jpg,365
c001,urban/008822.jpg,105
c003,urban/008823.jpg,521
c001,urban/008824.jpg,1052
c001,urban/008825.jpg,1007
c003,urban/008826.jpg,857
c001,urban/008827.jpg,810
c003,urban/008828.jpg,651
c001,urban/008829.jpg,1043
c003,urban/008830.jpg,988
c002,urban/008831.jpg,965
c001,urban/008832.jpg,711
c002,urban/008833.jpg,693
c001,urban/008834.jpg,32
c003,urban/008835.jpg,862
c003,urban/008836.jpg,46
c003,urban/008837.jpg,279
c003,urban/008838.jpg,80
c001,urban/008839.jpg,254
c001,urban/008840.jpg,264
c001,urban/008841.jpg,651
c003,urban/008842.jpg,334
c001,urban/008843.jpg,279
c002,urban/008844.jpg,939
c001,urban/008845.jpg,494
c001,urban/008846.jpg,22
c002,urban/008847.jpg,871
c003,urban/008848.jpg,361
c003,urban/008849.jpg,431
c001,urban/008850.jpg,142
c001,urban/008851.jpg,119
c003,urban/008852.jpg,76
c002,urban/008853.jpg,411
c001,urban/008854.jpg,879
c002,urban/008855.jpg,54
c002,urban/008856.jpg,1083
c002,urban/008857.jpg,650
c003,urban/008858.jpg,100
c002,urban/008859.jpg,534
c001,urban/008860.jpg,37
c002,urban/008861.jpg,355
c001,urban/008862.jpg,582
c003,urban/008863.jpg,921
c001,urban/008864.jpg,651
c001,urban/008865.jpg,15
c001,urban/008866.jpg,368
c003,urban/008867.jpg,937
c002,urban/008868.jpg,550
c002,urban/008869.jpg,891
c003,urban/008870.jpg,543
c003,urban/008871.jpg,711
c001,urban/008872.jpg,613
c003,urban/008873.jpg,872
c002,urban/008874.jpg,798
c003,urban/008875.jpg,788
c001,urban/008876.jpg,1084
c003,urban/008877.jpg,437
c002,urban/008878.jpg,757
c003,urban/008879.jpg,634
c003,urban/008880.jpg,282
c003,urban/008881.jpg,671
c003,urban/008882.jpg,370
c001,urban/008883.jpg,663
c001,urban/008884.jpg,536
c003,urban/008885.jpg,312
c001,urban/008886.jpg,467
c001,urban/008887.jpg,585
c001,urban/008888.jpg,152
c003,urban/008889.jpg,747
c002,urban/008890.jpg,691
c002,urban/008891.jpg,277
c003,urban/008892.jpg,779
c003,urban/008893.jpg,243
c002,urban/008894.jpg,937
c003,urban/008895.jpg,310
c002,urban/008896.jpg,746
c003,urban/008897.jpg,363
c001,urban/008898.jpg,946
c002,urban/008899.jpg,858
c002,urban/008900.jpg,869
c001,urban/008901.jpg,179
c002,urban/008902.jpg,187
c001,urban/008903.jpg,789
c003,urban/008904.jpg,651
c003,urban/008905.jpg,489
c001,urban/008906.jpg,146
c003,urban/008907.jpg,457
c003,urban/008908.jpg,826
c002,urban/008909.jpg,808
c001,urban/008910.jpg,56
c002,urban/008911.jpg,121
c002,urban/008912.jpg,960
c002,urban/008913.jpg,850
c003,urban/008914.jpg,746
c002,urban/008915.jpg,227
c002,urban/008916.jpg,221
c001,urban/008917.jpg,750
c003,urban/008918.jpg,188
c002,urban/008919.jpg,1056
c001,urban/008920.jpg,499
c002,urban/008921.jpg,458
c001,urban/008922.jpg,416
c003,urban/008923.jpg,1023
c002,urban/008924.jpg,849
c003,urban/008925.jpg,849
c003,urban/008926.jpg,311
c002,urban/008927.jpg,2
c001,urban/008928.jpg,221
c002,urban/008929.jpg,161
c001,urban/008930.jpg,142
c003,urban/008931.jpg,1090
c003,urban/008932.jpg,98
c003,urban/008933.jpg,651
c001,urban/008934.jpg,642
c002,urban/008935.jpg,184
c001,urban/008936.jpg,301
c003,urban/008937.jpg,1078
c001,urban/008938.jpg,955
c003,urban/008939.jpg,469
c001,urban/008940.jpg,850
c001,urban/008941.jpg,831
c001,urban/008942.jpg,629
c001,urban/008943.jpg,25
c001,urban/008944.jpg,58
c002,urban/008945.jpg,50
c003,urban/008946.jpg,887
c002,urban/008947.jpg,19
c003,urban/008948.jpg,843
c001,urban/008949.jpg,814
c003,urban/008950.jpg,498
c002,urban/008951.jpg,499
c002,urban/008952.jpg,431
c001,urban/008953.jpg,544
c003,urban/008954.jpg,910
c002,urban/008955.jpg,118
c002,urban/008956.jpg,352
c002,urban/008957.jpg,689
c002,urban/008958.jpg,52
c001,urban/008959.jpg,363
c001,urban/008960.jpg,761
c003,urban/008961.jpg,519
c002,urban/008962.jpg,171
c002,urban/008963.jpg,53
c003,urban/008964.jpg,119
c001,urban/008965.jpg,125
c001,urban/008966.jpg,454
c002,urban/008967.jpg,635
c002,urban/008968.jpg,680
c002,urban/008969.jpg,650
c001,urban/008970.jpg,999
c001,urban/008971.jpg,398
c003,urban/008972.jpg,380
c002,urban/008973.jpg,748
c003,urban/008974.jpg,876
c001,urban/008975.jpg,662
c002,urban/008976.jpg,153
c003,urban/008977.jpg,657
c001,urban/008978.jpg,945
c001,urban/008979.jpg,881
c001,urban/008980.jpg,39
c001,urban/008981.jpg,185
c002,urban/008982.jpg,624
c002,urban/008983.jpg,151
c002,urban/008984.jpg,937
c001,urban/008985.jpg,1005
c003,urban/008986.jpg,582
c002,urban/008987.jpg,285
c001,urban/008988.jpg,515
c001,urban/008989.jpg,19
c003,urban/008990.jpg,736
c001,urban/008991.jpg,438
c003,urban/008992.jpg,423
c002,urban/008993.jpg,267
c002,urban/008994.jpg,959
c002,urban/008995.jpg,1088
c002,urban/008996.jpg,149
c001,urban/008997.jpg,724
c003,urban/008998.jpg,718
c003,urban/008999.jpg,675
c001,urban/009000.jpg,994
c001,urban/009001.jpg,808
c003,urban/009002.jpg,277
c003,urban/009003.jpg,154
c003,urban/009004.jpg,57
c001,urban/009005.jpg,96
c003,urban/009006.jpg,481
c001,urban/009007.jpg,942
c001,urban/009008.jpg,49
c003,urban/009009.jpg,600
c002,urban/009010.jpg,574
c002,urban/009011.jpg,1021
c001,urban/009012.jpg,1047
c001,urban/009013.jpg,184
c002,urban/009014.jpg,184
c003,urban/009015.jpg,320
c001,urban/009016.jpg,974
c002,urban/009017.jpg,497
c003,urban/009018.jpg,83
c001,urban/009019.jpg,497
c003,urban/009020.jpg,152
c001,urban/009021.jpg,402
c002,urban/009022.jpg,911
c001,urban/009023.jpg,251
c001,urban/009024.jpg,656
c002,urban/009025.jpg,569
c003,urban/009026.jpg,327
c001,urban/009027.jpg,605
c001,urban/009028.jpg,730
c002,urban/009029.jpg,179
c001,urban/009030.jpg,870
c002,urban/009031.jpg,638
c001,urban/009032.jpg,93
c002,urban/009033.jpg,874
c002,urban/009034.jpg,134
c003,urban/009035.jpg,163
c002,urban/009036.jpg,827
c003,urban/009037.jpg,347
c001,urban/009038.jpg,876
c002,urban/009039.jpg,194
c002,urban/009040.jpg,106
c003,urban/009041.jpg,1063
c003,urban/009042.jpg,789
c001,urban/009043.jpg,1071
c003,urban/009044.jpg,139
c003,urban/009045.jpg,199
c003,urban/009046.jpg,195
c002,urban/009047.jpg,898
c001,urban/009048.jpg,66
c001,urban/009049.jpg,675
c003,urban/009050.jpg,550
c002,urban/009051.jpg,88
c002,urban/009052.jpg,535
c002,urban/009053.jpg,343
c002,urban/009054.jpg,549
c002,urban/009055.jpg,274
c003,urban/009056.jpg,712
c003,urban/009057.jpg,289
c001,urban/009058.jpg,960
c003,urban/009059.jpg,346
c002,urban/009060.jpg,628
c001,urban/009061.jpg,53
c003,urban/009062.jpg,96
c002,urban/009063.jpg,487
c003,urban/009064.jpg,49
c003,urban/009065.jpg,973
c001,urban/009066.jpg,318
c002,urban/009067.jpg,754
c002,urban/009068.jpg,631
c001,urban/009069.jpg,267
c003,urban/009070.jpg,1073
c001,urban/009071.jpg,651
c002,urban/009072.jpg,949
c003,urban/009073.jpg,929
c002,urban/009074.jpg,1029
c002,urban/009075.jpg,755
c003,urban/009076.jpg,503
c001,urban/009077.jpg,647
c001,urban/009078.jpg,568
c001,urban/009079.jpg,87
c003,urban/009080.jpg,828
c001,urban/009081.jpg,698
c001,urban/009082.jpg,1003
c003,urban/009083.jpg,102
c003,urban/009084.jpg,775
c002,urban/009085.jpg,843
c003,urban/009086.jpg,955
c003,urban/009087.jpg,526
c003,urban/009088.jpg,748
c002,urban/009089.jpg,655
c003,urban/009090.jpg,321
c001,urban/009091.jpg,112
c003,urban/009092.jpg,283
c003,urban/009093.jpg,776
c001,urban/009094.jpg,546
c003,urban/009095.jpg,631
c001,urban/009096.jpg,20
c003,urban/009097.jpg,1028
c001,urban/009098.jpg,991
c002,urban/009099.jpg,369
c003,urban/009100.jpg,774
c003,urban/009101.jpg,497
c002,urban/009102.jpg,220
c001,urban/009103.jpg,525
c002,urban/009104.jpg,77
c003,urban/009105.jpg,876
c003,urban/009106.jpg,796
c001,urban/009107.jpg,267
c001,urban/009108.jpg,826
c002,urban/009109.jpg,165
c002,urban/009110.jpg,59
c002,urban/009111.jpg,38
c003,urban/009112.jpg,524
c003,urban/009113.jpg,807
c003,urban/009114.jpg,61
c003,urban/009115.jpg,814
c002,urban/009116.jpg,26
c001,urban/009117.jpg,412
c003,urban/009118.jpg,478
c003,urban/009119.jpg,506
c003,urban/009120.jpg,948
c002,urban/009121.jpg,1086
c003,urban/009122.jpg,453
c002,urban/009123.jpg,320
c001,urban/009124.jpg,851
c003,urban/009125.jpg,757
c001,urban/009126.jpg,109
c003,urban/009127.jpg,869
c001,urban/009128.jpg,91
c002,urban/009129.jpg,1025
c002,urban/009130.jpg,905
c001,urban/009131.jpg,1086
c003,urban/009132.jpg,713
c002,urban/009133.jpg,175
c002,urban/009134.jpg,834
c003,urban/009135.jpg,207
c003,urban/009136.jpg,27
c002,urban/009137.jpg,652
c001,urban/009138.jpg,606
c003,urban/009139.jpg,579
c002,urban/009140.jpg,128
c002,urban/009141.jpg,946
c001,urban/009142.jpg,211
c003,urban/009143.jpg,775
c002,urban/009144.jpg,267
c001,urban/009145.jpg,543
c003,urban/009146.jpg,174
c001,urban/009147.jpg,136
c003,urban/009148.jpg,212
c003,urban/009149.jpg,968
c002,urban/009150.jpg,580
c001,urban/009151.jpg,835
c003,urban/009152.jpg,129
c003,urban/009153.jpg,274
c001,urban/009154.jpg,543
c002,urban/009155.jpg,697
c002,urban/009156.jpg,454
c003,urban/009157.jpg,70
c001,urban/009158.jpg,383
c001,urban/009159.jpg,870
c003,urban/009160.jpg,343
c002,urban/009161.jpg,134
c001,urban/009162.jpg,822
c002,urban/009163.jpg,501
c001,urban/009164.jpg,595
c003,urban/009165.jpg,420
c001,urban/009166.jpg,705
c002,urban/009167.jpg,243
c002,urban/009168.jpg,115
c001,urban/009169.jpg,471
c002,urban/009170.jpg,195
c001,urban/009171.jpg,420
c002,urban/009172.jpg,968
c003,urban/009173.jpg,1085
c003,urban/009174.jpg,258
c003,urban/009175.jpg,39
c002,urban/009176.jpg,361
c003,urban/009177.jpg,91
c003,urban/009178.jpg,1090
c003,urban/009179.jpg,813
c001,urban/009180.jpg,1015
c002,urban/009181.jpg,706
c001,urban/009182.jpg,94
c002,urban/009183.jpg,1081
c002,urban/009184.jpg,120
c001,urban/009185.jpg,32
c002,urban/009186.jpg,5
c003,urban/009187.jpg,618
c002,urban/009188.jpg,673
c002,urban/009189.jpg,1043
c001,urban/009190.jpg,1046
c003,urban/009191.jpg,680
c001,urban/009192.jpg,994
c001,urban/009193.jpg,255
c002,urban/009194.jpg,511
c002,urban/009195.jpg,274
c001,urban/009196.jpg,797
c001,urban/009197.jpg,945
c002,urban/009198.jpg,126
c001,urban/009199.jpg,580
c001,urban/009200.jpg,740
c002,urban/009201.jpg,968
c003,urban/009202.jpg,957
c003,urban/009203.jpg,453
c001,urban/009204.jpg,1015
c003,urban/009205.jpg,787
c002,urban/009206.jpg,551
c003,urban/009207.jpg,967
c003,urban/009208.jpg,730
c001,urban/009209.jpg,536
c001,urban/009210.jpg,32
c001,urban/009211.jpg,897
c003,urban/009212.jpg,756
c003,urban/009213.jpg,835
c002,urban/009214.jpg,947
c002,urban/009215.jpg,623
c002,urban/009216.jpg,478
c003,urban/009217.jpg,625
c002,urban/009218.jpg,759
c001,urban/009219.jpg,187
c003,urban/009220.jpg,557
c003,urban/009221.jpg,970
c002,urban/009222.jpg,100
c003,urban/009223.jpg,433
c003,urban/009224.jpg,693
c002,urban/009225.jpg,627
c003,urban/009226.jpg,1020
c001,urban/009227.jpg,171
c001,urban/009228.jpg,169
c001,urban/009229.jpg,930
c003,urban/009230.jpg,30
c002,urban/009231.jpg,219
c002,urban/009232.jpg,901
c002,urban/009233.jpg,991
c003,urban/009234.jpg,974
c003,urban/009235.jpg,655
c001,urban/009236.jpg,301
c002,urban/009237.jpg,310
c002,urban/009238.jpg,381
c001,urban/009239.jpg,470
c002,urban/009240.jpg,550
c002,urban/009241.jpg,880
c001,urban/009242.jpg,363
c003,urban/009243.jpg,586
c002,urban/009244.jpg,221
c002,urban/009245.jpg,523
c001,urban/009246.jpg,671
c002,urban/009247.jpg,160
c001,urban/009248.jpg,636
c001,urban/009249.jpg,381
c002,urban/009250.jpg,32
c001,urban/009251.jpg,771
c003,urban/009252.jpg,628
c001,urban/009253.jpg,1065
c002,urban/009254.jpg,424
c001,urban/009255.jpg,1088
c001,urban/009256.jpg,745
c003,urban/009257.jpg,918
c002,urban/009258.jpg,853
c001,urban/009259.jpg,811
c002,urban/009260.jpg,85
c003,urban/009261.jpg,670
c003,urban/009262.jpg,252
c001,urban/009263.jpg,243
c001,urban/009264.jpg,383
c001,urban/009265.jpg,420
c003,urban/009266.jpg,587
c003,urban/009267.jpg,860
c002,urban/009268.jpg,763
c001,urban/009269.jpg,363
c001,urban/009270.jpg,876
c003,urban/009271.jpg,379
c001,urban/009272.jpg,156
c003,urban/009273.jpg,265
c002,urban/009274.jpg,386
c003,urban/009275.jpg,1028
c003,urban/009276.jpg,309
c002,urban/009277.jpg,613
c001,urban/009278.jpg,39
c001,urban/009279.jpg,499
c001,urban/009280.jpg,42
c003,urban/009281.jpg,975
c001,urban/009282.jpg,56
c001,urban/009283.jpg,623
c003,urban/009284.jpg,945
c001,urban/009285.jpg,698
c003,urban/009286.jpg,843
c001,urban/009287.jpg,410
c002,urban/009288.jpg,23
c003,urban/009289.jpg,385
c003,urban/009290.jpg,499
c001,urban/009291.jpg,277
c001,urban/009292.jpg,749
c003,urban/009293.jpg,1032
c001,urban/009294.jpg,829
c003,urban/009295.jpg,601
c001,urban/009296.jpg,943
c001,urban/009297.jpg,465
c002,urban/009298.jpg,604
c002,urban/009299.jpg,1014
c001,urban/009300.jpg,329
c002,urban/009301.jpg,928
c002,urban/009302.jpg,225
c003,urban/009303.jpg,350
c003,urban/009304.jpg,1066
c002,urban/009305.jpg,725
c003,urban/009306.jpg,801
c003,urban/009307.jpg,51
c001,urban/009308.jpg,774
c003,urban/009309.jpg,361
c002,urban/009310.jpg,424
c001,urban/009311.jpg,227
c003,urban/009312.jpg,880
c003,urban/009313.jpg,901
c003,urban/009314.jpg,495
c001,urban/009315.jpg,825
c001,urban/009316.jpg,27
c002,urban/009317.jpg,781
c001,urban/009318.jpg,62
c003,urban/009319.jpg,579
c002,urban/009320.jpg,184
c002,urban/009321.jpg,1013
c001,urban/009322.jpg,832
c001,urban/009323.jpg,280
c001,urban/009324.jpg,148
c001,urban/009325.jpg,715
c002,urban/009326.jpg,877
c002,urban/009327.jpg,586
c001,urban/009328.jpg,648
c003,urban/009329.jpg,557
c002,urban/009330.jpg,226
c003,urban/009331.jpg,1020
c001,urban/009332.jpg,677
c002,urban/009333.jpg,1011
c001,urban/009334.jpg,856
c001,urban/009335.jpg,201
c001,urban/009336.jpg,57
c001,urban/009337.jpg,1065
c002,urban/009338.jpg,871
c001,urban/009339.jpg,749
c001,urban/009340.jpg,797
c003,urban/009341.jpg,467
c003,urban/009342.jpg,141
c003,urban/009343.jpg,1090
c003,urban/009344.jpg,16
c003,urban/009345.jpg,879
c003,urban/009346.jpg,32
c002,urban/009347.jpg,144
c001,urban/009348.jpg,141
c002,urban/009349.jpg,941
c001,urban/009350.jpg,488
c003,urban/009351.jpg,801
c003,urban/009352.jpg,710
c001,urban/009353.jpg,361
c002,urban/009354.jpg,1041
c003,urban/009355.jpg,823
c002,urban/009356.jpg,152
c001,urban/009357.jpg,600
c001,urban/009358.jpg,135
c002,urban/009359.jpg,816
c003,urban/009360.jpg,188
c003,urban/009361.jpg,62
c001,urban/009362.jpg,271
c003,urban/009363.jpg,298
c001,urban/009364.jpg,595
c002,urban/009365.jpg,144
c003,urban/009366.jpg,58
c002,urban/009367.jpg,541
c003,urban/009368.jpg,27
c002,urban/009369.jpg,227
c003,urban/009370.jpg,207
c001,urban/009371.jpg,230
c003,urban/009372.jpg,930
c002,urban/009373.jpg,40
c001,urban/009374.jpg,774
c002,urban/009375.jpg,308
c001,urban/009376.jpg,890
c003,urban/009377.jpg,379
c003,urban/009378.jpg,158
c002,urban/009379.jpg,481
c002,urban/009380.jpg,940
c001,urban/009381.jpg,304
c002,urban/009382.jpg,436
c001,urban/009383.jpg,385
c002,urban/009384.jpg,791
c003,urban/009385.jpg,465
c001,urban/009386.jpg,612
c002,urban/009387.jpg,420
c003,urban/009388.jpg,238
c003,urban/009389.jpg,523
c002,urban/009390.jpg,869
c002,urban/009391.jpg,215
c003,urban/009392.jpg,1035
c002,urban/009393.jpg,645
c002,urban/009394.jpg,828
c002,urban/009395.jpg,363
c002,urban/009396.jpg,687
c002,urban/009397.jpg,86
c002,urban/009398.jpg,551
c003,urban/009399.jpg,889
c003,urban/009400.jpg,1030
c002,urban/009401.jpg,529
c003,urban/009402.jpg,572
c001,urban/009403.jpg,1081
c001,urban/009404.jpg,489
c001,urban/009405.jpg,945
c002,urban/009406.jpg,815
c002,urban/009407.jpg,133
c003,urban/009408.jpg,438
c001,urban/009409.jpg,952
c001,urban/009410.jpg,345
c001,urban/009411.jpg,1066
c001,urban/009412.jpg,662
c003,urban/009413.jpg,458
c003,urban/009414.jpg,1032
c003,urban/009415.jpg,62
c003,urban/009416.jpg,940
c002,urban/009417.jpg,631
c002,urban/009418.jpg,829
c002,urban/009419.jpg,517
c001,urban/009420.jpg,506
c002,urban/009421.jpg,311
c002,urban/009422.jpg,816
c002,urban/009423.jpg,480
c001,urban/009424.jpg,869
c003,urban/009425.jpg,1022
c003,urban/009426.jpg,605
c002,urban/009427.jpg,744
c001,urban/009428.jpg,886
c002,urban/009429.jpg,1020
c001,urban/009430.jpg,642
c001,urban/009431.jpg,924
c003,urban/009432.jpg,516
c003,urban/009433.jpg,228
c002,urban/009434.jpg,905
c001,urban/009435.jpg,949
c001,urban/009436.jpg,123
c003,urban/009437.jpg,190
c002,urban/009438.jpg,755
c002,urban/009439.jpg,929
c003,urban/009440.jpg,785
c003,urban/009441.jpg,69
c001,urban/009442.jpg,375
c002,urban/009443.jpg,698
c002,urban/009444.jpg,756
c001,urban/009445.jpg,398
c003,urban/009446.jpg,226
c003,urban/009447.jpg,586
c002,urban/009448.jpg,39
c001,urban/009449.jpg,301
c003,urban/009450.jpg,631
c003,urban/009451.jpg,198
c001,urban/009452.jpg,451
c003,urban/009453.jpg,370
c003,urban/009454.jpg,1058
c002,urban/009455.jpg,339
c001,urban/009456.jpg,184
c001,urban/009457.jpg,998
c002,urban/009458.jpg,557
c003,urban/009459.jpg,181
c003,urban/009460.jpg,582
c003,urban/009461.jpg,651
c002,urban/009462.jpg,504
c001,urban/009463.jpg,346
c002,urban/009464.jpg,188
c001,urban/009465.jpg,649
c003,urban/009466.jpg,225
c003,urban/009467.jpg,516
c003,urban/009468.jpg,971
c003,urban/009469.jpg,171
c002,urban/009470.jpg,440
c003,urban/009471.jpg,806
c002,urban/009472.jpg,957
c002,urban/009473.jpg,204
c003,urban/009474.jpg,525
c003,urban/009475.jpg,1005
c003,urban/009476.jpg,662
c001,urban/009477.jpg,274
c001,urban/009478.jpg,955
c001,urban/009479.jpg,676
c001,urban/009480.jpg,336
c001,urban/009481.jpg,408
c001,urban/009482.jpg,438
c002,urban/009483.jpg,247
c001,urban/009484.jpg,175
c001,urban/009485.jpg,290
c003,urban/009486.jpg,67
c003,urban/009487.jpg,656
c003,urban/009488.jpg,124
c003,urban/009489.jpg,137
c002,urban/009490.jpg,551
c001,urban/009491.jpg,983
c003,urban/009492.jpg,165
c001,urban/009493.jpg,832
c002,urban/009494.jpg,680
c001,urban/009495.jpg,264
c001,urban/009496.jpg,180
c003,urban/009497.jpg,106
c003,urban/009498.jpg,501
c003,urban/009499.jpg,796
c003,urban/009500.jpg,705
c003,urban/009501.jpg,796
c002,urban/009502.jpg,1059
c003,urban/009503.jpg,117
c003,urban/009504.jpg,803
c001,urban/009505.jpg,67
c001,urban/009506.jpg,151
c001,urban/009507.jpg,657
c001,urban/009508.jpg,131
c002,urban/009509.jpg,863
c003,urban/009510.jpg,839
c001,urban/009511.jpg,328
c001,urban/009512.jpg,1049
c002,urban/009513.jpg,1086
c002,urban/009514.jpg,838
c002,urban/009515.jpg,116
c003,urban/009516.jpg,287
c001,urban/009517.jpg,658
c003,urban/009518.jpg,638
c003,urban/009519.jpg,622
c003,urban/009520.jpg,134
c003,urban/009521.jpg,67
c002,urban/009522.jpg,885
c001,urban/009523.jpg,84
c001,urban/009524.jpg,699
c002,urban/009525.jpg,258
c001,urban/009526.jpg,203
c002,urban/009527.jpg,739
c003,urban/009528.jpg,561
c003,urban/009529.jpg,78
c003,urban/009530.jpg,760
c001,urban/009531.jpg,613
c001,urban/009532.jpg,797
c001,urban/009533.jpg,998
c001,urban/009534.jpg,76
c001,urban/009535.jpg,562
c001,urban/009536.jpg,117
c002,urban/009537.jpg,712
c003,urban/009538.jpg,56
c002,urban/009539.jpg,452
c003,urban/009540.jpg,269
c002,urban/009541.jpg,334
c001,urban/009542.jpg,537
c003,urban/009543.jpg,1008
c002,urban/009544.jpg,247
c002,urban/009545.jpg,279
c001,urban/009546.jpg,786
c001,urban/009547.jpg,152
c003,urban/009548.jpg,34
c003,urban/009549.jpg,1086
c002,urban/009550.jpg,650
c003,urban/009551.jpg,439
c001,urban/009552.jpg,706
c002,urban/009553.jpg,742
c002,urban/009554.jpg,740
c001,urban/009555.jpg,460
c002,urban/009556.jpg,1029
c002,urban/009557.jpg,826
c003,urban/009558.jpg,440
c001,urban/009559.jpg,864
c003,urban/009560.jpg,1020
c002,urban/009561.jpg,626
c001,urban/009562.jpg,680
c003,urban/009563.jpg,551
c001,urban/009564.jpg,672
c001,urban/009565.jpg,35
c001,urban/009566.jpg,524
c003,urban/009567.jpg,850
c003,urban/009568.jpg,475
c001,urban/009569.jpg,678
c002,urban/009570.jpg,850
c003,urban/009571.jpg,426
c002,urban/009572.jpg,330
c001,urban/009573.jpg,103
c002,urban/009574.jpg,890
c002,urban/009575.jpg,487
c003,urban/009576.jpg,618
c003,urban/009577.jpg,809
c001,urban/009578.jpg,670
c002,urban/009579.jpg,216
c002,urban/009580.jpg,109
c002,urban/009581.jpg,950
c001,urban/009582.jpg,112
c001,urban/009583.jpg,716
c002,urban/009584.jpg,900
c001,urban/009585.jpg,206
c002,urban/009586.jpg,967
c001,urban/009587.jpg,457
c002,urban/009588.jpg,291
c002,urban/009589.jpg,471
c001,urban/009590.jpg,939
c002,urban/009591.jpg,55
c001,urban/009592.jpg,465
c003,urban/009593.jpg,739
c001,urban/009594.jpg,73
c002,urban/009595.jpg,53
c001,urban/009596.jpg,225
c003,urban/009597.jpg,1084
c001,urban/009598.jpg,521
c001,urban/009599.jpg,215
c002,urban/009600.jpg,361
c001,urban/009601.jpg,746
c003,urban/009602.jpg,261
c002,urban/009603.jpg,444
c003,urban/009604.jpg,787
c002,urban/009605.jpg,358
c003,urban/009606.jpg,1090
c001,urban/009607.jpg,787
c002,urban/009608.jpg,776
c003,urban/009609.jpg,437
c003,urban/009610.jpg,125
c003,urban/009611.jpg,411
c003,urban/009612.jpg,934
c003,urban/009613.jpg,1066
c001,urban/009614.jpg,801
c003,urban/009615.jpg,644
c002,urban/009616.jpg,103
c003,urban/009617.jpg,420
c002,urban/009618.jpg,391
c002,urban/009619.jpg,776
c003,urban/009620.jpg,515
c001,urban/009621.jpg,904
c001,urban/009622.jpg,652
c001,urban/009623.jpg,67
c001,urban/009624.jpg,929
c001,urban/009625.jpg,582
c002,urban/009626.jpg,298
c002,urban/009627.jpg,665
c001,urban/009628.jpg,812
c001,urban/009629.jpg,299
c002,urban/009630.jpg,55
c002,urban/009631.jpg,320
c001,urban/009632.jpg,938
c001,urban/009633.jpg,1058
c001,urban/009634.jpg,211
c001,urban/009635.jpg,664
c002,urban/009636.jpg,960
c003,urban/009637.jpg,653
c002,urban/009638.jpg,570
c002,urban/009639.jpg,910
c002,urban/009640.jpg,1086
c001,urban/009641.jpg,307
c001,urban/009642.jpg,569
c001,urban/009643.jpg,835
c003,urban/009644.jpg,960
c001,urban/009645.jpg,438
c003,urban/009646.jpg,349
c001,urban/009647.jpg,142
c002,urban/009648.jpg,881
c003,urban/009649.jpg,651
c002,urban/009650.jpg,460
c002,urban/009651.jpg,863
c003,urban/009652.jpg,664
c003,urban/009653.jpg,903
c003,urban/009654.jpg,617
c003,urban/009655.jpg,595
c003,urban/009656.jpg,787
c002,urban/009657.jpg,323
c003,urban/009658.jpg,582
c001,urban/009659.jpg,397
c001,urban/009660.jpg,560
c001,urban/009661.jpg,579
c003,urban/009662.jpg,823
c003,urban/009663.jpg,874
c001,urban/009664.jpg,498
c002,urban/009665.jpg,314
c003,urban/009666.jpg,423
c002,urban/009667.jpg,933
c002,urban/009668.jpg,979
c003,urban/009669.jpg,1020
c001,urban/009670.jpg,849
c003,urban/009671.jpg,651
c002,urban/009672.jpg,825
c002,urban/009673.jpg,434
c002,urban/009674.jpg,955
c001,urban/009675.jpg,1040
c001,urban/009676.jpg,828
c002,urban/009677.jpg,68
c002,urban/009678.jpg,823
c002,urban/009679.jpg,144
c001,urban/009680.jpg,206
c002,urban/009681.jpg,204
c002,urban/009682.jpg,535
c001,urban/009683.jpg,529
c001,urban/009684.jpg,328
c001,urban/009685.jpg,1014
c003,urban/009686.jpg,495
c003,urban/009687.jpg,961
c003,urban/009688.jpg,662
c002,urban/009689.jpg,805
c002,urban/009690.jpg,673
c003,urban/009691.jpg,30
c003,urban/009692.jpg,73
c001,urban/009693.jpg,50
c001,urban/009694.jpg,411
c002,urban/009695.jpg,1066
c002,urban/009696.jpg,879
c002,urban/009697.jpg,816
c003,urban/009698.jpg,719
c001,urban/009699.jpg,623
c003,urban/009700.jpg,428
c001,urban/009701.jpg,566
c001,urban/009702.jpg,1076
c002,urban/009703.jpg,965
c002,urban/009704.jpg,523
c002,urban/009705.jpg,1050
c003,urban/009706.jpg,383
c003,urban/009707.jpg,892
c002,urban/009708.jpg,381
c001,urban/009709.jpg,935
c001,urban/009710.jpg,981
c001,urban/009711.jpg,408
c001,urban/009712.jpg,491
c002,urban/009713.jpg,46
c002,urban/009714.jpg,378
c002,urban/009715.jpg,186
c001,urban/009716.jpg,1060
c001,urban/009717.jpg,1084
c003,urban/009718.jpg,433
c001,urban/009719.jpg,1069
c002,urban/009720.jpg,564
c002,urban/009721.jpg,1041
c002,urban/009722.jpg,995
c003,urban/009723.jpg,620
c002,urban/009724.jpg,413
c003,urban/009725.jpg,1027
c002,urban/009726.jpg,562
c001,urban/009727.jpg,510
c001,urban/009728.jpg,25
c002,urban/009729.jpg,515
c003,urban/009730.jpg,783
c003,urban/009731.jpg,1046
c002,urban/009732.jpg,733
c003,urban/009733.jpg,99
c001,urban/009734.jpg,14
c003,urban/009735.jpg,522
c003,urban/009736.jpg,1070
c001,urban/009737.jpg,634
c002,urban/009738.jpg,911
c003,urban/009739.jpg,1090
c003,urban/009740.jpg,622
c002,urban/009741.jpg,277
c003,urban/009742.jpg,302
c002,urban/009743.jpg,573
c001,urban/009744.jpg,84
c002,urban/009745.jpg,293
c003,urban/009746.jpg,916
c001,urban/009747.jpg,586
c001,urban/009748.jpg,735
c002,urban/009749.jpg,237
c001,urban/009750.jpg,216
c002,urban/009751.jpg,241
c002,urban/009752.jpg,631
c001,urban/009753.jpg,967
c003,urban/009754.jpg,431
c003,urban/009755.jpg,353
c002,urban/009756.jpg,234
c003,urban/009757.jpg,144
c003,urban/009758.jpg,187
c002,urban/009759.jpg,476
c002,urban/009760.jpg,1038
c002,urban/009761.jpg,1022
c003,urban/009762.jpg,670
c002,urban/009763.jpg,354
c001,urban/009764.jpg,46
c003,urban/009765.jpg,121
c001,urban/009766.jpg,140
c001,urban/009767.jpg,318
c003,urban/009768.jpg,541
c001,urban/009769.jpg,710
c003,urban/009770.jpg,1084
c001,urban/009771.jpg,45
c001,urban/009772.jpg,1090
c001,urban/009773.jpg,846
c002,urban/009774.jpg,402
c003,urban/009775.jpg,763
c001,urban/009776.jpg,1027
c001,urban/009777.jpg,566
c002,urban/009778.jpg,613
c002,urban/009779.jpg,327
c003,urban/009780.jpg,625
c002,urban/009781.jpg,438
c003,urban/009782.jpg,932
c003,urban/009783.jpg,676
c001,urban/009784.jpg,385
c003,urban/009785.jpg,327
c001,urban/009786.jpg,566
c002,urban/009787.jpg,773
c002,urban/009788.jpg,798
c002,urban/009789.jpg,673
c003,urban/009790.jpg,449
c003,urban/009791.jpg,269
c003,urban/009792.jpg,375
c001,urban/009793.jpg,70
c003,urban/009794.jpg,560
c001,urban/009795.jpg,758
c003,urban/009796.jpg,552
c003,urban/009797.jpg,566
c003,urban/009798.jpg,911
c002,urban/009799.jpg,610
c001,urban/009800.jpg,841
c003,urban/009801.jpg,547
c003,urban/009802.jpg,610
c001,urban/009803.jpg,991
c002,urban/009804.jpg,857
c003,urban/009805.jpg,765
c003,urban/009806.jpg,458
c001,urban/009807.jpg,1031
c001,urban/009808.jpg,361
c003,urban/009809.jpg,714
c001,urban/009810.jpg,770
c002,urban/009811.jpg,146
c002,urban/009812.jpg,130
c001,urban/009813.jpg,1066
c002,urban/009814.jpg,525
c002,urban/009815.jpg,188
c001,urban/009816.jpg,664
c003,urban/009817.jpg,1025
c003,urban/009818.jpg,27
c001,urban/009819.jpg,396
c001,urban/009820.jpg,343
c003,urban/009821.jpg,88
c002,urban/009822.jpg,55
c002,urban/009823.jpg,260
c002,urban/009824.jpg,773
c003,urban/009825.jpg,871
c001,urban/009826.jpg,1088
c001,urban/009827.jpg,819
c001,urban/009828.jpg,55
c001,urban/009829.jpg,628
c003,urban/009830.jpg,846
c002,urban/009831.jpg,434
c003,urban/009832.jpg,740
c003,urban/009833.jpg,1079
c002,urban/009834.jpg,315
c002,urban/009835.jpg,1090
c003,urban/009836.jpg,300
c002,urban/009837.jpg,614
c003,urban/009838.jpg,147
c003,urban/009839.jpg,213
c002,urban/009840.jpg,199
c001,urban/009841.jpg,21
c002,urban/009842.jpg,960
c003,urban/009843.jpg,798
c003,urban/009844.jpg,367
c001,urban/009845.jpg,1026
c003,urban/009846.jpg,772
c002,urban/009847.jpg,346
c002,urban/009848.jpg,192
c001,urban/009849.jpg,934
c001,urban/009850.jpg,383
c002,urban/009851.jpg,986
c003,urban/009852.jpg,132
c002,urban/009853.jpg,323
c003,urban/009854.jpg,1051
c003,urban/009855.jpg,154
c002,urban/009856.jpg,541
c003,urban/009857.jpg,111
c003,urban/009858.jpg,809
c001,urban/009859.jpg,279
c001,urban/009860.jpg,115
c003,urban/009861.jpg,73
c003,urban/009862.jpg,1073
c003,urban/009863.jpg,143
c003,urban/009864.jpg,826
c002,urban/009865.jpg,86
c003,urban/009866.jpg,298
c001,urban/009867.jpg,827
c001,urban/009868.jpg,644
c002,urban/009869.jpg,823
c001,urban/009870.jpg,664
c001,urban/009871.jpg,1090
c002,urban/009872.jpg,1027
c001,urban/009873.jpg,579
c002,urban/009874.jpg,20
c003,urban/009875.jpg,933
c001,urban/009876.jpg,755
c003,urban/009877.jpg,266
c002,urban/009878.jpg,871
c003,urban/009879.jpg,308
c002,urban/009880.jpg,528
c003,urban/009881.jpg,692
c003,urban/009882.jpg,1044
c001,urban/009883.jpg,612
c002,urban/009884.jpg,132
c003,urban/009885.jpg,646
c001,urban/009886.jpg,650
c001,urban/009887.jpg,216
c002,urban/009888.jpg,191
c001,urban/009889.jpg,221
c001,urban/009890.jpg,1084
c001,urban/009891.jpg,761
c003,urban/009892.jpg,1075
c003,urban/009893.jpg,175
c001,urban/009894.jpg,812
c002,urban/009895.jpg,981
c001,urban/009896.jpg,650
c001,urban/009897.jpg,670
c003,urban/009898.jpg,284
c001,urban/009899.jpg,582
c002,urban/009900.jpg,30
c001,urban/009901.jpg,136
c002,urban/009902.jpg,934
c003,urban/009903.jpg,994
c003,urban/009904.jpg,256
c001,urban/009905.jpg,592
c002,urban/009906.jpg,434
c002,urban/009907.jpg,1022
c001,urban/009908.jpg,557
c001,urban/009909.jpg,542
c003,urban/009910.jpg,755
c001,urban/009911.jpg,992
c003,urban/009912.jpg,328
c001,urban/009913.jpg,257
c002,urban/009914.jpg,292
c002,urban/009915.jpg,315
c001,urban/009916.jpg,225
c003,urban/009917.jpg,128
c003,urban/009918.jpg,153
c002,urban/009919.jpg,267
c002,urban/009920.jpg,400
c001,urban/009921.jpg,1087
c001,urban/009922.jpg,577
c003,urban/009923.jpg,267
c001,urban/009924.jpg,922
c002,urban/009925.jpg,121
c003,urban/009926.jpg,727
c002,urban/009927.jpg,332
c003,urban/009928.jpg,767
c002,urban/009929.jpg,280
c002,urban/009930.jpg,497
c002,urban/009931.jpg,801
c001,urban/009932.jpg,543
c001,urban/009933.jpg,458
c002,urban/009934.jpg,80
c002,urban/009935.jpg,474
c001,urban/009936.jpg,586
c003,urban/009937.jpg,1039
c003,urban/009938.jpg,127
c003,urban/009939.jpg,250
c001,urban/009940.jpg,370
c001,urban/009941.jpg,485
c002,urban/009942.jpg,55
c002,urban/009943.jpg,1
c003,urban/009944.jpg,714
c002,urban/009945.jpg,925
c001,urban/009946.jpg,129
c003,urban/009947.jpg,1060
c003,urban/009948.jpg,970
c003,urban/009949.jpg,415
c001,urban/009950.jpg,292
c002,urban/009951.jpg,178
c002,urban/009952.jpg,826
c003,urban/009953.jpg,946
c003,urban/009954.jpg,797
c001,urban/009955.jpg,964
c002,urban/009956.jpg,544
c003,urban/009957.jpg,20
c003,urban/009958.jpg,412
c003,urban/009959.jpg,680
c002,urban/009960.jpg,605
c002,urban/009961.jpg,1001
c003,urban/009962.jpg,292
c002,urban/009963.jpg,121
c002,urban/009964.jpg,662
c002,urban/009965.jpg,604
c002,urban/009966.jpg,252
c002,urban/009967.jpg,942
c001,urban/009968.jpg,776
c003,urban/009969.jpg,1087
c002,urban/009970.jpg,271
c003,urban/009971.jpg,165
c001,urban/009972.jpg,574
c001,urban/009973.jpg,611
c003,urban/009974.jpg,78
c003,urban/009975.jpg,796
c002,urban/009976.jpg,672
c001,urban/009977.jpg,234
c002,urban/009978.jpg,876
c003,urban/009979.jpg,8
c002,urban/009980.jpg,663
c003,urban/009981.jpg,923
c002,urban/009982.jpg,877
c001,urban/009983.jpg,762
c002,urban/009984.jpg,948
c002,urban/009985.jpg,1005
c001,urban/009986.jpg,1073
c003,urban/009987.jpg,703
c002,urban/009988.jpg,566
c003,urban/009989.jpg,975
c002,urban/009990.jpg,140
c002,urban/009991.jpg,308
c003,urban/009992.jpg,40
c001,urban/009993.jpg,14
c003,urban/009994.jpg,175
c003,urban/009995.jpg,979
c003,urban/009996.jpg,473
c003,urban/009997.jpg,131
c002,urban/009998.jpg,672
c001,urban/009999.jpg,169
c002,urban/010000.jpg,1085
c001,urban/010001.jpg,389
c002,urban/010002.jpg,377
c002,urban/010003.jpg,497
c003,urban/010004.jpg,1087
c002,urban/010005.jpg,423
c002,urban/010006.jpg,852
c003,urban/010007.jpg,671
c001,urban/010008.jpg,277
c003,urban/010009.jpg,991
c002,urban/010010.jpg,377
c001,urban/010011.jpg,361
c002,urban/010012.jpg,91
c002,urban/010013.jpg,1090
c001,urban/010014.jpg,158
c001,urban/010015.jpg,14
c002,urban/010016.jpg,382
c002,urban/010017.jpg,335
c001,urban/010018.jpg,535
c003,urban/010019.jpg,936
c003,urban/010020.jpg,279
c003,urban/010021.jpg,120
c001,urban/010022.jpg,631
c003,urban/010023.jpg,959
c003,urban/010024.jpg,191
c003,urban/010025.jpg,76
c001,urban/010026.jpg,549
c001,urban/010027.jpg,1027
c001,urban/010028.jpg,543
c003,urban/010029.jpg,823
c003,urban/010030.jpg,649
c003,urban/010031.jpg,737
c003,urban/010032.jpg,561
c003,urban/010033.jpg,875
c003,urban/010034.jpg,348
c001,urban/010035.jpg,631
c002,urban/010036.jpg,525
c002,urban/010037.jpg,415
c001,urban/010038.jpg,999
c001,urban/010039.jpg,724
c002,urban/010040.jpg,582
c003,urban/010041.jpg,931
c001,urban/010042.jpg,889
c001,urban/010043.jpg,68
c002,urban/010044.jpg,969
c003,urban/010045.jpg,325
c002,urban/010046.jpg,1066
c002,urban/010047.jpg,434
c002,urban/010048.jpg,1021
c003,urban/010049.jpg,78
c002,urban/010050.jpg,791
c001,urban/010051.jpg,963
c002,urban/010052.jpg,78
c003,urban/010053.jpg,318
c003,urban/010054.jpg,579
c002,urban/010055.jpg,188
c002,urban/010056.jpg,651
c003,urban/010057.jpg,704
c001,urban/010058.jpg,624
c003,urban/010059.jpg,627
c001,urban/010060.jpg,75
c003,urban/010061.jpg,571
c001,urban/010062.jpg,1004
c002,urban/010063.jpg,254
c003,urban/010064.jpg,808
c003,urban/010065.jpg,976
c001,urban/010066.jpg,651
c003,urban/010067.jpg,109
c001,urban/010068.jpg,428
c002,urban/010069.jpg,241
c002,urban/010070.jpg,946
c002,urban/010071.jpg,771
c001,urban/010072.jpg,929
c002,urban/010073.jpg,1063
c001,urban/010074.jpg,679
c003,urban/010075.jpg,277
c001,urban/010076.jpg,165
c003,urban/010077.jpg,950
c001,urban/010078.jpg,499
c002,urban/010079.jpg,457
c001,urban/010080.jpg,187
c002,urban/010081.jpg,607
c002,urban/010082.jpg,333
c002,urban/010083.jpg,454
c001,urban/010084.jpg,839
c003,urban/010085.jpg,336
c001,urban/010086.jpg,296
c003,urban/010087.jpg,291
c001,urban/010088.jpg,903
c003,urban/010089.jpg,95
c003,urban/010090.jpg,958
c003,urban/010091.jpg,138
c002,urban/010092.jpg,906
c002,urban/010093.jpg,890
c002,urban/010094.jpg,127
c001,urban/010095.jpg,621
c003,urban/010096.jpg,345
c003,urban/010097.jpg,467
c002,urban/010098.jpg,195
c001,urban/010099.jpg,53
c002,urban/010100.jpg,238
c003,urban/010101.jpg,817
c001,urban/010102.jpg,1030
c002,urban/010103.jpg,843
c002,urban/010104.jpg,278
c001,urban/010105.jpg,815
c003,urban/010106.jpg,864
c001,urban/010107.jpg,191
c001,urban/010108.jpg,126
c002,urban/010109.jpg,808
c001,urban/010110.jpg,801
c002,urban/010111.jpg,161
c001,urban/010112.jpg,169
c001,urban/010113.jpg,646
c001,urban/010114.jpg,1008
c002,urban/010115.jpg,329
c003,urban/010116.jpg,427
c001,urban/010117.jpg,690
c002,urban/010118.jpg,750
c002,urban/010119.jpg,891
c003,urban/010120.jpg,650
c003,urban/010121.jpg,517
c001,urban/010122.jpg,746
c002,urban/010123.jpg,26
c001,urban/010124.jpg,22
c002,urban/010125.jpg,439
c001,urban/010126.jpg,46
c003,urban/010127.jpg,246
c002,urban/010128.jpg,662
c002,urban/010129.jpg,431
c003,urban/010130.jpg,261
c002,urban/010131.jpg,1090
c001,urban/010132.jpg,237
c002,urban/010133.jpg,174
c003,urban/010134.jpg,382
c003,urban/010135.jpg,309
c002,urban/010136.jpg,204
c001,urban/010137.jpg,277
c001,urban/010138.jpg,1054
c001,urban/010139.jpg,481
c002,urban/010140.jpg,787
c002,urban/010141.jpg,379
c002,urban/010142.jpg,582
c002,urban/010143.jpg,480
c002,urban/010144.jpg,149
c002,urban/010145.jpg,886
c001,urban/010146.jpg,880
c003,urban/010147.jpg,500
c001,urban/010148.jpg,562
c003,urban/010149.jpg,5
c001,urban/010150.jpg,668
c001,urban/010151.jpg,885
c002,urban/010152.jpg,929
c001,urban/010153.jpg,806
c003,urban/010154.jpg,25
c001,urban/010155.jpg,429
c003,urban/010156.jpg,758
c003,urban/010157.jpg,171
c001,urban/010158.jpg,991
c001,urban/010159.jpg,965
c003,urban/010160.jpg,301
c003,urban/010161.jpg,954
c002,urban/010162.jpg,411
c002,urban/010163.jpg,520
c003,urban/010164.jpg,651
c002,urban/010165.jpg,178
c003,urban/010166.jpg,155
c003,urban/010167.jpg,523
c001,urban/010168.jpg,779
c002,urban/010169.jpg,823
c001,urban/010170.jpg,316
c002,urban/010171.jpg,828
c003,urban/010172.jpg,500
c002,urban/010173.jpg,746
c003,urban/010174.jpg,570
c001,urban/010175.jpg,76
c001,urban/010176.jpg,854
c003,urban/010177.jpg,1072
c003,urban/010178.jpg,965
c001,urban/010179.jpg,18
c003,urban/010180.jpg,752
c002,urban/010181.jpg,267
c001,urban/010182.jpg,707
c002,urban/010183.jpg,501
c001,urban/010184.jpg,395
c001,urban/010185.jpg,1025
c003,urban/010186.jpg,215
c003,urban/010187.jpg,713
c002,urban/010188.jpg,284
c003,urban/010189.jpg,818
c003,urban/010190.jpg,1075
c002,urban/010191.jpg,862
c002,urban/010192.jpg,870
c001,urban/010193.jpg,1020
c001,urban/010194.jpg,380
c001,urban/010195.jpg,597
c001,urban/010196.jpg,415
c002,urban/010197.jpg,541
c001,urban/010198.jpg,946
c001,urban/010199.jpg,280
c001,urban/010200.jpg,850
c001,urban/010201.jpg,460
c001,urban/010202.jpg,678
c002,urban/010203.jpg,747
c003,urban/010204.jpg,51
c003,urban/010205.jpg,169
c002,urban/010206.jpg,558
c001,urban/010207.jpg,775
c002,urban/010208.jpg,871
c001,urban/010209.jpg,230
c001,urban/010210.jpg,863
c001,urban/010211.jpg,407
c003,urban/010212.jpg,677
c001,urban/010213.jpg,217
c003,urban/010214.jpg,964
c003,urban/010215.jpg,440
c003,urban/010216.jpg,391
c003,urban/010217.jpg,801
c001,urban/010218.jpg,165
c001,urban/010219.jpg,397
c002,urban/010220.jpg,291
c003,urban/010221.jpg,698
c003,urban/010222.jpg,752
c001,urban/010223.jpg,747
c002,urban/010224.jpg,831
c002,urban/010225.jpg,954
c002,urban/010226.jpg,568
c002,urban/010227.jpg,1008
c001,urban/010228.jpg,145
c003,urban/010229.jpg,50
c002,urban/010230.jpg,451
c002,urban/010231.jpg,921
c001,urban/010232.jpg,212
c001,urban/010233.jpg,422
c003,urban/010234.jpg,251
c003,urban/010235.jpg,911
c001,urban/010236.jpg,221
c003,urban/010237.jpg,410
c002,urban/010238.jpg,101
c003,urban/010239.jpg,778
c001,urban/010240.jpg,546
c001,urban/010241.jpg,1031
c002,urban/010242.jpg,95
c003,urban/010243.jpg,873
c002,urban/010244.jpg,1068
c003,urban/010245.jpg,159
c002,urban/010246.jpg,491
c003,urban/010247.jpg,500
c003,urban/010248.jpg,436
c003,urban/010249.jpg,150
c003,urban/010250.jpg,500
c001,urban/010251.jpg,445
c002,urban/010252.jpg,518
c003,urban/010253.jpg,141
c002,urban/010254.jpg,121
c003,urban/010255.jpg,20
c002,urban/010256.jpg,803
c002,urban/010257.jpg,274
c002,urban/010258.jpg,221
c001,urban/010259.jpg,26
c001,urban/010260.jpg,586
c003,urban/010261.jpg,1088
c001,urban/010262.jpg,130
c003,urban/010263.jpg,946
c003,urban/010264.jpg,653
c002,urban/010265.jpg,307
c003,urban/010266.jpg,39
c002,urban/010267.jpg,1003
c002,urban/010268.jpg,764
c003,urban/010269.jpg,480
c001,urban/010270.jpg,930
c001,urban/010271.jpg,446
c002,urban/010272.jpg,713
c003,urban/010273.jpg,612
c003,urban/010274.jpg,553
c001,urban/010275.jpg,1061
c003,urban/010276.jpg,100
c003,urban/010277.jpg,486
c003,urban/010278.jpg,300
c001,urban/010279.jpg,293
c003,urban/010280.jpg,738
c003,urban/010281.jpg,873
c002,urban/010282.jpg,662
c001,urban/010283.jpg,262
c001,urban/010284.jpg,610
c002,urban/010285.jpg,957
c003,urban/010286.jpg,849
c001,urban/010287.jpg,91
c001,urban/010288.jpg,310
c001,urban/010289.jpg,354
c002,urban/010290.jpg,51
c003,urban/010291.jpg,967
c003,urban/010292.jpg,585
c001,urban/010293.jpg,948
c002,urban/010294.jpg,386
c003,urban/010295.jpg,160
c001,urban/010296.jpg,549
c002,urban/010297.jpg,774
c003,urban/010298.jpg,422
c002,urban/010299.jpg,250
c002,urban/010300.jpg,643
c001,urban/010301.jpg,420
c002,urban/010302.jpg,191
c001,urban/010303.jpg,647
c001,urban/010304.jpg,282
c003,urban/010305.jpg,559
c002,urban/010306.jpg,965
c003,urban/010307.jpg,3
c001,urban/010308.jpg,157
c003,urban/010309.jpg,702
c001,urban/010310.jpg,573
c001,urban/010311.jpg,718
c003,urban/010312.jpg,849
c003,urban/010313.jpg,863
c002,urban/010314.jpg,971
c001,urban/010315.jpg,505
c002,urban/010316.jpg,525
c001,urban/010317.jpg,929
c002,urban/010318.jpg,163
c002,urban/010319.jpg,557
c001,urban/010320.jpg,251
c002,urban/010321.jpg,328
c002,urban/010322.jpg,1027
c003,urban/010323.jpg,183
c002,urban/010324.jpg,946
c002,urban/010325.jpg,911
c003,urban/010326.jpg,301
c003,urban/010327.jpg,259
c001,urban/010328.jpg,182
c003,urban/010329.jpg,512
c001,urban/010330.jpg,322
c002,urban/010331.jpg,634
c001,urban/010332.jpg,493
c002,urban/010333.jpg,435
c002,urban/010334.jpg,375
c002,urban/010335.jpg,730
c001,urban/010336.jpg,871
c001,urban/010337.jpg,434
c003,urban/010338.jpg,730
c001,urban/010339.jpg,1088
c003,urban/010340.jpg,871
c002,urban/010341.jpg,372
c003,urban/010342.jpg,934
c002,urban/010343.jpg,240
c002,urban/010344.jpg,318
c003,urban/010345.jpg,300
c002,urban/010346.jpg,265
c001,urban/010347.jpg,384
c001,urban/010348.jpg,418
c003,urban/010349.jpg,868
c001,urban/010350.jpg,260
c003,urban/010351.jpg,941
c001,urban/010352.jpg,565
c002,urban/010353.jpg,902
c002,urban/010354.jpg,735
c002,urban/010355.jpg,613
c003,urban/010356.jpg,988
c003,urban/010357.jpg,814
c001,urban/010358.jpg,269
c001,urban/010359.jpg,62
c001,urban/010360.jpg,82
c002,urban/010361.jpg,740
c001,urban/010362.jpg,126
c003,urban/010363.jpg,872
c001,urban/010364.jpg,838
c002,urban/010365.jpg,219
c002,urban/010366.jpg,1041
c002,urban/010367.jpg,643
c001,urban/010368.jpg,1077
c002,urban/010369.jpg,471
c003,urban/010370.jpg,999
c002,urban/010371.jpg,25
c001,urban/010372.jpg,973
c003,urban/010373.jpg,506
c003,urban/010374.jpg,560
c001,urban/010375.jpg,429
c003,urban/010376.jpg,649
c002,urban/010377.jpg,535
c003,urban/010378.jpg,522
c001,urban/010379.jpg,711
c002,urban/010380.jpg,711
c003,urban/010381.jpg,730
c001,urban/010382.jpg,370
c003,urban/010383.jpg,615
c001,urban/010384.jpg,520
c003,urban/010385.jpg,565
c003,urban/010386.jpg,492
c001,urban/010387.jpg,978
c001,urban/010388.jpg,789
c002,urban/010389.jpg,573
c001,urban/010390.jpg,550
c001,urban/010391.jpg,610
c001,urban/010392.jpg,241
c002,urban/010393.jpg,572
c002,urban/010394.jpg,673
c003,urban/010395.jpg,363
c003,urban/010396.jpg,776
c001,urban/010397.jpg,932
c001,urban/010398.jpg,339
c002,urban/010399.jpg,91
c002,urban/010400.jpg,277
c002,urban/010401.jpg,367
c003,urban/010402.jpg,741
c001,urban/010403.jpg,25
c003,urban/010404.jpg,1051
c001,urban/010405.jpg,606
c002,urban/010406.jpg,389
c003,urban/010407.jpg,363
c001,urban/010408.jpg,631
c003,urban/010409.jpg,512
c003,urban/010410.jpg,309
c001,urban/010411.jpg,844
c003,urban/010412.jpg,191
c001,urban/010413.jpg,204
c002,urban/010414.jpg,498
c003,urban/010415.jpg,104
c002,urban/010416.jpg,793
c003,urban/010417.jpg,174
c003,urban/010418.jpg,845
c002,urban/010419.jpg,665
c003,urban/010420.jpg,1066
c002,urban/010421.jpg,724
c002,urban/010422.jpg,258
c003,urban/010423.jpg,587
c001,urban/010424.jpg,181
c003,urban/010425.jpg,849
c002,urban/010426.jpg,175
c003,urban/010427.jpg,549
c003,urban/010428.jpg,351
c002,urban/010429.jpg,494
c001,urban/010430.jpg,1065
c003,urban/010431.jpg,1072
c003,urban/010432.jpg,871
c003,urban/010433.jpg,221
c001,urban/010434.jpg,467
c001,urban/010435.jpg,999
c001,urban/010436.jpg,1086
c002,urban/010437.jpg,259
c001,urban/010438.jpg,744
c002,urban/010439.jpg,334
c001,urban/010440.jpg,352
c002,urban/010441.jpg,426
c001,urban/010442.jpg,235
c002,urban/010443.jpg,775
c002,urban/010444.jpg,533
c001,urban/010445.jpg,759
c001,urban/010446.jpg,27
c003,urban/010447.jpg,793
c002,urban/010448.jpg,1088
c001,urban/010449.jpg,721
c001,urban/010450.jpg,965
c003,urban/010451.jpg,142
c001,urban/010452.jpg,424
c001,urban/010453.jpg,25
c001,urban/010454.jpg,112
c001,urban/010455.jpg,566
c002,urban/010456.jpg,1077
c003,urban/010457.jpg,894
c003,urban/010458.jpg,478
c001,urban/010459.jpg,651
c003,urban/010460.jpg,477
c001,urban/010461.jpg,827
c001,urban/010462.jpg,638
c001,urban/010463.jpg,697
c002,urban/010464.jpg,974
c003,urban/010465.jpg,158
c001,urban/010466.jpg,885
c002,urban/010467.jpg,991
c001,urban/010468.jpg,453
c001,urban/010469.jpg,981
c001,urban/010470.jpg,786
c003,urban/010471.jpg,819
c001,urban/010472.jpg,704
c002,urban/010473.jpg,641
c001,urban/010474.jpg,254
c001,urban/010475.jpg,721
c001,urban/010476.jpg,486
c003,urban/010477.jpg,828
c001,urban/010478.jpg,328
c001,urban/010479.jpg,125
c003,urban/010480.jpg,929
c002,urban/010481.jpg,324
c001,urban/010482.jpg,124
c001,urban/010483.jpg,230
c001,urban/010484.jpg,1013
c003,urban/010485.jpg,605
c001,urban/010486.jpg,815
c003,urban/010487.jpg,940
c003,urban/010488.jpg,211
c003,urban/010489.jpg,981
c003,urban/010490.jpg,1031
c001,urban/010491.jpg,134
c002,urban/010492.jpg,717
c002,urban/010493.jpg,754
c002,urban/010494.jpg,204
c002,urban/010495.jpg,279
c001,urban/010496.jpg,378
c003,urban/010497.jpg,154
c001,urban/010498.jpg,470
c002,urban/010499.jpg,162
c001,urban/010500.jpg,62
c003,urban/010501.jpg,992
c002,urban/010502.jpg,525
c002,urban/010503.jpg,9
c003,urban/010504.jpg,1024
c003,urban/010505.jpg,196
c001,urban/010506.jpg,887
c003,urban/010507.jpg,885
c003,urban/010508.jpg,710
c001,urban/010509.jpg,1085
c001,urban/010510.jpg,27
c003,urban/010511.jpg,577
c001,urban/010512.jpg,106
c001,urban/010513.jpg,774
c003,urban/010514.jpg,164
c003,urban/010515.jpg,137
c003,urban/010516.jpg,890
c002,urban/010517.jpg,469
c001,urban/010518.jpg,161
c003,urban/010519.jpg,521
c002,urban/010520.jpg,948
c001,urban/010521.jpg,1023
c003,urban/010522.jpg,365
c003,urban/010523.jpg,453
c001,urban/010524.jpg,1021
c002,urban/010525.jpg,229
c002,urban/010526.jpg,1005
c003,urban/010527.jpg,487
c001,urban/010528.jpg,181
c003,urban/010529.jpg,212
c001,urban/010530.jpg,623
c002,urban/010531.jpg,1082
c003,urban/010532.jpg,432
c001,urban/010533.jpg,877
c002,urban/010534.jpg,825
c003,urban/010535.jpg,971
c002,urban/010536.jpg,76
c002,urban/010537.jpg,1077
c002,urban/010538.jpg,816
c001,urban/010539.jpg,1057
c003,urban/010540.jpg,204
c001,urban/010541.jpg,596
c001,urban/010542.jpg,990
c002,urban/010543.jpg,807
c003,urban/010544.jpg,206
c002,urban/010545.jpg,301
c002,urban/010546.jpg,903
c003,urban/010547.jpg,213
c002,urban/010548.jpg,1080
c002,urban/010549.jpg,508
c003,urban/010550.jpg,816
c001,urban/010551.jpg,444
c002,urban/010552.jpg,300
c003,urban/010553.jpg,511
c001,urban/010554.jpg,259
c003,urban/010555.jpg,610
c001,urban/010556.jpg,320
c001,urban/010557.jpg,826
c001,urban/010558.jpg,511
c003,urban/010559.jpg,136
c002,urban/010560.jpg,325
c001,urban/010561.jpg,224
c002,urban/010562.jpg,618
c001,urban/010563.jpg,336
c001,urban/010564.jpg,894
c001,urban/010565.jpg,743
c001,urban/010566.jpg,150
c003,urban/010567.jpg,986
c001,urban/010568.jpg,127
c003,urban/010569.jpg,416
c003,urban/010570.jpg,1029
c001,urban/010571.jpg,659
c002,urban/010572.jpg,160
c002,urban/010573.jpg,1066
c003,urban/010574.jpg,72
c002,urban/010575.jpg,836
c002,urban/010576.jpg,819
c002,urban/010577.jpg,521
c001,urban/010578.jpg,920
c002,urban/010579.jpg,424
c003,urban/010580.jpg,251
c003,urban/010581.jpg,903
c002,urban/010582.jpg,699
c001,urban/010583.jpg,178
c003,urban/010584.jpg,529
c002,urban/010585.jpg,77
c001,urban/010586.jpg,236
c001,urban/010587.jpg,1002
c002,urban/010588.jpg,41
c003,urban/010589.jpg,446
c002,urban/010590.jpg,1061
c003,urban/010591.jpg,523
c001,urban/010592.jpg,16
c003,urban/010593.jpg,573
c001,urban/010594.jpg,40
c003,urban/010595.jpg,740
c002,urban/010596.jpg,610
c003,urban/010597.jpg,849
c003,urban/010598.jpg,575
c001,urban/010599.jpg,587
c003,urban/010600.jpg,850
c003,urban/010601.jpg,275
c001,urban/010602.jpg,357
c001,urban/010603.jpg,937
c001,urban/010604.jpg,234
c003,urban/010605.jpg,849
c002,urban/010606.jpg,759
c001,urban/010607.jpg,366
c002,urban/010608.jpg,542
c001,urban/010609.jpg,301
c002,urban/010610.jpg,385
c002,urban/010611.jpg,98
c002,urban/010612.jpg,181
c003,urban/010613.jpg,894
c002,urban/010614.jpg,969
c003,urban/010615.jpg,1004
c003,urban/010616.jpg,164
c002,urban/010617.jpg,828
c001,urban/010618.jpg,738
c001,urban/010619.jpg,397
c002,urban/010620.jpg,153
c003,urban/010621.jpg,102
c001,urban/010622.jpg,874
c003,urban/010623.jpg,565
c003,urban/010624.jpg,39
c001,urban/010625.jpg,477
c002,urban/010626.jpg,816
c001,urban/010627.jpg,761
c001,urban/010628.jpg,726
c002,urban/010629.jpg,403
c002,urban/010630.jpg,797
c003,urban/010631.jpg,1040
c003,urban/010632.jpg,748
c002,urban/010633.jpg,593
c002,urban/010634.jpg,243
c001,urban/010635.jpg,195
c002,urban/010636.jpg,1039
c002,urban/010637.jpg,364
c003,urban/010638.jpg,497
c003,urban/010639.jpg,85
c003,urban/010640.jpg,76
c002,urban/010641.jpg,577
c003,urban/010642.jpg,900
c003,urban/010643.jpg,133
c002,urban/010644.jpg,99
c001,urban/010645.jpg,924
c003,urban/010646.jpg,896
c003,urban/010647.jpg,529
c002,urban/010648.jpg,939
c002,urban/010649.jpg,131
c001,urban/010650.jpg,569
c001,urban/010651.jpg,1018
c003,urban/010652.jpg,890
c001,urban/010653.jpg,1035
c003,urban/010654.jpg,724
c003,urban/010655.jpg,83
c002,urban/010656.jpg,869
c003,urban/010657.jpg,825
c003,urban/010658.jpg,1005
c002,urban/010659.jpg,870
c002,urban/010660.jpg,828
c001,urban/010661.jpg,427
c001,urban/010662.jpg,318
c001,urban/010663.jpg,466
c001,urban/010664.jpg,411
c001,urban/010665.jpg,1090
c003,urban/010666.jpg,458
c002,urban/010667.jpg,1082
c003,urban/010668.jpg,431
c002,urban/010669.jpg,1059
c002,urban/010670.jpg,482
c002,urban/010671.jpg,916
c002,urban/010672.jpg,178
c002,urban/010673.jpg,544
c001,urban/010674.jpg,593
c001,urban/010675.jpg,353
c002,urban/010676.jpg,16
c003,urban/010677.jpg,579
c003,urban/010678.jpg,605
c003,urban/010679.jpg,922
c003,urban/010680.jpg,642
c003,urban/010681.jpg,378
c003,urban/010682.jpg,507
c001,urban/010683.jpg,45
c002,urban/010684.jpg,597
c002,urban/010685.jpg,992
c002,urban/010686.jpg,262
c001,urban/010687.jpg,421
c002,urban/010688.jpg,320
c002,urban/010689.jpg,699
c002,urban/010690.jpg,298
c003,urban/010691.jpg,386
c003,urban/010692.jpg,754
c002,urban/010693.jpg,88
c001,urban/010694.jpg,431
c003,urban/010695.jpg,138
c002,urban/010696.jpg,385
c002,urban/010697.jpg,612
c002,urban/010698.jpg,827
c003,urban/010699.jpg,719
c001,urban/010700.jpg,276
c001,urban/010701.jpg,682
c002,urban/010702.jpg,503
c003,urban/010703.jpg,707
c001,urban/010704.jpg,390
c003,urban/010705.jpg,1029
c001,urban/010706.jpg,11
c002,urban/010707.jpg,916
c003,urban/010708.jpg,258
c002,urban/010709.jpg,353
c002,urban/010710.jpg,911
c002,urban/010711.jpg,1036
c002,urban/010712.jpg,213
c001,urban/010713.jpg,132
c001,urban/010714.jpg,1006
c003,urban/010715.jpg,389
c003,urban/010716.jpg,782
c001,urban/010717.jpg,664
c001,urban/010718.jpg,719
c001,urban/010719.jpg,730
c001,urban/010720.jpg,712
c003,urban/010721.jpg,20
c002,urban/010722.jpg,57
c003,urban/010723.jpg,650
c002,urban/010724.jpg,234
c003,urban/010725.jpg,508
c003,urban/010726.jpg,121
c001,urban/010727.jpg,451
c002,urban/010728.jpg,1033
c001,urban/010729.jpg,212
c001,urban/010730.jpg,719
c001,urban/010731.jpg,650
c001,urban/010732.jpg,999
c003,urban/010733.jpg,807
c003,urban/010734.jpg,857
c002,urban/010735.jpg,631
c002,urban/010736.jpg,345
c001,urban/010737.jpg,641
c001,urban/010738.jpg,548
c003,urban/010739.jpg,590
c002,urban/010740.jpg,222
c003,urban/010741.jpg,1022
c002,urban/010742.jpg,16
c001,urban/010743.jpg,924
c003,urban/010744.jpg,431
c001,urban/010745.jpg,125
c001,urban/010746.jpg,693
c001,urban/010747.jpg,105
c002,urban/010748.jpg,160
c003,urban/010749.jpg,887
c002,urban/010750.jpg,261
c002,urban/010751.jpg,822
c003,urban/010752.jpg,984
c003,urban/010753.jpg,487
c003,urban/010754.jpg,894
c002,urban/010755.jpg,522
c001,urban/010756.jpg,852
c003,urban/010757.jpg,118
c003,urban/010758.jpg,558
c002,urban/010759.jpg,370
c001,urban/010760.jpg,327
c002,urban/010761.jpg,861
c001,urban/010762.jpg,797
c001,urban/010763.jpg,988
c003,urban/010764.jpg,929
c001,urban/010765.jpg,1051
c003,urban/010766.jpg,887
c003,urban/010767.jpg,573
c001,urban/010768.jpg,1078
c001,urban/010769.jpg,266
c002,urban/010770.jpg,552
c001,urban/010771.jpg,697
c001,urban/010772.jpg,398
c003,urban/010773.jpg,312
c003,urban/010774.jpg,85
c003,urban/010775.jpg,1048
c002,urban/010776.jpg,736
c003,urban/010777.jpg,326
c002,urban/010778.jpg,1068
c001,urban/010779.jpg,277
c002,urban/010780.jpg,367
c002,urban/010781.jpg,812
c002,urban/010782.jpg,608
c003,urban/010783.jpg,292
c002,urban/010784.jpg,500
c001,urban/010785.jpg,964
c002,urban/010786.jpg,886
c002,urban/010787.jpg,719
c003,urban/010788.jpg,67
c001,urban/010789.jpg,900
c001,urban/010790.jpg,323
c002,urban/010791.jpg,1026
c003,urban/010792.jpg,796
c002,urban/010793.jpg,365
c002,urban/010794.jpg,919
c003,urban/010795.jpg,497
c001,urban/010796.jpg,560
c003,urban/010797.jpg,474
c003,urban/010798.jpg,734
c003,urban/010799.jpg,408
c001,urban/010800.jpg,255
c001,urban/010801.jpg,443
c001,urban/010802.jpg,426
c003,urban/010803.jpg,810
c002,urban/010804.jpg,562
c001,urban/010805.jpg,691
c003,urban/010806.jpg,259
c001,urban/010807.jpg,770
c001,urban/010808.jpg,874
c001,urban/010809.jpg,194
c001,urban/010810.jpg,936
c003,urban/010811.jpg,1047
c002,urban/010812.jpg,118
c002,urban/010813.jpg,431
c002,urban/010814.jpg,549
c001,urban/010815.jpg,886
c003,urban/010816.jpg,1063
c003,urban/010817.jpg,14
c003,urban/010818.jpg,436
c003,urban/010819.jpg,812
c001,urban/010820.jpg,1086
c002,urban/010821.jpg,1039
c002,urban/010822.jpg,812
c002,urban/010823.jpg,280
c003,urban/010824.jpg,433
c001,urban/010825.jpg,355
c002,urban/010826.jpg,135
c001,urban/010827.jpg,115
c003,urban/010828.jpg,24
c001,urban/010829.jpg,1041
c002,urban/010830.jpg,724
c001,urban/010831.jpg,756
c003,urban/010832.jpg,569
c003,urban/010833.jpg,719
c001,urban/010834.jpg,292
c002,urban/010835.jpg,293
c001,urban/010836.jpg,120
c003,urban/010837.jpg,929
c001,urban/010838.jpg,595
c003,urban/010839.jpg,436
c002,urban/010840.jpg,458
c002,urban/010841.jpg,966
c003,urban/010842.jpg,710
c003,urban/010843.jpg,701
c003,urban/010844.jpg,408
c001,urban/010845.jpg,459
c003,urban/010846.jpg,852
c003,urban/010847.jpg,497
c001,urban/010848.jpg,37
c002,urban/010849.jpg,960
c003,urban/010850.jpg,755
c001,urban/010851.jpg,162
c002,urban/010852.jpg,457
c002,urban/010853.jpg,439
c002,urban/010854.jpg,981
c003,urban/010855.jpg,84
c002,urban/010856.jpg,249
c002,urban/010857.jpg,504
c001,urban/010858.jpg,756
c001,urban/010859.jpg,437
c001,urban/010860.jpg,839
c003,urban/010861.jpg,968
c002,urban/010862.jpg,393
c001,urban/010863.jpg,887
c002,urban/010864.jpg,734
c003,urban/010865.jpg,591
c002,urban/010866.jpg,76
c002,urban/010867.jpg,682
c002,urban/010868.jpg,246
c003,urban/010869.jpg,670
c002,urban/010870.jpg,980
c001,urban/010871.jpg,370
c002,urban/010872.jpg,514
c002,urban/010873.jpg,14
c003,urban/010874.jpg,850
c003,urban/010875.jpg,648
c003,urban/010876.jpg,752
c002,urban/010877.jpg,121
c003,urban/010878.jpg,669
c001,urban/010879.jpg,671
c002,urban/010880.jpg,672
c002,urban/010881.jpg,613
c001,urban/010882.jpg,891
c003,urban/010883.jpg,783
c002,urban/010884.jpg,943
c001,urban/010885.jpg,541
c003,urban/010886.jpg,254
c002,urban/010887.jpg,100
c001,urban/010888.jpg,252
c003,urban/010889.jpg,132
c001,urban/010890.jpg,357
c003,urban/010891.jpg,390
c003,urban/010892.jpg,1005
c001,urban/010893.jpg,827
c002,urban/010894.jpg,1033
c003,urban/010895.jpg,717
c003,urban/010896.jpg,499
c003,urban/010897.jpg,862
c003,urban/010898.jpg,1065
c002,urban/010899.jpg,165
c003,urban/010900.jpg,413
c003,urban/010901.jpg,480
c003,urban/010902.jpg,395
c003,urban/010903.jpg,439
c001,urban/010904.jpg,1000
c002,urban/010905.jpg,562
c001,urban/010906.jpg,1084
c002,urban/010907.jpg,103
c003,urban/010908.jpg,260
c001,urban/010909.jpg,91
c002,urban/010910.jpg,32
c001,urban/010911.jpg,366
c003,urban/010912.jpg,383
c002,urban/010913.jpg,631
c003,urban/010914.jpg,807
c001,urban/010915.jpg,921
c002,urban/010916.jpg,687
c003,urban/010917.jpg,504
c002,urban/010918.jpg,872
c002,urban/010919.jpg,351
c002,urban/010920.jpg,508
c001,urban/010921.jpg,339
c003,urban/010922.jpg,458
c001,urban/010923.jpg,45
c001,urban/010924.jpg,672
c001,urban/010925.jpg,252
c002,urban/010926.jpg,104
c001,urban/010927.jpg,1077
c003,urban/010928.jpg,970
c003,urban/010929.jpg,1005
c001,urban/010930.jpg,943
c002,urban/010931.jpg,623
c001,urban/010932.jpg,970
c001,urban/010933.jpg,1058
c003,urban/010934.jpg,16
c003,urban/010935.jpg,1027
c002,urban/010936.jpg,892
c001,urban/010937.jpg,1054
c003,urban/010938.jpg,889
c001,urban/010939.jpg,907
c002,urban/010940.jpg,625
c002,urban/010941.jpg,495
c001,urban/010942.jpg,77
c001,urban/010943.jpg,572
c003,urban/010944.jpg,362
c001,urban/010945.jpg,470
c002,urban/010946.jpg,386
c001,urban/010947.jpg,172
c002,urban/010948.jpg,245
c001,urban/010949.jpg,196
c002,urban/010950.jpg,32
c003,urban/010951.jpg,953
c002,urban/010952.jpg,907
c001,urban/010953.jpg,968
c002,urban/010954.jpg,1033
c002,urban/010955.jpg,1003
c003,urban/010956.jpg,190
c002,urban/010957.jpg,543
c003,urban/010958.jpg,81
c002,urban/010959.jpg,553
c002,urban/010960.jpg,573
c003,urban/010961.jpg,839
c003,urban/010962.jpg,440
c001,urban/010963.jpg,413
c003,urban/010964.jpg,690
c002,urban/010965.jpg,1059
c002,urban/010966.jpg,357
c001,urban/010967.jpg,258
c001,urban/010968.jpg,985
c002,urban/010969.jpg,216
c001,urban/010970.jpg,226
c002,urban/010971.jpg,211
c001,urban/010972.jpg,465
c002,urban/010973.jpg,52
c003,urban/010974.jpg,666
c002,urban/010975.jpg,862
c001,urban/010976.jpg,386
c001,urban/010977.jpg,634
c001,urban/010978.jpg,1005
c002,urban/010979.jpg,158
c001,urban/010980.jpg,972
c001,urban/010981.jpg,790
c003,urban/010982.jpg,412
c003,urban/010983.jpg,130
c002,urban/010984.jpg,1015
c002,urban/010985.jpg,433
c001,urban/010986.jpg,736
c002,urban/010987.jpg,215
c003,urban/010988.jpg,118
c002,urban/010989.jpg,266
c001,urban/010990.jpg,500
c001,urban/010991.jpg,525
c003,urban/010992.jpg,550
c002,urban/010993.jpg,279
c001,urban/010994.jpg,93
c001,urban/010995.jpg,501
c002,urban/010996.jpg,1066
c003,urban/010997.jpg,269
c001,urban/010998.jpg,693
c002,urban/010999.jpg,569
c003,urban/011000.jpg,40
c003,urban/011001.jpg,1084
c001,urban/011002.jpg,453
c001,urban/011003.jpg,174
c001,urban/011004.jpg,82
c003,urban/011005.jpg,210
c002,urban/011006.jpg,721
c003,urban/011007.jpg,33
c002,urban/011008.jpg,542
c001,urban/011009.jpg,694
c003,urban/011010.jpg,509
c003,urban/011011.jpg,585
c002,urban/011012.jpg,199
c002,urban/011013.jpg,291
c002,urban/011014.jpg,1044
c003,urban/011015.jpg,431
c003,urban/011016.jpg,998
c001,urban/011017.jpg,911
c002,urban/011018.jpg,322
c003,urban/011019.jpg,91
c002,urban/011020.jpg,902
c003,urban/011021.jpg,914
c003,urban/011022.jpg,96
c001,urban/011023.jpg,240
c001,urban/011024.jpg,851
c002,urban/011025.jpg,1078
c003,urban/011026.jpg,345
c002,urban/011027.jpg,307
c002,urban/011028.jpg,851
c002,urban/011029.jpg,572
c001,urban/011030.jpg,957
c001,urban/011031.jpg,869
c001,urban/011032.jpg,411
c002,urban/011033.jpg,472
c001,urban/011034.jpg,141
c001,urban/011035.jpg,228
c002,urban/011036.jpg,1008
c001,urban/011037.jpg,370
c003,urban/011038.jpg,969
c002,urban/011039.jpg,965
c002,urban/011040.jpg,727
c001,urban/011041.jpg,812
c002,urban/011042.jpg,1064
c003,urban/011043.jpg,687
c003,urban/011044.jpg,1064
c002,urban/011045.jpg,548
c002,urban/011046.jpg,734
c001,urban/011047.jpg,156
c001,urban/011048.jpg,1087
c002,urban/011049.jpg,930
c003,urban/011050.jpg,712
c003,urban/011051.jpg,253
c001,urban/011052.jpg,950
c003,urban/011053.jpg,651
c002,urban/011054.jpg,77
c001,urban/011055.jpg,635
c001,urban/011056.jpg,851
c001,urban/011057.jpg,23
c003,urban/011058.jpg,641
c003,urban/011059.jpg,583
c001,urban/011060.jpg,562
c001,urban/011061.jpg,730
c003,urban/011062.jpg,907
c001,urban/011063.jpg,340
c002,urban/011064.jpg,146
c003,urban/011065.jpg,343
c002,urban/011066.jpg,130
c001,urban/011067.jpg,551
c002,urban/011068.jpg,847
c002,urban/011069.jpg,399
c002,urban/011070.jpg,606
c002,urban/011071.jpg,869
c001,urban/011072.jpg,903
c002,urban/011073.jpg,398
c001,urban/011074.jpg,1050
c001,urban/011075.jpg,121
c001,urban/011076.jpg,134
c002,urban/011077.jpg,557
c002,urban/011078.jpg,521
c003,urban/011079.jpg,1027
c001,urban/011080.jpg,789
c003,urban/011081.jpg,354
c001,urban/011082.jpg,188
c001,urban/011083.jpg,698
c003,urban/011084.jpg,421
c002,urban/011085.jpg,701
c002,urban/011086.jpg,318
c001,urban/011087.jpg,428
c001,urban/011088.jpg,63
c002,urban/011089.jpg,665
c002,urban/011090.jpg,418
c001,urban/011091.jpg,1056
c002,urban/011092.jpg,981
c003,urban/011093.jpg,672
c001,urban/011094.jpg,386
c002,urban/011095.jpg,241
c001,urban/011096.jpg,77
c003,urban/011097.jpg,131
c002,urban/011098.jpg,888
c003,urban/011099.jpg,651
c002,urban/011100.jpg,8
c001,urban/011101.jpg,974
c003,urban/011102.jpg,347
c002,urban/011103.jpg,270
c001,urban/011104.jpg,1082
c003,urban/011105.jpg,695
c003,urban/011106.jpg,1029
c003,urban/011107.jpg,1051
c003,urban/011108.jpg,652
c001,urban/011109.jpg,310
c001,urban/011110.jpg,911
c003,urban/011111.jpg,950
c001,urban/011112.jpg,841
c003,urban/011113.jpg,20
c003,urban/011114.jpg,428
c003,urban/011115.jpg,778
c002,urban/011116.jpg,483
c001,urban/011117.jpg,672
c001,urban/011118.jpg,959
c001,urban/011119.jpg,430
c001,urban/011120.jpg,142
c001,urban/011121.jpg,414
c001,urban/011122.jpg,642
c001,urban/011123.jpg,984
c002,urban/011124.jpg,212
c001,urban/011125.jpg,988
c002,urban/011126.jpg,918
c001,urban/011127.jpg,318
c003,urban/011128.jpg,189
c002,urban/011129.jpg,549
c003,urban/011130.jpg,507
c001,urban/011131.jpg,671
c003,urban/011132.jpg,94
c001,urban/011133.jpg,16
c002,urban/011134.jpg,152
c003,urban/011135.jpg,563
c001,urban/011136.jpg,321
c001,urban/011137.jpg,545
c001,urban/011138.jpg,890
c003,urban/011139.jpg,1077
c003,urban/011140.jpg,661
c003,urban/011141.jpg,446
c001,urban/011142.jpg,381
c003,urban/011143.jpg,1022
c002,urban/011144.jpg,342
c002,urban/011145.jpg,240
c001,urban/011146.jpg,384
c001,urban/011147.jpg,1061
c003,urban/011148.jpg,611
c002,urban/011149.jpg,482
c001,urban/011150.jpg,188
c001,urban/011151.jpg,584
c003,urban/011152.jpg,144
c002,urban/011153.jpg,91
c003,urban/011154.jpg,795
c001,urban/011155.jpg,600
c001,urban/011156.jpg,946
c001,urban/011157.jpg,532
c001,urban/011158.jpg,1083
c003,urban/011159.jpg,740
c002,urban/011160.jpg,641
c001,urban/011161.jpg,817
c003,urban/011162.jpg,833
c001,urban/011163.jpg,1081
c003,urban/011164.jpg,264
c001,urban/011165.jpg,853
c003,urban/011166.jpg,525
c002,urban/011167.jpg,538
c002,urban/011168.jpg,264
c003,urban/011169.jpg,728
c001,urban/011170.jpg,282
c002,urban/011171.jpg,149
c001,urban/011172.jpg,264
c002,urban/011173.jpg,1066
c002,urban/011174.jpg,874
c002,urban/011175.jpg,156
c001,uam/000001.jpg,1092
c002,uam/000002.jpg,1093
c002,uam/000003.jpg,1094
c003,uam/000004.jpg,1095
c003,uam/000005.jpg,1096
c004,uam/000006.jpg,1097
c002,uam/000007.jpg,1098
c003,uam/000008.jpg,1099
c004,uam/000009.jpg,1100
c003,uam/000010.jpg,1101
c003,uam/000011.jpg,1102
c001,uam/000012.jpg,1103
c001,uam/000013.jpg,1104
c002,uam/000014.jpg,1105
c003,uam/000015.jpg,1106
c002,uam/000016.jpg,1107
c004,uam/000017.jpg,1108
c001,uam/000018.jpg,1109
c003,uam/000019.jpg,1110
c002,uam/000020.jpg,1111
c002,uam/000021.jpg,1112
c003,uam/000022.jpg,1094
c004,uam/000023.jpg,1113
c003,uam/000024.jpg,1114
c002,uam/000025.jpg,1115
c001,uam/000026.jpg,1116
c001,uam/000027.jpg,1117
c002,uam/000028.jpg,1118
c001,uam/000029.jpg,1119
c003,uam/000030.jpg,1120
c003,uam/000031.jpg,1121
c003,uam/000032.jpg,1122
c004,uam/000033.jpg,1123
c003,uam/000034.jpg,1124
c001,uam/000035.jpg,1125
c003,uam/000036.jpg,1126
c001,uam/000037.jpg,1127
c001,uam/000038.jpg,1094
c003,uam/000039.jpg,1128
c002,uam/000040.jpg,1127
c002,uam/000041.jpg,1129
c003,uam/000042.jpg,1130
c002,uam/000043.jpg,1110
c001,uam/000044.jpg,1131
c002,uam/000045.jpg,1132
c003,uam/000046.jpg,1132
c003,uam/000047.jpg,1133
c004,uam/000048.jpg,1134
c003,uam/000049.jpg,1135
c003,uam/000050.jpg,1136
c003,uam/000051.jpg,1097
c004,uam/000052.jpg,1137
c002,uam/000053.jpg,1122
c002,uam/000054.jpg,1138
c003,uam/000055.jpg,1139
c003,uam/000056.jpg,1140
c001,uam/000057.jpg,1141
c001,uam/000058.jpg,1094
c003,uam/000059.jpg,1142
c001,uam/000060.jpg,1117
c003,uam/000061.jpg,1143
c004,uam/000062.jpg,1144
c003,uam/000063.jpg,1145
c003,uam/000064.jpg,1146
c003,uam/000065.jpg,1147
c001,uam/000066.jpg,1148
c003,uam/000067.jpg,1146
c001,uam/000068.jpg,1149
c003,uam/000069.jpg,1150
c003,uam/000070.jpg,1151
c004,uam/000071.jpg,1152
c001,uam/000072.jpg,1153
c003,uam/000073.jpg,1154
c002,uam/000074.jpg,1155
c003,uam/000075.jpg,1156
c003,uam/000076.jpg,1157
c003,uam/000077.jpg,1158
c002,uam/000078.jpg,1159
c003,uam/000079.jpg,1160
c004,uam/000080.jpg,1146
c004,uam/000081.jpg,1161
c003,uam/000082.jpg,1096
c002,uam/000083.jpg,1118
c003,uam/000084.jpg,1162
c004,uam/000085.jpg,1161
c003,uam/000086.jpg,1115
c002,uam/000087.jpg,1163
c003,uam/000088.jpg,1118
c002,uam/000089.jpg,1164
c003,uam/000090.jpg,1161
c003,uam/000091.jpg,1153
c001,uam/000092.jpg,1115
c003,uam/000093.jpg,1165
c003,uam/000094.jpg,1166
c001,uam/000095.jpg,1167
c003,uam/000096.jpg,1168
c001,uam/000097.jpg,1169
c003,uam/000098.jpg,1112
c003,uam/000099.jpg,1157
c003,uam/000100.jpg,1140
c002,uam/000101.jpg,1170
c001,uam/000102.jpg,1171
c001,uam/000103.jpg,1155
c004,uam/000104.jpg,1172
c004,uam/000105.jpg,1173
c001,uam/000106.jpg,1174
c001,uam/000107.jpg,1175
c003,uam/000108.jpg,1176
c003,uam/000109.jpg,1177
c002,uam/000110.jpg,1178
c003,uam/000111.jpg,1179
c001,uam/000112.jpg,1180
c003,uam/000113.jpg,1181
c003,uam/000114.jpg,1182
c004,uam/000115.jpg,1105
c003,uam/000116.jpg,1183
c001,uam/000117.jpg,1184
c002,uam/000118.jpg,1114
c001,uam/000119.jpg,1127
c002,uam/000120.jpg,1185
c003,uam/000121.jpg,1186
c003,uam/000122.jpg,1146
c003,uam/000123.jpg,1142
c003,uam/000124.jpg,1187
c001,uam/000125.jpg,1188
c001,uam/000126.jpg,1189
c001,uam/000127.jpg,1190
c003,uam/000128.jpg,1183
c003,uam/000129.jpg,1191
c001,uam/000130.jpg,1192
c004,uam/000131.jpg,1193
c001,uam/000132.jpg,1194
c002,uam/000133.jpg,1136
c001,uam/000134.jpg,1195
c003,uam/000135.jpg,1196
c003,uam/000136.jpg,1169
c003,uam/000137.jpg,1197
c003,uam/000138.jpg,1198
c001,uam/000139.jpg,1144
c003,uam/000140.jpg,1136
c002,uam/000141.jpg,1191
c001,uam/000142.jpg,1181
c003,uam/000143.jpg,1199
c003,uam/000144.jpg,1164
c003,uam/000145.jpg,1200
c002,uam/000146.jpg,1201
c001,uam/000147.jpg,1202
c002,uam/000148.jpg,1203
c003,uam/000149.jpg,1204
c001,uam/000150.jpg,1205
c001,uam/000151.jpg,1105
c003,uam/000152.jpg,1206
c003,uam/000153.jpg,1207
c003,uam/000154.jpg,1208
c001,uam/000155.jpg,1209
c003,uam/000156.jpg,1210
c003,uam/000157.jpg,1120
c002,uam/000158.jpg,1099
c002,uam/000159.jpg,1211
c003,uam/000160.jpg,1093
c002,uam/000161.jpg,1212
c002,uam/000162.jpg,1213
c003,uam/000163.jpg,1100
c001,uam/000164.jpg,1094
c003,uam/000165.jpg,1139
c003,uam/000166.jpg,1214
c004,uam/000167.jpg,1215
c002,uam/000168.jpg,1216
c004,uam/000169.jpg,1100
c004,uam/000170.jpg,1217
c003,uam/000171.jpg,1204
c003,uam/000172.jpg,1218
c001,uam/000173.jpg,1219
c002,uam/000174.jpg,1161
c003,uam/000175.jpg,1094
c002,uam/000176.jpg,1220
c003,uam/000177.jpg,1221
c001,uam/000178.jpg,1222
c004,uam/000179.jpg,1161
c003,uam/000180.jpg,1223
c001,uam/000181.jpg,1196
c001,uam/000182.jpg,1224
c003,uam/000183.jpg,1192
c001,uam/000184.jpg,1195
c004,uam/000185.jpg,1225
c003,uam/000186.jpg,1226
c003,uam/000187.jpg,1227
c004,uam/000188.jpg,1228
c003,uam/000189.jpg,1229
c002,uam/000190.jpg,1100
c002,uam/000191.jpg,1100
c001,uam/000192.jpg,1230
c003,uam/000193.jpg,1231
c004,uam/000194.jpg,1178
c004,uam/000195.jpg,1151
c002,uam/000196.jpg,1190
c004,uam/000197.jpg,1232
c001,uam/000198.jpg,1161
c001,uam/000199.jpg,1194
c002,uam/000200.jpg,1233
c004,uam/000201.jpg,1234
c003,uam/000202.jpg,1209
c003,uam/000203.jpg,1165
c002,uam/000204.jpg,1235
c003,uam/000205.jpg,1236
c002,uam/000206.jpg,1237
c003,uam/000207.jpg,1238
c003,uam/000208.jpg,1123
c002,uam/000209.jpg,1239
c001,uam/000210.jpg,1133
c003,uam/000211.jpg,1240
c003,uam/000212.jpg,1241
c001,uam/000213.jpg,1242
c002,uam/000214.jpg,1123
c002,uam/000215.jpg,1243
c003,uam/000216.jpg,1244
c003,uam/000217.jpg,1245
c002,uam/000218.jpg,1219
c003,uam/000219.jpg,1246
c003,uam/000220.jpg,1247
c003,uam/000221.jpg,1117
c001,uam/000222.jpg,1248
c004,uam/000223.jpg,1208
c004,uam/000224.jpg,1249
c002,uam/000225.jpg,1250
c002,uam/000226.jpg,1251
c002,uam/000227.jpg,1252
c002,uam/000228.jpg,1253
c003,uam/000229.jpg,1233
c001,uam/000230.jpg,1254
c003,uam/000231.jpg,1151
c001,uam/000232.jpg,1255
c003,uam/000233.jpg,1256
c001,uam/000234.jpg,1253
c002,uam/000235.jpg,1224
c003,uam/000236.jpg,1257
c002,uam/000237.jpg,1258
c003,uam/000238.jpg,1259
c003,uam/000239.jpg,1244
c003,uam/000240.jpg,1260
c003,uam/000241.jpg,1261
c003,uam/000242.jpg,1262
c004,uam/000243.jpg,1263
c004,uam/000244.jpg,1264
c001,uam/000245.jpg,1114
c003,uam/000246.jpg,1265
c003,uam/000247.jpg,1266
c004,uam/000248.jpg,1100
c002,uam/000249.jpg,1267
c001,uam/000250.jpg,1172
c001,uam/000251.jpg,1228
c003,uam/000252.jpg,1268
c003,uam/000253.jpg,1125
c002,uam/000254.jpg,1269
c004,uam/000255.jpg,1270
c001,uam/000256.jpg,1271
c001,uam/000257.jpg,1094
c002,uam/000258.jpg,1272
c004,uam/000259.jpg,1273
c003,uam/000260.jpg,1274
c003,uam/000261.jpg,1111
c003,uam/000262.jpg,1275
c002,uam/000263.jpg,1118
c001,uam/000264.jpg,1276
c002,uam/000265.jpg,1277
c003,uam/000266.jpg,1278
c002,uam/000267.jpg,1279
c003,uam/000268.jpg,1280
c003,uam/000269.jpg,1281
c002,uam/000270.jpg,1131
c003,uam/000271.jpg,1282
c003,uam/000272.jpg,1283
c003,uam/000273.jpg,1095
c003,uam/000274.jpg,1284
c002,uam/000275.jpg,1200
c003,uam/000276.jpg,1285
c003,uam/000277.jpg,1108
c002,uam/000278.jpg,1286
c002,uam/000279.jpg,1153
c003,uam/000280.jpg,1287
c001,uam/000281.jpg,1288
c003,uam/000282.jpg,1125
c003,uam/000283.jpg,1289
c001,uam/000284.jpg,1146
c001,uam/000285.jpg,1288
c001,uam/000286.jpg,1290
c001,uam/000287.jpg,1109
c002,uam/000288.jpg,1291
c003,uam/000289.jpg,1163
c001,uam/000290.jpg,1127
c002,uam/000291.jpg,1292
c001,uam/000292.jpg,1293
c002,uam/000293.jpg,1287
c003,uam/000294.jpg,1133
c001,uam/000295.jpg,1159
c002,uam/000296.jpg,1131
c004,uam/000297.jpg,1294
c001,uam/000298.jpg,1295
c003,uam/000299.jpg,1296
c001,uam/000300.jpg,1142
c003,uam/000301.jpg,1297
c003,uam/000302.jpg,1247
c002,uam/000303.jpg,1129
c003,uam/000304.jpg,1255
c001,uam/000305.jpg,1133
c002,uam/000306.jpg,1263
c001,uam/000307.jpg,1298
c003,uam/000308.jpg,1103
c003,uam/000309.jpg,1295
c002,uam/000310.jpg,1299
c003,uam/000311.jpg,1245
c003,uam/000312.jpg,1300
c004,uam/000313.jpg,1110
c003,uam/000314.jpg,1150
c002,uam/000315.jpg,1301
c004,uam/000316.jpg,1302
c001,uam/000317.jpg,1271
c002,uam/000318.jpg,1303
c001,uam/000319.jpg,1218
c002,uam/000320.jpg,1304
c003,uam/000321.jpg,1305
c001,uam/000322.jpg,1306
c003,uam/000323.jpg,1307
c001,uam/000324.jpg,1308
c003,uam/000325.jpg,1236
c003,uam/000326.jpg,1269
c002,uam/000327.jpg,1148
c001,uam/000328.jpg,1309
c002,uam/000329.jpg,1119
c001,uam/000330.jpg,1310
c002,uam/000331.jpg,1146
c001,uam/000332.jpg,1311
c002,uam/000333.jpg,1312
c003,uam/000334.jpg,1313
c001,uam/000335.jpg,1225
c003,uam/000336.jpg,1185
c002,uam/000337.jpg,1115
c001,uam/000338.jpg,1314
c003,uam/000339.jpg,1150
c002,uam/000340.jpg,1315
c001,uam/000341.jpg,1185
c003,uam/000342.jpg,1196
c002,uam/000343.jpg,1115
c003,uam/000344.jpg,1316
c003,uam/000345.jpg,1226
c003,uam/000346.jpg,1151
c003,uam/000347.jpg,1317
c003,uam/000348.jpg,1318
c001,uam/000349.jpg,1192
c002,uam/000350.jpg,1319
c001,uam/000351.jpg,1320
c002,uam/000352.jpg,1298
c002,uam/000353.jpg,1232
c004,uam/000354.jpg,1321
c002,uam/000355.jpg,1153
c002,uam/000356.jpg,1310
c001,uam/000357.jpg,1322
c003,uam/000358.jpg,1323
c002,uam/000359.jpg,1246
c002,uam/000360.jpg,1324
c001,uam/000361.jpg,1152
c001,uam/000362.jpg,1135
c003,uam/000363.jpg,1325
c003,uam/000364.jpg,1326
c002,uam/000365.jpg,1327
c002,uam/000366.jpg,1328
c003,uam/000367.jpg,1329
c004,uam/000368.jpg,1330
c004,uam/000369.jpg,1108
c004,uam/000370.jpg,1247
c002,uam/000371.jpg,1331
c001,uam/000372.jpg,1248
c001,uam/000373.jpg,1108
c001,uam/000374.jpg,1332
c002,uam/000375.jpg,1333
c003,uam/000376.jpg,1334
c003,uam/000377.jpg,1106
c001,uam/000378.jpg,1303
c003,uam/000379.jpg,1335
c002,uam/000380.jpg,1133
c002,uam/000381.jpg,1336
c001,uam/000382.jpg,1337
c003,uam/000383.jpg,1227
c001,uam/000384.jpg,1258
c002,uam/000385.jpg,1338
c003,uam/000386.jpg,1339
c003,uam/000387.jpg,1340
c003,uam/000388.jpg,1150
c002,uam/000389.jpg,1288
c001,uam/000390.jpg,1093
c002,uam/000391.jpg,1332
c003,uam/000392.jpg,1341
c003,uam/000393.jpg,1168
c002,uam/000394.jpg,1107
c001,uam/000395.jpg,1112
c003,uam/000396.jpg,1342
c003,uam/000397.jpg,1343
c001,uam/000398.jpg,1344
c002,uam/000399.jpg,1182
c002,uam/000400.jpg,1228
c004,uam/000401.jpg,1345
c003,uam/000402.jpg,1338
c003,uam/000403.jpg,1131
c003,uam/000404.jpg,1093
c003,uam/000405.jpg,1346
c002,uam/000406.jpg,1227
c004,uam/000407.jpg,1123
c003,uam/000408.jpg,1347
c002,uam/000409.jpg,1348
c001,uam/000410.jpg,1349
c003,uam/000411.jpg,1212
c002,uam/000412.jpg,1152
c001,uam/000413.jpg,1215
c001,uam/000414.jpg,1350
c001,uam/000415.jpg,1344
c002,uam/000416.jpg,1142
c003,uam/000417.jpg,1351
c001,uam/000418.jpg,1352
c002,uam/000419.jpg,1353
c001,uam/000420.jpg,1354
c003,uam/000421.jpg,1355
c004,uam/000422.jpg,1134
c003,uam/000423.jpg,1342
c001,uam/000424.jpg,1356
c001,uam/000425.jpg,1097
c002,uam/000426.jpg,1338
c003,uam/000427.jpg,1178
c003,uam/000428.jpg,1357
c004,uam/000429.jpg,1358
c003,uam/000430.jpg,1359
c004,uam/000431.jpg,1152
c002,uam/000432.jpg,1291
c001,uam/000433.jpg,1178
c004,uam/000434.jpg,1300
c003,uam/000435.jpg,1095
c004,uam/000436.jpg,1201
c003,uam/000437.jpg,1135
c003,uam/000438.jpg,1360
c003,uam/000439.jpg,1301
c003,uam/000440.jpg,1194
c003,uam/000441.jpg,1361
c003,uam/000442.jpg,1362
c004,uam/000443.jpg,1361
c001,uam/000444.jpg,1283
c001,uam/000445.jpg,1156
c002,uam/000446.jpg,1172
c001,uam/000447.jpg,1289
c003,uam/000448.jpg,1192
c003,uam/000449.jpg,1363
c003,uam/000450.jpg,1105
c003,uam/000451.jpg,1364
c002,uam/000452.jpg,1208
c001,uam/000453.jpg,1099
c003,uam/000454.jpg,1365
c003,uam/000455.jpg,1140
c002,uam/000456.jpg,1344
c003,uam/000457.jpg,1326
c004,uam/000458.jpg,1366
c003,uam/000459.jpg,1367
c004,uam/000460.jpg,1146
c004,uam/000461.jpg,1176
c002,uam/000462.jpg,1123
c004,uam/000463.jpg,1100
c003,uam/000464.jpg,1262
c003,uam/000465.jpg,1308
c003,uam/000466.jpg,1117
c001,uam/000467.jpg,1097
c001,uam/000468.jpg,1368
c003,uam/000469.jpg,1262
c004,uam/000470.jpg,1141
c002,uam/000471.jpg,1134
c004,uam/000472.jpg,1369
c003,uam/000473.jpg,1196
c003,uam/000474.jpg,1110
c003,uam/000475.jpg,1177
c001,uam/000476.jpg,1285
c001,uam/000477.jpg,1332
c001,uam/000478.jpg,1342
c002,uam/000479.jpg,1370
c001,uam/000480.jpg,1186
c003,uam/000481.jpg,1178
c003,uam/000482.jpg,1371
c004,uam/000483.jpg,1109
c001,uam/000484.jpg,1372
c003,uam/000485.jpg,1373
c001,uam/000486.jpg,1338
c001,uam/000487.jpg,1374
c002,uam/000488.jpg,1257
c002,uam/000489.jpg,1266
c002,uam/000490.jpg,1354
c002,uam/000491.jpg,1375
c001,uam/000492.jpg,1279
c002,uam/000493.jpg,1344
c002,uam/000494.jpg,1310
c002,uam/000495.jpg,1200
c001,uam/000496.jpg,1268
c002,uam/000497.jpg,1212
c002,uam/000498.jpg,1129
c001,uam/000499.jpg,1165
c001,uam/000500.jpg,1376
c004,uam/000501.jpg,1377
c002,uam/000502.jpg,1218
c001,uam/000503.jpg,1378
c002,uam/000504.jpg,1110
c001,uam/000505.jpg,1379
c002,uam/000506.jpg,1161
c001,uam/000507.jpg,1261
c003,uam/000508.jpg,1133
c002,uam/000509.jpg,1117
c001,uam/000510.jpg,1255
c001,uam/000511.jpg,1155
c003,uam/000512.jpg,1380
c001,uam/000513.jpg,1381
c001,uam/000514.jpg,1133
c004,uam/000515.jpg,1288
c003,uam/000516.jpg,1220
c002,uam/000517.jpg,1167
c002,uam/000518.jpg,1382
c001,uam/000519.jpg,1210
c001,uam/000520.jpg,1383
c002,uam/000521.jpg,1329
c003,uam/000522.jpg,1384
c003,uam/000523.jpg,1129
c002,uam/000524.jpg,1141
c002,uam/000525.jpg,1385
c002,uam/000526.jpg,1146
c003,uam/000527.jpg,1123
c002,uam/000528.jpg,1161
c002,uam/000529.jpg,1386
c004,uam/000530.jpg,1288
c002,uam/000531.jpg,1226
c001,uam/000532.jpg,1387
c001,uam/000533.jpg,1332
c002,uam/000534.jpg,1191
c001,uam/000535.jpg,1245
c002,uam/000536.jpg,1275
c002,uam/000537.jpg,1318
c003,uam/000538.jpg,1125
c002,uam/000539.jpg,1217
c003,uam/000540.jpg,1149
c002,uam/000541.jpg,1247
c001,uam/000542.jpg,1388
c003,uam/000543.jpg,1238
c001,uam/000544.jpg,1178
c004,uam/000545.jpg,1094
c003,uam/000546.jpg,1182
c002,uam/000547.jpg,1156
c003,uam/000548.jpg,1367
c002,uam/000549.jpg,1389
c002,uam/000550.jpg,1198
c002,uam/000551.jpg,1123
c003,uam/000552.jpg,1185
c003,uam/000553.jpg,1385
c002,uam/000554.jpg,1284
c003,uam/000555.jpg,1146
c001,uam/000556.jpg,1390
c002,uam/000557.jpg,1113
c003,uam/000558.jpg,1391
c003,uam/000559.jpg,1190
c001,uam/000560.jpg,1392
c001,uam/000561.jpg,1393
c003,uam/000562.jpg,1363
c001,uam/000563.jpg,1211
c002,uam/000564.jpg,1394
c002,uam/000565.jpg,1395
c002,uam/000566.jpg,1235
c002,uam/000567.jpg,1225
c002,uam/000568.jpg,1224
c003,uam/000569.jpg,1153
c001,uam/000570.jpg,1289
c001,uam/000571.jpg,1149
c001,uam/000572.jpg,1288
c002,uam/000573.jpg,1334
c003,uam/000574.jpg,1387
c001,uam/000575.jpg,1201
c003,uam/000576.jpg,1178
c002,uam/000577.jpg,1192
c001,uam/000578.jpg,1396
c004,uam/000579.jpg,1259
c003,uam/000580.jpg,1272
c004,uam/000581.jpg,1397
c001,uam/000582.jpg,1160
c001,uam/000583.jpg,1265
c002,uam/000584.jpg,1255
c001,uam/000585.jpg,1195
c003,uam/000586.jpg,1398
c002,uam/000587.jpg,1228
c003,uam/000588.jpg,1399
c001,uam/000589.jpg,1400
c002,uam/000590.jpg,1401
c001,uam/000591.jpg,1402
c001,uam/000592.jpg,1403
c002,uam/000593.jpg,1344
c002,uam/000594.jpg,1302
c003,uam/000595.jpg,1404
c001,uam/000596.jpg,1254
c002,uam/000597.jpg,1344
c004,uam/000598.jpg,1302
c003,uam/000599.jpg,1203
c002,uam/000600.jpg,1100
c003,uam/000601.jpg,1201
c003,uam/000602.jpg,1405
c002,uam/000603.jpg,1131
c001,uam/000604.jpg,1373
c001,uam/000605.jpg,1343
c004,uam/000606.jpg,1406
c003,uam/000607.jpg,1108
c001,uam/000608.jpg,1407
c001,uam/000609.jpg,1408
c002,uam/000610.jpg,1100
c003,uam/000611.jpg,1409
c003,uam/000612.jpg,1101
c001,uam/000613.jpg,1292
c004,uam/000614.jpg,1282
c003,uam/000615.jpg,1395
c001,uam/000616.jpg,1410
c001,uam/000617.jpg,1336
c003,uam/000618.jpg,1411
c003,uam/000619.jpg,1412
c002,uam/000620.jpg,1255
c001,uam/000621.jpg,1413
c002,uam/000622.jpg,1356
c003,uam/000623.jpg,1207
c001,uam/000624.jpg,1108
c002,uam/000625.jpg,1109
c004,uam/000626.jpg,1248
c002,uam/000627.jpg,1142
c004,uam/000628.jpg,1302
c001,uam/000629.jpg,1207
c003,uam/000630.jpg,1298
c002,uam/000631.jpg,1156
c002,uam/000632.jpg,1267
c003,uam/000633.jpg,1363
c004,uam/000634.jpg,1118
c004,uam/000635.jpg,1414
c002,uam/000636.jpg,1125
c003,uam/000637.jpg,1283
c003,uam/000638.jpg,1415
c001,uam/000639.jpg,1309
c003,uam/000640.jpg,1319
c002,uam/000641.jpg,1416
c002,uam/000642.jpg,1177
c003,uam/000643.jpg,1357
c002,uam/000644.jpg,1362
c003,uam/000645.jpg,1248
c003,uam/000646.jpg,1172
c001,uam/000647.jpg,1417
c001,uam/000648.jpg,1246
c003,uam/000649.jpg,1105
c002,uam/000650.jpg,1382
c002,uam/000651.jpg,1418
c003,uam/000652.jpg,1175
c004,uam/000653.jpg,1419
c003,uam/000654.jpg,1420
c003,uam/000655.jpg,1255
c003,uam/000656.jpg,1412
c001,uam/000657.jpg,1192
c003,uam/000658.jpg,1397
c003,uam/000659.jpg,1421
c003,uam/000660.jpg,1236
c001,uam/000661.jpg,1422
c001,uam/000662.jpg,1272
c003,uam/000663.jpg,1347
c002,uam/000664.jpg,1229
c003,uam/000665.jpg,1126
c001,uam/000666.jpg,1100
c003,uam/000667.jpg,1140
c001,uam/000668.jpg,1423
c001,uam/000669.jpg,1161
c003,uam/000670.jpg,1332
c001,uam/000671.jpg,1424
c003,uam/000672.jpg,1425
c003,uam/000673.jpg,1222
c001,uam/000674.jpg,1307
c004,uam/000675.jpg,1234
c002,uam/000676.jpg,1426
c002,uam/000677.jpg,1363
c001,uam/000678.jpg,1427
c003,uam/000679.jpg,1100
c001,uam/000680.jpg,1358
c002,uam/000681.jpg,1428
c004,uam/000682.jpg,1340
c003,uam/000683.jpg,1405
c002,uam/000684.jpg,1339
c001,uam/000685.jpg,1408
c003,uam/000686.jpg,1201
c003,uam/000687.jpg,1204
c001,uam/000688.jpg,1429
c003,uam/000689.jpg,1250
c001,uam/000690.jpg,1430
c001,uam/000691.jpg,1109
c003,uam/000692.jpg,1118
c002,uam/000693.jpg,1431
c001,uam/000694.jpg,1314
c003,uam/000695.jpg,1126
c004,uam/000696.jpg,1100
c003,uam/000697.jpg,1169
c003,uam/000698.jpg,1337
c001,uam/000699.jpg,1407
c002,uam/000700.jpg,1178
c003,uam/000701.jpg,1119
c002,uam/000702.jpg,1117
c003,uam/000703.jpg,1163
c004,uam/000704.jpg,1144
c002,uam/000705.jpg,1373
c003,uam/000706.jpg,1388
c001,uam/000707.jpg,1220
c002,uam/000708.jpg,1141
c003,uam/000709.jpg,1104
c003,uam/000710.jpg,1174
c004,uam/000711.jpg,1333
c001,uam/000712.jpg,1225
c002,uam/000713.jpg,1110
c001,uam/000714.jpg,1325
c002,uam/000715.jpg,1432
c002,uam/000716.jpg,1426
c004,uam/000717.jpg,1276
c003,uam/000718.jpg,1251
c003,uam/000719.jpg,1258
c001,uam/000720.jpg,1433
c004,uam/000721.jpg,1100
c003,uam/000722.jpg,1128
c004,uam/000723.jpg,1100
c004,uam/000724.jpg,1434
c001,uam/000725.jpg,1201
c004,uam/000726.jpg,1113
c002,uam/000727.jpg,1302
c002,uam/000728.jpg,1237
c001,uam/000729.jpg,1274
c002,uam/000730.jpg,1135
c003,uam/000731.jpg,1160
c003,uam/000732.jpg,1432
c002,uam/000733.jpg,1381
c004,uam/000734.jpg,1435
c002,uam/000735.jpg,1436
c003,uam/000736.jpg,1437
c001,uam/000737.jpg,1213
c001,uam/000738.jpg,1218
c003,uam/000739.jpg,1428
c001,uam/000740.jpg,1426
c004,uam/000741.jpg,1274
c002,uam/000742.jpg,1199
c003,uam/000743.jpg,1279
c003,uam/000744.jpg,1386
c002,uam/000745.jpg,1337
c001,uam/000746.jpg,1213
c001,uam/000747.jpg,1282
c003,uam/000748.jpg,1376
c001,uam/000749.jpg,1429
c003,uam/000750.jpg,1275
c002,uam/000751.jpg,1180
c002,uam/000752.jpg,1362
c002,uam/000753.jpg,1438
c004,uam/000754.jpg,1095
c003,uam/000755.jpg,1153
c003,uam/000756.jpg,1424
c003,uam/000757.jpg,1356
c002,uam/000758.jpg,1439
c002,uam/000759.jpg,1437
c003,uam/000760.jpg,1146
c001,uam/000761.jpg,1247
c001,uam/000762.jpg,1346
c001,uam/000763.jpg,1344
c001,uam/000764.jpg,1382
c003,uam/000765.jpg,1440
c003,uam/000766.jpg,1398
c004,uam/000767.jpg,1234
c004,uam/000768.jpg,1247
c001,uam/000769.jpg,1357
c002,uam/000770.jpg,1335
c002,uam/000771.jpg,1126
c003,uam/000772.jpg,1155
c001,uam/000773.jpg,1441
c002,uam/000774.jpg,1368
c003,uam/000775.jpg,1360
c004,uam/000776.jpg,1141
c001,uam/000777.jpg,1377
c001,uam/000778.jpg,1442
c002,uam/000779.jpg,1321
c004,uam/000780.jpg,1159
c002,uam/000781.jpg,1443
c001,uam/000782.jpg,1406
c001,uam/000783.jpg,1444
c002,uam/000784.jpg,1445
c003,uam/000785.jpg,1425
c002,uam/000786.jpg,1446
c002,uam/000787.jpg,1447
c003,uam/000788.jpg,1237
c003,uam/000789.jpg,1108
c001,uam/000790.jpg,1388
c003,uam/000791.jpg,1294
c003,uam/000792.jpg,1102
c001,uam/000793.jpg,1331
c003,uam/000794.jpg,1254
c003,uam/000795.jpg,1326
c001,uam/000796.jpg,1291
c003,uam/000797.jpg,1448
c003,uam/000798.jpg,1307
c001,uam/000799.jpg,1146
c003,uam/000800.jpg,1449
c003,uam/000801.jpg,1450
c001,uam/000802.jpg,1344
c003,uam/000803.jpg,1442
c001,uam/000804.jpg,1307
c003,uam/000805.jpg,1100
c002,uam/000806.jpg,1261
c001,uam/000807.jpg,1353
c002,uam/000808.jpg,1378
c002,uam/000809.jpg,1345
c003,uam/000810.jpg,1390
c003,uam/000811.jpg,1451
c001,uam/000812.jpg,1363
c003,uam/000813.jpg,1429
c001,uam/000814.jpg,1124
c002,uam/000815.jpg,1294
c001,uam/000816.jpg,1405
c003,uam/000817.jpg,1336
c004,uam/000818.jpg,1118
c004,uam/000819.jpg,1163
c003,uam/000820.jpg,1123
c001,uam/000821.jpg,1402
c002,uam/000822.jpg,1260
c004,uam/000823.jpg,1123
c001,uam/000824.jpg,1305
c001,uam/000825.jpg,1452
c002,uam/000826.jpg,1343
c003,uam/000827.jpg,1453
c001,uam/000828.jpg,1437
c001,uam/000829.jpg,1122
c003,uam/000830.jpg,1454
c003,uam/000831.jpg,1455
c003,uam/000832.jpg,1456
c001,uam/000833.jpg,1455
c004,uam/000834.jpg,1143
c002,uam/000835.jpg,1277
c004,uam/000836.jpg,1172
c002,uam/000837.jpg,1424
c004,uam/000838.jpg,1264
c002,uam/000839.jpg,1161
c001,uam/000840.jpg,1283
c003,uam/000841.jpg,1277
c003,uam/000842.jpg,1457
c004,uam/000843.jpg,1330
c003,uam/000844.jpg,1109
c003,uam/000845.jpg,1195
c004,uam/000846.jpg,1458
c002,uam/000847.jpg,1186
c002,uam/000848.jpg,1408
c003,uam/000849.jpg,1459
c004,uam/000850.jpg,1289
c001,uam/000851.jpg,1190
c003,uam/000852.jpg,1355
c002,uam/000853.jpg,1244
c003,uam/000854.jpg,1097
c001,uam/000855.jpg,1139
c003,uam/000856.jpg,1460
c003,uam/000857.jpg,1195
c003,uam/000858.jpg,1461
c003,uam/000859.jpg,1412
c003,uam/000860.jpg,1311
c001,uam/000861.jpg,1186
c001,uam/000862.jpg,1185
c002,uam/000863.jpg,1404
c003,uam/000864.jpg,1303
c002,uam/000865.jpg,1328
c001,uam/000866.jpg,1462
c002,uam/000867.jpg,1186
c001,uam/000868.jpg,1102
c002,uam/000869.jpg,1107
c003,uam/000870.jpg,1397
c002,uam/000871.jpg,1130
c003,uam/000872.jpg,1463
c003,uam/000873.jpg,1383
c002,uam/000874.jpg,1108
c001,uam/000875.jpg,1399
c003,uam/000876.jpg,1111
c001,uam/000877.jpg,1123
c004,uam/000878.jpg,1151
c004,uam/000879.jpg,1100
c002,uam/000880.jpg,1321
c002,uam/000881.jpg,1192
c003,uam/000882.jpg,1320
c002,uam/000883.jpg,1368
c001,uam/000884.jpg,1400
c004,uam/000885.jpg,1100
c003,uam/000886.jpg,1464
c001,uam/000887.jpg,1254
c001,uam/000888.jpg,1325
c002,uam/000889.jpg,1281
c001,uam/000890.jpg,1269
c003,uam/000891.jpg,1167
c002,uam/000892.jpg,1254
c001,uam/000893.jpg,1465
c003,uam/000894.jpg,1349
c002,uam/000895.jpg,1283
c003,uam/000896.jpg,1316
c002,uam/000897.jpg,1280
c004,uam/000898.jpg,1458
c003,uam/000899.jpg,1259
c003,uam/000900.jpg,1242
c001,uam/000901.jpg,1265
c003,uam/000902.jpg,1123
c001,uam/000903.jpg,1426
c003,uam/000904.jpg,1466
c004,uam/000905.jpg,1467
c003,uam/000906.jpg,1418
c003,uam/000907.jpg,1468
c003,uam/000908.jpg,1354
c003,uam/000909.jpg,1203
c001,uam/000910.jpg,1469
c003,uam/000911.jpg,1188
c003,uam/000912.jpg,1362
c003,uam/000913.jpg,1344
c004,uam/000914.jpg,1377
c003,uam/000915.jpg,1209
c004,uam/000916.jpg,1294
c003,uam/000917.jpg,1364
c004,uam/000918.jpg,1356
c001,uam/000919.jpg,1343
c003,uam/000920.jpg,1112
c001,uam/000921.jpg,1146
c003,uam/000922.jpg,1428
c002,uam/000923.jpg,1318
c003,uam/000924.jpg,1189
c003,uam/000925.jpg,1109
c001,uam/000926.jpg,1470
c003,uam/000927.jpg,1192
c003,uam/000928.jpg,1363
c004,uam/000929.jpg,1100
c001,uam/000930.jpg,1410
c002,uam/000931.jpg,1367
c002,uam/000932.jpg,1342
c001,uam/000933.jpg,1362
c001,uam/000934.jpg,1381
c003,uam/000935.jpg,1127
c001,uam/000936.jpg,1141
c003,uam/000937.jpg,1195
c001,uam/000938.jpg,1206
c002,uam/000939.jpg,1312
c003,uam/000940.jpg,1142
c004,uam/000941.jpg,1382
c002,uam/000942.jpg,1471
c002,uam/000943.jpg,1412
c001,uam/000944.jpg,1442
c004,uam/000945.jpg,1163
c003,uam/000946.jpg,1181
c002,uam/000947.jpg,1340
c002,uam/000948.jpg,1436
c002,uam/000949.jpg,1142
c004,uam/000950.jpg,1279
c004,uam/000951.jpg,1097
c003,uam/000952.jpg,1102
c001,uam/000953.jpg,1208
c002,uam/000954.jpg,1413
c004,uam/000955.jpg,1248
c003,uam/000956.jpg,1408
c003,uam/000957.jpg,1428
c002,uam/000958.jpg,1376
c001,uam/000959.jpg,1200
c002,uam/000960.jpg,1160
c002,uam/000961.jpg,1405
c004,uam/000962.jpg,1405
c004,uam/000963.jpg,1404
c003,uam/000964.jpg,1472
c004,uam/000965.jpg,1473
c003,uam/000966.jpg,1403
c003,uam/000967.jpg,1474
c002,uam/000968.jpg,1391
c002,uam/000969.jpg,1123
c004,uam/000970.jpg,1273
c003,uam/000971.jpg,1453
c002,uam/000972.jpg,1475
c001,uam/000973.jpg,1309
c001,uam/000974.jpg,1121
c003,uam/000975.jpg,1438
c001,uam/000976.jpg,1128
c003,uam/000977.jpg,1142
c001,uam/000978.jpg,1122
c002,uam/000979.jpg,1317
c003,uam/000980.jpg,1153
c002,uam/000981.jpg,1330
c003,uam/000982.jpg,1100
c003,uam/000983.jpg,1476
c003,uam/000984.jpg,1364
c004,uam/000985.jpg,1240
c004,uam/000986.jpg,1376
c001,uam/000987.jpg,1477
c004,uam/000988.jpg,1369
c001,uam/000989.jpg,1267
c003,uam/000990.jpg,1196
c001,uam/000991.jpg,1436
c003,uam/000992.jpg,1209
c001,uam/000993.jpg,1110
c003,uam/000994.jpg,1478
c003,uam/000995.jpg,1440
c001,uam/000996.jpg,1114
c001,uam/000997.jpg,1479
c003,uam/000998.jpg,1121
c001,uam/000999.jpg,1281
c004,uam/001000.jpg,1344
c001,uam/001001.jpg,1141
c001,uam/001002.jpg,1128
c002,uam/001003.jpg,1123
c003,uam/001004.jpg,1241
c003,uam/001005.jpg,1255
c004,uam/001006.jpg,1259
c003,uam/001007.jpg,1450
c003,uam/001008.jpg,1108
c003,uam/001009.jpg,1155
c001,uam/001010.jpg,1365
c002,uam/001011.jpg,1330
c003,uam/001012.jpg,1306
c003,uam/001013.jpg,1456
c001,uam/001014.jpg,1167
c003,uam/001015.jpg,1108
c002,uam/001016.jpg,1239
c003,uam/001017.jpg,1198
c002,uam/001018.jpg,1480
c003,uam/001019.jpg,1410
c002,uam/001020.jpg,1481
c003,uam/001021.jpg,1474
c003,uam/001022.jpg,1472
c003,uam/001023.jpg,1464
c002,uam/001024.jpg,1320
c003,uam/001025.jpg,1323
c003,uam/001026.jpg,1117
c001,uam/001027.jpg,1345
c002,uam/001028.jpg,1197
c002,uam/001029.jpg,1413
c004,uam/001030.jpg,1143
c002,uam/001031.jpg,1306
c001,uam/001032.jpg,1482
c002,uam/001033.jpg,1483
c004,uam/001034.jpg,1208
c001,uam/001035.jpg,1239
c001,uam/001036.jpg,1431
c002,uam/001037.jpg,1110
c003,uam/001038.jpg,1389
c003,uam/001039.jpg,1375
c003,uam/001040.jpg,1321
c003,uam/001041.jpg,1484
c001,uam/001042.jpg,1385
c002,uam/001043.jpg,1166
c004,uam/001044.jpg,1485
c001,uam/001045.jpg,1483
c001,uam/001046.jpg,1362
c003,uam/001047.jpg,1486
c002,uam/001048.jpg,1386
c003,uam/001049.jpg,1340
c002,uam/001050.jpg,1419
c004,uam/001051.jpg,1161
c002,uam/001052.jpg,1109
c002,uam/001053.jpg,1487
c003,uam/001054.jpg,1129
c002,uam/001055.jpg,1488
c003,uam/001056.jpg,1182
c004,uam/001057.jpg,1489
c003,uam/001058.jpg,1319
c002,uam/001059.jpg,1123
c002,uam/001060.jpg,1107
c003,uam/001061.jpg,1428
c002,uam/001062.jpg,1490
c001,uam/001063.jpg,1408
c003,uam/001064.jpg,1467
c002,uam/001065.jpg,1491
c002,uam/001066.jpg,1127
c001,uam/001067.jpg,1413
c001,uam/001068.jpg,1175
c002,uam/001069.jpg,1426
c003,uam/001070.jpg,1153
c003,uam/001071.jpg,1123
c001,uam/001072.jpg,1199
c003,uam/001073.jpg,1153
c003,uam/001074.jpg,1167
c004,uam/001075.jpg,1298
c003,uam/001076.jpg,1492
c003,uam/001077.jpg,1168
c003,uam/001078.jpg,1454
c004,uam/001079.jpg,1292
c001,uam/001080.jpg,1292
c003,uam/001081.jpg,1247
c002,uam/001082.jpg,1201
c002,uam/001083.jpg,1118
c003,uam/001084.jpg,1258
c003,uam/001085.jpg,1107
c003,uam/001086.jpg,1480
c003,uam/001087.jpg,1493
c003,uam/001088.jpg,1288
c003,uam/001089.jpg,1401
c004,uam/001090.jpg,1259
c001,uam/001091.jpg,1382
c003,uam/001092.jpg,1457
c001,uam/001093.jpg,1228
c001,uam/001094.jpg,1383
c004,uam/001095.jpg,1193
c003,uam/001096.jpg,1470
c002,uam/001097.jpg,1494
c001,uam/001098.jpg,1251
c003,uam/001099.jpg,1334
c002,uam/001100.jpg,1279
c002,uam/001101.jpg,1092
c001,uam/001102.jpg,1386
c003,uam/001103.jpg,1198
c001,uam/001104.jpg,1416
c004,uam/001105.jpg,1108
c002,uam/001106.jpg,1397
c003,uam/001107.jpg,1370
c001,uam/001108.jpg,1197
c003,uam/001109.jpg,1129
c004,uam/001110.jpg,1213
c003,uam/001111.jpg,1223
c003,uam/001112.jpg,1139
c002,uam/001113.jpg,1181
c001,uam/001114.jpg,1481
c001,uam/001115.jpg,1263
c001,uam/001116.jpg,1273
c003,uam/001117.jpg,1388
c001,uam/001118.jpg,1259
c001,uam/001119.jpg,1453
c001,uam/001120.jpg,1363
c002,uam/001121.jpg,1391
c001,uam/001122.jpg,1142
c003,uam/001123.jpg,1201
c001,uam/001124.jpg,1495
c003,uam/001125.jpg,1186
c003,uam/001126.jpg,1319
c002,uam/001127.jpg,1123
c003,uam/001128.jpg,1413
c001,uam/001129.jpg,1250
c003,uam/001130.jpg,1496
c002,uam/001131.jpg,1494
c001,uam/001132.jpg,1370
c003,uam/001133.jpg,1167
c001,uam/001134.jpg,1115
c001,uam/001135.jpg,1497
c001,uam/001136.jpg,1231
c001,uam/001137.jpg,1124
c003,uam/001138.jpg,1438
c001,uam/001139.jpg,1159
c001,uam/001140.jpg,1305
c003,uam/001141.jpg,1498
c003,uam/001142.jpg,1225
c002,uam/001143.jpg,1266
c001,uam/001144.jpg,1146
c001,uam/001145.jpg,1099
c004,uam/001146.jpg,1499
c002,uam/001147.jpg,1315
c002,uam/001148.jpg,1186
c001,uam/001149.jpg,1436
c001,uam/001150.jpg,1292
c003,uam/001151.jpg,1149
c001,uam/001152.jpg,1368
c003,uam/001153.jpg,1500
c001,uam/001154.jpg,1309
c003,uam/001155.jpg,1193
c001,uam/001156.jpg,1454
c001,uam/001157.jpg,1107
c002,uam/001158.jpg,1108
c002,uam/001159.jpg,1362
c003,uam/001160.jpg,1501
c001,uam/001161.jpg,1239
c002,uam/001162.jpg,1420
c001,uam/001163.jpg,1156
c002,uam/001164.jpg,1466
c001,uam/001165.jpg,1480
c001,uam/001166.jpg,1457
c001,uam/001167.jpg,1271
c004,uam/001168.jpg,1438
c001,uam/001169.jpg,1238
c002,uam/001170.jpg,1501
c004,uam/001171.jpg,1208
c002,uam/001172.jpg,1295
c001,uam/001173.jpg,1104
c001,uam/001174.jpg,1196
c003,uam/001175.jpg,1315
c001,uam/001176.jpg,1502
c002,uam/001177.jpg,1283
c003,uam/001178.jpg,1191
c002,uam/001179.jpg,1265
c003,uam/001180.jpg,1303
c001,uam/001181.jpg,1421
c001,uam/001182.jpg,1100
c004,uam/001183.jpg,1263
c003,uam/001184.jpg,1294
c002,uam/001185.jpg,1323
c002,uam/001186.jpg,1224
c002,uam/001187.jpg,1454
c001,uam/001188.jpg,1503
c002,uam/001189.jpg,1194
c001,uam/001190.jpg,1419
c002,uam/001191.jpg,1236
c002,uam/001192.jpg,1292
c003,uam/001193.jpg,1194
c002,uam/001194.jpg,1123
c002,uam/001195.jpg,1440
c002,uam/001196.jpg,1215
c001,uam/001197.jpg,1471
c003,uam/001198.jpg,1172
c001,uam/001199.jpg,1452
c003,uam/001200.jpg,1441
c001,uam/001201.jpg,1252
c003,uam/001202.jpg,1460
c001,uam/001203.jpg,1257
c004,uam/001204.jpg,1454
c004,uam/001205.jpg,1310
c001,uam/001206.jpg,1191
c002,uam/001207.jpg,1200
c004,uam/001208.jpg,1108
c003,uam/001209.jpg,1327
c001,uam/001210.jpg,1504
c003,uam/001211.jpg,1263
c003,uam/001212.jpg,1094
c001,uam/001213.jpg,1505
c004,uam/001214.jpg,1240
c001,uam/001215.jpg,1460
c001,uam/001216.jpg,1125
c002,uam/001217.jpg,1140
c003,uam/001218.jpg,1428
c003,uam/001219.jpg,1306
c003,uam/001220.jpg,1506
c003,uam/001221.jpg,1257
c002,uam/001222.jpg,1470
c003,uam/001223.jpg,1507
c001,uam/001224.jpg,1393
c001,uam/001225.jpg,1288
c003,uam/001226.jpg,1135
c003,uam/001227.jpg,1508
c001,uam/001228.jpg,1250
c002,uam/001229.jpg,1123
c001,uam/001230.jpg,1318
c004,uam/001231.jpg,1146
c002,uam/001232.jpg,1509
c001,uam/001233.jpg,1510
c004,uam/001234.jpg,1340
c003,uam/001235.jpg,1292
c003,uam/001236.jpg,1165
c002,uam/001237.jpg,1283
c002,uam/001238.jpg,1367
c002,uam/001239.jpg,1221
c003,uam/001240.jpg,1141
c001,uam/001241.jpg,1435
c001,uam/001242.jpg,1424
c003,uam/001243.jpg,1180
c004,uam/001244.jpg,1459
c003,uam/001245.jpg,1342
c002,uam/001246.jpg,1426
c003,uam/001247.jpg,1482
c003,uam/001248.jpg,1110
c003,uam/001249.jpg,1145
c004,uam/001250.jpg,1255
c002,uam/001251.jpg,1494
c001,uam/001252.jpg,1343
c001,uam/001253.jpg,1125
c003,uam/001254.jpg,1470
c003,uam/001255.jpg,1511
c003,uam/001256.jpg,1439
c002,uam/001257.jpg,1467
c003,uam/001258.jpg,1353
c003,uam/001259.jpg,1343
c003,uam/001260.jpg,1200
c003,uam/001261.jpg,1102
c003,uam/001262.jpg,1225
c001,uam/001263.jpg,1512
c002,uam/001264.jpg,1279
c002,uam/001265.jpg,1218
c003,uam/001266.jpg,1513
c002,uam/001267.jpg,1230
c003,uam/001268.jpg,1094
c001,uam/001269.jpg,1299
c004,uam/001270.jpg,1473
c004,uam/001271.jpg,1287
c003,uam/001272.jpg,1340
c003,uam/001273.jpg,1514
c001,uam/001274.jpg,1100
c003,uam/001275.jpg,1093
c003,uam/001276.jpg,1424
c001,uam/001277.jpg,1141
c001,uam/001278.jpg,1460
c001,uam/001279.jpg,1123
c003,uam/001280.jpg,1292
c003,uam/001281.jpg,1368
c003,uam/001282.jpg,1392
c001,uam/001283.jpg,1428
c001,uam/001284.jpg,1096
c002,uam/001285.jpg,1327
c002,uam/001286.jpg,1100
c002,uam/001287.jpg,1451
c001,uam/001288.jpg,1394
c002,uam/001289.jpg,1099
c003,uam/001290.jpg,1344
c001,uam/001291.jpg,1151
c003,uam/001292.jpg,1145
c003,uam/001293.jpg,1174
c002,uam/001294.jpg,1415
c001,uam/001295.jpg,1354
c003,uam/001296.jpg,1110
c002,uam/001297.jpg,1208
c003,uam/001298.jpg,1311
c002,uam/001299.jpg,1132
c002,uam/001300.jpg,1297
c002,uam/001301.jpg,1515
c003,uam/001302.jpg,1207
c003,uam/001303.jpg,1286
c003,uam/001304.jpg,1344
c001,uam/001305.jpg,1378
c003,uam/001306.jpg,1483
c004,uam/001307.jpg,1516
c002,uam/001308.jpg,1292
c002,uam/001309.jpg,1123
c003,uam/001310.jpg,1327
c001,uam/001311.jpg,1325
c003,uam/001312.jpg,1517
c002,uam/001313.jpg,1379
c004,uam/001314.jpg,1167
c004,uam/001315.jpg,1100
c003,uam/001316.jpg,1423
c002,uam/001317.jpg,1446
c001,uam/001318.jpg,1229
c003,uam/001319.jpg,1127
c003,uam/001320.jpg,1518
c004,uam/001321.jpg,1172
c002,uam/001322.jpg,1371
c003,uam/001323.jpg,1103
c001,uam/001324.jpg,1274
c001,uam/001325.jpg,1426
c001,uam/001326.jpg,1203
c001,uam/001327.jpg,1415
c002,uam/001328.jpg,1124
c003,uam/001329.jpg,1239
c003,uam/001330.jpg,1196
c001,uam/001331.jpg,1515
c001,uam/001332.jpg,1519
c001,uam/001333.jpg,1173
c003,uam/001334.jpg,1250
c002,uam/001335.jpg,1325
c003,uam/001336.jpg,1464
c004,uam/001337.jpg,1414
c001,uam/001338.jpg,1325
c004,uam/001339.jpg,1193
c002,uam/001340.jpg,1287
c001,uam/001341.jpg,1277
c003,uam/001342.jpg,1123
c001,uam/001343.jpg,1412
c001,uam/001344.jpg,1141
c001,uam/001345.jpg,1356
c003,uam/001346.jpg,1472
c001,uam/001347.jpg,1213
c002,uam/001348.jpg,1155
c003,uam/001349.jpg,1218
c003,uam/001350.jpg,1393
c003,uam/001351.jpg,1481
c003,uam/001352.jpg,1223
c002,uam/001353.jpg,1396
c002,uam/001354.jpg,1228
c004,uam/001355.jpg,1352
c003,uam/001356.jpg,1284
c002,uam/001357.jpg,1098
c002,uam/001358.jpg,1215
c003,uam/001359.jpg,1117
c004,uam/001360.jpg,1148
c003,uam/001361.jpg,1342
c002,uam/001362.jpg,1311
c003,uam/001363.jpg,1180
c004,uam/001364.jpg,1131
c002,uam/001365.jpg,1117
c001,uam/001366.jpg,1422
c001,uam/001367.jpg,1151
c003,uam/001368.jpg,1305
c001,uam/001369.jpg,1131
c002,uam/001370.jpg,1332
c004,uam/001371.jpg,1193
c003,uam/001372.jpg,1267
c002,uam/001373.jpg,1332
c004,uam/001374.jpg,1095
c001,uam/001375.jpg,1170
c004,uam/001376.jpg,1520
c002,uam/001377.jpg,1141
c004,uam/001378.jpg,1133
c003,uam/001379.jpg,1477
c002,uam/001380.jpg,1123
c003,uam/001381.jpg,1438
c003,uam/001382.jpg,1242
c003,uam/001383.jpg,1438
c003,uam/001384.jpg,1492
c003,uam/001385.jpg,1416
c002,uam/001386.jpg,1244
c002,uam/001387.jpg,1119
c003,uam/001388.jpg,1303
c003,uam/001389.jpg,1252
c004,uam/001390.jpg,1141
c003,uam/001391.jpg,1264
c003,uam/001392.jpg,1375
c001,uam/001393.jpg,1146
c001,uam/001394.jpg,1406
c003,uam/001395.jpg,1383
c003,uam/001396.jpg,1485
c003,uam/001397.jpg,1519
c001,uam/001398.jpg,1161
c001,uam/001399.jpg,1196
c003,uam/001400.jpg,1105
c003,uam/001401.jpg,1470
c003,uam/001402.jpg,1521
c002,uam/001403.jpg,1100
c003,uam/001404.jpg,1310
c002,uam/001405.jpg,1425
c003,uam/001406.jpg,1491
c001,uam/001407.jpg,1426
c002,uam/001408.jpg,1177
c003,uam/001409.jpg,1452
c002,uam/001410.jpg,1395
c002,uam/001411.jpg,1464
c003,uam/001412.jpg,1154
c003,uam/001413.jpg,1219
c001,uam/001414.jpg,1201
c001,uam/001415.jpg,1335
c004,uam/001416.jpg,1167
c003,uam/001417.jpg,1129
c002,uam/001418.jpg,1151
c004,uam/001419.jpg,1167
c001,uam/001420.jpg,1161
c004,uam/001421.jpg,1344
c001,uam/001422.jpg,1229
c002,uam/001423.jpg,1495
c003,uam/001424.jpg,1370
c002,uam/001425.jpg,1201
c001,uam/001426.jpg,1515
c003,uam/001427.jpg,1389
c002,uam/001428.jpg,1470
c003,uam/001429.jpg,1152
c003,uam/001430.jpg,1522
c003,uam/001431.jpg,1447
c001,uam/001432.jpg,1504
c002,uam/001433.jpg,1368
c002,uam/001434.jpg,1305
c001,uam/001435.jpg,1294
c001,uam/001436.jpg,1356
c003,uam/001437.jpg,1168
c003,uam/001438.jpg,1268
c003,uam/001439.jpg,1375
c002,uam/001440.jpg,1421
c004,uam/001441.jpg,1344
c002,uam/001442.jpg,1344
c003,uam/001443.jpg,1523
c003,uam/001444.jpg,1363
c004,uam/001445.jpg,1292
c003,uam/001446.jpg,1496
c003,uam/001447.jpg,1305
c002,uam/001448.jpg,1477
c003,uam/001449.jpg,1205
c002,uam/001450.jpg,1255
c004,uam/001451.jpg,1524
c002,uam/001452.jpg,1427
c001,uam/001453.jpg,1164
c002,uam/001454.jpg,1192
c001,uam/001455.jpg,1445
c003,uam/001456.jpg,1403
c004,uam/001457.jpg,1293
c002,uam/001458.jpg,1362
c002,uam/001459.jpg,1167
c003,uam/001460.jpg,1343
c002,uam/001461.jpg,1127
c001,uam/001462.jpg,1481
c002,uam/001463.jpg,1335
c001,uam/001464.jpg,1108
c003,uam/001465.jpg,1403
c001,uam/001466.jpg,1123
c003,uam/001467.jpg,1246
c001,uam/001468.jpg,1364
c002,uam/001469.jpg,1170
c002,uam/001470.jpg,1505
c003,uam/001471.jpg,1329
c001,uam/001472.jpg,1108
c001,uam/001473.jpg,1202
c002,uam/001474.jpg,1525
c003,uam/001475.jpg,1430
c001,uam/001476.jpg,1126
c003,uam/001477.jpg,1209
c004,uam/001478.jpg,1163
c002,uam/001479.jpg,1156
c001,uam/001480.jpg,1269
c002,uam/001481.jpg,1153
c003,uam/001482.jpg,1182
c003,uam/001483.jpg,1289
c004,uam/001484.jpg,1208
c003,uam/001485.jpg,1344
c002,uam/001486.jpg,1375
c001,uam/001487.jpg,1380
c004,uam/001488.jpg,1526
c003,uam/001489.jpg,1527
c001,uam/001490.jpg,1497
c001,uam/001491.jpg,1331
c003,uam/001492.jpg,1161
c001,uam/001493.jpg,1178
c001,uam/001494.jpg,1274
c001,uam/001495.jpg,1229
c002,uam/001496.jpg,1140
c001,uam/001497.jpg,1208
c003,uam/001498.jpg,1250
c002,uam/001499.jpg,1220
c001,uam/001500.jpg,1438
c001,uam/001501.jpg,1283
c003,uam/001502.jpg,1327
c003,uam/001503.jpg,1108
c003,uam/001504.jpg,1316
c001,uam/001505.jpg,1141
c004,uam/001506.jpg,1167
c003,uam/001507.jpg,1391
c002,uam/001508.jpg,1528
c002,uam/001509.jpg,1123
c003,uam/001510.jpg,1412
c003,uam/001511.jpg,1328
c002,uam/001512.jpg,1437
c002,uam/001513.jpg,1108
c003,uam/001514.jpg,1142
c001,uam/001515.jpg,1119
c003,uam/001516.jpg,1364
c003,uam/001517.jpg,1448
c004,uam/001518.jpg,1161
c003,uam/001519.jpg,1484
c003,uam/001520.jpg,1493
c002,uam/001521.jpg,1141
c003,uam/001522.jpg,1233
c002,uam/001523.jpg,1338
c003,uam/001524.jpg,1123
c001,uam/001525.jpg,1273
c003,uam/001526.jpg,1247
c001,uam/001527.jpg,1225
c001,uam/001528.jpg,1294
c002,uam/001529.jpg,1416
c003,uam/001530.jpg,1239
c003,uam/001531.jpg,1228
c002,uam/001532.jpg,1213
c004,uam/001533.jpg,1100
c001,uam/001534.jpg,1259
c001,uam/001535.jpg,1342
c002,uam/001536.jpg,1404
c002,uam/001537.jpg,1208
c001,uam/001538.jpg,1122
c001,uam/001539.jpg,1118
c003,uam/001540.jpg,1362
c002,uam/001541.jpg,1226
c003,uam/001542.jpg,1274
c003,uam/001543.jpg,1236
c001,uam/001544.jpg,1312
c003,uam/001545.jpg,1320
c001,uam/001546.jpg,1246
c003,uam/001547.jpg,1149
c002,uam/001548.jpg,1182
c002,uam/001549.jpg,1422
c003,uam/001550.jpg,1267
c001,uam/001551.jpg,1248
c002,uam/001552.jpg,1118
c003,uam/001553.jpg,1529
c003,uam/001554.jpg,1320
c002,uam/001555.jpg,1530
c001,uam/001556.jpg,1464
c004,uam/001557.jpg,1279
c002,uam/001558.jpg,1341
c003,uam/001559.jpg,1316
c002,uam/001560.jpg,1125
c001,uam/001561.jpg,1232
c001,uam/001562.jpg,1465
c002,uam/001563.jpg,1485
c004,uam/001564.jpg,1333
c003,uam/001565.jpg,1095
c002,uam/001566.jpg,1309
c003,uam/001567.jpg,1196
c004,uam/001568.jpg,1141
c002,uam/001569.jpg,1480
c001,uam/001570.jpg,1300
c001,uam/001571.jpg,1391
c003,uam/001572.jpg,1281
c004,uam/001573.jpg,1333
c002,uam/001574.jpg,1229
c002,uam/001575.jpg,1392
c004,uam/001576.jpg,1259
c002,uam/001577.jpg,1478
c001,uam/001578.jpg,1196
c003,uam/001579.jpg,1464
c003,uam/001580.jpg,1197
c004,uam/001581.jpg,1195
c001,uam/001582.jpg,1197
c001,uam/001583.jpg,1301
c001,uam/001584.jpg,1305
c003,uam/001585.jpg,1313
c002,uam/001586.jpg,1388
c001,uam/001587.jpg,1286
c004,uam/001588.jpg,1489
c003,uam/001589.jpg,1126
c003,uam/001590.jpg,1244
c001,uam/001591.jpg,1318
c002,uam/001592.jpg,1196
c003,uam/001593.jpg,1109
c002,uam/001594.jpg,1106
c002,uam/001595.jpg,1161
c001,uam/001596.jpg,1208
c001,uam/001597.jpg,1118
c003,uam/001598.jpg,1325
c004,uam/001599.jpg,1169
c003,uam/001600.jpg,1531
c003,uam/001601.jpg,1255
c001,uam/001602.jpg,1525
c002,uam/001603.jpg,1349
c004,uam/001604.jpg,1100
c003,uam/001605.jpg,1483
c003,uam/001606.jpg,1416
c004,uam/001607.jpg,1141
c002,uam/001608.jpg,1094
c003,uam/001609.jpg,1133
c002,uam/001610.jpg,1288
c002,uam/001611.jpg,1344
c002,uam/001612.jpg,1127
c002,uam/001613.jpg,1454
c002,uam/001614.jpg,1163
c003,uam/001615.jpg,1532
c003,uam/001616.jpg,1319
c002,uam/001617.jpg,1389
c001,uam/001618.jpg,1126
c003,uam/001619.jpg,1533
c002,uam/001620.jpg,1534
c001,uam/001621.jpg,1212
c002,uam/001622.jpg,1421
c004,uam/001623.jpg,1161
c003,uam/001624.jpg,1170
c001,uam/001625.jpg,1140
c003,uam/001626.jpg,1433
c003,uam/001627.jpg,1339
c002,uam/001628.jpg,1456
c003,uam/001629.jpg,1461
c002,uam/001630.jpg,1505
c002,uam/001631.jpg,1444
c003,uam/001632.jpg,1320
c001,uam/001633.jpg,1208
c003,uam/001634.jpg,1320
c004,uam/001635.jpg,1369
c001,uam/001636.jpg,1193
c001,uam/001637.jpg,1501
c003,uam/001638.jpg,1441
c003,uam/001639.jpg,1199
c004,uam/001640.jpg,1527
c004,uam/001641.jpg,1422
c003,uam/001642.jpg,1197
c001,uam/001643.jpg,1466
c002,uam/001644.jpg,1326
c003,uam/001645.jpg,1167
c001,uam/001646.jpg,1161
c003,uam/001647.jpg,1186
c003,uam/001648.jpg,1269
c001,uam/001649.jpg,1262
c001,uam/001650.jpg,1528
c003,uam/001651.jpg,1163
c002,uam/001652.jpg,1255
c004,uam/001653.jpg,1210
c004,uam/001654.jpg,1318
c002,uam/001655.jpg,1320
c002,uam/001656.jpg,1535
c002,uam/001657.jpg,1458
c003,uam/001658.jpg,1354
c003,uam/001659.jpg,1165
c003,uam/001660.jpg,1218
c002,uam/001661.jpg,1235
c001,uam/001662.jpg,1470
c002,uam/001663.jpg,1323
c001,uam/001664.jpg,1316
c003,uam/001665.jpg,1478
c002,uam/001666.jpg,1146
c001,uam/001667.jpg,1288
c002,uam/001668.jpg,1481
c001,uam/001669.jpg,1437
c001,uam/001670.jpg,1344
c004,uam/001671.jpg,1137
c002,uam/001672.jpg,1487
c002,uam/001673.jpg,1432
c001,uam/001674.jpg,1524
c003,uam/001675.jpg,1126
c001,uam/001676.jpg,1297
c001,uam/001677.jpg,1093
c003,uam/001678.jpg,1308
c001,uam/001679.jpg,1366
c001,uam/001680.jpg,1391
c001,uam/001681.jpg,1481
c001,uam/001682.jpg,1513
c003,uam/001683.jpg,1221
c002,uam/001684.jpg,1487
c002,uam/001685.jpg,1312
c001,uam/001686.jpg,1463
c003,uam/001687.jpg,1344
c004,uam/001688.jpg,1100
c003,uam/001689.jpg,1116
c001,uam/001690.jpg,1534
c004,uam/001691.jpg,1501
c004,uam/001692.jpg,1159
c003,uam/001693.jpg,1289
c003,uam/001694.jpg,1413
c003,uam/001695.jpg,1536
c002,uam/001696.jpg,1157
c004,uam/001697.jpg,1333
c001,uam/001698.jpg,1118
c003,uam/001699.jpg,1371
c003,uam/001700.jpg,1382
c002,uam/001701.jpg,1306
c003,uam/001702.jpg,1468
c003,uam/001703.jpg,1275
c004,uam/001704.jpg,1525
c001,uam/001705.jpg,1314
c002,uam/001706.jpg,1340
c003,uam/001707.jpg,1106
c003,uam/001708.jpg,1405
c001,uam/001709.jpg,1360
c003,uam/001710.jpg,1209
c003,uam/001711.jpg,1209
c003,uam/001712.jpg,1113
c004,uam/001713.jpg,1302
c002,uam/001714.jpg,1430
c004,uam/001715.jpg,1344
c003,uam/001716.jpg,1146
c004,uam/001717.jpg,1520
c003,uam/001718.jpg,1472
c003,uam/001719.jpg,1306
c001,uam/001720.jpg,1201
c003,uam/001721.jpg,1344
c003,uam/001722.jpg,1276
c003,uam/001723.jpg,1127
c002,uam/001724.jpg,1537
c002,uam/001725.jpg,1322
c004,uam/001726.jpg,1132
c003,uam/001727.jpg,1213
c002,uam/001728.jpg,1175
c002,uam/001729.jpg,1426
c002,uam/001730.jpg,1209
c003,uam/001731.jpg,1410
c001,uam/001732.jpg,1538
c001,uam/001733.jpg,1149
c003,uam/001734.jpg,1539
c001,uam/001735.jpg,1146
c002,uam/001736.jpg,1169
c003,uam/001737.jpg,1171
c003,uam/001738.jpg,1255
c003,uam/001739.jpg,1516
c001,uam/001740.jpg,1294
c001,uam/001741.jpg,1376
c001,uam/001742.jpg,1244
c004,uam/001743.jpg,1338
c001,uam/001744.jpg,1233
c003,uam/001745.jpg,1307
c002,uam/001746.jpg,1169
c001,uam/001747.jpg,1344
c004,uam/001748.jpg,1484
c001,uam/001749.jpg,1530
c001,uam/001750.jpg,1235
c001,uam/001751.jpg,1110
c002,uam/001752.jpg,1268
c002,uam/001753.jpg,1392
c003,uam/001754.jpg,1158
c002,uam/001755.jpg,1408
c004,uam/001756.jpg,1167
c001,uam/001757.jpg,1488
c003,uam/001758.jpg,1180
c003,uam/001759.jpg,1108
c002,uam/001760.jpg,1458
c002,uam/001761.jpg,1392
c003,uam/001762.jpg,1095
c004,uam/001763.jpg,1249
c002,uam/001764.jpg,1206
c003,uam/001765.jpg,1401
c001,uam/001766.jpg,1234
c002,uam/001767.jpg,1467
c002,uam/001768.jpg,1189
c001,uam/001769.jpg,1217
c003,uam/001770.jpg,1165
c001,uam/001771.jpg,1208
c001,uam/001772.jpg,1409
c002,uam/001773.jpg,1363
c002,uam/001774.jpg,1206
c004,uam/001775.jpg,1369
c002,uam/001776.jpg,1416
c002,uam/001777.jpg,1455
c001,uam/001778.jpg,1388
c001,uam/001779.jpg,1140
c002,uam/001780.jpg,1208
c001,uam/001781.jpg,1215
c001,uam/001782.jpg,1385
c004,uam/001783.jpg,1208
c002,uam/001784.jpg,1094
c002,uam/001785.jpg,1459
c003,uam/001786.jpg,1262
c004,uam/001787.jpg,1501
c003,uam/001788.jpg,1254
c002,uam/001789.jpg,1502
c003,uam/001790.jpg,1167
c003,uam/001791.jpg,1216
c003,uam/001792.jpg,1273
c002,uam/001793.jpg,1520
c003,uam/001794.jpg,1397
c004,uam/001795.jpg,1247
c003,uam/001796.jpg,1306
c001,uam/001797.jpg,1446
c002,uam/001798.jpg,1100
c004,uam/001799.jpg,1299
c003,uam/001800.jpg,1299
c002,uam/001801.jpg,1340
c001,uam/001802.jpg,1540
c002,uam/001803.jpg,1134
c002,uam/001804.jpg,1217
c002,uam/001805.jpg,1112
c004,uam/001806.jpg,1123
c003,uam/001807.jpg,1212
c001,uam/001808.jpg,1512
c001,uam/001809.jpg,1182
c002,uam/001810.jpg,1541
c003,uam/001811.jpg,1392
c002,uam/001812.jpg,1118
c003,uam/001813.jpg,1092
c003,uam/001814.jpg,1420
c001,uam/001815.jpg,1542
c003,uam/001816.jpg,1289
c003,uam/001817.jpg,1290
c003,uam/001818.jpg,1145
c001,uam/001819.jpg,1523
c003,uam/001820.jpg,1447
c003,uam/001821.jpg,1268
c002,uam/001822.jpg,1255
c003,uam/001823.jpg,1324
c001,uam/001824.jpg,1123
c001,uam/001825.jpg,1209
c004,uam/001826.jpg,1288
c003,uam/001827.jpg,1282
c002,uam/001828.jpg,1092
c003,uam/001829.jpg,1201
c002,uam/001830.jpg,1094
c001,uam/001831.jpg,1204
c002,uam/001832.jpg,1146
c003,uam/001833.jpg,1505
c001,uam/001834.jpg,1153
c004,uam/001835.jpg,1163
c002,uam/001836.jpg,1115
c004,uam/001837.jpg,1469
c003,uam/001838.jpg,1484
c002,uam/001839.jpg,1159
c003,uam/001840.jpg,1227
c001,uam/001841.jpg,1543
c001,uam/001842.jpg,1321
c003,uam/001843.jpg,1469
c004,uam/001844.jpg,1100
c003,uam/001845.jpg,1186
c002,uam/001846.jpg,1523
c001,uam/001847.jpg,1254
c003,uam/001848.jpg,1302
c003,uam/001849.jpg,1187
c004,uam/001850.jpg,1110
c004,uam/001851.jpg,1254
c003,uam/001852.jpg,1436
c003,uam/001853.jpg,1270
c003,uam/001854.jpg,1237
c003,uam/001855.jpg,1523
c001,uam/001856.jpg,1146
c003,uam/001857.jpg,1307
c004,uam/001858.jpg,1163
c001,uam/001859.jpg,1117
c001,uam/001860.jpg,1501
c002,uam/001861.jpg,1133
c003,uam/001862.jpg,1440
c004,uam/001863.jpg,1162
c003,uam/001864.jpg,1395
c001,uam/001865.jpg,1116
c002,uam/001866.jpg,1505
c003,uam/001867.jpg,1413
c001,uam/001868.jpg,1159
c003,uam/001869.jpg,1095
c002,uam/001870.jpg,1457
c003,uam/001871.jpg,1177
c003,uam/001872.jpg,1302
c003,uam/001873.jpg,1496
c001,uam/001874.jpg,1134
c001,uam/001875.jpg,1533
c004,uam/001876.jpg,1114
c003,uam/001877.jpg,1475
c003,uam/001878.jpg,1417
c003,uam/001879.jpg,1200
c002,uam/001880.jpg,1421
c001,uam/001881.jpg,1141
c002,uam/001882.jpg,1533
c004,uam/001883.jpg,1118
c001,uam/001884.jpg,1225
c003,uam/001885.jpg,1198
c004,uam/001886.jpg,1458
c003,uam/001887.jpg,1360
c002,uam/001888.jpg,1175
c001,uam/001889.jpg,1544
c003,uam/001890.jpg,1107
c004,uam/001891.jpg,1100
c003,uam/001892.jpg,1106
c003,uam/001893.jpg,1254
c003,uam/001894.jpg,1374
c001,uam/001895.jpg,1429
c001,uam/001896.jpg,1141
c003,uam/001897.jpg,1375
c003,uam/001898.jpg,1312
c001,uam/001899.jpg,1187
c003,uam/001900.jpg,1511
c002,uam/001901.jpg,1291
c004,uam/001902.jpg,1159
c001,uam/001903.jpg,1340
c002,uam/001904.jpg,1171
c003,uam/001905.jpg,1110
c003,uam/001906.jpg,1504
c003,uam/001907.jpg,1144
c002,uam/001908.jpg,1100
c001,uam/001909.jpg,1123
c001,uam/001910.jpg,1508
c003,uam/001911.jpg,1241
c001,uam/001912.jpg,1518
c002,uam/001913.jpg,1123
c003,uam/001914.jpg,1268
c001,uam/001915.jpg,1389
c003,uam/001916.jpg,1525
c003,uam/001917.jpg,1131
c003,uam/001918.jpg,1146
c003,uam/001919.jpg,1419
c003,uam/001920.jpg,1176
c003,uam/001921.jpg,1188
c003,uam/001922.jpg,1100
c002,uam/001923.jpg,1123
c002,uam/001924.jpg,1317
c002,uam/001925.jpg,1225
c003,uam/001926.jpg,1542
c002,uam/001927.jpg,1209
c003,uam/001928.jpg,1344
c004,uam/001929.jpg,1151
c003,uam/001930.jpg,1128
c003,uam/001931.jpg,1541
c001,uam/001932.jpg,1545
c003,uam/001933.jpg,1394
c001,uam/001934.jpg,1336
c001,uam/001935.jpg,1304
c003,uam/001936.jpg,1344
c003,uam/001937.jpg,1169
c003,uam/001938.jpg,1160
c002,uam/001939.jpg,1117
c003,uam/001940.jpg,1149
c003,uam/001941.jpg,1258
c001,uam/001942.jpg,1252
c003,uam/001943.jpg,1096
c004,uam/001944.jpg,1100
c003,uam/001945.jpg,1546
c001,uam/001946.jpg,1291
c002,uam/001947.jpg,1210
c003,uam/001948.jpg,1108
c002,uam/001949.jpg,1118
c004,uam/001950.jpg,1454
c002,uam/001951.jpg,1464
c003,uam/001952.jpg,1139
c002,uam/001953.jpg,1262
c001,uam/001954.jpg,1247
c003,uam/001955.jpg,1121
c001,uam/001956.jpg,1208
c001,uam/001957.jpg,1379
c003,uam/001958.jpg,1158
c002,uam/001959.jpg,1467
c003,uam/001960.jpg,1178
c003,uam/001961.jpg,1383
c001,uam/001962.jpg,1256
c001,uam/001963.jpg,1340
c002,uam/001964.jpg,1431
c002,uam/001965.jpg,1292
c003,uam/001966.jpg,1195
c001,uam/001967.jpg,1161
c003,uam/001968.jpg,1344
c003,uam/001969.jpg,1339
c001,uam/001970.jpg,1393
c001,uam/001971.jpg,1537
c001,uam/001972.jpg,1100
c003,uam/001973.jpg,1512
c002,uam/001974.jpg,1293
c003,uam/001975.jpg,1370
c004,uam/001976.jpg,1310
c002,uam/001977.jpg,1135
c004,uam/001978.jpg,1288
c002,uam/001979.jpg,1332
c001,uam/001980.jpg,1442
c004,uam/001981.jpg,1202
c003,uam/001982.jpg,1421
c002,uam/001983.jpg,1437
c003,uam/001984.jpg,1118
c004,uam/001985.jpg,1304
c003,uam/001986.jpg,1444
c003,uam/001987.jpg,1255
c003,uam/001988.jpg,1164
c003,uam/001989.jpg,1294
c002,uam/001990.jpg,1129
c001,uam/001991.jpg,1260
c002,uam/001992.jpg,1166
c002,uam/001993.jpg,1170
c001,uam/001994.jpg,1495
c001,uam/001995.jpg,1546
c001,uam/001996.jpg,1287
c001,uam/001997.jpg,1431
c003,uam/001998.jpg,1295
c002,uam/001999.jpg,1409
c003,uam/002000.jpg,1167
c001,uam/002001.jpg,1426
c003,uam/002002.jpg,1464
c004,uam/002003.jpg,1137
c003,uam/002004.jpg,1302
c001,uam/002005.jpg,1275
c003,uam/002006.jpg,1250
c002,uam/002007.jpg,1346
c004,uam/002008.jpg,1105
c001,uam/002009.jpg,1484
c003,uam/002010.jpg,1360
c002,uam/002011.jpg,1198
c003,uam/002012.jpg,1153
c002,uam/002013.jpg,1128
c001,uam/002014.jpg,1114
c003,uam/002015.jpg,1172
c004,uam/002016.jpg,1397
c004,uam/002017.jpg,1288
c003,uam/002018.jpg,1208
c001,uam/002019.jpg,1390
c001,uam/002020.jpg,1499
c001,uam/002021.jpg,1263
c002,uam/002022.jpg,1306
c001,uam/002023.jpg,1232
c001,uam/002024.jpg,1155
c004,uam/002025.jpg,1254
c002,uam/002026.jpg,1547
c003,uam/002027.jpg,1383
c002,uam/002028.jpg,1255
c004,uam/002029.jpg,1167
c004,uam/002030.jpg,1291
c002,uam/002031.jpg,1192
c001,uam/002032.jpg,1201
c003,uam/002033.jpg,1108
c004,uam/002034.jpg,1131
c002,uam/002035.jpg,1176
c001,uam/002036.jpg,1112
c003,uam/002037.jpg,1344
c004,uam/002038.jpg,1172
c002,uam/002039.jpg,1340
c001,uam/002040.jpg,1210
c001,uam/002041.jpg,1231
c001,uam/002042.jpg,1123
c001,uam/002043.jpg,1132
c003,uam/002044.jpg,1258
c001,uam/002045.jpg,1110
c003,uam/002046.jpg,1359
c001,uam/002047.jpg,1395
c002,uam/002048.jpg,1111
c001,uam/002049.jpg,1404
c001,uam/002050.jpg,1474
c004,uam/002051.jpg,1159
c003,uam/002052.jpg,1216
c002,uam/002053.jpg,1209
c001,uam/002054.jpg,1225
c001,uam/002055.jpg,1421
c002,uam/002056.jpg,1159
c002,uam/002057.jpg,1108
c003,uam/002058.jpg,1548
c002,uam/002059.jpg,1424
c004,uam/002060.jpg,1526
c003,uam/002061.jpg,1205
c001,uam/002062.jpg,1101
c003,uam/002063.jpg,1321
c004,uam/002064.jpg,1146
c003,uam/002065.jpg,1268
c001,uam/002066.jpg,1332
c003,uam/002067.jpg,1285
c004,uam/002068.jpg,1369
c001,uam/002069.jpg,1240
c003,uam/002070.jpg,1172
c002,uam/002071.jpg,1125
c002,uam/002072.jpg,1146
c004,uam/002073.jpg,1288
c004,uam/002074.jpg,1178
c002,uam/002075.jpg,1168
c002,uam/002076.jpg,1174
c003,uam/002077.jpg,1283
c003,uam/002078.jpg,1531
c001,uam/002079.jpg,1226
c004,uam/002080.jpg,1338
c004,uam/002081.jpg,1093
c002,uam/002082.jpg,1484
c002,uam/002083.jpg,1253
c004,uam/002084.jpg,1148
c003,uam/002085.jpg,1493
c001,uam/002086.jpg,1129
c003,uam/002087.jpg,1188
c004,uam/002088.jpg,1146
c004,uam/002089.jpg,1141
c003,uam/002090.jpg,1549
c001,uam/002091.jpg,1309
c001,uam/002092.jpg,1377
c001,uam/002093.jpg,1236
c001,uam/002094.jpg,1115
c002,uam/002095.jpg,1218
c003,uam/002096.jpg,1177
c004,uam/002097.jpg,1459
c003,uam/002098.jpg,1113
c003,uam/002099.jpg,1164
c003,uam/002100.jpg,1381
c003,uam/002101.jpg,1332
c003,uam/002102.jpg,1463
c004,uam/002103.jpg,1097
c001,uam/002104.jpg,1208
c002,uam/002105.jpg,1123
c001,uam/002106.jpg,1092
c001,uam/002107.jpg,1108
c002,uam/002108.jpg,1170
c002,uam/002109.jpg,1395
c002,uam/002110.jpg,1550
c003,uam/002111.jpg,1150
c001,uam/002112.jpg,1147
c004,uam/002113.jpg,1144
c003,uam/002114.jpg,1315
c003,uam/002115.jpg,1354
c004,uam/002116.jpg,1104
c002,uam/002117.jpg,1336
c002,uam/002118.jpg,1143
c001,uam/002119.jpg,1454
c003,uam/002120.jpg,1383
c002,uam/002121.jpg,1170
c001,uam/002122.jpg,1363
c004,uam/002123.jpg,1105
c004,uam/002124.jpg,1118
c001,uam/002125.jpg,1531
c003,uam/002126.jpg,1464
c002,uam/002127.jpg,1338
c001,uam/002128.jpg,1334
c003,uam/002129.jpg,1224
c003,uam/002130.jpg,1551
c002,uam/002131.jpg,1129
c002,uam/002132.jpg,1276
c002,uam/002133.jpg,1540
c001,uam/002134.jpg,1468
c001,uam/002135.jpg,1305
c003,uam/002136.jpg,1339
c002,uam/002137.jpg,1168
c002,uam/002138.jpg,1117
c003,uam/002139.jpg,1292
c001,uam/002140.jpg,1398
c001,uam/002141.jpg,1552
c003,uam/002142.jpg,1123
c002,uam/002143.jpg,1307
c002,uam/002144.jpg,1246
c001,uam/002145.jpg,1411
c002,uam/002146.jpg,1188
c002,uam/002147.jpg,1411
c001,uam/002148.jpg,1167
c001,uam/002149.jpg,1277
c003,uam/002150.jpg,1357
c003,uam/002151.jpg,1230
c001,uam/002152.jpg,1100
c003,uam/002153.jpg,1111
c003,uam/002154.jpg,1386
c003,uam/002155.jpg,1413
c003,uam/002156.jpg,1260
c002,uam/002157.jpg,1146
c003,uam/002158.jpg,1353
c003,uam/002159.jpg,1175
c003,uam/002160.jpg,1247
c003,uam/002161.jpg,1182
c001,uam/002162.jpg,1171
c003,uam/002163.jpg,1133
c003,uam/002164.jpg,1553
c001,uam/002165.jpg,1554
c002,uam/002166.jpg,1159
c002,uam/002167.jpg,1097
c004,uam/002168.jpg,1336
c003,uam/002169.jpg,1154
c003,uam/002170.jpg,1144
c003,uam/002171.jpg,1383
c002,uam/002172.jpg,1123
c002,uam/002173.jpg,1520
c004,uam/002174.jpg,1367
c002,uam/002175.jpg,1382
c003,uam/002176.jpg,1181
c001,uam/002177.jpg,1253
c002,uam/002178.jpg,1403
c003,uam/002179.jpg,1194
c003,uam/002180.jpg,1378
c001,uam/002181.jpg,1236
c002,uam/002182.jpg,1164
c002,uam/002183.jpg,1176
c004,uam/002184.jpg,1193
c003,uam/002185.jpg,1167
c001,uam/002186.jpg,1156
c002,uam/002187.jpg,1348
c002,uam/002188.jpg,1126
c002,uam/002189.jpg,1155
c001,uam/002190.jpg,1135
c002,uam/002191.jpg,1199
c003,uam/002192.jpg,1139
c003,uam/002193.jpg,1480
c003,uam/002194.jpg,1208
c003,uam/002195.jpg,1263
c001,uam/002196.jpg,1454
c001,uam/002197.jpg,1333
c002,uam/002198.jpg,1158
c002,uam/002199.jpg,1472
c001,uam/002200.jpg,1283
c001,uam/002201.jpg,1255
c002,uam/002202.jpg,1391
c001,uam/002203.jpg,1540
c003,uam/002204.jpg,1274
c003,uam/002205.jpg,1389
c001,uam/002206.jpg,1100
c003,uam/002207.jpg,1141
c002,uam/002208.jpg,1539
c003,uam/002209.jpg,1493
c001,uam/002210.jpg,1153
c001,uam/002211.jpg,1310
c002,uam/002212.jpg,1165
c002,uam/002213.jpg,1228
c001,uam/002214.jpg,1169
c001,uam/002215.jpg,1196
c002,uam/002216.jpg,1195
c003,uam/002217.jpg,1418
c003,uam/002218.jpg,1492
c003,uam/002219.jpg,1336
c003,uam/002220.jpg,1421
c003,uam/002221.jpg,1220
c001,uam/002222.jpg,1147
c003,uam/002223.jpg,1342
c001,uam/002224.jpg,1170
c003,uam/002225.jpg,1412
c002,uam/002226.jpg,1202
c003,uam/002227.jpg,1212
c003,uam/002228.jpg,1252
c002,uam/002229.jpg,1305
c002,uam/002230.jpg,1208
c003,uam/002231.jpg,1187
c002,uam/002232.jpg,1160
c003,uam/002233.jpg,1363
c001,uam/002234.jpg,1342
c002,uam/002235.jpg,1343
c001,uam/002236.jpg,1120
c001,uam/002237.jpg,1244
c004,uam/002238.jpg,1490
c003,uam/002239.jpg,1443
c004,uam/002240.jpg,1520
c001,uam/002241.jpg,1366
c001,uam/002242.jpg,1438
c003,uam/002243.jpg,1540
c002,uam/002244.jpg,1123
c003,uam/002245.jpg,1269
c002,uam/002246.jpg,1222
c001,uam/002247.jpg,1212
c004,uam/002248.jpg,1423
c001,uam/002249.jpg,1255
c002,uam/002250.jpg,1488
c003,uam/002251.jpg,1380
c003,uam/002252.jpg,1161
c001,uam/002253.jpg,1118
c003,uam/002254.jpg,1431
c003,uam/002255.jpg,1156
c002,uam/002256.jpg,1405
c002,uam/002257.jpg,1378
c003,uam/002258.jpg,1301
c003,uam/002259.jpg,1293
c003,uam/002260.jpg,1373
c003,uam/002261.jpg,1192
c002,uam/002262.jpg,1469
c004,uam/002263.jpg,1520
c001,uam/002264.jpg,1115
c004,uam/002265.jpg,1100
c003,uam/002266.jpg,1251
c002,uam/002267.jpg,1435
c003,uam/002268.jpg,1480
c002,uam/002269.jpg,1527
c003,uam/002270.jpg,1426
c002,uam/002271.jpg,1248
c003,uam/002272.jpg,1266
c003,uam/002273.jpg,1137
c001,uam/002274.jpg,1416
c003,uam/002275.jpg,1469
c002,uam/002276.jpg,1412
c004,uam/002277.jpg,1434
c003,uam/002278.jpg,1208
c001,uam/002279.jpg,1123
c004,uam/002280.jpg,1300
c001,uam/002281.jpg,1195
c003,uam/002282.jpg,1169
c003,uam/002283.jpg,1519
c003,uam/002284.jpg,1161
c001,uam/002285.jpg,1141
c003,uam/002286.jpg,1220
c003,uam/002287.jpg,1137
c003,uam/002288.jpg,1313
c003,uam/002289.jpg,1552
c004,uam/002290.jpg,1298
c002,uam/002291.jpg,1109
c002,uam/002292.jpg,1334
c001,uam/002293.jpg,1540
c003,uam/002294.jpg,1532
c002,uam/002295.jpg,1144
c001,uam/002296.jpg,1094
c002,uam/002297.jpg,1201
c004,uam/002298.jpg,1366
c001,uam/002299.jpg,1100
c002,uam/002300.jpg,1336
c004,uam/002301.jpg,1446
c001,uam/002302.jpg,1123
c003,uam/002303.jpg,1418
c004,uam/002304.jpg,1555
c001,uam/002305.jpg,1154
c004,uam/002306.jpg,1213
c004,uam/002307.jpg,1336
c001,uam/002308.jpg,1112
c004,uam/002309.jpg,1141
c001,uam/002310.jpg,1116
c001,uam/002311.jpg,1118
c003,uam/002312.jpg,1512
c003,uam/002313.jpg,1287
c003,uam/002314.jpg,1512
c001,uam/002315.jpg,1467
c002,uam/002316.jpg,1127
c001,uam/002317.jpg,1138
c003,uam/002318.jpg,1492
c001,uam/002319.jpg,1485
c001,uam/002320.jpg,1106
c001,uam/002321.jpg,1375
c004,uam/002322.jpg,1161
c001,uam/002323.jpg,1318
c003,uam/002324.jpg,1238
c001,uam/002325.jpg,1339
c002,uam/002326.jpg,1292
c002,uam/002327.jpg,1248
c003,uam/002328.jpg,1535
c003,uam/002329.jpg,1453
c003,uam/002330.jpg,1328
c003,uam/002331.jpg,1238
c003,uam/002332.jpg,1213
c002,uam/002333.jpg,1436
c001,uam/002334.jpg,1412
c001,uam/002335.jpg,1213
c001,uam/002336.jpg,1093
c001,uam/002337.jpg,1167
c003,uam/002338.jpg,1257
c003,uam/002339.jpg,1295
c002,uam/002340.jpg,1314
c004,uam/002341.jpg,1254
c001,uam/002342.jpg,1179
c002,uam/002343.jpg,1388
c002,uam/002344.jpg,1499
c001,uam/002345.jpg,1197
c004,uam/002346.jpg,1445
c004,uam/002347.jpg,1361
c003,uam/002348.jpg,1229
c003,uam/002349.jpg,1204
c001,uam/002350.jpg,1287
c002,uam/002351.jpg,1349
c002,uam/002352.jpg,1338
c002,uam/002353.jpg,1325
c001,uam/002354.jpg,1247
c004,uam/002355.jpg,1123
c002,uam/002356.jpg,1404
c002,uam/002357.jpg,1422
c004,uam/002358.jpg,1499
c001,uam/002359.jpg,1362
c004,uam/002360.jpg,1208
c003,uam/002361.jpg,1194
c001,uam/002362.jpg,1118
c003,uam/002363.jpg,1480
c003,uam/002364.jpg,1412
c002,uam/002365.jpg,1342
c003,uam/002366.jpg,1456
c004,uam/002367.jpg,1105
c001,uam/002368.jpg,1367
c003,uam/002369.jpg,1547
c004,uam/002370.jpg,1502
c002,uam/002371.jpg,1266
c003,uam/002372.jpg,1426
c002,uam/002373.jpg,1277
c001,uam/002374.jpg,1517
c003,uam/002375.jpg,1228
c004,uam/002376.jpg,1499
c001,uam/002377.jpg,1146
c004,uam/002378.jpg,1415
c001,uam/002379.jpg,1141
c003,uam/002380.jpg,1246
c004,uam/002381.jpg,1141
c004,uam/002382.jpg,1263
c003,uam/002383.jpg,1202
c002,uam/002384.jpg,1176
c002,uam/002385.jpg,1140
c002,uam/002386.jpg,1178
c002,uam/002387.jpg,1152
c001,uam/002388.jpg,1324
c001,uam/002389.jpg,1343
c003,uam/002390.jpg,1263
c002,uam/002391.jpg,1310
c002,uam/002392.jpg,1364
c001,uam/002393.jpg,1288
c001,uam/002394.jpg,1420
c001,uam/002395.jpg,1556
c001,uam/002396.jpg,1328
c002,uam/002397.jpg,1344
c001,uam/002398.jpg,1545
c001,uam/002399.jpg,1366
c003,uam/002400.jpg,1310
c003,uam/002401.jpg,1161
c001,uam/002402.jpg,1370
c001,uam/002403.jpg,1267
c004,uam/002404.jpg,1167
c003,uam/002405.jpg,1457
c003,uam/002406.jpg,1431
c001,uam/002407.jpg,1297
c001,uam/002408.jpg,1236
c003,uam/002409.jpg,1187
c001,uam/002410.jpg,1117
c003,uam/002411.jpg,1541
c002,uam/002412.jpg,1204
c002,uam/002413.jpg,1275
c003,uam/002414.jpg,1229
c003,uam/002415.jpg,1319
c001,uam/002416.jpg,1133
c003,uam/002417.jpg,1194
c001,uam/002418.jpg,1146
c003,uam/002419.jpg,1388
c003,uam/002420.jpg,1546
c003,uam/002421.jpg,1094
c001,uam/002422.jpg,1191
c001,uam/002423.jpg,1259
c003,uam/002424.jpg,1197
c002,uam/002425.jpg,1197
c003,uam/002426.jpg,1532
c002,uam/002427.jpg,1311
c004,uam/002428.jpg,1141
c002,uam/002429.jpg,1388
c001,uam/002430.jpg,1155
c003,uam/002431.jpg,1139
c001,uam/002432.jpg,1192
c001,uam/002433.jpg,1289
c001,uam/002434.jpg,1175
c003,uam/002435.jpg,1204
c001,uam/002436.jpg,1167
c001,uam/002437.jpg,1319
c003,uam/002438.jpg,1490
c003,uam/002439.jpg,1294
c003,uam/002440.jpg,1503
c001,uam/002441.jpg,1464
c003,uam/002442.jpg,1102
c001,uam/002443.jpg,1487
c001,uam/002444.jpg,1538
c001,uam/002445.jpg,1173
c003,uam/002446.jpg,1247
c004,uam/002447.jpg,1273
c003,uam/002448.jpg,1226
c004,uam/002449.jpg,1406
c003,uam/002450.jpg,1409
c001,uam/002451.jpg,1123
c003,uam/002452.jpg,1129
c004,uam/002453.jpg,1330
c002,uam/002454.jpg,1123
c003,uam/002455.jpg,1358
c004,uam/002456.jpg,1411
c003,uam/002457.jpg,1320
c003,uam/002458.jpg,1411
c003,uam/002459.jpg,1201
c002,uam/002460.jpg,1300
c001,uam/002461.jpg,1316
c003,uam/002462.jpg,1370
c002,uam/002463.jpg,1334
c003,uam/002464.jpg,1234
c002,uam/002465.jpg,1251
c004,uam/002466.jpg,1530
c003,uam/002467.jpg,1194
c003,uam/002468.jpg,1376
c003,uam/002469.jpg,1292
c001,uam/002470.jpg,1418
c003,uam/002471.jpg,1435
c003,uam/002472.jpg,1297
c004,uam/002473.jpg,1270
c002,uam/002474.jpg,1133
c003,uam/002475.jpg,1452
c001,uam/002476.jpg,1447
c002,uam/002477.jpg,1226
c001,uam/002478.jpg,1149
c003,uam/002479.jpg,1092
c003,uam/002480.jpg,1156
c003,uam/002481.jpg,1477
c002,uam/002482.jpg,1184
c001,uam/002483.jpg,1231
c003,uam/002484.jpg,1356
c001,uam/002485.jpg,1474
c002,uam/002486.jpg,1258
c003,uam/002487.jpg,1156
c003,uam/002488.jpg,1520
c003,uam/002489.jpg,1142
c001,uam/002490.jpg,1146
c004,uam/002491.jpg,1228
c003,uam/002492.jpg,1280
c001,uam/002493.jpg,1277
c003,uam/002494.jpg,1494
c003,uam/002495.jpg,1271
c002,uam/002496.jpg,1113
c002,uam/002497.jpg,1100
c003,uam/002498.jpg,1292
c003,uam/002499.jpg,1340
c004,uam/002500.jpg,1113
c002,uam/002501.jpg,1447
c001,uam/002502.jpg,1464
c003,uam/002503.jpg,1292
c001,uam/002504.jpg,1444
c004,uam/002505.jpg,1093
c003,uam/002506.jpg,1374
c002,uam/002507.jpg,1286
c001,uam/002508.jpg,1095
c002,uam/002509.jpg,1557
c004,uam/002510.jpg,1422
c004,uam/002511.jpg,1118
c002,uam/002512.jpg,1170
c002,uam/002513.jpg,1414
c003,uam/002514.jpg,1401
c002,uam/002515.jpg,1330
c001,uam/002516.jpg,1186
c003,uam/002517.jpg,1556
c001,uam/002518.jpg,1527
c002,uam/002519.jpg,1141
c003,uam/002520.jpg,1185
c002,uam/002521.jpg,1113
c002,uam/002522.jpg,1139
c002,uam/002523.jpg,1224
c001,uam/002524.jpg,1472
c001,uam/002525.jpg,1137
c002,uam/002526.jpg,1198
c003,uam/002527.jpg,1324
c003,uam/002528.jpg,1127
c004,uam/002529.jpg,1210
c002,uam/002530.jpg,1122
c002,uam/002531.jpg,1321
c004,uam/002532.jpg,1422
c003,uam/002533.jpg,1146
c003,uam/002534.jpg,1476
c002,uam/002535.jpg,1096
c003,uam/002536.jpg,1214
c001,uam/002537.jpg,1229
c004,uam/002538.jpg,1459
c001,uam/002539.jpg,1133
c003,uam/002540.jpg,1212
c003,uam/002541.jpg,1548
c001,uam/002542.jpg,1108
c002,uam/002543.jpg,1472
c004,uam/002544.jpg,1167
c002,uam/002545.jpg,1268
c003,uam/002546.jpg,1475
c003,uam/002547.jpg,1344
c001,uam/002548.jpg,1255
c003,uam/002549.jpg,1345
c001,uam/002550.jpg,1408
c003,uam/002551.jpg,1332
c002,uam/002552.jpg,1269
c003,uam/002553.jpg,1514
c003,uam/002554.jpg,1508
c003,uam/002555.jpg,1505
c001,uam/002556.jpg,1208
c004,uam/002557.jpg,1288
c003,uam/002558.jpg,1107
c001,uam/002559.jpg,1351
c003,uam/002560.jpg,1347
c001,uam/002561.jpg,1274
c002,uam/002562.jpg,1343
c001,uam/002563.jpg,1403
c003,uam/002564.jpg,1118
c003,uam/002565.jpg,1457
c001,uam/002566.jpg,1121
c001,uam/002567.jpg,1175
c001,uam/002568.jpg,1431
c002,uam/002569.jpg,1534
c001,uam/002570.jpg,1233
c003,uam/002571.jpg,1429
c002,uam/002572.jpg,1094
c002,uam/002573.jpg,1512
c004,uam/002574.jpg,1195
c004,uam/002575.jpg,1255
c002,uam/002576.jpg,1361
c001,uam/002577.jpg,1449
c001,uam/002578.jpg,1224
c003,uam/002579.jpg,1423
c003,uam/002580.jpg,1158
c002,uam/002581.jpg,1288
c003,uam/002582.jpg,1141
c002,uam/002583.jpg,1547
c004,uam/002584.jpg,1526
c001,uam/002585.jpg,1454
c003,uam/002586.jpg,1549
c004,uam/002587.jpg,1151
c003,uam/002588.jpg,1387
c003,uam/002589.jpg,1161
c001,uam/002590.jpg,1188
c003,uam/002591.jpg,1512
c001,uam/002592.jpg,1431
c003,uam/002593.jpg,1354
c002,uam/002594.jpg,1239
c002,uam/002595.jpg,1555
c002,uam/002596.jpg,1488
c003,uam/002597.jpg,1348
c003,uam/002598.jpg,1455
c001,uam/002599.jpg,1408
c004,uam/002600.jpg,1521
c004,uam/002601.jpg,1118
c003,uam/002602.jpg,1164
c003,uam/002603.jpg,1185
c003,uam/002604.jpg,1520
c003,uam/002605.jpg,1505
c001,uam/002606.jpg,1522
c003,uam/002607.jpg,1532
c001,uam/002608.jpg,1382
c004,uam/002609.jpg,1123
c002,uam/002610.jpg,1155
c003,uam/002611.jpg,1451
c002,uam/002612.jpg,1288
c001,uam/002613.jpg,1508
c001,uam/002614.jpg,1146
c003,uam/002615.jpg,1497
c002,uam/002616.jpg,1100
c003,uam/002617.jpg,1515
c003,uam/002618.jpg,1137
c001,uam/002619.jpg,1197
c001,uam/002620.jpg,1461
c001,uam/002621.jpg,1348
c003,uam/002622.jpg,1340
c004,uam/002623.jpg,1382
c001,uam/002624.jpg,1096
c003,uam/002625.jpg,1512
c002,uam/002626.jpg,1535
c003,uam/002627.jpg,1279
c003,uam/002628.jpg,1227
c003,uam/002629.jpg,1203
c004,uam/002630.jpg,1208
c002,uam/002631.jpg,1189
c003,uam/002632.jpg,1214
c002,uam/002633.jpg,1362
c004,uam/002634.jpg,1299
c003,uam/002635.jpg,1451
c002,uam/002636.jpg,1211
c002,uam/002637.jpg,1457
c002,uam/002638.jpg,1226
c004,uam/002639.jpg,1093
c002,uam/002640.jpg,1151
c002,uam/002641.jpg,1273
c003,uam/002642.jpg,1304
c001,uam/002643.jpg,1428
c001,uam/002644.jpg,1438
c003,uam/002645.jpg,1097
c003,uam/002646.jpg,1277
c001,uam/002647.jpg,1206
c002,uam/002648.jpg,1142
c003,uam/002649.jpg,1314
c003,uam/002650.jpg,1336
c004,uam/002651.jpg,1294
c003,uam/002652.jpg,1416
c002,uam/002653.jpg,1338
c002,uam/002654.jpg,1131
c003,uam/002655.jpg,1125
c001,uam/002656.jpg,1317
c001,uam/002657.jpg,1250
c001,uam/002658.jpg,1332
c002,uam/002659.jpg,1497
c003,uam/002660.jpg,1498
c003,uam/002661.jpg,1108
c002,uam/002662.jpg,1174
c001,uam/002663.jpg,1367
c001,uam/002664.jpg,1127
c003,uam/002665.jpg,1345
c004,uam/002666.jpg,1318
c004,uam/002667.jpg,1434
c001,uam/002668.jpg,1189
c001,uam/002669.jpg,1118
c001,uam/002670.jpg,1252
c003,uam/002671.jpg,1135
c002,uam/002672.jpg,1139
c003,uam/002673.jpg,1374
c002,uam/002674.jpg,1486
c003,uam/002675.jpg,1505
c003,uam/002676.jpg,1341
c003,uam/002677.jpg,1306
c002,uam/002678.jpg,1254
c003,uam/002679.jpg,1333
c001,uam/002680.jpg,1343
c003,uam/002681.jpg,1238
c004,uam/002682.jpg,1485
c002,uam/002683.jpg,1231
c002,uam/002684.jpg,1547
c002,uam/002685.jpg,1295
c001,uam/002686.jpg,1344
c001,uam/002687.jpg,1171
c003,uam/002688.jpg,1254
c004,uam/002689.jpg,1163
c001,uam/002690.jpg,1146
c001,uam/002691.jpg,1317
c002,uam/002692.jpg,1376
c001,uam/002693.jpg,1431
c003,uam/002694.jpg,1550
c002,uam/002695.jpg,1236
c004,uam/002696.jpg,1132
c001,uam/002697.jpg,1304
c001,uam/002698.jpg,1321
c003,uam/002699.jpg,1372
c004,uam/002700.jpg,1169
c002,uam/002701.jpg,1274
c003,uam/002702.jpg,1175
c004,uam/002703.jpg,1419
c001,uam/002704.jpg,1208
c004,uam/002705.jpg,1141
c003,uam/002706.jpg,1116
c003,uam/002707.jpg,1141
c001,uam/002708.jpg,1138
c004,uam/002709.jpg,1333
c003,uam/002710.jpg,1486
c003,uam/002711.jpg,1558
c003,uam/002712.jpg,1295
c001,uam/002713.jpg,1255
c003,uam/002714.jpg,1161
c003,uam/002715.jpg,1335
c002,uam/002716.jpg,1183
c003,uam/002717.jpg,1155
c003,uam/002718.jpg,1229
c002,uam/002719.jpg,1279
c004,uam/002720.jpg,1318
c001,uam/002721.jpg,1559
c003,uam/002722.jpg,1130
c001,uam/002723.jpg,1126
c001,uam/002724.jpg,1213
c004,uam/002725.jpg,1270
c001,uam/002726.jpg,1560
c002,uam/002727.jpg,1421
c004,uam/002728.jpg,1173
c004,uam/002729.jpg,1397
c001,uam/002730.jpg,1386
c001,uam/002731.jpg,1438
c003,uam/002732.jpg,1309
c001,uam/002733.jpg,1127
c001,uam/002734.jpg,1283
c001,uam/002735.jpg,1211
c001,uam/002736.jpg,1489
c001,uam/002737.jpg,1456
c004,uam/002738.jpg,1100
c003,uam/002739.jpg,1109
c003,uam/002740.jpg,1413
c001,uam/002741.jpg,1108
c001,uam/002742.jpg,1438
c003,uam/002743.jpg,1273
c003,uam/002744.jpg,1558
c001,uam/002745.jpg,1226
c003,uam/002746.jpg,1360
c002,uam/002747.jpg,1192
c002,uam/002748.jpg,1317
c004,uam/002749.jpg,1161
c002,uam/002750.jpg,1478
c003,uam/002751.jpg,1118
c001,uam/002752.jpg,1543
c002,uam/002753.jpg,1241
c001,uam/002754.jpg,1142
c002,uam/002755.jpg,1548
c002,uam/002756.jpg,1437
c003,uam/002757.jpg,1514
c004,uam/002758.jpg,1146
c002,uam/002759.jpg,1217
c003,uam/002760.jpg,1313
c001,uam/002761.jpg,1494
c001,uam/002762.jpg,1334
c001,uam/002763.jpg,1201
c003,uam/002764.jpg,1488
c002,uam/002765.jpg,1438
c003,uam/002766.jpg,1114
c003,uam/002767.jpg,1186
c003,uam/002768.jpg,1431
c003,uam/002769.jpg,1114
c001,uam/002770.jpg,1220
c001,uam/002771.jpg,1324
c001,uam/002772.jpg,1435
c001,uam/002773.jpg,1376
c004,uam/002774.jpg,1161
c003,uam/002775.jpg,1346
c004,uam/002776.jpg,1108
c004,uam/002777.jpg,1298
c001,uam/002778.jpg,1176
c003,uam/002779.jpg,1430
c002,uam/002780.jpg,1241
c003,uam/002781.jpg,1409
c003,uam/002782.jpg,1367
c004,uam/002783.jpg,1131
c003,uam/002784.jpg,1305
c001,uam/002785.jpg,1350
c003,uam/002786.jpg,1306
c003,uam/002787.jpg,1418
c003,uam/002788.jpg,1511
c004,uam/002789.jpg,1381
c003,uam/002790.jpg,1414
c003,uam/002791.jpg,1165
c002,uam/002792.jpg,1202
c002,uam/002793.jpg,1512
c003,uam/002794.jpg,1529
c004,uam/002795.jpg,1458
c003,uam/002796.jpg,1426
c001,uam/002797.jpg,1544
c004,uam/002798.jpg,1169
c003,uam/002799.jpg,1339
c003,uam/002800.jpg,1207
c001,uam/002801.jpg,1411
c002,uam/002802.jpg,1480
c002,uam/002803.jpg,1309
c004,uam/002804.jpg,1411
c002,uam/002805.jpg,1159
c001,uam/002806.jpg,1129
c003,uam/002807.jpg,1182
c002,uam/002808.jpg,1556
c002,uam/002809.jpg,1407
c003,uam/002810.jpg,1164
c003,uam/002811.jpg,1287
c002,uam/002812.jpg,1175
c004,uam/002813.jpg,1460
c004,uam/002814.jpg,1553
c004,uam/002815.jpg,1340
c003,uam/002816.jpg,1556
c003,uam/002817.jpg,1305
c004,uam/002818.jpg,1100
c003,uam/002819.jpg,1167
c001,uam/002820.jpg,1345
c003,uam/002821.jpg,1146
c003,uam/002822.jpg,1156
c002,uam/002823.jpg,1558
c003,uam/002824.jpg,1425
c002,uam/002825.jpg,1561
c003,uam/002826.jpg,1268
c002,uam/002827.jpg,1428
c003,uam/002828.jpg,1117
c001,uam/002829.jpg,1326
c002,uam/002830.jpg,1517
c001,uam/002831.jpg,1520
c001,uam/002832.jpg,1107
c001,uam/002833.jpg,1469
c003,uam/002834.jpg,1509
c002,uam/002835.jpg,1495
c003,uam/002836.jpg,1358
c002,uam/002837.jpg,1244
c003,uam/002838.jpg,1498
c001,uam/002839.jpg,1302
c002,uam/002840.jpg,1233
c003,uam/002841.jpg,1258
c002,uam/002842.jpg,1263
c001,uam/002843.jpg,1541
c002,uam/002844.jpg,1320
c003,uam/002845.jpg,1562
c001,uam/002846.jpg,1153
c002,uam/002847.jpg,1282
c003,uam/002848.jpg,1292
c001,uam/002849.jpg,1520
c002,uam/002850.jpg,1103
c002,uam/002851.jpg,1438
c001,uam/002852.jpg,1344
c003,uam/002853.jpg,1428
c003,uam/002854.jpg,1392
c004,uam/002855.jpg,1093
c002,uam/002856.jpg,1319
c002,uam/002857.jpg,1303
c003,uam/002858.jpg,1337
c002,uam/002859.jpg,1307
c004,uam/002860.jpg,1172
c004,uam/002861.jpg,1294
c003,uam/002862.jpg,1506
c001,uam/002863.jpg,1296
c001,uam/002864.jpg,1332
c002,uam/002865.jpg,1413
c001,uam/002866.jpg,1327
c002,uam/002867.jpg,1197
c003,uam/002868.jpg,1122
c002,uam/002869.jpg,1197
c001,uam/002870.jpg,1108
c003,uam/002871.jpg,1508
c001,uam/002872.jpg,1197
c003,uam/002873.jpg,1554
c002,uam/002874.jpg,1131
c003,uam/002875.jpg,1318
c001,uam/002876.jpg,1127
c003,uam/002877.jpg,1322
c002,uam/002878.jpg,1326
c002,uam/002879.jpg,1308
c002,uam/002880.jpg,1425
c002,uam/002881.jpg,1344
c002,uam/002882.jpg,1118
c002,uam/002883.jpg,1518
c003,uam/002884.jpg,1123
c003,uam/002885.jpg,1461
c002,uam/002886.jpg,1298
c003,uam/002887.jpg,1146
c001,uam/002888.jpg,1109
c001,uam/002889.jpg,1478
c003,uam/002890.jpg,1509
c003,uam/002891.jpg,1494
c001,uam/002892.jpg,1459
c001,uam/002893.jpg,1175
c001,uam/002894.jpg,1388
c001,uam/002895.jpg,1346
c003,uam/002896.jpg,1271
c001,uam/002897.jpg,1147
c004,uam/002898.jpg,1118
c001,uam/002899.jpg,1381
c001,uam/002900.jpg,1388
c002,uam/002901.jpg,1363
c003,uam/002902.jpg,1493
c002,uam/002903.jpg,1562
c001,uam/002904.jpg,1092
c001,uam/002905.jpg,1151
c001,uam/002906.jpg,1284
c002,uam/002907.jpg,1197
c001,uam/002908.jpg,1384
c003,uam/002909.jpg,1301
c003,uam/002910.jpg,1367
c001,uam/002911.jpg,1410
c001,uam/002912.jpg,1224
c003,uam/002913.jpg,1308
c001,uam/002914.jpg,1300
c003,uam/002915.jpg,1138
c001,uam/002916.jpg,1140
c003,uam/002917.jpg,1235
c001,uam/002918.jpg,1548
c002,uam/002919.jpg,1147
c003,uam/002920.jpg,1328
c002,uam/002921.jpg,1155
c003,uam/002922.jpg,1402
c001,uam/002923.jpg,1457
c002,uam/002924.jpg,1274
c001,uam/002925.jpg,1369
c003,uam/002926.jpg,1235
c004,uam/002927.jpg,1123
c003,uam/002928.jpg,1208
c003,uam/002929.jpg,1167
c003,uam/002930.jpg,1178
c001,uam/002931.jpg,1118
c003,uam/002932.jpg,1283
c001,uam/002933.jpg,1186
c001,uam/002934.jpg,1312
c004,uam/002935.jpg,1098
c003,uam/002936.jpg,1297
c003,uam/002937.jpg,1340
c002,uam/002938.jpg,1118
c003,uam/002939.jpg,1236
c003,uam/002940.jpg,1494
c003,uam/002941.jpg,1379
c001,uam/002942.jpg,1178
c003,uam/002943.jpg,1371
c003,uam/002944.jpg,1236
c001,uam/002945.jpg,1303
c002,uam/002946.jpg,1231
c003,uam/002947.jpg,1116
c003,uam/002948.jpg,1110
c003,uam/002949.jpg,1365
c001,uam/002950.jpg,1135
c002,uam/002951.jpg,1123
c002,uam/002952.jpg,1140
c003,uam/002953.jpg,1131
c001,uam/002954.jpg,1128
c004,uam/002955.jpg,1141
c001,uam/002956.jpg,1316
c003,uam/002957.jpg,1245
c001,uam/002958.jpg,1146
c003,uam/002959.jpg,1382
c003,uam/002960.jpg,1253
c002,uam/002961.jpg,1341
c002,uam/002962.jpg,1321
c002,uam/002963.jpg,1212
c003,uam/002964.jpg,1108
c001,uam/002965.jpg,1310
c003,uam/002966.jpg,1399
c002,uam/002967.jpg,1563
c002,uam/002968.jpg,1100
c001,uam/002969.jpg,1240
c002,uam/002970.jpg,1161
c003,uam/002971.jpg,1131
c003,uam/002972.jpg,1433
c002,uam/002973.jpg,1254
c003,uam/002974.jpg,1109
c002,uam/002975.jpg,1516
c003,uam/002976.jpg,1395
c004,uam/002977.jpg,1163
c001,uam/002978.jpg,1107
c001,uam/002979.jpg,1102
c001,uam/002980.jpg,1100
c002,uam/002981.jpg,1208
c003,uam/002982.jpg,1220
c003,uam/002983.jpg,1155
c004,uam/002984.jpg,1151
c004,uam/002985.jpg,1100
c002,uam/002986.jpg,1327
c002,uam/002987.jpg,1370
c002,uam/002988.jpg,1204
c003,uam/002989.jpg,1208
c003,uam/002990.jpg,1147
c003,uam/002991.jpg,1123
c003,uam/002992.jpg,1351
c001,uam/002993.jpg,1306
c003,uam/002994.jpg,1097
c003,uam/002995.jpg,1334
c001,uam/002996.jpg,1499
c001,uam/002997.jpg,1495
c002,uam/002998.jpg,1118
c002,uam/002999.jpg,1213
c003,uam/003000.jpg,1405
c002,uam/003001.jpg,1412
c002,uam/003002.jpg,1107
c003,uam/003003.jpg,1179
c003,uam/003004.jpg,1261
c002,uam/003005.jpg,1182
c001,uam/003006.jpg,1257
c002,uam/003007.jpg,1282
c002,uam/003008.jpg,1193
c002,uam/003009.jpg,1325
c001,uam/003010.jpg,1532
c003,uam/003011.jpg,1482
c001,uam/003012.jpg,1361
c004,uam/003013.jpg,1094
c001,uam/003014.jpg,1504
c003,uam/003015.jpg,1564
c001,uam/003016.jpg,1228
c002,uam/003017.jpg,1319
c001,uam/003018.jpg,1139
c002,uam/003019.jpg,1288
c002,uam/003020.jpg,1112
c001,uam/003021.jpg,1220
c003,uam/003022.jpg,1295
c002,uam/003023.jpg,1504
c001,uam/003024.jpg,1456
c001,uam/003025.jpg,1274
c002,uam/003026.jpg,1331
c001,uam/003027.jpg,1151
c002,uam/003028.jpg,1337
c001,uam/003029.jpg,1447
c002,uam/003030.jpg,1294
c002,uam/003031.jpg,1100
c004,uam/003032.jpg,1376
c002,uam/003033.jpg,1438
c001,uam/003034.jpg,1247
c001,uam/003035.jpg,1315
c003,uam/003036.jpg,1518
c002,uam/003037.jpg,1284
c002,uam/003038.jpg,1431
c001,uam/003039.jpg,1483
c003,uam/003040.jpg,1465
c003,uam/003041.jpg,1480
c002,uam/003042.jpg,1383
c001,uam/003043.jpg,1320
c001,uam/003044.jpg,1287
c002,uam/003045.jpg,1260
c002,uam/003046.jpg,1107
c002,uam/003047.jpg,1319
c004,uam/003048.jpg,1460
c002,uam/003049.jpg,1288
c002,uam/003050.jpg,1158
c003,uam/003051.jpg,1107
c001,uam/003052.jpg,1400
c001,uam/003053.jpg,1532
c003,uam/003054.jpg,1237
c001,uam/003055.jpg,1492
c003,uam/003056.jpg,1205
c004,uam/003057.jpg,1369
c004,uam/003058.jpg,1525
c003,uam/003059.jpg,1368
c001,uam/003060.jpg,1132
c003,uam/003061.jpg,1142
c001,uam/003062.jpg,1472
c001,uam/003063.jpg,1212
c001,uam/003064.jpg,1212
c001,uam/003065.jpg,1172
c003,uam/003066.jpg,1092
c004,uam/003067.jpg,1422
c003,uam/003068.jpg,1199
c002,uam/003069.jpg,1118
c002,uam/003070.jpg,1175
c003,uam/003071.jpg,1169
c003,uam/003072.jpg,1482
c001,uam/003073.jpg,1487
c002,uam/003074.jpg,1352
c003,uam/003075.jpg,1151
c004,uam/003076.jpg,1460
c001,uam/003077.jpg,1406
c002,uam/003078.jpg,1412
c003,uam/003079.jpg,1308
c004,uam/003080.jpg,1254
c001,uam/003081.jpg,1308
c003,uam/003082.jpg,1500
c003,uam/003083.jpg,1442
c003,uam/003084.jpg,1328
c004,uam/003085.jpg,1279
c002,uam/003086.jpg,1429
c003,uam/003087.jpg,1267
c001,uam/003088.jpg,1368
c003,uam/003089.jpg,1117
c004,uam/003090.jpg,1100
c003,uam/003091.jpg,1443
c002,uam/003092.jpg,1344
c004,uam/003093.jpg,1282
c003,uam/003094.jpg,1496
c001,uam/003095.jpg,1312
c002,uam/003096.jpg,1525
c004,uam/003097.jpg,1299
c003,uam/003098.jpg,1386
c003,uam/003099.jpg,1332
c002,uam/003100.jpg,1264
c003,uam/003101.jpg,1220
c003,uam/003102.jpg,1169
c003,uam/003103.jpg,1479
c002,uam/003104.jpg,1362
c004,uam/003105.jpg,1193
c001,uam/003106.jpg,1212
c003,uam/003107.jpg,1216
c003,uam/003108.jpg,1100
c004,uam/003109.jpg,1318
c002,uam/003110.jpg,1239
c003,uam/003111.jpg,1524
c002,uam/003112.jpg,1350
c004,uam/003113.jpg,1118
c001,uam/003114.jpg,1354
c001,uam/003115.jpg,1410
c002,uam/003116.jpg,1318
c002,uam/003117.jpg,1462
c004,uam/003118.jpg,1526
c001,uam/003119.jpg,1242
c002,uam/003120.jpg,1234
c004,uam/003121.jpg,1565
c003,uam/003122.jpg,1167
c003,uam/003123.jpg,1408
c004,uam/003124.jpg,1366
c003,uam/003125.jpg,1447
c001,uam/003126.jpg,1137
c003,uam/003127.jpg,1236
c001,uam/003128.jpg,1306
c003,uam/003129.jpg,1432
c002,uam/003130.jpg,1468
c002,uam/003131.jpg,1294
c002,uam/003132.jpg,1312
c003,uam/003133.jpg,1405
c001,uam/003134.jpg,1288
c003,uam/003135.jpg,1378
c001,uam/003136.jpg,1118
c004,uam/003137.jpg,1100
c002,uam/003138.jpg,1519
c004,uam/003139.jpg,1146
c003,uam/003140.jpg,1531
c003,uam/003141.jpg,1436
c002,uam/003142.jpg,1188
c004,uam/003143.jpg,1427
c003,uam/003144.jpg,1543
c002,uam/003145.jpg,1529
c003,uam/003146.jpg,1351
c001,uam/003147.jpg,1183
c002,uam/003148.jpg,1108
c003,uam/003149.jpg,1191
c003,uam/003150.jpg,1260
c001,uam/003151.jpg,1434
c001,uam/003152.jpg,1439
c002,uam/003153.jpg,1469
c003,uam/003154.jpg,1148
c003,uam/003155.jpg,1252
c002,uam/003156.jpg,1305
c004,uam/003157.jpg,1414
c002,uam/003158.jpg,1277
c004,uam/003159.jpg,1119
c003,uam/003160.jpg,1484
c003,uam/003161.jpg,1389
c003,uam/003162.jpg,1366
c004,uam/003163.jpg,1152
c001,uam/003164.jpg,1292
c003,uam/003165.jpg,1321
c001,uam/003166.jpg,1318
c002,uam/003167.jpg,1267
c003,uam/003168.jpg,1419
c003,uam/003169.jpg,1146
c003,uam/003170.jpg,1465
c003,uam/003171.jpg,1417
c003,uam/003172.jpg,1370
c003,uam/003173.jpg,1296
c003,uam/003174.jpg,1227
c003,uam/003175.jpg,1447
c001,uam/003176.jpg,1326
c004,uam/003177.jpg,1215
c001,uam/003178.jpg,1441
c002,uam/003179.jpg,1224
c002,uam/003180.jpg,1180
c002,uam/003181.jpg,1299
c002,uam/003182.jpg,1298
c003,uam/003183.jpg,1290
c003,uam/003184.jpg,1469
c002,uam/003185.jpg,1284
c003,uam/003186.jpg,1388
c001,uam/003187.jpg,1325
c001,uam/003188.jpg,1458
c004,uam/003189.jpg,1537
c001,uam/003190.jpg,1289
c002,uam/003191.jpg,1131
c003,uam/003192.jpg,1257
c003,uam/003193.jpg,1391
c001,uam/003194.jpg,1412
c001,uam/003195.jpg,1287
c003,uam/003196.jpg,1566
c002,uam/003197.jpg,1121
c003,uam/003198.jpg,1278
c002,uam/003199.jpg,1175
c003,uam/003200.jpg,1388
c002,uam/003201.jpg,1438
c004,uam/003202.jpg,1521
c004,uam/003203.jpg,1100
c002,uam/003204.jpg,1362
c001,uam/003205.jpg,1558
c002,uam/003206.jpg,1429
c002,uam/003207.jpg,1432
c001,uam/003208.jpg,1161
c001,uam/003209.jpg,1367
c003,uam/003210.jpg,1450
c001,uam/003211.jpg,1363
c003,uam/003212.jpg,1403
c002,uam/003213.jpg,1115
c001,uam/003214.jpg,1512
c004,uam/003215.jpg,1369
c003,uam/003216.jpg,1446
c003,uam/003217.jpg,1171
c004,uam/003218.jpg,1226
c002,uam/003219.jpg,1203
c003,uam/003220.jpg,1415
c003,uam/003221.jpg,1558
c001,uam/003222.jpg,1097
c003,uam/003223.jpg,1507
c002,uam/003224.jpg,1256
c004,uam/003225.jpg,1132
c001,uam/003226.jpg,1496
c003,uam/003227.jpg,1217
c002,uam/003228.jpg,1430
c003,uam/003229.jpg,1177
c004,uam/003230.jpg,1254
c003,uam/003231.jpg,1151
c001,uam/003232.jpg,1259
c001,uam/003233.jpg,1113
c001,uam/003234.jpg,1157
c003,uam/003235.jpg,1385
c001,uam/003236.jpg,1263
c002,uam/003237.jpg,1353
c001,uam/003238.jpg,1129
c002,uam/003239.jpg,1406
c001,uam/003240.jpg,1237
c004,uam/003241.jpg,1108
c003,uam/003242.jpg,1330
c001,uam/003243.jpg,1319
c004,uam/003244.jpg,1515
c002,uam/003245.jpg,1461
c001,uam/003246.jpg,1105
c001,uam/003247.jpg,1207
c003,uam/003248.jpg,1157
c004,uam/003249.jpg,1215
c001,uam/003250.jpg,1496
c001,uam/003251.jpg,1344
c003,uam/003252.jpg,1196
c003,uam/003253.jpg,1492
c002,uam/003254.jpg,1489
c003,uam/003255.jpg,1115
c001,uam/003256.jpg,1250
c003,uam/003257.jpg,1454
c003,uam/003258.jpg,1541
c003,uam/003259.jpg,1309
c002,uam/003260.jpg,1561
c002,uam/003261.jpg,1288
c001,uam/003262.jpg,1385
c001,uam/003263.jpg,1172
c003,uam/003264.jpg,1177
c003,uam/003265.jpg,1217
c004,uam/003266.jpg,1137
c004,uam/003267.jpg,1524
c002,uam/003268.jpg,1438
c003,uam/003269.jpg,1497
c001,uam/003270.jpg,1209
c003,uam/003271.jpg,1341
c001,uam/003272.jpg,1272
c004,uam/003273.jpg,1141
c003,uam/003274.jpg,1525
c003,uam/003275.jpg,1146
c002,uam/003276.jpg,1514
c002,uam/003277.jpg,1344
c003,uam/003278.jpg,1279
c003,uam/003279.jpg,1317
c001,uam/003280.jpg,1494
c004,uam/003281.jpg,1340
c001,uam/003282.jpg,1238
c003,uam/003283.jpg,1306
c001,uam/003284.jpg,1375
c003,uam/003285.jpg,1267
c001,uam/003286.jpg,1370
c002,uam/003287.jpg,1428
c003,uam/003288.jpg,1496
c001,uam/003289.jpg,1307
c003,uam/003290.jpg,1345
c004,uam/003291.jpg,1366
c001,uam/003292.jpg,1321
c002,uam/003293.jpg,1141
c004,uam/003294.jpg,1100
c004,uam/003295.jpg,1338
c003,uam/003296.jpg,1203
c003,uam/003297.jpg,1291
c001,uam/003298.jpg,1182
c001,uam/003299.jpg,1421
c003,uam/003300.jpg,1268
c001,uam/003301.jpg,1178
c003,uam/003302.jpg,1478
c001,uam/003303.jpg,1184
c001,uam/003304.jpg,1150
c001,uam/003305.jpg,1411
c003,uam/003306.jpg,1493
c004,uam/003307.jpg,1441
c003,uam/003308.jpg,1147
c001,uam/003309.jpg,1161
c001,uam/003310.jpg,1263
c001,uam/003311.jpg,1142
c001,uam/003312.jpg,1464
c003,uam/003313.jpg,1357
c002,uam/003314.jpg,1325
c004,uam/003315.jpg,1287
c001,uam/003316.jpg,1254
c001,uam/003317.jpg,1382
c003,uam/003318.jpg,1491
c003,uam/003319.jpg,1337
c001,uam/003320.jpg,1290
c001,uam/003321.jpg,1369
c003,uam/003322.jpg,1342
c002,uam/003323.jpg,1483
c004,uam/003324.jpg,1113
c003,uam/003325.jpg,1408
c001,uam/003326.jpg,1095
c003,uam/003327.jpg,1113
c002,uam/003328.jpg,1388
c004,uam/003329.jpg,1141
c004,uam/003330.jpg,1338
c003,uam/003331.jpg,1296
c003,uam/003332.jpg,1123
c003,uam/003333.jpg,1380
c002,uam/003334.jpg,1161
c003,uam/003335.jpg,1412
c003,uam/003336.jpg,1174
c003,uam/003337.jpg,1317
c004,uam/003338.jpg,1377
c002,uam/003339.jpg,1100
c003,uam/003340.jpg,1247
c002,uam/003341.jpg,1345
c003,uam/003342.jpg,1197
c002,uam/003343.jpg,1535
c002,uam/003344.jpg,1142
c003,uam/003345.jpg,1202
c004,uam/003346.jpg,1277
c004,uam/003347.jpg,1141
c003,uam/003348.jpg,1210
c003,uam/003349.jpg,1363
c001,uam/003350.jpg,1123
c003,uam/003351.jpg,1109
c003,uam/003352.jpg,1429
c002,uam/003353.jpg,1370
c001,uam/003354.jpg,1533
c001,uam/003355.jpg,1324
c003,uam/003356.jpg,1540
c001,uam/003357.jpg,1486
c001,uam/003358.jpg,1342
c001,uam/003359.jpg,1434
c002,uam/003360.jpg,1332
c002,uam/003361.jpg,1105
c002,uam/003362.jpg,1340
c002,uam/003363.jpg,1155
c003,uam/003364.jpg,1121
c002,uam/003365.jpg,1269
c002,uam/003366.jpg,1332
c003,uam/003367.jpg,1267
c002,uam/003368.jpg,1146
c001,uam/003369.jpg,1432
c003,uam/003370.jpg,1125
c004,uam/003371.jpg,1289
c002,uam/003372.jpg,1186
c003,uam/003373.jpg,1535
c003,uam/003374.jpg,1488
c002,uam/003375.jpg,1177
c002,uam/003376.jpg,1260
c004,uam/003377.jpg,1282
c003,uam/003378.jpg,1295
c003,uam/003379.jpg,1311
c003,uam/003380.jpg,1217
c003,uam/003381.jpg,1426
c004,uam/003382.jpg,1254
c003,uam/003383.jpg,1213
c004,uam/003384.jpg,1390
c003,uam/003385.jpg,1189
c002,uam/003386.jpg,1134
c004,uam/003387.jpg,1254
c001,uam/003388.jpg,1202
c001,uam/003389.jpg,1430
c001,uam/003390.jpg,1412
c003,uam/003391.jpg,1455
c002,uam/003392.jpg,1141
c003,uam/003393.jpg,1335
c002,uam/003394.jpg,1178
c003,uam/003395.jpg,1130
c003,uam/003396.jpg,1554
c002,uam/003397.jpg,1344
c001,uam/003398.jpg,1495
c002,uam/003399.jpg,1482
c003,uam/003400.jpg,1097
c002,uam/003401.jpg,1123
c002,uam/003402.jpg,1158
c002,uam/003403.jpg,1516
c002,uam/003404.jpg,1101
c001,uam/003405.jpg,1548
c003,uam/003406.jpg,1267
c001,uam/003407.jpg,1161
c004,uam/003408.jpg,1132
c001,uam/003409.jpg,1170
c004,uam/003410.jpg,1289
c002,uam/003411.jpg,1460
c002,uam/003412.jpg,1363
c002,uam/003413.jpg,1161
c003,uam/003414.jpg,1135
c003,uam/003415.jpg,1544
c001,uam/003416.jpg,1123
c003,uam/003417.jpg,1329
c001,uam/003418.jpg,1110
c002,uam/003419.jpg,1380
c001,uam/003420.jpg,1259
c002,uam/003421.jpg,1305
c001,uam/003422.jpg,1107
c003,uam/003423.jpg,1178
c003,uam/003424.jpg,1250
c004,uam/003425.jpg,1382
c001,uam/003426.jpg,1404
c003,uam/003427.jpg,1307
c003,uam/003428.jpg,1317
c003,uam/003429.jpg,1199
c003,uam/003430.jpg,1146
c001,uam/003431.jpg,1241
c001,uam/003432.jpg,1362
c004,uam/003433.jpg,1178
c003,uam/003434.jpg,1545
c003,uam/003435.jpg,1364
c003,uam/003436.jpg,1095
c003,uam/003437.jpg,1151
c002,uam/003438.jpg,1503
c001,uam/003439.jpg,1325
c003,uam/003440.jpg,1189
c004,uam/003441.jpg,1263
c001,uam/003442.jpg,1386
c003,uam/003443.jpg,1410
c001,uam/003444.jpg,1290
c002,uam/003445.jpg,1449
c002,uam/003446.jpg,1164
c004,uam/003447.jpg,1377
c004,uam/003448.jpg,1411
c003,uam/003449.jpg,1143
c002,uam/003450.jpg,1438
c003,uam/003451.jpg,1344
c002,uam/003452.jpg,1487
c003,uam/003453.jpg,1209
c001,uam/003454.jpg,1167
c003,uam/003455.jpg,1495
c004,uam/003456.jpg,1270
c003,uam/003457.jpg,1332
c003,uam/003458.jpg,1386
c003,uam/003459.jpg,1231
c001,uam/003460.jpg,1419
c002,uam/003461.jpg,1135
c003,uam/003462.jpg,1517
c003,uam/003463.jpg,1488
c001,uam/003464.jpg,1160
c003,uam/003465.jpg,1164
c003,uam/003466.jpg,1124
c003,uam/003467.jpg,1343
c003,uam/003468.jpg,1172
c003,uam/003469.jpg,1483
c001,uam/003470.jpg,1248
c003,uam/003471.jpg,1185
c002,uam/003472.jpg,1231
c003,uam/003473.jpg,1172
c001,uam/003474.jpg,1294
c003,uam/003475.jpg,1242
c004,uam/003476.jpg,1116
c004,uam/003477.jpg,1340
c002,uam/003478.jpg,1135
c002,uam/003479.jpg,1285
c002,uam/003480.jpg,1157
c004,uam/003481.jpg,1543
c003,uam/003482.jpg,1231
c002,uam/003483.jpg,1274
c003,uam/003484.jpg,1261
c001,uam/003485.jpg,1149
c003,uam/003486.jpg,1495
c003,uam/003487.jpg,1413
c002,uam/003488.jpg,1172
c003,uam/003489.jpg,1121
c001,uam/003490.jpg,1224
c001,uam/003491.jpg,1129
c002,uam/003492.jpg,1142
c001,uam/003493.jpg,1247
c001,uam/003494.jpg,1123
c002,uam/003495.jpg,1255
c003,uam/003496.jpg,1263
c003,uam/003497.jpg,1292
c003,uam/003498.jpg,1173
c003,uam/003499.jpg,1256
c003,uam/003500.jpg,1528
c003,uam/003501.jpg,1255
c002,uam/003502.jpg,1350
c003,uam/003503.jpg,1531
c002,uam/003504.jpg,1479
c003,uam/003505.jpg,1453
c002,uam/003506.jpg,1532
c003,uam/003507.jpg,1422
c002,uam/003508.jpg,1354
c003,uam/003509.jpg,1480
c001,uam/003510.jpg,1519
c003,uam/003511.jpg,1460
c002,uam/003512.jpg,1232
c004,uam/003513.jpg,1162
c001,uam/003514.jpg,1153
c002,uam/003515.jpg,1566
c002,uam/003516.jpg,1122
c004,uam/003517.jpg,1193
c003,uam/003518.jpg,1509
c003,uam/003519.jpg,1124
c003,uam/003520.jpg,1342
c002,uam/003521.jpg,1099
c001,uam/003522.jpg,1095
c003,uam/003523.jpg,1123
c002,uam/003524.jpg,1304
c001,uam/003525.jpg,1254
c002,uam/003526.jpg,1322
c003,uam/003527.jpg,1337
c003,uam/003528.jpg,1410
c003,uam/003529.jpg,1548
c003,uam/003530.jpg,1412
c001,uam/003531.jpg,1534
c003,uam/003532.jpg,1476
c002,uam/003533.jpg,1141
c003,uam/003534.jpg,1259
c002,uam/003535.jpg,1411
c003,uam/003536.jpg,1338
c004,uam/003537.jpg,1118
c003,uam/003538.jpg,1189
c001,uam/003539.jpg,1217
c004,uam/003540.jpg,1100
c003,uam/003541.jpg,1117
c002,uam/003542.jpg,1558
c001,uam/003543.jpg,1181
c004,uam/003544.jpg,1414
c003,uam/003545.jpg,1344
c002,uam/003546.jpg,1458
c003,uam/003547.jpg,1312
c003,uam/003548.jpg,1506
c003,uam/003549.jpg,1383
c002,uam/003550.jpg,1111
c004,uam/003551.jpg,1254
c002,uam/003552.jpg,1271
c002,uam/003553.jpg,1545
c003,uam/003554.jpg,1305
c002,uam/003555.jpg,1324
c002,uam/003556.jpg,1146
c003,uam/003557.jpg,1467
c003,uam/003558.jpg,1404
c001,uam/003559.jpg,1286
c001,uam/003560.jpg,1382
c002,uam/003561.jpg,1139
c003,uam/003562.jpg,1179
c001,uam/003563.jpg,1129
c001,uam/003564.jpg,1470
c003,uam/003565.jpg,1299
c003,uam/003566.jpg,1202
c001,uam/003567.jpg,1521
c001,uam/003568.jpg,1344
c004,uam/003569.jpg,1172
c004,uam/003570.jpg,1318
c002,uam/003571.jpg,1238
c004,uam/003572.jpg,1264
c003,uam/003573.jpg,1514
c003,uam/003574.jpg,1434
c002,uam/003575.jpg,1224
c002,uam/003576.jpg,1220
c004,uam/003577.jpg,1333
c002,uam/003578.jpg,1161
c003,uam/003579.jpg,1269
c003,uam/003580.jpg,1332
c002,uam/003581.jpg,1188
c004,uam/003582.jpg,1095
c001,uam/003583.jpg,1452
c003,uam/003584.jpg,1217
c003,uam/003585.jpg,1254
c004,uam/003586.jpg,1161
c002,uam/003587.jpg,1195
c001,uam/003588.jpg,1279
c002,uam/003589.jpg,1205
c001,uam/003590.jpg,1381
c004,uam/003591.jpg,1141
c002,uam/003592.jpg,1352
c001,uam/003593.jpg,1127
c001,uam/003594.jpg,1518
c002,uam/003595.jpg,1313
c003,uam/003596.jpg,1093
c004,uam/003597.jpg,1213
c002,uam/003598.jpg,1160
c003,uam/003599.jpg,1099
c003,uam/003600.jpg,1514
c001,uam/003601.jpg,1296
c002,uam/003602.jpg,1529
c002,uam/003603.jpg,1477
c002,uam/003604.jpg,1118
c003,uam/003605.jpg,1350
c001,uam/003606.jpg,1428
c001,uam/003607.jpg,1304
c003,uam/003608.jpg,1323
c003,uam/003609.jpg,1278
c004,uam/003610.jpg,1197
c002,uam/003611.jpg,1257
c001,uam/003612.jpg,1338
c001,uam/003613.jpg,1225
c001,uam/003614.jpg,1115
c001,uam/003615.jpg,1177
c003,uam/003616.jpg,1386
c003,uam/003617.jpg,1108
c003,uam/003618.jpg,1341
c001,uam/003619.jpg,1139
c002,uam/003620.jpg,1367
c002,uam/003621.jpg,1279
c002,uam/003622.jpg,1178
c001,uam/003623.jpg,1229
c003,uam/003624.jpg,1529
c001,uam/003625.jpg,1252
c003,uam/003626.jpg,1210
c004,uam/003627.jpg,1116
c003,uam/003628.jpg,1100
c002,uam/003629.jpg,1118
c001,uam/003630.jpg,1352
c003,uam/003631.jpg,1431
c002,uam/003632.jpg,1174
c003,uam/003633.jpg,1386
c002,uam/003634.jpg,1359
c001,uam/003635.jpg,1093
c003,uam/003636.jpg,1548
c002,uam/003637.jpg,1190
c003,uam/003638.jpg,1102
c003,uam/003639.jpg,1499
c003,uam/003640.jpg,1534
c002,uam/003641.jpg,1564
c002,uam/003642.jpg,1100
c003,uam/003643.jpg,1520
c002,uam/003644.jpg,1201
c003,uam/003645.jpg,1189
c002,uam/003646.jpg,1217
c004,uam/003647.jpg,1167
c003,uam/003648.jpg,1308
c001,uam/003649.jpg,1299
c003,uam/003650.jpg,1178
c003,uam/003651.jpg,1220
c002,uam/003652.jpg,1208
c001,uam/003653.jpg,1141
c001,uam/003654.jpg,1209
c003,uam/003655.jpg,1437
c001,uam/003656.jpg,1234
c003,uam/003657.jpg,1117
c003,uam/003658.jpg,1267
c003,uam/003659.jpg,1142
c003,uam/003660.jpg,1255
c003,uam/003661.jpg,1153
c002,uam/003662.jpg,1515
c002,uam/003663.jpg,1125
c003,uam/003664.jpg,1159
c001,uam/003665.jpg,1269
c001,uam/003666.jpg,1292
c001,uam/003667.jpg,1274
c001,uam/003668.jpg,1123
c004,uam/003669.jpg,1110
c004,uam/003670.jpg,1104
c003,uam/003671.jpg,1343
c003,uam/003672.jpg,1188
c003,uam/003673.jpg,1480
c001,uam/003674.jpg,1550
c002,uam/003675.jpg,1530
c003,uam/003676.jpg,1538
c002,uam/003677.jpg,1308
c003,uam/003678.jpg,1452
c004,uam/003679.jpg,1422
c003,uam/003680.jpg,1458
c003,uam/003681.jpg,1510
c002,uam/003682.jpg,1438
c003,uam/003683.jpg,1159
c001,uam/003684.jpg,1304
c003,uam/003685.jpg,1410
c001,uam/003686.jpg,1473
c001,uam/003687.jpg,1139
c001,uam/003688.jpg,1308
c004,uam/003689.jpg,1215
c001,uam/003690.jpg,1157
c003,uam/003691.jpg,1410
c001,uam/003692.jpg,1363
c001,uam/003693.jpg,1561
c002,uam/003694.jpg,1196
c003,uam/003695.jpg,1412
c003,uam/003696.jpg,1325
c003,uam/003697.jpg,1518
c003,uam/003698.jpg,1131
c004,uam/003699.jpg,1100
c003,uam/003700.jpg,1465
c003,uam/003701.jpg,1248
c002,uam/003702.jpg,1109
c002,uam/003703.jpg,1319
c003,uam/003704.jpg,1146
c001,uam/003705.jpg,1423
c002,uam/003706.jpg,1109
c003,uam/003707.jpg,1095
c003,uam/003708.jpg,1494
c004,uam/003709.jpg,1435
c003,uam/003710.jpg,1243
c003,uam/003711.jpg,1129
c004,uam/003712.jpg,1123
c003,uam/003713.jpg,1494
c002,uam/003714.jpg,1348
c001,uam/003715.jpg,1224
c003,uam/003716.jpg,1343
c003,uam/003717.jpg,1544
c003,uam/003718.jpg,1279
c002,uam/003719.jpg,1273
c002,uam/003720.jpg,1200
c002,uam/003721.jpg,1162
c002,uam/003722.jpg,1271
c001,uam/003723.jpg,1327
c002,uam/003724.jpg,1161
c001,uam/003725.jpg,1289
c001,uam/003726.jpg,1201
c001,uam/003727.jpg,1494
c003,uam/003728.jpg,1470
c003,uam/003729.jpg,1312
c003,uam/003730.jpg,1442
c001,uam/003731.jpg,1162
c001,uam/003732.jpg,1133
c003,uam/003733.jpg,1176
c003,uam/003734.jpg,1259
c001,uam/003735.jpg,1108
c002,uam/003736.jpg,1467
c002,uam/003737.jpg,1100
c001,uam/003738.jpg,1567
c003,uam/003739.jpg,1111
c003,uam/003740.jpg,1163
c003,uam/003741.jpg,1324
c001,uam/003742.jpg,1186
c001,uam/003743.jpg,1279
c002,uam/003744.jpg,1339
c002,uam/003745.jpg,1150
c001,uam/003746.jpg,1447
c001,uam/003747.jpg,1202
c003,uam/003748.jpg,1157
c003,uam/003749.jpg,1126
c003,uam/003750.jpg,1548
c003,uam/003751.jpg,1181
c003,uam/003752.jpg,1355
c003,uam/003753.jpg,1252
c003,uam/003754.jpg,1512
c004,uam/003755.jpg,1434
c002,uam/003756.jpg,1153
c001,uam/003757.jpg,1102
c002,uam/003758.jpg,1369
c002,uam/003759.jpg,1210
c003,uam/003760.jpg,1308
c002,uam/003761.jpg,1196
c002,uam/003762.jpg,1504
c002,uam/003763.jpg,1561
c003,uam/003764.jpg,1382
c003,uam/003765.jpg,1350
c003,uam/003766.jpg,1100
c002,uam/003767.jpg,1100
c003,uam/003768.jpg,1309
c003,uam/003769.jpg,1395
c002,uam/003770.jpg,1529
c002,uam/003771.jpg,1524
c003,uam/003772.jpg,1210
c002,uam/003773.jpg,1102
c003,uam/003774.jpg,1468
c002,uam/003775.jpg,1157
c001,uam/003776.jpg,1145
c001,uam/003777.jpg,1349
c001,uam/003778.jpg,1332
c002,uam/003779.jpg,1202
c001,uam/003780.jpg,1303
c002,uam/003781.jpg,1318
c002,uam/003782.jpg,1252
c003,uam/003783.jpg,1442
c002,uam/003784.jpg,1344
c001,uam/003785.jpg,1119
c002,uam/003786.jpg,1327
c001,uam/003787.jpg,1161
c003,uam/003788.jpg,1336
c003,uam/003789.jpg,1223
c002,uam/003790.jpg,1141
c003,uam/003791.jpg,1453
c001,uam/003792.jpg,1362
c003,uam/003793.jpg,1158
c003,uam/003794.jpg,1252
c001,uam/003795.jpg,1386
c001,uam/003796.jpg,1515
c002,uam/003797.jpg,1302
c001,uam/003798.jpg,1282
c001,uam/003799.jpg,1469
c002,uam/003800.jpg,1432
c002,uam/003801.jpg,1423
c002,uam/003802.jpg,1261
c001,uam/003803.jpg,1556
c003,uam/003804.jpg,1362
c003,uam/003805.jpg,1466
c001,uam/003806.jpg,1264
c003,uam/003807.jpg,1107
c001,uam/003808.jpg,1385
c003,uam/003809.jpg,1360
c003,uam/003810.jpg,1354
c004,uam/003811.jpg,1487
c003,uam/003812.jpg,1565
c002,uam/003813.jpg,1456
c003,uam/003814.jpg,1319
c003,uam/003815.jpg,1391
c003,uam/003816.jpg,1228
c001,uam/003817.jpg,1426
c002,uam/003818.jpg,1314
c002,uam/003819.jpg,1366
c001,uam/003820.jpg,1146
c003,uam/003821.jpg,1141
c001,uam/003822.jpg,1267
c003,uam/003823.jpg,1296
c003,uam/003824.jpg,1123
c003,uam/003825.jpg,1259
c003,uam/003826.jpg,1133
c001,uam/003827.jpg,1255
c002,uam/003828.jpg,1315
c003,uam/003829.jpg,1112
c003,uam/003830.jpg,1256
c001,uam/003831.jpg,1295
c002,uam/003832.jpg,1433
c001,uam/003833.jpg,1319
c001,uam/003834.jpg,1473
c003,uam/003835.jpg,1323
c003,uam/003836.jpg,1098
c003,uam/003837.jpg,1448
c001,uam/003838.jpg,1161
c002,uam/003839.jpg,1564
c001,uam/003840.jpg,1142
c003,uam/003841.jpg,1146
c003,uam/003842.jpg,1341
c003,uam/003843.jpg,1387
c003,uam/003844.jpg,1316
c004,uam/003845.jpg,1427
c002,uam/003846.jpg,1426
c004,uam/003847.jpg,1309
c002,uam/003848.jpg,1172
c002,uam/003849.jpg,1327
c004,uam/003850.jpg,1345
c003,uam/003851.jpg,1431
c003,uam/003852.jpg,1241
c001,uam/003853.jpg,1282
c002,uam/003854.jpg,1297
c001,uam/003855.jpg,1395
c003,uam/003856.jpg,1217
c002,uam/003857.jpg,1403
c001,uam/003858.jpg,1520
c001,uam/003859.jpg,1480
c002,uam/003860.jpg,1514
c003,uam/003861.jpg,1101
c001,uam/003862.jpg,1102
c004,uam/003863.jpg,1167
c003,uam/003864.jpg,1531
c003,uam/003865.jpg,1556
c003,uam/003866.jpg,1304
c002,uam/003867.jpg,1378
c003,uam/003868.jpg,1233
c004,uam/003869.jpg,1118
c004,uam/003870.jpg,1356
c003,uam/003871.jpg,1406
c001,uam/003872.jpg,1204
c003,uam/003873.jpg,1445
c003,uam/003874.jpg,1549
c003,uam/003875.jpg,1349
c003,uam/003876.jpg,1338
c001,uam/003877.jpg,1110
c002,uam/003878.jpg,1231
c001,uam/003879.jpg,1237
c003,uam/003880.jpg,1212
c004,uam/003881.jpg,1530
c003,uam/003882.jpg,1272
c001,uam/003883.jpg,1172
c001,uam/003884.jpg,1494
c003,uam/003885.jpg,1109
c001,uam/003886.jpg,1561
c003,uam/003887.jpg,1257
c002,uam/003888.jpg,1408
c003,uam/003889.jpg,1349
c002,uam/003890.jpg,1439
c001,uam/003891.jpg,1321
c001,uam/003892.jpg,1175
c001,uam/003893.jpg,1387
c004,uam/003894.jpg,1159
c002,uam/003895.jpg,1167
c001,uam/003896.jpg,1103
c002,uam/003897.jpg,1393
c001,uam/003898.jpg,1357
c001,uam/003899.jpg,1371
c002,uam/003900.jpg,1252
c003,uam/003901.jpg,1214
c002,uam/003902.jpg,1505
c002,uam/003903.jpg,1211
c003,uam/003904.jpg,1436
c003,uam/003905.jpg,1481
c001,uam/003906.jpg,1382
c002,uam/003907.jpg,1344
c002,uam/003908.jpg,1384
c004,uam/003909.jpg,1446
c003,uam/003910.jpg,1164
c002,uam/003911.jpg,1366
c002,uam/003912.jpg,1346
c002,uam/003913.jpg,1159
c003,uam/003914.jpg,1428
c003,uam/003915.jpg,1465
c003,uam/003916.jpg,1200
c003,uam/003917.jpg,1476
c003,uam/003918.jpg,1375
c002,uam/003919.jpg,1163
c002,uam/003920.jpg,1357
c002,uam/003921.jpg,1410
c003,uam/003922.jpg,1344
c001,uam/003923.jpg,1096
c003,uam/003924.jpg,1272
c002,uam/003925.jpg,1211
c001,uam/003926.jpg,1457
c003,uam/003927.jpg,1212
c002,uam/003928.jpg,1141
c004,uam/003929.jpg,1159
c004,uam/003930.jpg,1510
c001,uam/003931.jpg,1244
c004,uam/003932.jpg,1288
c001,uam/003933.jpg,1131
c003,uam/003934.jpg,1444
c003,uam/003935.jpg,1566
c003,uam/003936.jpg,1545
c003,uam/003937.jpg,1418
c001,uam/003938.jpg,1292
c003,uam/003939.jpg,1136
c003,uam/003940.jpg,1112
c004,uam/003941.jpg,1141
c003,uam/003942.jpg,1253
c002,uam/003943.jpg,1345
c003,uam/003944.jpg,1317
c002,uam/003945.jpg,1531
c001,uam/003946.jpg,1135
c004,uam/003947.jpg,1294
c003,uam/003948.jpg,1281
c003,uam/003949.jpg,1480
c002,uam/003950.jpg,1206
c002,uam/003951.jpg,1125
c002,uam/003952.jpg,1241
c004,uam/003953.jpg,1388
c002,uam/003954.jpg,1136
c001,uam/003955.jpg,1255
c002,uam/003956.jpg,1116
c003,uam/003957.jpg,1222
c004,uam/003958.jpg,1288
c003,uam/003959.jpg,1112
c002,uam/003960.jpg,1556
c002,uam/003961.jpg,1349
c003,uam/003962.jpg,1301
c001,uam/003963.jpg,1251
c002,uam/003964.jpg,1165
c001,uam/003965.jpg,1563
c003,uam/003966.jpg,1500
c003,uam/003967.jpg,1376
c003,uam/003968.jpg,1495
c002,uam/003969.jpg,1288
c001,uam/003970.jpg,1140
c001,uam/003971.jpg,1111
c001,uam/003972.jpg,1381
c003,uam/003973.jpg,1370
c004,uam/003974.jpg,1397
c001,uam/003975.jpg,1220
c003,uam/003976.jpg,1347
c004,uam/003977.jpg,1302
c002,uam/003978.jpg,1292
c001,uam/003979.jpg,1329
c001,uam/003980.jpg,1352
c002,uam/003981.jpg,1109
c002,uam/003982.jpg,1105
c003,uam/003983.jpg,1495
c003,uam/003984.jpg,1126
c003,uam/003985.jpg,1182
c001,uam/003986.jpg,1131
c001,uam/003987.jpg,1150
c002,uam/003988.jpg,1217
c003,uam/003989.jpg,1338
c001,uam/003990.jpg,1303
c004,uam/003991.jpg,1263
c003,uam/003992.jpg,1366
c003,uam/003993.jpg,1416
c002,uam/003994.jpg,1186
c003,uam/003995.jpg,1230
c002,uam/003996.jpg,1542
c003,uam/003997.jpg,1534
c003,uam/003998.jpg,1111
c003,uam/003999.jpg,1487
c004,uam/004000.jpg,1404
c003,uam/004001.jpg,1447
c003,uam/004002.jpg,1103
c001,uam/004003.jpg,1506
c003,uam/004004.jpg,1158
c001,uam/004005.jpg,1110
c002,uam/004006.jpg,1097
c003,uam/004007.jpg,1218
c002,uam/004008.jpg,1220
c004,uam/004009.jpg,1118
c002,uam/004010.jpg,1513
c001,uam/004011.jpg,1378
c003,uam/004012.jpg,1176
c002,uam/004013.jpg,1281
c001,uam/004014.jpg,1361
c003,uam/004015.jpg,1344
c004,uam/004016.jpg,1289
c003,uam/004017.jpg,1431
c002,uam/004018.jpg,1414
c003,uam/004019.jpg,1364
c003,uam/004020.jpg,1259
c003,uam/004021.jpg,1444
c002,uam/004022.jpg,1263
c002,uam/004023.jpg,1540
c001,uam/004024.jpg,1515
c003,uam/004025.jpg,1548
c003,uam/004026.jpg,1312
c001,uam/004027.jpg,1211
c004,uam/004028.jpg,1568
c003,uam/004029.jpg,1344
c001,uam/004030.jpg,1258
c001,uam/004031.jpg,1161
c002,uam/004032.jpg,1226
c002,uam/004033.jpg,1306
c001,uam/004034.jpg,1144
c001,uam/004035.jpg,1444
c003,uam/004036.jpg,1146
c004,uam/004037.jpg,1294
c002,uam/004038.jpg,1133
c002,uam/004039.jpg,1240
c002,uam/004040.jpg,1224
c003,uam/004041.jpg,1290
c002,uam/004042.jpg,1544
c003,uam/004043.jpg,1267
c004,uam/004044.jpg,1526
c003,uam/004045.jpg,1403
c002,uam/004046.jpg,1452
c002,uam/004047.jpg,1224
c001,uam/004048.jpg,1395
c003,uam/004049.jpg,1254
c001,uam/004050.jpg,1294
c003,uam/004051.jpg,1134
c001,uam/004052.jpg,1323
c002,uam/004053.jpg,1538
c002,uam/004054.jpg,1202
c003,uam/004055.jpg,1101
c003,uam/004056.jpg,1533
c004,uam/004057.jpg,1110
c001,uam/004058.jpg,1158
c003,uam/004059.jpg,1291
c002,uam/004060.jpg,1118
c003,uam/004061.jpg,1367
c003,uam/004062.jpg,1369
c002,uam/004063.jpg,1532
c003,uam/004064.jpg,1194
c003,uam/004065.jpg,1203
c001,uam/004066.jpg,1339
c004,uam/004067.jpg,1446
c003,uam/004068.jpg,1464
c002,uam/004069.jpg,1510
c004,uam/004070.jpg,1466
c002,uam/004071.jpg,1241
c001,uam/004072.jpg,1260
c003,uam/004073.jpg,1149
c002,uam/004074.jpg,1149
c003,uam/004075.jpg,1438
c002,uam/004076.jpg,1464
c003,uam/004077.jpg,1127
c001,uam/004078.jpg,1133
c003,uam/004079.jpg,1513
c004,uam/004080.jpg,1274
c001,uam/004081.jpg,1261
c003,uam/004082.jpg,1437
c003,uam/004083.jpg,1189
c002,uam/004084.jpg,1403
c003,uam/004085.jpg,1296
c002,uam/004086.jpg,1196
c002,uam/004087.jpg,1229
c004,uam/004088.jpg,1366
c003,uam/004089.jpg,1315
c001,uam/004090.jpg,1151
c003,uam/004091.jpg,1220
c001,uam/004092.jpg,1277
c003,uam/004093.jpg,1532
c002,uam/004094.jpg,1207
c003,uam/004095.jpg,1468
c001,uam/004096.jpg,1460
c002,uam/004097.jpg,1431
c002,uam/004098.jpg,1135
c002,uam/004099.jpg,1343
c001,uam/004100.jpg,1117
c002,uam/004101.jpg,1477
c003,uam/004102.jpg,1255
c003,uam/004103.jpg,1351
c003,uam/004104.jpg,1386
c002,uam/004105.jpg,1259
c001,uam/004106.jpg,1231
c002,uam/004107.jpg,1100
c003,uam/004108.jpg,1413
c003,uam/004109.jpg,1098
c003,uam/004110.jpg,1303
c002,uam/004111.jpg,1508
c004,uam/004112.jpg,1108
c002,uam/004113.jpg,1495
c003,uam/004114.jpg,1508
c003,uam/004115.jpg,1242
c004,uam/004116.jpg,1123
c003,uam/004117.jpg,1100
c003,uam/004118.jpg,1199
c003,uam/004119.jpg,1352
c003,uam/004120.jpg,1370
c003,uam/004121.jpg,1204
c001,uam/004122.jpg,1424
c003,uam/004123.jpg,1481
c001,uam/004124.jpg,1332
c002,uam/004125.jpg,1332
c001,uam/004126.jpg,1340
c002,uam/004127.jpg,1405
c003,uam/004128.jpg,1561
c002,uam/004129.jpg,1312
c001,uam/004130.jpg,1156
c002,uam/004131.jpg,1277
c001,uam/004132.jpg,1279
c002,uam/004133.jpg,1093
c001,uam/004134.jpg,1514
c004,uam/004135.jpg,1333
c001,uam/004136.jpg,1301
c002,uam/004137.jpg,1097
c001,uam/004138.jpg,1548
c004,uam/004139.jpg,1118
c001,uam/004140.jpg,1488
c002,uam/004141.jpg,1308
c004,uam/004142.jpg,1119
c003,uam/004143.jpg,1322
c003,uam/004144.jpg,1535
c002,uam/004145.jpg,1548
c003,uam/004146.jpg,1271
c004,uam/004147.jpg,1299
c004,uam/004148.jpg,1254
c001,uam/004149.jpg,1200
c001,uam/004150.jpg,1336
c004,uam/004151.jpg,1287
c004,uam/004152.jpg,1159
c002,uam/004153.jpg,1525
c002,uam/004154.jpg,1222
c001,uam/004155.jpg,1342
c003,uam/004156.jpg,1498
c001,uam/004157.jpg,1354
c002,uam/004158.jpg,1329
c003,uam/004159.jpg,1549
c003,uam/004160.jpg,1534
c003,uam/004161.jpg,1310
c004,uam/004162.jpg,1406
c002,uam/004163.jpg,1482
c003,uam/004164.jpg,1457
c004,uam/004165.jpg,1255
c002,uam/004166.jpg,1096
c003,uam/004167.jpg,1338
c002,uam/004168.jpg,1362
c001,uam/004169.jpg,1172
c003,uam/004170.jpg,1412
c002,uam/004171.jpg,1431
c003,uam/004172.jpg,1153
c003,uam/004173.jpg,1123
c003,uam/004174.jpg,1203
c003,uam/004175.jpg,1225
c004,uam/004176.jpg,1446
c003,uam/004177.jpg,1278
c003,uam/004178.jpg,1196
c002,uam/004179.jpg,1290
c002,uam/004180.jpg,1195
c004,uam/004181.jpg,1441
c001,uam/004182.jpg,1439
c004,uam/004183.jpg,1292
c003,uam/004184.jpg,1204
c001,uam/004185.jpg,1520
c003,uam/004186.jpg,1442
c003,uam/004187.jpg,1242
c002,uam/004188.jpg,1486
c001,uam/004189.jpg,1118
c002,uam/004190.jpg,1306
c002,uam/004191.jpg,1178
c003,uam/004192.jpg,1255
c004,uam/004193.jpg,1352
c003,uam/004194.jpg,1499
c003,uam/004195.jpg,1317
c003,uam/004196.jpg,1432
c001,uam/004197.jpg,1494
c002,uam/004198.jpg,1305
c004,uam/004199.jpg,1141
c004,uam/004200.jpg,1133
c002,uam/004201.jpg,1141
c004,uam/004202.jpg,1340
c002,uam/004203.jpg,1146
c002,uam/004204.jpg,1333
c001,uam/004205.jpg,1147
c001,uam/004206.jpg,1340
c004,uam/004207.jpg,1213
c003,uam/004208.jpg,1569
c003,uam/004209.jpg,1402
c003,uam/004210.jpg,1135
c004,uam/004211.jpg,1146
c001,uam/004212.jpg,1505
c002,uam/004213.jpg,1354
c003,uam/004214.jpg,1159
c003,uam/004215.jpg,1511
c001,uam/004216.jpg,1225
c001,uam/004217.jpg,1255
c003,uam/004218.jpg,1286
c004,uam/004219.jpg,1100
c001,uam/004220.jpg,1340
c003,uam/004221.jpg,1348
c002,uam/004222.jpg,1146
c002,uam/004223.jpg,1344
c002,uam/004224.jpg,1543
c001,uam/004225.jpg,1175
c002,uam/004226.jpg,1521
c002,uam/004227.jpg,1118
c002,uam/004228.jpg,1336
c002,uam/004229.jpg,1300
c003,uam/004230.jpg,1480
c002,uam/004231.jpg,1397
c004,uam/004232.jpg,1366
c002,uam/004233.jpg,1413
c002,uam/004234.jpg,1410
c003,uam/004235.jpg,1159
c002,uam/004236.jpg,1101
c002,uam/004237.jpg,1280
c003,uam/004238.jpg,1421
c003,uam/004239.jpg,1266
c002,uam/004240.jpg,1168
c001,uam/004241.jpg,1275
c003,uam/004242.jpg,1343
c001,uam/004243.jpg,1349
c004,uam/004244.jpg,1097
c003,uam/004245.jpg,1421
c003,uam/004246.jpg,1198
c004,uam/004247.jpg,1259
c001,uam/004248.jpg,1516
c002,uam/004249.jpg,1166
c002,uam/004250.jpg,1153
c001,uam/004251.jpg,1123
c003,uam/004252.jpg,1111
c003,uam/004253.jpg,1315
c003,uam/004254.jpg,1126
c003,uam/004255.jpg,1114
c003,uam/004256.jpg,1553
c003,uam/004257.jpg,1193
c004,uam/004258.jpg,1132
c002,uam/004259.jpg,1129
c002,uam/004260.jpg,1339
c001,uam/004261.jpg,1343
c001,uam/004262.jpg,1281
c003,uam/004263.jpg,1215
c003,uam/004264.jpg,1352
c003,uam/004265.jpg,1233
c003,uam/004266.jpg,1143
c001,uam/004267.jpg,1561
c003,uam/004268.jpg,1344
c001,uam/004269.jpg,1319
c001,uam/004270.jpg,1185
c003,uam/004271.jpg,1161
c001,uam/004272.jpg,1259
c004,uam/004273.jpg,1404
c002,uam/004274.jpg,1210
c003,uam/004275.jpg,1491
c003,uam/004276.jpg,1440
c001,uam/004277.jpg,1405
c002,uam/004278.jpg,1110
c002,uam/004279.jpg,1208
c001,uam/004280.jpg,1161
c002,uam/004281.jpg,1264
c003,uam/004282.jpg,1338
c001,uam/004283.jpg,1353
c003,uam/004284.jpg,1395
c003,uam/004285.jpg,1343
c004,uam/004286.jpg,1473
c004,uam/004287.jpg,1555
c003,uam/004288.jpg,1457
c003,uam/004289.jpg,1108
c001,uam/004290.jpg,1259
c002,uam/004291.jpg,1398
c001,uam/004292.jpg,1437
c001,uam/004293.jpg,1107
c001,uam/004294.jpg,1284
c002,uam/004295.jpg,1312
c004,uam/004296.jpg,1159
c002,uam/004297.jpg,1093
c002,uam/004298.jpg,1450
c001,uam/004299.jpg,1168
c003,uam/004300.jpg,1239
c003,uam/004301.jpg,1154
c004,uam/004302.jpg,1118
c003,uam/004303.jpg,1264
c003,uam/004304.jpg,1330
c003,uam/004305.jpg,1235
c001,uam/004306.jpg,1455
c003,uam/004307.jpg,1140
c003,uam/004308.jpg,1321
c003,uam/004309.jpg,1300
c003,uam/004310.jpg,1317
c002,uam/004311.jpg,1193
c003,uam/004312.jpg,1106
c001,uam/004313.jpg,1141
c004,uam/004314.jpg,1352
c002,uam/004315.jpg,1335
c004,uam/004316.jpg,1122
c003,uam/004317.jpg,1334
c003,uam/004318.jpg,1391
c002,uam/004319.jpg,1378
c001,uam/004320.jpg,1137
c002,uam/004321.jpg,1151
c003,uam/004322.jpg,1291
c003,uam/004323.jpg,1170
c001,uam/004324.jpg,1516
c002,uam/004325.jpg,1161
c004,uam/004326.jpg,1169
c002,uam/004327.jpg,1356
c003,uam/004328.jpg,1181
c001,uam/004329.jpg,1391
c003,uam/004330.jpg,1226
c004,uam/004331.jpg,1288
c003,uam/004332.jpg,1123
c001,uam/004333.jpg,1217
c002,uam/004334.jpg,1271
c002,uam/004335.jpg,1255
c003,uam/004336.jpg,1206
c001,uam/004337.jpg,1176
c003,uam/004338.jpg,1243
c004,uam/004339.jpg,1321
c003,uam/004340.jpg,1127
c004,uam/004341.jpg,1193
c003,uam/004342.jpg,1434
c001,uam/004343.jpg,1362
c001,uam/004344.jpg,1136
c001,uam/004345.jpg,1414
c002,uam/004346.jpg,1282
c003,uam/004347.jpg,1386
c003,uam/004348.jpg,1213
c001,uam/004349.jpg,1320
c002,uam/004350.jpg,1567
c003,uam/004351.jpg,1455
c003,uam/004352.jpg,1491
c001,uam/004353.jpg,1424
c002,uam/004354.jpg,1424
c001,uam/004355.jpg,1141
c003,uam/004356.jpg,1288
c004,uam/004357.jpg,1100
c002,uam/004358.jpg,1288
c001,uam/004359.jpg,1320
c002,uam/004360.jpg,1368
c001,uam/004361.jpg,1349
c004,uam/004362.jpg,1338
c003,uam/004363.jpg,1262
c002,uam/004364.jpg,1428
c004,uam/004365.jpg,1499
c001,uam/004366.jpg,1178
c002,uam/004367.jpg,1503
c003,uam/004368.jpg,1362
c003,uam/004369.jpg,1196
c003,uam/004370.jpg,1170
c001,uam/004371.jpg,1257
c001,uam/004372.jpg,1369
c002,uam/004373.jpg,1349
c004,uam/004374.jpg,1132
c002,uam/004375.jpg,1173
c003,uam/004376.jpg,1307
c001,uam/004377.jpg,1107
c002,uam/004378.jpg,1288
c002,uam/004379.jpg,1468
c003,uam/004380.jpg,1142
c003,uam/004381.jpg,1336
c003,uam/004382.jpg,1426
c002,uam/004383.jpg,1314
c002,uam/004384.jpg,1161
c003,uam/004385.jpg,1290
c002,uam/004386.jpg,1169
c003,uam/004387.jpg,1313
c001,uam/004388.jpg,1511
c003,uam/004389.jpg,1289
c001,uam/004390.jpg,1108
c001,uam/004391.jpg,1135
c001,uam/004392.jpg,1208
c003,uam/004393.jpg,1426
c003,uam/004394.jpg,1297
c003,uam/004395.jpg,1355
c003,uam/004396.jpg,1561
c002,uam/004397.jpg,1201
c002,uam/004398.jpg,1114
c002,uam/004399.jpg,1263
c002,uam/004400.jpg,1406
c001,uam/004401.jpg,1295
c002,uam/004402.jpg,1435
c001,uam/004403.jpg,1419
c002,uam/004404.jpg,1410
c003,uam/004405.jpg,1320
c002,uam/004406.jpg,1492
c003,uam/004407.jpg,1560
c001,uam/004408.jpg,1298
c003,uam/004409.jpg,1362
c003,uam/004410.jpg,1403
c002,uam/004411.jpg,1444
c001,uam/004412.jpg,1270
c004,uam/004413.jpg,1123
c004,uam/004414.jpg,1123
c002,uam/004415.jpg,1156
c001,uam/004416.jpg,1413
c001,uam/004417.jpg,1292
c003,uam/004418.jpg,1344
c003,uam/004419.jpg,1479
c003,uam/004420.jpg,1431
c003,uam/004421.jpg,1140
c001,uam/004422.jpg,1241
c002,uam/004423.jpg,1153
c001,uam/004424.jpg,1391
c002,uam/004425.jpg,1109
c001,uam/004426.jpg,1345
c003,uam/004427.jpg,1495
c002,uam/004428.jpg,1241
c004,uam/004429.jpg,1100
c003,uam/004430.jpg,1127
c003,uam/004431.jpg,1216
c001,uam/004432.jpg,1354
c002,uam/004433.jpg,1250
c003,uam/004434.jpg,1127
c002,uam/004435.jpg,1535
c004,uam/004436.jpg,1288
c001,uam/004437.jpg,1159
c002,uam/004438.jpg,1180
c002,uam/004439.jpg,1411
c002,uam/004440.jpg,1436
c004,uam/004441.jpg,1144
c001,uam/004442.jpg,1241
c004,uam/004443.jpg,1340
c001,uam/004444.jpg,1436
c004,uam/004445.jpg,1163
c003,uam/004446.jpg,1411
c001,uam/004447.jpg,1142
c003,uam/004448.jpg,1204
c001,uam/004449.jpg,1277
c004,uam/004450.jpg,1352
c001,uam/004451.jpg,1255
c002,uam/004452.jpg,1296
c003,uam/004453.jpg,1248
c001,uam/004454.jpg,1246
c004,uam/004455.jpg,1162
c004,uam/004456.jpg,1449
c002,uam/004457.jpg,1338
c001,uam/004458.jpg,1109
c001,uam/004459.jpg,1157
c003,uam/004460.jpg,1192
c002,uam/004461.jpg,1205
c004,uam/004462.jpg,1473
c002,uam/004463.jpg,1303
c003,uam/004464.jpg,1533
c001,uam/004465.jpg,1547
c002,uam/004466.jpg,1370
c001,uam/004467.jpg,1316
c001,uam/004468.jpg,1217
c001,uam/004469.jpg,1405
c003,uam/004470.jpg,1094
c003,uam/004471.jpg,1346
c001,uam/004472.jpg,1112
c004,uam/004473.jpg,1526
c004,uam/004474.jpg,1264
c002,uam/004475.jpg,1161
c001,uam/004476.jpg,1288
c004,uam/004477.jpg,1213
c003,uam/004478.jpg,1107
c001,uam/004479.jpg,1160
c004,uam/004480.jpg,1193
c003,uam/004481.jpg,1230
c002,uam/004482.jpg,1191
c003,uam/004483.jpg,1438
c002,uam/004484.jpg,1255
c002,uam/004485.jpg,1175
c003,uam/004486.jpg,1533
c002,uam/004487.jpg,1287
c004,uam/004488.jpg,1469
c002,uam/004489.jpg,1245
c001,uam/004490.jpg,1315
c001,uam/004491.jpg,1461
c003,uam/004492.jpg,1145
c001,uam/004493.jpg,1368
c003,uam/004494.jpg,1155
c002,uam/004495.jpg,1338
c003,uam/004496.jpg,1274
c003,uam/004497.jpg,1269
c003,uam/004498.jpg,1258
c004,uam/004499.jpg,1169
c001,uam/004500.jpg,1389
c003,uam/004501.jpg,1419
c002,uam/004502.jpg,1146
c001,uam/004503.jpg,1153
c001,uam/004504.jpg,1326
c001,uam/004505.jpg,1492
c001,uam/004506.jpg,1560
c004,uam/004507.jpg,1344
c002,uam/004508.jpg,1259
c003,uam/004509.jpg,1189
c001,uam/004510.jpg,1176
c004,uam/004511.jpg,1288
c004,uam/004512.jpg,1108
c002,uam/004513.jpg,1469
c003,uam/004514.jpg,1161
c004,uam/004515.jpg,1469
c002,uam/004516.jpg,1274
c001,uam/004517.jpg,1248
c001,uam/004518.jpg,1210
c002,uam/004519.jpg,1173
c001,uam/004520.jpg,1313
c003,uam/004521.jpg,1295
c003,uam/004522.jpg,1251
c004,uam/004523.jpg,1379
c003,uam/004524.jpg,1129
c002,uam/004525.jpg,1236
c003,uam/004526.jpg,1324
c003,uam/004527.jpg,1493
c002,uam/004528.jpg,1257
c002,uam/004529.jpg,1294
c001,uam/004530.jpg,1368
c003,uam/004531.jpg,1335
c001,uam/004532.jpg,1263
c001,uam/004533.jpg,1159
c001,uam/004534.jpg,1483
c002,uam/004535.jpg,1377
c003,uam/004536.jpg,1172
c001,uam/004537.jpg,1268
c001,uam/004538.jpg,1194
c003,uam/004539.jpg,1209
c001,uam/004540.jpg,1480
c001,uam/004541.jpg,1108
c003,uam/004542.jpg,1381
c003,uam/004543.jpg,1194
c001,uam/004544.jpg,1288
c001,uam/004545.jpg,1217
c001,uam/004546.jpg,1538
c001,uam/004547.jpg,1283
c003,uam/004548.jpg,1187
c001,uam/004549.jpg,1095
c001,uam/004550.jpg,1324
c001,uam/004551.jpg,1210
c003,uam/004552.jpg,1499
c003,uam/004553.jpg,1500
c002,uam/004554.jpg,1110
c001,uam/004555.jpg,1172
c003,uam/004556.jpg,1364
c002,uam/004557.jpg,1442
c001,uam/004558.jpg,1419
c002,uam/004559.jpg,1264
c001,uam/004560.jpg,1130
c002,uam/004561.jpg,1303
c003,uam/004562.jpg,1118
c001,uam/004563.jpg,1216
c003,uam/004564.jpg,1502
c004,uam/004565.jpg,1282
c001,uam/004566.jpg,1480
c003,uam/004567.jpg,1170
c004,uam/004568.jpg,1298
c001,uam/004569.jpg,1239
c003,uam/004570.jpg,1406
c001,uam/004571.jpg,1551
c003,uam/004572.jpg,1442
c002,uam/004573.jpg,1250
c003,uam/004574.jpg,1480
c001,uam/004575.jpg,1451
c003,uam/004576.jpg,1219
c001,uam/004577.jpg,1425
c002,uam/004578.jpg,1379
c004,uam/004579.jpg,1302
c002,uam/004580.jpg,1480
c003,uam/004581.jpg,1197
c003,uam/004582.jpg,1227
c003,uam/004583.jpg,1216
c002,uam/004584.jpg,1365
c004,uam/004585.jpg,1259
c003,uam/004586.jpg,1547
c003,uam/004587.jpg,1369
c001,uam/004588.jpg,1564
c002,uam/004589.jpg,1461
c003,uam/004590.jpg,1525
c004,uam/004591.jpg,1100
c004,uam/004592.jpg,1402
c004,uam/004593.jpg,1485
c003,uam/004594.jpg,1255
c002,uam/004595.jpg,1176
c001,uam/004596.jpg,1210
c002,uam/004597.jpg,1464
c002,uam/004598.jpg,1259
c003,uam/004599.jpg,1239
c001,uam/004600.jpg,1205
c001,uam/004601.jpg,1172
c004,uam/004602.jpg,1432
c002,uam/004603.jpg,1244
c001,uam/004604.jpg,1196
c003,uam/004605.jpg,1530
c002,uam/004606.jpg,1388
c002,uam/004607.jpg,1240
c002,uam/004608.jpg,1275
c003,uam/004609.jpg,1177
c003,uam/004610.jpg,1405
c001,uam/004611.jpg,1131
c003,uam/004612.jpg,1288
c004,uam/004613.jpg,1109
c002,uam/004614.jpg,1177
c002,uam/004615.jpg,1510
c001,uam/004616.jpg,1094
c004,uam/004617.jpg,1293
c002,uam/004618.jpg,1442
c001,uam/004619.jpg,1419
c002,uam/004620.jpg,1367
c002,uam/004621.jpg,1560
c004,uam/004622.jpg,1279
c003,uam/004623.jpg,1173
c003,uam/004624.jpg,1094
c002,uam/004625.jpg,1244
c004,uam/004626.jpg,1283
c002,uam/004627.jpg,1549
c002,uam/004628.jpg,1240
c003,uam/004629.jpg,1505
c002,uam/004630.jpg,1157
c002,uam/004631.jpg,1473
c001,uam/004632.jpg,1354
c002,uam/004633.jpg,1236
c003,uam/004634.jpg,1427
c002,uam/004635.jpg,1171
c003,uam/004636.jpg,1486
c002,uam/004637.jpg,1281
c004,uam/004638.jpg,1287
c004,uam/004639.jpg,1259
c003,uam/004640.jpg,1244
c002,uam/004641.jpg,1494
c002,uam/004642.jpg,1137
c001,uam/004643.jpg,1201
c002,uam/004644.jpg,1126
c002,uam/004645.jpg,1541
c001,uam/004646.jpg,1290
c001,uam/004647.jpg,1123
c001,uam/004648.jpg,1119
c001,uam/004649.jpg,1479
c004,uam/004650.jpg,1366
c003,uam/004651.jpg,1373
c004,uam/004652.jpg,1167
c004,uam/004653.jpg,1100
c001,uam/004654.jpg,1445
c003,uam/004655.jpg,1268
c004,uam/004656.jpg,1248
c003,uam/004657.jpg,1283
c001,uam/004658.jpg,1362
c001,uam/004659.jpg,1432
c004,uam/004660.jpg,1178
c001,uam/004661.jpg,1547
c004,uam/004662.jpg,1482
c002,uam/004663.jpg,1328
c002,uam/004664.jpg,1193
c003,uam/004665.jpg,1529
c003,uam/004666.jpg,1386
c002,uam/004667.jpg,1108
c002,uam/004668.jpg,1520
c001,uam/004669.jpg,1319
c001,uam/004670.jpg,1169
c003,uam/004671.jpg,1205
c003,uam/004672.jpg,1333
c001,uam/004673.jpg,1117
c003,uam/004674.jpg,1289
c001,uam/004675.jpg,1109
c004,uam/004676.jpg,1100
c002,uam/004677.jpg,1465
c003,uam/004678.jpg,1413
c003,uam/004679.jpg,1236
c001,uam/004680.jpg,1415
c003,uam/004681.jpg,1233
c003,uam/004682.jpg,1323
c003,uam/004683.jpg,1332
c003,uam/004684.jpg,1478
c002,uam/004685.jpg,1146
c001,uam/004686.jpg,1112
c002,uam/004687.jpg,1123
c002,uam/004688.jpg,1419
c003,uam/004689.jpg,1356
c003,uam/004690.jpg,1123
c003,uam/004691.jpg,1362
c002,uam/004692.jpg,1307
c003,uam/004693.jpg,1178
c002,uam/004694.jpg,1211
c003,uam/004695.jpg,1327
c002,uam/004696.jpg,1402
c004,uam/004697.jpg,1263
c001,uam/004698.jpg,1103
c001,uam/004699.jpg,1182
c003,uam/004700.jpg,1448
c002,uam/004701.jpg,1126
c001,uam/004702.jpg,1356
c004,uam/004703.jpg,1146
c004,uam/004704.jpg,1434
c001,uam/004705.jpg,1364
c003,uam/004706.jpg,1177
c003,uam/004707.jpg,1349
c003,uam/004708.jpg,1357
c002,uam/004709.jpg,1161
c004,uam/004710.jpg,1466
c001,uam/004711.jpg,1159
c003,uam/004712.jpg,1182
c003,uam/004713.jpg,1215
c001,uam/004714.jpg,1509
c002,uam/004715.jpg,1259
c002,uam/004716.jpg,1119
c001,uam/004717.jpg,1468
c002,uam/004718.jpg,1483
c001,uam/004719.jpg,1341
c002,uam/004720.jpg,1452
c003,uam/004721.jpg,1549
c001,uam/004722.jpg,1413
c001,uam/004723.jpg,1239
c003,uam/004724.jpg,1227
c002,uam/004725.jpg,1306
c001,uam/004726.jpg,1436
c002,uam/004727.jpg,1385
c001,uam/004728.jpg,1194
c001,uam/004729.jpg,1310
c003,uam/004730.jpg,1360
c004,uam/004731.jpg,1515
c003,uam/004732.jpg,1161
c003,uam/004733.jpg,1334
c003,uam/004734.jpg,1535
c003,uam/004735.jpg,1199
c003,uam/004736.jpg,1426
c003,uam/004737.jpg,1318
c004,uam/004738.jpg,1446
c001,uam/004739.jpg,1395
c002,uam/004740.jpg,1301
c003,uam/004741.jpg,1284
c001,uam/004742.jpg,1241
c003,uam/004743.jpg,1294
c004,uam/004744.jpg,1141
c003,uam/004745.jpg,1239
c001,uam/004746.jpg,1313
c003,uam/004747.jpg,1531
c003,uam/004748.jpg,1269
c001,uam/004749.jpg,1186
c001,uam/004750.jpg,1133
c004,uam/004751.jpg,1553
c001,uam/004752.jpg,1392
c004,uam/004753.jpg,1264
c003,uam/004754.jpg,1107
c002,uam/004755.jpg,1140
c002,uam/004756.jpg,1204
c003,uam/004757.jpg,1345
c003,uam/004758.jpg,1110
c003,uam/004759.jpg,1149
c002,uam/004760.jpg,1304
c002,uam/004761.jpg,1283
c003,uam/004762.jpg,1157
c003,uam/004763.jpg,1298
c002,uam/004764.jpg,1137
c002,uam/004765.jpg,1214
c002,uam/004766.jpg,1361
c003,uam/004767.jpg,1244
c002,uam/004768.jpg,1223
c002,uam/004769.jpg,1321
c003,uam/004770.jpg,1327
c002,uam/004771.jpg,1548
c002,uam/004772.jpg,1315
c003,uam/004773.jpg,1360
c002,uam/004774.jpg,1524
c002,uam/004775.jpg,1134
c001,uam/004776.jpg,1100
c004,uam/004777.jpg,1288
c001,uam/004778.jpg,1308
c003,uam/004779.jpg,1361
c003,uam/004780.jpg,1408
c003,uam/004781.jpg,1219
c004,uam/004782.jpg,1173
c003,uam/004783.jpg,1292
c001,uam/004784.jpg,1143
c002,uam/004785.jpg,1496
c002,uam/004786.jpg,1344
c003,uam/004787.jpg,1389
c002,uam/004788.jpg,1135
c003,uam/004789.jpg,1208
c003,uam/004790.jpg,1309
c001,uam/004791.jpg,1118
c001,uam/004792.jpg,1100
c003,uam/004793.jpg,1454
c001,uam/004794.jpg,1146
c003,uam/004795.jpg,1444
c004,uam/004796.jpg,1485
c003,uam/004797.jpg,1157
c003,uam/004798.jpg,1112
c003,uam/004799.jpg,1436
c002,uam/004800.jpg,1159
c003,uam/004801.jpg,1523
c003,uam/004802.jpg,1554
c003,uam/004803.jpg,1141
c003,uam/004804.jpg,1200
c003,uam/004805.jpg,1480
c004,uam/004806.jpg,1526
c003,uam/004807.jpg,1495
c003,uam/004808.jpg,1160
c001,uam/004809.jpg,1306
c004,uam/004810.jpg,1095
c003,uam/004811.jpg,1214
c003,uam/004812.jpg,1170
c003,uam/004813.jpg,1254
c004,uam/004814.jpg,1397
c003,uam/004815.jpg,1550
c003,uam/004816.jpg,1259
c003,uam/004817.jpg,1494
c003,uam/004818.jpg,1121
c001,uam/004819.jpg,1479
c003,uam/004820.jpg,1165
c004,uam/004821.jpg,1184
c002,uam/004822.jpg,1135
c001,uam/004823.jpg,1553
c002,uam/004824.jpg,1434
c001,uam/004825.jpg,1362
c002,uam/004826.jpg,1442
c003,uam/004827.jpg,1416
c003,uam/004828.jpg,1175
c001,uam/004829.jpg,1184
c002,uam/004830.jpg,1151
c001,uam/004831.jpg,1291
c003,uam/004832.jpg,1123
c002,uam/004833.jpg,1287
c003,uam/004834.jpg,1522
c004,uam/004835.jpg,1288
c002,uam/004836.jpg,1566
c001,uam/004837.jpg,1412
c003,uam/004838.jpg,1243
c003,uam/004839.jpg,1123
c003,uam/004840.jpg,1456
c002,uam/004841.jpg,1198
c002,uam/004842.jpg,1092
c001,uam/004843.jpg,1405
c001,uam/004844.jpg,1168
c001,uam/004845.jpg,1513
c003,uam/004846.jpg,1412
c004,uam/004847.jpg,1263
c001,uam/004848.jpg,1367
c003,uam/004849.jpg,1349
c001,uam/004850.jpg,1264
c004,uam/004851.jpg,1100
c003,uam/004852.jpg,1421
c002,uam/004853.jpg,1140
c001,uam/004854.jpg,1347
c004,uam/004855.jpg,1294
c003,uam/004856.jpg,1515
c001,uam/004857.jpg,1336
c004,uam/004858.jpg,1161
c002,uam/004859.jpg,1518
c004,uam/004860.jpg,1274
c002,uam/004861.jpg,1250
c001,uam/004862.jpg,1332
c001,uam/004863.jpg,1351
c002,uam/004864.jpg,1458
c001,uam/004865.jpg,1275
c004,uam/004866.jpg,1259
c003,uam/004867.jpg,1149
c002,uam/004868.jpg,1273
c002,uam/004869.jpg,1248
c001,uam/004870.jpg,1097
c003,uam/004871.jpg,1419
c003,uam/004872.jpg,1282
c002,uam/004873.jpg,1172
c003,uam/004874.jpg,1567
c001,uam/004875.jpg,1311
c001,uam/004876.jpg,1292
c002,uam/004877.jpg,1147
c004,uam/004878.jpg,1406
c002,uam/004879.jpg,1541
c002,uam/004880.jpg,1344
c004,uam/004881.jpg,1255
c001,uam/004882.jpg,1436
c002,uam/004883.jpg,1479
c004,uam/004884.jpg,1095
c001,uam/004885.jpg,1429
c002,uam/004886.jpg,1237
c002,uam/004887.jpg,1325
c003,uam/004888.jpg,1464
c002,uam/004889.jpg,1127
c002,uam/004890.jpg,1246
c002,uam/004891.jpg,1116
c003,uam/004892.jpg,1181
c003,uam/004893.jpg,1334
c001,uam/004894.jpg,1235
c002,uam/004895.jpg,1185
c001,uam/004896.jpg,1366
c003,uam/004897.jpg,1301
c002,uam/004898.jpg,1559
c003,uam/004899.jpg,1307
c002,uam/004900.jpg,1419
c002,uam/004901.jpg,1133
c002,uam/004902.jpg,1356
c003,uam/004903.jpg,1146
c002,uam/004904.jpg,1279
c003,uam/004905.jpg,1473
c002,uam/004906.jpg,1400
c002,uam/004907.jpg,1515
c003,uam/004908.jpg,1448
c001,uam/004909.jpg,1208
c001,uam/004910.jpg,1188
c003,uam/004911.jpg,1180
c003,uam/004912.jpg,1227
c002,uam/004913.jpg,1491
c003,uam/004914.jpg,1487
c004,uam/004915.jpg,1405
c003,uam/004916.jpg,1407
c002,uam/004917.jpg,1149
c002,uam/004918.jpg,1415
c003,uam/004919.jpg,1109
c003,uam/004920.jpg,1548
c003,uam/004921.jpg,1396
c001,uam/004922.jpg,1118
c001,uam/004923.jpg,1392
c001,uam/004924.jpg,1125
c003,uam/004925.jpg,1292
c003,uam/004926.jpg,1324
c003,uam/004927.jpg,1343
c001,uam/004928.jpg,1237
c003,uam/004929.jpg,1199
c003,uam/004930.jpg,1520
c001,uam/004931.jpg,1127
c003,uam/004932.jpg,1239
c002,uam/004933.jpg,1352
c002,uam/004934.jpg,1556
c003,uam/004935.jpg,1503
c003,uam/004936.jpg,1511
c001,uam/004937.jpg,1156
c003,uam/004938.jpg,1153
c001,uam/004939.jpg,1202
c002,uam/004940.jpg,1250
c001,uam/004941.jpg,1204
c002,uam/004942.jpg,1247
c003,uam/004943.jpg,1235
c002,uam/004944.jpg,1408
c001,uam/004945.jpg,1133
c003,uam/004946.jpg,1268
c002,uam/004947.jpg,1096
c003,uam/004948.jpg,1306
c003,uam/004949.jpg,1295
c002,uam/004950.jpg,1287
c001,uam/004951.jpg,1236
c001,uam/004952.jpg,1337
c002,uam/004953.jpg,1220
c003,uam/004954.jpg,1504
c002,uam/004955.jpg,1328
c003,uam/004956.jpg,1152
c001,uam/004957.jpg,1500
c001,uam/004958.jpg,1535
c004,uam/004959.jpg,1167
c002,uam/004960.jpg,1344
c001,uam/004961.jpg,1141
c003,uam/004962.jpg,1094
c003,uam/004963.jpg,1391
c002,uam/004964.jpg,1326
c003,uam/004965.jpg,1387
c003,uam/004966.jpg,1168
c004,uam/004967.jpg,1556
c001,uam/004968.jpg,1152
c004,uam/004969.jpg,1167
c002,uam/004970.jpg,1305
c002,uam/004971.jpg,1141
c003,uam/004972.jpg,1192
c003,uam/004973.jpg,1227
c002,uam/004974.jpg,1460
c001,uam/004975.jpg,1541
c003,uam/004976.jpg,1425
c003,uam/004977.jpg,1303
c004,uam/004978.jpg,1300
c001,uam/004979.jpg,1345
c003,uam/004980.jpg,1269
c001,uam/004981.jpg,1226
c001,uam/004982.jpg,1496
c003,uam/004983.jpg,1356
c001,uam/004984.jpg,1193
c003,uam/004985.jpg,1288
c001,uam/004986.jpg,1263
c001,uam/004987.jpg,1246
c002,uam/004988.jpg,1153
c001,uam/004989.jpg,1302
c002,uam/004990.jpg,1342
c004,uam/004991.jpg,1298
c002,uam/004992.jpg,1274
c003,uam/004993.jpg,1118
c003,uam/004994.jpg,1095
c003,uam/004995.jpg,1193
c001,uam/004996.jpg,1305
c002,uam/004997.jpg,1532
c001,uam/004998.jpg,1306
c004,uam/004999.jpg,1466
c001,uam/005000.jpg,1426
c003,uam/005001.jpg,1511
c003,uam/005002.jpg,1507
c002,uam/005003.jpg,1254
c002,uam/005004.jpg,1494
c003,uam/005005.jpg,1317
c003,uam/005006.jpg,1182
c002,uam/005007.jpg,1496
c003,uam/005008.jpg,1232
c003,uam/005009.jpg,1359
c003,uam/005010.jpg,1275
c004,uam/005011.jpg,1193
c001,uam/005012.jpg,1305
c001,uam/005013.jpg,1218
c001,uam/005014.jpg,1146
c002,uam/005015.jpg,1395
c003,uam/005016.jpg,1439
c004,uam/005017.jpg,1161
c003,uam/005018.jpg,1381
c003,uam/005019.jpg,1362
c001,uam/005020.jpg,1180
c002,uam/005021.jpg,1520
c002,uam/005022.jpg,1386
c002,uam/005023.jpg,1382
c003,uam/005024.jpg,1498
c001,uam/005025.jpg,1310
c001,uam/005026.jpg,1476
c003,uam/005027.jpg,1455
c003,uam/005028.jpg,1248
c003,uam/005029.jpg,1344
c003,uam/005030.jpg,1500
c003,uam/005031.jpg,1252
c002,uam/005032.jpg,1108
c002,uam/005033.jpg,1494
c003,uam/005034.jpg,1424
c002,uam/005035.jpg,1208
c002,uam/005036.jpg,1333
c001,uam/005037.jpg,1329
c002,uam/005038.jpg,1118
c002,uam/005039.jpg,1310
c003,uam/005040.jpg,1258
c001,uam/005041.jpg,1143
c002,uam/005042.jpg,1107
c004,uam/005043.jpg,1232
c001,uam/005044.jpg,1223
c003,uam/005045.jpg,1194
c001,uam/005046.jpg,1466
c003,uam/005047.jpg,1366
c003,uam/005048.jpg,1312
c003,uam/005049.jpg,1511
c004,uam/005050.jpg,1104
c004,uam/005051.jpg,1338
c001,uam/005052.jpg,1114
c003,uam/005053.jpg,1306
c004,uam/005054.jpg,1525
c003,uam/005055.jpg,1117
c001,uam/005056.jpg,1393
c002,uam/005057.jpg,1272
c003,uam/005058.jpg,1161
c004,uam/005059.jpg,1123
c002,uam/005060.jpg,1097
c001,uam/005061.jpg,1328
c002,uam/005062.jpg,1501
c002,uam/005063.jpg,1288
c003,uam/005064.jpg,1417
c003,uam/005065.jpg,1327
c004,uam/005066.jpg,1161
c003,uam/005067.jpg,1522
c004,uam/005068.jpg,1288
c003,uam/005069.jpg,1249
c002,uam/005070.jpg,1400
c002,uam/005071.jpg,1499
c003,uam/005072.jpg,1287
c003,uam/005073.jpg,1525
c001,uam/005074.jpg,1124
c002,uam/005075.jpg,1123
c002,uam/005076.jpg,1113
c002,uam/005077.jpg,1131
c002,uam/005078.jpg,1567
c002,uam/005079.jpg,1283
c003,uam/005080.jpg,1254
c003,uam/005081.jpg,1483
c003,uam/005082.jpg,1277
c004,uam/005083.jpg,1193
c003,uam/005084.jpg,1431
c003,uam/005085.jpg,1186
c002,uam/005086.jpg,1263
c003,uam/005087.jpg,1410
c003,uam/005088.jpg,1296
c003,uam/005089.jpg,1194
c002,uam/005090.jpg,1100
c003,uam/005091.jpg,1352
c001,uam/005092.jpg,1161
c001,uam/005093.jpg,1110
c003,uam/005094.jpg,1217
c002,uam/005095.jpg,1219
c004,uam/005096.jpg,1240
c002,uam/005097.jpg,1194
c004,uam/005098.jpg,1202
c001,uam/005099.jpg,1350
c003,uam/005100.jpg,1112
c002,uam/005101.jpg,1543
c003,uam/005102.jpg,1435
c002,uam/005103.jpg,1412
c002,uam/005104.jpg,1282
c001,uam/005105.jpg,1483
c001,uam/005106.jpg,1210
c001,uam/005107.jpg,1146
c003,uam/005108.jpg,1119
c002,uam/005109.jpg,1143
c001,uam/005110.jpg,1486
c003,uam/005111.jpg,1429
c003,uam/005112.jpg,1470
c003,uam/005113.jpg,1429
c002,uam/005114.jpg,1347
c003,uam/005115.jpg,1324
c002,uam/005116.jpg,1466
c001,uam/005117.jpg,1533
c002,uam/005118.jpg,1399
c002,uam/005119.jpg,1224
c002,uam/005120.jpg,1161
c003,uam/005121.jpg,1254
c001,uam/005122.jpg,1201
c003,uam/005123.jpg,1256
c001,uam/005124.jpg,1129
c002,uam/005125.jpg,1367
c003,uam/005126.jpg,1344
c004,uam/005127.jpg,1411
c003,uam/005128.jpg,1310
c003,uam/005129.jpg,1403
c002,uam/005130.jpg,1233
c001,uam/005131.jpg,1193
c001,uam/005132.jpg,1141
c003,uam/005133.jpg,1330
c003,uam/005134.jpg,1421
c001,uam/005135.jpg,1481
c002,uam/005136.jpg,1246
c001,uam/005137.jpg,1108
c002,uam/005138.jpg,1536
c004,uam/005139.jpg,1131
c003,uam/005140.jpg,1305
c001,uam/005141.jpg,1250
c003,uam/005142.jpg,1564
c002,uam/005143.jpg,1237
c001,uam/005144.jpg,1338
c001,uam/005145.jpg,1221
c004,uam/005146.jpg,1302
c001,uam/005147.jpg,1428
c002,uam/005148.jpg,1338
c001,uam/005149.jpg,1194
c004,uam/005150.jpg,1276
c002,uam/005151.jpg,1123
c002,uam/005152.jpg,1324
c004,uam/005153.jpg,1430
c003,uam/005154.jpg,1280
c003,uam/005155.jpg,1298
c002,uam/005156.jpg,1110
c004,uam/005157.jpg,1095
c003,uam/005158.jpg,1275
c001,uam/005159.jpg,1531
c002,uam/005160.jpg,1554
c003,uam/005161.jpg,1398
c001,uam/005162.jpg,1142
c004,uam/005163.jpg,1332
c001,uam/005164.jpg,1336
c003,uam/005165.jpg,1387
c002,uam/005166.jpg,1149
c001,uam/005167.jpg,1520
c002,uam/005168.jpg,1479
c002,uam/005169.jpg,1123
c003,uam/005170.jpg,1554
c003,uam/005171.jpg,1363
c002,uam/005172.jpg,1218
c002,uam/005173.jpg,1475
c002,uam/005174.jpg,1441
c004,uam/005175.jpg,1289
c002,uam/005176.jpg,1208
c001,uam/005177.jpg,1352
c001,uam/005178.jpg,1123
c003,uam/005179.jpg,1140
c001,uam/005180.jpg,1437
c003,uam/005181.jpg,1244
c004,uam/005182.jpg,1499
c003,uam/005183.jpg,1335
c001,uam/005184.jpg,1267
c003,uam/005185.jpg,1401
c003,uam/005186.jpg,1343
c001,uam/005187.jpg,1133
c004,uam/005188.jpg,1116
c001,uam/005189.jpg,1494
c001,uam/005190.jpg,1206
c003,uam/005191.jpg,1439
c001,uam/005192.jpg,1338
c004,uam/005193.jpg,1288
c002,uam/005194.jpg,1533
c003,uam/005195.jpg,1323
c001,uam/005196.jpg,1107
c002,uam/005197.jpg,1391
c001,uam/005198.jpg,1100
c004,uam/005199.jpg,1526
c001,uam/005200.jpg,1338
c002,uam/005201.jpg,1274
c002,uam/005202.jpg,1103
c003,uam/005203.jpg,1291
c002,uam/005204.jpg,1295
c002,uam/005205.jpg,1512
c002,uam/005206.jpg,1357
c001,uam/005207.jpg,1514
c003,uam/005208.jpg,1327
c003,uam/005209.jpg,1327
c001,uam/005210.jpg,1475
c002,uam/005211.jpg,1114
c001,uam/005212.jpg,1541
c003,uam/005213.jpg,1128
c002,uam/005214.jpg,1421
c003,uam/005215.jpg,1121
c001,uam/005216.jpg,1206
c003,uam/005217.jpg,1305
c003,uam/005218.jpg,1314
c003,uam/005219.jpg,1468
c003,uam/005220.jpg,1257
c001,uam/005221.jpg,1203
c001,uam/005222.jpg,1188
c001,uam/005223.jpg,1490
c001,uam/005224.jpg,1332
c002,uam/005225.jpg,1424
c002,uam/005226.jpg,1108
c003,uam/005227.jpg,1100
c001,uam/005228.jpg,1365
c004,uam/005229.jpg,1367
c002,uam/005230.jpg,1548
c003,uam/005231.jpg,1284
c003,uam/005232.jpg,1500
c003,uam/005233.jpg,1510
c002,uam/005234.jpg,1224
c004,uam/005235.jpg,1108
c001,uam/005236.jpg,1198
c003,uam/005237.jpg,1245
c003,uam/005238.jpg,1232
c003,uam/005239.jpg,1132
c002,uam/005240.jpg,1137
c004,uam/005241.jpg,1288
c002,uam/005242.jpg,1224
c001,uam/005243.jpg,1106
c002,uam/005244.jpg,1434
c001,uam/005245.jpg,1307
c003,uam/005246.jpg,1135
c003,uam/005247.jpg,1569
c002,uam/005248.jpg,1225
c004,uam/005249.jpg,1378
c001,uam/005250.jpg,1292
c001,uam/005251.jpg,1458
c002,uam/005252.jpg,1159
c003,uam/005253.jpg,1160
c002,uam/005254.jpg,1211
c001,uam/005255.jpg,1258
c004,uam/005256.jpg,1273
c001,uam/005257.jpg,1328
c003,uam/005258.jpg,1499
c003,uam/005259.jpg,1561
c001,uam/005260.jpg,1346
c002,uam/005261.jpg,1204
c002,uam/005262.jpg,1114
c001,uam/005263.jpg,1125
c001,uam/005264.jpg,1493
c004,uam/005265.jpg,1163
c002,uam/005266.jpg,1513
c003,uam/005267.jpg,1290
c003,uam/005268.jpg,1385
c003,uam/005269.jpg,1570
c002,uam/005270.jpg,1288
c003,uam/005271.jpg,1363
c002,uam/005272.jpg,1427
c003,uam/005273.jpg,1295
c003,uam/005274.jpg,1205
c002,uam/005275.jpg,1518
c002,uam/005276.jpg,1094
c002,uam/005277.jpg,1538
c002,uam/005278.jpg,1163
c003,uam/005279.jpg,1223
c004,uam/005280.jpg,1394
c001,uam/005281.jpg,1436
c002,uam/005282.jpg,1123
c002,uam/005283.jpg,1284
c003,uam/005284.jpg,1171
c001,uam/005285.jpg,1507
c002,uam/005286.jpg,1117
c003,uam/005287.jpg,1319
c001,uam/005288.jpg,1210
c003,uam/005289.jpg,1399
c004,uam/005290.jpg,1274
c002,uam/005291.jpg,1254
c003,uam/005292.jpg,1514
c002,uam/005293.jpg,1100
c001,uam/005294.jpg,1288
c002,uam/005295.jpg,1229
c001,uam/005296.jpg,1123
c002,uam/005297.jpg,1263
c004,uam/005298.jpg,1210
c003,uam/005299.jpg,1421
c004,uam/005300.jpg,1292
c003,uam/005301.jpg,1241
c001,uam/005302.jpg,1220
c003,uam/005303.jpg,1444
c003,uam/005304.jpg,1241
c002,uam/005305.jpg,1277
c004,uam/005306.jpg,1422
c001,uam/005307.jpg,1482
c002,uam/005308.jpg,1545
c003,uam/005309.jpg,1569
c004,uam/005310.jpg,1172
c003,uam/005311.jpg,1447
c004,uam/005312.jpg,1163
c001,uam/005313.jpg,1149
c003,uam/005314.jpg,1172
c003,uam/005315.jpg,1096
c001,uam/005316.jpg,1164
c004,uam/005317.jpg,1208
c001,uam/005318.jpg,1446
c002,uam/005319.jpg,1332
c003,uam/005320.jpg,1557
c001,uam/005321.jpg,1118
c002,uam/005322.jpg,1313
c004,uam/005323.jpg,1184
c001,uam/005324.jpg,1288
c003,uam/005325.jpg,1464
c003,uam/005326.jpg,1198
c003,uam/005327.jpg,1378
c003,uam/005328.jpg,1408
c002,uam/005329.jpg,1290
c002,uam/005330.jpg,1346
c002,uam/005331.jpg,1309
c003,uam/005332.jpg,1353
c003,uam/005333.jpg,1289
c003,uam/005334.jpg,1501
c003,uam/005335.jpg,1267
c003,uam/005336.jpg,1190
c001,uam/005337.jpg,1097
c003,uam/005338.jpg,1131
c002,uam/005339.jpg,1274
c004,uam/005340.jpg,1255
c001,uam/005341.jpg,1185
c003,uam/005342.jpg,1343
c001,uam/005343.jpg,1367
c001,uam/005344.jpg,1428
c003,uam/005345.jpg,1545
c003,uam/005346.jpg,1328
c003,uam/005347.jpg,1106
c003,uam/005348.jpg,1198
c002,uam/005349.jpg,1159
c003,uam/005350.jpg,1140
c002,uam/005351.jpg,1146
c001,uam/005352.jpg,1159
c003,uam/005353.jpg,1127
c004,uam/005354.jpg,1202
c002,uam/005355.jpg,1290
c001,uam/005356.jpg,1135
c003,uam/005357.jpg,1181
c001,uam/005358.jpg,1206
c001,uam/005359.jpg,1208
c001,uam/005360.jpg,1108
c003,uam/005361.jpg,1387
c001,uam/005362.jpg,1317
c003,uam/005363.jpg,1474
c003,uam/005364.jpg,1393
c002,uam/005365.jpg,1436
c003,uam/005366.jpg,1345
c002,uam/005367.jpg,1114
c002,uam/005368.jpg,1405
c001,uam/005369.jpg,1250
c002,uam/005370.jpg,1163
c003,uam/005371.jpg,1520
c001,uam/005372.jpg,1093
c001,uam/005373.jpg,1197
c001,uam/005374.jpg,1338
c004,uam/005375.jpg,1118
c001,uam/005376.jpg,1175
c001,uam/005377.jpg,1161
c003,uam/005378.jpg,1552
c003,uam/005379.jpg,1257
c003,uam/005380.jpg,1274
c004,uam/005381.jpg,1195
c001,uam/005382.jpg,1189
c003,uam/005383.jpg,1324
c003,uam/005384.jpg,1122
c003,uam/005385.jpg,1514
c003,uam/005386.jpg,1445
c003,uam/005387.jpg,1404
c003,uam/005388.jpg,1156
c001,uam/005389.jpg,1308
c003,uam/005390.jpg,1385
c003,uam/005391.jpg,1455
c003,uam/005392.jpg,1368
c001,uam/005393.jpg,1300
c003,uam/005394.jpg,1225
c001,uam/005395.jpg,1279
c004,uam/005396.jpg,1422
c002,uam/005397.jpg,1281
c001,uam/005398.jpg,1264
c002,uam/005399.jpg,1496
c001,uam/005400.jpg,1098
c003,uam/005401.jpg,1305
c004,uam/005402.jpg,1553
c003,uam/005403.jpg,1210
c003,uam/005404.jpg,1203
c003,uam/005405.jpg,1311
c003,uam/005406.jpg,1380
c003,uam/005407.jpg,1433
c003,uam/005408.jpg,1240
c002,uam/005409.jpg,1342
c003,uam/005410.jpg,1429
c004,uam/005411.jpg,1109
c003,uam/005412.jpg,1331
c003,uam/005413.jpg,1313
c003,uam/005414.jpg,1153
c001,uam/005415.jpg,1170
c003,uam/005416.jpg,1341
c002,uam/005417.jpg,1321
c002,uam/005418.jpg,1146
c004,uam/005419.jpg,1333
c003,uam/005420.jpg,1537
c002,uam/005421.jpg,1319
c003,uam/005422.jpg,1284
c002,uam/005423.jpg,1121
c001,uam/005424.jpg,1235
c003,uam/005425.jpg,1220
c002,uam/005426.jpg,1201
c002,uam/005427.jpg,1343
c001,uam/005428.jpg,1548
c001,uam/005429.jpg,1280
c003,uam/005430.jpg,1419
c001,uam/005431.jpg,1263
c001,uam/005432.jpg,1127
c003,uam/005433.jpg,1497
c001,uam/005434.jpg,1480
c003,uam/005435.jpg,1496
c003,uam/005436.jpg,1424
c002,uam/005437.jpg,1316
c004,uam/005438.jpg,1553
c001,uam/005439.jpg,1236
c001,uam/005440.jpg,1192
c003,uam/005441.jpg,1314
c001,uam/005442.jpg,1299
c002,uam/005443.jpg,1263
c002,uam/005444.jpg,1382
c003,uam/005445.jpg,1135
c002,uam/005446.jpg,1343
c001,uam/005447.jpg,1478
c002,uam/005448.jpg,1369
c001,uam/005449.jpg,1569
c004,uam/005450.jpg,1277
c001,uam/005451.jpg,1533
c002,uam/005452.jpg,1554
c003,uam/005453.jpg,1406
c002,uam/005454.jpg,1265
c003,uam/005455.jpg,1282
c003,uam/005456.jpg,1184
c001,uam/005457.jpg,1140
c003,uam/005458.jpg,1549
c003,uam/005459.jpg,1119
c002,uam/005460.jpg,1439
c002,uam/005461.jpg,1318
c001,uam/005462.jpg,1353
c004,uam/005463.jpg,1484
c004,uam/005464.jpg,1367
c002,uam/005465.jpg,1178
c003,uam/005466.jpg,1133
c003,uam/005467.jpg,1254
c004,uam/005468.jpg,1487
c003,uam/005469.jpg,1284
c002,uam/005470.jpg,1123
c003,uam/005471.jpg,1566
c003,uam/005472.jpg,1167
c001,uam/005473.jpg,1416
c003,uam/005474.jpg,1323
c003,uam/005475.jpg,1310
c003,uam/005476.jpg,1357
c004,uam/005477.jpg,1282
c003,uam/005478.jpg,1466
c004,uam/005479.jpg,1404
c004,uam/005480.jpg,1390
c003,uam/005481.jpg,1564
c003,uam/005482.jpg,1274
c004,uam/005483.jpg,1159
c003,uam/005484.jpg,1410
c003,uam/005485.jpg,1214
c003,uam/005486.jpg,1368
c002,uam/005487.jpg,1233
c004,uam/005488.jpg,1294
c003,uam/005489.jpg,1158
c004,uam/005490.jpg,1146
c003,uam/005491.jpg,1107
c004,uam/005492.jpg,1288
c003,uam/005493.jpg,1366
c004,uam/005494.jpg,1482
c003,uam/005495.jpg,1277
c003,uam/005496.jpg,1342
c001,uam/005497.jpg,1506
c004,uam/005498.jpg,1388
c003,uam/005499.jpg,1458
c003,uam/005500.jpg,1430
c003,uam/005501.jpg,1496
c004,uam/005502.jpg,1270
c001,uam/005503.jpg,1368
c002,uam/005504.jpg,1185
c003,uam/005505.jpg,1244
c003,uam/005506.jpg,1142
c001,uam/005507.jpg,1315
c003,uam/005508.jpg,1212
c003,uam/005509.jpg,1110
c001,uam/005510.jpg,1560
c003,uam/005511.jpg,1533
c001,uam/005512.jpg,1360
c002,uam/005513.jpg,1343
c001,uam/005514.jpg,1333
c003,uam/005515.jpg,1320
c003,uam/005516.jpg,1218
c003,uam/005517.jpg,1472
c001,uam/005518.jpg,1288
c003,uam/005519.jpg,1369
c001,uam/005520.jpg,1312
c004,uam/005521.jpg,1366
c003,uam/005522.jpg,1490
c004,uam/005523.jpg,1272
c002,uam/005524.jpg,1175
c001,uam/005525.jpg,1276
c003,uam/005526.jpg,1330
c002,uam/005527.jpg,1272
c002,uam/005528.jpg,1294
c002,uam/005529.jpg,1368
c002,uam/005530.jpg,1490
c003,uam/005531.jpg,1255
c004,uam/005532.jpg,1118
c003,uam/005533.jpg,1405
c002,uam/005534.jpg,1390
c003,uam/005535.jpg,1512
c001,uam/005536.jpg,1342
c003,uam/005537.jpg,1325
c002,uam/005538.jpg,1167
c002,uam/005539.jpg,1240
c001,uam/005540.jpg,1327
c001,uam/005541.jpg,1359
c002,uam/005542.jpg,1313
c003,uam/005543.jpg,1288
c002,uam/005544.jpg,1304
c002,uam/005545.jpg,1270
c002,uam/005546.jpg,1107
c001,uam/005547.jpg,1113
c001,uam/005548.jpg,1217
c001,uam/005549.jpg,1312
c003,uam/005550.jpg,1100
c003,uam/005551.jpg,1544
c004,uam/005552.jpg,1304
c004,uam/005553.jpg,1163
c001,uam/005554.jpg,1178
c002,uam/005555.jpg,1296
c002,uam/005556.jpg,1146
c003,uam/005557.jpg,1203
c001,uam/005558.jpg,1359
c002,uam/005559.jpg,1320
c003,uam/005560.jpg,1213
c003,uam/005561.jpg,1206
c001,uam/005562.jpg,1141
c003,uam/005563.jpg,1308
c003,uam/005564.jpg,1529
c002,uam/005565.jpg,1171
c003,uam/005566.jpg,1150
c002,uam/005567.jpg,1217
c002,uam/005568.jpg,1291
c003,uam/005569.jpg,1529
c001,uam/005570.jpg,1386
c001,uam/005571.jpg,1505
c003,uam/005572.jpg,1442
c003,uam/005573.jpg,1250
c001,uam/005574.jpg,1189
c002,uam/005575.jpg,1238
c002,uam/005576.jpg,1312
c002,uam/005577.jpg,1141
c001,uam/005578.jpg,1225
c002,uam/005579.jpg,1276
c001,uam/005580.jpg,1491
c004,uam/005581.jpg,1435
c001,uam/005582.jpg,1398
c002,uam/005583.jpg,1127
c003,uam/005584.jpg,1533
c002,uam/005585.jpg,1172
c001,uam/005586.jpg,1133
c001,uam/005587.jpg,1539
c003,uam/005588.jpg,1315
c004,uam/005589.jpg,1565
c004,uam/005590.jpg,1298
c003,uam/005591.jpg,1225
c003,uam/005592.jpg,1538
c002,uam/005593.jpg,1196
c003,uam/005594.jpg,1474
c001,uam/005595.jpg,1556
c003,uam/005596.jpg,1517
c002,uam/005597.jpg,1441
c002,uam/005598.jpg,1283
c003,uam/005599.jpg,1287
c004,uam/005600.jpg,1100
c003,uam/005601.jpg,1155
c003,uam/005602.jpg,1196
c003,uam/005603.jpg,1352
c001,uam/005604.jpg,1289
c002,uam/005605.jpg,1295
c001,uam/005606.jpg,1438
c003,uam/005607.jpg,1300
c002,uam/005608.jpg,1492
c002,uam/005609.jpg,1407
c003,uam/005610.jpg,1507
c002,uam/005611.jpg,1172
c003,uam/005612.jpg,1448
c001,uam/005613.jpg,1488
c003,uam/005614.jpg,1351
c004,uam/005615.jpg,1146
c002,uam/005616.jpg,1201
c003,uam/005617.jpg,1407
c003,uam/005618.jpg,1545
c004,uam/005619.jpg,1332
c002,uam/005620.jpg,1520
c004,uam/005621.jpg,1294
c003,uam/005622.jpg,1155
c001,uam/005623.jpg,1192
c003,uam/005624.jpg,1540
c001,uam/005625.jpg,1378
c002,uam/005626.jpg,1525
c001,uam/005627.jpg,1280
c003,uam/005628.jpg,1522
c003,uam/005629.jpg,1117
c002,uam/005630.jpg,1381
c001,uam/005631.jpg,1226
c003,uam/005632.jpg,1418
c004,uam/005633.jpg,1397
c001,uam/005634.jpg,1385
c003,uam/005635.jpg,1239
c003,uam/005636.jpg,1372
c003,uam/005637.jpg,1318
c003,uam/005638.jpg,1275
c004,uam/005639.jpg,1254
c002,uam/005640.jpg,1375
c001,uam/005641.jpg,1307
c003,uam/005642.jpg,1518
c002,uam/005643.jpg,1147
c003,uam/005644.jpg,1126
c003,uam/005645.jpg,1431
c002,uam/005646.jpg,1480
c003,uam/005647.jpg,1234
c002,uam/005648.jpg,1481
c004,uam/005649.jpg,1302
c004,uam/005650.jpg,1482
c003,uam/005651.jpg,1467
c003,uam/005652.jpg,1392
c004,uam/005653.jpg,1118
c003,uam/005654.jpg,1472
c001,uam/005655.jpg,1562
c004,uam/005656.jpg,1163
c003,uam/005657.jpg,1096
c001,uam/005658.jpg,1181
c001,uam/005659.jpg,1131
c003,uam/005660.jpg,1231
c001,uam/005661.jpg,1133
c003,uam/005662.jpg,1513
c002,uam/005663.jpg,1349
c002,uam/005664.jpg,1353
c003,uam/005665.jpg,1486
c001,uam/005666.jpg,1318
c001,uam/005667.jpg,1421
c003,uam/005668.jpg,1312
c003,uam/005669.jpg,1406
c001,uam/005670.jpg,1225
c003,uam/005671.jpg,1483
c003,uam/005672.jpg,1165
c003,uam/005673.jpg,1123
c001,uam/005674.jpg,1279
c001,uam/005675.jpg,1264
c001,uam/005676.jpg,1292
c002,uam/005677.jpg,1325
c004,uam/005678.jpg,1159
c001,uam/005679.jpg,1292
c002,uam/005680.jpg,1095
c003,uam/005681.jpg,1422
c003,uam/005682.jpg,1328
c002,uam/005683.jpg,1299
c002,uam/005684.jpg,1433
c003,uam/005685.jpg,1114
c003,uam/005686.jpg,1377
c003,uam/005687.jpg,1289
c003,uam/005688.jpg,1526
c003,uam/005689.jpg,1552
c003,uam/005690.jpg,1179
c002,uam/005691.jpg,1146
c002,uam/005692.jpg,1248
c003,uam/005693.jpg,1386
c002,uam/005694.jpg,1242
c004,uam/005695.jpg,1100
c002,uam/005696.jpg,1179
c002,uam/005697.jpg,1256
c002,uam/005698.jpg,1255
c003,uam/005699.jpg,1196
c003,uam/005700.jpg,1262
c003,uam/005701.jpg,1274
c002,uam/005702.jpg,1465
c002,uam/005703.jpg,1292
c003,uam/005704.jpg,1096
c001,uam/005705.jpg,1520
c004,uam/005706.jpg,1118
c003,uam/005707.jpg,1372
c003,uam/005708.jpg,1444
c002,uam/005709.jpg,1424
c002,uam/005710.jpg,1381
c001,uam/005711.jpg,1201
c002,uam/005712.jpg,1387
c003,uam/005713.jpg,1384
c003,uam/005714.jpg,1462
c003,uam/005715.jpg,1229
c003,uam/005716.jpg,1212
c003,uam/005717.jpg,1461
c003,uam/005718.jpg,1302
c003,uam/005719.jpg,1147
c001,uam/005720.jpg,1512
c004,uam/005721.jpg,1344
c001,uam/005722.jpg,1123
c003,uam/005723.jpg,1261
c002,uam/005724.jpg,1209
c001,uam/005725.jpg,1255
c003,uam/005726.jpg,1208
c003,uam/005727.jpg,1455
c001,uam/005728.jpg,1159
c001,uam/005729.jpg,1111
c003,uam/005730.jpg,1348
c003,uam/005731.jpg,1515
c003,uam/005732.jpg,1342
c004,uam/005733.jpg,1294
c002,uam/005734.jpg,1308
c003,uam/005735.jpg,1108
c001,uam/005736.jpg,1503
c003,uam/005737.jpg,1146
c002,uam/005738.jpg,1102
c003,uam/005739.jpg,1354
c001,uam/005740.jpg,1405
c003,uam/005741.jpg,1280
c002,uam/005742.jpg,1102
c002,uam/005743.jpg,1360
c004,uam/005744.jpg,1277
c001,uam/005745.jpg,1290
c001,uam/005746.jpg,1306
c002,uam/005747.jpg,1410
c002,uam/005748.jpg,1492
c003,uam/005749.jpg,1464
c004,uam/005750.jpg,1100
c001,uam/005751.jpg,1123
c003,uam/005752.jpg,1094
c004,uam/005753.jpg,1123
c001,uam/005754.jpg,1564
c003,uam/005755.jpg,1540
c004,uam/005756.jpg,1338
c003,uam/005757.jpg,1440
c003,uam/005758.jpg,1100
c002,uam/005759.jpg,1376
c003,uam/005760.jpg,1506
c001,uam/005761.jpg,1520
c002,uam/005762.jpg,1129
c004,uam/005763.jpg,1234
c003,uam/005764.jpg,1325
c003,uam/005765.jpg,1264
c002,uam/005766.jpg,1337
c003,uam/005767.jpg,1260
c003,uam/005768.jpg,1344
c001,uam/005769.jpg,1344
c004,uam/005770.jpg,1114
c002,uam/005771.jpg,1126
c003,uam/005772.jpg,1373
c003,uam/005773.jpg,1145
c003,uam/005774.jpg,1504
c001,uam/005775.jpg,1282
c003,uam/005776.jpg,1409
c002,uam/005777.jpg,1316
c002,uam/005778.jpg,1453
c001,uam/005779.jpg,1108
c001,uam/005780.jpg,1100
c002,uam/005781.jpg,1138
c003,uam/005782.jpg,1161
c001,uam/005783.jpg,1101
c003,uam/005784.jpg,1137
c002,uam/005785.jpg,1210
c003,uam/005786.jpg,1140
c001,uam/005787.jpg,1496
c002,uam/005788.jpg,1340
c003,uam/005789.jpg,1258
c003,uam/005790.jpg,1161
c001,uam/005791.jpg,1240
c004,uam/005792.jpg,1338
c004,uam/005793.jpg,1161
c003,uam/005794.jpg,1181
c001,uam/005795.jpg,1257
c004,uam/005796.jpg,1232
c001,uam/005797.jpg,1344
c001,uam/005798.jpg,1405
c003,uam/005799.jpg,1326
c004,uam/005800.jpg,1330
c001,uam/005801.jpg,1284
c001,uam/005802.jpg,1196
c001,uam/005803.jpg,1296
c002,uam/005804.jpg,1242
c001,uam/005805.jpg,1397
c002,uam/005806.jpg,1452
c003,uam/005807.jpg,1472
c002,uam/005808.jpg,1493
c003,uam/005809.jpg,1130
c003,uam/005810.jpg,1228
c002,uam/005811.jpg,1288
c002,uam/005812.jpg,1167
c003,uam/005813.jpg,1099
c003,uam/005814.jpg,1362
c003,uam/005815.jpg,1307
c002,uam/005816.jpg,1444
c003,uam/005817.jpg,1375
c003,uam/005818.jpg,1189
c003,uam/005819.jpg,1529
c003,uam/005820.jpg,1486
c002,uam/005821.jpg,1360
c003,uam/005822.jpg,1539
c001,uam/005823.jpg,1510
c004,uam/005824.jpg,1344
c003,uam/005825.jpg,1382
c003,uam/005826.jpg,1278
c003,uam/005827.jpg,1251
c001,uam/005828.jpg,1111
c002,uam/005829.jpg,1405
c003,uam/005830.jpg,1123
c002,uam/005831.jpg,1566
c003,uam/005832.jpg,1161
c002,uam/005833.jpg,1362
c001,uam/005834.jpg,1123
c002,uam/005835.jpg,1391
c002,uam/005836.jpg,1408
c001,uam/005837.jpg,1139
c003,uam/005838.jpg,1202
c003,uam/005839.jpg,1208
c001,uam/005840.jpg,1344
c002,uam/005841.jpg,1141
c002,uam/005842.jpg,1506
c001,uam/005843.jpg,1211
c003,uam/005844.jpg,1448
c003,uam/005845.jpg,1491
c002,uam/005846.jpg,1499
c004,uam/005847.jpg,1287
c002,uam/005848.jpg,1249
c001,uam/005849.jpg,1243
c003,uam/005850.jpg,1123
c002,uam/005851.jpg,1116
c004,uam/005852.jpg,1167
c001,uam/005853.jpg,1283
c002,uam/005854.jpg,1321
c003,uam/005855.jpg,1332
c001,uam/005856.jpg,1439
c002,uam/005857.jpg,1398
c003,uam/005858.jpg,1427
c001,uam/005859.jpg,1288
c002,uam/005860.jpg,1569
c002,uam/005861.jpg,1267
c001,uam/005862.jpg,1218
c003,uam/005863.jpg,1503
c003,uam/005864.jpg,1508
c004,uam/005865.jpg,1565
c002,uam/005866.jpg,1447
c002,uam/005867.jpg,1546
c003,uam/005868.jpg,1568
c001,uam/005869.jpg,1123
c003,uam/005870.jpg,1207
c003,uam/005871.jpg,1153
c004,uam/005872.jpg,1249
c003,uam/005873.jpg,1479
c002,uam/005874.jpg,1137
c003,uam/005875.jpg,1481
c002,uam/005876.jpg,1156
c003,uam/005877.jpg,1206
c004,uam/005878.jpg,1100
c003,uam/005879.jpg,1305
c003,uam/005880.jpg,1131
c003,uam/005881.jpg,1326
c001,uam/005882.jpg,1256
c003,uam/005883.jpg,1437
c002,uam/005884.jpg,1124
c003,uam/005885.jpg,1188
c003,uam/005886.jpg,1522
c003,uam/005887.jpg,1319
c004,uam/005888.jpg,1415
c002,uam/005889.jpg,1143
c001,uam/005890.jpg,1508
c003,uam/005891.jpg,1107
c003,uam/005892.jpg,1373
c001,uam/005893.jpg,1475
c003,uam/005894.jpg,1242
c003,uam/005895.jpg,1123
c001,uam/005896.jpg,1094
c001,uam/005897.jpg,1133
c004,uam/005898.jpg,1264
c003,uam/005899.jpg,1538
c004,uam/005900.jpg,1213
c002,uam/005901.jpg,1556
c004,uam/005902.jpg,1397
c003,uam/005903.jpg,1139
c004,uam/005904.jpg,1254
c003,uam/005905.jpg,1480
c004,uam/005906.jpg,1434
c004,uam/005907.jpg,1270
c004,uam/005908.jpg,1146
c003,uam/005909.jpg,1187
c003,uam/005910.jpg,1254
c002,uam/005911.jpg,1307
c003,uam/005912.jpg,1549
c001,uam/005913.jpg,1165
c001,uam/005914.jpg,1123
c003,uam/005915.jpg,1284
c003,uam/005916.jpg,1508
c001,uam/005917.jpg,1537
c003,uam/005918.jpg,1256
c004,uam/005919.jpg,1377
c003,uam/005920.jpg,1277
c001,uam/005921.jpg,1118
c001,uam/005922.jpg,1319
c004,uam/005923.jpg,1105
c001,uam/005924.jpg,1547
c003,uam/005925.jpg,1439
c001,uam/005926.jpg,1337
c001,uam/005927.jpg,1283
c002,uam/005928.jpg,1094
c001,uam/005929.jpg,1300
c002,uam/005930.jpg,1342
c001,uam/005931.jpg,1228
c003,uam/005932.jpg,1332
c001,uam/005933.jpg,1226
c001,uam/005934.jpg,1113
c003,uam/005935.jpg,1296
c001,uam/005936.jpg,1289
c002,uam/005937.jpg,1210
c001,uam/005938.jpg,1272
c003,uam/005939.jpg,1223
c002,uam/005940.jpg,1311
c001,uam/005941.jpg,1155
c003,uam/005942.jpg,1107
c002,uam/005943.jpg,1114
c003,uam/005944.jpg,1267
c001,uam/005945.jpg,1219
c001,uam/005946.jpg,1167
c002,uam/005947.jpg,1151
c003,uam/005948.jpg,1436
c002,uam/005949.jpg,1450
c001,uam/005950.jpg,1312
c001,uam/005951.jpg,1467
c001,uam/005952.jpg,1499
c001,uam/005953.jpg,1294
c003,uam/005954.jpg,1555
c001,uam/005955.jpg,1291
c002,uam/005956.jpg,1522
c001,uam/005957.jpg,1294
c003,uam/005958.jpg,1107
c002,uam/005959.jpg,1419
c002,uam/005960.jpg,1363
c004,uam/005961.jpg,1273
c003,uam/005962.jpg,1159
c002,uam/005963.jpg,1454
c004,uam/005964.jpg,1310
c002,uam/005965.jpg,1461
c003,uam/005966.jpg,1343
c001,uam/005967.jpg,1447
c003,uam/005968.jpg,1175
c003,uam/005969.jpg,1332
c003,uam/005970.jpg,1335
c003,uam/005971.jpg,1108
c003,uam/005972.jpg,1562
c003,uam/005973.jpg,1354
c001,uam/005974.jpg,1233
c003,uam/005975.jpg,1240
c002,uam/005976.jpg,1113
c002,uam/005977.jpg,1189
c003,uam/005978.jpg,1496
c001,uam/005979.jpg,1366
c002,uam/005980.jpg,1104
c001,uam/005981.jpg,1376
c002,uam/005982.jpg,1231
c001,uam/005983.jpg,1438
c004,uam/005984.jpg,1321
c002,uam/005985.jpg,1188
c002,uam/005986.jpg,1387
c004,uam/005987.jpg,1263
c001,uam/005988.jpg,1114
c004,uam/005989.jpg,1510
c002,uam/005990.jpg,1097
c002,uam/005991.jpg,1149
c001,uam/005992.jpg,1339
c003,uam/005993.jpg,1458
c003,uam/005994.jpg,1253
c001,uam/005995.jpg,1555
c002,uam/005996.jpg,1141
c001,uam/005997.jpg,1164
c003,uam/005998.jpg,1350
c001,uam/005999.jpg,1554
c001,uam/006000.jpg,1327
c002,uam/006001.jpg,1512
c003,uam/006002.jpg,1306
c002,uam/006003.jpg,1313
c002,uam/006004.jpg,1124
c001,uam/006005.jpg,1388
c002,uam/006006.jpg,1288
c004,uam/006007.jpg,1118
c001,uam/006008.jpg,1220
c003,uam/006009.jpg,1103
c003,uam/006010.jpg,1388
c002,uam/006011.jpg,1146
c003,uam/006012.jpg,1238
c002,uam/006013.jpg,1514
c002,uam/006014.jpg,1393
c002,uam/006015.jpg,1544
c003,uam/006016.jpg,1514
c003,uam/006017.jpg,1254
c003,uam/006018.jpg,1388
c003,uam/006019.jpg,1392
c001,uam/006020.jpg,1425
c001,uam/006021.jpg,1505
c003,uam/006022.jpg,1257
c003,uam/006023.jpg,1201
c003,uam/006024.jpg,1413
c003,uam/006025.jpg,1346
c001,uam/006026.jpg,1312
c001,uam/006027.jpg,1525
c001,uam/006028.jpg,1095
c001,uam/006029.jpg,1308
c002,uam/006030.jpg,1429
c003,uam/006031.jpg,1133
c001,uam/006032.jpg,1240
c001,uam/006033.jpg,1342
c002,uam/006034.jpg,1474
c003,uam/006035.jpg,1446
c001,uam/006036.jpg,1369
c002,uam/006037.jpg,1134
c002,uam/006038.jpg,1499
c002,uam/006039.jpg,1134
c002,uam/006040.jpg,1259
c002,uam/006041.jpg,1161
c001,uam/006042.jpg,1311
c001,uam/006043.jpg,1146
c002,uam/006044.jpg,1236
c001,uam/006045.jpg,1192
c003,uam/006046.jpg,1161
c004,uam/006047.jpg,1161
c002,uam/006048.jpg,1181
c002,uam/006049.jpg,1316
c003,uam/006050.jpg,1219
c002,uam/006051.jpg,1094
c002,uam/006052.jpg,1123
c002,uam/006053.jpg,1414
c001,uam/006054.jpg,1161
c001,uam/006055.jpg,1372
c002,uam/006056.jpg,1127
c003,uam/006057.jpg,1175
c004,uam/006058.jpg,1152
c003,uam/006059.jpg,1545
c001,uam/006060.jpg,1343
c001,uam/006061.jpg,1349
c002,uam/006062.jpg,1307
c002,uam/006063.jpg,1169
c003,uam/006064.jpg,1436
c002,uam/006065.jpg,1388
c003,uam/006066.jpg,1499
c003,uam/006067.jpg,1335
c003,uam/006068.jpg,1325
c001,uam/006069.jpg,1175
c003,uam/006070.jpg,1256
c002,uam/006071.jpg,1254
c004,uam/006072.jpg,1358
c001,uam/006073.jpg,1137
c003,uam/006074.jpg,1139
c003,uam/006075.jpg,1265
c003,uam/006076.jpg,1357
c002,uam/006077.jpg,1186
c001,uam/006078.jpg,1440
c002,uam/006079.jpg,1128
c003,uam/006080.jpg,1457
c001,uam/006081.jpg,1540
c004,uam/006082.jpg,1427
c003,uam/006083.jpg,1238
c002,uam/006084.jpg,1551
c003,uam/006085.jpg,1353
c003,uam/006086.jpg,1138
c003,uam/006087.jpg,1100
c002,uam/006088.jpg,1340
c004,uam/006089.jpg,1369
c001,uam/006090.jpg,1490
c003,uam/006091.jpg,1246
c003,uam/006092.jpg,1566
c002,uam/006093.jpg,1302
c003,uam/006094.jpg,1212
c002,uam/006095.jpg,1385
c001,uam/006096.jpg,1315
c003,uam/006097.jpg,1362
c003,uam/006098.jpg,1496
c003,uam/006099.jpg,1283
c001,uam/006100.jpg,1094
c002,uam/006101.jpg,1456
c003,uam/006102.jpg,1164
c002,uam/006103.jpg,1364
c003,uam/006104.jpg,1431
c001,uam/006105.jpg,1378
c004,uam/006106.jpg,1104
c003,uam/006107.jpg,1304
c001,uam/006108.jpg,1118
c002,uam/006109.jpg,1160
c001,uam/006110.jpg,1260
c001,uam/006111.jpg,1143
c003,uam/006112.jpg,1115
c003,uam/006113.jpg,1425
c003,uam/006114.jpg,1320
c002,uam/006115.jpg,1474
c001,uam/006116.jpg,1176
c002,uam/006117.jpg,1365
c002,uam/006118.jpg,1520
c004,uam/006119.jpg,1310
c003,uam/006120.jpg,1236
c003,uam/006121.jpg,1339
c001,uam/006122.jpg,1362
c004,uam/006123.jpg,1123
c001,uam/006124.jpg,1327
c002,uam/006125.jpg,1208
c001,uam/006126.jpg,1199
c003,uam/006127.jpg,1202
c003,uam/006128.jpg,1424
c001,uam/006129.jpg,1298
c004,uam/006130.jpg,1473
c003,uam/006131.jpg,1496
c004,uam/006132.jpg,1132
c002,uam/006133.jpg,1409
c002,uam/006134.jpg,1369
c004,uam/006135.jpg,1100
c001,uam/006136.jpg,1096
c003,uam/006137.jpg,1303
c001,uam/006138.jpg,1570
c003,uam/006139.jpg,1545
c001,uam/006140.jpg,1094
c002,uam/006141.jpg,1205
c001,uam/006142.jpg,1274
c002,uam/006143.jpg,1258
c004,uam/006144.jpg,1141
c003,uam/006145.jpg,1175
c001,uam/006146.jpg,1424
c004,uam/006147.jpg,1318
c001,uam/006148.jpg,1506
c003,uam/006149.jpg,1486
c001,uam/006150.jpg,1123
c001,uam/006151.jpg,1184
c001,uam/006152.jpg,1241
c001,uam/006153.jpg,1469
c003,uam/006154.jpg,1327
c001,uam/006155.jpg,1250
c002,uam/006156.jpg,1531
c001,uam/006157.jpg,1323
c003,uam/006158.jpg,1094
c001,uam/006159.jpg,1334
c003,uam/006160.jpg,1167
c002,uam/006161.jpg,1310
c002,uam/006162.jpg,1221
c003,uam/006163.jpg,1516
c002,uam/006164.jpg,1247
c001,uam/006165.jpg,1375
c004,uam/006166.jpg,1388
c001,uam/006167.jpg,1108
c003,uam/006168.jpg,1299
c003,uam/006169.jpg,1296
c001,uam/006170.jpg,1305
c002,uam/006171.jpg,1095
c003,uam/006172.jpg,1543
c003,uam/006173.jpg,1363
c002,uam/006174.jpg,1311
c004,uam/006175.jpg,1352
c003,uam/006176.jpg,1103
c003,uam/006177.jpg,1276
c001,uam/006178.jpg,1477
c001,uam/006179.jpg,1129
c001,uam/006180.jpg,1108
c001,uam/006181.jpg,1557
c003,uam/006182.jpg,1316
c003,uam/006183.jpg,1102
c003,uam/006184.jpg,1170
c001,uam/006185.jpg,1518
c003,uam/006186.jpg,1550
c003,uam/006187.jpg,1548
c003,uam/006188.jpg,1107
c002,uam/006189.jpg,1220
c002,uam/006190.jpg,1206
c002,uam/006191.jpg,1497
c003,uam/006192.jpg,1240
c003,uam/006193.jpg,1370
c002,uam/006194.jpg,1436
c003,uam/006195.jpg,1396
c001,uam/006196.jpg,1397
c001,uam/006197.jpg,1525
c002,uam/006198.jpg,1300
c001,uam/006199.jpg,1242
c002,uam/006200.jpg,1210
c002,uam/006201.jpg,1189
c002,uam/006202.jpg,1386
c001,uam/006203.jpg,1288
c001,uam/006204.jpg,1155
c003,uam/006205.jpg,1096
c004,uam/006206.jpg,1118
c003,uam/006207.jpg,1301
c001,uam/006208.jpg,1427
c002,uam/006209.jpg,1172
c003,uam/006210.jpg,1375
c002,uam/006211.jpg,1504
c002,uam/006212.jpg,1356
c002,uam/006213.jpg,1218
c002,uam/006214.jpg,1113
c002,uam/006215.jpg,1309
c003,uam/006216.jpg,1334
c001,uam/006217.jpg,1432
c001,uam/006218.jpg,1140
c002,uam/006219.jpg,1344
c002,uam/006220.jpg,1402
c003,uam/006221.jpg,1303
c002,uam/006222.jpg,1448
c001,uam/006223.jpg,1214
c001,uam/006224.jpg,1403
c001,uam/006225.jpg,1093
c004,uam/006226.jpg,1163
c004,uam/006227.jpg,1336
c002,uam/006228.jpg,1158
c001,uam/006229.jpg,1529
c002,uam/006230.jpg,1173
c003,uam/006231.jpg,1161
c002,uam/006232.jpg,1570
c002,uam/006233.jpg,1263
c001,uam/006234.jpg,1362
c003,uam/006235.jpg,1363
c002,uam/006236.jpg,1220
c004,uam/006237.jpg,1446
c001,uam/006238.jpg,1231
c004,uam/006239.jpg,1321
c001,uam/006240.jpg,1317
c002,uam/006241.jpg,1354
c001,uam/006242.jpg,1094
c003,uam/006243.jpg,1385
c002,uam/006244.jpg,1426
c004,uam/006245.jpg,1108
c004,uam/006246.jpg,1201
c003,uam/006247.jpg,1299
c003,uam/006248.jpg,1184
c001,uam/006249.jpg,1302
c003,uam/006250.jpg,1198
c003,uam/006251.jpg,1309
c003,uam/006252.jpg,1125
c002,uam/006253.jpg,1480
c001,uam/006254.jpg,1249
c004,uam/006255.jpg,1210
c001,uam/006256.jpg,1119
c003,uam/006257.jpg,1154
c003,uam/006258.jpg,1438
c002,uam/006259.jpg,1455
c001,uam/006260.jpg,1480
c001,uam/006261.jpg,1348
c002,uam/006262.jpg,1242
c003,uam/006263.jpg,1188
c004,uam/006264.jpg,1097
c004,uam/006265.jpg,1467
c001,uam/006266.jpg,1200
c004,uam/006267.jpg,1248
c003,uam/006268.jpg,1146
c001,uam/006269.jpg,1228
c001,uam/006270.jpg,1247
c003,uam/006271.jpg,1475
c001,uam/006272.jpg,1226
c004,uam/006273.jpg,1118
c004,uam/006274.jpg,1288
c003,uam/006275.jpg,1442
c002,uam/006276.jpg,1146
c003,uam/006277.jpg,1538
c002,uam/006278.jpg,1483
c002,uam/006279.jpg,1187
c001,uam/006280.jpg,1430
c003,uam/006281.jpg,1218
c001,uam/006282.jpg,1275
c003,uam/006283.jpg,1274
c001,uam/006284.jpg,1529
c003,uam/006285.jpg,1093
c002,uam/006286.jpg,1519
c002,uam/006287.jpg,1114
c003,uam/006288.jpg,1174
c003,uam/006289.jpg,1506
c003,uam/006290.jpg,1324
c003,uam/006291.jpg,1327
c003,uam/006292.jpg,1123
c004,uam/006293.jpg,1277
c003,uam/006294.jpg,1104
c002,uam/006295.jpg,1159
c002,uam/006296.jpg,1145
c001,uam/006297.jpg,1345
c004,uam/006298.jpg,1302
c003,uam/006299.jpg,1125
c001,uam/006300.jpg,1438
c001,uam/006301.jpg,1172
c001,uam/006302.jpg,1317
c002,uam/006303.jpg,1294
c003,uam/006304.jpg,1351
c001,uam/006305.jpg,1105
c003,uam/006306.jpg,1135
c003,uam/006307.jpg,1307
c003,uam/006308.jpg,1160
c001,uam/006309.jpg,1108
c003,uam/006310.jpg,1200
c003,uam/006311.jpg,1348
c004,uam/006312.jpg,1304
c003,uam/006313.jpg,1216
c002,uam/006314.jpg,1428
c004,uam/006315.jpg,1167
c001,uam/006316.jpg,1108
c002,uam/006317.jpg,1123
c002,uam/006318.jpg,1185
c001,uam/006319.jpg,1099
c003,uam/006320.jpg,1220
c002,uam/006321.jpg,1224
c003,uam/006322.jpg,1262
c003,uam/006323.jpg,1519
c002,uam/006324.jpg,1292
c002,uam/006325.jpg,1210
c002,uam/006326.jpg,1343
c004,uam/006327.jpg,1123
c003,uam/006328.jpg,1175
c003,uam/006329.jpg,1550
c002,uam/006330.jpg,1192
c002,uam/006331.jpg,1466
c003,uam/006332.jpg,1331
c004,uam/006333.jpg,1287
c002,uam/006334.jpg,1386
c003,uam/006335.jpg,1128
c003,uam/006336.jpg,1108
c002,uam/006337.jpg,1373
c004,uam/006338.jpg,1361
c003,uam/006339.jpg,1470
c001,uam/006340.jpg,1247
c002,uam/006341.jpg,1342
c003,uam/006342.jpg,1413
c001,uam/006343.jpg,1444
c001,uam/006344.jpg,1560
c003,uam/006345.jpg,1470
c003,uam/006346.jpg,1328
c003,uam/006347.jpg,1307
c002,uam/006348.jpg,1413
c001,uam/006349.jpg,1159
c002,uam/006350.jpg,1351
c003,uam/006351.jpg,1541
c002,uam/006352.jpg,1102
c004,uam/006353.jpg,1419
c003,uam/006354.jpg,1252
c003,uam/006355.jpg,1542
c001,uam/006356.jpg,1341
c001,uam/006357.jpg,1195
c003,uam/006358.jpg,1303
c001,uam/006359.jpg,1330
c002,uam/006360.jpg,1177
c003,uam/006361.jpg,1523
c003,uam/006362.jpg,1121
c004,uam/006363.jpg,1116
c001,uam/006364.jpg,1482
c003,uam/006365.jpg,1269
c004,uam/006366.jpg,1163
c003,uam/006367.jpg,1175
c003,uam/006368.jpg,1313
c003,uam/006369.jpg,1193
c002,uam/006370.jpg,1470
c001,uam/006371.jpg,1324
c001,uam/006372.jpg,1348
c001,uam/006373.jpg,1370
c003,uam/006374.jpg,1399
c003,uam/006375.jpg,1324
c003,uam/006376.jpg,1286
c004,uam/006377.jpg,1118
c001,uam/006378.jpg,1289
c004,uam/006379.jpg,1502
c001,uam/006380.jpg,1388
c002,uam/006381.jpg,1194
c001,uam/006382.jpg,1328
c003,uam/006383.jpg,1231
c003,uam/006384.jpg,1115
c001,uam/006385.jpg,1514
c002,uam/006386.jpg,1224
c003,uam/006387.jpg,1391
