imageName,Corresponding Indexes
000001.jpg,84 941 2152 2502 1605 2348 1139 214 1602 2706 1866 1953 2841 909 1371 1525 1280 2572 106 1171 2567 2115 2263 244 2109 1084 2623 96 2141 2554 2751 1696 1214 1032 419 2153 22 189 1927 1113 894 744 1616 1365 1632 2678 2060 815 1960 1661 1987 1726 1198 1184 2203 1205 2303 621 924 1659 2831 1570 117 298 40 1199 1979 183 2705 2494 2677 594 327 1364 1251 300 957 481 2197 45 171 2448 2522 851 6 1738 2179 420 1064 2401 1502 2030 609 1397 971 2386 2571 1263 1380 2768
000002.jpg,2044 2501 85 2411 1934 1656 2528 1102 312 1644 2832 2790 635 1405 1624 2817 987 188 221 943 611 2300 1926 817 1319 1407 556 1386 547 2082 2270 1422 1983 1617 2574 1190 259 1092 2670 2397 712 1552 2544 463 1993 2344 1029 2676 2724 826 74 2800 2307 550 2837 2631 1428 1208 2011 2424 1796 445 2652 2840 2419 977 1045 2007 2084 283 1158 1328 2454 219 1788 2836 2069 2538 622 2564 606 1146 562 4 1414 1782 2707 1417 2358 2515 2088 1627 2646 900 2289 64 2626 2721 178 1369
000003.jpg,410 811 538 843 248 1079 1133 648 1516 434 709 2609 2219 2549 2843 544 257 937 253 1424 1466 2341 186 336 1498 94 2151 1454 2788 2746 112 1110 605 338 1131 1455 1634 1783 1794 1243 1731 2364 1138 535 1573 730 365 673 1005 1379 742 1871 1546 610 1894 2730 1707 2299 288 2290 435 717 593 1966 2196 2830 2560 1309 1040 1581 1020 2251 1670 749 2613 678 1311 2763 2377 870 2005 1969 1007 2697 2492 1527 1850 800 1068 2087 855 1142 2102 1968 1325 774 1992 1800 1511 1779
000004.jpg,2809 1721 12 1473 1876 2657 67 627 637 2583 2685 1027 255 1886 657 1868 1165 482 2617 2598 1810 2561 1548 217 1035 140 191 619 1390 2302 2712 1406 2506 1075 2089 2427 394 442 2445 2249 1839 1931 249 2251 790 2308 1263 393 2622 2589 508 692 2580 1012 1557 2829 2704 1439 1817 1980 2719 2315 2509 1330 944 677 1753 1833 1906 767 2475 136 2772 2779 2526 1879 1250 2136 531 1219 359 1881 2535 2292 2436 202 1869 1125 269 1185 662 915 1001 2510 488 2708 938 1511 1998 997
000005.jpg,499 1631 465 545 1228 1801 1785 2277 1394 1727 374 2555 63 1087 2058 529 2022 2579 1300 1333 898 1353 1019 803 834 789 483 1749 1558 1213 1898 251 540 1334 2113 2644 2242 2249 1389 2178 1883 1137 2546 2066 240 2759 304 761 824 1115 395 1230 341 1685 2238 2547 2542 2422 1091 2504 1561 1178 34 714 783 1093 2785 1161 2323 581 1683 766 328 2540 576 2317 1176 132 1277 1996 1427 1483 407 2072 2381 1207 1971 88 954 777 1914 2202 2190 695 614 1990 2784 149 101 2040
000006.jpg,1796 2034 2545 1569 48 100 715 64 2721 439 1640 562 305 51 155 2650 2433 2713 1860 2309 1584 2376 201 1490 1453 1496 2556 712 1617 1381 2631 1658 2241 2528 1316 1901 1644 2272 1993 1782 2411 1624 2817 2836 2352 2826 1096 221 817 1948 1656 2439 1045 260 2790 1636 85 563 194 1422 1218 1407 1544 1051 947 943 1369 1926 2300 1328 550 1405 2023 168 1416 169 2649 2454 1965 2837 2088 2045 2289 2815 2628 1444 1878 1934 635 2050 26 2044 1417 659 860 1261 2501 925 188 1663
000007.jpg,1938 1833 277 767 1443 889 2686 1747 2496 2510 431 2532 70 1753 2777 211 2478 1125 2077 951 315 2772 2315 1759 2702 2 2757 1165 1035 1834 1980 2302 1557 2663 2818 1390 2622 2561 1989 1460 18 1839 369 2015 1252 1842 191 2685 601 2323 500 990 2245 2249 980 1767 1548 461 1884 1263 2624 1333 1413 72 2388 1845 1418 1423 126 1065 571 2216 36 395 269 2514 297 2022 1340 733 309 684 167 2620 1310 1817 2795 931 1502 2644 1107 63 1952 1750 783 400 2667 1593 1986 688
000008.jpg,1845 2624 297 1235 103 2471 990 688 2601 502 1323 126 1186 1391 2314 1413 2276 578 848 903 768 1767 1340 931 1114 1830 702 2388 1107 1908 1608 250 522 1720 1821 65 284 1310 684 835 1975 1254 1512 2667 767 2302 277 1165 2478 1839 2323 1753 191 1035 2077 1125 1232 2777 2772 1723 973 395 315 251 2644 1916 1759 962 1570 374 1557 2561 1810 1397 1834 18 431 1938 2509 1605 803 2510 1285 1015 2015 2757 2620 951 249 2489 1080 2346 2699 304 298 1252 475 783 2496 2759
000009.jpg,117 2303 327 1659 2494 1205 1979 1184 2573 1198 2203 1687 275 1502 2791 2030 1425 1113 1922 298 1400 2179 2620 23 594 2572 1371 1080 690 1537 2263 2623 1738 1570 1397 1525 2768 510 2521 1960 2678 420 148 1488 1280 2101 1084 1726 1285 1641 973 205 907 1605 167 40 1423 20 2245 454 946 851 466 448 474 2222 1263 1144 2115 2124 1616 2677 425 163 375 498 1326 1696 2014 1219 2502 905 2118 629 2152 1637 2726 2288 924 953 1884 84 1019 1061 1661 244 306 149 39 941
000010.jpg,2267 2380 1236 1553 1430 1699 2415 2078 2568 2217 1492 427 142 429 1886 743 901 555 1793 868 1053 2423 1890 1888 802 1431 2668 2333 1562 554 2117 289 1256 2029 332 36 866 569 340 121 21 199 193 681 176 878 417 292 302 988 1033 2108 2743 2786 500 733 78 361 1686 536 2451 62 2090 2421 2221 1398 1429 893 2539 597 2227 1038 1754 1393 2629 1499 1041 323 2038 1418 1065 2384 886 2428 2828 2578 828 933 377 986 2032 1399 1070 1668 1132 1374 2671 2047 2031 2602
000011.jpg,799 1755 805 1303 653 1568 2794 2091 1781 561 2402 721 314 1317 1395 1756 2232 2164 1972 1647 1503 412 2531 1050 2137 2236 1274 1024 1297 822 239 1475 2061 1011 2693 1921 1127 1282 1875 131 1039 408 2715 1843 89 356 2765 1932 2280 806 27 49 495 1216 999 296 1655 2698 241 390 268 2565 580 1505 1813 525 927 464 1831 159 2053 1378 1829 1143 2173 1967 1635 1715 290 1140 1706 113 1293 1037 209 1335 1118 1273 1299 1022 1168 2316 1918 1281 2099 252 1472 1097 1262 31
000012.jpg,1044 897 1865 2317 1621 834 2555 2823 1727 2567 1447 1487 1661 1200 2249 2452 924 141 2156 2296 1719 2751 908 1469 761 752 376 213 1425 1321 1879 955 1757 1620 2150 394 2446 2216 2640 932 1546 1194 1906 1023 2829 488 2122 1482 123 1550 729 612 1098 1006 2550 2573 856 2140 986 2679 984 186 1255 2508 1729 2793 2295 2449 453 630 1019 1804 271 443 785 1363 2472 1171 2408 2245 796 632 214 177 2109 2055 1903 1047 401 2413 599 477 1271 2024 2547 2274 516 1833 2111 309
000013.jpg,1760 75 1004 1434 2112 182 940 1712 2497 1343 1103 60 2737 198 149 1999 1298 1304 949 954 783 1535 1333 2152 1113 291 1483 2441 2016 1019 614 40 986 1749 941 1605 44 2502 2542 84 2116 2386 95 2656 2022 1757 1197 1223 1251 214 1255 2827 2566 1693 1867 123 1685 1139 1502 2494 106 2677 621 1137 882 1727 96 1371 832 856 1849 596 1219 1346 1795 2203 894 2058 2401 2572 2348 1874 1364 1447 16 1336 63 2522 1263 594 1960 983 1979 1529 376 1064 183 1661 1986 1277
000014.jpg,2070 1141 1506 383 2669 654 192 2025 61 1781 1787 225 525 207 245 2396 49 1356 2311 2794 1248 2280 1780 139 1435 239 625 408 2091 679 1598 2164 1505 2173 216 1216 858 113 1282 252 209 838 1140 455 1924 356 1097 296 1262 2470 1293 2062 1127 1168 1299 1822 2232 655 1143 1829 1692 331 344 326 2698 580 1124 31 2053 159 2279 418 33 1706 1273 27 200 346 464 430 1037 2690 1472 1118 822 1568 2467 2806 1275 643 52 1481 2137 2406 2765 2611 2316 290 471 1008
000015.jpg,1254 1310 1512 1107 65 835 284 1908 903 702 768 2388 1830 1277 1620 834 1114 990 931 2471 2079 1104 502 297 2058 2555 309 1013 684 2080 1767 1608 2601 1720 1336 2136 848 1235 1340 1821 1244 333 856 393 1749 2579 2831 103 462 2641 1845 2160 603 1315 1323 1178 55 240 1669 1194 2571 1130 1057 1975 1727 1186 187 2275 205 2780 1147 1517 830 1450 1482 2197 2630 1907 1940 2624 1703 483 2401 677 2167 126 95 1458 2314 596 2547 789 1353 2733 250 1177 1300 2216 576 2705
000016.jpg,1861 210 793 57 1034 1580 2418 1276 2461 280 2004 1665 1792 570 2125 1859 1234 1392 689 1930 2174 746 2456 1072 1575 1358 1758 1724 2327 294 663 1664 756 2229 859 493 704 2838 366 797 2330 1375 2186 2374 1279 2694 77 421 228 857 2672 1030 1196 1350 720 2155 1716 1776 976 2123 1457 2039 133 1551 2662 1947 1576 1043 884 2332 287 158 801 880 2590 1877 885 2206 2739 242 2659 263 1191 1086 1377 798 1542 185 1887 2321 1292 934 2356 656 1348 1229 2703 1193 2581 2198
000017.jpg,2725 609 2464 2404 1766 1889 509 2457 844 2115 244 1616 1696 957 1515 5 2448 744 1477 2706 1426 214 1602 2128 1953 2348 1139 592 2751 1199 1171 1214 909 22 498 2109 2124 1661 1866 2567 375 1326 1556 466 1061 2014 163 425 473 2572 1637 388 40 941 1904 1032 2726 2366 1802 1744 2162 2351 84 1757 2354 1610 2591 43 2508 2197 851 1605 621 306 189 565 2150 1365 1960 1113 2408 1726 2502 882 971 2056 106 448 171 2182 1364 229 2678 2566 2425 2507 2188 1269 707 815
000018.jpg,1563 238 2250 28 2819 505 2500 2479 849 458 2552 152 2181 1532 2365 587 2716 313 2191 523 972 1827 2052 2283 503 633 1741 2557 81 2370 2193 2689 175 602 1680 671 2119 1704 1339 711 1335 847 1376 2099 696 2228 2592 1896 2527 1332 2674 354 734 2322 1111 705 330 2681 2177 772 2742 1297 1037 1024 464 532 1932 268 1831 92 1912 2806 1503 1262 2534 1706 1655 1875 726 1140 1117 927 1956 2028 455 2715 331 2764 131 2236 2531 2687 1293 159 2062 1829 1813 788 1011 1730
000019.jpg,1752 1146 1545 1316 1636 1840 1965 2241 2556 440 1496 59 2836 1381 312 1658 735 563 2832 1782 2826 1544 518 2439 900 1123 2628 2840 2389 2050 169 950 1878 1437 712 2837 155 1045 1624 1934 1422 2501 1486 260 978 1617 2367 221 445 1444 559 51 550 626 2815 497 1586 2652 2272 1656 4 2069 947 1649 987 305 645 965 1796 1148 2289 2130 201 1096 2419 1948 2790 1218 817 1407 1640 1901 2713 2088 2817 2433 168 2538 1092 1307 674 1405 2424 1102 635 2411 2082 259 85 1328
000020.jpg,1539 273 2524 2104 1242 879 2460 557 2363 1366 2175 2226 352 1480 1619 1660 1863 1816 2844 2633 1349 2607 147 969 551 127 2833 2595 1025 1925 2444 2139 2431 1982 385 1059 2710 2797 1514 2576 2517 342 1988 1684 2385 2801 1803 1549 1571 1811 867 814 2709 2776 1629 1524 2269 577 2298 667 299 810 651 264 2271 71 527 2473 143 2675 2092 697 2246 1 1618 2063 154 1215 2131 2484 2738 1069 2455 237 2185 1295 1341 2727 1939 124 2100 837 428 414 641 2138 2541 741 888 1440
000021.jpg,783 1093 949 2737 2111 1343 617 1856 2441 940 1004 2827 1999 2112 596 95 2785 1103 1914 983 407 540 2202 310 2242 2190 2745 1561 341 695 2542 88 1476 1743 1898 132 1176 1434 1535 2413 1996 766 1091 2547 1683 1631 328 2114 2238 777 576 2295 2317 1801 291 1749 198 1224 2422 824 1298 1773 1693 558 2644 1230 63 135 2180 1116 832 1447 1161 2016 149 1847 2129 1795 1334 1019 1513 1448 1087 75 60 1482 44 1469 1672 2323 2639 529 499 16 737 1713 364 581 2022 182
000022.jpg,2288 1357 2495 39 1818 2281 926 564 1180 230 2114 2000 751 1106 1482 1786 1036 1559 1523 2080 946 76 441 581 1257 1091 2695 318 1152 2239 1971 1641 2437 1943 1593 824 1451 1263 1219 55 907 60 117 2086 2555 1304 543 2202 2204 777 2132 1528 2787 834 2699 1476 1184 2245 2824 327 737 1361 2383 1194 2443 845 2494 215 1538 2497 1900 2381 75 2641 2542 2073 1836 379 1144 397 83 339 615 1380 1750 1940 917 1116 1014 683 2176 2317 2605 728 1423 993 862 1751 989 1057
000023.jpg,1504 222 2218 1436 2512 850 2362 2691 2355 1305 1052 755 2342 2450 1806 1098 2645 2071 2750 1790 935 1638 1321 1736 1933 2201 2096 836 2432 2156 1911 1709 144 796 612 981 2593 177 453 380 401 477 1628 2163 437 2122 2829 2074 1023 461 2679 399 1233 1163 1903 1047 73 1085 816 1599 141 1510 2587 760 2098 2055 823 2747 2469 1976 595 164 72 1717 208 2722 2446 1872 599 174 1145 2655 1160 1006 2009 2318 2452 2126 2420 1784 731 897 99 156 2636 172 2400 629 1479 2535
000024.jpg,1752 1545 1146 312 2832 2389 221 987 1405 635 1102 1934 556 2082 2790 4 85 1656 943 1407 1624 2270 2501 1386 547 626 2817 188 2411 59 2300 1644 611 1926 2528 1319 440 826 817 2044 1422 1737 1617 2241 735 2069 613 2050 2367 2840 712 1045 1552 1202 550 518 2837 2836 950 169 900 1636 463 1782 445 947 259 1328 1316 977 1983 2011 283 1092 2826 2424 2148 2133 1444 2419 155 1649 2544 2289 2454 480 2397 2631 2538 2088 2652 2649 260 1486 2130 1878 1190 179 1437 1993
000025.jpg,757 754 1728 2756 135 558 2295 1533 213 2413 2024 1231 1597 426 1689 184 2638 1448 2143 1265 24 2472 2430 2533 634 1478 1804 2320 2408 1149 2021 2615 1312 119 1719 967 1296 853 1984 1383 293 29 739 2277 80 707 1801 1394 218 2673 529 545 540 1898 1035 2644 1093 2172 898 1558 1087 395 962 286 2323 2566 783 1883 2178 304 2354 714 1839 1228 520 1683 792 1798 2113 251 101 1945 2014 1230 473 1333 2547 2759 2235 91 375 1326 1213 2242 2066 2508 1631 752 1427 2224
000026.jpg,346 2821 2467 2690 52 363 936 402 471 108 1438 478 786 2407 1481 2301 2398 418 753 1008 2465 2505 2244 1220 1662 628 1022 758 484 1465 1378 780 2429 2059 1918 1787 806 207 467 389 430 534 2669 1275 654 2687 840 61 1730 1048 2634 2025 452 2285 1692 1929 1097 2806 2070 295 225 1026 192 290 53 1756 331 89 655 2632 1822 2765 1612 1293 2611 1143 241 138 2794 2531 1216 2061 1568 504 1781 1921 1140 1647 1317 1273 1141 1395 1124 1789 1024 653 2396 2142 1118 1039
000027.jpg,1055 2294 1944 2728 2766 67 2583 725 627 1810 2825 2719 447 2207 2319 2558 692 2509 165 1001 2292 249 2350 1012 2121 1075 202 1825 1406 2736 1130 1212 442 137 494 2057 686 1126 2741 899 2135 1067 2291 1940 116 1606 2580 790 574 657 79 1962 1899 204 2842 2435 2068 2041 1452 1056 2665 1874 97 1223 722 2305 1473 12 1777 1868 359 1986 2708 1869 246 954 1076 1547 2511 2809 2598 1886 2051 2248 2436 1463 140 1439 1185 2506 2589 1935 145 2286 2653 1134 2748 677 1881 2787
000028.jpg,196 353 98 776 2474 1643 585 1625 869 701 1963 233 1819 1864 2462 2081 2334 2256 2067 910 781 2361 1042 276 1402 2103 1344 809 381 2353 1600 2001 2264 2012 2027 69 2132 871 2391 372 1077 2582 1751 1204 1170 450 2141 1697 2593 1565 875 513 301 862 2677 796 2803 303 629 1973 2101 2559 151 2691 1508 1105 883 528 392 923 1209 1519 1031 820 1210 2209 1384 2369 2618 247 343 2331 7 975 1772 1997 1585 1853 25 791 311 2336 2793 128 1528 915 2304 2349 2416 1911
000029.jpg,268 131 1875 495 452 2531 464 1706 1831 2687 241 1789 927 1843 1655 1730 1275 2806 1929 1503 2142 2285 1024 290 1011 295 1262 2565 2765 53 653 999 455 806 2715 418 2470 2236 2059 726 780 1475 484 1293 1097 1932 1378 504 1568 534 1923 324 1813 31 1662 580 2429 1481 2244 331 467 52 159 326 1022 1822 1026 2301 125 1465 2407 840 2062 1787 1062 501 2232 129 346 207 456 2053 2693 389 655 1281 33 788 1274 1037 1127 225 2634 1143 786 1124 1008 1912 799 1039
000030.jpg,2414 1177 107 2604 1104 1669 2641 55 2176 728 397 2550 1507 1194 575 2754 1691 2019 1523 2383 2695 441 2080 1482 373 584 1016 845 2395 2326 2360 736 2234 2159 834 1028 1690 1450 2630 1014 1919 2555 187 830 1646 393 993 379 1943 469 1244 2752 333 1147 2651 2621 1950 1467 32 83 917 1626 2033 1517 2347 1805 2239 2106 2780 1120 902 863 2563 309 1748 2518 541 1382 920 2368 2733 2586 2297 1277 462 1459 2058 2233 2073 924 2192 205 775 1809 87 2254 856 2166 2525 1734
000031.jpg,1721 1876 2809 1473 12 994 447 864 1055 2728 608 1931 526 2719 1056 2766 274 2207 2438 2683 1892 2291 494 1725 725 508 692 2526 1677 2294 677 2708 2057 790 2435 2736 1439 657 574 2825 1839 1771 2292 271 1035 2220 1185 249 1944 1942 2625 2089 2037 368 1406 1408 1012 204 431 1825 482 1899 2499 531 444 394 1998 682 627 1223 2589 2319 944 1881 1433 137 1868 2622 1874 1777 202 1592 1463 1817 2051 637 939 2741 2639 1165 255 442 165 1810 1940 1879 2440 1075 1986 1212
000032.jpg,264 2484 2063 837 1814 2455 1122 2269 2092 2833 1009 299 2371 2576 2139 428 2844 1589 2776 1982 1549 1159 1815 667 2797 1735 403 1622 2189 2486 352 1925 2100 2412 1338 1698 1366 2223 741 317 2473 846 1571 2731 1539 1994 1824 600 349 2338 2717 1 1421 2273 195 1291 642 2158 1520 551 17 2215 2385 1238 2727 1071 1862 2403 307 267 1619 891 888 1615 2431 1863 2255 262 223 1684 2820 1816 2253 2811 969 1201 573 2635 2584 1349 166 2175 1409 1540 2213 1480 234 1826 1025 2616
000033.jpg,2794 1781 2164 2311 239 2091 1248 525 1356 2280 1435 625 2232 245 2173 654 679 49 1598 1505 822 2137 209 139 408 1282 383 356 113 216 838 2070 296 858 1568 1018 782 2396 192 2025 2669 27 252 1787 1506 61 2632 1472 1297 653 2062 1141 1692 2053 455 1780 1048 207 580 31 225 1127 2236 1011 1293 1097 1124 1037 1262 1612 1168 131 159 1026 643 1299 1021 1961 1143 2406 1831 326 1647 2402 1706 1216 464 2693 1635 2017 1715 1655 2698 268 1755 655 2316 805 1274 33
000034.jpg,84 2152 2502 941 183 2706 1605 2141 621 171 45 2503 2056 1064 959 398 2182 2522 2760 2608 1139 236 1364 1251 2348 2841 1458 2401 909 244 2612 2572 1866 214 1616 2115 1602 2263 2197 2705 1696 106 565 2386 2831 785 1371 1525 1953 1365 1987 1113 1726 815 189 1960 1199 270 1171 1280 509 1032 2678 2116 2591 2761 1768 2160 844 300 2751 744 1084 22 2567 2457 40 1283 2048 1214 1927 2623 1570 2079 2060 1560 2677 2494 2448 1477 2203 2688 986 96 1757 1632 957 2230 2425 506
000035.jpg,645 2011 445 2707 1679 1623 1328 1029 2840 1054 1444 1649 197 1663 947 463 2289 1552 169 1782 2836 2767 2375 1045 2837 2130 1617 440 134 2241 2050 433 735 1993 1253 1544 712 51 2439 1381 2650 1422 2735 1658 2628 1417 2454 860 2649 155 179 1870 1788 1895 2088 550 1710 2631 562 1261 2769 1489 305 1640 1701 1369 1948 260 161 1218 2538 1860 1096 1486 563 1307 518 2556 769 348 1840 194 900 2352 1416 1051 1569 64 439 1796 965 1496 489 319 715 2482 2721 2045 259 2826
000036.jpg,629 882 1462 2572 986 84 1757 941 123 594 1371 2359 2677 1605 1139 40 2150 2152 1113 1960 2115 2348 2571 2502 2494 1255 1616 214 1661 2678 1184 300 2706 851 1866 2203 244 762 1987 327 1084 1144 909 1602 482 1488 1659 298 1687 2197 1525 106 1263 1400 1603 1032 1738 1949 1477 1570 1199 1726 2216 2705 275 815 2179 2261 1198 2831 750 1221 1927 285 281 2421 1696 2194 1280 2109 2303 2841 1397 474 1502 96 2503 2620 2688 1979 924 621 614 785 334 2263 420 973 2080 2386
000037.jpg,2291 574 2057 1223 482 1931 1439 494 2526 1874 2183 2683 2051 2220 2089 2639 2435 1899 598 647 657 2704 2427 1555 1433 2499 939 255 1725 368 217 2719 2445 1088 146 1330 531 692 677 686 790 444 2319 2292 1185 2438 128 447 2708 2589 1777 1473 1501 682 1962 2506 1902 725 2809 274 1592 2569 944 1757 491 224 2728 1408 2813 136 329 1881 1582 1639 1055 5 2766 2436 1817 854 12 1721 1944 2599 509 2580 844 995 1477 1700 2294 608 347 2207 1892 271 2762 637 2248 2154
000038.jpg,1993 1663 1045 1617 1444 1328 1489 712 1710 2050 2130 2454 2241 1701 1422 2836 1782 1417 947 1369 860 197 735 2649 440 169 26 2837 179 2840 2289 2769 433 1679 550 925 348 1054 1623 1870 480 463 2375 2707 1788 51 1658 1381 2767 1649 445 1544 2714 2011 817 2538 2439 900 1656 1640 1029 1172 2817 2300 1624 221 2790 155 1552 1218 2082 1934 1569 1796 518 305 2270 1437 1926 259 1407 635 943 2650 1486 1319 260 2528 769 161 134 611 188 1895 562 1644 2628 64 2826 489
000039.jpg,2043 2810 2171 650 2666 2816 1188 1891 1697 922 1153 1916 2346 475 411 1723 1456 1763 807 6 285 759 2643 546 37 1221 582 1702 1260 1882 1083 1865 1284 620 1603 1541 1761 820 1090 468 750 334 956 1858 732 1227 586 122 181 1082 2313 1308 1139 372 829 2261 2841 443 1605 1797 1570 661 2677 2502 1006 2194 1380 1250 2167 938 298 724 1502 2179 476 1537 38 980 594 148 1397 2387 629 40 973 1884 1696 2216 2514 1995 2410 905 2494 2483 669 1285 1015 1558 2203 2348
000040.jpg,1656 2411 2528 1644 1102 2790 2817 1624 1934 1926 2501 2832 2300 943 221 817 2044 1405 635 312 1407 85 987 188 556 611 2082 1319 2270 1386 547 1146 712 1617 1422 4 1752 1045 826 1993 2454 283 259 550 1983 2397 2069 2574 1796 1369 1092 2241 900 305 1737 2544 1202 1782 1710 2837 1328 1552 2836 2649 1489 2826 860 1208 977 1444 463 1545 480 26 925 947 155 169 2670 2050 2011 1417 1381 562 1029 2631 2652 1701 2840 2419 1190 2148 1437 1788 2515 2538 2344 2133 2424 613
000041.jpg,1140 1216 1647 2402 1972 721 1918 2061 1921 1829 1124 1299 1168 1303 1395 2279 1037 1317 1756 1924 412 1612 805 1297 27 2053 1273 113 799 1472 252 1143 1293 1692 1118 1755 561 936 344 1097 1141 2236 1505 2698 390 391 402 1635 1715 471 1475 138 1967 430 314 1506 580 1822 159 31 1050 655 2611 1438 2465 2505 643 1008 331 2632 326 858 363 1568 1011 1024 1018 2232 1220 2531 2398 782 2062 1598 753 1781 1780 2693 1048 2406 478 1503 525 1187 2765 2715 2407 822 383 1356
000042.jpg,2843 1946 2516 1526 2290 1005 2746 2730 2299 749 2364 1325 1871 2788 1442 1068 673 1511 257 112 1243 2549 2196 1379 1731 435 593 1020 544 2151 1794 1040 730 2417 2830 1138 1311 855 1581 2560 2697 2243 678 1966 937 1309 2005 1131 1110 1670 774 1968 365 2613 2087 605 1142 336 2492 2145 2519 821 1913 2251 1783 1779 1573 881 1634 1498 2680 610 434 1527 2006 717 1174 2377 870 1850 338 1094 410 1969 1424 535 800 1455 1936 406 811 1466 1800 288 253 2102 568 1992 1133 1385
000043.jpg,1083 1702 181 620 2643 759 732 582 6 1260 1797 546 285 1221 2313 1858 468 807 2807 2278 636 1882 1318 1536 2425 2476 661 1697 2194 2261 922 1188 2816 2168 1227 1153 476 2171 1891 1723 2043 1865 2048 829 1560 1763 37 2678 2810 650 1768 2666 586 1456 45 1761 1090 42 956 2761 1916 669 1603 2263 820 2056 411 229 1726 1570 1380 1064 40 1541 475 2346 2522 122 2167 1364 189 1251 2831 1284 1082 2705 2153 2386 2720 396 1032 2060 1139 1960 973 894 2760 443 762 2608
000044.jpg,848 931 1114 1830 768 903 702 1767 1107 2388 1908 1340 2471 65 2601 502 284 1845 2624 990 126 1235 688 1310 297 103 1608 250 1821 1254 1720 578 522 1323 684 1512 835 2276 1413 1391 1186 2314 1975 2667 767 1839 2302 2323 277 1035 315 1165 962 431 18 395 1285 2644 249 973 1810 2509 1753 1759 1798 1012 1390 1570 2622 298 2561 191 1125 1232 1557 601 2510 1922 1075 2478 2777 2077 1938 2772 1397 2620 1406 2 1207 1842 2757 1219 2183 1263 67 1015 251 581 2706 851
000045.jpg,269 1548 2685 1980 2315 531 2702 1073 2302 1035 1165 368 2499 191 1075 1833 277 2296 1865 2518 44 1406 1443 889 1725 1747 202 1200 2483 1810 1839 2318 444 1194 2437 1732 1884 83 1979 2561 824 1869 1557 1263 576 1593 1938 1749 683 16 767 1447 1012 167 1284 2494 2509 1502 1469 249 1001 2180 1943 2510 980 1390 568 2686 2249 946 60 1285 372 1195 1483 993 1750 1661 2598 2202 1020 500 1120 2547 67 1057 1131 1456 2161 1387 796 111 1147 2719 2563 2653 315 1620 448 1919
000046.jpg,1697 2167 2268 459 922 1380 1911 1763 1090 1456 1188 1082 1308 586 37 1284 411 546 2823 285 443 1006 372 759 1221 6 2643 582 650 2043 732 1702 2171 181 620 1153 2313 1260 122 1797 1858 1083 661 468 38 2810 2816 2666 829 1882 2194 807 1891 1761 1227 2261 167 820 2168 980 1603 1865 1541 20 1285 1884 476 298 669 1570 956 334 475 1723 1916 1537 946 1267 636 973 796 1536 2118 2346 1200 1610 2514 724 2623 448 1015 1387 2677 750 454 2476 1995 396 2425 2593
000047.jpg,734 1741 1827 2674 152 458 671 1339 2099 28 1704 1532 2819 505 1896 2228 2500 587 313 2557 696 1956 2028 532 2479 847 1335 849 2250 2283 2191 2181 1563 972 1376 330 503 238 1297 2814 2552 633 2689 354 523 2742 2052 1021 92 2370 1961 1680 1708 2716 653 2681 175 2193 1011 2177 1912 772 705 131 1917 2062 1293 449 602 1097 1875 2534 1932 2232 495 2365 580 159 2773 125 2119 464 711 1037 81 1781 2316 1543 2236 2764 1568 2053 1143 2322 31 2715 1262 1099 618 268
000048.jpg,629 2359 1462 1371 2677 2572 1960 2494 851 1198 281 327 40 84 941 396 1113 1144 1987 2303 1205 1280 2627 117 1184 2678 275 2263 815 1084 1525 1659 1687 1032 1199 1263 1726 1922 45 167 2623 1641 543 1423 909 2503 2571 2203 882 298 183 1757 189 1217 2245 907 621 1219 2152 1139 454 2115 2060 481 2150 1400 2706 2141 96 2197 1616 1927 986 1866 2620 1570 171 1064 2761 2726 2056 1882 398 23 2688 1954 236 2162 1458 309 106 2608 333 946 1501 2573 1750 905 1183 2182
000049.jpg,348 2769 26 1870 2454 925 2649 1369 480 2538 179 2714 712 550 2130 2050 1417 1045 1422 518 735 1788 860 1617 1701 1489 1710 440 2241 1328 2840 2011 197 445 1569 305 463 1993 2289 64 1172 2721 562 1624 524 260 2836 48 2419 645 51 1663 1640 1782 970 817 2375 433 1552 100 1029 1486 2088 259 900 168 2650 947 2826 1796 1054 2707 155 169 2837 1444 2652 1983 2528 1658 2352 715 2544 2200 439 194 489 1092 1381 611 161 1948 1437 1649 2034 2358 2676 559 1208 1096
000050.jpg,783 617 1343 949 2737 1093 2112 940 1004 1999 2111 2441 1103 1856 2827 1434 983 596 1561 310 95 2190 1914 2542 198 695 1743 2242 2785 2745 75 1176 2202 132 1693 1298 182 407 2547 540 1535 149 341 88 2016 60 2656 2413 2497 1683 824 2129 832 1091 1161 1773 2149 2644 1476 529 1334 395 2295 1760 1304 328 1593 63 954 1513 364 576 766 2238 1019 2040 1898 1230 2323 1795 2022 558 135 291 2759 1333 1197 499 1116 1996 962 374 1785 1685 1346 803 737 581 1847 989
000051.jpg,275 1200 2318 1267 2791 2420 327 1205 2623 167 1387 1184 2030 796 2303 1057 117 1995 1659 1371 630 2437 946 1280 2263 1479 1525 2573 1380 1144 88 1113 1116 205 1084 1476 1911 1922 20 2494 1697 1425 1687 824 2317 392 1714 1713 1749 2268 2547 448 38 1682 1856 298 2202 2745 1400 1914 115 1198 2245 2678 454 2167 1449 2572 2593 683 396 1836 2823 2726 23 751 2180 1502 1641 2203 724 2111 1036 2785 2514 1082 96 2101 2620 676 1882 2422 1462 1224 2086 905 1672 2129 2410 132
000052.jpg,1624 1644 2528 2411 2817 1656 2790 817 1934 1102 1926 2300 221 943 2832 1407 312 635 1405 2501 2044 85 987 188 556 2270 2082 611 1319 1386 59 547 1545 2389 4 1328 1146 826 1617 1202 712 1417 626 2836 1737 1796 1752 860 2837 562 283 2477 2714 1422 305 1788 1045 2011 2088 1710 1489 2050 2130 900 1569 2454 1993 1663 2241 1870 947 1640 2840 1369 1584 1782 1701 2367 1029 613 2631 440 1649 2707 51 169 100 259 1381 179 64 550 1190 155 1444 2034 2069 2826 1658 2397
000053.jpg,2516 1526 1325 1511 1442 2843 1969 1779 2145 1385 406 1871 1946 2102 730 1992 338 773 1707 1466 2763 1794 1243 1379 2151 2299 336 2730 1005 2364 1131 2290 2788 1311 544 855 1783 1068 2377 1498 112 749 1020 2746 1670 1527 678 1966 1007 2560 1094 1142 593 1581 774 881 870 1968 2243 365 605 1850 2417 673 1138 253 1455 2492 2549 1040 1309 1913 821 2006 2005 1110 2830 742 435 2251 2519 568 186 1174 519 610 800 535 1424 2341 2680 1731 410 1936 434 2087 2196 2613 1634 1165
000054.jpg,667 1925 472 1982 2385 888 1619 262 1863 1509 2139 428 2576 641 1735 741 2776 2771 2731 1373 2833 991 2371 2797 2844 299 1549 1807 2092 551 1530 1803 2094 1078 1814 160 1295 2455 1341 2269 2063 127 837 1607 264 147 2484 2138 879 577 2431 2595 1069 1589 1122 385 2758 1862 1009 2189 2607 1159 2444 2412 1660 2633 1815 1059 403 1629 814 1366 2460 2811 1811 2710 1278 2403 1238 1291 961 557 1025 1816 1338 267 342 716 1480 1167 891 2468 1421 1622 1524 1355 203 352 2692 2255
000055.jpg,2045 2755 2023 1584 258 770 747 1029 463 1320 2753 2724 860 2735 622 606 1627 2564 1319 1552 2646 1417 1796 2676 675 2732 2670 2076 2344 2800 611 1788 2626 1895 1190 906 259 1208 2307 74 433 2544 1701 2631 2034 178 2287 2419 1096 2084 2397 2289 1362 2840 1416 2482 1948 1993 1624 1710 1617 2652 1586 2011 497 1983 1897 1428 992 562 319 2545 911 1253 1414 2837 1489 1046 1569 712 197 1151 2352 833 134 1388 64 1092 1328 674 2721 1848 900 1313 2574 2088 817 2044 489 2836
000056.jpg,1584 2023 2045 2755 747 770 258 1320 2545 2034 1796 2713 2433 1569 64 48 2272 715 100 439 2376 2721 2352 1416 201 2556 1096 1496 1948 1640 2309 1051 51 1316 155 562 194 305 2650 1636 1490 1860 2815 712 1617 2289 1261 2836 947 2628 1381 161 2130 1782 2837 2241 1218 1417 169 1649 563 860 1586 463 1993 1658 1029 440 2088 1369 1453 2631 2050 1045 1328 179 2767 2454 1897 550 1444 260 1422 1965 2649 1489 168 1362 1895 1544 1870 1552 497 1788 1407 2011 1054 1663 2439 992
000057.jpg,1697 285 372 2167 1221 2677 2268 6 13 922 546 640 1272 38 1380 1911 1570 2210 629 2520 582 1285 1603 37 1188 459 298 820 2502 1541 1456 1884 980 1882 1153 2194 1537 396 1605 40 2387 281 2152 1082 661 122 829 650 2118 2261 1113 1308 411 2666 1891 1284 750 334 2032 2494 594 370 1763 807 1502 973 2047 2048 690 1227 1761 1189 5 1949 1090 882 2421 2571 1219 167 1184 323 796 2726 1922 2593 1661 586 2555 669 946 2179 732 1504 2168 448 1397 956 1995 1916
000058.jpg,28 505 523 1563 2181 2500 238 458 587 175 2552 2283 1827 2250 2819 313 152 2689 849 1896 2365 1741 734 2479 705 2370 2119 2534 2674 1339 2191 2716 81 1532 2193 2527 1680 696 972 847 671 2099 503 1111 633 2557 602 2052 2322 1704 2177 711 1831 1655 1708 772 1335 2592 330 2236 1332 1117 2228 1912 1475 2764 532 2681 125 2144 2059 354 1376 780 2806 120 2244 1730 131 1281 2028 927 1932 268 1929 740 806 501 68 1314 464 1465 1011 653 1297 456 1543 2687 314 1875
000059.jpg,28 505 1563 458 2500 238 2181 523 2819 849 152 587 2250 1827 313 2479 2283 1896 734 175 2552 2365 1532 2674 1741 2370 2191 1339 2119 972 81 2689 2716 2099 847 671 2527 2177 1376 705 696 2193 1680 2534 2052 330 503 2557 1704 711 2228 2592 602 633 1111 772 2322 1335 1117 2764 354 2681 1332 120 1297 1708 92 1831 2236 1314 532 2742 2144 1655 2812 68 1475 653 1746 1543 1011 2597 740 1037 968 1912 2028 2774 1974 131 2610 1917 1932 159 1568 1164 268 1873 927 2199
000060.jpg,84 2152 941 2502 2706 183 1605 621 171 2141 959 45 2056 1064 2522 2503 2182 2760 2401 2841 1139 1251 236 2608 1364 2612 398 2348 1458 909 565 2705 214 2197 2831 244 1953 2572 1866 1696 2116 1616 2115 1726 815 2386 1602 506 300 1987 106 2263 1171 1199 22 1214 1371 785 40 1768 1844 1960 2160 744 2591 1113 1032 2457 1365 2678 2751 509 2048 844 1525 1560 270 1632 1286 2567 1703 2761 1927 1315 229 189 335 2448 2278 2109 1363 1288 2425 2230 2623 2188 2216 2571 2620 2079
000061.jpg,418 52 1481 806 780 534 2059 2429 2244 1465 346 1662 484 2821 786 207 2470 225 53 363 2467 452 758 1378 2285 653 1787 478 290 2690 268 1475 61 464 2687 1022 389 131 1275 1789 1706 467 1730 2806 936 999 1831 295 2465 2505 726 1875 927 1097 2301 1024 2531 2765 108 1655 2669 1568 2407 455 1929 326 471 2236 1438 2025 1293 1008 402 33 31 1262 1822 840 331 2634 2396 192 1503 580 1220 2693 654 753 2715 2398 655 1692 159 1039 2070 2142 1216 2698 1011 241
000062.jpg,1697 372 38 2268 2167 459 922 285 1911 1221 546 37 807 1082 1188 6 1153 1456 1763 167 411 2677 586 1308 1380 582 1570 1090 2823 820 629 1882 1995 1541 1260 1603 650 1284 454 281 620 334 750 298 20 2194 829 2261 443 732 1227 1761 2666 396 1285 2726 2425 84 661 1884 980 122 1139 181 1502 2841 941 2313 1537 2171 956 759 669 2216 1084 1006 1797 1525 2222 1858 2643 115 1891 1916 2623 2179 724 1250 40 475 1083 468 2118 973 2494 2141 2162 1744 1987 448
000063.jpg,2792 567 118 1791 1354 2065 919 808 998 952 1769 2778 887 1531 748 1470 1583 930 778 2711 382 1854 2793 819 982 975 1667 7 1970 517 2328 1585 928 2491 923 2304 2575 875 1851 2416 1179 1271 2729 1210 151 1657 2379 2349 1977 1063 311 2682 25 1578 639 945 2252 1579 841 2559 2647 2225 528 763 513 2658 1209 1920 579 2618 1651 9 114 227 515 2723 1211 1367 2459 916 1239 1770 1368 2042 2310 566 2026 492 1154 2488 871 2361 1742 2097 512 1566 193 121 1808 816
000064.jpg,2794 2164 1781 239 2311 1248 1356 525 2091 1435 625 2280 1505 2232 2173 245 679 1598 49 383 113 654 2137 139 252 209 822 216 356 1282 2070 408 27 858 1297 1018 782 296 838 2632 1168 1299 1472 1141 1568 1506 2062 2396 2402 1048 2669 2017 1127 192 2025 1715 805 1050 1961 1972 1755 1780 2406 1021 449 1216 653 1143 721 1026 1829 1011 1187 1503 2316 1500 1274 1635 2053 1647 1787 1692 390 1293 1967 61 1648 643 1612 1037 2531 580 1097 159 2698 1118 2279 314 1140 788
000065.jpg,1175 485 1951 1306 589 727 658 614 2072 1137 1361 1207 1451 714 1559 2000 898 1558 2054 1334 1087 1798 2409 962 1115 1166 1213 1197 1389 2113 2178 1333 2066 2323 1786 304 2022 1106 1230 1928 1257 63 1971 2546 1019 395 2787 2644 572 1561 1685 803 374 293 646 251 954 2656 545 529 1228 1801 1427 2149 2540 93 2040 364 1900 581 2542 215 1590 1298 76 2277 341 1693 737 895 2381 436 634 1300 149 1785 989 853 101 182 1394 2504 1513 789 2242 1483 1091 1683 676 832
000066.jpg,249 2509 1810 627 1001 2583 67 2121 2350 1012 202 1406 1075 1944 725 2728 2294 165 2825 137 447 1212 1055 2207 2736 692 899 2057 2558 1874 116 2766 494 2135 442 2741 2291 1606 2719 2435 2292 204 1439 1825 2258 1841 1130 2683 1223 2041 97 1126 362 2319 1088 2382 574 2639 1986 2305 1940 2842 2708 135 2248 1463 1937 657 2438 677 1547 2224 1056 2051 2511 368 2295 2413 1935 1076 647 1725 1728 2472 1639 1899 482 1448 1464 2809 1067 686 2251 2143 1035 1478 1383 1931 338 1757
000067.jpg,1096 1416 1948 2272 2815 1362 2352 1860 439 64 1496 2721 2556 1636 1965 1569 1316 1897 1218 715 497 1586 1051 562 155 48 1796 100 2034 2755 201 194 51 712 2241 1261 305 1993 1381 1584 2376 2650 1658 747 1617 2713 770 2628 2289 1552 2309 2545 1490 2433 1640 2046 2631 1328 258 947 992 2836 2011 2767 445 134 1319 1045 860 1444 1782 260 1029 319 563 2735 1453 2088 817 2023 547 2454 645 1544 463 1649 1623 2840 1054 2553 1369 1644 2130 2732 1422 2076 900 2837 674 1679
000068.jpg,453 401 1628 2163 141 2055 1023 1047 2098 612 760 2747 981 380 1145 437 1233 73 1599 823 399 2074 461 1872 1510 99 208 2587 595 2469 1160 731 1976 2122 2679 177 1903 2126 2655 1717 2829 816 1163 477 1085 2009 2636 72 460 172 694 1784 174 2775 1688 164 222 2274 1436 156 1415 1808 2722 2577 2218 1504 1241 599 755 2452 2537 2642 935 2691 1321 1098 1100 1305 1790 1404 1006 2645 2512 2449 1089 1155 1474 2362 2071 2096 2750 2355 2446 1933 569 2003 1881 850 2589 2161
000069.jpg,2415 427 2217 2568 901 1793 571 1065 1553 1430 743 2380 1699 2267 429 1236 142 1492 2078 555 2333 332 1256 2423 2029 1890 554 1888 193 176 2090 2743 569 868 1562 988 802 417 2786 1053 2668 340 1393 2227 121 1686 1033 597 1886 1431 1418 289 536 323 36 886 1398 2032 2117 21 56 1272 979 302 681 62 199 878 866 2108 733 2421 432 2578 361 292 500 2520 1041 78 1132 1189 893 2047 2451 1588 933 2210 2671 370 1038 13 1499 2828 1754 828 2384 377 2387 1429
000070.jpg,879 557 2460 1366 2363 1816 1480 2607 1660 273 1619 2633 1863 1242 1539 2431 2104 2524 1982 1925 385 867 814 2139 2833 667 2468 1025 2844 2175 299 2576 2385 2371 2092 2226 2797 127 969 1549 147 1530 551 888 2776 741 2484 2094 352 2455 685 2710 2269 1514 264 1078 1373 1807 160 577 262 2783 991 428 2529 1803 2801 1349 1684 1059 2063 2444 641 2138 2771 2271 2731 1988 1509 810 837 1341 2595 1069 2412 1735 1607 317 2517 1295 1811 1571 1440 1009 2185 1338 1167 787 2758 958
000071.jpg,2769 1870 26 2454 348 2538 2649 925 1369 480 179 2714 1417 1788 550 712 860 1489 1701 2050 1710 2130 735 1045 1422 440 518 1617 2289 197 433 2840 2375 161 463 2241 445 2650 2011 1029 769 1328 1895 305 1993 562 51 2837 1640 2836 1663 1796 155 1552 169 1782 1649 1569 260 1172 1624 64 1934 645 2721 2528 1840 1656 489 817 1486 259 2707 2556 2817 2439 1584 2544 1752 100 2826 1658 134 1644 947 556 635 1407 1544 1444 48 715 2044 439 1381 2501 2411 2088 221 524
000072.jpg,1140 1216 1829 1924 1124 1299 1168 2279 1037 1273 2402 1647 1972 721 1918 2061 1472 1303 1921 1756 1317 2053 1395 1612 1297 27 805 344 113 412 1118 252 2698 1141 1692 1143 799 1635 390 1715 1293 1967 1097 391 1505 1755 2236 936 1024 2531 643 159 1274 2611 1568 1050 1127 1822 1506 858 31 402 1475 430 1780 326 561 2765 580 2465 2505 1011 471 1503 2070 655 331 383 138 1008 1438 314 2632 2406 1356 2693 1648 1781 1018 89 2137 1187 1598 216 2407 363 2232 1048 822 1787
000073.jpg,2433 1453 1490 2034 2545 2713 1496 2376 1796 100 1569 64 48 2309 715 2721 439 2556 1640 1901 562 2272 2650 305 1860 201 1316 51 155 1965 1096 563 1584 1948 260 2289 168 2088 2826 2352 1416 1636 2815 747 659 2454 645 518 712 550 2649 1148 1051 194 1878 440 1369 559 2050 2538 26 2769 2755 2840 2241 2130 1486 134 2553 231 1218 1045 2628 1870 1617 2714 348 1422 2439 1552 1123 486 2631 433 1840 1658 2419 480 1381 900 445 784 2836 1663 179 2023 2652 735 169 1544
000074.jpg,645 2011 445 2840 1029 1328 1552 2707 1054 197 1649 463 1679 1253 2289 1663 1623 1444 2836 2767 947 433 1782 2837 1617 169 51 134 1422 440 1045 2735 1658 319 712 1544 2050 1381 2375 2241 2650 1993 2130 1640 155 2439 550 2631 562 439 1948 735 900 2088 64 260 1486 965 1218 2652 201 305 2352 1569 161 2628 563 2815 1307 48 1860 1096 659 259 1172 2133 1208 2826 2419 1261 2721 2076 2272 1636 769 2287 1895 715 1840 1437 1796 2676 173 100 2732 977 194 1983 1496 559
000075.jpg,1055 1944 2294 2728 2766 725 2583 67 2719 627 2319 447 692 2825 2558 2207 2292 1810 165 1001 1012 2350 249 2121 2509 1075 1130 202 442 1406 2736 1212 1825 1126 494 1962 137 790 686 2135 2057 2305 1067 2741 2291 116 1940 899 2041 79 2580 574 1452 722 97 2436 1899 2665 1606 1868 2435 1869 2286 2068 2598 2506 1223 204 1874 1777 140 1076 1185 246 657 2511 2842 2248 1935 2748 1547 1463 359 293 12 2475 2787 2683 2708 1439 1134 1639 804 1056 2813 1886 2054 146 2704 482
000076.jpg,860 1489 1417 1701 1710 1788 161 1895 769 433 2289 2650 2482 197 2375 1870 2454 173 26 348 2769 2538 1029 2649 925 2130 1369 179 712 2011 2050 1328 2840 2714 1444 1045 440 319 1584 2735 480 1624 1649 231 463 1796 2707 134 645 550 1617 1663 2837 2836 1253 2556 947 1054 445 1320 770 1569 168 735 2045 1096 817 2545 2034 562 1623 169 1496 2767 2721 1679 1416 100 2287 305 1948 1640 1782 1422 2528 1993 1407 2241 2439 2790 715 1552 51 2076 1656 2411 2300 1934 1627 1644
000077.jpg,1385 406 1894 1779 2145 186 1718 519 1871 1992 773 2763 1731 742 2102 1138 1007 1645 257 2613 1707 937 1800 2377 1527 535 709 852 1516 1479 1969 1442 1387 1325 1682 2219 1526 1511 392 2516 320 605 410 2341 2318 1676 2262 253 1455 336 434 365 1131 544 301 811 1783 1200 1068 568 1498 730 2609 749 338 2299 908 1040 1079 1002 821 1311 1794 1466 1419 1495 673 1966 1309 1119 94 1670 1243 1020 2364 2140 1850 1110 1142 1548 112 2151 248 2730 1978 1005 593 2549 2085 2560
000078.jpg,2437 1672 1836 1749 1057 44 1483 1990 16 2700 291 1447 2317 376 1914 1469 2785 1178 1535 2202 1593 1476 832 824 576 1856 2249 2745 88 1116 2547 1224 95 1727 2555 2058 834 2441 1161 2190 1713 47 1714 761 683 596 1513 1773 1304 2180 1449 2827 1795 1743 983 2000 1277 1103 483 132 2111 751 2129 1838 1176 60 1300 1353 1346 2784 1847 695 83 2296 2554 2523 2016 1999 792 1523 96 396 2054 441 2096 419 845 1693 1380 1482 1451 34 2518 946 954 1559 2695 1106 894 1180
000079.jpg,2049 2282 631 1518 530 1604 446 2064 1290 1301 2140 1058 1017 2596 1981 451 921 1567 1237 1384 2796 1909 1742 607 662 2696 1613 966 337 1554 813 1105 2257 1396 243 1673 2458 487 2085 1331 942 1614 1370 1681 355 660 908 1879 2782 2600 2543 2392 984 1495 1705 394 1002 2660 2259 2664 360 1978 542 1621 2093 2262 1000 1271 1739 54 1094 151 1119 2405 1906 710 1853 2274 1936 1808 2560 1676 2658 2657 1581 2369 2449 1893 774 678 855 1322 1188 624 513 2087 1209 2243 1321 2559
000080.jpg,2716 2552 849 2819 2365 2500 2479 152 175 81 2181 458 2191 2557 587 1563 2283 505 523 2370 1827 313 2250 238 2689 28 2534 1532 2527 705 1741 847 972 2119 1339 1896 671 734 1704 696 2193 2674 2177 2681 2052 2099 1376 602 120 1708 1314 1873 890 1111 2592 2265 1281 324 2228 1332 1912 354 1932 92 129 1293 1062 1156 1813 456 1955 1117 2715 1097 1680 968 1003 552 877 2594 1923 2144 501 503 2105 1011 2812 159 2306 2789 125 633 580 131 1037 2774 1335 1974 1441 2764
000081.jpg,1911 796 1479 144 1682 1387 2318 2420 1200 2691 2355 2362 850 2512 2593 1504 222 320 1436 2218 630 2156 1098 1267 1676 2645 2432 1380 2071 1321 1709 946 836 1305 2452 1933 1790 2096 935 1697 2446 599 852 1718 2642 1006 629 99 1082 2750 2201 666 2147 2167 2706 2537 1090 459 1308 2262 2449 73 443 380 1621 1903 298 724 2679 2514 2268 2829 72 755 2122 437 177 595 1250 1233 2009 1525 2163 2677 2587 2245 2161 1462 1263 453 2636 1085 1537 1052 632 2132 174 1183 2342 399
000082.jpg,2414 1177 1104 107 1669 2641 2604 2550 55 2176 728 397 1507 1194 575 2754 1691 2019 834 1523 1482 2080 2555 441 2383 2695 1727 333 2058 2661 584 400 2239 1016 796 1180 373 1277 845 309 856 827 761 2495 1919 2245 2573 924 2326 327 2073 20 736 83 1943 1401 993 2395 2360 2288 1014 2426 1400 1950 1641 167 2630 946 2317 1922 905 1659 1423 2249 2159 2166 469 187 1995 2535 2296 896 1036 1205 205 926 2169 541 1263 920 1184 488 2571 863 1646 2726 306 1106 1144 2222
000083.jpg,1742 243 1370 1554 1396 813 1105 355 2696 2257 1331 1673 1614 337 1495 2458 966 921 1384 2660 2600 487 1705 942 2085 2064 908 1681 1290 2543 1017 2596 2259 2282 1518 360 2782 54 1237 542 1739 660 2664 2262 710 1853 1893 631 2392 446 1000 2369 1604 1567 50 852 1981 2140 1002 662 2049 451 1058 1695 530 1301 984 1978 607 2803 791 151 1508 1909 1565 975 1031 2796 320 1287 1613 1946 1271 1676 1119 7 2147 2793 394 2336 1519 301 144 1036 186 2416 513 2009 2405 2490
000084.jpg,304 2178 2113 1213 2066 545 1394 1389 2546 1115 1019 2022 63 1333 1228 1785 2277 1685 1801 2249 149 614 1951 1137 2072 1175 1087 898 182 1558 954 529 485 1306 1207 395 1230 727 658 589 962 737 1798 572 714 1300 2644 761 215 1631 341 1361 924 581 1898 1559 783 374 2040 1900 2242 2323 101 251 436 2114 2238 2504 1683 364 766 328 1106 1760 2841 1027 1093 2381 1166 132 2547 1334 2542 2000 1363 1353 1727 1881 1197 853 2216 2759 1712 2579 1451 1883 1257 1786 803 1971
000085.jpg,431 2510 70 1839 1753 1125 2777 1035 2772 2077 2561 1759 2757 2478 315 1390 1557 18 1834 1842 1165 951 2622 2302 767 2818 1252 2015 2 2663 1938 1443 191 277 1833 601 889 2315 2686 1747 2685 2702 1980 1075 2323 1801 2161 2644 2496 395 529 2532 2249 2277 2495 1333 990 954 1548 1353 269 962 461 465 297 2296 1207 2667 2242 1334 1511 634 1137 522 1767 1976 1810 1394 2829 792 688 1928 1235 1406 211 2547 2699 202 2299 1106 1798 374 103 76 783 2430 1197 1427 2542 63
000086.jpg,1038 1754 2421 1041 1272 1949 13 2520 2210 640 323 2671 377 2578 828 1668 2828 2602 672 1374 933 2047 2539 1429 2032 1337 2428 2629 56 1189 370 2798 1049 698 2038 932 964 2083 865 729 2387 1910 2120 1399 2221 955 1329 2031 2423 176 743 1033 2786 839 1070 2451 123 427 2335 1553 2029 1256 2267 142 868 979 1890 302 289 554 292 1492 2668 340 21 1431 2743 2415 986 882 555 2217 2380 2227 1686 2568 1430 1888 78 1393 1255 597 429 358 417 332 1521 2117 2384 36
000087.jpg,767 277 1938 1833 1443 889 2686 1747 2496 1753 2478 2777 2772 1125 2077 2302 2315 2702 1165 951 1252 2015 1834 1980 1759 2818 191 315 70 2510 2757 369 2532 2 1460 211 1557 431 1390 18 2663 2685 2561 1842 1989 2622 1839 1035 2624 601 297 103 2535 193 988 1793 1845 126 500 1019 990 1323 745 2161 997 2249 2323 688 1235 1263 1605 569 2245 72 461 325 1006 2314 1080 453 36 1333 2022 1186 1891 1474 1884 2117 1047 522 1065 2494 2000 121 536 2507 954 8 986 1537
000088.jpg,1938 1833 1443 277 767 889 2686 1747 2496 431 2510 2315 2532 70 1035 2757 2622 1759 1390 2561 2663 951 1557 1980 1834 2 1753 2077 315 18 1839 2702 2818 2777 2772 1165 2302 2015 2478 211 1125 1252 1842 2685 1989 369 1460 601 2323 191 1548 461 2245 1986 1263 269 500 1065 2644 522 783 2249 395 571 1418 400 1075 72 1952 1197 1767 394 997 2667 2829 1423 1256 465 156 1906 990 1326 1976 1333 1511 2668 2671 1334 36 375 2111 597 1398 1928 1219 1817 1406 2098 2624 417
000089.jpg,2809 1721 1876 1473 12 1035 637 994 783 2657 2561 677 657 1839 2438 1394 2829 1931 394 67 2435 1881 1817 1725 2779 2589 368 2216 2708 1501 608 136 274 1906 2685 2583 2683 1165 2057 2599 1027 1886 545 1810 944 1390 2526 1439 444 1582 1406 1711 2323 2712 1801 1075 1703 1197 1952 627 2302 2719 508 2169 128 1558 2510 682 997 482 790 177 574 1879 915 1443 249 864 2762 2509 1087 1892 2499 2622 473 1548 2089 255 521 1874 2308 2245 1976 2617 2291 898 1250 882 1363 1288
000090.jpg,419 2153 894 2554 96 1927 1632 106 189 2060 1032 815 1214 1171 1987 2751 744 22 2109 2567 1283 2571 1139 2141 1889 1108 214 270 957 2048 2502 2404 1661 1953 1365 1768 2841 1605 2197 620 2278 732 1188 941 1880 2188 1696 856 84 1858 181 2761 1797 1199 2591 509 1227 2216 2425 2079 2261 609 2726 1703 244 2457 2807 2152 411 468 1757 1602 922 2115 2705 2720 43 2313 2562 971 997 759 1083 300 2160 1866 2507 333 1364 2162 1726 1907 1766 1916 40 481 1891 1596 285 2498
000091.jpg,505 28 2500 2181 1896 458 523 2819 734 1563 1827 587 313 152 2674 2283 849 175 1741 2250 2552 2479 2689 1339 238 2365 2370 2191 2099 1532 705 2177 2119 847 2527 81 1376 2534 972 696 2716 2228 330 671 2193 2052 354 1680 1335 2764 2557 602 503 1704 1117 653 1111 68 2742 1543 2681 131 1475 1917 1314 2592 2144 711 633 2812 1011 1708 1297 1332 772 1831 1655 2236 1875 890 2774 1781 1037 2597 2232 1746 1932 806 2091 1568 2610 968 553 2265 2322 92 120 2173 495 532
000092.jpg,2044 2501 85 2411 1934 1656 1102 312 2528 2832 1644 2790 635 1405 2817 987 1624 188 943 221 611 1926 817 2300 1319 556 1407 1386 547 2082 2270 2397 1983 1422 1092 2574 826 2670 463 2724 259 1190 1552 1029 2344 2676 1617 2544 2800 712 74 283 2307 550 1993 1428 2424 977 2069 4 2011 2631 1146 2837 445 2840 1158 2007 1788 1208 2538 606 2454 2652 2419 219 2084 1045 622 1414 2564 1796 1328 1627 613 178 2289 2836 2626 2133 2358 489 1202 266 1848 562 2515 2148 1417 1172
000093.jpg,629 1371 2572 1113 1960 84 40 2152 1144 2677 941 851 1462 327 1987 2502 1757 1263 2359 2494 1219 281 1198 2678 183 2263 882 2141 1184 850 1922 1605 117 986 1866 815 1616 621 2203 785 1661 2386 2623 396 2620 106 2571 1458 1927 2216 96 856 592 45 2706 1064 1205 2115 2303 2355 1280 940 1687 844 1032 2150 236 909 2182 1750 1365 2245 1659 2348 2608 985 275 189 298 2197 1525 2726 1084 1477 1199 2503 333 2116 398 1641 171 1400 796 1171 2162 509 2457 543 2056 1352
000094.jpg,645 2011 2707 1054 1679 1623 1328 1649 1444 1663 947 445 2767 2836 2840 1782 2837 169 1029 197 1658 1381 1617 1544 1552 463 712 1045 2289 2439 2050 51 2241 1422 2130 2628 1993 440 1253 1218 735 1948 1261 2352 433 194 64 1369 2649 1096 1416 155 439 48 1051 1569 1640 134 2650 2735 2272 1796 179 2088 562 2454 2631 305 260 1486 2714 900 715 1417 2815 860 2375 550 2721 1870 563 1437 201 100 319 2419 2652 161 1489 1208 2133 1307 1636 2826 1860 965 635 2084 1586 1496
000095.jpg,1882 956 2194 2261 1227 1221 582 661 669 1153 1995 6 829 546 1697 285 1761 476 1083 732 2168 115 620 38 1380 2643 1541 759 1536 1797 1603 636 181 2425 2688 1260 820 2476 1702 1525 448 2677 1768 1090 2572 1188 2494 1267 1084 1661 750 922 2623 2678 629 1911 807 2807 396 84 586 1763 1318 2222 1371 971 334 2313 2554 443 2167 1108 894 372 1560 40 1082 762 2263 796 650 1726 2831 905 1280 42 2278 37 946 1659 909 941 1400 1537 1570 298 2726 1456 1308 1032
000096.jpg,84 2706 2502 941 2152 1605 2841 183 1139 621 171 2348 2141 45 2401 1064 909 959 2056 1364 214 2612 2522 1251 1953 2503 2182 2760 236 2705 244 1602 2608 2115 2572 2831 2197 1458 1866 565 1616 1696 398 1371 744 2216 785 1703 1113 1525 1171 1365 924 1199 2591 1570 1288 106 2263 335 2567 815 2404 300 1363 2386 189 1032 1214 22 2109 2751 40 2230 1726 2448 2678 957 594 96 2623 509 1927 1560 2160 986 506 1987 1280 2494 1960 1232 2150 2203 2457 270 419 1757 2060 844
000097.jpg,18 1842 2663 2 601 951 1834 2818 1252 1759 2757 2015 315 1557 1390 2622 1753 1125 2777 70 2077 2772 1165 2302 2478 2510 431 2561 191 1035 1839 767 1938 1443 277 1747 2315 2667 1833 889 2686 2702 2685 522 2161 2323 1114 1980 1075 1989 1767 2532 2624 931 249 962 211 1810 1406 369 2496 2509 1012 1334 126 395 529 1798 1845 634 1928 1511 990 202 1969 1418 2644 578 2746 702 853 1460 1195 2583 2276 67 2299 1166 1801 2759 688 297 2296 1219 944 1590 1263 597 768 1952
000098.jpg,2411 85 2790 1926 2528 1656 1644 1102 1624 2817 817 2300 221 943 2044 1405 635 1934 2832 1407 188 312 2501 611 987 1319 556 2082 2270 1386 547 1422 1617 826 1993 712 4 1146 463 1029 1552 283 1788 1796 1737 2631 1092 860 2069 2397 2011 2544 1417 1983 550 259 2454 1328 2574 1545 2045 977 2670 266 2721 2564 715 1045 2419 1202 2800 1701 1569 1489 562 1190 2307 1752 2724 1369 2344 64 2676 1710 2714 74 947 2538 100 2289 613 1428 2241 1414 900 2424 2652 2477 2837 1208
000099.jpg,273 2524 1242 2104 2460 2363 557 879 1366 1660 2633 2607 1480 147 1619 1539 1816 1863 2738 1988 1025 2444 2431 1059 2226 2517 166 2175 551 2595 352 969 685 385 651 1925 237 2844 1069 527 1811 2100 2758 867 1837 1349 1264 342 2833 2801 127 2675 2835 2385 1341 814 1803 2131 1571 1181 2139 1514 1982 1607 912 1964 124 2468 1564 405 2138 1167 1622 2710 1684 143 1587 591 1215 961 345 1338 600 2692 810 1530 716 2213 667 2208 71 2614 1828 2749 2205 2246 2576 2530 1629 996
000100.jpg,79 2068 2665 722 1067 2511 2305 1547 246 1134 204 1463 2842 97 116 137 1212 2041 2135 1935 2741 899 1606 350 686 2294 2580 2736 1944 2766 1076 1126 2319 1055 692 2292 442 2719 725 1452 2825 2248 2813 677 2286 2728 1868 1464 2558 140 494 2598 165 12 657 2057 1130 1841 2436 2435 67 447 1777 1962 2583 2382 790 1810 2708 574 2207 1986 1639 1223 2509 2506 1874 2291 362 1473 1940 627 2258 1056 804 2438 1937 359 508 1001 2121 1035 329 1899 792 1185 2350 1548 217 1825
000101.jpg,1955 872 1003 2105 2265 1543 1314 890 2306 2594 120 877 1135 2610 1156 1873 649 2681 2199 552 1885 1099 1650 2789 261 316 2597 1441 2237 1111 963 2191 1332 602 740 1117 1991 1109 2764 2193 367 2799 1164 699 1823 771 68 2592 2052 2773 2212 1327 2343 1974 2144 2822 235 1852 2812 1302 162 553 1281 1917 2322 2715 507 495 1182 1932 1011 159 1335 456 633 2316 131 290 1875 1813 326 670 1961 2774 1532 2565 580 1010 1376 968 31 1912 1097 1503 1293 1704 1021 1706 1956 2611
000102.jpg,3 1642 2405 254 2170 2490 1958 825 2336 1246 2536 1985 765 66 1574 14 929 652 779 1136 282 2157 2434 873 2426 1745 874 2209 1347 2493 1403 1121 2487 2324 1247 632 2204 2256 212 247 1600 2247 58 1595 2489 2054 233 2165 1762 355 243 1963 2734 7 516 2593 1128 604 1447 1997 549 2696 2485 490 1152 1577 1469 966 2551 318 764 2453 2391 1353 1346 291 2699 2000 1384 813 1554 1909 662 44 1396 1751 36 1451 1431 1370 1036 2147 1334 1290 824 483 1105 2437 2257 2180
000103.jpg,1539 2844 2833 2092 2139 299 264 2371 2576 1982 2063 2455 2484 837 2269 2797 667 352 2776 1009 428 2175 1925 1549 1366 2226 1735 1242 273 1619 1349 1122 2633 1816 1660 2524 2104 879 2607 1815 1480 969 551 1814 1025 1863 741 1159 2431 891 1589 2403 2385 1571 17 2460 888 814 1059 403 234 557 2731 342 385 1514 127 2412 262 1572 913 2710 1520 867 641 2473 1 2486 1630 2444 1615 1684 1803 267 2717 2100 1338 2223 2094 1291 1509 2246 1540 2727 1622 1530 317 2811 573 846
000104.jpg,1955 2265 872 1314 2105 1003 2789 2594 2199 890 2610 120 877 1543 1135 2306 1650 1099 649 1885 261 2597 552 1156 1873 2681 1441 2237 1117 316 963 1332 2764 2191 553 367 68 1974 740 1991 507 602 2812 2212 2343 1327 1111 1302 2144 1823 2799 1109 1917 2822 771 2774 2193 968 1164 235 2770 1461 2715 1281 670 2316 699 2773 2052 326 456 1852 533 159 495 1010 2765 324 2565 2592 89 412 580 31 1182 1813 1297 2177 1912 1293 1932 1500 1503 1097 1875 290 1062 1923 1026 131
000105.jpg,1760 182 1712 149 1434 2112 1004 60 940 1298 1343 954 75 1103 2497 2737 198 1999 1304 949 1333 2022 783 1019 1685 63 614 1605 1785 594 1137 1483 941 214 84 1139 1558 2203 2152 986 1228 2348 2656 1757 2502 1502 1113 2072 40 2494 2109 1979 1661 420 2179 376 2016 1361 1602 1749 1087 621 2566 1166 2768 707 1488 1795 1255 2522 2408 1727 1171 882 2149 1250 2831 510 983 1064 1397 1693 2441 2706 1251 2245 123 589 1738 44 171 2827 2677 1207 898 1197 2483 1364 1849 2555
000106.jpg,1786 1106 2437 1971 1257 1836 2656 2149 1559 1672 2000 751 1693 1451 1593 1357 2787 1361 2700 832 76 1990 44 1057 1483 39 291 2288 1116 1914 2202 2190 16 2054 1749 2785 646 1224 954 1713 2542 2745 1535 2441 2129 2827 2495 683 2016 1714 1180 983 1447 132 1346 2317 564 1856 614 1743 1091 1476 1176 824 182 1178 1818 310 2281 376 293 926 2653 149 215 60 1685 1869 946 803 581 1353 88 95 1019 1760 1073 2518 1263 251 1900 1773 2180 2381 1219 789 2245 2547 483 695
000107.jpg,2833 2844 299 2092 2139 2576 2371 264 1982 1539 2484 1549 2269 2455 2063 837 428 2797 2776 667 1009 1122 1735 1814 1925 1815 352 1619 1159 1589 1366 403 741 1816 2731 888 2633 2226 1660 1349 2607 2385 891 1863 2175 969 2412 879 2403 551 1480 262 273 2189 1242 1338 1571 1025 867 17 2460 2524 2104 2431 234 641 2486 317 1514 2811 1059 1572 2338 1291 600 267 2717 1509 913 1622 1 557 1373 2223 2473 1824 2100 1238 2185 814 90 846 1698 385 342 573 1629 2255 1520 2246
000108.jpg,493 133 2374 2672 1358 366 1196 976 859 1758 2004 1947 1930 2174 1792 1234 1575 1861 2327 746 2125 2184 1279 797 756 57 1724 2418 570 210 1580 548 1034 793 280 1665 2461 1276 1664 1859 1765 294 689 2456 2694 1392 2838 1375 228 2186 2330 2229 588 2581 1551 242 2123 2039 1072 857 1776 1193 1457 663 2332 2206 704 1887 656 158 2739 2356 1877 720 2590 2662 422 421 263 1229 880 885 2703 801 1350 2198 2659 1191 2548 2321 1377 1030 150 706 1086 77 1542 798 884 170
000109.jpg,2045 2755 2023 258 1584 770 747 1320 1029 1362 463 1586 1897 497 2034 1796 860 1417 2564 1096 2735 1710 992 1788 1701 1895 1416 1948 2631 2724 64 2545 2076 1190 1552 622 906 2289 1208 1993 2753 2046 433 2352 1627 2837 712 2676 1569 161 1319 1617 2628 1051 2482 2732 1489 1381 2646 606 74 2130 2836 562 439 1388 259 2088 2287 51 2419 611 1328 675 2652 2670 134 2721 2707 2544 2344 2650 900 1983 2084 1151 1414 1636 305 2767 173 201 1045 1658 1218 2011 319 2649 2800 2241
000110.jpg,1325 1526 2516 1442 1511 1969 2102 1992 1779 2145 773 406 1385 2763 1871 519 1707 2377 1138 1527 535 2613 730 605 1007 338 1498 544 1466 1783 870 2730 1731 365 1966 1311 742 2299 1634 1068 186 1040 1455 1424 336 112 1670 2788 1020 2560 253 855 1794 1005 2364 1142 811 2243 1850 2680 774 1309 2151 678 435 1581 1968 2746 593 2519 673 1131 821 610 1094 2196 1913 2417 2290 800 410 2492 1110 2006 94 1165 881 1379 1243 1894 717 2341 2005 2549 2302 2087 2830 2251 749 434
000111.jpg,1357 2288 2495 39 2000 1106 1786 1180 926 1818 1559 564 751 1971 1257 2281 76 1943 441 1538 215 2699 2437 581 230 1091 1451 2695 2114 2787 2324 2247 1523 2493 1900 737 1593 1361 436 373 1693 1482 321 87 2383 1846 2489 1950 2542 371 845 917 2656 541 2653 954 1836 946 2381 590 251 2518 2239 83 2240 1116 1014 2040 832 379 469 1219 2202 777 803 824 1346 2149 989 2080 2033 1641 1263 2504 902 1195 1940 993 1353 2129 1869 2824 1535 1427 1192 364 1410 1594 683 2395
000112.jpg,364 2040 215 436 737 1900 2381 101 989 2504 803 341 766 2238 251 374 581 328 2242 2114 1427 2759 2540 1883 1230 1683 962 572 2579 407 2644 1798 395 789 1257 1786 1106 1971 1334 1898 2323 1559 2542 1091 1300 1451 1996 529 1361 2546 1389 1115 1801 2000 777 1306 485 1951 2787 2277 1137 1561 2072 1175 2113 545 2178 304 1207 1213 614 926 2066 1357 589 564 1818 714 76 727 658 898 2495 1394 1558 1087 39 1353 1093 1180 1197 646 2288 1166 230 2054 483 293 2409 1928
000113.jpg,1916 475 2346 1723 2666 650 2810 1891 2043 1541 820 2171 372 1603 750 2816 334 285 546 1221 922 1153 807 1188 1697 582 1865 37 1570 1882 629 1462 2841 1605 956 1082 1537 411 1308 1763 6 298 2677 924 594 586 980 1456 468 973 1090 1502 2494 1250 1884 1761 2387 1227 2502 1285 2179 2245 443 1284 2167 1139 938 732 1979 2261 122 2194 1263 2216 1006 1858 759 2483 2313 1184 1260 1015 1397 2643 136 1027 2712 1817 1881 2535 375 1073 167 275 1080 946 2249 1641 2118 148
000114.jpg,416 2394 1778 105 883 355 11 1396 1331 243 2696 1105 1614 1673 2257 1554 813 1370 1419 2331 301 1946 1742 392 1495 1002 908 632 1384 966 2458 337 937 2600 490 2660 1978 942 984 2110 487 1200 2361 94 1290 630 2085 1247 1705 1077 2196 1271 1518 519 1119 874 2543 2596 2697 664 1455 2843 1681 1309 2560 2452 1909 749 871 2718 585 7 568 1036 1170 2392 151 2453 144 2793 852 2087 673 1017 2664 2782 1347 2573 2830 2417 2519 448 1621 662 1152 2405 2243 2593 855 2140
000115.jpg,1394 545 1087 1558 898 1631 714 2277 1801 1166 1207 2072 1137 2409 1928 1334 529 2323 614 395 1213 1561 2644 2178 589 2113 304 93 1590 1230 1298 727 853 658 895 1798 2066 2249 1389 1361 572 63 783 374 1228 1333 1175 1019 1306 2022 341 1451 1951 1197 485 962 2547 2579 44 676 1343 2242 2546 2317 1483 2040 1685 695 803 2542 2737 1176 2381 132 954 2114 251 483 824 581 1683 291 617 1115 1300 16 1447 1785 2540 724 1898 789 1900 2656 2190 364 949 240 2504 1427
000116.jpg,540 1631 1801 2277 465 529 2644 2323 1334 395 291 1561 853 499 1535 1230 1798 1394 1197 1447 44 545 16 832 962 1469 1483 376 374 2547 572 898 2542 1683 2579 576 251 1749 1300 824 2785 1087 617 1743 2759 1883 1346 803 1914 2409 789 2016 1166 614 1558 483 596 1207 2242 714 2190 1928 95 634 1427 2129 1593 1996 1093 1689 1091 240 695 983 1847 1035 2202 1597 2317 2249 2381 1137 2504 1176 2054 63 1513 1103 2827 1019 581 1389 2000 132 1999 485 101 2113 783 341
000117.jpg,2556 1316 1496 1752 1965 1636 2272 2815 1416 1096 1948 1860 2628 2352 2713 2433 201 1381 1218 2836 1146 2376 1658 2241 194 440 1051 1782 1649 1453 2545 563 1796 950 2826 1840 2837 2034 169 1569 497 1878 2367 51 2790 735 2050 155 1045 1490 900 1054 712 2840 2309 1545 1486 1444 2069 221 1544 2721 1624 445 1261 260 305 1586 2439 2767 860 1926 2528 2832 312 1640 2707 1102 947 1623 1328 1407 1437 1710 1489 1617 2389 518 562 715 64 1584 2088 817 2289 1417 2300 635 1679 1901
000118.jpg,2572 1371 1525 2623 2678 2263 1280 1084 1726 1198 1113 275 1205 1659 1960 2030 1802 1687 2573 327 2203 1487 1400 1184 1199 2448 924 1425 2303 1880 909 1866 2791 2386 2494 2841 1471 214 957 42 2101 335 1032 1596 205 2115 40 2449 851 474 592 2197 2591 2807 2348 1536 2498 1232 1696 1139 84 953 1502 2230 189 2706 2476 971 1318 2317 2688 2620 1616 1602 490 1979 1474 1671 941 1953 2562 2188 1108 1922 8 2823 594 1757 2425 2141 325 1170 636 300 644 2111 1560 894 2535 96
000119.jpg,1055 2294 1944 2728 725 2207 1056 1825 2558 165 2766 1130 1940 2825 2319 2719 692 447 2135 2292 2068 1067 79 2741 1212 2665 722 899 686 1986 137 2736 2258 2506 2842 2305 442 627 1126 97 1547 204 1076 1452 2511 1962 116 1841 494 246 67 1868 2580 790 1134 2041 1606 2248 2583 2057 140 1935 2286 2436 2598 2291 1463 1464 1810 2813 2382 12 1012 1874 804 362 249 1223 329 574 1001 2350 1777 1869 657 1406 1937 1473 2509 1075 2121 2435 1639 359 1899 1185 2708 202 677 2296
000120.jpg,1697 2167 2268 38 372 922 459 285 1188 1911 1221 1456 546 37 1082 1763 650 1570 6 1380 1308 411 586 2666 1090 1284 1153 1882 829 1537 661 298 980 1603 820 2043 2171 2194 582 2677 2823 1884 122 475 1285 167 1541 629 2643 1916 443 759 732 2313 1006 2346 1891 334 1502 956 1227 2816 807 2118 1260 750 690 2810 973 2261 620 281 396 20 724 1723 1865 1995 1797 468 1267 2706 2179 796 2216 1858 2514 1761 448 1605 1232 1250 1015 2168 946 669 40 2841 1702 2387
000121.jpg,2185 1411 2584 795 1694 1129 2616 1684 2298 1440 143 2517 2529 386 1360 1112 718 2801 1446 665 1630 1294 1258 2481 958 2246 2460 787 1270 1939 1445 1215 557 1514 2139 2271 2833 638 30 879 2363 2468 1366 2844 810 969 1278 2619 299 1619 71 1816 1982 2455 2727 1925 1242 2100 264 2092 1549 273 1571 2576 1863 1480 1122 1589 741 2524 2138 1814 591 2189 2484 2731 2385 1338 2541 317 600 1837 2371 414 1009 2215 837 2208 667 1238 1812 267 697 2412 961 2431 1291 2399 1698 2444
000122.jpg,2068 722 79 2665 1067 2511 2305 1547 246 350 97 204 116 1134 1463 2041 2842 2506 442 2135 790 1962 2292 2319 692 137 1935 2741 1212 508 1986 686 1130 1868 1606 1126 657 12 2719 217 2625 2736 1998 140 1892 2294 899 1408 725 2580 1088 1771 677 1076 1677 1940 2712 2037 1473 2257 165 1305 2598 637 1548 2558 1052 2308 1464 1055 1942 2766 2573 255 2813 1035 2440 619 994 521 271 1841 1250 2554 1330 2499 2708 419 2427 2286 1944 2248 2296 1452 447 1183 1639 1839 915 355
000123.jpg,499 1631 465 1727 2555 2058 1801 1394 2277 545 834 1228 1785 761 63 1353 1087 2249 1749 2579 540 1019 1300 483 1277 2317 789 1093 2242 374 2022 1333 529 1898 581 2644 824 783 2114 2422 2238 240 1389 1685 777 1178 898 2546 251 2547 2759 1558 2785 1476 766 34 1683 1115 2178 1091 88 2542 1883 1914 576 2504 1213 1334 1230 1996 407 2113 341 803 328 2202 132 1137 1856 304 924 95 2437 2190 2745 2066 737 1176 2523 954 596 1427 395 2254 1161 1483 1990 1971 2111 2129
000124.jpg,2433 1453 1490 2034 2545 2713 1496 2376 1796 100 1569 48 64 715 2721 2309 439 2556 1640 2272 562 1901 1860 305 2650 51 1316 201 155 1948 1096 1965 563 260 1584 2815 168 2289 1416 2088 2352 2826 645 1636 659 2840 1148 440 559 712 194 1486 550 2241 231 518 445 2454 747 2050 1552 1051 134 2649 1878 486 2538 2553 1307 1617 1218 784 1369 2130 2628 2732 1045 1840 2439 1658 2652 2419 1381 433 2337 2631 2714 2836 1422 2769 1544 900 1123 2011 197 674 1663 2755 26 1782
000125.jpg,2843 2516 1526 1946 1325 1442 1511 1779 2290 1871 1969 2145 2417 1020 2830 730 2560 749 2364 1005 855 678 1068 1311 2730 593 2299 1581 1040 673 1309 112 1968 1966 2243 2196 435 2746 2005 610 1142 774 2697 544 1731 1131 1794 1243 1379 2788 1138 881 1850 2151 2519 406 365 2492 821 1913 1527 1094 1110 2006 2087 2251 1385 2613 2377 338 1424 605 1174 336 1992 1634 2549 1783 1466 870 1498 800 1936 2680 2102 937 257 1455 1573 717 253 1670 434 535 301 94 773 2341 410 811
000126.jpg,2810 2043 2171 650 2666 1188 2816 1697 1891 922 411 1153 1456 1916 2346 1723 475 1763 807 285 759 37 582 1882 1221 2643 6 546 1284 1865 1260 1702 1858 468 1761 1603 820 1090 122 1227 1541 956 620 2313 829 2261 750 1083 334 372 732 661 1082 586 2841 1308 2194 476 1797 443 1139 181 669 2167 1006 2168 980 1380 1610 2387 375 724 1696 38 1250 448 1995 1537 609 1605 1015 2677 167 1884 2014 1570 1560 2567 473 2425 1953 2823 1326 1757 2514 2216 2706 2404 905 5
000127.jpg,2648 2138 961 2100 1571 511 600 846 1270 1622 1939 642 1698 166 2486 2738 1828 352 17 573 405 2614 969 2223 127 2835 195 2339 2710 1258 2372 665 1349 577 1618 1338 1964 2709 1446 1540 2175 1514 2246 2473 1294 317 2255 1112 1341 2758 1069 2635 2444 1630 2820 1615 2213 2226 1684 1607 2481 2338 2253 349 2340 223 1025 2466 1815 2595 2412 1355 892 147 1994 1539 2811 2616 1816 1360 1811 1520 2781 1409 1366 307 879 685 2298 1 537 2013 46 1803 2131 1619 2431 1812 1095 1167
000128.jpg,2609 843 538 1546 1454 2843 1634 1110 2196 811 288 257 1498 648 605 410 2697 610 1573 112 336 2243 678 1138 1040 2613 2417 2763 1309 535 937 1133 1850 435 2087 1516 2830 1142 717 248 1466 253 2560 1966 773 821 673 1424 2519 2102 800 2788 365 1913 749 1020 2549 2095 2251 1455 2364 1871 2680 2005 1174 730 2006 1581 870 1731 2299 2341 2746 2377 338 855 774 742 1068 593 2492 1527 1800 1794 1311 2151 434 881 1894 1783 1379 2290 1005 1079 519 1131 1969 1968 2730 94
000129.jpg,2294 1944 1055 725 2728 165 2207 2558 1825 2741 2766 447 2135 1212 494 2842 1130 137 204 899 1056 692 1606 2435 2057 2825 2292 116 1547 2291 2319 1874 97 2511 1463 1126 2736 1940 442 2580 1899 686 1223 1935 246 2068 1134 2248 2719 1986 657 574 2305 1067 722 2041 2813 2665 2708 1937 79 647 1076 2382 1185 1777 2506 140 1452 2258 2286 146 2683 2639 1868 1841 1464 804 790 1962 677 2438 329 1639 1473 2393 627 362 1439 948 1035 1892 2598 682 2809 2121 1408 249 1012 444
000130.jpg,2185 1411 2584 795 1694 1129 1684 1440 143 2616 2529 2298 386 2517 718 1360 1112 2801 1446 1630 958 1294 1445 665 1258 2271 787 1514 2246 1215 2481 638 30 2139 1270 810 2460 2833 1939 557 1366 2619 2844 879 2363 71 2524 273 969 1242 299 2100 2731 697 1589 2468 2104 1816 1982 2092 1619 2385 1571 1814 1925 41 1863 1480 1812 264 2455 1122 2576 591 2208 2484 2231 2727 1549 414 1698 1837 2444 2541 1373 912 1264 2776 527 1652 2371 837 651 1009 2215 1278 741 195 888 600
000131.jpg,1753 1125 70 2777 2772 2077 2478 2510 431 2561 1759 2757 1839 1035 18 1842 315 1834 951 1390 1557 2 2663 601 2015 1252 1165 2622 2302 2818 767 191 1938 277 2161 1443 2315 2702 2686 889 1747 990 1833 2323 1075 522 2685 2496 1980 502 2667 962 1810 297 1114 2644 1235 202 1908 2509 2471 2601 529 2532 395 2624 103 284 1845 688 1801 249 1207 2242 1406 931 1334 1310 1767 1413 578 2583 67 702 2276 684 1989 1830 72 1798 1107 126 1928 768 1333 1012 634 853 461 1087
000132.jpg,1944 1055 2294 2728 2766 2583 67 725 627 2319 2719 1810 2825 692 447 2207 2558 2292 1001 2350 165 1012 249 2509 1075 2121 202 1130 1212 1406 2736 1126 442 494 1825 137 2057 686 2135 1962 2291 2305 1067 790 2741 574 899 1940 116 79 2580 2598 2436 1606 2286 1869 1452 1223 2041 1899 722 1777 97 204 2665 2435 2248 1185 2068 1874 1868 1076 2842 246 1639 2506 140 2748 2511 2787 804 2683 1547 2813 359 293 1935 1463 954 12 657 146 2701 1134 2708 2653 1439 2382 1886 1464
000133.jpg,141 2055 453 401 1023 1628 2163 612 1047 2098 2747 1145 760 981 380 437 1233 73 1599 461 2074 823 399 1510 2122 1976 99 1872 208 2679 2587 816 177 595 1903 2829 2469 1160 1085 477 1163 731 2126 2655 1717 2636 1688 72 2274 2009 1808 164 222 460 1784 694 1436 172 2452 174 2775 156 1504 2577 2218 1404 2722 1100 599 1241 1155 1321 935 1305 2645 1790 1089 1933 755 988 1415 1098 193 2071 2691 2750 2642 2537 1006 2432 2161 2362 569 1474 2201 1638 2449 121 2096 2355
000134.jpg,1813 324 1932 1062 840 241 1039 1503 129 1923 1024 495 1843 501 131 389 2765 1011 2565 1475 2715 2142 1875 89 1789 2531 2634 1568 467 1281 927 2687 1378 464 456 2236 758 788 1037 2285 2059 1706 806 452 1655 1026 1022 1275 268 1929 2232 2053 125 999 314 484 799 1912 1274 1293 1831 2091 53 822 2137 138 653 780 1262 159 1097 2611 2465 2505 1662 1730 1124 580 2301 1303 1050 2407 2244 390 1297 113 1967 1612 1755 1048 2632 31 1635 628 1505 1715 2698 326 33 1143
000135.jpg,249 2509 1810 627 1001 67 2121 2583 2350 1012 1406 202 1075 725 2728 1944 1055 165 1212 2207 2294 447 137 2766 2741 2057 1825 2825 494 2135 2435 2558 204 899 692 1874 2736 1940 1986 1606 2291 1130 1841 2258 442 2292 2842 116 2319 362 2719 97 1126 1223 2041 574 1463 1547 2683 1088 1439 2511 2248 2305 2708 246 2382 1757 1935 2639 1899 647 657 1197 1067 2051 2813 1937 677 686 2143 2438 2224 2506 1928 634 2295 1035 2809 1839 368 338 24 1464 1728 1076 1639 1195 1056 1557
000136.jpg,1933 1790 2071 2156 1321 897 1709 2645 2096 836 935 2432 1098 2201 2750 1638 1436 2355 222 1504 1736 1052 2218 2342 2450 1806 755 850 2691 1865 2512 2362 1305 1188 396 1621 2627 411 1044 2446 612 2823 1892 2098 595 1858 2642 2567 1047 2313 1906 1456 1023 2829 1214 2216 468 997 1227 141 834 856 122 2452 1697 1145 477 2587 2751 2249 2122 922 2593 1035 599 1171 177 744 461 1153 1904 829 666 2679 2274 957 980 1610 1032 1284 1217 2058 1995 1085 2507 189 2555 2747 2661 2060
000137.jpg,961 2138 472 1069 2758 1341 1607 551 2444 1828 1803 1618 1571 405 2738 17 1540 1811 2835 2595 892 2340 147 166 1622 600 1059 1509 342 2100 223 2635 577 573 969 127 642 352 2710 46 1530 2223 2614 537 1698 846 2385 1964 2094 2709 1615 2473 1025 2266 2399 2431 1 1270 1078 195 2486 1862 2013 1421 1524 2175 385 1167 1295 317 2820 1520 2246 2298 2727 1652 1324 1629 160 2253 1807 2215 2372 203 1539 1338 511 1572 2781 267 1812 2338 1409 1112 2063 1684 2339 2412 2255 2648
000138.jpg,546 582 1221 285 6 1882 2643 1260 759 732 1702 620 1697 1858 2313 1083 820 807 468 1797 1603 1541 956 181 750 1153 1188 334 372 2194 661 2261 1227 1865 1761 2476 1380 829 922 2167 636 1560 2425 1318 2278 1456 1891 1462 2387 669 1057 1536 396 2168 476 2678 2514 650 2816 40 2807 2627 986 98 2089 2043 629 2810 411 2823 2666 2410 2677 905 1570 1199 2220 2171 882 1723 1284 973 2526 229 1387 1263 1073 2268 1750 2571 2210 474 104 423 482 851 37 1308 123 907
000139.jpg,2656 2149 1693 1971 1786 1257 751 1106 310 1593 2827 832 1559 1743 983 1451 2016 2190 2000 2441 695 1176 132 95 596 1361 76 2787 1535 2700 1357 2129 954 2745 1685 2202 1856 149 182 1346 2111 824 1343 1333 1773 1900 1091 803 2381 2040 63 374 364 1513 989 2504 436 2547 251 2437 215 2242 2785 1161 766 737 1914 341 291 1672 926 2238 1795 789 101 2542 88 1990 1427 39 962 576 1019 581 328 1818 2112 564 1760 1137 2288 617 2022 1230 1798 614 1999 1334 1847 2495
000140.jpg,2455 837 1009 2063 1815 1159 264 2484 352 234 1572 2399 913 1520 403 1 2727 2844 2833 1814 2541 2139 2092 1589 1025 1122 2371 667 1349 1366 1925 2215 1982 2731 299 1539 17 1571 267 2576 2158 2797 969 1619 2834 1291 1615 2776 1238 1816 307 223 2385 2189 428 46 551 2100 1480 2633 1660 2635 1735 892 1863 891 2431 2269 741 2783 1622 573 641 2607 349 991 2175 1684 342 1698 2529 1618 1373 879 1514 2226 1540 2771 385 2185 1059 2460 814 846 600 1807 1549 2403 2710 2298
000141.jpg,849 2819 2479 2365 152 458 2500 587 2552 81 2181 2283 1827 2716 1532 313 175 1563 2370 1741 505 1896 2191 2250 523 28 2119 2689 1339 847 734 2674 2534 972 2527 238 705 696 2557 2177 2099 1376 671 2193 2052 1111 330 2228 602 354 2681 1704 2592 1314 1332 120 2742 1543 1680 1117 131 92 2764 2715 1932 890 2144 1873 2322 1281 268 1708 2199 2610 740 872 1813 1335 1003 503 1875 1831 68 1912 1011 927 2306 1037 2812 2237 1293 159 449 2265 504 33 2597 1297 780 726
000142.jpg,1944 2294 1055 725 2728 2135 899 2207 1056 1212 2741 165 2558 137 1825 2842 204 1606 116 2825 494 2057 1547 2511 2291 1899 2435 2766 2305 1076 447 1134 1067 2248 246 1463 97 2382 1130 686 2286 2813 2580 2041 1935 1464 2736 574 1937 804 692 146 1874 1452 2068 948 1639 1126 2292 2258 79 1223 2393 647 2719 1841 2639 2708 1185 2683 657 2665 677 722 329 1940 2438 2319 1777 1868 442 140 682 362 2569 491 1986 2436 1592 1931 2583 2350 1810 2526 1001 2121 995 217 783 1473
000143.jpg,1993 1663 1617 1328 947 1444 712 1045 2836 1782 2707 2241 1422 169 2837 1679 1623 2130 2050 51 1369 2011 2767 1054 2454 1649 1552 1381 2840 445 440 155 1658 1489 900 305 735 2289 1710 2649 1640 197 860 562 1796 2714 1569 1417 179 2439 260 1544 550 1486 635 463 2721 1701 480 645 1218 221 259 1029 1405 134 925 2769 26 1948 1934 715 1437 563 943 1870 1096 100 64 2832 2790 817 312 439 2826 2538 556 433 518 348 188 1624 2631 1102 1208 85 2352 2082 1926 2650
000144.jpg,2210 2520 13 640 1272 1038 2421 1754 2671 323 1041 1949 729 2839 2798 2578 370 1329 1189 2335 2047 56 2387 1910 1793 1764 2570 2795 933 571 2539 377 2032 2083 536 988 193 1429 121 1337 828 36 2602 865 2568 2090 2629 1065 1431 432 2808 569 1952 2640 1268 2828 2221 2415 1477 1266 680 672 476 1132 901 2108 1588 1374 1668 733 2668 2380 1227 1049 332 829 429 427 698 1562 669 2428 2786 500 2078 2031 40 955 2029 1553 743 2014 1153 866 2451 1070 2117 796 839 1399
000145.jpg,2491 2328 1179 2252 2682 1977 1578 945 1651 1920 2647 841 639 1579 1063 1770 9 887 1470 2723 1531 114 2042 916 748 819 1667 2310 1585 982 2379 1851 2575 919 1367 1769 2778 1791 2729 1528 930 952 1368 928 1239 2792 1657 118 1354 2349 2459 875 515 311 1210 1583 2488 1154 2026 2304 227 975 579 923 492 567 566 1566 2065 998 2793 2225 763 2097 512 25 2416 528 2559 1211 2618 7 2462 151 1031 1271 517 1209 781 791 1351 812 2334 2474 710 2369 2165 1854 50 808
000146.jpg,1496 2272 2556 1453 2433 1316 1490 64 1965 439 2815 48 1569 1860 2713 2352 2376 1636 2721 201 1948 715 194 100 562 2309 1640 1796 1416 51 1096 305 1051 1218 1901 2034 2650 747 155 2545 1261 2628 2241 1658 563 2289 1381 712 1422 1584 2836 440 1617 947 1649 1586 1054 2767 260 645 1328 2050 2088 1782 1840 2130 1444 2631 161 168 169 497 2837 518 2538 2553 1544 258 550 2826 445 1045 2707 2649 2439 2652 1993 1878 2454 735 1623 2755 1679 1663 231 1148 965 2069 770 1552
000147.jpg,133 493 2374 1947 2184 548 2672 976 1196 1758 366 1358 859 2174 2004 797 1279 1765 756 1930 1575 57 1792 1234 746 1861 570 1724 2327 2125 1034 1580 294 2418 280 1664 1859 2456 2838 793 588 1665 2461 2694 210 1276 689 422 2186 242 1392 2330 1776 2581 228 2541 2123 150 158 1375 2039 1887 2703 1072 2229 1193 2356 583 687 1377 1457 1059 663 1551 2206 2739 656 170 2662 1877 857 1191 2548 1030 2332 1229 2590 720 801 2321 1086 880 884 842 2198 2460 263 798 2175 2431
000148.jpg,1545 1752 2389 59 1146 312 2832 1624 987 635 1926 1405 85 2082 2270 2300 221 4 1386 2790 556 1102 1656 1407 2411 1934 817 943 547 1644 2501 2367 2528 2817 626 188 2044 950 611 1202 1737 826 1319 2069 613 283 1328 860 1799 266 1422 2714 1417 1489 2477 1710 1701 1993 2515 1029 1617 2840 1190 712 2631 2544 2454 463 2837 1045 947 2011 1444 1623 1788 259 2050 2707 1552 2241 2767 1796 2574 2312 1649 440 1983 2289 445 169 735 2836 1468 2556 134 2130 1870 1679 2397 1092
000149.jpg,2045 2755 1584 2023 258 770 1029 463 860 747 1362 992 1319 1993 1417 497 611 1897 1552 1701 1796 259 1096 2631 1586 2564 906 1788 2076 2034 1617 2735 562 2724 2721 64 439 1320 622 2046 1208 1569 1627 1190 2544 1895 1416 2753 1948 1710 134 712 2482 2652 51 547 1489 2289 900 1624 100 155 188 305 2837 2545 85 2840 1388 2419 2676 606 433 715 1328 817 2646 1381 2084 2424 2011 2088 1983 1422 550 48 178 1407 74 2367 675 2287 2670 2344 2300 2800 440 1644 319 2626
000150.jpg,2043 2810 2171 650 2666 2816 1891 1188 1697 2346 1916 475 1723 922 411 1153 1456 1763 37 759 546 2643 1702 6 285 582 1221 807 1882 1090 1865 1083 1260 1284 620 468 732 586 2841 181 1858 1082 1308 2313 1603 1797 820 122 443 1227 1541 1139 1761 956 2167 1006 334 1605 750 2261 829 1570 661 1953 2216 38 1537 980 1250 2677 2502 724 1502 594 1380 938 40 1884 2514 2179 1397 1232 2449 372 2194 148 1027 905 2168 924 2230 1696 1080 1995 335 167 2706 1214 2278 2589
000151.jpg,2267 2380 1236 1553 1430 2423 743 1888 2668 1699 199 176 302 1562 289 2568 1256 868 427 2217 554 1398 2786 292 2108 1890 21 361 2227 893 2415 417 901 681 340 78 1686 2029 597 62 332 429 2743 2421 2451 1038 555 2384 1033 1754 1492 886 1041 878 142 698 1429 1065 323 1399 432 2539 1418 1393 571 2078 1793 2038 2578 2032 1053 933 964 2221 2671 377 828 1521 1431 1851 802 979 2387 2629 36 2828 500 1886 1070 2333 2798 121 839 536 56 2428 733 2150 1949 1266
000152.jpg,2810 2043 2171 650 2666 2816 1891 1188 1697 2346 1916 475 1723 922 411 1153 1456 1763 807 759 2643 285 6 546 582 1702 1221 37 1882 1260 1865 620 1083 1284 468 1603 1541 1090 732 956 820 1858 750 2841 334 1227 1761 1139 181 122 586 1082 2313 1308 1797 443 1006 1570 1605 938 1250 1537 829 724 372 2167 2261 2677 1953 1502 980 1397 2514 2179 1380 2483 2589 1696 594 2502 148 1322 2410 1884 1881 905 624 2706 661 2216 2245 40 298 1080 629 2449 2463 2348 1150 1171
000153.jpg,2648 511 2138 1939 961 1270 969 577 892 352 1698 2339 2466 223 1615 195 2820 127 1540 1572 2709 600 2635 46 2340 1816 2372 2215 2100 1349 879 2223 1009 1571 1618 2158 147 1294 665 2226 2710 1258 1815 1514 1619 2253 2013 234 1446 2595 2481 1409 2175 1095 913 1025 1366 226 2616 1994 1069 2783 2246 2455 1159 1 2619 1828 2266 1660 2541 1622 2834 573 166 1355 405 1324 846 1863 1480 2758 1112 837 1341 1291 1421 349 403 2738 267 2460 1607 2835 2213 1630 2633 2338 2431 1238
000154.jpg,1798 962 2644 395 529 572 1230 2323 1801 2277 1334 1683 1561 2759 1197 2504 2238 2242 374 766 101 328 581 1207 1898 2579 1951 853 1394 1306 589 545 989 803 1175 2114 1137 2072 485 737 727 341 436 658 2040 714 364 2409 2381 215 1361 614 1900 1558 2542 1166 251 1559 1451 789 1087 1093 898 1928 1427 407 2540 1106 1091 1883 2656 1300 1257 1786 2149 2054 1333 2000 1389 1685 1971 2546 2178 465 304 1115 783 2113 2495 39 2787 1357 617 2288 1213 954 1693 926 2066 76
000155.jpg,1524 1629 203 2749 2740 154 1059 342 1811 2444 1803 551 2468 1167 2595 2710 1355 147 150 2175 1072 2709 2431 934 798 472 1862 127 577 385 1863 1807 2548 1861 685 2187 1539 1619 1377 1675 1509 2198 2473 2654 1030 1375 1034 185 814 170 2385 57 1276 2403 795 1025 641 1295 307 1348 1530 2226 2662 884 1859 1 1716 267 741 667 1201 2727 2776 2456 1373 1520 687 1826 2461 1576 158 180 969 1238 82 2002 1215 1078 1060 242 2174 438 991 160 2460 1129 1947 166 842 2801
000156.jpg,883 416 11 937 1778 257 1516 535 2377 105 1527 605 2331 585 1731 664 1894 1040 2110 2613 94 434 1871 1309 1573 568 1110 1643 301 1133 1419 1946 610 821 2830 1455 1498 248 648 1138 2196 1634 2560 435 365 673 749 2843 2341 2394 1966 355 2788 678 2609 336 2697 2005 717 2251 2087 593 490 2151 519 253 2458 1981 1581 112 410 811 1794 2582 446 2549 1002 1909 2290 1625 1020 2519 2071 1676 1518 1424 288 800 1204 2299 966 212 869 1237 1142 1384 1131 632 604 1495
000157.jpg,1773 1795 832 1161 1513 1847 1593 1693 1535 2656 2149 2827 2129 310 1971 1743 751 2437 1786 2700 1257 1346 2016 983 2190 1672 1836 1106 2784 1559 291 2441 132 95 1176 695 1451 1990 596 1856 2202 2787 1361 2745 2111 2000 824 1353 2547 789 1357 1343 1685 364 766 63 483 1900 954 2242 76 1883 1914 1019 1749 149 2040 2785 803 2238 1178 1333 576 341 1476 1091 182 240 251 374 2381 2504 989 328 88 1447 1224 617 1213 1300 1999 2022 215 436 1116 737 2066 1713 2542 39
000158.jpg,924 1487 2841 1471 2216 1288 1363 1703 2502 1605 2152 953 214 1139 2348 2567 1602 1953 1171 22 2751 941 2706 1214 2109 1866 2768 84 909 333 2179 420 149 594 1397 1891 1738 2203 1488 1502 744 189 96 856 1760 510 1032 2623 419 1019 335 1113 2678 2060 182 1184 1661 309 443 1927 2115 2572 2022 1685 2263 621 1371 1632 106 1712 148 167 1333 957 954 1696 2591 894 1525 63 2404 2554 2230 997 37 1570 2507 2153 1723 586 2197 2245 1671 1616 2249 2573 2816 327 2521 2494
000159.jpg,1055 1944 2294 2728 725 2207 165 2558 1825 2766 447 2825 1130 2741 1056 1212 494 2292 692 1940 2135 2435 1606 2291 2057 2319 137 1126 2842 204 899 2736 97 1899 442 116 2719 1986 1874 1463 1547 2305 574 2511 2580 1935 1223 686 2248 2041 1067 2506 2813 246 2068 647 722 657 1134 790 2665 2708 1937 146 2382 1439 1185 1452 79 1076 2258 2286 1777 2683 140 1841 1892 2051 1868 2639 1473 1721 1464 1639 1962 1408 2393 2438 2625 1088 12 2121 804 627 362 2037 482 2499 2809 1677
000160.jpg,264 2455 837 2484 2063 1009 1159 1815 403 2092 2833 2371 299 1982 2139 667 1122 2844 2576 1814 2269 428 2189 1925 2548 1735 2776 2797 1589 1549 352 2662 2731 891 2412 1619 885 741 1375 1887 1338 888 1350 2039 2123 2356 1191 857 262 2486 656 706 2385 1542 687 90 349 1877 1622 1238 1291 801 1509 2739 1776 1229 267 2321 1457 2811 2206 263 1551 2338 2590 2659 2403 317 641 1366 17 1373 846 798 2100 570 1863 228 1698 1571 1539 421 600 223 2253 158 842 2694 1432 2431
000161.jpg,1305 2218 1504 1436 222 2512 1052 850 2071 1790 2362 2691 1933 2355 1638 2342 2096 2645 1321 755 2156 2450 935 1806 1098 836 2750 1736 2201 2432 1709 612 897 1911 2449 2535 2747 1023 141 8 1047 2098 1188 1671 1621 745 2446 599 2829 1474 2452 1910 2642 1090 325 1757 144 1661 2537 453 2679 629 2706 396 177 1163 2122 997 586 1085 281 1082 1145 1903 922 986 2055 2197 1560 1232 624 829 1006 2083 2571 443 37 401 1387 2274 122 477 2048 1456 2677 2636 2216 1308 882 2009
000162.jpg,1571 17 642 573 1622 2100 846 600 2486 352 195 2223 1698 1338 1349 317 2648 349 2727 1 2372 1409 1618 1520 961 307 2399 2412 2255 2338 223 2635 1615 1112 1994 2253 1270 1540 2616 1095 511 1572 913 234 2473 2138 969 2158 2738 1446 665 1630 1684 892 1939 2215 2340 1129 2466 2444 2811 1514 1294 1258 46 1524 166 1862 2481 1360 1025 795 685 2131 2246 1812 958 1629 2781 591 1694 2063 2584 2226 2298 2709 2710 1811 1009 1837 2801 1828 1411 2541 405 1815 127 837 1181 2175
000163.jpg,1525 2623 2263 1280 1371 1084 2572 2678 1198 1726 275 1205 2030 1659 2791 2141 1113 2303 84 96 1960 2386 106 1032 327 419 2554 894 474 2348 1425 1802 1880 941 189 1170 2761 2115 490 1380 2060 1184 2153 785 2203 1866 2522 1632 2831 1750 1482 1251 1144 905 481 45 946 1364 270 214 1927 1139 1283 1183 2048 1768 1536 1199 183 1263 1064 624 117 2116 40 1255 621 2080 2132 2593 2807 1762 42 1987 2514 2448 2494 2734 2086 1318 1365 1602 1108 762 909 2705 1226 2718 1083 1973
000164.jpg,2801 2460 557 879 2363 2524 2104 1619 273 1925 1215 1863 1982 2385 1366 2607 1242 2833 2844 2431 1480 1539 2139 641 1373 1816 888 667 1660 2633 1684 991 385 2184 2298 2797 741 2771 2517 2185 1607 1341 814 405 2189 1549 2835 1069 1807 2094 1295 867 262 299 1765 1509 352 583 1828 687 2584 2175 1078 2138 1988 428 1530 1947 2776 1440 1278 2619 1735 798 2758 1939 1421 2092 2484 160 2529 1652 127 1129 1196 2576 143 264 588 551 2614 537 1411 548 1081 1497 1514 2371 147 2231
000165.jpg,957 1889 2725 2464 509 2404 752 1766 609 2457 844 1515 2448 5 1802 1696 1616 2115 1880 244 744 1426 2128 592 2278 498 1032 2182 2807 189 2056 2048 2706 1364 1726 2522 466 2168 2751 1945 1596 106 45 1064 2124 1768 2572 2678 1326 1199 473 2760 232 2354 2591 1269 2014 135 1904 2566 171 183 2060 2351 1960 520 163 375 2608 1632 2476 1061 1927 1602 388 42 1797 2408 419 1251 214 1280 40 2413 669 2720 19 894 1556 1525 96 1953 213 815 1214 707 2386 1659 1448 565
000166.jpg,1394 545 2277 1801 1631 529 1558 898 2249 1087 395 2644 714 853 1213 1197 2072 761 2113 2323 1137 304 2178 1207 1334 1798 614 2066 589 1333 1230 1166 658 2022 63 1298 1019 727 1389 1928 2409 1361 962 572 1483 1228 783 16 251 374 1561 1175 2317 44 2381 1306 1951 1451 341 2555 2547 2567 291 1898 167 676 540 1447 485 2546 2245 1250 1727 1597 954 2242 803 1427 1881 1685 149 1346 426 1300 724 2579 376 1900 1785 2216 20 1469 2540 1757 2751 182 834 824 364 1683
000167.jpg,937 1516 1546 257 2609 535 1454 843 1894 2377 288 1731 1527 2843 1138 1871 410 2613 538 1645 1800 605 811 336 1455 1110 1498 648 253 1040 1133 742 2341 2196 1573 749 2697 821 1634 248 678 1068 112 365 2087 2788 610 673 2243 2364 1466 2005 2219 435 1079 434 2251 1850 2151 186 2549 1794 1131 1670 568 2560 1581 1142 709 1379 2299 2417 2519 1966 1913 593 2006 2830 1779 1174 730 338 2095 406 717 2492 2331 1424 1309 1020 855 519 664 1243 2145 774 1385 2746 2680 1005
000168.jpg,1752 1545 1146 2389 2832 312 987 1102 59 1624 2790 2411 1405 85 1934 2528 221 2501 556 1656 4 635 1644 1926 943 2082 2817 1386 2300 817 1407 188 2270 626 2044 547 1737 1202 611 2367 826 1319 283 1422 1617 2069 2840 266 2574 463 445 613 1029 1552 950 2477 2397 2424 1190 712 1983 1328 2515 2011 1045 2631 1092 860 550 1489 947 2837 169 1993 2826 977 440 2544 900 2714 1796 1444 1710 2454 1782 2312 2241 1468 1799 2375 259 2133 2419 606 2148 2200 1663 489 197 1369
000169.jpg,2049 530 631 2282 1518 1604 446 1301 1058 2140 451 1981 1237 2064 1567 1290 2796 607 2596 1909 921 1017 1384 813 2257 1554 2696 1370 1105 243 1396 1673 1742 355 1331 662 2093 1613 1614 966 2458 487 337 2660 942 2085 660 908 2782 1681 542 2259 984 1002 1879 360 2519 1978 2543 2243 54 710 1739 800 2664 2600 2251 394 1853 2005 1705 1850 1094 1000 2087 678 2560 1893 2697 1495 2006 1142 2392 1119 2417 774 855 1581 1174 1936 2492 1913 2369 1455 1020 2357 2196 1966 1794 1200
000170.jpg,1179 2491 1977 2682 2328 1578 1651 945 2252 841 639 2647 1920 1579 1063 1770 9 2723 114 2042 916 2310 887 1470 1531 748 227 1667 819 1769 982 952 2575 1585 919 1354 517 1583 998 2792 928 2778 1791 930 118 1528 2225 1851 2379 763 2729 1657 567 1211 311 875 2349 1210 515 2459 2304 2097 1154 923 1367 778 2065 1368 2618 2559 2026 382 528 2416 1854 579 566 2793 1239 975 25 2488 512 492 2711 7 1970 151 1566 1209 513 2462 1271 1643 2334 1819 2658 910 808 2081
000171.jpg,1749 483 1353 1300 240 2555 1727 834 789 2058 2784 1883 1483 1277 2579 44 16 1447 2547 376 576 824 2437 1469 2249 1672 1801 1394 2277 1304 1836 95 2202 132 545 2317 1176 251 1476 2381 1593 2190 761 596 1178 1091 1161 374 1990 766 1559 2000 1361 2054 2644 581 1044 1900 2238 695 1106 1914 2504 60 2759 1513 2745 1743 1996 1856 1804 614 341 2288 1451 1057 88 395 529 777 926 2441 328 1230 2495 1971 149 215 2785 1180 1427 2114 291 962 1137 2040 1786 2242 737 1685
000172.jpg,645 2011 445 1029 2840 1328 1552 2707 1649 1054 1679 463 947 1444 1623 2289 2836 1663 197 1253 1782 1617 2837 2631 712 2767 134 169 2241 1045 1381 155 1422 1658 440 51 2130 433 1993 2088 2375 2050 64 550 439 2735 1544 518 2650 2419 319 562 1948 1640 1569 259 2439 735 305 260 48 1096 2352 965 611 1319 2133 2652 1624 563 900 659 1486 2649 1369 2544 1172 2454 2721 1983 635 2082 1218 2538 1796 168 559 1840 161 1416 2076 1584 179 2628 194 100 556 715 547 1636
000173.jpg,2794 2091 239 1781 2164 822 2232 2137 2280 1568 525 2173 1282 408 356 2311 49 296 209 1262 455 245 2236 1755 1248 799 113 139 653 1505 805 1297 838 1475 1706 1274 2715 2402 655 1756 1356 1503 464 1787 159 1655 1831 1303 331 192 1293 2396 1097 2025 1435 207 1127 1647 721 2632 31 580 782 1011 1143 927 1317 61 27 1378 1972 89 1875 1598 1018 131 2698 1118 326 1472 999 1039 2693 268 858 806 383 2053 1692 2062 1612 314 1216 225 2765 2669 1829 2017 1395 1813
000174.jpg,84 941 2152 2502 2706 1605 183 621 2841 1139 2141 171 2503 909 2348 959 2612 2401 214 45 2182 2572 2522 1064 244 1364 2760 2056 1953 1866 1251 398 1458 1696 2705 2115 2197 1616 1602 2608 236 2831 106 300 2386 2263 1726 1525 1371 1171 1199 785 22 40 565 1214 815 2678 2567 1768 1960 270 1632 335 2109 1365 744 2591 1596 1987 971 2494 2761 1927 957 1032 2751 2230 2688 1113 2448 2188 2048 2160 509 189 2623 2677 2278 1280 1283 2457 1703 844 2404 96 2498 2116 2571 1570
000175.jpg,1096 1416 1948 2272 2815 2352 1860 1965 1051 1218 1316 194 1362 1496 1636 2556 201 1569 64 2721 1261 439 562 715 100 1796 48 155 2034 51 305 2713 2628 1586 2309 1658 1381 497 2241 1897 1640 712 1584 1617 2755 2650 2545 1993 2433 2836 1552 2631 2376 563 2046 1490 1782 260 747 992 2289 2088 319 1045 168 1328 1544 2454 947 645 445 1422 2826 1369 231 1901 1453 1029 2837 258 1054 2767 1444 2011 1148 2130 2023 169 550 2652 440 900 463 2439 1486 518 1623 1679 2045 2649
000176.jpg,1244 2019 863 2136 1646 393 1147 1450 830 603 1507 2275 575 1120 2550 2518 2754 1732 339 357 1805 1678 2586 775 2080 1691 1016 1620 794 1669 1611 2780 1482 2254 2630 2395 2447 584 462 1104 2297 2347 2192 1372 2733 457 845 2368 279 1626 1517 1832 1734 1073 2233 2621 1169 2701 2651 2360 2383 2329 2345 693 2637 107 102 2247 1014 1259 2159 2211 960 2641 876 818 2326 1748 2234 373 2684 469 10 2106 2805 2605 2166 2802 55 1177 1192 1382 1919 834 379 1459 2020 2604 1523 2804
000177.jpg,63 2022 1019 1333 1228 1785 1213 2066 2178 2113 304 1389 2546 1685 1115 545 954 149 182 1394 1137 2072 614 1712 1298 1760 485 1951 1207 1306 1175 1087 898 1558 1361 1559 714 589 1451 499 727 2000 658 374 1257 1166 1106 251 1786 1928 1971 1801 1631 803 1334 2542 1798 2016 2504 962 2656 2277 2409 529 2040 737 2381 101 1230 215 2149 1883 364 2644 76 581 1427 2579 2323 1561 1900 1300 395 436 1743 1197 1343 1593 341 1693 824 1590 2054 1353 2238 132 1176 2242 2129 1346
000178.jpg,257 1731 937 1871 2377 1527 535 1138 2613 406 2145 1779 1385 1800 1894 1645 742 1516 605 811 410 2102 1992 773 1455 253 2843 365 336 2341 1040 1007 1498 1068 1526 186 519 2516 1325 2763 1707 821 749 1110 1309 544 112 434 1442 2788 435 1424 1131 1511 2549 1966 2830 648 610 94 1969 1020 1311 2560 1079 673 2364 2730 2609 678 248 855 1783 2219 2290 1005 709 1379 2417 1133 1634 1794 288 392 2196 870 2299 730 593 1581 2746 1946 1968 1670 1142 2697 1850 2005 2243 568
000179.jpg,783 1093 540 2111 1856 949 2737 2785 1914 2441 1343 617 1999 2413 2202 2295 1996 2827 596 940 95 983 135 407 1448 558 2112 2242 2745 2190 1091 1728 777 1383 2615 1683 1476 1004 230 1231 1296 1265 1103 2547 341 184 754 1478 2756 2281 1535 1743 695 88 1945 310 213 529 766 80 2566 2644 520 2408 132 1801 2472 2114 1176 1804 119 232 1898 926 1269 328 1818 2021 1312 824 564 218 1447 967 1469 19 1561 1689 293 376 2542 2354 1434 2317 739 2277 707 581 1693 2238
000180.jpg,1371 2572 1084 1280 1960 1113 1198 275 2678 2623 1525 1205 2263 629 1726 851 327 40 2303 1659 592 84 2203 2494 1687 2030 1199 23 117 1184 1922 2620 941 1144 1616 1400 815 1987 1462 2386 2791 2115 298 2677 1866 2359 2101 1880 509 183 2162 2457 2348 1064 1802 214 2571 844 2152 2197 1757 2726 2503 1602 1139 45 2056 454 2116 1927 96 1458 281 106 1365 1032 167 2141 1744 621 2706 244 1661 171 1263 2150 2608 398 2522 744 189 1425 236 785 1696 2760 856 1979 986 882
000181.jpg,761 2249 2317 1394 1631 545 1801 2555 1727 2277 834 1019 2113 1389 1213 2178 304 63 16 1087 2066 1483 1447 44 1558 2546 614 2072 2058 2022 783 376 1469 898 2644 1228 1333 529 1914 1361 2785 924 727 1115 1207 1137 1300 1044 658 2216 395 853 589 1785 1093 540 2114 1091 1451 1951 1230 2547 714 581 1250 341 2245 2000 1561 1175 824 1685 149 1306 954 1106 1363 1996 576 2495 1277 1749 2242 1353 1482 1288 1559 2202 1334 1683 1898 2054 1798 1006 104 1703 2323 485 474 2573
000182.jpg,1749 1300 483 1353 240 2555 834 1727 789 2058 2784 1883 1277 1483 2579 44 16 1447 376 1801 2249 1672 2277 1394 2437 824 576 1469 2547 545 1161 2644 2054 1178 1990 1513 2000 1361 529 1593 1559 95 1836 1106 2504 251 596 2759 1685 132 761 1451 1304 2238 1230 1213 395 2066 581 1176 2178 1743 766 63 2113 1044 2317 2381 1019 149 2190 1804 2546 304 1971 499 646 465 2202 1476 962 374 1115 1847 1631 1087 1786 1389 1228 614 1798 954 1091 1137 2242 1773 572 2288 328 1180
000183.jpg,1492 142 429 2078 802 1430 1553 1699 555 1890 2333 1053 868 554 2029 2668 1888 1886 1562 866 1033 1256 2267 2743 2217 2380 2415 289 417 2568 901 1393 886 1236 597 332 1431 176 1686 878 1418 1793 681 21 36 62 733 427 340 2117 2786 2227 199 361 1065 2108 1588 743 1132 536 1398 2451 2384 680 979 2423 121 302 988 193 292 432 569 1499 893 2090 500 78 1038 1268 1041 323 571 2671 2421 1272 1374 2032 2578 933 2828 1429 1754 2539 2221 640 2520 2602 377 672
000184.jpg,2511 1547 1134 246 2665 722 79 2068 1067 1463 97 204 2305 116 2842 137 1935 2041 1212 1606 2135 2741 899 350 1126 2736 442 2825 2292 692 2319 2766 686 447 2719 2558 2813 725 1076 165 2248 1055 2294 2286 1464 2382 1130 2728 677 1944 1937 1962 2580 1639 1825 1841 790 494 1452 1868 140 2207 2598 1940 2506 329 2393 2057 2708 2438 362 1056 1986 804 2436 1185 1223 1777 12 2435 491 682 1874 2258 1892 948 657 1942 271 1408 574 2291 1677 2440 2683 1771 146 1899 2569 508
000185.jpg,2843 1946 2516 1526 2290 1005 2746 2299 2730 2364 1511 749 2788 1325 1442 1243 257 730 937 673 1379 2151 1131 1731 2549 1871 112 544 1794 1068 1020 338 1779 336 855 2830 1670 435 1581 1138 593 2560 1969 1783 678 1110 365 1309 1966 2417 1311 2005 774 2196 410 1040 2145 1968 2251 605 2492 1466 1455 1142 1498 434 2697 1573 2519 1634 2243 881 610 1174 1424 717 1913 1094 406 2087 253 2377 1707 870 821 1527 1850 2341 2006 811 2613 2219 2680 535 1936 800 248 1133 1385 2102
000186.jpg,249 2509 1810 627 2583 67 1001 2350 2121 1012 202 1406 1075 1944 899 447 2294 137 1212 2766 2057 725 2728 2135 2741 1055 2825 1606 165 204 494 2435 2736 2291 2842 2719 116 692 2207 1874 2558 2319 2292 2041 442 2683 574 1126 1825 686 1223 2258 1463 1547 1439 1088 1841 1130 2580 1195 2248 1067 1935 2511 2708 97 1899 362 2305 1931 2051 1076 1928 2143 24 1609 1611 2295 1728 657 404 2639 1056 1757 338 2382 1940 2183 2020 1557 1805 2701 634 2809 79 2329 135 2224 1886 2630
000187.jpg,2789 2265 1650 1099 2610 2597 507 1885 1441 1955 1302 872 1974 2812 1314 120 1135 890 2594 2774 649 877 1003 2105 2306 2199 552 1156 1991 1873 1823 367 235 2212 1327 2343 1543 2770 2799 2822 261 2681 670 771 1461 2237 1117 963 1917 740 1111 316 2191 1010 968 68 1164 1109 2764 1332 553 699 2716 2144 1182 1852 602 533 2193 92 2592 2819 1746 849 162 2773 2052 1774 2557 2527 1827 2177 2370 220 2689 458 2283 2552 2500 2365 152 1376 81 175 587 1011 504 847 1741 2322
000188.jpg,2792 567 118 1791 808 2065 919 1354 952 1769 998 2778 887 1531 1470 1583 748 930 2711 982 1854 975 2793 819 382 7 778 1851 928 875 2379 1667 923 2304 2416 2328 1271 151 1585 1210 2491 2729 1970 1657 2575 2349 311 517 2559 25 528 1179 2618 1977 513 1209 763 2658 1578 2252 2225 579 639 2682 1211 1579 2647 945 841 1920 1063 1367 1368 1651 1239 114 2488 515 2459 2310 2723 916 2042 227 566 2026 9 1566 1154 492 2097 512 662 1770 871 1742 2361 1174 2274 1528
000189.jpg,8 1671 1474 745 325 2535 2449 2706 637 2657 2216 2617 1090 619 1082 1703 521 1288 1006 1844 1363 2712 1308 586 922 2167 1188 443 2425 1286 2197 882 2150 468 1537 285 37 123 690 2831 829 565 2308 997 1560 986 1697 2313 2705 1153 1032 506 1763 1251 236 171 2608 459 1884 1387 1221 448 1858 621 894 1364 1757 309 42 45 2268 167 334 2182 980 1064 1904 1267 411 1456 2507 2760 1797 959 2841 1603 2816 661 2401 2476 2089 1570 419 1232 255 956 229 2220 2522 2168
000190.jpg,1663 947 1444 1328 1993 2836 1782 1617 1054 1679 1649 169 2707 1623 2837 2767 1045 2241 712 1381 2130 1422 2050 1658 735 440 1544 2439 1369 2649 51 179 550 2714 2454 155 1870 2628 2011 925 26 1417 1218 1840 480 445 645 348 1640 860 1489 1261 305 2289 1569 1796 2840 518 197 562 1710 715 1029 64 2769 48 1948 1096 1051 100 2721 1701 463 2538 1552 194 1416 900 439 2650 260 1624 2352 1636 433 221 817 2545 943 1644 2528 1788 2826 2088 2034 635 1407 563 134 2790
000191.jpg,2034 2545 1796 2433 100 1569 715 48 2713 64 2721 439 1640 1453 1584 2376 562 2309 305 1490 1860 1496 51 2650 155 2556 201 2272 1316 1901 2023 1096 2755 2045 1636 747 1948 2815 1416 1965 563 2826 260 168 2241 2352 1051 770 2088 2289 1617 2631 1381 712 2439 1658 550 440 1878 1840 1544 659 2628 194 2050 1148 1782 1045 1422 1993 518 2836 2649 860 2454 497 2130 1417 2538 2652 1218 134 169 1369 258 1407 26 1586 1486 2837 992 645 900 1552 1307 547 559 231 1261 735
000192.jpg,1539 2833 2844 352 2139 264 2576 2092 2063 1349 2226 2269 2455 2484 837 1242 2776 299 2371 1009 1982 273 1571 969 2524 2797 2175 2104 1366 428 667 1549 17 879 1815 1988 1925 1514 551 1059 1735 1122 1618 2100 1025 1684 1 1660 1619 1816 1480 2460 317 557 2246 2633 867 1159 2444 2412 1338 2607 403 2473 1589 2801 1630 349 573 600 1540 1520 1622 913 741 642 2710 2223 2403 234 2675 342 1698 1572 1341 2131 1863 405 1607 2727 961 2486 651 166 147 1069 1360 2255 2298 1828
000193.jpg,419 2554 894 2153 96 1927 1632 106 189 1032 2060 815 2571 1987 1214 1171 2109 22 1013 2567 2751 481 1336 744 300 1363 2831 1703 2197 1727 2079 2401 1661 1749 2555 2705 1288 333 762 1251 2058 309 856 2216 1315 2313 924 2425 1108 2160 1283 834 1364 2141 2261 2612 1605 1286 1365 468 1995 1726 971 506 2502 448 2726 45 2194 661 2048 2152 785 1277 2188 1560 1880 2841 2522 95 1227 1858 732 84 1188 2688 1199 2678 621 1797 214 1217 2278 2162 1139 1064 171 1456 396 1865
000194.jpg,1125 1753 2777 2772 2077 2478 70 2510 2561 431 1759 2757 1839 1035 18 1842 315 1834 951 1557 2015 1252 1390 2 2161 2663 2818 1165 2622 601 2302 767 191 277 2315 2702 1938 297 990 1443 103 2323 2685 522 962 2686 1980 889 1075 1235 2532 1747 369 2624 529 1323 1810 502 634 688 1833 1989 1333 1114 2583 1821 284 2644 1801 2667 853 395 2277 2022 2509 2496 2242 1460 578 67 1413 1186 2759 1798 1908 211 1845 2430 581 1019 1334 29 2471 931 2178 2829 426 1830 126 249
000195.jpg,1357 39 2288 2000 1180 2495 1818 1786 926 564 1559 2281 751 1106 2437 1943 1836 1971 581 215 2114 1257 76 441 2787 2542 230 436 737 1593 541 1900 1091 1950 1451 1693 2202 2239 321 2695 845 83 2493 1538 2073 917 2699 2247 2240 2605 2383 379 371 2656 1361 2324 803 1482 1476 920 2653 373 1940 993 1192 87 1523 1014 469 1219 590 251 75 2824 1116 2040 1869 2190 946 1641 2489 954 1846 2651 1919 1353 1856 824 2381 1672 1427 2149 2033 1263 2497 902 2441 132 2518 187
000196.jpg,79 2665 2068 722 1067 2511 246 1547 1134 2305 1463 204 97 116 2842 137 1935 2041 1212 2135 2741 899 1606 350 2736 1126 686 2292 442 2766 2825 692 2294 2319 1055 2719 725 1076 2558 2580 1944 165 1130 447 2728 677 2286 2813 1452 2248 1868 1841 1962 12 2207 140 2506 494 790 657 1940 1056 1464 2708 1825 2598 1986 362 2382 1892 2057 2435 792 508 2436 574 217 2296 2258 2438 827 1223 1639 1677 2625 1937 1874 1777 1185 1035 804 2661 1473 359 400 1771 1899 1721 329 1810
000197.jpg,645 2707 1679 2011 1623 1054 1328 1649 1444 947 1663 445 2767 2836 2840 1029 169 2837 1782 197 463 1544 2289 1617 1381 1658 1045 1552 712 2050 1253 2130 2439 2241 440 1422 735 1993 433 2628 1218 51 1261 2735 2375 2650 134 194 2352 179 860 1417 2649 1948 1369 1870 1640 1489 2454 161 1051 1895 155 439 2714 64 2631 1096 1416 1569 319 562 2088 1710 1796 2045 173 1788 2272 965 48 769 900 550 201 715 305 1860 2287 260 635 563 2538 1437 100 1496 1486 1586 2769 2133
000198.jpg,2816 2043 1188 1697 650 2171 2666 922 2810 1891 1763 411 1456 37 1090 1916 1723 475 2346 1153 586 1082 1284 1308 285 2167 443 759 807 122 1603 468 1221 1541 6 1006 750 1865 820 2643 334 2313 1882 546 1858 1227 956 732 1260 620 1797 1702 2268 582 2216 459 661 2261 2425 980 829 2194 1537 181 2535 1761 1570 1083 1474 1884 2823 1560 1605 1703 594 2449 2841 372 2476 476 973 1671 8 2179 745 1380 1015 1610 2712 1502 2118 1285 1139 619 2706 1288 1995 325 298 2617
000199.jpg,1317 1395 1756 1972 2402 721 1647 2061 1921 805 1303 1918 799 412 1124 1140 1216 1037 1755 2053 1297 2236 27 1050 1475 314 561 1635 390 1967 1715 1612 402 471 1924 936 1273 2279 363 1438 580 1829 1293 1472 159 1143 1008 326 1097 2465 2505 31 113 1118 1011 2406 2398 1568 2693 1648 1299 753 655 653 2407 1168 2301 2698 108 1505 344 786 430 1022 1187 252 1220 331 391 2765 478 89 1018 1692 782 484 2715 1024 2611 2531 1048 1787 1282 2632 1706 2232 1274 858 1831 138
000200.jpg,2072 614 1137 1207 1306 1175 485 1951 589 727 658 1361 714 1451 1559 898 1558 1087 803 2000 251 1334 374 2054 1798 962 2381 1427 2040 1197 101 364 215 1900 2504 1883 737 436 1106 2540 1257 1166 2409 989 1786 1928 1971 2323 581 341 1389 1213 1230 572 2644 395 2787 1115 2066 2546 2113 2759 1561 789 646 2178 304 545 1300 2238 1333 766 2022 2542 63 529 1685 2579 1590 1801 2114 76 93 895 1228 1298 2242 1394 1683 2277 1019 328 1785 1357 676 1091 954 293 853 2656
000201.jpg,645 2011 1054 2707 1679 1623 1328 1444 1649 1663 445 947 2840 2836 1029 1782 169 2837 2767 197 1552 1617 1045 712 2289 1381 463 2241 1658 1544 2050 2130 1993 1253 51 440 2439 134 1422 735 1948 2628 1096 433 1416 2649 1417 860 1369 2375 1569 2650 1640 155 64 2735 1218 2272 1261 2454 2352 48 1796 305 562 319 1870 194 1486 1051 715 2721 1307 1710 260 563 1437 674 179 550 769 2088 161 1489 439 2652 2556 2034 100 2419 1860 1701 2815 1895 900 201 2287 259 2826 1316
000202.jpg,1524 1629 203 2749 2740 154 1059 1811 342 1803 2444 551 1167 2595 2468 1355 2175 2710 147 150 1072 2431 127 472 798 934 385 2548 814 577 2473 2187 1807 1539 1863 1862 687 2403 2709 2385 1375 685 1619 641 170 1295 1377 1859 1025 2198 307 1675 1201 1861 1509 2776 2654 1034 1276 1030 158 242 1826 842 741 185 1494 884 2662 1653 969 2002 1530 1432 2226 1373 2456 888 891 57 2648 867 1514 166 2094 880 795 2206 991 1078 2771 2339 1716 667 2461 1129 226 1071 287 180
000203.jpg,1697 2167 2268 459 922 1911 1456 1380 1090 1188 1763 1082 586 2823 1308 37 1284 443 411 1006 546 2643 759 285 122 2313 650 620 181 1221 372 732 1702 6 1260 468 2043 1858 2171 582 1797 2810 661 1083 2666 1882 1153 167 2816 829 2194 807 1865 1285 2623 956 298 20 38 1603 820 980 1541 1227 2168 1570 1891 2261 275 1761 334 1884 1267 973 476 1723 2791 2425 448 2118 796 1015 669 724 475 2514 946 1916 636 1200 750 1610 2807 1536 2476 1537 454 2449 1387 1560
000204.jpg,1096 1416 1948 2272 2815 2352 1362 1860 1965 1316 1496 1051 64 1636 1569 439 201 2556 194 1218 48 100 2721 715 1796 2034 562 51 155 1261 2309 305 2241 1586 2545 1897 1584 497 1640 2713 1658 712 2628 1381 2650 2433 1617 1490 2289 1552 2836 563 747 1993 2755 260 2376 2046 1782 2088 445 1328 2631 1045 168 645 992 1148 1453 2732 1422 1901 319 2826 258 659 947 2553 2419 134 231 2767 440 2454 2130 1544 2652 900 1663 1444 2840 1878 1319 2837 2050 1369 770 2023 1029 2707
000205.jpg,2433 2034 1453 2545 2713 1796 2376 1490 1496 100 1569 64 48 2721 715 439 2309 2556 1640 2650 562 2272 1901 1860 305 1584 1316 51 155 201 1948 168 1096 1965 2289 563 260 2088 1416 2352 1636 2826 2815 440 645 712 2454 2755 518 2241 2050 2840 550 659 2023 2649 747 2439 231 2628 1148 2130 1544 2538 1051 1840 1045 1369 1878 1381 1658 559 433 26 197 2836 1617 735 2769 194 2714 1218 2631 1552 445 1782 1486 179 1422 486 1870 134 1444 348 2553 2482 900 497 2045 480
000206.jpg,1865 1153 2823 1761 1227 1188 2261 476 411 1284 1260 807 1456 829 2194 922 1858 661 669 752 468 2313 1697 2168 372 1560 759 229 897 1933 2071 122 1790 750 334 37 1603 2043 956 620 1090 2816 820 586 2810 2643 396 629 650 1082 1882 2627 1015 2171 2645 2666 285 1541 1763 2156 448 1610 2387 1321 1006 1436 1098 732 1308 1638 1305 1702 443 546 980 582 2677 2476 1911 1891 1221 2201 281 2167 6 1884 2750 115 1084 1083 1032 1709 2425 2118 1052 2030 1797 2362 1504 2060
000207.jpg,546 1221 582 285 6 1882 2643 759 1702 1260 1083 620 732 181 807 1797 956 820 1603 1541 1858 1697 468 2313 1188 334 1153 750 661 2194 1227 922 372 2261 1891 2816 2810 1865 829 1456 1761 2168 2043 411 2476 2425 636 650 476 669 1560 2171 2666 2387 1570 2678 1536 2807 2278 1199 40 629 229 1284 1318 1916 2346 1696 2677 2623 986 475 1139 1380 1032 1723 396 2627 281 1462 2263 37 1960 2514 2048 851 423 1726 882 2167 1371 2572 2245 2761 298 2620 905 2571 1537 1387
000208.jpg,540 1631 1801 465 2277 529 2644 2323 1334 395 291 1394 499 1561 1230 1798 1535 853 545 44 1447 1197 16 962 1483 832 376 1469 572 2579 374 1300 2542 2785 898 2547 1749 2249 576 251 1914 483 1346 824 1087 1743 1683 2409 789 2016 2129 1019 1228 2759 1389 1883 1115 2000 1785 614 1353 2504 803 63 1166 617 2054 1928 596 2190 1990 983 834 2827 1727 2242 2555 240 1513 2202 1593 1035 2546 1178 1847 2058 2113 1672 95 2178 1091 1207 1176 1161 581 1558 2066 2317 1427 792
000209.jpg,853 2224 1804 967 1719 739 293 2296 76 540 1346 792 1149 338 2320 2540 754 2533 730 1928 1394 1558 1427 714 1406 1197 1900 986 2409 898 2387 123 1166 1075 1798 789 1207 1555 2072 545 1757 1087 1334 2150 1361 1894 101 2323 646 436 29 1728 2787 1466 882 2472 2054 1110 1012 1631 832 2495 766 249 2430 395 251 1243 1670 1590 1886 36 1266 1236 895 1088 2786 2221 589 1535 2151 2381 1597 1451 2668 737 1263 2277 568 2129 1801 1431 729 742 2719 634 1707 2295 2238 2380
000210.jpg,2044 2411 1656 2528 2501 1644 1934 1102 2790 2817 1624 2832 312 85 943 221 635 1405 817 1926 2300 1407 987 188 611 1319 556 2082 1796 547 1617 712 1386 2270 2241 1422 1381 305 155 1782 1569 550 259 2721 2826 2419 2836 900 1045 51 2652 1636 64 715 2545 1983 1658 562 260 48 2439 1146 100 1640 2034 1552 559 1092 1428 2837 2454 1752 1993 2088 826 439 440 1878 2007 2574 1544 659 563 169 2050 2649 2358 1486 283 2337 1208 518 201 2397 2133 1369 1840 4 2538 2840
000211.jpg,1813 324 1923 1037 1062 1932 129 241 1503 501 788 1024 2765 2142 1124 131 1875 1843 840 2531 2687 1281 495 1715 2565 1011 1789 456 1929 1039 1475 2053 1026 467 389 927 1730 268 2634 390 1275 1635 125 2285 999 2407 1912 2301 2244 2715 780 2236 1967 89 806 2806 628 1568 1505 452 484 1293 464 1655 314 1831 1216 1022 295 758 1008 1140 2059 1662 53 33 1706 1097 138 1220 1274 1050 363 159 786 430 2091 858 1262 2698 1500 2232 1048 2137 1378 2191 1941 1297 2611 1822
000212.jpg,957 1889 752 2725 2464 2404 609 509 1766 2457 844 1802 2448 1515 1696 2115 1880 5 1616 244 744 2278 2807 592 1032 189 2128 1199 2060 1596 636 498 1768 42 1797 2182 669 620 2168 2476 1536 466 2706 2048 1280 1426 1084 1364 1064 2760 2351 2608 1560 183 1318 1726 2522 106 1927 214 1637 1602 1858 1188 163 40 1171 454 2751 45 565 894 2720 229 2572 419 1953 732 2688 1556 2554 807 2261 2591 1139 2056 96 1525 2627 2823 171 2153 1326 1702 582 468 2678 1083 959 236
000213.jpg,2548 1375 2662 969 2460 1619 2363 1366 687 2541 879 2727 1776 2226 342 2456 2844 557 551 1514 1660 2298 2186 2633 837 2385 1009 1684 2607 1440 797 1025 1925 2139 1665 892 859 2740 1539 349 2215 2185 2529 2399 2455 1059 2590 1571 1816 1724 1572 857 2123 2672 570 1480 2158 2330 2833 720 1043 2749 1 2517 386 1664 795 2584 1947 46 2100 718 2524 798 867 1411 352 814 1540 913 307 2063 2834 1086 1861 2039 1863 1264 976 2229 2431 2468 1196 1615 2484 234 143 756 267 223
000214.jpg,1568 2232 2137 822 455 1262 799 1282 1024 2470 408 2765 838 296 2531 464 1140 209 356 1706 2236 1274 1503 1127 2280 49 1505 268 1216 2173 139 653 1831 1781 999 1011 113 2794 1475 2715 1875 1829 726 452 927 131 1789 2142 245 2693 2396 1932 89 1787 580 525 2053 1655 1124 1929 207 1275 1780 31 241 389 806 1635 1037 390 61 2687 1967 1273 290 295 1039 1293 1299 1168 326 1303 1715 314 2059 383 1506 27 1050 2698 1924 2091 2279 225 159 484 1097 1378 758 418
000215.jpg,1525 2623 2263 1371 1280 1084 2572 2678 1198 1726 275 1205 2030 1659 1113 2791 1960 2303 327 84 2386 1802 1425 1880 96 2141 941 1032 1170 474 106 40 419 2203 894 2554 490 117 1184 189 2348 2494 2734 851 2060 1199 1687 1380 2153 1144 1400 481 905 2115 1632 1482 2831 1762 1979 592 1866 2718 2086 946 2522 2448 2761 1750 1083 2080 300 1927 214 874 205 2571 1139 624 2132 1183 1364 1536 1251 762 1973 1318 1077 2807 1064 1347 42 2705 2101 2116 45 2514 396 2593 6 1255
000216.jpg,702 1830 848 931 1114 903 768 1107 1767 2388 1908 65 284 1340 1310 1254 2471 2601 502 1845 1512 1608 2624 250 835 1720 1821 990 126 1235 684 578 688 103 297 522 1323 2276 1975 1413 1391 2314 1186 2667 767 1839 973 1035 2302 1285 277 1165 1015 2323 1922 1570 298 315 431 1557 2620 2644 395 1390 1397 1075 2622 191 1144 1759 1938 1810 1232 249 2706 1263 2496 2509 962 2510 45 690 980 1184 1753 1458 1012 851 1423 1884 18 2757 1113 1080 1537 2056 2183 2561 1400 2772
000217.jpg,1207 714 2072 1137 898 1558 614 1087 589 485 1306 1166 2409 1175 1928 1951 658 727 1361 1334 1590 93 895 1451 853 2323 1798 1298 962 1197 1559 1561 676 1333 2054 2644 395 803 1230 2022 1427 374 529 251 2540 634 364 2000 545 1971 63 1786 1801 1257 572 1597 293 426 2040 1685 2759 2656 1683 2787 1213 1389 1106 2149 2504 101 1900 2143 2242 1019 954 2324 2277 1228 1394 2320 2381 1149 2066 24 789 2113 436 2178 1693 1115 2493 215 1346 646 737 1535 1689 341 304 695
000218.jpg,79 722 2665 2068 1067 2305 2511 246 1547 204 1134 97 116 1463 2041 350 2842 1212 2135 137 1962 692 1935 2741 2506 2319 790 2719 2292 442 1606 899 686 1126 217 2736 2598 2813 1986 657 1130 1868 677 2580 140 1464 12 1076 2436 2712 2248 637 1223 1940 2286 1639 2427 725 482 2308 255 574 1088 2766 508 619 1874 2438 1548 1777 2057 2708 2382 1839 494 447 1330 1998 856 2625 1987 1771 2294 1892 2291 1035 2558 2704 165 521 1185 1052 2445 1452 2526 1937 2657 2257 2435 1183
000219.jpg,2801 2460 557 879 2363 2524 1215 1242 2104 1863 1619 1684 2298 273 2517 2385 1925 1982 1366 641 798 2139 2189 2184 2833 2844 2431 1539 2607 1660 1807 1939 127 1295 2771 1947 2185 1549 2175 2710 1278 143 1373 1988 352 991 1129 1816 1514 888 1341 385 2444 2797 2633 1607 1571 1724 1480 2595 299 2529 795 405 2662 147 548 2835 969 741 667 583 2468 2412 1735 2187 687 2584 2776 651 2138 1509 2581 1069 1081 2672 1803 1440 1811 1193 262 2619 2576 2738 428 697 2403 867 570 527
000220.jpg,887 1470 1531 748 2792 118 819 1585 1791 1667 567 2575 2065 2491 2328 982 1179 945 2778 919 1354 841 1579 1578 952 1769 1977 2647 639 808 2682 1920 1770 930 1651 114 2723 9 2304 875 311 923 975 1210 2793 2349 515 2416 1063 1851 2559 2618 7 579 25 2379 151 2459 2252 1528 1154 1211 528 1854 492 1209 1271 763 2310 928 998 2225 2042 566 2711 2488 513 916 2026 2658 2097 1368 1657 1239 1367 512 382 2729 1583 1643 778 460 823 2074 554 2299 517 227 289 749
000221.jpg,2152 84 2502 941 1605 183 2706 2141 621 1139 2503 959 171 2841 1064 2182 45 2760 2056 244 2522 1364 2348 2608 1251 236 909 398 1696 2115 1458 2612 2401 214 1616 2572 1866 565 1953 1371 2705 1602 106 1171 1987 2197 815 2831 2457 2386 844 1199 1960 2263 1214 40 744 22 1768 1113 1525 509 1726 2751 1570 189 785 1560 2567 1032 2677 300 2761 1632 2116 270 957 2048 1515 1927 2494 609 1280 1084 2109 2678 2404 481 117 96 5 298 229 1184 1283 1198 2060 2688 1365 1477
000222.jpg,273 2104 1242 2524 2460 879 557 2363 1366 1539 1816 1863 1480 1619 1660 2607 2633 1925 147 2431 2175 1025 352 385 1982 969 2226 577 127 814 2710 551 2833 2444 2844 2595 1349 867 2468 2517 2139 2385 1988 2709 1530 2801 1341 1607 1069 667 2797 1059 1803 1939 299 1514 810 2576 160 1421 1078 2738 685 2094 641 1571 2758 2271 741 1684 2138 1807 2619 2092 1811 2455 2529 1509 888 264 166 787 527 991 2100 1524 30 1167 342 1355 1622 1373 2820 1630 1295 591 71 2246 1549 1215
000223.jpg,2066 1213 2113 2178 304 1389 2546 1115 1019 2022 63 1333 1785 545 1228 1685 1951 1175 1394 485 149 954 1306 614 1137 2072 1361 727 182 589 658 1207 1451 1559 1760 2000 962 803 1971 1798 898 1712 374 1786 2040 251 714 1106 1300 1257 1230 2504 215 1883 1334 2409 1166 2656 341 1513 1743 2242 101 1087 364 1298 2054 2579 1161 1176 1558 1353 132 1561 1900 2381 2644 737 789 2323 395 436 572 2542 581 529 1801 1427 2787 1693 2149 2759 1773 2277 2238 2784 695 1847 1928 2016
000224.jpg,536 121 2090 569 988 1132 1588 193 1268 1431 680 36 2333 1793 2117 901 1065 340 500 571 2786 733 332 2227 2668 2217 2029 1256 866 1393 2108 1418 429 979 1033 1562 597 1686 2743 176 417 886 142 427 555 1553 802 2267 432 2384 1492 1430 21 1890 2380 199 1329 2568 1910 729 2451 1879 878 2415 2335 1038 2078 289 1699 868 554 1053 2798 1398 865 2055 1888 141 2578 2839 2421 2098 1047 2083 2249 2829 302 62 1499 2795 1886 1049 1035 1764 1236 2747 681 698 1906 453
000225.jpg,2138 961 2648 1828 2614 405 2835 2100 1964 1571 166 537 846 2738 600 642 1341 1607 1622 17 2758 2486 573 1069 352 1270 1338 969 2473 511 2339 1698 317 2175 665 1939 2255 1025 2226 2709 2223 2710 127 1539 1618 2338 1540 2412 1446 1619 2635 195 2246 1349 1660 892 2820 1258 1816 2811 1366 1421 385 1294 1514 2253 1684 1409 2372 2431 577 2013 2444 1615 2595 1095 2481 879 2781 1630 1994 2340 2399 2385 2094 2607 1112 2460 46 2298 1520 349 2633 1811 223 1480 2213 1863 2266 1530
000226.jpg,1394 545 1213 2113 2178 2066 304 1389 2249 2546 1019 1447 1483 376 44 16 1469 1115 63 2022 1749 1300 1333 1228 291 614 1801 483 761 1785 1631 2277 1353 2317 1951 240 1361 2072 1175 1087 789 898 1535 1137 1727 1558 2000 2054 485 149 714 832 2555 727 2784 589 658 1451 1161 1685 834 1306 1883 529 2437 1207 1804 2644 251 1672 1559 954 1513 2058 1230 2547 1914 2579 395 1597 646 1798 1847 182 2785 341 783 2323 1093 2409 2202 1990 824 540 1427 2190 1298 1334 792 213
000227.jpg,1525 2623 2263 1280 1371 1084 2572 2678 1726 1198 2386 2141 275 1205 1960 1113 2030 1365 270 2761 2791 84 785 2116 2048 1802 1283 2115 1768 1032 1659 2101 2448 96 1880 189 106 1199 941 1866 183 490 45 1108 1616 419 2807 2303 1927 1364 1596 398 1184 2522 2060 214 592 1251 1632 861 2554 1170 2203 894 1536 1318 2688 957 1696 2718 2348 481 2562 2720 1064 2056 1458 2278 327 1987 2401 2498 244 171 2612 40 2591 2188 1013 2160 482 1139 851 762 2571 644 43 2153 971 621
000228.jpg,757 558 2295 135 213 1728 2413 2408 2024 754 184 426 1597 783 1631 1689 1448 707 2430 1804 1394 2472 853 2143 1265 520 634 1801 2354 2277 2638 761 1093 1478 473 24 1296 540 2249 2566 1231 2615 2533 1945 1312 1469 1383 2317 376 1533 1269 1719 2124 2014 1904 119 2725 1326 1602 29 1898 80 1849 2751 232 2111 2366 1984 2464 1889 19 2508 2404 1447 293 1019 149 1061 967 545 1558 375 957 1087 1228 529 214 498 1333 424 1766 997 1757 2224 2507 1477 2351 2555 1727 792
000229.jpg,1753 1125 2777 2772 70 2077 2478 2510 2561 431 1759 2757 1839 1035 18 315 1842 1834 1557 951 1390 2015 1252 2 2161 2663 2622 1165 2818 2302 601 767 191 277 2315 1443 2685 1938 2702 1980 1747 889 2686 2323 297 1075 688 990 634 1235 1833 103 962 2667 1810 2624 522 853 1798 2644 1333 2583 1801 1334 67 1207 1114 529 1323 395 2509 2430 581 1137 249 369 1186 29 1012 1106 1989 1928 126 954 1869 1767 1413 293 2532 1391 1908 2072 2314 502 2759 2277 2471 485 578 1394
000230.jpg,2433 1453 1490 2034 2545 2713 1496 2376 1796 100 1569 2309 64 48 715 2721 1640 439 1901 2556 562 2272 305 2650 1860 201 1316 51 155 563 1965 1948 1096 260 1584 2826 168 2815 2352 2289 2088 659 1636 1416 1148 747 559 645 194 440 550 2840 712 2050 2553 1486 1878 1218 2649 486 2337 2454 1307 231 2732 433 1369 2836 784 2241 2652 1051 445 134 1123 518 2439 2538 2133 1437 1658 1422 1045 1381 2130 1544 2628 900 1840 1552 480 2419 26 978 169 1617 197 161 674 2007
000231.jpg,2045 2755 2023 1584 258 770 747 1029 1320 1362 1096 463 860 2735 1701 1416 1948 64 1993 1897 1417 1552 2753 2631 2289 1586 497 1796 155 1788 439 2482 2034 2011 622 1617 1895 2721 562 1569 1627 715 1190 2837 51 606 992 2840 100 1710 2724 675 1319 433 817 712 1051 2545 1624 2676 2650 2076 906 2130 2732 2628 2287 305 1640 2352 1489 134 2836 611 173 1045 85 197 161 1649 1328 178 2767 2046 1381 2646 48 2707 1208 547 169 440 2564 2626 319 1544 2084 201 2300 1644
000232.jpg,38 1697 372 2167 2268 167 2823 922 1188 459 454 1456 1995 20 411 546 1082 1308 1284 285 586 1911 37 1260 807 1221 115 1153 2810 2043 122 443 759 2171 620 1570 1090 1763 2643 6 732 2573 1865 1858 582 1006 2222 468 2666 650 1702 1603 2726 829 2346 475 181 820 2313 1916 1380 1227 1723 661 1882 298 980 1797 2677 2030 1250 2791 1537 1891 1541 396 2627 1502 2261 1205 2194 2162 2623 2816 334 2841 1083 1285 1884 1084 1200 281 629 1744 905 2216 1750 938 275 724
000233.jpg,887 2792 1531 1470 748 118 567 1791 2065 1354 919 819 952 1585 2778 1769 808 1667 2575 982 2328 2491 930 945 1179 841 1578 998 1579 1977 2647 639 923 875 1920 2304 975 1210 2416 311 2793 2349 1851 7 1770 2682 2379 9 2723 1063 2559 1651 2618 1854 579 928 114 515 1583 25 151 2711 2252 1209 1154 2459 1271 528 2729 916 513 1657 2658 2488 492 1211 2310 2225 1528 566 382 778 1368 763 2026 2042 2097 512 1367 517 1239 227 399 1970 72 2074 2299 437 417 380
000234.jpg,1749 2555 834 1727 1300 2058 483 1353 1483 240 1801 2277 44 1277 2249 376 789 16 576 1447 2547 1394 2784 1469 2579 1883 824 2317 761 395 2644 529 545 1672 1631 1304 2054 291 1057 2437 2323 251 614 596 1178 1836 1230 95 1990 1197 374 2202 2381 2785 1914 2190 1176 1361 1804 60 856 677 1137 132 695 1427 783 1476 1593 1103 465 2000 333 1161 149 2759 499 1091 962 1044 1451 309 646 1798 792 400 1087 980 63 88 915 2745 967 1035 827 2661 1856 540 1513 658
000235.jpg,2769 348 26 1870 2454 925 2538 2649 480 1369 179 2714 550 712 2130 2050 518 1417 1788 1045 735 440 1422 1617 1701 860 1710 2241 1489 2840 2289 445 2375 1552 197 305 1172 155 1993 562 645 1328 1640 1840 2650 463 168 51 2011 1569 259 2721 433 260 524 64 48 2088 1782 2836 134 1796 2826 169 611 161 2419 1029 439 2200 1658 2439 1983 2652 2631 2148 659 1444 2544 2707 1649 100 1319 2556 977 2837 947 1895 2574 1453 769 1624 970 1663 817 1381 1054 1544 715 1496
000236.jpg,2648 2138 511 1939 127 1270 577 961 147 2710 352 600 1622 2100 2709 1571 1803 2595 2466 472 969 223 573 17 1815 846 1607 226 1355 1069 1258 2481 2486 1167 2175 2820 2431 1341 1421 2758 2455 1530 665 1025 2444 1619 1540 2738 2266 2339 2385 1509 2635 403 1660 1159 1698 2094 166 2246 385 1816 2372 1338 1863 2340 2619 1630 1811 195 2412 2835 405 1828 1446 1615 2607 1009 317 879 1078 1807 2633 1366 888 537 2255 1294 892 1524 837 641 160 2616 1618 2226 1059 1520 741 2223
000237.jpg,1882 956 2194 2261 1227 669 829 661 1995 1221 1153 476 2168 1697 582 546 285 1761 115 6 38 1536 1797 732 2643 2476 2425 1267 1083 1911 620 1380 759 636 2623 1541 1603 1260 2677 448 2688 629 2572 1525 1084 1108 334 750 181 1768 2726 796 820 2222 1318 2678 20 2823 1371 1188 42 167 2167 396 1661 2313 1744 1090 2494 2162 971 1702 2593 922 1280 1560 946 372 1456 1880 1726 1884 1032 2807 980 84 2263 1537 1400 905 2706 2197 1286 2387 2118 1387 1082 1283 1200 2573
000238.jpg,1361 1451 727 589 658 2000 1306 1175 1951 485 2054 1559 614 2072 1137 1207 646 2787 1106 1786 1257 1971 714 293 1558 76 898 1087 1798 1197 1334 1357 962 2409 803 1333 2656 251 63 1389 1213 1230 1115 2113 1483 374 395 44 2149 2022 1300 2066 1166 1427 2644 1019 1091 2178 1593 1685 1801 304 545 789 954 1447 572 1228 2323 1693 376 2495 2540 989 832 2546 1928 2381 1900 2504 1561 926 2040 564 39 215 483 1180 581 529 364 737 2277 2288 291 2579 436 341 1394 1743
000239.jpg,2071 1790 222 1436 2218 1504 850 2512 1933 2691 1321 1305 2156 2645 1098 2355 2362 1052 935 1638 2750 2096 836 2201 2432 1709 2342 2450 755 1806 1736 897 612 1911 2537 2446 1621 2642 599 1047 1023 2098 2747 1145 141 2593 981 453 144 2452 2055 401 2163 666 595 1510 2587 1628 99 208 396 2420 823 1085 2122 177 320 1717 2829 2074 399 461 1676 2679 2655 1160 2469 2449 1387 2636 1903 1163 816 1599 73 760 164 1200 477 2318 908 437 2126 1682 72 731 2627 1479 380 1233
000240.jpg,2320 2533 1149 29 2021 293 2673 286 2172 967 2756 1804 754 1719 1728 213 2408 1231 2024 426 2143 739 2430 1597 24 634 707 2638 1689 2615 1448 2354 1265 1478 2787 1849 2295 2224 2413 119 218 184 135 1296 757 1383 2472 1269 558 80 91 1867 792 2235 2566 1984 853 1312 19 1722 1529 520 2390 232 424 1945 2296 1733 1533 529 646 376 1535 498 2054 1334 425 1798 2014 2323 2644 291 1886 962 1298 983 540 1061 1426 1469 1558 388 2016 1326 1361 364 1839 1451 1236 2124
000241.jpg,482 2220 1931 2526 2183 2089 939 1439 1433 2704 2427 2051 2445 255 2291 574 2057 1223 217 598 1330 1088 2683 494 2639 1874 2499 2435 368 647 1725 1555 1899 2719 531 790 692 444 657 2292 447 2308 637 1408 608 2712 2440 1942 2319 994 274 2589 864 271 146 508 526 1962 2657 521 2728 128 944 677 1881 1998 2037 1055 1892 2475 2438 1592 1677 2766 725 1721 2625 2506 136 1473 2207 1876 1501 1771 2617 1817 1185 1902 2809 2708 442 347 1639 12 1944 2294 2378 2569 491 682
000242.jpg,2460 2363 557 879 273 2524 1242 2104 1619 1366 1863 1660 2633 1816 2607 1480 1925 2431 1025 1539 385 147 2517 2385 867 2738 2444 551 1988 2226 1982 2175 127 166 352 2139 2833 2468 2844 814 2100 1349 2595 667 1803 2801 969 685 641 1571 1514 1059 1069 2576 1530 1264 527 1684 2835 651 237 1509 1215 810 1622 1811 2797 2758 2710 2675 405 1341 741 2529 1607 2771 912 2131 1373 2298 160 2138 1078 1629 2619 1939 1295 342 2208 143 1807 2092 1837 991 2749 2692 2455 71 2271 1181
000243.jpg,767 277 1938 1833 1443 889 2686 1747 2496 1753 2777 1125 2478 2077 2772 2510 70 2532 951 1759 2315 2702 431 2302 1834 315 2757 211 1165 1980 2818 1557 2561 2015 1252 1460 2 1390 2663 369 191 18 2622 1989 1842 1035 2685 1839 601 2624 990 297 2323 1080 1884 980 500 2245 103 1333 1845 461 2620 997 167 988 2022 36 126 20 1952 1793 688 1413 1263 193 1235 63 1047 1423 733 1323 1065 1418 2535 1023 2098 1502 1511 1431 522 1188 2829 2249 2216 2346 1891 1767 2514 2507
000244.jpg,2352 194 1051 1218 1948 1261 1096 1416 2272 2628 1496 2556 2815 1965 1316 1860 64 1636 1658 1569 48 1381 562 439 201 100 1640 2836 51 1544 2721 2767 715 2241 2713 305 2439 1796 155 1782 2837 169 1584 1649 2433 2650 2034 1054 2309 2545 1328 2707 1444 947 1586 1663 1840 1617 2289 645 747 712 497 2376 2631 445 1045 440 1490 1679 2840 563 2050 1623 2130 231 1552 319 2088 1422 518 260 1453 161 1148 2011 1993 168 2755 1253 2023 1895 2652 2732 735 2649 2826 1878 197 1901
000245.jpg,2843 1005 2746 2290 2299 2730 2364 2788 1243 544 673 2151 2549 1946 593 749 1794 1670 1379 1068 1311 112 1131 1783 1110 1966 434 336 1498 365 1968 2516 811 605 568 870 730 1526 2417 2830 410 435 1871 1040 1325 821 1020 338 1442 1079 2560 1511 855 1581 1731 2697 257 883 1309 678 937 1779 1138 2196 2005 2095 1142 2613 2377 2145 1969 1527 2219 2251 535 2243 253 717 2519 2087 610 406 774 1385 2341 1455 1424 1573 2492 1850 1634 2680 1466 2102 1707 1992 709 1094 800 1800
000246.jpg,419 2554 2153 894 96 1632 1927 106 189 2060 1032 761 924 752 333 2317 309 2751 856 1217 2567 2249 2216 1987 1703 1801 1093 2571 1035 1214 957 1363 1865 1727 2555 2277 1892 1171 834 2841 1471 1288 1013 2547 22 785 2114 1889 815 783 1487 1685 2141 2823 499 1365 448 2058 1019 2526 1394 2263 465 63 2111 2079 2591 213 1931 2623 2022 2401 576 45 824 1364 2037 1960 844 2502 149 1907 744 1839 95 2522 509 468 2160 214 2169 2625 306 861 596 1677 2489 1277 2056 1336
000247.jpg,2656 2149 1693 1971 1786 1257 751 1106 310 1593 2827 1559 1743 832 983 1451 2016 2441 2190 695 2000 95 596 1176 132 1361 1357 2787 954 1535 76 2700 1685 2129 1773 1856 1343 182 149 1333 1795 2745 1513 2202 63 1346 2111 2040 824 1161 1900 364 989 436 803 1091 1434 2242 1019 39 2737 2504 215 2112 1760 2437 2542 2022 2381 1672 374 926 1847 737 2547 766 576 2288 581 962 2238 1207 341 789 1836 1818 251 1298 2114 564 1004 1990 1230 572 949 328 291 617 1180 614
000248.jpg,79 2665 2068 722 1067 2511 1547 2305 246 1134 116 97 204 137 1463 2842 1212 2041 2135 2741 1935 899 350 1606 2294 1055 1944 725 2580 686 2728 442 692 2319 2292 2766 2736 2719 1868 165 1126 1841 1076 1130 447 657 2558 140 494 1452 2583 2258 362 2057 508 2506 1006 2207 2825 12 2286 67 1962 790 1810 677 2248 1474 2117 1825 1986 1001 1892 2509 745 1998 1088 359 2003 1056 1075 1940 2708 2813 2436 2296 2435 2121 1464 2598 1027 627 1173 2535 2350 703 2449 1881 2589 2382
000249.jpg,1845 2624 1235 297 103 2471 990 688 2601 502 1323 126 1186 1391 2314 1413 2276 578 848 1767 903 768 1340 931 1114 1830 702 2388 1107 1908 1608 250 522 1720 1821 65 284 684 1310 835 1975 1512 1254 2667 767 2302 277 1165 2478 1839 1753 191 1125 2323 2077 1035 2777 1232 2772 315 1759 431 1557 395 973 2561 1810 1723 1570 962 1938 1916 2510 18 251 2644 2509 1397 1834 374 2620 1390 2757 249 298 2622 1285 951 2015 2315 1252 1605 2706 1080 70 690 67 1537 420 1833
000250.jpg,392 301 2331 1419 2763 519 1992 773 2102 2318 1779 1385 2145 1387 1200 1894 406 1131 253 2420 937 1442 742 186 2264 1527 1007 1794 336 796 1783 338 1020 2243 568 730 1309 1455 2341 2303 1267 1526 2560 1142 1581 2299 1425 94 1479 1682 855 2516 610 535 248 1077 870 2519 2132 1243 435 2573 2251 678 2377 1707 2087 774 205 1969 1659 2492 605 2593 167 2697 2151 946 709 1850 1263 1498 2680 1184 2730 2005 1094 2830 1325 1511 881 2245 365 1379 1913 630 1645 882 749 1871
000251.jpg,1843 2565 241 495 1011 1503 131 1875 2142 2531 1024 268 53 2765 452 2285 290 2715 653 1932 464 1706 1097 1813 1293 1127 580 324 1262 159 1274 389 1923 2687 331 999 1124 1037 840 2053 1026 455 31 1789 799 1568 456 326 1039 1281 89 2693 2634 927 2232 2236 758 806 1822 1140 655 1275 1062 408 788 2470 1216 1929 390 726 467 1730 1635 49 430 1143 1282 2301 822 1475 1715 501 129 418 1378 1967 402 484 2407 2137 780 2062 1008 1918 346 471 2059 1022 1505 1787
000252.jpg,2769 348 1870 26 2454 925 480 2649 2538 1369 179 2714 550 712 2050 2130 735 1417 1422 1045 1788 518 440 860 1489 1617 1701 1710 2840 2241 197 2011 2289 445 51 463 1328 433 2650 2375 562 305 645 260 1993 155 1840 1663 169 1640 64 2088 1172 1552 2837 1029 161 1569 2721 2826 439 1782 1444 1796 2836 259 1649 947 48 2439 1895 2767 1146 168 563 715 1624 1983 1544 1486 1752 2707 900 2544 100 1092 2044 817 524 1054 2574 2082 1656 970 2817 556 769 2556 1496 1901
000253.jpg,2798 729 2629 2539 1429 2428 2578 2120 2640 1070 2031 828 377 2221 2038 1668 2602 1374 964 933 1399 672 358 2520 2828 865 2210 2671 2808 1337 1266 1952 13 1038 1329 1272 2421 640 2335 1754 2083 2570 1249 1949 1764 2839 1910 1041 323 2786 2795 979 698 1049 121 536 2227 176 2451 340 988 2047 1431 955 569 571 2384 193 1255 932 36 432 1033 2668 986 1189 2090 680 2317 289 1132 1562 21 733 2387 56 2032 1065 1521 123 302 893 1588 743 1793 866 1393 78 1449 1268
000254.jpg,431 2510 70 1839 1035 1753 1125 2777 2772 2561 1759 2757 2077 2478 315 1390 1557 18 1165 2622 1842 1834 2302 951 191 1252 2663 2 2015 2686 2818 767 1938 601 1443 889 1747 1833 1801 2685 2315 277 2644 1075 2323 1263 1501 461 1219 1906 1976 2277 72 395 944 915 1423 783 1394 2249 2161 2829 1980 2496 962 2702 128 1197 1884 1986 2216 1267 2514 1548 309 2532 529 2483 2245 980 2089 1810 2636 1418 2443 637 2661 2577 2299 677 531 856 2009 1750 417 823 597 1892 1333 465
000255.jpg,2550 1507 575 107 1104 1177 1669 2019 2604 2754 2414 1691 2641 55 2176 728 397 1194 834 2080 1482 2555 1523 2695 1727 333 1244 2383 309 441 863 1044 393 1646 856 2136 2254 2317 1267 924 761 1450 2233 2058 457 2216 1016 1734 1277 830 845 603 1144 2360 2249 373 2630 1620 2395 1729 2192 584 2234 1550 1363 1353 1456 1879 1487 488 20 2159 1906 1995 2293 905 2623 83 2166 1028 2156 897 1217 1032 2547 1322 1321 339 167 1019 2326 2167 1919 2410 1990 110 1006 1066 624 2296
000256.jpg,2018 2146 2284 764 2008 719 2551 1289 247 2487 190 1403 2582 1534 1128 1577 1493 1204 914 35 1157 58 2110 1351 1915 664 874 1247 604 723 1997 212 2204 1121 153 862 549 2824 2209 2718 516 1347 615 632 206 539 1751 1359 2658 303 2453 2405 490 2165 1566 1791 343 1482 2019 2080 2603 624 1136 2585 1474 2252 2416 2003 812 2170 488 1226 1066 703 995 2254 1583 2426 2589 2067 2325 2225 2410 652 2449 1211 1368 107 2550 2293 1239 1762 905 1595 2485 7 2378 2573 528 1958
000257.jpg,2502 2152 941 84 1605 2841 2348 1139 214 1602 1953 2706 1866 909 244 2115 2567 1365 1171 2141 1616 2109 744 1696 2751 924 1214 22 1371 106 2572 189 96 1280 1927 1525 2623 1477 183 2263 1032 815 1084 2060 1632 1661 957 1113 1987 1199 609 2203 594 1487 621 1184 509 2404 2554 1738 419 844 420 1960 2457 270 40 117 894 2677 171 510 2303 785 1397 2768 851 2494 1283 481 2503 959 2153 2179 1198 2678 1766 2448 986 629 2030 1458 1502 1488 2401 1064 1364 2197 1726 2521
000258.jpg,645 2011 445 2840 1029 2707 1328 197 1679 1054 1649 463 1623 1253 1444 2289 2767 1663 947 433 2735 1552 2836 169 2837 2375 161 1895 440 1544 134 2050 1782 2130 2650 2439 2631 1045 735 319 769 1658 1617 2287 1218 1422 51 2088 2241 173 1261 1993 1775 2628 1381 965 1202 950 550 2482 562 613 2352 712 259 2626 1788 1172 622 1496 179 1640 194 2724 2676 2084 178 826 2133 489 900 266 1320 2076 155 2272 2477 2564 2069 563 2312 1948 2732 1627 260 860 2815 1860 439 258
000259.jpg,2538 2769 645 2454 518 2011 445 2649 348 1870 26 550 480 2840 2714 712 1369 2631 1552 1029 2050 925 2130 2289 259 735 463 179 1328 440 1253 1045 1422 197 134 1993 1617 2707 2241 1623 2544 1054 433 2375 51 2650 1895 155 2088 1788 1649 169 1417 1679 2837 635 168 562 319 1640 947 305 1444 1663 2836 1782 1840 2044 1172 2287 563 2076 439 2082 260 1878 2133 556 2735 965 64 1381 1544 547 161 2439 1208 2419 1386 860 1658 2652 1983 1710 611 1092 987 219 1569 2270
000260.jpg,2044 85 2411 2501 1656 1934 2528 1644 1102 312 2790 611 1624 188 2817 2832 987 635 1319 1405 943 221 817 1926 2300 1407 556 547 1386 2082 1422 463 2574 259 1617 2544 2397 1983 2670 1092 2270 550 712 1428 2344 1552 2800 1029 1190 2724 2419 74 1993 2307 2837 1158 2652 2007 4 826 562 2564 2358 1796 1414 283 1208 1045 2454 2676 219 2011 1788 2424 2631 2045 1848 1627 1782 197 977 2076 1417 911 305 2538 2840 606 1146 2836 2515 2289 1369 1328 860 1046 900 2069 2649 2084
000261.jpg,1305 850 1790 222 1436 2071 1504 2512 2218 1052 935 2096 1933 2355 2691 2362 2156 1321 1098 836 2645 2750 1638 2201 1709 2432 2342 1806 2450 1736 897 144 755 2446 1911 599 2537 2452 612 443 2642 8 1621 1671 586 2449 1047 666 1006 1090 745 141 2593 1023 325 2098 1183 453 2535 1474 1082 1308 1661 2317 2747 205 396 1763 2167 1447 477 2163 1145 796 894 1469 2194 2318 2261 1676 986 629 2249 2554 461 1910 1387 1927 1632 419 2055 476 1757 630 16 981 459 96 2420 2083
000262.jpg,257 1731 937 1871 535 2377 1527 1138 2613 1385 1779 406 2145 1800 1894 1645 742 1516 605 811 410 1992 773 2102 519 1007 186 2341 253 1455 1707 2763 336 2843 365 1526 1040 2516 1068 1498 1325 709 248 648 2219 434 1309 1442 2609 821 1424 1969 94 1131 749 1110 288 1511 2830 544 392 1133 435 568 610 112 1966 1783 1020 2560 1311 2788 2549 1634 678 1079 1005 673 2364 2730 1419 301 870 1466 730 2290 855 1581 2299 1794 1379 338 1142 717 593 1670 1968 2151 2746 2251
000263.jpg,1083 1702 181 620 2643 732 759 582 6 1797 1260 546 285 1221 2313 1858 468 2807 636 807 2278 1536 1318 1882 2476 2425 661 2261 2194 1697 2168 1227 2048 1153 1768 1188 476 922 42 2761 829 2816 956 1865 2043 1560 2678 669 2171 2720 1761 1726 2263 1763 2153 1723 2386 1891 894 40 45 229 2522 586 644 1108 2688 1064 1283 1090 1251 2810 1603 1960 2056 37 1364 1456 396 1541 820 2562 411 387 2498 762 2627 1596 2111 2831 1916 2823 1032 1880 971 2760 419 1380 1284 650
000264.jpg,2769 2538 2454 348 26 1870 2649 480 925 1369 2714 550 179 518 712 1788 2130 2050 1422 1417 1045 1172 440 259 735 1617 2289 2840 562 305 2721 2650 1453 1901 1092 1701 260 168 1552 860 433 2088 445 161 2631 2375 2826 1710 2574 1640 2544 1190 1895 64 1993 2148 1569 1489 2241 524 1328 2309 51 1983 2358 463 1878 219 197 2676 201 155 977 439 2724 563 715 2433 1148 100 2652 2200 1208 2011 645 2337 134 1490 48 635 1496 1796 231 1840 1860 2707 2670 622 769 1428
000265.jpg,1946 2843 1005 2299 749 2290 2549 673 937 2788 257 1325 2364 2730 434 1526 2746 2516 544 593 2394 1871 1731 1670 883 1511 416 1966 2145 1442 406 1783 1794 1498 1243 1068 1131 365 1778 1455 2151 2196 2219 1779 1138 662 112 336 1311 1309 605 1110 1040 11 2064 435 7 2560 1969 2377 568 855 2559 1002 2005 921 105 1385 1384 821 186 2458 1133 2341 2251 852 151 535 2416 1527 2697 1968 2417 1379 253 942 875 1581 774 1495 1020 1142 1573 2613 94 2519 2793 2085 730 1479
000266.jpg,84 941 2152 2502 1605 1139 2348 214 1602 2706 909 1866 2841 1953 1371 1525 2572 1280 106 2115 2623 2263 1084 2567 244 1171 2109 1696 1032 96 2141 189 2554 419 1987 815 894 2751 1927 1616 1113 2678 744 2060 1632 2153 22 1214 1960 1661 1198 1365 2203 1726 1659 621 1184 924 1205 2303 1979 2494 40 117 327 298 594 2831 6 183 481 1570 2677 171 1199 2705 2179 1502 1263 300 1738 1380 1364 629 2571 1251 275 1760 2030 1397 1750 420 2404 762 851 957 2522 1477 1064 45
000267.jpg,2624 1845 126 688 1235 1323 297 103 990 2471 2601 502 1186 1391 2314 1767 1413 2276 578 1340 1114 848 931 522 768 903 2388 702 1830 2667 1608 250 65 1107 1908 1821 1720 684 1975 284 1512 1254 1310 835 767 2302 1165 1839 2323 315 1557 2622 1390 277 1406 1035 249 2663 2 1759 1012 601 973 2315 1810 67 1938 191 1833 2757 1263 676 1053 18 1603 2561 1166 2772 1753 2509 2685 1075 951 1285 2620 395 1443 1334 1834 750 2077 2015 962 334 1928 1590 1252 1989 2409 2777
000268.jpg,1506 383 1141 2070 252 1505 2311 525 1356 858 1248 2669 1598 1780 654 1435 625 679 49 61 1781 192 2025 245 113 1787 225 207 408 2396 2794 1216 1829 239 1140 1168 139 2280 1299 2164 216 1282 2091 27 2232 2173 2279 1924 296 838 1127 2698 455 209 1273 356 2470 2137 1262 822 1692 1124 1568 331 1612 1024 1472 33 1503 2765 1274 655 1500 2316 2531 1918 1875 200 643 2467 1941 2062 1037 2690 618 1293 464 1097 2053 1706 2611 131 726 344 2565 1956 471 1021 1143 1961
000269.jpg,1593 832 1693 2827 1743 310 2129 1535 983 2656 1773 2149 2190 2016 1795 1161 2441 1513 2700 1847 95 596 132 1176 1971 695 751 2111 1786 1856 1257 2202 2745 1106 824 2547 1914 1559 2785 1476 576 88 1346 2437 1451 1178 1672 1749 1836 1361 2787 291 1990 2000 1343 2784 1357 1353 1685 499 251 364 766 76 1224 954 1900 2242 1999 2040 63 789 1091 989 803 1116 182 1713 483 1883 2504 2238 341 617 1333 149 374 215 2381 1019 646 436 1300 1180 328 737 926 1714 1818 240
000270.jpg,1145 2098 612 2747 1047 1023 1436 141 1504 2055 222 2218 1976 755 453 2071 1806 2691 401 477 1638 461 1933 760 2362 2163 1790 2512 2645 2450 1052 2342 1163 1872 1628 1736 981 850 2679 174 1305 2775 1321 2636 595 2009 2829 177 2122 208 72 1717 2355 2587 1903 1098 1160 823 1085 816 1415 99 1510 2655 164 399 2156 836 2750 935 1688 437 2469 2126 731 2274 2432 1233 380 2201 172 1241 694 1599 2096 156 73 1808 460 1188 2074 1784 2722 599 2003 1404 411 1173 666 2325
000271.jpg,1749 483 1300 1353 240 2555 1727 789 834 2058 2784 1483 2579 1883 44 1277 376 1447 16 576 1469 2547 1672 824 2437 1304 2249 1836 1801 1394 2202 2277 1476 132 1176 2190 1161 95 251 1513 1593 1091 596 2381 60 2288 1178 2317 1044 766 1914 2745 695 1743 1856 581 1804 374 1990 2441 926 1180 2000 545 1427 1900 88 39 395 2238 2785 291 761 1996 2054 1361 777 2644 1559 2504 2495 564 1057 341 529 215 1773 1847 983 2759 230 1106 962 1971 1818 328 1786 2114 967 614
000272.jpg,455 822 2137 1568 2232 1262 1140 1216 1924 2470 1273 1829 1024 1124 2531 799 1037 1503 268 1168 1299 726 2279 1011 452 464 1875 2765 2053 1293 1706 131 2715 2698 241 580 1097 113 290 2142 1932 1918 159 2236 1831 1789 927 326 1506 31 1822 2285 1475 2693 1303 653 1505 2806 999 89 1127 1612 1843 2687 758 1655 418 49 1143 391 389 2062 295 2565 2465 2505 1635 1275 324 390 1967 1692 383 1923 2611 1715 1281 331 1274 1050 2634 1780 806 478 840 936 2407 1141 1813 27
000273.jpg,1993 1663 947 1444 1617 1328 712 2836 1045 1782 169 2837 2241 1489 2707 1679 2011 1422 2130 2050 1369 1623 1649 2454 2840 1054 179 197 2767 1710 51 735 860 440 1417 2649 445 1552 1381 900 2289 155 1701 1796 1658 1544 550 645 463 221 2439 1870 260 925 305 26 1486 480 1640 1437 635 2714 2832 2790 1569 348 563 1029 943 2826 1405 1934 562 1102 2817 1926 1218 817 1096 433 312 1656 1624 2769 1407 2300 134 2133 2088 2082 518 556 2411 2528 64 1948 1416 2631 1644 2628
000274.jpg,70 1753 1125 2777 2772 2510 2077 2478 431 2561 1839 1759 2757 1035 18 1842 315 1834 951 2 2663 1390 2015 1557 1252 2818 601 1165 2622 2302 767 191 277 2315 1938 2702 1443 2161 2685 2686 889 1980 990 1747 1833 1075 2323 2496 522 502 1810 297 2667 962 1114 2509 1235 103 1908 2644 2601 529 202 2471 688 2624 1801 284 2242 249 2532 578 1989 395 1353 67 2276 1413 1767 1845 461 1323 931 2583 2759 1511 126 2216 1334 684 1310 581 1830 853 1406 1012 1798 702 2296 768
000275.jpg,1790 935 2071 850 2096 836 1933 2156 2355 1321 222 2512 2750 2645 1098 1504 1052 1436 2201 1709 2432 2691 2218 1305 2362 1638 897 2450 2342 2446 2593 1736 1806 755 599 144 1911 2452 2642 2537 666 612 2420 1006 1308 1621 1082 1145 1090 396 443 630 1047 2318 796 2098 586 1023 1200 141 2449 2167 1387 320 73 1085 1676 453 1380 2747 461 177 477 2317 1903 2535 2555 2829 2074 981 459 1763 2249 2268 2679 1697 2627 1682 99 399 2163 2122 1510 1183 2058 2587 1628 745 946 595
000276.jpg,1145 1023 141 2747 1047 2098 612 1163 2055 2679 453 401 2636 72 2009 1085 1903 172 816 2122 177 2829 1628 2163 477 460 1976 2274 1688 99 461 1872 1808 208 595 2587 760 823 174 399 1510 2775 1415 981 2655 1160 1717 2722 694 164 731 437 1784 2469 1155 1599 2126 380 156 1233 2074 2452 2577 73 1100 1241 1404 1089 1436 599 1504 755 2537 2218 222 2642 666 2446 2355 1881 2691 1638 2645 2449 1321 1933 2841 1098 1232 2003 1661 850 2589 1757 2658 1806 2216 2416 40 1839
000277.jpg,2018 2284 2146 719 764 2008 2551 1289 247 914 1493 35 1204 1534 2582 190 1403 1351 2487 1577 1157 2110 1128 723 664 1359 1915 1121 874 2209 2585 1997 303 58 615 1247 1347 2824 539 212 632 604 450 153 812 2165 1772 549 516 862 2453 2204 2718 1136 1751 343 2603 2793 2361 2734 2485 7 871 206 2536 490 1087 1762 1583 2405 66 873 14 2426 2353 1791 1271 2555 545 630 1674 2067 1595 652 1958 1210 1228 2019 2792 1246 1745 2252 1019 2434 2254 2416 1566 2022 1963 311
000278.jpg,2844 352 2797 2833 2092 2139 1571 1539 299 2371 1349 2576 264 2484 642 1982 17 2455 2269 837 2338 2473 1009 2063 1366 2776 2100 2226 667 2175 1549 428 1622 1994 1698 1816 1619 2223 573 2635 1925 2486 1814 223 961 1409 2253 969 1540 349 2801 1338 1615 846 879 2460 600 1215 2607 1025 317 195 1122 1480 1514 1863 46 741 2385 1618 2340 1660 1 1242 2633 1589 2403 2541 2189 1815 273 888 2104 2738 405 892 2524 557 2727 551 2158 385 2584 2431 891 1520 2731 1095 1735 1509
000279.jpg,1583 998 2792 517 778 382 1970 567 1791 2252 118 2711 1854 919 952 1354 2778 1769 227 928 930 1657 2729 2065 2682 1063 1179 2491 1977 1470 887 1531 916 982 841 2379 2328 1651 1579 1578 2042 2225 2793 748 9 114 945 1851 808 7 763 639 2349 2723 975 819 2361 875 2647 1920 2416 528 1667 1210 579 2310 923 1879 1239 151 1368 1271 311 2559 2026 2304 2575 1770 1367 25 2459 1209 1585 515 566 2067 871 513 2658 1211 512 1154 2618 2488 764 2551 2081 701 1963 2462
000280.jpg,1967 390 1635 1715 726 1050 1097 1293 999 1822 331 314 2053 159 2765 1755 580 1140 2236 2715 655 326 1475 1024 430 1143 1216 1124 31 2465 2505 478 799 805 1756 1011 1118 2531 1317 1395 2687 1378 464 2301 1037 89 1568 1706 2407 1503 1648 1918 363 1789 936 2062 1647 758 455 927 484 1662 1275 467 108 1262 1022 1831 346 1730 389 1026 452 2406 2402 1273 1008 628 786 1655 2059 1612 1303 2061 1921 1829 2821 1472 1274 1972 753 1692 471 2806 1929 2398 1018 2634 721 2632
000281.jpg,924 37 1082 586 1308 1090 1487 443 1763 1006 922 629 2841 1697 1471 1462 2216 1456 2677 1703 953 122 1363 2535 325 1474 2167 2706 1288 1188 2249 411 1284 745 1371 2222 327 275 1661 167 1205 2359 396 1153 1250 1380 1882 2268 986 761 1525 1891 1659 946 2483 2572 1605 2494 1570 1184 2573 796 1073 882 650 298 281 2179 1757 1687 1537 594 2502 1400 1502 84 459 2554 285 1221 938 1723 1916 546 1113 1139 123 2666 1219 2623 1322 419 1285 1541 2831 1559 2705 2678 1106 1603
000282.jpg,2034 2545 1796 100 1569 715 48 2433 64 2721 2713 439 1640 562 1584 305 2376 1453 2650 2309 51 1860 1490 155 1496 2556 201 2272 2023 1316 2755 1096 1948 1901 747 2045 1416 2815 1636 2631 2352 1051 1381 1965 770 563 2289 712 1658 2241 168 260 1617 2826 2836 1782 2628 194 2088 1218 1417 2439 440 1993 2050 1045 1369 2130 550 2649 860 1544 2837 2454 258 1422 1261 169 1407 947 26 1878 518 1328 1870 1840 2538 497 2714 1444 134 179 1586 197 1148 1489 645 735 2652 2840
000283.jpg,982 2065 887 1470 1791 1531 748 2792 118 2225 763 567 2778 819 1211 1667 2491 2328 1179 930 1977 1769 1585 919 1578 916 1354 2042 2575 952 808 2682 945 1063 841 1651 2310 227 639 2252 2647 1851 928 1579 2723 1920 1210 311 2349 2416 875 2793 998 7 975 1770 528 114 2379 517 9 1583 2459 2304 2097 923 2658 1854 1657 1154 25 2026 2559 579 1271 2711 2729 382 1367 1209 566 2488 778 151 2618 512 492 513 1239 1368 1528 1058 1981 515 1970 1301 446 1566 2140 451
000284.jpg,1805 775 2586 1611 794 2621 1169 960 357 2329 1626 2780 2447 2368 2019 279 818 2701 693 2651 1517 830 2630 1450 2275 1732 603 2733 1678 2297 1147 1244 2518 863 2347 1120 1646 393 1372 1832 462 1620 2211 2136 1073 2684 339 1382 2106 2637 1014 2345 2805 2525 1016 1259 2080 876 2754 2240 1959 575 2804 2020 1410 2395 469 1691 1482 2605 1748 584 1192 2748 10 2254 1809 2166 1507 2550 2159 2192 1459 86 2360 845 379 676 457 321 1195 2234 2326 1028 1734 102 2802 1690 2653 371
000285.jpg,1310 1254 65 1107 1512 284 702 2388 1830 931 1908 835 903 768 1114 848 1767 1340 1608 2471 1720 2601 250 1821 502 684 990 1235 297 1845 103 126 1323 2624 1975 578 688 2276 1186 1391 2314 1413 522 767 1277 2571 277 309 2058 834 1015 2555 1035 333 1286 1300 2831 2079 2167 2667 1844 1839 2216 1620 2510 1940 205 856 2496 1884 1013 1456 431 400 448 1232 1703 980 1285 2661 677 973 2579 1353 581 2080 2197 1363 2644 191 2401 2705 1217 1036 1336 2509 997 827 2302 1727
000286.jpg,1752 1545 1146 2389 312 59 2832 987 4 1405 635 1102 1624 2411 1934 2501 1644 1656 85 2790 556 221 2528 1407 943 2082 626 2270 2817 1926 1386 188 1202 2300 2044 1737 547 817 826 611 283 2367 1319 1422 613 2069 1617 2840 950 266 712 2477 1328 550 463 2011 445 1799 1993 2631 2574 1045 2714 2837 440 1190 1552 1029 2050 1983 2312 169 2544 860 2454 2424 2241 735 2397 2515 1444 1489 1663 947 900 1468 2133 433 977 2556 1092 2375 1782 1623 2826 2289 2148 1417 259 1796
000287.jpg,1672 2437 1836 1749 1057 44 1990 1483 2700 16 291 1914 1447 2317 2785 376 1593 1178 824 1469 2202 1476 576 1161 1535 2547 2745 95 88 1856 832 1727 2555 1773 1513 1224 1116 2190 2441 1353 596 2058 483 751 1795 47 1713 1743 834 2784 132 1300 1714 2827 2249 1304 2000 983 1176 1693 683 1449 2129 1346 1559 1180 695 1847 2111 1103 2180 761 1091 230 2288 789 1106 1838 83 777 1277 2656 1451 581 1786 1971 310 1996 39 2016 2296 2579 240 1523 2495 2149 60 926 1361 954
000288.jpg,783 617 1343 1093 2737 949 2112 1004 940 1999 2111 2441 1103 1856 2827 1434 596 95 983 310 1914 1561 2190 1743 2542 2785 2745 2202 695 540 1535 198 132 1176 2242 75 407 2547 1693 832 88 182 1298 2016 149 824 576 2129 341 1476 2497 1773 291 1760 60 1593 1161 1116 2656 1683 2180 63 1304 1795 2022 1713 1513 1091 1749 2413 2700 1714 364 1346 1224 1334 1019 954 766 1631 683 1712 1898 2238 1846 328 1447 1333 2149 2644 2489 2323 1838 898 44 1672 499 1847 1230 2295
000289.jpg,1944 1055 2294 2728 725 2207 165 2558 494 2766 1212 2741 2057 2435 2291 2135 1825 137 1899 447 2825 1606 2842 2580 899 686 204 574 1130 116 1056 692 2248 1874 97 1223 1940 2292 2813 1067 2305 2319 1547 657 1463 2719 1452 2068 2382 2511 2736 1126 1464 1937 1076 1986 1473 1639 1777 442 722 1185 146 79 1935 2041 2286 2708 140 12 2665 1868 948 647 246 627 2393 2258 249 2809 677 1134 1721 2121 2639 2683 1012 2438 1810 804 1001 2350 2583 329 1408 1841 1876 67 974 1942
000290.jpg,482 2220 2526 1931 2089 2183 939 2704 1433 2427 1439 2445 2051 255 217 574 2291 1223 2057 1330 598 1088 2683 494 2639 1874 2499 2308 2435 2712 637 647 368 1725 531 521 2719 790 2657 657 1899 1555 692 2292 444 1408 447 2617 608 994 508 2589 2440 864 677 2319 1942 271 146 619 1962 1677 274 944 1998 2625 1892 2438 2475 2506 2037 1881 526 1771 1721 136 128 725 12 1639 1501 1473 2728 1592 1876 1817 2766 1185 682 2436 442 491 2708 2393 915 1757 347 1055 1250 1654
000291.jpg,1944 1055 2294 2728 725 2207 165 2558 2766 1825 447 2825 2741 1212 1130 2135 1056 494 2057 137 899 2435 2291 1606 1899 1940 204 2842 692 2292 2319 2580 116 1126 574 686 1986 2305 97 1874 2719 2736 2511 1463 1547 2248 1067 1223 442 1935 2813 2068 246 1452 657 2041 1134 146 647 2286 1076 722 2708 1937 79 2382 140 1777 2665 1185 1868 2506 2258 1464 1639 790 2639 2683 804 2121 2350 627 948 249 1841 1001 329 1473 2393 1012 1810 2324 1408 1439 1962 898 1721 1590 2583 12
000292.jpg,897 2823 1790 2071 1933 2156 1709 1321 935 1865 2645 2096 1098 2201 2750 836 2432 1638 222 2342 1052 1305 2355 1806 1736 1504 850 1436 752 2512 1456 2450 396 2691 1621 2362 755 2218 1284 2449 122 1227 1153 1044 1661 2627 1188 1090 2313 443 1761 1006 1082 1308 2296 2535 586 829 1697 2194 629 1995 922 2446 2318 1911 1474 8 745 411 2030 372 325 115 1763 1858 630 1047 350 167 2791 612 2452 2261 2167 915 661 2098 2222 468 1015 2268 448 476 796 834 1425 1884 856 37
000293.jpg,213 2408 2638 707 2024 558 426 135 1597 757 2295 2143 2430 2413 1728 24 1804 2354 1689 520 754 634 2566 1269 184 232 1448 1945 1849 1719 19 1265 853 1296 119 80 1383 424 2615 1478 1867 2472 1231 1722 2533 1529 783 1312 2725 967 29 1631 473 2124 2464 1984 2366 1733 1326 2014 2390 1394 498 1889 2320 2756 2404 1766 540 2508 1149 609 375 1093 957 1061 2751 1533 1469 1801 509 293 425 163 388 752 1426 1298 376 2277 2351 2111 1904 1602 218 1839 2744 2224 1019 2115
000294.jpg,2365 81 849 2370 2819 2552 2479 587 152 2119 2534 2689 2500 2181 458 2283 175 705 1827 2527 2716 523 313 847 505 1741 1563 2250 1532 28 1896 2191 1339 238 972 734 696 2177 2557 2674 671 2193 1376 1111 2099 1680 2052 602 1704 2228 2592 2322 2144 2681 1117 1332 1708 330 740 968 1873 1314 2764 120 503 92 68 780 633 354 1746 1335 2237 890 772 129 131 1109 2244 324 1062 268 2799 711 1182 1955 1831 504 2715 1917 1164 2265 2812 452 2059 501 1293 1010 2789 2306
000295.jpg,1845 2624 1235 297 2471 103 990 688 2601 502 1323 126 1186 1391 2314 2276 1413 578 848 1767 768 903 1114 931 1340 1830 702 2388 1107 1908 1608 522 250 1720 1821 65 284 684 1310 835 1512 1254 1975 2667 767 1839 277 2302 1165 2323 1753 1035 315 1759 2478 18 1232 431 2077 1125 191 1810 2777 2772 1938 2510 1390 2509 2561 249 395 2757 962 1557 1834 601 2622 2644 973 1397 2 1570 251 67 1842 70 1012 1916 1798 1723 951 2015 2663 2620 2496 374 1833 298 420 1285
000296.jpg,1879 394 2093 1906 2357 1518 1017 2140 1604 1058 1301 451 631 2049 1981 530 607 1290 446 1567 1237 2392 2596 2796 2282 1909 1002 1119 2543 2660 1978 1676 1384 2262 2085 1495 1621 2064 908 1613 2458 662 1894 984 1239 1331 966 942 1673 1645 1566 320 852 1614 2600 1705 2696 337 186 487 1145 1516 1479 921 742 2609 1546 519 2257 2657 1681 1200 897 1742 2786 997 1271 1367 151 1455 2559 729 1105 1406 355 2111 2640 2488 1368 2747 1330 72 301 678 2089 255 1800 1197 1454 528
000297.jpg,1993 1710 197 1489 2840 463 1045 1701 2011 1617 2375 445 1417 433 1422 1788 712 860 1663 2241 2289 1328 2130 2050 2836 2454 1444 550 947 900 2649 1782 179 489 1369 480 440 2832 1624 735 635 221 169 1552 817 1934 1102 1656 1029 2817 2837 2397 2790 312 925 348 2769 26 1870 943 2707 1926 1405 1407 2538 2631 2082 556 2714 1679 2411 977 970 2528 1386 987 134 1983 2300 2515 2574 2826 1623 2767 2270 1437 1190 645 51 1486 1644 188 524 2424 518 1092 2084 2044 259 1381
000298.jpg,536 121 569 2090 988 193 1132 1588 1268 1431 680 36 2117 2333 733 866 1793 901 500 2217 2786 1065 571 429 802 1553 142 2029 2227 340 2668 597 1418 1393 332 1033 1562 176 1492 1430 1256 2743 555 1686 417 1890 886 2108 2078 878 1699 979 427 2568 2384 554 2415 432 1499 21 1888 868 2267 1053 729 199 62 2451 2578 323 1398 1329 289 302 1038 1910 1886 681 2380 2798 2335 2839 2423 743 1049 2671 1764 361 2083 2795 698 2421 78 933 377 1035 1272 2570 1374 1041
000299.jpg,2044 2411 1656 2501 2528 1102 85 1934 1644 2790 2832 2817 635 1624 312 1405 221 943 1926 2300 817 987 1407 188 611 1319 556 2082 1386 547 2270 1092 2574 826 1983 259 2397 1422 712 283 1146 1552 1617 2670 4 2069 1190 2676 1208 2544 1993 2724 2800 1428 1752 2344 1788 1414 977 1029 2011 550 2631 2454 2837 1328 2307 1202 463 266 74 2652 1045 2840 2538 2241 445 2419 2424 1417 2836 2133 2707 613 1737 2148 1796 2515 900 305 219 2826 480 1782 2564 2050 947 1369 1381 2289
000300.jpg,1489 1710 1701 1417 1993 860 1663 712 947 2836 1045 1328 1782 1617 197 1369 1444 2649 2050 2130 1870 2241 2454 26 2837 169 925 1788 179 2011 1422 2817 2289 2840 817 1679 440 433 2790 1644 735 348 1381 550 221 2375 2767 1656 463 2528 1407 1624 2707 1658 1649 943 445 480 1102 1054 1926 1623 2832 2300 1029 489 1544 2714 900 2769 1934 2411 1405 2538 51 1218 635 1092 1552 1796 2397 1437 2424 2439 155 312 2082 1569 2045 305 1545 970 1319 2084 1983 2628 1640 518 2631 556
000301.jpg,2049 530 631 2282 1518 1604 446 1301 1058 2140 1981 451 1237 1290 2064 2796 1567 607 2596 1909 1017 921 1384 2257 2696 813 1673 2093 1105 1396 1554 355 1331 1370 243 1742 1613 662 1614 966 2458 2660 2782 487 337 660 942 542 710 2085 54 2259 1681 1739 360 1853 2543 1879 1893 1000 1002 2664 1705 2600 2392 2369 1978 394 908 1695 2251 50 2005 2519 2243 800 984 678 1495 2087 1850 2357 1142 2006 2697 1581 1119 1508 1094 1174 2560 1906 1791 2417 791 528 1936 1913 774 2196
000302.jpg,1507 2550 2019 1104 1669 2754 575 603 830 834 1450 1646 2555 393 2080 1620 2641 462 1691 863 107 1177 1482 1244 2275 2630 2136 55 1805 1147 357 2058 2414 1732 1727 2604 1523 775 2383 2254 309 2176 2586 2247 339 1169 1678 2780 1016 2733 1277 1120 856 2317 240 2395 1734 333 728 2360 2192 1517 2695 1611 1626 441 2347 2326 845 457 2233 2368 397 2621 1194 584 2297 187 2159 794 2422 2197 1791 34 1353 1757 924 789 2623 1372 1014 986 2605 2518 2489 1032 2447 1447 1919 2079
000303.jpg,1096 1416 1948 2272 2815 2352 1860 1965 1636 1316 1218 1496 1051 2556 201 194 1362 2721 1569 1261 1796 64 715 562 100 439 305 2713 51 2034 48 155 2309 1584 497 1381 1658 2628 2545 2241 1640 1586 2433 2376 712 2755 2650 1617 1897 1490 1993 260 2836 563 747 1782 1552 2045 2631 2289 2088 2046 1544 2023 1901 2826 1453 1328 258 2454 168 231 947 1045 1422 1148 992 1369 2837 2439 1878 169 319 2767 860 817 550 1444 1486 2652 2130 645 1679 2649 2076 900 445 1029 1123 2553
000304.jpg,372 807 1603 1865 1858 2313 820 1260 1221 546 1541 334 750 1761 1153 285 1697 582 2194 1227 6 1456 759 468 2261 1284 1285 2677 1560 1884 629 980 661 1570 1188 829 1015 2118 122 2643 298 476 669 973 1610 1083 922 1702 1082 732 1286 396 2303 229 1797 2627 1723 1308 2268 1891 37 20 2425 38 620 281 1882 454 1844 167 1537 1080 2168 2387 1380 411 2823 1995 2791 650 2030 1084 448 586 1032 2245 1387 1263 1090 40 1502 1750 1987 2167 594 2666 1916 2222 117 1763
000305.jpg,1044 1865 897 752 1621 2317 213 1719 2823 2472 1879 2295 908 2751 1728 2567 2408 2260 1447 2413 1200 729 2296 394 1469 376 558 135 984 184 2024 1804 1546 2140 141 1661 2143 2640 1550 2508 1448 1425 1729 2638 2452 2555 1296 632 630 1478 1383 24 218 763 932 2430 1265 540 186 2225 1533 1487 488 754 834 2150 1727 707 1194 1312 1271 634 2392 757 2249 2156 516 2793 426 1757 955 1119 924 957 499 2446 99 2725 2067 666 2172 1981 1023 1906 792 2404 785 853 680 1321
000306.jpg,1057 2437 1836 1672 1749 2317 1914 2785 44 1483 2202 16 1476 88 1449 2745 824 1856 1447 2547 2190 576 376 1469 1990 751 2441 291 95 132 1116 2700 2249 2111 761 1620 1224 603 1713 1178 2555 1176 1727 596 1714 1073 983 2275 695 60 683 1535 1482 1732 2058 1678 2080 1103 1304 1091 2129 2180 2827 832 1523 441 830 946 47 1838 777 1450 339 230 2695 1593 1380 834 1646 2495 1743 1183 2245 1147 1353 863 269 1180 2518 2383 2422 905 1451 1996 1548 104 2281 1036 1120 205
000307.jpg,2077 2478 2772 2777 1753 1125 70 2561 1759 2757 2510 2161 1834 951 18 1252 2015 431 1842 315 2818 2 2663 1557 601 1165 2302 1035 1390 191 2622 767 277 1839 2315 2685 2702 1980 1443 2686 1938 889 1747 688 1833 2667 1869 1075 2323 1235 1511 2299 103 297 2314 522 1810 293 29 1012 634 1969 249 1106 67 1323 2624 73 126 1989 1186 1207 1391 2000 1406 1114 990 1767 2583 142 2644 500 2509 1559 1334 2072 2568 2746 1431 380 823 1798 1137 2276 555 954 369 802 614 1413
000308.jpg,1663 1993 1328 947 712 2050 1369 2130 179 2836 1045 2714 2649 1444 1617 2837 1422 169 1417 550 2767 1782 735 1870 925 26 2241 2454 440 2707 1649 2840 480 860 1679 1489 1054 197 1710 1381 433 2289 463 348 1623 2011 445 51 221 2538 1658 518 943 1172 1701 1407 1624 1569 260 489 524 970 1544 1796 2769 1218 2439 1788 900 1190 305 2790 1092 2375 1405 715 562 2826 1029 817 1644 635 2300 64 48 2528 2721 2088 2397 977 2148 1640 1983 2574 2817 1552 100 1102 155 2832
000309.jpg,71 1445 958 30 638 718 810 2529 2271 1514 787 2619 143 697 1440 386 2517 969 1129 1215 1684 665 1270 2298 2481 1939 1258 1294 2246 1630 1446 1360 1112 2710 2185 273 2444 2616 2524 795 2104 2175 1242 1059 127 1539 2226 2339 342 2709 1629 1694 2584 1524 551 1811 1571 2131 2801 1025 1411 1803 2740 2473 352 2460 147 2595 1509 2749 685 1812 1988 879 1619 1618 1069 1540 2013 1807 17 154 2541 2385 1324 2738 223 472 511 1863 557 2675 2363 2844 1660 2648 237 1295 1341 2138
000310.jpg,2769 348 2454 26 2538 1870 2649 480 925 1369 550 179 2714 518 712 2130 2050 1422 1788 1045 1453 735 260 1417 440 1901 1617 305 259 2826 168 1172 562 2088 524 860 2840 2241 1552 1092 2309 2650 1490 2721 563 2148 2289 1148 197 1701 201 1489 1993 1208 2358 463 2375 51 1895 645 1710 977 2574 445 155 1569 2652 1190 1640 1468 2631 2200 1878 433 1840 1496 161 2544 1860 2433 64 219 1328 1388 2011 1983 439 2076 1486 2724 2337 134 2606 2556 1414 2397 2376 1428 978 970
000311.jpg,1925 1982 667 1619 2797 2139 2844 2385 888 1863 641 2833 428 2776 2576 1373 1735 991 299 1549 2092 2771 262 2731 2371 2269 1295 879 1807 741 2460 1366 1814 557 1509 2607 1816 1480 2633 1660 1589 867 2363 2431 385 1122 264 2455 2524 1539 2094 1242 551 814 2484 2104 2403 837 1530 1078 160 1803 2529 273 2175 891 2412 127 2517 2710 1291 1440 1862 2468 1238 1129 1607 2063 267 537 1009 386 1338 1341 2185 1684 143 2595 969 2835 352 1514 405 147 1828 2138 2811 577 1629 2444
000312.jpg,1057 2437 1836 1672 1749 2317 1914 2785 1483 44 2202 1449 1476 16 88 2745 1856 1447 824 2547 291 576 376 1469 2190 95 1990 2441 761 2111 751 2249 1116 132 2555 1727 1620 1224 596 2700 603 1535 1178 1482 1073 1713 60 983 1176 2080 683 1714 441 832 2058 1103 1678 2275 695 1304 1523 47 1091 1732 777 230 269 946 834 2695 2827 1147 1548 1450 2180 2129 1183 830 2495 350 1380 339 1838 205 2518 396 2383 1593 1996 104 1841 1180 1646 905 1743 863 1425 2245 1120 1036
000313.jpg,1944 1055 2728 2294 2766 725 2825 447 2207 2719 2583 2558 1810 67 692 165 2319 627 2509 249 2292 1825 1001 2350 1012 2736 1075 2121 202 1212 137 494 1406 2057 1126 2741 1130 442 2135 899 1056 2291 1606 686 116 574 1067 204 2435 1940 1899 1223 2041 1874 2842 2580 1185 2248 2708 2305 1777 790 1463 2286 246 97 677 657 2683 1962 1547 2511 722 1076 146 2665 2813 1935 1639 1931 1134 79 2068 2438 1452 804 2526 2639 1439 2436 2051 1868 647 2220 2382 1473 1464 2393 2598 948
000314.jpg,1038 1754 2421 1041 1272 1949 13 2520 2210 640 323 2671 377 828 2578 1668 2828 2602 933 2047 1374 672 2032 1337 1189 56 2539 1429 370 2428 2629 1049 2798 2387 932 2038 2083 964 865 698 1910 729 2221 2120 1329 2267 955 839 743 2423 142 123 2031 176 1399 2335 1431 2117 1033 1492 1553 986 36 2786 302 2217 1256 340 1070 1255 2029 2380 868 882 555 802 427 2668 1890 2451 2568 417 597 2415 1430 979 429 1686 292 332 536 1888 2743 1236 78 84 1393 2108 289 21
000315.jpg,2656 2149 1693 1786 1971 1257 1106 751 310 1559 1593 1451 2827 832 2000 1743 2787 983 1361 2016 2190 2441 954 1357 95 132 695 1176 596 76 1685 149 1535 2700 182 2437 1333 1773 1672 2129 1836 1856 1760 1343 63 1795 2202 824 1513 1346 1019 2745 803 293 1161 39 2040 614 2542 1900 215 2111 1091 1914 2288 1207 581 2112 251 374 1137 2022 436 2737 737 1434 1712 2381 2785 364 485 989 1990 576 2547 789 2072 291 926 1847 2495 1334 1004 1230 1180 940 2504 1116 2114 1798
000316.jpg,2263 2386 2678 2116 1525 1726 2623 1960 2572 1198 1371 40 2522 1280 762 861 851 592 45 1632 2056 1251 96 1083 2562 1802 2720 1596 644 1364 1064 300 1013 1880 2761 2048 2498 2807 1768 419 2554 106 894 1336 2188 2160 2153 2079 1084 1199 2141 387 1856 2831 2448 183 2442 844 1927 957 1315 1032 474 636 732 2591 1318 620 2571 181 1536 1205 2441 2760 398 2401 189 2688 1458 2203 2278 1113 2111 949 1659 971 2612 1144 2182 1702 2503 2737 171 481 2303 327 1400 2030 1004 1183
000317.jpg,2769 348 2454 26 1870 2538 925 480 2649 1369 2714 179 550 712 2050 2130 1788 1417 1422 518 735 1045 860 440 1701 1489 1617 1710 2840 2241 1993 2289 1328 445 197 562 305 463 1172 259 260 2826 2011 1569 433 2721 2650 51 2375 161 1552 155 64 2544 1895 715 1640 2088 100 1624 645 169 1453 1148 2837 1796 2148 2309 524 1901 563 1146 1029 168 1752 556 2358 2652 439 900 1486 1840 2707 2433 2200 48 221 769 201 1983 1878 817 1190 2676 1468 2724 1782 2836 2337 611
000318.jpg,1944 2294 1055 2135 899 2741 725 137 2728 1212 1606 2207 2842 1056 204 2511 1547 116 1825 165 2558 246 1134 1463 2057 1067 447 494 2825 1935 2305 2766 1899 97 2291 686 2435 2041 2580 2736 692 1076 1130 2068 1452 2292 2248 79 574 1126 2719 2813 2286 2319 2665 2708 804 722 1464 1841 2382 146 1874 1937 657 1223 2258 2683 2639 1940 677 1868 329 1185 1639 442 948 362 647 1777 2438 140 2393 1931 2589 2583 1810 682 2569 67 271 994 627 1986 1473 2509 1881 995 249 491
000319.jpg,1707 1007 2843 2516 1526 742 1511 730 1442 1325 1969 338 1779 1645 1243 1466 1131 1385 2151 336 2746 1005 2145 1379 1871 2730 1794 2299 2788 2290 1581 1020 2364 1670 568 1783 1455 2560 1138 2492 410 1094 112 2102 855 406 1110 678 749 544 1309 774 2341 365 937 2763 1498 253 2830 1946 709 435 1424 186 1068 673 2251 605 1311 1142 1992 870 593 1731 1966 1936 2549 773 881 1800 2243 1165 2680 1850 248 2519 1040 811 2005 1174 610 1968 392 2377 1073 535 2417 1913 1869 648
000320.jpg,1697 38 372 2167 285 2677 2268 1911 1221 167 2726 922 629 829 1570 690 20 6 459 1744 1153 2502 281 1188 1537 2162 1113 2194 1456 298 1995 37 661 1272 796 122 546 1882 1605 650 2823 454 40 396 1603 1884 2387 2261 334 1082 2152 1502 820 2666 2620 1080 980 411 1761 2216 1844 1380 84 1285 1139 13 2706 1661 941 1267 1922 2210 1387 2032 1232 2841 669 1184 1308 882 851 1284 2168 323 2222 750 1171 2494 1371 724 1283 1032 1286 1397 1227 924 2218 1541 2179 1504
000321.jpg,609 2725 2464 2404 1766 1889 509 2457 844 1696 244 2115 1616 1515 957 5 2448 744 1477 2706 1426 592 1953 1602 2128 214 1139 2751 1199 1171 2348 1214 22 1866 2109 2567 498 1661 1326 375 425 2014 909 40 466 2572 2502 1744 1605 2124 473 163 1061 2188 941 1802 1904 2726 1556 388 43 2162 1726 84 2366 2841 1365 807 1637 1797 851 2476 1603 820 2152 270 285 971 2425 1768 1221 2278 1960 1283 2150 2048 2351 1858 1108 2507 1596 690 306 1232 1757 2566 2408 2720 229 2197
000322.jpg,2552 2365 2819 849 2716 2181 2500 587 458 175 152 2479 81 2283 1563 523 2370 505 28 1827 2689 313 238 2119 2250 2534 1896 2191 705 1532 2527 1741 847 734 1339 972 2674 2177 2557 696 1376 671 2099 2193 2052 602 1704 1111 1680 2592 330 1332 1117 2764 1708 2322 2228 503 354 1314 2144 711 1746 2812 2681 2742 120 740 2199 968 633 92 1873 68 1932 1543 504 1335 2774 2265 1917 890 2237 772 2597 2610 1974 649 2531 1503 1164 1912 2279 1955 1875 1281 1650 2698 1852 1024
000323.jpg,2263 2386 2678 2116 1525 2623 1726 2572 1960 1371 1198 861 1280 2522 2141 2807 45 96 2562 2056 40 592 1364 1632 957 2720 2048 1251 2591 644 183 1013 2111 2441 1596 2761 1064 1768 949 1318 851 1365 2448 894 419 620 398 1856 106 2188 2612 1336 2160 2498 2278 2760 762 1866 2718 2153 1083 335 1004 2442 636 1802 2554 2401 2203 171 181 2182 1084 732 2737 844 1343 1536 1927 189 1458 2503 387 300 214 270 2079 1199 1889 2639 1139 2827 1880 2733 785 84 462 1113 971 2230
000324.jpg,499 1631 545 1228 1785 1394 374 1801 2277 465 1087 1334 529 803 898 1898 2579 1558 2759 251 2644 1333 63 2542 2113 540 1389 1683 2022 2546 2242 1300 2178 1213 1230 395 1561 1883 2323 407 304 714 2381 1427 1137 341 581 1115 783 101 2072 1207 2504 2114 2040 2066 1019 1685 614 2540 853 1928 737 1093 1166 2238 485 789 1353 1175 364 1306 328 483 1951 1798 1091 2699 2547 824 617 658 1257 1900 766 1996 962 727 2000 1559 1590 989 1361 572 2489 1298 1971 954 93 777
000325.jpg,2727 307 1520 2399 1524 1 1629 1618 1571 1025 2444 1572 17 913 573 1059 234 2100 203 2595 2740 1622 642 846 685 969 2749 600 2468 352 2710 317 1540 1349 795 1811 551 342 1803 1338 1514 154 195 147 2473 2486 2709 1270 1862 1112 127 2412 2340 223 2255 2175 2541 2226 1698 349 2616 1258 1129 2372 1509 1630 1684 1615 2223 665 958 2635 2648 961 1355 2801 1167 892 2213 2466 46 1360 2138 2158 577 2189 2246 2584 511 2215 1446 1939 2781 2738 1294 1278 2298 2185 1060 1409
000326.jpg,2045 2755 2023 1584 747 258 770 1320 1796 2545 1948 1096 2034 1416 1569 64 2352 1051 715 2272 2721 439 100 48 161 51 1586 562 2556 194 2836 1261 2815 1640 1417 1993 2837 860 1029 1617 1649 1895 305 1636 2289 2631 155 2628 497 1218 2767 1788 2130 1381 1496 1782 1316 169 947 1552 1328 463 2241 712 1045 2713 440 2707 201 2735 1701 1544 992 1658 2650 2050 2454 1444 2538 173 1860 1054 1710 2649 1489 2439 1319 1422 1407 2652 433 1965 2564 1870 735 1663 1369 1362 2046 2482
000327.jpg,726 1024 1635 390 1967 1503 999 1715 314 1475 2765 2715 2236 1050 2531 241 1011 799 1755 1568 1932 1062 324 1813 1831 464 1875 2142 927 1655 131 89 1789 1293 1097 2053 1706 268 452 159 1923 1281 805 806 2693 129 1378 2059 1274 1026 501 467 1297 1262 1303 389 1037 2687 2285 1273 455 1039 1843 580 1118 653 1022 1124 788 1216 2565 1822 2698 53 1756 326 1140 456 780 331 31 758 655 1143 2465 2505 1395 2232 495 1275 1929 822 2244 2402 2137 290 840 484 534 1317
000328.jpg,79 2068 2665 722 1067 2305 2511 1547 246 1134 97 116 1463 204 2842 2041 1935 137 1212 2135 350 2741 899 1606 686 2294 2580 1076 692 1944 2719 2319 2292 2286 1868 140 2736 2813 1452 657 1055 677 2766 725 2248 1126 442 1464 12 2598 2728 1639 2825 2558 2436 494 165 2382 2057 790 2708 1962 2435 447 1777 1473 1130 1937 1185 2506 574 217 508 1841 804 1223 2207 1874 2583 2438 329 1899 2291 2393 1892 1810 67 1986 271 2712 1677 1998 2296 2308 1771 255 491 1408 1088 1330
000329.jpg,1721 2809 1876 12 1473 2294 1868 508 2685 2068 1055 1548 140 1944 79 116 67 1452 431 1067 657 994 1165 2302 2315 271 627 2499 204 359 2665 191 1980 1035 2766 1942 2842 2511 1753 368 2580 2719 1725 2741 722 269 2135 2292 1892 442 1810 1557 444 2589 725 2041 2728 2510 864 1408 315 526 1547 790 2622 2583 1839 1027 1998 1677 1969 899 2736 97 686 1125 2296 2251 1606 1439 1076 1012 1931 1886 447 2440 2305 249 1390 692 1881 2037 2702 2561 677 2509 2708 137 2598 646
000330.jpg,1496 1453 2433 2272 1490 2556 64 48 1569 2713 439 2721 715 100 1860 562 1316 2309 2376 201 1796 1640 2352 305 2815 1965 194 2034 2545 51 1901 1636 2650 155 1948 1051 1218 2289 747 1096 1416 1422 2088 712 1584 440 2538 563 2631 1261 2050 2836 1658 2241 1617 1381 947 1328 260 1649 486 161 445 2628 784 2826 2130 2649 1054 645 550 2707 1782 2337 2454 1444 2767 2837 169 2069 168 518 258 1623 1679 1878 950 965 2553 1840 2358 2840 1993 2652 231 1045 1369 1029 1148 2011
000331.jpg,817 1926 2300 2817 1624 2790 2528 1644 1656 221 1102 2411 943 1407 635 1405 1934 2832 312 85 2501 987 2044 188 556 611 1319 2082 2270 1386 547 1993 712 1710 1617 860 1701 1328 1489 562 2721 1788 1545 1422 1796 1417 1569 2367 305 2454 100 715 1045 64 463 439 4 2631 1737 1146 1752 1552 2840 259 2289 1369 48 433 1202 2714 2241 2836 550 1029 283 2011 197 1190 1640 155 2544 1983 947 2375 1381 51 2515 626 826 900 2707 26 1782 2352 445 1444 2837 2034 2389 1623
000332.jpg,1453 2433 1496 1490 1569 64 2721 2713 439 48 100 715 2309 1796 1640 562 2376 2272 1860 2034 2556 1901 305 2650 51 2545 201 155 1316 1965 2352 1948 2815 563 1636 168 2289 1096 260 1218 194 2088 1584 2826 1148 440 1878 231 2631 1840 486 2050 1416 1051 784 712 2628 550 2337 2241 518 1658 1617 2553 659 1422 2130 645 900 2649 1328 2652 2439 2732 161 1123 445 1261 1381 2836 134 2538 1045 965 747 1544 2133 169 978 735 1054 559 1623 1552 1586 1782 2840 1307 2454 2837
000333.jpg,196 98 353 776 2474 585 1643 869 701 1625 1963 233 2256 2067 2081 2462 1819 1864 2334 2361 276 910 781 2001 2353 809 1344 1402 1042 1600 2264 2012 381 2027 2132 2103 871 69 2391 1077 1170 1697 2677 513 629 796 372 2101 1519 1949 1245 1209 820 2593 2691 40 1204 640 1973 128 151 1565 1603 915 323 2520 25 1541 2559 2658 528 1271 1696 2165 2210 281 396 301 724 1384 2589 2416 933 909 975 1139 875 2582 624 2150 1911 2141 2475 512 2458 2490 2318 490 1659 2014
000334.jpg,2044 2501 85 1934 2411 312 1656 2528 2832 635 987 1102 188 1644 1624 1405 611 2790 2817 1319 221 943 556 259 2300 1428 547 1983 817 1848 1407 2007 1046 1386 1158 1926 2574 2670 1422 2082 74 2358 1552 2419 2544 1796 2676 1190 1617 562 2724 1092 2652 2337 2800 2545 2397 1414 659 219 2344 2307 900 305 712 2241 826 1381 1569 1636 463 1208 622 2837 911 439 64 1029 2564 1993 2631 2721 100 134 2270 486 201 1640 2088 2133 550 2084 2046 445 2840 977 2836 260 992 1782
000335.jpg,2043 2171 2810 650 2666 2816 1891 1188 1697 2346 1916 475 1723 922 411 1456 1153 1763 37 807 1090 1284 759 6 2643 285 1865 1260 1702 1082 1882 546 586 1308 1221 582 468 1858 1083 2313 620 122 1603 443 1006 732 2167 820 2841 750 1227 334 980 1541 181 1761 1797 829 1884 1605 2216 1610 2261 1139 1570 661 956 1537 1380 1015 2118 1250 2502 973 2194 724 2514 38 298 372 2179 938 1502 2268 1397 2677 905 2410 1285 1703 1322 1027 476 594 1560 2706 2567 2245 1995 375
000336.jpg,2085 966 942 2600 1705 2458 2543 1495 487 1384 1681 2596 1290 337 2660 908 921 1017 2262 1331 1673 2392 1614 2696 2257 1518 1742 852 2282 2064 631 1002 1978 1554 355 243 1370 1396 813 1119 1105 984 1000 360 1853 660 2664 1676 2259 542 1739 1695 1981 320 1237 54 446 710 2782 1567 394 791 1058 1508 2369 451 2140 1301 1893 607 2357 50 1604 2796 1718 1565 2803 1909 662 1031 1479 530 2420 1519 1287 2049 392 1613 519 512 151 2318 1879 2559 1682 301 2618 186 1036 1200
000337.jpg,1371 2572 629 1198 1084 1280 1113 1525 2359 1462 2678 2494 1960 2263 1205 2623 275 2303 327 117 1659 84 2677 1726 1184 941 396 40 1922 2203 1987 1687 298 2573 281 851 1144 1979 1502 2627 2791 23 2571 481 815 1032 1400 1641 2620 1199 2152 1423 189 907 882 946 543 1219 1263 2030 167 909 594 2115 1139 106 45 1183 2502 621 1616 2706 474 2245 1927 1757 2060 96 2179 1285 183 60 986 2726 2141 1570 690 2150 2216 128 2101 1036 1501 1882 2086 1880 2497 1962 2162 1661
000338.jpg,1752 1545 2389 1146 59 312 2832 987 4 1405 1102 2411 2790 1624 221 635 1644 556 1656 2082 2528 1934 2270 1926 85 943 2501 1407 2817 626 1386 1202 2300 188 1737 547 2367 826 2044 817 611 613 283 1319 2069 950 1422 1617 1799 2477 1045 266 2241 1328 440 712 2631 169 860 735 2837 1993 2840 550 2050 947 1489 2556 1444 1552 1782 2312 463 900 1983 2397 1092 2574 1623 1029 2454 1710 1796 2515 2439 259 1468 2133 2544 1190 480 1316 2836 26 2130 1417 2826 155 2424 445
000339.jpg,70 1753 1125 2777 2772 2510 2077 2478 431 2561 1759 2757 1839 315 18 1842 1557 1035 1390 1834 2622 951 2 1165 2663 2302 2015 601 1252 191 2818 767 1443 2315 1938 277 889 2686 2161 1833 2702 1747 2685 1980 2323 1075 2667 522 1810 853 1334 990 2644 297 962 2583 1406 2509 249 1928 2624 395 1798 1012 67 1235 634 1207 1801 202 898 1845 2532 1166 103 126 688 2242 529 1558 714 2496 1767 1590 1346 1869 2277 1114 1908 374 1001 1195 1989 502 1087 702 1511 2350 1333 76
000340.jpg,1096 1416 1948 2272 2815 2352 1860 1965 1316 1636 1496 1362 2556 1051 201 1218 194 2721 1569 64 439 562 1261 715 1796 155 305 100 2713 51 2034 48 497 1586 2309 2241 1897 2628 1658 1381 2650 1584 1640 1617 712 2545 2433 1490 563 1552 260 319 2376 1993 2755 2088 1901 2289 2631 645 2836 2046 168 2826 1148 747 1453 1544 231 1782 445 1486 2076 900 1045 992 659 2454 1328 2840 2652 1422 2553 258 906 674 1878 486 2732 134 2767 2011 1307 1029 440 947 784 559 2337 550
000341.jpg,645 2707 1679 1054 1623 2011 1328 1649 1444 947 1663 2767 445 2836 2837 169 1782 1029 2840 197 1381 712 1544 1617 1658 2289 463 1045 2050 1253 2130 1552 2439 2241 1218 1993 1422 440 735 1261 433 2628 51 194 1417 2352 860 1369 1948 2650 2735 2649 2714 1870 134 179 2375 1489 1710 2454 64 1096 161 1051 1640 319 1569 1416 1895 2287 439 1796 562 965 155 173 1788 48 635 2045 715 2088 769 900 2631 1624 201 305 2272 1437 1701 259 2538 2721 100 1407 550 1586 2676 1584
000342.jpg,2769 348 26 1870 2454 925 2649 2538 480 1369 179 2714 550 712 2130 2050 518 1417 1045 1788 735 1422 440 1617 1701 860 1710 2241 2840 1489 445 2289 463 197 1552 2375 1993 1172 1328 2011 305 433 562 1640 64 2650 155 645 1029 134 51 524 260 169 1840 1569 48 2088 439 1782 259 2419 2836 2837 1983 1624 1054 2631 2652 1796 168 161 2439 1092 2721 1486 977 1649 1895 970 2200 2352 1663 2826 1444 2544 611 2574 489 1658 194 947 659 2148 1381 1544 1319 563 2556 2082
000343.jpg,924 1487 1471 37 1308 586 1082 953 443 1090 1006 2841 1763 922 1703 2216 761 122 2249 1462 1363 1605 1891 1474 1288 1723 411 2535 629 325 745 1488 1400 1188 1697 986 1882 2346 2666 1456 1153 2167 882 594 2823 2810 2043 1865 1916 2179 123 2816 1687 115 1757 650 275 1139 2573 1502 1738 1541 1995 2317 750 2502 820 327 1284 2194 1866 1603 167 2494 1184 2677 2571 488 334 475 2261 468 2495 2449 1397 1570 630 396 2109 84 941 1371 1727 214 2768 894 419 824 1027 1227
000344.jpg,2460 557 2363 879 2801 2524 1619 1863 1242 2104 1366 273 2517 1660 1925 2385 2844 2184 2607 2139 1684 1816 1215 2298 2633 2833 641 1947 1982 2431 1480 2672 143 798 991 2771 1539 385 2185 1295 548 867 2529 1373 1807 888 1196 2797 583 1514 1129 1440 2175 976 667 1081 551 1765 2694 1193 1724 797 2581 741 366 795 1776 697 2662 2189 127 842 687 1735 1025 1432 2468 1086 299 2444 1887 1494 2206 588 814 1509 2187 718 1549 428 1059 801 2327 2321 1358 2776 2541 1191 1653 2659
000345.jpg,1944 2294 1055 725 2728 2207 165 2558 2766 494 2741 1212 2057 1825 2435 2135 2580 2291 447 899 1130 137 2825 204 1899 2842 116 686 1606 692 1056 574 2292 2068 1067 97 1940 2736 2319 1547 1452 2248 1463 2511 657 1126 2719 2305 1874 1986 2813 79 1223 442 722 1076 1473 1935 246 2041 2665 1464 140 2382 1777 12 1134 677 627 1639 2708 1937 1868 2121 2286 1185 2350 2258 1001 2583 2809 146 1810 67 1088 2506 249 1012 1721 647 1439 1841 1408 2683 2438 2509 2589 1597 948 2393
000346.jpg,143 1440 386 2517 2185 2529 718 1129 795 958 2271 1684 2298 1445 2619 810 1411 2584 787 30 1514 697 638 71 1215 1694 1360 2801 2524 273 2460 2363 2104 2616 1242 969 557 1366 879 1630 2246 2844 1112 1939 1446 1863 1816 1294 2139 1619 1480 1059 2833 665 1925 1258 2749 2633 2385 2607 2444 641 1947 1982 991 342 1660 1270 2226 2481 2771 1807 1539 1629 551 2710 1373 867 2431 667 2184 2541 888 1295 1735 2797 2175 1837 41 385 2672 1494 2731 2740 2576 1196 1524 1653 2468 1571
000347.jpg,2185 1411 2584 795 1694 1129 1684 2616 2298 1440 143 2529 2517 386 1360 718 2801 1112 1446 1294 665 1630 1258 2481 958 1215 2246 1445 1514 1270 2139 1939 2833 787 810 1366 2271 879 30 71 557 638 2468 969 2460 299 2844 2092 2100 2619 1982 2727 1238 2385 2363 1619 1291 1816 1122 267 2455 2524 1925 2710 1571 1278 2189 2731 1242 264 2444 273 1480 1814 2484 1589 2371 837 1509 1622 685 2412 1863 2740 2138 2399 428 741 1 1812 891 2431 600 667 2576 262 1520 1009 888 1338
000348.jpg,1710 1701 1489 1417 860 1788 900 1437 197 433 2375 2011 2289 1328 445 2840 1624 259 1993 2397 1552 1208 2424 1319 2084 463 987 1486 712 489 611 606 2130 2082 2515 2707 2826 312 1656 2300 2836 1386 2528 2241 2817 2790 2544 1617 817 556 2574 1679 1045 1407 977 221 2411 188 1190 1422 1444 2724 1623 2832 2419 1895 2270 635 2076 2767 547 134 1029 85 1983 970 1926 1627 1644 645 675 524 1878 559 2367 1737 2652 2148 1102 943 2088 4 169 2050 1307 1870 550 2676 1934 348
000349.jpg,754 2533 2320 1149 2756 2021 1728 29 293 213 2024 2673 426 2430 1597 2143 1689 24 634 757 1231 2172 286 2638 1804 2408 1719 967 1533 1448 135 1478 558 2413 2295 2615 1265 739 184 119 707 2472 853 1296 1984 1312 1383 80 2787 218 2354 1849 2566 529 2224 91 792 1269 19 2235 520 1733 1945 424 232 962 395 2644 2277 545 1801 1326 2323 1722 498 2014 1529 1867 364 1093 1394 898 1558 1035 375 2124 2178 1333 1798 540 304 2113 425 646 1087 2296 1213 983 2759 1361
000350.jpg,803 2381 374 1900 364 2040 436 215 737 101 251 989 2504 341 1427 581 2540 2238 766 1883 2579 2759 328 2114 2242 1334 2542 1230 962 789 1683 1300 395 572 2644 1798 1106 2323 1257 1786 407 1971 1559 1091 1898 1361 1451 1561 529 1357 2277 2000 2787 1801 76 1137 1207 926 1996 39 714 2495 1818 2288 2072 1213 2546 1353 777 1389 304 1951 1197 564 1180 2656 898 1087 614 2178 1115 545 2066 1306 2113 1693 1558 483 485 1175 2149 240 1394 589 1166 751 727 2281 1333 2409
000351.jpg,2185 795 143 2517 1440 1129 2529 386 718 1411 2584 1684 2298 958 2460 2363 1514 2271 557 1694 787 879 1215 810 2524 638 1445 273 1242 1366 2801 30 1360 2619 969 71 2104 1816 1619 1480 697 1863 2616 2139 2844 2833 1925 1630 2468 1660 1112 1982 665 2727 1446 2246 1294 2633 2607 2385 2100 1571 2226 551 1270 385 667 2541 1939 2431 1258 41 1025 342 2738 651 591 317 867 1539 1622 166 2710 1 2481 2444 1338 1947 1837 2215 2749 1059 2399 1373 352 299 2208 2731 2740 2672
000352.jpg,85 2044 611 1319 188 2411 1656 2528 1644 817 2790 2817 1926 1624 943 1405 2300 635 1102 1934 221 1407 556 2501 987 547 312 2832 2082 1386 2270 2045 1584 2023 1617 1796 463 1993 1422 2755 712 1029 259 4 860 1788 2544 1552 826 258 2564 283 2454 550 1417 2397 1569 1328 64 2721 1146 1045 562 2076 2419 2069 2837 1208 2545 1545 1092 2011 1369 715 2241 900 1983 100 947 1428 1782 1737 1701 2631 1489 1381 2670 2358 2724 2034 1895 197 2344 1190 305 2836 1710 977 2307 2800
000353.jpg,631 1518 2282 2049 530 607 446 1604 1290 1301 1017 2596 1981 1058 2140 451 1237 2796 1567 2064 1384 2093 921 1909 942 2085 2458 966 2543 2392 1613 487 662 2660 2600 337 1705 1879 1673 1978 1681 1331 1495 1002 394 1742 2262 2696 908 1119 2257 1614 2357 984 1105 1396 355 660 243 54 813 1000 1853 2664 1739 1676 2369 542 1554 2782 1370 1893 1906 1695 2636 710 1508 320 50 1621 2251 1455 1510 2259 852 2005 678 72 1850 2420 360 800 1094 1581 460 791 749 2519 595 1321
000354.jpg,1993 1663 1489 1328 947 1444 860 1417 1710 1617 1701 1679 2836 712 1782 1054 1623 1045 169 2241 2837 2707 2767 1649 900 1369 2011 1381 2130 1658 1437 2050 1422 2649 197 1796 2454 179 1486 1870 1569 1218 1416 51 1096 1544 735 348 440 1948 925 26 1261 2840 2628 2714 2439 2034 100 1051 715 2289 1788 445 2721 1208 645 155 1552 463 64 480 1640 1307 2545 550 260 2826 817 1624 1029 2352 2769 2790 194 2528 1407 2419 559 2652 562 48 2076 305 221 2300 2424 433 134 259
000355.jpg,1525 2623 2263 1280 1371 1084 2572 2678 1726 1198 1205 275 2030 2791 2141 1659 2761 2303 2386 1113 1960 1768 1802 84 2048 1032 106 327 1880 96 270 1536 189 1283 2554 419 941 1199 1083 2807 1318 481 474 894 636 2060 1632 117 2831 2115 1184 2153 2522 1425 1251 1380 785 45 1108 1364 1170 2494 6 1927 40 1064 1144 762 2278 183 490 2448 2203 2705 300 2562 971 2348 1596 2168 732 181 1866 620 42 546 1139 298 621 396 2425 2116 1987 2188 2688 1882 2571 2720 1696 2476
000356.jpg,1634 1424 648 1573 610 717 2830 1309 1040 1133 605 365 435 1020 2560 94 248 1581 811 1110 678 2251 538 937 410 112 843 535 1966 2609 2680 1379 2196 821 2005 673 257 2377 2843 1527 2788 881 2697 2151 1068 1968 1794 1783 568 1243 2087 870 1498 855 2417 2095 730 338 749 2746 336 1311 1131 1466 593 2243 2299 2364 2290 1005 1142 2492 2519 2730 774 1670 1138 1454 2763 1850 2613 1871 1455 800 2549 2102 1913 434 253 1546 773 288 2331 1516 392 1992 1731 544 1174 2006
000357.jpg,1681 1705 2600 487 942 2085 1384 2543 966 2458 1495 337 2596 1290 921 1000 2664 2660 1695 1853 1739 360 542 2262 54 2259 710 1893 2392 50 2369 660 1017 1742 1518 2782 1508 908 1331 791 2064 1614 1031 2696 2282 1673 1287 2803 2257 1565 852 631 1978 1002 1119 1370 607 243 984 1396 446 1237 1981 2049 355 1604 1554 813 1301 2357 530 1567 1676 2796 394 1105 2140 1058 566 512 151 2026 320 451 662 2618 1909 2559 1613 1519 513 1209 1271 1718 1385 1770 2132 1879 2469 1779
000358.jpg,1335 2228 1297 532 1704 2028 671 1956 633 772 503 2773 2062 2814 2557 2322 1532 1741 711 2674 2052 1961 1376 2099 1339 2715 159 580 1680 602 1755 2681 120 799 696 1097 261 1293 1118 2191 2402 805 1143 1011 326 31 2199 238 2193 1912 2592 1050 1111 1021 464 2232 972 1827 330 1332 1756 505 1037 1303 314 721 872 458 1568 1026 1972 1216 1873 587 1917 1706 734 2250 152 618 649 27 1875 653 2316 2610 449 131 1543 125 1647 740 1281 2698 1262 313 1932 2017 1099 1168
000359.jpg,1753 1125 2777 2772 70 2077 2478 2510 2561 431 1759 2757 1839 1035 18 1842 315 1834 951 1557 2015 1252 1390 2 2161 2663 2818 601 1165 2622 2302 767 191 277 2315 2702 1443 1938 2685 990 889 1980 2323 297 1075 522 1747 2686 962 1235 103 1833 853 688 1810 529 2667 634 1333 1989 2644 502 2583 2759 1798 369 2624 2509 284 2532 395 1114 2242 67 1413 2471 1801 1908 1323 249 581 2496 2277 2430 1334 202 1207 374 578 29 1821 1394 2829 1845 1511 211 426 1012 898 2022
000360.jpg,2648 642 1571 961 17 846 573 2100 600 1622 2138 2486 1698 2223 195 352 1349 511 2372 2738 166 2338 1828 1409 1338 349 317 405 2473 1618 1994 2614 2253 1964 2635 1615 1270 969 2255 2226 2835 1540 1095 223 2709 1514 1939 665 1112 2339 2340 892 2710 2412 2466 46 2175 1258 1 1446 1025 307 1520 1684 127 2158 2215 1630 2444 591 2246 2781 1812 2399 2727 2213 2131 1294 2616 1539 577 2481 2298 685 2811 616 1341 414 1360 2758 1815 1366 2541 1607 1060 2820 1069 124 958 1816
000361.jpg,1752 1545 1146 312 2832 987 1102 221 2389 2790 635 1926 85 2300 1405 2501 1656 1934 1386 943 1624 547 59 556 2082 2411 1407 2817 817 2528 626 4 2367 188 2270 2044 1644 950 2069 1316 611 1319 826 2241 2836 712 2556 1202 440 2837 1617 1422 1737 2840 900 1636 1045 1782 518 1993 169 1878 2050 2826 259 1796 1552 2631 613 735 947 155 1328 1437 2544 1649 2454 1444 2419 550 2133 1710 1381 2714 2515 1190 1486 266 1983 2574 2011 480 1092 445 860 1489 2424 2652 2088 2397
000362.jpg,1394 545 1801 2277 1631 529 2249 2644 853 395 1558 898 1197 1087 761 2323 714 1213 2113 1798 1207 2072 1230 1334 2178 304 962 2317 2066 1298 1137 2409 658 589 1019 614 783 1597 2547 1333 1898 634 1166 1389 426 2555 1928 727 1035 1361 834 2567 291 1892 63 1839 676 572 251 1804 2751 1093 2024 2054 1683 2022 1727 739 1561 499 792 540 374 1175 473 2579 1483 1501 1881 1300 2295 1559 376 2381 581 2003 2430 2014 1951 1346 558 915 1451 306 2124 44 954 1250 2546 576
000363.jpg,742 1007 1779 1385 1645 1707 406 2145 773 2102 1992 2763 1871 519 1894 1800 2613 1138 1731 1969 186 1511 1442 1526 2516 1325 2609 257 535 288 709 937 1527 2377 1516 392 2219 2341 605 336 253 301 1455 434 730 338 1466 1309 1498 248 870 1850 1020 1718 410 1581 2680 648 811 2560 1424 1311 2746 2299 1131 1243 1783 94 365 593 678 2251 1966 800 1040 435 1133 1968 1142 2095 544 855 1573 673 2543 881 1110 2549 1981 2151 2417 1747 2364 2492 1833 821 2559 1165 528 2140
000364.jpg,802 1492 142 2078 429 1699 1430 1553 555 1053 866 1890 1886 2333 868 1431 2267 36 1236 2380 2029 554 733 1888 2217 2117 2668 2415 1033 1562 878 901 2568 1588 1132 2743 1256 289 417 1793 680 1393 886 597 536 176 332 1418 1686 1499 500 427 21 681 988 62 193 121 743 361 569 2227 2786 2451 2108 199 340 1398 2384 2423 302 1065 2090 292 979 432 78 893 1038 1041 1268 323 1272 2671 2421 2828 1374 640 672 2602 1668 13 933 2520 571 2578 1219 2047 29 1754
000365.jpg,2045 2755 2023 1584 258 747 770 1320 1796 2034 2545 463 1948 1029 64 1096 2289 1569 51 562 1416 2352 2631 305 439 2721 860 1788 2556 440 1617 1993 2837 1640 715 1895 1552 1586 100 1417 2130 48 2272 1544 155 497 2735 1319 161 1701 169 2439 433 1636 2650 2836 1045 1407 1051 2628 1381 712 611 2767 1782 1649 2050 992 2564 550 1422 197 1316 735 2241 2454 1710 134 1261 2482 1328 1218 2367 1496 2649 947 547 2652 2815 2713 1489 2538 194 1362 201 1860 1658 2011 2724 518
000366.jpg,1096 1416 1948 2272 2815 1362 1860 2352 1965 1636 439 1496 64 1569 1316 2556 2721 194 48 1586 155 1051 1897 1218 715 497 1796 2241 51 100 201 712 562 1584 2289 2650 1552 1381 2755 305 1658 1617 2034 445 747 1490 1261 1993 2628 1640 2713 1328 2433 645 2836 2046 2309 2545 947 563 1045 1649 770 2011 1444 134 2088 2553 258 2767 1623 1054 260 1782 2631 2130 1663 440 992 2707 1453 1029 2376 2023 2840 1679 319 2050 1544 2837 2732 231 2454 169 1901 1319 1422 2419 2735 168
000367.jpg,1447 1483 376 44 16 1469 291 2249 1749 2317 1535 1672 832 2437 483 240 1836 1361 789 1300 1161 1394 761 1353 1513 1451 1019 2054 1847 2000 2784 545 1389 1773 1801 614 1631 63 1213 2277 2190 1346 2785 2202 646 727 1727 1178 1804 2113 1914 658 2555 2066 2547 589 2178 1476 1091 824 2072 2579 2129 395 2022 132 2644 1559 529 1951 1990 540 304 1115 1176 251 983 2745 1175 2700 293 1137 967 1743 1427 1996 341 1207 714 1057 1334 1795 1087 2540 1333 88 1230 1103 695 777
000368.jpg,1742 243 1554 1370 1396 1105 813 355 2696 2257 1673 1331 1614 337 921 2064 1384 2458 966 1495 487 1290 2660 908 1681 446 662 2600 942 1237 2085 1604 530 2049 1705 1017 1567 1518 1909 2259 2782 1981 1301 1613 2282 2140 360 975 54 2596 1271 631 1058 151 7 660 542 451 1893 2664 710 1739 1002 2793 1000 2369 1853 984 1946 2543 301 1978 2796 2416 2005 50 2405 2251 2394 513 1455 1968 2299 394 871 186 1695 1879 2519 2364 855 1142 808 2336 1966 567 1119 2392 2559 1850
000369.jpg,757 754 1728 558 135 2295 1533 2756 213 2413 2024 1689 184 2472 426 1597 1448 1231 2143 24 1312 2638 1478 2430 634 1984 1265 1296 119 2408 1383 2615 80 2533 1804 1149 2320 853 2021 218 1719 540 529 2277 967 707 1801 1394 1035 29 545 2566 1945 520 1898 293 739 898 1839 2644 1093 1087 1558 2354 232 395 91 714 752 2673 2014 1228 19 2323 2366 783 473 2235 792 2508 376 1849 2178 1889 1892 375 1883 1326 1469 1766 2561 2547 304 2725 2759 1683 2113 2169 1269 425
000370.jpg,2045 2755 2023 1584 258 747 770 1320 1029 2034 1796 2545 1096 64 2289 1948 1586 463 1417 1416 860 2735 497 1362 2631 1569 1895 1710 433 2482 2352 1319 1190 1897 439 2650 2837 51 2130 562 1993 1328 2564 1788 1552 1701 2732 161 712 1627 2011 992 48 2753 1617 622 1051 2724 611 100 2287 715 2836 1624 319 2721 1640 1407 2707 906 173 1381 305 2767 2676 134 2076 817 197 2272 2840 2628 1218 1489 2646 440 2046 675 2088 2652 606 1649 947 1261 169 2084 155 1544 2815 1208
000371.jpg,1707 730 338 1466 1007 1526 2516 742 336 1131 1455 1511 1243 2151 1969 1325 2341 253 1379 1498 1779 1442 1645 1794 568 112 1783 2730 2145 2102 2788 1385 937 410 1670 2746 1020 365 1005 2290 1309 406 2843 544 1581 1068 2830 1110 2364 749 1424 2299 2549 610 870 1871 811 248 2560 678 1516 2763 773 1079 1094 2251 1992 673 605 648 855 709 538 881 2492 435 774 186 1138 2219 434 1731 1142 1966 1634 2243 1133 1040 593 2519 2377 821 392 1800 1073 1311 1936 2087 2005 1573
000372.jpg,332 176 2786 2227 340 979 2743 1033 1256 1393 2029 1065 417 554 2668 1562 597 1418 1890 1686 886 1888 289 868 555 571 62 21 681 429 2108 199 361 1398 2384 2451 878 142 432 1053 1492 2333 2078 1553 1430 1699 802 2217 743 2415 2423 302 893 292 2568 866 1431 36 78 1793 733 427 536 901 2117 1588 988 2267 121 1132 193 1952 964 680 1886 2380 2221 2808 2038 2120 569 2671 2031 500 1266 1399 2335 1268 1236 1374 2828 1070 2090 2539 1041 2578 1038 323 1429 672
000373.jpg,1993 1617 1663 1045 2241 712 1444 1422 2130 440 947 735 1782 2050 550 169 2836 2837 1328 179 1369 2649 1381 51 1658 155 1544 2454 1679 2439 1623 1649 1054 518 1840 2767 480 2707 925 305 2840 26 1640 197 348 1870 2011 260 562 1796 1636 2538 1552 900 2714 2769 2628 2826 445 463 1486 2631 563 2289 134 1569 1029 2088 1489 221 2817 2082 943 860 645 1437 1417 1218 556 1405 1656 2832 2721 2790 259 1710 1934 635 312 64 1102 433 559 2270 1926 2556 1407 1316 2133 1261
000374.jpg,472 2138 961 1803 551 1059 2444 1509 147 342 1811 1607 2385 1807 1341 2595 1295 1069 2094 641 577 2758 1530 991 2771 154 1167 1524 1078 2710 1373 160 2175 127 1025 888 741 1862 262 2740 17 1540 1355 1618 1571 1629 2738 1988 203 352 166 1828 2431 2749 2340 1539 537 405 1 2635 1520 1421 573 2100 2835 385 1622 2731 2255 1619 2339 2709 2399 223 2473 2486 2266 2223 685 846 1242 2614 1615 2781 2675 124 1964 2131 1698 307 1181 1349 600 2338 2776 1564 1060 2727 2104 892
000375.jpg,1635 390 1967 1715 1293 1097 1822 159 580 1143 326 1050 331 31 655 1118 430 2715 1037 1011 2053 1124 2062 1140 1648 1216 314 1297 2406 2402 726 799 805 1755 1972 1647 1317 2236 1395 1756 1918 1262 721 464 1706 1026 2765 1568 1303 999 1187 2687 1475 1921 2465 2505 2407 455 1024 478 936 2531 1008 1503 1472 2301 125 2611 138 1912 1730 1275 1829 1018 1692 2142 1932 89 1612 758 471 113 927 2398 1299 1168 1220 1789 2061 1929 389 782 628 753 1505 346 1831 788 27 412
000376.jpg,419 894 2554 2153 96 1927 1632 106 189 1032 2060 815 2571 1987 481 2109 300 1171 1214 22 744 2831 1661 1880 1726 762 2705 1013 2567 2678 2751 1336 2079 1199 1315 2197 941 42 2401 2162 2263 2160 1364 1960 2261 957 84 95 2313 396 205 2030 2317 971 167 40 2425 2612 1108 2688 2726 2278 1283 1525 2222 1251 785 2573 1536 454 2807 1286 636 924 1727 2386 1188 1371 1749 2555 2111 1139 1605 644 596 122 2188 20 661 2476 2502 1227 1318 1802 506 448 214 2168 2720 1560
000377.jpg,1753 1125 2777 2772 2077 2478 70 2561 2510 431 1759 2757 315 18 1035 1842 1834 2161 951 1839 1252 2015 1557 1165 2818 1390 2302 2 2663 2622 767 191 601 277 2315 1443 2702 2685 1938 2323 297 103 1980 1323 2686 889 634 1833 688 990 369 1747 2644 1186 1235 1801 522 1075 529 2624 1389 853 962 1019 1333 2430 2583 581 395 29 1334 426 1115 2667 293 2546 1353 1810 1804 2759 67 2277 1798 2242 1207 1989 2022 2314 2000 2178 1106 126 1511 1951 2024 1460 1869 1114 2296 2532
000378.jpg,1087 1558 898 714 1166 1928 2409 1207 1590 1137 93 2072 895 614 1298 1394 545 1334 853 589 1631 1306 2323 1228 1175 1951 485 676 1333 727 658 2022 1361 1561 1801 63 374 2277 783 1197 1798 1785 1451 395 1685 2644 962 182 529 2178 1213 304 1019 2113 1389 1343 2542 954 149 251 803 2066 2504 1230 572 2547 101 1597 617 695 2759 824 1346 2579 1176 426 2112 2016 132 2656 341 1427 789 1757 2737 2546 2054 2242 2040 2381 1712 1743 2540 2493 364 1300 596 1881 1257 576
000379.jpg,2706 957 1889 2404 509 2457 2464 844 2141 1696 2448 419 2115 744 2725 609 2153 96 2554 2502 1515 244 894 1766 1616 1632 1927 2841 5 1139 592 941 106 189 84 2152 214 1953 1605 1171 1199 2128 1032 2263 22 2751 2048 2807 1768 1214 971 1426 1283 2060 270 1602 2591 183 2567 620 1596 2348 2572 1866 2720 2278 2109 45 2503 1525 1108 732 1726 1570 1364 1661 1371 40 2562 2761 2188 2498 181 2688 2678 785 636 2623 1960 1802 959 909 43 1365 1477 468 2056 375 1536 1251
000380.jpg,2024 213 426 2533 1149 2320 2143 1597 2430 24 1689 634 29 293 2021 2673 286 2408 2638 754 2172 1804 1719 2756 1728 967 1231 707 757 135 2354 558 2295 2787 2413 1478 184 853 1448 1849 2615 119 739 1265 1296 1533 80 2472 218 1984 1383 2224 1529 1312 1269 424 520 91 2390 2566 1733 1722 792 19 498 1867 2014 529 2366 2124 2296 425 2054 2235 1326 375 1945 1361 1394 473 232 646 2644 1061 1559 727 1951 658 589 2464 1175 1558 1798 1451 388 962 1093 1333 1106 1236
000381.jpg,2040 364 2381 1900 436 215 737 101 803 2504 989 374 2238 766 251 341 581 328 2242 2114 2759 1427 1883 2540 2579 1683 1230 407 572 962 395 2644 2542 789 1334 1798 2323 1898 1091 1257 1786 1971 1106 1300 529 1996 777 1559 1801 2277 1561 1451 1361 926 1818 564 1357 2495 2787 545 2546 39 1137 76 2000 1306 304 2288 1115 2113 2178 1353 230 1207 1213 1093 1951 1180 2066 2072 1175 1389 1197 485 714 2281 483 614 1394 1087 240 1558 589 727 898 1166 1685 658 1693 2656
000382.jpg,2185 795 2517 1129 143 2529 1440 386 2584 1411 718 1694 1684 2271 810 2619 2298 2460 557 2363 30 2801 71 1242 2104 1445 2524 1514 273 879 958 1215 787 1619 2616 1360 638 1939 1863 697 2385 1112 1925 1258 969 1630 1366 2468 1480 1294 1816 1509 1446 2431 1807 147 1059 2776 2246 2844 1295 551 888 2139 991 1803 1629 2444 2833 685 2710 385 2595 741 2633 1982 1660 342 2576 127 2607 262 665 2175 667 2740 641 1025 1571 1373 2749 2481 1069 2738 1524 2100 577 1270 1811 166
000383.jpg,70 1753 1125 2510 2777 2772 431 2077 2478 2561 1839 1759 2757 1035 315 18 1842 1834 951 1557 2015 2818 1252 1390 2663 2 1165 2302 2622 601 767 191 1443 1938 889 277 2315 2702 2686 1833 2685 1980 2161 1747 2496 1075 2323 522 2532 990 2644 269 1801 1989 529 1810 202 395 1353 1511 2242 211 2667 461 369 297 2296 2277 1548 962 102 853 2509 465 2251 2624 997 374 1460 898 36 1333 1087 2249 634 783 1334 2299 1976 249 792 1235 2005 789 1593 1346 2583 2504 1442 103
000384.jpg,2794 239 2280 2091 2164 2173 1781 356 296 209 525 1282 2232 408 838 822 245 2137 2396 139 49 2311 192 61 2025 1248 1568 2669 1787 1356 207 225 383 654 1435 1755 653 2236 805 799 1127 1505 625 1274 2693 2070 455 1297 1831 252 1475 314 1655 1262 1780 806 1972 159 2402 1598 1018 113 1050 1317 782 1011 1756 2053 679 721 1141 2698 1293 31 1647 580 1143 131 858 216 655 1472 326 1503 1097 1299 1216 1168 671 1635 1715 1118 1021 1506 2715 268 1706 464 1022 2059
000385.jpg,2449 8 1474 1671 2535 745 325 1006 443 1082 586 1308 1090 2706 2216 2167 37 2831 924 1380 1763 1703 1288 2705 2197 946 2230 1363 300 1250 2245 1315 2571 2678 922 2079 1697 2623 335 762 1336 2572 1263 488 1322 2567 2160 2401 1661 624 2841 938 1400 2591 459 2109 1487 1333 856 621 1027 905 96 2425 1757 1019 954 1371 149 1032 2293 2249 1605 1113 1013 42 1641 1817 205 45 2514 474 594 2096 1685 1750 214 724 986 1139 2463 1184 63 1979 2156 2555 907 1352 997 2313
000386.jpg,1752 1545 1146 312 2832 987 2389 635 1405 1102 2411 221 2790 1624 1934 85 2501 2528 556 4 1644 1407 943 1656 188 59 2082 1926 1386 626 2817 2300 817 2044 2270 547 611 1319 826 1737 1202 2069 2367 1422 283 1617 445 950 2840 712 1552 613 2011 2419 2837 1983 266 2836 1092 463 2574 2424 169 1782 2477 977 1328 440 2133 2397 1029 550 2631 2544 2826 947 1316 2652 2289 1190 2241 1045 900 2515 259 1993 2556 2148 1468 155 1796 2312 1649 1444 2088 2714 2050 1486 1437 1663
000387.jpg,957 1889 2464 2725 509 2404 752 2457 844 609 1766 1515 2448 5 1802 1696 2115 1616 1880 244 1426 744 2128 592 2278 498 2807 2706 1596 1032 2572 2048 1768 189 466 2182 1726 2124 2056 1364 106 45 1199 1280 1960 2168 1525 1326 2751 1945 2522 42 473 163 1269 2591 2760 232 2678 2351 1064 2566 2476 1061 183 1602 2354 2014 2060 171 375 1084 2141 40 214 1953 388 2608 1556 520 2720 1757 2263 815 1637 2386 19 2408 1536 1797 1659 448 2508 1251 1371 2503 2612 2562 306 851
000388.jpg,2716 1563 849 2819 2552 152 2365 2500 2250 2479 28 238 458 2181 505 175 587 81 2557 1532 313 2283 1827 523 2191 2370 1741 972 847 2119 1339 2689 2534 1896 671 696 1704 734 2527 705 2674 2193 2228 602 2052 1680 2099 1376 1335 1912 1111 503 1708 2177 125 2592 788 633 1932 1281 1923 1293 324 1813 2322 1332 354 456 1097 129 2715 2681 1037 268 2687 501 120 1062 1011 1503 92 159 927 1789 452 2806 2742 2531 1297 1831 330 2059 740 772 1117 131 464 580 2244 1024
000389.jpg,1512 1254 1310 65 1107 284 835 1908 702 1830 903 2388 768 931 2471 2601 848 297 1114 502 990 103 1235 1323 1340 1608 1767 1845 684 2624 1720 126 1186 688 1821 250 2314 1391 2276 578 1975 1413 522 2571 1277 2079 834 1620 2831 309 2579 1013 2555 1300 767 205 2058 333 1791 856 2080 240 1907 1286 1336 1015 2136 1174 2167 2667 400 2296 1844 2216 1458 2661 1130 827 2197 2160 2705 789 506 1353 2005 277 2313 483 448 2736 1560 1315 1244 1940 204 1104 1217 2630 800 1703
000390.jpg,52 418 1481 346 780 2821 2244 1465 2429 1662 534 806 2059 484 786 207 225 363 53 2470 2467 758 1787 2690 61 478 2285 1022 1378 936 452 2669 290 389 2465 2505 2025 467 653 268 654 471 1475 402 1438 2407 2396 2301 192 1275 108 2687 2634 1008 1780 1789 2806 726 464 2531 295 1220 2398 1730 131 840 2070 1706 1831 455 753 999 1568 1097 927 1024 2236 1875 1918 1141 2765 1262 33 331 1293 1929 1822 1692 2142 89 1655 245 49 628 1503 1216 326 2693 1026 655
000391.jpg,1723 820 372 1603 1541 750 1891 2666 334 1916 475 650 807 546 2346 629 1221 285 2816 1153 582 2677 1462 1761 1697 1865 2043 2810 2171 2359 2194 1188 956 1882 1285 922 2387 6 298 973 2261 37 1090 1570 1263 1763 2313 1260 1750 1227 586 1082 411 1858 1456 396 1219 1308 1015 1284 468 1380 281 661 1605 829 2502 2514 2152 443 759 941 1073 2443 594 2494 84 2571 1006 2627 2685 2518 1139 1084 946 980 2483 1884 796 98 1641 117 1083 713 275 1979 40 2302 882 1661
000392.jpg,1055 2294 1944 2728 725 1056 2207 1825 2558 165 2825 1067 2766 2511 246 1134 1547 1130 1463 97 2665 204 2068 2135 2305 722 2741 137 79 447 1212 1940 2842 1935 116 2736 692 2041 1606 899 2292 1126 2719 2319 442 1986 2258 1841 686 494 2580 1076 362 2248 790 2813 2506 2435 2286 2057 1452 1899 2382 1464 1962 2291 2708 677 1937 1868 574 1874 1639 350 2438 1185 140 1223 2683 146 2639 682 1777 647 2393 657 12 271 1408 508 491 526 1942 1892 994 1998 804 2625 948 864
000393.jpg,2252 1179 1651 2682 1977 2491 2328 1578 1583 945 841 998 639 1063 1579 2647 1920 916 1770 2042 887 9 2723 1769 952 2792 919 1470 114 1354 2310 1531 227 1791 118 748 2778 982 517 567 928 930 763 2225 2729 1528 2379 2065 819 1657 2349 1667 875 1851 2097 1854 382 2575 1585 2416 1210 2711 778 2304 1368 923 1367 311 1211 1239 25 2559 528 1154 2793 1970 2618 2459 579 1566 7 975 1209 515 2488 151 2658 513 1271 566 492 910 2026 2462 512 2081 1819 2474 1344 1402
000394.jpg,353 196 98 776 2474 1643 585 1625 869 2081 1819 1864 701 2334 1963 2462 233 910 2067 2256 781 1042 1402 2103 1344 2361 381 276 809 2353 2001 2027 481 5 2141 2582 2677 69 2152 871 1744 629 1204 528 796 923 1600 2726 2304 515 2162 748 1949 2485 1223 84 1661 303 2026 2502 1515 323 513 1219 375 566 1987 975 2457 1272 25 2264 40 669 1504 2101 1667 592 244 372 539 2012 941 1638 850 492 1477 247 450 2157 2559 2803 1436 933 106 281 1751 1579 1108 2618
000395.jpg,1317 1756 1395 1647 2061 805 721 1972 2236 2402 1921 1475 1303 2053 799 1755 1918 1124 412 1967 390 314 1037 1635 363 1831 1050 1216 1655 936 1140 927 484 1715 2505 2465 1297 402 1612 2301 786 561 471 2693 1568 999 1789 2059 1662 2407 806 653 1706 1022 2765 1008 464 27 1293 108 1438 1024 1378 1143 1275 89 2429 1097 2244 1829 478 1118 1274 580 1273 726 2687 2531 1929 159 2698 389 1472 758 753 467 2398 2279 331 780 1822 268 2715 53 1011 1465 534 1039 655 326
000396.jpg,452 2531 290 1875 53 2285 131 268 1843 495 418 2565 1481 52 241 653 2470 1503 346 806 1024 2142 2244 2821 780 1011 1465 2059 484 786 1662 207 534 2429 2765 225 1022 1787 467 1127 61 2693 758 1475 389 363 2687 840 2634 1378 1706 464 999 1262 1275 2025 936 1097 2806 2396 2669 295 1039 1789 2467 2715 1568 1293 2407 1008 2465 2505 927 2690 1780 1216 455 192 580 2053 402 2301 430 49 1730 1929 1918 2236 1220 471 331 1274 1037 726 89 1124 2398 1831 31 1932
000397.jpg,52 418 1481 346 2821 780 2244 1465 786 1662 2059 484 806 2429 534 363 452 2467 2690 2470 2285 936 478 207 758 108 1022 2505 2465 53 1378 2407 290 268 402 467 225 2301 1787 2531 131 471 1008 1438 2687 61 753 2398 389 840 1275 1875 1220 628 1789 653 2806 295 1730 2634 241 2765 1475 2669 1024 1929 464 2142 495 1706 2025 1843 927 999 654 1503 1831 1097 331 192 1918 2396 430 1026 1568 1655 1692 1293 1822 726 2565 1216 1262 2715 455 89 33 1039 2698 1011
000398.jpg,1385 1779 2145 406 742 773 1992 2102 2763 519 1007 1871 1645 1894 1707 1800 1138 1969 2613 1731 186 1442 1511 1526 2516 1325 257 535 1527 2377 937 709 1516 2609 392 605 1718 2219 730 301 1455 338 288 1020 253 336 434 544 2341 365 1581 2560 1309 1131 1040 811 1783 1110 1498 855 435 1311 248 1466 2680 1424 2830 678 1966 1850 94 410 870 1243 1794 2299 1981 821 2243 1142 1068 593 2543 2095 2251 2364 2549 112 610 2746 1379 648 2492 2788 673 2140 2417 881 1968 2730
000399.jpg,2593 632 630 2147 392 1347 1170 490 516 874 1247 318 2204 256 1762 2734 1152 2165 1036 2012 2718 1519 1077 58 2264 2331 2453 1600 549 1595 604 1200 301 1419 212 2132 2391 1128 1267 2318 1973 2420 2691 1380 2487 796 2156 1717 2071 1751 2655 1709 2101 2355 568 1958 946 862 1160 343 1321 1183 1642 2001 1479 2636 1528 2257 320 396 2170 350 1425 1911 1790 595 94 1757 1633 1098 1384 460 2645 823 69 2582 1504 731 2209 974 1682 2603 1510 1387 254 2469 1454 1204 3 72
000400.jpg,2294 1944 1055 2135 899 2741 725 2728 137 1212 1606 204 1056 2842 2207 2558 116 165 2511 1547 1825 1067 1463 2057 246 1134 494 447 686 2305 1935 2825 2766 1076 2291 2435 97 2041 2580 79 2068 2736 1899 2286 1452 692 574 2248 1130 1874 2292 2382 804 2813 1223 722 2665 1464 1126 2719 2319 677 657 2708 329 1937 1841 146 1639 140 948 2258 2438 1185 1868 2683 1777 442 1940 2639 2393 647 1931 362 2436 1810 682 2583 67 2509 627 359 2589 995 491 1986 2350 249 2569 217
000401.jpg,1255 123 986 1757 2150 882 932 1049 1365 698 955 2387 839 1521 1236 372 2380 2493 1541 1406 334 1600 1001 905 2267 1603 289 1477 909 750 21 785 724 2350 624 1346 820 568 895 868 2410 1479 743 2151 1888 2775 1041 1263 427 1012 2475 1200 2121 2514 2227 2668 995 249 2012 1033 1153 1548 2378 93 1553 174 829 893 1492 2423 1430 1256 979 1558 2743 340 1219 176 1590 555 1380 1322 2449 1387 1053 1747 1384 1075 1833 36 901 796 2589 1431 933 474 2293 2451 714 2583
000402.jpg,1019 1389 1213 2066 63 2113 2178 2022 2546 304 1115 1785 1228 1333 898 545 1087 1166 1558 1928 714 1207 2409 1137 1298 1631 93 1394 1590 2072 614 895 1685 1334 149 465 182 853 1175 485 954 1951 374 1306 1561 2323 676 499 291 1801 1361 1197 251 16 2277 1447 540 589 1535 1176 1300 2504 132 789 832 2700 2547 2542 44 803 727 1798 1161 1743 824 617 1483 576 2644 1513 2579 1749 1847 1427 695 2381 1451 962 658 101 1346 529 1883 1990 1353 2016 1469 2190 1257 376
000403.jpg,645 2011 445 2840 1029 197 2289 2707 463 1552 1623 1328 1679 1054 1253 1649 433 1444 2375 134 1663 947 2735 440 1895 2650 2050 2767 169 2130 735 2836 1045 161 1617 2837 1993 2631 2088 2241 51 1782 1544 769 1422 1496 562 155 1860 2439 550 563 2556 1640 319 965 305 2272 712 260 2482 2628 518 259 1381 1840 2538 1658 439 2287 1948 173 1218 1261 2454 2713 2133 1788 2352 950 179 1202 2649 900 1486 1417 860 201 1307 1636 1148 2826 2076 2815 64 1796 1775 1569 2721 1096
000404.jpg,249 2509 1810 627 2583 67 1001 2350 2121 1012 202 1406 1075 1944 2728 447 2294 725 165 1055 2766 2825 137 1212 2736 2719 899 2207 692 1606 2057 1195 494 2135 2319 2741 116 442 2558 2292 1874 2435 204 1126 1609 404 1825 1130 2291 2041 1557 1223 1439 2683 338 2143 2258 2051 2708 1088 2305 1940 97 1581 1869 2842 634 730 2430 24 378 1067 2622 1243 1728 1547 2251 1935 2248 1594 1390 1020 1165 2560 574 2621 2472 1841 2701 1110 1346 2302 1928 1757 1463 2639 2511 135 1379 2224
000405.jpg,131 1875 495 268 2531 1843 452 290 2565 241 2285 1503 53 2142 1024 1011 653 418 2765 2715 806 464 1481 1706 927 1262 780 1789 1932 1127 207 52 2059 840 2244 1022 1568 1813 467 1097 346 1378 1293 1831 1475 2687 822 455 1655 1062 2693 2137 2821 324 2232 159 580 1787 2236 61 999 2634 1274 758 129 1037 1923 2470 484 786 2091 1140 1781 1822 326 2794 1275 89 1281 1143 1216 1465 389 504 501 726 331 2407 295 2053 799 534 788 1118 31 2669 2025 2396 2698 49
000406.jpg,2263 2386 2678 1525 2623 2116 1726 2572 1371 1960 1198 861 2141 1280 2807 2522 96 2718 45 949 1251 1364 1013 1856 40 2441 1632 1318 2111 2056 644 2048 1336 2591 183 2401 2562 2737 1004 2160 462 762 1596 1482 2761 474 1365 419 2733 398 1084 2079 106 1343 1083 2278 1536 2639 894 2720 592 2612 1064 636 189 2188 2554 851 1927 2760 1032 620 2448 647 171 1866 490 95 2827 2203 300 957 1183 2688 2498 335 971 84 940 2831 2153 2080 1768 2182 104 783 785 333 621 2503
000407.jpg,802 142 1492 2078 429 1699 1430 1553 555 1053 1890 866 2333 1886 868 1431 2267 554 1888 2029 1236 2380 36 2668 2217 1033 733 1562 878 2415 901 2117 2568 1256 2743 417 289 1588 1132 1793 1393 886 597 176 332 1686 1418 680 536 21 681 427 62 1499 500 121 988 2786 361 2227 743 193 340 1398 2451 569 2108 199 1065 2384 979 2423 302 292 2090 432 893 78 1038 1041 2671 1272 323 1268 2421 2828 571 1374 2038 2602 672 2047 2032 1668 640 933 2520 2350 2578 1001
000408.jpg,1944 1055 2294 2728 725 2207 2558 165 2766 494 1825 2741 2435 1212 2057 2825 1606 204 2135 2842 447 2291 137 1130 2580 1899 692 686 899 1056 1067 574 2319 1940 2292 2068 2248 116 97 1463 2736 1547 2719 2511 2813 1126 1452 1986 2305 657 1473 79 722 12 1223 1874 1935 2665 2041 442 246 1777 1464 1076 2382 1639 677 1937 140 1134 2708 974 1185 1408 2286 2809 2258 1721 1868 790 1876 627 1942 271 146 249 2393 2121 948 994 1962 1892 2440 2438 647 1439 1012 2350 1841 2598
000409.jpg,2320 2533 1149 29 293 2673 2172 286 2021 967 1804 1719 2756 754 2024 2430 1728 213 1231 426 2408 2787 1597 739 634 2143 24 2224 1689 2638 707 1448 2354 2615 1478 1265 2413 218 792 2295 2296 1849 135 119 1296 2472 184 757 853 558 1383 91 1269 80 1984 2235 1312 646 1529 2054 1361 498 1451 1180 2644 1722 425 529 1867 364 2566 520 1900 376 76 1733 424 589 2390 2323 1533 1091 395 2409 1093 1945 962 436 1061 926 19 1798 1326 1558 1559 1334 232 215 2281 789
000410.jpg,757 135 558 2295 1728 2413 754 184 213 1533 2756 1448 1478 2638 119 2024 1689 2472 2615 1265 426 1312 1984 1296 2143 2408 24 1383 1231 80 1597 2430 218 634 2533 707 2320 1149 520 1804 232 1945 2021 1719 29 2354 19 853 739 1269 967 2566 1849 293 424 2673 286 2172 1733 1722 1867 2235 792 91 388 2508 529 1898 498 473 540 2014 1061 752 2277 1766 2725 1326 2124 1093 1801 1529 163 375 2169 2464 2128 2366 1035 1889 2390 2260 609 2404 425 1426 957 306 729 2224
000411.jpg,1801 2277 529 1394 2644 545 1631 395 853 2323 2249 1230 1197 1798 1334 761 962 572 1558 1087 898 374 714 1898 783 2317 1683 2579 1207 1213 251 2113 1561 1035 2072 2242 589 2555 1389 1333 2547 304 1427 834 658 1137 1839 465 2066 1093 2178 1346 1928 2409 1166 1300 2381 2759 291 581 63 1019 1881 1361 167 1727 2022 1250 803 2054 431 2003 1443 1306 1451 1298 1951 1753 2510 315 614 2245 101 727 824 2325 499 676 1175 1559 2567 1892 2546 2589 889 2540 1165 1483 1106 1125
000412.jpg,1865 807 1260 1858 2313 2823 468 1153 752 1761 759 829 1560 372 1603 750 1227 1188 820 1541 334 229 411 2261 546 620 476 1015 922 2643 956 582 285 1456 2567 1697 1610 2194 1221 1284 1083 6 661 980 1702 448 732 669 1044 1217 2751 1797 897 2118 1171 2216 189 1884 1214 2171 2060 2043 1032 650 2249 761 181 2168 396 298 2387 1285 2810 122 2666 2317 2425 309 1882 1090 2476 1084 2627 2816 586 2554 1995 1892 22 2726 973 1763 38 37 419 2677 2571 1703 167 333
000413.jpg,503 633 772 711 2322 1680 2592 2052 2193 1335 602 2250 1111 1332 238 1704 2764 740 2237 1117 1746 2144 68 553 1917 120 1314 587 968 2681 1852 1376 699 972 1297 671 1164 1109 2500 2228 2773 261 2177 533 2181 2199 2370 313 162 2191 505 2552 458 1708 28 2365 1956 2527 81 771 1010 1827 2212 1532 2119 1182 1327 2819 872 2689 2265 1873 532 2028 2814 1955 2099 2812 2479 2283 2557 152 705 1774 1741 175 1563 1823 1543 849 2610 1650 367 2343 2597 523 2594 1339 2534 963
000414.jpg,1584 2023 2755 2045 747 770 258 1320 2545 2034 1796 2713 64 2433 1569 2272 439 48 2376 715 100 1416 1096 1948 2352 2721 1496 2556 201 1640 2309 51 2650 562 1490 1051 1316 155 194 305 2815 1860 712 2289 1617 161 1417 1636 1261 1218 2836 1029 1649 947 860 2130 1586 463 1993 2837 2767 2631 1895 2088 1328 1381 2628 2050 1489 1897 563 1054 1782 169 497 179 1369 2454 440 1045 2241 1453 2011 168 1552 2649 1788 992 2735 1444 1362 550 1422 260 433 1658 1663 1710 2046 1870
000415.jpg,1652 912 41 2208 2231 1264 2524 2104 1242 273 1684 1215 2298 2517 2692 2205 716 2801 143 2619 969 527 1349 651 237 2675 2529 591 2246 1630 1360 2460 1564 2185 616 386 1812 2131 1988 2541 1129 1181 697 718 2271 2530 1440 1514 996 352 958 918 2363 2158 1491 810 1837 879 1366 345 2834 1587 1615 1 2184 124 557 1539 1803 700 2226 1863 2175 1618 2584 1619 71 2385 2844 127 641 511 1411 2781 1660 1509 147 1571 223 991 1445 1816 787 2633 2444 1540 2215 1373 961 1025
000416.jpg,1305 1504 222 1436 2218 2512 1052 850 2071 1790 2362 2691 1933 1638 2355 2096 2645 836 935 1321 1098 2156 2342 2750 1806 755 2450 2201 1736 2432 1709 897 612 1911 2446 396 2083 2449 1621 981 453 2163 217 1661 144 1032 1023 2452 1910 177 2593 141 96 2098 1927 1047 461 477 1757 2122 894 2554 882 2642 2194 2679 1085 2747 2829 823 599 476 1717 481 401 1145 84 595 1387 2060 2537 637 2571 2074 255 2519 1183 1632 785 205 399 419 73 437 2261 2168 986 1337 1903 629
000417.jpg,1569 64 100 715 48 2721 439 1796 1640 562 305 2034 2545 2650 51 2433 155 1496 1453 2556 2376 1490 1860 2713 2309 2272 1948 201 1584 2631 1096 2289 1617 2352 1417 712 1051 2649 1316 2050 2454 1416 1328 2130 440 1369 1901 194 1422 1381 1045 1658 860 2241 26 260 1218 169 2836 2628 1782 1993 2837 518 168 2815 1870 2439 2707 550 2538 348 563 1544 1878 947 2088 1261 1701 2826 1623 1054 735 1710 645 161 1489 2652 1444 179 925 1679 197 1965 259 433 1663 2714 1636 2840
000418.jpg,6 285 582 1221 546 1702 2643 1083 759 620 181 1260 732 1797 1882 807 2313 1858 468 1603 820 1541 1891 1723 750 334 1697 2816 956 922 1916 475 2346 650 1570 2666 1188 2043 2171 1153 37 2810 973 1605 1456 298 1537 2194 1763 594 661 1380 2425 1285 2261 1865 372 1227 1761 1015 1090 411 1284 2278 586 1397 2807 1082 2476 40 829 2502 1139 636 2179 980 1560 2677 1308 122 148 690 1884 443 2387 2168 1610 2167 2152 1502 2118 629 420 1536 476 1006 281 2841 2514 1318
000419.jpg,52 1481 418 346 2821 2244 786 1465 780 1662 2429 484 2059 534 806 363 2467 2690 478 936 207 758 108 1022 402 225 2465 2505 1378 2301 2407 471 1787 1438 53 467 2285 1008 452 61 753 2398 1220 389 2470 2687 628 290 2669 653 2025 840 1275 1730 2634 2396 192 654 2765 295 2806 1929 1789 268 2531 1918 1475 131 1024 2070 1026 999 89 1568 331 927 464 33 1831 1706 1097 1692 241 726 1875 1780 1141 1039 1843 495 1216 430 2142 2236 1941 1655 2794 1822 2698 1293
000420.jpg,419 894 2153 2554 96 1927 1632 106 189 1032 2060 815 1171 2571 1214 22 2109 1987 2567 2751 744 481 300 2313 1013 1336 2079 2841 2705 2401 2831 1283 1661 1108 2197 1703 2261 2160 2425 468 1315 1188 2216 971 2502 1844 1858 1363 1139 1286 732 2162 2141 2278 2048 620 506 1797 1083 1227 2612 2726 1288 1251 762 1364 2152 1880 922 941 2643 1153 759 181 84 1726 333 309 661 1199 2194 1995 957 1702 1605 2688 636 2807 1768 565 6 1749 2188 1536 2720 214 924 2555 1953 1882
000421.jpg,84 941 2152 2502 1605 2348 1139 2841 214 2706 1602 1866 1953 909 1371 2572 2115 1616 2141 244 1113 1280 2263 183 1525 1365 1696 1960 2503 106 1171 189 2623 96 2678 1199 1927 1032 1084 1632 1214 1064 1458 924 2567 40 45 1198 815 236 851 2751 2060 2153 2608 2522 1726 22 744 2554 894 621 419 2760 1184 2203 2056 171 117 2182 1364 1987 2109 2386 2457 1570 957 844 1251 2620 2303 592 509 398 23 2197 327 690 420 1738 594 1397 2677 2768 2612 1205 1661 1687 1659 298
000422.jpg,1038 1754 2421 1041 1272 1949 13 2210 2520 640 323 2671 377 2578 828 1668 1374 2602 933 2828 672 2539 1429 2047 1337 2428 2032 56 1049 1189 2629 932 698 2798 370 865 1910 839 2387 2083 1329 2038 2221 729 1249 123 1553 955 1492 2267 142 2120 1431 340 964 536 1399 1521 1430 2786 2108 2031 986 427 176 2217 882 2117 429 743 121 1033 2668 1070 2333 555 1256 979 2423 1699 2380 2335 1255 36 432 988 2029 569 868 1890 901 2415 193 866 332 2227 2078 2839 802 597
000423.jpg,848 702 931 1830 1114 903 768 1107 1767 2388 1908 1340 65 284 2471 2601 502 1845 2624 1310 990 1254 1235 126 1608 297 103 688 250 1720 1821 1512 578 835 522 684 1323 2276 1413 1391 1186 2314 1975 2667 767 1839 277 2302 431 1035 2323 1165 315 1232 18 395 973 2644 962 1285 1753 1759 2510 1938 1570 1810 191 249 2509 1125 2772 1397 1390 2622 2561 1557 2777 2478 2077 298 851 1012 1263 2620 1075 1922 1015 2 2706 1842 1219 2757 374 1798 40 1833 581 601 251 2496
000424.jpg,2040 364 2381 1900 436 215 737 101 803 2504 989 766 374 2238 251 341 581 328 2242 2114 1427 2540 2759 1883 1683 2579 1230 407 962 572 395 2644 2542 789 1798 1334 2323 1300 1257 1786 1091 1898 1971 1106 529 1801 1996 1559 2277 777 1451 1361 1561 926 1818 1357 564 2288 2000 39 2787 1137 2495 2546 545 1115 1353 304 2178 76 2113 1306 1951 1180 1213 1389 1197 1394 1207 2066 230 614 1093 2281 483 1175 2072 240 485 714 1087 1685 589 1693 2656 898 1166 1558 727 646
000425.jpg,629 882 1462 1757 2150 123 924 986 1255 2677 2359 2216 2841 909 1487 1139 2494 941 84 2572 594 1471 281 953 2387 1703 1371 1605 2706 750 1153 214 334 1541 37 2115 2502 1232 396 2348 1603 820 40 1987 1502 1250 2573 2179 2627 2249 1073 1616 115 2483 372 1661 275 1365 1082 1687 1995 1866 2203 1199 1221 1397 938 2567 1308 1570 1363 1882 1865 1288 327 586 1113 1525 2688 889 546 2197 1184 2571 285 1032 851 1602 1979 2278 1488 1659 1084 1949 1697 1738 922 1090 1960 1696
000426.jpg,1697 2167 2268 459 922 1911 1456 1188 1380 1082 1090 1763 1308 586 37 1284 411 2823 443 285 1006 759 122 2643 650 546 6 1221 1858 620 181 2313 732 1702 372 468 2043 1260 1797 2171 167 2666 582 2810 38 20 661 1153 980 1083 829 2816 1891 1865 2194 807 298 2168 1884 1227 1882 1603 1285 1570 2261 820 2118 476 2425 1267 1761 1610 1537 334 1723 669 1541 1015 1916 1744 973 2677 2726 281 454 448 475 946 796 2623 1502 1200 2593 2476 396 1995 2346 724 275 956
000427.jpg,2548 2662 1375 2460 969 2363 1366 2844 687 2727 2226 557 879 2541 1619 837 1009 2139 1684 2584 2298 2633 1776 1411 2215 2833 2399 2607 1925 2455 2185 1 797 1025 1440 1572 2063 1660 1816 2186 342 1571 2456 2385 2330 349 551 857 1480 1815 1539 892 1665 267 795 2484 2749 2100 234 1514 2158 264 798 1520 859 2229 1238 667 1043 2590 1264 352 307 317 720 2123 46 2529 1615 1863 913 2039 154 1360 1159 2246 2672 386 718 1291 1861 570 2431 1982 2524 1059 2740 2635 223 2092
000428.jpg,2413 2295 783 135 558 1448 540 1093 1728 1383 2615 1265 184 1296 1478 2785 2111 1231 80 1914 754 617 2472 1856 119 2441 2756 1999 213 2408 1343 1945 2638 2242 1312 232 1996 2566 218 2737 2827 1984 520 1091 596 983 949 2202 707 19 2190 95 2745 757 1103 2112 529 739 1535 1269 777 2547 1743 2354 695 2021 407 766 2644 1533 940 1867 341 1689 328 1804 1801 1476 1683 1561 88 2542 1176 1469 291 310 424 1447 634 1004 376 2281 132 1597 1733 2238 1722 499 2759 2143
000429.jpg,238 1563 2250 28 2819 849 505 2479 2552 2365 2181 458 2500 152 2716 587 1532 313 523 1827 2283 81 2370 972 2119 2191 2052 503 175 2689 2557 2193 671 1680 633 1741 602 2592 711 2534 847 1896 2527 1335 1704 1339 1376 2322 705 1111 734 696 772 2228 1332 2674 2099 2177 1912 330 92 1831 268 1297 2806 1655 1037 1281 2681 927 532 2236 740 464 1813 354 125 788 1932 1923 131 726 1117 1706 2687 1475 324 1730 2715 999 1789 1275 1293 1097 1024 1314 1875 2531 2059 780
000430.jpg,1938 1833 1443 277 767 889 2686 1747 2496 2510 431 70 2532 2315 2757 1759 951 1390 2622 1980 1035 2818 2077 2561 1557 1753 1834 315 2702 2777 2772 2663 211 2478 1839 1125 2302 1165 2015 18 2 1252 1842 2685 1989 369 1460 191 2323 601 1548 2245 269 2644 394 1986 1326 1263 461 500 2249 395 400 990 783 1075 473 997 1423 1906 980 1333 1767 465 1801 1511 375 1928 1065 1952 2277 1418 2014 676 1884 36 2111 309 856 2620 2829 522 2124 1413 2216 167 2022 571 63 907
000431.jpg,493 976 2174 366 1358 2672 1196 859 2004 1234 1034 1861 57 1279 1792 1930 133 797 1580 1575 210 2125 746 1758 2461 2418 280 793 2374 1276 1947 1724 2327 1665 570 756 1859 1392 2184 1664 689 2456 2838 2694 1765 548 294 2330 1375 2186 1072 1776 663 588 228 1551 2039 857 2206 1877 1457 720 2229 2739 1887 880 1193 1086 2123 801 1191 2581 158 885 1030 1043 2332 2321 242 263 2356 2548 1229 2590 150 656 2541 1350 583 1542 2703 2659 704 1432 2198 934 842 798 170 77
000432.jpg,629 882 1462 1757 2572 986 84 123 941 2150 1371 2677 594 1139 1605 1113 214 1616 2348 40 2115 1960 1602 2152 909 2494 2502 244 2359 1866 1255 851 1949 1477 2571 1661 2678 2203 1738 1488 1696 2421 1365 327 2706 1987 2197 1184 1144 1397 509 281 270 300 762 420 1400 1687 2620 482 1084 785 1199 1458 2503 2179 106 510 2448 2386 609 275 1603 1171 1280 1570 1198 1953 815 1726 298 1502 1283 957 1525 2230 1659 676 1263 2079 844 1032 2261 2623 2109 183 2768 744 2841 1927
000433.jpg,1506 383 1141 2070 252 2311 1505 525 1356 2669 858 654 1248 49 1780 1781 61 625 1598 2025 679 192 1435 1787 245 113 2794 225 207 2396 408 239 1168 1216 1299 2164 1829 1140 2280 139 2091 216 2279 1282 27 2173 1924 1127 2232 296 2698 838 2137 209 1273 822 356 1124 1692 455 1024 1918 2470 2531 331 1262 1472 1503 430 1568 2765 1274 1037 655 1612 1293 1875 1097 2565 33 2316 2053 268 2062 1303 1500 643 2611 1026 1143 131 402 1843 2632 1021 936 464 1961 2467 1941
000434.jpg,1057 2437 1914 2785 1836 1672 1476 88 2202 1749 2745 1856 2190 2111 824 132 2547 2441 1176 576 695 95 1178 2700 596 2317 1116 983 1713 1990 1224 1714 1483 2827 44 1743 2129 751 16 683 2180 47 1535 2422 1449 2523 34 291 1593 1447 2249 2016 1838 2555 376 761 1469 1727 777 1073 603 2058 1620 834 1091 1353 832 1106 1678 1450 946 1732 310 1346 1523 499 1304 1277 230 830 60 1103 1180 2275 2495 269 1971 2000 1559 1482 2245 905 581 1082 1380 1357 2080 187 483 2096
000435.jpg,2749 2740 154 1524 1629 203 1059 342 551 2468 1811 2444 1803 150 934 2710 1167 2431 798 147 2595 2198 1072 1863 2548 385 1355 1861 472 1375 2187 814 1619 2175 1348 1025 1377 2709 185 1675 667 884 1716 795 307 158 57 242 1862 1201 1539 1807 1030 170 1530 2654 127 2460 438 2206 133 2727 2226 1078 2174 2385 577 1509 267 1373 1522 160 641 880 1034 2473 82 1086 2273 842 1129 1432 2581 2127 1947 741 1837 2776 2002 1392 1576 1925 1826 685 2717 969 2633 1520 1071 124
000436.jpg,2691 850 2512 2362 2355 1504 222 2218 1436 144 1911 1305 1790 2071 935 796 2096 836 2645 1098 1052 2156 1933 1321 2432 2750 1709 2318 2201 2593 1638 755 1387 2342 1479 2420 1682 2450 1806 1200 1736 2446 599 2452 320 630 1380 2642 946 2167 2537 1676 1082 666 1006 1090 399 73 897 1308 2268 595 380 1697 1267 2587 2679 612 1510 629 1085 459 2074 99 2655 1903 586 437 1717 2829 2122 2535 177 2449 443 1763 1163 2469 2163 208 1599 72 1233 477 1047 823 1250 453 2636 2009
000437.jpg,1707 338 730 1466 1007 336 1455 1131 742 253 2341 1526 2516 1498 1243 1645 2151 1794 1379 1783 568 1511 1325 1779 1969 937 410 1442 2145 365 112 1385 2730 2102 1005 2746 811 1670 544 1020 2788 1581 2290 406 870 2763 2299 1516 2364 1871 2843 2560 2549 605 610 773 1068 1079 1309 248 1894 749 2377 2830 1094 1110 855 678 392 1138 535 1424 648 1800 1731 881 186 1548 435 2243 709 774 1992 673 2251 1527 2219 2492 1732 1073 1133 593 538 434 1634 1966 2680 1040 1142 1165
000438.jpg,2510 431 70 1839 1753 1125 2777 2772 1035 2077 2561 2478 2757 1759 315 1390 1557 951 18 1834 2818 1842 1165 2622 2015 1252 767 2302 1938 2663 2 277 1443 889 191 2686 1833 1747 601 2315 2685 2702 1980 2496 2161 1075 2532 269 2323 1353 2644 465 369 297 211 1548 990 1460 1767 1801 2249 529 395 1989 2296 2547 2277 1511 2276 202 1333 103 1235 2624 1413 688 1593 1391 1107 1845 1431 63 500 824 1323 1019 36 1137 1300 2314 1114 1310 126 461 522 1986 792 1906 2242 1975
000439.jpg,2044 2501 85 2411 1656 1934 312 2528 635 2832 1102 1644 2790 987 1405 188 2817 1624 221 943 611 2300 1319 556 1926 817 547 1407 1386 2082 259 1983 1993 2270 1190 1617 2574 1422 1796 2631 1552 2544 712 1428 562 463 1092 2670 2837 550 1788 74 219 64 1414 2419 305 2724 2397 439 1569 2676 1029 100 2241 1381 2721 2545 1158 2088 2007 992 155 260 1046 715 2652 1045 2538 2344 1208 1848 2800 2046 134 622 2836 1417 169 2424 1328 2289 1782 518 2515 2707 2826 2358 1640 2133
000440.jpg,982 887 1470 1531 2065 748 1791 2792 118 819 763 1667 567 2225 1585 2575 2778 930 2328 2491 916 2042 919 1179 1211 1354 1769 1578 952 808 2723 945 1977 841 227 1851 2682 114 1579 2252 639 928 2647 2310 1651 1063 517 1770 2379 1854 998 1210 311 875 2349 2711 382 1920 1657 579 1583 2793 2416 778 528 2729 7 2559 975 9 25 923 2304 1209 2459 2618 151 566 2026 2488 1271 1154 513 492 2097 1970 1368 512 1367 2658 1239 515 1528 2636 1566 662 2462 800 2009 1850
000441.jpg,2185 1129 1411 2584 795 1694 143 1440 386 2529 2517 718 1684 2298 2616 2271 1445 810 958 787 1360 2619 30 638 1514 71 2801 1112 2524 1215 2460 697 1294 1446 273 2104 2363 557 1630 1242 2139 1258 2833 879 665 1366 1939 1619 2844 2481 1925 2246 969 1863 1270 1982 1816 299 1480 2385 2731 2633 1814 1539 641 1122 2455 1589 1373 264 2607 2092 667 41 888 1652 1264 1660 1571 837 2484 2771 2776 342 352 1009 2576 2431 551 912 991 741 2797 1776 1549 2100 2541 2444 2231 2710
000442.jpg,1145 2747 2098 1047 612 1023 141 2055 453 401 461 2163 1976 1628 595 208 1872 981 2587 1510 2636 760 823 460 731 2009 72 1717 2655 477 399 1160 2469 2126 437 2775 172 99 174 1233 1599 164 1415 694 2074 380 1163 177 2122 816 2829 73 1784 156 2679 1241 2722 1085 1688 1903 2274 2577 1808 1100 1436 1404 755 599 2218 2537 1089 1504 666 222 1155 1321 2642 1638 1736 2450 2446 1933 2071 2645 1806 1098 2342 1305 1790 2452 2156 1105 2161 897 2750 2691 2392 1550 703 2355
000443.jpg,1882 956 1995 38 115 2168 1697 661 829 2261 167 1911 2167 2194 20 1200 396 2268 42 448 1536 1638 1267 1227 459 669 2573 2823 2476 2222 1153 1456 2425 2623 1525 636 2678 1387 1082 476 2593 2216 1090 1709 1380 2572 2197 1308 1032 1797 2691 2726 1205 1537 922 924 946 2535 1318 1880 1474 2706 1560 1661 2156 1108 630 796 1006 732 122 632 1671 586 1184 2831 894 980 1884 1763 1286 8 1371 2118 1400 690 443 2807 2555 1761 37 1221 1726 2554 1188 400 1321 1933 285 2420
000444.jpg,1525 2623 2263 1280 1371 1084 2572 2678 1726 1198 275 1205 2761 2141 2030 1768 2386 1113 270 1960 1802 84 2048 1659 1880 2791 1283 1866 2303 1536 1108 1199 96 785 894 1032 941 2348 419 1251 1365 2554 2153 1364 2425 106 1139 2116 636 2807 327 2831 2522 1318 732 45 189 2115 2562 1083 1632 2476 971 1144 481 6 2498 1184 1064 181 183 2060 762 214 1927 40 1255 474 281 1696 1596 490 1570 300 2448 2188 2688 2168 620 2705 2720 986 2706 2203 621 909 2197 1400 448 2494
000445.jpg,751 1057 1914 2437 2785 1836 88 2745 2202 1672 1476 1678 1116 1713 1732 1224 1714 1450 1073 1856 2190 1620 830 2275 603 824 2317 683 1749 1147 2518 2441 132 1990 777 576 1091 95 2129 2111 1178 2547 230 695 1120 393 1176 2495 2180 47 44 187 983 2239 863 2422 1517 1646 1996 596 1841 1449 378 339 1195 2073 1838 2136 269 2733 371 2630 1244 1353 2020 462 2700 1523 1869 1410 1971 291 2523 1483 2827 2238 1482 2684 1346 16 104 2555 321 1594 926 832 2080 1180 1106 2653
000446.jpg,783 1093 949 2737 1343 617 2111 2441 1856 1004 2827 2112 940 95 596 1999 407 2785 1914 1103 983 540 2242 2202 310 2190 2745 1561 341 1683 2542 1898 695 1743 88 132 1176 1476 1434 2114 1091 1996 2547 1535 766 777 1631 2413 2238 328 2317 2422 1801 576 824 63 1298 1773 2644 2180 1447 198 1019 1224 1749 2295 2022 1693 1087 581 1230 2759 2016 2129 1116 291 135 1795 558 1161 462 149 832 1513 1482 1334 1483 1672 2277 1847 44 1846 1333 2323 1469 16 529 60 2733 364
000447.jpg,887 2792 1531 1470 748 118 567 1791 2065 1354 819 2778 919 1585 952 808 1667 1769 2575 982 2328 2491 930 1179 1579 945 841 1977 1578 2304 998 923 2647 639 875 975 1210 2793 311 1770 9 1851 2682 515 2416 1920 2349 114 7 2379 1651 2559 1063 2723 1854 2618 25 579 2711 928 1154 492 151 1209 2459 513 566 1271 1211 528 2488 382 2026 1528 2658 2252 2310 778 1583 1368 1657 2729 2097 2225 763 512 1367 2074 1239 916 2042 1970 2299 417 1219 73 1599 399 460 2364
000448.jpg,2491 2328 1179 1977 1578 2682 945 841 1651 887 1920 2647 639 1470 1579 1531 748 2252 1063 1770 9 2723 114 819 1667 1585 2575 916 982 2042 2792 1791 118 2310 2065 2778 919 1769 567 1354 952 930 227 998 1851 1528 1583 517 928 2225 2349 2379 2459 763 875 2729 311 1210 2304 1211 923 1154 579 515 1657 2416 2026 492 1368 2488 566 25 975 2793 2097 808 1367 1854 778 382 512 1209 2559 528 1239 2711 2618 7 151 513 1970 2658 2462 1271 2334 1643 1566 776 2081 1402
000449.jpg,783 617 949 1343 2737 1093 2112 1004 940 1999 2111 1103 2441 1856 2827 1434 596 983 95 310 1561 2190 1914 2542 1743 198 695 2785 75 2745 2202 1693 2242 1176 132 1298 149 2547 60 540 2497 182 1535 407 2656 341 2016 88 824 1161 1091 2149 2413 1476 832 2129 1760 1773 1683 1593 1513 1304 2644 63 954 1019 576 1334 328 364 529 395 766 1795 1230 291 2295 1197 2022 2040 803 2238 581 1898 2323 374 1996 989 1333 499 1971 737 1116 2114 1749 2759 1685 1847 135 1346
000450.jpg,2210 13 2520 640 1272 2671 2421 1038 1754 1041 1949 828 323 2578 377 2828 672 933 2602 1374 1668 370 2047 1189 2038 964 56 2629 2032 2539 1399 2428 1429 2221 1337 358 1952 865 2031 2120 2387 2798 2808 1070 729 1329 2335 1266 2839 2570 1764 2415 2423 332 1249 2568 743 289 2217 417 427 681 1049 2029 1553 340 1890 1033 1562 555 2668 1888 21 597 1686 554 698 176 2795 988 193 878 142 2451 955 292 1430 302 1793 2380 1398 429 2267 2743 868 62 361 839 121 1418
000451.jpg,1993 1663 1617 947 1328 1444 712 1045 2241 1422 169 2050 2837 2707 1552 1782 2836 2840 2130 2011 1679 1623 735 197 550 445 2289 2767 2454 1369 51 440 260 1054 900 2649 2826 134 259 1381 463 179 480 860 645 1649 563 2631 1710 1489 1658 1417 221 2714 155 1486 518 433 305 635 1544 1437 2439 1895 1788 2082 2769 1878 2088 2538 562 1796 1640 2544 26 943 2721 312 1569 925 2133 2650 556 1405 1307 1218 348 1870 2375 1934 2270 2652 987 1948 2832 2790 85 188 1860 2424
000452.jpg,2074 73 1599 437 1233 823 399 380 1510 2163 2587 595 208 1628 2469 981 453 731 401 1160 1717 2655 2126 99 1872 760 460 2055 141 461 1023 2636 2009 72 1145 477 1903 2122 816 1047 2098 177 2679 2829 1085 172 612 2747 1976 1163 1784 694 1241 164 174 2722 2775 156 2577 1504 222 1415 1436 2691 2218 1479 2274 1682 2355 2318 1098 1808 1321 850 2512 2362 599 320 1305 755 1688 2645 2299 2262 2420 2446 2642 1165 2071 2156 1263 2432 1406 1387 2537 2568 1790 2559 2302 796
000453.jpg,2043 2810 2171 650 2666 1188 2816 1697 1891 922 411 1153 1456 1763 2346 1916 582 807 6 1723 285 1221 475 546 759 37 2643 1865 1284 1882 468 1858 1260 1702 1090 122 1083 1761 1603 2313 732 620 829 2261 820 1227 1082 661 1541 1308 372 1797 586 2167 956 334 750 181 2194 2168 669 2841 1139 1380 443 1006 476 980 1610 38 2677 2706 1560 448 2425 2476 1537 1884 1696 882 1015 2278 1250 1995 5 1757 724 2387 1911 938 123 40 2014 905 986 629 1515 1570 298 167
000454.jpg,2437 1672 1836 1057 1749 44 1483 16 1914 2317 2785 2202 1476 1447 1990 88 2745 1469 824 376 1856 291 2547 2700 576 2190 95 1178 2441 2249 1449 132 761 1116 2555 596 1727 1224 2111 1535 1304 1713 2058 60 1176 751 1714 832 1103 683 695 983 1593 834 2827 47 1743 1620 2180 2129 1073 1353 1091 230 1277 777 603 1523 1482 946 1838 2080 2495 441 2275 1999 1732 2422 483 1380 269 1678 1180 2523 2695 1346 1450 2000 1548 2288 1106 1036 1996 2245 830 104 905 205 2281 1451
000455.jpg,1993 1663 197 2840 1045 2011 1617 1489 463 445 1710 2836 947 1444 1328 1782 712 433 2289 2241 2130 2375 1417 169 2050 1701 860 2837 1422 440 179 735 1029 1552 2454 1369 900 2649 1788 550 817 1934 2767 489 1679 2790 51 2707 1656 2832 221 1624 2817 1102 1926 645 1381 1486 134 26 1658 943 1437 480 925 1870 1407 2397 635 1649 2082 2826 1623 1640 1544 2528 1054 155 1405 260 2411 1644 563 1796 348 556 312 305 2439 2631 2300 1386 2501 1983 1307 970 2270 2769 2714 562
000456.jpg,2045 611 85 1319 2044 1584 188 2023 2755 2411 1407 2528 258 1624 2790 1644 817 1656 943 635 1934 2300 2817 221 987 2501 1926 1405 1102 556 547 2832 2082 312 1796 770 463 1617 1422 747 2270 712 1386 1029 1320 2544 259 1788 1993 2837 2564 860 2545 1417 2034 64 550 2454 1895 1569 2076 1328 1552 826 2652 283 2289 4 562 2836 433 1208 2419 2724 100 2721 1092 2397 1045 2069 2358 1369 1782 715 2344 1489 1381 161 2676 74 2307 2800 26 1414 1428 2670 1190 48 197 1983
000457.jpg,837 2455 1009 2063 264 2484 1159 2833 2844 2092 1815 2139 2371 1589 1122 234 1814 299 352 1572 2399 2731 1520 2797 667 1982 913 2727 1 403 267 2776 2576 428 2541 1539 1925 1238 1291 891 1366 1619 1373 2269 741 2385 17 1735 1025 2771 262 2189 888 641 2215 551 2633 1571 1349 1816 2431 2158 991 969 2834 1480 1622 1660 2607 1807 1615 1863 1549 342 223 814 2273 307 385 2338 573 2635 1059 1824 2412 1509 2717 1776 2175 1295 90 2403 867 1684 1338 2185 1698 46 2529 1129
000458.jpg,1583 998 2252 2018 2146 2284 2682 2792 1179 1651 1970 764 1977 1657 928 719 2008 2551 1791 2729 1854 517 382 778 2491 1063 2711 1531 567 930 2328 1578 1470 118 1289 2778 887 639 919 2647 1354 748 1579 2310 952 2042 2379 916 841 9 2793 1920 1851 1367 1239 982 1769 247 1368 2225 945 2065 1210 227 763 7 875 2550 1271 311 2488 1403 2459 1566 2349 2416 1507 2723 1204 819 1770 2658 151 107 2559 2582 2304 2019 579 1351 871 975 808 25 528 2165 114 664 2097 2361
000459.jpg,1721 2809 1876 1473 12 1055 2294 2728 2766 1868 1165 2499 140 508 2719 1944 2685 627 2622 67 2302 994 657 2589 431 2315 1390 1557 1027 2207 1452 1035 692 2292 1439 790 2580 1753 1130 864 2319 191 531 725 271 1406 1817 447 136 2558 2057 165 598 315 2051 2068 1998 1408 1125 1725 767 1012 1881 1067 494 2561 128 1980 944 2510 1839 442 1940 1942 2583 2435 2436 368 2708 526 1810 2506 2598 2291 2825 2657 1548 1250 2665 2736 1825 2077 2041 1892 249 1931 722 608 2440 1886
000460.jpg,2467 2690 346 2821 936 402 363 471 478 1438 52 108 2398 753 2407 786 1008 2301 2465 2505 1220 628 1481 1022 2244 418 758 1662 1465 1918 484 1378 430 389 467 1275 1048 780 1730 2429 840 2634 1692 2687 2059 2669 295 1787 1929 1026 1097 2611 806 452 138 207 655 2632 331 2806 2285 89 1822 61 1612 654 2025 1143 2070 1293 534 504 192 2142 1756 2765 225 290 1140 1216 2061 241 1039 1018 1124 113 53 1568 1647 1118 1789 1024 1921 1141 2531 782 1356 643 679 625
000461.jpg,627 67 2583 249 2509 1810 1001 2350 2121 1012 202 1406 1075 1944 1055 2294 2728 2319 2719 1869 725 692 494 1243 1212 137 2766 442 2748 165 2292 1886 1195 1165 2302 1130 338 2057 2518 2251 2151 2135 2305 730 1379 1120 1874 1126 1606 2741 2598 2701 2291 116 191 1223 1131 29 1557 2736 447 2683 404 1940 2207 1581 378 1020 1067 899 2041 1609 204 359 1969 2825 2329 1439 2436 1794 1073 2842 2621 2560 1110 686 2622 2558 1147 881 1850 855 97 293 1346 2299 1390 574 2667 315
000462.jpg,2809 1721 1876 1473 12 1035 994 657 2779 1881 2435 2589 677 274 1817 368 783 2438 394 1027 1725 1931 637 136 2708 2657 1839 608 2561 1711 1439 2057 2599 1501 2683 1906 2762 2829 790 1582 1879 1394 864 1886 944 2526 2216 444 2499 2719 128 574 2051 1899 1902 2291 1558 854 67 1892 1165 898 1406 915 508 545 482 447 526 1874 494 692 627 2712 682 1250 2089 1443 278 1810 2245 249 1801 1703 1433 997 271 1087 1197 2323 2580 1390 473 2154 1868 2302 2510 1223 2308 2169
000463.jpg,1361 1451 589 727 658 2000 1175 2054 485 1306 1951 1559 614 2072 1137 1207 646 2787 1106 1786 1257 1971 76 714 293 1558 1357 1197 1087 1798 898 803 1334 2656 44 1483 962 1333 251 2409 63 1213 1447 832 2149 374 1091 1427 376 1180 1593 2495 1389 1019 1230 1685 954 395 926 564 2022 1115 2644 39 1693 1300 2113 291 2288 989 1166 2381 2540 789 1900 1801 545 2066 2178 1743 1535 2323 572 215 483 1818 581 304 2040 1672 1298 1561 364 16 2579 737 1228 341 529 436
000464.jpg,1453 2433 1496 1490 64 2721 1569 2713 48 100 715 439 2272 2034 1796 2556 2309 562 2376 1640 1860 305 2545 1901 201 2650 51 155 1316 1948 1965 2352 2815 563 1636 1096 2289 194 2088 260 2826 168 1584 1416 440 712 1218 2631 1148 1878 2241 1617 2050 1051 1422 486 1658 2538 1328 231 2337 2836 784 550 2649 1381 645 2130 747 518 161 2652 1840 2454 1045 900 445 1993 1623 1054 259 2439 2628 169 2707 659 2840 1782 947 2553 1369 2133 1679 1649 1544 965 559 134 319 2837
000465.jpg,783 1093 617 949 2737 1343 2111 1856 2441 2112 1999 940 1004 2827 95 983 596 1103 310 1914 540 2190 2785 2202 407 1743 2242 2745 695 2542 1434 1561 132 1176 1693 341 1535 1476 88 1898 1773 198 2547 2413 1161 149 1683 328 2016 1019 2129 63 832 1513 766 1846 75 1795 1091 824 2022 2238 1593 2114 576 558 1996 182 2656 291 1631 135 2489 1847 1298 1749 60 2295 1333 1685 364 1116 581 777 1760 1230 954 1447 1224 1448 2644 1334 499 2178 2149 1785 2497 1672 2040 529
000466.jpg,1967 390 1635 1715 1293 1097 1822 1143 159 580 1118 430 1050 655 2062 326 331 31 2715 1011 2053 1037 1124 1648 2406 2402 1140 1647 1755 805 1918 1317 1395 1972 1216 799 1297 1756 2236 314 721 1303 1612 2061 1472 2505 2465 1568 1692 1921 1187 113 1026 2632 726 1475 1018 936 2611 89 1048 782 2407 1262 478 138 2765 464 2301 2398 1706 643 1008 753 2531 1024 2687 1039 1503 628 1829 27 455 125 758 108 1730 2232 999 1275 1022 389 1273 1220 412 1299 1168 1929 471 363
000467.jpg,1349 1 1520 234 913 1572 352 2727 1618 2399 511 2541 307 1540 2834 2215 1630 2158 2339 1615 223 2246 2340 1684 969 2635 2710 2226 2298 1215 892 2466 1360 1539 1514 2175 1571 46 2709 2517 349 2801 697 17 958 2473 1025 127 267 961 1291 2619 1238 573 2444 342 891 551 1129 2372 1059 537 1698 1242 2524 1446 641 2529 71 2223 1524 1270 685 143 1939 1294 1258 1811 30 1803 2271 2662 1807 1509 2253 1445 638 2338 741 195 787 2104 810 2185 991 837 1409 795 1411 2385
000468.jpg,1944 2294 1055 725 2728 165 2558 1056 1825 2207 2135 899 2741 1130 1212 137 2842 204 2825 1464 1076 2382 1547 1606 2248 2511 246 1134 2286 2813 1067 2736 116 1126 2041 2305 97 146 1935 494 1463 1639 2580 2057 2258 692 948 1937 2766 686 2393 1899 1874 447 1940 2435 1841 1185 2292 647 2639 2291 677 804 2708 1452 1777 491 1223 442 2068 2438 2683 682 1986 2569 79 329 2506 574 2719 362 2665 2319 722 1592 657 1868 140 1482 1962 2733 2436 540 271 1408 974 2441 2413 12
000469.jpg,629 1462 2572 1371 882 84 1757 941 1960 40 1113 986 2494 2677 2152 123 2571 2359 2150 909 1987 851 1139 1144 594 762 1616 327 1605 2678 482 2502 2115 300 1661 1255 1458 244 2197 1949 1184 815 106 2386 1336 1866 2348 214 1477 1687 2421 281 1013 2620 1400 2203 2079 621 183 1927 785 1032 1696 2567 509 1263 1726 1365 2706 2503 2194 1171 1221 844 45 275 298 96 2261 1223 2216 2761 2160 856 1659 1198 1570 940 270 1397 1084 1199 2080 2141 171 1283 285 2831 1315 1922
000470.jpg,757 1728 754 135 558 2295 1533 2413 2756 213 1689 2024 184 426 24 2143 1448 1597 2430 2472 2638 634 1478 1312 1984 119 1265 1296 2615 1383 2408 1231 80 2533 218 2320 1149 1804 1719 853 2021 29 707 520 967 1945 739 232 293 19 2354 529 752 1898 2673 2508 2277 2235 540 91 286 2566 1093 1035 2172 1849 1801 792 424 473 1269 1766 2014 1839 388 2366 1722 498 1061 1326 2725 2561 1087 1733 2169 375 783 2644 2124 499 2323 898 714 1889 163 545 2260 1529 2464 2128
000471.jpg,2491 2328 1179 1578 1977 945 2682 841 1651 639 1920 2647 1579 2252 1770 1063 9 114 887 2723 1470 1531 748 2042 916 1667 819 2310 1585 2575 982 2792 1769 227 1791 919 952 1354 118 2778 1528 930 567 517 998 1851 928 1583 2065 2379 2225 763 2729 1657 875 311 1210 2349 1211 515 2459 2304 923 2097 1154 1367 2026 579 778 2618 1368 382 1854 2559 566 2416 975 2793 528 492 1239 25 2488 512 2711 7 808 1970 1643 151 1209 2081 2334 2462 1819 513 910 1271 1566 460
000472.jpg,511 2648 969 892 2138 46 961 1540 223 2340 2215 1615 1270 352 2158 2100 600 2709 577 1618 1698 1572 147 2466 2541 1571 1 2226 195 2339 2635 2595 1939 1514 2820 2834 2372 1622 1816 2223 1349 1009 2175 1366 913 879 2710 2013 127 2253 234 2783 551 1619 1025 2473 1409 349 1324 1815 1258 1095 2460 2455 342 1863 2738 837 1994 1069 1803 2186 2727 1520 2338 1480 2619 1294 846 2616 1630 1338 1159 1101 2385 166 2444 1811 1660 71 1629 2481 2399 573 267 665 17 1059 1539 2486
000473.jpg,607 1518 631 2049 2282 530 2093 446 1604 1017 1301 1290 1981 1237 2596 2140 1058 451 2796 1567 2064 1909 1384 2660 1879 921 966 2392 2543 2458 2085 942 394 2357 1613 1331 1673 662 337 1002 1614 2696 1742 1705 2257 487 908 1978 1119 1495 1906 2600 2369 1681 2262 50 54 1105 1893 355 2664 813 710 243 1695 1370 1000 1739 2782 542 1396 1853 984 660 1554 1508 791 2636 1031 460 1676 2251 1621 897 2803 2459 2259 678 852 1287 320 311 528 800 2682 2005 1179 1565 360 2609
000474.jpg,418 1481 52 780 806 534 2059 2244 1465 2429 346 1662 484 2821 786 207 2470 53 452 268 131 2285 225 1475 290 2467 1875 1378 363 1787 464 1789 2690 653 61 758 1706 2531 927 726 1831 1024 1275 1022 478 2687 1655 2505 2465 936 1568 2765 467 2236 999 471 389 2715 2407 2806 295 1438 1097 2698 1008 402 241 2693 455 1929 331 1262 326 1503 1822 840 1293 1216 1273 2396 1730 2301 1843 1140 654 580 33 2669 31 2053 495 192 159 108 1918 2565 1011 2142 1932 655
000475.jpg,2411 2528 1644 1656 2817 2790 1102 1624 1926 817 2300 943 221 1934 2832 1405 635 2501 1407 2044 312 85 987 188 556 611 1319 2082 1386 2270 547 1617 1146 712 1422 4 283 1752 2574 1983 550 826 1045 1993 2069 259 2454 1489 2397 1737 1202 860 1328 1029 1417 1710 1092 1369 463 2837 1796 2544 1208 1552 2670 2011 2836 305 2649 977 2419 1782 2241 1701 1788 562 1545 2676 1190 197 1414 2515 925 900 1381 2344 947 2631 2477 2724 26 1444 2367 169 266 2050 2652 2826 480 64
000476.jpg,2080 1482 441 2383 2754 1523 2695 1691 373 575 584 845 1016 2019 2395 1147 2518 1450 1678 1120 830 107 1177 1183 603 1620 2550 2604 1244 2414 1507 393 863 2275 1646 1732 1104 1669 2136 2641 1073 2733 2176 55 397 2780 728 339 462 1517 1169 2630 1194 2525 2106 1382 357 2684 775 2447 2586 818 187 1626 2368 1805 279 2166 1943 1410 2605 2651 2111 2317 83 993 834 102 2571 1919 2159 2563 1611 1259 917 2033 1144 1856 2347 87 2802 1449 902 2805 905 2752 490 2678 2020 2360
000477.jpg,2044 2501 85 2411 1656 1934 2528 312 635 2832 1796 987 2545 2790 1624 2817 1644 1102 221 2034 188 1405 2300 100 1569 562 943 715 2721 439 817 64 155 305 259 1640 1926 51 2241 48 1407 1636 611 1381 201 556 992 1993 1319 2046 547 2433 1617 260 1860 563 2088 1658 2309 2439 2631 1422 1316 2713 712 2826 1552 2352 1878 1046 1096 2836 1428 1782 168 1544 1983 497 2007 1045 1586 518 486 2650 550 2082 2837 1386 900 2840 1584 1965 169 1848 1948 2652 440 659 2419 2289
000478.jpg,2150 1757 986 882 1255 123 2823 1365 752 468 2425 785 2197 411 1797 1953 959 1188 1217 669 1153 2278 1858 2141 1697 620 1171 448 2751 2216 829 2476 997 1696 2706 309 759 2387 1907 957 5 42 2313 807 2567 732 1227 1560 2807 509 2169 1889 1904 1214 476 229 1139 22 2612 2457 1474 592 1703 971 1995 473 2591 1084 2841 8 2643 2507 122 2109 167 334 1200 2168 2261 189 1032 285 2572 661 1108 956 744 1288 1232 1199 909 2182 2760 2677 214 181 43 1280 1761 2014
000479.jpg,1967 390 1635 1715 1293 1097 1822 159 331 1050 580 1143 430 726 655 326 2715 31 2053 2062 1011 1118 1124 999 1037 1140 314 478 1216 2236 2765 2505 2465 1648 464 1706 1475 2407 1755 1024 2687 799 2301 1262 1756 1730 758 1026 1317 2406 936 1918 1568 2531 1008 1395 467 1275 452 363 805 389 628 455 1789 1647 108 346 927 89 1831 1378 753 2634 2398 1662 1297 1022 1503 2402 484 786 1929 1692 2611 2806 2821 1220 1612 1655 2285 1912 125 1472 471 1972 1039 113 721 268
000480.jpg,2794 2164 239 2091 1781 2280 525 245 2173 49 2311 139 408 1248 209 654 1282 838 2396 296 383 1356 356 1435 2669 192 2025 1787 61 625 679 1505 2070 2137 822 2232 207 1598 252 1141 113 225 216 858 27 1506 1568 1780 1299 1168 653 1127 1037 805 1018 1317 2053 1395 1216 2279 1022 1297 1274 1124 402 1011 782 2236 2632 2402 2531 1143 1756 1303 1918 1829 1472 1048 936 2406 1972 1118 1293 1008 89 1921 1755 1647 430 1503 788 1187 1097 721 241 131 471 1140 1715 1843
000481.jpg,1908 702 931 1107 1830 1114 1767 848 768 903 2388 284 65 1310 1254 835 1340 2667 1512 522 2471 2601 1608 250 2624 1845 502 126 578 1821 1720 684 990 1235 688 103 297 2276 1323 1413 2314 1391 1975 1186 767 2323 2302 1165 315 1075 2315 277 1390 2622 1035 191 1557 1406 395 1839 1197 676 962 249 1263 973 1012 2644 2685 2495 1759 2620 1810 1144 2561 1334 2299 1620 1980 1113 2509 1938 1798 2251 1922 1443 1833 67 1065 2702 2245 1219 1423 1195 1570 1184 338 1285 1538 1166
000482.jpg,582 546 1221 285 6 1702 2643 2043 2810 759 2816 2171 650 1083 1188 2666 620 1891 1697 1882 1260 807 181 732 922 1153 1797 411 956 820 1723 1456 1541 1603 1858 1916 468 2313 2346 475 750 334 1763 37 1865 1284 1570 2261 1139 1227 1761 1605 1380 2194 40 661 298 2502 2278 2677 2807 372 636 2841 2152 1090 1696 2425 829 586 973 2476 98 629 122 84 594 443 1082 1537 941 2048 2168 1318 1250 353 851 2387 281 2514 938 1285 724 2179 1560 1397 2494 1308 1502 1536
000483.jpg,2236 1475 1647 1756 2402 1755 1317 2061 805 1972 721 799 1395 1303 1921 1831 1655 927 1967 314 2053 806 390 1635 484 2059 1789 653 1918 1568 1662 2693 999 2429 1715 534 363 464 1706 1050 786 2244 412 561 1275 1024 1378 1124 2505 2465 780 936 2687 726 268 1465 1037 2765 1022 2301 1216 2531 1274 1297 467 2407 471 1929 89 1293 108 1273 1008 2698 131 1140 1097 1503 1787 402 159 580 389 418 1039 1875 455 1018 346 2232 1438 1829 31 326 295 2632 1472 33 1612 2715
000484.jpg,418 1481 52 452 806 2470 290 780 2531 1875 131 268 346 2059 2285 2244 534 484 1465 2821 2429 1662 207 53 653 786 225 1024 495 1843 2565 1503 1011 2765 1787 1475 61 1022 467 999 241 2806 2142 726 295 2687 464 758 1275 2467 1378 1568 389 1789 1706 2690 2396 455 1929 1127 1262 1730 363 1216 2669 2715 2634 840 2505 2465 1831 1097 1293 927 2236 580 2025 2053 1140 192 1037 1124 31 1932 1039 478 2693 1780 331 1655 936 1008 2407 89 654 430 326 1822 33 1220
000485.jpg,1417 860 1788 1489 1710 1701 1870 26 2454 2769 348 2538 2649 1369 925 712 2714 161 179 480 2050 550 769 433 2130 1045 1895 2289 1617 197 1328 735 2375 1422 440 2011 1569 1029 2650 1993 2840 2721 2836 947 2241 562 1782 173 2837 463 305 1796 100 51 64 2707 2528 817 1624 1663 48 715 1444 445 1649 1679 1407 1644 169 1381 645 1627 2817 1552 1658 518 1640 2544 611 635 1172 259 489 2034 2556 1054 1218 1584 2045 2300 2790 1313 1623 900 1934 188 2287 1948 2652 622
000486.jpg,1781 2794 1248 2164 2311 2091 239 1356 1435 625 525 679 216 1598 782 1505 1018 2280 2232 245 2173 858 654 2137 1282 356 139 383 209 2632 2070 113 49 252 822 1048 408 296 1297 27 1472 1026 2062 1011 1961 2316 838 655 1568 653 2406 2402 1127 1299 1168 1293 1692 580 449 1097 1648 2396 1787 1972 1875 1187 2053 33 1143 31 159 2698 1141 721 1647 131 2025 2236 1021 805 2017 788 1216 326 1500 1037 1635 1274 1967 1755 1317 390 192 125 2531 1050 1715 1503 268 2765
000487.jpg,2066 2178 2113 304 1213 1389 2546 1115 1019 2022 63 1333 1785 545 1228 1685 1394 149 954 1175 485 1951 182 1306 614 1137 2072 1760 898 1361 727 589 1712 658 1087 962 1166 1559 2504 101 1207 2040 1743 1971 341 374 714 2656 364 2242 1257 1230 617 1798 1693 1298 737 1343 1558 803 2827 395 983 1928 1334 1883 2323 251 1561 1451 2542 1300 2238 1161 1786 695 1801 2277 132 1176 215 2644 529 2149 2759 1513 572 2016 2409 1773 436 783 1106 1900 2381 499 2787 766 2190 789
000488.jpg,1545 1752 2389 1146 59 4 85 312 1926 987 626 2832 2367 1624 556 2270 1405 635 1656 2082 2790 1407 1386 547 1102 1737 817 2300 2411 1202 1934 221 2817 188 943 826 1644 2528 611 2501 950 1319 2044 283 1422 613 860 1799 2477 1617 1993 463 2840 1328 2069 1489 1552 2011 1029 266 1417 712 1788 1190 2454 1701 259 550 134 2631 440 2312 2424 1444 2375 1468 1045 2714 2050 2515 1623 1796 2544 2837 445 2241 900 947 562 169 305 433 977 1710 2076 2148 2289 197 2397 2574
000489.jpg,472 1059 1803 551 1509 1807 2385 342 991 641 147 888 2094 1373 2444 1295 2595 2771 262 1530 2710 577 1811 1167 2138 1607 1078 1341 154 2731 2740 1069 741 160 2749 127 961 2431 1524 1355 2758 2175 1619 1862 385 537 1539 1025 1540 17 1629 667 1988 267 2340 2266 814 226 1291 1421 1925 2104 1238 2456 1660 2399 2339 2607 685 273 352 2255 2776 1863 2797 2513 223 1520 573 2633 1982 1735 2635 2709 1276 1242 1571 2246 2524 2468 2063 1618 1060 2189 867 2811 203 1081 1652 891
000490.jpg,493 1358 1196 976 366 2672 2174 859 1279 2004 1034 1234 1861 1575 210 797 1792 1930 2461 746 57 1758 793 133 1580 2418 1724 2125 1276 2327 280 570 756 1665 2374 2184 1664 1859 1947 1392 2694 2456 1765 548 689 1375 1776 2838 2330 294 2206 1551 1457 228 801 2039 2739 2186 1193 857 588 1877 720 885 1191 1887 263 1072 1086 2581 2659 880 2123 2332 1043 2356 2590 1350 656 158 2321 242 1030 2662 1542 2548 1675 1432 663 842 583 421 77 2703 1229 706 2187 1345 287 170
000491.jpg,2049 530 631 2282 1518 1604 446 1301 1058 2140 451 1981 2064 1237 1290 1567 2796 607 2596 921 1017 1909 1384 813 2257 2696 1554 1396 1105 1673 1370 355 1742 243 662 1331 1613 1614 2093 966 660 2458 2782 487 337 542 2660 942 2259 2085 1879 360 1681 1739 2664 710 54 1000 1853 394 1893 2543 2600 1002 908 1705 1978 2369 984 2519 2392 2243 2251 2005 1695 800 1495 1850 1142 50 2087 1094 2560 678 1581 2697 1906 1119 2006 855 774 2417 1174 1936 2492 1508 1455 400 1020 1794
000492.jpg,1096 1416 1948 2272 2815 2352 1860 1965 1316 1636 1496 1051 1362 1218 2556 201 194 1569 2721 64 1261 439 715 1796 562 100 48 2713 305 51 155 2034 1586 497 2309 2628 2241 1897 1658 1381 1584 1640 2650 2545 712 2433 1617 2755 1490 2376 563 1552 1993 260 747 2836 319 2631 2046 2289 2088 1782 1901 1453 1544 1328 231 645 992 2826 258 1148 168 445 1422 1045 2023 2454 947 2553 2076 2767 659 2732 900 1054 2652 1486 1878 1679 1369 2837 1029 1623 169 550 440 2840 2439 2045
000493.jpg,196 353 98 776 2474 1643 585 1625 869 2081 1819 701 1864 1963 2334 2462 233 2067 910 2256 781 1402 1042 276 1344 2361 381 2103 2353 809 2001 2027 481 629 2677 1661 2141 2152 40 923 515 871 244 1987 5 84 941 975 1744 375 2304 2502 1204 609 2726 2026 2162 566 1515 1272 1949 1171 2457 512 2582 2115 1696 69 815 1519 25 513 106 2109 528 592 425 1214 2014 748 323 2567 2559 2048 952 1223 2157 1219 2459 1354 796 1616 2264 1638 492 1283 1632 1600 669 2421
000494.jpg,257 1731 937 1871 1527 2377 535 1138 2613 406 2145 1385 1779 1800 742 1894 1645 1516 605 410 811 2102 1992 773 1455 2843 1007 1068 253 1707 365 336 2341 1498 1040 1526 2516 519 821 749 2763 186 1325 1110 2549 112 2788 544 434 1511 1309 1131 1442 1005 2830 2364 1946 392 610 1969 435 1966 2290 1783 1379 673 248 2299 2730 648 94 2219 1079 288 1020 2196 1794 1424 2746 1133 1311 678 855 2560 709 1634 2417 2609 730 593 2243 301 568 1243 1670 1142 2005 2151 1466 1968
000495.jpg,2794 239 2091 2164 1781 2232 822 2137 2280 2173 525 2311 356 1568 209 1248 245 1282 408 49 139 296 838 1435 192 1356 2396 625 2236 113 61 1505 2025 1787 653 1755 1598 654 805 455 27 2669 1475 2402 1274 679 207 1127 1297 1262 383 799 1647 1972 655 159 31 782 580 1018 2693 721 2070 1831 1756 2053 858 1293 1317 1097 2632 1472 1655 1692 326 1143 225 1011 1303 89 252 1503 2061 1118 1706 806 2698 2715 331 1050 1273 1378 1612 1395 1048 2406 131 314 464 1506
000496.jpg,967 1804 1719 2533 2320 1149 29 293 2021 2673 2172 286 739 2296 1728 754 2756 426 2430 1231 2024 2224 2408 1597 213 792 2143 2787 634 24 757 2638 91 2472 707 1478 1689 1448 2235 2354 2295 2413 1265 2615 135 1984 184 2277 1849 240 558 1312 853 218 1296 1533 376 1383 646 789 119 529 395 1269 2323 2644 1469 2260 1801 80 658 2054 1529 2540 1447 1558 589 76 1087 1394 1722 1361 727 1945 1093 520 2751 2190 695 1176 483 2579 2566 1867 1334 1180 1900 2547 1427 2571
000497.jpg,1993 1045 1617 1663 712 2130 2050 2241 735 440 1422 1444 550 179 1782 947 1369 2649 169 2836 1328 2837 2454 51 1649 1381 480 1658 925 1679 1054 155 2767 1544 1623 348 2439 26 1840 518 1870 2769 197 1489 2707 1417 2840 305 2628 2538 860 463 2714 1640 260 2011 2289 900 1710 1218 1486 1796 2826 1701 1636 562 445 1437 563 134 1788 433 1552 221 1569 2375 645 1261 1029 64 2652 943 2082 2631 2088 2817 2721 1407 1656 2133 2419 2790 559 556 259 48 1926 439 2270 524
000498.jpg,941 84 2152 2502 1605 2348 1139 214 2841 1602 1953 1866 909 2706 2115 244 2141 1371 1365 2567 1171 1696 1616 2572 1280 744 1525 2109 1214 2263 106 2751 22 2623 183 189 96 1084 1032 1927 924 2060 1113 1199 1960 815 957 894 1987 2554 40 1184 1632 2203 1661 851 419 594 1477 621 2678 2677 2503 609 1198 785 270 1458 481 1726 1570 844 2303 509 959 171 398 1738 2153 1283 2457 2030 1364 117 2768 2401 2197 1397 420 2404 2620 510 2448 629 45 1064 2494 1659 2179 2705
000499.jpg,105 2394 1778 416 11 883 664 1946 2110 301 7 2793 1271 2331 1419 151 2711 1442 513 243 1854 337 1170 1325 975 1200 1209 1992 808 1006 2559 1152 2147 318 871 528 1331 821 2452 2551 2361 2792 2416 1614 256 2734 908 1077 2102 94 1036 1138 1963 1002 1370 1082 144 869 490 874 1968 2696 1527 1105 632 233 800 2642 2718 1625 875 2593 1742 2026 630 2618 2560 568 1585 1404 2658 599 487 1040 1308 1673 1396 1791 1309 1554 1970 1347 855 2087 852 1247 443 519 666 2575
000500.jpg,1366 1480 1816 1660 2633 2607 879 867 1619 2460 2431 385 1925 557 814 1982 1863 2363 2139 667 2844 2833 2385 2092 299 2371 2468 1242 2797 2524 888 2576 1539 1373 641 273 2104 2776 428 2783 1549 2771 262 1025 2269 2731 1735 551 991 741 2094 837 1807 1530 160 2455 1122 1078 1814 1295 264 2484 969 1589 2175 2529 2403 1509 352 143 2185 1440 2063 1684 267 2517 1009 2412 2138 1059 1238 537 1338 1129 1291 342 147 891 2226 577 2298 1607 1514 386 2727 718 795 2710 1 1341
000501.jpg,1019 2022 149 63 182 1333 1760 1712 954 1785 2178 1213 304 1228 60 1298 2113 1685 2066 1389 614 2112 1343 1434 1004 940 2497 2737 1103 1394 783 2249 75 1115 949 1999 198 16 1483 1447 1469 545 1304 707 376 2054 1749 1137 44 2111 1727 1661 2546 1632 214 2566 40 2408 96 1113 1605 106 1255 2072 2831 1795 2115 2354 2203 2441 2058 2555 2787 621 856 1927 2502 1087 2109 1093 2571 2522 1364 1161 1251 1269 2152 1987 1529 1849 594 2245 1175 1361 2706 1773 997 1951 1502 2572
000502.jpg,1721 2809 1876 1473 12 994 864 657 394 608 2499 1931 271 274 526 1942 368 447 1879 2291 2435 1555 2719 204 1892 2766 2051 508 1408 1725 2708 1548 2294 1439 790 2580 2683 2589 1677 1055 677 692 2089 1056 1839 128 444 1944 1868 1881 2292 2057 1606 1817 2440 725 2526 2037 136 1035 494 1452 1899 140 2438 2728 1902 2639 598 944 2207 255 2825 574 2319 1501 1906 1874 2183 1771 1484 2220 1223 939 2140 854 2842 249 1406 1330 2625 1173 1433 2068 2436 2736 1012 1058 682 898
000503.jpg,2769 348 2454 26 2538 1870 480 925 2649 1369 2714 179 550 712 518 2130 1788 1422 2050 1417 1045 1617 860 2840 305 735 440 562 260 1701 259 2826 1489 1172 1453 1710 2721 1901 445 2309 2241 197 1569 433 524 2289 168 1148 1552 2650 1328 2544 463 1993 2200 2358 2088 1640 201 2148 100 64 51 563 977 2011 900 161 1895 2652 2337 155 1092 1796 1860 1490 1878 2375 715 1190 978 2433 2631 439 1208 1486 2574 1468 219 645 1496 1624 48 134 1388 2676 2076 1983 2724 2397
000504.jpg,2437 1836 1672 1057 1749 44 1483 16 1990 291 1447 2700 2317 1469 1914 376 2785 2202 1535 1476 576 1856 824 1593 2547 832 88 2745 95 1178 1304 2249 2555 1727 2058 2441 1449 834 2190 60 596 761 1103 1224 1161 1116 1795 683 1277 1513 1773 2111 1743 132 2827 983 47 1176 1714 1632 96 2180 1713 2554 1927 1999 2784 2129 1838 1353 894 396 1346 483 419 1847 695 1032 1300 1004 1760 83 2153 762 2831 1638 1286 149 2737 400 205 1482 2571 2497 106 2296 751 2096 2016 940
000505.jpg,2437 1836 1672 1057 1749 2700 44 1990 1483 1914 2785 751 1593 16 2317 832 2202 291 2000 1106 1786 1559 2745 1357 1116 376 1476 1447 1257 1971 824 1224 88 1535 2190 2656 1713 1451 1178 576 1714 2547 683 2149 2787 1693 39 1856 2441 1469 2288 76 132 2827 983 95 1361 1180 47 2129 1176 1743 1091 2180 596 564 2054 2249 2495 2281 695 646 954 926 1818 2542 1346 2016 1103 60 1838 230 2653 792 2296 1449 946 2111 1773 581 1304 1353 483 1999 1073 1161 777 1263 1869 789
000506.jpg,2210 13 640 2520 1272 2421 1038 2671 1041 1754 323 1949 1189 2047 2578 370 56 377 2032 828 2387 933 2828 2602 672 1374 1337 729 1668 2568 1793 2798 2539 2335 2415 1429 2629 2570 1952 2428 427 2808 2839 571 193 2221 1065 2380 2029 988 332 1553 901 1764 1431 2217 2038 2108 536 865 1266 372 121 743 1329 1399 964 1910 2668 417 1256 597 2090 569 142 839 429 2078 2795 1562 1049 2423 36 358 1430 1890 1888 868 432 340 2786 1418 176 1436 2083 1070 2640 680 1053 1033
000507.jpg,2794 239 2091 2164 1781 2280 2173 525 245 49 408 139 2396 2311 1282 209 296 838 356 2025 192 2669 61 654 1787 383 1248 207 1356 2070 2232 2137 822 1435 225 1505 625 679 252 1141 1568 1598 113 858 1506 1127 216 1780 1274 653 27 1143 2531 2236 1022 1216 1843 1755 1299 1503 1168 1475 805 1118 1011 241 131 1037 455 495 1303 1262 268 2142 1756 799 1297 1317 1024 1293 2632 430 1097 1635 2053 1875 1822 1124 390 1813 2765 1018 1472 1715 1378 2301 1050 806 159 2406
000508.jpg,249 2509 1810 627 2583 67 1001 2350 2121 1012 202 1406 1075 1944 137 1212 2728 899 725 447 2294 2741 2057 165 1055 2135 2766 2825 204 1606 2736 116 494 2207 2291 2435 2842 1874 2719 2558 692 1825 1195 2319 1088 1130 442 2292 2258 2041 2683 1223 1126 574 1841 1439 686 1609 1547 2143 404 338 2511 1067 2251 2305 97 2224 2248 24 1463 1557 362 634 730 1940 2701 1928 1728 1581 1757 2708 742 1611 2051 1076 1869 1986 1935 2020 2580 1243 2295 135 1805 1931 2621 2382 1597 2329
000509.jpg,1792 1930 1861 2125 2327 1580 1234 2174 280 1724 1034 1575 210 57 2418 2004 746 2461 570 1665 1276 793 1392 689 1358 493 2456 1664 1859 859 294 2330 756 797 1758 366 2694 976 1375 2229 2672 2838 1279 133 2186 1947 2374 1196 663 704 2184 1292 1776 1030 857 1072 2541 720 77 548 228 2548 2590 2155 1348 2123 884 1377 421 349 1765 158 1350 1457 801 2703 2206 2662 1887 1086 798 880 2198 1 1522 2039 1576 2332 242 130 287 82 934 1877 2356 2581 1193 2709 656 885
000510.jpg,982 887 1531 1470 2065 748 1791 2792 118 2225 763 567 819 2778 916 930 2575 1667 1585 2491 2328 2042 1211 919 227 1179 1578 1977 952 1769 1354 841 2723 1063 114 945 2682 2252 1651 2310 808 1579 1851 517 928 1770 639 998 2379 2647 1583 1854 382 778 1657 1210 2711 9 2349 875 311 1920 2729 7 2793 528 2559 2416 975 1271 579 923 151 2618 2097 1970 2026 2304 1154 25 1209 566 2459 512 513 2488 492 515 1368 1239 1367 2658 1528 1058 1566 2140 394 1879 72 2636
000511.jpg,1506 383 1141 2070 252 2311 525 1356 1248 1505 654 1435 858 625 2669 679 1780 1781 1598 49 61 192 2025 245 2164 2794 113 2396 1787 1168 1299 239 2280 408 2091 1216 139 1829 207 225 27 216 2173 2279 1282 1924 1140 838 209 296 1127 2232 2137 356 822 2698 1918 1273 1612 2531 2470 1692 1024 1503 1124 1037 1274 1472 1500 455 1303 1568 391 430 1262 1021 2565 2765 1297 2053 1293 655 1143 331 2402 449 1097 344 1972 1941 1961 936 412 2632 138 1647 402 268 1875 33
000512.jpg,1796 2545 2034 1569 100 715 48 64 2721 439 1640 51 562 305 155 2650 2433 2713 1584 1860 1617 2309 1993 712 1663 1658 1381 1782 201 2836 169 1045 1328 2241 947 2837 2631 1544 2130 2376 2439 1218 1096 2050 1444 1422 1369 1417 1948 2023 860 2649 2767 2826 260 900 2352 2628 1679 1489 2088 2045 2707 179 563 1870 550 2272 1261 1416 194 1054 440 1649 1051 925 1490 1496 1453 2289 1437 1636 26 1623 2454 735 2011 1710 1901 2556 1316 2714 1878 1486 221 168 2652 2419 1701 1407
000513.jpg,1801 2277 529 2644 395 1798 1230 2323 572 962 1334 853 1394 545 1561 1683 465 374 2759 1197 2579 2242 1631 2504 803 101 2238 328 1898 789 581 766 2040 898 2542 1087 989 499 1093 251 364 2381 617 714 1883 341 1091 1900 1996 407 737 240 483 1427 2114 1558 1300 1115 1175 436 1306 1353 1951 646 1166 215 1213 2409 1207 485 2113 2066 777 2547 1389 1361 1928 2178 1971 1559 2546 589 695 1451 2540 1035 2656 2000 926 2249 1106 304 824 1137 431 739 1257 1786 783 2149
000514.jpg,2284 2018 2146 2008 764 719 1289 2551 1493 35 914 1534 190 1351 1577 247 1157 1204 615 1915 2824 1403 723 2110 2209 2487 2582 303 1359 1121 1997 664 2585 539 1128 1772 812 58 874 604 450 212 549 153 1347 632 862 1247 2165 1751 2204 516 2718 2485 2603 2453 1136 206 545 343 1087 2242 873 2555 2734 2793 1762 7 1595 2238 1791 2003 2426 2293 853 2252 1583 66 652 1674 783 490 1970 2325 624 2254 1210 766 251 2019 2317 1353 2416 2434 724 311 1958 374 36 1271
000515.jpg,536 121 2090 988 1588 1132 193 569 1268 1431 680 36 2117 2333 500 733 866 1793 901 1065 2029 332 571 2668 340 429 2217 1256 2227 2108 1499 1033 979 2743 1686 2786 597 1418 802 878 1562 142 176 432 1553 417 886 199 1393 1430 2384 1492 21 2451 427 2267 555 2078 1699 1329 1910 2380 2415 2568 1890 1053 2335 289 2808 1952 2795 1049 1266 2640 1764 2839 1398 2038 2083 1038 302 964 62 933 2578 554 2798 1249 729 2570 1236 681 2828 377 361 865 1374 2221 698 672
000516.jpg,982 887 2065 1531 1470 1791 748 2792 118 567 2778 930 819 1354 919 1667 2328 2491 1179 952 1585 2225 1977 916 2575 1769 763 1211 2252 1578 807 808 2682 1188 1153 2349 2310 2416 922 928 1851 1651 372 311 975 7 2793 875 1227 411 759 1210 841 2816 528 2042 1583 829 1697 998 2043 227 1757 1221 945 661 2304 2559 639 923 2171 1761 285 1603 1260 1858 468 334 1063 122 2643 620 2425 1579 2168 1283 650 1541 1797 1657 732 820 1865 2666 546 986 2677 669 6 2647
000517.jpg,2433 1453 2034 2545 1490 2713 1496 2376 1796 100 1569 48 64 715 2721 2309 439 2556 1640 562 2272 1901 305 2650 1860 1316 51 201 155 1948 1096 1584 563 1965 2352 2289 260 1416 168 2826 2815 2088 1636 1148 645 659 194 712 440 747 550 2050 2840 1051 2649 2454 1218 231 2241 1878 518 559 2538 1381 2836 1658 1369 2628 433 2631 2439 1486 486 2755 2553 1307 134 1544 2714 1422 1045 2023 445 2130 1840 1617 1552 26 2652 1782 197 2769 1870 735 1444 169 1123 2337 784 2837
000518.jpg,472 551 1059 1803 342 147 1509 2444 154 2740 1807 2385 641 1811 2595 1524 2749 1295 2138 577 2710 741 991 262 2094 2771 1530 1373 1629 160 888 2175 1 1862 1078 961 1540 203 1025 1167 2709 1520 1618 127 1355 2340 1341 1069 1607 2731 17 1571 1539 1622 2727 352 307 2100 1242 2758 685 1988 2486 2431 1421 2473 385 2776 267 2255 2468 1619 573 2801 2635 2675 2399 2738 1291 1060 223 2339 2844 2104 846 2412 2189 969 1215 667 1101 166 2781 2063 600 1238 1338 1925 1684 892
000519.jpg,850 2512 2691 2355 1790 222 2362 2071 1504 1436 935 1305 2096 2218 836 1933 2156 1052 144 1321 1709 2645 1098 2432 2750 2201 1911 2446 897 599 1638 2593 2452 666 2642 2450 2537 2342 2420 2318 630 1736 1621 1387 796 1806 755 1200 1006 2167 1308 1082 1090 612 1682 396 459 443 1380 586 2268 1479 2317 1044 320 946 2449 1145 1763 2249 1676 1697 2535 761 1047 2555 1183 2627 205 834 2098 1456 661 1023 37 924 1474 2058 8 2194 745 629 325 1188 632 922 1469 1620 1447 908
000520.jpg,2437 1672 1836 1483 44 16 1057 1749 1447 376 1469 291 2317 1990 2700 1535 832 1914 2249 2785 2202 1103 2547 761 1856 1476 824 1449 2441 95 576 1999 60 88 2745 2190 1513 1304 1178 1727 1773 2555 1795 2111 1161 596 1004 1224 1847 205 2058 2737 1593 1116 2827 983 1346 1760 132 1343 1482 2180 1176 2129 683 1019 1838 2080 149 2112 834 2030 1661 1277 2831 2016 63 695 96 940 1743 1714 1927 1659 2573 1183 47 1713 1434 949 1632 1620 2571 1712 1631 1205 614 1960 603 40
000521.jpg,2252 1179 2682 1651 1977 1583 916 2491 2042 227 1578 2328 2310 998 841 1063 517 639 1211 2647 945 1920 1579 982 2225 1770 1368 2097 763 1239 2723 1367 2379 1566 2349 512 887 1851 9 1791 1657 114 875 7 1879 394 928 2026 1585 819 2416 1331 2110 919 1209 2729 2792 2793 528 1673 1210 118 311 2660 1531 952 1769 1271 1470 579 1854 25 2696 2575 566 1970 1906 513 2559 1154 930 975 2658 748 1614 2257 1528 151 2459 567 2711 2778 2488 2357 813 11 1667 355 791 664
000522.jpg,2185 1129 795 1411 2584 1440 1694 143 386 2529 2517 718 1684 2298 2616 2271 1445 958 810 2801 1514 787 1360 2460 2619 30 557 71 1215 879 2139 2833 1366 2524 2363 697 2844 273 638 1619 1112 1939 2104 1925 1242 1982 969 1480 1816 1863 1630 2385 2246 1373 2431 2092 299 1294 2633 888 1446 1122 1539 2731 2468 991 1814 641 837 2607 1660 667 2455 1258 867 2576 264 2771 814 385 2797 1589 2484 2371 665 2710 2776 342 1735 1807 1549 551 262 1653 2175 2672 1009 1270 1295 1494
000523.jpg,482 1931 2220 2526 2089 2183 1433 939 1439 2704 2427 2051 2445 255 217 1088 1330 2291 2057 574 598 1223 494 2499 2683 2308 368 2435 637 1725 2639 1874 2712 521 531 2719 647 2657 1555 1899 444 790 1408 692 447 2292 2617 2440 2037 608 1942 274 657 1892 994 2625 271 1998 864 1677 526 2319 1771 2207 2766 508 619 1055 1962 2728 442 2589 1473 725 677 12 2736 2825 1757 2809 1944 2506 2438 1881 2294 1721 165 2708 1501 146 1126 1185 136 2558 128 944 2475 1825 2599 1817
000524.jpg,991 1295 1807 2771 2385 641 1373 888 262 1509 2731 741 1619 1925 1803 667 1863 2797 1982 879 2776 428 2460 2139 1242 551 557 2595 2576 2431 1366 147 2844 1735 2524 385 1816 1291 267 2833 1480 2104 1238 2094 127 1660 1811 2607 2710 1589 1629 2633 2444 2371 2468 1530 2363 299 1814 2403 891 2175 867 273 1549 2092 1078 577 814 472 160 1607 1059 1539 1341 203 1862 1069 2412 342 2529 2517 969 2138 1514 2269 1684 1122 537 2758 1524 2189 2740 1129 2255 143 685 1440 90 2339
000525.jpg,2138 1828 2835 405 2614 1964 537 166 2738 1607 1341 1069 2758 961 2094 1530 1078 160 2100 1622 846 600 2486 1421 867 1660 2607 1619 1571 2633 352 1698 385 2338 2431 2820 1366 1816 642 2223 17 2473 2266 1480 1925 1539 1863 2385 814 573 879 2412 2811 1338 1994 2255 2175 2253 2460 667 195 1982 577 1446 1735 641 1409 1294 1939 127 2797 2635 2455 1025 2731 226 1373 2648 2710 837 1095 317 888 2595 1684 2833 969 557 2709 665 2226 1009 41 2298 1803 2484 223 1270 1815 1652
000526.jpg,1228 1785 1333 63 2022 1019 1685 1213 2066 2178 2113 304 1389 545 2546 954 1115 182 149 1394 1137 1298 2072 499 614 1207 1087 898 1558 1712 1760 1631 374 714 251 803 485 1951 1361 1559 1334 1306 1175 1166 2542 1451 1801 2277 2381 1928 465 1427 2579 2000 1257 737 1883 2040 2504 215 589 1106 1786 529 1971 101 2409 1300 364 1798 436 1900 2540 727 581 962 1230 2323 2656 658 2644 1561 2759 2016 1590 395 2149 93 895 341 2114 2238 572 76 989 2787 1693 2242 1353 1346
000527.jpg,493 976 1358 2672 366 1196 2174 859 1234 2004 1861 1034 1279 1930 1792 797 210 1575 1758 57 1580 746 2461 2125 2418 2327 280 133 1724 570 1665 793 756 1276 1947 2374 2456 1859 1664 1392 2184 689 2694 2838 2330 548 2186 294 1765 1776 1375 720 2123 857 588 1072 2039 801 228 2206 1457 1551 77 1086 2541 421 2229 242 1877 1030 1350 1191 1043 158 880 1887 2703 2739 704 2356 885 2332 2581 2590 263 1193 2548 656 2321 1377 170 1432 1229 663 2662 1345 2659 287 2198 934
000528.jpg,84 941 2502 2152 2706 1605 2841 2141 1139 1953 214 2348 909 1866 1602 183 2572 244 2115 2503 1696 1616 1960 957 509 1371 2457 1768 959 844 1525 1199 2263 1064 1171 1280 171 1365 2522 106 40 621 744 1889 2056 815 1726 45 1214 2612 2386 2760 270 2404 2464 2182 2448 22 1458 2751 592 2048 2761 1364 2197 398 1632 2608 1596 2591 2562 1927 1113 2807 2623 236 2678 1515 189 2720 2203 2278 1802 851 1987 1880 2725 1283 23 2109 1251 1032 609 2498 2401 2476 96 565 690 1084
000529.jpg,2792 118 567 998 1791 1583 919 1354 1769 952 2065 2778 808 887 1531 1470 930 748 982 382 778 2711 928 1854 1851 517 1063 1657 1970 2491 2328 975 2252 819 2793 2729 1579 2379 1179 841 1667 7 1977 923 2682 2304 1585 945 2575 1578 875 1210 2225 763 639 2349 9 311 1651 2647 114 2416 1920 2723 227 1211 151 528 579 1271 916 2559 2042 1770 25 515 2310 2618 2459 1368 1239 1209 2361 1367 2658 513 2026 566 2097 871 1154 2488 492 2081 512 1819 1528 2462 776 2474
000530.jpg,1394 545 1631 2249 761 1558 1087 1801 898 2277 2317 714 2072 1207 853 395 1137 529 2644 1334 1389 614 2409 1166 727 1213 1561 2113 658 1361 2323 1928 1230 1798 589 16 1483 1451 2178 1228 44 1306 1447 304 63 1333 2066 1951 1175 376 1019 2054 2546 1469 2785 783 676 374 1300 485 572 1298 2022 2547 2000 1898 2579 1115 1091 1914 2242 1250 483 291 341 2555 1106 1197 824 540 1683 1178 954 962 1559 251 1353 803 1590 1093 1346 938 1785 2540 724 2381 88 1727 646 132
000531.jpg,419 894 2554 2153 96 1927 1632 106 189 1032 2060 815 2571 2109 1987 1171 22 1214 744 2751 2567 300 2705 2831 481 1363 2313 1661 1703 1605 2197 2502 1288 924 2152 2216 2841 1013 1251 2401 1139 1364 1336 762 2726 84 941 621 214 2079 506 1726 1188 333 957 2160 2162 2261 1727 1315 171 2555 1199 1858 565 1227 2678 1844 856 2522 1283 1064 1286 468 1891 2425 2058 2612 1749 167 834 1880 1671 45 2182 1953 285 1456 971 1889 6 20 1108 2278 2760 1560 2048 661 1083 309
000532.jpg,1752 1146 1545 1316 1840 1636 2241 312 2832 2556 1965 1496 1381 440 1658 2836 2826 1544 2501 155 2439 59 563 1782 1934 1878 518 987 169 221 2840 735 2837 2389 712 1422 1617 978 1796 626 950 1624 2628 900 1656 1405 2790 260 51 1045 1123 635 1148 2817 1102 1640 2050 2411 2424 445 1901 305 85 2528 550 817 1437 2082 559 168 1486 1444 547 2433 2367 2652 556 2044 2088 1407 947 1948 497 2289 2713 259 1096 4 2419 1649 1092 943 1386 2034 2272 1569 188 2133 1586 2300
000533.jpg,334 750 1541 1603 820 956 285 1221 546 6 582 2387 1260 1882 759 1153 807 2643 1761 1702 372 1083 620 732 1697 2313 829 1797 468 1858 181 1188 1227 922 2816 2194 661 2261 2425 1891 2043 411 650 1723 1380 1456 476 2666 986 2171 2810 669 1570 2677 1916 973 882 475 1285 629 123 2150 2168 2706 1139 1560 298 2346 1865 1757 1536 1090 1284 2476 42 1763 45 1537 1255 1318 980 84 724 236 37 2118 1084 1884 1844 1387 2514 1267 2278 624 1251 2216 2807 2608 1911 2705
000534.jpg,1752 1545 1146 2389 312 2832 4 59 987 635 626 556 85 950 826 1102 1405 2082 221 2069 547 2270 1386 2367 1202 1636 2790 1934 1737 2501 613 2133 2411 943 1407 1624 1092 1656 611 188 1316 440 1319 2241 1422 518 2300 2044 1552 283 2424 977 259 2544 1644 1878 266 2528 2148 2419 1428 1983 2556 2836 2397 550 2538 2817 2477 900 1617 2724 2837 74 2631 1926 169 463 2088 2840 1840 817 1649 735 260 1782 2826 2050 2289 2652 947 563 1486 1190 2676 1799 2574 1468 1208 155
000535.jpg,2263 1525 2386 2623 2678 2116 1726 2572 1371 1280 1198 1960 861 2141 2522 96 1632 957 45 1084 2807 1364 1251 419 592 2056 106 40 183 2554 2048 1596 1083 894 2562 949 189 2111 2441 2203 2153 644 2188 851 2761 1866 474 1802 2591 1856 214 1064 1032 620 1365 2448 2498 1318 1768 1004 2401 2760 1927 2720 1013 2612 1343 181 171 2160 2278 1113 636 1880 2718 84 2182 1199 2348 270 762 732 621 2737 844 1602 1139 1889 971 2827 2442 1536 398 1283 1144 785 2060 387 1205 300
000536.jpg,1813 324 1923 1932 840 1062 129 1475 501 2765 1037 2687 241 467 1011 2236 1378 1929 389 131 1503 1024 456 2531 1275 1843 1789 788 495 999 927 2142 1875 1022 1039 268 1662 1281 1730 2634 484 1655 2059 1967 806 1831 363 2053 758 2301 2806 1568 1715 1026 780 2715 2407 390 125 2285 2244 1635 452 295 89 1124 108 464 2429 1912 2565 786 1706 2465 2505 1274 53 1008 653 1048 314 628 159 1050 1097 2698 1293 1756 1755 580 2091 2232 534 753 471 418 1216 478 2611 2632
000537.jpg,1115 2546 1389 2113 2178 304 2066 1213 1019 1951 545 1175 63 485 1306 2022 614 2054 727 658 646 1333 1361 589 1394 1559 1785 2072 1137 2000 1451 2787 1228 1106 1300 1685 215 1207 1798 737 2504 251 101 2040 436 1257 1971 1230 1786 962 1900 803 364 2381 149 1883 293 341 1353 374 2238 989 1427 2644 766 1091 328 789 2759 1801 1334 898 1683 395 2540 954 581 2323 572 714 2409 2579 483 2242 1087 1898 1996 1561 1166 1558 777 926 2277 407 529 2114 1357 564 1093 1928
000538.jpg,1749 483 1300 2555 1727 834 1353 2058 240 789 2784 1483 1277 44 376 2579 1883 16 1447 1469 2249 576 1801 1672 2547 2277 824 1394 2437 1304 1836 545 761 2317 1161 95 395 251 2644 596 1178 2054 1593 2202 1990 1914 1176 2785 2190 529 132 1804 1513 1044 1361 1091 2000 1743 2381 1057 291 1476 766 614 1230 374 2288 695 1559 962 1451 60 2504 2759 2441 1180 2745 2238 967 581 1106 465 149 333 1427 1798 1996 792 803 983 1856 88 646 309 2323 341 2700 2495 856 101
000539.jpg,1663 947 1444 1328 1679 1054 2707 1623 1649 2836 1782 2767 169 2837 1617 1993 1045 1381 2241 1658 1544 2439 712 1422 2130 2050 735 440 51 2628 1369 2011 179 155 1218 645 2714 2649 550 445 1640 305 1261 2454 2840 1029 562 1840 1870 463 197 2289 26 1796 860 925 1569 1948 1552 1417 480 2352 1489 64 194 1051 1624 1416 1710 1096 635 900 48 100 715 2769 348 439 817 2650 1486 1644 221 433 518 943 2411 1407 1253 2721 2790 2528 260 1701 134 2817 2631 2045 1405 1437
000540.jpg,1672 2437 1836 1749 1057 44 1483 16 1990 2700 291 1447 2317 376 1914 1469 2785 2202 824 1535 1476 576 1593 832 1727 2547 1856 1178 2745 2555 95 88 1116 2190 1161 1304 1773 60 2058 1513 2441 2249 1224 596 1103 1795 834 2000 683 1713 983 132 1714 751 47 1743 1449 1999 1300 1693 2827 483 2111 1176 2180 1353 954 1451 1277 2656 761 695 2288 1760 1559 1346 1847 2737 1361 39 2149 2054 1180 2129 2787 940 2497 614 1019 2016 2281 149 1106 1786 1838 182 310 1343 581 1357
000541.jpg,353 98 776 2474 196 1643 585 1819 1864 2334 2462 2081 1625 869 910 701 1963 781 233 1402 1042 2256 1344 276 2067 381 809 2103 2361 2353 1600 2027 2264 2012 2001 69 2132 2582 1170 1077 1204 450 2593 2391 871 2047 1697 1958 1541 1525 84 1751 2141 1973 1347 247 568 2209 820 370 874 2170 301 1642 490 2101 481 1911 1359 2485 941 1380 875 937 862 1084 323 966 909 1121 2147 151 549 1603 2458 1247 212 604 2204 539 392 2559 1519 1762 1761 1528 3 2405 883 2331
000542.jpg,2512 1504 222 2218 1436 850 2362 2691 1305 2355 1052 2071 2342 1098 1790 2450 2750 755 2645 1321 1933 1806 935 1638 2096 2201 1736 836 2156 2432 1911 1709 612 401 144 453 177 981 477 1023 2122 2163 897 2679 816 461 141 1085 380 1903 2074 2829 1628 2055 1163 796 2593 2747 2452 2587 1047 1599 2446 399 2098 437 73 760 1006 595 1510 1233 2469 823 2535 599 1145 1474 443 2722 745 1976 1160 2420 208 1717 2318 2449 629 325 2642 164 586 1621 8 72 174 460 2655 1872
000543.jpg,2648 2138 352 1939 1270 511 1159 1815 961 403 2455 127 577 2710 1009 147 837 600 1258 1571 2481 2709 665 969 2100 1025 1446 1622 1341 1607 17 223 846 1294 2595 1539 1698 2246 2063 2339 2226 1816 2444 573 1069 1619 1112 2635 2486 264 1630 2616 2175 2431 2758 1338 1660 1366 2607 1803 1828 2633 385 195 1520 1509 2484 1615 2399 1 2466 2619 892 267 537 2223 1540 226 1618 472 405 1349 814 2820 2835 879 2255 2253 317 2385 642 2340 2412 1291 1355 741 166 1925 1167 2811
000544.jpg,1213 2113 2178 304 2066 1389 2546 1115 545 1019 1394 2022 63 1333 1228 1785 1175 1951 614 485 2072 1685 1306 1137 149 727 2249 954 658 589 1558 1801 898 2277 1207 1361 182 1087 714 1631 1451 1798 1559 2000 1230 529 2644 395 1300 962 2323 2409 783 1334 1166 737 1712 1760 572 2054 341 16 1106 1483 251 1298 581 374 1561 2242 44 215 2040 2656 803 1447 2114 132 1900 1928 761 1197 2504 2542 364 101 1257 1597 924 1786 436 1683 1898 1176 1605 853 2149 1161 1427 1513
000545.jpg,2018 2146 2284 764 719 2008 2551 1289 247 1204 1403 1534 190 2582 914 35 1493 1577 1351 1157 723 1121 1128 539 1915 1359 2487 153 2585 604 58 303 2824 1997 874 1247 212 2110 615 862 2209 343 664 1751 450 549 206 2361 2485 1772 871 632 812 1347 1970 2555 2453 516 2603 416 1136 2718 2204 2165 869 2067 2793 1727 873 2058 998 1066 1271 2196 2426 2353 151 2087 783 1228 2293 536 276 2434 14 1633 2697 2536 1674 2410 121 1879 703 2550 1906 337 1566 569 2157 110
000546.jpg,2043 2810 2171 650 2666 2816 1188 582 1891 546 1221 285 1697 6 1702 2643 759 922 807 1882 1083 1153 1260 411 620 1916 181 2346 1723 475 732 1456 1797 956 820 1541 1603 1763 1858 468 37 750 2313 334 1865 1284 1761 1227 1139 2261 1605 1570 1090 2502 661 2194 829 2841 586 40 1380 1696 2152 122 2677 298 2278 372 1082 2807 443 594 84 973 2168 476 941 1397 1250 724 2425 1537 2048 353 1953 2179 98 1308 2514 1171 2348 938 636 980 214 148 196 629 1015 1502
000547.jpg,1635 1967 390 1715 1293 1097 1822 159 1143 580 430 655 1050 326 1118 331 31 1011 1037 2715 2062 2053 1124 1140 1216 1648 1918 726 314 2406 2402 1647 1972 1297 805 1755 1395 1317 799 2505 2465 2236 1756 721 478 1026 936 2765 1921 464 1187 1475 2687 1568 2407 2061 1472 999 1706 1303 1024 1262 1692 1018 2301 1829 2531 2611 1612 2398 628 1008 1503 1730 782 753 138 89 125 113 2632 1275 455 471 1048 1299 1168 108 346 1220 363 758 1929 1831 1789 2806 1912 1273 927 1022
000548.jpg,482 1931 2220 2526 2089 2183 939 1439 2427 2704 1433 2051 2445 255 217 574 2291 1330 1223 2057 598 1088 2683 494 1874 2499 2639 2308 2435 368 1725 531 2712 637 647 1555 2719 790 657 2657 692 1899 521 2292 447 1408 444 2440 608 2589 2319 1942 271 994 2617 274 864 508 677 2728 526 2506 725 128 619 1892 2625 2475 1962 1881 1677 944 1998 2438 1055 146 1721 2766 1473 12 1771 2037 1501 2207 136 2294 2436 1197 442 1876 347 1944 1817 1902 686 2809 2708 682 1639 1654
000549.jpg,2227 2786 979 340 176 332 2384 1256 571 2451 21 289 1393 199 2668 2743 681 1398 554 1065 62 1268 417 2029 1033 1562 432 2108 302 1686 361 597 893 1418 1888 292 78 1890 868 878 886 2423 743 555 1053 429 427 36 1431 1553 2333 142 680 2415 1492 1430 2217 1793 1588 1699 802 536 1266 866 1132 2568 988 733 901 2078 1038 121 2578 2221 2798 1399 2808 2267 2539 1429 964 193 2335 1952 1329 2117 1374 2090 2038 569 2671 2640 729 2380 2839 1070 2629 2031 2120 828
000550.jpg,1588 1132 536 988 121 193 569 2090 1431 680 36 2117 1268 866 733 500 1492 142 2078 802 2333 1499 1793 1699 901 1553 2217 1430 1886 1236 1053 429 2029 2267 878 1890 555 2668 868 2380 1033 1256 332 2786 176 2743 2415 1888 1562 554 1393 2568 340 417 2227 21 427 2451 2384 597 1038 1686 1418 289 1065 2108 979 302 681 1398 743 213 886 432 199 1374 2423 933 1329 2828 1041 62 2602 323 2578 1668 2408 2520 1333 2421 893 672 292 571 707 1272 2335 2671 78 2221
000551.jpg,249 2509 1810 627 2583 67 1001 2350 2121 1012 202 1406 1075 1944 447 2294 899 2728 725 2825 137 1212 2057 165 1055 2766 204 2741 2135 494 2435 2291 2207 2736 1874 116 2558 1606 692 2719 2842 1825 2683 1439 2292 1223 2041 2248 574 442 1126 1130 1088 2319 2382 2708 2258 2143 135 686 2580 97 2295 1547 2305 24 2224 1728 1076 1931 1463 1841 2639 1195 1899 2511 2051 1067 1937 2413 634 1757 1448 657 1056 1935 1383 362 2408 2251 2638 2813 426 1940 1597 1639 1478 404 742 2809
000552.jpg,2449 8 1474 1671 325 745 2535 1006 443 586 1308 1082 1090 2706 2216 2167 37 1763 924 2831 2705 1363 1288 1703 2197 459 1380 2623 922 856 300 2230 2678 205 946 834 2096 1697 1315 1487 335 2571 488 1456 2573 42 1032 2160 2079 2249 2268 1400 2401 2452 1336 149 63 1277 762 309 2156 1057 2591 333 624 1013 2245 1425 2555 96 2572 2313 1019 1685 1286 761 1244 2293 1104 1471 1550 935 1318 1687 1536 167 1353 1483 824 2547 393 905 1263 1322 1188 1449 1621 894 2136 1371
000553.jpg,2437 1672 1836 1483 44 16 1057 1749 1447 376 1469 2317 291 1914 2249 1990 2785 761 2202 1476 2700 1535 1856 824 2547 88 832 1727 2745 2555 576 60 1103 2441 95 1178 2190 132 2111 1760 834 1304 614 149 1019 2058 63 2737 1449 2000 596 1712 1116 1999 182 1176 1183 1394 1277 1482 2129 2080 1073 1361 954 205 1343 1593 1224 1004 1451 1713 2827 1300 1346 695 393 683 2497 1082 1308 940 104 2054 983 339 1380 949 1523 946 2112 2831 1090 2016 2136 924 2180 1244 905 1661
000554.jpg,536 121 1132 1588 569 988 193 2090 1431 680 1268 36 2117 866 733 901 1793 2333 2217 500 142 1492 1553 802 1430 429 2078 2668 1699 555 2029 868 1562 1890 1888 2415 554 2568 1033 1053 332 1499 176 2786 2743 427 2267 1256 1393 2227 289 1065 417 1886 878 340 1686 597 1418 571 21 2108 2380 199 743 432 1398 1236 681 979 2384 2423 886 62 1038 302 2451 361 1329 2578 933 323 2421 893 2335 1041 2839 1272 2671 292 1049 2570 1374 78 2795 1952 2829 828 2828 1754
000555.jpg,1553 1430 1699 429 2078 1492 142 2217 802 2415 2267 901 2568 2380 555 1793 1053 1236 1890 2333 427 1886 866 868 554 1888 2029 1256 1562 2668 743 1033 2743 1431 176 289 332 417 733 1393 878 36 2117 21 597 681 1686 2227 2786 62 886 340 1418 2423 1065 2108 1588 1132 199 536 361 193 979 988 121 1398 569 680 500 292 302 1499 571 432 2451 2384 2090 893 78 323 1038 1272 1041 2828 2578 2421 2221 2671 933 2032 2520 640 13 672 2047 1754 1374 2038 1668 377
000556.jpg,2679 1163 2122 177 1903 2829 99 1085 453 477 816 760 437 380 401 1628 2163 1872 1233 73 1599 399 461 2074 823 981 1510 595 460 2587 208 2469 141 731 72 1160 2055 2009 2636 172 1717 2655 1023 1976 2126 164 1145 174 156 1784 2775 694 2722 1415 2452 2274 2577 2098 1241 1808 1047 612 2747 1688 1155 1504 2446 1100 599 2355 1404 1436 222 2218 850 755 2642 2691 1089 2537 1321 1098 2362 897 666 1219 2645 1263 2156 144 2512 935 2443 1817 2342 2589 2750 1305 2420 136
000557.jpg,2449 8 1671 1474 2535 745 325 443 586 1082 1006 2706 1308 1090 37 2216 2831 2705 2167 1763 300 2197 1380 762 922 1703 2572 2678 84 1697 1288 1605 1032 459 621 2425 924 1139 941 1363 2571 2348 335 2230 1525 1315 2623 1570 96 2079 2109 1113 214 448 2841 1979 1371 1726 2567 298 594 1400 744 971 882 42 973 2313 1882 1661 2591 986 189 1866 1537 690 2160 1687 1425 1891 1336 2096 2268 2179 1757 946 909 45 106 1488 2620 2263 894 2502 2401 1364 1214 1927 419 2554
000558.jpg,2794 239 2091 2164 1781 2280 525 245 49 2173 408 139 2311 2396 1282 209 296 654 838 356 2025 2669 192 1787 61 1248 383 1356 207 1435 2070 2137 2232 822 1505 625 679 225 252 1141 1598 1568 113 858 1780 216 1127 1506 27 1274 2531 653 1022 1299 1168 1143 2236 1503 1018 1037 782 805 1011 1475 2142 1216 1843 1024 1297 2053 2632 1303 430 1755 1293 1317 455 788 2279 1118 89 2406 241 1097 1262 1829 131 1472 580 799 268 1124 1756 1875 1813 1635 1918 1715 1932 2765
000559.jpg,6 285 1221 546 582 1702 1083 759 2643 1260 1603 620 820 1891 1541 181 1723 732 750 1882 334 807 1858 2313 1797 1570 1605 468 2816 2502 1697 2152 1916 298 2346 1537 2666 1188 475 956 973 922 650 1139 1153 40 1397 594 941 420 37 1015 1285 2677 690 84 148 2043 1456 2171 1502 411 980 2179 2768 1884 2261 117 1284 2303 2494 2841 1761 1738 629 2810 510 1960 1227 448 2118 1080 1610 2425 2194 1865 1979 1987 2203 851 2109 2620 2387 1082 2348 372 1199 2521 1515 1696
000560.jpg,64 1569 100 715 48 2721 439 1796 1640 562 2034 305 2545 155 2433 51 2650 1496 2713 1453 1860 2272 2556 2309 2376 1490 201 1948 1584 1316 2631 2352 1096 1617 1636 1901 194 712 2241 1381 1658 1051 1965 1416 2628 2836 2815 168 1782 1218 440 1045 2050 563 2289 1422 1993 1544 2439 1840 2130 2826 169 260 645 2837 2649 518 1328 2454 1649 231 2088 947 1444 445 550 1261 1369 1878 735 1623 1586 2652 2011 2707 497 1552 2538 1148 1054 259 2769 1679 134 2840 1029 559 900 1870
000561.jpg,2548 1375 2662 687 1619 1776 2460 857 2844 1366 969 2226 837 2363 2456 2727 570 1665 879 797 1861 557 1043 798 2385 551 1925 2590 1724 2139 2298 342 2186 267 2039 1350 1009 2633 1664 1238 2455 2541 1684 720 1539 1 2833 349 2330 2215 2672 859 228 2123 1086 746 2206 2749 2063 2399 667 2607 2229 2584 2327 1792 1291 2198 421 1575 892 1930 2484 2004 801 352 2461 1660 2158 1034 842 1025 1059 1887 814 1480 885 2709 154 1520 1191 1571 1411 1877 1432 2185 2740 2581 1982 2332
000562.jpg,1453 1496 2433 1490 2272 2556 2713 64 1569 2721 2376 2309 48 715 100 1860 439 1796 562 2034 1640 201 1316 1901 305 2545 51 2650 1965 155 1948 2815 2352 1636 1096 194 1218 1416 1051 563 2289 260 2088 440 168 2826 2050 1148 712 550 2241 2628 1584 1658 1840 1422 231 2649 1381 1261 486 2130 1617 1328 1878 747 2538 2836 645 161 518 2631 784 1045 1054 1444 2439 2337 947 2454 1649 169 735 2553 1782 2652 2767 1544 900 1623 1369 1586 2837 1993 134 259 2840 433 965 769
000563.jpg,2252 1179 2682 1651 1977 2491 2328 1578 841 945 1063 1579 639 1920 2647 916 1583 2042 227 998 1770 2310 9 887 2723 1531 1769 1470 952 982 748 919 2225 114 2379 763 1851 517 1354 2729 928 930 2792 819 2349 1368 118 1657 2097 1211 2778 1791 1367 875 1239 2416 1585 567 311 2575 1210 1528 1667 1566 1154 515 579 923 2793 528 2304 2459 7 25 975 1854 2488 512 2559 2065 2026 1209 2618 566 382 1271 513 151 778 2462 2711 1970 492 2658 1219 2334 910 2803 2150 809
000564.jpg,1159 2063 837 2455 403 1009 1815 264 2484 1122 1589 2092 2833 1814 2371 428 2731 2576 352 2189 299 2776 2844 2139 667 2399 2269 2797 1982 1520 1735 741 2727 1 17 234 2385 888 262 2255 891 1925 1572 1291 267 1238 2403 1549 641 2486 2412 1509 1025 913 1619 2811 1571 1349 1373 2635 2223 1807 2338 1338 1539 317 573 1622 1698 90 2771 2541 846 2431 2100 2717 2138 1615 307 991 2175 2710 1803 2215 1366 2246 223 1295 551 1994 1862 2633 2607 2094 472 2253 961 1684 1816 1540
000565.jpg,2138 2835 1828 405 2614 537 1964 166 2738 1607 1341 1069 2758 961 2094 1078 1530 160 1421 2820 2100 1619 2607 2266 1660 385 1622 867 2633 1925 879 1816 1480 1863 600 2431 2385 1982 2486 2473 1366 846 577 667 2811 2460 1698 814 1338 2338 226 352 2175 2412 1571 641 557 888 1539 2797 2595 2223 1373 2255 1735 127 2372 2648 1803 2833 2455 2710 1939 262 1994 741 2253 642 2731 2231 1988 428 2771 17 147 2371 1295 195 1446 1294 1025 1807 991 2139 472 2709 317 2484 1409 1258
000566.jpg,1518 631 2282 2049 530 1604 1017 446 1301 1290 2596 607 1981 2140 1058 451 1237 1567 2796 2064 1384 2093 921 2458 966 1909 2085 2543 942 2392 1879 394 487 1613 1495 662 2660 337 2600 908 1705 1681 2357 1978 1742 1673 1331 1002 2696 2262 2257 1614 1119 1906 984 243 355 1396 1676 1554 1370 1105 813 660 2664 1000 54 2782 1739 1621 542 1853 360 2259 2369 852 2405 1893 151 710 1271 320 1695 186 1455 1322 1094 1508 2420 678 488 1239 50 1200 1581 2560 791 905 1850 2657
000567.jpg,1866 909 1365 214 1953 1602 2348 1487 1139 1108 2841 1477 43 2448 957 1757 941 1696 971 2188 924 1596 84 2141 2498 2425 2706 2823 2197 1471 1889 2807 1283 2688 1536 2572 2562 1768 959 2623 1525 1616 2591 2109 1171 2476 986 42 2048 644 1802 229 2115 2150 270 1032 387 669 2067 785 2263 335 1318 1255 2230 956 1280 2678 476 1364 2442 1084 2449 189 882 1232 2160 1474 1907 1726 2278 2761 2612 2720 1113 2168 2260 1560 829 861 244 45 1927 783 8 592 22 585 1251 565
000568.jpg,2054 646 2000 1451 1361 1559 2787 727 1951 614 589 1175 658 1306 485 293 1106 2072 1137 1207 1786 1257 1971 1115 1389 1798 714 1558 2546 2178 2409 76 2113 1197 1213 304 962 1334 1300 2644 2066 898 545 1353 1087 1801 1019 1394 29 1230 1333 1483 251 1166 1928 2323 395 44 215 954 1357 737 803 1597 1447 1228 634 376 529 182 2540 1427 2224 1091 1561 436 63 581 2277 2495 483 2430 1900 1685 1180 1869 2656 1886 789 1804 2161 989 374 2542 572 2533 426 2040 2022 564
000569.jpg,1967 1635 390 1715 726 1050 999 2236 2765 1024 1475 1293 2053 314 1097 1755 331 799 1140 159 1568 2531 1822 805 580 2715 1124 2505 2465 1011 1216 655 31 464 1503 455 326 1756 89 1378 2687 1317 1273 1706 758 1831 1143 389 1262 1395 1789 484 1662 1022 478 927 1037 363 1918 786 1275 467 2059 452 430 346 1026 1274 2301 2407 1118 806 936 1655 1647 2402 108 2698 2232 2429 653 1730 1829 1648 268 2693 1008 471 1303 1692 534 2806 1875 1472 1612 2137 1929 1932 1465 822
000570.jpg,998 1583 2792 567 118 1791 919 1354 952 1769 2778 2065 808 778 382 2711 1970 930 1854 517 1531 887 1063 748 1470 928 982 1851 2252 1657 2729 2793 2379 7 975 1579 841 2682 2491 1179 819 923 1977 2328 2225 763 1651 2304 227 1667 114 9 2361 945 2575 875 2416 1578 2723 1585 1210 2349 151 639 1271 871 2647 916 311 2042 579 528 1920 2559 25 1239 1770 2081 1209 2353 515 513 2658 2310 1211 1819 701 1368 566 1367 2459 177 2462 1528 2618 2334 2026 2097 301 2829
000571.jpg,645 2011 445 1679 2707 1623 1328 1054 2840 1029 1444 1649 1663 197 947 463 2289 1552 2836 169 2767 1782 2837 1253 2375 1045 1617 433 1544 2130 440 2050 2241 134 712 735 1381 2439 51 1658 2735 1993 2650 1422 2628 155 1417 860 1895 2649 2454 319 161 1218 1870 769 1261 179 965 1640 562 1710 1948 1788 1486 1369 900 550 1489 1096 2088 305 1437 1840 1307 2631 1860 260 2352 563 489 1416 194 439 1569 1701 2133 64 173 1796 674 2769 2287 2652 1496 259 2826 2538 1051 715
000572.jpg,2810 2043 2171 650 2666 2816 1891 1188 1697 1916 2346 475 1723 922 411 1153 1456 759 2643 1702 807 1763 546 285 1260 1865 6 1221 582 37 468 620 1083 1882 1858 1284 732 1090 181 2313 1603 1227 122 956 820 1797 1541 2841 750 586 1139 334 1082 1308 1761 980 1605 2167 2216 1006 829 443 1570 2261 661 1884 1953 2589 2502 1250 938 1696 2514 1881 372 724 1027 1537 2489 2410 1846 1610 1502 1397 1150 2245 473 2168 905 594 40 2779 38 1080 2677 148 1703 229 1995 1326
000573.jpg,837 2455 264 1009 2063 2484 1159 1815 403 2548 2092 2833 1122 2371 2844 1814 2139 299 1982 667 1925 2189 1589 2662 2576 885 1735 656 706 2215 2356 1350 1887 1776 1619 1375 1698 2123 2731 428 1542 2412 2039 2797 1191 2590 1877 2739 263 2269 797 1457 687 1229 2223 857 1338 1366 2338 352 2486 2321 1291 349 2385 1238 891 2541 720 2253 801 2776 1622 1571 223 1043 267 228 2635 1816 2332 438 421 1549 2584 195 600 1551 2607 2206 2633 90 317 234 2158 1994 2703 573 17 846
000574.jpg,1896 458 2500 505 734 2181 587 1827 152 2674 313 28 2819 2283 1741 523 1563 2479 849 1339 1532 2250 2552 175 2099 238 2689 2365 2370 2119 847 2191 972 2177 696 2527 81 705 1376 2534 671 2228 330 2716 2557 1704 354 2193 1335 1680 2052 2742 602 503 2028 1708 532 1111 2764 1117 1543 633 2592 772 1297 1332 68 711 2681 2144 1956 1314 653 2322 1831 1655 1011 2812 120 92 131 1475 1932 1912 2236 1917 1164 2610 2199 1974 1873 125 1875 2597 1568 1755 968 2774 1050 553
000575.jpg,257 1731 937 1871 2377 1527 535 1138 2613 406 2145 1779 1385 1800 742 1645 1894 605 1516 410 811 2102 1992 2843 773 1455 365 253 336 1040 1068 2341 1526 2516 1498 1007 749 1707 186 821 1110 519 2763 112 1325 435 1442 1131 1309 544 2788 2830 1511 1966 1946 673 1020 1379 2549 1424 1311 2290 1969 2730 434 648 2560 855 678 1005 610 2364 1783 94 1079 1794 2417 248 2746 1133 1968 1634 1243 2299 2196 593 1581 870 392 730 2005 2609 2219 1142 1094 2697 2151 2243 1670 2251
000576.jpg,1619 1925 879 1863 1816 1366 2607 1480 1660 1982 2633 667 2385 385 2460 2431 641 557 1373 2363 888 991 814 2771 867 2797 2844 2139 1807 1295 262 741 2731 2094 2576 2833 2524 1242 1530 2104 1078 1509 160 2468 428 551 2371 1735 2776 2092 1549 273 299 1539 2783 1803 147 2595 2175 127 577 1814 2403 2269 1025 1589 267 1607 1291 1238 2710 969 2455 1629 1122 2138 1341 2484 537 837 891 1811 1421 1069 352 2226 264 2517 2758 1059 1684 2444 2412 2063 1862 203 2709 342 1009 2529
000577.jpg,1545 2389 59 1752 2367 950 1146 4 626 1202 1799 556 826 2270 1737 1386 547 2082 987 611 85 312 440 613 1319 1552 635 2289 2069 2840 463 2832 2148 259 1624 1029 1407 283 2477 1656 2837 977 2424 2076 1934 2241 188 1422 169 735 1405 2652 2050 860 2419 2375 1617 1486 2130 1788 550 1045 1649 2044 134 1895 1993 1092 2088 2011 2439 2312 2735 1468 1328 900 1926 1544 433 2300 161 1663 2790 1172 1437 445 260 221 155 965 197 1983 2501 1102 563 712 2133 817 1584 1417
000578.jpg,505 523 175 2181 28 2500 2283 2552 458 587 2819 2689 313 1827 1896 1563 152 849 2365 2370 705 734 1741 2119 1339 2674 2250 2479 2534 81 2191 847 238 2527 2716 696 1532 2177 2099 972 2193 2557 671 1680 2228 602 1111 2052 1376 1708 503 1335 1117 2681 1332 1314 330 1704 2144 2764 1475 2322 711 120 633 68 1831 1655 2236 452 354 131 772 2265 2592 125 501 1955 890 1912 129 2742 1543 2059 780 2594 1037 1022 2244 2597 653 877 1875 968 1011 268 1003 2237 1932 552
000579.jpg,2365 81 849 2479 2819 152 587 2370 2552 2181 2119 458 2283 2500 1532 2534 2716 1827 2689 175 313 847 1563 1741 2527 2250 705 972 523 28 1896 505 1339 238 696 2191 2557 734 2674 2177 671 1376 1704 2099 2193 1111 2052 1680 602 1708 2228 2592 92 330 354 503 2144 1117 1332 2322 740 120 2681 504 418 1026 1692 268 780 346 1314 968 2687 1831 2764 2237 1097 633 125 1293 1873 1932 1011 131 68 1335 772 2742 2505 2465 2059 2244 1481 2806 927 1037 2698 1912 788 1022
000580.jpg,2567 1865 2823 2751 1171 1214 22 2109 1044 2249 2317 1661 744 924 2726 752 897 2841 761 2162 20 957 167 2216 2502 1727 309 2152 1995 807 1363 1703 2555 1032 1217 189 454 1288 1744 96 214 941 2222 785 84 333 186 834 1487 1139 396 1200 1447 2060 1927 1469 2156 1483 44 1605 376 1425 1153 106 2627 115 1371 2404 1632 2677 2571 1987 2150 2554 1084 909 1602 1546 1255 2141 2688 419 1525 2032 629 971 2452 2348 1892 986 1761 443 123 1866 2153 1889 1283 448 1757 856
000581.jpg,2510 431 70 1839 1753 1125 1035 2777 2772 2561 1759 2757 2077 2478 315 18 1842 1390 1557 1834 2622 1165 2302 601 951 2 2663 2015 1252 2818 191 767 2686 1938 1747 889 2315 1443 2685 1075 1833 277 2323 2702 2644 1801 962 1980 395 2161 2667 529 2496 1798 1810 1114 202 522 461 2277 249 1976 2509 1012 2299 1406 990 1511 72 1548 2583 465 1207 67 2532 1263 2242 1334 1501 269 634 783 2251 1219 1333 944 931 1418 853 1394 1065 1969 688 1310 1989 2829 297 417 2000 1137
000582.jpg,742 2145 1779 1007 406 1385 1645 1707 1992 2102 773 2763 519 1871 1800 1894 1138 2613 1731 1969 186 1511 1442 1526 2516 1325 2609 257 535 2377 1527 709 937 605 1516 288 2219 392 730 253 338 248 336 1466 1309 1424 870 1020 434 94 2341 1455 2560 1966 365 1498 1311 1783 1581 1040 648 435 544 301 410 1131 811 1794 673 678 2830 2417 1133 2095 1850 2680 855 1968 1142 2788 1094 1670 2549 2087 2151 2492 1243 774 2697 1110 610 2364 2519 1573 821 881 2196 2251 112 2299
000583.jpg,1753 1125 2777 2772 70 2077 2478 2510 2561 431 1759 2757 1839 1035 315 18 1842 1834 951 1557 1390 2015 1252 2161 2 2663 1165 2622 2818 2302 601 767 191 277 2315 1443 2702 1938 2685 1980 1747 889 1075 2686 2323 297 1833 962 990 634 522 1810 103 1235 688 1333 853 1798 369 2667 1801 529 2624 1334 2430 2644 2583 2509 2532 249 1989 1511 1207 1114 1012 1869 67 581 426 2277 2299 1323 395 29 211 1413 502 1394 1137 1406 2829 202 1908 2143 954 2242 1186 2471 2276 284
000584.jpg,1545 2389 1752 59 1146 4 2367 626 1926 2270 1624 2082 312 85 987 1202 1386 556 547 1407 2832 635 1405 2300 817 950 2790 1656 188 221 1737 1102 2411 2817 611 1934 826 943 1644 1319 2528 2501 2044 1422 613 1799 860 283 1993 463 1617 2840 2011 2069 1029 1328 1552 2477 712 1489 1190 550 1045 2375 2454 1444 1417 2631 440 445 2424 266 2515 1701 259 947 2837 2289 1623 2241 1788 2050 197 1983 134 2574 2312 2544 169 1468 1663 2148 2714 2076 2397 900 735 433 977 155
000585.jpg,1752 1545 1146 2389 312 2832 987 1624 85 1102 4 2790 556 2411 635 1405 221 59 1656 1926 2082 1934 2528 1386 1644 188 2270 943 2300 1407 2501 2817 817 547 626 2044 611 1737 826 1319 1202 2367 1422 1617 283 463 1029 2069 2574 445 1552 2840 1983 950 712 2397 2424 266 2011 1092 860 1190 613 1045 550 1328 2477 2631 1993 259 2544 2515 1444 947 2375 2419 1489 2133 977 440 2837 2241 900 197 169 1663 2454 606 2148 2050 2714 1417 1414 2289 1796 1468 2826 2130 1437 1172
000586.jpg,1944 2294 1055 725 2728 2135 899 1212 2741 137 2207 165 2558 1606 1056 1825 2842 204 116 2825 2511 1547 2057 494 1134 246 1067 2305 447 1463 2766 2291 1899 1076 97 1935 2041 686 2435 2286 1130 2580 2248 692 2736 2382 574 2813 1452 1464 146 804 2068 2292 1126 2719 1937 79 1874 1639 948 1223 2258 2708 2665 1185 722 329 677 2319 2683 647 2639 1841 2393 1940 657 140 1777 1868 2438 442 682 362 2436 491 2569 1986 1592 1931 2583 1810 2350 995 217 2506 2589 2598 2526 2509
000587.jpg,1179 2252 1977 2491 2682 1651 2328 1578 945 841 639 2647 1920 1579 1063 1770 9 2042 916 2723 114 2310 887 1470 1531 748 227 1583 998 982 517 819 1667 1769 952 919 2575 2792 763 1791 1354 1585 2225 928 2778 930 118 1528 2729 567 1657 1211 1851 2379 2065 382 2097 778 1854 2349 1367 875 1368 311 1239 1210 2459 1154 2711 2416 2793 528 1970 25 2026 2488 515 579 2304 566 2559 1566 7 512 923 2618 492 975 1209 513 2019 2658 1271 151 910 808 2081 2067 861 1907
000588.jpg,1681 487 2600 1705 942 1384 2085 2543 966 337 2458 2596 1290 1495 921 360 1000 1853 2664 1739 1695 542 2259 54 710 660 1893 50 2660 2369 2782 2262 1518 1742 2392 1017 2064 1508 2282 1331 791 2696 1673 1614 2257 1031 2803 631 1287 1565 908 852 1978 1002 1370 1119 607 243 1396 1554 813 446 1981 355 2049 984 1237 1105 1604 530 1301 1058 662 2357 151 2796 2140 2618 1909 1676 451 1567 1613 2559 394 512 566 2026 25 1209 513 1271 1779 320 2469 2575 1871 528 731 579
000589.jpg,645 2707 1679 1623 1054 1328 1649 1444 1663 2011 947 2767 445 2836 2837 169 1782 1029 2840 1617 1544 712 1045 1658 2130 1381 2289 2439 2050 1552 2241 440 1253 1218 1422 463 735 1993 197 51 1261 2628 2352 194 1369 1417 161 1948 2649 433 2454 1416 860 2650 1640 1051 1870 1096 179 2735 2714 155 1569 965 439 319 173 48 64 562 2088 134 769 1489 1895 1710 305 1796 2272 2287 900 715 2631 260 201 2732 2815 1486 2652 2721 2133 1437 1788 100 563 1584 1586 550 1860 2769
000590.jpg,1125 1753 2777 2772 2077 2478 70 2561 2510 431 1759 2757 18 1842 315 1035 1834 951 2161 1839 1252 2015 1557 2818 1390 1165 2302 2 2663 767 2622 191 601 277 2315 1443 2702 1938 2685 103 297 2323 1980 1323 889 2686 369 634 1747 1833 990 688 1235 1186 522 2624 2644 2430 1075 1019 1333 962 529 1801 29 1334 426 853 2532 395 2583 1389 2667 2022 1989 988 293 581 1460 1353 2314 67 2242 2277 2178 1798 1810 2296 1804 126 2546 1115 193 1845 1391 2759 1869 2024 211 1114
000591.jpg,499 545 1394 1631 1228 2277 1785 1801 529 465 374 1087 2579 63 2546 2113 898 1334 2178 304 1389 1213 1558 2022 1333 1019 2644 395 803 1115 2066 1883 251 2759 1230 2323 540 1898 2381 1300 1137 1685 714 853 2504 2542 789 1561 2238 1353 1427 2040 483 1928 101 2547 766 572 1207 2242 2540 341 581 824 1683 1166 328 695 2072 240 1176 364 1798 1257 1178 132 34 576 614 954 1900 1971 1743 1298 962 1091 1951 737 407 2422 2114 1996 989 777 1306 1093 2409 2190 149 2784
000592.jpg,1140 1216 1124 1037 1924 1829 1299 1168 2279 1647 1918 1273 2402 1972 721 2061 1303 2053 1921 1472 1612 1317 1395 1756 1297 412 113 27 252 1715 391 1635 1692 390 805 2698 799 1118 1143 1141 1967 1505 1293 344 1097 2236 1506 1822 430 1568 1024 2611 138 1475 936 643 2531 402 1011 331 2505 2465 1008 159 2765 1050 383 2232 2632 655 2137 858 2407 1503 1127 471 1648 580 1187 822 561 1274 363 1755 2406 1018 1781 2301 31 89 326 49 1787 2062 782 1438 1780 1048 2070 654
000593.jpg,1752 1545 1146 2832 312 2389 221 1102 987 2790 1934 2501 1405 59 635 1656 1624 943 4 556 2082 1926 85 2528 1407 1386 2411 2817 547 626 1644 2300 440 1316 817 2270 2241 2367 950 735 2836 188 2044 1422 2069 826 1636 1617 1045 611 2837 712 518 2050 1782 169 1319 2826 2840 2556 550 1202 613 155 900 1840 1737 1649 1878 563 259 1486 1437 947 2652 260 2419 2454 2133 1381 480 2439 1092 1444 1328 2649 1552 2148 1796 1983 445 283 2424 2088 179 1544 925 977 559 1369
000594.jpg,2533 2320 1149 967 293 29 1804 1719 2021 2673 2172 286 2756 754 2787 2224 739 1728 2430 2024 426 2408 634 2143 213 1231 1597 24 2296 1689 707 2638 792 1448 1478 2354 2615 2295 2413 1265 135 218 2472 853 1849 558 184 119 1296 646 1361 91 2054 1451 2409 76 2644 757 1383 2235 2323 1984 1558 1312 80 1334 364 529 395 589 1900 498 962 1951 1559 1166 1207 376 425 1798 1175 1269 789 436 1091 1326 2540 714 1928 727 1180 1106 658 2495 215 983 2124 1529 1306 1093
000595.jpg,2533 2320 1149 29 2172 286 293 2673 2021 967 1804 1719 2756 754 2024 2430 1728 213 2143 426 2408 634 24 1597 2787 1689 707 1231 739 2638 2224 2354 1849 2615 1448 1478 1265 218 2413 792 184 2295 119 757 135 91 853 1296 1529 2235 2472 1269 1383 2296 558 2390 1722 1867 80 2566 2054 424 646 1733 1984 520 19 1312 498 1361 2000 1533 1451 376 529 425 1945 1559 232 1798 2644 2124 2014 1334 1326 76 1106 1886 1469 1869 1236 1786 1180 375 142 962 983 1535 2653 564
000596.jpg,1096 1416 1948 2272 2815 1362 1860 1965 2352 1636 439 1316 64 1496 1569 2721 715 1796 100 48 201 2556 562 155 2034 2241 51 305 1051 2650 1584 1218 712 2433 194 2545 2289 2309 1640 1897 1381 497 2713 1658 1617 1586 1552 563 1490 1453 445 1901 260 645 1993 2376 2628 2826 2836 1261 1045 747 2088 2631 1148 2011 2755 168 2840 2553 1782 1328 134 2130 440 1422 2767 2454 1319 231 547 2046 947 1544 319 900 659 1444 2050 992 1878 1649 1029 1307 2837 556 674 550 2732 1623
000597.jpg,1115 2546 1389 2178 2054 2113 304 2066 1213 646 2787 1951 1175 1361 1306 1019 614 2000 485 1451 1559 727 658 293 545 589 63 2072 2022 1106 1394 1137 1785 1300 1333 1257 1228 1207 1786 1971 1798 251 737 898 1558 1230 962 215 436 1087 364 101 2644 2504 1353 1801 2040 1334 714 1900 1091 1685 1427 2323 1093 1883 149 989 2409 395 341 766 2430 1447 2540 1898 634 76 792 376 1197 1886 1804 1683 1166 2381 783 2238 2024 2249 2495 803 581 374 1928 529 29 359 2242 2296
000598.jpg,2624 1845 1235 297 103 2471 990 688 2601 502 1323 126 1186 1391 2314 1413 2276 578 848 903 1767 768 931 1340 1114 1830 702 2388 1107 1908 1608 522 250 1720 1821 65 284 684 1310 835 1512 1975 1254 2667 767 277 2302 1165 2478 1839 1753 2323 2077 1125 1035 2777 191 2772 315 962 1232 1723 1916 973 1834 1759 395 18 1570 1810 431 2509 2561 1397 2015 1557 1252 2644 298 951 2620 1285 2510 1390 1938 2757 1015 374 249 251 475 420 2622 1798 2 2346 1605 2496 2216 1842
000599.jpg,865 377 1429 729 2798 1754 828 1038 2539 2421 2520 2578 2629 1949 1041 2671 933 2210 1337 2640 640 13 2221 2428 1668 2602 672 1070 1374 1272 2828 323 2031 2120 2038 1399 1329 964 1952 1266 2083 1910 1049 698 358 2808 932 2839 1249 340 2335 2786 839 2795 955 432 979 1521 176 2032 2668 2108 2227 1553 2117 2047 2333 199 1256 36 1431 121 2570 332 1189 986 302 2267 2451 2150 1757 1764 1793 1255 2380 78 2384 901 1430 743 893 1888 569 1393 214 988 56 536 1602 2387
000600.jpg,2820 1421 2013 969 1324 2473 166 2738 2266 2226 1964 2709 1514 405 226 2614 1828 551 2100 2835 1618 2175 2213 352 1571 307 342 2339 892 1540 2486 600 685 1622 1059 1539 642 1025 349 1338 1 577 846 147 2063 1101 2648 2513 961 1060 2340 2635 2484 2158 317 1862 1078 2138 511 2094 2781 2740 264 1069 195 223 2727 2004 2758 2215 2269 150 1814 2844 1861 2223 1520 2372 2174 1530 1615 2431 1698 837 1341 2838 2595 1366 814 2444 2710 2456 958 1811 797 160 1349 1575 1234 537
000601.jpg,2252 1179 2682 1651 1977 2491 2328 1578 841 945 1583 916 1920 1063 639 2647 1579 2042 227 998 1770 2723 2310 887 9 1769 2379 952 919 982 114 517 2225 1851 1531 2729 928 1368 1470 2792 763 2349 1354 1657 819 2097 930 1791 2778 118 1211 748 1367 1585 2416 567 1239 2575 875 579 311 512 1667 1210 1566 1154 1528 2459 2488 2793 2026 1854 25 1209 528 7 515 2559 923 2304 566 975 2618 2065 2462 513 151 1271 778 2711 382 2658 492 1970 2334 781 809 2803 808 1031
000602.jpg,767 277 1938 1833 1443 889 1747 2686 2496 2561 1980 951 2077 1753 1035 2478 2777 211 1125 2772 2510 369 1460 2818 2532 1989 980 1884 2315 2302 20 1165 2685 1610 1557 1891 824 1252 167 1082 465 1839 1390 2015 229 1308 70 1916 1502 2245 448 2346 1353 1834 1456 2547 2118 2702 1560 1333 475 1605 431 1015 132 63 2622 2620 897 1637 122 2573 1556 1326 2216 2323 744 375 1032 1723 88 473 315 1263 191 742 2203 2022 2296 1685 1759 2179 510 1284 594 990 2831 1061 2705 1197
000603.jpg,1752 1545 1146 2389 312 59 2832 987 1624 2501 1934 1405 1102 2411 635 4 1656 1644 2790 85 221 1407 2528 556 626 2817 2082 1926 943 1386 188 1202 2270 2300 817 547 2044 2367 611 1737 826 950 1319 2840 1422 2069 283 440 613 1799 1617 445 712 550 2011 2241 735 1328 1552 2050 1045 2837 259 1190 169 2826 2574 2714 2424 2631 1983 900 2836 1782 2375 518 1444 463 860 1796 1092 197 155 2544 1468 2148 2477 2538 947 2289 1993 2312 2556 2454 2515 2133 266 305 2439 977
000604.jpg,38 2823 1911 1995 1697 2167 115 2268 1267 1882 459 1387 167 372 1200 2318 20 2420 796 1380 829 1479 661 1082 1456 2425 1638 956 2726 1090 1308 669 396 2194 630 2216 586 1032 476 1763 2168 922 2313 1682 1709 1880 275 1153 1188 454 2678 2593 2573 1744 2623 37 2476 1006 1560 2261 1108 2156 1227 620 189 285 1321 2060 443 448 1797 1806 42 122 1098 1536 2449 1858 411 2141 834 732 1865 946 1761 2554 1790 181 2030 419 1736 924 2387 309 2263 1286 1284 2096 1703 1353
000605.jpg,503 633 772 711 2322 1680 2592 2193 2052 1335 602 1111 1332 2250 1704 740 238 2237 2764 1117 1746 1297 2144 68 553 120 587 2773 2681 261 671 1314 1917 2228 1376 968 1109 1164 2199 1852 699 28 972 313 2191 533 2814 1956 1708 2500 532 2028 505 458 2370 2177 872 2181 1827 2212 1532 2119 81 1327 2610 162 1774 2365 2552 1010 1955 152 2527 2265 1543 2819 2283 2597 1339 175 1741 1974 2557 2689 771 2099 1182 2343 159 1650 1563 2812 367 1873 2479 1823 2594 696 963 705
000606.jpg,2600 1705 487 2085 2543 942 1681 966 2458 1384 1495 2596 337 1290 2262 2392 921 2660 908 1017 852 1742 1518 1978 1000 2664 1853 1695 1331 1739 360 2064 1002 542 54 1673 1614 1119 2282 2259 2696 2257 710 1893 660 2369 50 631 791 1508 984 1565 2782 1287 2803 1031 1370 243 1676 607 1396 2357 320 355 1237 1981 1718 446 1554 1604 813 394 2049 1567 566 512 1301 151 530 1105 2140 2026 2796 1058 2618 1519 2559 451 1271 2147 1385 1779 186 662 2469 513 1209 2132 1682 1871
000607.jpg,2533 2320 1149 29 293 2021 2673 286 2172 1804 967 2024 1719 2430 213 426 2143 1597 24 634 2408 2756 754 1689 2638 1728 1231 707 2354 2787 757 1849 1448 739 1478 2295 135 2615 2413 184 853 2224 558 1265 119 1296 218 80 1383 2472 1529 1269 1984 1312 2566 91 424 1722 1733 1533 520 792 2390 1867 2235 19 498 1945 2366 2014 2054 529 425 2124 1326 232 2296 375 646 473 1061 1361 2464 2644 1886 1236 1558 388 1839 589 2078 1394 1801 1451 727 2508 142 1175 1798 658
000608.jpg,392 1419 301 2331 519 2763 1992 1077 773 2102 937 2145 406 94 2264 1200 253 1131 1779 1527 1385 1455 2341 568 336 1309 186 535 248 809 648 610 2377 1442 1142 1894 774 2087 1424 1133 2243 338 1794 2519 2132 1170 2318 2560 2219 1138 1387 870 742 605 1094 2299 1526 1581 1871 1783 1020 813 1498 709 855 410 730 1152 2492 678 2697 1036 1311 2830 544 1966 1007 673 490 1670 2196 1645 2251 2420 435 1325 1040 69 2165 1913 2027 1243 2613 2516 538 1969 1184 1973 2593 749
000609.jpg,2801 2460 557 879 2363 1215 2524 2104 1619 273 2607 1982 1278 2385 1242 405 1366 1539 741 1341 1925 1828 2633 2189 2138 2431 2094 2833 1607 888 2835 2584 687 1480 2246 1660 1069 1863 1816 2844 2797 667 385 1684 1411 2139 814 1373 2614 2185 1988 1078 2175 127 1964 2662 1735 1509 299 1530 867 1765 2758 2811 798 537 166 2412 2338 1630 2619 641 2776 428 1939 352 2576 2298 2187 1549 2738 2092 262 1360 2184 1589 1338 264 577 1653 991 1514 71 147 2517 160 2484 2063 969 1421
000610.jpg,348 2769 26 1870 2454 925 2649 1369 480 2538 179 2714 712 550 2130 2050 1045 1417 735 1422 518 440 1788 1617 860 1489 1710 1701 2241 1328 197 2289 51 2011 2840 463 1993 1663 445 2836 1782 305 2837 169 64 947 562 155 1569 2650 433 1640 645 1029 1444 48 2375 1658 260 1649 1796 2721 1381 439 2767 2088 161 715 1172 1218 2628 2352 2707 100 1054 1679 1096 970 1948 194 1552 1544 817 1840 489 2439 2826 900 524 2556 1416 168 1624 1051 201 1486 1895 2419 1623 1584
000611.jpg,1944 2294 1055 2135 899 2741 2728 137 725 1212 1606 1056 2207 204 2842 165 2558 116 1825 2511 1547 2057 1463 1067 494 246 1134 447 1935 2305 2766 686 2291 2825 97 2580 2435 2041 1076 1899 2736 79 2286 692 1452 2068 574 1130 2248 2292 1874 1841 804 2665 1126 2719 1223 722 2813 677 2382 2319 1464 2258 146 657 2708 329 140 1937 1185 1868 2438 2683 362 1639 442 2639 1777 948 1940 647 1931 682 2393 2436 1810 2583 67 1986 2589 2509 627 359 491 2569 2526 995 1881 249
000612.jpg,629 1462 882 2359 1757 2150 123 986 2677 1255 281 909 84 941 2572 2387 2494 1371 396 1866 2627 2688 820 372 1139 924 1541 750 1882 971 2194 1032 2348 214 1603 1153 1987 2115 481 1084 2425 1477 1761 334 1221 1365 2261 1525 1616 1280 1949 2216 546 40 594 2188 2841 2476 1750 2278 1113 2571 1199 1184 1602 1219 115 300 275 1687 2761 1283 1263 1560 482 2197 327 2421 762 244 1661 1659 815 2573 1144 1696 1487 1995 2502 669 2152 582 285 2678 956 2141 796 1802 1726 1108
000613.jpg,540 1631 465 291 1535 1801 1561 499 2277 2323 832 1447 44 1334 853 16 529 2644 1483 1469 376 395 898 1346 617 1230 2547 2785 714 545 374 2242 1883 983 2129 1087 2542 1928 251 576 1847 1197 1743 2016 1798 962 1914 614 63 1166 695 1996 426 803 2190 824 2827 1207 1597 1427 341 1513 1394 596 783 1558 1228 1300 1683 1091 789 2072 2317 1176 1103 2579 2409 1161 485 1137 2540 2759 2202 634 1689 2111 483 589 1175 1785 1898 1343 47 240 93 2295 407 1333 2381 132
000614.jpg,1325 1526 2516 1442 1511 1969 2102 2145 1992 1779 406 773 1385 2763 519 1871 2613 1138 2377 1707 535 1309 1670 1007 605 2087 742 2560 1527 800 1498 94 186 1966 673 2492 2299 1040 1581 1142 774 1645 2519 1573 435 1020 2730 730 821 2697 1311 717 2243 2196 870 1783 2680 855 544 593 1094 1968 1894 2788 1424 1455 1068 1850 365 881 2095 2746 336 2417 1913 2251 1936 1005 1165 1794 1243 678 2005 2006 1634 1731 338 2151 2830 11 248 2290 301 434 749 1174 1800 410 253 112
000615.jpg,2137 822 1568 2232 455 1262 799 1140 2470 1505 408 1282 113 1216 1780 49 1506 1829 1781 296 2280 383 1024 356 2794 464 838 2531 2765 525 1273 1787 209 2173 268 1706 207 245 1503 2698 1274 1127 2396 61 1831 1875 1299 2236 1168 139 653 131 726 999 27 225 927 2279 654 1011 1789 1655 2070 239 2091 2715 2025 1924 806 2693 2669 1303 1275 1635 390 1141 1932 2142 314 1967 1475 1124 1929 241 452 1755 252 580 1293 331 2687 2059 192 2053 1037 1097 2164 1356 159 89
000616.jpg,1049 932 839 698 955 1521 536 1038 2421 1041 13 323 121 1272 1754 2520 1949 2210 569 988 193 1132 1588 640 1431 680 2090 36 1910 2047 1268 377 2083 2578 2671 828 1189 2117 370 866 2032 733 1337 56 865 123 933 500 1249 1255 1329 986 901 2387 1668 1793 729 2798 2602 2629 2333 672 2828 2640 571 2335 1429 2150 1374 1757 2839 2539 882 979 2428 743 332 2120 2038 1499 1065 340 964 2217 432 2668 2786 1764 1033 2221 2795 1553 176 2423 2380 2267 2808 21 2029 2451
000617.jpg,505 28 2181 523 2500 458 175 1563 2819 587 2283 849 2552 313 2250 1827 152 2365 2479 2689 238 1896 2191 2370 2119 734 1741 1339 81 2716 2674 847 1532 705 2534 2527 2099 972 2177 696 671 2557 2193 1680 2052 1376 503 2228 1704 711 602 330 633 2681 1111 2322 1335 772 2592 1332 2764 354 120 2597 2236 1297 1117 2812 1708 1831 1475 1011 92 1655 1974 532 131 1543 1568 1873 653 1037 890 1912 1314 2199 125 2144 2265 2715 1875 2594 68 1293 2774 1813 1917 2028 2742 268
000618.jpg,1993 1663 947 712 1489 1328 1444 1045 1617 2836 1710 1417 1782 1369 2241 2050 1701 860 2130 169 2837 2649 1679 2454 1422 2707 179 2011 925 735 1623 2767 197 1870 26 1054 440 1649 1381 348 2840 1658 900 445 2289 480 2790 550 221 1437 2832 1544 1624 817 2714 51 1218 2528 1407 1644 2817 463 1934 1656 1486 943 1102 1796 1788 2439 433 1926 2769 1552 2411 2300 312 645 1405 155 635 1569 1029 2352 489 2419 305 1640 1208 2652 2628 1096 556 260 1416 2375 194 1948 1261 2397
000619.jpg,2288 1357 1818 2495 39 2281 564 926 230 751 1180 2114 2000 1106 1482 1559 1786 76 1036 2080 1523 2239 946 441 581 1257 1943 1091 2437 1971 824 318 2695 1152 1476 1593 1451 2202 777 1538 1116 1641 1361 1219 683 1836 2204 2787 2824 2605 55 2383 117 1014 737 2555 75 2073 1304 215 2699 917 379 60 2542 907 2443 1184 1900 321 1263 1528 2745 2086 993 83 615 834 2247 469 845 339 187 1714 1940 541 1192 1713 1915 2245 2132 543 327 1693 2497 989 2381 1380 1950 2493
000620.jpg,1752 1545 1146 312 2832 2389 987 2501 2411 1934 1102 1624 1405 635 2528 2790 85 221 1656 1644 556 59 4 943 188 1407 2817 1926 1386 2082 2044 817 626 2300 2270 547 611 1202 1737 826 1319 283 1422 2367 2574 1617 2069 266 2840 1983 445 463 1552 712 1190 2515 613 2477 2011 2424 2397 1092 977 1029 1328 950 2544 2312 2837 1468 550 2631 2714 2148 1045 2419 2133 169 2826 259 1993 1663 1489 2375 860 1796 2289 433 1172 947 197 2652 1782 440 1799 489 2724 1444 900 2200
000621.jpg,1588 1132 536 988 193 569 121 2090 1431 680 36 2117 1268 866 733 1492 142 802 2078 2333 500 1793 1699 901 1553 1430 1499 2217 429 2029 1886 878 555 1890 1053 1236 2668 2267 868 1033 2743 1256 332 1393 2415 1562 2380 554 176 1888 427 2568 417 2786 2451 2384 21 1418 597 2227 1686 1065 289 979 340 886 2108 681 1038 1398 62 199 302 213 1041 432 571 2423 361 1668 1374 2602 359 743 2024 2671 933 2828 1329 2408 323 1333 707 2421 893 1272 24 1597 292 426
000622.jpg,2548 2662 687 1375 1665 837 1861 210 793 891 2844 2063 746 1034 2461 570 1276 2327 1859 2455 2403 2125 264 57 857 2189 1724 2418 2833 1350 2797 2123 2484 1930 2456 1776 1358 2385 1551 2255 1234 1575 1580 885 2229 1122 228 1619 1792 280 2473 859 1043 1664 548 2576 969 493 2039 2811 801 1059 2004 2672 90 2694 704 2175 1509 421 1539 2740 2371 689 798 1009 2412 352 842 2092 1030 366 741 2838 2776 720 667 1660 294 1191 756 1862 2269 1432 888 656 2094 1982 1877 1589
000623.jpg,2502 941 2152 84 2706 1605 2841 1139 2348 909 214 1953 1602 1866 2141 1171 2567 2751 2109 1214 22 957 744 2404 1661 2572 1889 2115 244 924 1371 1365 2464 106 1696 1616 1927 183 815 1525 1632 621 96 1960 609 2197 40 1280 509 1199 894 844 1766 1032 1987 2623 2457 2153 2725 189 1726 2612 2203 171 959 419 1659 270 2591 2761 2263 1768 2448 1113 2522 2162 454 2048 1283 2401 2554 45 2726 2060 510 785 1880 2677 1487 2678 1364 1757 167 851 971 1738 1064 592 1760 1477
000624.jpg,2601 502 2471 990 1235 297 103 1845 1323 2624 688 126 65 1107 1767 1340 903 768 848 2388 931 1186 1114 1830 1310 578 702 2276 1254 2314 284 1391 1908 1413 1512 1608 835 250 1720 1821 684 522 1975 2667 767 277 2571 2079 205 2302 1286 2831 1844 2167 2080 2685 1277 191 1165 1015 1035 1013 309 1130 2058 1458 2401 2216 1300 1753 333 2705 2425 2136 1834 1336 506 2015 1252 2702 2555 1839 2160 2489 856 1980 2772 2496 1364 973 2315 42 300 1846 1353 1703 2561 37 1315 1285
000625.jpg,607 631 1518 2282 2049 2093 446 530 1017 1604 1290 1301 2596 1981 1058 1237 2796 2140 451 1567 2064 1909 1384 2660 1879 921 2392 966 394 2458 1613 942 2085 2543 662 2357 1331 1742 1673 2696 487 1002 2257 1614 1495 1705 1681 908 337 1119 1978 2369 2600 355 1906 50 1396 1370 813 710 1853 2262 2782 1695 1031 54 2664 1000 1105 1893 1739 660 542 1508 243 791 2803 1554 1565 1287 984 2618 528 360 2459 2349 1676 311 2259 2636 875 2559 1455 1179 852 887 1516 1210 2491 72
000626.jpg,2315 1980 2702 2685 277 269 767 1548 1833 951 1938 1443 2 2510 2663 211 2818 1165 2532 1252 1989 431 1834 2302 2015 369 1460 1753 18 1747 2496 889 191 2478 315 2777 1759 2772 1842 2077 1557 70 1125 2622 2686 2757 601 1390 2276 2314 1413 1767 2561 1073 830 2388 1450 2251 2667 2518 126 684 1391 1869 1147 1884 83 2245 1620 1943 1794 2296 1120 2299 1263 522 1442 2005 993 65 2563 980 1511 688 1732 2275 1035 1593 1975 1850 1641 1340 1512 1919 2573 2661 1308 461 2624 1285
000627.jpg,2512 1504 222 2218 1436 850 2362 2691 1305 2355 1052 2342 755 1098 2750 2450 2071 2645 1321 935 1790 1806 2201 2096 1933 1638 1736 836 2156 2432 1911 177 1709 144 2122 2679 2829 1903 612 401 1085 477 2163 453 796 1023 981 1163 380 816 1628 2074 141 399 461 2055 73 437 2593 823 2587 1510 2469 1233 1599 2452 1006 897 1047 2747 2446 595 2098 2535 443 924 2722 2449 460 1160 1474 760 1145 599 208 2318 1717 1976 1605 731 1308 629 1676 2126 72 174 586 1082 2420 1363
000628.jpg,1085 1903 816 1163 2679 177 2829 2122 2274 1808 1688 1155 1404 1100 1089 2452 453 1628 2163 401 141 2055 477 380 73 1023 399 1233 437 2587 823 595 1510 1599 208 2074 981 461 72 460 760 174 2009 2722 99 2636 172 612 1872 2469 1145 1415 1047 1160 164 1717 1976 2747 2775 2098 2655 731 599 1784 156 2126 1241 2577 1504 2355 222 2537 2645 2446 694 1006 2362 2642 1305 1436 1321 2691 2156 935 666 1098 2432 2218 144 850 151 1676 2449 1271 1165 755 443 1906 2535 2793
000629.jpg,849 2819 2479 2365 152 81 458 587 1532 2500 1827 2283 1741 2552 313 2181 2370 2119 2250 847 2716 1563 1339 972 696 175 28 2534 2689 2557 238 734 2674 505 671 1896 2191 2527 523 1704 705 2099 1376 2177 2052 2193 330 602 354 2228 532 1111 1708 2592 92 1680 1956 2742 2028 1332 2698 1335 1117 2322 503 772 1932 2715 131 2681 1297 2059 780 1831 2244 268 2764 1475 711 120 1037 1875 1011 1097 1293 740 2236 418 1655 633 2144 927 159 1216 1829 999 726 464 1314 2687
000630.jpg,324 1813 1923 1932 1062 1037 129 1503 241 501 2765 840 2142 1024 2687 2634 2531 389 467 1843 1039 788 1011 1789 456 2053 1124 927 390 1967 1715 1475 1281 131 1730 999 1635 1026 1929 268 1875 1275 495 89 2285 758 2565 125 2407 452 484 806 1662 363 1912 2715 1568 1293 2236 628 2806 2301 1378 1097 2505 2465 780 2059 1022 1831 464 2244 1655 786 53 159 1050 1220 314 1706 1008 1140 1216 580 1048 138 108 295 478 2429 2611 753 1822 2232 2632 653 1018 936 430 2398
000631.jpg,2381 1900 215 436 737 364 2040 101 803 251 2504 989 374 341 2238 766 1427 581 2540 1883 2546 1115 1389 328 2114 2113 304 2178 2242 1213 2759 2066 2579 1230 962 789 1306 1951 1798 1257 1106 485 1559 1175 572 1300 1334 1786 2644 545 2542 1971 1683 1361 395 1451 1137 614 2072 2323 407 2000 1394 1207 1091 1561 63 589 1898 727 658 1019 714 2787 1333 2022 76 1357 1801 1087 1785 898 1558 529 1996 2277 926 777 2054 2495 1353 1228 564 1685 1818 1166 1928 2409 646 39
000632.jpg,1944 1055 2294 2728 725 2207 165 2558 2766 494 1825 2435 2057 1212 2741 2291 2580 447 1899 2135 1130 137 2825 1056 899 1606 2842 204 686 692 574 116 1067 2292 1940 97 657 2068 1986 2736 2319 1463 1452 2248 1473 1547 2719 1126 1874 2305 2511 442 2813 79 1223 12 722 2041 246 1935 2809 2665 1777 1076 140 2708 1464 1868 677 1639 1185 1134 2382 1408 2258 627 146 2121 1721 2286 1439 1937 994 1012 249 1876 790 647 2589 1088 864 1001 1841 2583 508 1942 2506 67 2438 271
000633.jpg,982 887 1531 1470 2065 748 1791 2792 118 567 819 2778 1667 930 1585 2491 2328 2575 2225 919 763 1354 952 1769 1179 1578 1977 916 1851 1211 841 945 2042 928 875 2682 1210 808 2379 2252 998 639 311 1651 2349 227 2416 1583 2647 2723 2310 1579 1063 1657 2793 2304 1920 923 2729 975 7 1854 114 2559 528 579 517 2711 382 25 2618 2488 778 151 1271 2459 1209 1770 1154 2658 1368 9 1367 513 2097 1239 492 566 2026 1970 515 512 1528 2636 1566 2009 72 2150 1757 2165
000634.jpg,2548 2662 1375 687 1619 837 2460 969 2844 857 1776 879 1925 2385 1238 1366 267 557 1009 1291 2139 2063 2727 2455 1665 667 2633 2607 2484 2226 2833 342 551 797 2399 570 2456 1350 1982 2363 1861 2039 891 264 1539 2123 1043 2330 1660 2403 2590 2541 352 1792 1816 814 2186 2431 720 1520 1 1480 2092 317 2412 385 421 2709 2797 2710 1025 1338 2327 1059 2584 2215 2229 2298 1159 234 1086 2125 1863 1684 2731 2213 2175 1815 1034 2206 2371 859 1571 1664 1122 892 2185 798 1724 1887
000635.jpg,837 2455 1009 2063 264 1159 2484 1815 403 1122 1589 2092 2833 2844 352 2139 234 2399 2371 1572 2731 1814 2541 913 1520 667 1 299 2797 1735 2215 1982 428 1539 2776 2727 2158 267 1366 2834 1025 1238 1615 1291 1925 2576 17 223 1619 741 2633 1816 969 2189 2635 1349 2385 1660 1571 891 2607 867 46 1373 2269 1480 1698 2185 2338 814 2431 888 2771 1129 349 641 2223 1994 2529 551 1863 2783 1549 2273 991 385 1684 2412 307 2253 892 342 1807 846 2123 573 1630 2403 1776 1059
000636.jpg,956 1541 922 334 1603 820 750 2816 2043 650 1697 285 2171 2666 1221 1153 1763 1188 2387 1891 546 2810 1090 1456 829 37 1882 8 586 6 411 1671 2167 372 1082 2216 1474 1308 807 1761 1260 443 2535 759 1703 1723 468 2643 1006 475 582 1288 2313 745 325 1363 2449 1916 619 661 521 2712 1865 1797 2706 2346 2657 2617 637 2425 1227 2268 2194 1858 732 2308 1537 2150 882 980 1387 1284 123 1884 1995 1200 986 2220 2168 620 2261 2841 724 459 1267 1250 122 1285 1844 2823
000637.jpg,1213 2113 2178 304 2066 1389 2546 1115 545 1019 1394 2022 63 1333 1228 1785 1175 1951 1685 614 2072 485 1306 1137 149 727 658 954 589 1801 2249 1361 1207 1558 2277 1087 898 182 1451 714 1559 1798 1230 529 2000 1300 395 1631 2644 962 1106 572 737 2323 341 2040 581 1334 374 1166 215 783 2409 2054 2242 803 1900 1760 251 1712 761 1257 2504 101 364 1786 436 1561 1898 132 2656 1683 2114 1353 1971 1483 1298 989 2787 2238 924 16 2381 1176 766 1093 1928 2542 1883 2149
000638.jpg,28 505 1563 458 2500 238 2250 152 2181 2819 313 587 2479 1532 1896 849 734 1827 523 2674 2283 1741 1339 2552 2365 972 175 671 2099 2370 2119 2191 2689 696 1376 847 1704 81 2177 705 503 2527 2716 1680 2052 2193 2534 2228 330 633 772 1335 711 1117 2028 532 1708 2557 2764 1956 1831 1655 602 2322 2592 1111 354 2236 927 1475 1297 268 68 2144 2742 92 2698 131 653 33 464 1706 1917 1011 2681 806 999 1755 1332 1875 159 2715 1730 2062 1789 2812 1746 1472 2687 1568
000639.jpg,2018 2284 2146 2008 764 2551 719 1289 247 2582 1204 1493 1403 190 1534 1128 35 1577 914 2487 58 1351 723 1157 604 2110 1247 1997 212 1915 539 664 1121 874 862 303 1359 153 549 1751 2824 343 516 2718 2209 869 2585 615 206 2204 2405 490 2067 2225 1566 2603 1347 1136 1772 1958 632 276 2170 528 98 233 450 585 2453 592 776 809 196 2081 624 1625 724 812 995 1368 1226 2658 2485 2488 2462 1066 2410 2349 413 1367 40 763 910 512 224 2536 2416 2165 2097 875
000640.jpg,1749 1353 1300 483 240 789 2784 1727 2555 1883 834 2058 1483 1277 1161 2579 149 376 1685 1513 1213 63 824 954 2066 1447 2022 1019 545 2277 1801 1361 2178 304 1773 1559 1333 44 1394 2547 2113 1672 1106 1971 2437 1451 596 395 2644 95 1743 2504 16 2249 1786 1847 182 132 529 1230 581 2000 1137 341 572 2656 766 2238 2787 1257 962 1760 374 576 2759 2040 2054 1176 251 1469 1693 1228 614 1087 1389 989 2441 1785 1593 2190 1900 658 646 436 737 2381 215 2827 364 2149
000641.jpg,123 986 1255 882 1757 2150 1365 932 698 955 2387 1049 372 796 1477 905 909 568 2151 1521 1236 1001 839 1474 1548 1153 1911 334 2380 785 1697 1541 2493 2449 1012 1075 820 1603 2706 750 448 1371 1267 1406 2245 2350 829 1250 1747 1113 1200 1949 1073 2121 624 1263 2012 249 1188 2583 1219 1346 1139 2267 1696 2572 2410 2514 933 2038 1322 1380 1600 2167 632 2261 2677 536 42 2318 1761 411 1659 2494 1041 669 269 629 122 2425 2348 637 1525 2293 1810 742 1227 2115 2047 214
000642.jpg,849 152 2819 2479 458 2500 2365 81 587 1827 2283 313 1532 1741 847 2181 1339 2370 2552 2250 175 2119 1563 696 734 2674 2716 1896 28 972 2689 2534 505 523 671 2557 238 2191 705 2527 2099 1704 1376 2177 1708 2742 354 330 1680 2052 2228 2193 772 532 711 1956 503 92 2322 2028 120 1111 2764 602 1117 2592 2698 633 2681 1335 1917 2244 2814 33 1746 1297 2144 780 1932 131 1314 268 1831 1011 504 68 1037 449 927 1655 1164 1216 2059 1332 1109 699 653 1875 2236 1755
000643.jpg,1057 2437 1836 1672 1449 1749 2317 1914 2785 1476 88 2202 1483 44 16 2745 1856 761 2249 824 2547 1620 603 1447 576 1990 2555 1732 834 1073 1469 291 2275 2111 2190 751 1450 95 2058 1678 830 1116 376 1727 1713 683 1482 1714 2080 1178 596 2441 1224 269 339 2700 132 863 1277 1523 1183 1548 777 205 1044 47 1147 2518 2194 946 1176 2180 2422 2129 1036 1304 695 1425 1838 396 1646 60 1841 2523 1380 393 441 1082 762 2239 983 2167 2791 2268 104 1244 83 905 350 2030
000644.jpg,849 2819 2479 152 2500 2365 458 587 1532 2552 2181 81 2283 1827 313 2716 2250 1741 1563 2370 175 1896 2119 28 505 1339 238 523 2674 2689 972 2191 734 847 2527 696 2534 2557 2099 705 671 2177 1376 1704 354 330 2193 1708 2052 1111 1680 2742 1117 602 2764 2144 2322 1314 2681 68 2228 2592 120 1543 1164 1109 1332 503 2199 92 633 1746 1873 532 772 699 2610 261 2237 740 2715 771 1297 326 890 1852 711 131 1011 968 2028 1956 159 1974 872 553 2306 1831 2698 1955
000645.jpg,485 589 1175 1306 1951 614 658 727 2072 1137 1207 1361 714 1451 898 1558 1087 1559 2409 1166 2054 2000 1928 1334 1798 962 1197 1333 1213 2113 2022 1389 2178 2066 1115 2323 63 304 1106 1786 1230 1257 1971 395 1019 2787 93 1561 2644 1685 1590 895 2546 572 803 2656 293 954 251 374 2149 1228 1298 1427 529 646 1801 545 2540 364 2040 1900 2542 215 2277 182 1693 581 76 634 1785 853 2381 1513 436 341 676 989 2504 737 1683 149 2242 1394 1346 1597 101 789 1483 1091
000646.jpg,2669 2025 192 61 1787 654 225 2396 207 1781 49 2794 2280 408 2070 245 525 239 2091 2173 1282 139 2164 383 296 838 209 2311 356 1141 1356 1248 1506 1780 1435 625 1505 679 2232 2137 822 252 2470 1127 1481 346 52 418 1598 858 1140 1216 2806 1568 1124 2531 1037 2053 216 1168 1299 268 455 1022 2821 452 1829 295 1262 113 2236 1024 1918 653 2687 2279 1475 2142 2244 786 780 2765 131 806 1924 1503 936 1662 464 1275 1875 1465 1789 2467 484 1293 290 2465 2505 430
000647.jpg,2210 2520 13 640 1272 1038 2671 2421 1754 323 1949 1041 2839 1337 2083 2335 729 1910 2570 1329 2795 1189 1764 2578 865 2798 2047 933 536 377 1952 2808 56 370 571 2640 828 121 2032 1266 1268 1429 432 988 36 2539 1431 1399 193 2828 1049 1793 2221 1070 1065 2108 672 680 2031 2038 2387 2629 733 1588 1132 2120 2090 569 964 698 2602 2117 1562 901 1374 2786 500 866 1668 2668 979 340 2227 476 176 2568 955 2428 2451 2415 2333 358 2384 1249 597 332 1033 1686 2380 1418
000648.jpg,629 2359 1462 2677 986 1757 882 2150 1255 281 123 1371 275 396 84 1184 2572 2494 1198 2627 1084 1280 941 423 2623 1205 1263 1113 907 1525 327 1659 2030 2303 117 372 1866 474 1641 1144 1219 40 594 1365 946 1687 2263 1183 851 543 481 205 214 1960 2245 2115 909 2141 128 1139 1750 1032 750 1245 924 1501 1987 1423 351 1603 2348 1979 915 2387 334 104 2475 2203 1591 413 785 1922 2483 2719 1541 1954 482 1250 1502 224 2823 1817 2132 1406 1400 2791 2152 944 938 2502
000649.jpg,2045 2755 2023 1584 258 747 770 1320 2545 2034 1796 1948 1096 64 1029 1569 1416 2352 463 2289 1417 860 1895 715 562 1788 51 100 439 2631 2721 48 1586 1640 161 1701 305 2837 2272 1710 1993 2130 1051 2650 433 497 1617 2556 2836 1319 2482 1407 1328 712 1552 1489 440 992 2735 2767 1636 1381 611 1362 1261 155 201 169 1218 1045 197 2815 1782 2011 2564 947 2628 2649 194 1870 2707 1496 1544 2454 2713 2050 1649 1316 550 2724 1897 26 1422 2439 2241 2753 817 622 1369 134
000650.jpg,1207 2072 1197 1137 1346 714 2129 614 485 589 1558 1306 1175 898 1951 1087 1361 658 291 727 1334 1535 676 832 1451 2409 2016 1928 1166 853 1559 1798 2323 1298 2054 2000 1801 962 2644 1631 1590 895 2542 803 1561 374 1106 2277 1333 93 251 395 76 1427 1394 1786 1230 44 2787 540 1206 1257 1075 737 954 529 581 2540 2656 1483 2483 1263 1195 1971 2495 1322 2387 1447 2149 2245 2003 905 2224 1900 1869 215 2381 1685 1267 2022 378 545 624 2463 2504 63 2410 1597 713 2242
000651.jpg,1742 243 1554 1396 1370 813 1105 355 2696 2257 1331 1673 1614 337 921 2064 1384 2458 966 2660 1495 487 2600 1290 1705 1681 942 2259 2085 908 360 2782 1017 2282 660 54 2596 542 710 1518 1739 1237 1893 1853 2664 446 2543 1000 2369 631 50 662 1567 2049 607 1604 1981 1695 1909 1613 2803 1031 1002 1301 791 530 2140 1287 1058 1565 2796 975 2392 1508 1978 151 984 451 7 2262 1271 2793 1119 2405 394 871 320 852 2093 1946 2336 1519 513 1879 2147 2416 416 254 2593 144
000652.jpg,941 2152 2502 84 1605 2348 1139 2841 214 1602 1953 1866 909 2706 2567 1171 2115 244 2109 1365 1371 744 2141 1616 2751 22 1696 1214 106 924 1032 2060 189 96 1280 1927 2572 1525 1084 609 2623 957 1987 1661 815 2263 2554 419 1632 183 894 1184 1113 2404 2677 1738 1477 594 2203 1199 621 2768 420 117 851 1397 1960 785 629 510 2179 481 1487 509 40 454 171 2153 2303 1198 2030 2448 2494 1766 2457 1263 2197 270 148 1889 2705 1570 1659 2620 1750 959 2162 2401 2521 300
000653.jpg,1479 1387 2318 1682 2420 1911 1200 796 144 2691 630 2355 320 2362 850 2593 852 1718 2218 1436 2642 2156 1504 2446 2512 222 599 2537 666 1267 1676 2147 1321 2645 946 2071 2132 1098 836 629 1380 2262 1519 1933 1817 1305 897 1263 2096 2677 2636 1621 99 1750 2432 72 1790 632 1709 1371 907 1285 2452 306 136 915 1641 164 1697 488 724 1548 2245 1219 2655 595 2514 281 396 935 2587 2443 1002 2009 1250 1052 1659 755 156 1406 298 2627 69 1717 1006 1384 2342 1501 208 355
000654.jpg,2267 2380 1236 2423 1553 1430 743 2668 1888 1562 302 176 199 289 427 2568 1256 1398 554 2786 1890 868 21 340 1699 292 893 78 361 2217 332 2227 417 2108 2451 681 2029 2415 1686 62 2384 2743 429 901 1033 878 1521 698 571 2421 2539 597 1429 1065 323 555 1399 1431 2578 886 1754 2629 1393 1492 1038 2221 1793 2032 1418 36 839 2038 142 964 933 2078 1041 500 2798 1070 569 1053 121 828 733 2428 955 377 432 536 1266 802 56 2828 193 2031 2671 979 2090 2333
000655.jpg,167 20 454 1995 115 38 2222 2726 2268 2823 1697 1744 2573 2162 2030 1456 2167 2791 459 1205 1284 1502 1911 298 1661 2303 1082 1188 205 122 1570 980 189 117 411 1285 620 396 2179 1308 2623 922 1659 2060 1032 1184 1884 309 586 2203 181 23 372 2118 851 1198 2554 2807 2627 1260 2263 2313 275 96 1525 829 1960 1380 419 1280 2153 1865 1797 443 1200 1610 1979 759 592 732 327 2245 636 2101 744 2128 1425 448 2197 1171 1858 40 1153 2494 1090 1006 2216 37 1015 661
000656.jpg,249 2509 1810 627 2583 67 1001 2121 2350 1012 202 1406 1075 1944 899 1212 165 137 447 725 2135 2825 2741 2294 2736 2728 2766 2057 116 204 1055 1606 494 2435 692 2207 2558 442 2292 2719 2842 1874 2291 2041 1126 2258 1130 1841 1825 2319 1088 97 362 2683 1223 1547 2305 574 1067 1463 2248 2511 1439 2708 1935 2143 686 2382 1728 1757 2580 1986 1195 2295 2224 1940 338 24 1931 404 135 2051 1899 2639 246 657 1076 634 730 1609 2413 1557 2251 677 637 426 1928 1448 2813 1383
000657.jpg,196 353 98 776 2474 585 1643 1625 869 701 1963 2081 2067 1819 1864 2462 233 2256 2334 2361 910 1042 2103 276 2353 781 1402 1600 381 809 1344 1188 1227 476 820 1221 2027 2261 2012 285 546 871 1541 661 2194 732 1153 2643 829 1882 2048 759 1797 1697 411 922 1761 1909 620 1916 956 446 1702 1105 372 669 2001 813 1603 1791 582 2168 2582 2425 42 2346 2793 475 1260 807 662 2278 2349 7 1108 2476 1583 1396 1858 1768 1456 181 2810 468 2696 1977 2331 2336 1554 1808
000658.jpg,2786 2227 979 340 176 571 332 1065 1256 1393 2743 1033 2029 2668 1686 554 1562 1418 597 417 886 1890 868 1888 289 555 2384 21 2108 2451 429 62 199 1398 427 2217 681 432 2415 2333 1793 1553 1431 36 142 361 1588 1268 1430 1492 802 1132 901 536 878 1053 893 988 733 2568 302 2117 1699 866 121 2078 193 292 2090 78 1266 743 680 2423 1952 569 2808 2798 2267 1399 2380 964 2221 2335 1429 1038 500 2578 2640 1329 2539 1070 2839 729 323 2038 2031 2120 1886 2671
000659.jpg,2769 2454 1870 348 26 2538 925 2649 480 1369 179 2714 550 712 2130 2050 1417 1788 1422 1045 518 860 735 1617 445 440 2840 1489 2289 1701 2011 1710 1172 463 433 1552 197 161 1328 2650 562 2375 1029 645 305 1983 2088 2241 1895 2676 2574 64 1993 2352 259 2544 260 439 2721 635 1640 1569 1624 1146 2724 524 134 51 826 2419 2044 1092 977 48 168 1796 1486 2148 155 2652 1190 970 2826 2707 2564 1054 611 1948 2082 715 556 563 194 1453 2309 169 2069 489 1649 900
000660.jpg,1159 403 2455 837 1815 1009 2063 264 2484 352 1122 1589 2138 2399 1520 428 2727 667 2371 2731 1 1814 2092 2833 1025 2255 1939 1982 2486 2776 2648 1735 17 307 2811 961 1291 299 2576 2189 2710 1509 2635 846 1571 2100 1270 2403 1925 2797 891 577 1238 888 267 511 2385 1619 2431 573 2412 262 1615 1338 127 741 90 1622 2139 223 1258 1349 1572 814 349 2338 969 2269 2844 641 317 2607 2094 1539 147 1698 234 2633 1366 1816 1630 2175 1863 1803 2246 1607 226 1618 385 1373
000661.jpg,570 1792 1930 2125 294 1575 1861 2229 210 1034 2456 2461 746 1665 1724 2174 1276 793 1580 57 2004 2418 1234 280 1859 2327 704 689 1664 1392 1358 1375 1072 756 77 1758 2694 421 2330 2186 493 859 228 797 1457 857 663 2838 2662 366 2590 158 2332 801 2548 1887 2039 798 1193 656 1350 2374 1043 1877 2581 2155 2672 2739 1196 884 1776 2206 885 438 2321 1716 1551 2659 1030 1576 263 2187 2356 1279 185 82 2431 242 706 934 1229 2198 1086 287 1292 2468 385 1191 976 1377
000662.jpg,2185 795 2517 143 1129 1440 386 1411 2529 2584 718 1684 2298 1694 2460 557 2363 2619 2524 958 879 1242 2801 2271 273 1514 2104 1215 810 2616 1366 1445 30 787 1619 71 1360 969 697 1863 638 1939 2844 1816 1925 1112 1480 2139 2246 1446 2633 1660 1294 1630 551 2385 1982 1270 2431 2833 2607 1629 385 1258 1509 665 2468 352 342 1059 1025 1988 1571 2710 2481 2444 888 667 2541 641 651 1373 1539 2226 741 1837 237 1295 2175 991 2727 299 1803 814 1807 1524 1264 2138 2576 2455
000663.jpg,1779 2145 1385 406 1992 773 2102 742 2763 519 1871 1707 1007 1894 1969 1645 1442 1138 1511 1800 2613 1526 1731 2516 1325 186 535 1527 257 2377 937 605 709 2609 392 1516 730 1040 1309 338 365 253 301 336 1455 1020 2219 2830 2560 1424 2680 435 678 821 811 870 1581 1966 2341 1110 544 1466 288 1850 610 2095 1311 94 1498 855 1068 1783 1131 248 1794 112 881 434 2417 1419 648 2492 410 1094 2243 1379 1243 774 1142 1968 2549 673 800 593 2151 2087 1634 2299 2364 2251
000664.jpg,783 1093 949 2737 617 1343 2111 1856 2441 940 2827 1004 596 95 2112 1914 2785 983 407 2242 310 1999 2745 2190 2202 1561 1683 540 1103 2542 341 1898 1743 695 88 766 1091 132 1476 328 2238 1176 2114 777 1996 2547 1535 581 2759 1693 1230 2644 824 737 198 2129 1434 2504 1801 576 2422 989 529 1116 2016 2040 364 832 75 2413 1773 2323 1224 1713 1161 63 291 1334 60 230 395 1087 1513 1685 572 1749 1714 2277 1298 789 1631 2022 1333 905 101 2523 2317 926 962 1672
000665.jpg,1753 1125 2777 2772 70 2077 2478 2510 2561 431 1759 2757 1839 1035 315 18 1842 1834 1557 951 1390 2015 1252 2161 2622 2 2663 1165 601 2302 2818 767 191 277 2315 1938 1443 2702 889 1747 2686 2685 1980 1075 1833 522 990 1810 297 2323 1235 2667 853 2509 688 249 634 2644 2583 202 1012 103 67 529 2624 962 502 2496 1989 1114 1406 2532 1207 2471 1511 1798 395 1801 1334 1413 714 1928 1323 1767 1908 2276 2601 126 2430 2143 426 1845 1869 284 369 1333 898 702 461 1137
000666.jpg,2045 2755 258 1584 2023 770 1029 747 860 463 1362 1701 1417 2735 1993 992 1617 1788 1096 1897 2721 2076 2011 497 1948 1552 906 1586 155 712 715 562 1320 1796 1208 259 439 1416 64 2034 1627 2046 2753 1569 100 622 1190 2724 1319 2631 1489 51 2289 305 547 1045 134 1307 817 2544 85 900 1328 1624 2241 197 2419 1710 606 2840 1381 2454 2836 1422 1895 675 611 319 2837 1051 1486 2676 2707 1658 440 2628 433 2564 2482 1388 2538 2084 556 161 1544 674 1261 2130 2650 1414
000667.jpg,213 2024 426 1597 2143 2408 2430 1689 634 24 757 558 1804 2638 135 853 2295 754 1728 1719 707 2413 184 2354 2533 783 473 520 1231 1849 1448 29 2014 2472 1394 1533 1296 2566 2124 2366 1945 1326 2725 1265 1631 967 1478 1383 424 375 80 1801 1889 2277 1061 1269 19 1312 2404 1904 119 498 2464 2508 1766 540 293 1093 2320 232 2751 1931 2351 388 1898 1035 1149 761 752 2615 1529 529 425 609 163 1839 1722 2249 1733 2169 1984 997 1469 2507 957 1019 2756 1426 1602 898
000668.jpg,2224 1804 967 76 1719 293 739 2296 853 1149 2320 2533 792 338 1346 2387 1075 730 2583 754 1197 1728 29 123 1558 249 1394 1928 1886 2540 986 714 1012 882 2150 2668 1597 1427 2787 2409 2295 1406 1001 2221 1236 1266 1431 2539 2430 36 1243 646 2151 1757 1212 1166 1555 67 634 1952 1670 1334 2719 2323 2054 2671 1466 1256 2472 2350 2495 1798 1944 1801 91 1207 2509 898 1361 372 2072 426 2808 1900 545 2038 1110 2380 395 1810 2235 729 2031 589 2683 2267 2786 1379 291 1707
000669.jpg,2541 913 1572 1349 1 234 2399 2727 2834 2158 1520 352 2215 511 1615 969 1540 223 1618 1684 1630 2246 2298 892 2226 349 46 1025 2635 2340 307 2710 1539 1360 2175 1514 127 2783 1571 1215 2339 17 697 2517 2709 2466 573 2444 2524 551 961 342 958 2801 2385 267 2185 1059 143 2844 1291 1294 414 2619 1238 154 2063 837 1619 1446 1258 891 879 2104 71 41 718 859 1652 1698 1366 2749 2529 1159 1264 2633 273 1242 1863 2731 1009 2473 1270 912 1509 641 797 2460 2456 1095
000670.jpg,372 807 820 1541 1603 1865 750 285 1221 334 1153 1761 1260 546 2313 1858 1697 2194 1227 1456 6 629 1284 922 2261 1188 1285 759 2387 582 829 411 468 1015 122 1723 298 1570 1286 2677 1884 37 1560 2425 2823 661 1082 650 956 980 454 476 396 1844 1916 2268 973 2167 167 586 669 1308 1995 1891 2643 2666 1387 1032 1882 620 1797 1763 448 2118 1537 20 1090 475 1610 2216 2346 1987 732 38 1462 2554 1502 443 191 281 115 2571 1911 506 459 42 2476 2627 2726 2222
000671.jpg,1083 1702 181 620 2643 759 732 582 6 1260 1797 546 285 1221 807 2313 1858 2807 468 2278 636 1318 1536 1882 1697 661 2476 2425 1153 2261 1188 2194 922 2168 1227 2816 476 829 2171 2043 1865 1763 2263 1761 2678 1090 411 1891 2810 1723 42 956 2153 1032 669 894 1603 586 1380 396 1525 189 2167 2048 2627 2111 1456 2623 2554 419 820 2060 1560 1726 2666 443 2522 40 1856 1541 905 1082 45 37 96 2823 650 2688 1768 1284 1364 1916 1251 1960 229 2761 2831 2514 2489 1064
000672.jpg,2798 2629 1429 2539 729 377 2428 2578 828 2120 2031 1070 1668 2221 2602 2520 1337 933 1374 2038 672 2640 2210 2828 964 13 640 1038 1754 2671 2421 1399 1272 865 1949 358 1041 2808 2083 1249 1952 323 1329 1910 1266 2335 2047 1764 2570 1049 2839 979 2786 698 1255 2451 1189 176 955 370 932 536 2032 2227 1033 2387 56 986 1762 121 340 1393 2423 2384 1431 2668 123 1525 289 988 2718 743 36 193 569 1132 1757 21 1562 2795 1686 554 2263 874 78 1588 2317 2734 2678 2743
000673.jpg,2669 2025 192 61 1787 654 2396 225 207 1781 49 2794 2280 408 2070 245 525 239 2091 2173 1282 139 2164 383 296 838 209 356 2311 1141 1248 1356 1506 1780 1435 625 1505 679 2232 2137 822 252 1127 1598 2470 1481 52 418 858 1568 346 113 2531 455 1216 2806 268 1022 216 1262 1124 1037 1140 295 653 452 2053 1168 1299 2821 2142 1829 131 2236 2244 1024 780 290 1875 1918 1475 1503 786 806 241 331 1275 2765 430 1274 2467 1843 495 1929 2690 2279 1924 1293 464 402
000674.jpg,1879 394 2093 1518 1906 2357 1604 1301 2049 1017 631 530 1058 2140 451 607 446 1290 1981 2282 1237 1567 2392 2596 2796 1909 1119 1002 2543 2660 1978 1384 2064 908 2262 2085 1613 2458 1621 1676 1495 984 942 1331 662 1673 966 1614 2696 2257 337 1105 921 1705 2600 355 487 852 1742 243 1894 1681 1396 1554 320 186 1239 897 1145 1370 1455 813 1516 1200 1645 2609 519 151 678 1271 1546 1566 2369 2747 2664 1367 1000 301 2559 742 2005 1739 528 997 2657 72 2618 1800 1479 2488
000675.jpg,1993 1663 1328 1617 947 1444 1045 712 1782 2836 1679 1489 2241 2130 2707 169 1623 2837 2011 1369 2050 1422 1054 2767 1710 860 2454 51 2840 1381 900 445 197 1417 1649 1658 735 2649 440 1701 179 1552 1486 1437 1796 2289 1544 155 1218 645 463 1640 1870 2439 26 480 2714 1569 348 1029 260 550 925 2769 305 134 1948 1096 1416 259 433 562 2826 1208 635 221 1261 1307 559 563 817 2650 2721 2419 2628 100 1624 1788 943 64 715 1405 2832 2652 1934 2082 188 2088 2790 1926
000676.jpg,807 372 1260 820 1603 1541 750 334 1761 1153 1858 1227 285 829 1865 1221 546 2261 6 759 582 476 2313 2194 2387 1188 468 411 669 661 1697 956 2643 1696 454 1702 2726 1284 620 609 1456 1084 1083 1882 1139 2677 922 2168 298 2162 2115 1744 1015 2060 375 1061 732 5 1797 1171 650 1032 163 629 40 2666 189 2567 20 1987 1844 2303 1723 167 744 122 244 1891 2751 1637 1515 2457 1560 2823 1616 1326 1570 2171 2404 1766 1199 980 1556 1610 2245 2014 2425 425 181 1214
000677.jpg,2769 26 348 1870 2454 925 2649 480 1369 2538 179 2714 712 550 2050 2130 1417 735 1788 1045 1422 860 440 1489 518 1710 1701 1617 2241 2840 197 2289 1328 433 445 51 305 463 2375 1993 2011 562 161 2837 1172 155 2650 169 1782 1663 1029 2836 260 1569 1640 1840 259 2721 1624 1552 1656 64 2817 1796 1444 645 1895 947 2826 1934 817 2439 2528 769 1644 970 1544 2088 900 1752 524 2544 1146 489 48 1649 1486 715 1092 168 2707 2652 2200 221 943 100 439 611 556 1381
000678.jpg,1752 1545 1146 312 2832 2389 987 221 1624 1102 2790 1934 1405 635 4 2411 2501 59 85 1656 1407 2528 943 556 1644 2817 2082 626 1926 817 2300 188 1386 2270 547 826 2044 611 1202 1737 1319 1422 2069 2367 1617 440 950 2840 712 2837 283 613 445 1552 550 169 2241 2836 2419 735 463 1316 2011 1045 1636 1983 2148 2050 1092 1782 977 1328 2826 2424 259 266 2574 947 518 2544 2652 900 2133 1468 1796 1190 155 2477 1649 2397 2631 2312 1029 2556 1878 1444 1486 260 2289 1172
000679.jpg,2425 42 2476 1108 1474 1671 2313 1560 745 2831 8 229 2197 1844 959 468 506 1286 2705 325 1797 1703 2216 565 2706 1858 1288 785 1032 236 637 2608 1363 2182 2535 171 1251 2449 882 1364 2401 521 2194 1153 2760 2657 2823 2261 986 476 2079 255 2089 2571 2150 829 661 309 123 2278 300 1227 621 1013 285 894 1090 45 1603 189 1336 971 1761 1283 1188 1536 2060 820 1064 2712 2526 419 669 1927 1318 619 1757 1221 2160 2617 1541 2056 183 1217 644 96 1697 750 762 2109
000680.jpg,1993 1663 1328 947 1617 1444 712 1045 2836 1782 2707 1679 2011 2241 2130 2767 169 1623 1422 445 2837 1054 2840 2050 1381 1552 1710 1649 1489 900 2454 1369 197 51 1658 860 440 2289 645 735 1486 179 1417 155 1218 2649 463 1437 2714 1796 1701 260 1569 1029 259 1544 1948 1640 433 480 2769 562 550 2439 305 1307 1208 635 2826 563 1261 1416 2650 134 1096 2088 1870 348 2721 26 925 559 1405 2133 2652 2544 2419 715 1788 2352 221 1190 2076 1253 2082 943 2538 194 439 64
000681.jpg,2516 1526 1325 1511 1442 2843 1969 1779 2145 1385 406 1871 2102 730 1946 1992 338 1707 773 1466 1794 1243 2151 2299 2730 1005 1379 2763 2364 2290 2788 336 1311 855 544 1783 1131 2746 112 1498 1068 749 1670 678 1020 1966 593 2377 2560 1142 1094 774 2243 1968 1581 673 2417 881 1850 870 1138 1527 1913 2006 1007 1455 365 2492 253 2005 605 2549 1309 2519 1174 1040 435 2251 186 2830 821 1110 742 800 568 2341 1424 610 2680 410 1731 2196 1634 1936 2087 434 1165 709 2219 2613
000682.jpg,751 2437 1057 1836 1914 393 1678 2785 1672 1244 1732 88 1476 1073 1120 1749 824 2745 2275 1147 2202 603 2317 2518 2136 132 1178 830 2190 863 1450 1990 1353 1620 1646 44 1116 1483 2547 1176 1106 1714 339 1713 371 2752 581 2020 1971 2129 1559 2000 1856 1224 1869 695 1394 1389 2249 1300 1091 774 321 1690 545 1195 1685 2546 1019 954 374 576 1850 2243 2492 2579 2653 761 1913 2700 2495 683 2180 1308 2417 16 359 2802 145 1786 2630 1115 63 2680 1174 777 2005 855 2441 1467
000683.jpg,70 1753 1125 2777 2772 2510 2077 2478 431 2561 1759 2757 1839 1035 315 18 1842 1557 1390 2622 1834 1165 2302 951 2663 2 601 2015 1252 2818 191 767 2315 1938 1443 2686 2161 1747 277 889 1833 2702 2685 522 1980 2323 1075 2667 2532 1810 634 2583 853 249 2509 2644 990 1334 67 426 962 2143 297 1406 1012 2624 529 2430 1798 1928 1845 202 1801 395 1235 1511 24 1869 1597 688 1001 1989 29 103 126 211 1114 702 2496 2242 2350 2277 1166 1207 898 2296 714 1969 1767 2121
000684.jpg,1721 2809 1876 1473 12 1439 1406 637 249 1810 2051 1012 1075 2657 394 368 1390 2509 1725 202 627 2057 790 2499 2291 2719 1817 136 1839 67 1931 2622 1001 2583 2089 444 1906 944 2683 2435 692 1035 1501 1881 2589 1879 255 1223 482 657 1557 2598 574 2121 494 2183 128 1874 1582 2350 447 2599 2526 2438 994 1433 1548 531 2319 1088 1165 2704 2292 915 2708 1711 2829 1886 2308 882 1902 521 2220 2712 123 2302 1757 2617 1197 608 2436 1250 854 682 677 2766 1833 2686 1219 1479
000685.jpg,2045 2755 2023 1584 258 747 770 1320 2545 1796 2034 1948 1096 1416 64 2352 1569 715 2721 439 1895 2272 48 100 51 562 2289 1051 161 2556 1029 2631 1417 1640 463 860 1586 305 1788 2837 497 2836 1993 1617 1636 155 1316 2130 1496 2815 194 2650 1319 1552 440 2628 433 1261 2713 1649 2767 1701 1381 1407 1218 611 1710 169 201 1782 712 1544 2735 1328 2439 947 1860 1045 2482 2050 1489 2652 2241 2454 1422 2538 2564 817 2367 2649 1965 1658 518 2707 319 173 735 550 197 1870
000686.jpg,2394 416 105 1778 11 883 1946 2331 301 1419 664 908 2110 1002 243 1271 434 144 490 632 1309 2452 2560 2458 937 7 1040 673 1495 2196 2697 392 605 94 2549 544 2830 151 2417 749 1170 1527 1968 678 2005 1966 984 1133 1573 593 1455 365 2377 1138 516 717 2718 435 2793 1247 1978 519 1347 1105 2361 1731 821 855 2290 1581 2102 318 1020 1077 1331 1498 874 1005 662 2219 1325 355 2600 248 1424 1311 1614 2730 2519 1142 1152 1442 871 568 337 966 1396 808 1673 2264
000687.jpg,1334 1137 2072 1207 614 1306 1175 485 1951 803 374 589 714 1197 1361 1798 727 658 962 251 1558 2323 2381 1451 898 1087 395 2644 1230 1427 1900 1559 364 215 2540 2040 436 572 737 529 101 989 1561 2504 581 2409 2542 1166 1801 2000 1883 341 1928 2277 2579 1106 2054 1257 1786 1300 2759 1971 789 2238 766 2787 853 2114 76 1683 93 1590 895 545 1298 1357 2242 1213 1394 2656 1333 2149 646 328 2113 2066 1685 1389 676 63 1091 2546 2178 2022 954 1115 304 1693 1228 2495
000688.jpg,2458 966 1495 2085 2600 1705 942 2543 487 1384 1681 337 1290 2596 2660 908 921 1742 1331 1673 1614 1017 2696 2262 2257 1518 2392 2064 852 2282 243 1370 1554 631 1396 1002 355 1978 813 1105 1119 2664 984 1739 54 360 1853 1000 542 2259 1237 1695 710 660 2369 1893 446 50 1981 1567 607 320 2782 1676 791 1604 1031 2140 1508 2803 1301 1565 451 1287 1058 1519 394 2049 530 1036 2147 151 2796 662 1718 1152 2420 1271 2559 392 1909 1479 2318 186 2593 2618 2357 568 7 512
000689.jpg,2185 795 2517 1129 1440 143 386 1411 2584 2529 1694 718 1684 2298 2271 2460 2363 2619 2801 557 958 810 2524 71 1514 1445 273 2616 2104 1215 879 1242 1360 697 1619 1939 30 787 1366 1258 1294 1480 638 2385 2139 1863 1112 2844 1446 1925 2246 2468 1816 969 2431 342 2833 888 551 385 1295 1982 1629 1630 1059 991 2595 1807 665 1539 1524 1660 1373 641 1270 2633 2776 1509 147 2576 2607 2710 667 2444 1025 2771 741 814 1988 2738 262 2731 2481 1571 651 2175 2749 1803 2797 685
000690.jpg,1477 744 2109 2404 609 1766 1889 2464 2725 957 2751 1171 1696 909 509 1953 2567 2706 2448 1661 22 1139 1602 2115 214 1214 244 1866 2457 1616 2348 2162 1515 2726 844 5 1744 592 43 2841 941 971 1426 84 1199 1365 454 2688 167 2188 1108 20 2502 466 375 1757 106 785 115 2572 1995 669 2152 2124 1605 498 2128 956 1761 1255 2014 2150 40 123 1927 2222 1487 1326 2408 986 1541 1153 820 1283 1802 1596 882 473 1227 1603 1882 2498 448 2354 1084 1987 815 829 476 2169
000691.jpg,1723 820 1541 1603 372 1916 750 475 2346 2666 1891 334 650 807 2816 285 546 2043 2810 2171 1221 1153 629 582 956 1761 1697 922 1865 1188 2677 6 1882 2194 1260 1462 2387 1285 1227 1570 37 298 1763 2261 411 973 661 829 759 2313 1456 1090 1858 1082 586 1605 1263 1284 281 980 1083 1884 2643 2359 1308 620 732 2502 594 1015 275 468 1139 1702 1537 2514 1750 882 2494 117 1995 1979 2483 2245 1073 1219 443 396 2152 2118 98 1144 1380 2167 84 2518 946 2667 1502 1797
000692.jpg,1721 1876 2809 1473 12 447 994 2728 1931 1055 864 2719 2207 2766 2291 526 2294 608 1056 2057 494 2526 2683 508 790 1839 1725 692 2435 574 274 725 657 1892 249 431 1439 2438 1035 1944 1406 1012 2708 2220 627 2622 677 2292 2589 1881 1677 944 2825 271 2736 368 2089 2319 1899 1942 1165 1408 1817 2302 67 2499 1810 1557 204 1902 137 202 1433 2051 1185 2561 482 1874 128 1223 2315 2323 2741 2183 1197 2037 1390 1075 1825 531 18 2625 2583 1771 394 444 1868 2510 939 1212
000693.jpg,234 1572 913 1 1349 1520 2727 2399 2541 352 1618 511 307 2215 2834 1540 1615 2158 223 969 1630 2635 2246 892 1025 2339 2340 1684 46 2466 1514 2298 1571 349 17 1360 1215 958 2710 573 267 2226 1291 1539 2801 1238 2175 2619 2517 891 2709 697 127 1059 2473 342 1698 961 1446 2529 143 551 2253 837 2444 1009 1129 71 1294 1270 1258 2223 2063 537 2372 195 787 1509 638 665 810 2524 2844 1409 1445 30 2271 1242 2338 2185 685 641 2455 1803 795 741 1815 2783 718 1159
000694.jpg,2018 2146 2284 764 2008 719 2551 1289 247 1403 2582 1204 1121 1577 1128 2487 1157 153 212 604 2485 58 190 1997 1534 914 1915 1493 549 723 1351 35 874 1751 343 1247 862 539 2204 1359 2718 2110 303 2793 206 2585 1347 2824 615 632 7 450 2603 1271 2209 151 664 490 2792 2361 1772 2165 812 998 975 516 825 1854 875 2453 2336 2711 1970 513 1963 528 2416 1210 869 1209 2067 2658 1246 1566 25 1791 988 2304 2559 765 871 567 808 1633 118 14 121 233 1136 382
000695.jpg,1697 2167 372 38 1911 285 2677 2268 1221 1570 629 922 2502 2823 1537 2726 650 298 690 167 2841 1922 459 1380 1188 2706 1184 546 1661 724 1882 2666 1285 1605 1153 1884 980 1456 1603 1744 1267 2216 40 84 1082 37 829 1232 20 281 1394 1502 2032 2162 448 411 6 396 941 2152 2387 1541 2593 820 1995 882 2179 1139 796 1219 1090 2572 334 454 1113 1272 122 2048 2494 924 1916 2218 586 1308 117 2567 1504 2691 2571 594 2118 1171 750 661 13 2222 1283 2514 1750 1371
000696.jpg,645 2011 445 1029 2840 1552 1328 2707 463 1649 2289 1679 1623 197 1054 1253 1444 1663 947 2836 134 1782 2767 1617 2735 2241 433 169 1045 2837 440 1658 155 51 2375 2088 712 1381 1422 1993 2130 2650 1544 319 2631 260 2439 2050 259 563 439 2419 735 965 1486 550 900 1640 562 64 305 1948 1569 1636 161 1096 1860 2133 2076 2826 1840 559 518 1218 2652 1796 2352 2628 201 2815 1895 48 1983 2272 1307 659 1208 1878 2454 769 2082 715 2721 826 2287 173 179 1965 1416 168
000697.jpg,84 2152 941 2502 2706 183 1605 171 621 2503 2141 2056 45 959 1064 2522 2401 2760 2182 2612 1139 1364 2608 1251 236 398 2841 1458 2348 909 214 2705 565 244 2197 1953 2831 2572 1616 1866 2115 1602 1696 785 2116 2386 2263 815 1726 506 1199 106 1371 1960 300 2678 1171 2160 1987 1365 1032 2591 844 189 509 270 744 1525 1113 2751 2457 1214 1844 22 1280 2448 2567 40 2079 2761 1286 1560 2425 1768 1570 229 2230 2623 1283 2060 957 1927 1315 2048 971 1013 96 1907 2188 2498
000698.jpg,1948 2352 2272 1496 194 1051 1096 1416 2556 1218 64 1261 1569 439 48 2628 2815 100 1860 2721 1640 1316 715 1965 562 1796 51 305 1636 2433 2713 2034 155 2650 201 2545 1584 1658 2309 2836 1544 2241 1381 2376 1453 2439 1782 169 1649 2767 1490 2837 1840 2631 1054 1901 2289 1617 440 747 1444 2707 1586 1328 645 1663 947 2050 712 497 1623 1045 1422 2840 445 563 1552 231 2130 1679 518 735 1993 260 1148 659 2088 161 2652 550 2826 1253 319 168 2755 2023 1878 2649 2553 197
000699.jpg,1545 2389 59 1752 2367 950 1799 1146 626 4 1202 547 440 1552 1386 611 1737 2270 1319 2082 556 134 2241 826 2289 2840 2148 155 2837 1993 312 1029 2375 987 735 85 1649 2439 1840 463 1316 259 1544 613 169 1636 2088 2424 2076 518 1624 1407 1468 2556 188 2069 260 1148 977 1878 563 2652 1617 900 2312 1584 550 2836 860 1486 1045 2050 2419 1895 817 2631 1934 445 2735 2832 1656 635 2650 2826 1422 965 1926 433 906 1444 947 2477 2133 197 1796 1788 904 978 305 645
000700.jpg,725 2294 1944 1055 2728 2207 165 2558 1825 447 1056 2766 2741 2825 2435 2135 204 899 494 2057 1212 2842 2291 692 137 1606 2292 1874 1130 2736 1899 116 1463 1547 1223 2319 2511 442 1940 1126 97 574 1935 2580 1986 2719 647 657 686 246 2708 1134 1841 2248 2813 2041 2258 2683 1937 2068 2305 1067 722 362 2639 2438 2665 2382 146 1185 1777 677 1076 1452 2286 79 682 140 2569 790 1439 2506 1892 1868 1035 1931 1464 1473 2121 804 2809 627 1592 249 1639 1721 2393 1962 329 491
000701.jpg,254 3 1642 2405 2490 2170 1958 66 1246 2536 1985 825 1574 2336 765 14 929 779 282 652 1136 2157 2434 2426 873 1745 1600 2209 2012 2001 1121 1577 233 1247 2391 2324 1997 874 2593 2256 2204 1347 2493 1535 1157 1915 212 1406 549 604 1346 723 1384 832 2147 1751 862 58 1670 293 1519 632 2247 539 764 2551 792 291 1152 450 487 318 2165 1869 76 1075 1633 2559 1290 921 2596 568 404 2824 490 1195 2264 1528 2458 1534 1012 1609 821 914 2064 2140 35 1493 2299 1036
000702.jpg,123 1255 986 1757 2150 882 932 1365 1049 955 698 2387 839 1521 2380 1236 1541 372 1477 2493 909 785 334 2012 1600 624 1406 2267 750 905 1603 895 1346 724 1958 1590 2410 93 1479 1267 1263 1380 820 21 289 743 1001 1200 1041 2514 1322 2775 174 1219 1207 2475 796 1153 568 474 2151 868 427 1256 2072 2350 2593 1012 249 1548 2423 979 2449 2318 714 1697 2463 1888 1558 1833 1226 2047 2324 1911 1492 488 2378 946 2227 1430 340 893 1415 291 2245 2668 302 490 2451 1750
000703.jpg,1752 1545 1146 312 2832 2389 987 635 1405 221 85 4 1102 556 59 1624 2790 1934 1407 2411 626 943 2501 2082 1656 547 1386 2270 2817 2528 188 1644 826 2300 2044 1926 611 817 1422 1319 1737 440 1202 2069 2367 1617 2840 2011 1552 445 712 613 2241 950 550 2837 169 518 1636 2836 463 1092 735 2050 2424 1316 283 1983 1782 1045 2631 977 2133 2419 947 1649 2289 2826 1328 2148 259 1029 155 900 2544 2574 2538 1190 1993 1444 2088 2556 2397 2375 2652 2454 260 480 1878 1468
000704.jpg,1960 2502 40 2152 2263 1605 1198 2678 117 851 84 6 941 2303 2386 1726 2494 1184 2572 592 1659 1371 2203 1525 327 1083 2623 1205 1979 582 546 1221 1139 1502 1702 298 2841 1113 106 1882 1768 1570 1723 285 620 732 2620 2761 2048 1199 1696 1084 1687 1632 636 2115 148 2116 1891 844 2643 45 181 1280 1400 1032 1397 420 1922 189 1064 1987 2807 1214 1171 2056 2573 1616 2522 594 96 2153 2162 2179 2278 2571 244 1515 2768 2554 2726 1364 1927 815 894 2030 759 690 1080 1251
000705.jpg,1993 1663 1489 947 1045 712 2836 1617 1710 1444 1782 1417 1328 197 860 2050 1369 2241 1701 2130 169 2011 2837 2649 179 2454 2840 1422 735 1870 2289 925 26 440 1679 463 445 2707 1649 1381 2767 900 433 817 2817 221 348 550 2790 1624 1054 51 1658 1623 1656 2375 2832 1544 1644 489 2528 1437 480 1407 1102 1788 1934 1029 943 1552 1926 2397 645 1486 2411 2439 1796 635 2714 155 2300 1405 2769 305 312 260 2826 1983 1640 970 1092 1208 1218 2082 556 1569 563 2628 2424 2538
000706.jpg,1163 2679 2122 177 2829 1903 1085 816 477 1628 141 453 2055 401 2163 2274 760 2452 1808 1023 461 1976 1688 1872 380 981 437 1155 73 1233 1599 99 164 399 174 72 823 595 2074 612 460 2722 2098 2775 1510 2587 156 1047 2009 172 1404 2636 1415 2747 1784 1100 208 2469 694 1145 1717 2655 731 2577 1089 1160 2126 1504 1241 2355 222 2218 1436 2446 599 2691 850 1479 1682 1321 2362 755 144 897 1098 1817 2645 1263 2512 1305 2156 2750 935 2593 2642 2432 136 2071 2318 1219
000707.jpg,757 1728 754 135 558 2295 1533 2756 2413 213 1689 2024 184 426 2143 24 1448 1597 2430 2472 634 1478 2638 1312 119 1984 2615 1265 1296 2408 1383 1231 2533 80 2320 1149 218 1804 853 1719 29 2021 707 967 1945 520 739 232 293 2354 2673 19 1849 286 540 2172 91 2566 2508 2235 529 792 752 2277 1269 1898 2366 1093 424 1722 1801 1035 498 473 1839 2725 388 1766 1733 1529 898 376 1867 2323 714 2014 1469 1326 1061 2124 2169 2260 1087 2464 2390 1889 2644 957 609 499
000708.jpg,1624 2528 817 2817 1644 2411 1926 1656 2790 2300 1934 1102 221 943 1407 2832 635 1405 312 2501 85 2044 987 188 1319 611 556 2082 2270 1386 547 1796 100 1569 1617 2034 64 2721 562 715 1328 1640 712 860 305 48 2011 1417 439 1489 2836 900 2545 51 1993 1096 2840 1552 1422 155 1045 1545 1437 445 1782 1710 1658 1381 1146 2714 1948 1788 1369 2241 2454 1701 2389 1029 1752 463 1983 2352 2826 826 2574 1202 2088 1486 197 2309 259 1679 2837 4 2419 2289 1190 1737 1623 1584
000709.jpg,2236 1756 1317 1647 1475 805 2402 1755 2061 1395 721 1972 1921 799 2053 1831 1655 1303 1967 927 1635 314 390 653 1715 363 806 1050 484 2693 1918 1124 1568 1706 2429 2059 1662 464 1789 999 2301 1275 786 1037 534 936 1929 1297 412 2505 2465 2244 471 1022 561 268 1378 2407 2687 1024 108 2765 1274 1008 402 1018 295 780 782 1787 1438 1293 1465 2531 1216 1097 2806 1730 467 1143 455 1140 726 1472 159 580 2794 2632 1118 1127 326 2698 1026 31 2232 346 1273 504 89 753
000710.jpg,18 1842 2663 2 601 951 1834 2818 1252 1759 2757 2015 315 1557 1390 2622 1753 1125 2777 70 2510 2077 2772 431 1165 2478 2302 2561 191 1035 1839 1443 1938 767 1747 2315 889 1833 277 2686 2702 2685 1980 2161 2532 522 2667 1075 2323 1989 1767 211 2496 1810 1114 369 2296 2509 249 1511 465 202 634 1533 1406 1969 931 792 1012 2430 1460 2624 853 529 1928 126 962 1334 2746 702 1845 1195 395 2583 2143 1548 2251 2644 990 2276 2671 269 2299 1869 250 67 578 1801 461 29
000711.jpg,2045 2755 258 2023 1584 770 747 1029 463 906 860 1552 2076 2735 992 1362 1627 1096 1208 2419 2724 1417 1319 2564 622 1416 497 2753 1897 2721 1320 1586 1993 1796 1948 1190 1701 2046 1617 2011 2652 606 2631 74 562 674 611 259 1307 1569 1788 2084 2676 319 2034 2544 675 2800 2646 712 134 2837 900 64 2289 715 100 197 2670 1895 2840 1428 1486 51 85 305 2287 1381 2732 2626 178 155 433 1983 439 1046 1624 2344 2707 188 2836 2307 1489 1051 1388 1848 1328 201 2397 2358
000712.jpg,2809 1721 12 1473 1876 140 1868 2598 1886 2657 657 67 627 2580 2685 637 2583 255 217 2506 1027 2436 1452 1185 1035 1931 1165 368 790 692 2089 2589 508 1406 482 2708 1725 1330 686 1998 1439 2665 1548 1839 2308 1067 79 2427 1892 2683 1777 677 1408 1810 271 2617 2475 944 2251 2561 722 191 442 2057 2499 494 531 2719 915 619 249 1817 1869 994 1263 1223 2712 1390 1874 444 2302 2829 2625 359 2292 136 1075 1012 1088 1501 1219 2037 2526 2122 2779 1962 394 2445 1250 2315
000713.jpg,1453 1496 2433 1490 2556 2721 1569 64 715 100 2272 48 2713 562 1796 439 1860 2376 2034 2545 2309 305 1640 1901 1316 2650 201 51 155 1965 1948 1636 2815 2352 1096 563 194 2088 260 2289 2826 168 784 486 2631 1584 1416 2337 1148 440 1878 2538 1051 1218 747 2050 518 712 645 231 550 259 2241 1617 1381 2652 2130 2649 445 1658 1422 1840 2836 2007 2840 2358 2628 1428 134 433 1782 1328 900 2553 161 2454 1045 1552 1993 2439 659 1046 319 2732 559 169 622 1848 950 1586
000714.jpg,84 2152 2502 941 1605 1960 1198 40 117 2494 1184 2263 2303 2572 1659 1139 1371 2841 1205 327 2678 851 1726 6 1979 2203 1525 1113 2348 2623 2706 1687 1400 2620 1502 298 214 106 1922 1570 2573 1032 1084 592 1221 1280 2115 1882 1987 1696 148 1199 1397 546 1537 1632 420 2179 690 244 1171 2386 1083 582 1866 1616 275 189 2571 1602 909 2030 2109 594 1738 1927 2060 1891 285 2768 1603 815 2554 2791 481 2677 96 1661 2567 300 2831 621 894 2761 22 419 1080 2162 1768 510
000715.jpg,2792 567 118 1791 2065 1354 919 952 1769 808 887 998 2778 1531 1470 748 1583 930 819 982 1667 1585 1854 2711 2575 2491 382 778 2328 1851 928 2793 975 2379 923 875 2304 1179 1657 7 2729 1210 517 2416 1977 1970 2349 311 945 25 1578 1063 2559 2682 841 151 639 1579 579 2618 2252 2647 1209 1651 1271 513 114 9 2225 528 515 1770 1920 2723 763 2459 2658 1154 566 492 1211 2488 1368 227 916 2026 1367 2042 2097 1239 1742 2310 512 1528 816 177 901 2122 2274 72
000716.jpg,2024 213 426 2143 24 1597 2430 1689 634 2638 2408 707 1804 1719 135 558 2295 2533 754 2413 2320 2354 1728 1149 29 184 1849 1448 853 967 757 1478 2756 2615 1265 119 1533 1296 286 2673 2472 1269 293 80 2172 2021 1383 1984 1231 19 1312 424 520 2566 1529 1945 1867 1722 218 91 232 792 739 2390 2235 1733 2014 2113 2296 2178 529 1326 1228 2124 388 498 898 473 1766 540 304 375 1019 609 2508 2725 425 2366 1785 1061 1558 714 1035 2404 2066 1213 2277 1889 1333 2054
000717.jpg,2794 2311 1781 1356 2164 1248 2091 239 525 1435 625 679 2232 113 1598 1505 654 2280 1018 782 2632 216 245 49 2137 822 383 2173 1282 209 252 139 408 858 27 1048 1568 2070 356 838 1472 296 1297 1506 2062 1692 1168 1612 1299 643 2402 2053 1715 1187 2017 2406 1026 455 1216 1141 1647 2611 1127 1967 2669 2465 2505 390 138 1021 653 1787 1829 1780 2396 1635 2236 1972 1011 1503 1124 721 1648 1097 1293 655 464 1706 1143 2025 1262 2531 1831 1875 1961 1037 1755 580 2698 131
000718.jpg,2725 609 2464 2404 1766 1889 509 2457 844 244 1696 2115 1616 1515 957 5 2448 744 1477 2706 1426 2128 592 214 1602 1953 1139 2348 2751 1171 1214 22 1199 2109 1866 498 909 1326 2567 375 1661 425 466 2124 2014 40 163 1061 473 1556 1904 2572 1744 84 941 2366 388 2354 1637 2502 2182 1365 1605 43 565 2726 2152 2056 2188 2351 2162 2566 1802 1269 2760 171 106 1032 621 815 707 520 1364 189 1849 2408 2841 2150 2425 1064 1987 2591 229 1113 971 1596 2507 807 1603 1768
000719.jpg,1115 2546 1389 2113 2178 304 2066 1213 1019 1951 1175 1306 545 485 63 2022 614 251 737 215 727 1900 658 436 2040 101 2381 2504 589 1394 364 989 1361 1333 803 1137 2072 1427 581 341 1559 374 1785 2238 1883 1451 766 2540 1106 1798 1228 962 1257 2759 1300 2000 1786 1230 1971 328 1207 789 2114 1685 572 2242 2579 1334 2644 395 2787 2054 2323 1683 646 1801 1091 898 2542 1898 714 1561 1558 1087 1353 954 407 76 2277 149 529 926 1166 1357 2409 483 1996 2495 1928 777
000720.jpg,2263 1525 2678 2623 2386 1726 1371 2572 2116 1960 1198 1280 40 1083 1084 1802 592 1632 2522 1768 2048 1880 96 851 732 2761 2554 45 762 2153 636 894 1251 2720 419 2807 181 2141 620 2056 1702 106 1364 2498 1536 644 2562 1199 2188 1596 1927 1064 387 300 861 1032 1013 1318 481 1205 189 1856 183 2278 2688 844 957 1336 2831 2442 1365 2571 1797 2760 971 2160 2441 1283 2079 2261 1987 1659 2401 1696 2448 1108 1315 2060 2182 2591 1139 270 6 2030 2111 2612 949 1004 2476 2457
000721.jpg,2269 1814 264 1122 2833 2092 2371 2484 2063 299 2576 837 2139 2455 428 1009 2844 2776 1589 1549 1982 667 2797 1815 1159 403 1925 2731 2189 1994 1735 1698 2223 2100 2338 1622 2486 741 642 1571 846 352 1409 1421 2253 2385 888 195 1338 1619 349 1539 2412 1366 262 2717 600 1615 17 891 317 2635 1373 2158 2473 2738 2273 1071 1824 551 166 2403 1 2215 1295 641 1095 1349 223 961 2811 1129 2771 234 1509 2226 1863 2584 2175 1618 573 1238 1291 267 1025 1862 1807 1201 405 2185
000722.jpg,196 353 98 776 2474 585 1643 1625 1963 869 701 233 1819 2081 2462 1864 2334 2256 2067 2361 910 781 1042 276 1402 2103 1344 2353 809 1600 2001 381 2012 2264 69 871 528 372 512 2027 975 1667 513 2141 1585 2391 875 1209 820 25 2379 2132 2349 1204 2026 819 1077 151 982 1697 923 952 1105 1565 796 2559 1851 1384 2416 2793 566 2582 1769 2225 2336 2778 7 1170 2618 492 1031 2304 303 919 450 247 1396 2101 2723 813 1354 1210 1696 392 1271 2803 1508 343 1541 2369
000723.jpg,2185 1411 2584 795 1694 1129 2616 1684 1440 2298 2529 143 386 1360 718 1112 2517 2801 1630 1446 665 1445 1294 958 1258 2481 787 2246 1270 30 2271 638 1514 1939 2139 810 2833 1215 2460 969 71 2844 1366 2619 879 557 2731 1571 2363 299 1814 2468 273 2092 264 2727 2455 1589 2484 1009 2215 2541 837 697 1242 1816 1619 1982 2100 1278 1122 1925 2710 2063 2444 1549 2403 2524 2576 414 267 46 741 2385 667 1238 1698 1025 1480 1291 2371 1776 2189 1863 2776 352 2399 1338 1 642
000724.jpg,561 799 1755 805 2402 721 2693 1972 653 1647 1395 1303 412 1317 314 2061 1756 1921 1050 806 2236 2531 1568 1475 290 1024 534 2285 1011 1503 1274 1918 1273 2698 53 2765 2059 89 1216 1831 2429 780 131 1655 1297 2244 452 1875 2565 858 390 1612 786 1967 1039 1378 1465 2017 1662 999 268 484 1127 1715 241 1843 2316 2715 1635 33 326 927 389 1022 467 1472 580 159 1220 1026 2398 31 2505 2465 464 1109 2053 1293 753 1275 252 1048 1787 138 1140 2611 1097 2632 495 113
000725.jpg,536 121 2090 1132 988 569 1588 193 1268 1431 680 2333 36 1793 2117 901 332 1065 2668 340 500 1418 2029 571 2786 733 1686 1256 1393 2217 2227 1562 1033 597 2743 2108 866 199 2384 886 417 176 21 429 979 2451 427 1553 432 555 1430 2267 802 289 1890 1910 1499 878 142 2380 1329 2415 62 2568 1492 1398 1053 1266 554 302 2640 729 1952 1699 1049 2798 1038 2078 681 1888 2808 698 1249 2083 865 361 964 2038 2795 1949 893 1236 2335 2839 2423 868 2421 1879 933 1399
000726.jpg,285 6 1221 546 582 1603 820 1891 1541 1702 750 1723 1083 2643 759 334 1260 1882 2816 1570 1605 1697 298 973 620 1916 807 1537 2346 2313 475 1858 2502 732 2666 181 2152 650 468 922 1285 1188 37 1015 1456 594 1153 956 2043 690 1797 1397 1884 980 372 2171 1139 40 2179 420 1502 1284 2118 2677 1763 2810 84 1082 148 941 1610 2768 2494 2303 411 1380 117 1761 1979 2194 629 2387 2706 1308 1080 586 2261 122 448 1738 443 2841 1488 1090 1227 1184 661 829 1960 1659
000727.jpg,924 1703 1288 1363 2216 1487 2841 1471 2502 2152 1605 953 1139 214 333 2567 2348 1953 1171 22 2706 856 621 1602 1214 309 335 2751 1217 941 2230 171 1866 2109 84 149 2591 909 1019 2401 1891 2705 2831 2160 1113 1032 1251 189 183 300 1364 1760 594 1726 997 1671 2572 2612 2768 419 2678 2507 2022 2079 2816 2263 45 1315 1696 420 106 1927 2203 834 1632 1727 443 1502 2197 1365 182 744 96 1723 1013 2623 1336 1184 986 2060 954 1685 2182 8 2179 1333 304 506 236 1616
000728.jpg,1710 1701 1489 1417 860 1788 1993 197 900 2836 1328 2011 712 1437 1870 1617 1045 2289 2241 348 2130 433 1782 2649 817 1624 2050 1679 2375 179 169 1649 2528 1444 489 2817 2837 947 1644 463 1369 1656 2767 2790 925 2454 2840 26 2515 1208 1623 440 1381 2397 1422 2084 1486 1407 2707 1545 1054 1926 606 1663 2826 2367 2411 550 2424 1307 221 1658 2300 1029 445 645 735 1983 1796 2769 1544 1319 1934 2832 2439 134 2088 2076 1552 1627 51 260 2082 1190 480 2714 1584 611 1102 2034
000729.jpg,419 894 2554 2153 96 1927 1632 106 189 1032 2060 815 2571 1171 1987 2109 1214 22 2567 481 2751 1013 300 1336 744 2831 2079 2401 2705 2197 2313 1703 2160 1363 1661 2425 1251 2612 1364 1108 1283 762 2141 2216 1315 2261 1288 468 309 1286 506 971 2841 333 1365 2162 1139 1844 785 2726 1727 856 2555 1749 1858 2194 84 2058 1880 1153 661 1726 1227 1907 2278 941 1953 1797 1188 2048 42 861 171 95 565 2502 1995 957 922 621 924 1199 214 2152 620 732 1671 759 1605 1536
000730.jpg,374 803 251 2381 1900 2040 364 215 436 737 101 1427 2540 989 2504 581 341 2579 1883 1334 2542 2759 2238 2114 766 789 2242 962 328 1300 1230 2644 1798 2323 395 572 1683 1561 1971 1786 1257 1106 1559 529 1361 1801 407 1451 1357 2277 1091 76 2000 1207 1197 898 2656 1137 39 1087 2787 483 714 1558 485 1353 1898 1175 1166 1180 926 751 1951 2495 1693 614 2072 2149 1818 1996 2288 1306 240 1213 545 2409 564 1590 1928 777 1389 93 1115 589 465 2281 895 1176 2546 2699
000731.jpg,2510 431 70 1839 1753 1125 2777 2772 1035 2077 2561 2478 1759 2757 315 18 1390 1557 1842 1834 951 1165 2622 2818 2302 2015 1252 2 2663 1938 767 601 1443 191 277 2686 889 1747 1833 2315 2702 1075 2685 2496 1980 2323 2161 269 990 2644 522 395 529 1801 1548 202 465 2532 1406 1810 297 1511 2667 1353 2242 1235 1767 2624 461 211 2277 962 2547 374 2296 2276 688 2299 1427 1333 502 1334 2509 2249 1969 1107 954 1989 1137 1176 249 1976 103 2251 1310 1845 1442 1114 1197 634
000732.jpg,1453 2433 1496 64 1569 1490 439 2721 48 100 2272 715 2713 2556 1796 2034 562 1640 2545 1860 305 2376 2309 51 155 2650 1316 201 1901 1948 1965 2352 1096 2815 1636 1416 194 1218 2631 2289 1051 1584 2241 563 440 712 168 1658 260 2088 1381 518 1422 1617 550 1840 231 2050 2826 2538 2130 2836 2628 2454 2649 1261 1148 1045 2439 1878 645 1328 1782 1993 747 1544 947 1369 1444 735 169 161 1649 1586 1623 2652 2767 2837 486 480 2553 445 965 497 179 1054 784 2337 319 2769
000733.jpg,1096 1416 1948 2272 2815 1362 2352 1860 1965 64 439 1569 1636 1316 48 1496 2721 100 201 715 1897 1796 2034 1218 2241 562 1586 712 497 1658 1381 155 1051 194 1490 2650 51 1617 2309 2556 305 1552 1584 2433 2289 563 1640 1261 1319 2376 2545 2088 2732 2836 2046 319 2628 260 445 2713 1993 1328 2553 2419 2076 900 747 168 1453 645 659 611 1045 258 1148 1422 2631 992 486 134 674 1486 1782 906 2826 1307 2755 231 947 1901 1046 2840 1029 2011 2652 2337 547 559 1878 784
000734.jpg,1563 238 28 2552 849 2250 2479 2181 2819 2365 505 2716 152 2500 523 458 587 1532 2283 81 175 313 1827 972 2370 2191 2119 2689 1896 2527 705 1741 2534 2557 734 2193 2052 847 1339 503 1376 1680 602 671 2674 2177 696 633 2099 2592 1704 1111 2322 711 1332 1335 772 2228 330 1708 1912 2764 1117 2681 740 354 1932 1831 2806 92 1655 927 125 268 2687 1281 1314 120 532 2144 1923 464 788 726 1730 1789 1024 261 1037 456 2062 131 1706 1692 1475 1746 324 2059 1813 1097
000735.jpg,2252 2682 1179 1583 1651 1977 2491 916 1578 227 998 2328 841 2042 1063 945 1920 2647 1579 639 517 2723 2379 982 2310 1770 2225 1368 2349 1211 1851 9 763 887 114 1239 2097 928 1367 919 1769 1791 1657 512 875 2729 2416 2026 952 118 2792 579 1210 819 311 1585 1566 1154 930 515 1531 975 7 923 25 566 2459 528 1667 1209 2778 1470 2793 2488 1354 748 2462 567 2803 2304 513 791 813 1031 2575 2559 2065 1331 151 2660 1396 492 1271 1909 2658 1673 1528 1854 1879 1970
000736.jpg,2034 2545 1796 100 1569 48 715 64 2721 439 1640 562 305 2433 2713 51 155 2650 2309 1860 2376 1584 201 1453 1490 1901 1496 2556 2272 1096 1617 1948 1316 2241 2631 1658 1993 1381 712 2826 2352 563 1416 260 2023 2439 1051 1782 2045 1544 1636 2836 194 1045 2755 2628 2815 168 1422 550 169 1218 659 1878 1965 817 2088 1328 1369 860 1261 992 1417 2649 947 2454 559 2289 1444 2837 1552 26 134 2419 1407 1926 1148 900 1486 221 1663 1624 497 518 2046 2050 2130 1840 1362 2528
000737.jpg,897 1933 2071 1790 2156 1321 1709 2645 2096 836 1098 2432 2750 2201 935 1638 1621 1044 1736 2342 2450 2446 1052 1436 222 1504 2355 1806 755 2218 2642 850 666 1865 599 2512 1305 2691 2452 2362 2537 396 2420 2627 2823 2593 612 630 2098 1145 477 595 1188 1023 1047 141 2060 1550 1425 2313 1032 1906 2567 460 2318 1200 2587 1858 189 144 2747 461 1245 1510 1153 2679 1892 2829 908 96 1085 320 829 1308 2317 2163 834 2296 1676 2122 2449 2074 2261 177 2571 823 1227 2032 468 2636
000738.jpg,2171 2043 650 2810 2666 2816 1891 1188 1697 922 1763 411 1916 1456 475 2346 37 1723 1090 586 1153 1082 1308 1284 443 1006 807 122 2167 1865 759 2643 285 6 1260 546 1702 2268 1603 334 582 1221 468 750 2313 1858 1083 1541 820 1882 1761 620 459 1227 732 372 829 181 1380 1605 980 1797 661 724 2841 956 1884 2194 2261 1570 2449 38 1537 973 1027 298 2118 2179 1250 2502 1502 2535 938 2514 1015 1285 1139 1610 2623 594 476 2677 2823 2216 1474 148 1995 2168 1558 167
000739.jpg,499 1785 1228 545 1333 63 1019 2022 1213 2113 2178 304 1631 2066 1389 2546 1394 1685 1115 465 1137 374 1087 954 898 803 1558 2277 1801 2072 1298 149 182 1207 251 1334 614 2759 2579 2542 529 2381 2040 2323 2504 714 101 1427 364 485 2644 1561 1257 1883 1166 1928 1898 395 2540 1306 2242 1300 1175 1971 341 581 2238 737 1230 1559 1900 1951 824 1451 617 989 1091 1361 1786 76 215 1590 789 1176 1798 853 695 1106 962 436 766 2000 132 1683 93 2114 328 2547 2016 589
000740.jpg,1870 2769 26 2454 1417 348 1788 2538 860 2649 1369 925 1489 1701 480 2714 179 1710 712 550 2050 2130 735 1045 1617 2289 161 1422 440 433 2650 197 2241 1993 769 1895 1328 2011 1029 518 2375 2840 463 562 2837 1796 305 445 1569 947 1663 169 51 2836 1649 2721 715 1782 1658 1640 2556 1444 100 2707 1381 64 1552 155 48 1644 1624 173 1584 645 1407 439 2528 2817 1544 2439 2045 2790 2767 1218 817 260 1496 489 1679 2755 943 1051 635 2545 2034 221 201 2411 1627 2352
000741.jpg,2044 2501 1934 85 2411 1656 312 2832 635 987 2528 1405 1102 1644 1624 2817 188 943 2790 221 611 2300 1319 817 1407 556 547 1926 1386 2082 1422 1092 1983 2574 259 2270 1190 1617 826 1552 2840 2837 2544 712 1428 2397 550 2652 445 1029 2676 463 2724 2670 74 1796 2424 2007 977 2011 2344 2419 2800 2836 2289 1414 2538 1788 1848 1993 2088 2631 219 1046 2069 1782 2358 2307 518 1208 562 169 2241 4 283 1381 2084 305 440 1158 613 622 1636 2133 2148 2515 606 155 260 1045
000742.jpg,2754 575 1691 2383 2019 1523 1482 2080 441 2695 373 2550 1507 845 1016 2395 584 107 1177 2414 2604 1669 1104 2641 55 2176 728 397 1147 2518 1450 1678 1194 1120 830 1244 393 603 1620 2136 2630 863 2733 1517 1646 2780 1183 1805 357 462 1382 2106 2275 2347 1732 2684 2586 775 1259 2525 2297 2447 2651 1832 1372 2805 917 279 1626 1014 2368 2637 2804 2166 1410 2033 1611 469 1169 339 794 902 187 2360 32 102 2240 818 2563 1919 2752 834 2192 2247 2159 1809 1943 2234 87 1690
000743.jpg,1159 837 2455 2063 1009 403 1815 264 2484 1122 1814 2092 1589 2833 2371 352 2731 2399 1520 2576 428 299 2139 2844 667 1 2727 2189 2776 1982 234 1572 2269 1735 2797 913 1291 267 1238 307 1925 17 1025 741 2215 2100 2385 2255 1571 891 1615 2486 2412 2403 2541 2158 1549 1366 1349 317 1619 223 262 2431 888 846 2635 1622 2834 1338 1509 2811 1698 573 551 1539 349 2223 1816 2633 2607 2175 2138 2338 969 600 2710 814 90 2717 1862 1540 1373 1618 385 1994 641 1660 2253 342
000744.jpg,957 1889 752 2725 2464 1802 509 2404 2457 609 1515 5 1766 844 1880 2448 1696 2115 744 2278 2476 1032 2128 592 2807 1768 669 1797 1616 1726 1536 1426 1280 244 189 42 1596 1084 2060 636 448 2168 2048 476 498 1525 1199 2720 2678 2572 106 1927 2706 454 620 1318 40 1659 1560 2188 466 1632 229 2562 1556 2261 894 1637 2554 419 468 829 181 163 2751 1064 2627 2182 1364 2014 1858 2425 2688 2153 732 2263 1188 1960 2522 2571 971 2351 1227 2608 661 2498 375 2823 2726 300
000745.jpg,2769 1870 26 2454 348 2538 2649 925 1369 480 179 2714 1417 1788 712 860 550 1489 1701 1710 2050 2130 735 1045 1422 440 518 1617 2289 433 197 2840 161 2650 2375 463 445 2011 1993 1029 2241 1328 562 769 1895 305 51 1796 2837 1640 1569 1552 2721 1663 155 64 1624 2836 169 260 645 100 1934 817 1782 1172 1649 715 2556 48 259 2528 439 1486 489 2826 2544 2817 134 1644 188 1407 1584 611 635 556 947 2707 1656 2088 2501 1948 2044 1444 2411 1096 312 221 1319 173
000746.jpg,2000 1451 1361 2054 1559 646 1786 1106 1257 727 1971 2787 614 589 1951 658 1306 485 1175 1483 2072 1207 44 1137 1447 376 76 789 2656 1357 293 16 832 483 1300 2149 1353 291 1672 803 1469 240 1091 1749 1900 215 2409 251 1798 1230 436 1693 1334 2381 374 2495 1346 1427 2040 751 1019 1178 989 581 1180 1389 2437 1558 1535 714 2540 737 954 2579 1593 2504 926 1087 63 1801 2785 364 564 1166 2644 230 824 1333 395 132 1115 341 2190 39 1213 1914 1561 572 1197 962
000747.jpg,2656 2149 1693 1786 1971 1257 1106 751 1559 310 1451 1593 2000 2827 832 2787 1743 1361 983 1357 2441 2190 954 2016 95 2437 132 76 149 596 1685 1672 1176 1836 1535 695 182 1856 1773 2129 2700 1333 1760 293 2202 1343 1019 824 1513 1346 39 1795 2745 63 2288 1914 1161 614 803 215 2111 2542 1091 581 2112 2785 2737 436 737 1900 2040 989 1712 1434 1207 2495 1180 2022 1990 926 940 485 1137 2653 251 1869 291 564 1004 1818 364 2114 1483 1798 1116 2547 2054 1230 576 374
000748.jpg,1394 545 1801 304 2178 2113 1213 2277 2066 1389 1087 1558 2546 529 1019 63 1228 898 395 1207 2644 2022 1137 2072 1333 1115 1631 714 1785 1798 1230 614 572 853 2249 2323 962 727 658 1361 1298 589 1166 1685 2579 2409 761 1928 374 1451 1334 1951 1175 2381 1306 2040 1300 2504 954 824 485 1559 2547 251 1900 101 1106 789 2000 581 1257 783 1353 2238 341 803 1091 989 2759 483 1197 1561 149 2242 737 2114 364 1786 1683 182 436 576 1427 215 1971 766 132 2054 2555 1898
000749.jpg,924 1487 1471 2216 1363 1703 1288 2841 953 761 2249 2317 2823 2567 1090 443 1308 834 1027 1865 1082 586 1250 2573 333 1006 309 1188 2452 752 1605 205 2502 724 856 167 2245 419 96 1697 2043 37 938 1757 2623 2547 63 1217 1763 2555 1044 1727 488 1394 2554 986 905 1019 2167 1371 411 1881 922 2589 1456 1389 474 1263 629 1300 894 2810 122 2114 1184 2779 1641 2277 2449 123 624 2483 1685 545 1322 214 1200 2220 1931 946 2829 1483 149 1139 2514 1032 1333 2086 1801 1502
000750.jpg,2502 2152 941 84 1605 2348 1139 2841 214 1953 1602 1866 2706 909 1171 2751 22 2567 1214 2109 744 1365 244 924 106 957 1616 2115 1927 1696 1032 2404 1632 2572 189 2141 1661 609 1889 2060 96 1371 815 1199 509 1987 454 1738 2457 894 420 419 2464 1280 2623 1477 1960 621 2554 851 844 2203 2768 1766 2263 510 171 40 2153 1525 2162 594 183 1084 2197 1113 1397 2401 1488 2726 2725 592 1659 2612 1184 2448 300 1726 785 2678 2521 148 1283 1364 2571 2705 2677 1471 2303 167
000751.jpg,2236 799 1755 2402 805 1647 1475 1756 721 1303 1317 1972 1395 2061 1568 1921 653 1655 1831 314 1050 806 1274 1967 1024 2693 390 2531 1635 927 1503 2053 999 2059 561 1715 412 1918 268 464 2765 1273 2698 534 1378 1706 89 1297 484 131 2465 2505 1789 1662 1127 2232 1216 1011 1472 2429 1022 1140 726 1275 1829 1039 1875 1118 159 2244 2137 580 1293 27 1018 1282 1037 780 936 1097 1143 356 326 113 2715 31 1124 822 53 782 2632 2794 241 252 363 33 1008 1465 786 2091
000752.jpg,285 1221 6 546 582 2643 1702 759 1603 1260 820 1541 1083 750 334 620 1882 1891 807 956 1723 181 732 1570 298 1697 1285 2313 1797 973 1537 1858 475 2816 2666 1916 372 468 650 922 1605 1153 2346 1456 1188 980 2152 2118 1884 2502 37 1015 2387 2677 1380 629 1284 2043 117 1761 690 594 2179 40 2171 1502 1184 411 2303 1082 1080 1763 2810 2194 448 1979 2494 1610 1397 1922 829 2268 281 2425 586 84 1308 1227 122 1090 420 1960 661 2261 148 1865 327 2791 1659 396
000753.jpg,2077 2478 2772 2777 1753 1125 70 2561 2161 1759 2757 2510 1834 2015 951 1252 18 2818 1842 431 2663 315 2 601 1557 1165 2302 1390 2622 1035 191 1839 767 277 2685 2315 634 1747 29 2430 1443 2686 889 1938 522 2533 293 2143 2702 2667 24 1511 1869 1075 1969 1810 249 426 1833 2509 2172 1980 707 2323 2296 2320 1597 646 1886 688 286 529 2024 853 1989 2408 2583 67 417 792 2787 1804 1114 1012 1235 359 1149 2624 2054 1689 866 1442 91 733 2673 555 2746 1033 2653 213
000754.jpg,767 277 1938 1833 1443 889 2686 1747 2496 1753 2777 1125 2478 2510 2772 2077 70 2532 951 1759 431 211 2702 2757 1834 315 2315 2302 2561 2818 1165 1980 2 1460 2015 1557 1252 1390 369 2663 1989 18 191 2622 1842 1035 1839 2685 990 601 500 2624 297 980 1884 2323 2245 461 36 1413 1418 1845 103 1333 1793 1065 571 126 167 1952 1047 733 997 684 2098 1080 2022 688 988 1263 1235 1767 1023 2216 2514 2249 1423 2620 1431 20 63 903 2829 193 1323 1502 1511 1548 2276 72
000755.jpg,196 353 98 776 2474 585 1643 1625 869 701 1963 2081 2067 1819 233 1864 2462 2256 2334 910 2361 2103 1042 2353 276 781 809 1402 1600 1344 1188 381 1227 820 476 1221 2012 2027 1702 871 2001 546 661 732 2261 1419 1791 1697 1909 582 620 1541 2194 285 975 2643 2048 982 1565 1105 411 1153 813 2252 669 2793 2349 829 1977 807 1583 2278 1031 446 759 1260 2168 2331 1865 1667 7 1797 1761 2582 1083 710 922 1179 2225 1603 247 2682 1696 875 2803 372 2416 181 25 1204
000756.jpg,105 2394 1778 416 11 883 1946 2110 664 301 2331 1419 243 1002 1271 2560 337 2697 1309 7 908 673 151 2600 749 2711 1152 2830 1331 2458 2793 1020 1581 632 2417 2196 1040 94 2087 2005 318 1968 1742 1036 1966 1614 487 1006 593 2452 1673 1495 1705 1854 435 678 2290 984 2519 2730 1370 2696 855 1247 1200 1105 513 1311 1119 1573 1325 1681 1442 874 1396 1554 821 490 1068 1142 568 1978 975 1005 1170 774 800 355 1138 1527 605 2243 365 544 2559 2377 1794 1077 1209 392
000757.jpg,1908 702 1107 1830 931 1114 1767 848 768 284 903 2388 65 1310 1254 835 1340 1512 2667 2471 522 1608 2601 250 502 2624 1845 1821 1720 990 1235 126 578 684 688 297 103 1323 2276 1413 1975 2314 1391 1186 767 2323 2302 1075 1165 1197 277 973 315 962 1035 1390 395 1406 1839 1113 191 2620 2622 1144 2315 249 676 2644 1570 2495 1810 2561 1012 1263 2509 1557 1065 2571 1334 1922 986 1798 581 67 2299 1620 1538 1184 2245 1938 332 1759 2699 1285 783 2251 1166 1801 2224 2685
000758.jpg,269 1548 2685 2315 1980 2702 531 1073 277 1035 2302 1833 1165 1593 191 2296 2483 1747 44 1406 2518 1075 1194 1443 1865 2 889 1732 368 2318 767 1200 683 2510 2561 1263 83 2499 1839 1938 111 1750 2176 2180 1557 2437 1499 1979 2663 431 1943 576 1300 2641 733 2249 568 465 1012 1810 1884 167 1147 1725 1502 500 1390 824 55 1195 993 1285 1620 1869 1284 202 249 980 946 1483 2547 2495 397 834 444 728 488 2275 1990 2686 315 2494 291 2314 951 2563 1919 1447 1120 1197
000759.jpg,1697 1188 546 582 1221 1153 285 6 807 759 2643 922 2043 2816 1882 2810 1260 650 2171 1702 411 468 1858 2666 1083 1456 620 2313 181 732 1891 1865 1797 1541 956 820 1763 1603 372 1761 1380 829 2167 1284 661 2261 2476 2194 334 2168 1227 669 750 37 476 1723 1560 2425 229 448 1090 2268 122 459 38 2387 2677 636 1916 2278 2807 2823 586 2514 1515 1536 5 2627 2346 1911 1082 1570 396 980 443 281 1015 882 1768 475 1318 1696 1139 1884 1995 971 123 986 1308 2048
000760.jpg,2044 2501 85 2411 1656 1934 312 2528 2832 987 1644 635 1405 1102 1624 2817 188 2790 221 943 611 1319 2300 556 1407 817 259 1926 547 1428 1422 2241 1617 2082 1796 1386 2007 550 2419 1636 2652 712 1552 1848 1983 1381 2545 659 1045 440 900 305 1046 2439 1782 1158 2837 562 2133 2270 2826 2088 155 1092 826 260 2358 1208 2836 1640 1878 51 1569 201 2574 2544 1414 169 2046 1993 563 439 1840 1658 1544 559 992 518 219 64 2069 2337 463 2397 74 2670 1029 2840 134 2034
000761.jpg,2071 1933 1790 2156 1321 2645 897 1098 1709 2432 2096 1504 836 935 1436 2750 2355 222 850 2218 2201 2691 1638 2512 2342 1052 2362 755 1305 2450 1736 1806 2593 1621 2567 477 2163 1911 453 2452 460 2446 1044 2642 1757 144 612 595 1510 177 823 72 164 1661 981 2587 2722 1085 2679 401 396 2122 2829 2751 2636 1160 2150 141 1047 2537 461 84 816 208 1903 2109 882 1214 599 2098 1145 1628 1171 1023 1163 1717 2775 2747 785 2420 99 909 172 1255 2074 399 156 731 666 2655
000762.jpg,2054 2000 1361 1451 646 1559 727 658 589 614 1951 1786 1106 1483 1971 1257 44 1175 485 2787 1306 1447 376 1137 483 2072 16 1353 1749 1300 789 1207 240 1469 1672 2579 2437 293 1178 291 251 2656 1357 803 824 581 374 215 1836 1900 1230 2555 1801 1091 76 2381 2784 2040 1019 1180 576 1427 2504 1513 954 1798 436 2149 832 2644 1394 2409 1727 1389 2540 132 2547 1346 1535 1161 1883 63 1593 737 2785 1990 2190 1693 395 545 1558 1176 1087 564 1334 1115 751 766 2495 926
000763.jpg,2666 650 1891 2810 475 2043 1916 2346 2171 1723 2816 1153 922 1188 1697 807 820 1541 37 411 1603 750 285 1763 372 334 1456 546 1865 1221 1882 582 1082 6 1308 586 1570 2841 1090 1284 956 1537 468 1605 443 629 298 980 924 2179 759 2167 1884 1761 1502 1006 2643 1462 594 732 973 1260 2494 1285 1227 1250 2677 2502 2313 122 1858 2216 2261 1139 2245 2387 938 1702 1397 620 2483 1184 2194 375 1979 1263 829 1015 148 167 661 1083 275 1817 1080 1881 2712 2118 2535 136
000764.jpg,2619 1939 30 638 1294 787 810 2271 665 2481 1445 1258 71 1446 2517 1270 2529 718 958 386 1112 1440 2616 1360 1630 1129 143 2246 1684 1514 2298 697 1694 1215 2185 969 2584 2710 1411 2524 2104 273 795 1242 2801 641 127 2444 1863 1619 1925 991 352 879 2460 2595 2771 2385 888 2455 1373 2175 1982 1607 2339 1807 557 1735 2833 1366 1816 147 1539 1341 1480 2797 2139 2844 262 667 1509 706 1811 1295 1069 1660 2138 577 741 2731 2633 1571 2468 299 1059 1698 511 2607 2226 912
000765.jpg,633 503 2322 872 2773 1335 261 772 2199 1680 120 2193 1314 602 711 2681 1111 1117 2265 1704 2052 1332 2592 1297 1955 1730 2610 2191 2105 1003 1831 2237 2250 1655 890 159 740 464 2594 1873 1293 1929 1097 2687 1706 326 649 1650 1543 31 2715 580 2764 877 2806 1156 927 238 1275 1135 2062 1143 1026 1099 552 2228 2306 2789 1912 1885 1011 1789 671 2812 972 1974 2236 532 1262 125 1917 367 1376 1118 2144 504 68 2343 92 505 1568 2597 587 1822 1746 771 1956 131 1240 1813
000766.jpg,277 1938 767 1833 1443 889 2686 1747 2496 2510 1753 2777 1125 70 2772 2532 431 2077 2478 1759 951 2757 2 1834 315 2315 2663 2702 2302 1165 2818 211 1390 2561 18 1557 2015 1252 2622 1980 1842 1035 1989 369 1460 1839 191 601 2685 990 2323 500 1418 461 571 2624 1413 297 1065 1845 1333 72 36 1767 126 980 1235 2245 688 1884 1548 522 1263 733 2276 1114 2216 2249 2667 417 1793 2022 103 997 684 269 578 1952 931 597 395 1976 2829 1908 1340 502 2644 1431 954 63
000767.jpg,1889 1477 1766 2404 1602 957 2725 214 1953 609 1866 2464 509 909 2448 2348 1696 2115 2706 744 1139 1616 244 2457 1365 5 844 2841 1171 2751 2109 941 1515 592 1199 2567 84 22 1214 43 752 2128 1426 2726 1108 1661 2162 1744 473 167 971 1802 1757 189 1032 2060 2014 2141 2150 669 785 1283 2169 454 2124 20 1927 2188 2502 375 1084 466 448 2508 2197 2572 1904 419 2688 476 1326 924 882 123 1596 411 163 1556 2408 96 1487 213 2425 498 1987 959 1280 986 229 306
000768.jpg,1993 1663 1328 1489 1710 947 1617 1444 2836 712 860 1417 1701 1782 1679 1045 1054 2707 2241 2837 1381 169 1369 1623 1658 2767 2130 2011 900 1422 1649 2050 1437 1218 2454 1569 1796 2649 1416 1870 179 348 197 51 1948 1096 2714 925 26 1486 2840 2034 64 1261 1544 440 2289 445 1640 735 2352 1051 2721 155 1552 817 715 2628 645 100 1208 2439 480 463 1624 2528 194 2545 1788 2769 562 2419 260 1029 2790 305 48 1644 550 1307 2300 1407 2826 221 635 2652 134 2817 259 433
000769.jpg,1038 1754 2421 1041 1949 1272 13 2520 2210 640 323 2671 377 828 2578 1668 2828 2602 672 1374 933 2047 2539 1429 1337 2032 56 1189 2428 370 2629 1049 865 2798 2038 698 2387 729 964 932 1399 2083 123 1255 2120 2221 2031 1070 986 882 955 176 839 1553 2267 1329 2423 2380 142 743 2786 1492 868 1521 1033 979 1910 2451 289 427 1430 1256 555 1888 1757 1236 340 2808 2117 2335 1431 429 2348 1890 2150 358 2029 2227 1699 2568 2743 1952 1393 554 2415 2668 21 2217 302 36
000770.jpg,1213 2113 2178 304 2066 1389 2546 1115 545 1019 1394 63 2022 1333 1785 1228 1951 1175 1685 614 485 1306 2072 149 1137 727 658 589 954 1361 2249 1207 1801 1559 1558 898 1451 2277 1087 1300 182 2000 1798 714 1230 1106 737 215 2644 341 395 803 1631 1900 962 2409 374 529 2323 2040 581 1353 436 1166 2054 1334 572 1257 1786 101 251 1971 364 2787 1760 989 2381 1712 1483 2504 132 2242 1883 2656 761 783 924 16 1561 1898 2114 2540 2238 2542 1091 1683 1176 1447 1427 293
000771.jpg,493 2174 2672 1358 1234 366 2004 976 1861 859 1196 1034 57 1580 1792 2418 1930 2125 280 133 210 2461 1575 797 746 1279 793 2327 1758 570 1665 1724 1276 2374 1392 1947 756 1859 689 1664 2184 2456 2838 2330 2694 548 294 1375 1765 2186 1072 1776 2206 1551 2039 857 228 663 2123 2229 720 1877 1887 2548 1457 2581 801 1193 1086 1350 704 588 1030 2356 2739 2332 158 2198 1191 880 2662 242 885 421 2703 2590 2321 2659 1043 77 2541 263 798 656 1229 1377 1675 583 842 1522
000772.jpg,1096 1416 1948 2272 2815 1362 2352 1860 64 1965 439 1496 1569 1636 1897 194 1218 1316 2721 1051 201 1586 48 2556 100 497 1796 715 2650 2034 562 1490 155 51 712 1584 2241 1658 2289 1381 2628 1261 747 305 1640 2309 2433 1617 2545 2376 2755 2836 1552 2713 2046 2088 563 1993 258 1453 645 2767 1328 770 260 445 2553 947 134 1782 2023 1045 1029 2011 2631 992 1444 168 2735 2732 319 1649 231 1054 2130 2419 2454 1544 1422 440 900 1319 2837 1663 2840 2050 2707 1901 860 1369
000773.jpg,2656 2149 1693 1786 1971 1257 1106 751 310 1559 1593 2827 1451 832 1743 2000 983 2441 2787 2016 2190 95 1357 1361 596 954 132 695 1176 1856 1535 1685 76 182 149 1773 1343 2437 2700 2129 1672 1795 1760 1333 2202 1836 2745 1513 824 2111 63 2737 1346 39 2040 215 1019 1900 1161 436 2542 2112 1434 1091 803 737 1914 581 2288 1004 364 989 576 940 2242 2504 75 2785 2547 789 926 2114 1990 1207 766 2381 374 2495 949 293 251 1712 341 1999 1818 2022 614 1847 2238 1180
000774.jpg,493 2174 366 1234 2672 976 1358 1196 859 2004 1034 1861 57 1930 1792 1575 1580 1279 746 133 2418 2125 210 797 2461 1758 280 1724 2327 793 1276 2374 1947 1665 570 1859 1664 756 1392 2456 2184 2838 2694 689 548 294 2330 1765 1375 2186 1776 1072 1551 228 857 2039 1887 2206 1877 720 2229 158 242 1030 2123 1457 588 1193 1191 1086 880 2581 2739 801 2321 2356 885 1350 2332 663 263 1043 704 150 2703 2659 2590 2198 656 1432 583 2541 934 2548 842 1542 170 2662 1229 1522
000775.jpg,1569 2721 64 100 715 439 48 1796 562 1640 2433 2034 1496 305 2545 1453 155 51 2556 2713 2650 1860 2272 1490 2376 1316 2309 1948 201 2631 1901 1584 1965 1096 2352 1636 1416 2815 440 1381 563 2241 1658 2628 194 2289 260 1051 2826 1617 1840 2836 1218 1544 2050 2439 2088 518 168 1782 712 1422 550 1993 1878 169 645 1045 1148 2837 2130 1649 735 231 2840 1328 1261 2538 2649 900 2652 947 2767 2454 497 1623 2337 1444 2707 259 1054 1586 445 559 486 965 659 134 2011 1369
000776.jpg,2044 2411 2501 85 2528 1656 1644 1796 2817 1934 2034 2545 2790 1102 312 1624 1569 2832 2721 64 100 48 221 635 715 817 1405 943 1926 439 305 188 1640 987 2300 562 155 51 2241 611 1407 2433 712 1319 1381 2309 2713 1617 1860 556 2650 1782 1636 2826 1658 201 2439 260 550 259 659 563 1878 1422 1993 1045 1544 1552 2836 547 1316 2376 2007 900 2419 2556 559 2088 2652 1584 1428 1983 1901 2082 2352 1386 168 1046 1490 2631 1840 2840 1486 2454 2046 2133 2272 992 2837 1092
000777.jpg,982 887 1470 1531 2065 748 1791 2792 118 819 1667 763 2225 2575 1585 567 2778 930 2328 2491 916 2042 1211 919 1179 1578 1769 2723 1354 952 227 841 1977 945 1851 114 2682 808 2252 639 1579 1651 928 2379 2647 2310 1063 517 875 1770 998 1210 2349 1920 1854 1657 2416 311 2793 2711 1583 528 2729 382 579 975 7 25 1209 2559 778 2304 2488 2459 923 513 2026 2618 1154 151 566 9 1271 1368 2658 2097 492 512 1970 1367 1239 515 1528 1566 2636 2462 446 1981 2140 662
000778.jpg,1749 483 1353 1300 240 2555 1727 2058 789 834 2784 1883 1483 1277 44 2579 376 16 1447 1801 2277 2249 576 1672 824 2547 1394 1469 545 2437 1161 1178 1513 596 529 1361 2644 95 761 1685 1990 2317 1228 2504 63 395 132 2054 465 1743 1087 2190 1304 2238 1176 1836 1451 1847 766 1559 2759 1044 1106 499 1476 1213 251 149 2000 1230 695 1773 2202 1804 1631 1137 2785 1593 1019 2178 572 1091 2066 2113 2700 2745 1914 88 954 2546 1971 2381 983 1389 304 962 374 614 1093 581
000779.jpg,2018 2146 2284 764 2008 719 1289 2551 247 1403 1204 2582 1534 190 1577 1157 914 35 1351 1493 153 1121 1128 604 1915 723 58 2487 212 539 1247 874 1997 549 2824 343 1359 303 2485 2209 206 862 615 1751 2585 2110 632 2361 871 2204 1347 2793 450 516 1271 151 1772 2718 812 2603 664 1970 2165 2792 2453 869 2555 2711 416 1566 7 998 121 1854 2658 2067 975 513 2449 2405 536 1228 569 2416 1791 1367 1066 2058 490 337 624 2488 988 2293 1727 1762 1474 783 1209 1006
000780.jpg,1979 1184 2494 2573 1502 2203 117 2303 1659 327 1205 2179 594 1687 1537 1570 1198 298 690 23 1113 1922 2768 1397 1400 1738 275 148 1080 1488 510 2620 420 2030 2791 2521 1425 1605 953 973 1285 1082 1371 1308 2572 2623 1960 2535 167 1525 924 448 20 1006 2678 1641 946 2222 907 2841 2263 205 37 443 1884 2502 325 586 1471 2245 40 1456 1726 980 745 1090 2118 1474 1280 1891 922 2101 1423 454 1697 1763 1284 475 2167 1015 2706 1723 954 122 2346 1084 474 1263 1250 2677
000781.jpg,2533 2320 1149 29 293 286 2172 2673 2021 967 1804 1719 2756 754 2024 213 2430 426 2143 2408 634 1728 1597 24 2787 1689 707 739 1231 2224 2638 2354 1849 1478 1448 2615 792 2295 91 218 853 2413 2235 1265 184 2054 135 646 2296 1529 757 2472 119 558 1269 2000 2390 1296 1867 1383 1722 2566 1451 376 80 1361 1798 424 1469 1334 1984 1559 1733 1106 2644 1312 1886 529 520 1447 1533 2014 1535 1207 425 1236 19 1786 291 142 2409 2072 2323 498 1801 962 1558 2124 1869 76
000782.jpg,346 2821 2467 52 2690 363 936 402 471 786 1438 108 478 1481 2301 2407 418 2398 2465 2505 1008 753 1662 2244 484 628 1465 1220 758 1022 780 2429 1378 2059 1918 806 467 534 389 1787 207 430 840 2687 2634 1275 452 61 2669 225 1730 654 295 2285 2806 53 1097 1929 2025 1692 1026 1048 89 2765 331 2632 1612 1756 2531 192 2611 290 1293 138 1789 1822 1216 2794 1039 2061 1568 1140 241 2070 1024 655 1647 1921 1317 1124 653 1395 1475 49 1143 1141 464 2396 113 2142
000783.jpg,1628 2163 401 453 380 437 1233 73 1599 2074 981 2055 141 823 399 1023 760 1510 2587 595 208 1872 2469 1160 731 99 461 1047 2122 1145 2655 1717 2098 612 2126 2747 177 1903 2829 816 2679 1085 477 1163 1976 460 2009 2636 72 2274 172 1808 222 1688 1784 694 2775 1436 164 1504 174 2452 156 2722 1241 2218 1415 1404 1321 1155 1305 2577 1100 2750 599 2645 1098 1682 2071 2362 897 2691 1933 2201 1263 755 1790 1479 2512 2117 2432 2156 935 500 2446 2355 2483 1089 2161 2267
000784.jpg,1275 1730 2687 1929 295 1789 2806 464 1706 1831 927 1655 268 1875 131 2715 1262 1011 504 1026 1097 1293 31 159 580 326 999 2301 2142 2059 1378 331 806 241 2531 452 1813 2285 1503 2765 2236 324 1843 1568 1822 2407 1024 1022 495 780 1143 455 484 2244 1039 418 1923 1932 456 1475 389 1662 467 840 2565 1281 655 52 125 653 1240 1008 1912 1118 290 2062 430 788 346 1465 1062 2429 786 89 33 1274 2470 534 53 1481 501 2232 2634 758 799 1297 726 2316 129 363
000785.jpg,702 1830 848 931 1114 903 768 1107 1767 2388 1908 65 284 1340 1310 2471 1254 2601 502 1845 2624 1608 1512 250 1720 835 1821 990 126 1235 578 688 684 103 297 522 1323 2276 1413 1975 1391 2314 1186 2667 767 277 1839 2302 1165 1285 2323 315 973 1035 298 1922 962 395 1570 2644 1390 431 1557 1075 1397 191 249 1759 2622 2620 1263 18 1810 2509 1753 1015 2 1184 1219 1012 1798 1423 581 2772 1113 117 1144 1938 1641 1125 2677 2510 2663 2478 420 2777 2494 2495 1406 2496
000786.jpg,18 1842 2663 2 601 951 1834 2818 1252 1759 2757 2015 315 1557 1390 2622 1753 1125 2777 2077 70 2772 1165 2478 2302 2510 431 2561 191 1839 1035 767 1938 277 1747 2315 1443 2667 2686 889 1833 2161 522 2685 2702 2532 2323 1114 1989 1980 1075 1767 211 249 931 962 2624 634 1810 1406 369 1012 529 2509 395 2496 126 1845 202 2583 1460 2644 1798 1334 990 578 2430 29 1511 67 702 2276 688 1969 1413 1801 853 2746 1928 1418 768 2296 2299 2143 250 2172 944 1821 1830 1869
000787.jpg,1334 1801 2277 529 374 2644 465 395 803 2323 499 1798 251 2542 2579 1230 2540 1427 2381 962 1631 572 2759 545 853 1883 101 2040 1300 364 2504 1900 1197 1928 1561 989 898 1166 581 1087 1394 789 215 436 737 714 1207 2238 2409 1558 341 1137 1683 1590 93 766 1971 2242 1257 2072 895 1228 328 1785 1786 614 1389 2546 1115 1091 1106 1451 483 2114 617 540 485 1559 76 1361 1306 1898 1019 1333 1213 1353 240 1346 1951 63 1685 646 1175 2113 2000 739 2656 2066 2022 1996
000788.jpg,1236 2267 2380 1699 1553 1430 1492 2078 142 1886 429 802 2568 555 1053 2333 2415 2217 866 1431 901 1890 868 743 36 1793 1888 427 2117 554 733 2423 2029 2668 1256 878 1033 289 1562 332 1499 417 500 176 2743 21 681 1588 1132 2786 62 680 536 361 302 340 597 292 1393 199 2451 2227 1418 193 988 1398 1686 886 2108 78 1065 2387 2221 893 2038 2047 121 2224 1041 2032 2539 1038 323 979 1406 1429 432 56 2384 569 2421 964 571 2324 2428 2828 1399 1012 249 123
000789.jpg,1752 1545 1146 2832 2389 312 1102 2790 987 221 59 85 1926 2411 1624 1656 635 943 2300 1405 2528 1934 2367 1407 2817 1644 2501 4 817 626 556 1386 547 950 2556 1316 1202 2082 2069 2044 2270 1737 440 188 2241 1636 2836 518 2837 712 826 1782 1617 611 155 2840 1422 169 900 735 2826 1045 1796 1319 1878 2050 2454 2631 1092 1649 613 1381 1993 550 947 283 2538 1840 1710 1552 2515 2439 1190 2424 2649 1799 266 2419 1496 1444 2397 260 1965 1417 1983 305 259 2088 1489 2289
000790.jpg,2070 1141 192 383 2669 1506 2025 654 61 1781 1787 525 225 207 245 2396 49 2280 2794 2311 139 1780 1356 1248 408 239 2173 1435 625 2164 2091 1598 679 209 838 1505 1282 252 216 356 858 296 1216 455 113 1127 1140 2232 2470 1262 1924 1168 1097 1299 1293 2137 1124 822 580 2062 326 31 1500 1143 159 2053 1037 2698 346 655 653 618 1692 418 33 2690 200 1568 2279 27 1829 331 2806 2406 344 1822 2316 290 1011 1021 1706 1275 52 1273 1941 1274 295 464 2467 1961
000791.jpg,2185 1440 143 1129 2517 386 2529 718 1684 2298 795 2271 2584 1411 958 1514 810 1445 787 697 30 1360 2619 638 71 1694 2524 969 1215 273 1630 2104 2246 2460 1242 2801 557 2616 879 2363 1294 1366 1480 1446 1816 1112 2844 2833 2139 1539 2633 665 1619 2607 1939 1863 1660 1258 2385 2481 551 1925 2226 1059 2175 1982 342 2710 667 2444 2797 2731 1025 2541 2776 991 1270 41 1947 299 867 2431 814 2672 888 1373 2092 385 1571 352 1069 641 2749 262 1807 687 2771 2468 1735 1549
000792.jpg,645 2011 445 2840 2538 1029 1552 197 463 2769 550 2454 2289 518 134 2649 2050 1253 2375 1870 712 348 433 2130 735 440 259 1422 2631 26 1045 1895 1617 2714 1328 1993 480 1788 2735 2707 179 1417 1054 1369 1623 925 2544 2088 2241 1649 2650 860 2076 161 1679 260 1444 563 169 51 319 562 947 2287 1208 305 769 1486 155 1840 2837 900 1663 1640 1983 2826 1172 1148 1307 635 2419 2836 977 1782 2676 1544 2652 2767 1901 2082 2133 2724 1710 2044 1489 556 439 2439 1202 2148
000793.jpg,783 1093 949 617 2737 2111 1343 1856 2441 2112 1898 2242 1683 940 1914 407 540 1999 596 2785 1004 95 2827 2202 983 2190 2745 88 1561 1476 695 1103 2547 1176 328 132 766 2542 341 1996 777 2277 2238 1743 2759 1091 2114 2422 1801 310 2317 824 2644 2413 1230 1631 558 2295 576 1749 2523 2323 1727 581 1535 395 135 529 34 2555 1116 230 2504 2129 47 2058 1714 1304 63 1394 789 1161 2281 1773 1087 2180 737 1353 1447 1846 1513 2579 1693 2249 1448 1224 1197 962 2040 240
000794.jpg,645 2011 2707 1679 1054 1623 1328 1649 1444 1663 947 445 2767 2836 2840 1782 2837 169 1029 197 1381 1658 1617 1544 712 1045 463 1552 2050 2241 2289 51 2628 2439 440 1422 2130 735 1253 1218 1948 1993 1261 2352 2649 1369 433 1416 194 1096 64 155 1051 1640 179 1569 2272 48 134 439 550 305 1796 2454 563 2735 260 900 1486 2815 2088 562 715 201 1437 1417 1636 2714 1870 860 2826 2721 2652 161 2650 2375 1489 2631 2419 100 2133 965 1586 1208 1307 319 1840 1496 1860 635
000795.jpg,1752 1316 1636 1840 1545 2241 1146 1965 2556 1496 1381 1878 1658 440 2836 563 518 2826 155 1782 1544 312 2439 1123 2628 51 735 900 169 2832 260 978 305 168 712 2837 2840 1796 1640 2501 1422 1901 950 1148 2713 2050 1045 497 550 1948 59 1617 965 2272 2433 1934 559 1586 221 2088 1444 947 2652 2815 445 1096 201 987 1486 2133 1092 2424 645 259 626 1569 1437 1649 231 1860 2419 2289 635 2034 562 2389 1453 1552 1656 1218 1624 2309 1405 2367 2538 2817 64 2553 547 817
000796.jpg,1093 1996 1091 777 783 540 2242 341 328 2785 766 407 1914 989 230 2238 1856 2111 2441 2114 581 1683 2281 1818 564 2504 926 1343 1999 617 2644 2759 596 739 95 1180 1561 2827 2040 364 2737 2202 2579 1900 1230 395 983 1898 737 39 2288 2413 1743 2745 2381 2190 2295 789 949 1535 436 101 2495 2547 1448 2542 529 215 1728 2323 1801 374 310 1476 240 962 1103 483 251 695 2756 291 754 1883 1593 1176 2112 1447 1693 132 44 803 824 135 572 1804 2784 1798 1469 1383
000797.jpg,1545 2389 59 1752 2367 950 626 4 1146 1202 1799 2082 1386 2270 547 556 1737 987 611 826 1624 312 1319 635 85 2832 2840 1407 188 613 440 1656 2069 1934 2300 1926 2044 283 817 1552 1405 860 221 1649 2501 2790 2411 445 2477 1701 2011 2241 463 2289 2817 1993 1788 1328 1623 259 2375 1422 1029 735 2837 2312 1617 134 1417 1102 1045 1489 1644 2424 2050 2076 2631 1437 943 1468 169 1316 2528 900 2088 433 1486 2148 563 2133 2556 2836 1679 2130 977 645 1444 2826 1710 550
000798.jpg,1946 2788 749 2364 2730 673 2299 1005 2746 2290 1110 1670 1068 593 1243 2151 883 568 2549 1379 112 544 1794 1966 1783 1498 1311 434 336 1131 365 435 605 1040 821 2830 1968 1020 1309 2560 2095 937 1581 811 410 2697 2417 730 855 2377 2251 678 257 1871 535 870 1573 2196 94 2005 1079 1142 1527 1511 1526 338 1325 610 1634 2087 1731 1442 2145 2243 1969 2516 1850 717 1455 406 2219 800 1779 253 1138 186 881 1133 1385 1424 2519 2423 248 2341 743 2680 1479 774 2613 2559
000799.jpg,1254 1310 1512 65 1107 835 284 903 1908 2388 309 702 768 1277 1013 834 2079 684 1830 333 1336 2058 2555 856 990 1114 931 2160 502 2571 1315 1286 1907 1767 1449 1620 2471 1104 1975 2216 1340 2547 2080 2831 1749 1608 205 1057 1720 2197 677 1217 1703 848 297 95 2317 1821 1363 2401 400 2823 576 2425 1304 596 2239 1727 1194 2601 2136 187 861 240 1318 2296 300 506 1458 42 396 1288 462 2167 1844 824 1517 1536 1235 1186 2780 2496 271 2096 1593 250 2313 1940 2073 1450
000800.jpg,1993 1663 947 1328 1444 1617 1796 2836 1782 1569 169 51 712 2837 2767 1679 1045 2707 2545 1623 715 48 100 1054 64 1649 1381 2241 1640 1422 2034 1658 2721 2050 1369 155 2130 439 2714 305 735 2439 1417 562 1544 440 860 179 2649 1489 2433 1218 2454 900 550 260 2826 2650 221 2011 2309 1870 1860 2713 1261 1437 480 1486 943 1407 2289 925 1096 563 201 26 2088 194 1710 2790 1584 1948 445 1701 2352 1636 2628 2300 2840 348 1416 1405 1552 2769 2082 2538 645 1051 1624 1878
000801.jpg,1980 2685 2315 2702 269 1548 277 767 1073 1165 191 1833 2302 2518 1120 1557 1443 2510 1620 1747 1678 946 1989 1147 431 830 889 1285 2275 1732 1380 1252 2622 951 2 315 1450 1753 1869 2015 2663 1943 2818 2686 603 211 2314 1308 1390 2251 1884 1697 1979 973 2478 2535 1082 2245 1641 2151 1834 2496 2772 1442 1263 1938 2161 2005 2777 393 1125 2532 980 369 1850 845 863 1413 688 1131 298 1460 2077 2677 2748 1006 2167 83 1794 678 1767 1243 18 1581 1094 441 2494 2560 70 1646
000802.jpg,2019 1507 2550 575 2754 1669 1691 1104 1646 834 107 603 1450 1244 393 830 863 2080 1482 1620 2136 1177 357 856 1805 2641 309 2586 775 2555 462 2254 333 2630 1169 1147 2414 2275 2192 1611 1217 457 2233 339 794 1277 2383 1016 2247 55 2780 2604 1734 2360 2058 1365 2733 2176 1523 1732 2317 2395 2347 2150 1120 1907 1727 2326 2159 1757 1517 2197 1678 2591 1626 2234 2621 1791 986 2297 1919 1032 861 102 1372 584 2277 1748 2447 2211 279 1197 1028 2079 2572 1014 1804 2401 397 728
000803.jpg,1979 1184 2494 117 2573 2203 2303 1659 327 1205 1502 1687 1198 2179 594 298 1537 23 2030 1922 1570 2791 275 690 1113 1400 2620 1080 1425 1738 510 148 1397 1488 2521 2768 420 1285 973 1605 2572 1371 2101 1960 167 2623 1525 2678 20 205 448 1082 2535 2263 1308 953 1641 2222 1726 1884 454 1280 907 1084 946 40 2118 1006 980 325 1456 924 1474 1015 745 122 1284 2245 1661 2502 2706 37 2677 1697 443 629 396 1250 1995 1423 1263 586 2726 474 2152 1610 2014 425 423 1090
000804.jpg,167 20 454 1995 115 38 2726 2222 1744 2162 2823 1697 2268 2573 2030 2791 1456 2167 1205 1502 1284 1661 2303 122 298 1911 1188 459 980 117 23 411 1082 592 1570 189 372 1659 2179 1884 205 2203 1285 922 2128 1184 1308 851 2623 620 2060 396 275 1865 1032 1610 1171 309 1960 1080 1260 327 2118 744 510 2313 759 1556 2554 2627 690 586 1537 1015 829 40 473 1797 2245 1425 181 2101 448 1979 2351 2153 419 2494 2216 163 1858 1637 1280 1214 96 2169 1198 1582 1738 1501
000805.jpg,1548 269 531 2685 2315 1725 1980 368 2499 444 1200 1263 1986 2702 2245 1326 1035 676 2483 2014 1833 2051 1423 375 425 2573 1088 2249 1502 1750 1439 980 2124 1817 1443 306 2506 946 796 1938 1884 1849 1839 111 473 182 2318 1197 1570 1073 2303 1712 2118 298 1979 1582 1747 1284 2599 1219 1529 2296 2653 2494 2829 1711 1641 824 2179 2180 1061 594 660 2561 1165 767 889 205 2154 707 907 1603 136 1462 1267 2195 2161 1205 76 1940 1206 1412 2410 277 1537 629 2323 1394 167 1183
000806.jpg,1944 2294 1055 725 2728 2207 1056 165 2558 1825 2135 899 1212 2741 137 204 2825 2842 494 2057 1606 1130 2435 2291 116 1899 2305 2248 447 2382 2580 2766 2511 1547 2736 1874 1076 2258 1464 146 1463 1067 2813 2286 574 692 1134 97 246 1841 1223 1940 686 2041 1937 1126 1935 2292 647 948 1639 2708 2639 677 2393 1452 1185 2683 804 2719 1986 2438 362 657 2068 1777 442 79 682 2319 722 329 2665 491 2569 1868 140 1592 2441 2413 2827 2506 783 2111 2295 540 995 135 983 1846
000807.jpg,2669 2025 192 2070 61 654 1787 207 2396 1781 225 383 2794 525 245 49 1141 2280 239 408 2091 139 2164 2173 2311 1506 209 1282 838 1248 1356 356 296 1435 1780 625 679 1505 2137 822 2232 252 1598 1127 1216 346 52 858 113 216 1097 1022 295 1568 1293 1275 1140 418 1143 1262 2806 2301 1929 455 1481 1124 2821 1037 1730 1168 1299 430 1822 786 653 2407 2053 290 580 2687 331 2142 788 2765 1118 1008 1692 655 159 268 1274 402 464 363 1813 1706 2470 2244 326 1503
000808.jpg,2381 364 2040 1900 436 215 737 101 803 2504 989 251 374 2238 766 341 581 1427 328 2540 1883 2242 2114 2579 2759 1230 1683 962 789 572 2542 395 407 1334 2644 1300 1798 2323 1971 1257 1786 1091 1898 1106 1559 529 1996 777 2277 1801 1561 1451 1357 926 1818 1361 564 1353 39 1180 76 2495 2000 483 2787 2546 2288 1213 545 1137 240 1389 304 1197 2066 1115 1207 2113 2178 1087 1693 714 230 2281 898 2072 614 2656 1951 1558 2784 1093 824 1306 132 1394 2149 1176 1175 751
000809.jpg,2043 2810 2171 650 2666 1188 2816 1697 1891 922 411 1153 1456 1763 1723 1916 807 2346 37 582 475 285 6 759 1284 546 1221 2643 1865 1882 1260 1702 1858 468 1090 122 2313 620 1083 1603 1082 732 1761 820 1541 586 1308 829 181 334 956 1227 2167 750 1797 372 1380 661 2261 443 1006 2194 2168 980 1139 38 1610 2841 476 2677 669 1537 1015 1250 1884 298 2425 724 167 1560 2476 1570 2268 2706 2387 448 1911 2514 938 2118 973 1200 629 5 905 1995 2823 2278 1322 1696
000810.jpg,2414 107 1177 2604 1669 1104 2550 1507 2641 55 2176 728 397 1194 575 2754 1691 2019 2383 1523 2080 1482 441 2695 373 584 1016 845 2395 2326 2360 736 2234 2159 1028 1690 187 1919 2630 1014 834 32 1748 469 1450 993 2033 2651 2106 1517 2586 1467 379 1382 902 2733 917 1459 83 1950 920 333 2563 1805 2166 2347 1943 2239 2621 1169 2525 2752 1147 541 1259 2073 2780 775 462 2661 309 2684 1626 856 827 1809 87 2555 393 2804 2805 1372 2192 2233 590 1611 2297 2637 102 2036
000811.jpg,701 196 353 98 869 1963 1625 2067 2361 1643 776 233 585 2353 2474 2256 2081 276 1819 2462 1864 2334 871 2001 1042 910 1402 1600 781 809 2103 381 2012 1344 2027 513 2264 151 2391 2711 1209 69 1271 528 2793 337 1742 1970 25 975 1808 2336 998 1089 1404 1688 1155 2792 2132 1854 765 1697 247 1170 2394 1565 7 2225 243 825 1100 2416 2803 2658 512 1077 2551 1985 1031 1403 662 14 153 382 1105 875 2559 2274 1973 566 301 1583 2026 2449 2157 1519 2618 778 1879 487
000812.jpg,924 1487 1471 37 586 1082 443 1308 1090 2841 922 1763 953 1006 2216 1703 1363 122 1288 1474 629 2535 411 2249 325 1456 745 1605 761 1188 2179 1697 1757 986 594 1502 167 1891 882 275 1284 1488 1462 1723 2677 123 894 1916 1400 1687 2153 1570 419 2494 650 2197 1153 2346 2150 2554 1184 2167 2502 1865 1882 1139 1205 1738 1727 1995 327 2666 2567 1397 214 2109 2043 2706 2816 475 2555 2678 1371 2573 2823 396 1255 834 1250 2623 96 1866 2222 1171 1661 298 824 20 2572 2810
000813.jpg,70 2510 1753 1125 431 2777 2772 2077 2478 2561 1839 1759 2757 1035 315 18 1842 1557 1390 1834 1165 2622 951 2302 2015 1252 2 2663 601 191 2818 767 1938 1443 2315 2686 277 889 1747 2702 1833 2685 1980 2161 1075 2323 522 2532 990 297 2667 1810 2496 2624 1235 2644 962 1114 461 2509 1801 688 249 529 103 395 502 2583 1845 67 1012 853 1989 211 1798 2471 202 634 72 1908 126 1406 1767 1207 1334 702 1976 284 1511 2299 1107 898 1333 903 1548 931 1323 792 714 2277
000814.jpg,2792 567 118 1791 2065 1354 919 952 1769 887 808 2778 998 1531 1470 748 930 1583 819 982 1854 2711 1667 1585 382 778 2491 1851 928 2575 2328 2379 2793 975 875 1179 923 2304 2729 1657 1977 7 1970 2416 1210 2349 1578 311 2682 639 2647 1579 841 517 25 1063 945 2559 1651 151 2252 1271 1920 2618 2225 1209 9 579 763 513 515 528 114 1770 2658 2459 2723 1211 1368 1154 492 1367 2488 566 1239 2310 2097 2026 916 227 2042 512 1566 1528 1742 2150 662 776 2122 380
000815.jpg,85 2044 611 1319 188 2411 2528 1656 1624 1644 817 2790 1926 2817 943 2300 635 1405 1934 221 1102 1407 987 556 2501 312 2832 2082 547 1386 2270 2045 1584 1617 1422 463 1796 2023 712 1993 1029 259 2755 2544 4 258 826 283 2564 1788 1552 860 2397 550 2670 1328 1417 2454 2800 1569 2069 2344 1146 64 1737 2307 1983 2724 1092 2358 2721 1428 1208 2076 2419 1190 562 2574 2011 266 900 1045 2545 100 715 2837 1545 2631 2676 1414 977 2034 2477 1895 197 1202 1381 1369 1489 2241
000816.jpg,2794 2164 239 1781 2091 2311 525 2280 1248 2232 822 2137 1356 245 625 2173 1435 49 679 1505 139 1598 408 654 209 113 1568 356 1282 838 858 383 216 296 252 2070 2396 1506 192 27 1018 455 782 2632 61 2025 2669 1787 2236 2053 1262 1141 1780 1297 1037 1692 1124 1127 653 1299 1293 1168 643 2062 31 580 1097 1472 1475 655 89 207 225 1048 2406 131 1647 2402 1831 1143 2611 268 1715 805 1011 1216 1026 1655 1022 1503 1635 159 1275 1972 1706 390 1024 1612 464 721
000817.jpg,2049 631 530 2282 1518 1604 446 1301 1058 2140 451 1981 1237 1290 1567 2064 2796 607 1017 2596 921 1909 1384 813 2696 2093 1742 2257 966 1554 1105 1370 1673 1613 662 1396 1331 243 2458 355 2085 1614 942 2660 487 337 1879 2543 908 1978 1681 1002 660 1495 1705 542 2600 1739 2664 54 2392 2782 394 984 1000 2519 710 1853 1119 2259 1893 2369 360 2005 1094 2697 1850 800 2243 2251 870 774 1142 1936 678 2417 2357 2087 1621 2560 2006 2262 1174 50 1455 1581 2492 1695 2196 1794
000818.jpg,1721 1876 2809 1473 12 447 1055 2728 994 2291 2766 2207 494 1056 864 249 2435 2294 608 1931 2719 574 725 1012 1839 2438 1944 526 2057 657 2708 2683 1439 1406 2825 274 431 2526 2622 677 627 204 944 1892 1557 692 1810 394 1223 1197 1075 202 1725 1035 271 2323 128 1165 1899 508 1874 2292 898 2220 1390 2302 2089 1501 1942 1677 790 1881 2509 2736 2499 2319 1558 1408 482 1771 2051 67 1902 251 1817 1868 531 2315 2589 1443 1212 315 2741 2540 1759 682 1548 136 2510 1433
000819.jpg,2810 2043 2171 650 2666 2816 1188 1891 1697 922 2346 1916 475 411 1723 1153 1456 1763 546 807 285 1221 582 2643 759 6 1702 37 1882 1260 1865 1083 1284 620 468 1090 1603 820 1541 1858 732 956 1761 334 2841 750 1139 2313 181 1227 122 586 1082 1308 1797 1605 829 1570 443 1380 2677 1953 1006 1696 2261 1537 2167 980 2502 372 661 1250 1397 938 724 40 1502 38 594 1884 2514 1171 2179 905 2216 2348 148 2245 1214 1080 2706 2410 214 298 624 2194 2589 2109 629 1322
000820.jpg,1489 1701 1710 1417 860 1788 1993 900 197 2836 712 2241 1045 348 1617 1328 1870 2649 1782 2011 817 1437 2050 2130 925 463 26 1369 1624 2289 1679 169 179 1444 2837 489 2817 433 947 1649 2454 2790 2528 1486 1381 1644 2375 2515 550 1663 440 1623 2767 2840 1208 1656 1658 1926 1407 1422 2424 2084 2397 1545 606 735 2300 2439 1054 1544 1983 221 2826 1029 2769 1796 2411 2707 1307 1319 260 2034 2628 155 2419 480 445 51 2088 134 1102 2832 1934 1386 1627 1552 559 2082 2076 1190
000821.jpg,249 2509 1810 627 2583 67 1001 2121 2350 1012 202 1406 1075 1944 725 2728 1055 447 165 2825 1212 2294 137 2766 2207 2736 899 2558 692 2741 116 2135 1606 2057 494 1825 442 2292 2719 204 2041 2435 1130 1126 97 1874 2291 1439 2319 1463 2842 1223 1547 2305 2258 2511 1841 2683 1935 362 1940 574 2382 2708 1986 1088 2248 1067 246 2051 2639 1937 686 677 657 2580 2438 1076 1056 2143 135 368 1899 1639 482 2813 2809 1725 1464 2251 2665 2183 2295 647 634 338 1931 1728 1035 722
000822.jpg,1083 1702 620 181 2643 732 759 582 6 1260 546 1797 285 1221 807 2313 1858 468 2807 2278 1882 636 1318 1536 1697 661 1188 2261 2194 1153 2425 2816 922 1227 2043 2168 1865 476 2476 2171 829 1723 1891 1763 2678 2810 1761 956 1090 2263 411 2111 894 2153 1603 1856 1380 2048 586 45 2554 1916 419 669 40 1032 820 1560 443 37 42 1456 1726 905 189 2522 2666 475 396 2167 1082 2688 2346 1541 2056 1525 650 1251 1696 96 1139 1284 2060 2823 762 2623 229 1364 2627 2441
000823.jpg,2844 2139 1539 2833 2092 1982 299 2371 879 2576 1619 1925 1366 667 1816 2460 2455 264 557 2484 1863 837 1009 1660 1480 2269 2633 2063 2776 2607 1549 2797 2226 273 2363 352 2524 2104 1242 428 2431 1025 2175 969 1815 1349 2385 1814 385 1122 551 814 867 741 1571 1159 1735 1509 2731 1684 641 888 262 1514 1 2783 342 1373 234 2100 1572 267 1630 2541 2403 913 1520 147 2399 2717 2771 127 2185 1589 1615 2727 1824 1238 1291 2529 403 891 1360 2710 991 2298 1698 1059 1540 2223
000824.jpg,1506 383 1141 2070 1780 252 525 2311 1505 1356 2669 49 654 61 1248 192 1781 625 2025 1435 679 113 245 858 1598 1787 225 408 207 2794 2396 1216 1140 2280 139 2232 1168 239 1829 1299 2164 1282 2173 2137 822 455 296 2091 216 1127 2279 1924 838 1262 356 27 209 2470 1568 1124 2698 1273 1918 1692 1472 1037 2531 1612 1024 1274 1503 1875 2765 2053 331 464 1500 402 268 2690 131 2467 1293 2611 1706 643 1026 799 1097 471 653 1303 2565 726 936 618 430 200 1438 655
000825.jpg,2045 2755 2023 1584 258 747 770 1320 1796 2034 2545 1029 463 1948 1096 2289 1416 64 1569 51 2352 860 562 1895 2837 1552 1417 2631 1617 2721 1788 1586 715 305 2130 1319 439 440 433 2735 100 1993 2556 2272 1640 497 1701 161 48 2650 712 2836 2564 611 1051 155 2652 1710 1045 169 1636 1544 2050 2628 2732 1649 197 992 1782 1407 2724 1328 2076 1381 201 2767 2011 1218 2454 2649 1362 2815 134 2439 550 2753 2707 1261 1627 1422 2482 606 622 1316 735 1489 2287 947 2241 1190
000826.jpg,2669 2025 192 61 1787 2396 654 225 207 1781 49 245 525 408 2280 2070 2794 2091 239 139 2173 1282 383 2164 296 838 209 2311 356 1141 1356 1248 1506 1780 1435 625 1505 679 2232 252 2137 822 52 2470 1481 346 418 1598 1127 858 2821 1568 113 216 1216 2142 786 1022 2244 2531 455 1124 290 1140 2053 295 780 2806 1465 1168 452 1299 1503 1293 1097 241 1918 1262 758 430 1275 1037 53 2407 268 653 936 331 2301 363 484 1843 1822 1924 1829 2467 1024 1662 389 806
000827.jpg,1496 2272 1948 2352 64 194 1569 2556 439 1051 48 2721 100 1640 1218 715 562 1796 1096 305 51 1416 2433 155 1860 1261 2034 1316 2628 2545 2650 2713 1965 2815 1453 1636 201 1490 1658 2376 1381 2309 2241 2836 1544 1584 1782 2439 2631 1840 1901 169 1649 2837 440 563 518 2767 2289 1617 712 2050 1422 1054 747 645 260 1328 2826 947 1586 2707 2130 168 497 1045 2088 1878 445 1552 231 550 1444 1993 1623 2652 2840 1679 735 1148 2649 2538 319 1663 2011 197 161 659 2553 2023
000828.jpg,2077 2478 2772 2777 1753 1125 70 2561 1759 2757 2510 2161 951 1834 1252 2015 18 1842 431 315 2818 2663 2 1557 601 1165 1390 2302 2622 1035 767 191 277 2315 1839 2702 1443 2685 1747 889 1980 2686 1938 2667 1075 2323 1833 1869 688 634 29 1106 522 1798 293 1559 2000 2644 485 962 1511 1207 1810 1334 249 1235 2624 1114 1012 126 954 67 2583 853 2509 2299 2072 1406 614 581 1767 1451 1137 2653 2787 1989 395 2409 1361 1969 2430 142 1175 2314 1951 1786 1306 297 990 500
000829.jpg,1967 390 1635 1715 726 999 1050 2765 314 1755 1024 799 2715 1475 2236 1097 1293 2531 1822 1503 89 2687 1789 331 159 1568 1756 805 927 1378 1216 1140 1026 1831 464 467 2505 2465 1275 1655 389 1706 1011 655 1143 1395 1273 1662 2053 786 2059 1303 478 1317 430 2402 580 326 484 2407 363 241 1022 806 1039 1118 1932 2301 1647 1730 758 1274 1929 1297 1972 268 108 936 31 721 1875 2244 2698 452 628 2285 324 1062 2142 1008 780 501 1918 1465 1813 1037 1281 1923 2693 2632
000830.jpg,1096 1416 1948 2272 2815 1362 1860 2352 1965 439 64 1636 1569 1496 1316 201 48 2721 100 715 562 2556 1796 2034 2241 155 1490 51 2309 194 1617 1897 712 1552 1051 1586 497 305 2433 1218 1381 2650 1658 1640 563 1584 2713 747 2289 2376 659 260 445 2545 1319 1422 1993 645 1453 2088 2046 2826 2836 1328 1901 2628 2553 1148 1261 168 2732 611 1045 900 319 2840 486 1782 992 2631 2011 674 2076 2419 1046 547 1486 2755 2652 1878 2130 1307 134 2337 947 440 258 231 1054 1623
000831.jpg,2609 288 2843 937 257 1731 1516 1871 1138 2613 1800 535 1645 1894 2377 1546 1527 1455 742 336 1498 253 2341 1454 811 1466 519 410 538 186 406 605 1133 673 2145 1779 709 648 843 248 2196 1385 1850 2219 800 773 365 2697 434 1110 593 1142 1573 2364 2102 2151 2140 749 2560 678 1309 1040 2519 662 338 1794 1670 821 1966 435 2788 2331 2087 2299 1131 2763 2243 1634 2251 855 730 1604 1581 301 2005 2417 446 112 585 1068 2006 2549 2492 1981 2730 1174 717 1237 774 1020
000832.jpg,1049 932 839 698 1038 1041 2421 1754 1521 955 13 1949 2520 1272 2210 640 323 2671 377 2578 2047 828 1189 2032 56 370 1910 1337 2387 933 2083 1374 1668 672 865 2828 2602 123 1255 536 1329 986 1431 2539 1429 36 743 121 2038 2629 569 2798 866 2117 2428 1132 2267 733 964 2335 2120 176 1588 1553 729 2221 2031 340 193 2380 2423 142 988 979 1249 429 2451 2150 1070 21 2333 332 680 882 901 432 1033 2668 1492 2786 1430 1399 878 2640 555 1757 289 2839 2029 1256
000833.jpg,2725 609 2464 1766 2404 1889 509 2457 844 1696 244 2115 1616 957 1515 5 2448 744 1477 1426 2706 2128 214 592 1602 1953 1139 2751 2348 1171 1326 2014 1214 498 2124 375 473 22 2109 1199 2567 425 1866 163 1061 466 388 909 1661 306 2366 40 1556 2351 1637 2502 1904 2048 2354 941 270 2841 43 1283 1596 2566 1744 1365 1269 2408 2188 1605 84 2572 1768 1802 807 2141 520 2169 1757 2726 189 1610 971 882 1032 1960 851 229 815 2060 707 582 2591 2162 1849 1945 213 2168
000834.jpg,1083 1702 620 181 2643 759 732 582 6 1260 546 1797 285 1221 807 1858 2313 468 2807 2278 1882 636 1318 1536 661 1188 2261 1697 1153 2194 1227 2476 2425 922 2168 2816 829 1865 2043 476 2171 1891 1761 1723 40 411 2810 1763 894 1603 2153 2263 2678 669 45 1456 956 1090 905 2554 1560 1032 2048 419 1380 189 2666 586 1364 2060 2522 1916 37 396 820 1139 1696 1251 650 1064 2111 1284 2627 2386 96 1960 1541 1525 42 2346 1768 2056 1726 443 475 1082 2514 2167 2688 2831
000835.jpg,372 807 1260 820 1865 1603 1858 1541 1761 1227 2261 1221 759 1153 285 1697 6 334 582 750 2313 546 2194 669 476 468 1188 829 661 2677 1284 2643 1702 629 454 411 1696 122 620 1084 1456 732 2726 1744 2627 1083 2162 5 2823 298 281 609 40 396 20 375 1015 1515 1560 1286 1570 980 1797 1884 167 922 2168 2387 2303 1844 244 2425 1139 1882 650 2457 2115 1032 1723 2666 181 448 565 1610 1199 2791 1987 163 1285 744 1891 1659 425 1061 2060 592 2014 1171 2278 2222
000836.jpg,988 193 569 121 1588 1132 2090 536 1431 680 36 1268 2117 866 733 500 1492 142 1499 2078 802 2333 1793 1699 878 1553 901 1430 1886 2217 429 2029 1236 1053 1890 555 2267 1033 2743 1256 2668 1393 332 2786 176 868 2451 2380 597 340 427 21 417 2227 2384 1686 1418 1065 979 2415 1562 554 2568 1888 1038 886 289 2108 681 302 213 1398 62 359 199 743 2423 571 1041 432 1374 1329 2602 1668 2828 933 2671 24 2024 1272 2210 672 2520 729 2578 2335 2421 292 893 78
000837.jpg,431 2510 70 1839 1035 1753 1125 2777 2772 2561 1759 2757 2077 2478 315 1557 1390 1165 18 2622 2302 1842 191 2686 1834 951 1443 1938 889 767 1252 2 1747 2663 2015 2818 601 1833 1075 1801 2315 2685 277 1263 2323 2644 2277 1501 2249 1219 1548 2496 2702 2161 944 395 72 783 1980 2532 461 1976 1423 1197 2514 309 1267 1906 915 1810 1394 637 2299 2216 2483 1884 1750 2245 2089 2661 128 529 465 2443 269 980 202 400 1406 1418 1012 2251 856 2509 962 2589 677 792 597 1986
000838.jpg,2252 1179 2682 1583 1651 1977 2491 916 227 1578 2042 2328 998 841 1063 945 517 1920 639 2647 2310 1579 982 2225 763 2723 1211 1770 2379 1368 1851 9 1367 1239 114 887 2349 928 1657 2729 1791 2097 919 118 2792 512 819 1769 1585 952 875 2026 1667 1531 1470 528 930 7 1566 2575 311 1210 567 748 2416 2778 25 2793 1354 2459 1209 579 1854 1879 1673 1331 1970 2660 2488 566 975 1154 2065 778 2559 515 513 1614 394 1271 923 2711 382 151 2618 2696 2304 2257 492 2658
000839.jpg,84 941 2152 2502 1605 2348 1139 2706 214 1866 1602 2141 909 2841 1371 1953 2572 1280 183 1525 2263 2115 1987 106 1960 815 2503 1084 96 189 244 1032 1616 2623 1199 1113 1927 45 2060 1064 1365 1458 2522 2678 1198 1632 2056 851 398 744 171 621 1171 2567 2303 1364 40 1726 236 1696 2554 481 2608 2760 419 2761 2203 1214 2386 894 957 1251 117 1184 1205 2182 2153 2751 785 2831 1570 2197 2494 22 1659 2401 2705 959 298 270 509 1880 2677 844 396 1144 1979 1283 2030 327
000840.jpg,1993 1617 2241 1045 2840 1663 1422 712 947 1328 550 1444 197 1552 134 169 2050 440 463 2289 445 2011 735 2837 1782 900 2631 2130 51 2836 433 260 259 1623 1489 1710 1878 518 2826 860 2375 1679 155 1788 2454 2707 1895 305 221 2088 1381 635 2649 645 1369 1658 2439 1544 2082 562 2270 1417 563 556 943 1405 1029 480 1486 179 1796 977 1926 2538 312 1640 1407 2767 2790 2832 1054 1437 1202 1636 2424 2133 1649 2300 2544 2650 547 2817 1860 613 2721 1569 925 489 2312 1934
000841.jpg,1879 394 2093 1518 1017 607 631 2357 1301 2049 1604 2140 1058 446 1906 530 1290 451 2282 2596 1981 1237 1567 2796 2392 1909 2660 2064 2543 1384 1978 1119 2085 1002 2458 1495 966 908 2262 942 662 1613 921 1705 1676 1331 984 1673 2600 487 2696 1614 1742 1681 337 2257 355 1396 852 1621 243 186 2369 1105 1000 1645 2664 1554 1455 1894 320 1739 1370 54 151 1800 813 1695 791 1546 1893 1516 1508 710 542 1853 2609 1271 1239 2782 2559 1871 288 2618 50 2341 660 360 709 742
000842.jpg,1149 2533 2320 2021 29 293 2673 2172 286 2756 967 754 1804 1719 1728 1231 739 213 2408 2024 426 2430 2143 24 1597 634 1689 1448 2638 2615 707 1478 2787 1265 2413 2354 218 2295 119 184 757 1383 1296 2472 135 1849 2224 558 80 1269 1984 91 792 2235 1533 1312 2566 1867 853 19 2296 1722 232 424 520 1733 529 1945 983 1529 2390 1535 376 364 2281 1693 1996 646 789 1091 240 2054 962 1334 2644 2190 1513 1180 1818 564 291 39 695 1786 2827 926 395 1798 2242 766
000843.jpg,2068 2665 79 722 1067 2511 1547 246 2305 1134 1463 97 116 204 2842 137 1212 2135 2741 2041 1935 899 1606 2294 1055 1944 350 2580 725 686 2728 1868 442 2766 2319 692 2292 140 1126 1452 2736 165 494 2558 1076 2719 2207 1130 2057 447 657 12 2825 2435 1841 2286 2248 790 2506 1473 508 2813 1892 1825 1962 1998 677 1056 2583 1899 2708 2291 574 362 627 2589 1940 2625 67 1464 1677 1874 2258 1986 1771 2382 1006 1027 2037 1185 1173 1881 2436 2598 1408 1886 1931 804 1035 1474
000844.jpg,1752 1545 1146 312 2389 987 2832 635 556 2082 4 2270 85 59 1405 1386 626 547 1934 221 188 1624 826 2411 2790 1102 1407 2501 611 943 2300 1656 1319 2044 1737 2528 1926 1644 2817 1422 613 1552 950 817 1202 2367 2840 259 2544 2241 1617 2631 463 900 283 2133 2424 2069 1993 550 445 977 2088 1328 2011 440 2826 1878 712 1983 1190 2312 266 2076 1468 1045 1636 518 260 2419 1486 2477 2397 1092 563 2148 1437 2574 2289 1029 947 1444 735 155 2836 2050 1316 1208 2652 2837
000845.jpg,835 284 1908 1310 1254 1107 1512 65 702 1830 931 848 903 768 1114 2388 1767 1340 1720 1608 1821 250 684 2471 2601 502 990 1845 2624 578 126 1235 1975 688 522 297 103 1323 2276 1413 1186 2314 1391 2667 767 1839 1570 395 1232 277 2323 1035 1285 1922 2494 1397 1184 2620 2644 1080 1458 298 851 431 1015 2302 2496 1144 973 543 1165 1075 2510 1884 2677 1537 1557 690 1502 423 1400 2503 962 117 1916 980 40 1738 398 448 2509 420 907 2561 1753 1810 1687 191 529 1113
000846.jpg,1710 1701 1489 1417 860 1788 900 2840 445 197 433 1328 2011 1993 1624 2289 2375 1437 1552 463 2707 1617 712 489 2130 2241 1045 817 606 259 2084 2836 2397 1679 1623 2424 1208 2528 2515 1444 2826 169 2817 348 1486 2790 987 1319 2767 2082 1422 675 1656 1926 312 2411 1934 1029 2454 1782 2300 611 2837 1870 2050 645 221 2832 1663 1381 1307 947 1644 635 2769 977 1895 1054 2649 1983 1386 440 550 2270 2574 1627 1878 1649 2439 970 179 556 2652 1369 2076 1407 188 2753 1102 1190
000847.jpg,2415 427 2217 2568 571 901 1793 1553 1430 1065 2267 2380 1699 429 743 1236 1492 142 2078 555 2333 332 1256 802 2029 2743 554 1890 868 417 176 2668 1888 1562 1053 2423 340 1393 1033 1686 597 2786 2227 193 988 2090 569 1886 1431 1418 289 121 536 36 886 21 2117 1398 866 62 323 979 681 199 1272 878 361 302 432 2421 2108 2032 733 1132 1588 2578 500 1041 2451 56 292 2520 1038 78 2210 933 893 13 2384 2671 2047 1189 377 1499 370 1429 2828 1949 1754 2798
000848.jpg,1096 1416 1948 1584 2272 2815 2023 2045 2755 747 2352 2034 2545 1796 1051 1965 1316 1496 1636 258 1860 1218 1569 64 201 2556 100 2721 715 2713 194 48 1261 439 770 1362 497 1586 2628 51 562 1640 305 2376 1381 155 2309 1658 2241 2836 1617 2433 1782 1320 2650 2046 712 860 1897 992 1544 1417 1649 1490 1993 563 1045 2289 1328 2837 947 1054 440 169 2439 1489 2767 1029 1679 161 2088 1444 2130 1840 1701 1552 2826 1788 260 1623 1901 2050 168 1710 2707 1895 2454 900 1422 1369
000849.jpg,1993 463 197 1617 1045 2840 2011 1663 1489 1710 445 1422 2241 1328 1417 712 1701 860 550 1444 2130 2375 900 2836 2289 947 2050 169 433 1782 1788 2837 1029 1552 2649 179 1369 735 2454 221 440 489 134 635 2832 2790 1624 480 2082 1679 2631 2707 817 925 1486 2826 2397 26 1407 1870 1934 943 2817 1437 1102 51 556 1926 2769 518 1623 348 1656 260 2133 312 2714 1405 1658 2767 2270 1381 2528 1983 1640 155 2300 1386 2411 2515 2538 1644 563 259 977 987 645 970 562 305
000850.jpg,1539 2844 264 2833 2063 2139 2092 2484 299 2455 837 2576 1009 352 2269 1982 2371 2797 667 2776 1349 428 2226 1925 1549 273 969 1242 1122 1815 1735 2524 2104 2175 17 1619 1159 1366 1571 1814 551 1589 234 891 741 879 403 2633 1025 1572 1816 2607 1 913 888 2731 1863 1660 2412 1514 2403 1520 2385 573 1480 2185 1630 342 1988 2189 1059 2246 262 2486 1698 1338 2100 2223 1540 2727 2460 867 2710 1615 846 1291 267 668 1684 600 1824 2399 317 1622 1618 2473 2717 2338 557 642
000851.jpg,2792 118 567 1791 919 1354 952 1769 2778 2065 998 808 1583 930 887 1531 748 1470 1851 928 982 1063 2379 1657 2729 1579 2711 819 841 2328 778 382 1854 2491 517 1667 1585 975 2793 1179 945 923 2575 7 2252 2304 1977 1578 9 1970 114 875 2682 2225 2349 1210 639 763 2416 2723 2647 311 1770 579 1920 151 1651 227 515 2559 25 528 916 1211 566 2459 2042 1209 1271 2026 2618 1154 2310 492 513 1368 2488 2097 512 1239 2658 1528 2361 1367 871 2462 2829 177 2081 776
000852.jpg,493 1196 976 1358 366 2672 2174 859 1279 1034 1234 2004 1861 797 2461 1575 746 2327 1724 57 1758 570 210 1276 1792 1580 2418 1930 1947 2184 756 133 280 2125 2694 793 1664 2456 2374 1665 1859 1765 2838 548 1392 2330 588 2186 1776 1375 801 583 158 2206 1086 2739 1072 1191 1457 720 880 2541 2321 242 228 857 1877 1043 885 2662 1193 1675 842 1887 2703 263 294 2581 2039 1030 1432 2187 1551 2123 689 798 1350 2332 170 2590 2198 1542 2659 2548 2356 1229 1494 287 1345 1377
000853.jpg,2679 99 1163 2122 177 1903 2829 760 437 1872 453 1233 1085 2163 477 816 380 401 1628 1599 399 73 981 823 2074 1510 461 595 2587 208 460 2469 731 1160 141 72 1717 2055 2636 2655 2009 1023 172 2126 1145 174 1976 2775 164 694 1784 1415 156 2722 2098 1047 2577 1241 2274 2747 612 2452 1808 1688 1504 1155 1436 2218 2355 222 2691 1321 755 1479 850 1404 2156 2642 599 1098 1100 2446 1682 2645 2537 320 1305 1089 2362 2512 2342 2432 1263 1817 2420 1219 2071 897 1911 2262
000854.jpg,1882 956 829 2194 1761 1153 1227 661 2261 750 669 334 476 2387 1541 285 1603 1221 820 546 2168 582 372 1260 6 807 1697 1995 2425 1188 1560 2197 2823 1797 1536 2678 986 2080 115 2643 759 732 2313 762 2572 1757 1318 1400 796 620 1387 38 1267 1057 1336 2476 1462 45 882 448 84 2623 2278 468 922 2688 1013 2677 1084 2216 2571 905 1315 629 42 1380 1570 411 1911 1866 636 1858 2706 1482 1371 941 971 1083 1726 624 2514 894 2705 1032 1525 2831 2807 1456 2620 2245
000855.jpg,2045 2023 2755 1584 747 258 770 1320 1948 2545 1096 1416 2034 1796 2272 1569 2352 64 715 1051 100 48 2721 2815 2556 2836 2713 439 194 1649 1496 1636 1417 1261 2628 1316 1617 1218 51 1640 860 161 2837 201 1586 1782 947 2767 155 1381 305 2289 712 169 562 497 1489 2130 1328 1444 2241 1965 1045 440 1860 1993 1788 1895 1054 1658 2650 1029 1701 1710 2433 2454 2050 1663 1870 2649 1369 2707 735 992 26 2376 179 463 1544 1679 2046 433 1407 173 2538 1362 2439 2631 2652 2088
000856.jpg,2669 2025 192 61 1787 2396 654 207 225 1781 2280 49 2794 408 245 239 2070 525 2091 2173 139 1282 2164 296 383 838 209 356 2311 1141 1248 1356 1506 1780 1435 625 679 2232 2137 1505 822 1127 1481 252 418 52 2470 346 1598 455 1022 1568 858 1262 1216 268 2531 216 2806 452 113 2821 2244 1037 2142 295 131 1475 1124 780 653 2236 786 2053 1024 1924 1168 1299 1503 1140 806 1843 758 2059 1274 290 1875 484 1275 1465 1829 1378 241 1789 389 467 464 2765 495 1706
000857.jpg,629 1462 882 1757 2572 123 84 986 941 1113 2152 2677 1371 2150 40 2359 1139 2494 594 1661 1605 1960 482 1616 2502 2115 2571 1949 909 1477 244 1987 851 2706 2421 327 1144 1365 762 214 2348 1687 1696 2620 1255 1866 1184 1263 1927 1602 2216 106 2678 1171 2567 856 2203 96 300 750 676 509 1659 1603 815 785 1400 1032 2109 2197 1336 2089 2194 1458 2386 285 298 189 2841 1013 281 2261 614 1397 2506 2526 2245 1199 1219 270 474 2079 2060 2705 1283 621 1221 420 1922 419
000858.jpg,2449 1474 8 1671 2535 325 745 1006 443 1082 1308 586 1090 2706 2167 1697 1763 2216 37 1380 1250 946 2593 1456 1817 1322 488 724 922 2156 624 924 2567 1661 2452 167 915 2831 1709 2645 938 2293 1550 1352 1263 2222 1881 2245 2463 1750 2623 42 396 136 110 2432 2086 20 2313 2410 2571 1911 1423 905 1371 2483 2642 2841 474 2514 2355 2003 2096 2118 1015 1267 1321 836 2573 1173 1363 459 980 2109 111 1995 1219 703 2475 2195 468 1333 2425 1200 2071 1933 1206 1582 1501 2572
000859.jpg,2152 84 2502 941 1605 1960 40 117 2494 1184 2572 1659 2841 1198 1139 2303 1371 2263 327 1113 1205 6 1979 2706 2348 2678 2203 1726 1525 851 106 298 1502 214 1687 2623 1221 2620 1632 1570 1922 1400 1032 2573 1084 2554 2115 1661 244 592 1537 1987 419 1927 2153 96 594 894 1696 2109 285 1280 1171 690 621 1891 2179 909 420 189 582 1603 1616 1397 2567 2677 1602 1882 22 546 2030 815 2497 2060 1199 924 275 2571 1866 2386 1760 148 481 2831 2162 2768 1214 300 1723 2726
000860.jpg,1385 1779 2145 406 1894 186 1718 1871 519 1992 773 1731 2763 2102 742 1138 1007 1645 1707 2613 257 937 852 709 1800 1479 1527 2377 1516 535 1682 1969 1387 1325 320 1442 2318 1676 1526 2219 392 2516 1511 2262 410 605 434 1495 568 2341 544 1455 253 1200 908 1783 301 336 1068 365 1131 2609 1002 288 1670 2299 2600 730 1794 2730 338 984 1079 2543 1309 1005 673 893 2420 749 1966 1978 2243 2151 1020 1142 1119 2364 811 112 1243 2560 2458 1498 2085 1311 2469 1040 2331 94
000861.jpg,2045 2755 2023 1584 258 747 770 1320 2545 1796 2034 1948 1096 1416 2352 64 1569 715 439 1051 2721 2272 48 1029 100 51 1586 562 2631 161 1895 1640 2289 1417 2556 463 2837 860 305 497 2836 1993 1788 1617 155 194 1636 2130 2767 1552 1649 1261 2815 2628 1319 1218 1381 1316 1701 1496 2650 440 1782 1407 169 712 1710 433 2735 611 2713 1544 1045 947 1328 201 992 2564 2439 2241 1489 2050 1362 2482 2454 2652 173 817 1658 1897 2287 2707 2649 1870 2300 319 1860 2538 2732 2367
000862.jpg,1801 2277 529 395 2644 2323 1798 1230 962 1334 572 853 1561 1683 545 1197 1394 465 2759 1631 374 714 1898 898 803 2242 2579 1087 1558 2504 101 1207 1928 2409 1166 789 1093 1306 1175 364 581 2238 1427 328 1035 251 1951 2542 989 2040 589 766 2381 426 2072 1361 1839 485 646 617 754 1900 499 540 1689 1451 783 737 1883 341 1389 2113 2054 1597 634 658 1091 1115 2540 240 614 407 2561 2249 1996 436 1137 1300 1346 727 739 2546 2178 1213 1559 293 1257 2295 483 291
000863.jpg,2798 2629 1429 2539 729 2428 377 2578 828 2120 2031 1070 1668 2221 2602 1374 2038 1337 933 672 2520 2640 2828 2210 964 13 1038 2671 358 640 1399 2421 1754 1272 865 1949 1041 1249 2808 2083 1952 1329 323 1910 1266 2335 1764 2047 2570 2839 1049 370 1189 698 1255 979 2786 955 176 2451 986 2032 2387 56 1033 121 536 932 340 123 1431 2227 988 193 2668 569 2423 36 2384 1757 21 743 2795 289 302 1132 1588 882 680 1256 1393 1525 292 554 893 78 1686 733 432 2117
000864.jpg,924 1487 37 586 1090 1082 1308 1763 443 922 1471 1006 2216 629 2841 1703 953 122 1456 1697 1363 275 1462 325 2167 2268 1474 2535 411 2677 1288 745 1284 1153 1188 1570 650 1916 167 1891 2179 2249 882 1757 1723 2706 986 123 459 1400 2666 281 1541 1502 1882 761 1605 475 1184 2823 396 1537 1205 796 820 285 2150 1995 334 2346 1687 2222 298 2623 2194 750 1073 594 2573 1865 1488 2494 448 2043 2502 2483 1221 84 2425 1603 546 327 1661 1371 1866 2197 2136 1255 2572 2816
000865.jpg,1752 1545 1146 2389 312 2832 987 4 59 556 635 626 85 1405 2082 2270 547 1386 826 221 1102 188 611 1624 1934 2411 2790 1407 1319 1737 1656 943 2501 2367 950 1644 1202 613 2069 2300 2528 2044 2817 1422 1552 2133 1926 283 1617 1092 550 440 1983 2241 977 817 2424 2419 2148 2544 1636 259 900 463 2631 1878 2477 2840 518 2574 266 2088 712 2397 1468 1190 445 1316 2652 74 1428 2312 2076 1993 735 155 2826 260 2837 1045 1029 169 2724 1486 947 2836 1208 2289 2050 2011
000866.jpg,1908 284 1107 835 1310 1254 702 65 1830 1512 931 848 903 1114 768 2388 1767 1340 1608 1720 250 1821 684 2471 2601 502 990 1845 2624 126 578 1235 1975 297 103 688 522 1323 2276 1413 1186 1391 2314 2667 1839 1232 767 1570 1458 1285 1035 431 277 2503 395 2302 1922 973 1165 1015 2323 298 2496 42 543 851 1080 2644 2620 1075 1184 2494 1400 398 191 2510 690 2197 45 448 2509 1810 1884 309 423 249 1144 2571 1397 1557 1536 1537 529 1217 315 1502 2561 2216 2056 2183
000867.jpg,2066 2178 2113 304 1213 1389 2546 1115 1019 2022 63 1333 1785 545 1228 1685 1394 149 954 182 1175 1951 485 1306 614 1137 2072 1760 898 1361 1712 1087 727 589 1559 1166 2504 658 1207 374 101 2040 962 341 1971 1300 1558 714 737 1257 1743 1561 1928 2238 2242 251 2827 1801 617 2542 1883 1798 1230 1298 1343 2277 132 1693 1161 2656 1451 2323 803 783 364 1334 2644 983 695 529 1106 1786 215 395 1631 499 1176 766 2547 1353 2759 2000 2016 1513 2149 1856 789 2190 1773 581
000868.jpg,2512 1504 222 1436 2218 850 2362 1305 2691 1052 2355 2071 1790 1098 2750 2342 2450 2645 1321 755 1638 1806 1933 2201 935 2096 836 2156 1736 2432 1709 1911 144 612 897 1023 401 1085 141 177 2679 2074 2163 453 2122 461 981 380 2829 816 796 477 2446 2587 2452 2098 1903 2055 1047 1628 599 399 2535 2747 73 595 1308 1006 1082 1163 1145 1599 437 2449 823 2274 1510 745 396 2642 1621 2593 443 1808 2469 1090 1233 1976 586 2296 1474 2318 1717 208 2420 760 8 2537 1671 2636
000869.jpg,767 277 1938 1833 1443 889 2686 1747 2496 1753 2777 1125 2478 2077 2772 2510 70 951 2532 2315 1759 1834 431 2702 211 2302 2757 2818 1165 315 1980 2561 2015 1557 1252 1460 2 1390 369 2663 1989 18 2622 191 1842 1035 1839 2685 601 990 2624 297 2323 500 997 1884 1333 1845 461 980 1413 36 103 688 1793 1235 2245 126 1065 988 2507 2620 2022 167 1605 522 1952 733 72 571 193 1418 2216 1263 569 1080 1137 1431 374 1323 1023 2346 1502 1047 20 1916 1767 2514 1511 2276
000870.jpg,1742 243 1554 1370 1396 1105 813 355 337 2696 2257 1673 1331 1614 921 2064 1384 2458 966 487 1290 1495 2660 1681 662 2085 2600 908 1705 942 2049 2259 1017 2282 1909 446 1518 1613 1604 660 1237 530 360 2782 1567 2140 1981 2596 54 1301 631 2664 542 1058 1739 1893 710 1000 451 2543 2369 1853 984 1002 975 151 1271 2796 1879 50 394 1946 513 2793 7 1978 2336 2405 1695 607 2803 1565 301 2711 2392 871 2416 2262 2005 2251 2274 1808 567 1031 488 2560 2299 1968 905 1455
000871.jpg,631 1518 2282 2049 530 1604 446 1301 1290 2140 1058 1017 451 2596 1981 607 1237 2796 2064 1567 1384 921 1909 2085 2458 942 966 2543 487 1613 662 2600 1705 1681 1495 1673 2392 1742 337 2093 2257 2696 1331 2660 908 1614 1978 984 1002 1879 2262 394 243 813 660 1105 1119 1554 2664 1396 542 1000 1739 54 2782 1370 1853 2259 355 360 1676 710 2369 1893 2357 1695 1455 1906 1581 852 1094 1508 2405 2251 320 1621 50 2560 151 1850 1550 749 2636 678 1020 435 800 2005 1794 1271
000872.jpg,2769 2454 1870 26 348 2538 2649 480 925 1369 2714 179 550 712 2130 2050 1417 1788 1422 518 445 2840 2289 1045 1172 433 860 1617 2650 735 2011 161 1710 1489 440 1701 463 2088 1328 197 1552 260 1895 2676 64 2375 168 645 259 2544 562 1029 524 2574 1569 1640 2652 2826 1092 1453 2352 439 305 51 48 1983 2721 635 1901 2309 2044 977 2707 2724 1054 970 2358 134 563 1796 201 1993 2337 2241 2148 1253 1948 2433 1496 1486 1190 715 489 1624 194 2564 2287 2631 826 2069
000873.jpg,629 1757 882 986 123 1462 2150 1255 2677 909 2359 924 1866 281 2572 275 1365 2494 214 1184 1371 1541 2623 2387 1487 84 941 2348 334 750 1603 1113 1882 820 2197 1084 1139 1406 907 2245 1263 594 1477 1280 1144 785 327 1641 1400 372 946 2688 396 956 1922 1525 2841 2216 1687 2141 2115 1197 2493 1602 971 624 2179 351 1166 2425 676 1502 474 1205 186 423 1738 2627 1075 2030 1198 1605 1616 1488 40 1219 1423 2678 2483 104 1659 932 1928 1953 546 2203 1987 1761 839 270
000874.jpg,2263 2678 2386 1525 2623 1726 2116 2572 1371 1960 1198 1280 40 2522 1083 1084 45 2056 2807 2048 592 1632 96 1251 644 2720 861 762 1768 1596 1802 2141 2562 1364 106 1064 851 894 419 1856 636 2153 2761 300 1013 2554 620 957 2188 732 949 1702 2441 1880 2498 183 2688 1318 181 2111 2278 1536 387 1336 1199 1927 189 2160 971 2591 2203 2442 1032 2448 2079 1113 2760 2737 2571 2401 2182 1004 84 171 2831 1315 1108 1139 844 2612 1283 1696 214 270 621 2733 1659 940 1365 474
000875.jpg,1749 2579 789 240 483 1353 1300 2784 2759 1883 1483 1447 44 376 16 1469 374 2504 2054 2238 251 646 766 803 101 1451 1672 1361 2000 1801 328 1178 2381 1427 2242 291 2040 2540 1091 341 1900 2277 2555 1996 364 576 1971 132 1230 1727 1176 1898 1559 777 2437 2058 1087 695 2190 614 2547 2202 1257 2785 2317 1631 2700 1161 2644 1990 824 88 1137 1476 407 215 1513 545 581 1786 832 540 2422 2745 1106 2249 1389 1914 2072 1683 436 34 962 572 1798 1207 1394 1847 2441 395
000876.jpg,1096 1416 1948 2272 2815 2352 1860 1965 1051 1218 1316 1636 1496 194 201 1362 2556 2721 1261 1569 1796 64 715 439 562 100 2713 51 305 48 2034 2309 155 1584 497 2628 2545 2241 1586 1381 1658 1640 1617 712 2433 2755 1897 2376 2650 1993 2836 563 260 1490 1782 2045 747 2023 1552 1328 2289 1901 2046 1544 2826 2767 2454 231 1045 1422 2088 168 319 947 2837 258 2631 169 1369 992 1148 860 1679 1444 1878 1453 2439 2130 1054 2553 900 645 1486 1623 445 2652 2707 2649 1649 2050
000877.jpg,1518 2282 631 2049 1290 1017 530 2596 1604 446 1301 2064 2140 1058 1981 451 607 1237 1384 1567 921 2796 2458 966 2085 942 2543 487 1909 2600 337 1495 1705 1681 1673 1742 2392 1331 2660 2696 908 2257 1614 662 1613 2093 2262 243 1002 1978 355 1396 813 984 1554 1370 1105 1119 1879 660 394 2782 2259 2664 360 1676 542 852 1739 54 1000 2357 1853 2405 1893 1621 710 1906 2369 320 1695 2420 1271 151 1322 2156 1200 1550 1094 50 1455 488 855 2560 678 1321 905 937 1581 186
000878.jpg,536 121 569 2090 988 1132 193 1588 1268 1431 680 36 2117 2333 866 733 1793 901 500 2217 2786 1553 1393 1065 429 2227 340 176 332 2668 1430 802 1256 142 2029 979 1492 1033 2743 571 1418 1562 886 1699 1686 2108 1890 555 597 2078 432 2384 878 417 427 554 21 1499 2415 868 1888 199 2267 2451 2568 1038 289 1053 323 1398 1886 1329 2578 62 302 681 1041 1049 377 2380 1910 361 2421 2671 893 2335 729 828 1249 1374 2839 2423 2798 78 933 865 698 1754 2602 1272
000879.jpg,1236 2267 2380 1699 1430 1553 1492 2078 142 1886 802 429 1053 2333 555 2568 866 2415 2217 1431 901 1890 36 868 743 2117 1793 427 1888 733 554 2029 2423 1256 2668 878 1033 1499 289 1562 417 500 1588 332 176 2743 1132 21 681 536 680 62 597 361 2786 1393 340 1418 302 199 1686 886 988 292 2108 2227 193 1398 121 1065 2451 893 432 78 2224 2387 2384 1041 569 1406 2221 979 1038 323 2038 2032 2047 249 1012 571 2324 1001 123 2421 1429 2539 964 2350 1243 2671
000880.jpg,1055 1944 2728 725 2294 165 2558 2207 1825 1130 2766 1056 2825 447 2741 1940 2135 1212 692 2292 137 1126 2842 2736 116 1606 204 1547 97 494 2319 1986 899 2511 1463 442 2057 1935 2719 1134 2041 246 2435 2305 1899 2580 1067 2291 2248 2506 2813 2068 1874 2258 686 722 1464 2382 146 2665 1223 574 1962 1841 1076 647 79 1937 1452 140 1868 2708 2286 657 1185 1639 790 362 2393 2639 948 1777 2683 1408 1473 12 1892 1942 677 2438 271 1677 1439 2625 2037 804 682 1721 2440 1771
000881.jpg,2491 2328 1179 1578 1977 945 2682 841 1651 639 1920 2647 1579 2252 1063 1770 9 887 114 2723 1470 1531 748 916 2042 819 1667 1585 2575 2310 982 2792 1791 919 227 1769 952 118 1354 1528 2778 998 1583 930 567 1851 2379 517 928 2459 2729 875 2349 2065 311 2225 1210 1154 763 2304 1657 515 923 2026 1368 1211 579 2097 566 2416 2488 492 1367 975 25 2793 1239 512 2559 1854 2618 528 2462 778 382 2711 7 151 1209 808 2334 1643 1970 1566 1819 2081 513 910 1402 1271
000882.jpg,2210 13 640 2520 1272 1038 2421 1754 2671 1041 1949 323 2578 1189 2047 370 828 377 2798 729 1910 56 2839 1329 933 2387 2335 2539 536 2602 1431 2828 2570 1793 2032 865 121 1374 1429 2083 2629 672 2795 1337 193 988 2568 36 1668 432 2380 2415 2221 1764 571 569 1132 2078 2108 901 429 1588 332 2090 1049 1065 1553 2668 2808 1562 2117 1952 680 427 2428 2031 1266 1070 743 2640 733 1399 142 372 2038 2423 1236 2029 820 2267 2120 2451 340 866 1430 698 2786 1256 955 2217
000883.jpg,1569 715 100 64 439 2721 48 1640 1796 562 305 51 155 2034 2545 2650 2433 1860 2713 1496 2309 2272 2556 2376 1453 201 2631 1584 1490 1948 1617 1096 2352 1381 1658 2241 712 1636 1316 194 2836 1901 1051 1782 563 2628 1416 168 2289 440 2826 1993 1045 1422 1544 2439 2050 169 2815 1218 1965 260 2837 2130 1840 2088 1328 518 1878 2649 947 550 645 2454 1261 1444 231 1369 1649 445 259 2707 1552 2652 2538 497 1586 900 1148 2011 735 1054 2023 747 1623 559 1417 134 860 1029
000884.jpg,2054 2000 1361 1451 646 1559 727 658 589 614 1951 485 1175 1306 1483 1786 1106 1971 2787 44 1257 2072 1447 376 1137 1207 483 16 789 1300 1353 1672 1469 240 1749 293 291 2656 1178 2579 2437 803 1230 251 2149 832 2540 1798 2784 1900 1091 374 1801 2040 1427 581 2409 1535 2381 215 1334 2644 1513 1019 2785 1357 1389 2504 1558 76 63 1346 824 395 1087 714 1836 132 1161 1693 436 954 1115 1996 1990 2547 1914 2190 364 1180 1176 737 576 1883 2317 1561 572 1213 1593 341
000885.jpg,2113 2066 2178 1213 304 1389 2546 1115 1019 2022 63 1333 545 1785 1228 1685 1951 1175 485 1306 1394 614 149 954 1137 2072 1361 727 658 589 1451 1559 1207 182 1971 2000 1786 1257 803 1106 1798 898 962 2040 1230 1300 2504 374 1334 251 1561 215 714 364 101 1166 2054 2644 1883 341 2409 2656 2787 1353 395 2242 2381 1801 789 1087 737 436 1900 2759 529 572 2323 581 1760 646 2579 1743 2238 1161 989 2542 1558 1513 1427 1176 132 2149 1091 1693 1928 617 2277 1683 1773 483
000886.jpg,941 2502 2152 84 1605 2348 1139 1953 214 2841 1602 1866 909 2706 1171 2751 2567 22 1214 744 2109 244 2115 1616 1365 106 1696 957 1927 1199 1032 189 609 1632 815 2060 2141 2404 1987 2572 924 1661 1371 96 454 1889 851 509 1960 1280 2457 1738 2623 2162 894 1766 2263 419 420 2554 40 844 2203 510 2153 1525 1084 183 171 1397 2726 2768 2197 621 2620 2464 2303 2401 1283 2612 300 270 481 1113 167 2448 2678 2705 592 1726 2503 1477 2386 1907 785 1659 2571 398 1744 1364
000887.jpg,213 2024 426 2143 24 1597 2430 1689 634 2638 2408 1804 2533 1719 2320 1149 707 29 754 135 558 2295 967 1728 293 286 2756 2413 2673 2172 2354 757 2021 184 1448 853 1478 1849 1231 2615 1533 119 1265 1296 2472 80 1383 739 1984 1269 218 1312 2787 520 424 19 1529 2566 1945 91 1867 792 1722 232 2296 498 2235 2390 2178 2113 529 2014 2124 1733 388 1326 2366 2508 2224 2725 304 425 375 1766 1093 1061 609 1019 473 646 1213 898 2054 752 2404 2066 540 2546 163 2464
000888.jpg,1730 1929 1275 2806 2687 295 464 1831 1655 1706 927 1789 504 268 1097 1293 2715 131 1262 1875 2236 159 326 31 1026 999 580 1011 2301 331 1822 1813 1240 2062 1143 324 1378 125 456 455 655 1022 1912 2407 1923 1932 1281 806 2765 2059 1039 1475 1568 788 1118 2142 484 1024 1008 33 840 467 495 1503 241 653 1662 1843 2285 2531 389 501 780 430 1062 2244 452 89 1274 418 1335 1297 2429 2232 2316 290 52 2565 346 2053 1755 314 129 786 2634 534 1465 2698 1635 1787
000889.jpg,1752 1545 1146 2556 2389 1316 59 950 2790 2367 312 1102 2832 1624 1926 221 2528 1644 1407 1656 1202 1496 987 2300 2817 2411 817 2069 943 635 4 1934 556 85 1965 1636 440 1405 1386 2270 547 2082 2501 2836 1649 626 2272 2241 826 613 2837 735 1782 2050 1737 2840 860 1796 1045 1381 169 1328 1617 712 1799 611 1319 947 2767 1584 1444 155 900 1096 1218 2044 1417 1658 1422 2454 518 2826 188 2352 1710 194 1054 2289 1948 1489 1993 2538 1840 2628 2439 51 305 2477 283 1788
000890.jpg,352 1349 1 913 1520 2727 1571 2399 1572 17 234 573 2541 1025 349 307 1615 1618 969 642 2635 223 2834 1815 1514 2455 1540 837 2226 1009 1539 2063 2246 2100 1630 2215 1698 511 2158 846 2223 127 2255 1684 403 2486 600 2175 1159 2710 195 1338 1059 2340 2473 2619 551 892 2338 2339 2253 2298 1622 264 1409 46 961 71 697 2529 342 1360 810 2444 317 2517 1619 1509 958 1366 2833 1925 1863 1258 2844 2484 1215 1445 879 718 1270 1629 2776 787 1994 2385 2524 273 2139 1112
000891.jpg,1993 1663 1489 947 712 2836 1328 1710 1045 1417 1444 1617 2050 1369 1782 197 860 2130 2837 2649 2011 2241 1701 169 2454 179 1679 1870 1422 2840 2707 2767 735 2289 26 925 445 463 440 1381 1649 433 1054 1623 817 1658 900 550 348 480 1624 221 2790 2817 1407 2375 1788 2714 489 1644 1437 2528 2832 1544 1029 1656 943 51 1102 1926 645 2300 1552 1934 2769 1218 635 1796 1486 2397 2439 2411 970 1405 1092 1983 1208 312 2652 260 2538 2084 1569 2515 2082 155 134 977 2574 2826
000892.jpg,2414 107 1177 2604 2550 1104 2641 1669 2176 55 1507 728 397 1194 575 2754 1691 2019 834 1482 2080 1523 441 2695 2555 2661 333 1016 2383 309 584 827 2239 400 373 2495 845 2288 1943 1035 2395 736 856 306 1180 2169 1919 83 2073 2296 739 1922 1950 1217 2326 926 792 1326 167 1014 2014 1423 20 2245 1641 2573 541 2508 796 473 1401 1818 1144 1263 1593 993 327 1353 2630 1310 896 2303 2791 1727 1900 766 761 469 564 205 1801 375 980 2124 2058 2620 1883 1205 2426 1502
000893.jpg,1067 2068 2665 79 722 2511 246 1547 1134 2305 2842 1463 97 204 2041 1935 116 2135 137 1606 1212 2741 899 1055 350 2294 1944 725 2766 1126 2558 442 1130 2728 2292 2319 692 2825 165 2736 686 2207 1868 2719 140 1940 1452 2580 2506 1076 447 1962 1825 1056 790 1841 2286 1464 2813 2248 2258 12 2382 2598 362 494 804 329 1986 2057 2436 1006 1937 1639 271 1408 2708 1942 393 627 2393 1473 508 948 657 1185 2639 1777 677 2440 359 67 205 2499 1874 2296 443 1036 1223 2583
000894.jpg,2798 729 2539 2629 1429 1337 2428 2640 1070 2083 2120 2031 2221 377 2578 1910 828 2335 1329 2839 865 2038 933 2520 1266 2602 2808 1764 1399 1374 964 2671 1668 2210 2570 2795 1952 672 323 358 2828 13 1272 640 1249 2421 1189 1038 2047 1754 2032 56 1041 1949 2387 2786 370 1449 476 669 1431 979 1880 1802 733 36 432 176 2227 955 193 571 698 121 988 1793 340 1268 1084 536 2260 1806 1049 1562 569 2668 866 680 1521 1888 2090 500 2449 2247 592 829 1065 2117 1474 2451
000895.jpg,348 26 2769 1870 2454 925 2649 1369 480 2538 179 2714 712 550 2130 2050 1417 1045 1422 860 735 518 1788 1489 1617 1701 1710 440 1328 2241 197 1993 64 2011 463 2840 1569 48 445 2721 100 1663 562 2289 1096 2836 305 1948 51 1796 1782 715 2375 645 817 947 439 1624 433 1054 1552 1416 1029 2650 1444 2837 1640 260 155 2352 2034 2707 169 1658 1381 1649 1172 2088 1679 2528 1486 970 1218 2419 194 900 2826 2556 524 2544 2300 168 1983 2309 611 1644 2545 1319 489 1623
000896.jpg,1489 1701 1417 1710 860 1788 1993 197 900 1328 712 1617 1870 1045 2836 1437 1679 348 2649 817 2011 1624 1369 2241 2050 2790 1444 463 2130 179 1663 26 925 2289 1782 169 1623 489 1649 2837 433 2528 947 1926 1407 1644 2817 1054 2454 550 2300 1486 1796 2084 2767 1422 2375 1381 2515 606 1656 221 1208 2707 2840 2424 440 1658 1029 2411 2826 2397 2034 735 1096 1545 260 1627 51 2439 134 2088 2545 155 1102 2628 1307 1569 1544 1552 2045 2714 2082 305 2721 2769 715 480 1983 1386
000897.jpg,1971 1786 1257 1106 1559 1451 2000 2656 2149 1361 2787 1693 1357 751 76 1593 832 989 564 2288 926 230 39 2495 2381 1091 1818 803 581 1900 1180 2437 2040 374 215 2504 789 436 251 2114 646 2281 1672 777 341 737 2542 1116 766 2129 2238 1743 1996 1836 364 1137 1713 614 2190 310 1914 2700 2827 2540 1427 1714 2785 983 1207 2054 1300 1353 1224 2202 824 2745 132 1990 101 2579 2441 954 1535 1178 683 293 1346 1685 483 695 88 1176 2016 1951 2072 328 2547 576 1306 727
000898.jpg,1548 269 531 2685 2315 368 1725 1980 2499 444 2702 1263 1035 1833 2051 1439 425 1839 2483 1326 2249 2014 2245 1747 2494 1443 1986 1502 1165 375 1750 1817 1979 1200 676 1423 1938 2302 1219 1570 796 1088 2303 2653 1712 1529 1641 889 1007 182 1849 298 2573 767 191 205 1760 1184 277 111 2506 1711 946 907 1582 2296 315 2179 980 2561 1183 1884 2318 594 136 2599 2686 1197 1488 2124 1659 1205 306 1462 792 40 149 660 2497 1537 2323 1940 473 2154 2180 44 1605 2195 327 1603
000899.jpg,2113 2178 304 1213 2066 1394 545 1389 2546 1115 1019 63 2022 1333 1228 1785 2249 614 2072 1137 1951 1685 149 2277 1801 1175 727 1087 658 761 954 1558 1306 898 1207 485 589 1361 1631 182 714 529 1451 2644 1230 1300 395 1483 1798 1559 16 783 2000 1760 341 1298 572 1712 2323 1727 581 1447 962 924 44 2547 374 2054 737 132 1106 2114 251 376 824 1561 1093 1353 2242 1166 1334 2409 2040 2317 1176 2190 1749 1161 1856 2656 2555 215 1683 1257 1091 2202 1900 695 1786 1469
000900.jpg,1145 2098 2747 1047 612 1023 141 2055 1976 461 453 401 477 2163 1628 2122 981 760 2829 177 1163 2775 2636 2679 2009 164 1510 174 72 816 1415 595 208 1872 2587 1903 1085 823 399 1688 2274 156 731 172 694 2655 1160 99 1717 2722 1599 437 2469 460 1808 599 666 755 1241 2537 2074 2126 1784 2577 380 1100 1233 1404 1436 2450 1089 1736 1321 1806 73 2642 2218 222 1638 2645 1155 1504 2446 1933 2452 2342 1098 935 2691 1790 2071 2750 2156 703 1879 1550 1906 1105 110 783
000901.jpg,2669 2025 192 61 1787 2396 225 207 654 1781 2280 245 49 408 525 2794 2070 2173 139 239 2091 1282 296 209 838 2164 383 356 2311 1141 1248 1356 1780 1435 1506 625 1505 2232 679 2137 822 1127 52 418 1481 252 346 1598 1568 858 653 1022 2244 295 2470 1216 2142 2806 1274 1293 1275 1097 455 268 2531 580 290 1929 31 113 2236 806 780 1262 159 786 1730 2053 131 1037 2715 1465 1024 1843 1143 216 2821 2765 1168 1503 1299 1011 1124 2059 2687 1475 326 1140 1706 464
000902.jpg,1701 1710 1489 1417 860 1788 2289 433 197 1328 900 2375 2011 2840 1624 445 1993 712 2130 2707 463 1617 1623 489 1444 1437 1679 2241 817 2836 348 2084 1045 606 1319 1870 2082 2767 2817 169 2515 1895 2050 1422 1656 2424 611 1663 1029 947 2270 1552 1782 2790 2837 645 2397 1208 2528 259 221 179 675 2300 2649 1649 1054 2826 1486 2769 2454 1926 987 440 1386 1627 1381 2439 1934 2411 59 635 161 2367 2076 1407 556 1644 550 188 26 925 1369 1544 312 2832 2714 1307 943 626
000903.jpg,105 2394 1778 416 11 883 1946 664 2110 1271 7 151 2793 2711 975 513 1854 1419 2559 301 2331 2696 1209 243 2560 2618 337 94 528 2416 808 1370 1331 568 2792 25 2026 1585 567 1614 1002 1309 1742 2575 2830 1970 1681 821 1581 1442 819 487 1325 2697 875 1573 1200 512 566 2087 382 2349 1142 1495 871 1992 1554 800 2005 982 1673 2519 1791 1040 673 908 2658 2730 2600 1968 1020 1966 1705 318 1105 517 2723 1152 593 1210 1036 2065 678 916 1239 1119 1403 1077 1396 813
000904.jpg,18 1842 2663 2 601 951 1834 2818 1252 1759 2757 2015 315 1557 1390 2622 1753 1125 2777 70 2772 2077 2478 1165 2302 2510 431 2561 191 1035 1839 767 1938 277 1747 2315 1443 2161 889 2686 2667 2702 1833 522 2685 2532 1989 2323 1114 1980 249 1075 1810 211 634 1767 2509 2624 1012 931 369 962 2583 1406 529 2496 1845 126 67 29 1460 1952 578 990 202 1418 2296 688 2430 1511 395 1413 2644 792 702 2276 944 768 2143 1969 1326 1801 597 2172 2746 293 473 1235 2671 853
000905.jpg,1752 1545 1146 2389 312 59 2832 987 1624 1102 4 1934 2790 2501 221 1656 626 1407 635 1405 2411 556 2082 1644 440 1202 2528 85 1386 2367 2270 2817 1926 547 943 950 2241 735 2300 1316 817 826 518 1840 1737 2556 2044 1636 2050 2836 169 1422 2069 2837 188 611 1617 1782 1045 2840 712 613 1649 155 550 2439 2826 1319 1799 900 2538 2454 1381 259 1544 1444 2649 283 445 947 260 1328 2011 1437 1092 563 1552 1796 1486 480 860 2088 1878 2133 2148 2130 26 179 2424 305
000906.jpg,1096 1416 1948 2272 2815 2352 1860 1965 1636 1316 1218 1496 1051 201 194 2556 1362 2721 1261 1569 64 715 562 1796 439 100 305 2713 51 48 2034 2309 155 1586 1658 497 2628 1381 2241 1584 1640 2650 2376 1617 2433 712 2545 1897 260 563 1490 1544 747 2836 2755 231 2088 1993 2289 1901 1552 2826 258 1782 1148 319 1422 2046 1328 168 1453 2631 2454 2767 2439 1878 1045 2732 947 2652 169 2837 645 1486 2553 992 440 2045 2130 2076 550 2023 900 1369 1840 1054 161 2050 445 2337
000907.jpg,2437 1672 1836 1749 1057 1483 44 1990 16 2700 291 1447 1469 376 2317 1914 2785 1535 2202 1476 832 1593 1178 576 1727 824 1856 2555 1224 2745 88 2058 95 834 1116 1161 2249 2441 1773 2547 2190 1795 1513 683 47 1277 1713 1449 1304 1714 1103 132 596 1838 2827 983 2180 2129 1743 761 1176 1346 1847 60 1353 483 2111 83 2784 1300 695 751 2296 2016 1620 2554 1999 396 792 1632 2000 1482 845 96 894 441 419 603 2153 1147 2695 2383 2523 2096 1523 1693 2080 1919 2518 1456
000908.jpg,1545 2389 59 1752 2367 950 1146 4 626 1799 1202 826 2082 2270 1737 440 556 547 1386 611 1552 2840 463 613 1029 2312 1319 1407 2289 1624 2069 134 259 2837 1993 635 2477 312 283 1788 2148 2375 987 735 2088 1895 169 1468 1045 977 85 1617 1649 2076 2241 2832 860 445 433 1584 1422 155 1934 550 2735 2050 1544 1878 260 2300 1328 2652 2439 2130 1172 563 1656 817 2424 904 1486 188 1663 2133 1926 197 1444 1405 2631 900 2650 161 2836 1148 2501 1417 173 2515 2411 562
000909.jpg,1993 1663 1328 947 1617 1444 1045 712 2836 1782 2707 1679 2130 1623 2767 2241 169 1489 2011 445 1710 1054 2837 2840 860 1422 1381 2050 1649 1552 51 900 2454 1369 197 1658 1417 645 1701 2289 440 179 735 463 1486 2714 1029 1218 1437 1948 2649 1640 1569 259 155 1544 433 2769 1096 1416 480 1796 134 260 562 1208 2439 305 348 2650 1307 1253 1261 550 1870 925 635 2721 26 2826 1190 1788 2088 2419 2652 559 2352 1624 817 563 2544 2574 2082 2397 2133 188 439 715 64 2628
000910.jpg,1588 1132 536 988 193 569 121 2090 1431 680 36 2117 1268 866 733 500 2333 1492 142 802 2078 1793 901 1499 2217 1430 1553 1699 429 878 1053 1890 555 2029 1886 2668 868 2267 554 2415 1562 1256 1888 1033 332 1236 176 2743 427 2568 1393 2380 417 2786 2227 1686 340 289 1418 21 597 2108 2451 886 2384 1065 681 199 1398 979 62 302 2423 432 1038 361 743 292 571 1041 323 2421 893 2578 78 1374 2671 1272 933 2828 2602 2520 377 1668 2221 1329 828 2539 672 707
000911.jpg,1506 383 2070 1141 1780 252 1505 1356 525 1248 1781 2669 192 49 2311 654 113 61 1435 2025 2794 245 1829 625 408 1140 2232 1168 1299 207 1787 1216 2280 2396 2137 455 679 225 1598 858 139 822 2279 239 1262 2173 1127 1282 27 2091 296 1568 2164 1924 356 209 216 838 2698 1273 1274 1503 2765 2531 2470 1024 1124 1612 464 726 2053 1706 1918 799 1037 1472 1875 653 1692 1303 1500 2715 31 580 1143 331 805 1297 1961 2062 89 1293 2690 131 2316 1011 402 2611 1097 2467
000912.jpg,1009 837 2455 2063 264 1159 1815 2484 913 234 1572 2727 352 1520 1 2399 2844 2833 403 2092 2139 2541 1814 1122 1589 2371 1025 1349 1366 2215 1539 2158 299 667 1925 1982 2834 1571 2576 2731 2797 1615 267 17 1816 2189 1619 969 307 2776 46 1291 223 1238 2385 2633 1480 2269 1660 2783 1684 349 892 551 2607 428 2635 2298 2431 741 342 1618 2185 1735 2226 1863 1698 891 1514 2100 1540 2529 879 1549 991 2616 1373 2223 2175 641 1630 1059 2771 2403 642 573 814 2460 1776 385
000913.jpg,2267 2380 1236 1553 1430 1699 743 2423 2217 2568 427 429 1492 2668 1888 2415 2078 142 289 868 1890 199 340 1256 332 1562 121 901 555 176 681 554 21 2421 878 2108 1431 302 292 2539 2029 569 2786 1038 417 1398 1429 1793 361 193 1754 1041 2451 2221 802 893 36 2629 2038 988 2743 1033 500 2333 78 2117 2227 536 323 2090 1053 2578 1686 597 1399 933 2428 432 828 733 866 62 964 1886 2828 698 2384 377 1065 1499 986 1070 1374 2671 2032 1393 886 1418 2047 2031
000914.jpg,802 1492 142 2078 429 1699 1430 1553 555 1053 866 1890 1886 2333 868 1431 2267 36 554 2380 1236 1888 2029 733 2217 2117 2668 2415 1033 1562 2568 878 901 2743 1588 289 1256 417 1132 1793 680 1393 886 597 176 500 1686 1418 332 21 1499 62 681 536 427 743 988 361 193 121 2786 2227 1398 2451 340 199 302 292 2423 2108 569 2384 1065 78 979 893 432 2090 1038 1272 1041 323 571 2671 2047 2828 2032 1268 2421 2520 2038 2387 640 672 1374 2224 2578 1668 13 2221
000915.jpg,924 1487 1363 1703 2216 1471 1288 2841 953 2502 2249 1605 2567 761 1019 443 1727 2152 834 333 2317 1027 1865 309 1090 419 1214 2555 2823 2153 22 1171 2554 586 856 2452 1763 2109 2751 581 1006 1308 1389 2114 2623 986 96 1082 149 1447 63 1483 2816 1856 2437 214 1697 1300 2263 2678 2573 37 2167 894 1371 2022 1217 1632 1685 905 2441 167 8 1032 474 1995 1671 922 2000 997 737 2245 1250 1044 376 2706 1927 1213 189 1749 2449 2202 1322 2043 1255 1184 1139 1161 954 16
000916.jpg,1038 2421 1754 1041 1949 2520 2210 1272 13 640 865 2786 2671 340 176 2227 979 323 332 2798 1429 2539 729 2629 1256 571 377 2578 2428 2668 554 828 2221 2640 1033 1393 289 868 2743 2120 1888 1070 1337 2029 1374 2602 933 2031 1562 597 2828 1890 1668 1065 1266 672 2038 1952 417 2808 2387 2032 1686 964 2047 1418 429 1399 427 2108 21 1553 2451 2415 555 569 2384 56 2568 986 743 121 1329 536 1189 1793 2090 358 2083 1910 1197 1430 988 1431 36 2335 193 698 2380 123
000917.jpg,1882 956 2194 1227 2261 661 476 669 829 1761 1153 2168 1260 546 1221 285 2643 759 732 620 582 6 1083 1702 181 1541 820 807 1797 1697 1603 750 1188 334 2313 922 468 1570 372 1536 2425 1858 636 2823 37 2476 1318 2807 1139 1456 1090 2678 2623 1763 2688 2043 2666 2278 1560 2048 2816 411 894 84 650 1768 1371 1400 281 2761 1866 1916 941 586 2810 2387 1911 2263 1525 2171 1891 1865 2677 762 1726 971 1995 629 2346 724 2705 2841 1487 594 419 40 475 1802 2494 1380
000918.jpg,2185 1129 795 2584 1411 1440 1694 386 143 2529 2517 718 1684 2298 2616 2271 958 1445 787 810 1360 30 1514 2801 638 2619 2460 1112 1215 71 557 697 1446 2139 1294 879 2524 273 2833 2363 1630 1366 665 2844 1939 1242 1258 1925 1619 969 2104 2246 2481 1982 1863 1816 1480 1270 2385 2092 2455 1373 299 1814 667 2731 2633 2576 2468 1122 888 264 641 837 1539 1571 2771 1660 1009 2607 991 2727 2776 2431 551 1589 2100 342 1549 1698 1824 2371 2672 262 2797 2484 2710 1059 1776 1887
000919.jpg,1993 1617 1663 1328 2241 947 1444 712 1422 1045 169 2707 1679 2837 1623 1782 2050 2836 2840 2130 2011 51 2289 550 1381 440 197 2767 1658 735 2631 1552 305 155 900 562 2454 1054 445 260 134 1796 2439 1544 860 463 1649 1640 259 645 2088 1878 1369 1569 1710 2649 2826 518 2721 1489 1218 563 1895 635 179 1417 1788 2650 433 1860 221 2714 2538 2082 556 1405 2270 480 2817 1407 1261 943 2628 715 1486 1948 1029 1636 2769 2790 439 1926 2424 312 1096 2375 1437 1701 2300 547
000920.jpg,1752 1545 2389 1146 59 312 2832 987 4 626 635 2082 2367 950 556 547 1386 85 2270 826 2501 1934 1405 221 1624 1407 611 1656 1737 1102 2069 2411 188 440 2790 1319 2044 1202 1636 2241 2133 613 943 1092 2300 1552 2837 1422 1878 1316 2424 259 518 550 2817 283 2836 2826 2419 1926 2840 1840 169 2528 735 563 1649 977 900 817 1617 1644 2148 1983 260 155 2652 463 2088 1486 1782 1468 1428 2050 2544 266 1045 1799 2397 445 965 2477 2289 2631 2439 978 712 1437 1544 2556
000921.jpg,2600 1705 2085 487 2543 942 1681 966 2458 1384 1495 2596 1290 337 2262 2660 2392 908 921 1017 852 1978 1518 1002 1695 1119 1331 1000 1742 2664 1853 1739 360 54 1614 1673 542 2064 2259 2282 2696 710 791 2369 660 631 2257 1508 1565 984 1893 50 2803 1287 1676 2782 1031 320 2357 607 1718 243 1370 355 1396 1237 394 1981 446 1604 186 512 1554 2796 2140 151 2618 2559 1519 1779 1385 2026 1567 1301 566 813 1058 451 893 1105 1271 2469 662 513 1909 2049 2132 1077 2147 1209
000922.jpg,1944 1055 725 2728 2294 165 2558 2207 1825 2766 1056 2825 1130 447 2741 2135 1212 2842 494 137 204 692 1606 1940 1547 2292 899 116 1463 2511 2057 2736 1126 2435 1935 2319 97 2580 1899 1134 246 2041 2719 2305 2291 442 1986 1067 2068 2248 1874 686 2813 722 1223 574 2665 1452 146 2708 657 2258 2382 1464 79 1076 647 1937 1185 1841 140 1777 1868 2506 2286 2639 2683 1962 677 1473 1639 948 362 790 1408 2393 1942 271 1892 2438 1677 12 682 804 1771 2440 2037 2625 491 1721
000923.jpg,1083 1702 181 620 2643 759 732 582 6 1260 1797 546 285 1221 1858 2313 468 807 2807 636 2278 1882 1536 1318 1697 2476 661 1188 2425 922 2261 2194 2816 1153 1227 2171 1865 476 2043 2168 1891 1723 1763 2048 2810 586 37 1456 829 2666 1560 650 1768 1761 1916 1090 411 2678 1603 2263 956 2346 2761 475 40 669 820 1284 1380 1082 443 189 229 42 2153 45 122 1570 396 2060 1032 1541 2627 894 2167 1364 1726 1308 1139 2554 2522 419 1251 2056 298 1064 1696 2111 2386 281
000924.jpg,1276 2461 210 793 1034 1859 1861 57 1580 2418 280 1665 1392 1792 570 1072 2004 1234 1930 2174 2125 2456 689 746 1575 2327 1358 1724 1758 2694 1664 294 756 1193 2581 2229 421 158 493 704 1375 242 77 1576 2838 1279 663 1716 185 859 1030 1432 880 884 170 1292 934 798 2206 287 1345 1551 514 438 366 2155 2672 1086 2321 1377 2703 82 1348 2187 2662 2330 228 2127 1196 2186 2659 2039 1887 801 1043 2002 2332 2739 857 130 1522 470 263 2356 797 706 1653 2198 1350 842
000925.jpg,1786 1971 1257 1106 1559 2000 1451 2656 2149 2787 1361 1693 1357 751 76 1593 832 989 39 2288 803 2495 581 1900 1091 564 2381 2437 926 1818 1180 2040 374 230 215 646 251 614 436 1836 1672 2542 737 2114 1137 341 2504 789 364 2540 2129 2054 954 1207 2281 777 766 1116 1427 2238 2827 2700 1996 2190 310 293 1743 1353 1713 1951 1714 132 1224 2072 1914 1300 1346 1685 983 2441 2202 727 824 2785 589 2016 683 1990 485 1176 1535 1334 101 2579 695 2745 1483 1178 328 1175
000926.jpg,1721 2809 1876 1473 12 1439 1406 249 2291 2057 2051 1725 1012 368 2499 637 394 2683 2435 494 1810 627 1839 2719 1931 2657 1390 444 2438 1075 2622 447 2509 657 790 574 67 994 1874 202 1899 1035 608 2183 1879 2708 1223 1886 274 2089 692 2583 2598 1548 682 136 1088 482 1001 598 255 1817 2526 1501 944 531 2639 1557 2589 2599 1902 1433 2121 128 1555 1582 1906 2319 2704 1881 2436 2308 1165 2350 2292 1185 677 1592 1477 864 2617 1757 2302 1777 521 508 854 2762 123 882
000927.jpg,2252 1179 2682 1977 1651 2491 2328 1578 945 841 1063 639 1579 2647 1920 916 2042 1770 9 1583 1531 227 2310 1470 887 748 998 2723 982 919 1769 114 952 1354 517 2225 763 1791 2778 1211 118 2792 928 930 2097 819 1667 2379 2729 1851 875 567 1657 2349 1585 311 1210 515 2065 2575 1154 2416 1528 1368 923 1367 2459 2304 2793 2026 778 7 1239 579 528 566 512 382 2559 975 1854 25 2488 492 2618 1566 1970 1209 2711 513 2658 151 1271 2636 2009 72 808 460 2081 1879
000928.jpg,961 2138 472 1607 1341 2758 1069 1803 1828 2444 405 2738 1811 2835 551 1571 17 2710 127 2595 166 1540 1059 2094 147 1509 1618 1530 1964 577 2385 2709 2614 573 2340 1807 2635 2100 1078 1295 642 641 846 1622 537 2175 600 160 342 2486 991 352 888 1270 223 1862 1524 2473 2338 2223 1698 2771 1167 2431 1421 262 1615 2255 1373 1539 1520 1025 2648 1629 2253 892 969 741 1355 385 2339 195 1988 2820 1939 1652 1684 2372 1258 2246 1060 2399 1 1129 1338 665 46 317 1112 1514
