84 2152 941 2502 1605 1113 2348 2841 214 1139 909 1602 1866 1525 1371 1280 106 1953 2706 2263 2572 1171 2109 2623 1084 96 22 2554 2141 1927 2153 2678 189 1726 419 1632 621 1214 2751 894 1198 1032 398 744 1960 117 2060 2567 244 2303 2115 2705 2203 183 300 2831 1661 327 1659 2386 1205 1251 1979 171 298 1570 2197 1184 1364 1696 2522 2401 971 924 45 1760 2612 1199 1064 815 2448 2677 2498 2494 957 2562 1458 629 2688 1596 420 2188 2768 2030 2056 594 2760 2162 270 762
2044 85 1934 2411 1102 2501 1656 2528 1644 2790 312 221 943 188 2832 1405 2817 635 987 1926 611 556 1624 1319 2300 817 1407 1386 547 2270 2082 1983 2574 2397 1422 259 2670 2344 1190 1158 2800 1617 2544 826 1092 463 2307 2007 2724 1428 1029 1552 1993 2676 977 1146 2084 712 283 74 445 2424 1848 219 2646 4 606 2419 2011 1208 178 2069 1788 1414 1737 2840 2652 2626 2538 622 2358 550 2837 2631 2454 2836 2826 659 900 1782 1752 1202 1045 2337 559 626 613 911 489 2515
410 811 1516 1079 2609 248 2843 648 1133 434 538 709 1731 257 288 2219 843 544 2549 937 1138 1466 2341 2364 2746 253 1424 1707 336 2788 1871 1005 605 1498 112 365 1634 94 717 1110 1455 338 2613 186 1783 2290 610 535 2730 1573 1131 2151 730 1454 2299 1800 673 742 1794 1894 1040 1379 2830 435 1243 2377 1007 1966 1309 593 1546 1020 1645 1527 1670 1526 2196 2560 1325 2763 1311 749 1779 2516 1581 1068 870 1969 2102 678 1992 773 2492 2251 1511 1968 519 774 821 2697
1721 2809 12 1473 1876 627 67 2657 140 2583 2685 1868 2617 637 2598 2445 255 1027 619 2315 531 2427 1886 1452 217 1980 1185 2580 1390 442 482 2506 393 2041 2704 444 1439 1125 191 2308 1753 1165 1998 508 2622 79 394 2772 2499 1330 2777 2712 1810 2561 1707 657 790 494 692 2665 1906 1557 2683 359 2436 1126 939 2302 2136 1777 722 1548 598 881 1969 116 2292 491 369 2702 2089 1931 2286 2077 2510 1433 1511 1879 1725 994 1639 104 1067 1935 521 1244 2435 1592 368 2766
499 545 1727 1898 1228 1785 374 341 1631 1213 1801 2113 2579 2555 2546 63 2066 2277 1389 803 1394 834 1115 1093 2242 1087 2422 407 2178 2058 465 1161 2022 34 304 1019 1178 1996 761 2249 2238 1137 251 2504 1091 1847 777 2759 2785 2700 483 1883 789 1683 824 540 1300 101 2523 328 1971 529 1333 581 898 617 1990 1513 766 1353 1914 1749 132 1176 576 1230 88 2644 2542 1561 1743 2114 1685 737 2547 2040 695 2745 2202 1951 2190 1257 2381 2180 1714 2784 1476 2827 240 1483
2034 2545 1796 1569 100 48 64 715 2721 439 2433 305 2713 562 51 1640 2309 155 2376 201 1901 1490 1453 1860 1316 2826 1658 1381 563 2241 712 1584 260 2817 1617 1782 168 1636 659 1496 2528 1644 2836 1965 2556 1656 817 1926 2439 1051 194 1878 2411 2272 1840 221 559 2815 1218 2352 1993 1096 1948 2650 1045 1544 2790 1624 1369 1422 1407 550 947 2628 2023 2454 943 2088 1416 1444 2300 518 925 26 900 2649 1102 188 1405 1934 497 348 85 992 1261 2419 2007 1437 1123 645
1938 1443 1833 767 277 889 2686 1747 2510 431 70 2496 2777 2 1753 1125 1759 951 2663 2532 2478 2757 1834 2077 2702 315 2772 1842 2818 211 18 2315 2015 1252 1460 2622 1980 1557 1165 1390 2302 601 369 1989 2561 1035 1839 2685 191 990 1340 1845 2388 502 250 1413 297 578 1767 684 2624 126 2276 571 461 1235 1418 1975 2601 903 2471 848 1608 1821 702 688 1720 103 1107 284 1114 1323 500 1908 1310 931 522 1065 1830 65 768 1391 2249 980 1884 1976 1398 72 597 62
2471 2601 990 502 1235 103 297 1845 2624 688 126 1323 578 1908 2276 284 848 1186 2314 1340 1391 903 768 931 1830 1767 1413 702 1114 522 2388 65 1608 1107 250 1720 2667 1821 684 1975 1310 1512 835 1254 767 2478 277 2302 1125 2077 2777 1232 1753 2772 1460 191 1165 369 973 1759 1723 315 1916 2323 18 1839 2757 1834 1989 1842 1570 1458 601 2346 951 475 2532 398 2759 1397 211 1557 803 962 2015 374 70 1285 1035 2496 395 1015 2510 1080 431 1252 2503 2 304 1938
117 327 2494 2303 1659 1205 1198 1184 2203 1979 1687 275 2573 2791 2030 1922 1113 1400 2620 1960 1502 2572 1371 2263 2179 2678 2623 1525 1726 1738 148 2521 1080 510 420 298 2768 2359 1280 1397 1570 23 594 1488 1084 1641 40 1537 466 629 690 205 1285 973 851 907 2245 498 425 163 2124 1696 2115 1423 1605 1637 2101 2288 375 1326 2152 167 20 1616 39 2497 1199 2502 2222 2677 2014 924 946 1061 2118 1357 244 1263 454 2281 474 2351 1144 1171 1425 1019 2571 592 1712 214
2267 2380 1430 1236 427 1553 743 2415 2217 2423 868 1888 2568 554 2668 1562 429 1890 555 332 289 1699 199 292 569 1492 340 681 802 1256 176 2078 2029 21 121 1793 417 142 302 193 2108 878 361 2117 901 78 1431 2629 1429 2539 1398 62 2421 2786 988 2451 886 1754 1686 1041 1033 2743 1038 2227 893 2090 2221 597 2428 2333 1418 323 2038 1070 1399 500 2384 2031 2120 1393 36 377 828 2578 1053 1499 536 964 1668 2828 733 1374 56 2047 432 370 13 2602 2032 698
799 1755 805 314 1303 1317 1756 1395 561 653 2402 2693 1647 721 1475 2236 2061 1972 2091 412 1568 2232 1050 1024 1274 1967 2531 239 1921 390 2017 1781 1875 131 1282 1503 2698 806 1011 1127 2794 2164 495 1635 1655 1715 1378 1843 1039 296 1021 356 1273 408 1140 268 2316 113 999 822 2099 2137 1831 2059 1297 927 2053 1612 2715 1124 209 1472 484 464 1543 1829 1932 1789 1706 1852 1918 838 2280 452 1216 241 89 33 1262 252 1022 2565 1662 1813 290 27 49 2765 2301 1961
1044 897 1621 2452 2446 599 666 984 908 834 141 1546 2550 2537 2642 144 1719 1321 1727 2555 2156 2357 1487 1879 630 2317 778 955 1098 1425 1906 394 1507 935 1155 382 1100 213 1447 612 2055 2067 1119 1089 1145 763 2122 1023 2679 1865 320 1177 107 761 2392 1903 1047 2750 1104 998 2414 1200 1404 1194 2508 2296 2604 2225 2098 2037 2140 1669 2567 2711 2725 1620 2747 2645 1729 932 1367 1469 401 1163 871 2249 376 2019 2640 2751 99 2274 1970 1784 186 1661 516 2420 1085 558
1004 1760 2112 1434 75 1712 940 2497 182 1343 2737 60 198 149 1103 1304 1298 949 1999 954 2152 783 2116 2386 1535 1113 1867 1251 2502 621 183 2401 1336 941 2566 1605 1483 2522 106 291 84 1277 2612 1064 96 1749 2441 1722 1364 894 40 2656 214 270 2760 1632 171 614 1685 1529 1927 1019 1727 2058 424 45 1013 1139 1223 1849 1960 2203 2016 856 1371 2348 2056 397 815 1979 1795 2572 1693 2494 2197 2176 44 1171 832 2153 1502 420 986 1255 1333 2827 1365 1269 95 244
2070 1141 1506 2669 192 2025 654 383 61 245 207 225 525 2396 1787 1781 49 2794 2311 139 1780 2280 408 2173 1356 1248 838 625 239 1282 252 1435 209 1505 296 2164 2091 1127 216 679 1598 356 858 2232 2470 455 1216 113 1140 1262 418 1097 331 1293 2690 653 52 1692 2062 655 1481 346 33 2467 1822 200 1124 1500 1941 1706 618 1924 326 1829 31 1143 1299 464 1438 1168 643 290 726 430 2053 2406 471 2316 1648 1021 822 580 344 2429 2806 2698 1274 268 402 159
1310 1254 1512 65 1107 835 284 1720 2388 1608 903 1908 1821 1104 702 768 1975 502 1277 834 2471 2601 1340 684 1620 2079 990 250 297 2641 1830 1013 333 309 103 1336 2136 55 1235 1669 1114 393 1845 2058 1315 1323 1177 2276 2080 2555 2579 462 931 848 1186 1244 2624 187 728 2414 2239 2275 2160 2073 603 1194 1458 1907 2550 1507 856 575 1178 1057 1749 830 2176 2831 126 1391 578 1678 1523 205 1147 2401 1517 1767 2604 2314 1450 1732 2360 861 1727 1318 32 240 335 1413
1665 1930 57 1792 2418 1861 210 570 1580 280 689 2125 1034 1392 2004 793 1859 1758 2461 1276 2456 1234 2174 2838 663 1575 1375 2327 294 1358 746 1724 1664 1072 756 2229 493 2330 704 77 2374 859 421 2694 2186 366 797 2155 857 228 1350 2039 548 1716 1279 1457 1576 1551 1765 884 133 2672 2332 1030 720 1776 287 2123 2206 2659 2662 801 263 1043 2739 885 1196 1877 880 2356 2590 158 976 1348 1887 185 1542 934 1191 242 1292 1947 1229 1377 2198 1086 2321 82 656 1345
1766 2725 2464 2404 609 1889 509 844 2457 957 1515 5 2448 1426 244 2115 744 1616 1696 2128 1477 1953 498 2751 1602 214 466 1556 592 2124 1139 1061 2348 1326 375 163 388 1637 2366 2706 22 2014 425 473 1171 1214 2508 1199 1904 43 2351 2354 2572 2056 2591 520 1269 2562 2182 1596 1610 232 565 1802 2566 1945 171 941 2612 2197 621 815 1364 19 106 2408 2188 707 2760 1064 1849 909 644 2109 2567 2442 971 306 1661 229 84 270 119 1744 2720 1722 2230 2162 213 45
1563 28 238 2250 2479 1532 505 2819 849 2365 152 2181 2500 523 458 2552 972 587 2119 313 1827 1896 2283 175 2716 734 2370 81 2527 1376 2191 2674 2689 1741 705 2099 2557 2177 2052 2228 1339 2193 602 633 2592 330 354 503 1680 2534 696 2742 1332 847 711 1111 1335 1708 2322 92 1831 1873 2806 268 1655 2764 726 2681 1117 1024 464 1037 772 1704 261 331 927 1475 1314 532 671 2236 131 740 1912 1706 1140 771 1789 1956 1297 1875 1262 1730 2028 1746 1829 1543 2062 1503
1752 1840 1636 1965 1316 2241 1496 1658 1123 2836 2826 1381 563 2628 518 2556 735 1782 440 1146 978 312 1437 2439 2815 1544 900 2832 559 1486 1901 1878 2713 155 59 950 626 2840 1148 2367 2433 2050 260 1307 1934 1545 1860 1453 201 2501 712 169 445 1045 497 2069 231 965 1656 1444 674 1102 168 2272 645 2652 2309 1796 2837 1586 1649 1422 1218 2790 1948 1096 1624 51 1416 1617 2817 221 2389 2419 613 2538 4 305 987 947 524 1092 259 1407 2424 659 480 550 1737 2133
1539 352 879 557 2460 273 2524 2104 1242 2363 1619 2175 1863 2226 1925 147 1982 2844 1366 2139 2833 299 1349 127 2269 2595 2092 667 264 2576 1480 2063 1549 1816 2797 2371 1660 2455 577 2385 2484 2710 2431 1025 837 2444 2633 2271 787 1009 741 385 810 2776 262 913 1815 641 2607 2517 428 1803 1684 1 2138 160 888 1530 668 1811 969 1509 638 958 551 1078 1735 1524 1629 1630 71 1571 1514 1520 143 234 1360 2619 2094 2717 2727 2298 1373 814 403 1572 2246 342 1540 2709
783 949 1093 2737 1343 940 1856 2827 407 2441 1004 1999 1103 2112 983 1914 341 2111 2785 2202 310 617 2242 2745 2190 596 95 540 1561 1996 198 88 2413 695 1224 1476 1743 1773 1434 1535 1631 1693 2542 1091 777 1898 832 1847 1795 2114 1176 132 2422 766 75 230 1116 2180 2116 1161 291 2295 558 1683 2238 1513 2317 2718 328 1304 1713 60 63 2386 1672 47 149 1838 1714 1447 135 516 1801 1785 576 1298 861 44 2585 16 2547 2700 1749 462 1482 1448 1019 737 2562 2497
2288 1482 1357 2080 39 2281 1818 2495 564 926 230 1523 441 751 1180 2695 1786 2114 1106 2383 318 2239 1036 1559 2000 1152 1091 777 1257 581 1971 55 946 76 1943 1304 2824 2497 1593 615 2073 2641 917 2204 373 117 2734 1451 379 845 1641 397 541 543 728 2132 215 1996 75 862 2176 198 834 60 1192 1950 2086 83 737 1194 104 2605 1361 1528 339 993 907 1538 989 1198 1751 2791 1915 920 1014 327 2699 1595 187 2489 2437 1476 1077 1919 2202 1846 469 824 549 436
2512 2362 850 1504 222 1436 2218 2691 2355 1305 755 2342 2450 1806 1736 1638 935 2201 2750 1098 2645 1321 836 2096 1790 1933 1911 1052 2432 981 612 437 380 453 177 477 2074 399 1233 2163 401 2156 1628 144 2071 1599 1085 1163 1903 1510 2122 2679 1023 816 141 461 73 2587 760 823 2829 2055 1047 208 796 595 2747 2469 2446 2098 1717 1976 1709 599 164 1872 1145 1784 2655 2452 2126 2722 731 2420 174 1160 99 320 72 2009 156 1155 694 460 2537 2775 1006 172 2642 2593
312 2832 1752 987 1102 1545 1146 221 1934 2790 85 1656 2082 556 1405 2270 626 2501 1407 2817 943 4 635 2389 1624 1926 547 1386 2411 2300 188 611 1644 1319 2528 2044 826 59 1202 735 1737 1840 440 817 518 2367 613 2069 2241 1422 2826 900 977 1316 2840 1617 950 1552 1045 2836 2050 463 1782 550 445 2397 1437 2148 1636 1092 259 2837 2133 712 283 169 2424 480 1486 559 2419 563 2375 1983 947 659 155 2011 2544 2538 1878 1444 1649 2574 2439 260 2312 978 2652 1468
757 754 1728 1533 558 135 2295 1231 213 2413 2756 1689 184 2024 2638 2408 853 1448 1597 426 634 1265 967 2143 24 2430 1478 2533 1296 2320 119 1149 2021 1312 1804 2472 1383 2277 1719 1984 707 80 2615 1801 1394 529 545 1898 739 29 540 1883 218 1093 1683 304 2178 962 2644 2673 293 395 2113 520 101 286 2323 1945 2508 1558 898 1035 498 2172 388 2366 2759 752 1326 1798 2066 1061 473 1228 2014 425 2235 792 375 91 1556 2546 1087 714 658 2566 1230 1766 163 2124
2821 2467 2690 346 363 52 402 936 108 478 471 1438 786 753 2301 2505 2465 2407 1481 2398 418 1008 1662 2244 1220 484 628 1465 2429 1378 2059 1022 534 780 806 2765 467 1692 758 430 389 452 1918 840 2687 1048 1275 2634 1730 331 1787 207 655 53 2285 290 1273 1929 225 504 2669 999 1026 2806 1612 2632 1789 61 1756 2025 2611 295 2470 1822 138 2070 726 654 1097 653 268 192 464 241 2531 89 1143 643 2142 2396 1140 1024 113 1039 1018 1706 782 1293 1317 2794
1944 2294 67 1055 2583 627 2728 2766 1810 686 1212 137 494 2741 899 1067 2057 725 2350 1001 2580 2319 2121 2509 2135 2719 1452 116 249 447 1012 692 79 1606 2068 2842 2292 2248 2291 2825 2558 97 1899 2207 1777 1547 2736 1134 1076 1473 2305 165 574 1126 246 2435 2041 1463 2286 12 204 2665 722 1868 442 2511 202 1075 140 2813 1185 359 1639 2598 146 1935 2051 1825 804 2436 1721 657 2809 2382 1223 1874 1439 1406 2708 1937 876 145 2329 10 2748 1869 2393 1464 329 1940
196 353 98 776 2474 1643 701 585 1864 1819 2462 2334 2081 1625 233 2361 2256 869 1963 781 910 1402 2353 2103 2067 1042 809 1344 276 381 1600 2264 69 450 1031 1077 2001 2132 303 1565 1751 2582 1772 2803 862 1170 1667 2369 50 871 1204 1695 2336 105 883 539 343 1508 2391 301 1585 1973 1853 2394 710 2593 1583 2101 791 1528 1519 2157 2331 1121 254 1739 2691 2485 2141 875 1893 2585 11 1370 2458 3 2209 615 206 1642 392 1105 2027 945 2618 2012 1000 1287 966 372
268 131 1875 495 1789 2687 452 464 290 780 806 927 2531 418 1706 2806 1730 1831 53 1655 1275 1929 534 2059 295 484 1843 653 1662 2429 726 1481 2285 2244 1024 1475 1465 241 52 999 2236 1378 2715 2470 455 1262 2142 1011 1503 2565 1022 2301 2693 786 2765 346 1787 225 207 2407 331 467 33 1568 2396 1097 1932 1822 1293 61 31 2053 1124 2467 838 1923 1037 2690 1941 1008 1274 2232 1140 840 1813 2821 324 504 580 129 655 326 2062 1273 389 1715 1635 363 245 1062
2414 107 1177 2604 1104 2550 1669 1507 2641 55 2176 728 397 1194 575 2754 1691 2019 1523 2383 2326 2360 2695 441 2080 736 2234 2159 1028 1690 1482 584 373 1450 1016 1919 2630 187 834 1467 2752 1014 32 1950 379 917 2395 845 541 2106 2239 469 830 2233 2033 1517 993 902 1734 2192 2073 920 1382 83 333 1626 1805 1943 2347 1748 1147 1646 393 2525 457 2651 2254 2733 590 462 2621 1259 2805 2780 2166 2804 2036 2297 1244 87 2586 2563 818 1372 1120 1809 2684 2368 1678 2605
1721 1876 2809 1473 12 864 608 526 447 994 274 1056 1055 2728 2766 1677 1931 2683 1725 2438 494 2207 2719 2825 1771 1439 939 508 2736 1892 2435 2037 2625 1463 2526 1592 692 2294 531 1185 2291 444 2499 1944 682 1899 1942 2220 2057 2292 725 2569 790 1433 368 2741 1998 1134 2708 598 146 271 1825 677 1408 1777 2051 491 574 601 1639 2319 2089 2440 116 431 1547 1935 2704 1868 140 1452 2511 627 137 2639 1212 2286 246 1126 2393 482 394 2622 2445 1606 2580 647 204 899
1814 1122 264 2484 2063 2269 2092 299 1589 837 2833 2455 1009 2576 2371 428 2139 2844 2731 2776 1549 1982 667 1159 1815 2797 403 1925 1735 741 1863 352 262 2189 1622 2486 1539 1291 1238 891 2412 888 1619 267 2100 1520 1 2385 2727 1824 2223 1994 2717 1698 600 2273 846 2158 90 1338 17 234 317 307 641 2403 1571 1373 1071 1366 349 1421 2338 1862 2215 1540 195 226 2771 1615 573 1509 2431 2473 1349 642 46 223 1826 1572 2635 551 1807 2206 1618 2039 1887 2253 2616 2399
239 1781 2164 2091 2311 1248 1356 2794 525 2280 1435 625 2173 245 1282 209 296 408 654 49 2232 356 838 139 1505 679 383 1598 113 216 252 2396 2070 822 858 2137 1506 61 1472 2669 192 782 653 1568 1018 27 1787 2025 1127 1780 2406 2062 2632 207 225 1141 1692 2053 1612 643 1021 2693 2017 1648 1187 2236 1124 31 131 1967 1011 1048 1500 455 1635 390 1026 1715 1475 1961 1297 1831 1274 618 1755 1262 200 1655 33 580 1706 2429 2316 1662 1647 268 806 464 1037 655
2152 84 2502 398 941 2141 621 1605 171 183 909 2503 1458 1113 2706 2760 2182 2608 45 2056 236 1251 2401 2386 2612 1364 1064 1139 2522 244 2841 959 2572 270 2263 1866 214 2348 1365 509 1768 2761 1616 2115 106 1726 2591 1199 1171 815 2705 1525 2197 1696 844 22 1283 1960 2457 2048 1602 43 2688 1596 785 2498 1371 2678 2160 2751 1953 1198 1214 1280 2188 2562 335 189 2831 1987 1570 2230 2203 744 333 2116 387 971 2448 2720 2079 1927 2807 957 644 2567 2442 1560 2425 1217
2011 645 445 2840 1054 1679 1623 2707 197 1552 1663 1444 947 463 1029 1649 2375 1328 169 2289 1045 134 440 1782 2767 735 2836 2050 2130 1617 2837 2241 1993 2735 1253 2650 712 2628 51 1544 433 155 1658 1381 1422 1307 1417 2454 2439 860 1860 2649 2088 1840 1870 1788 1486 2769 179 1710 563 1261 2556 1489 260 1416 348 1948 900 1701 1437 562 305 1218 518 2826 194 674 59 2538 1096 550 1051 1640 1496 319 965 1369 769 1316 489 2272 2389 1895 2713 1545 1796 2133 201 715
84 941 2572 594 2152 1139 1605 2502 1371 2115 1113 2348 300 762 2678 1616 2571 244 214 2494 1144 1960 1866 327 2503 882 1198 1687 1726 398 1661 986 2203 1458 2706 1199 1184 40 2197 2688 629 106 1315 1927 1488 1602 815 1400 2448 1596 2386 1336 183 270 2160 482 2079 2705 644 909 1477 1696 298 1949 2761 420 2677 621 1013 851 2720 1738 2263 1659 1987 1525 2421 1183 1570 104 123 1084 2768 509 1757 2562 1487 953 171 2359 940 1064 2620 2831 387 2109 2194 1397 117 1032
1439 2291 574 2057 1223 494 2183 2051 1874 1931 482 598 2435 939 2526 2704 1899 1433 2683 2089 647 2220 2499 146 2639 1555 1725 2427 2445 368 255 531 1088 444 657 329 217 1473 1330 2719 692 1937 686 2813 1639 2438 2319 274 1592 1185 804 447 2569 2292 1721 2393 128 1876 682 2286 2809 790 608 2728 2506 725 1777 12 509 1944 1055 491 2248 844 2436 2589 1902 948 2294 677 1677 5 864 2598 2382 1501 2207 1408 2457 2580 1892 2037 2766 1771 1076 2625 974 1515 526 1962
1045 712 1617 2241 2454 2050 1710 735 1444 1328 2130 1489 1663 1369 1782 2836 26 2649 440 197 179 169 1701 2837 947 2769 1422 348 925 860 463 1417 2375 2840 480 1870 1649 550 1679 1788 1993 2289 1840 433 1658 1544 1623 2439 445 2767 900 1656 1054 51 1381 1437 2817 2538 1926 817 2270 2082 1934 2790 2300 2707 2628 518 2714 221 1102 1486 2826 1218 1407 155 188 769 1386 1172 943 1029 2011 1319 1796 259 1752 1640 556 559 2200 260 2832 1624 635 611 978 1644 977 547
2810 2171 2043 2666 650 2816 1891 1916 2346 475 1723 807 1153 1697 759 1188 285 1882 6 582 922 2643 546 1221 1260 1541 1603 820 1702 750 334 411 956 1083 620 1763 468 732 1858 1227 1761 181 37 1456 2841 1797 1139 122 2313 372 1865 1284 1570 829 196 2261 1090 1605 2194 661 2502 586 148 980 2179 973 2677 298 1397 1884 1537 38 938 1082 1502 476 98 2768 1285 594 1250 1015 420 1308 353 629 724 117 1696 636 2118 1080 40 443 510 1995 1846 2278 1953 1610
2411 2528 1644 1656 2817 1102 2790 1926 943 221 1934 1405 1624 2501 312 817 2832 2300 1407 635 85 2044 987 556 188 611 1386 2082 547 2270 1319 1146 1752 4 1617 712 1422 2397 826 283 1737 259 2574 2826 2069 1545 626 1202 2454 1045 1983 977 1993 900 1092 2544 550 1369 1437 1796 1710 1782 480 2241 2389 2670 1489 925 1552 463 2200 305 2836 2148 659 26 1208 2419 2344 2837 559 2649 1428 2133 2367 1381 2652 155 613 1701 197 2375 518 1788 2800 2538 1444 2307 169 1029
1918 1140 2061 1921 1647 2402 1972 721 1395 1124 1317 1756 1612 1037 1216 805 1829 2053 390 1967 1635 1715 1168 1299 1303 113 799 1755 2279 1475 2236 936 1187 1273 2505 471 2465 643 2406 412 1472 1692 1438 1050 1297 314 1143 402 1648 1293 2632 430 1097 1506 138 1008 1118 2611 331 655 363 1822 27 1048 1018 782 1127 1924 1024 2693 2017 561 1780 478 1505 344 2531 654 2698 1598 2398 525 1435 2311 625 1220 1274 1248 858 1781 252 2407 753 108 806 49 1662 653 2070 1356
2843 1946 2516 1005 2290 1526 2730 2746 2364 2299 2788 1068 749 1871 257 112 435 2549 1040 2196 605 1731 1527 2830 730 2377 365 673 2417 1020 544 937 1966 593 1309 855 1968 2243 2697 774 1581 1311 678 410 1634 1379 2560 535 1243 1442 1670 1325 717 1794 1138 1913 811 1511 610 2005 336 2492 1110 1142 1131 2087 821 2006 2519 1573 1783 1424 2145 881 1174 2680 2151 434 338 2251 870 2613 1498 1779 1094 1079 288 1455 1936 1466 1969 1850 1133 253 248 406 1800 648 392 800
1083 1702 181 759 6 620 732 2643 546 582 1797 1260 285 1221 1882 807 2313 1858 468 2807 1188 636 2278 1318 1536 2476 2425 661 2194 2823 922 2261 2816 2171 1723 1697 2666 1891 2168 1227 650 2043 1153 476 37 1763 2810 45 2056 1916 2678 2720 586 1456 2048 42 475 2346 2442 829 1064 644 1768 1570 2263 956 2522 1865 820 1090 1726 396 1251 2386 1541 1761 2153 1364 2562 2761 1603 669 2760 122 1560 1284 973 387 2608 1015 2268 762 2831 229 281 894 2498 1960 2705 1610
848 1830 702 931 768 903 1114 1767 1107 2388 2601 502 990 65 2471 1908 284 1845 2624 1340 1235 126 688 578 297 103 2276 1323 1608 250 1720 1821 1310 835 522 1391 1413 1512 1254 2314 684 1186 1975 2667 767 601 18 1839 315 277 1759 962 1842 973 1458 2323 1285 2302 1232 1125 1753 431 1798 2757 2478 2 2777 1570 1989 2077 2663 2772 515 395 1834 1154 2503 1165 298 887 1810 2622 249 2759 1390 2509 492 2510 2183 1397 1832 818 1035 9 1012 70 2532 398 1557 2620
269 1548 1073 531 1980 1732 2315 2518 2685 191 1678 1147 2 277 1001 83 1443 2641 2302 830 2663 2702 2275 1165 2350 1833 1277 2176 889 2499 1120 1749 1194 728 767 202 1747 2598 993 1088 568 1057 1131 2583 55 2121 1979 2058 1865 1557 67 1919 2563 1252 44 397 1943 1810 2437 584 683 2510 2746 338 2087 2686 1529 684 1884 1284 1938 1075 951 2359 1020 2015 2290 339 444 1285 1390 730 1406 576 2296 1834 2478 1753 60 2830 1125 315 1035 1767 1379 1450 368 1483 2243 211
1697 2268 459 2167 1763 922 1090 1082 1456 1380 1188 586 37 1308 1284 443 2643 759 181 1702 546 285 620 732 2313 122 1797 661 1260 6 1221 1858 1083 582 650 2043 2171 468 411 1006 1153 829 2194 2666 1285 980 2810 1882 475 2816 1911 1884 820 1227 1916 298 1723 973 1891 1541 1610 2346 372 636 476 1570 669 2168 2261 1761 1537 2118 1865 38 1536 1015 807 1603 956 2476 1318 334 448 2807 1387 275 167 2623 20 1200 2823 796 1267 750 2691 2791 2425 1768 1709 98
734 2674 2228 1896 2099 1741 1827 1532 458 505 152 28 313 2500 1339 2819 587 330 1376 2479 972 523 1563 2283 2181 2557 1335 849 2250 696 1704 2742 847 671 1956 2177 354 2028 238 1708 532 2191 2552 503 2689 2119 1297 175 2773 705 2527 1021 633 2814 2370 2193 1961 2365 1680 653 261 2534 602 2052 1543 92 2764 772 2716 2681 495 449 711 618 131 1873 2062 1917 120 1111 1475 1117 1912 771 1781 2592 1011 81 1875 2322 2199 2232 33 2017 1282 1332 1500 2236 2316 1655
84 1113 941 2152 909 1371 1144 2502 398 2503 2572 327 2494 1198 183 1960 1866 1139 117 2141 1199 45 1458 2706 1987 815 543 621 2263 1641 851 2056 2303 171 1280 1423 236 1687 2678 1032 2348 629 2115 1064 2608 2677 1205 1217 189 1726 907 214 2760 2841 40 2197 2359 1184 1525 2688 2182 1605 1616 333 2060 2761 1922 1183 2203 1263 1927 1084 298 270 2522 106 23 2571 244 2162 167 275 2160 1400 1171 1570 2448 2245 2498 281 959 2620 1882 565 474 2386 971 1596 96 1768
2769 1870 26 348 1369 925 2454 2649 480 179 712 2714 550 2538 2130 2050 1045 518 735 1617 1417 1701 860 1489 1710 1422 445 197 2241 2840 2011 440 1788 463 1453 260 970 305 2721 1328 1569 524 645 2826 2375 1486 168 1172 48 559 2419 2200 562 817 1437 1624 1663 1386 64 259 900 194 100 659 2836 2358 1658 1782 2289 2034 2433 1926 2528 1416 715 51 563 1640 1796 611 2817 2650 312 2309 2832 1656 1029 1054 547 2790 556 1948 2544 1146 433 2088 978 2545 1102 1319
783 1343 949 2737 940 2112 1004 1999 2827 617 983 1103 198 1434 2441 310 1561 2111 1856 75 1693 1743 596 2190 695 2242 2542 341 1914 2497 2745 95 832 1093 1535 1773 407 2656 2202 149 1176 2149 1161 132 182 2785 1298 60 2413 1513 1795 1304 2129 2016 88 1091 1334 1847 1760 63 364 2644 529 1593 2547 1713 2238 1116 766 2022 395 1683 1230 2040 1197 954 2295 1785 1712 1019 328 558 1685 1996 824 2113 2323 291 803 737 1631 135 1714 1224 989 962 1971 2759 2178 1333
38 1267 1057 751 1200 2420 2437 2318 1749 275 1449 167 630 1672 1836 327 1116 796 1713 20 2268 88 1380 2791 1714 1709 1205 2422 23 1922 946 1476 1914 1184 1995 392 117 2239 2745 2204 1790 1856 1387 1036 2432 1224 2523 2096 1152 1687 1479 2593 2194 96 34 2726 1082 615 935 1400 2201 1697 2623 459 2245 683 2630 1113 454 1911 2785 2263 1077 2132 318 2303 2691 834 1144 2718 47 824 1357 1482 1044 1304 676 2080 2573 1633 1682 1751 2086 1321 1641 2129 1098 830 2495 187
1624 1644 2528 2411 1656 2817 817 1407 1934 1102 312 2790 2832 2501 943 1926 221 1405 987 2044 2300 59 85 635 2389 556 188 626 2270 1545 611 2082 4 826 1386 1737 1202 1146 1319 1752 283 547 1617 2836 1328 2477 2714 712 900 1796 2011 2826 1788 2837 2367 1417 1710 305 1422 1045 1663 613 1658 2397 562 1489 2241 1870 1782 1993 2088 2050 1381 2840 1437 259 1649 860 563 445 1029 947 735 463 155 2034 2069 260 2454 1369 2574 1701 169 179 440 2337 950 480 1901 2439
2516 1526 1325 1511 1442 1969 2145 1779 730 1871 1946 406 338 1385 2102 2843 1992 1466 1707 1379 1794 1131 2377 773 2730 1068 544 1005 2788 1243 2290 112 2364 1311 1527 2151 1783 365 336 605 1670 749 2763 2299 855 1966 678 2549 1040 1020 2746 811 870 1498 2830 1968 2243 593 610 2560 2006 774 1142 1913 1094 410 435 1138 881 821 1634 1309 673 1581 1110 2417 1079 937 1424 257 535 1731 434 2492 1455 1174 253 2519 1850 568 717 2680 2005 709 648 2219 2341 2251 2087 1007
1925 1982 667 1863 1509 1619 2385 262 888 2371 641 2771 472 1530 2139 1373 160 991 1078 2094 127 428 1807 741 1735 2576 2776 2731 299 1295 1803 2833 2092 1814 2455 2797 226 2269 2844 264 1549 2484 1862 837 2431 2063 879 1009 577 147 1607 1341 1159 1589 1421 2595 2468 1069 1122 2758 2138 1815 403 2444 2189 1291 1238 352 537 1167 2710 1629 267 2460 557 1355 1811 2412 551 891 385 2811 1524 2266 716 814 1520 1059 2607 342 90 961 2820 2403 2481 1622 2633 2717 2205 1338
2045 2755 1584 2023 1029 463 258 2753 2646 606 2724 622 2735 906 1627 2800 2344 860 2626 2307 675 178 2670 1307 1701 1848 747 2397 1552 2564 1253 2034 2482 1428 1416 1388 1788 770 2076 259 1417 674 197 1796 1158 2544 1362 992 497 2732 2084 1934 2676 1319 1895 2419 2287 2545 1710 1313 911 415 1208 2007 433 1489 1948 1545 1586 904 1046 611 833 1151 1414 1096 2628 319 2011 659 2480 2840 74 2411 188 1486 1190 784 1897 2501 2375 2815 900 2358 2652 1656 2631 2556 134 1993
2755 2023 1584 2045 747 770 2545 2034 2713 1320 258 1796 2272 2433 1316 1416 1051 2556 2376 715 48 1569 1496 2721 201 100 64 1948 1096 155 194 439 1636 2352 2628 51 2309 1261 2815 305 1453 1490 1860 563 1640 562 1617 712 1381 2241 1965 1782 1658 2836 1586 947 169 1218 1649 1544 2289 168 260 2439 497 992 1369 161 860 2454 440 2837 1840 463 26 1362 735 2650 1993 179 1897 1489 2826 1417 2767 2046 1901 1444 518 197 1407 2050 1045 1054 2538 2649 1870 659 1422 1029
1221 285 1697 922 1570 37 13 640 6 546 2268 298 582 459 2210 2152 1285 1272 2677 2502 1541 1882 820 2666 1380 650 2520 2194 1537 2048 2643 370 1456 1188 1884 1763 980 1891 759 1603 1605 732 629 1227 2167 690 636 973 2032 661 2047 281 2118 56 1797 396 1153 475 122 956 5 2497 1189 1916 1702 1504 40 1768 1260 323 669 2313 1397 1723 2261 476 2476 2058 1515 1536 2421 1113 117 1858 1232 1083 2494 1922 1284 181 571 2346 2425 807 1949 620 2761 2387 2816 2171
505 28 523 2181 1563 2500 587 458 175 2283 2552 1827 2479 2819 2119 313 2250 2365 849 1896 152 238 2689 2370 734 1532 705 2674 81 2534 1741 2527 972 1339 2716 2191 2099 2177 696 2193 1680 2557 847 1376 2228 1111 602 633 330 2592 1708 503 2322 2052 711 1831 354 1655 1332 1117 1475 2236 671 2764 2742 772 1873 1335 780 2059 2144 120 1912 2681 2806 740 2244 1465 1164 1543 125 68 1314 534 131 2429 806 1704 314 532 2237 1730 261 268 927 1662 484 1050 452 1929
505 523 28 2500 458 1896 734 1563 2181 1827 313 2283 2819 2674 2479 152 238 849 2250 587 175 1532 2119 2365 2552 2370 972 1741 2689 2099 81 1339 2527 1376 2177 705 2191 2716 330 2534 2193 847 2228 1680 696 2052 2592 354 602 1111 711 2557 503 2322 2742 633 2764 1117 772 1332 671 1708 1335 120 1746 1873 2144 261 1164 92 1831 1543 1314 68 740 1655 1475 2236 2812 2681 1704 968 771 653 2199 1010 2597 2237 1917 2774 532 1109 131 780 1991 1955 268 1302 1912 1852
2152 84 2502 941 398 621 1605 171 2141 909 183 2706 1113 2182 2760 2401 2841 1251 2608 236 2503 2612 2056 45 1064 1458 2522 1139 1364 2386 959 214 22 2705 1953 2197 1171 1214 1726 815 244 2572 2348 1866 270 1768 1199 2831 565 2263 2116 2591 1696 2751 2048 335 106 2457 2188 2761 1365 844 2160 1960 509 744 1602 2278 2720 506 2562 971 300 1987 2498 2115 2230 1283 1616 1371 1560 40 1315 1596 644 43 2109 2678 2567 2448 333 1525 785 2203 2688 2425 1004 2620 1632 1927
418 1481 52 534 806 780 2429 2244 1465 2059 484 1662 346 786 2821 53 2470 726 2467 1378 452 2690 268 999 290 653 1789 464 2285 1022 2301 1475 2687 131 225 363 1831 207 927 1655 2765 467 1875 478 1438 1706 471 389 1787 2407 1275 1730 2531 108 2236 2693 402 936 758 455 2806 61 1024 1008 2505 2465 1929 1692 1262 295 2669 753 331 840 2396 495 2025 1220 1273 2715 1503 1097 2398 1568 33 2634 1780 655 241 1822 192 628 2142 326 2070 1293 1843 654 1039 31
285 1697 1221 6 2268 546 1570 759 582 298 820 1541 1260 807 38 1882 459 922 650 2643 620 2666 181 1702 1603 167 1153 732 37 750 1285 1537 334 956 1188 1083 1380 372 1456 2171 2167 2677 1797 1763 454 2313 475 1891 1227 2425 1723 973 281 629 2841 20 2194 1858 1884 1995 1916 2810 980 1082 2043 2726 2816 636 468 411 2346 1761 586 1744 84 1139 1284 2261 117 1502 1084 669 2118 2476 690 1536 396 476 2216 2179 1525 829 661 2162 2761 2502 23 1015 1090 1280
2792 567 118 1791 998 2065 1354 919 808 952 1769 1583 2778 778 2711 382 1854 887 1531 1470 1970 930 517 748 1063 928 2793 975 819 1667 2328 1657 2729 1851 2491 2379 2304 923 227 2575 1179 1585 1271 7 2682 151 1977 2252 1578 875 1579 639 841 945 982 114 9 2416 2225 2349 763 2647 1920 1210 1651 528 2723 2559 311 2618 916 25 1211 515 2042 1367 579 1770 2459 1368 1239 2310 2658 1209 2361 513 1154 566 2488 2026 492 512 2097 1742 2394 1566 1404 2081 1688 816
239 2164 1248 2311 1781 1356 1435 2091 525 625 2280 2794 2173 1505 245 209 679 1282 49 113 356 654 383 296 139 408 252 1598 838 2232 216 27 858 2070 2137 822 2396 1506 1472 782 1018 2669 1127 192 653 2406 2632 2017 1780 1141 61 1168 2025 1187 1297 1299 1021 1648 1500 449 2062 1787 1568 1715 1050 1961 1048 1967 1755 1612 2693 2402 390 1635 805 643 1274 200 2316 1026 314 1011 1829 618 1692 2053 207 1972 1647 1124 799 225 131 721 33 1503 1317 1143 655 1831
485 1175 1951 1306 589 727 658 614 2072 1137 1361 1207 1451 714 1559 2000 1798 1334 2409 962 898 1213 1389 1115 1558 2113 2066 1166 803 1106 2178 1333 1786 1230 1019 304 2022 2546 1561 374 2656 395 1087 2323 1257 1971 63 251 572 2149 2644 364 2787 2040 1427 1928 545 2054 215 954 293 2540 1900 581 1685 341 1693 101 93 436 1683 1513 737 1300 2381 2504 634 1785 2759 529 2242 789 989 1590 1801 2579 2542 1161 1091 895 1743 1847 39 1394 646 1357 1228 149 695 1176
67 2583 1810 627 2509 1001 2121 2350 249 1012 202 1075 1944 1406 1212 137 899 2294 165 2825 2728 725 116 2382 1055 2135 1937 2736 2741 447 2435 1606 494 97 2041 2057 2766 2558 2207 442 1463 2248 1126 2291 2683 692 1935 1439 1547 1874 1825 2258 362 2305 2842 204 1841 2292 1076 1639 948 2719 1464 1056 1223 1130 2813 2319 1899 1088 686 2511 2393 574 246 647 2639 1134 146 2286 804 2051 2438 1940 338 1067 2708 2580 1592 135 368 1986 404 730 444 2569 2809 1725 677 1728
1096 1948 1416 1362 2272 1897 2815 1860 2721 1316 1496 497 439 1586 2556 715 155 64 2034 2713 1569 1965 48 1051 1636 562 1796 100 2376 2241 2433 1658 51 1381 305 201 2628 2309 1490 2545 1993 2046 1218 2755 1261 712 1453 2352 194 2650 992 1552 1617 563 445 1307 1640 547 659 231 645 1584 260 134 1901 674 2011 2553 1544 770 1319 486 319 1782 1623 2836 784 2289 1148 2631 747 1679 1926 1054 2735 2817 1444 947 2337 860 1840 906 463 900 2840 2826 817 1486 1386 1029
453 401 1628 2163 141 2055 1023 760 981 380 437 1233 1047 73 2098 612 2747 1599 399 2074 1145 1872 823 461 208 1510 2587 99 595 2469 2126 731 2655 1717 1163 2679 177 1976 2122 1160 477 1085 1903 2829 816 2009 2636 694 1784 72 174 164 1688 2775 172 222 2577 156 1436 2722 1415 2274 599 1808 1504 2537 2218 755 935 1241 1100 2642 1404 2691 1089 2750 1155 2512 1305 460 2452 2201 850 2446 1321 1098 2645 1790 2355 2362 2096 2342 1806 2432 1933 1006 1736 2450 666 1052
2415 427 2568 2217 571 1793 901 1065 1553 1430 2267 2380 1699 429 2333 802 2423 1492 743 142 554 555 332 2090 569 2078 2029 193 1562 988 121 1256 176 868 2743 1890 1888 417 2786 1236 2227 1033 2668 597 323 1686 1393 536 340 1418 886 1431 1398 289 56 62 1272 2032 199 36 681 302 432 292 1053 2578 361 1041 2421 2108 21 878 2117 2520 979 78 370 13 733 893 2047 500 1886 2210 1189 1038 377 1754 2629 1132 828 640 2451 1429 2798 1588 2671 2539 1374 2828
879 557 2460 2363 273 1242 1619 2104 2524 1366 1863 1925 1816 1982 1480 1539 2139 2607 667 2833 2431 1660 2633 1530 299 2371 352 160 2092 1078 147 2094 2576 262 127 2385 385 577 2468 741 2175 888 2455 2844 2269 1549 1025 2484 1373 264 641 814 2771 1807 787 2271 1509 2776 2797 991 2226 428 1349 2063 810 2710 2529 1803 1009 837 958 2595 685 1735 2731 867 969 2138 1630 1355 1360 1167 1684 226 1520 1291 638 1295 1814 1238 1341 1811 1514 1607 234 317 2727 267 30 1815
2769 1870 26 2454 348 1369 925 2649 480 179 712 550 2538 2714 2050 735 1045 2130 860 518 1489 1417 1701 1788 197 1617 2840 440 2375 433 1710 445 2289 463 769 2011 1029 1422 2241 305 2650 1895 1840 1663 562 51 161 1934 1328 1752 260 2837 1796 1656 1640 169 2836 1649 155 2826 2817 1486 2556 1782 645 2501 1552 59 2439 2721 489 2528 556 1172 1658 1146 231 259 817 2044 1624 312 1569 1644 1407 970 1544 1993 188 1584 1102 2411 1437 2544 2082 1926 659 524 2628 1496
1140 1918 2061 1921 1647 2402 1317 1756 1972 721 1124 1395 1037 805 1612 1635 390 1967 1715 1829 1216 2053 1755 799 1472 1168 1299 1303 1050 1273 2236 1475 1297 1187 2406 1118 113 314 643 1648 2279 1692 936 2505 2465 1438 1143 1127 471 412 1274 2693 402 344 2698 2611 1293 1097 27 2070 2531 2017 1024 430 1924 858 331 1780 2632 1048 1435 1506 1356 654 1008 1822 653 1248 806 655 1282 561 2407 363 216 478 1018 782 1505 1598 2301 1787 1781 2765 31 1141 625 2059 383 138
1453 1490 2433 2713 1901 2376 2309 2034 2545 1796 100 1569 201 48 1496 64 715 2721 1316 2556 1860 305 562 1640 439 563 51 2272 260 2826 168 2650 155 659 1965 2088 2815 1096 1948 1636 1416 1148 2289 1584 231 559 1878 518 1840 645 2454 2769 1051 1123 2649 26 1369 2628 348 2553 440 712 1486 550 2241 1658 784 2439 2352 194 486 480 2538 2050 747 978 2714 735 1307 1381 925 2840 1870 1218 2337 1045 445 900 1663 1544 179 1782 1617 2023 497 1437 2836 1422 2419 992
645 2011 445 2840 1552 1253 197 1054 1029 463 319 2735 51 1663 440 2836 1307 2289 1649 1617 1422 433 1658 1782 1679 1860 1045 1486 900 134 1328 201 563 2050 2815 2767 155 735 2837 2707 1623 1840 260 169 2088 1544 1444 2826 1948 947 1437 965 2628 1640 712 2241 2650 2375 659 1381 562 2652 550 439 559 2133 1218 1993 231 305 2287 1965 2439 674 2713 2272 769 48 1636 64 1316 2337 1096 173 1261 2631 977 1496 518 950 1416 1208 1569 2309 2130 2076 486 2419 194 784
1944 1055 2294 2583 67 627 2728 1212 2319 2719 686 2766 2350 1001 494 2305 1067 2135 2286 2292 1452 692 2121 137 2580 116 2741 1810 1012 725 899 2057 249 79 2248 447 97 1126 2598 2436 2041 1076 2558 165 442 1899 2291 1185 1868 2068 1777 140 2825 2509 1134 722 804 2736 1639 2382 246 2435 574 2665 2207 1606 1547 2813 146 1463 329 2511 1937 1935 2842 1869 202 204 2393 1464 12 1075 948 2748 2683 1130 1223 1406 2506 1439 2704 1874 1962 359 1825 647 1473 1940 2708 876
860 1417 1489 1701 1788 1710 161 769 1895 433 2289 197 2482 2375 1870 2454 2650 26 2769 348 173 2538 1369 1649 2050 1029 440 735 1444 2556 1926 2707 1623 1054 712 2840 1796 925 1679 2130 2790 1584 1663 319 179 1416 2045 1045 445 2011 2649 1617 1253 2439 1656 645 2545 1328 1934 59 2837 1624 1407 463 231 2034 2714 2817 169 480 817 1096 1496 2411 2836 2528 947 1386 168 2501 2300 134 1545 556 2767 1102 2628 1948 1544 2721 2367 1307 1782 547 1644 2287 2241 606 2044 2389
937 257 1731 1894 2377 1527 535 1871 1385 406 2145 1779 1138 519 392 1992 2763 605 773 2613 1007 1707 1718 1526 2102 852 365 811 1645 186 1800 1325 410 544 2095 1479 2219 709 1040 1068 2341 112 749 1131 821 434 2516 1110 336 742 320 253 1783 1455 1682 1516 1676 2262 1670 2549 1442 1969 648 1311 568 1419 1079 1966 1511 248 1387 1498 2609 435 2830 1495 94 1133 1309 1466 338 2318 301 730 1424 1002 2788 288 2730 908 2364 610 1005 1379 1119 2680 1705 1020 2843 870
2437 1672 1836 1749 1057 44 1483 16 1447 376 1469 1990 1914 1178 2785 2317 2700 1449 2202 1304 1224 95 47 1856 1593 2745 1116 1476 1727 576 2058 824 834 2441 1103 1713 2555 596 1535 1714 483 88 2190 1277 2827 60 2249 683 291 832 1523 751 2000 761 1161 83 441 2383 2547 2180 983 1743 2554 2523 2784 2695 1838 2096 230 1300 1999 845 1773 1513 132 96 1678 1353 1795 1482 419 1632 2518 777 2111 1176 2288 2080 2281 1147 894 373 2422 310 2153 2426 836 396 34 792
2049 631 530 2282 2064 1290 1604 1518 1301 446 2596 1567 1058 2140 1017 1981 921 451 2796 1237 607 1909 1742 337 662 1613 1384 2696 487 1879 1673 1681 984 966 2257 660 1554 1331 2085 2458 813 1614 2660 2093 2782 942 243 1396 1705 1002 1105 2600 1978 2392 394 2259 908 2664 1370 1621 360 1739 1000 542 2543 355 1119 1495 54 710 1094 1893 2357 1145 2262 599 1271 1906 1155 1808 1853 1676 2405 1936 666 2446 2450 2369 151 1688 2537 2274 1404 2750 50 1695 1100 1736 808 2452
2716 2552 2365 849 2819 2479 175 1563 2500 2181 505 523 152 28 238 81 1532 458 2191 2557 2370 587 2283 2119 2250 2527 705 313 2534 1827 972 2689 1896 1741 2177 734 1376 2674 1339 847 2193 1873 696 2592 1708 2052 2099 1314 2681 602 120 1111 354 1955 1332 890 1117 330 2265 1680 2144 2306 129 2228 740 1543 1156 2789 1912 456 2237 552 92 2764 1003 726 968 771 780 1281 633 2594 877 1746 68 1164 131 872 2799 1062 1010 2742 1932 2059 501 2715 324 699 2105 2774
1911 796 144 2355 2691 850 1682 1479 2318 1387 2512 2362 2420 1267 1504 222 1200 1436 2218 1098 2432 2156 2645 1933 2201 320 836 935 1709 1321 2071 2096 2750 1380 2452 1305 599 1790 2593 2446 946 1676 99 1233 1621 755 1903 437 380 666 2679 73 1085 1697 1736 595 629 1052 1718 1638 2342 2122 459 399 2262 2537 2450 2587 2642 2163 2706 612 1510 1163 177 2655 208 1717 1599 2147 174 1006 630 1047 453 981 816 2722 852 2009 2074 2268 72 2829 823 2747 172 164 1628 863
2414 1177 107 2604 2550 2641 1507 1104 1669 55 2176 728 397 1194 575 2754 1691 2019 834 1523 2080 441 1482 2239 2383 2073 2326 736 2695 1919 2360 2661 2555 333 827 2159 2426 400 1950 83 541 584 373 993 1180 2166 1028 920 2234 32 1943 1727 327 2288 1014 2495 1690 1401 917 1016 187 2058 469 1734 379 845 2630 796 902 564 1467 924 20 1277 2033 2192 926 1400 2106 2752 309 856 1646 87 590 2395 761 2563 1809 1922 393 1259 2245 1517 1450 2805 2233 1818 2169 2573
1742 1554 243 1370 1105 1396 813 355 337 2458 1384 921 1495 1673 2696 966 2600 2257 487 1705 1331 1614 908 2660 942 1681 2085 2543 2064 2596 54 1893 2259 1017 1290 2782 710 1739 360 1237 542 50 2664 1000 2369 1853 1002 1567 660 2282 1518 530 1604 446 2392 2049 984 1695 2803 1978 631 662 2140 607 1031 791 1301 1287 1981 451 2796 852 1058 1565 2394 1119 1613 320 1946 1508 2262 151 144 975 2336 1909 416 254 2147 1271 1519 1676 1155 2405 7 394 871 825 3 1642
1394 545 304 2178 2113 1213 2066 1389 2546 1785 1115 1228 2022 1019 1333 1300 2277 63 727 1951 658 737 1801 1175 589 215 572 341 962 1898 1230 924 1087 101 149 328 581 485 614 436 1306 395 2238 2040 1798 898 374 1683 1900 1559 1137 2114 2242 2072 364 766 1361 2504 1685 2759 529 2579 2841 1558 1106 182 1363 783 1883 407 39 2644 1288 2288 251 2381 2249 1093 1161 2779 1207 803 132 2542 1727 2000 1027 989 1786 1693 1357 2497 1971 1605 2656 2323 1176 761 1257 714
431 2510 70 1839 1035 2561 1753 1759 2757 1125 2777 2772 2077 2478 315 1390 1834 951 1557 2622 2663 2818 18 2 1842 2015 1165 1252 601 767 2302 1938 277 1443 191 2315 2702 2686 889 1833 1747 2685 1980 2532 297 369 211 990 2496 502 1235 2276 2471 2601 1460 461 1989 103 250 1845 1323 578 1608 702 688 522 2624 1976 1075 1767 1114 2323 1821 1830 1511 1720 2161 65 1975 1413 126 1801 768 1340 684 1908 1107 1391 1310 903 2495 2667 269 1969 962 529 395 1186 284 2746
1038 1754 2421 1041 1949 2520 1272 2210 640 13 323 2671 377 828 2578 1668 2828 2602 672 1374 2539 933 1429 2428 2629 2047 1337 2798 1049 2120 698 2032 56 964 2031 370 2038 1070 1189 2221 2083 729 932 865 2423 743 1399 1910 176 292 554 302 955 2267 2451 1890 868 1329 427 78 1553 289 839 142 2786 1521 1033 2217 1492 979 1249 2029 2415 555 886 1256 681 2227 1430 21 893 597 802 1686 2380 878 429 2335 417 1888 2743 1699 2568 2384 340 2387 2108 1393 332 1398
767 277 1938 1443 1833 889 2686 1747 1753 2777 2478 1125 2772 2077 2015 2702 951 1834 1252 1759 2818 2315 70 2302 2757 2 1980 1165 315 2663 1842 18 2510 191 431 1557 1460 369 1390 211 601 2532 2685 2622 2561 297 2624 1989 1845 103 1235 1323 126 990 2496 2276 578 688 1839 1340 1413 502 461 1793 2601 1391 1608 1186 997 2314 988 500 2471 193 522 1891 1723 745 325 1114 1671 2535 903 2507 2388 1035 571 453 1418 250 1047 569 1065 1080 684 1605 401 72 1401 8
1938 1443 1833 767 277 889 2686 1747 431 2510 2757 70 2663 1759 2 1834 1842 951 18 2532 2622 2818 2315 2015 1390 2077 2777 2496 1753 315 1252 1125 211 2702 2772 2478 1557 601 2561 1980 1035 1460 369 1165 2302 1989 2685 1839 461 571 191 1418 1845 990 522 2388 1767 250 1413 297 2624 1065 502 2323 156 578 1398 702 126 1976 997 394 1235 848 1906 2276 1952 62 1323 1511 597 2763 269 1986 1340 1608 768 500 684 361 1969 417 903 1879 773 931 2667 1114 2507 1821
1721 2809 1876 1473 12 608 994 274 2435 1725 864 444 2438 526 368 2499 2561 682 637 67 394 2683 2657 531 1906 1439 677 939 1035 1931 2779 2583 1976 627 1592 2510 2685 1899 2617 508 521 2057 1390 2829 1952 2708 18 1433 990 2757 2704 146 2622 2625 2051 1394 1839 1879 2507 657 598 2169 1677 1998 70 545 1703 491 1443 2736 494 2526 2077 1027 1892 177 2712 2308 2598 1125 790 1842 2216 297 2569 2346 1185 2808 1908 997 1288 1886 574 601 2037 783 2580 2315 1771 2777
419 2153 894 2554 1927 1632 96 106 189 2060 1032 815 1987 1214 1171 22 2751 744 2567 1283 2109 1365 1139 2502 1889 270 2048 214 2404 2720 1768 1108 1953 2562 957 181 1605 620 2141 2498 2591 2188 2841 2197 333 732 509 2278 2152 43 856 244 1797 1083 2457 481 2442 2761 2612 1596 844 1858 1696 2079 2160 1703 2401 1661 2807 1907 644 1364 1702 2115 335 1013 2666 609 759 1891 971 1188 2448 1916 2230 468 1766 2386 1251 84 2313 1336 650 2507 941 592 1227 1288 2056 2346
1896 734 505 2500 2674 523 458 28 2181 1827 313 2819 2283 175 1563 587 152 2479 2552 849 1532 2250 2689 2099 2365 1741 2370 2177 2119 238 2527 705 1339 1376 972 2191 2228 81 2534 330 847 2716 354 696 2742 2193 2764 2052 1680 1873 1117 2557 602 68 2592 1708 1111 1543 1335 653 2144 503 1917 1475 1314 1746 711 1332 1164 131 2681 553 772 633 1831 239 671 968 1655 120 495 92 2236 890 2812 2173 2322 2091 1302 1781 1021 806 771 449 2774 2280 2199 2794 2306 261
2044 85 1934 2411 1102 2501 1656 2528 2790 1644 312 1405 943 2832 221 2817 635 188 987 556 1926 611 1624 2300 1319 817 1407 1386 547 2397 2270 2082 2574 1983 826 2670 1092 2344 2800 1422 259 2724 1146 463 1158 2307 283 4 1190 1029 2676 2544 977 1428 2007 1552 1617 2069 1737 445 606 2424 1752 2084 1993 1414 74 178 1848 219 712 1788 2538 2011 550 622 1202 2626 2840 2646 626 613 2419 2837 2631 2454 1545 489 2375 2358 1208 2652 2826 2133 659 2148 2389 2337 911 1627
1144 1371 2152 1113 183 2572 84 1458 1960 850 621 327 2503 236 1198 941 2608 940 2760 2182 398 1866 2502 2355 117 2116 1927 2056 815 509 2263 2457 1064 40 171 2678 333 2386 844 106 2497 2577 1922 851 856 45 785 1987 2620 2141 1616 2494 2197 75 23 1336 1632 96 1219 189 2203 1263 1687 1365 1004 1171 762 2522 2737 1605 1199 2348 300 543 985 1184 244 629 2216 270 1013 1744 2591 22 1726 1251 2160 1315 2115 506 1364 1661 2706 1400 43 1696 1139 909 959 1477
645 2011 1054 2707 1663 1679 1623 445 1444 947 2840 1328 1649 2767 2836 169 2837 1782 197 1552 1658 2628 2050 712 1045 1381 51 1617 735 440 1948 1544 1029 463 1218 1416 1253 194 1261 1422 2241 155 2130 1096 1993 2439 1486 1307 64 2649 2815 1437 48 2272 2352 1369 1051 563 439 260 2289 1640 201 900 2088 1860 2735 1569 1796 2826 2650 319 559 2454 179 305 715 562 1870 1840 134 2133 2375 2419 2721 860 433 965 2713 100 1965 1489 1417 2652 1496 674 550 1316 2309 480
1882 956 1221 582 2194 1153 2261 6 1541 661 546 1227 1761 285 669 820 1603 1083 1697 476 829 759 750 732 2643 807 38 1702 2688 1380 1536 636 1768 2476 620 334 2168 181 2425 1260 922 1995 1763 1797 1525 2678 1090 1084 650 1318 37 1911 2807 971 586 2572 1726 115 1108 2263 2313 2623 762 2494 448 629 1188 2554 2666 443 2677 644 894 2816 459 1280 1560 1267 2695 1687 396 1400 1462 1082 1891 1456 84 1285 1570 2831 2118 300 298 387 2355 2153 1205 2761 946 2383
2502 2152 84 941 1605 2706 909 398 2841 1139 1113 621 171 183 2141 214 2348 2401 1953 2612 1364 2760 1602 45 1251 1064 2056 2182 2522 1458 236 2503 2608 244 1866 2386 2572 2705 2115 959 335 1171 2591 2197 744 1696 22 1371 1365 2831 270 1525 1199 1616 2230 2263 1214 1570 924 2751 1703 815 594 1288 106 2448 1726 2567 2203 2109 785 2216 509 2404 1596 1232 957 1768 2761 1198 2160 2562 565 844 2457 2498 2678 420 2494 1960 1363 1712 300 1927 1315 189 1560 43 1760 1397
18 2663 1842 601 2 1834 951 1252 2015 2818 1759 2757 315 2622 1557 1390 1165 70 2302 1125 2077 1753 2777 2478 2772 2510 431 2561 191 767 2315 2702 1443 277 1938 1747 522 2686 2667 1989 1114 889 2532 2685 1833 1980 211 369 1767 1460 1035 2624 578 1839 1845 2276 931 126 990 250 848 702 502 2323 1830 1235 297 768 2471 1821 2496 1075 2601 2746 1969 1413 962 684 1608 1418 688 1391 1511 2759 249 2388 103 1798 1720 1340 2577 65 1323 903 2583 1810 1975 1533 1012 2509
556 611 85 1319 188 1926 2790 1102 2817 1656 221 817 1386 2411 943 2528 1644 1934 1405 547 2300 1407 987 1624 312 635 2270 2832 2082 2501 2044 1146 826 1737 4 1422 283 1617 463 1545 1993 2397 1752 2069 626 1029 712 1788 1552 659 977 2544 2307 259 2800 1202 2200 2670 2574 1796 2045 2389 2344 1092 613 1428 1983 2367 266 2011 2631 2419 1158 860 2714 2375 2454 550 1414 1701 2724 2007 2358 2826 1417 2564 2538 1489 1848 2477 900 1710 197 2721 1369 2646 559 715 2676 606
2460 557 273 2363 879 2524 2104 1242 1619 147 1539 1863 352 1366 2633 1925 1660 1480 1530 2517 2607 160 1025 2595 1349 2226 2444 1816 127 1982 2175 1078 1988 810 2271 2431 2738 2758 912 1069 685 299 1811 1264 2139 787 2833 1837 166 2138 667 2468 385 577 1607 1167 1803 2619 1341 30 143 913 1059 958 961 1815 2092 716 551 1446 2692 1421 71 2576 1181 2385 2094 1509 1215 741 651 2205 342 527 2131 1622 2246 638 2844 237 2710 2208 1520 2100 1630 1571 1549 668 2269 1294
79 2068 2665 1067 722 2511 1547 1134 246 1463 2305 2842 204 97 1935 686 350 116 2041 2135 137 2741 1606 1212 2580 899 1076 2248 2813 2294 1944 1452 2766 2286 2736 1126 1464 1055 2319 2382 1937 140 494 692 2292 2598 2825 2057 1639 329 804 442 12 2558 725 1868 2435 165 677 1777 2436 2719 2728 1841 1130 1899 1185 447 574 67 362 2291 1473 2583 2393 2708 948 657 1056 2207 2438 146 1962 2506 1986 2258 1223 1940 627 1721 508 1810 2121 790 682 491 217 1825 1874 2350
872 1314 1543 1955 2265 2306 649 890 261 2199 1135 1885 2610 1099 1003 2105 2597 120 2789 2594 2681 316 1991 963 877 2237 1111 1650 367 740 1109 1164 1156 2799 1823 552 1441 1873 507 699 1117 235 1332 771 602 2764 553 68 162 2144 2193 2191 1852 1917 1182 2592 2822 2052 2773 1327 2212 1746 2343 1010 968 1302 533 2322 1774 495 1974 2812 1376 1281 2177 2814 2715 290 1500 633 1961 2742 131 456 1021 2316 1335 2017 1532 330 1956 1875 354 1932 326 92 670 2674 2527 2099
2405 2170 2490 3 1642 254 1958 2336 825 1985 765 1574 652 14 2536 66 1246 929 779 873 1136 2157 2434 2426 282 1745 874 1595 2209 1121 1347 2204 212 1403 2256 2487 233 1963 1600 2485 1762 1247 58 2734 549 2165 604 318 2585 2324 256 1577 516 2489 2493 1633 1077 1152 247 2453 355 243 632 1997 2147 1751 1493 914 2593 812 2718 966 1128 2146 1170 862 2012 1370 723 1554 813 1359 1157 2049 2391 35 2284 2699 869 2551 1538 450 2696 1915 1396 2247 764 1290 1625 490
1539 352 2833 2092 299 2139 264 2844 2455 2484 2269 2371 2063 837 1982 1009 2576 667 1925 1549 428 2797 2776 1122 1814 2175 1619 1815 2226 1159 1863 1735 1349 403 741 879 234 913 2731 1589 262 1572 2385 1242 888 891 1025 273 1520 1366 1 2104 2524 557 17 2460 2633 2431 641 1660 2486 267 1291 1509 1816 1373 1238 2727 969 2189 1530 1571 1630 2607 127 1615 2094 2399 551 2717 2138 1622 2223 1803 2403 2771 846 160 1824 2710 1360 90 147 2635 1684 1540 2100 814 2619 385
2265 1955 872 1314 1543 2199 261 1135 1099 890 2306 2105 2610 649 1885 1003 2789 2597 2594 877 1650 120 316 1991 507 552 1156 963 2681 367 2237 553 1873 1823 2799 235 1164 1117 1109 1441 68 740 771 1917 2764 2144 1111 1332 699 602 2191 1182 968 2822 162 1327 1302 2343 1852 2212 2812 1746 2773 1974 2193 1010 533 2052 2774 2770 2592 2177 2316 1461 1774 1281 495 670 2715 2017 1500 456 326 2765 290 2322 2814 2565 200 449 2716 2557 159 1376 1961 412 561 31 2527 1274
1760 1712 182 149 2112 1004 1434 1298 954 940 2497 1343 60 75 198 2737 1103 1999 949 1304 1685 1019 2022 1333 1605 783 2152 63 614 594 214 2768 420 941 2522 2502 84 2203 621 1137 1139 2386 1064 2566 2348 1251 1979 171 1483 2401 2116 1795 2656 1113 2109 1364 1867 183 1228 1785 1529 45 1722 2494 510 2056 1602 1727 1488 2179 1269 106 1849 1171 1397 2612 1502 2760 40 894 424 1661 2831 1214 815 1277 1749 1471 1632 1336 2072 2354 148 953 270 707 2841 727 96 376
2656 751 2149 1693 2437 1836 1672 1106 1786 1593 1559 1971 1257 2000 1451 1357 1361 310 1749 1057 39 2785 2288 1116 1224 1914 2827 2787 1990 76 1713 832 1535 1483 2016 2202 2441 44 1178 983 2700 1714 2281 2190 683 564 2745 2542 1856 1091 1743 132 2129 954 2495 926 2054 1176 1818 1180 47 2653 230 95 1346 777 1476 581 2383 16 441 483 373 215 60 2518 2317 824 946 88 1869 789 2695 2497 1447 376 1304 291 1120 1943 614 2180 1996 1019 695 1951 182 576 1838 1678
1539 264 2484 2833 299 2092 2455 837 2063 1009 2139 2269 2844 352 2576 2371 1549 1814 1982 1122 1815 667 428 2797 1159 2776 1925 403 1735 2731 1589 1619 741 2226 1863 891 234 1349 262 913 888 2385 1572 2175 2189 1 1291 1520 267 1238 2486 879 1025 17 90 2412 641 969 2635 2223 1824 2727 1366 2403 2399 1571 2717 1509 223 1622 1615 668 2215 1994 1242 600 846 1338 1373 2338 2633 1540 1660 317 273 2811 2273 226 1630 1698 1816 2771 2460 557 2431 2834 2138 1618 2100 2607
493 133 1358 2374 2004 57 2418 859 1861 1792 1930 366 1580 280 1034 2174 1234 210 2125 570 1665 1758 689 793 746 1196 2672 2461 976 2327 1392 797 1947 1279 1859 1575 1276 756 548 294 1664 1724 1375 2456 2184 2694 2838 1765 422 663 228 588 2229 242 704 1551 2332 2581 857 1457 2206 2039 158 2186 2330 880 2739 1193 1072 1776 2356 2123 1877 263 1887 77 656 1350 421 2198 885 1229 720 2590 2659 287 1086 2703 1377 1542 801 1191 706 2321 2155 2662 884 150 1043 170
2045 2755 1584 2023 258 747 1362 770 1029 497 1586 992 463 2034 1897 1701 860 1416 1710 906 2628 2735 1417 1788 2545 1796 2046 2482 1388 1051 1096 2564 1948 2646 1307 1895 2076 2753 622 1489 2724 606 1320 674 1381 1552 1658 1627 2367 904 2815 2556 1993 1316 2631 1208 433 1261 2344 1965 134 1636 2389 2713 259 161 178 900 675 2419 197 201 1253 2376 2800 1190 1617 1151 1934 2626 2307 2397 1656 2732 1545 1848 2272 2241 547 1313 1544 1486 2817 1860 1123 1414 2836 64 2287 1407
1325 2516 1526 1442 1511 1969 1779 2145 406 1385 1871 2102 1992 773 2763 1707 730 2377 338 1466 519 1138 1527 605 1731 811 535 2613 365 112 544 1783 1634 1040 257 1498 1007 410 1670 1068 870 2095 2730 648 1966 1424 336 1379 1455 610 1311 821 1131 2788 2299 2680 1894 717 435 253 1110 2243 1005 1309 2364 678 248 2549 1913 2006 434 2151 1020 2830 1142 1794 186 774 2560 94 2746 2290 855 2519 1079 2341 749 1133 673 593 1581 1174 1968 2087 937 709 2492 2196 1243 1850
1357 2288 39 2495 1786 1482 926 1106 751 441 564 1818 1180 1971 1559 2383 2000 2695 2080 1257 1523 2281 230 1943 373 215 76 1091 1538 581 87 917 1451 2247 2699 1950 541 1846 436 777 590 2656 1693 2489 845 737 2114 2239 1361 2324 321 2787 902 2033 379 1593 371 1900 2437 2240 2653 2395 2641 1014 469 83 2824 1410 1192 2504 989 1996 55 2073 2149 2518 993 1915 2493 2381 2497 2542 803 2804 920 946 954 75 615 397 2176 2040 1856 728 1919 1836 779 1116 2345 960
101 364 2040 1900 2504 436 215 737 2381 989 803 2238 328 766 341 374 2242 251 2759 2579 789 407 1427 1883 1683 1798 962 2540 2114 1230 572 1898 395 1257 1786 581 1106 1971 1559 2644 2546 1091 1115 1389 1451 2323 1361 1306 1996 1951 485 1175 926 2113 2066 2000 777 2787 1213 564 2178 589 304 727 545 1561 1207 1300 1818 658 1357 1801 529 1334 76 2072 1137 614 714 39 898 2288 1558 483 2495 1087 646 2542 2409 2784 230 1180 1394 1166 1353 240 293 2277 2054 1693
475 2346 1916 2666 2810 650 2043 1723 1891 2171 2816 1541 820 750 922 1603 1188 334 1882 1697 37 285 468 1570 546 582 1865 759 1221 1153 732 2841 956 1605 1763 411 2643 372 1487 1227 1702 1537 2313 973 980 1858 6 1884 953 1471 2502 1082 620 594 298 2494 1308 1285 1284 1456 1260 2179 807 1462 1502 2167 924 1090 586 1979 1139 2768 2216 117 1027 1797 2194 2712 1397 1083 619 1015 2677 181 443 148 1080 629 420 2118 1250 1761 122 2245 2261 938 459 1703 2308 2268
416 2394 1946 105 883 11 1778 2110 1419 355 2331 664 1002 1396 301 1495 908 1978 1331 937 243 984 2600 1614 392 2361 2843 94 1105 813 1705 144 2696 2458 942 1673 966 1554 1119 1681 632 1384 1370 1077 337 490 2353 487 2718 257 2596 2660 2257 2452 1739 871 1742 2664 1527 519 1518 2392 1170 2085 1455 1017 2377 605 630 1290 1309 1247 2543 1040 2453 2697 2196 288 610 749 1133 2830 2446 2357 852 1621 1271 1565 791 434 585 1634 666 1731 710 2341 1600 1963 2417 2405
727 589 1631 658 1361 614 1306 1175 1951 485 1451 2072 1137 1207 1087 1558 545 714 898 1559 2249 1394 1334 2277 2317 1213 1561 395 1798 374 1230 1389 572 2323 1801 2113 341 2000 761 2579 2644 304 1333 2066 1166 2178 529 1228 803 962 63 2381 93 2040 1115 2242 2546 1257 1590 695 2409 1683 1176 2547 2114 1971 581 895 1786 2022 1898 132 2737 2759 2054 44 783 617 1785 540 101 364 1900 291 2656 1298 2542 1019 1928 2540 1685 1106 1343 954 251 407 949 2504 1427 1178
540 291 1631 1535 832 465 1801 1561 2277 16 44 1334 1447 2785 1483 2323 529 499 1914 2644 1469 376 1394 2547 2579 1230 1847 576 1689 2759 2542 1996 545 374 395 898 1743 1683 617 1883 251 614 483 789 2202 634 1798 2242 962 1990 695 1513 2504 596 1300 824 407 2190 2129 1593 1207 1346 240 1093 1999 1749 1091 101 1103 1176 1427 1597 2409 95 1389 803 1197 2054 485 2381 2000 1115 2066 341 1178 1161 2784 739 1672 2745 2113 2072 1137 983 1087 63 589 47 132 714
1316 2556 1496 1965 1636 2272 2815 1752 1416 1096 1948 2713 1840 2628 2433 1860 1658 2836 1381 1051 563 2826 2545 1218 194 2241 1782 1649 2034 1796 497 1453 1054 1901 2790 2352 1486 1878 440 201 2376 735 950 1437 900 2367 445 2439 559 1102 2837 169 1623 1544 2840 1926 1261 1586 2721 155 312 518 51 260 674 2309 2832 1307 1569 1444 1679 1123 305 1148 2069 712 715 221 1584 2707 1490 1045 978 2050 547 769 1407 2767 645 1710 860 1489 2652 1640 947 1386 1701 987 2300 2528
1487 1471 924 1525 953 2263 2623 1280 2678 1371 2572 1726 1084 1198 2841 2562 1866 335 2448 909 644 1596 2498 2203 1113 2807 1318 387 42 1536 2591 2230 2442 1687 1802 214 1400 2386 2197 1960 2030 2188 957 629 971 1880 1205 2720 1139 2688 2449 327 1232 1315 1032 1170 1199 2573 2348 189 1953 43 1659 2317 490 2101 861 1671 2116 1108 2476 636 275 325 2115 2718 894 2260 205 300 2612 1184 2535 516 2522 2823 1365 2503 2067 2791 8 419 2153 1621 1602 2303 1768 2278 474 84
1055 2294 1944 2728 725 2207 2558 1056 165 1825 1130 1940 2766 2305 2825 686 1067 2135 2741 2068 447 1212 2319 1452 79 1076 137 1134 2258 2248 1547 97 2842 899 116 246 2580 2511 1126 1868 2286 2719 1986 2665 722 2382 692 140 2292 804 494 204 2736 2813 2041 442 1935 1464 329 1463 2598 2436 2506 627 1937 1606 12 2057 1841 67 1639 2583 1777 2291 948 2393 1473 1185 1962 1899 2350 146 362 1869 1001 359 574 2748 2435 1874 2121 1012 1223 647 1810 876 249 2708 2383 86
1697 2268 922 285 459 1221 650 1456 2666 37 1188 1570 546 2167 1763 2643 475 2171 298 759 2043 1537 6 1882 1916 732 1285 1082 2346 1260 620 2313 2816 1284 2810 1380 1891 2194 1797 181 661 1702 586 820 1723 980 1884 1153 582 1090 1541 122 690 973 956 1227 829 1603 411 1308 468 1502 2118 1858 1083 636 2179 2691 1232 629 2677 443 2706 281 334 750 167 2476 2216 1638 1536 2261 2355 1504 1911 796 755 2841 669 1605 2218 38 222 807 1015 396 2425 1806 117 476
2185 1411 2584 795 1129 1694 1440 143 386 1684 2517 718 2298 2616 1360 2529 958 787 1112 1446 665 1630 2271 2481 1294 638 2801 1445 2619 30 1258 810 1514 2246 2460 557 1939 1270 1215 2139 2833 299 879 2363 2468 71 1278 1982 2727 414 1925 697 2455 2844 2092 969 1814 264 2576 1242 1366 1549 262 2371 1238 1291 1122 741 267 2189 1619 1009 273 667 1863 2484 2269 837 2524 1520 234 2731 1 2208 2215 1571 1824 600 1373 1572 888 317 1350 2100 2138 2399 46 1816 857 2717
2068 79 2665 722 1067 2511 1463 1547 97 116 2305 1134 246 686 2041 350 1935 2842 12 204 508 2625 2135 1868 140 1076 2813 1464 1771 1998 1677 217 442 2506 2741 2248 1639 1126 2382 1473 2292 1892 2037 2286 2319 1212 1408 137 2580 1606 1937 692 2294 1452 657 1052 2499 1962 790 2440 2736 899 2598 1942 1130 1305 1088 1944 864 1055 521 1185 725 2445 2257 2712 2308 165 677 1777 1330 2427 494 619 994 1986 2393 2435 271 637 531 255 2558 491 2766 526 2719 2708 2617 2057
499 1727 2555 834 2058 1093 761 545 1898 1394 1801 2249 2422 1277 2277 777 2579 2114 1228 341 2242 407 1785 2546 1178 465 581 2317 63 1115 34 1749 540 1996 1914 1631 2238 88 1389 2113 1353 1476 1019 230 824 2254 2785 1683 564 2550 483 1213 576 2066 2178 766 1091 2745 1161 2523 328 457 1087 2202 789 2504 924 374 926 1507 2547 304 2759 1734 2022 1856 1990 737 1300 2542 132 1685 2437 1818 1847 101 2281 1971 1883 2190 2233 1714 1224 2699 1176 1106 2192 803 47 2129
2433 1453 1490 2713 1901 2376 2034 2545 1796 100 2309 1569 48 715 2721 64 1496 201 1316 2556 562 1860 439 305 2272 1640 563 51 260 2826 155 168 2650 659 2815 1948 1965 1096 645 2088 1416 1636 1148 231 559 1840 2289 1584 784 486 1307 1486 2840 518 1878 440 445 2241 2352 2628 2553 1123 1658 1051 978 2439 712 194 2337 2454 2050 2649 550 2007 2769 1544 1381 2538 1369 735 1437 2714 900 1617 134 2652 674 197 1552 497 26 1663 2836 2419 1218 1782 1045 2732 348 1752
2843 1946 2516 1526 2290 1005 1325 2730 1442 2364 2746 2830 1871 1068 2299 2417 544 1020 610 1040 1311 112 2788 1511 2560 730 678 749 1309 855 1966 1968 365 435 593 2549 2243 1634 673 1581 1424 774 1142 605 2196 2145 1131 2697 1379 1794 1913 1731 2006 1527 2377 2005 1138 717 2519 1779 881 821 2492 811 336 1174 870 338 1243 1466 257 1783 2087 1094 1110 2151 434 410 1969 2613 1498 2680 1992 1079 1850 1670 1936 1455 2251 1573 288 406 94 253 2102 937 535 800 2609 248
2810 2043 2171 2666 650 2816 1697 1891 1188 1153 411 1916 2346 922 807 1723 1882 759 475 1456 122 2643 285 1284 1260 6 820 1603 1858 1227 582 1541 1702 468 1221 1865 956 546 1763 334 750 2261 1761 620 2313 1083 829 37 732 1797 661 2841 2194 476 181 372 669 1610 1139 980 1090 609 1015 375 1515 1696 2168 1537 1884 5 586 1953 521 2476 1082 1995 1844 1326 38 2404 473 2726 1570 1560 115 1605 163 1401 619 2425 2118 196 2014 2167 443 1766 229 2162 1744 167
2648 2138 2372 2100 2466 577 1571 2820 511 1939 127 1622 352 600 961 846 1270 1698 2486 665 573 2710 147 1355 1349 195 2223 2709 2339 1258 403 1828 17 1520 1815 2175 642 1446 1159 2481 1630 1294 1618 2266 2595 166 1421 1540 1 2253 1615 1684 2738 1994 1167 1338 1112 1811 1360 1803 307 2635 405 2013 223 2444 2340 879 2455 2246 1530 2255 2619 2835 2473 2338 317 2616 1025 1816 2614 160 557 1009 1324 226 2811 1078 2727 2412 969 2298 234 2399 1409 2094 1071 2460 1366 1863
2609 2843 288 1138 811 257 1634 1731 648 410 2613 538 605 1110 610 2196 843 1498 1133 1573 717 248 336 112 1040 1516 2549 1424 1871 1800 535 365 2763 1309 2417 937 2830 435 2697 253 773 1466 2788 434 2243 2377 870 2102 1546 2095 678 2341 1966 1454 2364 1020 1142 2087 673 1455 821 2746 1527 1079 2519 2560 1913 1068 1850 2680 2006 749 1174 1707 730 593 94 544 1581 2492 774 338 2251 855 742 1005 1311 800 2299 2005 2290 881 1783 2219 1894 709 1794 1992 519 1131
2294 1944 2558 1055 725 2728 165 2741 1212 1463 2842 899 1547 1606 137 2135 2207 204 2511 116 1935 97 1134 1130 1126 246 2068 692 2766 494 447 1825 2292 2248 2057 722 442 2736 2041 686 2382 1937 2435 2319 1056 2813 1874 2825 2665 2305 1899 1076 1067 2291 2580 79 1223 2286 647 1464 2708 804 1185 1940 1639 146 1777 329 1452 2393 140 574 1986 948 657 2719 2506 2683 1868 1473 2438 2639 1841 2258 627 682 1721 2598 677 2569 362 1439 12 790 491 444 1892 1592 2809 2121
2185 1411 2584 795 1129 1694 143 1440 386 718 2517 1684 2529 2298 1360 2616 958 787 2271 1446 638 1445 1630 1112 1294 2619 810 1514 665 30 2481 2801 1215 1258 2139 557 2246 2833 71 2460 1270 299 697 1939 2524 273 879 2363 1242 1982 2092 2844 1814 1925 1366 262 414 2731 2371 969 2576 1122 2104 2727 1373 264 2455 1589 667 1863 2468 41 2484 1619 1009 912 1291 1238 1549 888 2208 267 741 2385 2771 837 2100 641 2231 1815 46 2269 1278 2776 234 2158 1824 1520 2189 2399
70 1125 1753 2510 2777 2772 2077 2478 1759 2757 431 2561 315 1839 18 1834 1842 1390 2622 951 601 2 2663 1557 1035 2015 1252 2818 1165 2302 767 191 277 1938 2702 2315 502 990 2686 1443 889 2601 2471 1747 522 1235 297 578 1114 2161 2496 2532 1980 1833 2276 250 1845 2685 1908 103 2624 1830 284 1989 684 1413 1821 2667 1608 369 702 1340 768 211 688 848 962 1323 1720 126 1767 2323 931 1460 1075 1107 903 1310 65 461 1810 1975 2388 202 2759 1512 1391 2583 2509 1798
1944 2583 67 1055 2294 627 2728 2350 1212 1001 2319 686 1810 2766 2719 494 2286 2135 2305 1067 2121 725 137 1452 2741 2057 2580 2248 1012 2292 2598 2509 899 249 692 2291 116 2436 1777 79 1185 1076 1126 1639 804 574 97 2558 2825 1899 2382 1134 447 2813 2068 165 140 1606 1868 146 246 722 2207 1869 1075 2041 202 1547 1937 2736 329 442 2842 2665 1463 2511 2435 2393 204 948 2748 1223 1935 1464 2683 12 2701 1406 876 1130 359 1874 647 1825 1439 1940 1962 2329 2506 2653
401 453 1628 141 2055 2163 1023 760 612 1047 2747 2098 981 380 437 1233 73 1145 1599 399 2074 1872 823 461 208 99 1510 2587 595 2126 2469 2679 731 1085 816 1976 2122 477 177 2655 1163 1717 1903 1688 1160 2829 2636 164 1784 1808 694 2274 72 2009 222 2577 156 1100 1404 2775 599 2722 172 935 174 1504 1436 1155 1089 2452 755 2218 2537 2750 2201 1241 1415 1305 1321 2645 1790 2691 850 2642 1098 2432 1933 2446 2362 2355 1806 2512 1638 2096 460 2071 836 988 2450 2342
1062 1843 1932 1813 1475 495 840 324 1039 131 129 2715 241 1378 501 1024 1503 1789 314 2565 2531 2765 1875 2059 389 467 2236 1923 1011 452 2285 484 806 2687 456 1967 927 1568 1662 89 390 464 2634 1281 2091 780 1655 2142 1635 1706 1050 1929 53 1022 1715 1275 2429 758 268 653 799 2301 1274 1730 999 1612 1037 534 2611 1124 2232 1831 2244 2053 788 2407 138 1755 2465 2505 113 33 1026 1912 822 125 1048 643 363 2693 1543 290 628 2137 1097 2632 418 1262 108 1273
67 2583 1810 627 1001 2121 249 2350 2509 1012 202 1075 1944 725 1212 2728 137 165 1055 1406 2741 899 2135 2435 2736 1606 494 2057 2294 116 97 1463 2207 2825 1937 2766 2842 447 2382 2558 2248 1126 1547 1825 204 442 2041 1935 2291 692 362 246 1874 1841 2319 2258 2813 1940 2292 1134 2511 2305 1130 2683 1986 1899 647 2719 686 1223 948 1464 1639 574 1076 1439 1088 2393 1067 2639 1056 146 2051 2286 2708 404 722 804 338 2569 2580 2438 2665 1592 79 2068 2809 677 1689 2143
1933 2071 2156 1321 2645 1790 1709 2750 1098 2201 2432 935 2096 836 1638 897 1052 2342 2450 1736 755 2355 1806 1305 1436 222 1504 2446 1044 1188 2218 612 1621 1145 595 2098 2452 2362 1047 141 599 1023 1906 1865 850 2313 666 2642 477 1858 1085 2747 461 2627 2587 396 2691 2122 2679 1456 2512 1892 2055 411 1510 1903 834 468 208 1976 177 2274 1214 816 922 2829 856 2810 2537 1808 2655 2420 1163 2666 1717 2625 1610 2346 2043 1688 1260 650 2567 1227 1284 1089 122 997 823 1217
472 2138 961 2758 551 1803 1607 1069 1341 1509 2444 147 1530 342 1811 160 2595 1421 1078 2094 1524 1059 127 2266 577 1167 1520 1618 1 2710 1540 2399 267 641 2727 1355 2771 2340 203 1807 1295 226 17 1862 2385 352 2635 1291 991 223 1629 892 1238 1828 1652 1571 2820 2431 573 741 1572 1622 262 234 600 537 2223 154 913 2063 1373 1159 1698 1615 2709 1324 385 2013 46 2231 405 2468 2466 41 195 2835 2372 888 912 667 2158 1630 2298 2486 2253 1215 1270 1619 2100 2738
546 582 1221 285 1882 759 6 807 1702 2643 1083 1260 732 1797 620 181 1858 2313 820 956 468 1541 1188 2476 1603 1697 2666 650 2194 1318 636 1153 1891 2171 2816 372 2810 661 750 1057 922 2043 2425 1536 98 1462 2678 2807 2278 334 1227 1865 2346 2474 2503 1723 104 1916 423 2823 939 2261 396 475 2089 1560 2627 1449 2220 2359 1199 37 1570 1761 973 1456 1973 476 2761 1763 2210 1285 482 2526 1380 229 1387 2263 762 1073 1687 205 1198 40 2688 1726 2445 669 353 907
2656 1693 2149 751 310 1971 1786 1257 1593 1106 2827 1743 983 2016 1559 2441 1451 1361 695 832 76 1176 1535 132 2190 95 596 2000 2129 364 1091 2040 2381 2787 1357 2504 1343 1900 39 803 766 2288 436 2238 2745 954 989 341 2242 101 215 1856 1773 1685 926 789 374 1346 328 737 251 2542 564 2202 2785 1513 182 63 2700 581 1230 1818 1914 1996 2281 962 1427 1137 2540 777 1672 1207 572 2737 407 1434 1161 1713 2112 1795 1116 1334 1798 614 617 2579 2759 485 2495 230
2455 1009 837 2063 352 1159 264 1815 234 2484 1572 913 1 1814 403 1520 2399 1349 267 2139 1025 2727 2092 2833 1291 2731 1238 1589 2541 1122 2371 667 299 1539 1982 1925 2844 891 2215 2158 2576 1619 1366 2834 1615 17 2776 2385 2269 223 641 2635 428 741 262 1373 1735 1571 969 2771 1863 991 307 2797 888 1816 46 90 879 2431 892 1630 1549 2633 1807 1509 1660 1480 226 1684 2529 2189 2460 1698 573 1540 1360 2226 2607 551 1622 2138 2185 846 2710 349 342 2253 2298 1824
849 2479 2819 1532 2365 152 458 1563 2552 2500 2181 28 2119 175 587 81 505 523 2283 1896 1827 2370 313 2716 238 2250 734 2674 972 2527 2689 1741 2191 705 2534 1339 2177 1376 2557 847 2099 696 2228 330 1873 2193 354 2052 1111 2592 2742 602 1708 1332 1314 120 1543 2681 1680 1117 92 2764 740 131 261 872 1164 2144 1955 2237 2306 1500 890 268 780 495 2199 771 2322 726 449 2715 2280 671 68 1109 1885 1003 1831 452 2173 2610 33 418 2265 1135 2799 927 1932 61
1944 2294 1055 1056 725 2728 2558 2207 165 2135 899 2741 2248 1212 1825 137 2382 1076 2813 2842 1464 686 1937 494 2057 2286 1899 1547 204 116 2825 146 804 1463 948 2435 2291 2580 2511 1606 1134 2305 447 1639 1452 2393 2766 2068 1067 1935 97 246 1130 329 2736 79 2041 574 1126 692 647 1185 722 2292 1874 2258 2665 2719 1841 2319 140 677 1223 1777 1868 2708 2639 2683 2438 682 1940 362 2436 442 2569 491 657 1592 2598 974 1986 1473 1721 2427 217 2350 2583 1931 67 608
1328 1444 2836 947 1782 1617 712 1045 1663 2241 1993 169 2837 2130 2050 2707 1422 1679 1623 1649 2454 735 51 155 900 1369 445 1658 2011 440 1381 1552 2767 1054 2840 1710 1486 1489 260 1796 197 305 2439 1437 645 1640 2649 563 179 463 1544 2826 1218 480 1307 1934 559 2714 1569 2769 562 635 259 2721 348 2289 925 1405 1102 188 1948 312 518 1926 221 1860 2832 1840 860 550 2133 2817 26 1096 943 1701 556 2790 134 715 1656 1029 100 2628 817 1416 1870 2501 1208 1417
2210 640 13 2520 1272 2671 1038 2421 2839 729 1754 2798 1910 1337 2335 323 1329 2570 2083 2578 1764 1793 1041 571 2539 1949 377 2795 2629 2602 1429 432 121 2090 1268 370 56 536 828 2108 988 1266 1070 2640 933 193 2808 2568 2415 1952 2221 2031 698 2387 1374 1065 2047 1668 1399 1249 1562 1588 2120 672 427 569 2828 1132 901 1189 476 36 2428 865 429 1431 1049 2380 955 2786 680 2227 2423 2333 743 839 964 2217 733 176 2668 1521 2029 2038 979 358 1553 332 554 2078
2252 2328 2682 2491 1179 1578 1651 945 1977 841 1920 1579 639 2647 1063 887 9 1770 114 2097 2723 2042 916 1470 1531 2379 1211 1851 1667 819 748 2729 2778 1585 928 2575 1657 1769 930 515 919 2792 952 2349 227 1583 1354 1791 1367 118 998 1368 311 2304 875 2459 1239 982 1210 923 975 1528 763 2225 579 1154 567 2488 25 2618 528 1031 517 2793 2065 2559 2026 492 2462 2310 566 2416 1566 512 781 151 812 1854 2334 50 2474 791 778 2803 7 1351 1402 2081 1819 2369
1496 1316 2272 2556 2713 1453 1490 2433 1901 2815 201 2376 1636 1965 48 2309 64 1860 194 1569 439 1051 2721 1416 562 305 715 1948 563 51 2352 2628 1218 100 747 1796 2034 155 1658 1840 1261 1640 2241 2545 1096 260 645 1381 1422 1054 2650 1586 2826 440 712 1617 2836 1649 168 659 518 497 784 2553 1782 231 445 1544 2050 947 2439 2088 2289 1148 486 1623 1752 1444 735 169 2538 1878 1679 1584 965 2337 2007 2133 161 550 2707 2767 2837 1328 1123 1993 559 2840 173 1663
493 133 2374 1358 2004 57 859 366 1758 1196 976 1861 2418 2174 2672 2184 1792 1034 280 1947 1580 570 1930 797 1234 548 2125 1279 746 689 1859 793 210 1665 756 1392 2327 1575 2461 2456 294 1765 1664 422 2838 1724 1276 588 2694 1375 242 663 2186 158 228 150 1072 2581 1776 2330 1457 2356 2039 1377 2206 2703 1551 2739 1887 2332 583 857 1193 880 1191 2123 170 1229 2229 1877 656 2198 2321 1086 470 263 2590 2659 720 801 1081 2127 287 884 77 842 704 885 1350 2662
1545 59 2389 2082 2270 312 2832 987 1386 556 547 2300 1624 635 1926 85 1102 2790 626 1656 1405 4 1202 221 2411 1407 2367 1934 188 2817 943 1644 1146 611 2501 817 2528 1752 2044 1737 1319 950 826 1799 283 613 2069 2714 1710 1489 2515 860 1328 2544 463 1422 1701 1029 2375 1993 266 2477 1417 445 2312 2840 259 2631 1623 2574 1190 2397 735 1316 1788 2011 1552 1468 2454 1617 1649 2826 947 134 2767 2837 1679 2707 2241 712 1045 1444 480 1437 2050 2133 1092 2769 1983 2836
2045 2755 1584 2023 1029 1362 992 463 497 906 860 2034 1701 1586 258 259 1897 1796 1307 2046 1416 2076 1417 1993 1096 1388 1788 1552 1319 611 2482 2545 2735 622 547 1656 188 2724 1926 2721 1627 1934 1710 2753 2564 2646 2817 1617 2389 1489 770 900 2544 2367 1545 659 1948 2628 606 85 1848 674 1208 134 439 1381 197 2419 2631 562 178 100 817 1486 1386 2800 1658 1428 155 1407 1313 2344 2084 1860 715 2652 1895 1051 2626 2300 2397 904 1569 305 2556 1644 2270 2307 1158 1544
2810 2043 2171 2666 650 2816 1891 2346 1916 475 1723 1153 1697 807 922 1882 1188 759 2643 1702 6 546 582 2841 732 1260 285 468 411 1083 1763 1221 820 620 1603 1541 181 1797 1858 1456 956 2313 334 1227 1139 1865 37 1090 750 1605 1953 122 661 1284 2261 1570 829 1761 586 980 1232 1537 335 38 2502 148 1082 1397 1487 2216 2768 636 2179 1308 2167 594 1884 2677 2194 2230 2807 953 1080 1502 196 443 1250 40 2278 420 1696 2476 1150 938 281 2168 1214 924 2048 2153
2423 1888 743 2267 868 554 302 2668 199 176 292 1562 1398 427 289 2380 2568 2108 2217 1890 2786 361 1256 2227 893 681 1553 78 2415 21 417 1430 62 340 886 597 1686 2029 555 429 901 332 2743 1754 2421 2384 1038 2451 1041 1399 1033 878 1418 2539 1429 432 698 1699 323 1492 1393 964 1236 2038 377 1070 2578 1521 142 2629 802 828 1851 2032 979 1793 571 2333 2221 2798 2428 2031 2078 56 1053 2828 1272 2379 933 2120 2671 839 1065 500 1266 952 955 114 13 2047
2810 2043 2171 2666 650 2816 1891 2346 1916 475 1723 1153 807 1697 759 1188 1882 2643 922 411 1541 6 1260 1702 956 1603 820 285 582 750 546 334 1221 468 620 1083 732 2841 1227 1858 1139 181 1763 1797 1456 1865 2313 1284 1537 1570 1761 1605 122 1953 938 196 37 1090 1250 1397 980 148 829 372 2179 2261 2677 2768 1884 1696 724 1502 1150 1080 420 2502 586 1082 594 1308 661 2483 1846 973 2489 2521 1232 98 953 1487 629 510 2514 298 1285 38 2706 2589 2118 2194
2648 2138 2820 511 577 2466 2266 226 1939 1421 2372 352 147 127 1009 2013 961 1698 1572 2709 1324 223 1815 1270 195 1355 1615 403 2339 234 1159 1349 2481 665 2595 2455 1816 879 1294 2619 892 913 2253 1291 2710 2635 2223 2158 1446 1994 267 1863 1619 1530 1238 2215 600 1167 2834 969 1630 160 837 2340 1925 1803 1520 1078 1258 2094 1811 1540 1828 2616 1 46 1571 1409 573 1095 537 2175 2783 2460 891 1480 2100 1607 1366 1622 991 2758 1982 1660 264 1069 1341 2338 2835 1694
1798 962 572 1230 395 2644 2323 529 1334 1683 1801 2277 2759 1561 2504 2579 101 2242 2238 374 436 737 1951 328 803 1306 215 2040 364 789 1900 989 766 1175 485 2381 1207 727 589 658 1361 1898 2072 1559 1451 251 341 1137 581 1106 614 1394 1427 714 545 1091 2409 1786 1389 2546 2114 2656 407 1883 39 1115 1257 304 2178 1357 2540 2288 2066 2000 2113 1558 2149 483 926 564 617 1971 1213 898 1166 2495 2542 646 1996 1300 2787 1333 1087 1685 240 1818 1093 695 1353 2054
203 1629 2749 154 2740 1524 1059 342 551 2468 1803 1811 2444 1167 2710 1355 472 2595 2709 147 1072 2727 934 127 1520 1377 798 1675 2431 1 2198 307 1861 1862 1863 1807 57 1509 1530 1348 2175 2187 170 82 160 2127 185 641 1375 267 385 884 577 1576 1030 1034 2654 667 158 2002 685 1238 1078 741 438 2206 2662 242 1373 287 2155 1291 1619 1716 2548 1826 880 1215 1295 2461 130 1522 1859 1071 226 470 2473 1292 1392 1201 814 180 2776 2771 1580 857 2399 2266 668 1457
883 416 11 1946 1778 105 2843 2394 2110 664 937 288 605 2331 257 2609 434 1040 94 1309 610 585 1634 1573 2830 717 648 365 1133 1731 1110 435 2788 248 2549 535 2613 1419 1871 1424 1966 1643 2377 821 1516 673 2196 749 1138 544 355 301 112 1237 1527 2560 593 1079 2458 1002 1604 1546 446 811 1800 2341 1455 678 2290 1005 2660 966 568 530 604 1020 1981 2585 1498 212 843 1454 2697 1495 1301 410 336 2718 1676 2095 1794 1518 2730 2543 2251 2087 519 2005 253 1131
1773 1795 1513 1161 1847 1593 1693 832 2827 310 983 1743 2129 1535 2656 2016 1971 2149 2441 1786 132 2190 1176 1257 695 95 2437 751 596 1856 1559 1672 1106 2745 2202 1836 2784 1346 789 766 1883 364 2700 1353 1361 2238 1451 483 291 2111 328 2242 63 2040 341 1224 1990 1900 1914 2504 1685 1213 2066 2381 2547 803 240 1091 1713 824 88 989 1996 2787 954 39 1019 1343 407 2113 2785 1476 617 436 1357 215 374 2000 2281 576 926 777 2579 1116 2178 2022 1785 2288 101 1818
924 2841 1471 1487 953 1139 1605 2502 2152 1288 1363 1703 2216 214 1953 2348 1602 2768 1866 420 22 1171 149 2567 1397 2751 1488 2179 335 1214 2109 1738 941 1760 333 2203 594 909 189 1712 419 1113 2263 96 510 1019 1632 2678 1891 2706 1502 1927 182 621 2623 106 2591 84 2230 1184 2497 2060 2572 148 1032 2153 1685 2022 744 894 117 2115 2554 443 1785 1371 1696 957 327 1525 1671 2521 2507 2401 2404 2197 997 954 1726 304 300 1979 63 244 171 2178 1315 37 1198 2666
1055 1944 2558 2294 2728 725 2207 165 1825 2741 2766 447 1130 1212 2825 1126 2292 1463 692 1606 97 2319 2842 494 899 2135 137 1547 116 2736 2057 2435 1935 204 2291 2511 1899 442 2305 2248 1940 1134 1056 2041 246 2813 1986 2068 686 1874 1937 2580 2719 2382 647 722 574 1223 1067 146 2506 1076 2393 2286 1721 1452 2665 79 1185 1464 1639 1777 948 1439 140 1473 804 329 2708 790 2683 2051 12 1876 2258 1868 1892 1841 2037 2625 1677 657 2499 531 2639 362 2438 1771 627 2809
264 2484 2455 837 1009 2063 1159 299 2833 2092 1815 2139 2269 2371 1982 403 667 2844 2576 1814 1122 1925 428 1549 2189 2797 2776 352 2731 1735 1589 1619 262 741 891 888 1863 1291 1238 90 687 267 1509 2385 641 1539 2412 885 1350 857 1373 1887 2039 2356 2486 1542 1191 1 706 2123 1520 1622 234 1338 1877 2739 656 2590 1457 349 2771 2403 2206 801 1551 2659 1776 2321 1229 263 2727 2811 228 704 2662 2338 2332 17 223 287 570 158 421 846 879 2635 317 1375 1807 77
1305 2512 1790 2362 2218 1504 222 1436 850 1933 2071 1638 935 1052 2691 2096 1321 836 2645 2156 2201 2750 2342 2355 1736 1098 1806 755 2432 2450 1709 612 2446 599 897 1621 2747 2452 2537 141 1023 2642 2535 1047 2098 1145 8 666 1671 1085 2449 745 1910 1163 1903 325 2055 177 2122 2829 2679 144 281 1232 816 461 477 1315 335 953 37 1188 401 981 453 1808 2420 1474 2274 2655 1717 997 1976 629 922 2048 1688 2083 586 595 2230 2587 2163 2197 1090 208 2591 2168 1336 1599
1571 17 1622 2100 642 600 573 2486 846 1338 317 2255 2412 2727 307 195 1520 2223 1698 223 2635 1 1618 1615 1409 2399 2811 2372 2253 1994 349 2338 1540 913 2781 234 1095 1572 892 2158 46 2340 352 2616 2215 1112 1349 685 1524 961 1630 2466 2834 1684 665 2473 1360 1446 1862 203 1270 2481 1278 1694 1294 1025 2138 2063 1129 1629 1009 1159 958 787 1815 2298 2455 1258 1060 969 511 837 1101 591 2709 2246 891 2468 2444 638 2131 2541 1509 1837 1939 1071 267 2801 2584 2185
1525 2623 2263 1280 1371 1084 2678 2572 1198 2116 1726 2386 1205 275 96 2030 1659 106 1960 2303 2791 84 894 419 2554 2141 1170 1032 861 2522 474 327 2348 1251 490 2718 1482 183 189 2153 629 2115 2448 1380 1364 1632 45 2562 2203 2060 2401 481 1866 1083 1064 1973 2831 1425 621 1927 1750 1318 212 1880 2080 1596 971 1802 762 1113 1762 1536 2734 941 1347 1633 946 1183 2761 2807 69 2132 785 2612 300 549 1184 1077 644 2204 2359 6 2056 2188 171 2705 1204 2582 2101 1247
2460 557 879 2363 1925 1863 1619 1982 2385 2833 641 262 888 2524 1373 2139 667 2771 299 160 741 2607 2104 991 1530 2094 2844 1539 1078 1366 1765 1607 2092 1549 1480 2371 1509 1807 273 1816 1081 1341 583 2431 2184 1497 352 2797 2619 2633 428 1660 1069 2269 2576 588 1295 1242 2185 880 2801 2776 2758 2835 1494 1652 2484 842 158 2517 2739 264 127 1735 798 405 385 2590 1238 2581 2189 1291 1630 687 147 2327 2206 1803 1215 2138 1196 1828 1086 1421 814 2356 1542 2063 706 2266
957 752 1889 2464 2725 509 2457 844 2404 1766 1515 609 5 1426 1802 2448 2128 1880 744 498 1616 1696 2115 592 1945 244 2182 2056 232 466 2522 2124 1596 1364 1726 520 1269 1064 106 388 2351 19 2760 1326 45 2591 163 2562 2168 2720 2354 1061 171 2566 473 2612 1032 2014 183 1556 2572 2442 2508 1960 2366 189 135 2751 2386 1904 2678 119 424 1296 2608 80 1637 1251 815 375 1632 1927 1722 2278 184 707 1768 1383 1199 2048 2413 565 558 644 1733 2408 1448 1659 425 621
1394 545 1631 1213 2277 2113 304 2178 1558 2066 1801 658 589 898 1333 727 1389 2249 1087 2072 714 2022 2644 1137 1361 1207 2323 395 761 614 1175 1306 1898 1228 1951 2546 1019 572 63 374 1798 529 341 1785 1561 2381 1334 485 962 1230 1166 16 1115 540 1451 2579 251 803 1483 2409 44 1683 167 2567 426 2317 853 149 2547 364 2242 1712 1298 101 1883 1900 20 1597 1427 2759 1300 783 1197 2040 1928 2751 1214 1559 1786 1176 954 1447 1106 924 2656 695 1685 1257 2784 182
2609 1516 288 2843 1546 1454 2219 709 843 538 1455 937 1800 2341 1138 434 410 2613 257 336 253 1645 1731 648 1079 811 1110 186 1894 1634 605 1871 1498 535 2549 1573 1133 610 1040 2788 365 2196 248 717 749 112 2364 1424 435 2697 2377 673 1068 678 821 2243 2087 1670 2830 1131 1466 1527 593 2417 2331 2095 1005 1966 1309 1794 2006 664 1142 2492 1913 1707 2005 2519 2746 544 870 1020 338 2290 730 1379 883 1174 2560 1581 742 2251 855 2299 2151 2730 774 1237 1311 1850
312 2832 987 1102 2790 1624 2411 1545 85 1934 2389 1926 1656 2528 2501 2817 221 1146 1644 1405 1752 2082 4 556 943 2300 626 59 635 2270 1407 817 2044 1386 1202 188 1737 547 2367 611 826 1319 283 2397 2574 463 445 2069 613 1422 1029 1617 2424 266 950 2477 2840 2375 1983 1552 2826 2515 2011 1092 977 2200 1437 1799 1190 1468 2312 900 2631 1045 606 2419 1486 2714 1489 947 197 1782 712 1710 2544 2133 1316 259 659 489 2148 2241 735 1328 2837 550 169 1993 978 1796
2049 530 631 2282 1604 446 2064 1301 1290 1567 1518 1058 1237 1981 2140 607 451 2796 2596 1909 813 921 2257 2093 1017 1554 2696 1370 1742 1673 243 2660 1396 1384 1331 1105 337 662 1614 355 1613 966 908 984 487 542 2458 1978 2259 2782 660 1879 710 1739 1002 942 1681 360 54 1893 2664 2085 1853 1000 2519 1705 1119 2600 2243 1094 2006 2543 2357 1495 394 2369 2392 50 800 1936 774 2417 1142 1695 678 2005 2087 1621 2492 2697 2560 855 1174 2251 870 1913 1850 1455 2331 1419
1578 945 841 2328 1179 2491 2682 1579 1977 1651 639 1920 2647 1063 1770 9 2252 114 2723 2097 887 2042 916 748 1470 1531 227 1211 1667 819 1769 515 517 952 2575 919 1585 1354 998 2792 1583 982 2310 2225 928 930 2778 763 2379 118 1851 2729 1791 1657 778 567 311 2349 875 382 1528 2304 923 1210 1154 2459 1854 2618 1367 1368 2559 528 1970 2711 579 2065 1239 2026 2488 25 975 2416 566 492 2793 512 1566 1819 2462 7 910 151 1864 2334 1643 2081 808 1209 1031 513
1749 483 1353 1727 834 1300 2555 2058 240 2437 2579 2784 1672 1304 576 789 1883 1277 2547 1836 1801 824 1394 2277 16 1091 1178 2381 1476 2288 1161 1483 926 766 95 1996 2202 777 761 374 2238 564 1559 1914 328 1593 545 44 251 1106 230 132 2249 581 1900 39 1176 596 2000 2504 1513 215 341 2317 2785 60 1469 1447 1357 1818 1990 1180 2644 2066 2190 2745 1804 88 1743 989 2495 572 1230 1856 2759 1971 1361 101 2114 376 1786 1213 436 2546 2281 967 1057 737 395 962
645 2011 445 1552 2840 1029 1253 155 2836 463 2088 1617 1054 1782 2241 319 1045 51 712 1649 2419 1663 197 947 1948 1679 1658 563 518 439 134 2289 440 2631 1381 1422 1319 2133 1444 1328 611 260 1623 1486 1993 2650 559 659 900 64 965 2375 2707 1840 550 1640 562 1096 735 305 2837 2826 169 168 48 2050 2082 2652 1860 2735 547 2130 1569 188 1544 1624 259 1316 1416 1386 1307 556 2270 231 2815 2628 674 2439 201 433 2044 635 1878 1796 987 2721 1983 1934 1965 2352
239 2091 1781 2794 2164 2232 1282 296 356 2280 408 209 2173 822 1568 838 1755 2311 2137 525 653 49 799 113 245 1248 139 1435 2236 805 2693 1356 1262 1475 2017 1756 2396 314 455 1127 1655 1472 1505 1274 1317 1706 2715 625 655 1612 331 654 1831 782 1378 383 2402 1647 1967 207 1011 61 464 2632 1297 1303 2406 1692 390 2698 31 252 192 1875 927 2062 2316 131 1395 1787 1635 1598 858 1715 1021 1018 721 1273 33 1961 2059 806 2061 225 1050 1143 2669 268 159 495
2152 84 2502 941 398 1605 909 2141 621 2841 171 183 2706 1139 1113 2503 2386 2612 214 2401 2572 2348 1458 1953 2182 2760 1171 244 22 1866 1251 1364 2263 270 1726 1214 959 106 1596 1525 1602 2522 971 2608 2056 1064 45 1199 1696 335 2705 1768 2197 1371 2188 2498 2688 815 236 2591 43 2567 300 2751 2761 2115 2109 2720 2562 1616 1365 2230 387 644 957 2278 420 509 1960 2678 40 2048 2494 1283 785 1004 2831 744 2448 2457 844 2737 940 1632 2464 2203 2160 2677 1927 1198
1948 1416 1096 2272 2815 1316 1860 1496 1051 2721 2556 1965 715 1362 2713 2034 1636 1218 1569 2352 155 1261 201 2628 1658 194 562 64 1796 1897 100 439 48 51 305 1381 497 2433 2309 1586 2241 2545 563 1640 1617 712 2376 260 1490 1901 2650 1993 1584 231 1782 2826 1453 168 2046 2836 1552 2755 1544 645 992 659 1307 445 1840 319 2088 1148 559 1045 1054 784 2439 518 1123 1486 2631 1623 2454 1679 547 2553 1369 900 486 1422 674 947 1878 906 978 1444 440 2289 169 2011
2019 1244 1507 863 2550 575 1147 1646 393 1805 2136 2754 775 2586 357 1669 1450 1691 794 830 1104 2254 1120 2518 2192 1611 339 1678 603 2780 2360 1016 457 107 2275 2233 2447 1734 2630 462 1732 2159 584 2297 2347 2345 1372 2326 2641 2414 2234 2395 2733 2383 1177 2329 2604 1517 279 1832 2368 2621 1626 960 2701 1014 818 1028 2651 1259 2637 876 55 693 845 2211 1192 1169 2176 2804 2805 2605 469 2684 1748 1690 2080 379 10 736 102 1523 373 1959 2752 2695 1919 2106 1620 1382
1785 1228 1333 1019 545 2022 2113 1213 2178 2066 304 63 1389 2546 1394 499 1115 1685 954 182 1137 149 1300 1712 2072 1207 485 614 1951 898 1760 374 1087 1306 1257 1559 2542 1558 1361 1786 1166 1106 1175 803 1298 1971 251 727 2504 962 589 1798 2656 2000 1928 1451 658 2579 714 2409 1334 101 2016 1230 1561 215 737 2149 2040 2381 1743 1883 581 1693 364 1801 1357 2759 2238 341 2242 572 2323 1535 436 93 2129 1593 1590 1631 1176 2114 617 76 328 1427 1900 132 2644 529
937 257 2377 1731 1527 535 1871 1894 1138 406 2145 1779 1385 605 2613 1007 821 1526 392 811 1800 365 1068 2095 1707 410 1040 112 544 1110 1645 749 2102 1992 1325 773 2843 2516 434 2763 1131 336 2549 435 1311 1455 1498 253 1966 2830 2219 1783 742 648 1309 2341 2788 1442 1079 1424 709 1511 1670 94 1379 610 2730 2364 1516 2560 1634 678 248 186 870 1020 519 1969 1133 568 855 2609 1005 2417 673 2680 288 1794 730 2290 593 717 2196 1243 2243 1142 1419 1466 2697 1581
2413 1448 558 2295 135 2615 1383 1296 1231 1265 783 80 1093 1728 184 119 1478 1945 218 1914 1312 1984 2111 540 2785 520 1856 232 2441 2756 407 2202 19 2190 757 2021 754 424 983 2472 213 341 2281 1996 2745 1683 230 1689 2242 2566 1269 2827 1867 949 2408 1722 1999 596 707 1476 1733 529 777 2737 95 310 2354 2744 2638 695 1091 926 1818 2114 564 766 1535 2533 88 967 1804 2644 940 1849 1743 1533 132 1343 1176 1898 1693 2547 291 634 1801 1103 1149 1161 2320 1847
1371 1960 2572 1144 183 2503 1113 815 1616 509 2457 1064 327 1458 851 2115 1199 2056 2608 2760 2116 23 1866 236 844 592 621 171 2203 1987 2197 1927 1084 1907 84 2162 398 2182 1198 1744 1687 45 2620 1280 106 40 2386 959 117 2303 244 2348 2522 2726 2152 941 2448 1426 2101 1365 1556 744 189 1205 96 214 1364 565 270 1400 1602 1696 1922 1032 2030 2678 2060 856 2591 2612 861 506 1880 785 2706 1661 2160 2494 609 1171 1139 1659 1802 796 1726 333 454 1251 2263 1632
761 2249 2317 1631 1394 545 834 1727 2555 2113 1389 1213 540 2178 1801 304 2277 16 727 44 1914 1483 1228 658 1019 614 2066 2785 1361 1785 1300 2546 1447 2072 1115 2058 1044 589 1333 924 341 783 63 1951 376 2114 1561 1996 1451 1091 1137 1683 1306 1469 1087 1230 2000 1093 1207 581 2022 2644 104 1898 1106 777 230 1175 1559 564 1487 2202 1482 576 2495 1558 1990 926 485 1250 2452 1363 1288 1244 2547 2242 1277 474 2245 395 1786 2216 1006 989 1178 149 2579 737 863 339
1749 483 834 1353 2555 1727 1300 2058 240 2784 1883 789 1277 2437 2579 1672 1801 1161 2277 576 1394 824 2066 1513 1178 1304 1106 1836 1559 2000 2547 545 2238 2546 2504 2113 1213 766 1483 564 2178 1115 1593 1990 1847 304 2288 581 926 328 1743 16 1361 572 2644 1389 1971 1230 1804 761 251 1786 2249 967 2759 95 374 63 962 2785 1914 2381 39 596 215 1357 1180 1091 132 1476 101 1019 230 1176 1818 1451 44 2054 529 1228 1685 1996 341 737 2114 1798 777 1951 989 2202
1492 142 802 2078 429 1430 1553 1699 555 1886 1890 1053 2029 2333 868 1256 2668 554 1562 1888 417 1033 878 2267 289 886 597 2743 1236 1686 2380 743 866 1418 681 332 62 176 2217 427 1393 2415 2108 2568 901 2423 361 21 2227 1398 2786 1065 1793 199 340 979 1431 302 292 2451 2384 536 121 1588 432 36 988 893 78 1132 733 193 569 571 2090 1038 2117 1041 680 323 2421 1499 1272 500 1268 1374 2671 1754 1429 2539 640 2578 13 377 1399 2032 2221 2038 2828 2602
722 1134 1547 2511 2665 246 2068 1067 79 1463 97 1935 2842 2041 204 116 1606 2305 350 137 2741 1212 899 2135 1126 2736 686 692 2292 2813 442 2825 2248 1076 1937 2382 2286 1464 2319 2766 2558 725 165 677 447 1639 1055 2580 1452 329 2294 2393 494 2728 2719 140 1944 804 1130 1185 948 2598 2438 682 1868 12 1825 491 2057 146 2435 1841 2436 2207 1777 362 1940 1962 2708 1056 2569 1771 1677 2506 1942 1899 2440 1592 647 1223 1408 1721 1892 790 2625 444 2291 271 1986 2683
2843 1946 2516 1005 2290 1526 2746 2730 2364 2299 730 2788 937 749 257 410 112 2549 338 1731 1068 1243 2830 1379 365 544 1020 1131 435 1511 673 1871 605 855 336 1309 1442 1581 2560 2151 678 1783 1794 1966 1040 2377 811 1670 2417 1466 1634 774 593 1527 1325 1968 1110 1138 610 1969 2492 717 1779 2196 1311 1424 1455 1142 1573 2005 2251 535 2519 2697 1079 881 1913 434 2243 1174 2145 1498 1094 1707 253 2006 2341 248 2087 648 870 1133 821 2680 1936 406 392 2219 1850 288
67 1810 2583 2509 627 2350 1001 2121 249 202 1012 1075 1406 1944 899 1212 2294 137 2741 2135 2766 447 1055 2435 2057 2825 2728 1606 494 2842 725 116 2736 165 2248 2291 1463 1937 2382 1547 1935 204 2319 2207 2041 686 1126 2558 2719 1076 692 1899 97 2292 1874 2683 442 2813 2511 574 2305 1825 2580 804 1056 404 2258 1609 1067 948 1639 1439 1452 362 79 1464 1134 2051 1223 2286 1195 1841 246 1088 2068 338 2665 2393 2329 647 794 1611 2708 146 1130 1931 2183 329 722 24
2789 1650 507 1099 2265 1955 2597 2610 1885 1314 1135 890 872 2306 120 1543 1991 1823 235 367 2199 1441 261 1873 649 2799 771 1003 1917 2594 963 2105 553 877 1164 1117 2681 316 1302 552 2822 699 1156 2812 1109 68 1327 1852 2144 2212 1182 1746 2343 968 2237 2764 1010 1974 740 1111 162 2774 533 2191 1332 1774 2773 2716 2770 2527 602 92 2592 2193 2177 670 849 2052 2819 1376 2814 1461 2557 2283 2552 2365 2181 1896 1827 587 458 2500 175 705 2689 152 734 2370 238 972
2792 567 118 1791 2065 998 808 919 1354 1769 952 1583 2778 2711 887 1854 382 778 930 1531 1470 1970 517 928 975 2379 1851 748 2793 1657 2729 819 2328 2491 1271 7 151 923 2304 875 1063 1667 982 2416 2349 1210 1585 2559 2575 1578 2252 528 227 763 1977 2618 1179 311 2682 639 1579 1211 2225 114 841 25 1920 1367 945 1368 1651 579 2647 1239 916 2723 2042 1209 515 9 2658 513 2488 2310 2459 1154 1770 566 2026 1566 512 2361 2097 492 1742 701 2353 1404 1688 2394
8 1671 2706 325 1474 745 2535 2449 1844 619 1288 1703 2617 2216 1286 521 1363 468 2425 637 2197 236 565 2657 2313 2608 2712 285 459 1251 2831 922 690 1537 2760 1797 37 171 2705 506 1064 1560 1364 45 2182 1858 2308 1221 956 1188 997 759 2268 2643 2522 2401 959 2167 2612 2476 894 309 1884 1387 2056 42 621 1090 1763 1232 661 829 1806 2507 882 650 1315 1336 1153 123 2153 1904 2194 334 1736 586 1308 335 980 229 2816 2160 2150 2450 1032 448 2079 419 1536 2168
1328 1663 1444 947 2836 1782 1649 169 2837 1679 1623 1054 2707 1617 712 1045 1381 2767 1658 2241 2130 1544 440 2050 735 2439 51 1422 1993 1369 2649 179 2628 155 2454 645 1218 2011 1870 925 445 1640 1796 26 1840 480 1489 348 1569 197 305 2840 1948 1261 2289 715 860 1417 1096 550 2714 1416 48 2826 100 260 194 900 1710 1051 1029 562 563 463 2721 2769 1437 64 2034 518 1486 2545 1860 559 1552 201 1701 2650 2817 1307 817 439 221 1316 1644 1965 2088 943 1926 1253
2545 2034 2713 2433 1796 100 1569 1453 2376 1490 715 48 2721 64 1901 2309 201 305 1316 562 439 1496 1860 1584 2556 1640 51 2272 155 2023 563 1636 2826 2815 260 168 2755 1096 1416 1965 1840 1948 659 747 2241 1051 2045 2439 1658 2628 1148 2650 1878 1381 2088 1544 231 518 1617 497 712 1307 2352 559 440 550 194 992 1782 2289 1486 1123 978 1586 486 2007 2454 735 784 2050 26 645 1422 1437 547 2538 2652 1045 1261 2046 770 1218 1362 1369 1993 2836 900 2649 134 860
1539 352 1349 2226 264 2063 2455 2833 837 1009 2484 2139 2092 913 299 1 2269 1815 234 2844 2138 1572 1520 2576 2371 403 1025 1159 1982 1618 969 2175 2727 1571 667 17 1925 2776 349 2797 2399 428 1540 1549 1615 1122 2635 1242 2158 2215 2100 741 1630 1684 879 2223 307 223 1735 2834 2466 2486 1622 1619 1360 1863 892 685 1698 2246 1366 267 600 2541 1291 961 195 1524 46 273 1814 557 573 2444 2339 2524 642 2710 1238 317 2104 958 668 891 1988 2731 1514 262 787 511
419 2554 894 2153 1927 1632 96 106 189 1032 2060 815 481 1987 1013 1336 22 2401 1214 1727 333 1315 2079 1171 1749 2831 1251 1363 2197 2160 1703 2612 2109 834 2555 2567 2058 309 2720 762 2705 644 856 2751 1288 2313 1364 300 2562 924 1108 2116 971 2571 2425 1365 2522 1661 1277 2442 2188 2152 2048 1283 45 1286 2261 1083 2498 2216 744 2688 1064 2141 2056 636 387 2386 1605 506 1304 468 1726 661 1797 861 2502 785 1995 2760 181 2678 2807 621 732 2194 2278 1217 761 1768
1125 1753 2777 2772 2077 2478 70 2561 2510 1759 2757 431 315 18 1842 1834 951 2 2622 2015 2663 1390 601 1252 1557 2818 1165 2302 1035 2161 767 1839 191 277 2315 2702 369 297 990 502 103 1460 2532 1235 1989 578 1821 522 1938 1323 1443 211 2601 1980 2471 2624 250 1720 1608 2686 1114 2685 1413 284 962 1845 1830 688 684 2276 1533 889 2759 1747 702 1975 1908 2496 126 1186 2583 2323 768 931 65 1391 848 1340 67 529 1767 634 461 2667 1798 903 2546 1810 1075 1833
1357 39 2288 1818 926 564 1786 2495 1180 751 2000 2281 1482 441 1559 1106 2383 230 1943 2695 215 1971 581 2080 541 1523 373 917 1257 2114 1950 2239 2437 436 1091 1836 2073 845 737 920 379 2656 590 1693 76 87 2240 83 1451 1192 2605 2787 2824 321 2247 777 902 1538 1593 2033 469 1014 993 2542 2497 75 1900 371 1846 2653 2202 1919 803 1361 2699 2489 1856 615 1672 779 1915 2345 2149 1476 2804 2651 318 1410 989 187 1996 960 2324 789 818 1832 2036 2441 2641 1601
2665 2068 79 1067 722 2511 1547 1134 246 1463 2305 2842 350 204 1935 97 2041 116 1606 137 686 2135 2741 1212 899 2736 1126 2766 2292 1076 692 2580 2813 2248 2825 2294 2286 442 1452 1055 2319 2558 1944 165 2382 725 1130 1464 1937 140 494 2728 447 677 2719 12 1868 1639 329 804 2435 2598 2057 1841 1056 1940 2207 1185 1825 362 2506 1899 146 1677 2393 2708 2436 1962 1892 574 1777 948 508 2438 1986 2625 1771 1721 1473 682 491 657 217 2258 790 827 444 2037 526 864
2011 645 1054 2707 1679 1623 1663 1444 947 1328 445 1649 2767 2840 169 2836 2837 197 1782 1029 1253 2050 463 1045 1617 1552 2628 1658 735 2130 1381 712 1544 1218 440 2735 1261 1993 2241 2289 1422 51 194 2439 2375 1948 179 1416 2650 433 860 1417 134 1870 2649 319 1307 1489 1860 2352 155 1051 1437 965 769 2454 1096 900 1640 1369 201 563 2272 173 1486 1710 161 2088 2815 439 1895 2287 260 1796 1840 2133 2826 2045 1788 674 2714 1496 64 2769 231 562 1586 2713 1569 2631
2816 2666 2043 650 2171 2810 922 1697 1891 1763 37 1916 2346 1188 1456 1723 475 1090 1153 586 411 1082 759 2167 122 468 2313 2643 1284 285 1308 1858 807 1541 1603 750 443 820 6 334 1227 1260 1882 1221 1865 732 1702 620 1797 956 181 1006 980 459 661 546 2268 1083 2194 2261 1884 2425 582 1537 973 1570 2216 1015 1610 619 1285 2118 829 476 2476 1560 1761 1703 521 2617 229 2712 1288 1844 636 2841 2179 1605 594 2823 2308 1380 298 690 2831 1318 2705 2278 2807 42
1317 1395 1756 1921 2061 1972 2402 721 1647 805 1918 1755 1140 1124 799 390 1635 1967 1715 2053 1037 1303 1475 314 2236 1050 1187 2406 412 1612 402 471 1438 1648 561 363 936 1273 2465 1829 2505 108 1008 1297 1216 1472 2693 2398 2301 2279 753 2407 786 653 1143 655 113 484 2698 478 1022 782 2765 1282 159 1293 1220 1048 1097 1018 806 1662 2429 430 1692 1378 580 1011 2017 27 1274 643 2690 1465 1118 331 1568 2467 356 296 326 408 2059 344 2244 1787 534 1929 2611 1026
803 2040 364 215 101 2504 374 436 989 737 2381 1900 1306 1175 485 1951 251 1798 2759 962 1207 341 614 2072 1361 589 1137 1451 727 1559 658 1427 2238 328 714 789 766 2000 1883 2579 1230 1257 2540 572 1106 1786 898 395 1558 1971 1389 2546 1087 1115 2242 1683 1334 1213 2323 2113 2066 407 2644 1166 1561 2409 581 2178 304 1928 1898 545 2114 1300 1091 2784 1590 2787 1333 93 646 529 1801 895 76 2054 2656 1357 1685 2022 2149 483 1228 1394 2542 926 63 240 39 1996
645 2011 1054 2707 1679 1623 1663 445 2840 1444 947 1328 1649 1552 2836 169 197 1782 2837 1045 1029 1617 2767 712 463 1253 2241 1381 1948 1416 1993 1658 2050 134 1307 735 2628 440 51 2130 1096 2289 1486 1544 319 1437 674 1422 2375 2272 563 860 1860 2735 1417 155 2649 1316 1218 1369 2815 1261 1051 2556 194 2439 769 1870 2454 2650 260 1796 305 1569 201 2713 2826 1640 48 1710 715 900 2287 2721 562 906 348 2034 2769 2088 1840 433 1489 1496 559 2419 2352 2545 179 64
203 1629 2749 1524 2740 154 1059 551 342 2468 1803 1811 2444 1167 1355 2710 472 1072 127 2595 2175 934 798 2431 1377 307 147 2198 1675 2187 1863 170 641 1520 1861 2727 1807 814 385 158 242 1375 1530 57 2548 2127 1859 2206 1509 2709 1826 287 2002 2473 160 1862 1295 884 880 1 577 1034 1078 1201 185 1348 1576 82 842 1030 1373 1345 438 741 2094 2385 2771 1619 667 2155 2776 2662 2399 226 1758 1432 685 514 2403 2461 1071 1494 793 2654 891 1086 1025 267 687 668
2268 459 1697 2167 2643 759 1702 1188 1260 2313 181 620 546 6 732 1858 468 285 1797 1763 1882 1083 922 582 1456 586 1090 1082 1221 2823 37 1380 1284 1308 443 2476 122 807 2425 1285 661 650 636 298 956 2666 980 2194 1911 973 2043 1318 820 1570 411 1536 275 1541 2807 1884 2623 2171 475 2810 372 1865 1227 2791 1723 1015 829 1610 2118 2816 1603 1916 1153 334 1006 476 167 448 2168 1891 1560 2261 2346 20 2263 669 1709 396 1537 750 1267 229 1761 1200 1387 281
1096 1948 1416 2272 2815 1860 1316 1362 1496 2721 1051 2034 715 1897 1569 48 64 439 1965 2713 100 155 2556 1796 51 497 201 1658 1636 2545 2352 2241 1586 2309 2628 2433 1381 562 194 305 1218 563 1640 1490 659 1617 1261 2650 1901 712 1584 1453 231 2376 2826 1552 260 2836 1148 168 645 2046 445 1782 1840 1307 559 992 1123 1993 2553 2289 2088 1486 674 784 900 486 1544 978 1045 2419 319 2732 1878 2755 134 1422 547 1623 906 1046 440 2337 1319 1679 1663 518 1054 2840
2433 2713 1453 1490 1901 2034 2545 1796 2376 100 1569 2309 48 2721 1316 64 715 1496 2556 201 305 562 439 1860 2272 1640 51 168 563 155 2650 260 2826 1584 1965 1948 1636 2815 659 1416 1840 1096 2088 2289 231 440 645 2628 518 1148 2439 559 2454 2241 1051 1658 1544 1878 2352 712 735 2023 2840 2050 1307 2649 486 26 1381 1369 550 784 1123 1486 2769 2553 2538 194 445 197 348 2755 978 1045 2482 1782 497 480 747 2836 1617 769 1437 2714 1752 179 1218 900 925 1870
2823 1260 1227 1153 476 807 2261 1858 1761 2194 468 1188 2313 669 1865 661 829 759 2643 620 229 752 1702 1284 2168 411 181 122 1933 732 372 2071 1790 1456 1083 1560 922 6 2627 1797 629 1305 750 396 2201 582 334 285 1015 2362 546 2645 1436 820 2512 2750 1098 281 1638 1052 1610 1697 956 1541 586 1321 935 1736 1221 37 2043 1603 2816 2476 1504 2810 1763 612 222 1090 1882 205 1806 2666 2342 2030 115 755 2156 1911 836 1084 2171 2791 2060 1709 1023 2432 2677 897
546 1882 759 6 582 2643 1221 1702 285 807 1260 1083 732 620 1797 181 1858 2313 468 1188 2476 2425 636 956 820 661 1318 1536 1541 1153 2807 2823 2666 2194 2810 372 650 1697 1891 2816 1199 2171 1603 1560 229 1227 2043 2278 2678 2346 2261 1916 476 1768 2761 2048 475 1726 922 334 669 1570 423 396 750 2720 281 2168 1696 1865 2263 2627 1723 2474 2503 1456 2620 1687 1462 1080 2688 1198 398 104 762 1960 40 629 42 1844 1761 829 1057 236 387 45 37 327 1936 1139
540 291 1631 1801 2277 529 465 1535 2644 1334 832 2323 1561 1394 16 1483 44 1230 545 1447 395 2785 1798 499 962 376 2579 483 1914 1847 2759 1300 1115 576 572 2504 1990 1389 1743 1469 789 2000 1513 1683 1346 2129 1161 2546 251 1672 898 1883 2542 1749 2054 614 240 2242 617 1019 2547 1785 1996 374 2700 2066 1178 2409 1228 63 2113 596 407 1593 101 1689 792 824 1951 2784 2202 1087 646 2437 1091 1685 2016 2238 485 2827 983 739 1353 2178 328 803 1213 1175 581 1103
853 2224 739 967 338 1804 730 754 1707 792 1466 1894 1546 293 2540 76 101 1149 1670 410 1516 1555 1110 1719 436 2320 1427 811 1900 789 1936 2409 1346 1928 1266 937 714 1798 2579 1728 1166 1243 1634 572 605 97 1394 545 535 2492 1455 2296 112 2788 742 1645 257 365 2041 2377 1379 2031 1306 1088 2072 589 1094 1207 1590 1361 2680 895 646 766 774 336 1057 2430 648 215 2609 2495 598 2095 1325 2381 2243 737 2238 610 1068 964 2796 2221 538 442 2539 1952 2140 1174
1934 2528 2411 2501 1644 1102 1656 2817 312 2044 2790 2832 943 221 85 1405 1926 1624 987 817 635 1407 188 556 2300 1796 1617 611 2241 2826 712 1381 1782 155 559 1422 259 1319 305 1658 1636 1840 900 1752 659 1146 2439 2419 547 2836 2007 1428 550 2652 2545 1386 563 260 2034 2721 1045 1878 518 51 1848 1965 2397 826 1437 1983 2337 2358 1486 1569 1316 201 1544 977 1737 978 1092 100 48 2270 1552 2574 715 2133 2082 1993 283 2309 1860 2454 4 1901 562 440 2837 2713
1813 324 1062 1715 1037 1843 1923 495 131 129 390 1635 241 1124 1475 1932 501 1967 1875 1024 2565 2531 1929 2765 1730 1503 2142 1789 2687 840 788 456 2285 2301 314 2407 1281 780 268 1662 927 484 2244 452 1275 467 806 1140 2053 1500 1050 2091 2429 1039 628 1505 1011 999 2236 33 2059 2715 2806 53 295 1655 1026 125 1648 1831 1941 2634 1912 389 363 1378 449 331 1274 534 464 1008 239 1706 430 858 1273 1465 138 1282 1022 2742 786 1220 1216 1568 2164 108 1048 113
957 752 1889 2725 509 2464 2457 609 2404 1766 844 1802 1515 2448 1880 5 2128 744 1426 2115 1696 592 1616 244 1596 498 1032 189 2182 466 2807 2351 2562 2060 2760 2522 183 2720 1064 387 1637 2278 2442 1199 1726 1364 2498 2608 2056 163 1556 106 1280 1927 45 565 2591 2168 388 959 644 1084 1945 454 2688 1768 171 232 2627 2476 1083 1702 669 1560 1269 1061 2188 815 1858 236 1251 1960 582 2572 1326 229 2612 2503 894 1797 2153 2230 620 419 636 1953 1632 1217 2678 1659
2460 2363 557 1619 1009 2727 2548 1925 879 837 1375 2139 1776 857 2455 969 2590 1665 1366 1572 687 2298 913 2844 892 720 797 859 234 1684 551 2332 342 2662 2215 2399 264 2541 1440 2484 1350 2158 1043 386 1 2186 570 2385 2039 1660 2123 2189 267 2226 2834 228 2330 2833 2529 2456 1664 349 2633 1861 2198 46 667 2206 1982 1514 2185 2739 2607 1086 1520 2672 352 1238 1863 1724 704 1947 1540 2092 2356 1191 2524 2063 689 2004 1815 787 1291 1887 880 2229 1630 421 958 1571
1568 2232 822 455 1262 2137 2470 1506 408 61 838 1282 2794 49 2396 296 209 2280 1127 1781 1787 207 525 2173 1140 245 383 464 654 225 2025 356 139 1505 653 2669 1706 1024 1274 1780 2531 113 799 726 2693 2070 239 2765 131 999 2091 1216 192 268 2236 2715 1875 1503 1475 1789 1967 484 806 1011 2311 2059 927 1635 1831 418 390 1662 1829 452 1929 1655 1932 1141 2142 314 1248 2164 1378 1715 1124 2301 295 331 780 1275 2407 1356 389 290 2244 2429 1730 625 1273 1050
1525 2623 2263 1371 1280 1084 2678 2572 1198 1726 2116 275 2386 1659 1205 2303 2030 1960 2791 327 1170 106 84 96 2718 861 490 474 1880 2448 2734 419 894 629 2141 1802 2203 1032 1482 2554 1083 1113 2522 1318 189 1973 1762 2562 2348 300 481 1425 941 1596 2080 2153 1251 762 2831 2807 1380 1347 1632 1364 1536 1064 2359 117 2060 971 1077 1400 183 2132 2401 265 212 905 1199 1687 2204 45 2115 1750 1927 874 851 40 516 6 1866 2705 946 644 592 2188 318 2720 1183 2278
702 848 1830 931 903 768 1114 1107 1767 2388 65 1908 2601 502 284 990 2471 1340 1845 2624 1235 126 688 578 835 297 103 1310 2276 1608 1254 250 1720 1821 1323 1512 522 1391 2314 1413 1975 684 1186 2667 767 973 1458 1285 1015 277 1759 1570 315 601 298 2503 2757 2056 2620 1232 1839 398 18 1922 2302 236 1397 2608 1557 2496 1989 431 1842 45 1390 1753 2532 1125 2323 2622 2777 1426 2478 1165 2182 2183 2 818 1832 2772 962 2663 333 2760 1938 1035 2510 2077 191 1144
2072 1207 589 485 1306 1137 1175 1951 614 658 727 714 1361 898 1558 1451 1087 2409 1166 1928 1798 1590 93 1559 895 962 1334 2323 1427 2000 634 803 1333 364 1786 1230 1971 2540 2759 426 1389 1597 1257 2040 2320 1683 1149 2656 1106 1115 101 2113 2149 2644 1213 293 395 2143 572 251 2504 2066 374 1900 2022 1689 2787 2242 529 853 436 2178 24 1561 304 2381 2546 215 676 789 2533 1693 737 29 545 2054 341 2756 1801 1298 1513 1847 2699 2673 2430 1019 695 63 581 1785
79 2068 2665 722 1067 2305 1134 246 2511 1463 1547 350 97 686 116 204 2041 2813 1935 2842 2248 1464 1937 1639 2382 2135 1076 692 2286 1962 2580 2598 2506 140 2292 217 1212 2319 1126 442 12 137 2741 2393 1868 1606 1777 2436 2427 494 2719 2057 2736 574 1185 899 1452 1223 2438 329 491 804 948 677 790 1771 2435 2445 2308 2712 637 2625 682 657 482 508 619 1677 1088 2704 1998 1052 725 2291 1330 255 974 1874 521 1130 146 2499 647 1473 531 2708 1944 2766 2809 2294
557 2460 879 2363 1863 1619 1925 1982 641 2524 2385 2139 299 2771 2517 798 2833 262 1684 2298 127 1373 1807 1549 1242 2104 888 1215 2710 352 2801 991 1295 2662 1081 667 1530 741 2189 160 1939 1607 273 158 2576 228 2581 2844 1366 583 1539 2371 1803 2184 1509 2659 1341 880 147 428 2619 570 1078 143 2321 1630 2332 1432 1193 2739 2187 2468 1494 2776 2185 1129 1350 2595 2206 2590 2327 2797 2094 1735 1724 1792 30 706 2269 857 1877 1345 1294 1887 1360 1765 1457 1238 842 1291
887 1470 1531 748 2792 819 1585 1667 2575 2328 2491 118 1579 567 1791 2723 114 841 945 2682 1578 1179 2065 1770 919 639 9 2778 1354 1769 1977 982 2647 515 952 1651 1920 2304 1063 311 930 875 1851 923 2349 2618 1210 2559 1211 2793 579 2416 2459 2379 1154 2097 975 25 492 2252 763 808 928 151 1854 2225 2042 528 566 2488 916 1209 1368 7 2711 2026 1271 1643 1367 1239 998 1657 2310 1528 382 512 513 2658 227 778 2729 517 1583 2074 554 2334 781 460 823 868
2152 2502 84 941 398 1605 2141 183 621 171 909 2503 1113 1139 2760 2706 2182 244 1458 2608 2841 2386 1251 236 2056 1364 1696 2612 1064 959 45 2401 2457 1171 2522 2115 844 509 22 1768 2572 214 1214 270 1199 815 1616 1371 2761 2263 1866 744 2348 1726 106 1960 1953 2705 2751 1570 2048 957 1525 1987 2688 1560 117 1198 1515 971 1602 1283 1596 40 2498 387 2677 2197 2567 1632 189 2720 2109 43 565 420 2404 609 2831 2203 2497 298 481 2562 2188 785 2591 5 940 1927
2460 879 557 273 2104 1242 2524 2363 1539 1619 1863 1366 1925 1816 352 147 1480 577 2175 127 1982 1530 160 2431 2633 1660 2607 385 1078 2595 1025 299 2710 1349 2094 2833 2517 787 2139 667 2226 810 641 2271 2468 1421 2619 2444 814 741 2385 1607 262 1939 2092 1341 2576 2455 1807 1069 2138 1509 264 1803 2269 1373 30 2771 1630 969 551 2371 2844 888 991 2709 2758 2529 1291 1520 267 958 638 2484 1 2797 1238 1811 1295 837 1009 1355 1571 1684 1549 1524 913 1514 71 570
2066 2113 2178 304 1213 1389 2546 1115 1785 1019 1300 2022 1333 1228 63 545 1951 1175 485 1306 1685 614 1361 149 727 803 589 1137 658 2072 1207 954 1559 962 1971 1451 374 1798 898 1786 1394 1513 2000 1230 215 2504 572 101 1743 2040 2656 2242 1883 2579 2409 1106 1257 1166 1561 341 1161 364 2784 1176 436 2759 1334 789 182 1847 737 132 2542 1693 714 1087 251 1900 581 2238 395 2323 328 2644 2381 2149 1773 1353 989 1558 407 617 1357 695 39 529 2016 1427 1683 483
536 121 2090 1268 569 193 988 1132 1588 680 2333 1793 1431 36 2227 571 1065 2108 886 1418 340 2786 332 901 2117 1256 979 1393 500 1686 2029 597 1562 2217 432 802 2668 429 176 417 733 2384 1033 427 2743 2267 866 1430 555 1553 199 1890 142 1249 1910 1329 21 2451 2415 878 554 1038 1492 729 1699 2380 2568 62 2335 289 2055 698 868 2798 2747 2083 1047 1398 2098 302 2078 1879 2839 1764 681 2421 1145 141 1888 361 865 377 1266 1049 2795 1976 78 2578 2423 1499
2138 2648 1828 961 405 2835 2614 166 1964 2738 537 2100 1607 1341 1571 1622 352 846 573 17 600 2486 2758 2339 642 1069 1421 665 1540 1530 577 2094 1338 2820 1698 1078 1270 1618 2635 160 1349 317 2372 2223 2466 1520 2338 1159 1446 2255 2266 2710 127 2709 2412 234 2399 1615 195 2340 511 2595 1294 2481 1939 147 2253 1258 2473 1630 1994 892 2175 403 2811 1619 1572 1025 1 2246 1539 969 2455 1291 1684 913 1815 2727 891 1816 267 557 1238 223 879 1409 1095 2063 1863 1811
2113 1213 2178 304 1394 2066 545 1389 2546 1300 1115 1019 16 1469 1785 1228 1447 376 2022 2249 1483 44 1333 1749 614 727 1951 658 761 589 1361 63 1801 1175 2072 483 2000 240 2784 2277 1087 1161 1883 898 1353 1137 1804 485 1727 1631 2054 251 341 1306 1558 1914 1451 291 2579 1847 1513 1230 1559 1898 714 2785 2437 834 2202 789 1207 1672 803 1798 1561 2644 1996 529 374 2317 967 540 1683 1091 1093 1427 2024 2555 1178 2409 581 2281 1597 215 149 2547 737 1535 564 1476
1525 2623 2263 1280 1371 1084 2116 2678 2572 1726 2386 1198 861 2141 1960 1365 2448 275 2442 270 2562 1205 183 2720 2761 1596 2115 785 644 2718 84 2101 398 2807 2498 45 1318 2048 2030 387 2522 106 1283 1458 96 43 2791 2612 1251 2401 1768 1364 490 189 2688 592 1536 1866 1032 1927 1013 2188 2056 1108 2160 419 1616 2591 1064 957 971 1170 2203 171 762 2503 1199 941 481 894 647 2278 1632 1113 2554 1802 2079 621 244 1880 2060 1659 1696 2760 482 181 214 1204 636 959
558 2295 135 757 2413 213 1728 2408 184 1689 1533 2024 1231 707 853 754 426 1265 1597 2430 119 520 2638 1448 1296 634 80 1631 2143 1383 783 2354 1945 2366 2615 761 473 232 2124 540 2725 24 1312 498 19 2464 424 1478 1984 2533 1394 2249 1269 1326 1719 2566 1804 2351 2014 1722 1849 2508 1766 1889 1061 1093 1904 2404 388 2277 2472 1898 163 1801 29 1426 375 1867 1602 1149 2751 425 957 1469 1733 2507 1556 509 967 1785 376 609 752 149 2317 244 304 2320 1616 2169
1125 1753 2777 2772 2077 2478 70 2561 2510 1759 2757 315 431 1834 1390 2622 1557 951 18 2 1842 2663 2015 1252 601 2818 1165 2302 1035 767 191 1839 2161 277 2315 2702 297 1443 1235 1980 2685 1938 369 103 990 502 688 2624 2686 1747 2471 2601 578 1323 522 889 1114 2276 1989 1460 1413 2532 211 1845 126 1608 1391 2667 1830 1186 702 1821 2583 1798 284 250 962 67 1767 2759 634 1908 1833 2323 853 1075 1720 1340 768 931 2314 684 1810 485 29 2430 65 581 1389 848
1453 1490 2433 2713 1901 2376 2545 2034 1796 2309 100 1569 48 715 2721 64 1316 1496 201 562 305 2556 563 1640 1860 439 2272 51 2826 659 260 168 155 2650 2815 1148 1965 1948 559 1096 2088 231 1636 1584 1416 1840 2289 1307 784 645 2553 486 1123 2337 1486 440 2439 978 1437 194 2840 2352 1878 2628 518 1658 747 550 2050 2007 445 712 1369 1051 2241 2454 1544 2649 480 735 2836 2652 1381 1752 2538 1218 2133 26 2732 900 769 2023 2769 197 1663 925 674 134 2358 433
2045 2755 1584 2023 1029 258 1362 1416 1701 463 860 747 770 2735 497 1096 1948 2034 2482 2753 1586 1897 2628 992 1417 1051 1307 155 606 1788 2011 197 906 622 2545 1993 1710 1796 1552 1627 675 1489 817 1926 2646 1545 715 2721 178 100 1617 2046 1895 2389 1381 674 2367 2289 2375 2724 85 2631 2556 1388 562 2076 51 1544 439 433 1253 547 2626 201 1386 1934 1656 64 2287 2376 1261 134 1649 1658 2840 173 305 2836 2713 26 1782 2837 2650 1644 1860 2767 1569 1319 1320 2300
167 454 38 2810 1697 2043 759 2643 1260 20 2171 922 620 181 1702 1188 546 732 285 2666 1570 2268 650 475 2346 411 1221 1858 1916 1723 1797 468 6 1082 37 1284 582 586 1083 2313 1308 1456 1153 298 807 1891 459 2816 1763 443 1537 1227 820 1882 122 1995 372 1205 2167 2823 2222 636 1865 1541 1285 1603 956 2791 2573 980 1084 661 1090 2476 2841 2194 2623 2263 1502 2627 2807 275 2030 2726 2179 1198 1280 281 115 829 396 1591 334 1006 1250 2261 423 1884 1744 148
887 1531 1470 2792 748 118 567 819 1585 1667 2575 1791 2065 919 1354 1769 952 2778 2328 2491 930 2723 1579 841 945 1578 1179 923 808 1851 2304 114 1063 2379 998 982 875 1977 2349 311 639 2682 1770 9 1210 2416 515 2647 1920 1854 928 579 2559 975 2618 1651 2793 2711 25 1154 2252 2729 2459 1211 778 1657 1583 7 382 916 151 1209 2488 2225 528 492 1368 763 227 517 566 1271 2097 2042 2658 2310 2026 513 1367 512 1239 1970 399 1528 1643 2074 2334 437 1599 380
1749 1801 834 2277 2555 1727 2058 1394 1300 483 576 1304 2249 1277 2579 761 1483 2547 240 1672 1353 545 2784 2317 16 44 2644 1883 376 529 395 2437 1057 1178 2785 2054 789 1469 824 1914 1836 251 967 1804 614 677 1230 333 1447 374 2381 1161 1103 1990 658 856 827 60 596 727 1361 572 291 2000 1798 1091 1137 1427 2661 1847 962 2323 2066 1476 101 980 1513 1631 339 400 1898 2202 1593 1996 2288 2118 1401 2759 1389 1951 1556 1176 95 1213 88 350 1451 1884 792 2238
2769 1870 348 26 925 2454 2649 1369 480 179 712 550 2538 2714 518 2130 2050 1045 735 1617 1701 445 2375 2241 440 1788 1417 2840 1710 197 860 305 1489 645 1840 168 1422 1453 1552 1172 659 2289 155 2721 562 463 2650 2826 259 1640 260 2200 2011 524 1569 1901 51 48 769 611 2556 433 970 1328 188 1782 1658 2439 1796 559 2035 2433 563 2419 2817 1319 134 2088 169 1496 2309 231 1486 2836 547 59 64 1993 1386 100 977 2034 1649 1656 978 715 2544 817 1752 2713
2648 2138 577 127 226 147 2466 2266 1939 2820 1421 511 1270 2710 352 472 1803 1355 1167 403 2709 2595 2481 1530 1815 1159 2455 2372 665 223 1622 600 160 2094 2619 1078 1863 1630 1258 1509 1811 2175 1607 1009 2431 573 1520 961 667 1446 2100 17 641 2486 1619 267 2758 1069 2635 1982 1615 1291 2013 1341 2444 1294 195 2385 1807 1698 1571 888 262 1 1816 1925 1828 2616 837 741 385 537 1324 1025 2340 846 1572 1238 879 1540 2246 1278 2339 2063 991 1524 1660 2484 2727 1373
1882 956 2194 661 669 1153 1221 829 1227 582 1761 2261 476 546 1541 285 6 38 1697 2168 820 1603 2476 1536 759 750 2643 334 1995 1911 1797 2425 732 636 1083 1768 1267 1260 2688 1108 181 620 2623 1318 1702 115 2678 1380 807 1084 2355 922 1525 448 2313 1726 1763 2572 1880 971 459 650 2691 629 796 2387 2263 2512 1744 2677 42 2807 2593 1090 2695 2118 850 1456 1280 2197 1286 2167 1560 1400 1884 2268 2666 2791 762 1188 1180 1283 396 2726 1687 1537 2823 37 2383 980
1361 1451 727 658 2000 589 1306 1559 1175 1951 485 614 2054 1106 2787 2072 1207 1137 1786 1257 1971 646 1798 1389 293 962 714 1230 1115 1334 1213 2113 395 572 2656 1091 2066 803 1300 2546 1558 2409 2178 1019 1801 483 76 545 2644 304 251 2504 1333 2040 581 39 789 1561 364 564 2579 63 374 1427 44 341 1683 1357 926 2149 2288 2323 215 1394 1483 2540 989 101 898 954 1900 2759 1087 1996 436 2242 2381 737 1672 1166 1693 529 1513 2022 1593 1743 2495 328 2784 766
1790 1933 2071 1305 1321 935 2156 2750 2201 1098 2645 1638 836 2096 2432 1709 2512 222 1052 850 2362 1436 2218 1504 2355 1736 2450 2342 755 2691 897 1806 2446 2537 599 612 2642 1621 666 1145 2452 1023 141 1047 2747 2098 2055 981 401 1510 2163 208 453 99 2587 595 144 1628 1085 2420 2655 816 2122 320 1717 823 399 177 1599 2074 461 1676 1903 73 1163 2679 1160 1100 1233 760 380 437 2126 164 2829 2469 1688 477 1911 1808 731 1872 908 1404 1155 1682 451 396 984 2722
29 2320 1149 2533 286 2172 2673 2021 293 2756 967 1728 754 213 1231 2408 739 707 2024 2615 2143 1448 1689 24 426 634 1597 2638 1265 2430 1849 2295 1478 2354 2787 119 184 2413 135 1719 1296 1804 2224 558 1383 1269 218 757 1867 1722 80 1529 520 232 1945 424 2390 91 2472 1984 19 853 2235 1733 1312 2566 498 792 1533 1426 425 388 529 2725 2464 2366 1535 376 2124 1798 1061 2014 466 2744 609 2508 1334 1326 1886 1766 962 540 646 2296 2054 2323 291 375 163 1236
1439 2183 939 1931 482 2526 1433 2220 2704 2089 2051 2445 2427 2291 574 2057 255 598 494 1223 217 2435 1330 1874 2499 2683 1088 1899 368 1725 647 2639 146 531 1555 444 2719 608 447 790 2292 692 864 274 526 1721 1876 2440 994 1592 1942 1408 2728 2319 637 2393 1055 2589 1473 1677 1639 657 1937 508 329 2037 2438 2625 2813 2207 271 2569 725 12 2766 1944 1998 1771 948 2809 1892 521 944 491 682 804 1962 2294 2286 128 2506 1185 2382 1825 1881 2248 2475 2436 2825 2558
2460 2363 557 879 273 2524 1242 2104 1619 1863 1925 147 1539 352 1366 2633 1660 2517 2226 1480 1349 1982 2175 1530 1816 2595 810 127 1025 160 2607 2139 2444 2271 2619 667 1078 787 2833 299 577 641 2738 2385 912 2468 2576 1803 1264 2431 166 1988 30 1446 913 2092 2100 2455 1811 2529 1571 1069 71 1294 685 1509 2094 2138 1939 1622 958 2710 551 2758 638 741 2771 1514 716 1607 1373 385 1215 1630 2208 2692 1815 668 2269 264 262 1167 2844 2371 143 961 1684 1341 2835 1652
767 1938 277 1443 1833 889 2686 1747 2777 1753 1125 2478 2077 2772 70 2510 951 1759 1834 2757 2702 2818 315 2015 431 2 2315 1252 2663 1980 1842 18 2302 1557 1165 2532 1390 211 1460 2561 2622 369 601 191 2496 1989 2685 297 990 1845 2624 1235 502 103 1035 578 1340 1839 2276 1413 126 1323 461 250 2471 2601 2388 688 684 1608 903 522 1418 1080 1114 997 702 571 1975 1767 2620 1952 2507 1884 1720 1821 1391 848 475 500 2346 2666 1908 1830 1916 1891 1047 2098 980 65
1051 194 2352 1218 1261 1416 1948 1096 2628 2272 2815 1316 1496 2556 1658 2713 1381 1965 1860 1636 1544 64 48 1569 2721 2836 201 715 2439 2241 51 100 1840 2433 562 1782 1640 155 305 169 1649 439 2837 1054 1586 645 563 1584 231 497 1796 445 2707 1663 2309 2034 2767 1679 1444 1623 2545 518 1617 440 1148 2840 1253 1901 2826 2650 260 1328 947 735 559 659 2376 168 319 712 1045 2050 1453 2088 1490 1422 1552 2289 978 2023 1878 1993 2553 197 1486 2011 769 2482 2130 2652
1005 2746 2290 2299 2730 2364 2788 544 2549 673 749 1068 2843 1946 1311 1243 593 1670 434 811 336 112 1966 1783 1131 365 1379 1110 2151 1498 1794 605 410 1079 1325 2516 257 1526 1968 1040 2377 937 1527 435 568 2830 535 1309 1871 730 821 1020 1731 870 2697 1581 1442 1511 678 1634 2560 338 1424 2680 610 855 1779 1138 1969 2219 253 717 2196 2145 1466 2341 2417 1455 1142 2613 1573 774 648 2251 2243 2095 406 2492 2005 2087 1133 2102 1913 248 1992 2519 709 881 1385 1800
419 2554 2153 894 96 1632 1927 106 2116 189 2060 333 861 2263 1032 2386 309 1217 2623 815 856 752 2751 761 2678 1013 1892 1987 834 1198 2401 957 22 1093 1907 1960 2114 1365 1727 1889 1525 1214 1507 499 2037 1177 1801 1677 2567 2522 924 1771 844 2414 2550 1685 2625 407 2591 1171 2160 1336 2277 2079 785 2056 107 1364 509 45 757 2604 2058 2612 2555 576 2067 1726 1019 1633 2022 465 2502 1471 2254 1280 2233 592 2317 5 1251 2351 516 2810 457 1035 149 2526 213 1785
2656 1693 2149 751 310 1786 1971 1257 1593 2827 1106 1743 983 2016 1559 2441 1451 95 695 596 1361 1176 132 1535 832 1343 2190 1357 76 1773 39 2129 954 2040 2000 1434 364 1856 2288 1795 2787 1685 2737 1091 1513 2504 1900 2542 436 2242 989 803 766 215 2381 2238 926 182 2112 581 63 1004 2745 949 341 1161 75 564 1207 1818 328 1346 737 789 1019 2700 572 962 1672 1847 1230 2114 2281 2202 940 1333 1713 374 1116 101 2022 2437 407 1137 1760 617 1224 2495 1298 149
2068 79 2665 1067 722 2511 1547 1134 116 246 2135 1463 2305 97 2041 1212 1935 2741 2294 137 2842 1944 899 686 1055 204 2580 1606 1076 2766 725 442 1868 1126 1452 692 2292 2736 2319 140 2728 165 2286 2248 1841 494 447 2719 2382 362 2558 350 2813 2258 1937 1464 2057 12 2825 804 1130 508 2435 1639 2583 329 657 1185 2207 2598 1899 67 1056 1962 2506 2436 1473 677 1006 1998 1771 1825 1677 1777 1408 2625 146 2037 1892 627 2708 2291 948 574 790 1940 1088 2393 2121 359
2471 2601 502 990 1235 103 297 1845 2624 688 126 1323 578 1908 2276 284 848 1186 1340 2314 931 903 768 1830 1391 1767 1413 702 1114 522 2388 65 1608 1107 250 2667 1720 1821 684 1310 1512 1975 835 1254 767 2478 277 1125 1753 2777 1232 2077 2302 2772 1759 1165 191 315 601 18 973 2757 1834 1723 1839 1460 1458 1842 369 1916 1570 1557 951 431 70 2323 2 1397 2510 2015 475 962 1285 2503 2346 1989 374 398 1938 1252 298 2532 1810 2663 395 2620 211 420 2315 2496
392 301 2331 1419 937 1527 2145 1779 2377 1385 1731 406 535 1871 605 257 1526 1894 1138 1007 2613 1707 1992 2763 519 1131 2095 773 365 2516 811 1645 253 2102 1800 1325 1783 1040 544 410 1442 248 2341 336 648 435 1068 338 610 568 2843 2830 742 1455 709 730 2680 94 2243 1133 870 1020 1309 538 1670 2219 112 1379 821 2609 2264 1110 186 1794 749 1634 1424 1311 1142 855 1511 434 2549 2318 2420 774 2730 1913 1498 1966 2087 1005 1466 2492 2560 2519 881 1243 1077 1969
1843 2565 495 2531 241 1875 131 1011 1503 1024 2142 268 653 408 1282 290 49 2091 2285 245 296 53 239 139 525 1127 838 452 2232 1781 1505 2794 2164 61 1787 2693 2669 209 2396 383 2025 2280 207 2173 654 1506 225 1274 799 2765 356 2470 1780 2311 1500 1124 1140 1378 1941 1662 1932 390 2070 806 33 484 192 1568 1141 1635 1967 331 464 1706 1715 1356 1262 2053 346 418 2715 113 1789 2429 389 402 780 1037 822 840 2687 2301 726 2059 471 1481 252 1216 534 216
2769 1870 26 2454 348 1369 925 2649 480 179 712 550 2714 2130 2050 1045 735 2538 518 1617 440 1422 2241 1489 2840 860 197 445 1417 2011 1840 1788 463 1701 51 2375 260 2289 645 1328 2650 305 1710 433 2826 562 1663 155 1453 169 1146 1640 2088 563 1752 1172 2721 2439 1782 1901 168 1486 1649 1796 259 769 1029 1552 2837 1444 48 1656 64 1569 439 2836 1544 970 659 947 2817 715 900 2767 1658 2082 2044 1934 1993 524 2433 1437 556 201 100 2556 1860 2544 2309 2337
2798 2629 2539 729 1429 2428 2120 1070 2031 2221 377 2578 828 964 2038 2640 2520 2210 1399 1038 1754 1337 640 13 2421 2083 1272 1668 358 2602 672 933 1374 2671 1266 2828 1329 2808 1910 1952 2335 2570 865 1764 1949 1249 2839 1041 323 698 2786 979 2047 2795 1049 2227 432 955 56 176 1521 2451 1189 2384 121 292 370 78 536 571 2032 743 2423 302 340 569 554 893 988 932 289 1562 1449 193 2090 2108 1033 1268 21 1793 597 1888 1686 1431 199 1132 2562 680 1393 2718
2510 431 70 1839 1759 2757 1125 2561 1753 1035 2777 2772 2077 2478 315 1390 2622 1834 1557 601 18 2663 1842 951 2 1165 1252 2015 2818 2302 2686 191 1443 1938 767 2315 889 1747 2702 461 1833 2685 1976 277 2532 1906 2577 1980 1801 2496 1510 823 531 72 1418 1114 1423 211 2625 1989 962 156 2323 1599 116 637 2277 369 502 990 172 571 102 1075 2432 903 395 2644 2074 515 1628 394 1460 597 1241 2161 2009 417 1830 2636 2829 2274 2661 2089 2299 2471 722 702 1884 309
2019 2550 1507 575 107 2754 1691 1177 1104 2414 1669 2604 2641 55 728 2176 397 834 1194 1044 1523 2695 2080 441 333 2555 2383 1482 2233 2254 457 309 2360 1734 1727 2234 1244 393 2192 2159 845 863 1028 1016 584 856 373 2136 1646 1267 761 2326 924 1450 2752 736 2395 1690 1487 2058 830 1277 1729 603 83 1363 2166 1919 2630 2317 1906 2452 1467 462 1456 339 1217 861 2216 1517 1621 1620 2446 993 1879 2699 2347 1147 20 2249 2684 1353 1144 1995 1990 1288 1611 1321 1372 666
2018 2146 2284 2008 764 1289 719 2551 190 1534 1577 1493 247 1157 35 914 1351 1128 1403 2487 723 1915 58 604 664 1997 539 2824 153 212 2718 615 2582 1247 1204 303 1359 206 549 1121 874 2204 862 2585 1583 516 2453 998 1566 1595 2019 2550 2658 2209 2165 107 812 343 1347 1772 1507 2604 2426 2603 2067 1751 1136 1368 1177 2252 2405 1970 2254 1367 1734 2233 2434 450 1791 2792 1669 1651 2414 1239 652 763 2225 2110 457 1211 2081 2536 66 2192 1063 1745 256 2485 55 1762
2152 2502 941 84 1605 214 2348 1602 1139 2841 1113 1866 909 1953 398 244 1371 1171 2141 2115 2706 106 2263 744 1280 1525 2572 22 183 2751 2109 2203 1214 2567 1696 621 1616 2623 1458 117 1084 1365 1198 924 420 171 189 594 957 270 2503 2768 1927 96 509 1960 1738 2303 1184 815 1199 2060 1632 629 2386 510 2457 844 609 2030 1397 1032 2678 2401 1726 2494 2404 2677 1364 2197 2760 1283 1979 851 1064 785 2608 1488 2448 2612 2179 1596 2521 1661 327 959 1251 2705 2498 2591
2011 645 2840 445 1253 2735 1029 197 1054 463 2707 2287 1552 319 1679 2767 1649 440 1663 1444 1623 161 1328 2375 2050 735 433 1895 769 947 1544 134 169 2837 2289 173 2628 1202 2836 950 1261 1775 965 1218 2088 2130 1045 2650 613 2439 2482 2626 1658 1860 2815 1840 1422 178 51 194 2241 1496 563 904 1782 1993 1307 622 2272 2133 900 1617 1437 826 231 486 562 201 489 2084 1788 1486 2631 2477 2312 2069 1051 550 1148 2646 2713 179 260 1381 2553 155 1948 266 2732 1627
518 645 2538 445 2631 2011 735 2050 2840 1840 259 2769 440 1253 1623 550 1045 1552 2241 480 1328 2544 2130 1054 2454 2649 1422 1679 712 348 1993 168 2714 2707 1617 2044 155 2375 51 556 563 2270 1386 231 319 547 1649 2082 134 197 2289 659 635 169 2088 463 1658 965 26 1444 1029 1369 2826 1663 947 1782 2650 1870 2287 2133 1901 188 1752 305 1148 1878 2439 2837 260 1895 2501 2836 978 1381 925 1544 312 987 769 1640 559 562 611 59 179 1316 1172 2076 1123 1319
2044 85 1934 2411 1102 1656 2501 188 611 2528 2790 312 987 1644 556 2817 943 1319 1926 2832 635 221 1405 1407 1386 547 1624 2300 817 2397 463 1158 2574 1422 259 1428 2670 2544 2800 2007 2082 2344 2307 1617 1983 4 2270 1092 1848 1414 659 1146 283 826 550 2358 2419 2724 1029 219 1552 712 1545 74 977 1993 911 197 606 1190 2375 2652 178 1788 2837 1046 1202 2424 2454 1737 1752 2538 1208 2069 2676 2606 2084 2564 1313 1782 2011 626 1627 2200 559 2045 2337 900 2626 2840
935 1790 2096 836 1933 1321 2156 2645 1098 2750 2071 2201 1305 2432 1709 2355 1052 850 1638 2512 222 2362 1504 1436 2342 599 2691 2450 2446 1736 2537 2218 2452 755 1806 144 1621 897 2642 666 612 1671 443 8 1047 586 1006 1911 141 1145 745 1023 325 1090 2449 2747 2098 459 1183 2535 453 1763 477 205 2055 1082 1308 2163 461 2562 1474 1676 894 399 1085 1927 320 981 2194 1632 2420 1661 2153 2268 208 1910 2122 396 419 2554 73 401 1717 516 1976 99 1678 1510 2317 37
937 257 1731 535 2377 1527 1871 1894 1138 1385 1779 406 2145 2613 605 1007 1707 392 1800 1526 811 1645 2095 821 365 1992 410 1068 773 2102 1040 544 2763 112 1110 1325 749 519 434 2516 2219 2843 336 2341 186 1131 742 709 253 1455 648 2830 2549 435 248 1311 568 1516 1309 1424 1966 1783 94 1442 2609 1498 288 1133 1511 1969 610 1079 1634 1670 2788 2560 870 1419 1020 2680 2730 678 1379 2364 1466 717 1005 730 338 301 673 1495 1142 2290 855 1794 1581 593 1243 1968
1083 1702 181 732 6 620 759 2643 546 582 1797 1260 1221 285 1882 807 2807 2313 636 1858 1536 1318 468 2278 1188 2476 2425 661 2823 2261 2194 2168 922 1227 42 2720 476 1153 2048 1768 2386 2816 644 2171 1697 2678 2442 2153 2043 2761 2263 956 2522 829 2562 387 894 1723 1763 1726 45 1891 2056 396 1064 1251 2498 2810 1108 2116 37 2666 669 586 2688 1596 650 1364 1916 762 1960 2346 1761 1456 2760 475 2627 40 281 971 1865 2554 229 1541 419 820 1284 2831 1090 2188
2769 2649 480 348 2454 925 26 2538 1870 1369 550 2714 518 179 2130 1453 2050 712 1901 1422 259 1172 168 2826 2721 260 1788 2375 1045 2650 305 735 2309 231 1092 2433 2840 445 562 1617 1840 2574 2358 1148 2544 440 2200 197 524 433 1878 201 1490 2289 219 978 2088 1640 2337 659 2241 1552 563 769 2148 977 1569 784 1860 51 2713 100 2606 715 1701 1496 155 1190 645 463 1983 1895 161 1146 1848 1993 1623 486 2652 1388 415 2044 2376 970 1123 2556 439 64 1208 2676
1946 416 105 1778 2394 2843 1005 883 2290 2549 2788 2730 434 2299 2364 749 2746 544 1526 673 257 11 2516 937 593 365 1670 1966 1325 1871 1731 1068 605 1455 2145 1498 1040 1783 336 2377 406 1133 2219 410 112 1002 1511 1309 435 2341 852 2196 1079 1527 1779 1131 1794 253 1311 2064 942 1718 662 2458 821 1138 1495 535 94 1516 1110 855 921 1243 717 1634 1705 1969 908 2600 1968 248 2262 966 2417 811 1442 774 1681 648 1384 1573 1017 1142 2560 7 1385 2830 2697 288
84 941 2152 2502 1605 2348 214 1139 1113 2841 909 1602 1866 1525 1371 106 2706 1280 2263 2572 1953 2623 1171 621 2141 1084 2109 189 96 2678 1198 2554 1032 419 1927 398 1632 1726 244 1979 2115 22 894 2060 2153 2203 171 744 117 2751 183 1960 2303 327 2567 1659 1214 1696 2705 1184 300 298 2831 1205 1661 815 924 629 2494 1570 1251 594 6 2386 1364 1760 2677 2401 2197 2522 762 2179 2688 1064 971 420 1199 45 270 1380 1712 40 2768 2612 1083 1987 1738 1263 2497 2760
126 2624 1845 688 1235 103 297 2471 1323 578 2601 990 502 2667 522 2276 2314 1186 1391 1908 1767 284 1413 848 1340 1830 931 768 1114 702 903 2388 250 1608 65 1107 1821 1720 684 1975 1310 1512 835 1254 601 767 2663 315 2 1759 1557 2302 2622 277 2757 1390 18 1165 973 2323 1989 2315 1834 1839 249 1406 1012 2015 1842 1753 2772 951 1125 67 2077 2777 1252 2478 211 1938 191 369 361 1460 886 62 2620 1035 2685 868 1285 1810 676 531 627 1590 2702 2583 2532 1053
1506 1141 2070 383 2669 654 525 192 61 2025 245 49 2311 1781 2396 2794 1356 252 207 225 408 1780 2280 139 1505 1787 1248 2173 1282 625 239 296 838 1435 209 2164 2091 1598 858 679 356 1127 2232 216 113 2470 1140 1216 455 822 2137 653 1262 1692 331 1274 1500 1612 2467 2690 1829 1124 27 200 1568 655 33 643 1875 618 1941 1299 1024 2316 1924 1168 1503 418 1273 1706 464 2062 2698 726 1021 346 1918 2531 290 131 2565 52 2765 1715 1438 2017 1293 268 1481 390
1773 1161 1513 1847 1795 832 1535 2129 983 1743 2827 2441 310 132 2190 1176 95 695 1593 1693 596 1856 2745 2016 2202 2111 1914 824 2149 2547 88 2785 1476 2656 576 1971 2437 1346 1672 1786 1353 1257 1883 2784 1836 789 291 483 766 2700 364 1224 1559 1106 1990 2238 2040 1713 240 341 2504 803 1361 1900 328 2242 1451 63 1996 1091 1714 989 1116 215 1343 926 2381 436 1300 1213 1818 251 777 1685 2066 47 564 2281 101 374 2113 230 737 617 751 1357 39 683 2787 954
1145 612 2098 2747 1047 1023 1976 141 2055 1436 477 453 461 401 1504 1872 222 1163 755 595 208 174 760 2775 2636 2009 2218 1806 1717 2679 72 1085 2163 1688 2587 1628 1160 2655 1510 177 823 816 164 2122 1903 99 1415 399 2829 1933 981 1638 2362 2691 156 2274 1233 2126 437 1599 380 2512 2469 731 694 1241 2645 2450 1808 2342 1736 172 599 1784 2071 2722 73 2074 850 1052 1790 666 2537 1404 2201 1100 1305 935 836 2355 460 2446 2577 1321 2750 2432 1155 1098 2642 1089
1749 483 1727 1300 2555 1353 834 240 2058 1304 1672 2437 2784 2579 789 1836 576 1277 1883 2288 2547 1161 1476 1483 824 1801 926 1091 16 1394 2202 1914 564 39 2277 1513 230 60 766 2785 777 1178 1180 1176 132 1593 1996 251 1357 2381 44 1818 95 2281 1469 2238 2190 2745 376 581 1743 1447 328 1856 88 374 1804 967 215 2495 596 1900 1559 761 341 2000 1106 1847 2249 2441 2504 1786 1990 2317 2114 395 1971 436 545 47 1427 989 2066 1057 962 695 333 572 1230 2497
1568 455 1262 2232 822 2137 1140 2470 1216 1024 464 2531 726 1706 1829 1503 268 1124 2715 2142 131 1875 1506 452 1932 1789 1918 2765 290 241 2693 1299 113 927 1475 1168 418 2053 1037 999 2806 1831 1924 1612 1011 2285 2236 758 799 1127 1692 2505 1822 478 2279 389 1967 1655 49 2465 806 295 1293 1274 1378 1097 2059 2467 331 2611 840 1662 1273 61 653 89 1281 1843 2407 383 1481 390 643 1635 2687 53 1923 2690 2062 1715 2634 484 780 838 1505 324 2565 467 363 456
1444 947 2836 1663 1328 1782 712 1617 169 1045 2241 2837 1649 1993 2050 1489 2011 735 2130 1679 179 197 2454 1369 2707 2840 1422 1710 1623 900 445 440 51 2767 2649 1437 645 1796 155 463 1486 1381 1054 1658 260 1552 2826 563 1544 480 925 2439 221 860 1870 1102 348 26 2832 1934 1307 1926 2790 2289 1417 635 2817 2628 1640 943 550 1656 305 1218 2714 312 1405 1701 2769 1407 559 2133 1840 1416 518 2082 817 2300 2411 1096 1569 1029 2501 2528 556 1644 2375 188 2545 2044
70 2510 1125 1753 2777 2772 2077 431 2478 2561 1759 2757 1839 315 1035 1834 18 1842 951 2622 2 1390 2663 601 2818 2015 1252 1557 1165 2302 767 191 277 2702 2315 2161 1938 990 1443 502 2686 1980 2685 889 2601 297 2471 1235 1747 578 1114 522 2276 103 369 2496 2532 1989 1833 250 2624 1845 1830 684 1413 284 1908 1323 1460 1608 688 211 702 1821 768 2667 1340 126 1767 461 962 1720 903 2759 65 848 1075 1975 931 2388 1107 1391 1810 1310 1511 2323 1512 2509 67 202
1790 935 2096 1933 836 1321 2156 2201 2071 2750 2645 1098 2432 1709 1305 2355 1052 1638 850 2512 2362 222 1504 2446 2691 1436 2450 599 2342 1736 2218 897 755 2452 2537 666 2642 144 1806 1621 612 1145 2420 1911 1006 1047 141 1308 1023 443 1082 630 2098 73 1090 1085 459 320 1676 586 2747 1903 399 2074 461 2268 1510 477 981 1763 99 2055 396 2593 2679 380 453 177 2122 2163 1163 2587 1628 1380 2535 595 1233 437 2167 1599 2449 1044 816 208 37 401 2318 1523 796 2829
1145 2747 1047 2098 612 1023 141 2055 1163 2679 477 453 1976 177 401 2122 2829 1085 816 1903 1628 1688 2274 2163 461 1808 760 2636 72 1872 2009 172 2452 208 981 595 399 2587 823 174 1415 2655 1510 2775 164 2722 437 1717 380 1599 99 1233 1100 156 1160 1155 2126 731 1404 694 1784 2074 2469 599 2577 1089 73 460 2537 1436 755 666 1504 1241 2642 2218 2446 222 2355 850 1806 2645 2691 1638 2342 935 1933 1098 1321 144 1736 1305 2450 2512 1232 2750 2362 2201 1052 2658
2284 2018 2146 764 2008 719 1289 2551 247 914 190 1493 1534 35 1403 1351 723 1577 1359 2585 2487 303 1157 539 1121 2582 1204 664 1915 153 615 450 1128 1772 1997 874 2824 812 2209 1347 2165 1247 862 2453 212 2361 604 58 2353 1583 343 549 2603 206 2718 1136 998 2485 2204 66 1751 516 1595 2536 632 1745 2426 14 2734 701 873 2434 1970 825 871 2067 1963 1762 2792 1246 652 765 1958 2019 2252 2550 2405 1566 2157 2254 1734 630 1633 778 1507 457 808 2233 1367 1574
2092 2833 299 2844 2139 2269 2371 2576 1549 264 2484 1982 2776 667 428 1814 2797 2455 1009 837 1122 2063 1925 352 1539 1589 2731 1863 1619 741 262 2385 1159 1815 888 1735 1509 891 1291 267 2771 1238 641 1373 2189 403 2403 90 2175 879 1571 1242 2226 2460 991 1807 1540 2338 234 1295 2104 787 2100 1 557 1366 273 1530 160 1994 1349 2486 2524 2223 2635 1622 1572 2253 2094 913 1630 2138 2340 1816 1520 17 810 1215 46 223 1446 1129 127 638 1698 958 2271 1078 2727 961
1583 998 2792 118 567 517 1970 778 382 2711 1854 1791 919 1354 1769 952 2778 2065 227 2252 1063 808 930 928 1657 2729 2682 916 1531 1579 2042 841 1470 9 887 114 2491 748 1578 2379 1977 1651 2225 982 1179 2328 945 2723 763 639 2361 2349 1667 1851 1920 819 2310 2793 2647 2575 1368 975 923 515 1239 1770 579 2304 7 1585 875 1367 2081 528 2067 1210 2026 1879 1819 2459 701 2353 512 311 566 1154 25 1211 151 2416 1271 2559 2474 1963 2618 871 2488 1864 1209 2462
1967 390 1635 1715 1050 314 999 2765 726 1475 1140 2236 1755 478 2505 2465 1756 1648 2053 1317 1187 1024 2406 1097 805 1918 1378 1395 1124 2531 1662 1293 363 331 936 484 1789 108 2407 799 467 89 1568 758 2301 2687 452 389 1822 1503 1216 1022 1612 471 1921 927 346 1730 2429 464 326 2059 2715 1706 2061 655 580 1438 1274 31 2806 628 786 1275 1472 159 1831 1026 753 2821 782 1692 1929 1655 268 534 2634 455 430 2632 1018 402 1008 1647 2693 806 1037 1262 1273 2398
1487 924 1471 953 37 1082 586 1308 1090 1763 2841 922 1006 443 1697 327 2216 1205 1371 1525 1882 1703 629 1891 2706 1363 2222 1687 650 1570 1380 275 1462 2494 2678 2572 946 1288 2666 1659 1400 1198 2554 2677 2043 325 1184 1153 2705 761 298 1661 2268 1139 167 1456 1073 1559 2623 1106 2535 546 2249 419 1221 2483 796 2816 459 1250 117 2179 2502 2167 1605 300 285 1285 2171 2810 2263 2313 1541 2153 1537 2359 1726 956 1979 1280 144 6 1084 894 2109 1113 2831 2573 2391 762
2545 2034 2433 2713 1796 100 1569 2376 1453 48 715 1490 2721 64 2309 201 1901 562 439 305 1316 1584 1496 1640 1860 2556 51 2023 2272 155 2755 1096 1416 1948 563 2826 168 1636 2815 747 260 1051 2045 2650 1658 1965 1381 2241 2628 712 659 1840 2439 2352 1782 194 1617 518 2289 231 1369 2088 2836 1218 1878 1148 440 2454 26 1544 1307 497 2050 2649 559 1261 550 735 645 860 770 1045 1417 197 2538 1486 1586 1407 992 1870 348 1422 2007 1437 1701 179 1993 2840 2714 784
982 2225 763 2065 887 1470 1531 748 1791 2328 2792 819 2491 1667 118 1977 1179 1578 2042 916 1063 2682 567 1585 1651 2778 1769 227 841 2575 2252 2310 1211 2723 919 639 930 945 1579 1354 2647 114 928 2097 517 952 998 9 1583 2349 311 1851 1920 808 778 1367 2416 382 1210 1770 528 1854 2459 2793 2711 2304 875 1154 2379 7 2658 25 1657 2488 579 975 1368 1239 923 2026 566 2729 512 1209 2559 2618 1271 492 1970 2103 515 151 1301 1566 513 1058 530 1604 1981 2081
830 1450 2275 1732 1678 603 2518 1147 1805 1120 1646 775 339 2586 393 863 1620 1244 2621 1611 2329 794 960 1073 2136 2019 2701 2780 1169 357 1626 2447 2368 818 279 2651 1517 693 2211 462 1016 584 575 2754 2395 2733 2159 2630 876 2360 1691 1959 2804 2234 2297 2684 2326 2637 2805 2020 1028 2192 2254 2345 2550 1014 1507 1382 2383 1734 2080 1690 457 2347 1372 845 10 1523 373 1832 2233 1259 2240 736 1192 2752 469 1809 2106 2695 1669 441 107 32 379 2605 2033 2604 902 2414
1254 1310 1512 1107 65 2388 702 903 768 1608 835 1830 1720 848 1821 931 1114 250 1908 1340 284 1975 684 1767 2471 2601 502 990 1845 297 103 126 578 1235 2276 1323 2624 1186 688 1391 1413 2314 522 1277 333 767 2079 1015 309 277 834 1458 2058 1104 2579 1286 1844 1013 2667 2571 1336 2831 1232 1300 2496 2160 2401 2510 2555 973 205 1907 1315 37 856 2313 1285 1620 1523 2705 1677 1703 2268 55 1217 1753 1460 935 2641 2478 431 1884 2167 1456 506 1125 1940 2197 728 369
312 2832 987 1102 1934 2411 2790 85 2501 2389 1405 635 1624 1656 1644 1545 221 2528 2817 1407 4 1926 943 556 2270 2082 1146 59 1752 626 2044 1202 2300 1386 188 547 611 1737 817 826 1319 283 2367 613 1422 2069 1617 2840 445 2574 463 2477 950 2312 1799 266 2397 2375 2714 735 2011 712 2631 1993 2826 659 1552 1468 1029 900 977 550 2133 2544 2424 1045 2837 1983 1623 1316 2515 1437 2050 2241 1489 1190 440 169 480 1840 2148 1328 947 1782 1092 259 1444 1679 197 2454
2437 1672 1836 1749 1057 44 1483 16 1447 1178 1990 1914 376 2785 1469 2700 1593 2317 95 47 1224 2202 1449 751 824 483 2745 1856 1304 596 1476 1353 1116 2441 576 2190 1713 1727 88 2784 1161 230 2555 1714 2058 1773 83 1743 1300 1103 1693 777 2547 2288 2827 2000 1523 834 132 310 1180 1535 1091 1513 1559 683 983 832 564 1357 441 926 240 2695 1996 39 2579 1106 2281 1795 2656 1176 2383 845 1838 1786 2523 1971 2149 1818 60 1919 1277 581 2422 695 766 789 2166 2495
783 1343 2112 2737 949 940 1004 1999 2827 1103 983 2441 1856 1434 617 310 2111 1561 198 1535 1743 1914 832 75 2190 596 1693 95 2745 2542 2202 2497 695 1093 2785 341 407 1773 2242 1176 132 1713 2129 149 1116 88 1161 291 1795 1224 2016 1714 1593 1304 182 1760 2180 2656 1513 60 2547 63 1712 683 824 2022 1631 2149 1838 1847 1091 364 1672 576 1476 1334 1298 540 2700 2238 1996 766 2116 47 1785 1019 1971 1846 1683 1685 2422 777 803 954 44 2386 1990 2413 328 1333
1944 1055 2294 2728 725 2558 2207 2741 1212 165 899 137 2135 2766 494 1606 116 2057 2248 2842 2435 447 1463 1899 1825 686 2291 2813 2825 1547 2580 97 1937 204 2305 2382 574 2511 2068 1464 1130 1067 1935 692 1076 2319 1639 2041 948 1452 1223 1134 1473 2393 146 1874 79 722 1126 2292 246 2736 2286 1056 1185 12 2665 2719 1777 1721 1940 140 647 657 804 329 442 1876 627 2708 2809 1868 2258 1986 2438 2683 1771 2121 2639 974 682 2350 1001 677 1677 2583 249 1408 1942 598
1439 482 939 2183 2526 2220 2704 1931 1433 2089 2445 2427 2051 255 574 2291 217 2057 598 1223 1330 494 1874 2435 2683 2499 1088 531 647 1725 1899 368 2639 146 637 444 521 2719 608 1721 2292 864 1555 692 1876 447 1677 790 2657 2393 1639 274 2625 526 2308 1592 994 1408 1473 2438 508 2440 12 657 2037 1771 1942 682 2589 2712 1998 2813 1937 2319 329 491 2728 1892 944 2286 2506 2569 2436 271 725 677 1055 948 2809 2382 1185 2475 2207 2766 619 2617 804 136 1962 1944
1944 1055 2294 2728 2558 725 2207 165 2741 1825 1212 2766 447 1130 899 2135 137 1606 2057 2842 1463 494 1899 2825 204 2319 116 2292 2291 2435 692 1547 1126 2305 2580 2511 97 2248 686 1134 1935 1940 2736 1056 2813 2068 246 1937 1067 574 2382 1874 146 1986 2719 442 1452 2041 722 1076 647 2286 79 1223 1464 948 140 1777 1185 804 2393 1639 2665 329 2708 1868 2506 1473 2258 1721 657 2683 2121 627 2350 2639 1001 12 1841 1876 790 1439 1408 2809 2598 1677 2625 1771 526 2037
2156 1321 1933 935 1098 2645 1790 2750 2201 1709 2071 2096 836 2432 1638 1052 2823 2355 897 2342 1305 1736 2450 222 755 1806 2362 2512 850 1504 1436 1456 2691 2446 2313 1284 1044 2218 2452 1621 1911 1227 1090 396 599 1865 122 922 586 1006 1763 443 2535 1188 1858 325 612 1047 8 2627 350 2194 2537 1082 2268 2318 666 115 1308 1761 745 2420 2449 1153 1015 2030 630 2791 1661 2642 2098 2296 1995 834 37 629 83 468 141 1267 1697 459 1671 1625 1023 1990 752 411 1449 796
213 2408 2024 2638 1689 558 135 2143 426 24 2430 2413 707 2295 1597 757 634 184 1728 853 2354 520 1719 1269 1945 232 1849 1448 2566 80 424 119 1296 1265 19 1231 1722 1867 1383 2725 498 2615 2366 754 2124 2464 2533 1529 967 1326 1533 2014 473 1889 1312 1804 1478 1733 388 1766 2508 1426 2390 1984 29 2351 2320 1149 1061 2404 609 2472 163 425 375 509 1631 783 957 540 752 466 286 2756 844 2457 2751 2744 1394 218 1556 244 2169 1093 2172 1904 1637 1616 2115 592
2365 849 2819 2552 81 2119 2181 2370 587 2479 152 175 523 1563 2689 2500 458 28 505 705 2283 2534 238 2527 2250 1532 313 1827 2716 1896 734 1741 972 2674 2177 2191 1339 847 2557 696 1376 1873 2099 2193 1111 2228 1680 2052 2592 602 1708 330 2322 2144 1314 1117 1332 1746 740 120 354 968 2764 2681 1164 1109 1010 780 2799 68 1955 633 2237 92 771 1182 503 1543 2742 2306 2244 772 890 872 711 699 1481 1917 131 2789 2059 129 268 1704 1831 452 671 553 534 1465
2471 2601 502 990 1235 103 297 1845 2624 688 126 1323 578 1908 2276 284 848 1186 1340 931 2314 1830 768 903 1391 1767 702 1413 1114 522 2388 65 2667 1608 1107 250 1720 1821 684 1310 1512 1975 835 1254 767 277 601 1759 18 2478 1839 1753 2302 1232 315 1125 2757 2077 2777 1842 2772 2 1834 1165 70 431 2323 2510 2663 973 1458 191 962 1938 1557 1989 1810 1390 1460 1570 369 951 1397 2622 2509 2532 1916 2561 2015 1723 67 2496 1798 249 887 1832 492 475 395 1035
1879 394 2093 2357 1567 1604 2049 1518 631 1981 1301 607 1017 2392 1058 451 2140 530 1237 2796 1906 1290 2282 1119 1002 446 1978 2596 2660 2543 2262 2064 1909 1676 984 2085 1495 1621 1613 852 320 1705 2458 1894 337 942 662 2600 908 1645 1239 966 1331 1681 487 1614 1566 1384 1718 1516 1145 1546 1673 871 2609 1742 1800 921 519 1479 709 1367 288 186 1455 1454 2747 1138 742 1368 227 2696 2488 916 2042 1385 517 1871 694 2257 2657 512 2763 2664 1739 2618 897 2446 1779 1271
1710 197 463 1489 2375 2840 1701 1788 445 1417 1045 2011 2241 2836 900 860 712 1102 433 1617 2454 1934 2832 1782 489 2050 1422 480 2397 1993 1656 735 2817 179 2649 312 2289 1444 1926 635 2790 2130 221 817 348 2769 1369 947 1624 1328 925 550 943 440 1437 2082 970 1386 2826 1407 2270 26 1405 169 556 188 977 2501 1870 1029 987 2411 1307 1552 2538 2528 1486 2837 2300 2044 518 1752 1644 2574 1663 645 626 2714 1202 524 1319 547 2133 2515 2084 2424 563 1983 1679 611
536 121 2090 569 988 193 1132 1588 1268 680 1431 36 1793 901 2217 2333 2786 2117 733 866 571 1065 2227 1418 597 886 1562 176 429 1393 2029 332 340 1033 1686 802 1553 2668 1256 2108 417 1890 979 554 2743 555 1430 142 2384 2415 432 427 868 1492 2568 1888 500 1699 62 21 1249 2078 2267 729 199 302 2451 2798 1038 1398 681 1329 1910 289 2423 878 2578 323 78 361 2839 743 698 2335 2570 1053 1764 2083 1049 377 2380 1337 1272 292 1499 2421 2539 1266 1886 893
2044 1934 2411 85 1102 2501 2528 2790 1656 943 1644 221 2817 1405 312 1926 2832 635 987 188 1624 2300 611 556 817 1407 1319 1386 547 2082 2270 826 2397 2574 1146 1092 283 259 1983 4 2670 1752 1422 2800 1737 2069 977 1428 1552 2544 2344 2307 626 1414 1202 1617 1158 712 1788 2676 1993 2389 1208 2724 1190 1545 2826 2007 445 1848 1029 613 463 266 2133 2538 2011 2148 219 659 2631 2424 2840 2200 2454 606 2358 2375 2652 2419 2837 900 480 2241 74 550 489 2367 518 2084
1710 1489 1701 1417 2836 712 197 1782 947 860 1045 2649 1369 1870 1444 1328 26 2241 925 169 2454 2050 1617 2817 179 2837 735 348 1663 2130 2790 1656 2375 1102 1644 463 817 2840 1679 2011 1788 440 1407 1926 2528 1649 221 1658 2832 1381 480 445 1934 943 2767 2769 1437 433 2289 1422 1544 489 1624 550 900 1545 2411 2300 1623 1405 1993 2397 2538 1054 1029 312 2628 1218 2439 2714 2707 2826 970 2082 635 1796 518 2424 1307 626 2045 155 188 1486 1386 1092 1752 1840 2270 556
2049 530 631 2282 1604 446 1290 1301 2064 1518 607 1567 1981 1237 1058 2140 2796 451 2093 2596 1909 1017 921 2257 813 2660 1673 2696 1384 1396 1742 1554 1331 1370 1105 1613 1614 355 337 243 662 2782 966 710 660 542 2458 1739 487 1853 54 2259 1893 1000 360 1978 942 1879 1002 1681 2664 1705 1695 50 2369 2085 2600 2543 2357 2392 984 908 394 1119 2519 791 1031 2243 2006 2803 1495 2251 1508 2005 1142 678 1676 1094 870 1906 1936 2417 2087 2262 1455 1174 1466 800 1913 2697
2019 2550 1507 1104 1669 2754 107 2641 1177 575 2414 603 834 393 830 1646 2604 863 462 1691 1450 55 2275 2360 1244 1620 1523 2326 2555 2254 2176 2136 1734 2159 339 2630 2192 1732 1016 1805 2383 728 2233 2080 1678 1147 333 1044 457 1120 309 775 441 736 2234 1028 357 584 2695 1727 2586 397 1482 2395 2058 1277 1169 2733 856 1690 1517 187 845 2780 2347 1626 2239 2605 32 1611 2073 2297 2401 794 1919 2621 1014 1372 2752 1194 2247 2368 2518 2211 2422 920 34 240 2345 818
1096 1416 1948 2272 2815 1316 1860 1496 2721 1051 715 2713 1636 1965 2556 1796 1218 1261 1569 2034 201 562 305 100 51 48 2309 1362 2352 64 2433 1658 2628 155 194 439 2545 1381 497 2376 2241 1586 1897 563 1640 1584 1490 1901 260 1617 712 2826 231 1453 1993 2650 2755 2836 1544 168 1782 1148 659 1123 2046 1552 2439 1307 1840 2088 2023 1878 559 992 784 2454 1486 674 2045 645 2553 1422 486 947 1679 518 1045 906 1369 2289 445 319 900 2631 1623 169 978 2837 1437 1054
372 1260 807 2313 1858 1221 546 582 285 759 6 2643 1603 1456 1560 1284 1285 1884 980 1015 1570 2194 2118 468 1610 1702 1188 1227 1697 973 1083 229 1797 1723 820 1761 2677 1286 1153 298 922 750 629 334 2303 732 1891 1865 122 1541 37 661 1844 2261 650 620 1882 2425 396 669 2791 2627 2666 2268 1199 476 236 2030 2608 565 281 181 1916 117 1080 1082 636 1084 475 2476 1032 2346 20 1763 2816 459 1380 2128 454 1537 1308 586 1387 2760 744 2060 506 829 2359 1637
1044 1621 897 984 1546 1719 213 908 1879 763 2357 2446 2260 2392 558 2452 141 1119 2225 1296 1865 1728 1533 394 2067 2317 1100 184 2295 1155 2796 2472 218 2140 1089 2537 666 1383 2508 2413 778 752 2725 2024 599 2751 382 119 757 80 630 1487 2143 135 729 1404 1312 99 24 2640 186 1425 2042 144 1689 1729 852 955 1984 1448 2408 2550 1894 320 2567 1145 1784 2642 998 754 2055 1265 2430 2638 388 516 2747 2660 1981 1804 1651 2274 2037 1447 520 1978 932 2711 1469 1970
1836 2437 1057 1672 1749 1914 2317 1483 44 16 2785 2202 1447 751 1449 376 1469 2745 1476 88 1178 1856 2190 1224 1116 824 1713 2441 603 1990 1620 576 1678 1304 2275 95 60 1714 1732 132 2547 230 47 1103 777 441 1073 683 830 1523 1482 761 1091 1838 2080 2700 1727 2695 2383 596 2111 1450 104 1176 946 832 983 2249 2555 2281 1535 339 1646 2422 1996 1147 2129 564 926 1183 2058 2288 2495 2180 695 2518 1593 1380 2523 39 2827 1120 1818 1357 863 269 1180 291 1451 1106
2777 2772 2077 2478 1753 1125 2561 70 2161 1759 2757 2510 1834 951 1252 2015 315 2818 2663 2 1390 18 601 1842 2622 1165 2302 431 1557 191 767 2315 277 2702 2685 1980 2686 1035 1443 688 1235 1839 1938 1747 889 297 1989 369 2276 1323 1511 103 126 2667 2624 522 1391 578 990 73 1114 1969 1833 1845 2314 2471 2746 1767 2299 1413 1186 2601 555 1460 380 823 502 211 1869 802 1599 1106 67 1830 142 2290 2583 702 2074 437 2532 29 1233 293 2568 1418 768 417 2217 1608
179 2649 925 1369 26 1870 2050 480 712 2130 735 1663 2714 2454 1045 1328 197 348 947 2840 2836 550 1417 463 169 1444 2241 1782 2837 440 1710 518 445 2826 2538 221 1422 2767 1617 1489 970 943 260 2769 2375 524 860 433 1407 1649 1172 489 1102 900 2817 2790 1656 1437 2011 2289 563 977 1644 1934 1624 1679 1092 1405 2397 817 1796 1307 1926 2300 2574 1658 1381 2528 2832 1190 1701 2148 2082 1486 1054 1218 645 2707 635 1878 51 1788 1569 715 305 2424 1623 1146 2652 559
1514 71 810 30 1445 638 787 697 2271 958 2529 718 2619 143 386 1440 2517 665 2481 969 1270 1258 1294 1939 1446 2246 1360 1630 1112 1129 1684 1215 2616 414 2298 1694 2185 273 2524 2104 1242 2584 2710 2801 2444 1411 795 2709 352 2131 1629 1571 127 1059 2466 1509 1803 342 147 1524 223 2339 2460 1349 17 1863 2727 1539 2175 1540 2771 1278 2595 913 641 668 1324 557 1520 1811 1619 1069 551 879 1807 1 2635 1355 1167 2662 891 2340 2372 511 1025 154 2776 1607 892 46
2769 348 2649 480 26 2454 925 1369 1870 550 179 2538 518 2714 712 1453 2130 2050 1422 1901 260 2826 1045 735 168 1148 1490 305 2309 259 1840 524 1617 2433 1172 2721 2200 563 440 2241 2358 201 2375 978 562 231 2840 197 2148 1092 2650 2606 445 1860 1388 977 2088 784 1788 645 2337 1496 2713 2376 219 1468 1146 1123 1878 769 659 2574 51 155 2035 2556 2544 1569 1208 486 1486 2652 970 1552 463 1414 1993 1640 1848 2289 559 1636 1428 100 911 715 1752 1895 556 2011
1982 1925 667 2371 2139 1619 1863 2833 2797 299 2844 2092 2576 428 2385 2269 641 2776 262 888 1735 1373 2771 1549 2731 991 1814 879 1295 1807 1509 741 2460 264 1122 557 2455 2484 1589 837 2363 2431 2094 1009 1366 1480 160 1816 1530 1078 1539 891 2607 127 226 2633 2063 1291 1238 2524 537 1660 1242 2403 267 352 2468 1803 1862 2104 385 90 867 2529 2412 1815 1159 814 687 403 2517 1129 273 1440 386 577 2595 2739 2189 706 2811 1607 2835 1421 1191 1294 147 810 1684 143
1057 1836 2437 1672 1749 1914 2317 2785 1483 44 16 1449 1447 2202 1469 376 2745 1476 1856 751 88 1178 2190 1224 1116 576 824 95 1304 2441 230 1678 603 441 60 1620 761 2547 1990 1713 1482 777 1523 47 1103 2275 2080 1073 1732 2695 104 1091 1727 2383 2111 830 1714 832 683 132 1147 1183 1450 1535 596 946 350 269 1996 1838 2555 339 2249 2518 2495 291 2281 1646 564 926 205 983 1380 1548 2288 2700 2058 1425 1120 1180 2422 762 863 1818 2129 1176 2791 1593 2523 834
1944 1055 2728 2294 1212 2583 2766 725 447 494 2741 2825 137 899 2135 67 1810 2719 2057 2207 686 2350 2509 116 2248 1001 249 1606 2319 1067 627 2291 692 2121 2558 2286 2435 1899 1012 165 1463 2736 574 1185 2813 146 1134 1547 2292 2580 1639 1777 1825 1076 2041 204 2305 2842 246 2382 1126 1937 97 804 1223 948 2511 1935 1452 2393 202 2683 2708 2068 722 1075 442 1874 329 1464 2665 79 647 1931 677 2438 2051 939 2436 1868 1406 140 1473 1439 2704 682 2598 2639 1721 1056
1038 1754 2421 1041 1949 2520 1272 2210 640 13 323 2671 377 828 2578 1668 2828 2602 1374 672 2539 2047 933 1429 1337 2428 2629 2032 1049 56 2798 1189 370 2120 698 2031 964 2038 2221 2083 1070 932 865 743 2267 1910 2423 729 176 292 142 302 839 2217 1329 1492 1399 1553 2387 78 868 802 955 1521 1890 886 555 554 1033 1430 2415 597 427 2786 1256 979 2108 417 2451 681 2380 1699 340 2335 2029 429 2117 1686 878 1888 1431 289 893 2568 361 21 1398 2570 332 2227
2656 1693 2149 751 1786 310 1971 1257 1106 1593 2827 1559 1743 983 1451 2016 1361 2000 2441 2787 832 954 1357 1535 95 39 1343 2190 132 2288 76 596 695 1176 1091 581 2542 1672 1685 2129 2040 1773 215 2737 803 614 1207 2437 485 1900 1856 926 182 436 1019 63 989 1137 1346 364 737 564 789 1836 1513 2381 1434 2112 2281 1116 727 2495 2504 2072 293 1818 1230 1795 1760 1333 2114 1914 940 2745 1951 589 149 2242 1004 2202 1180 1713 2785 1306 374 251 1115 1224 341 2700
2116 2386 2263 2678 861 1726 1960 1525 2623 1198 2572 1371 40 592 851 762 2562 2522 1083 2720 644 1632 96 2442 1013 387 1280 1596 2498 1251 1336 2056 894 419 2554 45 1364 2807 2160 2153 2591 1315 2401 333 106 1458 300 1064 2612 1927 2188 183 181 1318 2761 2079 844 335 2048 636 1768 1702 2141 732 620 2760 1205 2503 2448 1856 1536 2688 1199 2303 2831 971 1880 327 2203 2571 949 957 398 2230 189 1659 2278 1004 856 2182 171 1032 2737 1802 2608 1365 2030 2441 117 481
2769 348 26 1870 925 2454 1369 2649 480 179 2714 550 712 2538 2050 2130 518 735 1045 1422 1617 440 445 1788 2826 2840 1701 1489 197 860 2241 1453 260 1417 259 305 2721 463 1172 1901 2375 562 2011 2289 1146 2309 1148 1752 1569 1328 1710 2650 433 2433 1840 563 715 769 51 645 2544 168 2358 524 2200 556 100 231 978 1486 201 1796 155 2337 1860 1437 2148 1624 1934 1640 559 1895 312 1993 169 1656 970 1926 2088 900 2790 1102 1552 1490 64 659 48 817 2832 611
1056 1944 1055 2294 725 2728 2207 2135 899 2558 2741 137 165 1212 2842 1825 1463 1547 447 1606 2511 1134 204 116 2825 686 2057 2766 1067 246 494 1935 1899 1076 2248 2580 2305 2068 2736 97 2435 2291 1452 79 2813 2382 692 2041 1937 1464 1126 2292 2286 1130 722 2665 804 2319 146 2719 948 329 1841 574 1639 140 2258 2708 1868 2393 1185 1940 647 362 2683 442 1777 677 1874 2639 2438 1223 657 682 2569 608 526 1473 864 1721 1592 67 1931 994 491 274 2436 627 2583 12
1707 742 1007 2516 730 1526 338 1466 1511 1969 1779 1645 1131 1243 336 2843 1379 1005 1442 410 2730 2151 2788 2746 1325 112 365 1670 2145 1385 1794 2364 1020 1783 544 1424 1455 1871 2830 811 937 709 2290 1581 1110 1094 2549 605 1068 749 2341 2492 1138 435 678 253 648 568 1309 248 2560 1634 2377 1040 855 774 406 1498 2299 610 1731 538 870 1311 434 1966 257 717 1936 673 1800 2680 1527 881 593 535 1079 2102 1516 2243 1142 2763 2219 1174 1913 1968 2519 2251 1573 2417
1697 285 690 1221 922 1570 1744 2677 2726 2268 459 2162 2502 650 37 2152 281 2194 2666 298 1537 1882 23 6 629 167 2620 829 1844 1232 1113 661 1456 1153 20 1188 2643 1283 669 759 2691 1227 621 1108 1080 122 956 1504 1605 117 2841 2261 1797 1286 820 2197 851 2048 1884 2032 1922 396 2425 546 2218 796 189 2706 1761 1139 1397 323 1763 1189 2705 2167 1916 236 40 476 1171 2216 222 1285 2355 22 1502 1387 2313 475 1891 181 370 732 84 1199 2768 2476 334 506
609 2725 2464 1766 2404 1889 509 2457 844 1515 5 957 1426 1696 244 2448 744 1616 2115 2128 1953 1477 592 1139 1602 2751 214 498 1171 22 466 1214 1326 1199 2366 425 375 388 2348 2014 1061 43 163 2124 1556 2502 2188 1904 1596 2572 2109 1605 2720 1637 1797 2498 270 1768 1866 473 2152 1744 2351 2476 807 1269 644 1802 2562 1726 2566 941 2354 2567 2048 2278 2591 815 2442 2230 84 1722 520 1858 971 420 1108 752 232 2507 820 565 2706 1283 707 285 2620 229 19 2162
2552 2365 849 2819 2479 1563 28 523 2181 1532 175 505 2500 152 458 238 2119 81 587 2283 2370 2716 2250 1896 313 1827 2689 705 2527 2534 734 972 2191 1741 2674 2177 1376 1339 847 696 2099 2557 2193 1873 330 2592 2052 1111 602 2228 354 1708 1117 1680 1314 1746 2742 1332 2764 2144 740 1543 120 2322 1164 92 968 711 1955 68 671 2199 2237 771 503 261 633 2812 890 2681 1109 1852 1917 726 2306 2265 507 2774 1010 1182 780 649 1991 268 2059 872 772 2597 553 2799
2116 2386 2263 2678 1525 861 2623 1726 1960 1371 2572 1198 592 1280 2522 40 2562 851 2720 96 644 2591 2141 2056 2442 2807 1632 1013 45 2612 1251 333 1336 335 2401 1364 894 2160 183 2718 1596 2498 419 1064 957 1458 762 2153 1318 1365 387 1083 106 2448 2188 2554 949 1315 856 2230 2760 1004 2048 398 844 1927 2503 2278 2203 2441 171 1856 2761 1768 636 181 2079 620 300 2182 971 1536 43 309 516 940 189 2737 1889 1199 462 2457 732 2608 647 1702 2111 621 270 1103
499 545 1898 1394 1785 1228 407 374 2113 1087 2546 1213 341 803 1389 2178 1801 1683 898 2759 1115 304 1631 2066 1093 2242 2579 101 63 1306 2277 1561 1558 1333 2022 2644 1951 251 1137 485 540 529 1175 2504 2542 617 1685 1334 1230 2114 1883 658 2072 2699 727 714 2040 1166 465 581 1207 2323 737 1996 1928 2381 2238 1798 328 1257 1300 962 395 93 364 1091 777 1590 1559 614 2000 2422 783 1106 1427 572 1971 589 2489 989 1900 483 34 789 1361 766 2409 1786 1538 1019
2727 307 1520 1 2399 1572 913 234 685 1524 1618 1025 223 1349 17 573 1571 352 2635 1540 1615 2158 349 2215 2340 1622 2466 600 2100 2541 46 2834 892 642 2468 846 317 969 1629 1338 1630 2255 2486 195 551 2138 2616 2444 342 2372 2710 1059 1360 511 2412 1684 2063 203 665 267 1159 1698 2709 2226 958 1112 2223 1291 1009 154 1129 1278 127 1270 1509 2455 1238 891 787 2481 1258 837 1694 961 2749 1446 2781 2298 2339 638 2801 2189 403 1294 2246 1815 741 147 1862 2185
2045 2755 1584 2023 747 258 770 1320 2545 1051 1416 2034 1948 1796 1096 2272 2556 2713 715 2721 2628 1569 1316 100 2815 1261 194 1586 2352 48 161 64 1496 1636 51 497 439 1649 155 860 562 2836 305 1993 1895 1860 1782 1788 1417 1381 1218 1640 1617 1029 2837 2767 2241 1965 463 1544 1658 992 1701 169 201 2631 735 2439 440 2482 1552 2433 947 518 2289 1045 1840 2376 1054 1710 1407 2735 2538 1489 1444 2454 712 2130 2046 26 173 2707 1362 2367 2050 1253 1623 231 1663 2649
314 1967 390 1635 1715 1050 1024 2531 726 1475 1755 999 2693 799 2236 2715 1503 2765 131 1062 452 1378 1932 1568 1875 806 241 2059 2285 534 464 1789 53 1655 780 805 484 1756 1831 268 1273 1140 1843 927 290 495 1011 2429 324 1662 1813 1706 2698 129 2142 467 89 1281 653 1124 1274 2244 501 456 2053 1465 1395 331 1317 2465 2505 1923 2565 33 1022 418 1262 655 1097 1026 455 1039 2407 389 786 1303 1293 840 1612 1829 478 2687 2301 1037 1918 1929 2232 1822 2091 326
2068 79 2665 1067 722 2511 1547 1134 246 2305 1463 2842 97 116 2041 686 1935 350 204 1076 2580 2813 2135 2248 1606 2286 2741 137 2294 1944 140 1464 1452 1212 692 899 1639 1937 2382 2292 2719 2319 1868 2766 2736 1126 12 677 494 1055 2598 2825 2057 2435 804 442 329 2436 657 2558 2393 1777 1185 725 1473 165 447 2728 948 217 1899 146 2708 574 1962 508 2438 491 1771 1677 790 1130 2291 1841 2506 1223 2207 682 2625 2308 2583 1330 1874 1998 2499 1408 2683 1892 362 974
1721 12 1473 1876 2809 2068 2294 116 1452 1868 79 1055 508 140 1944 2499 1547 2511 2741 1067 2685 97 2842 2665 1935 2315 2135 2041 1134 1463 627 2766 864 722 899 67 526 444 431 994 1076 2580 686 1677 1980 1753 1942 1725 204 1056 598 1125 246 191 442 2305 2728 368 2292 359 608 271 1606 2736 2037 70 2702 1126 1212 1548 1892 2286 1557 137 315 1771 2510 1998 2825 2440 1408 2625 447 1969 2622 1439 2583 2757 1165 2777 2077 2302 725 1639 2478 531 2435 2719 1759 2617
1496 1453 2713 1316 2556 1490 2272 2433 1901 201 2309 2815 2376 1860 48 562 2721 1569 305 715 1636 1965 64 194 439 100 563 1796 51 2545 1640 2034 155 1051 2352 486 784 1948 260 1416 2826 747 1658 1422 2538 440 1840 2650 2088 445 2628 2241 2289 1752 2337 659 1218 168 231 1381 1261 712 2050 645 2836 1617 2007 518 1148 1848 950 2553 1649 1096 2358 1623 1878 2439 2454 1584 1679 1054 161 1782 965 947 735 2069 169 2649 2707 1544 550 1444 2133 2840 1046 1369 2646 2767
817 1624 2528 1644 1926 2817 1656 2300 2411 2790 1102 221 1407 943 1405 1934 312 2832 635 85 2501 987 188 556 1386 611 2082 547 2270 1319 2044 1545 1993 1710 1737 626 2367 1617 1701 1788 712 2389 1489 463 1752 2375 1796 1146 562 2721 860 1202 4 1422 259 197 100 2454 305 715 1328 1417 1552 2631 2714 2397 59 283 1045 826 1569 2200 439 2840 2544 2826 445 659 2241 433 1029 900 1369 977 48 1381 2515 1983 2836 2034 155 2574 2011 1782 1658 950 1679 606 1623 550
1453 1490 1901 2713 2433 2376 2309 1496 201 1796 1569 2721 2034 100 1860 1316 715 305 48 64 2545 562 563 51 2272 1640 168 2556 439 2826 155 260 2650 2815 1965 231 1840 1148 1636 784 486 1878 659 2088 2337 1123 2553 440 978 1948 2628 1658 518 2289 2050 2241 559 1051 1307 2439 1218 645 194 712 1584 1416 900 550 2133 735 1096 1437 445 965 1422 1544 1381 2652 2352 950 2649 1617 1623 1261 2836 1486 2732 1586 1054 2538 2007 1679 1045 1782 348 497 747 769 2358 2454
196 353 98 776 2474 701 1643 585 2361 233 869 1625 1963 2256 1864 2353 1819 2081 2462 2067 2334 910 1402 781 809 276 1344 2001 2103 1600 2264 2132 1042 69 1077 1170 871 2391 381 2101 2027 1565 1973 1031 1519 513 1246 2536 2458 254 640 2803 2012 1681 1667 2336 2658 66 450 2369 512 1209 14 1705 1742 1583 25 3 2691 303 1772 105 952 1695 2331 1354 2723 2593 1769 1808 1204 1384 343 2379 301 13 1508 487 1245 1688 1495 2490 2157 151 966 1958 631 50 2618 2394
2044 2501 85 1934 312 987 2411 1102 1656 188 2832 556 2528 635 611 1158 1428 1848 2007 1405 259 2790 547 2817 1319 943 1386 1046 221 1644 1983 659 2670 2358 2574 2800 1926 2337 2397 2307 1414 1624 2344 2544 2419 486 911 219 74 1422 826 2724 2300 784 559 622 2676 1552 1407 900 2084 2082 2270 1092 2652 977 1617 1381 415 2646 978 1190 178 445 2826 817 201 1636 283 463 4 2241 2133 2626 1658 2439 562 305 134 1840 2046 1486 1737 992 2606 2545 2480 1208 1752 1878
2171 2043 2810 650 2666 2816 1891 2346 1916 475 1723 1153 807 1697 922 1188 759 1882 2643 285 6 1260 1702 1763 411 1456 546 37 468 1221 582 1858 1083 620 2313 1603 732 820 750 334 1284 1541 181 980 2841 1090 1865 1884 1797 1227 1610 122 1082 1015 829 1308 956 586 2167 661 2118 2216 1605 1537 2261 1570 973 2194 1761 1139 38 2502 1285 2179 298 443 1397 1250 1288 1006 724 1703 117 148 1844 690 1502 2768 2268 1080 372 619 938 1150 476 459 2153 2712 420 2514
2600 1705 942 2458 2085 1495 2543 966 487 1384 1681 908 337 2596 921 2660 1742 2392 1017 1518 1290 852 1673 1331 1614 2696 2282 1002 1978 1554 631 2257 355 243 1396 2262 1370 813 1119 984 1000 1853 1105 1695 1739 1237 2664 791 54 1981 360 2259 660 1567 542 710 320 2782 2369 1893 1676 1301 50 1058 446 1508 451 607 2064 2796 1604 2140 1565 2803 1031 1287 394 2357 1909 530 2420 1718 662 1519 1479 512 1613 1879 519 2049 2093 2618 1682 2446 392 1419 2147 416 937 1385
1371 1113 84 2572 2263 1198 941 2152 2678 1525 629 1280 1084 2502 327 1726 117 2623 2303 2494 1205 1659 275 1960 1184 1144 909 1687 2203 2359 398 1987 2791 183 1605 543 2503 1199 1183 2141 621 1641 1922 2706 815 1032 189 1139 45 40 2571 2115 2497 907 2841 1423 1400 2677 2620 171 106 2030 298 946 2056 1616 851 2761 474 1927 1979 1458 1064 396 236 104 23 2348 2060 60 2688 244 2086 2608 214 2162 481 940 2573 75 2760 2182 2288 636 281 1219 1882 333 2216 167
312 2832 987 2389 1102 1545 2790 1752 2082 2411 4 2270 59 1926 1644 85 1146 1624 1934 1405 1656 221 1202 556 2528 1407 2817 626 635 2501 943 2300 1386 1737 188 2367 547 2044 826 611 817 283 1319 613 2069 950 1799 1422 1617 2477 735 2241 266 1045 2397 2631 659 2312 1316 900 1623 169 2826 2574 1840 518 1993 1782 463 2837 440 1468 1437 1489 2439 712 947 1710 2840 1552 2133 1092 259 2544 1328 480 1029 445 2050 2515 1444 1983 860 1796 977 550 2556 2836 1679 1649
1125 1753 70 2777 2772 2077 2510 2478 1759 2757 2561 431 315 2622 1390 1557 18 1834 951 1165 1842 2302 601 2 2663 2015 1839 1252 2818 191 1035 767 2315 1443 1938 2702 277 2686 889 1980 2161 1833 1747 2685 522 297 990 2667 1235 502 2624 1845 2471 2601 2532 103 2276 126 578 2583 369 211 2323 1075 1989 702 688 1114 1830 1323 67 853 1767 1810 1413 848 768 962 1460 1608 250 1908 1798 1821 2496 1334 1340 2509 284 2759 931 1391 249 1720 202 684 1012 1511 2350 903
1096 1416 1948 2272 2815 1316 1860 1496 1965 1051 1636 2556 2721 1362 2713 201 1897 715 2628 2352 2034 497 155 1261 1218 1569 1658 562 1586 305 2433 1796 2309 64 51 2241 194 439 100 1381 563 48 2376 1901 2545 260 1490 231 1617 659 1453 2826 319 1148 1640 1552 168 712 645 2650 1307 1584 1840 1123 2046 784 1993 1544 559 674 1486 2088 445 486 906 2553 978 1782 2836 900 2337 992 2076 1878 2755 1046 2439 1623 547 1437 2840 134 518 1679 2631 1054 2652 2419 2007 1045
1054 2011 645 2707 1679 1623 1663 947 1444 1328 1649 2767 445 169 2836 2837 2840 1782 1029 197 1253 712 1381 2050 1658 1218 1045 1617 463 2628 1552 735 2130 1544 1261 440 1993 194 2241 1948 1422 2289 51 1417 2735 860 2439 1870 1710 319 1369 2649 2375 1489 1416 1437 2650 2287 433 1307 965 769 179 2352 1096 2454 134 1051 900 201 2714 1640 1860 155 173 1796 1486 161 635 2272 563 2826 1788 2045 2088 1895 1569 231 715 674 2769 2815 48 439 2133 64 489 562 260 1407
2769 1870 348 26 925 2454 2649 1369 480 179 550 712 2538 518 2714 2050 2130 1045 735 445 1617 2840 1701 2375 197 1417 440 1788 463 2241 1422 1710 1489 860 1552 1453 645 2289 659 1840 1172 305 2011 260 2650 524 2826 155 2200 134 1640 970 562 168 433 1486 48 1029 259 169 2439 2556 51 563 2419 2721 1782 1328 64 1569 194 2088 1054 1796 611 1993 977 2628 1663 559 769 1658 439 1901 1146 59 1656 2652 1649 2817 2035 1624 2010 1386 1319 2836 489 1752 2082 2544
1487 1471 924 953 2841 1891 37 1308 586 1082 2810 761 1703 2666 1006 443 1763 1400 2043 1605 1687 650 2816 2249 1090 1882 1723 2216 1363 115 922 1488 327 1288 2346 2194 2171 2768 2179 1541 1738 1139 468 1153 1916 750 475 594 2678 335 894 2153 1866 2502 820 1462 2823 419 630 2617 1184 2554 1570 2494 2261 762 1995 956 732 1865 275 1727 334 1227 2495 1397 1027 186 325 1953 1315 1116 1502 2452 1044 619 2109 2657 834 751 2535 1224 644 745 2197 300 144 1336 521 2571
2460 557 2363 879 1619 1863 1925 2139 641 1982 2771 2385 2524 2517 1366 2184 2833 991 2844 1373 1242 299 798 2104 888 2672 1081 262 2659 1295 583 667 1807 143 2206 2371 1947 1432 2321 2662 1193 228 1887 880 1196 1765 2581 1191 2739 1816 1345 741 1684 842 2298 1480 1660 2356 1735 127 514 158 1494 1776 2332 273 1457 548 1539 2797 2694 2607 1086 2633 1497 797 287 588 1724 1350 2529 706 885 1542 2039 2431 2092 1509 1877 2327 1358 801 2185 2590 2703 1129 570 366 857 697
1944 1055 2294 725 2728 2558 2741 2207 1212 165 899 2135 2766 137 116 494 2580 2057 1463 1825 2435 2842 97 447 1547 1606 2068 2248 204 686 2291 2825 1899 1067 2511 1130 2813 2305 79 574 1935 1134 692 1937 1452 2319 2382 2736 2292 246 2041 1126 722 1464 1076 1473 2665 1639 12 1056 1940 2719 2286 140 146 1223 1777 1874 442 657 948 1185 627 2393 1721 1986 2121 2350 2809 1001 677 804 2583 1868 647 1088 67 2258 2708 329 1876 1439 2506 2683 1810 2598 1408 2438 526 1771
143 2517 1440 386 718 1129 2185 2529 958 2271 1684 795 2298 787 2619 697 810 1445 30 638 1514 1411 1215 2584 71 1360 1694 2524 273 2616 2104 2460 2801 1242 2363 1446 1630 1294 557 665 2246 414 969 2481 879 1366 1925 2139 1939 1258 1112 1863 2844 1982 1619 641 2771 2833 1947 1816 1373 667 991 1270 2385 1480 1735 2749 1807 262 1494 888 1059 2576 342 147 2727 2633 1887 913 1539 1629 2092 299 1196 234 1295 2127 2731 41 741 2710 1081 842 1549 668 2672 880 2184 2321
2185 1411 2584 795 1129 1694 1440 143 1684 386 2517 718 2298 2616 1360 2529 1446 958 1294 787 665 1630 2271 1112 2481 2801 638 810 1445 1514 30 2619 1258 1215 2139 1939 299 2833 1270 557 71 2246 879 2468 2092 1982 1291 1238 267 2727 2460 969 1366 2371 2455 1122 1925 1814 262 264 2189 414 2269 1520 2844 2484 1242 1278 837 1009 1509 2363 2100 2710 2576 667 2731 2524 891 1619 428 1622 1 1815 741 1863 2385 273 2399 1373 2662 888 352 697 1571 2412 857 1549 234 2208
1710 1701 1417 1489 860 1788 900 1437 2375 197 2397 259 1624 1656 987 312 1486 2817 2826 1319 626 1102 445 188 1737 1386 2790 559 611 1307 2082 2424 1926 606 1208 2084 463 2389 2270 2011 2528 2832 556 489 2411 433 2300 1934 1407 977 1679 59 817 2241 1328 85 2840 1545 2367 970 2574 1644 547 1752 221 2544 978 2515 1623 674 2836 2419 635 1552 2289 943 1405 645 2076 2707 524 4 1878 712 950 1045 348 134 1146 675 1468 2646 1202 2312 1381 2724 1123 2767 1388 1627
754 2756 1728 2533 1149 757 2320 2021 1231 29 213 2673 286 2172 1533 2024 293 135 558 1689 2408 2295 2638 426 2143 24 634 2430 1597 2413 184 967 1448 853 2615 1478 707 739 119 1265 1984 1296 1312 1719 80 1383 2472 1804 218 2354 529 1849 2787 91 498 424 792 520 1945 2235 1269 1733 2566 962 232 19 1326 2124 395 1722 1529 425 545 1683 2277 2014 2366 2759 2113 375 364 388 2644 2178 1883 2323 1898 1867 304 1093 1798 564 2066 1061 2224 1213 1801 2508 101 2390
803 364 1900 2040 2381 374 436 101 215 737 2504 989 251 341 328 2238 766 2579 2759 1427 2540 789 2242 962 1798 1257 1786 1971 1106 1230 572 1683 395 581 1559 1883 407 2114 2546 2542 1389 1357 1898 1115 1951 1451 1361 1213 1306 1091 2066 926 2288 2644 39 304 2323 76 485 1175 1818 564 2113 2178 2787 2495 1300 727 545 2000 1137 589 614 1180 658 1207 2072 1334 1996 1561 777 2656 714 483 1693 898 2784 529 2281 2149 1087 1353 646 1166 1394 1558 1801 240 751 2409
2185 1129 2517 143 1440 795 386 718 2529 1411 1684 2298 958 2584 2271 787 1694 1514 2619 638 1360 2460 810 2363 1215 557 30 1445 697 879 2524 1242 2616 273 1630 71 2104 969 1446 665 1619 1294 2801 1366 1925 1863 2139 2246 2481 414 1816 1982 1480 2727 1112 2468 2833 667 2844 1258 1270 1939 299 1520 2771 2385 1373 1571 2399 641 234 1 1572 913 41 1622 1814 2092 2371 1824 2226 1540 2576 2100 2215 551 2731 262 46 317 352 342 1947 2455 1660 591 2484 1349 2590 1539
611 1319 188 556 85 547 1386 1926 817 2790 2817 1102 1656 2411 1407 2528 2082 943 1644 1934 2270 1405 2300 221 987 635 2045 1624 463 312 1617 2501 4 1029 2832 1993 2044 1422 1796 1146 1545 259 1737 2397 826 712 283 1584 2544 2023 1788 1428 659 2069 860 626 2358 1552 2564 2800 2307 2200 2344 1848 197 1752 2670 2454 1158 2076 2419 2007 900 1202 977 2545 2389 550 613 1701 1313 1489 2241 2367 606 1417 1381 1414 2375 1782 1369 1307 2034 2011 1208 2724 2755 1895 559 978
631 2282 607 1518 2049 1290 530 2064 2596 1017 1604 1301 446 2796 1567 1058 451 2140 1981 1237 2093 921 1909 2392 942 1384 2085 2543 2660 2458 966 487 337 1613 1978 1879 662 1742 1681 1002 1119 1705 2600 394 2357 1331 1673 984 2262 1614 1495 908 2696 1000 2257 1676 1739 660 1853 2664 1695 1893 54 2369 1396 2782 542 1370 50 355 320 243 710 852 813 1105 1554 2259 1508 1455 1621 1510 360 1145 2420 1906 2636 791 2803 870 1094 678 208 1688 1871 336 1516 1808 749 435
1489 1710 1328 860 1701 1417 1444 2836 947 1782 1679 712 1663 1617 1437 900 2241 169 1623 1054 1649 1045 1658 2837 1369 1381 1486 2767 2011 197 1416 2628 1218 2707 348 1796 2050 2130 1993 1261 1307 2649 2454 179 1870 1544 735 1948 925 1096 1051 26 1422 645 559 2034 2826 2439 51 440 463 2840 445 1569 155 1208 1788 260 480 1316 2545 563 2714 2769 1926 100 2713 715 674 2790 194 1545 817 1552 2721 2419 1860 1407 2076 1640 2424 2397 978 1029 1840 2652 259 2528 2433 2817
1525 2623 2263 1371 1280 1084 2678 2572 1198 1726 2116 2386 1205 275 2303 2791 1083 1960 1659 2030 1536 2761 106 2141 1318 1032 2807 2562 1251 84 96 2522 481 189 1596 636 2554 1768 419 183 2720 1364 894 45 2831 181 6 327 971 2448 1170 1380 1064 1880 762 1632 2048 1802 2153 2060 474 2115 270 2442 2498 2688 2705 644 1199 2188 620 300 387 621 1113 117 1927 2401 861 2760 2608 732 629 941 1882 2278 2056 582 1458 2718 546 1283 2203 490 1973 2168 2476 1702 236 2612
1634 1424 648 610 717 2830 1573 1309 1040 435 94 1133 1020 410 605 1581 811 365 248 678 2560 1110 257 2609 870 2680 2843 112 937 535 2251 1131 1068 1966 881 821 2377 288 2788 1527 1379 544 1783 2095 1968 855 336 1498 2005 1311 2196 2746 1243 749 843 1138 1670 2364 538 1731 2087 1466 1005 2613 2549 2417 2730 1794 673 2290 2151 434 338 1325 730 1871 2243 2697 774 2492 2299 1516 2763 1913 1142 568 1707 593 2006 2519 1079 1455 253 1992 2102 773 2331 1800 1174 1850
1705 2600 1681 487 942 2085 1384 966 2458 2543 1495 337 2596 1742 921 2660 1290 1518 908 1017 2392 1000 2664 1695 54 1739 1893 1853 1331 50 2369 1614 710 360 1673 542 2259 2696 852 2282 2257 660 2782 631 791 1031 1287 1978 607 2803 1508 1565 1002 2262 2064 243 1119 1370 984 2049 1237 1981 1604 1396 446 2796 1567 1554 1301 530 355 512 813 1676 566 2618 151 1058 2140 2026 1909 1770 1105 2093 2357 662 1879 394 320 451 416 1519 1613 114 2575 1385 1779 1871 1271 2559
2228 1335 2099 2674 532 1297 2773 2028 1704 330 1956 671 734 1532 1376 1896 1741 772 633 972 261 2814 1339 2742 505 458 2557 354 2177 602 313 2322 503 1680 587 1827 2250 2479 152 2193 238 696 1111 1961 711 2500 28 1332 2052 1021 2191 2199 2592 1543 2017 618 1708 2819 1873 2062 120 2681 2181 740 533 2527 449 847 2316 872 2764 523 1563 653 1500 2119 849 1917 649 131 1135 1655 1314 2610 2232 1099 495 771 1117 2283 2552 2237 2715 1831 1755 33 2265 92 159 1282
1125 1753 2777 2772 2077 2478 70 2561 2510 1759 2757 315 431 1834 18 1842 951 1390 2622 2 2663 601 1557 2015 2818 1252 1165 2302 767 2161 1035 191 277 2315 2702 1839 990 502 369 297 1235 1980 1443 1938 103 1989 2471 2685 522 2601 578 2532 1460 2686 211 1413 889 1821 688 2276 2624 1747 1114 1323 250 284 1720 1608 1845 2759 1830 684 962 1908 702 126 2667 2583 2496 1833 1975 1533 768 1391 1340 67 1767 2323 1075 1186 931 1798 853 848 1810 1511 461 903 65 634
2648 2138 642 1571 2100 17 846 1622 573 961 600 2486 2372 195 1698 2223 1338 1618 317 1615 1349 2255 1994 2738 2253 352 2338 2635 2781 511 2473 223 1409 1540 1828 2466 166 1520 2340 665 1 405 1095 349 307 2727 2412 2339 2835 2709 2226 1964 2158 1270 2614 1112 2399 577 1446 969 46 892 591 1630 1939 1258 2481 1684 2811 234 2215 2710 2820 1159 913 685 1025 2616 1294 127 1060 1071 1572 1815 2131 2834 1009 147 1360 616 2175 1812 1355 2298 180 1421 1514 958 1129 403
312 2832 1752 987 1102 2790 221 1926 85 2300 1934 1656 2501 635 2817 943 2411 1146 1624 626 1405 1407 1545 556 1386 547 2082 2528 2389 2044 817 2367 2270 188 1644 4 59 1316 611 950 2069 1319 1202 826 2826 1840 518 2836 2241 1737 1437 900 1636 1782 1878 735 1965 613 2840 2556 2837 259 712 1422 1796 440 1045 1486 1617 978 2544 169 1993 1649 480 155 2133 2397 559 563 2714 1381 1710 947 2419 2631 1552 977 2574 2050 1444 1658 445 2148 2424 2312 2652 1468 260 1092
2277 1801 529 2644 1394 545 1631 2323 395 2249 658 1898 962 1230 1558 572 589 898 1798 727 1683 761 1597 1213 1087 2579 426 634 2024 1175 2072 2066 1361 1306 1207 1677 2113 714 1892 2037 1334 1771 1951 540 2547 1561 853 739 2751 558 1559 2625 2567 1804 1197 2759 2317 1689 1333 485 2054 374 2124 1389 1883 1093 304 1451 2409 473 2381 1106 2430 834 967 425 2178 783 2295 1998 1137 581 251 1312 2143 116 614 2366 2242 1906 1326 576 135 101 757 1088 792 1401 2288 293
1779 1385 406 2145 1871 773 2102 1992 1707 2763 1007 1894 1645 519 1138 1800 2613 742 1731 1526 1969 186 2516 1511 1442 2609 257 535 1325 2377 937 288 1527 2341 605 811 709 648 336 2219 253 248 1466 1455 410 434 365 2095 1516 338 730 392 1424 1133 870 1309 1040 1498 2680 94 538 2843 2549 435 2746 1020 1634 1783 544 301 1311 2830 717 1981 1966 1237 678 1110 1068 610 1131 1573 2543 1581 593 821 843 852 2299 2560 1850 1968 2788 112 1142 1454 446 1419 1718 1174
802 2078 1492 142 429 1699 1430 1553 1886 555 1053 1890 2333 2029 868 1236 2267 1256 866 2380 554 878 2668 1888 1562 417 1033 2217 743 289 886 597 2743 2415 427 1418 62 1686 681 2568 332 901 1393 176 1793 361 21 1431 2108 2423 1588 733 36 1398 1132 2227 302 292 2786 680 2117 2451 340 988 199 979 121 536 1065 78 193 1499 2384 893 432 1038 1041 569 500 2090 1272 323 2421 1374 640 2828 1668 13 672 2602 2671 1754 2038 571 377 2539 1429 1268 828 1399
2045 2755 1584 2023 747 258 770 2034 2545 1796 463 1416 2556 1029 1948 1096 2628 1788 2713 1544 860 1316 497 51 305 1586 2439 1701 440 562 1051 2272 2721 1320 155 1895 735 1545 715 1617 1569 1552 1636 2289 1407 100 2482 1993 197 1860 992 1417 64 2367 2631 2837 2735 439 1261 1640 1840 2352 2815 161 48 169 547 1782 1381 1496 1649 433 2241 1710 1965 518 2375 659 2767 1658 1489 2836 134 1319 1045 1362 904 1926 2454 2050 1656 1307 2650 194 2130 1934 26 2312 2389 2538
1096 1948 1416 2272 2815 1362 1860 1316 1496 1897 2721 2556 155 1965 1586 497 439 1636 715 1051 2241 48 2713 1569 64 51 194 1796 1658 1490 445 2628 1552 2034 201 2433 100 2650 1453 1381 645 562 563 1218 305 712 2352 231 2309 1261 1901 1617 659 2545 1584 2046 2289 1840 2376 1993 2553 1623 1640 1307 260 134 2755 1679 1054 992 2836 1649 1544 2011 1782 674 1444 440 486 2840 747 1663 2826 168 319 2088 947 1045 1148 735 547 1486 784 2439 559 900 2707 2767 906 2419
1469 16 376 1447 1483 44 1749 1672 2437 291 1836 2317 240 832 1535 1161 483 1513 2784 2785 1361 1914 789 1847 1213 1178 1394 2202 1300 727 1389 2113 761 1353 2190 1451 658 1773 1804 2249 1091 1476 614 1996 2579 1019 132 2745 967 2066 777 1951 589 341 2178 1057 2000 1176 304 1115 2054 1883 1175 230 2072 88 1427 63 545 1180 803 395 1230 1743 1801 1561 1990 695 1559 251 293 2281 983 564 1719 2129 2540 2644 926 2277 2547 1137 766 2546 1798 2024 2700 485 646 1856
1742 1554 243 1105 813 1396 1370 355 337 1673 2696 921 2257 1331 1614 2064 2458 1384 966 487 1495 908 1681 2660 2600 662 1705 530 2049 1237 1290 942 1604 1613 446 2085 1017 1567 1301 2259 2282 54 1518 1893 1739 2140 2782 710 360 542 2664 631 1981 2394 2596 1000 1909 1058 1002 2369 975 1271 1853 50 984 1978 151 1946 451 607 7 660 2796 301 1695 2543 288 2793 2843 2803 808 1031 1455 1119 871 1565 2336 2093 1968 2405 825 791 394 544 1287 2392 567 144 1419 416
757 754 558 1533 135 1728 2295 2413 213 1231 1689 184 2024 2756 853 2638 2408 24 426 2143 1597 1296 2430 634 1448 1312 1478 119 1383 80 1984 2472 1265 1804 2615 1719 529 1149 2533 2320 218 967 2277 540 707 1898 2021 1801 1394 2366 545 1945 520 2508 752 29 91 1035 498 1766 2725 232 1093 2014 2235 739 2566 473 388 1883 19 2644 2354 1839 2178 1683 2673 395 898 304 1326 2113 425 1849 424 286 1228 2759 1889 2323 2169 375 792 1558 2464 1061 714 1733 293 2546
2045 2755 1584 2023 258 747 1029 2034 770 2545 1796 497 1416 1586 2482 463 1362 1096 1710 1948 2735 860 2628 1417 1051 1701 906 197 992 1307 433 1895 64 1897 2289 1788 1407 2713 2753 2631 2815 2011 2646 2650 1489 1388 51 1627 100 817 1552 1320 1381 1261 1569 1319 319 2817 1253 606 674 134 161 1544 1860 2272 715 2556 2732 1656 1658 2046 1934 562 1993 48 439 622 904 2389 201 2439 2367 2376 2721 2564 2553 1965 1123 645 173 1636 2836 2084 675 305 1316 1190 2287 2767
338 730 1466 1707 742 1131 1007 1379 2151 1526 1243 2516 336 1455 2341 1783 253 1794 410 1969 112 248 648 1511 1498 365 2549 1645 811 1779 544 1079 2746 1005 538 2730 610 1424 2290 1670 2830 2364 1133 1516 1325 1020 434 937 1309 2788 605 1634 709 2145 2102 1442 1068 1581 843 2377 870 678 1094 2560 435 881 1731 2219 1110 1040 717 2299 1138 568 2492 257 2843 406 94 749 1385 774 1871 2763 773 1527 673 855 535 1966 2680 1573 1454 1992 593 2243 1311 1800 2251 1936
332 176 1256 1065 2743 1033 2786 2029 417 2227 554 979 1890 1418 2668 1393 1562 340 597 886 868 555 1686 289 571 62 1888 429 2108 681 878 142 361 1398 1492 2423 21 802 743 1053 199 2078 1430 1699 2333 1553 2217 2384 866 2451 2415 292 432 427 302 1431 893 536 36 2568 733 964 988 1952 78 2120 2267 2031 121 1588 2221 1399 2038 1070 1793 193 2808 1132 2539 1266 2117 1374 1041 569 1429 2671 2629 2380 2828 2335 680 1038 323 901 2578 2090 672 500 2602 1668
1045 1617 2241 1782 169 712 1444 2836 2837 440 735 2130 947 1663 1328 2050 1993 1422 1544 1649 2439 1840 51 155 1381 550 179 1658 2454 2649 1679 1369 1623 2840 197 260 1640 2767 305 2826 900 2628 1796 563 463 518 1486 2011 1054 26 925 2707 480 1437 445 1552 2817 645 1489 2088 348 559 1569 562 2082 1029 943 1636 1316 2556 221 1656 1102 1860 2832 1934 659 2270 1926 1870 1405 2289 1710 2769 2790 556 1965 2538 312 1218 2721 1752 1307 1407 134 2133 259 2375 860 1644
472 1803 2138 1509 1530 2094 961 160 147 2444 1078 551 1607 1059 641 1807 127 1341 1811 991 2771 2385 1295 2758 1167 2595 1069 342 1862 577 741 1355 1373 1524 262 2710 1421 1629 888 154 2431 1520 537 1619 2175 203 2266 1 17 352 1828 1540 667 1988 2399 226 1925 1025 2635 1618 1242 2731 385 1863 1571 405 573 2727 1982 2104 2749 2340 2223 2835 2371 1215 166 2738 1622 1291 2486 267 2063 2648 223 891 1349 307 2619 1238 1698 2776 2820 1539 2524 1826 1615 2338 2255 2801
1635 1967 390 1715 1050 1648 2406 314 1293 1124 1187 1097 1037 2053 1140 159 1822 580 1918 331 326 1317 1143 31 655 1756 430 478 2465 1026 2062 1395 2505 2236 1755 1472 805 1018 799 1475 782 2765 1612 1921 2715 2402 1568 936 471 1647 1216 2407 2632 464 1692 643 1706 999 2687 1118 113 1438 1011 2301 1662 726 2611 1972 1048 2531 758 1024 363 108 389 1730 1008 452 1789 1929 1297 1503 138 2806 721 2693 1262 1829 628 455 2061 2398 753 2467 1912 1378 927 1220 2232 484
419 894 2554 2153 96 1927 1632 106 189 1032 2060 815 481 1987 2831 300 1013 2571 2705 1315 1336 762 2678 2401 1726 2079 2109 644 1171 2612 22 1214 2720 2160 2263 971 1364 1661 2562 42 2688 2197 205 744 2030 2386 2313 1960 2807 1251 95 1318 636 387 1199 1536 1108 2278 924 1727 2261 2162 2188 941 2567 396 957 333 2442 1749 1083 785 2425 1064 1286 2498 1283 2317 2476 861 2522 2152 2116 2791 1525 592 1596 335 2555 84 2048 1471 1907 2096 1836 183 37 171 1304 2448
1125 1753 2777 2772 2077 2478 70 2561 2510 1759 2757 2161 1834 315 431 951 1252 2015 18 1842 2818 2663 2622 2 1165 2302 1390 1557 601 191 767 1035 277 1839 2315 2702 1443 369 297 103 1323 1980 2685 1235 1938 1460 990 2686 2624 688 502 1186 1989 522 889 2276 211 2601 578 2471 2532 1845 1747 126 1114 1391 2759 1413 1833 2323 1608 2546 1115 1389 634 2583 853 2314 250 2667 1340 1830 1533 1821 702 1511 962 67 29 1767 529 768 1720 581 1683 967 284 684 2430 1798
1087 1558 898 714 1166 1928 2409 1590 93 895 1207 676 1137 2072 614 1228 1306 589 545 1394 1951 727 1175 485 1785 2323 658 1197 1333 2022 1631 304 2113 1361 1561 1801 1213 374 2178 1298 2277 1389 1334 2066 63 783 1451 182 1798 395 572 101 2546 149 2644 2759 1115 962 1712 1019 529 2504 695 1685 803 1343 617 1230 1176 2579 341 2656 954 1683 2016 132 426 1597 1743 2547 2381 2040 2112 789 251 1760 34 1898 364 2149 2737 824 2542 1427 2699 407 1883 2242 1346 576
2502 2152 2706 2141 941 84 2841 1605 419 2153 2554 1927 1632 398 894 96 1139 1171 106 22 2457 844 957 1889 509 1696 2404 1596 2263 2751 2498 744 2464 1214 1953 2591 1515 2448 2562 2115 909 2720 183 244 2807 971 2612 2503 214 2442 387 620 1364 181 2567 1768 2386 1458 2048 189 45 2109 1083 270 1251 171 2401 621 2760 2056 1570 644 335 43 1616 1113 2725 2182 1726 1064 1365 2188 732 1283 2688 2608 2278 1702 2522 2197 2230 609 2705 2160 924 636 5 2761 1525 1318
1149 2533 29 2320 213 286 2172 2673 293 2024 2021 2756 2408 426 2143 1689 24 2430 634 1597 754 2638 1728 1231 967 853 707 1719 757 558 135 2295 2787 739 1849 2413 1448 184 2354 1804 2615 119 1533 1296 1478 80 1984 1265 1529 1312 218 1383 498 520 2472 1269 424 2366 91 2124 425 1733 2390 1945 1722 2224 2014 1326 792 232 19 375 2235 1867 388 529 2464 1061 2566 727 473 658 1426 466 2054 2508 1361 1951 163 2725 1175 1766 1559 1798 1394 589 1898 609 646 2296
2040 436 1900 364 215 737 101 2381 803 989 2504 328 766 2238 341 374 2242 251 2759 2114 407 2579 581 789 1683 1427 962 1230 572 395 1798 1883 2540 1898 1257 1786 1091 1971 926 1106 2644 564 1818 2546 1115 1559 1996 777 2542 1389 1357 2323 2495 2288 39 1451 230 2066 2113 1361 304 1213 2178 76 545 1306 529 1801 1180 2281 1951 2787 1300 1334 1561 1175 485 727 483 1207 658 589 2000 1137 1693 1353 2656 2277 240 2072 617 2149 1685 714 2784 614 1394 1093 1087 2409
2517 1129 386 143 1440 2529 2271 2185 2619 718 810 787 1684 958 30 1215 638 71 2298 1514 1445 1694 795 1360 697 1411 557 2584 2460 2363 2616 1242 2104 1939 273 2524 879 1294 1446 969 1630 2801 1258 2481 665 1619 2246 1112 1925 147 2468 1509 414 1863 1807 262 1982 1803 1270 2595 2385 127 991 1530 577 2139 667 1295 160 641 2776 1373 741 888 2576 299 1480 685 2833 1816 2710 2771 1366 1629 352 1078 1059 1069 2372 551 2844 342 2094 1025 1520 2727 1167 2431 2758 1524
70 2510 1125 1753 2777 431 2772 1759 2077 2757 2478 2561 1839 315 1035 1834 951 2622 2818 1390 1842 18 2015 1557 1252 2663 2 601 1165 2302 191 1443 767 2702 1938 2315 277 889 2686 1980 2161 2685 1833 1747 2532 2496 369 211 1460 1989 990 522 502 297 1235 461 2276 2624 2601 2471 2323 1845 103 1511 578 1075 1323 250 1114 2388 1413 903 1608 1976 269 102 1340 2667 2759 684 688 126 284 768 1830 1969 702 1767 1821 2746 848 202 1975 1720 2579 65 1107 962 2299 2242
239 2794 2280 2173 2091 296 356 1282 1781 209 408 838 2164 139 245 525 2396 2232 49 2311 61 192 1248 654 1356 2025 383 2669 1787 822 653 207 2137 1435 252 225 1127 1755 625 2070 1568 2693 1780 1505 799 805 314 1506 2236 1274 1141 216 1475 1831 113 1655 1021 679 1598 1317 1472 2017 1050 1011 1635 1756 858 1262 806 2698 1967 782 1715 455 2406 390 131 1500 1018 618 1297 1961 2402 1647 655 1972 2053 2059 290 1692 31 1612 1273 449 721 1143 268 1395 780 1118
1671 8 2449 1474 325 2535 745 2706 2831 2216 2230 1315 2705 335 924 1006 300 2197 1336 2079 443 2160 1487 2401 762 1288 1380 953 1703 2167 1090 1458 2678 1471 2096 2591 1308 1013 946 45 1363 333 621 1400 2612 1318 2571 1907 586 935 205 2562 1064 2522 2452 149 459 1760 1726 96 1712 1687 2841 1082 2109 1277 42 1605 971 2503 2313 2572 1250 2263 2056 644 2623 1736 2425 1979 474 856 1019 834 1661 1251 1425 1027 1371 1596 1641 1536 1685 60 2249 1113 1364 37 1891 2446
312 2832 987 1102 2790 2411 1934 85 2501 221 1752 1405 635 1624 1656 2528 1407 2817 943 1545 1926 1644 556 1146 2300 2389 2082 626 4 2044 188 2270 1386 611 817 547 1319 59 1737 826 1202 2367 2069 283 445 1422 2826 977 1617 613 2419 2574 2397 1316 1552 1092 1983 2840 2424 463 2011 950 1782 2836 559 2133 1437 2375 900 1468 2837 266 712 2312 2652 2544 1486 978 169 2148 2477 518 1029 2241 1840 2631 947 659 2515 259 2200 197 440 550 735 1045 155 563 1878 2714
957 752 1889 2464 509 2725 2457 844 1515 2404 1766 609 5 1802 1426 2448 2128 1880 2115 744 1696 1616 498 592 244 1596 466 2124 2056 1945 232 2182 1726 2572 2351 2522 1364 106 45 1960 163 2562 1269 1326 388 2720 2760 2442 2591 1280 1061 2508 1064 520 19 2612 183 2386 1556 2566 189 2168 2354 473 1032 171 1768 1637 2278 2678 2608 2014 80 2366 2503 119 815 1525 2751 1199 2498 375 2807 424 2048 1251 644 43 1296 2141 1722 1953 2476 1383 1659 387 2263 398 2060 2230
1563 28 2716 2479 849 238 2365 2819 1532 2552 505 2250 152 523 2181 2500 175 458 2119 81 587 972 2283 313 1827 2370 2557 2191 1896 1741 2689 734 705 2534 2527 2674 1339 1376 847 696 2193 2177 2228 2099 2592 602 1111 1680 2052 1708 1912 354 633 503 330 1332 2742 125 2322 456 452 1335 268 129 788 2059 740 2806 726 1281 1923 1314 2244 1789 1831 780 120 501 1475 1932 2715 1117 2681 711 927 92 131 671 1704 1655 772 418 324 1813 1481 1062 2687 464 1293 1730
1512 1254 1310 65 1107 2388 1608 1720 835 903 1908 284 1821 702 768 2471 250 2601 1830 1340 502 297 103 1975 684 848 931 990 1323 1235 1114 1845 2624 1186 2276 126 578 1391 1767 688 2314 1413 2079 1277 522 2579 333 1458 834 1104 1907 2571 1013 2831 309 1620 1336 205 1315 1791 2160 2136 1300 1844 2284 1286 856 1174 1015 240 935 2503 2058 2073 827 2667 575 2736 2080 2705 2313 2496 2414 506 2096 2555 1523 1177 2550 2825 2401 1507 55 300 2641 1057 567 767 789 736
1481 418 52 346 2244 1465 534 780 806 2429 2059 1662 484 786 2821 2467 53 2470 2690 452 1378 726 1022 363 2285 225 2301 290 268 478 207 999 1438 1789 471 653 467 2765 464 936 2407 1787 2687 402 389 1475 108 758 2505 131 2465 2531 61 927 1831 1008 1692 1655 753 1875 1275 1730 2669 1706 1780 2396 1220 2398 2236 2693 2025 2634 455 2806 840 1024 1262 295 628 192 1918 331 1929 1273 654 2070 495 1503 33 2142 1568 245 838 1141 430 1506 241 655 49 1097
1723 820 750 1541 1603 2666 1891 650 475 334 2816 1916 546 582 2810 2346 1221 285 1882 2171 2043 1761 922 956 2313 807 2194 1153 1285 629 1865 1697 2359 372 1188 1462 2677 973 1260 1858 759 468 1763 6 37 1227 298 1570 1702 2643 1090 1015 2152 2261 98 1083 1380 586 620 1284 411 2502 732 2518 117 1750 1456 2443 281 1797 1605 2685 1084 1263 181 907 1082 2667 661 443 713 2705 2688 2494 73 1057 1641 2571 601 1073 941 851 594 423 2302 2268 1139 1308 2 300
1055 2294 1944 1056 2728 725 2207 2558 1463 1134 2305 246 1547 2511 165 1825 1935 1067 97 204 2842 2825 137 116 722 2041 1606 2068 1130 2665 2135 2766 79 2741 2736 1126 447 1212 899 1940 2292 692 442 2258 2248 2319 2382 2813 686 1076 1937 1841 1464 2286 2719 494 1452 362 2580 1639 146 2435 1899 1986 2057 2393 350 140 948 677 2438 2291 1868 1185 682 804 2708 2506 526 574 329 647 491 12 2683 1777 1962 864 608 1721 2639 1942 1408 274 1677 1874 2569 2440 1223 2625
2252 1651 2682 1977 2491 2328 1179 1578 1063 841 945 1579 916 639 2042 1920 2647 2097 1583 887 9 227 998 1770 114 517 1470 1531 2310 2723 1769 763 2225 952 919 1211 2792 1354 982 382 778 2778 930 2379 1667 1854 118 928 2711 819 748 1791 2729 2349 2575 1657 1851 1585 567 875 2065 2304 1367 1970 1368 923 515 1239 1210 1154 311 2416 25 528 1528 1566 2618 2559 2459 579 910 2488 975 2081 1819 1864 2793 492 2474 1209 566 512 2026 151 2658 2462 1344 7 1402 1271
196 353 776 2474 98 1643 585 1864 1819 701 2081 2334 1625 2462 910 1402 869 2361 781 2067 2353 1042 2103 233 2256 1344 1963 381 809 276 1667 515 748 9 2723 1579 114 2582 998 1063 2485 1770 5 303 2157 841 607 1744 1583 206 539 481 69 2152 945 528 2457 2575 2803 492 1470 2304 2682 1772 1204 1454 2101 2141 1031 923 450 2336 2027 2026 2459 1769 850 25 1515 2162 1354 2618 952 723 887 1508 566 1154 1531 343 819 919 796 2491 517 639 2001 1585 282 2792
1317 1756 1395 2061 1921 805 1647 721 1972 2402 799 1967 1755 390 1635 2236 1475 1715 1918 314 2053 1124 1303 1050 1140 363 999 2693 484 936 2465 2505 402 2301 471 1662 108 1037 1438 2407 786 1187 2765 1378 2429 1612 2059 1929 806 412 1273 1655 1275 1022 478 1789 1831 2406 1648 1008 1024 1274 534 561 653 1568 927 2244 1829 753 295 331 467 2687 1465 2698 2531 53 1216 1472 2398 1297 782 1282 1730 1143 726 655 780 89 389 1018 296 1822 1706 2632 1097 1118 1039 408
1481 52 418 346 53 452 806 2821 780 2285 2244 290 1465 534 2429 1662 786 268 484 653 2059 2470 2531 1022 1378 131 1875 726 2467 495 2690 467 363 225 207 2765 2565 1843 2301 999 1787 1475 1024 2687 2693 389 2407 241 61 1789 936 1503 402 840 471 1438 758 2396 464 2142 108 1008 2634 2505 1275 2465 2806 478 1730 2669 295 1011 1706 927 1692 753 2025 1780 1918 1220 1929 2398 430 2236 1262 1831 49 192 1655 628 1127 455 1039 1216 1506 2053 331 1140 1273 2091
1481 418 52 780 346 806 534 2244 1465 2429 2059 786 484 1662 2821 452 1378 53 1022 268 2467 2690 726 2285 2470 290 363 2301 1789 999 131 467 2765 2687 2407 108 653 207 478 464 225 1875 927 2531 1475 936 1438 471 2505 2465 1831 1275 1730 1787 1655 1008 402 2806 840 389 1706 758 753 295 61 1929 1024 495 2398 2634 1692 241 628 2236 1220 1273 2669 1843 2396 331 2693 1503 2142 455 2025 1262 1918 2715 430 2565 192 1097 1140 504 1568 1216 1822 654 1506 2070
1385 1779 2145 406 773 1992 2102 1871 2763 519 1894 1007 1707 1526 1138 1645 1800 1731 742 186 2516 2613 1969 1511 1442 535 1325 937 2377 1527 257 605 811 709 365 392 2609 730 1455 338 1040 2095 253 2219 2341 336 648 248 410 1424 544 1516 1466 434 1020 2830 1309 94 435 288 2680 1783 1068 1131 1110 610 1311 112 2549 870 301 1498 1966 1581 2560 821 1981 1634 855 678 1133 2543 1718 2788 2243 1567 2746 1379 1237 852 2364 1005 1794 2843 593 1142 1670 1419 2730 538
2593 392 2331 1170 2147 318 2012 630 1642 1419 3 256 1600 1595 254 1077 301 1958 1380 2170 1152 2734 1267 1762 2264 2165 2405 2391 1036 2453 2490 2132 1347 1519 632 2204 1973 1247 874 2655 265 1717 343 2101 604 549 516 1751 2603 862 1454 490 58 212 94 2001 2718 1160 206 1709 595 974 1510 2071 320 2691 208 843 2537 2420 2257 1633 823 350 568 2355 1321 2446 460 2587 233 1790 666 1872 1528 605 66 937 731 652 1098 2126 1546 2636 1183 2156 2318 1415 399 1643
2294 1944 1055 1056 2728 725 2135 899 2558 2207 2741 137 1212 165 2842 1825 686 1076 204 447 1463 1547 1067 2511 2057 1606 2766 2825 1134 116 494 2248 2580 2068 79 1935 2286 2382 1452 2305 2435 246 2291 2813 1937 2736 1464 1899 804 97 2041 722 329 2665 692 1126 146 2319 948 2292 1130 574 1639 2719 140 1874 677 2393 1841 1223 1185 1868 2708 2258 2438 1777 647 682 1940 657 2436 442 2683 362 2639 1721 2569 67 2598 491 1931 1592 1810 2583 627 217 608 2427 2509 526
123 1255 1757 986 2150 882 2380 1236 1600 2267 289 1541 932 1001 2350 868 1041 2387 21 427 743 2121 2227 2012 1049 372 555 698 2729 334 2423 1479 361 2775 1888 1430 681 1707 2493 750 893 1157 554 1492 336 568 981 176 292 1415 1553 1521 1731 979 1033 302 174 820 966 1256 1657 1958 2405 2170 895 2580 2458 1699 93 212 2743 1359 1477 199 2583 2788 1670 340 2585 432 1406 429 1398 937 1915 1384 2668 2451 1603 142 749 253 839 1682 257 1212 1138 2151 901 1079
1785 2066 1213 2113 2178 304 1228 1389 2546 1019 2022 1115 1333 545 1300 499 63 898 1394 1087 1166 465 374 291 1137 1631 1928 2700 714 93 1685 251 1558 2409 1847 1298 2504 789 614 1590 1176 1161 2579 803 1513 2784 1207 1175 1743 101 485 540 132 1990 16 1306 149 2072 1561 1951 1883 576 2381 182 1535 695 1749 1178 832 895 2542 240 1427 1334 1257 617 483 954 2547 1361 1447 2323 2016 1801 1971 824 727 1483 1773 2759 2422 341 2238 2190 1103 1795 1353 683 1224 2129
2011 645 445 2840 1552 1253 197 1054 1029 2735 1679 2707 1623 463 134 2375 1444 440 1649 2289 735 2050 1663 947 1328 1045 169 433 1860 319 1993 2130 1895 2650 2088 769 1840 2287 1544 1496 2241 563 1617 2556 2767 2836 2837 51 2713 2628 161 965 155 2272 2439 1307 1422 1782 562 260 1261 305 2482 1486 550 2815 950 1316 1658 2826 2133 1640 1148 1218 1202 900 518 2631 201 59 712 173 1948 231 1381 1901 1752 486 1437 1453 1636 2538 2454 1775 179 1416 784 2389 1051 1965
67 2583 1810 2509 627 1001 2350 2121 249 1012 202 1075 1406 1944 2294 2728 1055 1212 137 2825 899 447 2766 165 2736 1606 2741 116 2135 2435 725 494 1126 2248 2382 2207 1937 2319 404 1935 2041 2057 442 2719 97 692 2558 1609 1547 1463 338 2305 2292 2842 1195 2683 2291 1825 730 1439 2051 948 204 1076 1899 1874 1557 686 804 2258 1067 2511 1464 1088 1056 1130 1639 246 1223 1379 2813 1134 1110 112 1243 2143 2393 1533 1020 538 2329 1728 2580 24 2708 647 1466 1452 362 2286
268 131 495 1875 290 53 1843 2285 2531 2565 241 452 1503 2142 418 1024 780 653 806 1481 1378 1011 1022 2059 464 52 2244 1789 2715 927 1706 484 534 2765 346 1465 2693 1475 1662 2429 726 840 1655 1831 1262 786 2821 1932 467 207 455 2687 999 2236 1568 2467 2690 2634 61 2091 2301 2470 1500 1062 758 1140 389 1787 295 1274 1813 2407 2806 2396 1281 129 2794 2669 225 2232 1293 239 1097 1781 504 1275 1730 456 363 1273 822 799 33 331 1127 49 1929 324 501 1822
2116 2263 2386 2678 1525 861 2623 1726 1960 1371 2572 1198 2718 2141 40 2522 1280 1013 333 96 644 2807 2562 2401 1336 592 851 2591 2442 2612 2720 1632 45 949 1318 1251 2056 2160 762 1364 1004 1856 335 1596 387 462 894 183 1365 1083 1315 2498 419 2441 1458 309 2079 1064 2733 106 1482 1536 2737 1927 2554 2188 940 398 2230 647 2048 636 2760 971 2278 2503 2153 2761 856 516 2448 300 171 2688 146 2203 189 2111 75 2639 181 1343 43 490 620 343 2080 104 2603 2182
802 2078 142 1492 429 1699 1430 1553 1886 555 1053 1890 2333 2029 868 1236 1256 2267 554 2668 1888 866 878 2380 1562 417 1033 289 886 597 2743 743 2217 1686 1418 427 2415 62 681 332 176 901 1393 2568 361 2108 2423 21 1398 1431 1793 2227 2786 1588 36 733 1132 302 199 292 340 1065 2451 979 536 121 680 2117 988 2384 78 893 193 432 1038 569 1499 1041 500 2090 571 1272 323 2421 2671 1374 2828 1754 640 2038 1668 13 2602 672 2047 377 1399 1429 1268 2539
1944 1055 2294 2728 725 2558 2207 2741 1212 165 2766 899 2135 1606 137 2842 1463 1825 2248 204 1547 494 116 2068 2825 97 2813 1067 686 2511 2435 2057 2580 447 1935 1899 2305 1130 79 2319 2291 692 1937 722 1473 1134 2382 12 246 574 2041 2736 1126 1452 1464 2292 2665 1076 1639 1056 1940 2719 1777 948 1876 1721 2393 2286 974 146 1986 1223 1185 140 442 1874 2809 657 1408 804 2258 864 677 329 2708 526 627 1942 647 1868 2499 2121 2598 790 1771 1677 2440 994 598 2350
29 2320 1149 2533 286 2172 2673 293 2021 2756 967 754 1231 1728 2408 739 213 2787 2224 2024 1719 426 1689 634 1804 707 1448 2143 1597 2615 2430 24 1478 2638 1265 2295 2413 1296 119 184 218 135 558 2354 2472 792 757 80 1984 1383 1849 498 1312 853 1269 520 91 1945 425 232 1722 1529 2296 2281 424 466 1361 926 564 2235 1867 1180 1818 388 1733 364 2390 1996 1533 1451 646 1061 1683 589 2124 529 39 1900 658 436 1798 2054 76 163 727 1637 1326 962 19 230
135 558 2295 757 213 754 1728 1533 2024 2413 1689 2408 2143 24 2430 426 2638 634 1231 853 184 1597 2756 1448 1296 119 1719 80 1383 1478 707 2615 2533 1984 1312 1265 218 2320 1149 967 2472 29 1804 286 2021 520 739 2172 1945 2354 232 2673 1849 388 498 19 424 2508 1269 1898 293 2235 91 2725 1766 1061 2260 792 752 2366 1722 2124 2464 1733 163 2014 473 529 1326 1426 1867 2169 375 609 1529 2128 2566 1889 2277 1093 425 2351 2390 540 466 2404 1801 509 1556 1683
2277 1801 2644 529 1631 2323 545 1394 395 2249 1230 962 572 1798 1898 761 1558 658 898 2579 1334 1087 1683 589 714 1213 374 1306 727 1207 2066 2113 2759 1561 1951 1389 2072 101 251 1175 2242 304 1361 2381 1333 1137 1125 485 834 1427 315 1883 1559 1753 853 2510 2317 1451 783 2547 2546 2178 1106 2504 431 2777 803 1771 364 581 1443 2054 1834 2409 341 1906 1252 789 1300 70 1839 1035 739 1093 1228 1677 2555 1166 1115 2000 63 328 1197 2015 2238 1892 614 737 2784 1759
807 1260 1865 1858 2313 468 1044 759 1188 620 2823 2643 1702 1083 752 181 546 732 372 411 1153 582 6 285 1015 922 2567 1797 1227 750 2171 1217 1603 2810 650 2666 2043 1456 1697 1610 1221 1284 1541 2751 189 1171 2060 1882 820 1761 334 1214 956 761 2816 980 122 2627 229 2118 2261 333 1032 396 22 1084 309 1560 586 1763 2554 38 1892 829 2249 834 419 1884 1723 2153 37 1995 1916 2726 476 1090 2194 1285 298 636 2807 2625 2162 1425 443 2079 205 2216 1677 115
503 633 772 711 1680 2322 1704 1335 2193 2592 602 2052 2764 1111 1332 2250 1117 1746 238 740 261 2144 68 2237 1164 1376 553 587 2199 968 1708 972 2773 2177 699 120 1852 2814 1314 1109 1917 2500 771 28 1010 2181 2099 2527 162 2365 2228 533 2119 505 671 2370 523 458 313 2557 2479 705 1956 507 1532 1896 1774 1563 2212 1182 1327 1955 2552 2819 330 367 2689 2799 2028 963 872 81 1827 1297 235 175 2283 1543 1823 354 849 2265 1991 532 152 2610 2742 2597 2812 2681
2755 2023 1584 2045 747 770 2545 2034 1320 258 2713 1796 2272 1416 2433 1316 1948 2376 2556 1096 1496 1051 715 201 2352 64 48 439 100 2721 1569 194 1490 1261 155 2815 2309 51 1860 563 1453 2628 562 1636 305 1617 1640 712 1649 1218 1586 161 497 463 1417 992 860 1381 2767 2836 1965 168 2650 1029 1054 1369 1993 2289 947 1489 2454 1782 2241 1658 169 1897 179 260 197 2046 2837 1362 735 26 440 2088 2050 2011 1895 1710 1307 1701 1444 1788 1544 2649 1663 1870 1045 2439
1652 912 41 2208 2231 1264 2524 2104 1242 273 716 2692 2205 1684 2298 2517 1215 2619 1349 143 1630 2271 1360 2529 958 2246 787 2158 527 913 386 616 2834 591 810 1615 651 2541 2801 1181 1 352 2460 1572 1129 2185 2675 234 718 2131 638 237 1564 1812 969 1491 996 1988 1440 2530 1837 2635 1514 223 2215 641 697 147 1540 124 918 1618 1520 71 2363 30 557 2727 1863 345 157 1445 1619 1373 879 1803 1509 1497 511 700 961 1081 1411 414 2184 1925 127 2771 991 892
1305 2512 1790 222 1504 1436 850 2218 2362 1933 2071 1638 1052 935 2096 836 1321 2156 2691 2750 2645 2201 1098 2355 2432 2342 1806 1736 1709 2450 755 2446 897 612 2452 1621 599 981 2537 2163 2642 2083 1145 1085 141 2074 461 1023 1717 477 399 217 1233 453 144 437 380 823 1910 177 73 595 2747 2122 396 1903 401 2655 1047 1927 760 2679 1599 2098 2587 816 1337 208 2055 1163 2449 2420 666 894 1661 1632 476 1510 96 2554 2194 99 2519 1628 1160 1183 1976 2427 1872 2829
100 1569 715 2721 48 2034 64 1796 562 305 2545 439 1640 2433 51 155 1453 2713 2309 1490 2376 1496 201 2556 1860 1901 2650 1316 1948 2272 2454 2649 1051 518 168 260 563 1369 26 1096 1416 1658 440 2050 2826 1417 712 348 2439 2241 1617 659 1381 2815 2628 2289 1840 735 645 1422 194 1870 1782 1045 2538 860 1878 1148 1544 1623 2130 1584 231 197 1328 925 1679 1054 2836 2769 169 1218 486 259 550 559 1701 1307 1993 1663 784 906 2088 1710 2707 179 480 1965 1261 2352
6 759 546 582 285 1221 1702 2643 1083 732 1882 181 620 1260 807 1797 2313 1858 1188 1891 468 1723 2816 820 1541 1603 2666 650 2171 922 475 2043 1916 1697 2346 37 1570 750 2810 334 956 2194 973 1153 1763 1605 661 2476 1456 298 2425 2261 1227 1537 1285 372 594 586 1397 1090 1015 1284 1380 636 1082 2807 1865 148 353 122 1139 2179 2502 1761 420 980 2278 2768 2152 98 443 411 1610 476 829 1308 2118 690 1884 2168 2841 1560 2268 1318 281 1979 2677 117 40 1738
346 52 2821 1481 418 2244 786 1465 780 2429 1662 534 484 806 2059 2467 2690 363 1022 1378 2301 108 478 452 402 936 1438 471 2407 467 2505 2465 2765 753 53 1008 2285 389 2687 2470 2398 207 758 225 290 1220 1789 999 726 1787 628 653 840 268 1730 61 1275 1692 464 927 2634 1475 1929 2531 2396 2806 2025 1273 2669 131 295 1831 1918 1024 1706 331 1655 192 495 430 1875 2070 1780 654 1843 33 2236 1026 241 455 504 2794 89 2142 1941 655 1039 1274 1262 1141
419 894 2153 2554 1927 1632 96 106 189 1032 2060 815 1987 481 1171 1214 22 2567 1336 2109 1013 2313 2401 2079 1315 2160 971 2751 1083 2720 2612 300 2705 2048 333 1108 2831 181 1251 1844 1283 620 744 2197 2278 644 2643 468 2152 1703 2261 1364 1797 1286 2841 2571 1702 732 1858 2162 2562 506 759 2425 2502 1768 2807 636 762 1363 1188 309 2188 2688 1661 1227 1288 2442 861 661 1536 6 2194 2141 1727 922 1139 335 1726 387 1995 2726 1318 1749 2761 1153 2386 565 171 1907
2152 2502 941 84 1605 1113 2348 398 214 2841 1866 1139 1602 1371 1953 909 2263 2706 2503 1458 2572 183 2141 1525 1960 1280 1198 1171 2386 2678 236 117 621 1064 106 2608 1199 2115 45 2760 2623 2203 171 22 1726 2522 1214 244 2056 1616 189 744 2182 327 851 2303 1364 1184 1696 2751 2197 1084 1251 2612 1927 1570 2768 1632 23 1205 420 96 2457 2705 40 509 2591 2401 2620 2030 2109 1687 844 1032 957 924 1397 2060 270 1659 1365 1738 2160 300 2162 2153 298 335 2494 2498
1038 1754 2421 1041 1949 1272 2210 2520 13 640 323 2671 377 828 2578 1668 1374 2602 2539 2828 1429 933 672 2428 1337 1049 2629 698 2047 2798 932 1249 56 2221 865 2032 2120 2031 2083 1070 839 1910 1189 1521 2038 2108 729 1329 1553 964 2267 2217 1492 370 1399 142 1430 743 955 176 432 1699 427 2423 429 2786 2333 886 340 979 555 292 2415 1890 802 536 78 868 302 121 1256 1431 2380 199 2117 597 2227 554 2078 1033 878 2029 2384 569 681 893 2668 289 901 2335
702 1830 848 931 903 768 1114 1107 1767 2388 65 2601 502 990 2471 1908 284 1845 2624 1235 1340 126 688 578 297 103 2276 835 1323 1608 250 1310 1720 1821 522 1254 1512 1391 1413 2314 1186 684 1975 2667 767 1839 18 1232 277 601 1759 431 1842 1458 315 973 1753 1125 2 2478 2757 2302 2503 2323 1570 962 2777 1285 2772 2077 2510 2663 395 1397 1989 1938 1165 70 1834 2532 818 1798 236 2056 1035 851 1015 2183 2622 398 2620 2759 191 1460 2182 1390 298 420 1832 2496
436 1900 215 2040 737 364 101 2381 803 2504 989 328 766 2238 341 374 2242 251 2759 2114 407 2579 1427 789 581 962 1230 1683 395 572 1798 2540 1883 1898 1786 1257 1106 926 2644 1091 1971 564 1115 2546 1559 1818 1996 2542 2288 1357 1389 2323 39 777 1451 2495 1361 2066 2113 304 2178 1213 230 1801 529 1300 1306 2281 1951 1180 76 545 2787 1334 483 2000 1175 485 727 1561 1137 1693 589 1353 2656 240 1207 1394 658 2277 614 646 1685 2149 2072 2784 2409 617 751 1166
1487 953 1471 1139 924 941 2494 84 909 594 2841 882 2677 2216 2572 629 1462 2688 1199 2115 1687 2150 335 1232 115 1371 123 1616 2502 750 1541 2359 214 2761 327 2197 1882 2230 2476 1198 1153 2503 2179 1605 2348 2203 334 2278 1866 281 2706 244 2152 1703 762 986 1221 820 1570 1596 1696 1315 1525 300 1502 732 1397 582 1073 387 2768 907 546 1953 971 815 2567 761 37 1987 620 423 1979 420 889 2498 2720 2507 1255 275 2448 270 1113 1757 1661 997 1738 40 2404 851
1697 2268 459 2167 922 1456 1763 1082 1090 37 1380 586 1188 1308 1284 443 181 122 2643 759 2313 1858 620 285 1702 980 732 1797 468 1260 1285 411 650 6 661 1884 546 1221 298 1610 1911 2666 1006 2118 1083 2194 1570 973 167 1015 2171 2043 2810 1723 20 475 1916 1865 1537 582 1227 2168 829 1891 476 1882 2425 820 2476 2346 2791 636 2816 669 2691 281 448 1603 1709 1153 38 2261 275 690 1541 2807 1267 1744 334 1536 396 2623 23 1560 807 1200 5 1080 1502 229
2460 2363 557 1009 2727 837 879 2139 2548 1619 1925 2844 1572 857 2455 687 234 1366 264 969 1375 1 267 2215 2399 913 1520 2484 1776 1238 2833 1684 2189 797 2298 2541 1665 2226 2590 1982 1291 2063 2158 1815 892 667 2662 2330 720 1159 2039 1411 1440 2584 2332 2185 859 349 704 2229 1350 1043 1630 1861 228 2834 352 2092 1863 1360 46 2123 421 2198 342 386 2633 1571 787 299 570 958 2186 2371 1349 1615 2385 2206 1816 2739 1086 551 1522 1446 1824 2635 668 1877 1264 2607
2413 2295 558 135 1448 1383 2615 1728 1265 1296 1231 184 1478 540 80 783 2785 1914 119 1093 1984 218 1945 2441 1312 2111 2756 2190 2202 1689 2472 757 2242 1856 754 983 2745 1996 213 529 232 2827 291 1999 2021 407 341 1533 1535 520 596 695 19 2281 739 1091 1683 424 634 2759 2638 766 310 2644 2408 2143 1176 95 1631 1743 832 707 777 1343 2566 24 967 328 1103 1847 1867 88 1804 617 132 2024 499 1722 426 1476 1597 2547 949 1513 2533 2238 230 2430 1469 1801
1563 28 238 2250 505 2479 1532 2819 849 2181 2365 523 152 2500 458 2552 313 2119 587 972 175 1827 1896 2283 2716 2370 81 734 2527 2689 2674 705 1376 2191 1741 2534 2177 2557 2193 2099 1339 2052 2592 602 2228 1680 696 1111 330 633 847 503 1332 2322 711 1335 354 92 772 740 671 1831 2742 1912 268 1655 2806 726 1704 1708 927 1117 2236 1475 1873 780 1314 464 2059 1789 131 1706 2144 331 532 1730 1281 2681 1037 1746 2764 999 1692 806 2244 452 125 2062 1923 261
1938 1443 1833 767 277 889 2686 1747 2510 431 70 2757 1759 951 1834 2663 2818 2532 1842 2496 2015 18 2 2077 2622 2777 1390 315 1753 2315 1125 1252 2478 211 2702 2772 1557 1980 1460 2561 369 601 1989 1165 2302 1035 2685 1839 990 191 1845 250 2388 1413 461 297 502 1767 1418 571 394 578 702 522 2323 2763 2624 997 1235 773 1906 1340 1608 848 1511 126 684 269 1904 1323 2507 903 1821 2601 2471 1310 2276 1976 1975 1720 1952 1107 768 1326 1548 1398 1986 1114 1065 103
493 1358 1034 57 2174 2004 1234 1861 859 1580 366 2418 280 210 976 2461 1792 1196 570 1930 1392 2125 133 793 1279 797 2672 2374 1665 689 1758 746 1859 2327 1276 1575 2456 1947 2838 1375 1664 1724 756 2184 548 2694 663 294 1765 2330 2186 588 1776 228 2206 1551 857 1072 880 1457 2039 2739 1877 1086 704 2332 1193 1887 1191 158 885 263 2321 801 720 2229 242 77 2581 1043 2356 1350 422 583 1030 1229 2659 2198 1542 287 1432 2123 2590 421 2127 656 934 2703 1345 706
84 941 2152 2572 1616 244 1139 2115 1113 214 594 2348 1371 2502 1605 1602 1866 1458 2503 509 270 1949 2678 1960 882 762 398 300 909 2494 1477 2448 1596 1696 2386 2421 1365 1199 1144 420 1198 327 183 1687 2203 1738 1488 2197 609 1726 2160 2571 629 851 1661 2079 2688 844 1397 2230 644 1400 2768 40 106 986 1953 2498 2620 2706 815 1907 1927 957 1336 1471 2562 1315 2457 785 510 1754 1013 1757 953 2720 387 2591 482 2150 1184 2677 1487 335 2725 1171 123 2761 1038 43
1506 1141 2070 383 2669 654 525 61 192 2025 49 245 2311 1781 252 2794 2396 1356 2280 207 408 1787 225 1780 139 1505 1248 2173 239 1282 625 2164 296 838 2091 1435 209 858 679 1127 356 1598 216 2232 113 1140 1216 2470 822 2137 653 1692 331 1299 1829 1168 455 1274 1262 1124 655 430 1024 1918 1924 1612 2531 1875 1500 2565 1503 1273 27 2467 643 2690 33 268 346 2698 200 1568 1293 2316 2765 2062 1021 618 726 1941 2053 131 495 418 1706 1097 1843 464 52 1438
2437 1057 1836 1672 1749 751 1914 2785 88 2745 1476 1178 2202 1713 1856 1116 1224 2317 1449 2190 1990 1714 16 1483 44 132 2441 824 95 2111 47 2422 683 2523 2129 2700 1678 1176 34 1447 2180 2547 1838 777 576 596 1304 1523 1450 1732 695 603 830 1357 230 1469 2073 376 832 2249 2275 1091 1620 1106 1727 2239 187 1073 441 2096 834 83 1277 2058 2288 1593 1353 2827 2695 2383 60 946 483 761 983 2518 2555 1559 39 1180 2238 104 2641 766 2080 1950 2684 926 1147 2281
203 2749 154 2740 1629 1059 1524 342 551 2468 1811 1803 2444 934 2198 1167 798 2710 1377 1348 2727 1675 1861 1863 1355 307 2127 472 1520 57 242 158 2187 884 2206 82 1375 667 1072 880 2431 160 185 438 1530 2155 1576 1522 170 1716 147 267 2002 2273 1 1078 1086 2595 2548 385 2581 133 1030 1201 1619 1392 1373 1238 2654 287 1807 1071 1432 842 641 1824 2709 1292 130 1826 1291 2371 470 2717 814 1925 668 1947 127 1551 1509 1025 857 1580 1034 741 2771 2460 514 1215
850 2512 2362 144 2691 2355 1911 1504 222 2218 1436 1305 1790 935 2096 1098 2420 836 2201 1321 2645 2432 1933 2156 2750 2318 796 1709 1638 1479 2071 1682 1387 755 2342 1052 599 2452 2446 1200 1736 2450 320 1806 2537 666 399 1380 2642 1267 595 73 380 1510 2587 1085 2655 612 2679 437 1621 208 1903 2074 1676 1233 897 1599 1717 1006 99 459 1163 2593 1090 2268 1082 477 946 2163 2122 823 1145 630 2469 2167 1308 177 981 1763 816 2747 453 1047 629 2722 1628 1697 586 2126
338 730 1466 742 1707 1131 1007 1379 1526 2516 1243 336 1455 2151 1783 2341 253 1645 410 1794 1779 112 811 365 1498 648 1969 1511 248 937 544 2549 1005 1079 2145 2746 1670 610 2377 538 1325 2364 1516 2730 605 1068 2788 1020 1133 2830 2290 1385 1634 1424 2102 406 870 257 709 1527 1309 535 1731 1581 2763 1442 434 749 1138 1110 1094 435 773 1040 678 568 94 2560 1871 843 392 1800 881 2843 2219 855 1894 2299 1732 2243 774 2492 2680 1992 1966 673 593 717 1311 1454
431 2510 70 1839 2757 1753 1759 1125 1035 2777 2561 2772 2077 2478 951 1834 315 1390 2622 2818 1557 2015 1252 2663 2 1842 18 1165 1938 767 601 2302 277 1443 2686 889 2702 191 1833 2315 1747 2685 1980 1460 2496 369 2532 211 297 2276 502 1989 990 1235 250 1845 2471 1608 2601 578 1975 1413 103 1323 1767 2624 1340 2388 684 1391 269 1821 688 1114 1107 126 2161 1511 1720 702 461 571 1830 768 65 522 903 1533 1310 1969 465 1075 848 931 1186 1353 2314 2546 284 1976
2044 85 2501 1934 2411 1656 1102 312 188 635 987 2528 2832 556 2790 1405 2817 221 1644 943 611 547 1926 1386 1319 2300 259 1624 1407 2270 2082 817 2574 1158 1428 1983 1993 2007 2544 1414 1848 1190 2397 2670 1617 219 1422 2826 463 1552 2631 992 1046 1788 2419 2800 1381 1092 2344 2241 518 712 2307 2358 305 659 1796 550 260 2724 1878 562 486 2046 622 2337 1029 977 900 2084 2837 2439 1658 155 4 2424 2538 74 1146 134 1782 1202 2545 1545 1737 911 445 2646 2626 178
982 1470 887 1531 763 2225 2065 748 2792 1667 819 2723 2575 1585 2328 114 1791 2491 2042 916 1579 2778 1578 118 227 567 841 517 2252 1179 930 945 1063 919 1769 2682 1977 639 1354 952 1211 1851 1770 1854 9 928 382 778 2647 1651 2711 2310 998 808 311 1583 2349 1920 579 1210 2379 875 1657 528 25 2559 2459 2618 2729 2097 566 2793 1209 2416 2026 2488 2304 1154 1970 7 923 1368 151 975 1367 492 512 1239 515 1271 513 2658 1528 1566 2462 2081 910 1864 1643 1819
2185 1129 1411 795 2584 143 386 1440 2517 718 2529 1694 2271 1684 958 787 2298 810 1445 2619 638 2616 30 1360 697 1514 71 1446 1294 2524 1630 665 1215 2481 2104 273 1112 2460 2139 1242 557 2801 1258 2833 1925 2363 1939 2246 1619 299 1982 879 2844 1366 1863 1814 641 1270 2731 262 1373 2771 667 2455 1122 2092 264 1009 2385 837 888 969 41 352 1652 1589 913 2371 2727 2484 912 1816 741 234 414 2576 1494 1264 2776 2717 1480 1735 1 1824 342 991 842 1887 1776 1520
1145 2747 2098 1047 612 1023 141 2055 1976 208 595 1510 2587 1872 2655 1717 401 1160 731 453 823 2126 399 1628 2469 461 99 2163 760 981 2775 1599 2636 164 694 174 2074 72 1415 437 2009 1233 156 1784 477 1163 73 172 2722 380 1241 1688 2577 816 1085 460 599 2537 2679 177 2122 666 2274 1100 2829 1808 1404 1903 1089 755 1155 2446 2642 2218 1436 1504 222 1806 2452 1736 2450 2342 1638 1321 1305 1933 2645 2392 1790 2750 935 2071 1098 2201 2420 1105 2355 1614 850 2691
38 1882 1995 956 661 2168 1536 2194 2476 2261 20 1638 167 459 42 636 829 2268 1911 1709 1697 669 115 2678 1456 1153 396 448 2167 1318 2623 1797 2691 1227 2425 1200 476 2573 1082 2197 2593 1806 1267 1525 922 836 2222 1090 1671 630 2096 1108 1763 2432 37 1880 732 1308 2355 2807 1726 850 2342 1098 1205 1170 2201 1380 1387 2572 924 1537 181 935 2313 2645 894 2263 586 1933 2535 1400 2791 2216 2118 1006 2153 1736 2823 2512 620 1032 1286 1321 8 2420 6 1057 690 1221
1525 2623 2263 1371 1280 1084 2678 2572 1198 1726 2116 2386 1205 275 2761 1960 2562 1768 1536 2141 84 2030 1251 2498 270 1083 2720 1866 1364 894 2522 1596 181 1318 2153 2807 1880 387 861 1659 636 419 1802 2442 629 2791 971 96 6 2554 2303 732 2048 644 183 45 2831 1064 1199 762 2612 43 2448 1458 2401 106 2476 2188 281 1108 2688 1283 2348 620 1365 1113 300 1032 2760 1632 2608 1570 189 481 785 2115 2425 1927 2705 941 2168 621 2718 2197 1336 2056 236 2060 327 398
751 1057 2437 1914 1672 1836 2785 1678 2745 88 1749 1713 1116 1224 1732 2202 830 1450 1476 777 1714 2275 230 1856 1147 2190 603 2518 1517 683 1073 1091 2239 187 1620 1178 2441 462 2684 824 2073 47 95 1996 2733 132 1449 1410 576 2422 32 902 917 2495 1120 2129 2525 2033 1523 1382 1838 378 926 393 590 371 1841 104 811 87 2523 2106 2020 2377 1950 2630 2317 596 269 541 1646 2238 564 1195 1527 648 610 695 818 2752 983 1176 441 1990 83 863 1594 404 2383 2111
783 1093 949 2737 1343 407 940 2827 1004 2441 341 1914 1856 983 1103 2112 1999 617 2242 310 2785 2111 2202 95 2190 596 2745 1996 2114 777 1773 540 1683 1224 1898 1091 198 88 1743 1561 695 2422 1631 1693 1795 1434 2542 766 2180 1535 230 1176 1476 132 2116 1116 832 1847 2413 63 1713 2238 2386 462 328 1838 2718 2022 1714 1161 2317 1513 516 75 1447 1019 1672 1785 2523 149 47 16 291 1801 1298 2547 2585 2733 60 44 2759 2129 2644 576 581 1846 1482 558 2281 824
887 1531 1470 2792 748 118 819 567 1585 1667 1791 2575 2065 2778 1354 919 2328 952 1769 2491 1579 930 114 2304 2723 515 923 1851 841 1179 9 1770 808 1977 2682 1063 311 945 2379 1578 875 982 1210 998 1651 639 2647 1854 2349 928 2793 975 1154 2559 579 492 2416 25 2618 2711 1211 2459 1920 382 778 566 1209 2488 151 1368 1657 7 2729 2097 2026 528 2252 513 1271 1367 1583 763 2310 2225 1239 512 517 2658 2042 2074 916 1970 227 1528 1599 1643 381 1519 1566 399
887 2328 2491 2682 1578 1179 945 841 1651 1579 1977 1063 2252 639 2647 1920 1531 1470 9 1770 114 2723 748 2097 2792 1667 819 2042 916 1585 2575 1791 118 1211 1769 919 2778 1354 998 567 952 982 227 930 2065 1583 1851 515 517 2379 928 2729 2349 2459 2225 2304 763 311 1657 923 579 1154 875 778 1210 382 1368 25 2416 2488 492 1854 1528 2026 2310 566 975 2793 1367 2711 2618 808 528 1239 2559 1970 512 1209 151 7 2334 1643 2462 2081 1819 1864 513 910 781 2658
783 1343 949 2737 940 1004 2112 1999 2827 1103 2441 983 617 310 1856 1434 2111 198 1693 1561 75 596 1743 2190 2497 2542 1914 95 341 2745 695 2242 2202 2656 2149 1773 2785 1535 1161 60 149 1176 832 132 1513 407 1093 1091 1304 1795 182 1298 2016 88 1334 1760 1593 2129 63 2413 364 1847 803 1019 1197 766 2644 2238 2547 1996 989 1116 1672 1230 328 954 1971 737 1713 824 291 395 2022 2040 1683 581 2114 1712 1685 1476 1786 374 39 1224 529 1785 2113 962 2281 2323
2210 2520 640 13 1272 1041 1754 2421 1038 2671 1949 323 377 828 2578 2828 370 2602 2047 1374 672 1668 1189 56 933 2629 2539 2032 2428 1429 2038 964 1337 2798 2221 2031 1399 2120 2423 2415 743 1070 2568 332 554 681 1890 427 2387 2217 292 289 555 417 1562 2029 176 340 1553 1033 729 62 868 361 302 1952 597 429 1888 2267 878 865 2380 142 1430 1686 886 21 1398 893 2668 358 78 1492 2451 2743 1418 802 2786 1793 2808 698 199 1049 121 988 2335 901 1521 1266
1328 947 1444 1993 2241 712 1617 1045 1663 169 1782 2836 1422 2837 2050 735 1679 1552 2840 2707 1623 197 445 2826 900 2011 2130 563 260 1437 645 463 259 1710 2767 1486 1307 2454 1054 480 550 1369 1649 2649 1489 2289 179 2082 1658 1381 440 51 221 1878 2270 1860 518 2769 1796 635 1218 1934 312 1544 2439 2628 2133 155 2714 134 2088 1926 556 1253 2544 1102 188 2375 943 348 1123 860 2501 1895 2538 925 305 1405 1788 559 978 1840 769 1386 987 1948 26 2832 2397 1148
399 2074 73 1599 437 1233 823 380 2163 981 1628 453 401 1510 208 2587 595 2469 2126 731 1717 2655 1160 1872 99 760 461 141 1145 2055 1023 477 2009 2636 72 1784 2122 1085 164 460 172 816 694 1047 1903 2098 2679 177 156 612 174 1163 2577 2829 2722 2747 2775 1976 222 1415 1504 1241 1436 2691 1479 1682 2274 850 2355 2218 1808 320 2512 1098 599 1688 1321 2362 2537 2750 755 2318 2446 2262 1305 2201 1676 2420 2432 935 2645 427 1154 2642 1100 1155 144 1404 1790 451
2043 2810 2171 650 2666 2816 1697 1153 1188 1891 411 922 807 1916 2346 1456 759 6 122 1882 582 2643 1284 1723 285 1858 475 468 1221 1260 546 1702 1763 1865 1083 1603 732 1227 2261 1797 820 2313 829 620 1541 661 37 1761 2194 181 1610 334 669 956 2476 2168 2841 750 476 1090 980 372 1139 1015 1884 5 2278 1537 2425 1560 1515 38 1696 2167 1082 2706 229 1768 2048 586 448 971 2677 1844 636 1995 459 1308 2118 1401 2720 997 1953 2688 973 2807 42 619 443 1904
2437 1836 1672 1749 1057 44 16 1483 1914 1447 2317 2785 1469 376 1178 2202 1449 2745 1476 88 1304 1856 1990 95 824 60 2190 1224 2441 1116 576 751 1103 1713 2547 596 47 761 1727 230 1714 132 2700 2058 2555 1523 777 2249 1678 441 683 2111 1620 832 1091 2080 1482 2695 603 1176 834 2275 1732 1073 1593 1838 2383 946 1535 104 983 830 2827 564 2288 1450 2422 2281 2523 2495 1999 1996 926 483 1277 2096 2180 695 83 2497 2129 1380 1180 1353 1357 269 1183 39 1147 2641
1710 197 463 2840 1045 1489 2836 445 1782 2011 2375 2241 1617 1444 947 1701 712 735 1663 1328 169 2050 1417 2130 900 2837 860 2289 433 440 179 1934 1102 1788 1437 1029 2817 1656 2454 1993 489 1486 2649 1369 2790 1926 2832 2826 1552 817 1422 2397 1307 645 563 221 2082 480 1658 925 1407 943 2501 1679 26 2767 51 260 2270 1870 1649 1381 312 1624 1386 1544 2411 2528 550 635 348 970 1644 1405 155 1752 556 559 134 2707 188 2439 2044 518 2133 1796 2769 1623 1253 1640
2045 611 1319 1584 188 2023 2755 85 1407 556 547 1934 1926 2790 1656 2411 463 943 1102 1386 817 1796 2528 2817 1617 987 1422 2082 2270 1405 221 635 2300 1644 259 2544 2501 312 4 1029 1788 1624 2044 1545 712 747 2545 2397 826 2034 283 860 1993 2832 2358 1146 1428 2564 2344 659 2307 2800 1158 2069 258 1895 1848 2076 2007 197 1414 1417 2454 2837 2419 1552 26 2670 1489 1313 2724 550 1388 1737 2200 977 1369 2652 978 1261 1782 201 1701 559 1307 1316 1208 433 1381 1486
2455 837 1009 2063 264 2484 352 1159 234 1814 1572 1815 913 2833 2731 2092 1589 2139 1 1122 267 2371 299 1238 1291 2844 1520 403 1539 667 2399 1982 891 1349 2576 2727 428 2776 1925 2797 2541 1025 262 1373 741 2269 1735 2771 888 2385 1619 641 90 2215 2158 991 17 1366 2834 1509 2431 2635 1549 1807 2633 1863 1615 223 1660 307 1816 969 2273 1824 1295 1480 2607 551 2189 1622 1571 814 2717 385 879 342 2338 2403 1776 573 2412 1684 226 1994 1350 2206 2175 46 1803 2185
1583 998 1970 2252 778 382 517 1854 2711 2792 2682 1651 1063 567 1791 118 1977 1179 1657 928 2042 1531 1578 2729 1579 2491 887 930 639 2328 916 227 2778 9 1470 919 841 1354 2065 2647 1769 952 1920 808 2097 2379 2018 748 2225 763 2310 2146 945 114 2550 1367 2284 1368 1239 1507 2723 1211 107 982 1851 1770 2793 719 2008 1566 2488 764 2604 1177 1289 1210 2459 819 2361 2414 1271 1667 2349 2019 2304 311 1154 2551 153 875 579 2658 2416 492 25 1585 515 7 1351 2575
1721 1876 1473 2809 12 1055 2499 2766 2728 2294 140 1944 1868 598 1452 864 2068 508 531 627 994 526 2580 2315 2622 1439 608 601 67 2719 1998 2558 1125 2207 1753 2292 447 116 1677 431 2319 1725 2825 2041 2051 2685 1165 165 1463 494 1067 97 1557 1942 1408 692 1390 1547 2435 274 271 1027 1130 722 2037 2440 2057 2736 1935 442 2665 939 2757 2741 725 315 790 2286 2445 70 2702 1076 1980 368 2511 1056 444 1759 79 1842 1126 191 2302 2598 2436 1606 686 2683 2510 18
2467 2690 2821 346 363 402 936 108 478 753 471 1438 52 2505 2465 2407 2398 2301 786 1008 1220 628 1481 418 1662 2244 484 1465 2429 1022 1378 1692 2059 780 534 430 806 2765 467 758 389 452 1918 1048 840 2634 1730 1275 2687 331 655 2611 2285 1929 138 53 1612 207 1787 2632 290 504 1026 2669 2806 1822 999 1273 295 225 643 1097 1789 2025 61 1143 113 1756 2070 89 726 1140 464 1018 1039 782 654 1706 2531 2470 2142 1124 1293 241 1024 1118 268 192 1506 653
67 2583 1810 627 2509 1001 2350 2121 249 1012 202 1075 1406 1944 1055 2294 2728 1212 137 2319 338 494 2748 442 116 2766 165 2135 2305 1243 2741 730 1869 2248 1379 1126 899 2382 1606 112 2719 97 2041 2057 725 1120 1937 1547 1131 686 2518 404 2842 692 2736 2329 2598 2292 2701 1195 1130 2825 2683 1935 1076 1959 1067 1110 2151 1020 1463 804 1147 2291 1609 881 876 2435 1678 79 1466 2746 1969 1557 2558 1670 447 2302 811 1639 2621 1886 2286 2290 1165 191 359 2251 2207 246
1721 2809 1876 1473 12 274 608 994 2435 864 1725 368 526 444 2499 2438 1439 2779 2683 1899 682 394 1931 637 677 939 2051 2657 1592 2057 1906 657 598 1035 2708 1027 2561 1879 531 1433 494 790 508 447 146 1677 627 2617 2625 1892 2526 1711 67 521 2766 2510 140 2569 2037 2580 1881 1868 2308 1839 2704 2589 574 990 2291 1817 2719 2440 1998 136 1125 1886 2622 2736 692 2712 2762 18 2829 1902 2507 491 1976 1555 2639 2292 2599 1443 1185 1942 2077 1150 1908 2757 271 297
1451 1361 2000 1559 2054 727 658 589 614 1175 485 1306 1951 1106 2787 1786 1971 1257 2072 1207 1137 646 1798 44 293 962 1483 2656 1091 1230 803 1334 1672 76 564 483 1389 926 572 39 376 251 1447 1213 395 1019 2288 2495 1357 1115 1333 1180 581 954 2644 291 714 2579 364 1427 2113 1593 1535 2040 1300 789 989 2149 1561 16 1996 1900 63 2409 215 341 2504 2540 1801 1558 374 2381 1743 2066 1818 1693 2784 230 545 1513 2785 2242 436 2323 737 2178 2281 1683 832 1394
1453 2713 2433 1490 1901 2376 2309 1496 2034 201 1796 1569 2721 2545 100 1316 1860 48 715 305 64 2556 562 2272 563 439 1640 51 2826 155 260 168 2815 1965 1636 2650 1148 1840 2088 784 486 1878 231 659 1948 440 2337 2241 1658 645 518 559 1307 2289 978 1416 2050 2439 712 194 1096 1381 1584 2133 2538 445 1437 900 1123 1617 1623 2553 1422 2628 1051 2836 950 2649 550 259 965 1752 735 2352 747 1544 2454 1679 2652 1486 1054 2007 2840 1218 1782 2358 497 1045 769 1369
783 949 2737 1343 940 1093 2827 2112 1004 407 2441 983 1999 1856 310 341 1103 617 1914 2242 2111 1693 2190 1773 2202 95 1743 198 596 2785 2542 1561 2745 1434 540 695 1795 1161 1535 832 149 132 2413 75 63 1019 2114 1513 1176 1846 328 766 1847 1996 1785 2238 2022 1224 1091 1683 2116 2386 1898 88 2129 1685 2497 1116 1476 777 1760 2113 2656 1631 1672 2489 60 558 1713 1593 182 2178 230 364 954 291 737 2016 581 1714 1304 2281 1712 2700 2066 304 2180 803 1213 2422
1967 390 1635 1715 1050 1648 2406 1187 314 1293 1124 1097 1140 1918 2053 1317 1472 1395 1822 2632 782 1756 1755 1018 1037 1612 805 1143 2465 2505 2062 1048 430 2236 478 159 1921 1692 580 655 2061 113 1475 331 1026 643 1647 936 326 799 1568 2402 1118 31 2611 108 2765 2398 2407 753 1972 2301 138 89 471 1378 1662 628 2715 758 721 1216 363 1039 2531 389 1438 1008 1011 2232 1303 1274 2687 999 402 2693 1024 1730 1022 464 1829 1929 1706 1220 1503 452 2806 484 467 27
1349 913 234 1572 1 1520 2541 2215 2399 2158 352 2834 223 1618 2727 1615 2635 307 1540 2339 511 2340 892 2466 46 349 2226 1025 969 1630 1684 961 2298 1360 2246 1291 267 1238 685 1524 1539 958 891 1215 2709 1571 1698 17 2517 2710 2619 1009 837 537 1514 2138 2223 1446 2455 787 2175 638 2372 2253 1815 30 2063 342 195 551 2271 1294 127 1129 403 641 2444 1242 2529 414 71 573 1445 2473 2524 1059 1159 2486 143 810 2338 1939 2662 1270 665 697 1994 1258 1409 1803
1056 1055 2294 1944 2558 725 165 2728 1464 2382 2248 1076 2135 1130 2813 1825 899 2207 1937 2741 2286 1212 2842 137 146 1639 1547 948 1134 1463 686 1126 2825 2393 2511 2736 1935 246 2305 204 804 116 1606 2041 1067 2258 97 2580 692 2057 494 329 1185 1452 647 1899 1940 2435 2068 1841 447 2292 1874 79 677 682 2766 1777 2639 491 2291 2438 2708 1868 1223 2569 2319 140 2665 722 2683 442 362 1592 2719 1986 574 2506 974 2436 657 2598 2733 12 1962 1482 1408 1473 1942 271
2152 84 1113 1371 941 2572 1458 762 1144 1960 2494 300 2571 327 2678 1336 2386 2503 1139 1616 244 2502 183 1013 909 594 2160 2079 40 1687 1315 815 106 2197 482 398 1605 2115 1726 509 1198 621 1927 1987 270 851 2620 940 2761 1866 844 1400 2688 1661 2056 1199 2116 171 1949 2457 2421 644 2348 2720 1696 45 214 1064 1477 1365 629 491 420 1592 1183 1184 2497 2203 971 1171 785 856 2194 1364 882 2448 96 2263 117 2760 2182 2569 1596 2080 2705 1570 2706 1768 298 1632
757 135 558 2295 1533 1728 754 2413 213 184 2024 1689 1231 24 2143 426 2430 2756 1296 1448 2408 634 2638 853 1383 119 80 1312 1478 1984 1597 2472 1265 2615 218 2533 1719 1804 2320 1149 707 967 520 29 1945 739 2021 1898 2508 752 232 286 19 529 91 498 2235 2354 424 2366 388 2172 2260 2673 1766 1849 2725 1722 1093 2277 792 1061 473 1269 2014 2566 1733 2124 293 540 2169 2464 1326 163 1801 1426 375 499 1889 1683 1867 2351 425 609 1035 2390 2128 1529 2561 466
2328 2491 1578 1179 841 2682 945 1651 1977 1579 639 1063 2647 1920 1770 9 2252 114 887 2723 2097 2042 916 1470 1531 748 1667 819 1211 2575 1585 227 2792 1769 919 952 1354 998 517 2778 982 515 1791 118 1583 930 1528 1851 928 567 2225 763 2379 2310 778 2065 2729 1657 311 2349 382 2304 875 923 1210 2459 1854 1154 2618 1367 579 2559 1368 2711 528 1239 492 1970 2026 2416 25 2488 975 566 2793 1643 512 1819 2081 808 910 2334 1864 7 2462 151 1402 1209 1566 2474
2648 2138 511 2820 2466 577 147 223 352 2709 2372 1615 892 2158 1572 46 226 1009 2340 2215 1324 961 2595 913 1540 2013 2834 234 1421 2266 1 1815 1698 1349 969 1270 2455 127 195 1159 600 2253 1803 2619 1520 403 2223 1355 1863 879 1816 1630 1167 1994 2635 2100 2339 2481 267 1622 2710 837 1571 2727 1291 1925 1530 2541 1619 2460 665 1939 1238 2175 1366 891 472 2783 787 1409 1811 1294 1618 2484 160 810 1078 1814 1095 1446 573 1258 551 2104 2616 264 537 667 958 2338
2049 530 607 1604 2093 446 1301 1567 1981 631 1237 2282 2796 1058 2140 1518 451 1290 1017 2064 1909 2596 2660 1879 2392 2357 966 1613 1331 921 1978 1002 337 1119 2543 1614 942 1673 1384 394 2458 2085 662 1742 1705 2369 50 2696 2257 1893 1695 2262 984 487 1000 1739 2664 54 1495 908 710 1681 2782 2600 1853 542 1370 1031 1105 813 660 355 1396 243 791 1906 1508 1676 2803 2259 1287 1554 2682 320 2042 1800 852 2609 360 227 1621 460 1516 1565 1100 2618 2459 288 416 1455
418 1481 52 780 806 534 2244 1465 2059 2429 484 1662 346 786 2821 53 2467 452 2470 726 1378 2690 268 1789 131 1475 2285 290 1022 464 999 363 653 2301 1875 1438 207 927 2765 471 1831 225 1655 2687 467 2407 478 1706 2531 402 936 1787 2236 2693 1273 1275 1024 1008 2505 108 61 2465 389 1692 455 758 2715 1730 495 1262 2396 840 331 1929 2806 1843 753 1220 2669 295 1918 1568 241 1503 2565 33 2398 1506 1140 2070 2698 192 1822 655 1216 654 2025 1097 838 1780
2411 2528 1644 1656 2817 1102 2790 1926 943 221 1934 1624 1405 2501 817 2832 312 2300 1407 635 85 2044 987 556 188 611 1386 1319 2082 547 2270 1146 4 1617 1752 283 1737 2397 2574 826 1422 712 1202 1983 2069 259 1545 626 977 463 1489 2670 550 2389 2826 1045 1993 2200 1029 197 2544 1710 1092 2454 2344 2367 2419 1437 2375 1208 2011 1369 1414 900 659 1552 1796 1782 2800 2307 2515 480 925 2836 2477 860 1788 1417 559 1158 489 2676 1428 2724 1701 305 1381 970 2649 2837
2080 1482 441 2383 1523 2695 575 2754 1691 2019 584 373 845 1016 2395 2550 107 1177 1507 2414 2604 2641 1147 1104 1450 1669 1678 2176 55 2518 397 728 2733 1120 830 1517 462 2525 2106 2780 2684 1382 1169 603 818 2159 1194 1620 187 2447 2605 2630 2166 775 917 1626 993 2360 83 1805 2033 1410 902 2586 2752 2239 2234 1943 863 2368 32 861 1919 279 834 357 590 87 2651 1259 393 2804 2805 2275 1318 1028 541 2563 1732 1950 736 102 1244 2326 379 2802 1192 1809 2637 333
2044 85 2501 2545 1934 1796 2034 562 259 100 155 305 1656 2721 312 2241 2411 1316 1102 1636 1381 2713 1860 715 2433 51 987 1569 1658 992 2826 201 563 1640 2007 2817 2046 2528 556 547 439 2790 1428 2439 659 260 188 1926 2832 1840 1046 1878 2309 1993 1848 486 221 1965 784 635 497 1901 518 1405 943 1782 2088 1617 1386 48 168 2300 1544 559 1422 1586 64 2836 978 2337 900 1096 2376 1644 1552 2631 1983 2358 1158 2272 611 712 2840 1948 2556 445 817 2652 1407 2815
468 2823 1858 752 2313 229 448 1865 1560 1797 2425 2476 1199 1610 759 2197 620 1217 959 411 1188 2643 1907 1953 2612 181 2278 669 807 2498 1015 2562 2720 1153 2807 2150 1260 309 5 980 732 2442 122 509 1108 2457 861 476 43 592 971 1596 42 644 957 2706 2448 1318 2751 1171 1426 1696 997 2169 829 2725 1884 2760 956 1232 22 785 1515 1889 2591 2056 2464 1227 2216 1536 2182 2608 2160 1702 1703 1726 183 1288 1904 387 2503 236 285 1044 38 844 2079 1768 1214 1697
1967 390 1635 1715 1050 314 1648 1140 2053 1124 1097 2406 1293 478 2465 999 2505 1187 1756 1822 331 2765 1037 1475 2236 1317 1918 1755 1395 655 726 936 2407 363 108 326 159 430 580 2062 758 805 1662 1378 1024 1026 467 389 1568 2301 799 452 2687 31 628 2531 1730 484 753 2715 464 2806 1789 1143 471 1706 1612 2634 1692 1929 2632 786 1018 782 346 1472 1438 1008 1216 2398 643 1921 1275 927 2821 1022 1048 2429 89 2611 2059 402 113 455 1831 1503 1647 1220 2061 2467
2164 239 2091 1781 2794 525 2280 245 2311 2173 49 1248 139 654 408 1356 209 383 252 1435 1282 296 625 838 2396 356 192 61 2669 2025 1787 2070 679 1505 207 216 2232 1141 1598 1506 2137 822 225 1780 858 1127 113 653 27 1568 1274 1500 1124 2406 402 1168 1011 1037 1299 2693 1187 1472 1022 1317 495 2236 2053 1648 805 471 1967 1395 1715 1018 782 449 1635 131 1755 2531 1438 936 2301 1829 390 1756 1918 1475 1216 2632 1008 1143 33 806 1612 1140 1843 1378 1048 1647
702 768 903 931 522 1830 848 1107 1114 2667 1767 65 2388 1908 2471 2601 990 1845 1340 502 2624 1235 284 126 578 688 1608 250 2276 835 297 103 1720 1310 1391 1821 1254 1512 1323 2314 1186 684 1413 1975 767 315 2315 2302 1759 2323 2622 601 1165 1390 277 1557 191 2757 973 2702 962 1980 1989 1834 1458 1075 2685 1406 395 18 2015 211 398 2 2663 2620 249 2772 1252 1012 1798 1753 338 1620 1125 2777 951 676 1460 2495 1839 2746 70 67 1832 1418 2077 2299 1538 2532
1221 582 546 807 285 1882 2171 2043 2810 2666 650 6 2816 759 1702 2643 1891 1083 1916 2346 1153 1260 620 732 181 1723 956 475 1697 1188 1541 820 1603 1797 1858 922 2313 468 750 1139 2261 334 1227 1570 2194 661 411 1605 1761 40 98 1763 37 2841 353 636 2807 2152 2502 1696 196 2677 1456 973 372 2278 2476 2048 1865 298 1768 1284 281 1318 2688 629 829 2761 594 1397 776 1285 2425 586 851 122 84 420 1380 148 1199 117 2179 2768 476 1015 45 980 2168 1515
1756 799 1755 1317 805 2061 1647 1395 1967 2402 314 1921 2236 390 721 1972 1475 1635 1715 2693 1918 1303 1050 999 484 1662 806 1655 2429 1831 534 2059 1789 2053 1275 1124 363 1378 927 786 1024 2244 2505 2465 1568 1465 780 726 2687 1929 2301 936 653 108 1140 2531 1273 471 1274 561 1706 2765 2698 268 1438 467 1022 464 1612 2407 1829 402 1472 295 2806 1787 331 412 1037 1039 131 418 1648 782 1730 2406 113 1008 2017 1018 1216 89 33 1875 2632 52 452 346 53 753
418 1481 52 806 780 268 452 534 1465 2429 2244 484 2059 346 53 1662 290 2470 131 2285 1875 726 786 2821 2531 653 1022 1378 2467 2765 1475 999 495 2690 225 1789 207 467 1024 2687 464 2565 1843 1787 2806 1503 927 2301 2693 1831 295 61 389 1706 363 1275 1730 1655 241 2236 1011 840 478 1929 2142 2396 455 758 2407 1262 2634 2669 2505 2715 2465 1692 1780 1140 936 1008 108 1438 2025 471 1216 1568 331 1124 402 2053 1273 1918 1506 192 430 838 33 1039 753 504
860 1417 1489 1701 1788 1710 1870 769 26 2454 2769 1369 161 348 712 2538 2649 433 1895 925 197 2050 2289 1617 1328 2375 1045 1029 179 2011 735 2714 2840 463 480 1782 2721 1569 1796 2836 947 2130 440 2837 2817 562 2528 1422 1407 445 1679 305 1658 1993 173 1649 550 645 2707 817 1313 1663 2241 1934 1627 1926 1644 2650 1437 1656 188 1381 100 2556 2790 611 1545 48 51 59 715 259 169 2544 1624 1623 2397 2646 1444 2389 606 489 1752 2034 1054 970 2045 2300 900 635
1248 239 1435 2311 625 2164 2091 1781 1356 679 525 2794 1505 216 2280 2173 1598 1282 356 209 245 296 654 408 782 139 383 49 113 838 858 1018 2232 252 2070 2396 1472 2632 27 2406 653 2137 1048 1648 1187 1127 822 1506 1026 1787 2017 2062 1961 1021 1967 192 2025 1011 2316 655 2669 449 61 1500 200 1692 390 1635 618 33 643 1568 2053 1141 131 2773 2236 1715 1755 1647 2402 1274 1050 207 31 805 2693 2698 1317 1297 1612 1941 1875 1780 1124 314 1168 1972 1475 268
2066 1213 2113 2178 304 2546 1389 1115 1785 2022 1019 1228 1333 1300 63 545 1685 149 1175 1394 1951 485 954 1306 182 898 1166 1743 962 617 101 374 614 1693 341 2504 727 803 1137 2242 2656 1561 1971 983 407 2040 1161 1230 1513 658 2542 737 1087 364 589 2238 2759 572 2827 1559 1343 1760 1798 328 1773 1883 1712 695 1257 1361 2072 215 2149 1207 714 2323 310 1176 395 1928 132 1786 1847 1683 2016 2409 436 1334 1298 499 766 1106 581 1900 251 2129 1795 2381 2644 789
1545 2389 59 4 1202 312 626 2367 1146 987 2270 2832 85 2082 556 1926 1737 1624 547 1752 2790 1102 1656 1386 2817 188 1405 2300 1407 2411 1934 635 817 950 611 826 1644 221 1319 943 2044 2528 2501 1799 283 613 1422 463 860 1993 2477 1617 2375 2840 1029 1489 1552 2069 2011 1788 259 134 2312 1701 1468 445 1190 2397 2424 1417 1437 1328 977 1623 900 2544 2454 2714 266 712 2515 2631 197 2574 1486 606 735 1710 904 659 2076 2148 1444 2241 440 550 2826 1045 1679 2200
472 1803 2094 1509 1530 991 160 1078 1807 641 551 1059 2385 147 2771 1295 342 1373 127 888 262 1167 2444 2595 1607 577 741 1811 1341 2710 2138 1355 1069 2431 1862 2758 1524 537 1619 667 154 2731 226 1925 1982 1629 961 1421 2749 267 1291 1238 1863 2266 385 1520 2468 2740 2175 2399 2104 17 1735 1540 1025 203 814 352 2340 2371 891 273 2776 1242 1539 1 1081 2797 2619 1215 1988 2455 573 2063 1660 2139 570 428 2727 158 2189 583 2524 1652 879 1828 1814 2635 2811 2456
493 1358 2004 1034 366 859 2174 1234 1196 1861 2461 976 57 1279 2418 1580 210 793 2672 280 797 1792 1392 133 1930 2125 570 746 1276 1758 1665 689 1859 2374 1575 2327 1375 756 1664 1724 2184 2456 1947 1765 548 2694 2838 1776 2206 588 1457 2739 294 1551 857 801 228 2039 663 1072 263 1193 2659 720 1877 885 880 1191 2332 1086 1350 77 1887 1043 2330 2356 2581 583 2186 2123 704 2321 421 158 2590 1542 1675 2127 656 1432 2662 242 287 842 1345 706 1229 1030 2703 438
2049 530 631 2282 1604 2064 446 1301 1290 1518 1567 1058 2140 1981 1237 607 451 2796 2596 921 1017 1909 813 2257 1554 2696 1742 1673 1384 2093 1396 1370 2660 1331 662 1105 1613 355 243 660 337 1614 2782 542 966 1739 2259 1879 710 487 360 1000 2458 2664 1853 54 1681 1893 942 1978 1002 984 2085 1705 2600 2369 50 1695 908 394 2543 2392 2519 1119 2243 1495 2357 1142 1094 2803 1906 2005 2006 2251 1936 1455 2262 1508 800 774 2087 870 1031 678 791 855 2560 2417 1850 2492
1096 1416 1948 2272 2815 1316 1496 1860 1051 1965 1636 2556 2721 2713 1362 715 201 1261 1218 1569 2352 1897 2628 2034 497 2433 1796 1658 155 194 305 562 1586 64 51 2309 100 48 439 2241 1381 563 2545 2376 1901 1490 260 1617 1453 231 1640 659 712 2826 1584 2650 1552 168 2046 1148 1993 319 1840 645 1544 1123 1307 2836 2755 784 1782 2088 559 445 486 992 2553 1486 674 2439 1623 906 1878 2337 978 1679 900 1054 518 1422 2076 1046 2631 547 1045 747 1437 2289 2454 2023
1643 585 196 353 776 98 2081 2474 1819 701 1864 2334 1402 910 2462 781 1625 1042 2103 869 1344 2067 2361 809 2353 381 233 276 2256 1963 515 2027 69 1667 1063 2152 2157 481 748 923 2457 1579 1744 114 2141 609 2304 2723 2459 952 512 9 2026 244 919 998 841 492 1354 945 5 2264 1515 566 1519 1204 2101 2582 25 975 1770 1769 2162 1154 1454 2618 1583 2336 509 1661 528 2803 1272 1470 1171 629 2726 815 2502 206 887 2001 2778 84 941 2682 1949 43 1031 13
937 257 1527 1731 2377 535 1871 1894 1138 406 605 2145 1779 1385 2613 811 392 821 410 1068 365 544 1526 1007 2095 749 112 1707 1040 1110 2549 1800 434 2102 1992 773 1325 1131 336 2219 2843 2516 1645 1455 1498 1079 2763 435 2830 2364 253 648 1783 709 1966 1311 1516 2788 248 2341 1379 1309 1005 94 1133 610 2730 1670 1634 2290 1511 1424 742 568 186 678 673 1794 2746 2299 1442 1020 2196 2560 730 855 519 2417 870 2243 593 1243 717 1969 1466 338 1142 2680 1419 301
239 2091 2794 1781 2164 2173 2280 2232 356 209 296 1282 408 838 2311 139 1248 245 525 822 1435 49 2137 1356 625 2396 1568 653 654 1755 192 113 2693 61 1127 2236 805 1505 252 799 383 1598 1472 679 1475 2669 1787 2017 2070 207 1274 2025 1317 314 782 2406 1756 655 1647 1967 2402 858 1262 1612 27 1506 1018 216 31 390 1692 1635 455 225 1655 1011 1831 1780 1972 1021 1050 1715 1378 2632 1187 2061 721 33 643 2053 1395 331 580 326 1648 2698 1297 2316 1273 806
967 1804 1149 2320 2533 1719 29 293 739 286 2172 2673 792 2021 2296 91 2756 2235 754 1728 2224 2024 1231 213 2408 426 2430 757 2143 1597 1689 2472 24 1984 634 1448 1478 2615 707 2638 2295 184 1265 1312 2787 1296 1533 2413 558 135 240 218 119 2277 2354 1383 80 853 789 1849 658 1269 520 646 1722 1945 498 232 727 529 376 2579 395 1529 2281 1733 2390 2260 2323 589 1867 425 2366 564 424 19 388 2644 1818 2744 466 1401 1898 926 1996 1951 2540 76 1426 483
1045 2241 1617 735 712 2130 440 2050 1782 169 1444 2836 1663 2837 1328 2649 947 179 1649 2454 1422 1840 1369 550 1544 2439 51 1993 1658 925 155 480 26 1381 1679 197 348 1623 2767 2628 1489 2840 463 260 1870 2826 2769 900 1054 1486 1437 518 563 1640 305 1796 2707 1710 2011 860 2538 2289 445 559 1218 2375 1417 645 1307 2817 221 1701 2556 1656 1316 2082 2133 1926 1569 1860 1636 1752 659 2088 943 2270 2652 1407 562 1552 134 1261 1029 2790 1788 977 2419 556 2721 1102
2152 2502 941 84 1605 214 2348 1139 2841 1602 1866 1113 909 1953 398 2141 1371 1171 2263 1525 244 1280 2115 183 2706 106 1458 22 744 2109 1214 2572 2623 1198 2567 1696 621 2503 2751 2203 270 1960 957 2768 1365 1084 189 2386 171 1199 1927 117 420 1616 594 96 2060 2401 2677 629 851 1364 2030 2197 1726 1184 2678 1032 785 924 509 1738 1397 1570 2303 1283 2612 510 300 2498 1632 815 2760 2705 959 1251 2457 2608 2591 844 2160 2688 1064 2562 236 2162 40 1661 971 335
105 2394 1778 11 1946 416 2110 883 664 2711 144 7 1419 1271 808 337 2793 301 1854 1963 243 2331 2353 1170 871 256 2361 151 318 1325 1992 2452 1614 2792 233 94 1442 1077 908 517 1527 1331 869 1155 2147 1002 2734 1138 2718 998 599 1595 1404 1089 1100 1370 1625 778 1152 2537 513 975 1742 382 434 1731 821 2102 2377 1970 666 852 1119 1040 2256 2642 1006 2575 1424 2600 2446 567 2660 2551 1396 1705 1209 1681 2042 1036 1600 1673 1105 2549 1554 2145 2696 1968 916 1978
1982 2139 2371 1925 2844 667 2833 299 2092 1619 2576 2269 1863 2797 879 1549 428 2776 1366 1735 2460 2385 262 1814 1480 1816 557 641 888 1373 1122 2771 264 2484 2455 837 741 2731 2633 2363 1660 2607 2431 991 1009 1539 1509 1807 2063 1589 160 1295 1242 1530 352 267 385 1078 1238 2094 1291 2524 891 226 814 2104 867 2403 2468 273 2412 537 1815 147 577 1421 234 2529 1159 2185 1684 143 1520 90 1338 2727 1607 127 2783 1824 551 1440 787 1129 2206 1572 2189 1 2517 386
1760 149 1019 1712 182 954 2022 63 1333 1298 1685 60 2497 1004 1228 2112 1434 940 1785 2737 75 198 949 614 1343 1103 1632 1304 1999 1213 2152 106 2522 304 2566 424 1927 1749 16 1269 1727 96 2178 2066 1251 707 1867 1364 1529 1722 2502 621 783 815 1661 1795 1064 1483 2386 2203 376 1469 2115 1605 2113 244 2401 2831 1849 1277 1447 214 856 2249 171 1113 2354 1161 45 183 861 44 2760 2591 2390 1336 762 2056 2058 894 997 40 419 1733 335 1773 2054 2182 19 2612
1721 1876 2809 1473 12 864 608 526 2499 994 274 1677 598 1942 2051 394 2766 1056 447 1725 444 368 2435 1439 1555 1452 1931 1879 939 271 1055 2037 508 1892 2683 1944 2440 1408 140 2580 1899 2291 1606 2825 1771 2068 2294 204 2292 1868 2719 2569 1592 692 494 790 1463 657 2728 2438 2842 682 2089 2625 1547 1433 2639 2057 2319 2511 2207 1935 2708 2526 2736 531 2357 686 647 2704 116 2183 2135 255 1906 2813 725 2445 1185 677 146 1937 899 1777 1330 2741 1058 2393 1639 2220
2769 348 480 925 26 2649 2454 1369 1870 550 179 2714 2538 712 518 2130 2050 1422 1453 1901 1045 2826 1617 260 305 735 2309 259 1148 2200 2840 2721 1172 978 168 562 445 197 2358 524 2433 1788 201 2241 1490 2337 440 1860 563 977 100 231 2544 2375 1840 1569 2148 2650 2606 1146 463 900 1878 659 433 1701 1388 1486 1640 715 769 51 2376 784 1437 155 2652 1796 219 1496 1092 559 2088 556 1468 1489 312 1123 1656 1328 2574 1993 970 2011 2289 1934 1552 85 645 2713
1836 2437 1672 1749 1057 44 1483 16 1447 1469 376 2317 1914 1990 1449 1304 2785 1178 2700 2202 95 1856 60 1103 1476 2058 1727 834 576 2745 1593 2555 2441 1224 1632 1277 47 596 88 1535 824 2190 1927 96 2554 761 832 2547 1999 2249 291 1116 894 1161 1795 2497 762 2784 83 419 683 2153 2827 1004 483 1773 1838 1713 396 1513 2096 1714 983 1743 2737 940 1760 751 2111 132 1032 441 1523 1482 1638 2831 75 2383 2080 106 2695 198 1286 205 1176 333 2180 230 1790 1847
2437 1836 1672 1749 1057 751 2785 44 1483 1914 1593 1990 1178 2700 2656 376 1224 1116 16 1106 2202 2745 1535 1447 1713 1786 2317 832 2000 2149 1357 1693 39 1559 47 1714 2288 2441 2190 2827 683 310 1971 1469 1257 1449 824 1856 564 1476 2281 1451 1091 983 88 1180 95 132 926 576 230 596 1361 1818 777 1838 1176 2495 291 2054 2180 1304 1103 1996 2129 2653 483 1743 2016 76 2547 2787 695 1601 954 60 946 1999 2542 789 2523 1161 2518 581 441 1678 1773 792 1513 989
2210 640 13 2520 1272 2671 2421 1038 1041 1754 323 2578 1337 56 1189 370 377 2602 2047 828 2568 1949 1793 2415 729 2335 2798 1374 2828 427 933 672 2539 571 2570 1668 2839 2629 2032 2108 1429 2217 2029 2387 2428 743 901 554 1070 1890 1562 1553 2380 1910 1764 2221 2083 2423 429 868 1065 176 2031 332 2090 1399 417 597 1952 121 1329 432 1266 2120 193 2808 536 2786 1430 988 142 555 1418 839 1256 681 2227 1888 802 2078 2668 1431 1699 292 964 886 2038 289 1686 1492
239 2091 2794 1781 2164 2280 2173 408 245 139 49 209 1282 296 525 838 356 2396 654 2311 61 383 192 2025 2669 1787 1248 252 1356 207 2232 1435 2070 625 225 1127 1505 1506 1141 1780 653 679 2137 216 822 1274 1598 858 113 1568 495 1475 1843 1755 2236 1022 1011 1500 2531 1143 1635 131 1967 390 268 2301 1378 2406 1124 2693 1168 449 1715 27 1472 1299 1216 805 1756 1118 241 1037 1317 1875 806 402 1503 1050 430 1024 1648 2142 484 1262 33 799 782 2053 2059 1021
67 1810 2583 2509 627 1001 2350 2121 249 1012 202 1075 1406 1944 899 1212 137 2741 2294 2135 1055 2728 2766 2825 447 116 2057 1606 2435 165 725 494 2736 2842 2382 2248 1937 204 1547 2207 2291 1463 686 2041 2558 1935 2319 1126 97 2719 1076 404 1609 692 1825 2305 442 1874 338 2511 1195 1088 2683 2292 2258 804 1899 2813 730 1439 1067 1464 948 574 2580 1639 79 362 1134 1056 1841 2051 1130 1223 2329 246 2286 1379 538 2701 1557 2068 1611 1110 2665 2143 112 24 794 1805
1580 280 1034 57 2418 1861 210 570 1792 1665 2004 1392 1234 1930 2125 2174 2461 689 793 493 1758 2456 1859 1276 2327 1575 746 2838 1375 663 1358 1724 1664 294 2330 859 2694 756 2374 2229 133 797 366 704 2186 976 77 1279 548 2672 421 1292 1947 2155 1196 1072 1348 857 1765 1776 884 228 2184 1350 1030 720 2590 1457 1377 880 1576 2332 2198 158 82 287 1086 801 130 2206 1522 2703 2123 242 2662 2039 1887 349 2548 1877 2739 2356 934 1542 885 1 438 1551 1716 1043
982 1531 1470 887 2225 763 2065 748 2723 2792 916 114 227 2328 2042 819 2491 1063 1791 1667 1579 2575 2252 517 1578 841 1585 1977 2778 2682 118 1651 1179 919 567 930 1211 2310 945 1770 1769 9 952 778 382 639 1354 928 1583 1854 998 1851 2711 2647 2097 2379 2349 808 1920 1657 311 579 1210 528 1970 2559 2618 875 2729 1154 2026 7 2793 515 1271 512 25 566 923 2416 151 2304 2459 1368 1367 1209 1239 2488 975 492 513 2658 1566 1528 1058 910 631 2081 2577 2140
1506 1141 2070 383 654 2669 525 61 192 2025 252 2311 245 49 1781 2794 1356 2396 2280 1780 1248 139 408 1505 2173 1787 207 2164 625 225 239 1435 1282 2091 838 209 296 679 1598 858 1127 356 216 2232 113 1216 2137 822 1168 1299 2470 27 1140 1924 1918 1829 1692 1612 1274 1500 653 2531 1024 1021 455 1273 1124 2565 1503 1262 430 331 655 2467 2279 1941 618 449 200 726 1037 2690 643 390 2053 268 2698 1715 53 1635 1568 1875 1472 418 1481 495 290 1961 2693 52
2034 2545 1796 1569 100 48 715 64 1782 2433 51 2713 1640 2836 2721 1328 1658 712 947 1381 2826 1617 1663 2241 169 1444 305 1045 563 155 201 260 2309 439 2837 1584 562 900 1218 1437 1544 2439 1369 2628 2050 1679 925 2130 179 1489 2649 1860 2088 1096 2767 1901 1649 1948 1316 1870 559 1051 1261 1486 1422 735 168 2376 1878 1417 194 1416 1636 860 26 1623 1054 550 440 2023 1453 1840 2707 645 1307 2454 1490 2011 1993 348 480 2352 1710 197 2652 659 1965 2419 2650 259
1801 2277 529 2644 395 1230 962 572 1798 2323 1683 2759 2579 1334 2242 2504 101 374 2238 789 328 1561 766 2040 1898 407 364 341 2381 803 989 251 1883 1900 617 737 436 215 1093 1996 1091 581 1427 777 545 483 240 2114 2542 1394 1115 2540 2784 2066 2546 1300 1353 926 646 1306 1971 1389 564 1175 1559 1213 2113 1951 485 1818 39 1106 2281 1786 2178 695 465 1451 2000 1361 739 431 1257 1178 2422 304 589 499 727 658 2785 2288 230 2656 1207 1176 714 754 898 2149
2018 2146 2284 1289 2008 764 719 2551 1493 190 1534 35 914 1351 1577 1157 723 615 247 303 2824 1403 1772 1915 539 2585 1359 1121 2487 2209 664 1997 812 1204 1128 450 2582 153 58 604 862 212 874 2165 549 2718 1751 2603 206 2485 1595 2453 1347 1583 2110 343 516 1136 2204 1247 66 1970 873 998 2426 2434 2550 2734 632 1762 2361 1507 2254 652 2252 1734 2019 2536 14 457 2792 1958 1745 2233 1063 1177 825 2192 2353 701 2604 107 765 2379 1246 1791 1367 2752 2081 2414
536 1268 121 2090 988 193 569 1588 1132 680 1431 2333 36 2117 1793 886 733 2029 2108 571 2227 866 500 901 332 1418 979 2217 1256 1686 597 1065 432 429 1033 2668 2743 340 1562 176 2384 199 417 802 2786 1249 427 1393 2267 1430 21 2451 142 555 1553 1910 1499 878 1699 1329 2415 1492 1890 2380 2078 2083 964 1266 1952 289 62 554 2038 1764 2335 2839 1038 2808 1049 2568 2570 698 2640 302 1399 2031 2795 1398 2798 377 681 361 2120 292 1374 1668 672 1070 1429 2828
982 1531 1470 887 2065 748 2225 763 1791 2792 118 2328 1667 2778 567 819 2491 916 1585 930 1354 2575 1179 919 1977 759 2252 1063 1583 1578 1769 227 807 952 1579 2682 2171 998 2816 2643 517 2723 1260 2310 841 922 2043 1651 928 382 778 650 2349 1153 2042 2666 1211 1188 9 620 1797 114 6 1227 181 1858 1221 1083 639 2711 2810 1702 285 311 1854 372 945 468 528 636 732 661 1657 2304 1916 2416 1851 411 582 546 2807 1541 2278 334 229 956 1763 1283 2168 1761
2433 1453 2713 1490 1901 2376 2034 2545 1796 100 2309 1569 48 715 2721 64 1496 1316 201 2556 562 305 439 1860 1640 563 2272 51 155 168 260 2826 2650 1948 1096 1965 2815 659 1416 1148 1636 1584 2088 231 2289 559 1840 2352 645 1878 1307 2628 1658 518 486 2439 440 1051 1123 2553 194 1486 784 2241 712 2840 2454 2649 2050 978 1381 550 1369 735 1544 2337 445 2538 2836 2769 1218 26 2714 1437 2023 747 480 2007 197 1782 348 2652 769 1752 900 497 925 1617 1422 1045
472 1803 1509 551 1530 160 1059 147 2094 342 2444 1078 1807 641 1811 991 1524 154 1295 2595 2771 741 127 2385 1862 577 262 1629 2138 1167 2710 1373 1355 2740 2749 888 1607 1520 203 1 1341 1069 2758 2468 1421 2727 961 667 2431 1982 1925 267 2175 307 1540 352 1619 1242 2709 1291 1863 537 1025 1622 2731 17 1238 1618 2340 2399 2776 2371 2139 2486 385 2104 2801 1571 2100 1215 573 226 891 2189 2266 913 2063 1826 1539 1814 2576 234 428 2717 1988 273 2635 1349 600 668
1790 935 2096 836 1933 2156 2071 1321 2201 2645 1098 1709 2750 2432 1305 2355 1052 1638 2512 850 2446 2362 599 222 897 2691 666 2452 1504 2537 2450 2642 1736 2342 1621 144 1436 2218 755 2420 1806 1006 612 630 1145 459 1911 1308 1082 1090 320 2268 1044 443 2167 586 1676 396 1763 1047 1380 1523 2593 1200 761 2098 1387 141 1023 1183 2535 2318 1678 2747 1085 37 73 2249 908 1903 834 1682 205 99 2449 2317 946 1419 661 2627 2695 325 2679 393 2555 8 1456 2194 745 984
1749 1836 1672 2437 1447 44 1483 376 16 1469 1057 2317 1103 1914 1449 1304 60 2785 1999 1535 2202 1990 2700 1004 832 2737 205 291 1856 1178 95 2441 761 2249 1727 1760 2497 1795 1482 940 1224 1773 2547 2190 949 2745 2555 1476 576 2080 75 824 1513 1343 2058 1183 2112 1927 1847 1712 596 2030 198 1632 1867 88 104 1277 1434 1161 96 47 2831 1116 1838 2827 149 1019 603 834 2180 983 2111 1198 1315 2116 894 1661 1205 1013 683 2641 1659 350 1593 2554 63 2386 1336 2791
2252 916 2042 227 2682 1651 2310 1977 1063 1578 1179 2491 517 1583 1211 841 2097 2328 945 1579 1920 2225 639 763 982 2379 998 2723 2647 1368 2660 1239 1367 1657 114 1770 887 512 1851 928 1566 9 2349 2729 1769 919 1585 1531 1879 819 2575 394 2357 1673 1331 2792 952 2026 875 118 2110 930 1470 1667 1614 778 528 1970 1791 1210 1854 382 579 311 1154 2392 1209 567 748 1031 2778 7 1906 25 2711 2416 2488 2696 791 975 2459 1271 2257 813 11 566 515 1354 2793 2618
2185 1129 795 1411 1440 2584 386 2517 143 718 2529 1694 2271 1684 958 787 2298 810 2619 1445 2616 30 1360 638 1514 697 71 557 2460 2801 1215 2139 2833 2524 879 1630 1925 273 1982 2104 1294 1446 1366 1619 1939 1373 299 1242 2363 2844 2092 888 262 1814 641 2246 1122 1863 2771 2385 2731 667 837 991 665 1112 2455 1816 1480 2481 2468 2371 264 2576 1539 1009 1494 267 2484 880 1735 1824 1086 2206 1887 1807 969 1238 2431 158 913 1291 2633 1258 842 1549 1877 1653 2727 342
1439 1931 2183 939 1433 2526 2704 2220 482 2089 2051 2445 2427 255 2291 2057 598 217 1088 1330 494 574 2435 2499 1223 1874 368 1725 1899 2683 531 637 444 647 608 2719 447 2625 2639 521 274 1555 2037 1677 864 526 1408 2657 2292 1892 146 994 692 2207 2440 790 1055 1942 1998 1771 2728 1473 2308 1721 2766 271 1944 2319 12 725 508 2809 442 1876 2294 2617 1937 2712 2825 2736 1639 657 2393 1126 1825 2438 165 1592 619 2558 2741 1962 2506 2813 2589 2248 682 1185 2382 329
2771 2385 262 641 888 1373 1509 991 1295 1807 1619 1925 667 1982 1863 2731 741 127 2371 2797 2776 1735 428 879 2139 1803 2576 1814 2094 2431 1530 2460 160 557 299 2833 1078 2844 1291 2468 267 1238 1862 2092 1589 2269 226 891 2595 147 2363 577 1549 537 1242 2710 1366 1122 1816 472 1480 2403 1629 2524 2444 2412 1811 2104 2455 385 2175 1607 264 90 2484 1660 2607 687 2063 2633 1539 1421 837 1341 273 1069 1520 2529 2517 2189 1355 814 2758 1167 352 551 234 2255 1009 1514
537 2138 2835 1828 405 1530 2614 2094 1078 160 1607 1341 1964 166 2758 1069 961 2738 1619 1925 1863 1982 667 879 1660 1421 2633 2607 1816 641 1366 2431 385 1735 867 2460 352 2371 2385 1480 1373 2771 2486 557 1622 262 814 2731 226 2266 2455 127 2139 577 2092 846 299 1539 472 2833 2100 1446 888 1159 837 1294 1009 2797 2811 2820 991 1291 573 741 1803 2635 234 1238 2338 17 1815 600 2063 2595 403 428 267 264 2484 1509 1814 2412 1994 1520 891 2339 1698 1295 1807 2524
1785 1228 1333 545 1019 2022 1213 2113 2066 2178 304 63 1389 2546 1394 499 1115 1685 954 182 1137 1300 2072 1207 149 485 898 374 1951 1712 1306 614 1559 1087 1257 1558 803 251 1106 1786 1361 2504 1175 1166 1798 1971 2542 962 1451 1760 2000 727 101 2579 714 1928 589 215 2656 2409 737 1298 1334 658 1230 2381 2040 364 572 436 581 2759 1883 2149 1427 1357 2238 1590 1561 93 1900 1801 2242 2016 1693 341 328 2323 895 2644 1743 76 529 989 1346 766 789 2114 395 2129
493 1358 2004 2174 1034 1234 859 366 57 1861 2461 976 1580 2418 1196 280 210 1792 1279 2672 797 1930 793 1392 1665 2125 570 746 133 1758 1859 689 1276 2327 2374 1575 756 2456 1947 1375 1664 2838 1724 2184 2694 548 1765 2330 1776 294 2186 77 720 588 704 857 2123 421 1457 2206 1072 801 228 1551 2039 1350 1086 2739 880 2332 1191 1877 263 885 2356 242 2703 158 1043 1887 663 1345 287 1377 1193 1030 2229 583 2590 2659 2321 1432 1229 2581 656 170 1542 2198 2662 82
2502 2152 941 84 1605 398 909 2141 1113 214 1139 2841 1953 1602 1866 957 2706 2348 509 2457 844 183 244 1889 2115 2386 2464 1696 744 2572 1616 2503 2404 2612 1596 2448 171 2263 1458 621 1525 1768 2562 1171 1960 270 2760 2725 22 1214 1064 1199 1726 2182 2522 1515 2056 2498 2720 106 2197 1364 1280 2591 2608 1365 1371 2751 45 2442 959 2761 1802 2203 2048 815 387 592 236 2807 609 2401 1251 43 23 1632 40 644 1426 2678 1198 2278 1766 2623 510 1927 2109 2188 1283 335
998 1583 2792 118 567 1791 919 1769 1354 952 2065 2778 808 778 382 2711 1854 1970 517 930 1063 1531 887 1470 928 1851 748 1657 227 2379 2729 2252 1579 2328 2682 841 2491 975 1977 1179 114 923 945 2304 982 2793 1667 1578 819 1651 763 2225 9 639 2042 2723 916 7 2647 2575 2349 1920 875 2310 1210 1585 311 1770 1211 579 528 151 515 2416 1368 2559 2618 25 1271 2459 2361 1367 1239 2097 2081 1154 2488 1819 566 2026 2658 701 2353 492 871 1209 512 1864 2474 2334
2249 761 1631 727 658 1361 589 1306 1451 1951 614 1175 2072 2317 485 1207 1137 1559 714 545 2000 1558 1087 1394 2054 1561 1389 898 1334 1798 1801 1230 395 540 1106 2113 2277 16 2644 1213 2785 44 1228 1898 2579 2409 374 2546 1333 1483 1115 2323 1166 1914 572 2178 1786 2066 341 1257 304 1447 1091 1683 63 1178 803 2242 291 646 962 1996 529 1971 1300 2381 2759 76 376 676 1928 2547 88 1019 2040 2238 328 483 1250 2504 989 581 853 2787 1469 1427 1785 777 101 2540
419 2153 894 2554 1632 1927 96 106 189 1032 2060 815 1987 22 1171 481 1214 2109 2567 2751 2705 2313 744 2831 2152 300 1013 1336 1363 2401 1605 1703 1251 2571 333 1288 1315 2502 2197 1364 924 2160 1727 2079 2612 621 762 1661 171 2841 2216 2162 506 2522 1064 2555 1749 834 1726 2726 1139 2678 971 2056 2760 1083 1891 856 2182 1858 2261 2720 1844 565 45 214 644 84 2058 1277 2643 1188 957 183 1227 1471 1286 2048 941 6 1702 1671 468 2188 1283 953 2562 1456 236 1953
1840 1636 1752 1965 1316 2241 312 2826 1658 2832 1496 1381 2836 2439 978 1544 563 518 1782 1878 2556 1901 1123 440 155 2628 2501 1934 735 1148 1437 559 1146 1102 900 2840 221 987 626 1796 1656 2713 2433 260 2790 2817 1860 169 2815 231 1486 1545 1453 168 712 2837 2424 1617 2411 445 201 1422 2309 950 59 51 1045 1624 1307 2044 497 2034 547 1444 1926 2652 1640 2528 817 1948 305 1405 965 85 2082 1407 2367 1096 2050 556 188 1649 2419 674 259 943 2545 1386 2272 1092
956 1541 820 1603 1221 285 750 334 1882 546 582 759 6 2387 807 2643 1260 1702 1083 372 1153 620 732 1797 2313 181 1858 1761 468 1188 2425 829 1697 650 2666 2194 2816 1227 922 661 2043 2171 2476 973 2261 1285 2810 1318 236 1536 45 1891 476 1723 669 1456 475 1763 1844 42 1380 2608 1251 1064 411 1916 2706 2056 1560 2760 2807 37 1090 636 1570 2118 986 629 2182 98 980 1286 1884 2677 2705 1387 1139 2346 298 1284 2278 1267 1015 2080 506 1084 1768 2216 565 882
1752 312 2832 987 1545 1146 4 626 1102 85 2389 556 826 2790 635 1636 2069 59 1316 2270 221 547 1934 2082 1202 1737 1386 950 2367 2501 1840 613 1405 1656 2411 2133 1407 943 1092 611 188 518 1624 2044 2817 1319 977 2300 1926 1965 2241 283 1878 1428 2397 2424 2148 1644 900 2826 259 2528 2544 2419 440 1422 2836 978 559 1552 2556 2007 735 2538 1983 1782 266 563 2477 1486 1496 817 1437 2724 1649 1468 260 169 1158 463 2200 2312 550 2375 2837 1848 965 659 2574 1123
2116 2263 2386 1525 2678 2623 861 1726 1371 1960 2572 1198 1280 592 96 2522 2141 1632 2562 851 644 40 419 1251 45 2442 2401 2056 333 1364 2720 2591 894 2612 106 2554 2807 957 183 1596 2153 2498 1013 1083 2718 1365 1064 2188 2160 949 1927 2203 1004 387 1318 335 189 2448 1336 1458 762 2760 1084 171 2048 1856 971 2230 43 844 2441 181 2761 1315 621 940 309 2278 2503 398 620 2182 636 1768 300 856 2079 1702 2737 1032 1536 516 1199 84 1866 270 2608 1889 2688 1343
1475 1967 840 1843 1813 495 1378 1662 1923 2236 129 1715 131 1062 1929 390 484 1932 501 1635 2687 324 2059 1789 1730 467 456 2301 1275 2765 2429 2531 806 780 927 363 314 1011 999 1022 241 1037 1024 1655 268 2285 1875 2407 1831 452 2244 2806 295 108 2715 1050 1503 1281 534 389 1039 1124 2142 788 53 2091 1568 2053 1755 786 1274 1273 2565 1706 653 1048 464 2698 2505 2465 2634 471 478 628 1465 33 125 1912 1008 418 1756 1026 402 1438 296 758 2764 1612 1282 331
1115 2546 1389 2113 2178 304 2066 1213 1300 1785 1019 545 1951 1333 1175 2022 1228 1306 1559 485 1106 803 2000 614 2504 1361 215 1451 101 63 737 646 436 1786 1230 727 1257 2238 328 989 1971 2054 2040 374 2787 1900 2759 1798 658 364 1683 766 341 2579 962 1883 789 1091 1394 572 2072 2381 1353 589 251 1137 1207 483 1996 1898 407 2644 1427 2242 777 1801 926 395 581 1357 564 2409 2323 1561 898 2540 1685 1334 714 39 293 1087 2288 1818 149 529 1166 2114 2277 230
1749 2555 834 1727 2058 483 1277 1300 1672 1353 2579 240 2437 2784 1801 1304 576 2277 1483 789 1394 1836 1883 761 2249 1161 2785 824 1914 2547 16 1178 44 2288 1091 1804 967 376 251 1469 1513 1593 564 95 766 1996 596 1743 1990 2000 926 2317 545 1180 230 2202 1559 1447 395 2238 2381 1106 2504 328 333 1476 572 1230 2644 777 1361 2118 39 1847 962 374 1057 581 2066 2281 101 341 1176 2546 60 2054 132 1818 1115 980 2745 1798 47 88 827 614 215 1357 1213 803
1328 947 1663 1444 2836 1782 169 1649 1679 2837 1623 1054 2707 1617 1381 2767 712 1045 1658 2241 1993 1544 2130 2011 51 1422 2439 445 735 2050 1369 179 645 440 1218 1640 155 2628 2840 197 1029 2649 463 2454 1796 1948 1870 1416 305 900 925 26 1489 1552 1569 1253 1486 1096 480 1437 1261 194 1710 562 860 1624 2289 635 2826 2817 2411 2714 550 348 48 563 100 1417 1407 1644 817 64 260 2790 2769 221 943 1051 1926 1934 715 2528 1102 201 2650 1840 2545 1405 559 2044
2437 1672 1836 1749 1057 44 1483 1447 16 376 1469 1914 1990 1178 2317 2785 1304 2700 2202 95 824 1856 60 1727 1449 2745 1116 1476 1593 1103 1224 576 751 47 2555 2441 2190 1535 596 2000 1713 88 2058 2288 1773 1161 1999 2547 2656 832 1693 1714 483 1513 2497 39 683 291 983 310 1357 2149 2827 2281 834 2737 132 230 954 1559 1451 1795 1760 940 1743 441 564 1300 1180 1361 1106 1277 1523 1786 1019 1176 926 1678 949 2383 2249 2180 1353 2054 1712 2787 149 761 2111 1004
353 776 98 2474 196 1643 585 1864 1819 701 2081 2334 2462 781 910 1402 1625 2353 233 869 2361 1344 2103 1042 809 2256 1963 276 381 2067 1600 2264 2001 2027 450 69 871 2582 1204 1170 1528 1077 2012 1359 2485 2593 1642 1958 2585 1751 3 2132 539 254 1347 1121 1031 2170 862 303 2047 549 212 604 1772 2391 966 1973 2209 937 434 2157 2204 343 370 2147 247 2336 883 812 723 1541 1519 1946 2458 301 1565 2331 2803 256 2141 2405 2734 2453 710 2718 1667 2369 568 2101
2512 2362 850 1504 222 2218 1436 2691 1305 2355 2342 2450 1736 935 2750 1098 755 2201 1321 2645 1933 1806 2096 1790 1638 836 2156 2432 2071 1052 612 1911 401 981 453 816 1085 477 141 380 177 2163 2679 1903 1023 144 2122 2074 1709 2446 461 1599 2055 2452 1163 1628 399 437 1233 2587 897 2747 599 760 73 1510 1047 595 1145 2829 208 2098 823 1717 2655 1621 2469 320 2420 1976 2537 2642 1006 1155 1784 1160 1872 2722 1100 164 2126 1089 1404 1676 731 325 174 1808 666 460
2648 2138 1159 352 403 577 2455 1815 1939 127 1009 147 1270 226 837 2481 2710 2466 2266 2063 665 2709 511 2820 1258 264 2595 1446 472 2484 1530 961 1803 1294 223 1630 1520 1421 1607 267 2619 1 1355 1572 600 1341 2094 1078 1828 1622 1571 1167 160 1816 1291 1509 17 2616 234 1025 2339 2635 1619 1238 2246 913 1698 573 2399 1925 2431 1615 2223 891 537 1112 2758 1982 1069 2175 1349 2486 2372 2444 1863 195 667 741 846 385 2727 1660 1366 2100 1360 1694 2253 2633 2835 879
2113 2178 304 1213 2066 1389 2546 545 1394 1115 1785 1019 1228 1333 2022 1300 727 1951 1175 658 63 589 485 1306 614 2072 1361 1558 898 1137 1087 2000 1207 1798 1230 149 962 1451 1559 2277 1801 572 714 737 1685 2409 1561 182 2323 341 954 395 1106 2644 215 581 1334 1166 803 374 1631 1683 2242 783 16 2656 2249 529 2114 101 1898 2040 2054 1712 251 436 1900 1513 924 364 1161 1786 2542 2504 132 2149 1605 1257 2759 44 1693 1847 1176 1760 2579 1928 2238 328 1883 1483
2018 2284 2146 2008 764 719 1289 2551 247 190 1403 1534 914 1577 35 1351 723 1493 1157 539 153 1204 2585 2582 1359 1121 303 1915 206 2361 1128 2824 343 1772 862 450 615 604 2485 1997 212 1751 1970 2487 416 1247 874 871 812 549 998 664 58 2603 2353 2209 2453 1136 2718 2067 2434 2550 778 825 873 2426 2204 869 1507 2157 2165 1347 516 1745 2604 276 2536 382 14 288 1583 765 632 2233 2336 337 1595 1246 2081 779 1734 1633 1177 2792 2609 2555 2711 776 1566 2414
582 546 1882 807 285 1221 759 6 2171 2043 1702 2810 2666 650 2643 1083 2816 620 732 1891 1260 181 1916 2346 1188 1153 1797 1723 475 1858 468 2313 1697 956 820 1541 1603 922 750 1139 334 411 1227 2807 2278 2194 661 1761 2261 1605 37 1763 1570 2841 636 2502 2476 1696 1456 2152 353 1865 2425 40 196 1284 98 829 2677 973 2048 2823 122 1768 1397 420 594 1318 1953 1515 298 372 586 148 1015 84 1610 2761 244 476 117 1090 980 2768 2179 1199 2688 941 2168 1171
1967 1635 390 1715 1050 1648 2406 314 1187 1293 1097 1140 1124 1918 2053 1037 1822 2465 478 1317 2505 159 430 1395 1756 331 655 580 1143 1018 782 1472 1755 936 326 1921 805 1612 1026 1475 2236 2062 2632 2765 31 1048 108 1647 2061 1692 1216 799 471 1568 2407 753 2402 1118 1662 999 113 628 2398 363 1438 2687 643 1972 2301 2531 1024 2611 726 2806 1829 2715 1730 452 1378 484 464 1008 1929 1789 758 346 1011 1706 467 721 138 1503 786 2821 389 402 1220 2467 1831 2693
1439 2183 482 939 1931 2526 2220 1433 2704 2089 2051 2445 2427 255 2291 574 217 2057 598 1330 494 1223 1874 2435 1088 2499 2683 531 1725 368 1899 647 2639 146 637 1555 444 447 608 2719 2292 692 1721 521 864 1408 274 790 526 2657 1876 1473 2308 2728 2625 1677 2440 12 1942 1055 994 657 2589 329 725 2319 2438 1639 508 2393 1592 2813 2506 2712 2207 1944 2294 1771 271 2037 1892 2766 1937 2436 1998 128 682 2809 944 804 491 2475 2569 677 1881 2286 686 619 5 1825
2227 2786 979 176 340 1256 332 554 1393 2668 2743 1562 1033 868 2384 2108 289 1888 1065 21 2451 1686 1890 2029 597 886 1418 1268 571 555 302 199 417 429 432 681 292 2423 893 1398 78 142 1266 802 1399 427 1492 1431 36 878 2217 1553 964 1588 1430 2078 1699 2415 2808 1952 2221 1053 866 1038 62 2333 1429 2038 2798 733 1793 2539 536 1070 1132 988 121 2031 1374 2120 2578 2335 361 1329 193 743 2629 2090 2267 2640 2117 2839 377 680 569 2568 2570 901 828 1764
1588 1132 121 536 988 193 569 2090 680 1431 36 1268 866 2117 733 1492 142 2078 1793 802 1699 2217 1499 901 1236 2333 1553 1886 500 429 1430 2267 1053 1890 2029 1256 555 2786 176 332 868 2668 2227 2380 878 2451 1393 1033 21 2384 2743 1038 886 554 597 417 1686 1418 2108 340 427 979 681 2415 1562 1888 289 302 1398 62 432 1374 199 292 1668 1065 743 78 2568 2602 1041 2423 672 1329 2828 2421 361 893 1272 377 2539 323 1249 13 1754 2031 2221 933 2578 1429
67 2583 1810 627 2509 2350 1001 2121 249 1012 202 1075 1406 1944 899 1212 2294 137 2825 2728 1055 447 2741 2135 2435 2766 2057 725 116 165 2382 1937 494 2248 1606 2736 2207 2291 2842 1463 204 2558 1547 2041 1126 1935 97 1076 686 1874 2813 1825 692 1899 2319 2719 1439 2683 442 2305 948 804 2292 1056 1639 1464 2511 2580 1088 574 1223 2051 404 2393 2258 1067 2286 1134 338 79 246 1609 362 1130 24 2708 1728 647 2143 1452 2068 730 1931 135 146 1195 1841 2809 2665 2639
1671 8 2449 1474 325 745 2535 2706 1006 2831 443 1308 924 1315 335 1090 2705 2096 2197 2216 2230 1487 300 935 586 2160 2401 2452 1104 205 2678 1082 2079 1336 459 834 1318 1471 2167 1277 1288 762 333 953 1013 1363 2591 1425 2623 1400 2446 2522 1907 1703 42 1621 1536 1057 856 1523 1458 2313 836 1064 2641 2571 393 2645 1687 1709 728 1380 946 761 2249 2156 149 1286 1449 2612 1044 309 45 1244 1194 1726 96 2268 37 2562 2263 1763 55 2136 2503 1032 1736 861 2555 599
2437 1749 1672 1836 1447 16 44 1483 1469 376 1057 2317 1914 2785 60 761 1304 1103 1856 2202 2249 1476 1449 1178 1760 1727 2737 1990 2497 1183 1712 2555 824 88 149 95 2441 1523 2745 104 441 940 614 2080 832 1535 949 1999 1004 291 2547 1482 2695 834 2000 1019 2190 205 2383 393 2700 1678 2641 576 339 132 1277 2058 1224 75 182 63 728 1073 2112 2275 1361 1343 1979 1713 1116 2111 1244 1451 1394 55 2831 397 2136 1646 946 198 596 1380 603 863 1308 924 2096 1082
536 121 2090 569 988 193 1132 1588 680 1268 2117 1431 1793 36 901 2217 733 866 1553 429 1430 2333 1562 2786 2668 554 1890 555 868 1888 802 2227 176 142 1033 332 2029 1699 2415 1256 2743 1393 1492 427 1686 1418 597 289 417 2078 2108 2267 886 571 2568 1065 21 500 199 340 432 979 681 1398 62 2384 743 2423 361 1053 1038 2380 302 2451 878 292 1249 1329 1886 1499 2421 1754 1272 78 2578 323 2570 1041 893 2839 377 2798 1374 933 2539 1952 1764 1049 828 1429
1553 1430 1699 2217 2415 1492 427 142 2568 802 2078 1793 429 901 2267 2333 555 2380 1053 1886 1236 1890 2029 743 866 1256 868 554 1888 2423 1562 878 1033 417 2668 2743 332 289 176 886 597 62 1686 1393 681 733 1418 292 2108 199 988 2227 193 361 1398 121 1431 302 21 432 2786 340 2117 569 78 36 893 979 1499 1588 536 2090 500 1041 1065 1132 2451 323 1038 1272 2578 2384 680 2421 13 1754 2828 640 377 1429 2221 2539 828 1374 571 1668 2038 2520 2428 672
477 99 760 1872 453 2679 401 1163 2163 399 1628 2122 1510 437 1903 461 595 177 1233 380 73 208 2587 1599 981 2829 1085 823 2074 2469 816 731 2126 141 2655 2055 1717 1145 164 1160 1976 1023 156 1784 694 174 2722 72 2775 2452 172 1415 2098 2009 612 460 2636 1047 2577 2747 2274 1808 1241 1688 2446 599 1504 2355 850 2537 755 1155 222 2642 1100 1436 144 2691 666 1098 2218 1321 2750 2362 935 1089 1404 2512 2342 897 2201 2645 320 1305 2450 2420 2432 2156 2147 1052
1671 8 2449 2706 325 1474 745 2535 2705 2831 300 2197 762 2216 335 2678 1315 2230 621 1605 2079 2572 1380 84 1726 2425 2096 2160 459 443 924 1703 1090 1288 2562 971 586 1336 1032 2313 2401 1458 2167 2591 37 2571 298 2152 1525 644 2348 1979 941 1891 1487 1425 96 1400 1687 1113 1882 2263 1596 2386 1308 2623 45 2612 1064 2188 2522 2109 850 42 189 2841 953 973 1363 1570 744 2503 1139 1371 2498 1364 2476 2448 1927 594 106 1006 1763 1723 1488 1082 2502 1251 1471 171
239 2091 2794 1781 2164 2280 2173 49 408 245 525 139 1282 209 296 838 356 654 2396 2311 61 383 192 2669 2025 1787 1248 252 1356 2232 1435 625 207 2070 1505 1127 225 1506 1780 1141 679 2137 822 653 216 1598 858 1274 113 1568 2406 1011 2531 2236 1475 27 1022 1143 495 1124 1500 1843 1635 1967 782 1168 1755 390 1187 1037 1715 1299 2053 1018 1472 2693 1648 1317 131 805 2470 295 449 430 268 2142 1024 2301 1378 402 1756 1503 1875 484 1021 2632 241 1829 1118 806
285 1221 6 582 546 759 1702 2643 1882 1083 807 732 1260 620 1891 181 1723 1603 1797 820 1570 1858 2816 2666 1605 2502 2152 1188 2313 1541 650 298 468 420 1397 1537 1139 1916 2171 2346 475 941 922 2768 750 973 1697 148 2043 594 37 84 117 334 1015 690 40 1153 1199 2261 2841 1227 2810 980 2179 1502 1979 1285 1738 1456 1884 2677 510 2494 2303 1696 956 1610 1515 2194 1284 244 2521 2109 2118 1080 2620 411 2203 1987 2705 744 189 2476 1171 1763 23 2425 122 2706
1569 100 715 48 64 2721 1796 439 305 562 2034 1640 51 2545 155 2713 2433 2309 1453 201 1490 2376 1901 1860 1316 1496 2272 1658 2556 2241 1948 1381 168 2650 563 1617 1840 2826 712 1636 1051 2628 194 1584 1096 2439 1782 2836 645 231 260 2815 1544 440 1416 2352 1422 518 1965 2050 1045 659 1148 559 445 1993 497 1878 735 1649 1623 1586 1444 2454 2088 1218 978 169 1307 2649 2769 2130 2538 1054 259 784 947 1679 486 1369 2289 2652 2553 2837 550 2337 1123 900 2011 348
2548 2460 1375 687 857 557 1619 2363 1776 837 1925 1009 2662 1350 2590 2189 2455 2727 1861 2139 2039 267 2332 879 2844 1238 1665 1043 570 228 2484 2206 2198 704 1291 797 1982 264 667 720 421 1664 1086 798 1366 1457 1 1724 1520 1887 77 2123 1877 1580 2739 1551 2327 1191 2833 2298 2356 885 2063 158 1432 57 1792 2581 746 859 880 1522 891 1675 210 2229 2330 2158 234 842 2672 2004 801 352 2385 2659 1930 689 1684 551 2456 2215 287 2226 2399 2125 349 1159 1542 892
1453 1490 2713 2433 1901 2376 2309 1496 201 1796 1569 1316 2034 100 1860 2721 2545 715 64 2556 48 305 2272 562 51 439 563 1640 2815 1965 155 260 1636 2826 168 2650 1840 1148 231 1948 440 2088 486 784 1051 194 1658 2628 1416 2050 1878 2289 2241 1096 1218 518 645 2337 978 2439 712 1381 550 659 735 2649 2553 1422 2538 1544 747 1584 1261 1054 2836 1617 559 2454 1307 2352 1623 769 1123 1444 900 445 1782 1369 2007 169 965 1679 1752 1045 1649 1437 1586 950 348 161
2252 2682 1651 916 1063 2042 227 1977 1578 1179 2491 841 1579 2328 2310 945 1920 639 2647 1583 9 1769 887 2225 2097 952 919 763 114 2379 517 998 1770 1531 2723 1354 982 1851 1211 1470 928 2729 930 2778 1657 748 118 2349 2792 819 1368 515 1367 1791 567 1667 2575 875 1585 1154 1239 778 311 1566 1210 2416 579 1854 382 923 2304 2459 528 2488 512 25 975 2618 2711 2065 1970 2559 2793 2026 2462 7 566 910 492 1209 1819 151 1271 2334 2803 2081 781 1528 1031 513
1159 2063 403 2455 837 1009 264 1815 2484 352 1814 2731 1122 1589 2092 2833 299 1291 234 1238 267 2371 1520 428 2399 1 2139 891 1572 2576 667 2776 913 2727 2269 2844 1982 741 2797 1349 2138 1025 1735 1925 90 2189 17 262 1539 888 307 2385 1549 1509 641 2255 2635 1373 2403 2771 573 2486 1619 1807 2412 1803 2215 2338 2710 991 2223 2541 2175 1994 1615 2158 226 223 2717 1571 1863 2094 1295 127 2811 685 2431 1530 472 1622 846 1630 2834 1524 317 1698 2246 1824 1360 1540
537 2138 2835 1828 405 2614 1530 2094 1078 160 166 1964 1607 1341 2738 1982 1925 1619 667 961 2758 1069 1863 879 2371 641 2385 1373 262 1421 1735 299 2771 888 428 2833 2460 2797 2092 2139 1816 557 2607 2455 385 1480 2431 1660 2266 2633 741 2820 1803 577 352 2776 226 991 2269 472 2811 2595 127 2731 1807 2484 1814 2486 1295 264 1549 1291 2576 403 867 1366 1509 1622 2100 1815 1238 837 814 2412 1294 2844 1446 267 1009 2231 1159 1539 716 1630 1589 1939 1242 2338 147 2205
631 2049 2282 530 1518 1290 1017 2064 1604 607 1301 2596 1567 446 1058 2140 1981 451 2796 1237 2093 1909 921 2392 1879 2085 1978 942 2660 1384 966 2543 1613 394 2458 337 2357 1002 662 487 1119 984 1742 1705 1681 2600 2262 1676 1331 1673 1495 1614 908 2696 2257 660 2664 355 1000 1396 243 1906 1739 1554 2782 1370 2259 54 360 1893 542 1621 1853 813 2369 852 320 1105 1695 2405 50 710 1455 1094 416 151 2420 1271 1508 1239 1155 791 870 186 1385 1145 1871 709 2803 1894
1866 909 1953 214 1602 2348 1487 1139 1365 2841 1471 924 1108 2448 2498 644 2442 2562 1596 43 971 1696 387 2067 2197 2188 335 2591 2612 861 959 953 1477 2720 1757 2807 2230 1768 957 1536 1616 956 2141 2386 1907 1364 1318 785 1458 1232 2160 2401 2425 1525 2522 2115 1802 2688 2476 2623 2263 2718 2260 398 2572 1013 45 229 2048 1064 270 516 1251 2823 1889 1280 84 2678 2116 244 1726 1283 669 42 941 2503 585 2079 565 1315 2056 1336 894 2760 2361 2168 171 476 1249 1927
2054 646 1361 1451 2787 2000 1559 727 589 658 1951 614 1306 1175 485 1106 293 2072 1207 1137 1786 1257 1798 714 1971 1389 1115 2409 1558 2546 1230 962 1394 1300 76 1334 2644 2113 545 1801 215 2178 29 1213 304 803 572 1561 737 2066 251 1597 1091 1166 1357 395 436 2323 564 634 1928 483 1333 898 1353 101 2656 2504 39 1019 1683 529 989 1427 1228 2430 1483 926 581 1898 2040 1149 1087 2490 364 341 2024 1804 1900 2540 426 182 954 2288 44 789 2277 2759 374 2149
1967 390 1635 1715 1050 314 999 2236 726 2765 1755 1475 1140 805 2053 1756 1317 1024 1648 1124 1395 2505 2465 2531 1568 799 1187 2406 1918 1378 1097 478 1662 1293 331 758 484 363 1789 108 89 389 2715 1503 2407 464 1706 2693 467 2429 1612 936 452 1022 580 159 31 2301 2059 455 1216 1274 786 471 1273 806 2687 534 1262 927 326 1831 1438 1037 1921 1692 1026 1472 655 346 1655 1822 2061 2806 1008 268 418 643 1829 1929 1465 2698 1018 782 1275 2232 113 653 1730 1647
998 1583 2792 118 567 1791 919 1354 1769 952 2065 2778 778 382 1970 2711 808 1854 517 1063 930 1531 887 928 1851 1470 1657 2379 2729 748 227 2252 1579 2682 763 2225 841 114 975 2793 923 2328 2491 1651 1977 982 9 2304 2361 2723 945 1179 1578 2042 916 819 7 1667 639 875 2575 2081 2349 2353 1920 1210 2647 871 2416 1819 1585 151 701 2310 1770 1271 579 515 1239 311 528 1368 25 1367 2334 1211 1864 2559 2462 353 2618 2658 2459 2474 2097 566 2067 1209 776 1154
645 2011 445 1054 2840 1679 1623 2707 1663 1444 197 1552 947 1029 1649 1328 463 2375 169 1253 2836 2289 2767 2837 1045 1782 2735 134 440 1617 2050 735 2130 2241 1544 712 433 2650 1658 1381 1993 2628 51 319 1422 2439 1307 155 1437 1486 1840 1417 1860 900 965 860 1261 2454 2649 1218 1870 1948 1710 1416 769 563 674 1489 2287 179 2088 1788 1096 194 2826 260 489 1640 2133 562 305 59 1369 2769 2815 559 201 1496 2556 1316 1051 1895 1701 2272 348 550 2084 161 173 2389
2810 2043 2171 2666 650 2816 1891 1916 2346 475 1723 1153 807 1697 759 1188 2643 1702 1260 922 1882 411 468 6 1083 1858 285 620 582 732 546 1603 1221 820 956 1541 1865 181 1797 1227 1456 2313 750 2841 334 1763 980 122 1284 1139 1884 1605 37 1953 2216 661 1570 2489 1846 1150 1610 1537 2502 2261 1090 1696 829 148 1397 2118 1080 2768 196 1288 2230 1232 335 2351 1761 38 2807 2779 420 1703 2194 229 1027 2168 586 636 1082 1250 1326 2179 1015 1515 473 2167 372 594
264 837 2455 2484 1009 2063 1159 1815 2092 403 2833 299 2139 1982 2189 1814 2371 667 2844 1925 1122 2269 2576 2731 428 1549 2797 1589 352 1619 1735 891 1291 687 1238 1350 90 2776 706 267 2356 885 1542 1887 2590 2039 2739 234 656 2215 857 1776 1457 2123 1191 2332 263 1877 797 1229 2486 2321 262 228 1863 2385 913 438 720 2223 421 1572 2338 2412 1698 2635 1551 2206 77 2727 741 223 1520 1043 704 1994 888 2659 801 2253 1622 2703 158 130 1 2158 287 82 349 1432
1896 734 2674 2500 505 458 313 1827 523 2181 28 2283 587 1741 2099 152 1532 2479 2819 1563 175 2177 2119 1339 849 2552 972 2370 2250 2689 238 2365 1376 2527 2228 705 330 81 2534 847 696 2191 354 2742 2716 2193 2557 1680 2764 1708 1117 602 2052 2592 1111 1873 1335 68 1543 2144 711 503 1332 671 1164 772 633 1704 2028 1314 1746 2322 92 261 1831 532 120 553 1655 653 1475 1917 2199 968 2681 1956 1297 131 2236 1109 771 2812 1755 2773 1050 1302 2597 1955 1182 740
937 257 2377 1731 1527 535 1871 1894 1138 2145 406 1779 605 1385 2613 1526 821 811 392 365 1068 1007 410 1800 1707 2095 112 749 1040 1110 544 1645 2102 1992 2843 1325 2516 1131 773 435 336 2549 1311 2830 434 2763 1966 1498 253 742 1455 1379 1783 2788 1309 648 1442 1511 1079 2730 1424 2341 2219 1670 678 1634 2560 610 2364 1020 2680 94 248 673 870 2290 1133 855 1005 1243 2417 709 1969 1516 1794 593 730 1968 2746 717 568 186 2196 1466 1142 1094 2697 2609 1581 2243
1619 1925 1982 667 1863 641 2771 2385 1373 991 262 2371 888 2797 2731 879 2139 1807 1295 741 1509 2576 2844 2431 2460 1814 428 1735 1816 2094 557 2776 160 1530 1078 1480 2833 1366 299 2269 2092 127 2363 1549 2607 1660 1803 2633 1589 226 385 2468 1122 267 1291 1238 2484 1242 2455 2524 2104 537 147 891 2595 1862 264 577 2403 1539 837 2063 814 273 1009 1421 867 2783 1607 90 352 2710 1629 2175 472 1341 2412 1159 1520 1811 2138 2266 687 551 2189 2444 2758 1069 2727 234
1545 59 2389 2367 626 950 4 1752 1202 2270 1146 1386 556 1737 547 826 2082 1799 611 85 1319 987 613 2069 312 440 1407 2148 1656 463 283 2375 1552 735 188 977 904 2840 2832 1029 1934 1624 1486 259 1437 1926 2312 635 2289 2477 2424 2044 1102 1840 1468 2241 2076 2419 1649 169 2826 2501 2652 2837 2790 2300 900 1307 2439 1405 445 1788 134 563 965 978 1663 2817 197 1544 2050 1092 1148 2011 1422 1045 2133 2411 906 260 1895 550 860 1428 645 2088 161 2200 155 2735
523 505 175 2181 2500 28 2283 458 2552 2819 2365 1563 587 1896 849 313 1827 152 2689 2479 2370 2119 734 2250 705 2674 81 1532 238 2527 1741 2534 2716 1339 2191 2177 972 847 2099 696 2228 2557 1376 2193 1680 330 1873 1708 602 1111 1117 1314 354 2742 2764 2144 120 1475 2052 2681 68 2592 1332 711 503 2322 1335 633 1164 452 1955 1831 1746 1543 1655 553 2236 131 2059 780 2265 671 890 772 968 2244 501 2237 129 2594 2306 507 1917 2806 2597 1109 1022 877 740 2199
81 2365 2119 849 2479 2370 2819 587 152 1532 2534 2181 1563 2552 28 705 458 2689 2500 238 523 2527 175 2283 2250 1827 505 2716 313 1896 972 1741 734 2674 2177 1339 2557 847 2191 1376 696 2099 1873 2193 1111 1708 2052 2592 2228 602 1680 330 354 740 1332 2144 1704 1117 1314 92 120 2322 1164 2237 780 771 2742 1746 1010 1692 503 968 418 1481 2764 2690 633 68 2467 2681 671 346 1109 268 534 1831 2244 52 2059 2799 1955 772 504 2505 452 2465 1182 2806 131 699
2567 2751 1171 1214 22 2109 744 1044 1661 2162 2726 1744 1865 2222 957 20 2823 454 2249 2317 167 1546 189 333 1727 186 1995 785 761 1217 897 309 96 2152 144 2404 1032 2452 834 2502 214 807 2688 752 2357 2060 1425 2627 43 609 2555 971 396 406 1133 592 1483 2554 1927 861 1447 1894 2281 2110 2331 2156 2841 1889 419 376 2037 172 1771 1677 106 2392 924 244 1084 1867 2153 1632 1139 1998 941 1469 1371 44 1385 1766 959 2625 1978 2032 2394 1419 115 1892 1280 1200
2510 431 70 1839 1759 2757 2561 1125 1753 2777 1035 2772 2077 2478 315 2622 1390 18 601 1834 1557 1842 2663 2 951 1165 2015 1252 2302 2818 191 2686 767 2315 1938 2702 1443 1747 889 2685 277 1980 1833 1114 990 502 2532 522 461 1075 2496 962 1235 1989 1976 297 2667 2471 1798 2601 2323 1511 1830 211 369 768 903 1801 2161 688 1460 702 2276 578 2299 2577 2624 2746 250 823 1969 2583 202 931 65 395 1845 1418 1767 848 1107 284 529 1608 1510 2644 103 2388 1908 67
2145 1779 406 1385 1871 1992 773 2102 1707 2763 1138 1007 1645 519 1894 1800 2613 742 1731 1526 2516 186 1969 1511 1442 1325 2377 535 1527 937 257 2609 605 248 709 811 288 1466 365 253 338 1424 648 730 336 2095 870 410 1040 2219 1309 94 2341 1455 434 1311 1020 435 1966 1133 544 2830 1783 392 1498 1516 1634 2549 610 2560 2680 1131 112 717 1581 678 2417 2788 1670 1068 673 2843 1794 1110 1968 1094 821 855 2364 2492 2087 1142 774 2746 1573 2006 2697 881 2243 2519
1125 1753 2777 2772 2077 2478 70 2561 2510 1759 2757 431 315 1834 1390 2622 951 18 1557 1842 2015 2663 2 1252 2818 601 1165 2302 767 1035 191 2161 277 1839 2315 2702 1980 1443 369 297 1938 1235 2685 990 502 1747 103 2686 2471 1460 1989 2532 211 2601 889 578 2276 688 522 2624 1323 1413 1114 1845 1608 250 284 1821 126 962 702 1830 1833 1075 1391 1908 1511 1720 1798 1186 2583 2759 768 1340 2667 684 1767 634 461 853 67 1533 2323 931 2299 2496 2746 1810 903 1975
1545 2389 59 4 1202 626 1146 2270 312 2082 2367 987 2832 1926 85 1752 547 556 1386 1624 2300 1407 2790 1102 188 611 1656 2817 1737 635 817 1405 950 2411 1319 1934 221 1644 826 943 2044 2528 2501 1799 283 613 463 1993 2375 1422 860 2011 1029 2840 1552 1617 2069 445 1489 2424 2477 1190 2397 2312 197 259 2515 1623 1468 134 2631 2574 1328 1701 1045 1444 712 735 1437 977 1788 900 1417 947 2454 2241 550 2544 440 1486 2148 2714 1983 2826 1679 266 2837 1307 2133 2076
312 2832 987 1102 1624 1545 2790 85 2389 2411 1926 1146 1656 1752 4 2082 1934 221 2817 556 2270 2300 2528 1407 1644 1405 626 943 635 2501 817 59 188 1386 547 1202 611 2044 1737 826 1319 2367 283 463 2397 2574 1422 1029 2069 445 1617 2375 613 1983 2424 950 1552 2011 266 1092 977 2477 2840 1437 2419 1190 1045 900 197 712 2826 2544 2515 2133 259 947 1468 2200 1489 550 606 1486 2631 2714 2148 1444 1993 860 659 2312 2241 480 1328 1663 1799 735 1782 2837 1414 489
1944 2294 1055 1056 725 2728 2558 2207 2135 899 165 1212 137 2741 1076 1825 2248 686 2382 2842 2057 2286 494 1463 2813 1547 116 1134 1899 2825 2511 1464 447 1606 2305 204 1937 2580 146 804 2291 1067 2435 246 1935 2766 1452 97 2068 948 2041 2736 1639 692 329 79 574 1130 2393 1126 2292 722 2665 1185 2719 2319 647 140 1874 2258 1868 677 2708 1841 1777 1223 2683 2639 1940 2438 682 2436 362 442 657 2569 491 1592 2598 217 2427 1721 608 974 526 1931 1986 67 1473 2583
2252 2682 1651 1578 1063 2328 1179 2491 841 1977 1579 945 639 2647 1920 9 1770 2042 916 114 2097 2723 887 227 1470 1531 1211 748 517 2310 1769 763 2225 998 1583 952 919 1354 982 2778 2792 930 928 1667 819 1791 2729 778 2575 1657 382 118 1585 567 515 2379 1854 1851 1528 2711 1367 2065 1970 2349 1368 1239 1154 875 311 2459 1210 25 2304 528 2488 1566 923 2416 579 2026 2618 2559 2793 512 975 492 910 566 808 2019 2081 1209 7 1819 513 2658 2067 861 1271 107
1681 487 1705 2600 1384 942 2085 966 2543 337 2458 1495 2596 921 1742 1290 1518 2660 1017 2392 1000 1331 2282 1853 1739 2664 360 2696 1695 908 1893 1673 54 710 2259 1614 631 2257 50 542 660 2782 2369 2064 607 852 791 1370 1031 1508 2803 1287 1565 1978 2262 1396 1002 446 1554 1237 1981 2049 243 530 813 1604 1119 984 2796 1301 355 1105 1567 662 2618 1909 151 1058 512 2357 1613 1676 2575 451 2140 2026 566 1770 1779 2559 25 114 1871 394 1271 2723 1879 2711 1385 1209
1054 645 2707 1663 1679 2011 1623 2767 1444 947 1328 1649 445 169 2837 2836 2840 1782 1045 1253 1658 1218 1617 194 712 2050 2628 1552 2130 440 1261 1381 735 1029 1544 2352 2241 197 51 1993 1422 1416 2439 463 2289 1948 965 769 1051 319 1437 1417 1369 161 2735 2454 1870 1486 1860 1307 1096 155 2815 900 2650 2649 1640 201 860 2287 2272 563 179 173 231 1710 2088 260 1489 2133 48 1840 674 2714 2713 1569 2769 1796 439 2826 480 562 559 305 134 715 348 489 2652 433
1125 1753 2777 2772 2077 2478 70 2561 2510 1759 2757 1834 431 951 315 2161 1252 2015 18 1842 2818 2663 2 2622 1165 1557 601 1390 2302 767 191 1035 277 2315 2702 1839 369 103 1443 297 1323 1980 1938 1460 2685 1235 2532 990 2624 2686 1989 211 688 1186 578 502 889 522 2276 1747 2601 1845 2471 1413 126 1391 1114 1833 1821 1608 2323 250 634 2759 1720 1533 2314 2546 962 702 29 1115 1340 1830 2583 2430 1389 284 2667 684 67 1908 1767 2274 853 2496 1808 967 931 1798
499 545 1394 1785 1228 1801 1087 1898 2277 374 2579 2546 2113 529 1213 2178 1115 898 304 63 1389 2066 2759 1883 1685 2238 803 1631 2504 328 101 465 540 766 695 1178 1558 2242 1137 2040 34 341 483 407 1333 2381 789 251 1257 2547 1996 1176 2022 2422 777 1093 824 1971 1230 1353 1306 1561 395 132 1743 1951 2523 2644 658 576 1300 1683 572 2700 364 727 1091 581 240 1334 2323 1175 2542 617 2784 1928 564 485 1166 1714 1900 1427 714 1019 2190 1990 1559 1847 989 2129
1140 1124 1037 2053 1918 1921 2061 1612 1715 1635 1967 390 1647 1317 1475 1756 2402 2236 1395 1216 1829 1972 721 1168 1187 1299 1648 113 643 2406 1472 805 1050 936 430 2465 2505 1692 402 1273 1303 2407 2279 2611 799 1008 138 2301 1822 1506 331 471 1143 2632 1118 1438 1293 1924 1297 363 1755 1024 1127 1097 2531 1048 654 27 314 782 655 1505 1018 1282 49 484 2311 1274 412 1787 478 1662 1781 838 2806 295 525 383 806 408 2765 2070 2164 1568 1356 858 1789 786 139 268
312 2832 1752 987 1102 2790 1146 221 1934 1545 2501 1656 1926 626 2817 85 943 1624 2411 556 1407 1405 2528 2082 1840 4 2300 1644 2389 1316 635 1386 547 2270 59 735 2367 2826 2241 518 2044 440 817 188 611 2836 1636 826 1782 2069 950 1437 1202 1319 1045 1737 900 613 2837 1422 563 169 559 1486 155 2050 1617 712 1965 2840 480 1878 1649 978 2439 550 1381 260 2556 2652 2419 259 1658 2133 925 977 947 2148 1444 283 445 2397 1092 1796 1544 2454 1468 2312 2649 1496
29 2320 2533 1149 286 2172 293 2673 2021 2756 967 213 754 2224 2024 2408 739 1728 2787 426 2143 634 24 1719 1231 2430 1689 1597 707 1804 2638 1448 2295 2615 2413 853 135 558 1478 792 1265 184 2354 119 218 1296 2472 1849 498 1984 757 1361 80 1383 1312 1451 2296 2409 1269 76 1533 425 646 91 364 589 727 2323 1175 1951 1798 658 1683 962 2054 1334 1306 2644 2235 1529 1559 529 436 388 1818 2281 1900 564 2124 520 1326 926 1061 466 395 1996 1207 39 1106 485
29 2533 2320 1149 286 2172 2673 293 2021 2756 213 967 2408 2024 707 2143 754 1728 24 1689 634 426 739 1597 1231 2430 2638 1719 1448 2787 1849 2615 2354 2295 184 2413 135 1804 1478 2224 558 853 1265 119 1529 1296 218 1269 1383 757 792 80 520 1867 2390 1984 1722 498 91 424 2472 1533 2235 1733 1945 232 1312 19 2566 425 2124 1426 2054 2366 2464 1798 529 1361 376 1326 466 2000 2014 564 1451 2281 2296 388 142 1559 1818 2725 802 1061 1492 375 2653 39 609 646
1096 1948 1416 1860 2272 1362 2815 1316 1496 2721 715 1965 155 439 2034 1796 2713 1569 48 1636 100 1897 2556 2241 64 2433 201 51 2309 562 563 1453 1901 1658 305 2545 1051 1381 2650 497 2826 1490 1640 2376 645 445 1586 231 260 659 1552 712 2628 1617 1584 1148 1307 1840 2352 168 194 2553 1218 2289 2836 1123 547 1993 1782 674 559 1261 1045 2088 134 2840 1486 900 486 2011 1544 1319 1437 440 319 2046 1623 784 978 1878 518 556 2439 735 2631 2454 992 2419 965 1679
1115 2546 1389 2054 2178 2113 304 646 2066 1213 1300 2787 545 1951 1785 293 2000 1019 1228 1559 1175 1451 1361 1306 614 727 658 485 1333 1106 2022 1230 101 589 1798 737 2504 436 215 1898 1394 364 1683 989 803 328 2072 407 341 766 2759 962 2238 2040 898 1091 1207 2644 572 251 1900 1093 1801 2430 1786 1883 1257 2409 1996 2323 1137 1561 395 564 1353 1558 374 634 1427 2024 149 1334 1087 714 359 777 1971 1886 63 926 761 1452 2242 2381 792 2579 1804 393 483 789
2471 2601 502 990 1235 103 297 1845 2624 688 126 1323 578 1908 2276 284 848 1186 1340 2314 903 931 1830 768 1391 1767 1413 702 1114 522 2388 65 1107 1608 2667 250 1720 1821 684 1310 1512 1975 835 1254 767 2478 277 1125 1753 2077 2777 2302 2772 1232 1759 1834 315 18 601 973 1165 1916 1723 2757 1839 1842 191 951 1460 2015 962 2323 1570 1458 369 2 475 1252 1397 1285 70 1989 2346 431 298 2510 2759 1015 1557 398 2620 2663 1810 2509 420 2496 803 2532 395 374
865 377 828 1754 1429 2578 2539 1038 2421 2798 729 2629 2520 933 2038 1041 1070 1949 672 2221 1668 2031 640 2602 964 1374 2120 2428 2671 2828 2210 1272 13 2640 1399 358 323 1249 1266 1952 2808 698 1329 1049 2083 1337 1910 932 432 1521 839 2839 2108 340 2786 979 176 955 2227 2333 1553 199 2795 78 302 1256 292 2047 743 2267 893 2217 2384 2423 1430 1888 2668 2451 1793 2335 2117 2032 121 2380 332 2415 2570 868 56 554 1562 429 1398 1686 1189 21 901 427 289 597
2820 2266 1421 1324 2013 226 166 1078 160 2738 1530 2094 1964 577 2758 1814 2269 2473 1828 405 2614 1069 2063 2484 1341 1607 264 147 2371 299 2486 2100 2092 667 2835 551 1122 1618 352 2709 1159 892 1861 2833 837 307 1009 1 1540 1622 57 2158 1863 600 195 969 428 2125 1520 2004 349 1355 2455 689 2223 793 2727 2139 1571 2372 846 1234 317 2340 2635 2844 2213 342 1994 1338 1589 2513 570 133 1792 1862 797 2418 1034 1167 642 1580 2576 1291 1698 1925 2595 1982 958 223
2252 916 2682 1651 227 2042 1063 1977 1578 1179 841 2491 945 2310 2328 1579 1920 1583 639 887 2647 2097 2225 517 2723 2379 1769 114 998 763 919 9 952 1770 1211 982 1531 2729 1851 928 1470 1657 930 1354 2349 2792 2778 118 1368 819 2575 567 1585 1791 1667 1367 748 579 778 512 1854 875 1154 1239 515 2416 311 382 1566 2488 1210 2459 923 25 2026 2304 528 2711 2065 2618 2462 2559 975 1209 566 1970 2793 7 492 151 781 1031 1271 2334 808 2803 1819 1528 513 910
277 767 1938 1443 1833 889 1747 2686 1980 951 2077 1125 1460 2777 369 2478 2818 1753 211 2561 2772 2510 2315 1989 70 2532 1252 2015 1610 229 1834 2702 1891 475 2346 1916 1884 980 1557 1637 2496 990 20 2685 1759 2757 1723 684 1556 1390 2118 1413 1015 502 897 578 1560 2302 1235 2276 1035 688 1165 2705 2620 465 2471 2313 2663 103 744 297 431 1323 2 2624 2622 1456 1858 1082 2609 18 250 315 1061 1844 388 1842 167 88 2601 510 1308 1845 903 2666 1800 650 163 1738
312 2832 987 2389 1752 1545 1624 1146 1102 1934 59 2790 2501 85 2411 1656 1202 1644 626 4 1407 2817 1926 2528 221 1405 635 2082 2270 943 556 2300 2044 188 817 547 1386 2367 611 1737 826 1319 950 283 2069 613 1799 2840 1840 1422 445 735 2826 518 2375 440 1617 900 2574 2241 2714 1552 712 2011 259 1782 1468 550 659 2312 1316 1437 978 2397 2836 2050 197 463 1045 977 2837 2424 559 2439 2133 169 1092 155 1796 2538 2148 2544 2477 2631 1190 1983 480 2419 2200 1444
38 2268 1697 459 1995 2167 1267 1456 2823 115 167 1638 20 1763 2420 1709 661 1806 2425 1082 1090 2194 630 1387 2313 669 1200 829 922 476 181 1882 1380 37 586 2318 1911 956 2476 2201 1797 620 1308 1880 396 1108 2643 796 2432 1736 2168 1536 1098 935 2096 1321 1790 1260 2450 2216 1560 2342 2678 1858 2726 732 372 834 873 1032 1188 869 636 1702 759 2691 2750 1517 1227 443 189 755 122 650 1286 2355 2684 1083 1284 285 42 2426 2645 1145 2060 1625 448 1744 1933 419
503 772 633 711 1680 2322 1704 1335 2193 2592 602 1111 1332 2764 2052 261 1117 2250 1746 740 2237 68 238 2144 2814 1164 2199 2773 553 1708 1376 587 2228 968 671 1109 1297 699 28 2177 972 1314 120 313 1852 2119 1010 1956 2181 505 2500 533 2028 1917 523 1896 1774 458 771 162 2099 2527 1532 2365 507 2557 1955 872 2370 532 2212 1827 1327 2610 705 963 367 1543 2479 2597 1563 2799 330 175 1991 81 1182 2819 152 2283 1135 1823 2552 235 2265 734 2534 2689 1831 2681
2600 1705 1681 942 2085 487 1384 2543 2458 1495 966 337 2596 908 1742 921 1290 2392 2660 1017 1518 852 1331 1978 1000 1614 1695 2664 1673 54 1853 1002 2282 1739 2262 1893 2696 2369 1119 631 2257 50 360 710 2259 542 984 791 660 2782 1031 607 1287 1565 2803 1508 2064 243 1237 1370 1396 1981 1676 1604 2049 1567 320 355 446 512 1718 530 2357 2796 1554 151 1301 566 2618 2026 813 1519 1385 394 1779 1770 2140 2147 416 1058 451 1871 2093 1105 1271 2559 662 114 1077 2394
2533 2320 1149 29 286 2172 2673 293 2021 2756 213 2024 2408 754 967 2143 426 1728 24 1689 634 2430 2638 1597 707 1231 757 135 1719 558 2295 739 2354 1849 1448 853 2787 2413 184 2615 119 1804 1296 1478 1265 80 1529 1984 1383 1269 1533 520 498 218 1312 424 2224 2366 2472 1945 1722 1733 1867 2390 19 91 232 425 2566 2124 2014 1326 2464 388 2235 792 375 1061 529 1426 2508 2725 473 466 1766 163 609 2744 727 658 1175 2054 2078 2404 1798 1361 1951 1886 589 142
1419 301 2331 392 519 2763 1992 937 2145 1527 1077 773 94 2377 648 253 2341 535 2102 406 1131 248 610 1455 1779 1424 538 336 1133 2264 1385 605 410 1309 257 811 870 338 2219 1040 2843 774 365 1634 1138 809 2830 1142 1526 544 2243 843 1094 1546 1783 2087 568 435 1020 1731 1800 730 709 1871 1311 1670 2519 855 2492 1068 813 1966 2516 717 1794 1498 1325 1913 1936 2006 1170 1442 2549 1645 434 1454 2613 1466 2680 2697 2560 1174 2730 1495 678 1707 1581 749 673 1894
557 2460 879 1982 1619 1925 2363 2094 741 1863 888 299 1341 2385 2833 1607 1530 1078 1828 262 405 2662 160 2138 2607 667 1539 2246 1373 2835 2801 1765 1630 2524 2139 2092 687 1069 127 2811 1509 641 2633 2104 2189 2576 158 2619 2758 2771 1735 2797 2371 1411 1816 428 2338 1238 352 273 1366 798 264 2584 1549 1291 2187 1480 2063 1081 2776 1360 2844 1660 1358 537 1803 842 2484 147 577 2269 1497 1242 2327 1215 2431 166 2002 991 2614 1807 961 2185 1675 2039 2206 1653 891 2412
2769 1870 26 348 1369 2454 925 2649 480 179 712 550 2714 2130 2050 1045 2538 735 518 1617 1417 860 2241 440 1489 1422 1701 197 1710 445 463 2011 2840 51 1328 1663 1788 2289 645 1782 2836 305 2375 260 155 169 2628 562 48 1658 947 2650 1640 1840 1649 2837 1029 1569 1796 64 970 1444 2721 2826 1218 433 194 715 1381 1416 201 1051 1453 1993 168 1679 2556 2767 100 439 2088 1486 1948 563 2439 1054 1544 900 489 524 1172 817 1096 2545 2034 1261 2707 1437 2433 659
2294 1944 1056 1055 2728 725 899 2135 2558 2207 2741 137 1212 165 2842 1825 1463 686 1076 204 447 2057 1547 2511 1067 1606 1134 116 2766 2580 494 1935 2825 79 246 2248 2435 1452 2068 2291 2305 2286 1899 2382 97 2736 2041 2813 1937 804 1464 692 722 2665 146 329 1126 2292 2319 1841 1130 140 574 2719 677 948 2258 1639 1868 1874 1185 2708 362 1223 2438 2393 1777 647 2683 442 657 682 1940 2639 2436 1931 2569 67 491 1721 608 2598 1592 526 627 2583 1810 359 2233 444
84 1487 941 909 2688 1462 2572 882 1866 387 971 2498 1882 2359 1139 2677 2494 1596 1199 2476 2188 2503 2194 1371 644 2150 2761 924 300 43 820 281 1541 762 2720 335 2115 2348 1032 2425 2152 1315 750 2562 123 1221 214 270 1687 2160 2197 1616 1458 2278 956 115 815 1477 629 1336 1726 959 1802 2230 1949 244 1471 1761 621 1153 2261 546 1183 1987 2421 2079 582 1108 1283 1525 1768 986 2841 171 1696 1560 327 1757 2448 953 1400 2678 2502 1198 1144 1255 1797 1280 2060 398
540 1631 291 1535 465 832 1561 1334 2323 1801 499 2277 617 16 44 1483 1447 2644 898 529 2785 1847 1346 1230 2242 714 376 395 407 1883 2129 1996 1469 426 1914 1683 1689 374 63 1513 341 485 1207 2317 1898 2066 1928 614 1597 2113 1743 2547 1166 803 1161 2759 983 47 1306 2072 1175 589 1087 545 2409 962 1213 2542 634 93 2579 251 695 1990 2523 1389 1427 2422 1798 1228 1785 576 789 101 1224 1115 1091 1103 853 2295 1137 658 2504 572 2143 2827 596 727 1361 2784
1325 1526 2516 1442 1511 2145 406 1779 1969 1871 1385 2102 1992 773 2763 1707 519 1138 2613 1007 2377 1731 605 1894 1527 535 2095 186 1645 1040 1670 365 257 435 730 1966 821 544 1068 1309 811 2087 94 717 2680 410 937 1800 1498 1311 1634 1424 338 2560 673 2492 2830 112 2730 1573 1783 870 774 434 288 1142 800 2243 2697 2788 2519 648 1466 1581 2549 1020 2299 1913 336 2006 1455 749 593 248 2609 1110 1968 1094 2196 1005 855 2746 678 1133 1936 881 709 610 1174 1454
1568 2232 455 1262 822 2137 2470 1140 1967 1506 1635 390 726 464 799 314 1706 1715 1024 1282 999 2531 408 1274 2236 2765 61 296 838 207 268 1216 1050 1127 113 1475 654 2715 653 1875 131 2396 927 1831 49 1787 1503 1505 225 383 2794 1789 2693 356 1655 525 331 2025 1829 2070 209 245 806 2669 2059 1273 1755 2280 1781 1124 484 1011 1780 2173 1378 239 418 1662 139 1929 192 452 2301 2142 780 1756 2407 1918 2698 655 1275 1932 2053 241 2429 1141 534 2091 2244 1730
1049 698 932 839 1521 955 1038 1754 2421 1041 13 2520 1272 2210 1949 640 1249 323 377 828 2578 536 2047 1910 933 1668 2083 121 370 569 672 2602 2828 2629 2798 2671 1189 1374 56 2539 1132 1429 193 988 729 1337 680 1588 865 1329 2120 2032 2428 571 743 2090 2333 964 1431 2038 979 2640 2031 36 1070 432 2423 866 292 176 332 2839 2267 2451 2221 340 78 1399 2380 2117 1686 733 597 302 681 1266 417 1268 2227 429 2335 2786 21 2108 2808 289 1033 901 1793 1553
505 523 2500 2181 28 458 175 2283 313 1563 2819 1896 587 1827 849 2479 2552 2365 2119 734 152 2689 2370 2250 238 2674 1532 705 81 1741 2527 2191 1339 2534 2716 972 2099 2177 1376 847 2228 696 330 2557 2193 1680 2052 711 2592 1873 354 602 503 633 1111 2322 1708 772 2764 1335 2742 1332 2681 1117 120 671 1475 1831 2236 261 1746 1543 2597 1655 2144 1314 1164 68 2812 92 131 653 2199 1991 2773 740 890 1974 872 1917 367 1297 507 2265 1955 1302 968 2774 1109 2806
712 2836 1710 947 1444 1045 1782 1328 2241 1489 1663 1369 1617 2050 169 2837 735 2130 2649 1417 1701 925 2454 179 197 860 1679 1649 1870 26 348 1437 2011 900 440 2767 1422 1658 1623 445 1381 1054 480 2832 2707 2790 1218 2840 1486 1544 1102 2817 1934 221 463 1407 1656 1993 2528 1926 817 1644 2628 645 2769 2714 2439 1307 51 312 1624 559 943 550 2411 2826 1796 1416 155 2289 1840 2419 1261 1405 2375 2300 489 260 194 1545 1788 626 2397 563 1552 1752 635 1208 1948 188
1482 1357 2288 2080 1818 564 39 2281 230 2495 926 751 1523 441 1106 2114 1786 1180 2239 2695 2383 1559 777 318 2000 1257 1091 1036 581 76 1971 1943 1152 917 2824 55 2073 2204 946 379 541 1451 1304 615 2605 1593 1476 2497 1192 1014 1538 2641 75 1950 1361 824 187 215 862 993 469 728 1915 2202 549 373 1116 83 845 1713 920 1595 2176 683 2734 2033 117 87 339 397 737 1919 1996 47 198 989 1714 2437 834 590 2745 1693 436 1577 2699 902 321 1077 1194 1751
312 2832 987 2411 1934 1102 2501 2790 85 1624 2528 1656 1644 1405 221 2817 635 1407 1926 943 1545 556 2044 1146 2082 2389 2300 4 1752 188 2270 626 817 1386 611 547 59 1202 1737 826 1319 283 2574 2367 1422 2397 2069 445 977 1983 463 2312 266 2515 1617 613 1468 2424 2375 2826 1552 2840 1092 2011 2477 2200 1029 1190 2714 2419 2544 2148 1437 2133 659 712 197 2631 559 900 1486 2837 950 1489 489 259 1045 1782 550 1799 2652 606 1253 978 1663 1172 947 169 970 2084
1588 1132 121 988 193 569 536 2090 680 1431 1268 36 866 733 2117 1793 1492 1699 142 802 2078 2217 901 1430 1553 2029 2333 429 1890 555 1499 1256 1236 1393 500 2267 2743 1886 1033 332 2668 878 886 868 2451 2384 176 427 1418 21 2227 1686 417 1053 597 979 2786 554 1562 2415 2380 289 681 1888 2108 62 1038 1065 340 1398 1249 199 302 361 2568 432 1668 1041 1374 2602 292 2423 78 672 571 1272 2828 2421 743 1329 893 377 213 13 1754 323 933 640 359 24
687 2189 264 837 2455 2484 2063 891 2662 1375 1665 210 2844 1861 793 299 1009 2418 2797 2833 2269 857 2125 1982 2371 1034 1350 2461 57 570 2092 90 746 689 2576 704 667 2403 2327 1159 228 2139 1551 1580 1122 1925 885 280 2332 2039 1234 1859 2123 2548 421 1291 352 1238 1776 1930 1664 403 1792 77 2206 1724 1619 2004 1043 2229 1358 2356 801 1542 859 741 2776 1276 2694 720 1457 1575 262 1191 1520 1877 2198 2255 428 1509 1432 2731 641 158 366 1814 756 2739 267 287
2502 2152 941 84 1605 2841 909 214 1139 1602 2348 1953 1866 2706 2141 957 1113 1171 2404 22 244 2751 2109 744 1889 398 1214 2464 2115 2572 1371 621 2567 844 509 2197 1696 1661 2612 183 2457 924 106 1616 1525 1927 815 171 2562 2725 1365 1960 1632 609 1280 1596 1726 96 894 2401 2386 1766 2448 2591 2153 270 2720 2203 2162 2263 1199 2522 1760 43 1515 1659 1768 2623 971 40 419 2116 335 959 2768 2761 1364 510 1712 2498 953 189 2230 2056 592 420 1064 1434 1987 1458
1908 284 2601 2471 502 990 1235 1845 2624 688 65 297 103 126 578 1107 1323 1340 2276 1310 1512 903 768 2388 848 1254 931 1830 1767 702 1608 1114 1186 1720 2314 1391 250 1821 1413 522 684 1975 835 2667 767 2079 1458 277 1844 205 333 1013 1277 2503 1286 1523 1015 1336 2702 2160 2831 1315 2401 1834 309 2080 2571 2685 506 2772 2136 398 1980 37 191 1753 2015 973 2777 1364 1232 2478 1125 951 2705 2315 1252 1907 300 1104 2496 2058 2268 2425 459 1300 1130 1064 2167 2695
607 631 2093 2282 1518 2049 1290 530 1017 2596 1604 2064 446 1301 1567 2796 1981 1237 1058 2660 2140 451 1909 2392 1879 921 1384 942 2357 2543 1613 2085 1742 337 966 394 1002 662 1331 487 1119 1681 1978 2458 1705 1614 1673 50 2696 2369 2257 1695 2600 1031 1495 2262 1000 908 710 2782 1893 1853 1739 984 2664 1370 1396 2803 54 791 542 660 355 1508 852 1287 1565 227 1676 813 2618 2259 360 1105 916 2042 243 320 2491 2682 1906 2328 1516 1554 1455 1179 528 2459 2349 945
2315 2702 1980 2685 277 767 2 2663 951 1834 1252 211 2818 2015 1842 18 1460 1989 2510 369 2532 1753 70 1759 431 2777 601 1165 2478 1833 1125 2757 1443 1938 2077 2772 315 269 2302 191 1557 2276 1747 2496 2622 889 830 1390 2686 2388 1413 684 1450 1340 1767 1548 2314 1391 1147 126 1975 1678 1845 578 1732 688 903 250 990 2275 65 297 1120 522 768 1512 83 1323 2518 103 1794 2073 2624 1235 102 1107 993 590 1821 1620 1720 1919 1943 2563 2106 2601 917 920 2561 2680
2512 2362 850 1504 222 2218 1436 2691 1305 2355 2342 935 2450 755 2750 2201 1098 1736 2645 1321 2096 1806 1638 836 1933 1790 2432 177 2156 1911 2122 1903 2679 612 1085 1052 380 401 816 1163 477 2163 981 453 2071 144 1023 1628 2074 399 141 2829 437 1233 73 2055 1599 1510 461 2446 1709 2452 823 2587 2469 2747 599 595 796 1047 208 1145 760 1006 2098 1676 1717 2126 897 731 1160 1155 2655 2722 2420 1808 320 1976 460 1784 2535 1621 1404 1872 1100 924 1089 443 2274 2537
816 1085 1903 2679 2122 1163 177 2829 2274 1688 1808 1155 1404 1100 1089 2452 477 453 2587 2722 2163 380 1510 1628 73 595 401 399 172 208 1233 141 437 823 1717 1599 72 1023 2055 612 2009 599 174 2655 2636 1145 2074 164 1415 981 1047 2469 2747 760 460 1784 2098 1160 1872 2775 731 2126 2537 2446 1241 99 2355 2577 461 156 2645 694 666 1504 222 2642 144 1305 935 2362 2691 1321 850 2432 1098 755 1976 1676 2201 1436 1006 2750 1621 2156 2394 2512 2450 2262 1682 2218
1532 2479 849 152 2365 2819 1563 28 81 2119 458 972 587 238 2250 2181 2500 2552 1827 2283 313 505 1741 2370 1896 734 175 2674 2716 523 1339 2534 2557 1376 2527 2689 696 847 705 2099 2177 2191 330 2228 1708 354 2742 2193 2052 2592 1111 602 1704 671 92 1680 1873 1332 1117 740 780 2322 532 120 2764 2059 772 2144 2244 1314 1831 503 268 1956 131 1475 711 726 2698 1655 418 1335 633 2715 1481 1010 2028 68 1164 33 927 806 2681 534 1543 2236 1789 1829 452 1465
1967 390 1715 1635 324 1843 1062 1932 1923 1813 129 501 2531 1475 1662 840 241 1024 495 2765 1730 1789 2687 467 2142 484 2285 1503 131 314 1037 1124 456 452 1929 927 363 1050 2301 806 2407 268 1378 780 2429 2634 1140 2059 999 1011 628 2053 1039 2565 1275 389 1875 2236 2715 53 1281 2244 108 478 2806 788 534 2465 2505 1831 1655 786 1912 1022 1568 1026 471 1097 1048 331 1220 464 295 1008 1706 2091 758 89 125 1465 33 1293 1438 418 402 753 1648 138 2611 1755
803 215 436 1900 364 2040 737 2381 101 2504 989 374 2546 1115 1389 251 341 2238 328 766 2759 1300 2113 304 1427 2178 2066 2579 1213 789 2540 1257 545 1106 2242 1786 1559 1798 1971 962 1883 1306 1951 1230 1683 572 581 1451 485 1361 1175 2114 407 1898 1091 395 2000 1333 614 589 727 1357 76 926 1785 658 1137 1228 2644 1207 564 2072 2787 2323 898 714 1996 1818 1087 1394 2542 777 2495 1558 2288 2022 1561 39 1334 2409 483 1166 646 1801 1928 1019 1180 2054 1353 230
1944 1055 2294 2728 725 2558 2207 2741 1212 165 899 2766 2135 137 494 1825 1463 2580 2057 116 1606 2435 2842 97 1899 447 2248 2068 686 1547 2291 1067 204 2825 1130 2813 2511 2305 574 1473 79 1935 1134 1452 246 692 2736 2319 2041 2292 1126 12 722 1056 1937 2382 1076 1464 2665 1940 1986 657 1639 2809 146 1874 1777 2719 1721 442 1223 140 1185 2286 948 2393 1876 864 647 526 627 2708 2121 1868 1408 2258 1439 804 608 677 994 329 274 974 1771 1001 2499 1088 1942 2350
982 1531 887 1470 2225 2065 763 748 2792 819 1667 2328 1585 1791 2491 2778 118 2575 567 930 919 1578 1769 1179 1354 952 2723 1977 916 1063 841 1851 928 2252 1579 1583 2349 311 114 998 2682 227 2379 639 1210 875 2042 1651 945 517 2416 1211 1854 1657 2304 778 382 2310 2647 579 2729 2711 923 528 2559 2793 1920 9 25 2618 2488 1368 975 1770 7 1154 808 2459 1209 1367 2097 151 1271 1239 2658 515 1970 492 566 2026 513 512 1566 910 72 1528 1819 2636 2462 1688
687 2460 557 837 1619 857 1009 1925 1238 2455 267 2484 1291 264 2139 879 1982 2548 667 1776 1350 1375 2727 2844 2189 2363 2063 891 2039 2590 1665 2662 2833 1861 1520 2332 421 234 704 2371 1043 2385 570 797 2092 352 2123 2206 299 2399 1159 720 1366 228 2125 1792 1 1086 2356 158 2797 90 2403 2198 1887 689 2330 2327 1551 77 1815 1522 885 880 969 210 1863 1457 262 1664 1572 1122 551 1814 2739 1877 2229 1432 1542 342 1191 317 2731 1580 2581 801 913 1824 2321 859
2455 837 1009 2063 264 1159 2484 352 1815 234 403 1572 1814 2731 1589 1122 913 2092 2833 2139 1 267 2371 2399 1238 1291 1520 299 1539 667 1349 2541 1735 1982 1025 2844 891 2158 2215 428 2776 1925 741 2834 2727 2576 1615 2635 1619 1373 223 2797 2269 2385 90 888 2771 641 262 1366 17 2633 1660 969 1816 991 1863 1994 46 2431 2607 867 2185 1630 814 1129 1549 1807 1698 2338 2273 2223 1480 2529 1509 2253 2123 879 2189 1684 1360 1824 307 1571 892 385 2356 846 1295 2717
956 1541 820 334 1603 922 750 1763 1882 285 2043 2816 650 1697 2171 1221 37 2666 372 1188 759 1153 2643 1456 1090 2167 1671 2810 8 468 2387 546 2313 1797 1891 2216 1288 6 829 1703 475 619 1260 521 1363 582 1723 732 586 1916 1761 2268 411 2617 661 1858 1308 325 181 620 2706 2535 2346 1702 2712 459 1082 745 2425 1474 2308 807 980 1387 2194 1884 443 122 1006 1227 1285 1865 1284 1537 1844 1083 637 2657 2449 2220 38 1267 1626 1908 2118 1995 1487 1200 1318 2841
2113 2178 304 1213 2066 1389 2546 545 1394 1115 1785 1019 1228 1333 1300 2022 727 63 658 1951 1175 589 485 1306 2072 1361 614 1137 1558 1207 1087 1559 898 1230 1451 1798 2000 149 572 962 2277 737 1685 1801 341 1106 714 395 215 803 581 1683 374 2644 2040 2323 101 1561 1898 2242 954 2409 436 1900 182 529 364 1166 2504 2114 1334 989 2656 1786 1257 132 328 2238 2759 2579 783 924 1971 1883 251 766 2381 2149 2249 1176 2787 2054 1353 1693 407 1161 2542 1513 39 1093
28 505 1563 2250 2500 1532 458 523 238 2479 2181 1896 734 152 313 2819 849 1827 2365 2283 587 2674 175 2119 972 2552 1376 2370 1741 2099 2689 81 705 2527 2177 1339 2191 2534 330 2716 2228 2193 696 1680 2052 503 2592 1708 847 2557 633 1117 711 2764 354 602 772 1111 2742 671 2322 1831 1655 1704 1335 2028 2144 261 1332 68 532 1956 1746 1475 2236 92 268 927 33 653 131 806 1873 1917 2773 1543 1755 780 2698 726 1789 999 553 1706 120 2059 771 464 534 1164
2018 2284 2008 2146 764 1289 719 2551 247 190 1493 723 1403 35 1577 914 1534 1351 1157 539 1204 604 2582 58 1128 303 2487 212 1997 1359 2585 1915 1121 862 1247 153 2824 1772 2718 343 206 196 549 615 2081 1566 2067 450 874 2225 516 276 2405 869 1751 2603 1136 98 910 2204 2453 1958 776 812 1368 2536 809 233 2170 1367 2209 353 763 1583 2361 585 2488 664 701 998 1864 2334 1819 2379 66 2462 1651 512 1239 2264 1344 528 1745 2103 1347 2485 1402 2157 592 69
1749 1300 2066 1213 304 2178 2113 545 2022 2546 1389 1019 1333 1785 1115 1228 1353 483 1161 2784 1883 63 240 789 1513 1727 149 1559 1106 1685 1361 1971 2555 1394 2579 1847 1786 824 572 341 834 2288 1951 989 1773 1743 2504 1672 39 2437 658 2238 581 954 2277 766 1357 2656 727 132 962 215 2547 1693 2040 1230 1257 374 436 328 1801 596 564 1451 2058 1175 737 2787 101 364 1818 2114 2000 926 1137 803 95 2149 1176 182 1900 395 2759 1306 2644 1304 2381 1091 1795 576
123 1255 986 882 1757 2150 568 1001 2380 796 698 932 2151 372 2350 1236 2267 1600 2121 1477 2387 2038 2012 1041 2583 1911 427 1541 1049 1474 2706 1707 1379 1120 1233 964 1747 334 955 1430 142 863 6 1492 1073 1243 2428 637 619 750 1548 1153 1400 437 820 8 905 289 1699 67 555 1007 1682 2047 1365 742 1479 909 901 1267 1521 1696 42 1113 429 1670 1646 338 971 1888 1536 2120 2598 868 1668 1380 828 1553 749 1371 730 1390 1012 1399 1657 1094 536 1429 2712 2275
1532 2479 849 152 2819 2365 1563 458 28 81 2119 1827 2500 2283 587 313 2181 175 734 972 2250 2552 1741 1896 2370 238 523 2674 505 1339 2716 847 2689 2534 696 1376 2527 705 2557 2099 2177 2191 1708 330 2742 2228 354 671 2052 1680 2193 1704 2592 711 92 772 2764 1111 120 503 1117 1746 1873 2322 602 1917 633 1164 1314 2144 780 2244 33 68 532 771 1956 1332 449 699 1543 1109 61 1010 1481 207 1961 268 131 1831 1941 2698 1852 2059 1182 2681 2799 418 2173 1465
1057 2437 1836 1749 1672 1449 1914 2317 2785 16 88 1476 1483 2202 2745 44 603 1620 1732 1678 751 1447 1178 830 1469 2275 761 1450 1856 1713 1073 1116 376 1523 2249 834 47 1224 777 1714 1304 683 269 1990 339 824 2080 576 1482 2555 863 2239 2422 2190 2547 1147 230 2523 2058 1183 1727 1838 95 2518 441 104 1044 2194 205 1425 2268 1036 1277 83 762 1517 1646 1548 946 2791 2111 60 248 2096 350 393 2695 843 1790 2073 459 596 1709 187 2383 870 1133 2313 1244 648
1532 849 2479 2819 152 2365 1563 458 2552 28 587 2119 2500 2181 175 238 2283 81 523 505 1896 2250 313 1827 2370 972 2674 734 2716 1741 2527 2689 705 1376 1339 2177 2534 2191 2099 2557 696 847 354 1708 330 2228 2742 1873 2193 2052 1111 1117 1680 2592 602 2764 2144 1314 1164 68 771 1746 1543 120 261 2322 1332 1109 92 1704 699 2199 671 2681 633 1955 1010 2237 2306 740 1852 2799 872 507 553 968 503 890 711 1991 1182 1917 772 296 1302 2173 963 1885 2265 2610
589 485 1306 1175 1951 727 658 614 2072 1207 1137 1361 714 1451 1558 898 1559 2409 1087 1166 1798 2000 1334 962 1928 1213 1333 2113 1106 1389 1115 2066 1786 803 2022 2656 2178 93 304 2149 1230 1971 1257 251 1019 395 2546 1561 1427 2323 1590 63 374 364 895 572 2644 2787 2040 954 2540 1683 293 215 1900 545 2054 1685 1513 1693 341 634 101 436 1785 2381 2504 581 737 2759 989 2242 1801 789 529 1161 1847 1228 1597 2542 1091 1197 1743 2579 1394 676 1346 1535 182 1300
61 2669 2025 192 2794 654 245 2396 1781 49 1787 525 2280 2173 408 207 225 383 139 838 2070 1282 209 296 239 2091 1141 2164 356 2311 1506 252 1780 1356 1248 1127 625 1435 2232 1505 653 679 2470 216 822 2137 1481 52 346 418 1598 2806 858 1140 2531 1124 1216 268 455 2053 1262 113 1037 452 780 2821 1662 295 806 290 1568 2690 1475 2467 2236 2244 1024 1918 2142 1022 726 484 1274 1465 2429 1299 1168 786 131 1789 1692 2687 1829 331 1875 464 1500 534 2765 2059
2210 2520 13 640 1272 2671 1337 2839 2083 2570 2335 1910 729 1764 1329 1038 2795 1952 1266 1399 2421 1070 1754 2808 432 2798 1268 2640 2031 377 2578 865 2108 571 536 2120 2038 121 1429 933 2221 828 1249 964 2539 698 672 323 1793 2828 1049 2602 2629 1374 988 1562 1588 1668 1189 2090 1431 56 1132 36 1065 2047 193 733 680 1949 2227 2786 370 1041 979 358 176 2428 569 901 955 1521 2117 2333 866 2384 597 2415 2217 292 500 2451 1418 1686 340 2032 2568 2387 554 476
2359 423 907 1371 1183 474 1198 1462 1144 104 275 629 84 2677 543 1641 1184 1280 1866 2494 1084 1591 2572 117 941 327 205 2086 2503 1263 281 2263 1205 1687 1525 924 2030 2115 1113 946 1458 183 2150 214 2152 2303 2623 2101 398 986 1423 1487 594 1139 2348 270 1255 1219 1032 2141 2688 1973 1199 1659 851 1954 882 482 2502 351 2060 1365 128 2132 396 413 244 496 189 2761 2245 750 2443 2498 1318 1960 2475 123 1750 69 909 2203 1882 1057 1226 956 481 1400 2678 959
2045 2755 1584 2023 747 258 770 2545 2034 1796 1320 1416 1948 1029 463 1096 860 1788 1051 2713 1701 2556 1417 1895 1710 497 2482 1586 1569 100 2272 715 2628 1316 51 1407 64 2289 161 197 2352 1489 2721 562 305 992 2815 1261 2631 48 433 1860 1636 439 1993 1640 1544 1496 2650 1362 2837 2439 26 194 155 1388 735 1617 2501 1381 1965 2375 440 1934 2735 2836 1782 2367 1656 1926 1545 201 2767 1552 2411 1870 2817 1649 817 1658 2130 1218 1319 2300 2241 2011 2454 2433 169 2753
1207 2072 485 1306 1137 589 1175 1951 614 658 727 714 1361 1451 1346 1559 1558 2409 2129 898 1798 1166 1928 676 1087 1334 1197 2000 1106 962 1786 76 1535 2644 2323 291 1206 2495 1195 2656 1333 378 713 1561 2483 803 2787 895 2149 1257 1590 2224 1230 1538 853 832 1869 1075 1971 2490 1631 1267 1801 2054 1683 540 93 2245 374 1394 2170 1958 1322 1594 409 2387 1263 737 1597 581 2003 215 479 572 404 1427 1609 2701 1389 315 863 954 395 2653 1091 2277 1620 1412 1001 1203
1742 1554 243 1105 1396 813 1370 355 337 1673 2696 2257 921 1331 1614 2064 1384 2458 966 2660 487 1495 2600 1681 1705 1290 908 942 2259 2782 2282 54 710 1893 1739 1017 360 542 2085 50 1000 1853 2664 607 2369 1518 2596 1237 662 631 660 2049 1695 1031 2803 1613 446 530 1567 1287 791 1604 1002 1301 2543 1565 2796 2140 1978 1508 1981 1058 1909 984 2394 2093 451 1119 975 2392 151 254 871 320 416 2262 144 2405 2336 394 1271 3 1519 1946 2147 7 781 825 2793 1642
2152 2502 941 84 1605 214 2348 1602 1139 2841 1866 1953 909 1113 1171 1371 398 2109 2567 22 744 244 1280 2115 2141 2751 1214 106 1525 2706 189 2060 2263 2768 1696 183 1084 957 1032 621 420 2623 924 96 609 1927 117 1458 2203 1616 2162 2572 171 1738 1198 594 1365 629 1397 1184 2677 510 2503 1661 509 2404 300 2401 851 270 2179 454 1632 1960 1199 419 2705 785 2197 2030 2448 815 2554 148 953 2521 2160 2303 894 2457 1364 2612 2386 2591 2494 1760 1979 1488 959 2678
144 2318 1479 1682 1387 2420 1911 1200 1718 320 852 2691 2262 1676 2355 1621 599 2362 2642 666 850 2446 796 2537 1002 2512 984 2218 1436 1504 2156 1119 897 2392 2132 1933 1978 1098 630 222 99 208 2452 1321 2147 908 2655 595 1305 2587 836 629 1510 164 2645 2432 1784 399 2593 755 2636 1717 156 2747 2071 1380 394 1519 1047 72 946 1170 2096 731 1736 437 2342 69 942 935 2201 2600 1267 1233 694 1052 1285 2098 1415 2469 1709 2722 172 1817 1790 1599 1085 2074 1241 460
2423 1888 2267 743 302 2668 1562 554 176 868 292 2380 427 199 1890 1398 2568 289 2786 893 361 78 1256 2108 2217 21 340 2227 681 417 2415 332 62 1430 1553 2029 886 2451 1686 1521 2539 878 1399 429 2384 597 1429 2743 555 698 1033 2421 2629 1418 1754 323 1070 964 901 1038 2038 2578 2221 1393 1492 571 839 2428 1699 1041 1236 802 432 2798 2031 2032 377 1431 828 1793 500 2120 142 1266 955 2333 56 979 933 36 121 1065 2078 1851 733 2828 1053 2090 569 2047
167 2268 20 454 1697 38 459 1456 1995 1284 189 181 2222 620 1082 980 1188 1502 2167 2060 2726 2313 1205 298 759 1285 115 2791 922 2030 1570 1884 586 2118 309 122 1797 23 2179 2807 396 2153 2303 636 2554 117 1260 2573 732 1858 1308 419 2263 2643 1744 1610 1032 333 2823 37 411 2623 1198 1702 2627 96 443 1318 1199 2476 1015 1632 2197 2162 1763 1865 834 2678 2128 2203 894 205 1090 2103 468 1280 2101 592 1380 1927 1880 327 1080 1217 2351 1536 1184 236 973 2216
67 2583 1810 2509 627 1001 2121 2350 249 1012 202 1075 1406 1944 899 1212 137 2741 2135 165 2294 116 2825 447 2766 2736 2435 1055 1606 2728 725 2057 494 1463 2041 97 2842 2382 1126 1547 1935 2248 204 2207 2558 1937 442 692 2305 2291 2319 2292 362 2258 2719 2511 686 1825 1841 1088 1874 1076 2683 246 2813 1067 1899 1134 1439 338 1130 1056 2580 404 948 1464 79 1639 574 1223 2051 730 2708 804 1609 2665 2068 1728 2143 647 444 2393 722 2286 1195 24 2809 1931 1110 135
196 353 98 776 2474 585 1643 701 1819 1864 2081 2462 2067 1625 2334 2361 2103 910 869 1963 2256 2353 1042 1402 781 233 276 1344 809 381 1600 1583 2643 1702 759 1221 820 476 1797 1227 813 285 1188 1916 546 2336 732 2048 2194 1031 1541 1105 620 661 1667 2027 181 2261 1882 998 1909 475 871 2346 446 956 1791 1260 153 2810 1977 2331 582 922 2434 2157 825 282 2252 1396 2049 1370 1808 1554 1063 710 2666 1565 1083 607 1806 2491 50 2171 2349 2582 1153 2660 1768 982
2786 2227 979 176 340 1256 332 554 1393 1065 2743 2668 1033 1562 2108 1686 868 1418 886 597 289 2029 1888 571 1890 2384 21 417 555 2451 199 432 2217 429 2423 681 1398 893 802 2415 1268 292 427 62 302 142 1492 1793 78 2333 878 1553 1430 1588 1431 361 36 1053 1132 733 2078 1266 988 1699 536 866 1399 1952 121 2568 2117 901 2090 193 964 743 2808 680 1070 2031 2120 569 2798 2267 2221 1038 1429 2539 2335 2640 2038 1329 500 2839 2578 2629 1374 2380 323 1041
2769 1870 2454 26 348 2649 925 1369 480 179 2714 550 2538 712 2050 2130 445 518 2840 1422 1172 1045 2011 463 1617 197 2375 735 1453 1146 1417 645 1489 1701 2289 433 440 2650 860 260 1788 2574 1552 2544 1901 562 524 259 2044 2826 305 1983 970 1486 168 2433 1328 2721 826 1752 2200 2088 659 635 2337 2309 161 563 977 1029 2676 769 1253 1490 1710 1624 556 2419 312 134 1895 611 2010 231 2832 201 2241 188 2358 1640 439 784 194 559 2724 48 1840 2082 1148 2713
1159 2455 403 837 1009 2063 1815 264 352 2484 2138 1520 1814 1122 2399 1 1291 667 1238 2727 2731 267 428 891 2371 1589 234 1982 299 1572 2092 1025 2833 307 90 913 1735 1349 577 2648 17 1925 2776 226 2635 1939 2255 2139 2486 1509 262 741 127 2269 573 2576 2710 1619 1863 2797 888 147 1615 2094 223 1539 1270 2431 846 641 2385 2412 2811 1530 2403 1630 1803 1622 1258 2481 2158 2266 961 2338 1078 2189 349 1373 665 2100 1421 1571 1994 2175 511 1338 814 160 2844 2215
294 2229 1575 570 1792 1930 2418 210 1034 1580 1861 1664 2461 57 1665 2125 280 1724 1375 2327 1234 1392 2174 746 2456 793 689 1276 1859 2004 704 77 421 1758 2694 756 2330 1358 493 663 228 1457 2186 2838 1072 857 2332 2155 1765 2662 2590 158 1350 2739 859 2039 884 1877 656 801 1576 1887 2659 885 548 2321 1043 1193 263 1716 82 706 1348 438 1551 2206 2374 2356 2198 287 242 1542 934 185 2581 1292 1086 1229 880 798 1191 1377 1776 2127 2548 1675 133 1522 797 130
2517 2185 143 1129 386 1440 718 1684 2529 795 2298 2619 958 2271 1411 787 1215 1694 810 1360 2460 557 2584 638 30 1514 697 2363 1445 879 2801 2616 71 1630 2524 1242 1446 969 2246 1294 273 1619 665 2104 1939 2481 1925 1366 1863 1112 1270 1982 2139 1258 2844 352 1509 1816 1480 913 2468 667 299 1629 2833 262 2633 2727 641 1373 1660 414 2385 551 2710 2455 741 1803 342 127 2771 1539 1571 888 2576 912 234 668 147 267 1572 1524 1815 2607 1652 1025 1 2208 991 2595
2145 1779 1385 406 1871 1992 773 2102 2763 519 1526 1894 1707 1007 1138 1731 2516 1442 2613 1800 1969 1511 1645 1325 742 535 1527 2377 186 937 257 605 2095 811 1040 365 730 2609 338 709 2680 2830 435 253 1455 336 1424 1309 1466 392 544 1311 821 1068 410 870 648 1110 1966 610 112 2341 678 94 1020 248 2219 2560 1131 1634 288 1783 1498 1581 2549 434 855 301 1850 1379 881 2243 2417 1419 717 2492 749 1094 1794 774 1968 1516 2788 1670 1243 2364 1133 593 1142 2087
783 1093 949 2737 1343 407 341 940 1856 2242 2827 983 2441 1914 617 310 2111 2785 1683 2745 1091 777 2202 2190 1004 1561 1996 766 2114 2238 1693 596 1898 88 328 2112 95 1743 695 1103 198 2542 230 737 1999 132 2422 1476 581 1116 832 1535 2759 1713 1224 1773 989 1176 1230 2129 2504 540 364 2644 1161 1714 2040 75 2281 926 1685 2523 1513 2149 60 1801 824 63 1785 2413 529 101 803 572 291 2016 2547 47 1672 564 2656 34 1818 2022 2113 462 1847 1795 576 2178
1125 1753 2777 2772 2077 2478 70 2510 2561 1759 2757 431 315 1390 2622 1834 1557 18 951 1842 601 2015 2663 2 1252 2818 1165 2302 1035 2161 1839 767 191 277 2315 2702 1938 1443 2686 1980 1235 1747 889 502 297 990 2685 2471 522 2601 1989 369 2532 103 688 2276 578 2624 1114 211 1833 1413 1845 1323 1460 2667 1830 1608 702 250 126 284 2583 1075 1810 1821 2496 768 1767 1340 848 853 1908 1391 67 1511 1720 2509 903 684 931 461 202 2759 634 1186 962 249 1969 2323
2045 1029 1584 2755 1362 860 463 1701 992 2735 258 1307 497 1416 2034 906 1417 1948 1788 1897 2023 1586 2046 1617 715 2011 1096 2628 2721 1993 197 2076 1051 1658 155 100 1796 2376 1388 1261 622 2753 1926 1627 259 562 1489 1381 547 1486 900 2241 439 1208 712 817 747 674 559 85 2724 2482 1848 2815 1386 1544 606 2419 1552 1569 305 1860 2646 659 2309 51 201 134 2545 1253 770 556 675 1710 319 2544 1045 2344 2767 2836 1218 188 2454 1123 2713 64 2272 1782 1623 2439
213 2024 2408 1689 2430 2143 558 2638 634 426 135 1597 24 2295 853 757 2413 707 1719 1728 184 1231 754 520 2366 1533 2354 1296 473 2725 424 80 498 1945 2124 2533 1849 2014 1326 1448 2464 119 1265 19 1383 232 1766 1269 388 2351 1061 375 2566 29 1889 2508 1312 2404 967 1722 1426 540 1867 163 425 783 1804 1984 1904 1733 1149 609 2615 1631 1898 1394 2320 2472 1529 752 761 286 2751 1478 1556 2169 2249 2172 1931 1637 1093 2507 509 957 2277 2390 1401 2756 1801 2128
2224 967 338 853 1804 730 739 792 293 2583 410 1466 1149 754 1707 1670 1266 1728 2320 2539 1212 2031 811 1719 1944 1399 964 1243 1952 1379 2221 1110 2350 76 2038 2387 1886 67 1001 1346 1555 97 2267 538 1070 2296 1075 1699 249 2533 1516 627 112 2120 2668 2808 1969 2409 1597 1634 1546 2151 714 2540 868 1236 29 1256 91 1174 1012 1651 1936 2295 2430 2788 1511 2492 2121 1928 1131 610 634 2746 589 2235 2380 2683 1430 1055 1455 336 774 2143 2041 1427 2108 1798 1394 1689
1349 913 1572 234 1 2541 1520 2399 2727 352 2158 1025 2834 2215 1615 223 969 2635 2226 1618 307 1540 511 892 1684 349 1630 46 2298 2339 2246 2340 2466 1360 961 267 1539 1238 1291 414 2063 17 837 2710 958 2517 2175 127 1159 1009 1571 2619 1294 891 2138 1514 1215 1446 638 787 685 2455 2709 1524 551 2524 342 573 2444 143 1815 1258 403 697 30 665 2271 71 2529 718 154 1698 810 1863 2185 2844 1270 2385 41 386 1619 2104 1445 1059 1509 1652 2731 2481 641 912
372 1260 807 2313 1858 759 285 1221 922 1284 1188 1456 1865 2194 1227 2643 6 1603 468 820 650 1286 546 1153 1723 37 1541 1015 750 1844 2425 1285 1697 2666 1761 582 1797 620 1570 411 334 2268 1891 1884 1560 1916 2261 122 1763 980 298 181 475 2476 973 732 1702 1610 1082 459 586 1882 2816 956 629 476 661 396 454 2118 2346 1083 1387 506 636 669 2677 1032 565 229 2060 2171 2810 1537 1308 2216 281 1090 2043 275 2554 191 115 255 1199 829 189 1995 423 205
1083 1702 6 181 759 620 732 2643 582 546 1260 1882 1797 1221 285 807 2313 1858 468 1188 2807 636 1318 661 2278 1536 2261 2476 2823 2194 1153 1697 2171 2816 922 476 1227 2425 2043 2168 1763 2263 2810 829 2153 2678 1891 1723 2666 894 650 956 644 1090 2720 396 586 42 1761 2522 2627 2554 37 2386 419 475 2048 1916 189 2442 1865 1541 45 2346 1251 820 1726 669 1603 1380 2056 2688 1525 1364 1064 1456 2268 1082 2060 1960 1768 2562 443 762 411 96 2623 971 196 2116
2539 2798 2629 1429 729 377 2520 2428 2578 1754 640 2210 1038 828 2120 1070 2031 2421 1272 13 2221 1041 1949 964 2038 1668 2602 672 2640 2671 1374 933 2828 1399 1337 865 323 2083 358 1249 1266 2808 1910 1952 2047 1049 698 1329 979 2335 955 2786 2451 932 176 1521 2570 370 1764 2227 1189 292 2423 78 2384 2718 56 743 2839 1255 536 1033 554 1686 2032 302 1762 121 289 2734 1393 893 340 432 21 839 988 569 1562 1595 193 1888 597 1132 2387 1449 571 2503 1588 1431
61 2669 2025 192 2794 2396 245 654 1781 49 1787 2280 525 2173 207 408 225 383 139 838 1282 2070 209 296 239 2091 1141 356 2164 2311 1506 252 1780 1356 1248 1127 625 2232 1435 1505 653 679 822 2137 216 2470 418 52 1481 1598 346 858 113 455 1262 2531 2806 268 290 1568 1124 1274 1216 1140 2690 452 295 780 2467 1022 2244 1037 131 806 495 2142 2053 2821 1500 1662 1475 2236 331 1875 484 1024 726 2429 1692 2693 1918 1465 1011 241 786 1503 2059 464 430 1843
1879 2093 394 2049 2357 1604 631 1518 530 607 1301 1567 1058 1981 2392 2140 1017 1237 1290 451 2282 446 2796 1119 1906 2596 1978 1002 2660 2064 1909 2262 2543 984 1676 2085 1613 942 852 1621 908 337 1331 1495 1705 662 2458 966 1614 2600 1384 320 1673 487 1681 1742 921 2696 1894 1105 355 243 1396 871 1145 1718 2257 1455 1516 1554 1239 1645 2609 1370 227 1739 1800 2042 288 916 519 186 1546 1000 2664 813 2747 897 517 2369 1367 1566 2782 512 2446 2618 50 1695 709 1871
1328 1444 1782 947 1663 2836 712 1045 1617 2241 169 1679 2837 1489 2130 1993 900 1369 2050 1649 1623 2011 1437 2707 2454 735 2767 1054 1710 1486 1658 445 197 51 1381 1422 2840 179 2649 1218 440 860 645 1796 348 155 463 1307 1552 260 1544 559 480 1701 2826 925 2628 2769 563 1870 1417 26 1416 2439 2714 1948 1261 1640 1096 1569 259 1029 1208 2289 134 2419 305 1860 1926 1934 1253 550 221 817 2817 635 2832 2133 1840 188 2034 943 2082 1405 1102 2652 100 2397 2790 562
372 807 1260 1858 759 2313 2643 6 285 1221 582 1188 1603 1702 468 546 820 620 1696 1541 1083 1797 1227 750 334 1865 411 609 181 454 1153 2726 732 2261 163 2162 1761 650 1744 2666 1084 1061 1882 1637 1697 1723 476 5 2060 1844 2171 2457 2194 1139 1015 1766 1515 2115 1284 244 189 1556 1891 1171 388 2677 375 298 1199 1610 117 2810 922 2303 744 565 2043 1032 425 669 40 592 2404 2351 2128 1286 1456 2751 498 956 1326 1916 1987 122 2567 1616 661 815 1214 23
2769 1870 26 2454 1369 348 925 2649 480 179 712 550 2714 2050 2130 1045 735 2538 518 1617 440 1422 860 1489 2241 1417 1701 1788 2840 1710 197 445 1840 2375 463 433 1328 2289 2011 305 51 769 260 2826 1656 1752 1172 2817 1146 562 1663 1934 155 1782 970 645 2650 259 169 2721 2439 1029 2837 1796 168 2836 1640 1453 1644 2200 1486 2528 161 1569 524 817 1544 1437 900 312 1624 1102 1444 489 556 659 1993 2501 947 1649 1895 563 48 943 188 1658 2544 2337 715 1552
312 2832 987 1752 1102 2790 1146 1934 1624 221 1545 85 2411 2501 1656 2817 1405 1407 943 2528 1926 1644 4 635 2389 626 556 2082 2300 2270 2044 817 59 188 1202 547 611 1386 826 1737 1319 2367 2069 1422 2826 1840 1316 613 735 977 518 1617 283 445 440 950 2840 2419 978 2148 2241 1552 463 1782 2836 900 1468 559 2574 2837 2397 712 2424 2312 1437 169 550 1092 2200 259 2133 1486 1983 1636 2011 1045 2544 2652 1878 2375 155 2050 1796 563 947 970 260 1799 659 1649
956 1541 820 1603 750 2425 1671 334 2313 1703 1288 1474 285 1882 8 468 745 2706 2216 1844 1363 2831 959 1286 2197 325 1221 1153 42 644 2705 521 2823 506 1858 2401 2194 1336 1251 2079 1761 1013 2562 236 785 661 1797 171 2720 309 2056 565 1315 2387 2608 2261 759 894 1364 45 476 2612 1907 2182 1064 637 2760 762 2643 1560 2160 619 971 1927 2476 1227 2617 2442 229 829 1217 1032 2153 621 255 1108 419 882 2522 2712 546 2089 333 997 123 2535 300 2555 2427 861
1328 947 1444 2836 1782 1663 1617 712 2707 1045 169 1679 2241 1993 2837 1623 1649 2767 2130 1054 2011 445 900 1381 2840 1658 1422 1489 1710 645 2050 1486 1437 1552 197 1218 735 2454 1307 51 1369 260 440 1796 463 155 563 179 860 2826 559 1261 259 1948 2714 2769 2649 2289 1544 1416 1569 1208 1029 2628 480 1860 348 2439 1253 1640 635 2133 1096 1417 1701 2088 305 1405 925 2650 2419 2076 562 1870 2544 2082 134 188 2652 194 2721 943 26 1926 1934 2397 221 1051 433 1878
2516 1526 1325 1511 1442 1969 2145 1779 1871 730 2843 338 406 1946 1385 2102 1466 1992 1707 1379 1794 2730 1005 2290 544 2364 1243 2788 1131 112 773 1068 1311 2377 2151 1783 1670 2299 365 336 1527 749 855 2746 605 1966 678 2763 2549 1040 593 1020 2243 1498 2006 1968 870 410 811 1913 1634 774 1142 435 2830 2560 1094 1138 673 610 1309 881 2417 1174 1581 821 1110 2492 1079 937 1731 257 2519 1455 1424 434 253 717 1850 709 2680 535 2005 2219 648 568 2341 2251 1936 2087
751 1678 393 1147 1120 1732 1244 2518 1450 1073 2275 830 1646 603 863 2136 339 1620 2437 1836 1672 1057 1749 1914 2785 1523 2752 1690 1178 88 1467 736 2745 441 1028 371 2383 2073 1476 2326 1353 2417 2802 1950 2680 774 2360 2579 2546 2695 1913 1713 1106 1734 2492 132 2243 1389 1115 2190 824 855 1626 1714 2159 845 2020 1174 1559 2234 2006 777 917 541 373 1094 2684 32 902 1116 1959 2368 83 145 321 2202 2653 993 1809 2087 1971 1869 2630 545 1091 2697 590 678 1936 1224
70 1125 1753 2510 2777 2772 1759 2757 2077 2478 431 2561 315 2622 1390 1557 1839 18 1834 1842 1165 951 601 2302 2663 2015 2 1035 1252 2818 191 767 2315 1938 2702 1443 2686 277 2532 1747 522 1980 889 2685 1833 2161 990 297 502 211 1235 2667 1845 369 2624 2583 1989 2471 2601 103 67 1460 702 1075 634 1114 126 2323 2276 853 1810 1830 578 688 1821 848 1323 1511 1608 2509 2143 426 962 250 768 249 1767 2320 2496 1798 1720 1969 284 1413 1908 202 2121 2350 1012 24
1721 2809 1876 1473 12 1439 2051 637 2499 1725 2657 368 627 444 1390 249 531 394 1406 1012 1810 1931 608 598 2583 1001 2683 939 2622 1433 67 2089 2121 790 255 2057 1906 521 202 2435 1879 2291 1088 2617 2183 274 2350 994 2509 2704 2598 682 1075 494 601 2526 2438 864 2719 447 1557 2445 2308 1592 526 482 2220 692 2803 442 1899 1565 2319 2757 1777 791 2766 2292 2712 607 217 1287 1839 136 1817 944 574 2427 2686 2093 1185 2569 1479 2599 2436 1759 508 18 1330 2708
2045 2755 1584 2023 747 258 770 2545 2034 1796 1948 1416 1320 1096 1051 2556 2713 2272 1316 715 2721 1569 1895 100 463 64 2628 2352 48 51 161 1029 2815 1586 1496 1788 497 860 305 562 194 1636 1261 1417 439 1860 1407 1701 155 2631 1640 2482 1965 1544 2289 1710 2837 2439 2836 1649 1381 1993 2367 1617 1782 440 735 518 201 2767 2433 1552 197 1489 433 1840 1218 169 1658 2376 1319 231 2650 1926 1545 2735 2241 817 2300 547 2375 26 2538 992 611 1253 2553 1934 1388 2454
2394 105 416 1946 1778 11 883 2110 664 144 908 2331 434 301 1419 1002 2549 1040 605 544 937 94 2452 1495 1527 365 243 2377 2458 1309 1731 717 2830 1133 257 984 1978 1271 2417 673 1424 2697 2196 749 1138 1968 1005 2600 1966 435 593 1170 248 2560 2353 808 7 2361 1705 1455 2718 855 490 648 2219 1020 318 1573 821 1634 2290 1325 1311 678 1077 1614 2843 1498 519 1119 632 2788 1068 2730 337 516 871 1155 1331 966 2095 151 535 1105 392 2102 610 2341 1347 2364
1306 485 1175 1951 1361 589 614 727 1451 658 803 1207 1559 2072 1137 374 251 1798 2000 714 962 364 1334 2381 2040 1786 1900 1257 1106 2504 215 1558 101 436 1971 1427 2579 2409 2787 737 898 989 1166 1230 76 572 2540 341 1087 789 2054 395 2323 1561 1928 2644 2759 2542 2656 1357 1213 1389 2546 2238 581 93 1590 1115 2066 2113 1091 766 1683 39 2149 646 328 895 1883 545 2495 926 1180 564 1346 1333 529 293 304 1197 2178 1801 2288 2242 1818 954 1300 1394 1685 1693
2600 1705 2458 1495 942 2085 966 2543 487 1384 1681 337 908 1742 921 2596 2660 1290 2392 1017 1518 852 1673 1331 1614 243 1370 2696 1002 1554 2257 2282 1978 1396 54 2664 1739 631 1000 355 1893 2369 1853 710 1105 2259 50 1695 813 542 360 2262 984 791 1237 1031 2782 1119 1567 607 660 2803 2064 1287 320 1565 1981 446 1519 1604 1508 1676 1301 2147 2140 530 451 2796 1058 1036 2049 2420 151 1152 662 394 512 392 416 1718 318 1077 1946 1909 2618 1479 1271 2170 1455 3
2517 2185 1129 1440 143 386 795 1411 1684 2529 2271 718 1694 2298 2584 2619 958 2460 557 810 1215 2363 787 2801 1360 1514 2616 1445 879 2524 697 30 71 638 273 2104 1619 1294 1925 1242 1446 1630 1982 1939 2139 1258 2468 665 2246 1863 262 1366 641 888 2595 1373 991 2481 1807 342 1295 147 2771 1524 667 1480 1629 1509 2385 2833 299 1112 2844 2576 127 1816 2710 1539 551 1803 741 1059 2776 2727 2731 1520 969 1270 203 2431 912 1530 472 2455 2208 2092 385 160 668 1549
2448 909 43 2725 609 2464 2188 2404 971 1766 1889 509 1696 1108 2498 2688 2457 957 1477 1802 785 1596 1426 2720 1515 644 244 2442 1953 844 2115 2562 5 270 387 2751 1171 1283 744 2109 1602 1139 1616 1866 2425 214 22 2567 466 2348 592 1214 941 498 2572 2841 956 84 1768 1880 2162 1199 2128 2124 1365 119 375 1487 2366 2726 1744 1269 669 2354 106 959 1761 1722 2408 1541 1882 2706 1867 424 2197 520 2566 1326 2615 585 1661 2476 1849 1927 2048 820 1529 2152 707 115
1723 820 1541 2666 750 650 1603 1891 475 2816 1916 2810 2346 334 2043 2171 285 546 1221 922 582 956 1882 1260 759 807 1153 1761 1188 2194 372 1227 1697 6 2643 2313 1702 1285 1865 1858 620 629 973 1763 1570 1083 732 2677 37 411 1462 468 1797 661 2261 298 181 1284 98 980 1456 117 1015 1884 1090 1605 2152 2502 586 281 2118 1139 275 829 2359 2518 594 1380 2494 2667 1082 196 476 1144 1080 1979 2653 713 907 1537 353 443 2387 1263 2268 73 2514 2685 1423 1412
1721 1876 2809 1473 12 447 864 526 608 994 2728 1055 1056 1931 2766 274 2207 2294 2683 1725 494 2719 2435 508 1439 2291 939 1677 1944 2526 2057 2825 601 2438 1899 2499 1463 692 2220 431 790 2736 1892 531 1433 627 2622 2292 1942 2741 444 574 598 2051 368 1842 1771 18 2037 1185 1759 725 2625 1592 2315 2319 682 2757 1408 271 2708 137 1557 1212 2089 1935 2704 116 1825 2183 1777 2440 1839 2569 899 1606 146 1452 2580 249 140 1134 1868 2445 677 1998 67 2510 1547 315
1349 234 913 1572 1 1520 2541 2399 2727 2215 2158 2834 352 223 1615 1618 307 2635 1025 1540 892 2339 511 46 349 2466 2340 1630 969 1684 2226 2246 2298 1291 267 1360 961 1238 17 2063 1009 891 837 1571 685 958 1159 1524 1815 403 2455 1698 2619 573 1446 1514 2710 2517 414 2253 2223 787 1215 638 1294 195 2138 1539 2709 127 665 2175 71 2529 30 2271 810 342 2372 143 537 1258 1129 264 1409 1270 2338 1059 551 1445 2444 1509 1994 90 2486 2801 641 741 2481 2484
2018 2146 2284 764 2008 1289 719 2551 247 1403 1577 153 1121 1157 190 914 1534 1493 1351 1997 35 2485 723 1915 1128 1204 2582 212 539 604 2487 343 615 2585 998 549 862 303 2824 1751 1359 825 206 58 2361 2792 2793 450 1970 2603 1271 1854 812 151 2711 1772 7 2204 2718 2165 2336 778 382 874 2453 1963 975 1247 1246 808 2353 2067 1566 1595 1583 2209 567 765 14 1651 2426 664 528 1745 869 2103 2379 2394 1347 118 513 282 875 1367 2304 873 871 1985 2658 25
1697 285 1570 650 1221 2666 2677 2502 690 1537 922 2841 298 2268 1232 1922 2152 629 2706 2726 37 1744 1882 475 2162 2048 459 2691 1916 1884 1605 117 2355 1456 2167 2216 980 1285 2171 1184 1188 1504 2032 2218 2179 620 84 546 732 2643 1541 1139 2497 1797 1283 850 281 1536 636 2043 621 1763 1108 956 2346 6 181 1502 1394 2118 1768 1661 759 924 820 1891 755 1723 1380 1171 40 1603 1638 2620 1315 1760 2810 2425 23 420 582 22 1153 20 167 1336 941 2572 1288 1397
645 2011 445 2840 1552 1029 1253 2088 155 1617 2836 2241 1045 440 1649 463 260 1054 563 2735 2289 51 1658 1486 134 319 1782 197 1679 1663 900 1623 1328 1422 1860 1993 1444 965 1381 2707 559 947 1307 712 2419 2826 2650 1840 735 2815 2130 169 439 1948 2133 1640 201 2837 2767 1544 562 550 1965 1636 1096 2050 2631 305 1316 2272 518 2076 2628 2439 2375 259 64 2652 1437 1218 1569 1416 659 1796 1123 784 2082 433 231 674 168 1878 1901 2270 1983 1208 826 48 1496 486
2152 84 2502 398 941 2141 171 621 1605 183 2401 2503 2706 2760 2612 2182 2056 1251 909 2608 1458 45 236 1064 1364 1113 2522 2386 1139 959 2841 2705 244 214 2572 1953 2197 2348 270 2831 1171 1726 1199 2263 2591 1616 815 1866 844 1365 785 509 1960 22 2457 2160 1696 2115 2116 2562 1214 2751 2678 43 2761 2498 565 1602 1768 1596 1371 2188 971 106 2230 2448 1283 744 335 2720 506 2425 1198 2688 300 2079 2048 2567 1525 2203 957 1570 644 1560 189 333 2278 1280 1987 1032
1051 194 1261 2352 1218 1948 1416 2272 2628 1096 1496 1316 2815 2556 1658 2713 1860 1965 1636 64 48 1381 1544 2721 1840 1569 51 2836 2439 1640 715 562 100 305 2241 2433 201 1649 169 439 1782 1584 155 1054 2837 563 231 645 1586 1663 1796 659 1901 2034 1623 2707 497 2309 440 2767 1444 445 2545 518 1148 1679 1617 2826 1453 2840 735 2650 947 260 1253 2050 1422 1490 2376 1328 978 2289 559 168 712 1552 2553 1045 1878 197 2023 2482 1993 2088 769 747 2652 319 1123 1486
1545 2389 59 2367 950 1752 626 1799 1202 4 1146 547 1386 2270 611 1737 1319 440 1840 2082 1552 556 2375 134 826 1316 735 2241 2148 904 85 518 1649 155 312 188 987 1148 613 1636 2840 2439 1468 1407 2312 1544 978 563 1123 1486 463 1656 1926 977 2826 900 1029 2069 2424 2837 259 1993 2289 1934 169 1307 2076 1878 1437 1624 2817 906 2200 2088 260 674 445 1584 965 2652 2419 817 1901 2556 2832 197 2836 231 769 645 2300 2133 1045 2790 659 1428 1782 168 2501 1775
725 2294 1944 2558 1055 2728 2741 165 1463 899 2207 204 1212 2842 1547 1606 2135 137 1056 447 1935 2511 116 2766 1134 97 2435 1825 2057 1126 2736 692 2292 2825 494 442 246 2291 1874 1899 2041 1130 1937 2068 2382 2248 647 722 2813 2319 1223 686 2580 1076 2665 1841 2305 2708 574 1067 146 2438 2286 362 79 1940 2683 1185 2258 1464 1986 1777 1452 2719 682 657 804 2569 2393 1639 140 2639 329 1721 677 948 1592 1439 1473 1892 627 2121 1931 2809 491 1868 2506 2051 444 608
254 3 1642 2405 2170 2490 1958 66 1574 825 1985 765 14 2336 1246 2536 779 929 652 282 1136 2434 2157 1745 873 2426 1121 2012 2209 1600 1577 233 2204 212 2001 1157 549 604 1915 1997 1247 1595 1347 2593 539 862 874 723 1519 2256 2147 1633 2585 2391 1751 914 2596 1493 450 318 2324 1670 2485 1534 58 2824 1681 1384 1535 487 2165 2264 812 35 615 1152 256 2458 1290 303 2600 404 1762 821 1077 942 832 1351 1772 1325 764 1068 2551 1609 1359 1403 2487 2064 190 1346
123 1255 1757 2150 986 882 2380 932 1600 2012 1236 1541 2387 2267 1958 1049 1041 289 2775 334 1157 743 1479 21 868 427 750 1477 174 1415 1001 1521 698 2423 2350 895 361 1670 555 839 93 372 1682 1430 681 2227 1492 292 893 2170 302 2047 437 568 2493 1256 1888 2729 1915 1642 212 1233 979 2788 2490 1590 1359 955 2585 2405 2451 1079 554 820 320 909 749 1534 981 2121 1406 1603 1553 3 624 1718 1380 2593 176 340 1351 2151 199 1267 2209 1699 1346 142 441 1038
312 2832 987 1752 1146 1102 1545 85 221 2790 1934 635 1405 1407 2411 2389 1624 626 556 1656 2501 943 4 2817 2082 2270 1926 2044 2528 2300 1644 547 59 188 1386 826 611 1202 817 1319 1737 2367 1422 2069 518 1840 613 445 1316 735 2826 440 2241 1552 2011 977 2840 2836 1092 1617 950 463 1782 1636 2424 900 283 550 2419 2133 169 2375 2837 2148 712 1983 2397 1437 2574 2050 559 1649 978 1045 480 563 155 1486 2631 259 1468 2538 1878 2312 947 2544 260 659 2652 2439
2116 1960 40 2386 2263 117 1198 851 2502 2152 2678 327 2303 1083 1726 84 2494 592 1659 2203 1605 6 1702 1979 1525 1205 1184 1371 941 2623 1113 106 620 1199 1882 732 582 636 2643 45 2056 181 23 1696 1570 1723 2572 1064 1768 148 298 420 2522 1632 1891 1139 2807 2761 844 2048 2768 1397 1687 759 1251 2115 2841 1364 546 2497 2760 75 940 1221 2182 183 1502 1214 2162 2278 1515 2620 189 1171 244 1004 300 510 2720 22 2571 2153 466 1927 2737 815 2030 621 171 1738
1710 1489 2836 1782 947 1045 712 1444 197 2241 1417 1328 2050 1663 169 1617 735 1369 2649 2837 860 1701 179 2130 1870 2454 463 925 2011 26 2840 1649 2817 440 900 1437 348 1102 445 1656 2790 2375 817 2832 1381 1679 1658 1934 489 1422 480 221 1926 1407 1544 1644 2767 2289 2528 1486 2397 2826 943 645 1993 1788 1624 2707 1307 2628 2769 1054 51 1623 2439 550 2411 312 563 970 433 1405 626 260 1029 559 155 2300 635 1840 1752 1796 1386 2082 2501 518 2714 1218 1545 1552
477 2679 1163 2122 1903 177 2829 1085 816 760 2452 99 1872 453 595 1628 1510 401 2163 2587 141 399 208 981 380 823 437 1233 2055 73 2274 461 1808 1599 164 2655 1688 2074 1717 1023 2469 1784 612 174 2722 156 2126 72 1976 731 2775 694 2098 1145 1047 2009 1415 172 2747 1155 2636 1160 460 1504 2577 2355 222 1100 1241 1404 2446 599 850 1089 2218 2691 144 1436 2750 755 1321 1682 2362 1098 1479 935 2512 2201 2432 320 1305 2645 2537 897 2642 2420 666 2262 2342 2156
757 558 135 2295 1728 754 1533 2413 213 2024 1689 184 1231 24 2143 426 2430 2756 2408 1448 1296 634 853 2638 1478 119 80 1383 1597 1312 1984 2615 2472 1265 218 2533 2320 1719 1149 707 1804 967 29 1945 520 286 2354 232 739 2021 19 2508 1849 2366 498 2172 2673 424 91 752 388 1722 1898 2235 2725 2260 529 1269 1766 293 792 540 2566 1733 2464 473 2124 2277 1061 1867 1093 2390 1326 2169 2014 1529 1426 609 163 1889 2351 1801 425 2323 1683 375 2404 714 957 2796
2528 1624 1644 817 2411 2817 1656 1926 2790 1102 1934 221 1407 943 1405 2300 2501 2832 312 635 987 85 2044 188 556 1319 611 1386 547 2082 2270 1796 2034 1617 100 2389 900 1437 2011 1569 562 2826 305 2545 1489 559 1545 1658 1640 2721 712 2836 1486 48 860 445 715 1307 1552 155 1417 2840 2574 51 1096 1328 1737 1782 1381 2309 1993 659 197 1146 1710 2714 64 563 463 2241 1202 826 2397 1983 2419 1701 674 1422 1948 1045 1788 1752 259 439 626 59 1679 2433 1860 4
1756 1317 805 799 1395 1755 2061 1647 1921 1967 2402 2236 721 1972 390 1635 314 1715 1475 1050 2053 2693 1918 1124 1831 1303 1655 999 484 1929 363 2429 1662 1275 2301 806 927 534 108 2059 1789 786 471 936 1378 295 2465 1438 2505 1140 2806 402 1024 2407 1568 1037 653 1274 782 1022 2244 1730 2687 1706 1018 1787 2531 2406 2765 1187 1465 268 780 1648 1472 2698 464 1273 1008 1297 467 561 1829 726 331 2632 2794 655 412 1143 1097 346 1282 1612 753 1118 1127 625 52 455
18 2663 1842 2 601 1834 951 1252 2015 2818 2757 1759 315 1557 2622 1390 70 1165 2077 1125 2777 1753 2510 2302 431 2478 2772 2561 2315 191 1443 1938 2702 767 1747 277 2686 889 2532 1035 1980 1833 2685 211 1989 522 369 1839 1460 1767 2667 1114 250 2496 578 2276 1845 1533 702 848 1511 2624 1075 990 1969 1821 126 1830 2746 502 768 931 2471 1608 1413 2601 2323 1720 297 684 1235 2388 1975 1391 2583 1340 65 461 688 1810 2577 103 202 1323 853 2509 282 903 1418 634
2045 2755 1584 2023 1029 906 463 258 1307 992 1362 1416 2735 497 860 674 1627 2076 2419 622 2046 1552 2034 2753 2646 1096 1848 1701 1586 606 2724 2721 1948 197 2800 1428 1897 1208 747 2007 1388 770 1158 2628 1486 2564 2011 1417 2084 559 1796 178 1051 319 259 675 1658 2626 900 1381 1993 2652 1617 1319 1788 2307 2545 2344 2556 715 2480 562 1253 2389 85 1046 2815 2544 1860 659 100 134 2670 188 2397 201 2358 1261 1544 155 547 74 2482 1489 1545 611 1313 305 1926 2375
1721 2809 1473 12 1876 140 627 2598 1868 1452 67 2580 1185 1886 2657 686 79 2506 2583 2436 217 1725 531 2499 444 1777 2665 368 2685 1439 1998 657 329 722 255 2683 2286 2248 637 1067 2617 2068 1330 508 2427 2813 2511 1547 1639 494 116 2625 2037 804 692 1935 1027 491 2445 442 790 1076 1408 1463 2041 1931 2308 246 1134 2708 2435 994 1677 598 1592 1892 2315 619 2057 1771 2766 2051 2639 881 271 2382 482 2292 2438 1937 1126 2440 1055 359 682 2704 97 1944 2393 1088
1453 2433 1490 2713 1901 2376 1496 2721 1569 2309 1316 2545 2034 100 715 1796 2556 201 305 1860 48 562 64 2272 563 51 2826 1640 260 2815 1965 1636 784 168 155 439 486 1148 2337 2650 231 2088 1878 1840 2007 518 659 1948 978 440 2538 645 1658 2289 559 2358 1848 445 1428 259 2241 1381 1752 2050 194 2553 1096 747 1416 1051 1307 2628 712 2439 2652 1584 950 1046 2649 1782 550 1123 2840 2133 900 2454 2836 1422 1623 497 1617 1544 2352 1486 735 1054 769 1586 965 1437
2152 84 2502 941 1605 117 1113 1960 1198 327 40 2263 2494 2303 1659 1184 2678 2841 1205 851 1726 2203 1979 1139 1371 1525 1687 2572 106 2386 6 2348 2623 298 1570 420 2620 1400 214 148 2497 1397 2768 1032 1199 300 1882 621 1083 1922 1171 1502 22 75 1632 23 1696 1891 2705 1738 2831 2162 2115 2179 2109 189 592 940 1760 244 2791 510 909 2030 1866 2571 1927 2060 466 171 1364 1251 2182 2761 2737 1702 1221 1064 1004 1280 636 690 183 2760 1987 1768 1084 275 2554 2522
2792 118 567 1791 887 2065 1531 1470 1354 919 998 952 2778 1769 748 808 1583 819 930 1667 1585 1854 2711 778 382 2575 2328 2491 928 1851 1063 2379 1970 114 2723 1657 517 2729 923 2304 1179 982 875 1977 2682 2793 975 1578 1579 841 945 2349 1210 1651 2416 2252 639 9 1770 25 311 579 2647 2559 2618 1920 7 151 515 2225 763 227 2459 1209 1211 1154 916 1271 528 492 566 1368 2042 2488 513 2658 2026 2097 1367 1239 2310 512 1742 2361 701 816 2081 2334 1643 353
2024 213 2143 24 426 2430 1689 634 1597 853 2638 2408 558 135 2295 707 1719 2413 1728 754 2533 1533 184 757 2320 1149 1849 29 967 1448 2756 2354 1804 286 119 1478 2615 1296 1265 80 2172 2673 1231 1984 1383 2021 1312 1269 91 2472 293 520 424 1945 498 2235 19 388 1529 232 218 792 2124 1722 1326 2366 1766 2014 2725 1867 2113 425 2508 739 2566 609 2390 473 375 1061 2178 1426 1733 2464 1785 1228 304 163 529 1889 2404 2066 2351 1847 540 2296 2260 2169 1213 2546
2311 1356 1248 239 1435 2164 625 1781 2091 525 1505 113 2794 679 2280 654 2232 1282 2173 49 245 1598 209 838 296 408 383 356 216 139 252 782 1018 27 2632 858 1506 822 2137 1472 2070 1568 1612 2396 1048 2406 2669 1127 643 1187 2062 653 2017 1780 1648 61 1967 1692 1021 1787 2693 1715 390 2025 1168 2053 192 1141 455 1026 1299 2402 1124 1635 1297 1262 1500 1647 2611 200 2465 2236 1011 799 138 2505 655 131 1755 1961 1475 1829 207 1274 331 1831 1050 268 464 1706
609 2725 1766 2464 2404 1889 509 2457 844 1515 957 5 244 1426 1696 2448 744 2115 1616 2128 1477 1953 592 498 2751 1602 214 1139 466 1171 22 1326 1214 375 425 2366 2124 2348 1904 1556 1061 2354 163 2182 520 388 1269 2014 2056 1637 43 2566 2760 565 1849 473 232 2351 707 84 1945 2152 1199 815 171 1596 424 19 2109 2188 106 1364 2572 1064 2706 941 621 2502 1722 1744 2591 119 2390 1529 2408 1768 2608 270 1605 2562 45 1733 183 1251 2498 2522 229 2507 80 2612
1115 2546 1389 2113 2178 304 2066 1213 1300 1785 545 1333 1019 1951 1228 2022 1175 1306 485 1559 1106 803 2504 63 1361 1257 101 215 1451 727 614 737 1786 1394 1230 436 2040 658 374 1900 2000 1971 1798 2759 2238 364 572 328 989 589 962 2381 251 2072 2579 1137 1683 341 1207 646 1883 789 766 395 581 1427 2054 2644 1091 1801 1685 1898 2787 898 2242 407 1353 2323 483 1334 926 1561 1357 714 1996 2409 2540 1087 777 1558 1166 2114 564 529 2277 39 76 2288 149 2542
2116 2263 2386 2678 1525 1726 2623 1960 861 1371 40 1198 592 1083 2572 851 1632 1280 96 2720 2153 2554 894 2522 2562 419 644 181 1702 732 2442 387 762 636 2807 1251 2498 1927 106 1768 2048 620 1364 2188 45 1596 1536 2056 2401 2761 1880 1318 2141 2612 183 1064 1013 333 1336 844 1802 189 2688 2760 481 971 300 1199 1315 2278 2160 6 1365 1205 1032 1856 1084 957 2831 2591 1004 2203 1458 2182 2643 2060 2571 949 2303 1659 2457 815 2448 171 2079 117 2608 1797 23 2261
1814 1122 2269 2092 2833 299 264 2576 2371 2139 2484 428 2063 1589 837 2455 2844 2776 1009 1549 1982 2731 667 2797 1159 1925 1815 403 1735 741 262 888 2385 1619 1994 1863 352 2223 1622 1373 641 2486 2338 2189 1698 2771 2100 1539 891 846 1421 1295 642 2253 1509 1571 1409 1291 17 90 1807 1238 195 2412 2717 234 226 2635 267 1 1824 2158 600 2273 1615 1071 1520 349 160 1349 1338 573 1530 1078 2215 2094 1862 2403 1618 1572 223 1826 317 991 1540 1129 913 2727 2811 961
196 353 98 776 2474 701 1643 585 2361 1819 1864 233 1625 2462 1963 2081 2256 2334 869 2067 2353 910 1402 781 2103 1042 276 809 1344 1600 1667 69 1031 2264 2001 2379 512 1583 1769 1585 819 2723 1565 952 871 114 1077 2336 2225 982 303 528 919 998 1579 2369 2778 975 2803 381 763 50 2575 2042 1063 450 1354 2349 1851 607 1772 1578 1695 841 25 492 916 2157 710 2026 1368 1105 923 1808 875 2488 539 105 1508 1688 1470 813 1920 1384 1204 2101 2618 1396 945 2536
2185 1411 2584 1129 795 1694 1440 386 143 718 2517 2529 1684 2616 1360 2298 958 787 2271 1445 638 30 810 1630 1112 2619 1446 665 2481 1294 1514 2801 1258 71 2246 1215 1270 697 1939 2139 2833 414 299 969 1814 557 2460 2727 264 1009 2092 2455 273 2731 1982 879 2844 267 1242 2468 2484 837 1291 262 1925 1238 2371 46 2363 667 2215 1520 1366 1571 2576 1278 2158 2063 1549 1122 1824 2269 2710 741 234 1815 2717 1 2189 2524 352 1572 913 1619 1589 1350 2273 1863 2399 223
799 1755 561 805 2693 314 2402 721 1647 1972 1395 2061 1317 1756 412 1303 653 2017 534 806 1921 1050 2429 2698 1967 390 290 1273 2531 1475 2285 1918 2059 53 780 2236 1011 1662 1715 1378 1635 1612 484 1274 1024 1465 858 2316 131 452 2244 1875 1655 786 33 1109 1831 2565 1503 1021 1472 999 1164 471 771 200 162 268 216 1216 1568 1438 1039 1746 2505 1282 2465 89 1140 495 2398 1127 1843 936 467 1598 418 699 2765 753 1022 1991 1787 367 1789 1220 207 113 225 52
536 1268 2090 121 988 569 193 1132 1588 680 2333 1418 1793 332 1431 886 1065 1686 571 340 2227 2108 1256 597 2668 2029 36 2117 901 1393 1562 2786 2384 199 1033 2743 417 500 176 979 2217 429 432 21 1249 733 427 802 1430 2451 2267 1553 62 1910 555 866 1890 289 554 878 2415 1266 1499 2380 698 1398 302 1329 1038 142 1699 964 2640 2568 1952 361 2083 1492 681 1399 2798 1049 1053 2808 729 2038 2078 292 78 893 2423 868 2421 2839 1888 865 1429 2795 1764 2335
285 1221 6 582 546 759 1882 1891 2643 1702 1723 1603 1083 2816 1570 807 1260 2666 820 650 1605 298 1537 973 1541 732 2502 2152 475 620 181 2313 1188 1858 2346 2043 1916 750 2171 1015 922 1697 1285 37 690 1797 1397 334 980 1884 594 420 468 2118 2768 1456 2810 1610 1139 148 1763 2179 1153 117 1284 84 941 1502 2194 1082 1979 2706 1227 1738 2841 586 2705 2494 2261 122 40 2303 661 1488 443 2677 1380 1080 1090 1308 327 2425 2620 2476 1560 956 510 1199 1113 1761
924 1288 1703 1363 2216 1487 2841 1471 1605 2502 2152 953 1139 214 333 1953 335 22 621 2348 1171 2230 2401 171 2567 1602 2591 1214 149 2768 2751 2612 2705 1866 1019 420 2109 2160 2706 941 1251 183 1760 1891 1217 1726 856 1113 909 300 1364 2497 309 2831 189 1315 2263 45 2507 997 1632 419 2678 236 2498 1927 1671 2079 2522 2760 2182 1712 1696 1032 2608 106 834 594 244 1064 2188 1727 198 1397 2562 2056 1458 2197 304 84 2203 1336 2572 2448 1596 1365 1013 117 2737 2666
1710 1701 1489 1417 860 1788 1437 900 197 1870 2836 348 2375 2817 1307 817 1545 1782 1656 1649 1679 463 2790 2528 2241 1644 2011 489 1926 2826 1045 2397 1624 1486 1328 169 179 2389 59 2649 626 712 2367 1102 1407 2050 925 1444 1658 2515 2411 26 1934 1617 1623 606 1208 2130 735 2767 1381 2084 2837 2832 433 559 947 2454 440 2424 1054 2289 1386 2300 1369 2628 645 674 221 312 1319 2082 2840 2769 1752 2439 1796 1544 188 2034 445 1029 563 260 611 2270 480 987 1584 970
419 2554 894 2153 96 1927 1632 106 189 2060 1032 815 481 1987 1013 1336 2401 1171 22 2079 1214 2612 2160 1251 1315 2567 2313 2831 1364 2109 333 2705 1703 971 2197 1363 309 300 762 861 1108 2720 2425 1286 468 1288 506 1727 1365 1283 2562 2261 2571 1907 644 2751 1844 2141 1749 856 2162 2116 1083 181 2048 1797 785 1858 2058 2643 2555 2194 2442 759 744 661 2841 2152 1661 2216 2278 171 620 2522 45 1536 1064 2188 1277 834 2807 1702 2386 2760 732 335 621 1726 2726 1227
374 803 251 2381 1427 1900 364 2040 101 2579 215 2504 436 2540 737 341 989 2759 328 766 2238 2542 789 2242 1798 962 1683 1230 395 407 572 1883 2644 581 2114 1334 2323 1786 1971 1561 1257 1898 1091 1559 1106 485 1357 1451 2656 1361 1213 1175 1951 39 529 1207 1996 1801 1306 1115 617 1137 483 2066 1166 1389 2546 545 777 1693 751 2000 926 76 589 1590 2113 2784 614 2277 2288 564 93 2409 2072 2699 2149 727 898 1818 2178 1300 1353 1176 304 1180 1346 2495 895 2787
431 2510 70 1839 1759 2757 1753 2561 1125 1035 2777 2772 2077 2478 1390 315 1834 2622 1557 951 18 1842 2818 2663 2 1165 2015 1252 601 2302 1938 767 191 1443 2315 277 2686 2702 1747 889 1833 502 1980 990 2532 2685 2496 297 211 2276 1235 2471 369 2601 1460 522 250 1845 1608 578 2624 1075 1989 103 1323 1340 1114 1413 688 1821 684 1767 702 1830 1511 1107 1720 768 126 461 1975 269 903 65 1391 848 2323 1310 1969 2388 202 931 2161 1908 1976 2746 284 2667 1186 1512
1453 2713 2433 1490 1901 2376 1796 1569 1496 2034 2721 100 48 64 1316 715 2545 2309 305 562 201 2272 439 2556 1860 51 155 1640 563 2815 168 2650 1636 1965 260 2826 1948 1840 231 1658 2241 518 1416 440 1148 1096 1051 1381 2088 712 194 1878 2439 2352 1422 1218 2628 2050 550 645 659 784 2289 1584 2538 486 1617 2454 735 2836 1544 559 2649 1782 978 2553 2337 1045 1623 1261 1369 480 445 965 348 2130 1123 1586 2769 497 1444 925 747 169 1679 2631 900 2652 1649 1054
1096 1948 1416 1362 2272 2815 1860 1897 1316 2721 48 1965 1496 439 2034 64 715 1569 1658 497 100 1490 2241 2309 201 1636 155 1796 1586 1381 2713 2433 563 659 51 2376 1617 562 1453 712 1307 2650 1051 305 2556 231 1901 2545 1552 2553 445 559 2352 260 2628 168 674 1218 486 1319 2046 784 1640 2826 1148 900 645 319 1486 194 1123 2419 906 2732 2088 547 2337 2076 2836 1261 1046 992 1584 611 1437 1993 134 1840 1782 978 2007 2289 1878 1544 1679 2840 1045 1623 1054 1422
1563 28 2479 238 849 1532 2365 2552 2819 505 2250 2181 523 152 2500 458 175 587 2119 2283 81 2716 1827 313 2370 1896 972 734 2689 2527 705 2534 2674 1741 2191 1376 2177 2557 1339 2099 696 2193 847 2052 2592 2228 602 330 1680 1111 503 1708 354 633 1332 2322 2742 711 1873 1335 1117 740 2764 772 92 1912 1831 261 671 1704 1314 1655 1746 2806 726 927 2144 268 1789 1543 2681 1475 2059 120 2237 1932 780 1692 771 456 968 1730 464 2687 125 68 131 1923 1281 452
2252 916 227 2042 2682 1063 1651 1578 841 1583 1977 1179 945 2491 2310 1579 1920 517 2328 2379 2097 2225 2723 2647 998 982 639 763 2349 1211 1851 1368 114 1769 887 928 919 1657 9 1770 2729 1239 1367 512 952 1667 930 118 515 875 579 1531 2792 1031 819 1585 2803 1154 2660 2026 1791 2778 1210 1566 923 1470 2575 2459 1354 2416 2488 2462 975 311 25 791 528 567 748 566 2304 778 813 2081 1819 607 910 1209 7 2065 1565 2618 1614 50 781 1331 1396 2559 1970 1673
2034 2545 1796 100 1569 48 64 715 2721 2433 439 2713 562 305 1640 2376 51 2309 155 201 1901 1860 1453 1490 1584 2826 1316 563 2241 1658 260 1096 1948 1496 1381 168 2556 1617 659 1051 712 1416 2023 1636 559 2439 2272 1782 1878 2352 2815 2650 194 2628 1993 1965 1544 1840 2836 992 817 1926 550 1045 1218 1307 1148 518 2088 2817 497 1123 1261 1437 1486 2755 1422 1369 231 2045 2419 348 900 1656 188 26 2454 2649 2046 1444 1407 169 947 978 547 645 1362 925 1663 860
897 1933 2071 1790 2156 1321 1638 1709 2645 2750 1098 2432 836 2096 2201 935 1052 2450 2342 2446 1736 1044 1621 755 2355 1305 599 666 2452 222 2642 1504 1436 1806 2420 2537 2218 1145 612 2362 2627 477 396 595 141 2512 2098 850 1023 144 1047 1865 2747 1085 1510 2587 1906 2679 461 320 2074 2691 908 1903 460 2313 1676 816 208 1425 2060 1978 2122 2163 823 981 2655 1858 2055 73 1808 189 1717 1160 1155 399 177 1188 834 2775 1599 1163 530 2357 2274 401 1089 164 1550 96
2171 2043 2810 2666 650 2816 1891 1916 2346 1723 475 922 1697 1153 1763 807 1188 37 759 1456 1090 586 2643 411 1260 285 6 1702 334 1603 750 1082 546 1541 1308 820 1083 1882 122 1284 582 620 1221 468 2167 1858 181 2313 732 443 1865 1227 2268 1797 1761 956 980 829 661 459 2194 1884 973 372 1570 38 2118 1006 2841 1537 1285 1605 724 1015 2261 2179 1610 298 1027 2502 148 1502 476 938 619 196 636 1150 1250 1380 594 2823 2449 690 2779 2514 2489 2168 2623 2699
499 545 1785 1228 1333 63 2022 1685 1019 1394 1213 2113 304 2178 2066 374 2546 1087 1137 954 1389 803 898 2759 1298 1898 2579 1115 2504 101 1558 1257 2072 1207 341 617 2542 182 1166 1334 251 2381 2040 1971 2323 2242 485 1306 407 1561 149 1928 1631 1801 364 1091 2238 614 2644 962 1590 1559 1798 714 1786 1175 93 395 1683 1230 1951 1176 328 695 989 529 789 465 824 1106 76 2277 777 581 1883 1712 1451 132 737 572 1996 1361 727 2422 2656 1427 589 1300 766 1093
1870 860 2769 1417 1489 26 2454 1701 1369 1788 348 2649 925 1710 712 480 2538 179 2050 2714 550 735 1617 2289 1045 769 197 2130 433 161 2011 463 2840 2650 1029 2375 2241 1895 440 445 1796 1328 562 518 1663 2837 305 1422 2556 169 1649 1993 2721 1658 947 2817 715 51 2836 645 1569 1782 1644 2790 2439 155 1407 1544 1926 2628 1051 260 1381 48 201 100 1584 1640 1416 2528 59 1656 1102 1444 2045 1679 2707 1218 2034 1496 2545 1860 1552 489 943 1752 231 2309 817 1934
2044 2501 1934 85 2411 312 987 2832 1656 1102 1405 635 943 188 2528 221 2817 1644 2790 556 611 1624 1407 1926 547 2300 1319 1386 817 2574 2270 1422 259 1092 2082 826 1983 1190 2007 2397 1428 977 445 1617 1848 1552 2544 626 2840 1158 2800 2344 2670 2652 2837 2424 1414 463 1146 1029 518 4 1046 550 2724 1752 1545 2676 2307 283 2419 219 712 2538 2826 1737 2836 1788 2011 1253 2069 2358 2084 1782 659 74 1381 978 1993 613 486 2714 606 2606 2337 559 784 1636 2148 1878
575 2754 1691 2019 2550 1507 107 2414 1177 2080 1482 2604 2383 1523 441 1669 2695 1104 2641 2176 55 373 728 845 397 584 1016 2395 1194 2630 1517 2733 1805 2780 2106 1382 462 2684 1259 2347 1147 2525 917 357 2805 2804 2586 2651 2297 775 2447 2360 1832 1372 1014 2033 2159 2234 32 2637 902 2518 469 736 1450 1028 2166 2752 2240 1690 1626 1919 2326 2368 2345 279 1809 818 2192 1192 1410 187 1120 1611 590 794 87 2563 1678 1734 993 2605 1943 1467 830 83 1169 2254 541 102
1159 2063 403 2455 837 1009 1815 264 2484 1814 352 1 1520 234 1291 2731 2092 1122 267 1238 2399 2833 1572 2371 2727 1589 299 2139 913 667 891 428 1982 2844 2576 1025 307 2269 2776 1349 741 1925 2138 1735 2158 17 90 2215 2797 1539 262 2189 1549 1615 2635 2834 2385 1509 223 888 2486 2255 2541 573 1619 2403 226 1571 2412 2431 846 1863 1994 2710 641 1622 1373 2771 2175 2100 349 1803 2717 2223 317 2338 969 685 1540 2094 1530 1807 127 1630 2811 1698 1618 551 1366 991
957 752 1889 2725 509 2464 2457 1802 1515 844 5 1880 609 2404 1766 2128 2448 1426 744 592 2476 1696 1726 1032 498 1596 669 2115 2720 2562 1768 2442 387 1280 466 1797 189 2060 2278 2807 115 1556 2498 163 1637 1084 106 2678 2351 454 2168 388 1927 448 1064 1616 2182 644 2572 1659 2522 2188 2627 476 1083 1199 229 1702 1364 1945 1525 1858 2608 232 244 1632 1536 23 1744 2508 2688 565 582 1560 2153 181 2048 1286 468 2124 1960 636 759 2760 300 971 1269 1061 1296 2014
2769 1870 26 2454 348 1369 925 2649 480 179 712 2538 550 2714 2050 860 1045 2130 735 518 1417 1489 1701 1788 1617 197 2840 1710 445 463 433 2289 2375 769 440 2011 1029 2650 1422 305 562 2241 51 1895 1796 1328 1663 161 1934 2837 2721 260 1640 2556 645 2826 1569 155 1752 2817 169 2501 1993 1552 1656 817 1649 1486 59 2836 100 231 1840 715 2528 1624 1782 188 1644 48 556 1407 259 312 1146 64 489 2044 1926 1172 2411 970 1658 2544 611 1948 1102 2439 1584 1416
2000 1451 1361 1559 1106 1786 2054 1257 1971 614 2787 727 589 1207 1951 2072 658 1306 485 1175 2656 1137 1483 76 1672 483 646 1091 44 2149 789 581 1178 1357 1230 1798 215 803 2409 2495 230 564 926 436 1300 1353 1447 1900 240 2040 1749 2437 1180 1334 1693 376 2785 39 16 1389 293 374 2381 572 1996 2504 2579 777 2695 737 989 1427 1115 2288 1914 1523 364 251 1818 714 1561 1019 2540 1346 132 832 1535 751 441 341 954 395 2383 2644 1166 291 1558 766 2281 1801
2656 2149 1693 751 1786 1106 310 1971 1257 1593 1559 2827 1451 983 1743 2000 1361 2787 2016 2441 1357 954 39 832 2288 1535 95 1672 2437 1343 2190 76 581 1091 1836 1856 2737 132 215 1773 2542 293 596 2129 1685 926 564 614 1019 989 182 436 803 1176 2281 1818 2112 2495 2653 1914 485 737 695 1760 1513 2040 1346 940 2785 1900 1180 1434 1207 1116 149 63 2202 727 2745 1004 2114 2497 1951 1795 1230 1869 364 75 1161 230 1333 2242 1137 1713 589 2072 949 1224 789 2504
1394 545 1801 2277 1213 304 2113 2178 1087 1389 2066 1228 2644 727 2546 529 658 1558 395 572 1361 1207 1137 2072 1333 1785 589 1230 1115 2579 2381 1451 2040 374 1300 1798 614 1951 101 1306 898 1175 1559 2504 1106 2022 962 1900 714 761 63 341 485 2759 2238 1257 2000 789 436 581 989 364 251 215 1786 803 737 1898 824 1683 2114 1019 328 1091 1883 2547 766 1178 1971 2323 1685 2242 1427 2249 576 1353 564 926 483 132 695 1561 1176 2784 2409 2054 2656 1996 1166 777
924 1487 1471 953 2841 2216 1363 1288 1703 761 2249 834 1027 2452 1044 1605 2502 205 2043 2317 1308 1250 2810 1139 1006 2567 1090 443 1389 419 2573 1082 2823 586 333 1188 2171 2554 2779 96 1763 2666 1727 650 752 63 167 894 2037 1456 2623 1677 1019 2114 2153 938 545 1697 2679 2816 2446 1641 2546 2245 37 922 1300 1903 474 327 1771 2152 2086 1184 2547 149 2625 2220 724 1371 1213 1931 104 1685 309 214 2179 907 2704 411 666 2288 1394 1357 1106 1990 2579 2555 1115 581
2152 2502 941 84 1605 214 1602 2348 1139 1953 2841 1866 1171 22 2751 909 1214 744 1113 2109 2567 244 957 106 398 924 1616 2115 1696 1927 509 189 2404 420 1889 2162 2768 1371 2060 454 609 2457 1032 1738 2572 1632 171 621 2706 2141 510 844 1661 2464 2612 96 1365 2203 1280 1199 2401 851 2263 1960 183 1397 815 1488 2197 300 2725 2623 594 2521 419 1458 2386 2591 1907 894 1269 2448 335 1726 1525 1766 2230 1364 148 466 861 2153 2705 2726 2678 232 2554 270 1659 333
799 1755 805 314 1756 1317 2061 1647 1395 1967 2402 390 721 1972 2693 1635 1921 2236 1475 1050 1715 1303 806 1655 999 1274 534 1024 1831 653 2531 1918 2429 1568 484 1662 2698 561 2059 1378 1273 268 1472 2505 2465 927 726 1789 412 1503 2017 1282 1140 1829 2053 471 131 1746 296 2301 108 2765 1275 1438 780 1127 2244 936 464 782 356 1875 1022 1164 363 2232 1465 1356 1706 1124 2407 53 1018 1011 33 838 2406 1612 1039 252 402 113 1118 1216 1787 2632 1648 1008 858 216
285 1221 546 582 6 759 1882 2643 1702 807 1260 1083 1603 732 620 820 1541 181 1570 1891 298 1723 1797 1285 2666 2313 750 650 973 1697 1188 956 2816 334 1537 1858 922 475 2118 980 468 1884 37 1456 1916 2171 1605 2152 1015 2043 2346 117 690 2268 2179 1380 1284 1763 1153 2502 2810 1610 372 1397 594 629 2194 420 1502 2425 1082 2677 1979 1227 1080 2476 2303 586 327 122 1761 411 1184 148 1922 1090 459 2768 2494 2791 661 1308 281 23 636 2706 1198 946 40 443
2772 2077 2478 2777 1753 1125 2161 2561 70 2015 1834 951 1252 2818 1759 2757 2510 2663 18 2 1842 601 315 2622 1390 431 1165 2302 1557 191 767 2315 1839 277 1035 2702 2685 2686 1443 1747 522 29 634 2320 889 1989 2533 2430 1938 1969 1149 2143 286 1511 1235 1980 369 2172 688 24 293 1114 2667 1533 1460 2673 2024 555 2624 2276 2746 990 417 1689 426 578 126 2583 211 502 1890 2509 1767 1418 1391 1810 359 967 886 1869 67 249 2601 646 702 2471 2756 853 754 1323
1938 767 277 1443 1833 889 2686 1747 2777 1753 1125 2478 2510 2077 70 2772 951 1759 2757 1834 2702 315 2818 2 431 2315 2015 2663 1252 1842 1980 18 2532 2302 1165 211 2561 1557 1390 1460 2496 369 2622 601 191 1989 2685 990 297 1035 502 1845 2624 1340 1413 1235 578 684 250 1839 2276 103 126 2471 2601 461 2388 1323 1975 903 1608 688 1418 571 1767 1114 1720 500 1821 1884 702 475 980 1908 2098 1047 1952 997 1065 284 1391 848 2346 522 65 1830 1916 1107 2666 1511
196 353 98 776 2474 585 701 1643 1819 1864 2081 1625 2067 2361 2462 1963 869 2334 2103 2256 910 233 2353 1042 781 1402 276 1344 809 1600 1583 1702 1419 1031 1565 1063 1188 813 1667 982 2682 2252 2803 998 820 2643 1791 1977 2336 2225 710 1769 2042 381 2331 1221 1105 282 2157 50 582 975 1179 1909 1227 919 871 2660 1083 1260 105 2491 1370 476 546 2792 732 952 759 2349 620 446 2328 1541 1354 2369 2810 825 1508 227 1739 181 1651 1396 661 285 2048 2778 153 1554
2394 105 1946 1778 416 11 883 2110 664 1002 243 337 2600 1705 1419 2830 1040 2331 2711 1309 94 908 301 2697 749 144 984 1020 1331 2417 1271 2560 673 1978 1742 1614 435 2458 1968 1527 1068 365 2377 1005 605 2452 1119 318 1966 1681 717 1495 1854 2730 593 1152 487 434 2290 544 1673 1311 2196 1424 855 1138 2087 1731 7 1325 151 1370 1581 2549 1404 1170 1396 821 937 2519 1554 2262 678 808 1142 1573 1155 774 2696 112 599 2788 610 1105 2005 1006 778 257 2095 1036
702 1830 848 768 903 1114 931 1107 1767 65 2388 1908 284 2601 990 2471 502 522 1235 1845 2667 2624 1340 688 126 578 835 1310 1608 297 103 1254 250 2276 1323 1512 1720 1821 1391 2314 684 1186 1413 1975 767 315 973 2315 2302 277 2323 1759 1390 1165 962 2620 2622 191 2757 1458 1075 1570 2702 398 1980 2772 1557 2015 1538 2495 1798 1834 2777 395 1620 1125 1753 601 1406 249 1252 1144 67 1989 1113 1012 1285 211 1922 339 70 2685 1065 2077 338 1418 1277 1015 2561 1810
269 1548 2315 1980 2 531 1732 2663 277 1073 2702 2685 2641 1678 1147 2176 830 2518 1833 728 191 55 1194 1593 2275 2302 767 1443 397 83 2510 1165 1747 684 951 211 683 1753 993 1450 568 1001 2276 1252 2772 1125 1943 889 1557 1834 1120 1767 2015 2483 2314 1035 1938 70 1406 44 65 584 2746 1975 1057 575 431 1919 2818 1413 1131 2350 601 2077 126 603 2563 2296 338 2243 315 2359 18 1285 1990 1020 1390 2290 1277 373 1979 1620 2180 1391 2777 379 1499 112 1483 2830
759 2643 1260 6 1702 181 1797 732 620 1188 546 1083 582 1858 1697 807 468 1882 2313 285 1221 1153 2476 1865 922 2816 2425 2810 2043 2171 2666 229 650 1541 820 1456 1227 1891 636 411 956 2823 372 1603 476 661 2261 1284 2807 669 829 2194 1318 2278 122 1536 1761 1560 1916 2168 459 1763 2167 2346 2268 1768 1723 1380 1515 334 750 2720 1199 2048 5 971 980 2627 1108 448 475 38 1570 396 2688 281 1884 37 1015 2498 644 2677 1610 387 1844 2442 2188 98 1596 1286
2044 2501 1934 85 312 987 2411 1656 2832 1102 556 611 188 1405 943 2528 635 221 2817 259 1644 1428 2790 1319 2007 547 1158 1386 1848 659 1926 2241 1422 1840 2826 1624 1046 1407 1617 1636 2439 2358 2419 1752 900 559 1381 2300 826 2270 2652 1782 1658 2082 563 1414 201 550 2133 1878 626 2337 2397 260 518 1983 4 1737 305 2713 1316 2545 155 2574 1552 2544 2069 1796 1486 440 1045 712 2836 219 486 283 2046 978 2837 1544 1965 1092 2670 817 992 977 784 1208 1437 1993
1504 897 1436 222 2218 2156 477 1321 2355 850 1933 1790 2071 2342 1638 1098 2645 755 2512 99 2450 1305 2750 2432 1736 1709 935 836 2201 2096 2691 2362 1510 2163 595 981 453 208 2587 1806 401 823 164 1872 2452 760 1085 2722 2679 460 399 141 437 1233 1621 816 2655 1628 1717 2122 1903 1163 1145 177 461 2074 144 2446 1160 612 1599 2775 2567 156 731 1052 2577 72 380 1415 174 2126 2642 1047 1023 599 2829 1044 1784 2055 2747 2469 2098 172 2636 73 320 2537 1682 1155
2000 1451 2054 1559 1361 1106 1786 1971 1257 483 2787 1749 1672 614 1483 1353 44 2437 1300 727 2579 646 240 789 1178 1207 2072 1137 658 2656 589 1951 215 1836 16 1357 581 1091 1230 1900 374 803 564 2784 1447 1180 2504 824 251 436 2381 576 1389 926 2040 2785 1115 376 1798 2149 39 230 1996 1801 751 572 485 1513 1019 1306 1693 766 1990 2288 1523 777 132 737 1175 1914 2695 2495 1161 2238 1883 1427 2409 989 441 1593 1818 954 1394 2546 2644 328 63 76 1213 1176
2346 1916 2666 650 2810 1891 475 2043 2171 2816 1723 1153 820 1541 1697 922 750 1603 1882 334 1188 285 37 1763 759 2643 546 807 468 411 2841 1221 1570 732 1865 1702 582 956 6 1082 1308 620 2313 586 980 1487 1537 1884 1260 1605 1858 2179 1227 1090 953 1456 1284 973 1471 1285 298 181 1083 2768 2167 443 594 2216 1502 924 372 1397 2502 2494 1797 117 148 1462 619 1139 2712 2118 1006 1027 420 1080 122 1015 2261 2194 459 2268 1761 275 1979 521 629 1703 1184 2308
2619 1294 1939 2481 665 1446 638 30 1258 787 1445 810 71 2271 1270 2529 2616 1360 1514 958 1112 1694 2517 1630 2246 718 386 1684 1440 1129 2298 143 697 1215 969 2185 2584 1411 414 2524 2104 2801 641 1925 273 1863 1242 1619 2709 2710 991 1278 1982 2771 1373 352 2595 127 2455 888 262 879 147 2460 557 667 706 299 1735 577 1807 795 1607 2139 2385 2833 741 1815 1509 891 1291 2444 1341 1009 912 913 2332 228 1355 2797 2739 1295 267 2468 1816 263 264 837 583 1238
633 503 2322 261 2773 1680 772 711 1335 2199 872 1704 602 2193 1314 1111 1332 120 1117 2814 1655 2265 2052 1297 1831 2764 1730 2681 1543 2592 2237 740 2610 1955 771 2250 2715 649 2806 1135 2228 326 1746 1929 1706 927 1376 890 464 2144 2687 31 972 68 1873 1789 238 1917 1293 159 507 2236 1885 1650 1097 367 2062 2306 553 505 1099 2191 1003 587 2594 699 1852 1164 2099 2105 2742 2557 963 1109 330 580 1532 877 1156 1475 533 2789 1021 1143 92 354 295 28 1956 968
1938 1443 1833 767 277 889 2686 1747 2510 70 2777 1753 1125 2077 2772 2478 431 1759 2 2757 951 1834 2663 315 2702 2818 2315 1842 18 2015 1252 2532 1390 1165 2496 601 2302 1557 2622 1980 211 2561 1460 369 1989 191 2685 990 1839 1035 1845 297 502 1413 1235 578 1340 2276 250 2624 2601 571 2471 1418 684 461 126 688 1767 1608 103 2388 903 1114 1323 1975 522 702 1908 1065 1821 848 500 1391 1720 284 1976 1830 931 768 1107 417 65 72 997 597 475 1952 1310 1884
2725 1889 1766 2448 609 2464 2404 957 509 2457 1696 744 2115 1602 1953 5 1616 244 844 909 1426 1477 214 1515 1866 592 2751 1171 43 2128 466 2508 1802 752 2348 473 498 22 2109 1744 2442 388 2124 1108 1365 163 2162 2169 1596 2726 1214 1556 2351 2014 2498 959 1139 1927 971 419 2197 189 669 2366 1326 375 2188 119 2562 1199 2060 2567 1061 1907 1904 2841 585 1487 2612 644 558 115 476 213 167 894 2591 924 135 520 2706 1265 1880 454 1364 1217 232 229 1757 2408
1710 1489 1328 2836 1701 1782 860 712 947 1444 1417 1617 1679 900 1437 1663 1658 1054 1045 2241 1381 1369 169 2837 1649 1623 1218 2011 1416 2767 348 1993 2707 1486 197 1796 2454 2130 1948 1870 2649 2050 1261 2628 1096 1307 179 925 2034 26 1051 1422 1569 645 51 445 559 1544 2714 735 155 2840 2826 194 2769 463 480 260 563 2439 1208 2545 1926 2419 817 1640 2790 1788 2528 440 1316 2817 715 2721 100 2713 1552 674 1407 2352 497 2832 259 221 1644 2411 1102 2300 2397 64
1754 1038 2421 1041 1949 2520 2210 640 1272 13 323 2671 377 828 2578 1668 2828 2602 672 1374 2539 1429 933 1337 2047 2428 2629 2798 1049 698 865 2120 2038 2031 56 2032 964 1070 2221 729 370 1189 1399 2083 932 1521 2267 176 2423 743 1553 868 839 142 1492 2380 955 292 1255 2387 427 979 289 1430 555 2451 1329 554 2786 1699 123 1888 1249 1890 2217 681 302 429 2227 1256 1033 2415 1236 1910 886 893 340 802 432 597 2029 21 2108 2568 2808 1266 2117 1952 878 2335
2113 2178 304 1213 2066 1389 2546 1115 1785 545 1300 1019 1333 2022 1228 1394 1951 63 1175 727 658 485 1306 589 614 1361 2072 1559 149 1137 1451 2000 1230 215 737 1798 803 1106 1685 1207 1558 341 898 572 962 101 436 1900 374 1087 581 2409 2040 364 1786 395 954 2644 1801 1257 989 1971 1683 2277 1166 2323 1334 714 1353 1898 1561 2787 328 2504 2242 1357 1883 924 2656 2381 132 2238 2579 251 2114 2054 182 39 2759 2542 1161 1091 564 766 1176 2288 1693 2540 1712 529
493 1358 57 1034 2174 1234 1861 1580 2418 2004 280 859 210 2461 366 570 1392 1792 1930 2125 1665 976 793 133 2672 689 797 1196 2374 746 2327 1758 1279 1859 1276 1575 1664 1375 2456 2838 1947 1724 756 548 2184 2694 294 2330 1765 663 2206 2186 1551 857 1776 228 2039 704 1072 77 1457 588 1877 2332 1350 2198 880 1086 2739 158 801 1887 2581 2229 720 1191 2356 2123 422 1193 421 242 2659 885 2321 263 2703 1030 2662 2155 287 583 2590 1377 1043 1675 1229 1542 656 2548
1096 1948 1416 1362 2272 1897 2815 1860 1316 1496 2721 439 64 1490 1965 1586 497 1569 48 715 2034 2713 1051 155 2556 2433 1658 201 1636 2650 100 1796 194 51 1453 1381 2241 2309 1218 562 2376 2628 2352 563 2545 305 712 1640 231 645 1261 2553 2046 445 260 1617 1901 1584 659 2289 1307 1552 2088 168 1840 2836 134 486 1993 2826 784 992 1782 1148 1544 674 1123 900 2755 1486 1054 319 747 2011 2419 559 1444 2735 2337 1649 1319 2767 2023 2840 947 1045 906 1623 2732 1679
2656 1693 2149 751 310 1786 1971 1257 1106 1593 2827 1743 1559 983 2016 2441 1451 95 1343 1361 596 1357 832 1535 2000 954 39 2737 2787 2190 1856 2288 132 695 1176 2542 1091 581 1773 75 215 1434 1685 1004 2040 436 2112 182 76 2129 1672 926 949 989 940 1900 737 1795 564 364 2437 1513 1818 2495 803 2504 1760 63 2114 2242 766 2497 2745 1019 2281 789 1346 1207 1836 1116 2238 1914 2202 341 2381 1713 1180 230 198 149 1224 1230 824 2785 1161 485 1137 614 328 777
493 1358 2174 1034 57 1234 1861 2004 2418 1580 859 280 366 210 2461 1792 1930 570 976 1392 1196 2125 793 133 1665 746 1279 2374 797 2672 1758 689 2327 1859 1575 1276 2456 1664 2838 1947 1724 1375 548 756 2184 2694 294 1765 2330 2186 663 1776 857 1551 704 2206 228 2039 1877 158 588 242 1887 880 1457 1072 2229 2739 1191 2332 1086 720 422 1350 1193 77 2321 801 2581 263 2356 885 2198 2659 1030 287 1432 1043 2703 583 2127 2123 1542 421 2590 934 1522 656 438 2155
2713 2433 2034 1453 2721 1569 2545 1796 1490 100 64 715 48 1901 305 562 2376 1496 1316 439 2556 51 155 2309 1640 1860 201 2272 563 2826 1840 1948 1636 2815 260 1965 168 1658 440 518 1381 2241 2650 1096 1416 2628 1148 1584 2439 1051 231 1878 1544 2088 659 1782 645 2836 2050 559 735 194 978 1617 784 1422 2352 1307 486 2337 712 900 1752 1649 2289 550 2840 497 2538 1218 1623 169 1045 2631 1437 1123 2652 1486 1993 445 965 1054 950 2553 2649 2454 259 1586 906 2358
2528 2411 1102 1934 2817 1644 2501 1656 2790 2044 1926 85 312 221 2832 943 1796 1405 2034 817 2545 1624 305 2241 2721 1381 987 1569 659 2300 155 2826 100 635 188 1658 48 2439 2433 562 712 1782 715 1636 2713 1316 563 1407 2007 556 51 1640 1878 1617 559 1840 64 260 259 439 1901 1544 2309 201 1428 1860 2836 547 900 550 1993 611 1422 1965 1848 1386 1046 1045 2419 168 2652 1486 518 2376 1552 2556 1752 978 2337 1319 1437 2046 784 2358 2133 497 1490 486 992 2088
982 1470 887 1531 763 2225 2065 748 1667 819 2723 2792 2575 1585 2328 114 2042 916 2491 1791 1579 227 1578 841 2252 2778 517 567 118 1063 1179 2682 1769 930 639 945 919 1977 1211 1651 1851 1354 1770 952 928 1854 2647 2310 382 778 1920 2349 2379 998 2711 9 1583 311 579 808 1657 875 25 1210 2416 528 1209 2097 2488 2793 2729 2559 2459 2618 1154 2026 2304 566 1368 513 7 975 1367 1970 923 512 151 1239 492 2658 1271 515 1566 1528 2462 1864 1819 1963 2081 910
1749 483 2555 1727 1353 834 2058 1300 240 2784 789 1883 1801 1672 1277 2579 2277 576 1161 2437 1178 1394 1513 824 2547 1304 545 761 1847 2066 2238 1483 1228 1836 2504 2546 766 1106 1743 1361 2113 2785 572 1213 596 1990 63 1559 2249 16 564 1914 1685 2178 1115 2644 304 1804 1389 132 328 95 2000 1091 1476 529 44 926 1176 2288 967 1230 1971 88 2745 34 962 1451 1137 2759 395 230 658 2190 581 727 1593 1019 777 341 101 2381 1093 1180 1996 149 1087 374 47 251
2018 2146 2284 1289 2008 764 719 2551 247 1403 190 1157 1534 153 1577 914 1351 35 723 1493 539 1204 2582 1121 604 1915 303 1359 2585 343 212 206 1997 549 2824 1128 58 2485 2361 615 1247 862 450 874 1772 2487 998 1751 1970 871 2204 416 2603 812 2209 2718 778 2353 2550 2792 2711 2453 516 2165 825 1271 1347 1566 382 2604 1854 1507 869 632 337 151 2067 1367 1177 2793 1246 1583 1595 276 2488 2658 107 2336 2019 1136 808 2434 2536 1734 1745 1239 1651 2414 2405 2233
1979 2494 1184 117 2203 327 2303 1205 2573 1659 2179 1502 1198 1687 1570 594 2768 148 1738 1488 1922 1397 510 1537 420 1400 2521 953 1113 275 1605 2620 2791 2030 690 298 924 2841 1082 1080 1471 1308 1371 2623 1960 2263 2678 1285 1525 2535 973 2502 1641 1487 2572 23 1006 2706 2359 1884 1891 2118 37 167 1726 946 2245 2043 2152 475 2222 1760 1712 20 980 325 922 629 907 1456 1723 1763 443 182 586 2346 2288 954 1106 205 2497 1357 1284 149 2171 2816 1697 39 1090 1559
29 1149 2320 2533 286 2172 2673 293 2021 2756 967 213 754 1728 2408 707 2024 739 1231 2143 2787 634 1689 24 426 1597 2430 2615 1719 1849 1448 1804 2354 2638 2295 1478 2224 184 2413 1265 558 135 119 218 853 91 1296 792 1529 757 80 2235 2054 1383 2390 1269 2472 520 498 1984 1722 1867 2000 424 1533 1798 646 1312 425 232 376 1945 1451 2566 1733 2124 1361 19 1334 1559 1106 2014 802 142 1492 1886 388 1469 2366 529 1535 2730 1951 2078 1786 1207 962 2296 2464 485
2821 2467 346 2690 363 52 936 402 108 786 478 471 2505 1438 2465 2301 753 2407 1481 2398 1662 418 1008 484 2244 1465 2429 628 1220 1022 2059 1378 534 780 806 2765 467 758 452 1692 389 430 1918 840 2687 2634 1275 1048 1730 331 207 53 1787 225 2285 999 1789 1929 290 1026 655 2806 1612 2632 61 1273 295 2470 2669 2611 726 138 1756 504 2025 2531 464 653 1039 1097 268 643 89 1822 1475 1024 1140 654 1706 927 113 1293 241 2142 192 1124 2794 2070 1018 2396
1628 401 453 2163 380 437 1233 73 1599 981 2074 399 2055 141 760 1023 823 1510 1872 2587 208 1047 595 612 2098 2469 2126 2747 461 1145 99 731 2655 1717 1160 2122 2679 1085 177 1903 816 477 2829 1163 1976 222 2009 1688 164 2274 1808 2636 72 1784 1504 694 1436 2775 156 174 2750 172 2218 599 1321 2201 1241 2722 1305 460 1404 1415 1100 2577 2645 1098 1155 1682 935 2512 2362 2452 2432 755 2446 2691 850 1933 2355 2450 1790 1479 1736 1089 2342 2537 897 2071 320 2096
1730 1275 2687 1929 1789 2806 295 927 1655 464 1831 1706 2715 131 2301 1875 268 999 806 484 2059 780 1475 1662 1378 2244 2429 534 2236 495 452 418 2765 1262 331 1465 1022 455 653 2407 52 31 1843 1097 1024 2285 1293 1481 326 726 1011 786 2531 53 241 1039 346 580 1813 2142 1822 159 290 2470 1568 389 33 324 1503 456 840 655 467 1274 2565 1932 1923 430 1008 1026 390 1143 1273 2693 1635 314 2316 225 1715 504 363 1787 1281 1967 125 1062 2232 89 1941 207
702 848 1830 931 903 768 1114 1107 1767 2388 65 2601 1908 502 990 284 2471 1340 1845 2624 1235 126 688 578 835 297 103 2276 1310 1608 250 1720 1323 1821 1254 1512 522 1391 2314 1413 1186 684 1975 2667 767 277 601 973 315 1285 1759 18 2 1458 2663 298 2302 1570 962 1989 1842 1397 1753 2757 1125 1922 2478 2777 2772 1839 2323 2620 1390 1165 2503 2077 1015 1832 1557 1798 431 2622 818 1834 1232 420 117 398 515 2496 395 191 70 1770 492 2647 1154 1687 886 2297
18 1842 2663 601 2 1834 951 1252 2015 2818 1759 2757 315 1557 2622 1390 1165 2077 70 1125 1753 2777 2302 2478 2772 431 2510 2561 191 767 2315 277 1938 2702 1747 1443 2532 522 1989 2686 2667 211 1114 889 1035 1839 369 2685 1460 1833 1980 1767 578 2624 1845 931 2276 250 126 990 702 848 1830 768 1235 1821 2323 502 1413 297 962 1608 2471 2496 688 2601 684 2746 249 1075 1391 1720 2583 1969 1340 1511 103 634 2388 2759 2320 1323 1798 2577 1533 1418 65 903 1012 1810
374 251 803 101 1427 2579 2504 2540 2759 499 789 2381 2040 364 1900 2238 1883 328 989 215 436 766 737 2542 2242 341 1798 962 2644 1898 1801 2323 407 1683 1230 1334 395 572 545 1971 529 1257 1091 1786 1561 1996 1115 898 2546 2277 1928 1166 465 1087 1207 1389 1106 483 714 1137 581 1590 777 2409 93 1451 1306 1300 1559 485 2072 240 617 895 1213 2066 1951 1361 2113 646 76 1785 1353 564 2114 1333 1175 1558 1394 1685 739 2000 926 63 1228 1346 2784 2656 614 1689
1236 2267 2380 1699 1430 1553 1492 142 2078 802 429 1886 555 2333 1053 743 1890 868 1256 2423 2568 427 554 2029 1888 866 2217 2415 878 2668 417 289 901 332 1793 681 1033 1431 176 1562 36 2743 62 361 21 292 733 886 1398 2786 302 1499 2117 597 340 1418 2227 2108 199 500 2038 1041 2539 1686 2221 1429 78 2451 2047 1393 893 1399 1038 2428 323 964 56 432 2032 979 2224 2031 2387 2421 193 1065 2629 2120 571 988 370 1070 698 2828 1754 1374 1272 1588 2578 2384
2832 312 1752 1102 2790 987 85 1545 221 1926 2411 1146 1656 2389 2817 1934 1624 2300 943 626 1407 2528 2501 1644 2367 635 59 1405 556 1316 4 817 1202 1386 547 2044 2270 2082 950 2069 1737 1840 2556 518 188 2826 1636 2241 2836 1782 611 440 826 735 1965 900 1878 155 2837 1319 1381 1796 1437 712 169 613 1092 2840 1617 2439 1649 1799 1496 1422 480 559 1045 2397 1658 1486 2454 1710 2050 563 283 2538 947 2419 2631 2375 2424 260 550 1993 978 977 2133 489 925 26
2070 1141 1506 192 2669 2025 61 383 654 245 525 207 2396 225 49 1781 139 1787 2794 2311 2280 1780 408 2173 838 239 1248 1356 209 1282 252 296 625 1435 2164 356 1127 2091 1505 1598 679 216 2232 858 2470 653 455 1500 1262 822 618 2690 1140 1124 113 346 2137 1216 418 52 2467 1941 33 200 31 1481 2062 1293 1692 1097 331 326 580 1021 2053 290 655 1037 1168 2806 1299 1274 2406 1961 1143 1438 1706 2316 1924 402 159 449 295 1648 464 1929 471 131 1730 2698
1440 143 386 2185 1129 2517 718 2529 2271 958 787 1411 1684 697 795 810 638 1445 2298 1514 2619 30 2584 71 1360 1694 2524 273 2104 1242 1215 1630 2246 2460 1294 557 969 1446 414 2616 879 2363 2801 665 2481 2139 2833 1366 1480 1925 1816 1619 2844 1982 1112 1539 2633 667 2607 1863 299 1939 2385 262 1258 2731 1373 2092 342 551 1660 641 1735 991 2371 2776 2771 888 1947 147 41 2672 2797 1059 2727 1122 2710 1540 2576 741 1572 1549 2468 2269 1196 2226 912 352 267 234
2011 645 445 518 2840 2538 735 2050 440 1552 197 550 1253 259 1045 1422 1840 2375 463 1029 1617 2769 134 2130 1993 1623 1054 2544 2241 1895 1328 2454 2631 563 2076 2735 1307 2088 2649 1649 712 1901 1486 2289 348 1148 1679 260 2826 433 480 2707 169 769 1752 1202 51 900 1444 950 2287 319 59 556 1544 2270 977 1208 2044 2082 1870 1788 2439 179 1437 2650 547 155 659 1386 559 1146 1860 2606 947 860 305 1496 1663 906 2556 562 188 978 2837 1123 2714 2133 26 1782
783 1093 1898 407 1683 341 2242 2111 1856 1914 2441 983 2827 2202 949 88 2745 2785 777 1996 1476 596 2190 617 2422 695 2114 766 2759 310 1176 95 2737 328 1091 230 132 2238 2277 1743 1343 2523 1801 2547 1999 2281 2317 1230 1304 940 1727 1631 2644 581 47 558 1116 34 540 1714 1561 1693 2413 824 1103 1773 1713 1224 1161 737 926 2579 529 2112 1513 832 2323 2295 1749 395 761 2555 576 564 1535 2249 2129 1818 572 1847 135 2180 2542 2040 789 962 198 101 1846 2058
645 2011 1054 2707 1679 1663 1623 1444 947 1649 445 2767 1328 2840 2836 169 2837 1782 197 2628 2050 1658 1045 712 735 1552 1381 1617 1948 440 51 1218 1544 1416 2241 194 1261 463 1029 1253 1422 1096 155 2649 2130 1051 1437 563 2815 1486 2352 1307 1369 201 2272 2439 2826 64 1640 900 1993 260 1860 1840 48 179 1965 305 2088 1796 1316 2713 1569 439 715 559 2289 2735 2454 1636 1870 550 1496 965 2133 134 319 562 2721 1489 2652 1586 2556 674 433 1417 2419 2309 480 100
1840 1636 1965 1316 1752 2241 1496 1658 1381 2826 1878 2836 563 518 1123 1782 2628 1901 2556 2439 978 155 1544 440 2713 2815 735 312 1148 168 900 1860 260 2433 559 231 51 2832 1796 497 201 1437 965 305 1453 2309 2840 169 2501 1640 1486 1948 712 2272 2837 1586 1934 1307 2652 1444 2034 1422 950 1045 1096 2050 445 626 645 2553 1146 2133 1092 259 2088 2424 1617 1649 221 2376 674 1416 947 1102 1656 1218 2817 2419 1545 550 2545 659 987 1569 2538 2790 2367 547 613 977
1996 1091 777 1093 341 989 407 230 2281 766 2242 564 1818 328 926 581 2785 2114 1683 1914 2238 2288 739 39 2759 1180 540 2441 364 2040 1898 2579 1856 2202 2504 1900 737 2190 291 2644 1230 596 783 2381 789 529 2745 2827 2495 1535 2111 95 983 395 1357 436 101 1743 483 240 1883 2784 310 2413 215 2756 617 695 1999 374 1672 1693 1593 2295 1176 1801 967 2547 1448 962 1476 1561 1728 2021 1804 132 754 1689 572 1847 832 1513 251 803 76 1231 1343 1383 824 1786
59 2389 1545 2367 950 626 1202 4 1752 1799 2270 2082 1146 1386 547 1737 556 611 987 312 1319 826 1624 188 85 2832 1407 1656 1926 283 2044 613 1934 2840 2069 2501 2300 635 2375 440 1649 2817 2790 445 1102 2411 817 1552 735 1437 2312 1623 1316 2241 221 1405 463 1468 1701 134 1486 259 904 1840 563 2011 1644 1788 2826 1679 1029 900 2477 1123 2133 1307 1993 860 645 977 2424 1489 2528 659 2076 518 674 2148 2837 943 1045 1710 169 1544 1054 965 2050 1965 197 1422
1946 2730 2788 2364 749 1005 2299 2290 2746 568 673 1670 1110 1068 2549 1498 1243 336 112 544 1311 593 1783 811 1966 365 434 1379 1131 605 257 1040 1794 2151 821 410 2377 435 937 1325 2830 1309 535 1527 883 1968 1778 1079 1020 2095 1634 416 1581 1526 2560 1133 105 1573 2843 1871 2516 1424 730 717 610 648 94 1511 678 2697 2145 1731 248 2196 870 406 2219 2680 1969 855 2251 2394 253 2087 1455 1779 1442 2417 1142 2341 338 11 1138 1385 2423 1913 2243 2005 1516 1466
1254 1310 1512 65 1107 835 2388 1720 284 903 1608 1821 1908 1975 309 1277 684 834 768 2079 1013 1104 333 502 702 1340 250 1336 2471 2601 990 1315 2058 2160 1907 856 1830 2239 2555 2276 297 861 848 1304 2641 1057 2073 1449 1669 187 1845 1114 205 1286 103 2401 1318 55 1458 1620 1235 2136 1194 1323 931 1177 2080 1749 1186 1217 2831 2579 462 728 2096 2624 2197 677 1767 575 2571 578 935 1517 1727 1703 1536 2414 126 2496 1391 350 1363 400 300 2258 362 1178 32 2612
1796 1328 947 1663 1569 1444 2034 2836 1782 712 2545 1617 169 48 100 2837 51 1045 2767 2433 715 2826 2241 1649 2721 260 64 900 1658 1381 2050 1679 1437 1369 2713 1489 1640 735 1623 563 1486 155 1218 1422 305 2649 2454 221 1054 179 1417 439 2130 2707 2309 860 1993 480 2714 2439 1870 925 562 440 201 943 2088 1860 1407 194 1261 559 1544 348 2790 26 2011 1316 645 1307 1878 2628 445 1096 2769 1926 1102 1901 2300 1948 1453 550 1416 1405 1710 1636 2082 2817 2840 1051
2685 1980 2315 2702 269 277 767 1548 1678 830 1073 2518 1120 1732 2275 1989 1147 2 191 2663 1165 1620 2015 1450 1252 951 2510 2276 1834 211 2302 1753 2818 1557 1460 603 369 1285 688 2478 1380 1125 1413 2314 70 946 18 431 315 2777 1833 1443 2695 441 973 2622 1391 1943 2772 1767 601 2077 1759 1747 2532 1842 1646 2748 889 1523 1131 2680 1340 863 365 845 393 2757 373 678 2686 2383 610 126 1794 2151 584 1410 1390 1309 1959 83 1094 87 339 2268 1783 1186 1016 1235
2019 2550 1507 107 575 1669 2754 1104 1691 2414 1177 393 834 1646 2641 863 603 2360 830 1450 2604 333 2233 2192 1244 2254 2326 2159 1734 1805 457 856 309 2234 2136 1016 462 2586 2176 775 339 55 1028 861 1620 1169 357 2275 736 794 1523 2630 1217 2383 1147 1611 1907 2080 584 2395 1365 728 1690 2555 1732 1120 1277 1044 1678 1919 397 2347 1482 2733 2780 2591 1517 1748 2401 2211 1372 441 2752 2621 1014 2612 2605 1458 2247 2297 1626 2695 398 32 2197 2329 2345 1791 1467 845
2494 117 327 2303 1184 1205 1659 1979 1198 2203 2573 1687 2030 2791 275 1922 1502 1113 1400 2179 2620 1570 1537 1960 298 1371 2678 2572 690 2263 594 510 1285 2623 2359 1738 1525 1488 148 973 1080 2521 1397 1726 2768 23 420 167 205 1884 2118 1082 20 1280 1641 629 2535 924 1605 1084 1308 980 2222 2101 2706 953 946 40 1015 325 1456 1284 1006 907 1661 2288 2245 1880 37 1471 448 2502 1697 1357 454 2497 2152 396 1712 39 1199 122 1760 466 425 745 1425 2677 60 1559
167 20 454 2726 2222 1744 38 1995 2162 2573 592 1502 23 1661 189 1205 115 2268 1456 2791 759 980 181 2030 298 2303 620 117 1570 2060 2179 1284 1797 2351 2643 2128 851 309 2313 1260 1884 1080 1171 1188 744 1285 2203 2823 2153 1610 163 2554 1556 2623 396 690 1702 333 2118 2103 1032 122 419 1199 2627 732 1858 411 510 1214 2101 1697 388 473 22 2263 1015 2476 2810 327 2807 1637 2197 1198 2169 1659 1865 1082 1217 636 922 1280 1632 275 96 2666 1184 1537 650 2216
1548 269 531 2499 1725 1088 2051 368 1986 1326 425 444 676 1712 1423 2506 2245 375 2124 2483 1849 1529 1833 2014 182 1061 660 2303 1979 1443 2118 1502 2354 1263 1570 2497 1938 442 980 1284 1183 2573 2566 2653 1884 205 1760 473 2664 339 2249 2390 327 2599 298 1035 322 1205 2179 1641 111 1711 1867 2122 907 2494 2521 2679 2112 1439 598 104 306 1722 475 1646 2203 2180 946 388 1903 767 1747 1462 1000 1488 1940 338 707 1733 177 424 2782 149 277 2259 1277 1073 1131 878
1056 1944 2294 1055 725 2558 165 2728 2207 899 2135 1825 1212 2741 2248 2382 137 1464 1076 2813 1937 146 2057 1130 1463 2286 2842 494 686 2825 948 2435 1899 2580 204 2305 116 2291 2736 1639 1547 447 2258 1134 2393 1606 2511 647 1935 804 1874 97 1126 574 692 1223 2766 246 1841 1067 1452 2041 2292 1940 1185 2068 329 677 79 2639 2708 1777 2438 682 2683 362 722 2719 2319 2665 1868 140 1986 442 491 2569 657 1592 974 2436 2116 407 2386 526 608 1473 2506 2427 1169 1772
2669 192 2025 61 2070 654 207 2396 245 2794 1141 1787 1781 225 525 383 49 1506 2173 139 2280 408 239 2311 838 209 1282 2091 296 2164 356 252 1356 1780 1248 625 1435 1127 1505 679 2232 653 216 52 346 1598 2137 418 1481 822 858 295 2301 2806 1216 1022 1730 2821 1929 1124 2470 1275 1262 1097 113 1140 2690 2467 1293 1692 331 455 1143 2407 430 786 495 1037 1822 2244 268 402 290 1274 2053 2142 655 2687 1662 780 1789 484 1706 363 2765 1008 1168 1299 1500 2429
803 436 364 215 1900 2040 737 2381 101 2504 989 328 766 374 2238 341 251 2579 2242 2759 1427 789 2540 2114 407 581 1883 962 572 1230 1798 1683 395 1971 1257 1091 1786 926 1106 1898 2546 1818 1559 564 1115 1389 1357 1996 777 2644 2542 39 2288 2066 1213 1180 2495 1300 304 2113 76 1451 2323 2178 483 230 545 1361 2784 2281 1353 240 2787 1951 1693 1306 1137 529 2000 1561 751 1207 1175 1334 2656 485 1801 132 1176 727 714 589 2149 1087 695 614 2072 658 898 824
2043 2171 2810 650 2816 2666 1697 1891 1188 1153 922 411 807 1456 1916 2346 759 122 1284 1723 6 2643 1882 582 285 1260 475 1858 468 1763 1702 1221 546 1603 2313 620 1541 1083 37 732 820 1797 1865 181 1227 334 750 956 829 661 2261 1090 1761 1610 980 2194 1082 586 1015 2167 372 2476 1884 476 1537 2168 2841 669 38 1139 1308 973 2118 2425 1380 298 636 5 2677 1570 1560 443 2278 1515 2268 2807 1285 2706 1844 459 1768 167 98 1250 629 229 1696 1995 2048 724
2414 107 1177 2604 2550 1507 1669 1104 2641 2176 55 728 397 1194 575 2754 1691 2019 2360 2326 736 2234 2159 2383 1523 1028 2080 1690 584 441 2695 32 1482 1919 187 373 1016 1467 1014 1748 2630 469 2106 2033 902 1950 917 379 1517 920 541 2752 1382 2395 2239 2073 2586 993 2166 2733 2233 2192 1259 2525 845 2036 2684 83 1450 1734 1805 2651 590 834 2805 2347 2804 1459 1169 87 462 457 2563 2254 1809 1372 2637 1626 333 775 1943 2345 2605 2621 818 827 2780 2447 1611 2297
701 2361 196 353 2353 98 776 2067 1643 2474 1963 233 1625 869 2256 585 2081 276 1864 1819 871 2462 2334 1402 910 2103 781 2001 1042 1600 809 998 1344 2394 825 1970 2711 1089 1155 337 2336 1688 765 1583 1404 1742 1808 513 2792 1031 778 151 1100 1854 381 517 2803 382 1565 105 607 2157 2264 528 69 1209 2225 1271 25 2391 2369 14 153 975 1985 227 1667 2027 2793 2049 2252 50 2575 1246 1170 916 512 1077 2536 243 247 2274 2658 1287 1893 2042 1063 1403 1973 1739
1487 1471 924 953 2841 37 586 2216 1703 922 1082 443 1891 1308 1763 1363 650 1090 2153 1687 894 2179 761 1400 1605 2666 2810 1288 2197 1006 2043 419 1488 2816 2249 327 2554 2678 335 1882 594 1570 1727 2494 1139 1502 167 1723 275 1205 2768 834 325 2346 1315 1738 762 1916 1336 1184 2171 732 2535 475 2502 1397 1726 1153 115 2109 1866 1995 636 300 2567 122 1232 2313 745 2623 1198 96 1027 2555 510 1536 1188 2705 1057 2194 2222 214 1318 1697 1671 1456 1474 1979 1371 468
70 2510 431 1125 1753 2777 2772 1759 2757 2077 2478 2561 1839 315 1035 2622 1390 1557 18 1834 951 1165 1842 2015 601 1252 2302 2663 2 2818 191 767 2315 1938 2702 1443 2686 277 889 1747 2532 1980 2685 297 502 990 1833 522 1235 2471 2601 2624 211 1845 1114 369 1989 103 1460 2276 578 1830 2496 1608 688 702 1323 848 284 250 1340 903 461 126 2161 2667 1908 768 1821 1767 1107 1720 1413 1075 2323 962 931 2583 1976 2388 684 1810 1511 65 67 1310 1798 1391 1975 2299
2792 118 567 1791 2065 998 1354 919 952 1769 887 808 2778 1531 1470 1583 1854 748 2711 930 778 382 819 1970 1667 928 1585 1851 2379 2328 1063 2491 2575 2729 517 1657 923 2304 1179 875 975 2793 1977 114 1578 2682 1579 841 639 982 1651 2416 2349 945 1210 2252 2723 25 9 2647 2559 311 1920 2618 2225 151 227 763 7 1770 515 1271 579 1211 1368 528 1154 2459 1367 492 1209 2488 513 916 2042 566 1239 2658 2310 2097 2026 512 1566 1742 2081 2334 1402 2361 776 1819
611 1319 188 556 85 547 1926 1386 817 2790 2817 1102 1656 2411 2528 1407 2082 943 1934 1644 2300 1405 2270 221 987 1624 635 312 463 2045 1617 2501 4 2832 1422 2044 259 1737 826 283 2544 1146 2397 1545 1029 1993 1796 659 2800 712 1428 1788 2307 2344 2358 2670 1584 2069 2564 2200 626 1158 1848 1552 1202 2007 977 2023 613 860 1414 197 2076 2419 2574 900 2724 606 1313 2646 2389 550 1752 2454 1983 266 1208 2477 2375 2545 1381 178 2011 622 134 559 1489 1046 978 1092
239 2164 2091 2311 1781 2280 2794 1248 525 2173 625 1435 1356 245 2232 408 1282 49 209 139 822 356 296 2137 838 1505 679 654 252 113 383 1598 216 858 2396 1506 1568 2070 192 61 2669 27 1780 782 1018 1127 653 1787 2025 1472 2632 1141 2406 2236 2053 225 207 643 455 1124 1262 1692 1648 1475 1967 1715 390 655 1187 1635 2062 1037 1612 131 31 1755 805 268 1662 2693 1168 1831 1011 1655 806 2611 1299 1048 1293 1026 2429 1647 1022 1297 1500 1021 1317 1274 1706 33
2049 530 631 2282 1604 2064 1290 1518 1301 446 1567 607 1058 2140 1981 1237 451 2796 1017 2596 921 1909 2093 1742 2660 813 1384 1613 1554 662 2696 966 1673 337 1370 2257 1331 1396 1978 1105 2458 1879 243 2085 942 1002 355 1614 487 1739 984 542 1681 1119 2664 1705 1000 660 908 54 1893 710 2543 2392 394 1853 2600 2782 2369 2357 1495 2519 2259 50 870 360 1094 1695 1621 1936 2609 774 1455 2417 2005 2262 2697 2006 1142 2243 1419 2492 800 1850 678 1174 2803 2251 2560 435
1721 1876 2809 1473 12 864 608 447 1055 2766 526 2728 994 1056 2207 2825 274 494 1944 2435 2291 1439 2294 1931 1677 2683 2438 601 1771 2499 531 2622 431 1725 939 1759 1899 2719 2051 574 725 2057 627 1557 1942 2757 2741 598 2526 1452 1892 1463 2315 2736 682 1433 692 508 249 2220 444 1390 2292 271 2037 1842 140 394 1012 2708 18 146 1592 204 1408 2319 1606 2089 899 1212 2135 70 2625 1839 2183 315 116 2569 1547 2704 1185 2511 2510 1868 2445 2580 1125 1753 677 1825
2810 2171 2043 2666 650 2816 1891 1916 2346 475 1723 1153 807 1697 1882 1188 759 922 2643 6 546 582 285 1702 1221 1603 1541 820 1260 411 334 2841 750 1083 956 468 620 1139 732 1858 1763 1227 1456 1797 181 2313 1605 1761 1953 37 1570 1865 1696 829 980 1537 2677 122 1397 1284 1090 196 2502 2768 148 1884 661 2261 1080 420 2179 594 40 38 1502 1214 1171 1250 117 2194 372 1610 98 973 938 724 1015 2348 1082 2216 690 586 2118 298 2203 1515 1232 2620 2706 2278
1710 1701 1489 1417 860 1788 900 197 1437 348 2836 1870 463 2241 1782 817 1045 2817 1486 1679 925 2375 1307 2790 2649 26 712 1545 489 1649 1658 1644 1926 2528 1617 1381 2397 1656 2826 169 179 559 1369 2050 2628 2011 1102 1624 1444 1328 735 1407 2837 1623 2515 2454 606 2084 2439 2130 1208 947 2767 1544 1934 2769 2424 2034 1386 2300 2411 440 2832 1796 626 1054 2389 1319 2289 433 221 2367 674 970 260 2082 480 2840 155 1029 2419 188 312 1840 445 59 1663 1752 563 1218
67 2583 1810 627 2509 1001 2121 249 2350 1012 202 1075 1944 1406 1212 137 899 1055 165 2728 2825 447 2294 2741 2736 725 116 2135 2766 1606 1463 97 2041 2558 2435 494 2207 2382 1937 1126 1935 1547 2057 1825 442 2248 692 2842 204 2305 2511 2292 2291 2319 246 1439 2719 1134 1130 1076 948 2683 2813 686 362 1874 1639 1056 1464 2258 1067 1899 1841 1223 2393 2051 2580 574 1940 1088 2286 804 647 2665 722 2708 2639 146 2438 79 338 2068 1452 1986 2809 2183 444 1725 368 1592
1083 1702 6 181 732 759 620 2643 582 546 1260 1882 1221 285 1797 807 2313 1858 1188 468 2807 661 2261 636 2194 2278 1318 2823 2816 2171 1153 2043 1227 1536 1697 922 476 2168 1723 1891 2810 2476 2425 1763 2678 2153 644 2263 2720 894 2666 956 650 1916 475 45 2522 829 2346 37 1090 2056 2554 586 2442 1761 1865 419 2386 2048 1251 2688 396 820 1541 762 1603 1726 1064 1856 42 2562 443 1456 1380 2116 1914 1082 971 1364 2627 387 2498 1596 189 1284 1768 669 1960 96
1539 2139 2833 2092 299 2844 2371 352 2455 264 2484 1982 1009 2576 2269 837 667 1925 2063 1549 1619 1814 2776 428 1863 1122 879 2797 1815 1159 2226 557 2460 2731 2385 741 1349 262 1735 403 2175 2363 1509 234 1025 913 1589 641 273 1366 888 1373 1572 2524 1 2104 267 1242 969 2431 1291 1238 2771 1520 891 1816 2399 1660 2727 1571 1630 991 1530 2633 160 1684 127 1824 2717 1615 17 2100 2607 1480 147 2138 1078 1360 226 2541 668 1803 1622 2158 2189 2834 787 2223 551 2094
1506 1141 2070 383 2669 192 2025 61 654 525 49 245 1780 2396 207 2311 2794 225 408 1781 1787 2280 1356 139 252 1282 2173 1505 296 838 1248 209 625 239 1127 2232 356 1435 2164 679 2091 1598 858 113 2470 216 1140 822 2137 455 1216 1262 653 1568 1124 1692 1274 2690 1829 1500 1918 331 1875 1299 1168 2467 2531 418 464 1612 1924 1024 346 726 290 1481 1706 618 52 200 1503 268 131 1438 402 2053 643 1037 495 1941 2693 1273 780 471 1021 2565 1715 1472 2698 655
2045 2755 1584 2023 747 258 770 2034 2545 463 1796 1029 1416 1948 2556 1096 860 2628 2713 497 1701 51 1051 1586 1788 1895 1316 2289 2272 197 1552 1417 440 2735 562 1544 305 1860 433 735 100 1710 2721 2837 715 1407 1307 1569 1617 2482 2815 992 1636 155 2439 2352 1261 161 2631 64 1782 2367 1965 2375 906 439 1993 1319 1489 1649 1381 2836 48 1545 201 1320 606 1362 1640 547 659 1840 904 1253 2650 169 1496 1934 2753 134 2050 2767 2564 1045 674 1658 2389 2652 2732 2011
2669 61 2025 192 654 2396 245 2794 49 1787 1781 525 207 225 383 2280 408 2173 139 2070 1141 838 1282 296 209 239 2091 2164 1506 2311 252 356 1780 1356 1248 625 1127 1435 1505 2232 679 216 52 653 2470 1481 346 418 822 2137 1598 858 1216 113 2821 2142 1124 290 1140 780 455 2244 2531 2806 295 2467 786 1262 2690 452 1662 1918 2053 268 331 2301 1465 484 495 241 2693 806 1022 53 2407 1274 1568 430 1503 1822 1843 1037 2429 1293 1097 1730 402 1168 1789 1299
1051 194 2272 1218 2352 1496 1316 1261 1948 2628 2556 1416 1096 2713 2815 64 1658 2721 48 1569 1636 1381 2433 562 100 305 715 1860 1965 439 51 1840 201 1640 155 2034 2241 1901 2545 1453 1490 563 1544 1796 2439 2836 2309 1782 2376 518 2826 440 1584 645 260 231 1649 169 1054 2650 659 497 168 1586 2837 445 1148 1623 2050 1878 1422 735 712 559 978 1617 1679 2707 2840 2088 2289 2652 947 1123 747 1328 1552 2767 2553 1444 550 1045 1486 197 1253 2631 1307 784 1663 2538
2772 2777 1753 1125 2077 2478 2161 2561 70 1834 951 1252 2015 1759 2757 2818 2510 2663 315 2 601 18 1842 1390 2622 1165 2302 1557 431 767 191 2315 277 2702 1980 1443 2685 1747 2686 889 1938 688 2667 1235 522 1989 2276 1035 1839 369 578 126 1114 2624 1511 1106 485 1798 297 29 1833 2746 1845 1767 990 1075 2583 1559 1869 2601 211 1391 103 293 634 555 2471 1323 1969 67 1413 1460 2323 962 2299 142 2532 2000 2314 702 502 1492 1207 853 2759 1306 1175 380 73 2653
1967 390 1635 1715 314 1050 999 1755 2765 1756 1475 799 726 2236 805 1024 1317 1395 1378 1140 2531 1789 2505 2465 478 1662 2715 467 927 1648 484 1655 1918 331 108 1503 2693 363 2059 1831 1273 464 2429 1097 89 1568 534 2061 2407 2687 806 786 1026 2301 1706 1293 1822 936 2406 452 628 780 1216 1465 1647 1039 2244 2053 389 268 1612 2698 456 1124 2402 655 1022 159 1187 2285 1274 1929 326 758 1921 1932 2632 1275 1008 643 753 471 53 1730 840 113 501 1472 1875 33
1096 1948 1416 1860 2272 2815 1362 1316 1496 2721 1897 1965 715 48 439 1569 201 64 2713 1636 2034 100 1490 2309 659 155 2241 2433 497 563 2556 1658 1796 562 1586 51 1453 1901 2376 1381 1617 1552 305 1051 2826 645 260 445 1307 1640 2545 1148 712 2650 486 231 2553 2628 2352 168 194 674 559 784 2046 1319 1486 900 1046 1840 1123 2007 547 2088 2337 1218 1993 1584 992 611 1782 319 2836 1422 978 2732 2419 2840 1261 1623 1878 1437 1848 906 1045 2011 2289 2076 1054 1544
2609 288 2843 1731 937 257 1138 2613 1871 1800 535 1645 1894 2377 811 1527 1516 605 410 709 1707 2095 1546 434 1455 544 2219 336 2549 2341 365 406 253 519 1498 648 2145 1133 1526 1779 248 742 186 1466 1040 1110 1079 2364 112 1007 673 392 1385 749 435 538 1131 1966 1634 1670 2763 773 821 717 1454 1573 2196 2830 2102 1068 1604 1424 2788 593 1309 1783 1850 1142 1237 1325 843 94 338 2697 1311 1005 2331 1419 870 800 2516 2519 678 1992 2560 2417 2746 610 1794 2299
1049 839 932 698 1521 955 1038 1754 1041 2421 13 2520 640 1272 2210 1949 323 1249 377 2578 828 2671 2047 1374 1668 933 672 2539 2828 2602 536 1429 370 56 1189 2629 2038 2120 2031 743 2032 964 2428 1070 1910 2798 1329 2267 1431 2083 121 176 1337 1399 2423 429 979 2221 432 1553 2333 2380 2451 1588 569 1132 36 866 729 142 292 78 865 1492 2117 1430 21 733 555 878 340 2108 302 289 2227 193 681 2078 802 901 2387 332 2786 199 2217 1033 893 2029 988 1256
1766 2725 609 2464 2404 1889 509 2457 844 957 1515 5 244 1696 2115 1426 744 2448 2128 1616 1477 1326 498 592 1953 2124 2014 214 1139 375 2751 466 473 1602 1061 163 2366 388 425 1171 1214 2351 22 306 1556 1269 1637 1596 2354 520 43 270 2566 2348 1945 1904 2048 232 19 1768 2720 2502 80 2408 1283 119 2188 1722 2562 1849 2442 424 2109 707 752 2567 2591 2498 2508 1610 815 2390 1296 807 941 1529 2182 582 1733 213 1802 1199 229 971 2169 1605 106 2056 644 2841
1083 1702 6 759 181 620 732 2643 582 546 1260 1882 1221 285 1797 807 1858 1188 2313 468 2807 636 2476 2278 2261 661 2194 1153 1318 922 2171 1227 2425 2816 2043 2823 1697 1536 1723 476 1891 2810 2168 2153 894 1763 2666 829 2263 2386 45 2554 2678 650 2522 1865 1916 40 1761 2056 419 2720 1251 37 2048 2346 475 1364 956 644 1456 1603 1064 396 586 1960 411 1768 2442 189 2627 42 1090 1284 820 1541 762 2116 2060 96 1726 2688 669 2760 2562 2761 387 1596 1380 2498
1260 807 372 1858 759 2643 6 2313 1702 582 468 1188 546 1221 620 1083 732 285 1865 181 1227 1797 476 2261 669 1284 1153 820 2194 1761 1603 1696 411 1541 1744 229 661 122 1882 2476 2162 2425 5 1084 1697 1515 609 454 922 1456 2677 2457 1199 1015 1844 565 2627 1286 244 829 2726 1560 650 1610 2666 1723 281 163 298 629 334 750 1766 980 1884 2303 375 1570 353 40 2791 388 396 1916 1637 592 2115 196 2688 1891 2278 1556 2060 98 1061 744 2128 2171 20 636
1588 1132 988 193 121 569 536 2090 680 1431 1268 36 866 733 2117 1793 2078 1492 142 1699 802 2217 1499 901 1553 2333 2029 1430 1886 1890 429 500 555 1236 1256 2267 1033 1393 878 2743 2451 332 176 886 2786 2384 597 2227 1053 979 868 2668 1418 21 1686 417 427 554 1562 2415 2380 1038 289 340 2108 681 62 1065 1888 302 1249 2568 292 432 1398 199 1668 1374 2423 78 2602 361 672 1329 571 743 1272 2828 1041 893 2421 377 359 640 13 2570 2839 1764 933 2031
2510 431 70 1839 1759 2757 1125 1753 2561 2777 1035 2772 2077 2478 315 2622 1390 1557 1834 601 1165 18 1842 2663 951 2686 2 2302 1252 191 2015 2818 1443 1938 889 767 1747 2315 2702 1833 2532 277 2685 461 2496 1976 1980 211 2577 1801 1906 637 1075 1989 1418 1510 72 2299 1423 156 309 1460 2277 2161 1511 116 102 1114 369 823 531 2746 2661 2249 2323 990 2089 571 1904 2625 502 903 1401 395 1599 597 856 1267 1969 2216 1884 515 944 2583 722 2009 2432 417 1548 394
2252 916 2042 227 2682 1651 1063 1977 1578 2310 1179 2491 517 841 1583 2328 945 1920 1579 2225 639 982 763 2097 998 1211 2647 2379 2723 1851 114 887 9 1368 1657 928 1367 2349 1769 2729 919 1770 1239 1667 1585 512 819 2575 952 1531 2660 118 2792 930 1470 2026 1791 778 2778 875 748 567 1354 528 1566 2459 579 1970 25 1854 382 1210 515 311 2488 1673 1154 1331 1614 1031 2065 975 1879 566 2618 2416 1209 923 2711 7 2304 2357 2793 2559 791 492 2462 813 808 2257
2152 84 2502 941 1605 1113 398 2141 2348 214 909 1139 1866 1602 183 2263 1371 1280 2841 1525 1458 2503 2706 106 1960 1198 2386 171 621 1064 45 1953 2572 2522 2056 1199 2203 117 2760 189 1364 744 2608 236 2303 96 2115 2623 2761 1927 1251 2678 1171 815 1032 957 1084 1726 1987 2060 270 244 2197 2182 1632 1205 851 1214 2401 2116 2831 2612 1184 2705 22 1616 1570 509 1365 2030 2751 785 2562 2494 40 1283 327 419 2554 894 298 1659 844 2160 2457 300 2153 1979 1768 2567
1993 2241 1617 1045 1328 947 1444 1422 2840 712 1782 169 197 735 463 900 2837 2836 2826 2050 440 550 445 1552 260 1878 1623 1663 1679 2270 518 134 563 2375 1926 2011 259 2082 221 1437 1544 635 2439 2130 1658 1840 1486 155 645 51 556 2289 1860 2088 943 1405 2454 977 1381 305 2817 1796 312 1102 1407 1710 2707 480 2649 2631 1307 2790 1202 1649 2628 547 2300 2832 1545 2133 1369 1636 1752 1934 626 1895 179 1386 613 2312 1054 1489 433 1788 2538 1316 562 2424 2556 1253
1879 2093 607 631 394 2049 1518 2357 1604 530 1567 1017 1301 1981 1290 1058 1237 446 2140 2282 451 2392 2796 2596 1978 1119 2064 1002 2660 1906 1909 2543 2262 2085 984 1676 942 966 2458 1705 1495 1613 662 1384 2600 921 337 852 908 487 1331 1681 1742 1614 1673 320 1000 1645 2696 2369 1739 288 2664 1800 1621 1396 1695 2257 50 243 355 1871 1455 1894 1893 186 1546 871 2609 1718 2782 710 54 709 1516 1105 1554 791 1370 360 1853 2618 660 542 2259 1239 2341 1031 1508 512
29 1149 2320 2533 2172 286 2673 2021 293 2756 754 967 1231 1728 739 213 2408 2615 1448 2024 1689 707 2143 634 24 426 1478 1265 1597 2787 2295 2413 2430 2638 184 119 1296 1804 1383 135 558 1719 757 218 1849 80 2354 2472 1984 1269 91 2224 792 1533 1722 424 232 2235 1867 1312 1945 520 1733 2281 19 2390 2566 853 1996 529 1529 983 564 1535 1818 926 39 364 498 376 962 1693 1847 1091 789 1513 1786 1180 1798 2744 240 1334 310 803 766 466 2759 2242 2288 291
2068 79 2665 1067 722 1547 2511 1463 2305 116 1134 246 97 2842 204 1935 137 2741 1606 2135 2041 1212 899 2580 2294 686 1944 1055 350 725 1868 1126 1452 2766 442 140 2292 494 2728 1076 2736 692 2319 2248 2057 165 2813 2286 2435 2558 2382 447 1937 2825 12 1899 1464 1130 804 1473 2207 2719 1841 1639 1185 2291 329 657 1998 1771 1056 1677 362 574 508 1825 146 1892 2598 2625 2037 627 1962 2506 2708 677 2258 2436 790 1777 2583 1940 67 948 2393 1408 1874 647 1942 1986
312 987 2832 1545 85 2270 2082 556 1752 626 635 2389 1934 4 1102 1146 1386 547 1405 2790 221 2501 826 2411 188 1624 59 611 1656 1407 2044 2300 1926 1319 2817 1737 943 1202 2528 1644 613 2367 950 1552 259 817 900 1422 2133 2840 2544 283 977 2241 2826 2069 2424 463 2631 445 2312 1437 1878 1468 518 2397 1617 1993 1486 563 1316 550 1840 1636 2088 2148 2375 2011 2419 978 735 2574 2076 260 2477 1983 1123 1092 440 965 266 559 1190 904 155 1045 659 1428 1328 674
835 1107 702 1908 1830 284 848 931 903 1114 768 2388 1767 65 1254 1310 2601 990 502 2471 1340 1512 1845 1235 2624 126 688 578 1720 1608 1821 250 297 103 2276 1323 1391 684 1975 2314 1413 1186 522 2667 1458 767 1570 1232 2503 398 277 1285 1397 1839 2496 395 2620 1080 543 1015 1922 973 423 2323 431 298 2510 2478 851 1916 2768 1198 1753 335 117 2532 1125 1184 1318 420 636 1400 70 1797 2077 1759 1557 962 690 1460 1152 1144 211 2777 818 1426 1536 1687 369 2447
1710 1701 1417 1489 860 1788 900 1437 197 2375 445 1624 463 2397 2817 1307 2840 2826 1679 489 1934 1926 1328 2011 2241 2528 1656 606 817 312 2790 2707 1486 1623 1102 2084 987 433 2411 2082 1045 2836 259 2832 1319 2424 1208 348 712 2270 559 188 1617 1644 2300 1386 626 1552 675 2515 2767 59 611 2289 1444 645 1381 977 1782 2501 2389 1658 221 1407 674 970 556 1737 2130 635 169 1545 1054 2769 2044 1405 2367 1752 1029 1870 2439 1649 978 2574 1878 2646 85 563 943 480
427 2415 571 2217 2568 1793 901 1065 1553 1430 1699 2267 2380 429 2333 802 1492 142 2423 743 554 555 332 1256 2029 2743 2078 176 1562 868 417 1890 121 1033 2227 1236 1888 988 2668 2090 569 193 340 2786 597 1686 1393 536 886 1418 1431 1398 323 289 36 1272 62 199 361 432 21 292 56 302 2421 681 2117 1053 1041 2032 2578 878 2108 979 2520 13 500 78 1038 1132 370 1886 733 1588 893 2629 377 2451 1429 2210 2047 1754 640 2798 866 2428 828 1189 2539 2384
1584 2045 2755 2023 1096 1948 1416 747 2034 2545 2272 1316 2815 1796 2713 1051 1496 2721 715 497 1569 1586 100 2628 64 1636 1860 1965 48 1658 1381 2556 2376 51 1261 2241 201 155 439 2433 1218 305 562 2309 1640 1617 2836 1782 1840 2046 1544 2352 992 194 563 1362 258 860 1897 712 770 1490 2439 1901 1649 1993 231 2826 1123 1679 1054 1453 1701 1417 2650 1489 1623 168 440 659 1045 674 1307 169 260 1444 2837 2553 900 947 559 1486 978 1148 1552 645 735 1029 1320 1710
1710 463 197 1489 1045 2840 1701 445 2011 2375 900 1993 2241 1617 1417 1788 2836 860 1782 1444 1328 712 735 947 489 1102 221 1422 169 2826 179 2050 2817 2832 1437 2790 550 1029 1934 2649 1926 2082 1486 1663 2397 2837 1656 1407 2130 2289 635 480 2454 817 1369 1552 925 433 1307 2270 312 943 348 556 1386 2769 563 188 26 2133 440 1624 518 2411 1870 260 134 2528 1644 1405 970 1679 2501 2300 987 977 559 1658 2044 645 1319 659 2714 626 2515 1381 1983 2574 547 1623
1539 352 264 2833 299 2092 2139 2484 2844 2063 2455 837 2269 1009 2371 2576 1982 667 1549 1925 2797 1122 1814 2226 428 1815 2776 1159 2175 1735 403 1619 1349 234 741 2731 913 262 1863 17 1572 1589 891 888 1 1520 2385 969 2189 2486 1291 1571 267 1025 1630 1238 1242 668 273 2727 879 1824 846 2104 1615 2524 2223 2399 641 1366 2717 1540 551 1698 1509 1360 1622 600 2185 2635 2100 2273 2710 1373 573 2246 958 90 1684 787 1994 2412 2633 2338 223 810 2619 1618 342 1071
2792 998 118 567 1791 1583 919 1354 952 1769 2065 2778 808 930 778 382 887 2711 1531 1854 1470 1970 1063 517 928 748 1851 1657 2379 2729 1579 2328 2491 841 923 975 114 819 2304 1667 982 945 2793 227 2252 1977 2682 9 1578 1179 2723 1585 639 2349 2225 2575 875 579 763 7 1770 2647 1210 515 916 311 1920 2042 1651 2416 25 151 2459 528 2559 566 1154 2618 2310 1211 1368 2026 492 2488 1271 1209 2097 512 2361 2081 1239 1367 1819 513 2353 1643 2334 2658 701 2462
493 1358 1196 1034 366 976 859 2174 2004 2461 1234 1861 1279 57 797 2418 1580 2672 570 210 280 746 1792 793 1930 1392 133 1276 1758 2327 2125 1859 1665 2374 1575 2184 756 1947 2456 1375 1724 1765 1664 689 2694 2838 548 588 1776 583 2739 2186 2206 1457 1191 158 801 2330 880 1086 720 2321 857 228 1072 242 1877 263 1675 77 885 1043 2703 2662 2332 287 1350 1432 842 1887 1193 1551 1542 2659 2127 2039 2198 170 1497 1345 2356 1229 438 2581 704 294 1377 2123 1081 2590
477 99 1872 760 453 401 2163 437 399 1233 1628 2679 981 1510 595 1163 1599 208 2122 380 2587 823 461 1903 2074 177 73 1085 2829 816 2469 731 2126 1717 2655 141 2055 1145 1160 164 174 1023 1784 2775 694 1976 156 1415 72 2098 1047 2636 2722 2009 2747 612 172 2577 460 1504 1241 1688 2274 2452 1808 2355 1436 222 2218 755 2691 599 850 1321 2446 1098 2642 320 2537 1479 1682 1155 2156 2750 2512 2645 2342 2362 1305 2432 666 1100 2262 2450 144 1404 1089 2201 1052 2420
956 1882 1541 750 820 334 1603 2387 2194 829 1761 661 1153 1227 669 2261 476 1221 285 372 546 582 2168 1260 2425 6 1797 1536 1318 807 2643 759 2197 1336 762 2678 2476 2080 1315 620 732 1560 1400 2313 1057 1013 2823 636 38 2688 45 1995 1188 1083 2278 2807 1462 1726 1702 1697 2160 644 2761 971 1064 115 468 42 1450 796 2720 1768 1286 236 1387 181 2572 1687 894 863 1251 1858 229 1844 1084 2620 1482 1523 2056 1458 650 2705 1267 2503 2079 37 2522 922 448 300
2045 2755 2023 1584 747 770 2545 2034 258 1416 1796 1948 2272 1051 1096 2713 1320 715 2556 1316 1569 2628 2836 1261 1649 2815 194 100 2721 1496 48 64 1586 1782 1617 1636 497 51 155 2352 860 1417 161 1381 1218 2837 169 2241 1489 947 1965 1658 2433 2767 305 1701 1640 439 1444 735 1860 201 1788 712 992 440 26 1710 1054 1544 1993 2376 562 2289 2454 1045 1895 2439 1679 2046 1870 1369 1663 563 1029 463 1840 1407 2649 179 2130 2050 2650 2707 2538 1623 2769 231 2309 173
61 2669 2025 192 2794 2396 245 654 49 1781 1787 2280 525 2173 207 408 383 225 139 838 1282 209 2070 296 239 2091 356 1141 2164 2311 1506 252 1780 1356 1248 1127 625 1435 2232 1505 679 653 2137 822 1481 52 418 216 2470 346 1598 1262 455 858 780 113 268 290 2244 1274 2531 452 2806 1022 2821 806 2467 1475 2690 131 1216 2142 1124 2429 495 295 1662 484 1465 2059 1568 726 1037 786 1875 2236 1843 534 1789 1024 1500 2053 1503 1706 1140 1692 241 2693 464 1011
2152 84 1113 941 2572 1139 244 1616 594 482 1661 2502 2494 2115 762 327 1371 1605 1144 1960 1949 1458 1687 1477 2571 1927 882 1696 509 2421 1365 1336 2706 40 300 909 2620 2386 629 2678 2160 2503 1866 214 106 2348 1315 1013 1462 2079 270 1199 183 398 851 1198 815 1602 856 96 1987 1171 2203 2197 420 621 1907 2761 2457 2507 1632 2427 1400 844 2688 2109 986 1757 123 189 2677 609 171 2216 1184 1183 2230 2705 117 2194 2567 2448 1487 1596 1726 785 894 419 2506 744
1474 1671 2449 8 325 2535 745 2706 1006 443 1308 2452 1090 1709 2645 2432 586 1082 2446 836 599 2642 935 2355 2096 2156 2216 2593 666 2342 2313 2167 1817 2450 1736 2201 946 1321 1250 2086 1380 1697 924 488 2831 42 2222 1098 1933 1322 2118 1423 1550 1621 850 1661 1015 2537 1911 396 755 474 110 1790 915 1085 630 953 468 2841 300 2679 2071 1456 1352 136 2197 167 459 2512 724 20 1903 1425 1318 2567 1170 2705 1763 624 2623 1163 2678 1371 2750 938 1610 335 37 543
2152 84 2502 1605 941 1113 117 1960 40 2494 327 1198 1659 2263 2303 2841 1184 106 1979 2678 1139 1726 1371 1205 2203 851 2572 1525 2348 2497 621 6 1632 1687 298 214 2386 22 420 1570 2109 1171 75 2620 2554 1760 1927 1891 300 2623 1032 244 909 2705 1397 2768 419 1922 2153 171 1199 1221 1696 1251 1400 1502 189 2831 2162 96 2115 940 894 1882 1364 148 2030 1712 1214 2060 1083 924 2179 973 1661 1004 2737 1866 23 592 1537 2706 815 2182 690 1987 2760 2571 594 2116
852 1495 937 1731 1871 908 1718 2600 519 2543 2458 1705 1385 2145 257 1138 1779 406 2377 1527 1894 1992 2085 2763 320 1479 535 942 1707 773 392 1676 605 1526 1007 2613 1682 2262 1325 2102 1645 966 1681 544 186 1002 487 365 709 1800 2318 2392 410 811 2219 434 1068 1384 2095 2516 1670 984 1978 1783 1387 1119 112 1131 2341 1040 1455 1516 253 568 2660 336 2596 749 1546 1079 1017 2549 2830 2609 288 821 1442 1966 2730 1005 1311 742 730 338 301 1969 1419 2243 435 248
2045 2755 1584 2023 747 258 770 2545 2034 1796 1320 1948 1416 1096 1051 2556 2272 2713 1316 715 2721 1586 2352 2628 1569 100 497 64 1029 463 194 2815 51 1895 1261 48 161 1788 1636 860 562 305 1496 439 155 1417 1407 1701 2631 1640 2836 1649 1860 2837 1993 1710 1782 2767 1965 1381 1544 2482 1617 2439 2289 1218 1552 2367 992 440 735 518 169 1658 1489 201 2300 2433 2241 1840 197 1926 2735 2376 1362 817 26 433 1319 1545 2650 547 2454 2553 947 2538 1045 173 712 611
1801 2277 529 2644 2323 395 1230 962 1798 1334 572 1561 1683 2759 545 1898 2579 2504 101 2242 803 374 789 1394 714 1306 1689 853 617 754 1175 646 426 898 328 364 1427 1951 2409 1207 1115 1996 2238 2040 485 2546 989 589 251 1389 2113 658 2381 407 1631 1928 1166 240 1035 581 634 1093 1558 1883 727 1451 1361 766 2066 1597 436 483 1087 1759 1839 1091 2072 737 1106 739 1786 1559 315 341 1900 1213 1257 2561 2430 2777 2178 2054 304 2077 2024 1300 465 2756 293 215
2539 2629 2798 1429 2428 377 2520 2578 2120 729 1038 2031 1070 1754 2210 828 640 2421 2221 13 1272 1041 964 1949 2038 1668 2602 1374 2671 672 933 2828 2640 1399 1337 358 323 2083 865 1249 2808 1910 1266 2047 698 1952 1329 1049 2335 1764 2570 955 370 979 2451 2786 1189 176 1521 2839 932 292 2423 1255 2227 56 2384 78 743 302 121 1033 432 2032 554 340 536 988 569 893 193 839 21 289 1431 1686 1256 2387 1449 986 1588 2267 1393 1888 2503 2668 1132 427 2380 1553
1487 1471 924 953 37 586 1763 922 1090 1082 1308 443 650 2216 2841 275 1703 1006 2666 1891 2268 1570 1363 1697 1400 1153 1882 2043 1541 2816 459 1687 956 1288 1723 2179 325 1916 1456 2194 167 475 2167 1205 2678 285 2171 750 820 2197 2810 327 2706 761 2136 334 2623 2313 1221 1866 2346 546 796 2535 1184 1536 732 1537 834 1244 1073 1995 2425 629 2452 1318 1462 122 2705 2222 1044 298 1727 115 1285 762 894 2823 2554 181 2153 2249 1188 1336 745 419 1797 281 661 2791
312 2832 987 1752 1545 1146 626 85 556 4 2389 1102 826 2270 2082 547 1386 635 1934 2790 1405 611 59 188 221 2411 1656 1624 1737 1319 1407 2501 2817 1202 943 2044 613 2367 1644 1926 2069 2300 2528 950 2133 977 283 1092 1552 1636 1422 900 2148 1840 1316 2419 2424 817 518 2241 1983 2544 1878 259 2826 2397 2574 1468 550 1617 463 2312 1428 559 440 1486 659 2477 735 1965 2631 445 1437 978 2840 563 2652 2375 260 965 2200 155 266 2076 1799 2088 1190 674 2724 904
835 1107 1908 702 284 1254 1830 848 65 1310 903 768 931 1114 2388 1512 1767 1340 1608 250 1720 1821 2471 2601 502 990 1845 1235 2624 578 126 684 2276 297 1975 688 103 1323 1391 2314 1186 1413 522 2667 1458 2503 1232 1570 398 767 1285 973 1839 277 2496 1015 431 2056 1318 298 543 1797 42 236 45 2478 1536 1080 335 2532 2608 1922 636 851 818 2620 2197 2510 1400 1759 18 395 1753 2079 1064 423 1198 2182 2302 1842 333 315 2760 690 2447 1125 1152 191 2183 1726
2066 1213 2113 2178 304 2546 1389 1115 1785 1228 2022 1019 1333 1300 63 545 1685 1394 149 182 1951 954 1175 485 1306 898 614 1137 617 1166 1743 374 2504 1561 101 341 1161 1087 2542 1693 2238 803 2242 962 727 1559 1971 737 2827 1760 1513 2072 1883 2040 2656 1257 1712 1230 407 328 658 983 1773 1847 2759 132 1207 215 714 1798 1361 589 1343 695 1928 2149 310 1176 572 1786 766 499 2016 1106 364 2323 1298 1856 581 251 789 2700 2409 2190 1683 395 436 1334 2277 2441
2512 2362 850 222 1504 1436 2218 1305 2691 2355 2342 2750 2450 1638 2201 935 2645 1736 1098 1321 755 1790 1806 2096 1052 836 1933 2156 2432 2071 1709 612 1911 1085 144 141 2446 1023 816 380 401 2679 2452 981 2074 599 177 461 2587 2163 477 1599 2122 1903 2055 897 399 1145 453 2747 73 1628 437 1163 1047 2098 595 1510 1233 2642 2829 208 2537 1621 823 1808 760 1717 2274 1976 2655 2469 1006 2535 2420 666 1404 1308 745 1155 1688 1082 1160 1872 1100 443 1671 320 1910 459
767 1938 277 1443 1833 889 2686 1747 2777 1753 1125 2478 2077 2772 70 2510 951 1759 1834 2702 2757 2315 2818 2 2015 431 315 2663 1252 1980 1842 2302 18 2532 1165 1557 211 1390 1460 2561 2622 369 601 2496 191 1989 2685 990 297 1845 502 1235 2624 1413 578 2276 103 1340 1035 1839 2471 126 2601 688 461 250 1323 684 1608 903 997 571 1418 2388 522 2507 1975 1767 1908 500 702 1114 475 2346 1884 1916 284 1391 1821 1065 1720 1952 2620 848 1793 980 2666 650 1891 65
1742 1554 243 1105 1370 337 1396 813 921 355 1673 2696 2064 2257 1331 1614 1384 487 966 1681 2458 662 2660 1495 1290 1705 1613 2600 908 2049 1017 530 2282 2085 1518 942 1237 1604 1567 446 2259 1301 1739 1893 2664 54 360 631 2782 542 1909 2596 2140 710 1000 1058 1981 2369 660 50 1853 984 607 2796 451 2543 1002 1695 1946 1978 2394 2803 1879 975 1031 394 2336 1271 151 1565 1287 2392 2711 2093 825 871 2405 1119 791 1404 1155 2361 301 1808 567 2843 288 254 1455 513
631 2282 2049 1518 1290 530 2064 607 2596 1017 1604 1301 2796 2140 1058 451 446 1567 1981 1237 1909 921 1384 2085 942 2093 1613 2543 487 2392 2458 966 662 2660 337 1681 1705 1742 2600 1978 1673 1879 984 1331 1495 1002 394 2257 1614 660 2664 2696 1119 1739 2262 1000 908 542 2259 2782 54 1853 360 813 1893 243 2357 1676 1554 710 1396 1695 2369 1370 1105 50 1455 355 1906 1621 852 2405 1094 320 1508 937 2803 435 791 1385 1936 1871 1287 749 1779 1808 1581 1155 2420 1020
2769 1870 2649 26 348 2454 480 925 1369 179 2714 550 2538 712 2130 2050 445 518 2840 1172 1453 1422 433 1901 1045 2650 2011 197 2289 2826 260 168 2375 735 645 524 463 1617 231 2574 259 2544 1417 2309 970 2088 2433 2044 563 201 161 1788 1490 2358 1489 2337 1701 1148 1253 769 978 1328 977 1486 2652 2200 440 1640 2676 1895 1092 1496 1054 1146 1710 1552 51 562 635 784 2721 305 1983 2713 2344 659 489 860 2606 559 1569 194 48 219 2272 1029 1948 1752 1840 134
1487 1866 909 924 882 123 214 986 275 1471 2197 1184 2150 1757 2494 1882 2572 907 956 1541 2348 2688 1139 1371 1144 84 2503 104 1255 750 1365 941 2623 629 953 2498 1400 1113 334 1687 327 1477 1641 1198 423 594 1462 2677 270 971 820 1183 474 1458 1318 398 1953 1922 2115 959 1084 1406 1280 2245 2841 2448 281 2263 2678 1199 2425 1263 1603 946 1525 2080 2179 387 1591 117 2152 1166 644 2216 2160 1596 2086 186 1602 839 1616 2359 351 2141 1283 1536 183 2620 543 1738
2116 2386 2263 2678 1525 1726 861 2623 1960 2572 1371 1198 40 592 1083 644 851 2720 2522 1280 2562 1632 96 2807 2442 762 2056 1596 1251 894 387 45 419 106 2153 1013 2591 1364 2554 333 2498 2401 949 2188 1336 183 2141 1702 636 1856 2160 1927 2612 971 1064 2048 1318 2688 2203 957 300 1315 1768 335 181 2760 2278 1004 1536 940 732 620 2441 2448 189 2761 2079 2230 2737 2182 844 171 2571 1199 1458 43 1084 1659 84 2718 1365 2733 117 1880 2503 621 198 1032 2111 327
1749 789 2579 483 240 1353 374 2759 2784 1300 1883 2504 803 251 101 2238 16 1178 1483 2000 1672 2381 2054 1447 44 1427 766 328 1971 2540 1361 576 1996 1801 1091 1451 1469 777 341 132 376 2437 1257 1559 1900 2040 1176 1898 1106 2785 1786 646 2422 1389 364 695 2190 34 1087 1230 2202 1914 2242 614 88 1161 1798 2745 407 1115 1476 2546 2277 1137 2547 1513 2523 1847 572 1683 2700 540 291 230 215 564 824 1207 2644 2072 47 1990 1951 1836 962 2699 1743 832 436 1804
1096 1416 1948 2272 2815 1316 1860 1496 1051 2721 715 1965 2713 1636 1218 1261 1796 1569 2556 2034 201 194 2352 51 2309 100 1362 64 562 2628 305 155 48 1658 2433 439 2545 497 1381 2241 1897 1586 2376 1617 1584 563 1640 712 1901 260 2826 231 2836 1490 1993 1782 2755 2650 168 1544 1453 1307 1148 1840 1123 2046 2023 1552 559 2439 1679 659 1878 645 319 1486 2553 2045 2088 1422 2454 1045 992 674 1623 1054 900 169 978 1328 445 947 784 1369 518 2837 2767 1437 1444 906
2049 631 2282 530 2064 1290 1518 1604 1017 2596 1301 607 446 1567 2140 1058 1981 451 1237 2796 921 1384 1909 942 2085 966 2458 337 2093 2392 487 2543 1613 662 1978 1742 1331 984 1673 1002 2600 2660 1681 1705 1614 2696 1879 1119 2257 1495 355 908 243 394 2262 1396 660 1676 1554 2782 2664 813 1739 2259 1000 1370 2357 542 360 1105 54 1621 1893 1853 2405 710 2369 1695 320 1906 852 50 2420 1155 666 599 2446 2537 937 2452 1271 1145 1094 1455 2377 870 1419 151 416 1808
536 2090 121 569 988 193 1132 1588 1268 680 36 1431 1793 901 2333 2217 866 2786 2117 2227 733 1393 1065 176 886 332 1256 979 340 429 1418 2668 1553 1430 571 2029 2743 1033 1562 2108 1686 802 597 1890 555 432 2384 142 1699 417 1492 554 427 2415 868 21 199 2078 1249 1888 500 62 1038 2267 2451 1398 289 2568 302 878 1329 361 323 681 377 78 1041 2578 1049 1754 893 1886 1499 292 1910 1053 1374 2421 2423 698 2380 2839 2798 2335 828 1272 1266 1764 2602 640
1236 2267 2380 1699 1492 1430 142 1553 2078 802 429 1886 1053 555 2333 1890 868 2029 1256 743 866 554 1888 2423 427 878 2217 2568 2668 417 2415 1033 289 1562 1431 332 2743 36 681 62 901 886 176 2117 733 597 361 1499 1418 1793 21 1398 1686 2108 292 2786 302 199 2227 340 500 1393 432 1041 1065 1588 78 893 2451 988 193 2038 121 979 2221 2224 1132 1038 2047 1429 536 323 2384 571 2539 680 964 2031 1399 2421 2387 2032 2428 56 2350 2120 1070 1001 1707 370
2558 1055 2728 1944 725 165 2294 2207 1130 1825 2741 1212 1126 1463 1547 692 2292 2135 447 2766 137 116 2842 97 2736 2511 1935 1606 1134 1056 2825 899 1940 204 246 2041 2319 442 2305 494 1986 2068 2248 2057 2382 722 2719 1067 2813 1464 1899 2580 1937 146 2435 1076 2665 79 2506 686 2258 647 2286 1639 948 2393 140 1452 2291 1874 1841 1868 1185 1223 1962 2708 1777 362 1473 574 12 804 2683 2639 1408 1677 2438 329 1721 657 682 2625 1942 1892 1771 2037 790 677 864 491
2328 2491 1578 1179 2682 945 841 1651 1977 1579 639 1063 1920 2647 2252 1770 9 887 114 2723 2097 916 2042 1531 1470 748 819 1667 1585 2575 1211 2792 998 227 1769 1583 919 952 1354 2778 1791 118 515 517 982 930 2379 1851 1528 567 2459 928 2729 2349 2225 763 311 875 2304 1154 1368 1657 923 1210 2310 778 579 2065 2488 1367 1854 382 2416 492 2026 2711 25 2618 1239 566 2559 975 528 2462 512 1970 2793 1643 1819 2334 2081 910 1864 1566 808 151 2474 1402 1209 1031
2210 640 13 2520 1272 2671 1038 2421 1754 2578 1041 2839 1910 2798 377 828 1329 323 1337 729 1949 2083 2602 2570 2335 2539 1374 2629 370 536 1793 432 121 1668 933 2047 1429 56 2828 2108 672 1070 1189 2795 1431 2415 2031 1764 2568 571 2380 1399 2221 429 193 988 1562 2090 2120 865 2387 901 2078 1132 427 2428 1588 1266 743 1553 1049 698 2423 1952 2808 36 2038 2217 569 964 1268 2333 1249 802 2267 2640 332 1430 2668 2029 1890 142 1065 955 2786 176 2227 680 2451 2117
1569 100 715 2721 64 48 439 1796 562 305 2034 1640 51 2545 155 2713 2433 2309 1490 201 1453 2376 1901 1860 1496 1316 1658 2272 1381 563 1948 2556 2241 2826 2650 1051 168 194 1617 1584 1096 2628 712 1840 1636 260 1782 2815 2352 2836 2439 1416 440 1544 518 231 1422 1965 645 559 1045 1878 659 2050 1218 1993 497 2088 1148 1307 445 1586 169 900 259 1444 1261 2454 735 978 2649 784 947 1649 2538 2289 550 2652 1123 2553 486 2337 1623 2130 1369 1054 2769 1486 2837 1328
2000 1451 2054 1361 1559 1106 1786 1971 1257 2787 614 483 1672 1483 727 1207 2072 44 646 589 658 1749 1178 789 2656 1951 1137 1300 240 2437 1353 485 1230 2579 1447 1306 2149 16 1175 803 1091 215 1900 2040 1798 2784 581 374 2785 376 1389 2504 2381 251 1996 1115 572 230 1693 2540 1427 1513 436 1836 1801 2409 564 1914 293 2644 1357 1990 777 132 926 1561 291 63 1019 1334 395 364 1180 751 1535 737 824 341 766 1161 1213 2695 576 832 1743 2114 989 1176 1523 1883
2066 2113 2178 304 1213 2546 1389 1115 1785 1019 1300 2022 1333 1228 63 545 1951 1175 485 1306 1685 614 1361 727 803 149 2072 1559 1207 658 1451 1137 589 1971 954 1786 1257 1230 962 1106 1798 2000 374 1561 2504 2040 898 101 2759 215 2242 2409 1334 341 572 1166 364 2656 789 1883 989 2238 2579 714 436 2644 328 581 395 1353 737 1683 407 1513 2323 1900 1743 2381 251 1161 1394 2787 1693 617 646 2542 1091 483 1176 1087 1773 132 529 2149 1357 2784 766 39 1801 93
2152 2502 941 84 1605 214 1139 1602 2348 1953 1866 2841 1171 744 22 909 2751 1113 1214 398 2109 2567 244 2115 1616 106 2162 454 957 189 2060 1199 1927 1696 1371 1032 2141 851 509 2404 420 609 1738 1632 2768 2457 1960 1889 171 2572 510 1458 1280 2263 183 815 96 2203 2706 2386 1397 924 2612 844 621 300 1661 1907 2503 2197 2401 270 2726 2623 1365 2705 1987 2620 1726 1364 1744 117 2303 1525 2591 1488 1198 419 2678 894 1283 2464 2521 2448 861 1766 40 2160 1064 2153
213 2024 2143 24 426 2430 1689 634 1597 853 2638 2408 1719 558 135 2533 707 29 2295 1149 754 2320 1728 967 286 2756 2172 2413 2673 293 757 1533 184 1231 2021 1849 1804 1448 2354 739 1296 2615 119 1478 1265 80 1984 91 1383 2472 1312 498 1269 218 792 2235 520 424 388 2366 1529 1945 2124 2725 1326 1766 232 425 2113 2508 19 1722 2787 2014 2178 1061 609 2296 1867 375 2464 529 163 473 2390 304 1426 2566 752 1733 2404 2066 1898 466 1889 2351 2546 1213 646 1093
1929 1730 2806 295 1275 2687 1789 1655 1831 1706 927 464 2715 2301 331 999 2236 131 1097 1475 1293 484 2059 655 1262 326 31 268 1875 806 455 1662 1822 2407 780 1378 159 580 2429 2765 2244 2062 1143 430 534 1026 495 504 1022 33 1039 1813 1465 653 1008 456 1240 452 1274 1024 125 726 1568 324 1011 314 390 1635 840 1843 418 1715 1923 52 1912 1932 1281 786 1118 2773 2316 2285 467 1967 2053 2142 1273 346 2531 89 1124 290 389 241 1755 1335 2232 108 788 501
1752 1316 312 2790 2367 2832 1102 2389 1926 2556 950 1545 987 1146 1656 59 221 1407 1202 1624 2817 85 556 2300 2069 2528 943 2411 1644 2270 1965 1934 4 626 1496 817 1386 547 2082 1840 635 440 1649 2501 1636 735 2836 2241 1405 1799 1737 1782 613 518 2826 1658 826 1381 611 2837 2044 1319 2840 169 1796 155 2628 900 188 563 2439 2272 2050 1617 1584 1054 2767 1045 2545 712 860 1444 2713 194 445 2538 947 1623 1437 1218 2815 1710 2433 1860 1544 1486 1096 1051 1679 1416
1349 913 352 1572 234 1 1520 2399 1025 2727 2541 307 969 2158 2834 1615 2635 1815 223 2063 2215 403 2455 1618 2226 837 1009 1540 1159 349 17 511 1539 2339 264 2466 1630 892 46 1571 2340 2138 2246 1684 2484 1360 267 1291 127 1524 2619 1238 2298 573 961 891 685 1514 2175 810 787 1509 2710 2529 71 638 958 2139 1619 2517 1698 2833 1863 2271 1258 2444 2255 1445 1803 30 879 551 1446 2253 1925 1270 1059 1629 2223 718 2481 342 665 1294 1215 2524 299 667 2731 1112
1710 2836 1489 712 947 1782 1045 1444 197 1328 2050 1369 1417 2241 1663 2649 2837 735 169 179 2454 2130 1617 1701 1870 860 925 26 2011 463 445 348 2840 1649 440 1437 1679 2817 900 2767 480 2790 1381 1102 1658 2375 817 1656 2832 1407 489 221 1422 1926 1644 1934 2707 2528 2289 1788 1544 1623 1486 1054 1624 943 2714 1307 645 2769 550 970 433 2397 2826 312 2300 1218 1993 2411 1029 2439 2628 1545 635 1405 559 260 2084 51 518 1796 977 2082 1386 2538 1752 2652 563 1208
2414 107 1177 2550 1507 2604 2641 2176 1104 1669 55 728 397 575 2754 1194 1691 2019 1523 834 2239 736 2080 441 2073 2661 1482 2695 2383 2326 827 541 1950 1919 584 333 83 373 2288 1016 1943 926 400 32 2495 564 917 2426 845 920 2395 2169 1818 1180 1014 902 993 469 379 2166 2508 309 739 1028 1310 1922 2033 2159 2630 1745 2360 327 1883 1401 87 856 1690 967 766 590 1357 1556 1326 2106 2555 187 2234 1259 39 1832 2347 1467 2791 1192 498 1372 2281 306 436 425
1067 722 2511 246 1547 1134 1935 2068 2665 79 2305 1463 2842 2041 97 116 204 1606 137 2135 2741 1212 899 1126 1055 442 350 1130 2558 2736 2294 165 692 686 2292 1944 1868 140 2766 725 2319 1452 1076 2728 2825 2580 2286 2248 2382 2813 1464 1940 1937 2207 804 329 12 2506 1825 1841 1056 1962 2719 447 494 1639 2393 2598 948 2258 362 2057 146 2436 790 1185 1899 598 1473 2499 1942 1777 1006 1408 393 1677 2708 2639 2440 2435 647 271 104 508 1771 1986 444 627 2291 491
2798 2629 2539 729 1429 1337 2428 2083 1070 2120 2031 2221 1910 377 2335 2578 1329 2839 2570 2640 828 1764 1399 2795 964 2038 2520 1266 1249 2210 358 2808 2671 2602 640 13 1374 1668 1272 1952 933 323 1189 2421 672 2828 56 2047 865 1754 370 1038 2032 2786 1041 432 1449 979 1806 2387 698 2227 1521 1793 1802 1949 955 176 1268 476 571 669 2260 1880 1562 733 1431 1888 2108 193 121 988 1049 340 2090 2384 2415 554 2512 569 597 2451 2333 2217 500 866 743 36 2448 2342
2769 1870 26 348 1369 2454 925 2649 480 179 712 2714 550 1045 2130 2050 2538 518 1417 735 1617 860 1489 1701 197 463 445 1710 2011 2840 2241 48 1422 1328 1569 64 2721 1663 2375 1788 100 645 440 1948 1416 715 1096 1796 817 562 305 260 51 1782 2836 2034 1054 1993 2826 1658 947 1926 970 2289 2650 1453 1486 1624 439 2309 433 1029 2433 1640 194 1444 1218 155 1649 168 1552 1381 1679 1437 2556 2628 2545 563 2528 559 1307 900 524 1172 169 2817 1051 1644 2300 2419
1710 1701 1489 1417 860 1788 197 1437 900 1870 348 463 2790 1926 1679 817 2817 2836 1045 925 1644 1486 1782 26 2241 1649 489 1407 2649 2528 179 712 1328 2375 1307 1369 1624 1656 2011 1617 1623 2826 1102 1444 1545 169 1658 2300 2050 1054 1796 606 2397 2628 2084 2034 1381 735 2837 2411 2454 2389 947 559 2130 221 2767 1663 1386 2515 1934 2424 433 1208 2289 2545 2082 260 2439 1993 1029 2367 674 2270 2769 440 970 1096 2045 155 1416 563 2832 59 550 645 480 1544 2840 1319
2656 1786 1971 1257 1106 1559 1693 2149 751 1451 1361 2000 1593 76 1357 2288 2787 39 564 1091 230 926 777 1818 2281 2495 310 1996 581 2437 1180 1672 989 1116 1713 2785 1914 1224 1836 2381 1714 983 2129 1178 2827 1743 789 832 2745 2504 803 1900 766 1990 1207 483 2579 215 1137 2040 2202 614 47 374 683 2238 2190 132 1353 88 436 1535 824 2700 328 2441 1306 1951 727 2114 341 2016 1685 954 576 695 1176 2540 2523 1346 364 737 2072 1483 1115 1476 2422 95 485 2547
1548 269 531 2499 1725 368 2051 444 1088 425 1712 1986 2506 1833 1529 1326 1443 2497 1979 2494 1747 1849 1439 1183 2359 1570 1263 1423 2483 598 2653 1938 1035 182 1198 1760 1839 2303 315 660 1502 375 767 676 104 420 907 205 327 2249 2 1007 117 2686 2354 2014 2663 1641 2390 2152 1165 277 423 2566 2746 1205 2245 889 1488 1397 2521 601 298 1867 2664 424 442 1462 878 1733 2124 1722 1711 2315 2768 2302 1061 149 2179 1940 2128 338 1557 1526 1779 2516 1000 2599 1960 1184
1394 545 2113 1213 304 2178 2066 1389 2546 1115 1785 1019 1228 1333 2022 1300 727 658 1951 63 589 614 1361 1175 2072 2249 2277 1137 1306 1801 485 149 761 1087 1451 1559 2000 898 341 1207 1558 1230 16 1798 572 737 924 1106 581 395 374 2644 2114 1483 1685 1561 783 1631 1727 215 962 1683 954 714 132 2040 2579 1161 1898 2242 1093 182 1786 1749 1176 803 1257 101 529 2656 44 2547 251 1900 1353 1914 2238 1712 2054 2323 436 1513 2288 1447 1883 1971 2504 2381 2190 328
1145 2747 2098 1047 612 1023 2055 141 1976 461 401 453 1628 2775 164 1163 2636 1415 156 208 2163 72 174 1510 760 477 2009 595 1872 2587 1688 599 666 2537 2122 694 2679 177 2655 2274 981 755 1085 2829 816 1717 731 172 2722 1100 823 1808 1784 1806 2577 399 1160 1241 1404 2126 1599 2469 1089 2450 1903 1155 2446 99 1736 2642 1436 2218 1504 460 2342 1638 222 2074 2452 380 437 935 2645 1321 1233 2201 2691 2750 73 1933 1790 850 2355 1305 2362 1098 2432 836 1105 1621
61 2669 2025 192 2396 2794 245 1787 1781 207 2280 654 2173 49 225 525 408 139 383 838 209 2070 1282 296 239 2091 1141 356 2164 2311 1506 252 1780 1248 1356 1127 625 1435 2232 1505 653 679 52 418 1481 2137 822 346 216 1274 1598 2470 295 858 2806 2244 780 290 268 1216 2142 1022 806 1929 2693 2236 495 1730 1124 31 2531 455 1475 1465 131 2059 484 113 1275 1262 1293 2053 1789 331 2301 1037 1843 1097 1706 53 452 2429 2821 2715 786 1011 1500 1024 1140 580
1710 1701 1489 1417 860 1788 900 2375 197 1437 2817 1679 1624 463 1656 1623 59 626 445 2270 817 489 2241 2082 348 433 1319 1926 1328 1307 1934 606 2707 2790 2826 2289 2397 2084 2011 1102 2836 1386 712 188 1486 1444 2840 1045 2528 312 611 987 2300 1617 2767 2832 2411 1545 221 645 2130 1870 2367 1737 1407 556 2424 1054 1644 2515 2769 1649 1782 2044 1658 1208 2501 169 2389 675 259 2439 735 1405 635 943 2050 1895 1381 559 179 1029 950 1752 480 1663 2076 1544 970 547
2394 105 1946 1778 416 11 883 2110 664 2711 1271 7 1854 151 2793 808 337 975 517 94 778 2792 382 567 1970 2696 1705 1614 1002 1370 243 1419 2575 1681 2618 1331 513 1742 2559 2600 2830 1585 1040 2723 2026 1495 114 1424 916 871 512 1325 1119 487 1209 819 610 434 2560 821 1309 908 2331 1554 2416 717 2042 1068 1978 1404 1673 144 25 1992 2660 528 301 982 318 227 605 1239 2361 1077 2730 1367 2718 1770 1142 2349 1573 1031 2697 118 998 2353 566 1667 568 1966
18 1842 2663 2 601 1834 951 1252 2015 2818 1759 2757 315 1557 2622 1390 70 2077 2777 1125 1165 1753 2302 2478 2772 431 2510 2561 191 767 2315 1938 277 2702 2532 1443 1747 1989 522 1035 2686 1839 211 889 369 2667 2685 1460 1114 1980 1833 578 1845 2624 1767 2276 126 990 250 1235 931 768 702 1413 1821 848 1830 688 249 502 2323 2583 2496 297 1608 1418 2471 2601 634 1323 2746 962 103 1810 1075 1511 1391 2320 1969 684 1952 1720 1012 67 2388 2509 65 2577 1533 29
1752 312 2832 987 1545 1146 1102 2389 2790 1934 1840 59 1624 2501 626 1656 4 1407 221 1202 2817 2411 556 1926 1644 85 1316 2528 2082 735 2270 2367 943 518 1636 1405 440 635 2241 547 1386 2300 1737 2044 826 2826 950 2836 1782 1965 2069 2050 611 169 817 188 2439 613 2556 2837 1437 1649 1045 900 1422 155 2840 1319 1617 1799 712 563 2538 559 978 1381 550 1486 1544 480 445 1658 259 260 283 1496 1444 1878 2649 1468 2454 1796 1092 947 2133 26 925 977 2397 2312
1096 1416 1948 2272 2815 1316 1860 1496 2721 1051 1965 1636 715 2713 1218 1261 2556 201 1569 305 562 1796 2034 2352 2309 1362 2628 64 1658 100 194 51 2433 48 155 497 2376 1586 439 1381 2241 1897 563 2545 231 1640 260 1901 1617 1490 2826 1584 1544 1453 712 1148 2650 168 1840 659 2836 1782 1123 2046 2439 559 319 1307 2088 784 1993 1552 2553 1422 645 1878 1486 2755 2337 486 978 1623 2454 900 1679 445 992 1054 906 2732 674 440 747 1437 169 2289 2076 2769 1328 1045
2437 1672 1836 1749 1057 1483 44 16 1447 1469 376 1990 1914 1178 2700 2785 2317 1449 1224 2202 95 1304 1856 1593 1727 47 1476 2441 1103 2745 2058 576 1116 834 2555 1535 2190 1277 1713 824 683 832 88 291 1161 83 596 60 2827 1773 1714 2383 1795 441 1838 751 2695 483 983 1523 1513 132 1743 845 2784 1632 2249 2554 2180 1147 1678 1176 761 2547 1999 2153 2096 1482 2129 603 1919 2166 894 2080 2275 762 2523 1732 419 96 1847 830 1353 1620 2518 1927 1120 2563 2000 230
1545 59 2389 2367 950 626 1799 1202 1752 4 1146 2270 2082 1737 826 547 1386 556 440 611 2312 2375 1319 613 463 2840 1552 735 904 1407 134 2069 1029 283 1468 259 2148 977 312 1788 445 1649 987 85 1934 1624 563 2477 1993 1656 1840 2837 1486 2241 188 2289 169 1544 1926 2088 1123 1045 1148 155 1895 2076 2439 2501 2300 2832 900 2826 2133 1584 1878 197 1316 1307 260 2200 635 2735 1437 1663 1617 965 2817 1253 2044 518 433 860 906 2050 2652 2424 817 659 2411 1444
1328 947 1444 2836 1782 1663 1617 712 1679 1045 169 2707 1623 2837 2241 1649 2767 1993 2130 1054 445 1489 2011 900 1381 2840 1710 1658 645 1552 1437 2050 197 1486 1422 51 1218 735 1307 463 2454 860 1369 179 440 1948 1416 259 559 155 1029 1253 260 2769 2714 1261 1096 1544 2826 2628 1701 2289 1796 563 2649 1208 348 1640 1417 480 1569 1860 2439 134 2133 2419 2088 2650 188 2397 635 925 305 2082 1870 433 674 562 1926 1934 26 2652 2544 2721 817 2574 2044 2076 2375 769
1588 1132 121 536 193 988 569 2090 680 1431 1268 36 866 733 2117 1793 2217 901 1492 142 1430 802 1699 1553 2078 429 1890 500 2333 2029 555 2668 1256 2267 332 868 176 427 878 554 1499 1393 1033 886 2227 1562 1686 417 2743 2415 1418 2786 1888 21 597 2108 1053 1886 289 2451 2384 340 681 2380 199 1236 979 62 1398 2568 1065 432 361 302 2423 1038 292 743 1041 78 571 2421 893 1374 323 1272 377 2602 1668 13 1754 2539 2828 2578 640 1429 672 2221 828 933
1506 1141 2070 383 192 2669 2025 61 654 525 1780 49 245 2794 1781 408 2396 207 2280 225 139 2311 1356 1787 2173 1282 296 838 2232 209 1248 1505 1127 252 356 239 1435 625 2091 2137 822 2164 455 113 1140 1262 679 216 1598 2470 1568 858 653 1216 1829 1274 1168 1299 726 1024 1503 2531 27 464 1706 2765 2690 1124 1500 2698 2693 1612 2467 418 2715 1273 1875 1692 1924 331 1918 2053 2279 200 290 131 1011 1021 1961 618 1438 346 806 1532 31 799 2316 2062 2142 2017
1009 2455 837 2063 352 234 264 1159 913 1572 1815 2484 1 1814 1520 1349 403 2399 2727 2139 2092 2833 2541 1025 1122 267 1539 1589 2371 2731 1291 2844 1238 299 2158 667 2215 1925 1982 1366 2834 891 1615 2576 1619 2269 2385 17 223 1571 2635 2776 741 46 1816 1373 641 262 307 2771 969 2797 1735 1684 428 2633 1863 888 991 1660 2431 2298 892 879 1630 1480 2185 1807 2529 1360 2189 349 2226 342 2607 1549 958 1540 787 2616 2783 1698 551 386 1824 2460 1776 2223 1129 2619
2267 2380 743 2423 1430 1553 427 2568 2217 2415 1888 429 868 1236 1890 2668 199 1492 289 1699 554 681 292 555 142 340 176 1562 332 2078 2108 2539 1256 878 302 2421 1429 121 1398 361 21 1038 901 2786 1041 1754 802 2029 2629 417 893 78 1399 1431 2333 2038 569 2451 2227 2428 2221 1793 62 1070 323 886 964 432 597 2578 193 2743 828 500 2031 377 698 2090 1033 2120 1686 2384 1418 988 2117 1374 36 2828 536 933 1521 1272 1668 2047 2798 56 839 733 1053 1499
802 1492 142 2078 429 1699 1430 1553 1886 555 1053 1890 2333 2029 868 1236 2267 1256 866 554 2380 1888 2668 878 1562 417 1033 743 2217 289 886 597 2743 62 1686 2415 427 1418 681 2568 176 332 361 21 1393 901 2423 1431 1398 1793 733 292 302 2108 2227 36 2786 78 1588 2117 340 2451 199 1065 893 1132 979 680 2384 1499 988 500 121 193 536 432 1038 1041 1272 571 323 2047 569 2421 2038 2828 640 2539 13 2671 1374 672 2520 2032 1429 1668 73 2602 2221 1682
924 1487 1471 1363 1703 1288 2216 2841 953 1605 2502 2152 834 1727 1019 2249 333 1027 761 2567 443 2452 1044 1139 2153 1389 419 1763 2554 581 1357 2555 2114 1090 1006 2263 2816 2550 22 586 149 309 2678 1856 2043 1115 2288 1315 1308 1214 737 2437 39 1671 96 1336 1632 1507 1104 894 2623 2401 335 1213 1161 1277 37 1300 2810 2317 1082 327 2497 2000 1836 1891 650 2666 63 8 1773 1749 2109 1990 214 2751 856 1171 1865 1483 2546 2066 1760 1184 1927 189 1795 1914 997 1447
1038 2421 1754 1041 1949 865 2520 2210 13 1272 323 2786 640 2227 979 176 340 2671 332 2539 377 1429 2798 2578 1256 2629 828 554 2120 1266 1399 1070 1374 2221 964 2602 868 289 2038 2428 2828 1952 2031 427 2668 2415 1553 729 1888 571 1668 2808 569 597 2047 672 1337 2090 1430 2108 429 1492 933 1890 2640 1033 698 2029 121 2384 2217 56 1793 1398 2568 2451 1329 417 743 681 1699 142 2032 21 1521 193 536 2267 2380 2423 358 988 199 886 2335 370 1686 893 1562 1393
2194 1227 2261 661 476 1761 669 1153 829 1882 956 2168 1541 820 1221 546 285 6 582 759 1702 2643 750 1083 1260 334 732 620 181 807 1603 922 1188 1797 37 1536 1318 2666 636 1570 1697 2807 2043 1768 2823 2048 2313 650 2688 2761 1763 2678 894 2810 2816 2476 281 1916 2171 762 1456 2720 644 2425 1487 468 2278 1891 1400 475 2346 1726 1090 372 2263 1139 2153 586 971 387 1336 2623 1560 2554 419 1866 1315 1723 2498 2387 84 2705 2442 1858 196 629 1911 1283 941 1802
2185 1129 795 1411 1440 386 143 2584 2517 718 2529 1694 2271 1684 958 787 2298 810 1445 2619 2616 638 30 1360 1514 697 71 1446 1294 2460 1630 2801 1215 665 557 2481 273 2139 2524 1112 2833 1925 879 1939 1242 2104 2363 1258 1366 1982 2246 2844 1619 299 1373 667 1863 1814 2092 2455 641 262 2771 2576 1270 2727 969 2731 264 1009 837 888 2385 1122 913 1816 2468 234 2371 1824 1887 1480 1520 991 267 1572 2672 1735 342 1 2273 2484 1877 2776 1191 1350 1549 2717 1698 741
1993 2241 1328 1617 1444 947 712 1045 1422 169 1679 1782 1623 2840 2837 2836 735 2707 197 2050 900 2011 1663 2130 260 2826 1658 463 645 563 445 440 1860 51 2289 1381 155 1649 305 1796 1878 1552 1054 1710 550 259 2767 1218 2439 1544 2454 562 2088 518 2628 2270 134 1437 1489 635 2631 1640 1926 1569 2082 1261 1840 1307 2713 2721 2817 1486 1123 179 556 2649 1788 1369 860 1895 221 1316 1407 2375 1405 312 2538 2650 1636 480 943 1948 2790 2556 2769 1901 547 2714 1148 1051
312 1545 1752 2832 2389 59 987 626 2367 4 1146 2082 85 556 950 2270 1934 826 547 2501 1840 635 1102 1386 1656 1202 1737 2790 1624 611 1407 221 2044 2411 2069 1405 188 2133 1319 613 2817 2826 518 1316 1926 1636 1092 1878 2241 440 2300 977 943 563 735 2424 900 978 283 259 2148 1552 1123 1468 1486 2419 1437 2836 1799 1965 1644 559 2528 965 1649 260 2397 2837 1428 2840 817 1422 2652 550 1782 169 155 2312 659 2375 1983 2544 463 2439 445 2574 2088 904 1617 2477
2600 1705 1681 2085 942 487 2543 1495 2458 1384 966 337 2596 908 921 2660 2392 1742 1017 1290 1518 852 1978 1002 1331 2262 1119 1695 1000 1614 2664 1673 1739 984 1853 54 2282 791 631 2369 1893 2696 1565 710 50 360 2259 607 542 2257 1508 1031 2803 1287 660 1676 320 2782 1718 1237 2357 2064 243 1981 1370 2796 512 1396 1779 355 2618 1567 1385 1604 394 1519 114 2093 151 186 2026 1770 1301 1077 446 566 1871 2140 2559 893 1909 416 2049 451 1058 2147 1271 1554 519 2469
2558 1055 1944 725 2728 2294 165 2207 1825 1130 2741 1212 1463 1547 2842 2135 1935 1606 2511 1126 2766 1056 137 899 1134 116 447 692 2825 204 97 2292 2736 246 2041 2319 2305 442 1940 2068 494 722 2382 2248 2057 1067 2580 1464 2813 2719 1899 2435 1076 2665 1937 79 1986 686 1452 146 2258 2286 2291 1639 647 140 948 1874 2393 1841 1185 2708 1868 1777 2506 1223 1473 574 362 804 1677 677 657 1962 2683 12 682 2438 1771 329 1721 2639 1942 1408 1892 2037 864 2625 271 2569
1083 1702 6 181 759 732 620 2643 546 582 1797 1260 1221 285 1882 807 1858 2313 1188 468 2807 636 1318 2278 1536 2476 922 661 2194 2261 2425 2171 2816 2823 1723 1891 2043 1697 1227 2666 1153 2810 1763 476 650 37 2168 1916 2346 1456 475 586 1865 2048 396 2263 2678 1284 2153 1768 45 1090 829 2056 1570 820 1082 2720 956 122 2522 1761 42 1251 1603 2627 894 443 2268 1364 2442 2386 189 1064 2761 2554 644 411 1541 40 669 281 1726 419 2760 2060 387 298 1560 229
1276 793 2461 210 1859 1392 1861 1034 57 2418 280 1580 1792 1930 570 1665 2004 1234 2125 689 2174 1072 1758 2456 663 1375 2838 1575 2327 294 1358 746 1724 421 1664 77 2694 704 2229 1193 2581 756 1576 493 158 2155 242 1716 884 185 2206 2127 880 438 934 1292 287 1551 1348 170 82 1345 1377 1432 2662 514 857 130 1030 228 2703 2332 2659 2321 470 1086 798 2330 2039 1350 1522 1043 2374 2739 2198 1887 2356 706 263 801 1279 1457 859 885 1877 1675 2002 1542 1191 2187
2656 1786 1971 1257 1106 751 2149 1693 1559 1451 2000 1361 1593 76 2787 1357 2288 39 310 1091 564 926 230 2495 1818 777 581 2281 1180 2827 1996 989 2129 2437 614 1672 832 954 1836 1137 2381 2016 1743 983 1713 1116 803 1914 1207 1224 2785 1714 1900 1951 215 132 2040 2441 374 727 789 2504 436 1535 766 1685 1178 2745 2190 683 485 1176 737 2202 2072 328 2114 2579 1353 2238 1306 589 341 2540 1773 1990 1115 483 658 695 824 364 47 1346 63 1389 1175 2700 2542 251
1721 2809 1876 1473 12 1439 2051 2499 1725 368 2683 627 444 2291 598 637 608 249 2435 2057 1406 1899 494 531 394 1012 274 2657 1931 1390 1592 2622 2438 2583 994 682 67 601 1810 447 1088 864 2183 2121 1879 1433 939 1001 2598 2089 2617 526 2569 2639 2719 255 521 2093 790 1185 2704 2350 1565 202 607 2445 1557 1639 2509 2526 2308 1777 1839 2757 574 1886 1944 1555 647 2708 1906 791 692 18 482 2319 146 2803 217 2766 2427 2436 491 1055 1075 1937 1759 442 2220 2393
2252 2682 1651 1063 1578 1977 1179 2328 2491 841 1579 945 916 2042 639 1920 9 2647 2097 1770 114 227 887 2723 1211 2310 1531 1470 517 748 1769 919 1583 952 1354 2225 763 982 998 2778 928 2792 930 118 1791 515 819 1667 2379 778 1585 1657 567 2729 2575 1851 382 2349 875 311 1154 2065 1528 1368 1367 923 1210 1854 2304 1970 2459 1239 2026 579 2711 2416 512 528 566 975 1566 2488 2793 2618 2559 492 25 7 2081 1209 808 513 2658 151 1271 1819 1031 2462 607 2577
472 2138 961 1803 1607 2758 1341 551 1509 1069 1530 2444 1811 2094 160 147 1078 127 1059 2595 641 2710 1807 1295 1524 991 342 1421 2771 577 2385 1167 1355 1520 262 1862 888 741 1828 1373 17 1540 2635 1629 573 267 2340 2709 1618 2266 1571 405 352 1 154 1291 2399 1238 2431 2835 2727 537 891 2338 1652 2820 2175 1622 223 203 1215 2738 2223 2486 1129 226 1619 2619 600 2648 665 2253 1615 1698 1242 2208 846 1270 1258 1278 2372 1630 2231 1863 2100 385 667 1081 1925 166
