imageName,Corresponding Indexes
000001.jpg,84 941 2152 2502 1605 2348 1139 214 2841 1113 1866 1602 1525 1953 1280 106 1371 2706 2263 2572 1171 1084 2109 96 2554 2623 2678 1198 189 2153 1927 419 621 1726 894 22 1032 1632 744 1960 1659 1214 2303 117 1205 2751 298 2060 2567 244 2831 2705 2115 300 1661 1570 909 327 2203 1979 1184 2197 183 171 1251 2401 2522 924 1364 6 45 40 2677 1696 1199 1458 1064 971 2448 2612 2494 815 2768 2562 2030 1987 420 2688 2386 2498 594 2188 762 1380 2179 2056 2760 1596 1738 1760
000002.jpg,2044 1934 85 2501 2411 1102 312 1656 2528 2832 2790 188 1644 987 635 2817 1405 943 221 1926 611 556 1624 1319 1386 817 547 2300 1407 2270 2082 1983 1422 2574 2344 2397 259 2670 1617 826 2800 2544 1158 1092 2007 463 1190 1428 2307 1029 1552 2724 1993 2676 1848 1146 74 445 712 977 2084 2011 283 550 219 1208 2069 4 2419 2358 2840 659 606 2646 2538 2652 2424 1045 1202 178 2337 613 900 2837 2454 1782 1737 2836 2826 1414 622 2626 1752 2631 911 1046 559 2133 1788 518
000003.jpg,410 1516 811 538 1079 843 248 648 1133 2609 257 434 709 937 2843 2219 1731 288 544 2549 605 1634 94 1138 1424 535 253 1466 1454 2341 1871 365 336 112 717 1498 1894 1110 338 1546 1783 186 2788 2377 2746 2364 1707 610 1131 1455 1573 2151 742 1527 1794 2613 730 1800 1005 1040 1379 435 1966 2730 2830 673 2290 1243 2763 1309 1779 1645 593 2196 1020 749 1526 2560 1068 1325 870 1311 2299 1581 1007 1992 1670 773 2102 1969 678 406 2516 2251 1968 2145 821 519 1385 2492
000004.jpg,2809 1721 12 1473 1876 627 67 2657 140 2583 1868 2617 2685 637 2598 1027 1886 2445 619 2580 1452 2506 255 2772 442 393 531 2041 1125 2427 2777 1753 217 1390 2315 2308 1980 394 482 2712 1185 2704 79 1906 191 444 2561 1810 2077 1165 657 1439 1707 1879 2136 2665 692 508 790 2622 369 104 1126 1330 1244 1067 1998 2292 1935 1463 494 722 2249 1511 2702 1969 1557 1931 103 1548 2302 1001 359 994 881 297 2121 2286 1433 2499 2748 662 686 761 1777 2089 1052 2478 491 116
000005.jpg,499 465 1727 2555 1631 2058 834 545 1228 1785 1801 1394 1898 1213 63 2113 341 540 2066 2277 374 2546 1389 2022 1115 1277 2579 1087 2422 1561 2242 2178 803 761 304 34 1333 407 1161 1137 1178 2249 2542 1019 2504 1996 1091 824 2238 617 529 1300 2785 777 2759 2523 1093 101 1230 898 581 789 1683 251 1914 1883 1971 328 2700 88 1685 2644 2040 2547 132 576 483 1176 1353 1847 737 1513 1990 2745 766 1951 1743 2202 1749 1476 2381 395 1257 695 1483 1798 2190 1334 2180 2114
000006.jpg,1796 2034 1569 100 2545 48 64 715 2721 439 305 562 2433 51 2713 1640 2376 155 2309 201 1490 1860 1901 1453 1658 1381 1316 2241 2826 2817 712 1644 563 2528 1584 1782 1926 2411 1656 1617 260 659 817 2439 1624 2836 2556 2790 221 1544 1993 1636 1051 1496 168 1407 194 2272 1965 1369 1096 2352 1045 943 1948 1218 2815 947 2628 2300 559 1102 1840 1416 188 1405 2650 1934 1422 2649 26 85 925 2454 1878 1444 900 2088 2023 992 550 348 1261 2007 1437 2419 2046 169 987 1328
000007.jpg,1938 1833 1443 767 277 889 2686 1747 2510 2532 2496 431 211 70 2777 1753 1125 2478 2 1460 2077 2663 951 2772 1759 2757 369 1834 315 1989 1842 2702 2818 18 1557 2015 2622 2315 1165 1390 1252 2302 1980 601 1035 2561 1839 990 191 1340 1845 2685 2388 1413 250 578 2624 502 2601 297 1767 126 684 2276 1235 2471 1608 848 1821 1975 903 688 702 103 461 1720 1418 1323 1114 1107 931 1830 1908 284 1310 768 500 522 571 1391 2323 2249 65 1047 1423 2098 2022 980 1398 417
000008.jpg,990 2471 2601 502 103 2624 1235 297 1323 1845 688 126 2276 578 1908 284 848 903 768 1186 1391 2314 1830 1340 931 702 1767 1114 1413 65 2388 522 1107 1608 2667 250 1720 1821 684 1512 1310 1975 835 1254 767 2478 277 2777 2077 1753 1125 2302 2772 1165 1460 191 369 1232 1723 1759 2323 18 315 1839 1842 1834 973 951 2757 1916 962 1989 211 601 2532 395 475 304 70 2510 2346 1458 1035 2759 2015 1557 1397 2 803 1570 398 431 2178 1252 374 2315 2496 420 2768 2663
000009.jpg,2494 117 327 2303 1659 1205 1198 1184 1979 2573 2203 275 1687 2791 2030 1922 2572 298 1371 1400 2620 1502 2678 2263 2179 1113 1960 1726 2623 1738 148 420 1080 1525 2521 2768 1397 510 23 594 1280 1641 1570 1488 2359 1425 1537 40 690 1084 466 907 2245 1285 1423 498 2124 973 425 946 851 163 1605 375 205 167 1326 2288 2222 2152 1637 2677 474 2014 1263 20 39 2497 629 2115 1357 2502 1199 1696 454 2281 1061 953 1144 69 1616 2118 2132 1139 2351 2101 1880 2571 1171 924
000010.jpg,2267 2380 1236 1430 427 1553 2217 743 2415 2423 1888 868 554 1562 2668 2568 429 1890 555 289 1699 569 121 292 332 199 1492 1793 681 2029 340 417 21 1256 176 2078 193 802 302 901 142 2108 361 2117 1431 878 78 2090 1686 988 1033 1398 886 62 2743 2786 2227 2451 597 2629 893 2539 1429 2221 1754 1418 2333 2421 2038 1038 1041 1393 2384 536 1070 1399 500 36 2428 1053 377 2120 1499 828 2031 323 437 2828 1233 964 733 1668 432 2578 1374 380 698 2602 866 1065
000011.jpg,799 1755 653 805 2693 1317 314 1756 1395 2232 1303 1568 2091 1475 561 2402 721 1050 806 1647 1503 2531 2061 2236 1024 239 1781 131 1274 1972 822 2164 1921 390 495 1967 2137 1875 1282 2794 1127 412 1378 268 1635 296 1011 1843 356 1655 2059 1039 1715 2017 290 927 2099 408 241 2698 999 1612 1831 2765 1140 1021 2715 1543 1706 1932 534 1262 452 838 113 2280 89 464 1273 1297 1789 209 1829 53 1662 1216 484 2316 2565 1918 2173 252 2053 1022 49 1852 2285 2505 1356 2465
000012.jpg,1044 897 834 1621 2550 1727 1546 2452 141 2555 1865 2446 908 1487 1507 1719 2317 984 1879 2567 1425 2067 2357 1321 599 1906 955 1104 935 761 394 1669 2751 612 1100 778 1155 1177 2122 2508 2156 107 763 1098 1145 1023 213 2414 1194 2019 1089 2604 2055 1903 1447 382 2679 2725 1404 1620 2640 1119 1661 2392 1729 2537 1047 666 144 2351 516 2225 333 2296 729 2249 2037 998 630 401 2750 186 558 2140 2711 1163 2098 924 1200 2260 2645 2823 1894 2747 932 2274 1085 453 376 871
000013.jpg,1004 1434 75 2112 2497 940 1760 1343 2737 1712 182 198 60 1298 1103 1999 149 949 1304 954 783 2152 1535 2116 1867 2386 1113 291 2566 2441 2656 1483 1749 2502 1251 1722 614 1693 1277 424 1336 2401 1019 621 1605 183 40 2016 1529 2522 1685 1849 1064 1727 941 2827 1795 2149 84 2058 2612 1333 44 270 214 2022 2542 832 310 1223 1364 95 1139 856 2390 1137 106 420 171 2203 894 1960 45 2348 986 2760 1013 1269 596 2056 96 2 2176 815 2572 1590 398 1632 2494 2603
000014.jpg,2070 1141 1506 2669 192 654 383 2025 61 245 207 1780 2396 1787 225 525 2311 2794 1781 49 1356 1248 139 2280 625 408 1435 1505 838 1282 2173 209 239 296 1127 679 252 1598 2091 2164 216 356 858 113 2232 2470 2062 1216 455 1140 1097 1692 655 1822 1293 1262 331 2137 2690 1143 326 200 1924 2467 418 643 52 33 31 1481 618 1706 346 580 1438 159 1299 1829 464 1500 2406 2316 344 27 1124 1941 2611 471 1273 290 726 1168 2017 430 1118 1472 2429 1648 2053 2698
000015.jpg,1310 1254 1512 65 1107 835 1720 1608 284 1908 1821 2388 903 702 1104 502 834 768 2471 250 1975 1277 1620 1830 2601 990 2079 297 1340 1013 1336 333 2641 103 1235 309 848 462 1669 1845 2058 1315 1114 1177 684 2579 1323 393 2275 2080 603 2555 2136 187 2160 830 1458 55 2624 1517 931 2239 1186 2276 2414 575 861 1507 2073 2401 2550 1244 1907 1749 856 1178 1678 1450 1194 126 728 32 2733 1391 2780 578 1727 1732 335 1523 2360 1147 2684 2176 1057 1318 205 2314 2831 1767
000016.jpg,570 1665 2125 1861 689 57 1792 2418 1580 280 210 1930 793 1859 1034 1392 1758 1234 2838 1276 2004 2461 2174 2456 746 663 1575 1358 1072 2327 1664 1724 294 493 2330 756 2229 859 704 77 2374 2186 421 1375 366 2694 797 1279 228 2155 857 1576 1350 2672 2039 720 1776 1716 1551 1196 1457 2332 1030 2123 287 2590 976 2662 884 2206 880 158 934 133 885 2739 2659 1877 1765 242 1947 1348 1377 1043 801 263 1292 1086 2356 1542 1191 2198 1887 2321 82 185 1229 1345 2581 656
000017.jpg,1766 2464 2725 2404 609 1889 844 2457 509 1515 744 957 5 2115 244 1616 1696 1426 2448 2128 2508 1953 1602 214 2348 1477 2751 1139 1556 592 498 1061 466 2706 2124 2366 1637 22 1326 1214 1199 1171 375 43 388 163 2572 1904 425 2056 2591 1610 1866 909 1596 2562 2014 1364 473 565 971 106 229 2182 2612 621 2197 941 2188 2109 644 2567 2442 171 2354 1015 1064 2760 1605 2351 2502 45 815 1661 2498 1744 300 2841 1726 2720 2522 520 785 690 2620 2230 1802 84 2507 270
000018.jpg,28 238 1563 2250 505 2479 2819 849 2552 2500 2181 523 1532 2365 458 152 1896 587 313 734 1827 972 2674 2283 175 2716 1741 2191 2119 2370 2527 2052 2099 1376 2228 81 2689 705 2193 2177 1339 633 2557 847 602 503 1680 330 696 354 2592 1332 711 2742 1111 1335 2534 1704 1708 2322 1873 726 772 1831 268 2681 2806 1655 464 2764 1024 92 261 927 1706 331 1117 1314 131 1829 740 532 1037 1262 1140 1297 771 1475 1875 1912 1789 2236 1932 1746 455 1543 671 120 1956 1503
000019.jpg,1752 1840 1636 1965 1316 1496 2241 1123 563 1146 735 2556 440 312 2826 1658 518 2439 1544 1381 2628 1437 59 2836 2832 1782 900 2815 1545 978 2840 559 2367 1486 626 1878 950 2389 169 1307 155 445 2713 1934 2501 1901 260 497 2050 2069 1656 1148 1102 1045 645 4 2433 674 1453 1860 201 1586 965 712 1649 2817 231 2837 613 1624 1444 2790 1422 2272 221 2538 1617 987 305 1202 2133 2652 168 550 51 2309 197 1737 2411 1416 259 480 2011 1407 2419 1926 826 2082 659 2358
000020.jpg,1539 352 2524 273 2104 879 557 2460 1242 2363 2226 1619 2175 1863 1925 1366 147 2833 1982 2139 299 2269 1349 2595 1480 2092 2844 1816 1660 2576 127 667 1549 2633 264 2371 2271 2607 577 2517 2385 787 810 2431 385 2455 2710 2776 2797 2063 2444 913 1514 2484 1684 638 428 668 641 888 837 958 1009 1025 71 551 143 1815 2619 2138 969 262 2246 1803 1630 741 1629 1524 1571 160 1360 2298 1988 814 342 2709 867 234 1509 1215 1530 1 1373 2783 1059 154 2529 1939 1540 2801
000021.jpg,783 949 1093 2737 1856 1343 940 1914 407 2111 2441 2785 1999 1004 341 540 1103 2827 2202 2112 983 617 2745 2242 2190 310 596 88 695 95 1898 1476 1996 1561 198 1683 132 2413 1176 777 1091 1224 766 1535 2317 2422 2542 1743 1773 1631 558 328 230 2114 1434 1693 75 2295 2238 1116 832 1847 1795 1298 291 135 1713 1304 2718 2180 1161 462 60 1230 146 737 1714 1513 1448 1801 2585 1482 2116 1846 2807 2497 364 1672 2733 2639 1749 63 47 2523 576 1447 16 2644 44 2547
000022.jpg,2288 1482 1357 2080 39 2281 1818 2495 926 230 564 1523 441 2695 1180 751 2383 1786 1106 2114 318 2239 1559 1036 373 777 1091 1152 2000 1257 946 845 2824 1971 76 2497 55 615 581 1943 1304 2204 2641 917 1593 2073 1641 1451 728 75 379 541 397 2176 2734 117 862 2086 198 1950 2132 1996 907 1192 2699 1915 1361 104 215 1538 737 469 339 87 1014 60 1751 327 2489 1528 834 1198 1194 543 989 1077 902 1846 2033 590 2787 187 1595 83 2605 2437 920 2395 1177 824
000023.jpg,2512 2362 850 1504 222 1436 2218 2691 2355 1052 755 2342 2450 1736 1806 935 2201 1305 2750 1098 2645 1911 836 2096 1321 2071 1790 1638 1933 2432 981 612 437 380 177 1233 453 2074 1628 2163 401 144 399 796 477 1903 2122 1599 1163 2679 1085 461 1023 1510 73 141 816 2156 2829 2587 760 2055 1047 823 208 2747 595 1976 2098 599 2446 164 2469 1784 1709 2722 1717 1872 1145 2452 174 2655 2126 731 72 1160 156 1155 99 2420 2775 320 172 2009 1006 694 460 1415 897 2537
000024.jpg,312 2832 1752 987 1545 1102 1146 221 1934 1656 2790 2389 2082 2270 1405 556 85 4 635 626 2817 943 2501 1407 547 2411 1624 1386 2300 1926 188 1644 826 611 1737 59 735 2528 1840 1319 440 1202 2044 1316 613 2241 2069 518 817 1617 1422 1636 2840 445 2826 283 463 900 1045 2050 1552 550 480 2367 977 2133 1437 563 169 2397 712 2011 1782 2836 259 1486 947 1444 2375 2538 2544 197 2837 659 2424 155 559 1983 1649 260 2419 2148 179 950 2454 1092 2649 1965 1878 2439
000025.jpg,757 754 1728 1533 135 558 2295 1231 2413 1689 2756 213 2024 184 1597 2143 634 426 24 2430 853 1448 1804 2638 1265 2021 967 119 1296 2408 1478 2533 1383 2320 1719 1312 1149 2472 2277 1984 80 2615 1394 739 1801 529 545 1898 29 540 2673 707 1883 293 2178 304 962 1093 395 2113 2644 286 1683 2172 520 1035 101 2759 2566 1945 2066 218 1228 898 1798 2323 2546 1087 1213 714 1558 1230 2235 232 658 2508 572 1785 2579 91 752 792 2354 407 424 1389 388 1839 251 1115
000026.jpg,346 2821 478 2467 2690 363 402 108 471 936 2407 753 2398 2301 1438 52 1008 786 2505 2465 1220 628 1481 1662 2244 418 484 1465 2429 2059 1378 1022 780 534 467 806 758 1692 430 389 1048 452 1918 1929 53 840 2634 2765 331 2687 655 1026 2285 1275 61 1787 1730 2669 504 207 2025 1124 290 1273 2632 1475 225 2070 1789 2611 1822 1612 999 192 1143 1097 654 138 2806 2470 726 1018 295 1039 2396 89 643 782 2794 1293 1118 1756 241 113 2531 1024 464 268 625 2142
000027.jpg,67 1055 1944 2294 2583 627 2728 1810 2766 1212 686 725 1001 137 1067 2741 2350 494 2121 2509 899 2057 2319 2719 2135 2580 116 249 1452 1012 692 447 2068 1606 79 97 2842 1134 1899 2558 2292 246 1547 2207 2736 1473 2825 2041 1463 12 165 1126 202 2291 2248 1076 2511 442 2665 722 204 1777 574 1075 2305 2435 359 1825 1935 1868 2051 2286 140 657 2809 1721 2598 2813 1639 145 1185 146 2748 1406 876 2653 2708 1439 1869 1874 2436 10 1886 2329 1223 954 804 86 1130 2701
000028.jpg,196 353 98 776 2474 1643 585 1864 2081 1819 701 233 1625 2334 2462 1963 1402 869 781 910 2361 2067 2256 2103 2353 809 1042 1344 276 381 2264 1600 69 2001 2027 2012 2132 1077 450 1031 1751 1565 2803 2582 1170 303 1772 2391 862 2369 50 1667 1973 1204 343 2101 2336 105 1695 539 301 710 1508 871 2331 875 1519 2394 791 2593 1121 1853 2485 2691 1893 883 2157 2618 2141 1585 1583 1287 212 372 254 206 549 2458 3 2585 923 392 1739 1681 2349 1642 1210 825 14 2209
000029.jpg,268 131 1875 495 1789 464 2687 927 1706 1831 452 1655 1929 1730 1275 2531 241 2285 1843 290 2806 2142 295 806 780 1024 2059 1503 1475 534 1662 418 484 2429 1378 653 53 2565 1481 2244 999 1262 726 1022 1011 2236 2715 52 1465 2301 467 504 455 2470 2765 1932 2693 2407 786 1787 840 346 1568 1923 331 207 1813 389 33 324 225 61 129 501 2396 1062 31 456 125 314 1124 1273 2634 2053 1097 1822 1008 1293 1039 580 1281 2232 1941 326 2025 799 2062 1274 1037 655
000030.jpg,2414 1177 107 2604 2641 1104 1669 2550 1507 55 2176 728 397 1194 575 2754 1691 2019 1523 2080 2383 2326 441 736 2360 2695 2159 2234 1482 1028 1690 373 584 834 1450 1467 2752 32 187 1014 1919 379 2630 1016 2395 1950 917 469 2233 902 845 2033 333 830 541 2239 2106 2192 1517 920 1626 993 1382 1943 1734 2347 2073 457 2651 2621 1748 590 393 1805 87 2804 1646 2805 2254 2555 2525 462 2297 1459 83 1259 1147 1192 2563 1372 1809 2780 818 2637 2733 2368 1678 2586 2166 2345
000031.jpg,1721 1876 2809 1473 12 864 608 447 994 526 2728 1055 1056 274 2766 2207 2438 494 1931 2683 1677 1463 1725 2294 2719 2291 1185 2736 2435 1771 2825 725 1592 1944 2057 682 1899 1892 508 692 1439 2037 939 1825 531 2625 2741 2569 1134 790 2708 574 677 444 2526 2292 2499 137 1942 146 491 1212 1777 1998 627 368 246 1433 2220 116 601 1935 1639 598 2319 1547 1408 1606 394 1868 2135 2051 1452 2286 271 2580 2558 2511 140 204 2639 431 686 165 442 899 1126 2393 2089 2440
000032.jpg,1122 1814 1589 264 2484 2269 2063 2371 2092 299 837 2833 2455 1009 2731 428 2576 2139 2776 667 1549 1982 2844 1159 1815 403 1925 1735 2797 1622 741 2486 2189 262 352 1619 1863 2100 888 2385 1373 1 1520 2412 1824 1994 1698 2223 600 1539 1291 2717 234 2727 1421 846 1338 2273 17 891 1238 307 317 1366 2158 226 267 2338 1571 349 1071 641 2215 2473 195 1572 1862 1509 223 573 1615 642 1540 2771 2206 2635 2431 90 551 2820 1887 2403 1826 2039 46 1530 2094 2399 1349 2266
000033.jpg,1248 1781 2311 1356 1435 625 239 2164 525 2794 2091 245 679 654 2280 2173 49 408 383 1282 2232 1505 1598 209 838 216 139 296 252 356 858 2070 113 2396 2137 1506 2669 822 192 61 1787 1141 1568 1127 1780 2025 27 207 225 1472 2062 1018 455 782 1692 653 1612 2017 1021 643 2053 2406 2693 1262 1961 1297 2236 1124 1635 618 1500 131 1967 2632 31 390 1831 1648 2316 1715 33 200 1655 1647 1026 1187 580 806 1475 1706 1662 1755 268 1048 655 464 1274 2465 2429 2402
000034.jpg,2152 2502 84 941 183 1605 398 621 171 1458 45 2056 1113 2706 2760 2182 2608 236 1064 2503 2522 1139 1251 1364 2612 2348 2841 2401 244 1866 2386 2572 959 2263 214 270 1616 2761 2141 1768 1365 509 909 2115 1525 1726 106 2591 1171 844 1602 1199 815 1987 2197 22 2678 2705 2048 1960 1696 1283 2457 1198 1953 2688 43 1570 2116 1280 2160 2498 189 1596 2751 1371 2203 1214 785 2562 2188 744 335 2230 2831 1560 117 2079 300 298 333 387 644 971 2567 2720 2448 2494 2425 2677
000035.jpg,645 2011 445 2840 197 1054 1444 1679 1663 1552 2375 2707 463 1623 1029 947 1649 1328 2289 1045 440 169 735 2050 2130 2241 1782 1617 2767 134 2836 1993 712 2837 2735 2454 2650 433 2628 51 1422 2649 1870 1307 1544 2769 1253 155 348 1417 860 179 1788 2439 1840 1710 1860 1381 1658 563 1701 1486 1489 2556 2538 2088 1369 550 518 260 1437 674 1895 305 2826 900 1948 769 1640 59 1496 562 1261 1416 26 194 1545 2482 1096 965 489 1218 1316 480 1051 2270 2389 2713 2082 2045
000036.jpg,84 941 2572 594 2152 1605 1139 2348 1113 2502 300 1371 882 2678 2115 2571 2494 1616 762 1144 327 214 244 1866 1960 1687 2203 2706 629 1198 1184 123 2503 1458 1726 1488 482 398 2197 40 986 1661 1400 1199 2677 1602 298 106 1738 851 1315 1570 420 1659 2705 2448 1757 1336 1949 2079 2386 2688 815 2160 2421 1927 1462 2768 909 1525 1221 2263 750 1183 270 2179 1397 973 104 2761 285 1013 1487 1084 2359 1987 1477 644 183 621 2150 2620 1696 1596 2831 2194 1032 1603 2216 117
000037.jpg,1439 2051 2291 574 2057 2183 598 494 1223 1874 2435 2499 1899 1555 2683 1931 1725 647 482 368 2639 531 146 2526 444 939 2704 2089 686 1473 329 1433 657 2719 2220 128 1185 1937 255 692 1721 2427 1592 274 804 2569 2438 2809 1639 1876 2813 2319 447 682 2292 1055 2393 2728 217 1902 1944 2445 12 1777 2248 790 2286 491 1330 725 608 2589 509 2436 677 948 1501 2294 2506 5 224 2207 864 2580 844 944 2766 2382 974 854 2598 1088 1677 1408 526 1700 1452 1076 1771 1962
000038.jpg,1045 1617 712 2050 2241 735 1444 2454 2130 179 1422 440 1369 1328 1710 1663 348 26 2649 1782 2836 925 947 1489 2769 197 1993 169 480 2837 1870 1679 463 1649 860 2375 1701 550 1054 1623 2840 1840 1417 1544 2714 433 1656 2289 51 2439 1658 1788 2767 445 2817 2270 900 1934 1926 817 2707 1381 2790 2300 2538 2082 1437 2011 2628 1102 221 1640 155 1407 769 1386 518 188 1029 1486 1218 943 1172 1752 2826 1624 312 1319 635 2832 556 259 547 2528 611 1405 1552 305 1796 2200
000039.jpg,2810 2043 2171 2666 650 2816 1891 1916 2346 475 1723 1153 922 1697 807 1188 759 6 285 411 582 1260 546 2643 1221 1882 1541 820 1603 1763 1702 750 334 956 620 1083 732 468 1858 1227 1761 37 1456 181 1139 2841 1605 2313 196 1797 2502 2261 829 1570 1090 372 1284 661 2194 2179 148 1865 586 1397 2677 298 2768 973 980 938 122 1502 1082 38 1696 353 1250 594 98 1537 1884 1308 476 420 1953 117 629 443 724 1995 1285 2152 2203 1015 2216 2348 510 2118 2278 1080
000040.jpg,2411 1102 1656 2790 2817 1644 2528 1926 943 221 1405 1624 1934 2501 312 2832 817 2300 1407 635 2044 987 85 188 556 2082 2270 1386 611 547 1146 1319 1752 4 1617 1422 712 826 283 1737 2397 1045 2069 1202 2454 1993 259 2826 1545 900 550 1369 2241 480 1983 626 2389 2574 1796 1782 925 2544 1437 2649 1710 305 1092 1489 26 977 463 2344 2836 1552 1444 613 659 2670 155 2367 2011 197 947 1381 2133 1208 2837 2538 735 1428 169 860 518 445 2050 1029 1701 2800 2200 1788
000041.jpg,1140 2061 1647 2402 1918 1972 721 1921 1317 1395 1303 1756 1612 805 1037 1216 113 2053 1124 412 1755 1829 390 643 1635 1168 1299 1967 1715 2279 936 1187 1924 1692 27 799 2611 1297 471 138 2406 402 2236 2505 2465 1438 1273 1648 1506 561 1472 1143 2693 430 1050 1293 1008 2632 1505 363 655 331 1097 1118 344 1475 1822 1780 2398 1048 654 1220 1018 2017 782 1781 1598 1248 625 2070 525 2467 2311 2698 1141 753 478 858 49 108 1356 2407 1435 1282 1568 1024 314 1127 1662 806
000042.jpg,1946 2843 257 2290 1005 1731 2746 2730 2516 2788 1871 2364 2299 1068 749 1526 937 2377 1527 1138 112 435 673 1040 605 2549 2830 535 2196 2613 365 1020 2417 544 1966 593 2697 1309 855 1968 2243 1110 1379 1311 678 1581 2560 1634 1325 1670 1243 1442 774 717 2005 2087 610 1142 1511 730 410 336 821 2492 1794 2519 2145 1913 2680 1131 1424 1573 434 881 288 1779 1783 811 2151 870 2006 1174 2251 1498 1800 1094 1455 1936 1850 338 1079 392 1133 406 248 253 800 1969 416 2609
000043.jpg,1083 1702 181 620 732 759 2643 6 546 582 1797 1260 285 1221 1882 807 2313 1858 468 2823 1188 2807 636 2278 1318 2476 1536 2425 661 2194 2261 2816 922 2171 2168 1891 1697 1723 2666 2043 1227 1153 650 476 2720 2056 45 2678 2810 2048 37 1763 2442 1768 644 1916 2263 1726 586 42 1456 1064 2386 2522 2562 956 475 1761 2346 829 2761 1364 820 1251 1570 2153 1865 2498 387 2760 762 1541 1090 1603 2608 189 1960 229 669 894 2831 1284 973 1560 2182 1596 2627 2705 281 40
000044.jpg,848 1830 702 931 768 903 1114 1107 1767 1845 2388 2601 502 2471 1908 284 1340 990 65 2624 1235 126 578 1608 297 103 2276 250 688 1720 1821 1310 1323 835 1254 684 1512 522 1975 1391 1413 2314 1186 2667 767 601 18 1839 277 315 1842 2 1759 962 431 2663 1753 2777 2302 1125 2757 973 2478 2323 2077 2772 1458 2510 1285 1798 1834 1165 395 70 1989 1390 1232 2622 1570 1035 1154 515 1557 2509 1397 1810 298 2532 2759 420 2503 211 887 2015 492 1832 2644 2620 9 191
000045.jpg,269 1548 531 1073 1732 2499 444 368 2518 191 1980 277 2315 2 2641 2302 1147 1725 2176 728 1165 2663 1001 1443 1194 1678 83 1131 767 889 568 830 2350 55 2275 2685 2598 1767 202 397 1833 1979 2702 1088 1919 1305 1277 1557 2121 2087 1747 1120 1252 1020 338 2290 2746 211 2510 993 1884 1125 1865 1529 2478 2437 584 1753 2583 951 2015 684 2563 1749 683 2058 2686 1035 1007 1810 2296 2830 730 1379 2772 1057 65 365 1938 315 1285 2243 2359 1943 2276 1526 44 2653 112 1413
000046.jpg,2268 1697 459 2167 1380 1763 922 1090 1082 1456 1188 586 2643 759 1702 181 1308 546 732 37 620 285 1797 1083 661 582 6 1221 1260 2043 650 1284 2313 2171 1911 443 411 1153 829 1858 2666 2194 2810 1882 468 2816 475 1006 1916 820 1227 38 1285 1891 298 2346 1541 636 973 372 2168 1570 980 2261 807 1723 1761 1884 1537 476 669 1603 1610 1536 122 1318 946 2476 956 2623 1267 2118 334 796 2807 20 1015 1200 1387 167 448 275 98 2791 396 281 2691 1768 1709 1865
000047.jpg,734 2674 1896 28 2099 1827 505 1741 1532 458 2228 152 1563 2500 2819 2479 587 1339 2181 2250 238 313 523 330 849 972 1376 1704 696 847 2557 2283 1335 354 671 2552 1956 2742 1708 2177 532 2028 503 2119 175 2365 2191 1680 705 1297 1021 2689 2814 2773 2527 2370 633 2193 261 2716 2052 1543 1961 772 602 653 2534 711 92 495 618 2681 1917 131 449 2764 1111 2062 1475 2322 120 2232 81 1781 1875 2059 268 1912 2199 1655 2316 2236 1314 1831 33 2017 464 1332 1011 771
000048.jpg,1371 2572 1113 84 1198 2263 1280 941 327 2152 2494 2678 1525 117 1084 1960 1205 275 2303 1726 2623 1144 2502 1687 2503 1184 1659 1139 2359 851 1987 1866 543 183 298 1458 909 1199 815 1922 45 1423 1641 40 398 907 2706 2203 621 2348 2677 1400 2030 2791 23 2841 1217 629 1032 2761 2056 171 189 2688 2620 1263 236 2115 2197 214 1570 2608 1183 281 167 1064 1616 2060 1882 2571 333 2182 2760 1152 2448 474 1954 2245 106 1285 1927 2498 971 2086 1219 1768 1171 2567 270 973
000049.jpg,2769 1870 348 26 925 2454 1369 2649 480 712 179 2714 550 2538 2050 2130 1045 1701 518 1417 1489 860 1617 1710 1422 197 2241 445 1788 2840 2011 735 463 970 440 305 2375 1328 524 645 260 2826 1486 2721 2200 1437 1172 900 1624 817 1569 2419 559 1386 259 562 1453 1926 1663 1782 2836 168 2528 2817 312 1656 2358 2034 659 1054 547 2289 977 1679 1640 2790 611 1552 1029 2035 1934 1658 2832 563 51 48 489 100 1416 2544 1102 2088 433 2397 64 987 1444 978 715 188
000050.jpg,783 1343 949 2737 940 2112 1004 1999 1103 198 1434 617 1561 2827 2111 2441 1856 75 983 1914 310 2242 1298 341 2497 2785 695 2542 596 2190 2745 1693 407 1093 1743 2202 1176 1304 132 60 95 1091 2413 2656 88 1161 1773 364 1683 395 529 2238 766 2149 328 832 2040 1535 1230 2644 1513 1996 962 803 182 149 1795 1334 540 558 2113 63 101 2759 737 2323 989 2295 2022 1713 1116 2129 1847 572 1019 1785 1197 1476 2066 2504 2016 777 374 2178 824 135 2547 581 1714 1971
000051.jpg,1057 38 1267 1200 2420 2318 275 751 1449 630 327 1380 167 2437 1116 946 1836 1713 2268 1714 2791 20 88 2422 1672 1205 23 1036 1184 1709 1922 117 796 1995 1152 2263 1387 2239 2523 1077 1476 1144 1224 1687 392 318 265 2593 2718 2623 34 2204 2132 1400 1183 1482 96 1479 683 1044 2080 2432 2096 2245 2745 1856 339 104 1304 1749 2086 1082 2194 2630 1113 1170 1911 1973 2303 459 830 490 1697 1790 519 2726 1641 454 1450 834 1914 615 1732 1646 2165 1762 2201 47 935 2495
000052.jpg,1624 1644 2528 2411 1656 2817 817 1407 1102 1934 2790 312 2832 1926 943 221 2501 1405 2389 987 2300 59 2044 635 85 1545 2270 556 626 188 4 2082 1202 1737 826 1146 611 1386 1752 283 2714 1796 2477 1417 1328 547 2836 2367 1319 1788 613 1617 712 2011 900 1489 305 1710 1870 2034 860 1663 2241 2837 2050 2826 1045 1658 1649 562 2454 1422 735 1369 1701 947 2397 2069 1782 2088 1437 1584 563 925 1381 950 179 1993 100 440 480 1799 1860 463 1569 2840 1444 1901 1679 445
000053.jpg,2516 1325 1526 1511 1442 1969 730 338 1466 2145 1779 1707 2102 1871 1992 406 1385 773 1379 1794 1068 1946 336 2730 1005 2788 1243 2377 2364 544 112 2290 2843 2763 1311 1131 2151 365 1783 1527 2299 749 605 1670 855 1498 1138 1020 2549 1040 678 1966 2746 257 1731 2243 870 2830 811 1094 821 1142 593 1968 774 881 435 2560 410 2006 1110 1913 1581 2417 253 610 2492 673 1455 1309 1634 1424 434 937 1174 1079 2613 535 2680 2519 568 1007 1850 2341 709 2087 2005 2219 717 1936
000054.jpg,1925 1982 667 1863 2385 1509 888 1619 262 1373 472 1530 641 2139 160 1078 2771 2094 428 991 299 1735 2371 2576 2731 741 2833 127 2776 2092 1807 1803 226 2455 1814 1549 2269 264 1295 837 147 2484 2797 2063 1862 2844 577 1607 1341 1009 2431 1421 879 1069 2595 2758 2468 2138 1589 1122 1159 403 1815 2189 537 2444 1355 1167 1811 551 1238 1291 1278 352 2710 267 2412 2266 2783 891 385 2460 716 557 1629 2811 2513 203 342 1059 1622 2607 1524 706 2820 814 961 2692 1338 2356
000055.jpg,2045 1584 2023 2755 463 258 1029 2753 2646 606 906 2735 622 2724 2344 2800 2626 1307 2307 1627 675 178 2670 1848 2397 259 1253 2482 2544 2564 674 1428 2732 2076 1788 2034 1552 1416 1796 860 1701 1158 911 2287 1362 1388 992 497 1319 2084 1934 2676 197 747 2419 415 1313 1046 1151 2545 611 1208 1586 2840 1414 1545 1710 770 1895 1486 833 319 2007 1417 904 1190 1096 433 900 2411 2011 74 1948 2815 1897 134 784 2358 201 2501 2628 1993 2389 188 1202 2652 85 2044 486 2375
000056.jpg,2755 2023 1584 2045 747 2545 2034 2713 1796 770 258 2272 2433 1416 1320 1316 715 2376 1051 48 201 1948 1569 1096 2556 64 100 2721 439 194 1496 155 2352 1636 2815 51 2628 1261 305 2309 1490 563 562 1860 1453 1640 1381 1617 712 2836 1782 1658 2241 947 169 1965 1369 1649 2837 1544 463 1218 260 1586 179 735 2439 2289 2454 168 161 992 26 1993 860 2650 440 1897 1444 1029 1840 1045 2767 2046 1407 1362 497 1417 2050 197 2088 2130 2826 1054 1489 1870 2649 518 2553 2538
000057.jpg,1221 285 13 640 1272 2210 1570 629 1697 2520 922 6 582 2677 2152 2502 1541 546 2666 650 820 1285 1537 1882 298 37 2194 370 281 2048 1603 1605 2643 980 1891 1884 1380 759 1188 475 1763 2047 396 690 5 1916 973 40 732 661 2118 956 56 1153 1504 1227 2032 636 2497 2387 323 1456 1189 1797 1768 1232 2421 117 1397 1702 2494 2346 1113 2268 1515 2171 750 1949 669 1083 377 2691 807 776 459 850 1260 98 1041 122 1723 2261 353 2355 1761 334 863 2058 2476 2313
000058.jpg,505 28 523 1563 2181 2500 458 175 313 1896 2283 1827 587 2250 238 2552 849 2479 2819 734 152 2365 2674 2119 1741 2370 2689 705 1532 81 1339 2534 2527 972 2716 847 2191 2099 696 2177 2193 2228 1680 2557 1376 1111 330 602 1708 503 2052 633 2322 711 1831 354 1704 1655 1332 2592 1117 1335 772 1475 2236 671 2764 2144 780 2742 2059 120 2806 2681 740 1912 68 532 2244 1873 1543 806 1314 131 1465 125 2429 534 1164 927 268 314 501 1730 261 553 2028 2237 1662 484
000059.jpg,28 505 1563 1896 2500 734 523 1827 458 2181 238 2674 313 2479 2819 849 152 2250 2283 587 2365 175 2552 1532 2119 2099 1741 1339 972 2370 2527 1376 847 2177 2689 81 2191 705 330 2716 2193 696 2228 2052 1680 2534 602 1111 354 2592 711 503 2557 2322 1708 633 2742 772 1332 2764 1117 120 1335 671 1704 2144 1746 1543 1831 1314 1164 740 261 68 92 1475 1655 2236 1873 2681 653 1109 771 532 2237 806 968 1010 131 780 2812 1991 268 2059 1917 1297 927 699 553 1302
000060.jpg,2152 2502 84 941 621 171 1605 183 398 2056 45 2706 2182 2522 2760 1064 236 1458 2608 2612 1251 1113 2401 1364 2841 1139 2503 959 2386 2348 2705 22 2197 2116 1726 1768 1171 244 2572 1953 2831 815 214 2263 1214 1199 565 1866 300 2591 270 2048 2761 1987 1696 1288 335 106 2160 1703 844 909 2457 2751 1365 509 1960 1363 2188 1560 1616 506 2678 2141 2278 2720 971 2562 1315 2115 1525 744 644 2448 2230 1602 2498 40 1283 636 1371 43 1536 2425 2203 861 1596 1570 2567 2688
000061.jpg,1481 418 52 534 780 806 2059 2429 2244 484 1465 1662 346 786 2821 53 1378 1475 452 2470 2285 1022 478 2467 290 2690 726 225 2301 464 1789 207 653 61 467 363 268 999 2687 389 1706 108 1831 1787 927 131 1655 2407 758 2693 1438 2025 471 1929 1275 1730 1875 2669 2531 402 1008 2505 936 2465 753 2236 840 2765 2396 2634 1220 1024 2398 1262 192 455 2806 295 1692 331 314 628 1273 1568 33 655 2715 1503 1097 495 2070 241 1039 2142 504 326 1822 89 1941 1780
000062.jpg,629 6 285 1221 1697 1570 2268 820 546 1541 298 582 38 650 759 1882 2666 922 1603 620 1153 459 1285 750 181 167 334 1537 732 807 1260 973 372 2677 2643 1702 2171 475 281 2841 1227 1797 2425 1083 84 37 956 1995 117 1916 454 980 1763 1884 1188 1380 2194 1891 2810 2346 2313 20 2043 1456 941 2502 1139 1761 411 1502 2216 1084 1723 396 2118 23 2261 690 2167 2726 2179 1525 1858 636 2706 2476 2494 829 669 468 2816 275 448 1280 189 370 2152 1082 661 1605
000063.jpg,2792 567 118 1791 808 2065 998 1354 919 952 1583 1769 2778 887 1531 778 2711 382 1854 1470 748 975 2793 930 1970 7 517 2304 923 819 1271 1667 2328 151 875 2491 928 2416 1585 2575 1851 2349 1210 1179 2379 982 1657 2729 311 945 227 2682 639 2252 841 1579 1977 1578 2559 871 1063 528 9 2618 25 2647 114 1920 2225 763 579 513 2658 1651 1211 1209 2723 916 1367 2042 1770 2459 515 1239 1368 2310 566 1154 2361 492 2026 2488 2097 2394 1742 1404 1688 816 512 2081
000064.jpg,1248 1356 1781 2311 1435 2164 625 239 525 2794 2091 679 1505 383 245 2173 2280 654 49 1598 252 216 209 139 1282 408 113 2232 296 838 356 858 2070 2137 1506 2396 822 27 1141 2669 2017 1780 192 1127 1472 1297 1168 1299 61 782 1021 2062 2406 1018 1500 1961 2025 1715 1612 449 1967 2632 1568 643 1050 1187 2402 1635 390 1648 1787 1755 2693 2316 1692 1829 618 200 653 1216 1026 1274 805 1048 1972 455 1647 314 721 33 207 2053 225 2061 1262 1140 1831 1317 2611 799
000065.jpg,485 1175 1951 1306 727 658 589 614 2072 1361 1137 1207 1451 1559 714 1798 2000 1334 1389 1115 962 1213 2409 2113 2066 2546 898 2178 1019 1786 1106 304 803 1333 1166 1230 1257 1971 2022 1558 2656 395 1561 2323 2149 63 572 374 2054 2787 251 954 2644 1300 364 2040 1427 1087 293 545 215 1693 2540 1685 1928 1785 1900 581 341 1513 436 634 101 2504 1683 789 1161 2381 737 2759 529 93 149 1228 1743 989 2579 1801 2542 1091 2242 182 646 1394 1847 39 1357 695 1590 1483
000066.jpg,1810 2583 1001 2121 2509 2350 67 249 627 1012 202 1075 1944 1212 137 165 1406 899 2728 725 2294 2825 1055 2736 116 447 2741 2135 1937 97 2382 2558 1606 2207 2041 2057 442 2435 494 1463 1126 2258 2766 362 692 2683 1825 2291 1439 2248 1130 1874 1935 1841 2292 1547 2842 2305 1056 2719 1076 204 1223 1464 1639 948 2639 2813 1088 647 2511 2319 246 1899 135 574 2051 1986 1134 2393 686 1940 368 444 2438 1725 146 804 338 1592 2809 2286 2413 1383 2569 2224 1067 2295 2708 1296
000067.jpg,1096 1416 1948 1362 2272 2815 1897 1860 1316 2721 1496 439 2556 497 1586 64 2034 715 155 1965 48 1636 2713 1569 1796 562 1051 2755 100 2241 2376 201 1381 1658 1993 51 2433 2545 305 1218 712 1453 1490 2628 1261 194 2309 2046 2352 1584 2650 1617 992 1552 547 563 445 1307 770 231 1901 2011 1319 1926 1544 659 747 645 2289 674 1640 2631 1148 486 260 2817 2553 134 2023 85 947 1386 1623 2836 2790 784 2735 1782 817 1444 2454 319 1840 1045 1644 463 1679 2337 556 1545
000068.jpg,453 401 1628 2163 141 2055 1023 1047 2098 2747 612 981 437 380 760 1233 73 399 1599 1145 2074 823 1872 208 461 1976 2587 1510 595 2469 2126 99 1160 731 2655 1717 2679 177 2122 1163 1903 1085 816 2829 2009 2636 694 1784 72 477 1688 174 164 2775 172 2577 2274 222 1808 1415 156 599 1436 2537 2722 1100 1241 1504 2642 935 1404 2218 755 1155 1089 460 2446 2452 2750 2691 2512 1098 850 2201 1321 1305 2362 2645 1790 2355 2096 2342 1006 569 2432 1933 666 2450 1736 2071
000069.jpg,2415 427 2568 1793 2217 901 571 1065 1553 1430 1699 2267 2380 429 2423 743 554 2090 1256 332 121 569 1492 555 193 2029 988 2743 1562 176 142 1890 868 2333 1888 802 2227 1033 417 2078 2668 2786 1393 1686 536 340 597 886 1431 1398 1418 289 323 56 199 1272 62 302 681 292 432 361 2032 1053 36 21 1236 878 2108 1041 2578 2421 2117 2520 78 979 893 733 377 370 2210 2047 1132 500 13 2451 1588 1038 828 1886 2671 1189 1268 640 866 1754 2629 1429 2798 2384
000070.jpg,1539 879 557 2460 2363 1619 1863 1366 1925 1816 1982 273 1480 2833 2139 352 1242 667 299 2104 2607 2092 2371 2633 1660 2524 2576 2269 2431 1549 2844 2455 264 2385 2484 2776 888 2175 262 385 1530 2468 428 2063 2226 1373 741 160 1009 837 2094 814 1078 2797 867 147 2771 2731 641 1735 1349 1509 127 1814 577 991 787 1807 2271 810 1815 2529 958 1122 2783 685 969 1630 1025 2138 403 1607 226 2710 1684 1360 1803 638 1341 1291 234 1514 1572 1069 1238 30 2185 1355 317 1520
000071.jpg,1870 2769 26 348 2454 925 2649 1369 480 2538 712 179 860 1701 1489 1417 550 2050 1788 518 2714 1045 1710 2130 197 1617 2840 735 2375 445 463 433 2289 440 2011 1029 1422 769 305 2241 1934 2650 562 1895 1752 161 1656 51 1328 1840 2501 1663 2837 1640 1796 169 260 645 1552 2817 155 59 2836 312 1486 1993 1782 2556 2826 1649 2528 489 556 2721 2044 259 1172 1624 2411 2544 1146 188 817 2439 1102 1644 1407 2832 2397 635 970 2270 1926 1386 231 1544 2082 1437 134 987
000072.jpg,1140 1216 2402 1647 2061 1972 1918 721 1921 1317 1756 1303 1829 1612 1924 1395 1037 113 805 1299 1168 1124 643 390 27 1635 2053 1967 2279 1715 1755 1472 1273 412 1692 2406 1187 1648 344 1297 2611 1506 1118 1505 799 2070 936 1780 2505 1143 1050 2465 402 2236 1127 2693 471 1438 1274 1293 2698 654 1097 1141 138 1356 331 858 383 1248 216 1024 430 655 2531 2632 2017 1435 1008 1048 1822 1282 1781 1598 2407 2311 1568 561 1475 625 2765 806 782 1018 31 252 363 159 679 1503
000073.jpg,1453 2433 1901 1490 2713 2376 2034 2545 2309 1796 100 1496 2556 1316 1569 2721 715 1860 48 201 64 305 562 563 439 1640 2272 168 2826 260 51 2650 659 1965 2088 155 2289 1096 559 1148 645 1948 1584 2815 1416 1123 1636 231 518 1878 1486 486 2454 1840 784 2769 1307 2553 348 26 747 550 978 1369 900 134 2241 2649 2352 2337 2840 440 2538 547 445 2755 1051 2439 712 2133 480 197 1437 2419 2714 992 2628 2007 1658 674 1045 2050 194 735 1552 1752 433 2482 1870 1544
000074.jpg,645 2011 445 2840 1552 197 1253 1029 463 2735 319 2289 51 2836 1054 440 433 1663 2375 1617 1649 1422 134 1307 1782 1045 1658 1860 2815 2050 201 2650 2767 1544 1840 712 1486 169 2837 155 735 1328 1948 1640 563 1679 2241 550 900 1381 2628 1444 260 947 659 562 2826 1437 2707 965 439 1623 1993 2133 2652 559 1965 305 1636 2439 769 2088 1218 231 2631 2272 2713 48 674 950 518 2287 1096 64 1496 826 977 2419 1316 1569 613 1261 2337 2069 2352 2076 2721 2309 161 1172
000075.jpg,1055 1944 2294 2583 67 627 2728 1212 2766 2719 2319 1001 2350 1067 686 2135 692 2292 725 2305 137 494 2121 2741 116 1452 1810 97 2041 899 2580 79 1012 2286 1134 447 2558 442 246 165 2068 249 1126 722 2057 1899 1868 2736 2509 1076 2665 2825 1463 2207 1547 2511 140 2436 2598 2248 1935 1606 1777 2291 1185 2748 574 1639 2435 1869 2842 202 2813 146 2382 12 804 204 1130 1075 2506 1825 359 329 1937 1962 1464 1406 1439 2393 2683 876 293 2704 948 1473 1223 2787 1940 1874
000076.jpg,1417 860 1489 1701 1788 1710 161 769 1895 433 2289 1870 26 2482 197 2454 348 2650 2769 2375 173 2538 2050 925 1369 1444 1029 440 2649 1649 735 179 231 712 1054 2556 1679 2707 1926 1796 2011 1416 480 1623 2714 2130 2790 1045 1663 1584 2545 2840 445 2034 645 1617 1656 1624 2439 1496 1328 1934 319 463 2817 817 59 1407 1096 2045 947 2721 2300 2836 2628 2837 1386 305 169 168 715 2528 1253 134 1102 2411 1544 2241 1948 556 562 2501 2433 1782 518 1545 1307 550 2270 1658
000077.jpg,1385 406 2145 1779 1894 1871 1731 937 257 1138 2763 1992 773 519 2377 1526 1007 1527 535 2102 2613 1707 1645 1718 392 1516 1800 852 186 709 742 410 1479 1325 2219 605 811 2516 2341 320 253 365 1682 336 1676 1455 2262 1079 434 1969 1387 1068 544 1442 1131 1419 648 1495 338 248 1466 1040 730 1783 2318 1498 2609 1511 749 301 1670 112 821 908 1133 94 1002 2549 568 1119 1705 1311 1424 2085 288 1005 2543 2788 1546 2730 2600 1794 1966 2364 610 1110 1017 2331 1978 1309
000078.jpg,2437 1672 1836 1749 1057 44 1483 1990 1178 16 1914 2785 1447 2700 1593 1304 1224 376 1469 95 2058 1727 2202 834 1116 1856 47 576 1449 824 2555 2745 1476 1277 1713 1714 2441 1161 483 683 596 291 1103 1513 2827 1535 2317 88 2190 2000 60 2249 2784 1523 1743 1773 2180 441 761 2383 2547 1795 2523 1300 83 751 2695 1838 983 132 845 832 1353 1847 2096 230 1999 1176 1678 2518 2288 1147 2554 373 2426 34 2296 777 1357 1482 96 2281 1559 1451 2497 2129 1091 792 1106 2422
000079.jpg,2049 631 2282 530 1604 1518 1301 1290 446 2064 1017 2596 1058 2140 451 1981 2796 1567 607 921 1237 1909 1742 337 1384 660 662 1613 2696 2392 2782 487 1681 984 1879 813 1554 1673 2257 2085 1331 942 1614 966 2458 1396 243 2259 2664 2093 2600 1978 1105 1002 394 1705 2660 360 908 542 1739 1000 1621 1370 355 2543 1094 1119 710 54 1893 1495 1808 1936 2357 1853 2369 1155 2262 1145 599 1271 2405 1906 2750 151 1676 2450 666 2274 808 1688 2537 50 2658 855 774 1404 2446 1695
000080.jpg,2716 2552 2365 849 2819 175 2479 523 2500 505 152 1563 2181 28 458 2191 2283 81 2370 238 587 705 313 1827 2557 2689 1896 2250 2527 2534 1532 2119 972 734 1741 2674 847 2177 1339 1376 1873 2193 2099 2681 2052 696 1314 602 1708 120 2228 2592 1111 1955 1332 890 1704 2265 354 330 552 2144 2306 1281 1117 1156 2789 129 456 740 1543 1680 1912 877 968 2237 1003 2594 324 131 2715 726 92 2105 1062 2764 1932 1746 68 771 2059 501 452 1164 780 872 1813 268 2774 1923
000081.jpg,1911 144 2318 1479 1682 796 1387 2420 1200 2355 2512 2691 850 2362 320 1504 222 1098 1436 2218 1380 1267 2432 1676 2156 1933 1718 2645 599 2452 935 2201 2446 2593 630 836 946 1697 1321 1709 2071 1233 99 1790 2750 380 2262 437 2096 73 666 852 459 1903 1305 1621 629 2679 2706 595 2147 2587 399 2537 2268 1085 1510 2655 1717 298 2163 1599 208 755 2122 174 1006 1052 2642 863 1090 897 2074 2722 2009 1163 453 177 1415 1082 72 2132 981 612 1736 2342 823 1537 1047 164
000082.jpg,2414 2550 1177 107 1507 2604 2641 1104 55 2176 728 1669 397 1194 575 2754 1691 2019 834 1523 2555 2080 1482 441 333 736 2383 1727 2326 2695 2239 2360 2426 2073 1919 2159 2661 2058 1277 2288 761 1950 827 2495 1028 2234 1180 373 32 924 327 541 564 926 917 1014 1690 796 400 1943 856 469 902 83 920 1467 379 993 309 2166 584 1401 20 87 187 896 2033 845 2752 1734 1745 1818 590 2192 2106 1400 1641 2245 2630 1423 1016 1922 1357 2233 2805 1809 39 1471 230 946
000083.jpg,243 1554 1370 1742 1105 813 1396 355 337 2458 921 2696 1495 1673 2257 966 1331 1614 1384 2600 1705 487 2660 942 2085 1681 2064 908 1290 2543 1017 2596 54 1237 1739 1893 2259 710 2664 542 2782 360 1000 50 1853 2369 1567 1518 2282 1604 446 1002 1695 660 1981 530 631 1031 2803 1301 451 2140 607 791 2049 1978 984 2796 852 1058 1287 662 1565 1946 320 1508 2394 1613 1119 975 416 151 2336 144 2262 1909 1676 2392 7 254 2147 1271 2405 2093 3 1519 1642 301 2843 2416
000084.jpg,1394 304 2178 2113 545 1213 2066 2546 1389 1115 1785 1019 1228 2022 1333 1300 1951 63 2277 1175 658 727 962 737 572 215 1230 589 614 485 149 1306 1801 1898 341 2040 924 328 1798 1087 436 2072 1137 101 1559 581 898 395 1685 2238 374 2504 182 1683 1900 2759 1361 766 1106 364 2242 2114 2249 1558 529 1207 1883 251 1786 2381 1727 803 2579 1971 761 1257 2000 39 2656 989 132 2841 2288 407 1693 1363 1357 2323 1161 1027 2779 954 2644 1288 783 714 1093 2810 2542 2497
000085.jpg,431 2510 70 1839 2561 1035 2757 1759 1753 2077 2772 2777 1125 2478 315 1390 1834 2622 1557 951 2663 2818 2 18 1165 2015 1842 1252 601 2302 767 1938 277 1443 191 2315 2702 2686 1833 889 1747 2532 1980 2685 1235 990 369 297 2601 2471 502 211 2276 2496 103 688 702 1845 1323 1989 2323 1460 1608 250 1767 578 2624 1801 1830 1821 1114 768 1075 1413 126 522 1720 461 1975 2644 1391 65 1908 2161 1107 1976 2495 1340 395 684 2699 962 2759 1511 1186 1798 903 1310 2242 2546
000086.jpg,1038 1754 2421 1041 1949 2520 640 2210 1272 13 323 377 2671 828 2578 1668 2828 2602 672 1374 2539 933 1429 2629 2428 865 2047 1337 2798 1049 698 56 2032 2120 370 1189 964 2031 2083 1477 932 2038 2423 2221 1910 1070 176 743 1399 292 729 427 868 1890 302 955 554 1329 979 1033 2786 2451 1256 289 2217 886 1553 2227 2029 78 839 2415 1686 2267 2743 1249 1430 555 1521 597 142 1492 2335 21 1888 429 681 1393 340 1699 802 893 417 2668 2568 2384 878 1562 332 2380
000087.jpg,767 1938 277 1833 1443 889 2686 1747 1753 2777 2478 1125 2772 2077 951 2015 369 1252 1834 1460 2702 2818 211 2302 70 1759 1165 2532 2315 2757 2 315 2663 1980 191 1842 18 2510 1989 1557 431 1390 2685 2624 601 297 2561 2622 103 1845 1235 1323 126 2496 990 688 2276 578 1413 1839 1340 1186 1793 2601 1391 502 1608 988 2314 193 2471 461 1019 401 380 453 1047 1035 2055 522 2535 500 325 745 903 1114 1023 2388 569 1511 1628 1723 250 1671 2747 1161 612 2098 684 1767
000088.jpg,1938 1833 1443 767 277 889 2686 1747 431 2510 2532 70 2757 2663 1759 211 2 18 951 1842 2496 1834 2315 2622 2077 2777 2818 1390 1753 1125 2478 2772 2015 2702 1460 369 1989 315 1557 1252 2561 601 1035 1980 1165 2302 1839 2685 1845 990 461 1413 1767 2624 522 250 191 297 2388 1418 578 1235 2323 126 502 702 848 1323 768 2276 1608 2601 571 688 2471 1398 1986 103 931 1952 156 1821 684 1830 903 1340 1511 1114 2098 1976 2668 361 1720 1266 1065 62 417 394 1975 597
000089.jpg,1721 2809 1876 1473 12 994 608 274 2435 2438 444 637 864 682 1725 1906 67 394 2657 526 368 2561 677 1899 2057 2829 1931 2683 2583 1592 1394 2708 627 1035 2499 1439 2779 990 1879 939 531 521 1703 2617 1433 2308 2510 2712 1952 146 657 1390 2051 545 1976 2580 494 2704 2685 1288 2736 177 1908 297 508 1886 574 790 18 2216 491 598 2622 2507 2077 2569 1125 1452 1185 284 2598 2625 1839 70 1027 2291 2526 783 2757 2777 502 1266 140 1443 2599 1868 1753 1363 2719 1881
000090.jpg,419 2153 894 2554 96 1927 1632 189 106 2060 1032 815 1214 1171 1283 22 2751 1365 744 2567 1139 181 2502 1889 270 620 1108 2048 214 1768 2562 2404 2720 1953 2109 957 2141 1797 732 2188 2841 1083 2591 1605 2079 333 244 2498 2666 1696 856 1907 1858 2278 2160 509 759 43 2197 2457 1702 2761 2152 1703 2612 1987 2442 1013 1891 468 650 1188 1916 609 2401 2261 844 1364 1596 2313 2807 1723 335 1227 644 922 2346 2643 1336 1766 1251 807 971 285 861 2230 1661 2115 2216 636
000091.jpg,1896 505 28 734 2500 2181 2674 523 458 1563 1827 313 2819 849 2479 152 175 2283 587 2250 2552 2365 238 1741 2099 1532 2370 1339 2177 2119 2527 705 2689 847 2191 1376 972 2228 81 330 2716 2534 696 354 2193 2052 2742 1680 1708 2764 602 2557 1111 68 1117 1543 1335 1873 2144 503 653 1475 1314 2592 711 1746 1704 1332 1917 131 1164 553 772 239 120 1831 2681 1655 806 633 890 2173 495 2322 2236 1781 968 1021 1302 296 2091 1875 2280 671 2306 2812 1852 2232 268 2774
000092.jpg,2044 1934 2501 85 2411 1102 312 1656 2832 2790 2528 1644 987 188 635 1405 2817 943 221 1926 556 611 1624 1386 1319 547 817 2300 1407 2397 2270 2082 2344 826 1983 2574 1092 1422 2670 259 2800 463 2307 1158 2724 1146 1428 2007 2544 1029 1552 1617 2676 283 4 1190 977 2069 1848 445 550 1752 2011 74 606 1993 1202 1737 219 2538 712 613 2084 2424 2840 178 659 2358 1414 622 2133 2419 2454 2337 1208 2646 2826 2626 911 1788 2652 1045 518 2837 480 489 2631 900 2389 197
000093.jpg,1371 1144 1113 2152 2572 84 850 183 1960 1458 327 1198 941 2503 2355 2502 398 236 2608 815 2577 621 117 509 2116 2263 1987 2056 2457 2182 2678 844 851 40 1866 940 2760 1922 1064 2494 23 1927 171 333 45 1616 2386 1219 2141 106 2497 1687 2203 189 1605 781 1263 785 2620 856 1402 2197 629 75 96 543 1184 2522 985 2342 1726 1336 300 1199 2216 2348 2706 2115 244 1632 2691 762 1426 2645 1365 1400 1171 1004 2677 1364 1744 796 281 1251 690 1504 198 1205 298 2303
000094.jpg,1054 645 1663 2767 2707 2011 1679 1649 1444 1328 947 1623 2836 445 2837 169 1782 2840 712 2050 197 1658 2628 1045 1948 735 1218 1381 51 1617 1544 440 1261 1416 194 1552 1029 2649 463 1369 2130 1422 2241 1096 48 64 2439 2352 1993 1051 1437 155 439 1307 2815 2272 1486 1640 1253 179 1569 1796 2454 900 260 201 563 2289 1870 305 1860 715 2826 480 1489 1417 562 2735 2419 860 2088 559 2721 100 2133 2714 550 2713 2375 2650 2769 1840 635 1636 2652 1496 134 674 2084 1965
000095.jpg,956 1882 1221 582 6 2194 546 2261 285 1083 1697 669 38 1227 1153 661 2688 732 759 2476 1768 2643 1536 1541 476 620 1761 181 1380 636 829 1702 1797 1525 2678 1995 2425 2572 1260 807 971 1726 2263 1318 820 1763 448 1084 1108 922 644 762 1090 2623 2494 115 2807 1911 650 1188 2168 586 2677 1687 387 2554 1400 2313 629 300 1802 909 1280 894 1603 84 1880 2720 37 2831 443 2188 1560 396 1661 1205 1659 2761 776 1267 2153 42 2666 1371 2695 1570 2278 2048 98 1537
000096.jpg,2502 2152 941 84 2706 1605 2841 1139 621 171 1113 183 2348 1064 2612 45 2056 214 2522 1364 2401 1458 1953 2760 1251 236 2182 398 2608 244 909 1602 2705 2572 1703 2503 2115 1288 335 959 1866 1570 2591 924 1171 2216 2197 2831 1525 744 1696 1363 2386 22 1616 1365 2263 1199 1371 2230 1214 270 594 1232 2203 1768 2567 2761 106 815 785 2109 1198 509 2751 1726 2404 2448 2678 2160 300 1560 844 565 2494 2457 957 2562 420 1596 690 2048 1397 1315 189 1280 1960 43 2464 2150
000097.jpg,18 1842 2663 2 601 1834 951 1252 2015 2818 1759 2757 315 2622 1390 1557 70 2777 1125 1753 2077 2478 2772 1165 2510 431 2302 2561 767 2315 2702 1938 1443 522 277 191 2667 1747 1114 2686 1989 889 1035 1833 2532 2685 1767 1839 2624 211 369 1980 1845 578 931 1460 2276 2323 126 848 702 250 990 1830 1235 768 2471 1821 502 297 2601 962 1413 688 1608 2759 1391 1075 684 2496 1798 2583 1720 1418 249 103 2388 2746 1323 1969 1511 1340 903 1533 65 1810 1975 2577 1012 1334
000098.jpg,85 611 188 556 1319 1926 2790 1102 2817 2411 1656 1405 221 817 943 1386 1644 2528 1934 2300 987 547 635 1407 312 2270 2082 1624 2832 2501 2044 1146 826 4 1737 1422 283 1993 1617 463 1545 2397 1752 712 2069 659 1202 1029 1788 626 1552 2389 2800 2544 2011 2344 1796 2670 977 2307 613 1428 259 2200 2454 2367 266 1092 860 2631 1701 550 1489 1983 197 2538 1158 2574 2375 2045 2714 900 2826 1369 1417 2419 2007 2477 2358 1045 715 1848 1414 2564 2721 2241 1437 1710 445 2724
000099.jpg,2460 557 1539 2363 273 879 2524 2104 1242 147 352 1619 1863 1366 2633 1660 2226 1925 1480 2517 2607 1349 1816 2595 1982 2175 299 2833 1988 2444 2139 1025 1069 912 2758 2738 810 2431 160 1530 2092 2468 1264 127 913 2271 1607 385 166 667 2138 1341 1837 577 787 685 2692 143 2619 716 1167 1446 1078 527 551 958 1059 30 2385 961 1622 1215 1549 2576 1815 651 237 2246 2783 2208 1181 2205 2131 814 2100 1630 1294 2844 71 668 638 342 1803 2710 1421 1571 1520 2269 1684 2835
000100.jpg,79 2068 1067 2665 722 2511 1547 1134 246 2305 1463 204 2842 1935 350 97 116 2741 686 2041 2135 1212 137 899 2580 1606 1076 2294 1944 2766 2736 1452 1126 1055 2248 2813 2286 1464 2319 2825 692 2292 140 2598 12 442 1868 2382 2558 1937 494 725 2728 165 2719 677 1639 2435 1841 329 67 804 2057 2436 2583 1777 362 447 1899 1473 1130 1721 627 1056 657 1962 2207 2708 1810 1185 574 359 2258 2438 2121 1052 444 2506 2350 1876 2509 1001 790 1986 508 2291 2393 2257 1940 827
000101.jpg,1543 1955 1314 2265 872 2306 890 649 261 2199 1003 2105 120 1885 1135 2610 877 2597 2594 1650 1099 316 2789 963 1991 2681 1156 1109 552 1164 2799 2237 1873 367 699 1441 771 1823 1111 740 2764 235 507 1852 162 68 602 1332 1182 2773 553 2144 1746 2193 2191 1117 2822 2052 2592 2322 1327 2343 2212 1917 1010 1302 1774 968 533 1376 495 1961 2812 1281 1532 2177 1974 290 2715 2316 1021 1335 633 1500 2814 2742 456 2017 131 2557 238 354 330 92 2099 1956 1875 449 2674 618
000102.jpg,3 1642 2405 2170 254 1958 2490 2336 825 765 1985 1574 652 14 929 1246 779 873 66 2157 2536 1136 2434 2426 282 1745 874 1121 1595 212 1347 2209 1403 2204 2485 2256 2487 1963 1600 549 1247 58 604 1577 233 2324 247 2734 1762 2585 243 318 256 1997 966 516 2146 1370 1493 812 1128 355 914 2718 2453 2165 632 2493 1152 1157 2247 723 2049 2489 1751 416 813 1554 2284 2147 764 1742 35 1396 1633 1077 1359 2696 1909 862 450 1290 2018 7 2458 2593 530 1915 1289 190
000103.jpg,1539 352 2833 2092 299 2139 264 2844 2371 2269 2063 2455 1982 2484 837 1619 667 2576 1925 1009 1549 2175 879 428 2776 2797 2226 1863 1815 1366 1242 1814 557 1735 1122 2460 273 1349 2104 1159 2524 403 2633 1816 234 741 1660 913 888 2607 2385 2731 262 1572 1480 891 1589 2363 1520 17 2431 1 1571 641 2486 1509 1373 1630 1025 2727 969 551 1530 127 2094 2189 1291 2138 2717 1615 385 267 787 2619 1622 668 867 1360 160 2246 2271 1238 814 810 2399 2710 1803 2223 2635 958
000104.jpg,2265 1955 1314 872 1543 2199 2105 1003 261 890 1885 2306 1135 2610 877 2594 2597 1650 1099 2789 649 552 1156 120 316 963 507 2237 1991 2681 367 1873 2799 1823 1441 1164 740 1109 235 553 771 1332 1111 68 1302 2812 2191 2764 602 2144 699 968 1974 1182 2773 2822 1327 1852 1917 2212 2343 162 1117 1746 2193 2774 2770 1010 533 2316 1461 2715 670 1281 2052 495 2592 1500 2177 1774 2322 456 326 449 2017 290 1961 2557 2565 2765 2716 324 200 618 31 131 1875 159 1813 89
000105.jpg,1760 1712 182 149 954 1298 1434 1004 2112 2497 940 1685 1343 2737 198 60 75 2022 1333 1019 1103 1999 949 63 1304 614 1605 1137 1228 2152 783 594 2656 1483 2768 727 1213 420 658 2203 2072 1175 214 2502 2522 1785 485 1361 2149 84 941 2348 1795 1139 589 304 1064 1979 1727 621 1166 1558 2566 2178 2179 1693 1251 1488 2109 1306 1502 1277 1749 376 1161 1397 2401 707 148 1113 171 2386 510 1773 1207 1451 1513 2113 1849 2831 2066 2494 1471 2016 1951 45 953 1738 2408 1602
000106.jpg,2656 751 2149 1693 1836 2437 1672 1593 1106 1786 1559 1971 1257 2000 832 2016 1357 1451 1361 39 1224 310 1116 2288 1990 1057 2827 1713 2785 2787 1535 2700 76 1178 2441 2202 1914 1714 683 2190 2542 44 564 2281 1483 1856 1749 132 2129 983 2745 1176 2054 1743 1091 2653 954 1818 1346 926 2495 1180 2383 95 441 2497 777 373 2518 215 60 1476 230 47 581 1943 483 2695 1120 1869 789 946 1304 291 16 824 695 1019 1950 293 1951 182 88 1678 803 1996 1073 378 404 1760
000107.jpg,1539 264 2484 2833 299 2455 2092 837 2063 1009 2269 2139 2371 2576 352 2844 1549 1982 667 1814 1122 1815 428 2776 1925 1619 2797 403 1159 1735 2731 1589 1863 879 2226 741 1349 234 888 262 891 2175 913 1572 2189 2385 1366 2486 1242 557 2460 273 1816 17 2633 2412 1520 1 2104 1480 2607 1622 600 1373 641 1660 2524 1291 668 1571 1338 2717 1824 2338 969 2223 223 90 1025 1509 267 1238 2811 2215 2727 2635 1630 2185 846 1994 1698 317 573 2771 1540 2399 2363 1615 1618 958
000108.jpg,493 1792 1930 57 2125 1861 133 2418 2374 570 1358 1234 2004 280 689 1758 2174 1580 210 366 1665 859 2327 746 1034 793 1392 1575 2672 1196 976 2461 1859 797 1947 1724 1276 1664 1279 2694 756 548 2456 294 2838 422 2186 228 663 1375 242 2330 2229 1765 704 2581 2332 158 1551 2206 857 1193 2039 1457 2590 1072 880 421 77 588 2739 2356 1350 1887 1877 2198 2184 656 1776 2123 263 1229 1377 885 720 2659 287 2662 2703 2155 706 1086 1542 2321 1191 801 884 170 2127 1030
000109.jpg,2045 2755 1584 2023 258 1362 1029 497 463 1586 747 770 1897 2034 992 906 1416 1710 1701 2735 2628 1788 1796 2482 860 1096 2545 2046 1388 2564 1307 2646 1417 1948 2076 1051 622 2753 1895 2724 606 674 2815 2631 2389 1316 1993 2367 1552 1965 1381 1627 904 2344 201 1208 1320 1151 2556 675 178 900 1636 1658 1489 259 2287 2800 433 134 1190 2397 1123 1545 2307 2732 2626 2419 1253 1414 2713 1934 197 1486 2670 2544 2376 26 1313 1848 2676 547 319 1261 1860 2241 2084 161 1544 2817
000110.jpg,1325 1526 2516 1442 1511 1969 2145 1779 406 2102 1992 1385 773 1871 730 338 2763 1466 2377 605 811 112 1138 1527 1498 365 1731 2613 1068 1634 535 1040 544 1670 519 1707 410 1783 2730 336 870 1455 1966 257 1424 253 1311 1379 648 821 2788 610 2680 1110 2299 2243 435 1005 2151 1020 749 717 1142 2341 1794 1913 678 1309 2364 2006 2549 2830 774 2560 1007 855 2290 434 2746 2519 248 2095 94 673 1581 593 1968 1131 1174 1243 2417 1079 2492 1094 2697 2196 2087 709 1894 1133
000111.jpg,1357 2288 39 2495 1786 441 926 564 1482 1818 1106 751 1180 2383 2695 373 1559 1971 2281 2000 1523 230 1257 2080 1943 215 76 1538 2699 845 1091 87 1950 917 541 1451 777 581 2489 590 1846 436 1361 737 2114 902 2787 2239 1593 2824 2247 2656 321 2324 1900 379 469 2395 1693 2033 371 2437 2653 1014 2240 1410 1915 1192 2073 2497 615 2641 2542 83 2493 2504 2381 1996 75 2518 2149 989 920 1116 803 55 832 2804 2040 1905 946 993 1594 1836 318 1535 954 2176 779 2345
000112.jpg,215 436 1900 737 2040 2381 364 101 803 2504 989 328 766 2238 341 374 2759 2242 251 789 581 407 2114 2579 1427 962 1257 1786 1106 1683 1230 1971 572 1798 1883 1559 395 1091 2546 1306 1389 485 1898 2644 1951 1451 1115 1361 1175 926 1996 564 1334 545 1207 1818 1357 2066 2113 2323 589 2787 2000 1213 777 2178 2072 727 304 1137 658 39 2540 2288 1300 714 76 2495 1561 1801 529 898 614 2542 1180 1558 1087 230 646 2409 1166 1394 2281 2656 1693 293 483 617 1353 2149
000113.jpg,2810 650 2666 475 2346 2043 1916 2171 1891 1723 2816 1541 820 750 922 1603 334 1188 1697 2841 37 1605 285 1763 1570 546 582 1882 1221 468 411 1487 732 1153 759 956 2643 980 1537 1865 2313 6 2502 973 1471 953 1884 1462 1858 594 2179 924 1702 1227 298 1082 1308 1090 1139 1456 2494 2768 620 2167 1502 1285 1979 586 2216 1284 2677 1260 372 807 1397 1250 2712 117 629 443 619 1027 2118 1083 2245 2194 938 420 1015 148 1797 459 2268 1080 1761 1006 1488 1703 2483 1150
000114.jpg,416 2394 105 883 1778 11 2110 1419 1946 2331 301 392 355 664 1002 1495 1396 908 1331 1978 937 2843 1614 984 243 2600 94 2696 2361 1105 2458 519 1705 1673 2718 1119 942 1554 966 813 144 1077 490 1370 257 632 1681 1384 2353 1527 2660 2257 337 2596 2452 1170 1455 487 630 1739 2377 2085 1017 605 2453 2664 1247 1133 610 1731 1518 288 2830 1309 871 2543 585 1742 2392 1600 852 1040 434 2196 1621 2697 1634 2341 1290 874 2446 666 749 2204 1138 1963 318 2357 1079 1676
000115.jpg,1631 589 727 658 1087 1137 2072 1361 1558 1306 614 1175 898 1207 485 1951 714 1451 545 1166 1394 2409 1334 2277 93 1559 395 1928 1798 1561 374 1590 1230 572 2323 1801 895 2579 2317 341 1389 1213 529 803 2644 962 2113 1228 2381 695 2040 2242 304 2000 2249 2066 1333 63 2178 1176 2737 2547 1683 1115 676 132 617 2114 2054 1898 2759 101 2546 581 783 1343 1298 2656 2504 364 2422 44 2542 1178 949 1257 1900 328 954 407 789 2022 2540 1785 1685 1427 1116 2190 1019 2238
000116.jpg,540 1631 465 1801 499 1535 2277 291 1561 529 16 2644 2323 1749 1447 44 832 1394 1483 2579 2547 1230 1334 2542 395 1689 2759 576 545 1469 1883 376 483 898 374 1798 1996 2785 962 1300 1743 617 1847 1683 634 789 2504 251 614 596 407 1914 1093 2242 240 1091 101 1513 853 1427 1597 824 95 485 2381 2409 1389 695 803 1207 1999 1137 2066 1103 1898 341 714 1115 1538 572 1593 2295 2113 739 47 2000 1176 1197 1672 2072 1990 1087 2190 426 589 1178 63 2202 2054 1175
000117.jpg,1316 2556 1496 1965 1636 1752 2815 1416 2272 1096 1948 2713 1840 2433 2628 1860 563 1381 2826 1658 2545 2836 1051 2241 1218 2367 2790 1649 1782 194 1453 950 2034 1102 201 1926 497 1796 2352 445 1486 735 2376 900 1437 440 2840 169 2389 1878 312 1054 2069 2309 674 1544 1307 1623 2439 2832 559 1123 547 221 2837 2300 1444 1901 1679 59 1261 1407 260 1386 155 2721 1586 1545 1710 1202 2528 1148 305 1569 518 1489 51 2707 712 1656 860 2817 1934 987 2050 1584 645 769 1045 1624
000118.jpg,1525 2678 2562 2263 1596 2448 2572 644 2498 2623 1726 1802 1880 2442 387 2720 1280 1371 43 2688 2188 971 1108 909 1084 1198 2425 2386 1283 229 1199 270 42 785 2476 1536 1487 1318 2807 1768 1960 335 1687 1400 924 2030 327 1113 636 1205 2048 2141 1315 2203 957 1170 1866 1659 2761 2278 2591 2197 2230 1471 2503 1232 1671 861 1032 2573 2449 490 189 2841 2101 300 205 8 325 275 953 894 1184 2067 2571 2116 1425 1365 2718 2791 2153 2612 2823 1621 2260 2160 419 2353 1336 214
000119.jpg,1055 2294 1944 2728 725 2207 1825 2558 165 1056 1130 1940 2766 2825 1067 447 2068 686 79 1212 2741 2319 1134 2305 97 1452 1547 1076 2135 137 2842 722 246 2665 116 2511 1868 2258 2719 899 2580 1126 2248 1986 2286 2041 692 2382 140 2292 204 1935 442 2736 1464 2436 494 2598 1463 12 329 804 627 1606 2813 2506 1937 1639 67 1841 2057 2583 1473 948 362 1777 2393 1962 2291 1899 1185 2350 1869 359 146 1001 2748 1874 1012 2121 1721 574 2435 1810 1876 2490 531 1223 2383 249
000120.jpg,285 922 1697 650 1221 1570 2666 475 1188 2171 546 2268 2043 1456 2643 298 37 759 1763 1537 6 2346 1916 459 2167 1882 2810 2816 732 1285 1891 629 620 1260 1153 980 973 2313 582 1082 2194 820 690 1797 661 1723 1702 1884 1541 181 1284 829 1090 586 1380 411 956 1308 1603 2118 1227 2706 1502 2179 122 2691 468 1858 2677 38 1083 1232 334 750 2841 2216 636 2355 281 796 167 724 1504 2218 1605 222 1638 443 396 2476 1911 924 1387 755 807 2514 23 117 2261 2425
000121.jpg,2185 1411 2584 1129 1694 795 1440 2616 143 1684 2517 2298 1360 718 386 2529 958 1112 787 1630 1446 2271 665 2481 1294 638 2246 1445 2619 810 30 1258 1514 1215 1939 557 2139 2460 1270 2833 299 879 969 2363 71 697 1982 2092 414 1925 2801 2468 2455 1814 264 1366 2727 1278 2371 1122 1863 1619 2844 1549 741 1242 262 2576 1350 2189 1009 667 1238 2269 1291 706 1043 2484 2659 2731 273 2215 1816 267 591 2208 2372 912 2138 857 2739 1589 2524 600 1542 234 1191 1824 716 1373
000122.jpg,2068 722 79 2665 1067 2511 1463 1134 1547 2305 246 97 350 2041 116 1935 686 508 1868 140 12 2625 2842 204 442 2506 2135 1998 217 1076 1052 2741 1771 2813 1962 1305 2319 2292 1464 1126 1677 1212 790 2037 1473 2712 1892 2308 2248 1606 1639 1408 2257 619 521 2598 692 2580 1452 2382 2499 2286 137 1088 657 2294 531 864 1130 637 1986 2440 2736 899 1937 1942 994 2445 2427 1330 677 725 2617 255 165 2719 1396 1055 1185 526 2554 419 271 2558 355 1777 2766 1944 1841 2435
000123.jpg,499 1727 2555 834 2058 465 761 1277 545 1394 1093 1801 540 1631 2249 1898 1228 2422 1785 2277 2317 777 2242 63 581 1178 407 2114 341 2550 1914 2546 2579 34 1115 1996 2238 88 2785 230 1389 1683 2254 1353 2113 1507 1476 824 2542 1091 564 1749 2504 1019 2523 328 576 1213 2066 789 2745 483 457 2178 737 766 2202 1734 2022 1087 1300 2759 2547 1685 926 1669 101 924 1161 132 304 1856 2233 2699 1333 1990 1104 1971 1818 2192 2190 783 1106 374 1230 2281 1176 393 2437 617
000124.jpg,2433 2713 1901 1453 1490 2034 2545 2376 2309 1796 100 1569 2721 715 2556 1496 48 1316 64 1860 562 305 439 201 563 2272 1640 51 2650 168 2826 260 659 155 1948 645 1965 2815 1096 2088 1416 559 1148 2289 1584 231 1307 486 1636 1486 784 1840 2840 445 1123 518 2553 2352 2337 440 1878 134 978 2241 2454 674 197 2007 900 2769 1552 1437 2439 906 550 2538 712 2133 1544 769 2419 547 1658 2011 1369 1752 2628 1046 2649 1051 194 2050 2482 747 2652 735 2714 1381 1848 348
000125.jpg,1946 2843 2516 1526 2290 1325 1871 1005 2730 2364 1442 1068 1731 2746 2830 749 2788 730 2299 1138 1020 2417 1040 112 257 544 2613 1511 1311 673 2145 610 678 1779 365 855 2560 435 2549 1309 593 1968 1966 2243 605 1634 2196 1581 1110 1379 1142 2697 1527 2377 1424 774 338 1131 821 1913 1794 881 1466 2006 2519 1243 2005 2087 2492 717 1174 336 870 1094 406 1992 2151 434 1783 2680 1670 288 811 1498 1850 1800 1936 2609 2251 1969 937 2102 1385 1455 1573 410 535 253 1079 94
000126.jpg,2810 2043 2171 2666 650 1697 2816 1188 1891 1153 411 922 2346 1916 807 1456 1882 759 1723 475 285 1858 468 2643 1284 6 582 1260 2313 1221 820 1763 1603 546 1227 1541 1702 122 620 956 732 2841 2261 750 1761 37 334 1083 1865 829 661 1797 2194 181 1139 476 1610 980 1090 609 372 669 1015 1953 1696 1884 586 1605 2168 5 375 1995 1515 38 2118 1570 1082 2167 473 2404 521 1537 2502 448 196 115 1844 1766 2014 1326 724 2726 973 2567 2476 619 443 1308 1250 167
000127.jpg,2648 2138 961 352 577 511 1270 2372 2339 2466 2820 127 1939 1698 1571 665 2100 1828 1349 1258 2709 1815 1520 2481 1421 600 1355 147 403 1446 1530 1630 2223 1618 2710 1540 879 195 2340 573 1684 2266 1159 1622 969 537 846 160 1294 472 1078 1994 1112 2614 166 1360 1 2595 2094 2175 1816 405 1615 2486 2246 2616 892 557 2013 2253 2338 2635 2835 1167 2444 1366 2758 1803 2455 223 307 1619 1324 2298 17 1964 2619 1811 46 317 2738 1863 642 1025 234 2460 1607 226 1069 1341
000128.jpg,2609 843 2843 538 288 1454 1546 257 811 1634 648 1138 410 605 1731 2613 1110 2196 610 1498 1516 248 336 1133 717 112 1871 1573 2763 1040 2549 1424 535 365 2417 937 253 2697 1309 2830 773 1800 435 870 2788 1466 2243 2095 2341 2377 1966 2102 434 1142 678 2364 1455 2519 1079 673 1020 1527 2746 1850 749 821 1913 2087 2560 1174 2006 1068 2680 338 730 593 855 1005 544 709 800 1311 774 2290 2251 742 1581 2492 1783 2219 2005 1894 2299 94 881 1794 1707 519 1992 2730
000129.jpg,1944 1055 2294 2558 2728 725 165 2207 1056 494 1130 2741 1825 2135 2766 447 2435 2842 137 1547 1212 116 2057 1463 899 1899 686 1126 97 204 2511 2291 1606 692 2248 1134 2825 1874 2068 1937 2292 1935 442 2382 2813 246 2319 2736 1076 1223 647 722 2580 2305 1067 146 2665 2041 2286 1464 1940 79 657 2708 1639 329 804 1185 574 2719 1777 2393 1986 948 1452 140 2506 2258 2683 1473 2438 362 2639 1841 1721 682 444 2569 1868 627 790 677 491 1439 2598 1592 1962 2499 1725 2809
000130.jpg,2185 1411 2584 1129 1694 795 1440 143 1684 2616 2517 1360 2298 718 2529 386 1630 1112 958 787 1446 2271 1294 638 1445 665 810 2481 1514 2619 2246 2139 30 1258 2833 1215 557 299 1270 2460 1939 697 879 2092 1982 71 1925 2801 2363 1366 1814 1863 2524 2844 969 2371 273 2731 264 262 1242 1122 912 2455 1619 2576 1589 41 414 2208 1373 667 1009 1549 716 2104 2231 2468 2385 741 2484 2727 1652 2100 591 888 1238 1291 1815 2269 2771 267 1571 837 2662 1264 1816 641 1824 234
000131.jpg,70 2510 1753 1125 2777 2772 431 2077 2478 2561 1759 2757 1839 315 1834 18 1035 1390 1842 2622 951 601 2 2663 1557 2015 2818 1252 1165 2302 767 191 1938 277 2702 990 502 2315 2601 1443 2471 2686 2161 1235 297 522 889 1747 1114 578 1845 2496 1980 2276 1833 2532 103 2624 1830 1908 250 284 1413 684 1821 1608 1340 688 2685 702 2323 2667 768 962 848 1989 1323 369 126 1720 903 931 1107 211 1767 1075 1310 2759 1810 1975 65 1460 2388 202 1798 1391 2583 1207 2242 461
000132.jpg,1944 2583 67 1055 2294 627 2728 1212 2350 1001 2319 2766 686 1810 1067 725 2719 2135 494 137 2305 2741 2121 899 2509 2286 2292 1452 1012 116 692 2580 2057 249 79 97 1134 2248 2598 2558 246 1126 1777 2041 2291 2436 2068 447 1076 1606 1899 722 1639 165 574 2825 1547 1185 2207 1463 2736 2511 442 202 1869 2813 2842 1935 2665 1868 1075 804 2748 140 146 2382 204 12 2435 1937 329 2393 876 2701 948 359 1130 1464 1825 1223 1406 2683 2787 2653 293 1962 2506 1959 1874 10
000133.jpg,453 401 1628 141 2055 1023 2163 1047 612 2747 2098 380 981 437 1233 760 1145 73 1599 2074 399 461 823 1872 1976 208 1510 2587 595 99 2126 2469 1085 816 2122 2679 1160 731 177 1903 2655 1717 1688 1163 2829 1808 2274 1784 2636 694 164 1100 1404 477 72 2577 222 599 2009 156 1089 935 1155 1436 2775 2452 1504 174 2750 172 2537 2218 2722 2201 1241 1321 2645 2642 1305 755 1098 1415 2446 850 1790 2432 1933 2691 2362 988 460 193 2096 778 2355 2071 2512 836 569 121
000134.jpg,1932 1062 1813 495 131 324 840 1843 241 129 1039 501 1378 1475 1875 1011 1923 1789 1503 467 1024 2059 2715 2531 452 927 2765 2565 2285 456 389 806 2142 1281 268 1568 484 2634 464 314 89 1662 2687 2236 2091 1655 1022 780 1706 1929 788 1967 758 653 799 53 390 2301 1275 2429 1831 1050 2232 2244 534 1612 999 1635 1274 1912 138 1730 2407 2611 2465 2505 125 822 2137 1755 290 33 1715 1262 418 113 239 363 1543 1048 1037 2053 2316 1124 1026 2632 295 628 1282 643
000135.jpg,1810 1001 2583 2121 2350 2509 67 249 627 1012 202 1075 725 1212 1944 165 2728 137 2741 1055 1406 899 2135 2736 1606 2057 2207 97 2435 1463 116 447 494 2558 2825 1126 2766 2294 2842 1825 442 362 1937 692 2382 204 1547 2258 2248 1841 2041 1935 2291 246 1874 2292 1130 2319 1940 1986 2813 1134 2511 2683 647 2305 2719 1899 1223 1439 574 948 1088 686 1464 1639 1076 2051 2639 1067 2393 1689 338 404 2569 1056 2708 2809 146 1592 2143 2068 2286 722 368 804 2438 79 444 24
000136.jpg,1933 1790 1321 2156 2071 2645 2750 1098 1709 935 2201 2096 836 1638 897 2432 1305 2450 2342 1736 2355 755 1052 396 1806 1436 1621 1504 222 2218 1188 1044 2446 850 1145 595 612 2098 599 2362 2313 2691 1858 2452 1047 1865 1906 1023 666 1892 2512 141 2642 2587 477 2747 461 1214 834 1510 1085 2627 411 468 856 1456 208 2625 2810 2055 2679 2122 2274 2567 2666 922 1903 1227 2537 1976 1808 2043 2655 1260 650 816 177 2751 2829 2074 823 2171 1610 2346 1677 1217 2420 957 1688 1717
000137.jpg,2138 961 472 2758 1069 1803 1607 1341 551 1811 1509 1828 17 147 2444 2595 1571 1530 1618 405 2648 2266 223 2835 1421 2635 127 1540 1622 342 352 160 2340 537 573 2094 2771 267 892 641 1078 1520 1167 600 2385 1 577 1862 203 1572 2738 2223 1652 1291 234 1615 2727 2431 1698 2710 1355 1159 913 2399 1238 2466 1324 46 2063 2372 1295 2820 2013 1373 2298 665 1059 226 1807 2486 262 1524 2100 1278 1270 2513 2158 912 991 2253 642 2709 385 195 846 2783 2231 317 1009 1446
000138.jpg,546 582 1221 285 1882 6 759 1702 2643 732 1083 807 620 1260 1797 181 2313 1858 820 1188 1541 1697 468 1603 2476 956 1153 2194 636 922 1318 2666 650 1891 2171 98 750 661 2810 2816 1057 2425 1536 2043 2278 334 2474 2678 2807 2346 1227 372 1462 2627 2503 2261 2823 1865 1761 1916 1199 396 629 1723 196 2210 475 1449 104 2263 1973 2359 939 353 1560 40 2089 2220 423 2761 1456 482 2688 476 1726 1387 851 1570 2720 37 640 2132 1198 1763 1380 2520 762 1073 907 2526
000139.jpg,2656 1693 2149 751 1971 1786 1257 310 2016 1106 1593 2827 832 1743 1559 983 1451 2441 695 1361 596 95 1176 132 1535 2190 2000 76 2129 1357 2504 2381 364 2040 1091 2787 39 2288 766 926 989 1900 2745 803 2238 1856 436 564 1343 101 789 1773 341 215 1818 2281 328 2242 962 1230 374 1685 954 1513 2785 2202 737 581 251 1914 572 182 1161 2542 1996 1427 1346 63 1672 1798 2700 777 230 2579 1795 407 2759 1137 2540 2495 1207 1434 1713 2066 1847 2112 824 1180 617 1116
000140.jpg,234 352 2063 1572 913 2455 1009 1520 837 1159 2399 1 2727 1025 264 1815 1349 2484 403 2844 1814 2541 267 1291 1238 2833 2371 2092 307 2139 2215 2731 2834 2158 1589 667 299 1925 17 1982 1122 1615 1539 1619 891 1571 1366 223 2635 2385 46 2783 969 1373 641 892 1816 2771 1863 2269 262 991 2576 428 741 2776 1630 1618 2226 1540 1735 2138 573 349 888 879 1480 1684 511 1622 90 1698 551 1660 2633 1509 2403 342 2460 2431 1360 2529 2100 1807 1776 2185 2339 2298 2797 1824
000141.jpg,2819 849 2479 2365 152 1563 458 1896 28 2500 2181 505 2552 175 523 313 2283 1827 734 587 2674 1532 2370 81 238 2716 2250 2119 1741 2689 972 2191 2527 847 1339 705 2177 2534 1376 2099 2557 2228 696 330 2193 2052 1873 354 1111 1708 602 2742 120 1543 1314 2592 1680 2681 1704 1332 2764 1117 131 2144 92 890 2322 740 2306 261 68 1164 1955 268 2715 872 726 1500 495 2237 2199 771 449 1831 33 503 780 671 927 2173 2280 452 1109 1475 2265 1932 1281 1655 1875 1335
000142.jpg,1056 1944 2294 1055 725 2558 2135 2728 899 165 1212 137 2207 1076 2382 2248 2842 2813 494 2741 1606 1899 1464 1937 2825 1825 686 204 116 1463 1547 2286 2057 2435 2511 447 2305 1134 146 2291 948 804 2580 1935 1639 2766 97 1067 1452 2068 246 2736 2041 2393 329 692 79 1126 1130 647 2292 2258 574 1874 1185 722 1841 2665 2719 2683 2639 2319 140 2708 1223 2438 677 1777 682 1868 362 2569 491 657 442 1940 1592 2436 1721 974 1473 2350 2598 608 2583 1986 67 2427 217 526
000143.jpg,1617 1328 712 1444 947 1782 1045 2836 1663 2241 1993 169 1679 1422 1623 2050 2837 2130 2707 1369 735 2454 1649 2011 1054 51 440 1710 155 445 1552 900 2649 1489 197 179 2840 2767 1640 305 480 463 1486 1381 1934 1658 2439 260 1102 925 2769 1544 1437 645 348 1405 2714 563 635 2289 221 860 312 188 562 26 2832 2826 1796 1926 1307 259 1218 943 2817 1870 2790 1029 559 1656 550 85 1569 556 2721 518 134 1701 817 2082 2538 1417 2501 1948 2270 1840 2133 987 2411 2375
000144.jpg,2210 13 640 2520 1272 2671 1038 2421 1754 1041 323 729 2839 1949 2798 2578 1329 377 2335 1910 571 1793 370 2570 2539 1764 828 2629 2602 1429 2083 1337 432 2795 1268 2047 1266 121 2090 1189 2568 2808 933 2415 1952 536 865 2640 56 2108 1477 2387 988 193 1374 2221 427 1070 2031 1668 1249 901 476 1065 1049 429 2333 698 2428 2120 569 2828 1562 1399 672 2380 2227 955 36 964 1431 1227 839 1588 2668 2423 196 669 2217 332 743 680 979 1132 2038 176 2786 1553 2029 1890
000145.jpg,1179 2328 2491 1578 2252 945 2682 1063 841 1579 1977 1651 1920 639 2647 9 1770 2723 2097 114 2042 916 887 2379 1851 1470 2310 1531 1528 2729 748 1211 515 1667 928 1657 819 930 2778 1585 2575 1769 1367 2349 919 1583 1368 1239 227 952 982 2459 2792 311 2304 998 1354 763 875 1791 2225 1210 1154 579 118 923 2488 975 492 25 2026 2618 1031 2793 528 566 2559 1566 2416 517 2462 812 512 1351 567 2065 781 50 151 7 2603 2334 791 1772 1854 2474 778 2081 35 2803
000146.jpg,1496 1316 2272 2556 2713 1453 1490 1901 2433 2815 1636 48 1965 194 2309 64 439 201 1860 2376 2352 1948 1051 1569 1416 2721 562 1218 715 305 563 747 1658 51 2241 2628 1840 1261 1096 1381 2034 712 100 2545 1422 155 1640 1796 645 2650 1054 2836 1617 1649 260 947 1782 2289 2553 440 1586 1544 2826 231 445 518 2050 659 2439 1584 1444 497 1679 784 1623 1752 169 735 1148 168 486 2088 2538 161 2337 1328 2837 2454 2755 1369 2767 2649 550 1663 2069 2707 173 950 2007 2023
000147.jpg,493 133 57 2374 1792 1758 1861 2125 570 1930 2004 2174 2418 366 1358 1234 280 1196 859 1580 976 2672 689 1034 797 1947 746 210 548 1575 1665 1392 2327 793 1859 1279 422 2838 756 2456 1664 2461 1724 2694 2184 294 1276 1765 242 2186 588 158 663 228 2330 2581 2332 2206 2039 1193 1377 1457 1375 2356 1887 2703 2739 1551 1776 880 857 1072 2590 2229 1191 2198 1877 170 2123 656 704 470 2321 1229 583 150 2127 77 1086 2659 884 720 263 421 801 287 438 1350 842 1348
000148.jpg,1545 2389 59 312 2832 2300 1926 987 2790 1102 2270 2082 1624 1202 221 1656 4 1407 626 635 2411 85 1405 556 1386 2817 943 1146 547 2367 1644 817 1934 1752 2528 1737 2501 950 188 826 611 2044 283 1319 613 1799 2069 2714 860 1489 1316 1701 1328 266 1710 1623 2477 1422 1417 1993 735 463 2544 2454 2515 2556 1029 1679 947 2312 2840 1444 1617 1468 445 2375 2241 480 2011 1045 712 1788 2767 1649 2707 2826 2050 2837 259 1796 2397 1437 2769 2631 1663 1870 169 2133 1190 674
000149.jpg,2045 1584 2755 2023 1362 1029 992 906 463 497 259 258 2034 1701 1586 1307 1897 1993 860 1796 1788 2076 2046 1552 611 1416 1096 1319 2482 547 85 1388 2735 188 2544 1656 1926 900 1934 2389 622 1545 674 2564 2721 134 2724 2646 2545 1848 2817 2753 2367 1627 2631 606 178 1417 659 1386 1617 1710 155 562 1486 1208 2344 1428 770 1948 1860 1313 201 2628 1202 987 2800 817 2419 197 2652 1407 1158 977 2084 439 2300 1489 2556 2626 1123 911 904 2307 305 2840 100 1895 2270 2397
000150.jpg,2810 2043 2171 2666 650 2816 1891 2346 1916 475 1723 922 1153 1697 1188 807 759 1882 411 2643 546 1763 6 1702 732 2841 285 582 1260 468 1221 1456 620 1083 820 1603 181 1858 37 1797 1541 2313 1139 956 334 1227 1090 1605 750 1953 661 2261 2502 1865 1761 1570 829 335 38 1284 586 980 1487 2230 2768 1082 2216 1232 1308 2167 1537 1397 2179 148 953 594 196 2677 443 1884 924 2194 1150 1502 122 1250 1080 636 2807 1696 938 2278 1214 420 40 2153 1006 1995 2168 724
000151.jpg,2267 2380 2423 1888 302 199 292 176 2668 554 1562 427 868 743 289 1236 1398 1256 361 1890 2227 2568 893 2786 2108 2217 78 21 681 2415 62 417 1553 1430 886 1686 597 2029 340 2743 2384 901 555 429 2451 1033 332 1038 1754 1041 2421 1399 878 1418 698 432 1699 1393 2539 1429 1492 323 1521 964 2038 377 1070 1851 979 2629 2578 802 142 2333 571 828 2379 1793 2221 2798 952 1065 114 2078 839 1769 2828 2031 2032 2120 1354 121 56 933 2428 1053 1266 1431 2671 500
000152.jpg,2810 2043 2171 2666 650 2816 1891 1916 2346 475 1723 1153 922 1697 807 1188 411 759 2643 1882 6 1260 285 1541 582 820 1603 1702 956 546 620 732 1221 750 468 2841 334 1763 1083 1139 1858 1227 1456 181 1605 2313 1797 1953 37 1570 1761 196 1284 938 1537 1397 1250 2179 980 2768 1090 2502 148 829 1865 1696 1150 2261 1502 2677 420 1884 372 724 594 586 1080 2483 1082 1308 122 2521 661 953 2706 510 1006 2348 443 2589 2620 973 1487 2514 1171 298 335 1322 2118 98
000153.jpg,2648 2138 961 511 2820 577 2266 352 226 1421 2466 2339 1572 2013 1939 1009 879 1815 1816 1698 1349 1324 892 234 2372 2709 1270 403 223 195 913 1615 1530 1159 2455 1291 537 127 147 2158 969 1619 2481 2340 2783 267 160 2094 2253 46 1238 665 1863 1078 2635 1925 1994 2223 2215 1520 1355 1540 600 2619 2616 1 1294 2595 2834 2758 1069 1446 1480 1828 1366 837 1607 2460 1258 573 1095 1409 991 472 1618 1630 891 1571 2710 1341 1660 557 1982 1025 667 2468 1509 2246 1694 1167
000154.jpg,1798 962 572 1230 395 2323 1334 2644 529 1683 1801 2759 2277 1561 2504 2579 101 2242 1898 2238 328 789 374 364 436 737 766 2040 803 215 989 1306 1207 2381 1951 341 1900 1175 2072 485 581 1137 1361 727 407 1451 589 658 2114 1559 2656 714 614 2149 1394 251 1106 617 1091 545 2542 2409 1427 1883 2546 1389 1786 1257 1093 2178 1558 1115 304 2113 898 2066 1971 39 1685 1166 1357 2000 1693 564 2288 926 1087 1213 1333 2495 695 2540 1928 1996 483 1176 132 1300 2787 1818
000155.jpg,1524 203 1629 2749 2740 154 1059 342 551 2468 1811 1803 2444 1167 1355 2710 2595 1072 934 2709 127 1377 1861 2198 1675 798 1863 57 472 2431 147 1348 1520 1862 1807 884 1 170 82 2175 2187 2727 1530 185 1375 1030 1034 2127 385 1509 160 307 1576 641 267 667 438 2548 2155 2654 1716 2002 158 1238 880 1619 1078 287 1826 2206 1292 242 2662 1859 2461 1392 1215 1580 814 577 1522 1291 1373 1276 1295 857 685 280 668 470 226 1025 130 793 741 1201 2473 1086 1925 2581
000156.jpg,883 416 11 1778 105 2331 843 2110 937 664 434 605 2843 1546 2394 257 94 1454 585 1040 1634 610 1419 717 1309 538 1573 648 1133 248 2830 2549 288 301 1946 365 1643 1424 1516 2788 2609 535 435 1110 1731 1966 1079 673 2377 544 2196 2560 1527 355 1237 749 593 2613 821 112 2290 1002 2660 2458 1871 2718 1676 1138 1604 1455 2341 568 1981 2697 811 678 966 1495 1518 212 446 604 1005 530 410 2005 2730 1301 1020 1909 2543 2585 519 1498 1794 2251 2417 253 1968 2519
000157.jpg,1773 1795 1513 1161 1847 832 1593 310 1693 2016 2827 1743 2784 2656 1971 983 2437 1786 2441 2149 1257 1672 2129 132 2190 1836 1176 695 751 95 1559 1535 1106 1856 596 1883 2745 2202 766 1361 1353 1451 2700 240 789 364 2238 328 63 483 2111 1213 341 2066 1900 2040 2504 2787 989 1019 803 2242 1914 1990 2381 2000 1685 1224 2113 2547 1091 39 407 2579 1343 215 436 1357 1996 2785 149 88 824 2022 954 2178 1713 1115 1476 304 617 182 926 1785 564 101 1846 2540 1818 1346
000158.jpg,924 1471 1487 953 2841 1288 1139 1363 1703 2216 1605 2502 2152 214 2348 1953 1602 2768 1866 22 2567 1171 333 420 1891 2179 2751 149 335 1488 1397 2203 1738 2109 1214 189 1760 84 2706 2678 941 419 594 96 1502 1712 2263 2060 2623 510 1032 1113 2591 2230 1927 744 621 182 909 2022 1019 1184 1723 894 1632 1685 2572 2816 106 443 2153 2115 1671 2666 148 2554 37 1785 1696 856 957 2197 2507 309 304 2521 1371 2401 63 650 2404 300 327 2043 2178 1525 117 167 244 586
000159.jpg,1055 1944 2294 2728 2558 725 165 2207 1825 2766 447 1130 1056 2825 2741 494 2292 1126 692 2435 2135 1899 1212 2319 97 1463 2291 137 2057 2736 442 116 1606 2842 2248 1940 899 1547 1935 2305 2511 204 2813 2719 1937 686 2382 1134 1874 647 2580 146 246 1986 2068 2041 1076 1067 1223 574 2286 2506 1464 1639 722 1721 1185 2393 948 2665 1439 79 1777 1452 329 1473 804 362 2683 2051 2258 790 140 2499 1876 1677 2037 2708 1892 2625 2639 1771 1841 531 657 12 526 1408 1998 1088
000160.jpg,264 2455 837 2484 1009 2063 1815 1159 403 2371 299 2092 2833 667 1982 2269 1814 2139 2576 1122 2844 1925 428 2189 1549 2776 1735 2731 1619 352 1589 2797 262 888 741 1863 2385 1373 1509 891 885 1350 2039 2662 2548 90 687 1887 2356 857 2486 641 1622 2412 1542 706 1191 2123 1291 2739 1338 1238 1877 1551 656 2659 2206 1457 267 1520 1229 2321 801 263 228 704 17 234 2590 421 1 1776 2332 287 1375 2811 600 77 349 158 2727 2771 2338 570 1539 317 2403 226 879 2327
000161.jpg,2218 1504 2512 1052 1436 222 2071 1790 2362 850 1305 1933 1638 2691 2355 935 2096 2342 836 2645 1736 2750 2450 1806 1321 2201 755 1098 2156 2432 612 1709 897 2446 599 1621 2747 2452 2537 141 1023 2535 8 2642 1047 1671 2098 396 2449 1145 666 325 745 144 1910 1085 1163 1903 1188 2055 2122 2679 2829 1911 335 177 1090 586 816 1232 37 281 953 1315 922 461 453 1474 477 1808 401 1763 2230 2591 981 2274 1661 2197 629 2705 2163 1082 2706 894 205 924 1456 2083 2048 380
000162.jpg,1571 17 573 642 1622 2100 600 846 2486 317 1338 2255 2412 2223 195 1698 1994 2338 2372 307 2727 1 1520 2811 1409 2635 2399 223 1618 1615 2253 2781 349 2616 234 1112 913 1572 1095 2158 352 1862 1630 961 1540 665 892 2138 46 685 1446 2466 1684 2481 1159 1270 2340 2215 1025 1360 1694 2063 1129 1349 1294 2473 1009 2455 1815 203 1524 1258 2246 958 891 787 2298 837 591 1509 1629 1828 2738 2834 267 2131 1060 166 969 1939 1837 1278 616 1812 2444 1071 2484 1101 2709 1291
000163.jpg,1525 2623 2263 1280 1371 1084 2678 1198 2572 1726 2116 1205 2386 1659 2303 2030 1960 96 275 106 1170 2791 419 2554 894 84 1032 474 2522 2141 1880 327 1251 2153 1973 189 490 2348 2831 2718 2734 1380 1318 481 1083 183 1536 1364 1802 1482 1632 1425 2060 45 1064 2562 1077 1762 2115 2448 6 621 2203 1927 1866 212 2401 1633 1596 2359 1184 2132 2593 2503 2761 69 2807 2705 1347 971 2080 1183 762 941 946 398 265 861 2204 117 1750 40 1199 300 2264 2101 42 549 644 2056
000164.jpg,2460 557 879 2363 1925 1619 1982 1863 2385 2607 2833 888 641 1373 2139 667 1366 262 299 741 1539 2844 2524 1480 2771 160 2633 1530 2094 1078 2431 991 2092 1660 1607 2104 1816 2138 537 1549 2185 352 2835 1765 405 2269 2371 2797 385 1341 814 1828 1509 2619 2801 1735 2189 273 583 264 428 2576 1807 2184 880 1069 2517 2484 1215 2581 1630 1081 687 1242 588 2739 1494 1497 1295 1939 842 127 2590 2327 2659 158 1238 1684 1652 1193 228 867 1421 2356 2776 2758 798 2298 1291 2206
000165.jpg,957 752 1889 2725 2464 2404 509 2457 1766 844 609 1802 1880 1515 1426 744 2448 5 2128 1696 2115 1616 498 2508 244 2056 2182 592 2522 466 1596 1364 1945 1726 2168 1064 232 45 2760 106 388 2351 2720 163 1032 189 2562 2124 520 2442 2591 2678 1960 183 1269 19 1061 2386 2608 171 1326 1251 2612 2572 135 1632 1927 1556 1904 2807 2278 1768 2366 1637 2048 473 2354 80 815 2751 1296 23 2566 184 119 644 236 1199 424 2476 2060 1280 2014 419 558 2413 375 565 96 1383
000166.jpg,545 1631 1394 2277 1558 1801 898 1087 2072 714 658 1137 589 2249 2644 395 1207 727 1213 1333 572 529 2113 761 2022 1361 2323 2066 1798 614 1306 304 1175 374 1230 63 1898 1389 1561 1166 2178 2381 1951 962 341 485 540 2579 1334 803 1228 1451 251 1019 2409 16 2567 1483 1928 2317 853 426 2242 1712 364 149 1427 101 1298 2546 1785 2547 2759 1683 1597 1900 1727 2040 1883 44 167 1786 182 2751 954 2656 1197 2555 1214 1559 1176 783 1106 1257 695 1971 924 989 20 2540
000167.jpg,1546 1516 843 1454 538 410 2609 709 288 2843 186 1079 2219 434 1455 257 937 2341 1894 1800 336 1645 253 2549 648 1138 811 1731 1498 1871 1133 1634 2613 605 1110 248 535 2364 1573 1040 610 717 2196 2788 365 544 1424 749 112 2377 673 2697 435 678 1527 2331 1466 821 2095 1068 2417 1131 2830 1966 664 2243 2087 593 1670 1142 1794 2519 2005 1005 2006 1309 742 870 1913 2746 1174 2290 1020 2560 2251 338 2151 1379 1581 2492 2730 1311 855 730 1850 94 519 1237 2299 1604
000168.jpg,312 2832 987 2389 1752 1545 1102 2790 2411 1624 1146 1656 85 1934 1926 4 2817 2528 59 221 1644 556 2501 2082 1405 2300 626 943 2270 635 1202 1407 817 1386 1737 188 2044 547 826 283 2367 611 1319 2069 613 445 463 1617 2397 1422 2477 266 2840 2826 2574 1029 2375 1316 2424 950 1552 2011 1983 2515 1468 1045 1437 2714 2200 977 1489 2312 197 1799 900 735 947 2133 712 1190 1092 1486 1444 2241 606 480 1663 1782 1710 860 2556 659 550 169 2544 26 2454 563 440 489
000169.jpg,2049 530 631 2282 1604 1301 446 1518 607 1058 2140 1290 2064 451 1981 1237 2796 1567 1017 2596 1909 921 813 2257 1554 2696 2093 1370 243 1673 1396 1742 1331 1384 1105 2660 662 1613 355 1614 337 2782 660 542 1978 984 487 942 1002 2259 710 1739 908 1681 966 2458 360 2085 54 2392 2664 1893 2519 1853 1879 1705 1000 1119 2243 2600 1094 2357 2006 2543 800 2369 394 1142 678 2417 2005 2251 2087 2697 50 774 1936 2560 1174 1695 855 1455 870 1850 1913 2492 1495 1966 1621 94
000170.jpg,1578 841 2328 945 1063 1179 2491 1579 639 2647 1920 1977 2682 1651 9 1770 2723 2097 2252 114 2042 916 2310 748 1528 887 1470 1531 227 1211 515 1667 1769 819 952 2575 517 982 919 1585 998 1354 1583 2792 928 2778 930 2225 763 2379 118 1851 1791 2729 1657 778 311 567 875 2349 382 2304 1154 2459 1210 1367 923 1854 1368 2618 2559 2026 579 528 1239 2488 566 1970 2711 2416 2065 492 25 512 975 2793 7 1566 808 151 1819 2081 2462 1209 2334 1864 1643 910 513 1271
000171.jpg,1749 483 1353 1300 1727 2437 2784 2579 240 2555 834 1672 2058 1304 789 576 1883 2547 824 1801 2277 1277 1394 1836 1091 95 2381 1178 1161 1476 766 1559 1996 2202 777 1593 132 1483 545 374 926 1106 2238 2288 328 251 1176 1513 16 564 2504 1914 761 596 1743 341 2190 2249 2066 581 60 1900 230 1971 2745 39 1990 1361 1804 215 1230 1213 1786 989 88 572 1357 44 2495 1856 2785 2000 1818 2178 2759 101 304 2546 395 962 2644 2317 2441 1451 695 1180 2113 2040 1447 1389
000172.jpg,645 2011 445 1552 2840 1029 463 155 2836 1617 1253 712 1045 2241 197 1782 1649 51 1054 2419 2289 440 518 1948 2088 1658 1663 550 1381 439 947 611 134 1319 2375 1422 2631 319 1444 2735 64 1328 735 1840 2650 1640 659 1993 563 260 2133 2050 2837 559 169 305 1679 562 2130 1096 48 2707 965 188 1486 2082 1569 1544 900 547 1623 2652 635 1624 2826 259 2649 1860 1416 1934 2454 480 1386 556 168 2628 2270 1369 2044 987 2815 2544 1316 826 433 2439 2352 2538 179 1307
000173.jpg,239 1781 2091 2794 2232 2164 2137 2280 822 2311 1568 1282 525 2173 408 296 1248 356 209 49 245 838 1435 1356 654 455 625 139 2396 1262 1505 1755 1127 252 2236 207 799 383 2693 113 1475 653 1787 61 1706 2669 192 225 1756 805 858 1317 1598 1274 655 1378 331 464 1655 679 2715 806 2025 2070 1831 1612 2017 2059 314 927 216 1506 390 131 2402 1692 1967 1635 268 1647 1297 1875 1273 1472 495 1140 1829 1503 290 1395 1789 2061 999 1715 2053 2698 721 782 2316 31
000174.jpg,2152 2502 941 84 1605 621 2706 183 1139 171 2841 2612 398 1113 2503 1458 2348 2386 2572 2182 2401 45 1064 244 2522 214 2760 909 2056 1364 2263 1726 1251 1768 1171 22 1953 1525 300 270 1866 2608 106 236 1596 959 1199 2761 335 1696 1214 971 2705 2688 2188 2197 1616 2498 43 2048 2115 2591 2720 2562 387 644 815 1602 1371 2678 2230 2494 1365 2278 40 1960 2109 1283 420 2831 2567 509 2751 1198 744 1703 1632 844 2448 2141 1108 2457 2203 957 2677 2160 2464 785 1987 1570
000175.jpg,1416 1096 1948 2272 2815 1316 1860 1496 1051 2556 201 1965 1362 2721 1636 2034 715 1897 2713 1569 155 1658 439 1218 562 1796 2352 64 100 48 1381 1261 51 2628 194 305 2241 2309 497 1586 2433 2545 563 712 1617 1640 2755 1993 1584 2650 260 231 2046 1490 1552 1544 2376 2836 1453 1901 1782 2826 992 1148 445 645 319 659 168 1307 2631 1840 2454 547 1045 1369 518 2088 559 784 2439 1123 1486 1679 486 1054 2011 900 463 1623 947 674 2289 2553 1422 2023 1029 1444 906 747
000176.jpg,2019 1507 863 2550 1244 575 1646 1805 2754 1147 2136 393 775 2586 357 1450 830 794 1669 1691 2254 603 2447 2780 1678 1120 2275 339 2192 1611 462 457 1104 2518 2360 1016 1732 1734 2233 2297 2159 1372 2347 2630 2345 2733 107 1517 584 279 1832 1626 2234 2326 2368 818 2395 2211 960 2329 1259 2621 693 2651 2637 2383 2641 1028 2414 1169 2684 1192 1177 1014 2701 1748 2604 845 2080 876 2805 379 2804 2605 1690 2106 469 102 1382 2752 1919 1620 10 32 2166 736 2802 1459 2176 2525
000177.jpg,1228 1785 1333 2022 1019 545 63 1213 2066 1389 2113 2178 304 2546 1115 1685 954 182 1394 1712 149 1760 1300 485 1951 499 1137 1306 1559 1257 1175 614 2542 898 1361 374 1106 1087 2072 1786 962 1971 2504 1558 1298 1798 2656 2000 1166 727 803 1451 1207 589 251 658 2149 1230 1928 101 2040 215 2016 1334 1561 737 2381 1883 2579 2759 1743 581 2409 1357 2238 572 436 1693 714 2323 364 1801 341 1176 2129 132 328 2242 76 1427 395 529 1593 1900 989 617 695 1353 39 2644
000178.jpg,937 257 2377 1527 535 1731 1894 1871 1138 406 2145 1779 1385 2613 1516 605 811 1800 392 410 1645 1526 2843 365 336 1455 1068 253 1992 2102 1498 1040 742 1079 821 2341 773 2763 749 1007 2516 1325 112 1131 544 1110 1707 648 434 2788 2549 1424 2609 248 288 94 1311 610 435 2830 1309 1966 2730 2364 1634 1133 2219 2417 678 673 1005 1783 1442 1020 2290 709 1969 855 519 870 2560 568 1794 1379 730 1419 1511 1670 2196 593 186 2697 1466 2746 717 2243 1142 1968 1094 338
000179.jpg,540 2413 558 1448 2295 135 1383 1296 2615 1231 80 1265 1093 119 184 783 1478 1728 1945 520 1312 1984 232 218 2756 424 2111 407 19 2566 1856 757 1914 2021 1683 2785 754 2472 341 2441 1996 2242 949 1269 230 2281 983 1733 2827 1722 2737 2202 1867 2190 2744 596 2745 1689 529 1999 777 310 95 1091 2354 967 213 940 766 926 2114 1743 1898 1818 2533 1343 739 564 2644 695 1476 2408 1535 1804 1693 1849 707 2547 328 1304 1149 88 1801 2320 293 2112 2638 132 1103 581
000180.jpg,1371 2572 1960 1113 1144 815 183 2503 509 1458 2457 851 327 1616 1064 2116 2056 2115 844 23 1987 1199 592 1084 1280 84 398 2608 236 2162 2760 1866 2203 1744 2197 171 941 2152 1198 45 621 40 1426 1907 1927 2101 2182 2386 1687 2726 2303 106 1205 959 244 117 2620 2522 1880 1802 1365 2448 1364 2348 1556 2030 189 96 270 565 1400 1922 1696 214 861 744 796 2141 2494 1602 2678 1726 609 1032 785 454 2425 1659 506 2060 690 275 856 2612 2160 850 2577 2263 2706 2591
000181.jpg,761 2249 2317 1394 1631 545 1727 834 2555 1389 2113 1801 2277 1213 2178 16 304 1019 1914 727 2058 1228 2546 2785 1483 614 2066 1785 658 1115 44 1300 2072 1447 1361 540 1333 63 1561 924 589 1137 1091 1951 1996 341 2114 2000 1230 1044 1451 1277 1306 783 1207 1683 581 230 1898 2022 1106 777 1087 376 1469 1093 1175 2644 1559 564 2495 104 1244 2452 926 395 339 863 149 1990 576 1487 485 1178 1482 2547 1558 2202 2242 989 393 1798 2579 2679 1786 824 529 2745 737 2216
000182.jpg,1749 483 1353 1300 2784 789 1883 240 834 2555 2579 1727 2437 1672 2058 1801 1161 2277 576 2066 1106 824 1559 1178 2113 1513 1213 2546 2178 1394 2504 1277 304 2238 545 1115 1304 2547 1483 1971 1361 1743 766 1593 564 1990 1786 1230 63 1389 2000 1685 328 581 572 1228 1847 2288 926 962 149 1451 2759 1804 1019 374 251 95 132 2381 596 1091 2644 1176 101 1357 967 39 215 1951 989 1257 1914 1785 1798 1836 1137 2785 465 1476 16 341 395 529 1996 1180 1818 2040 658 230
000183.jpg,1492 142 2078 429 802 1430 1553 1699 1886 555 1890 1053 868 2029 1256 2668 554 1562 2217 1888 2267 878 1033 2333 866 417 289 2743 886 2380 597 1236 176 743 1393 1418 1686 62 427 2108 2415 681 332 361 901 2568 2423 21 199 1398 2227 2786 1065 1793 1431 1588 340 536 302 1132 36 292 979 733 121 2384 2451 2117 680 432 893 988 78 193 569 2090 571 1038 1041 1499 500 323 1268 2421 1272 1374 2671 640 2539 377 2578 1429 1754 13 2520 2602 2828 828 2221 2032
000184.jpg,1067 2665 1134 1547 722 2511 246 2068 79 1463 2305 1935 204 97 2842 2041 116 1606 137 350 2741 2135 1212 899 1126 2736 686 2292 442 2825 2813 1076 2248 2766 692 2382 2286 2558 1464 2319 1937 447 725 1055 165 2294 2580 1639 677 2728 1944 329 1452 2393 2719 1130 494 804 2598 140 1868 1185 948 491 12 1825 2438 682 362 1056 1841 2436 1777 1962 2207 2057 1940 146 2708 2435 2569 1592 2506 1677 1942 1721 1223 2440 1771 1899 444 647 790 1408 1892 1986 2258 2625 2683 526
000185.jpg,2843 1946 257 2290 1005 2746 1731 937 2516 2730 1526 2788 2299 2364 749 1871 1068 1138 112 2377 2549 673 1527 605 365 2830 1379 730 1020 1243 544 435 1131 410 855 1110 1040 1511 336 1309 535 2560 1442 1670 678 1581 1779 1966 2417 2151 1325 1634 1794 593 1783 1968 338 717 774 1424 1311 2196 610 1455 811 2005 2492 2145 2697 434 1573 1142 2251 2613 1969 2519 2243 1498 881 1174 392 1466 1913 1094 2341 2087 253 1079 1707 821 870 248 648 288 406 1133 2006 1800 2680 1516
000186.jpg,1810 2509 2583 2350 1001 67 2121 627 249 202 1012 1075 1406 1944 899 1212 137 447 2741 2135 2294 2766 1055 2057 1606 2825 2728 725 2435 165 2842 116 2736 494 1463 1935 2558 2291 2207 1547 204 2248 2041 1126 692 686 2319 1937 2719 2382 97 1076 2292 2683 1874 442 1899 2511 2258 1825 2305 2813 362 574 1056 1439 1067 2051 246 804 1134 2580 404 79 1841 1223 2068 1195 1609 1130 1639 1088 1464 647 24 948 2329 338 794 1611 1805 2143 2701 2286 2809 2665 1533 1728 279 1931
000187.jpg,2789 507 1099 1650 2265 2597 1955 1314 1885 2610 1873 2306 890 872 1991 235 1135 367 120 1823 1543 1302 2812 1441 2199 2799 771 261 877 963 2594 1974 1164 1003 553 2822 649 2105 552 2774 1156 968 1917 1010 1327 316 1182 2212 1109 699 2343 1852 2681 2237 1746 68 2144 740 2764 2770 1111 162 533 1117 2716 670 1774 2191 1332 1461 2773 2177 2527 92 602 849 2592 2819 2193 2557 2052 2322 1376 2283 2365 1827 2552 734 705 458 2181 2500 175 1896 2370 152 2689 587 2814 313
000188.jpg,2792 567 118 808 1791 2065 998 919 1354 952 1769 2778 1583 887 1531 2711 1470 975 1854 382 778 930 2793 7 1271 923 2304 1970 151 875 748 819 928 1851 2379 517 2416 2328 1210 2491 1667 2349 982 311 2559 528 2729 1657 2618 1585 2575 25 2252 1211 1578 1179 763 639 1977 1579 1209 841 2658 513 2682 579 945 2225 227 114 1920 1367 871 2647 1368 1063 2042 1239 916 2723 1651 2310 9 2488 2459 515 566 1154 2026 1566 2097 1770 492 512 2361 1742 1404 1688 816 701
000189.jpg,8 1671 1474 325 745 2535 2449 2706 1844 1288 2216 1363 1703 2617 619 1286 521 922 637 565 2197 2657 468 236 2608 2425 37 171 690 2313 1537 506 1251 2712 2831 2760 285 2705 1090 459 1364 2401 1858 2182 621 1064 1763 2167 959 997 894 2268 1188 2612 2308 1560 1797 45 2522 1308 309 2150 1032 650 2476 1387 1221 2643 1736 882 759 2507 1153 1884 1232 586 2816 42 2153 123 2450 335 1806 1315 1927 334 1336 419 829 1904 2160 2841 2056 1006 2666 980 229 924 2043 2079
000190.jpg,1328 1444 947 1663 2836 1782 1679 169 1623 2837 1649 1054 2707 1617 712 1045 2767 1381 1658 2241 2130 1544 735 2050 2439 440 1369 1422 2628 2649 179 51 925 2454 1993 1870 1218 26 155 480 348 445 1640 2011 645 1489 1796 2714 197 1261 1417 1569 1948 1840 860 715 2289 305 1029 48 2840 550 1051 1710 194 1096 2769 1416 463 100 900 2817 1644 943 221 64 2790 817 260 2528 2721 2826 1407 562 1934 1405 1624 563 1437 1926 2832 518 1102 1701 1656 1552 201 635 1486 1860
000191.jpg,2545 2034 2713 2433 1796 100 1569 715 2721 2376 1453 48 64 1490 305 1901 562 2309 439 1316 201 1860 1584 1640 1496 51 2556 2272 155 563 2023 2826 1636 2755 168 2815 1096 1416 260 1965 659 1948 747 1840 2045 2241 1148 2088 2439 1051 2650 1544 1658 1381 1307 1617 1878 547 2628 518 559 231 712 440 550 486 26 2289 1486 2352 992 645 1123 2007 2454 497 1437 1407 1782 978 784 1045 1993 735 674 900 2538 1369 1386 2050 860 770 1656 134 194 1422 1545 2652 1701 2649
000192.jpg,1539 352 2833 2139 2269 2092 264 299 2226 2371 2844 2455 2576 2063 1009 837 1982 2484 667 1925 1349 2776 2175 1619 1242 1549 879 1815 428 403 1571 2797 273 557 2524 2104 1159 1366 1122 17 1863 913 234 1735 2460 741 1572 1 1618 1630 1684 1814 1520 1988 2100 2731 2246 1622 2486 969 668 600 787 2223 1360 2444 1540 958 317 1589 1514 2710 2633 1480 888 1698 2271 1816 867 2138 1660 262 551 573 2801 2727 2385 1607 2189 810 1025 2363 638 1341 147 267 891 1291 195 2607
000193.jpg,419 2554 2153 894 96 1927 1632 189 106 2060 1032 815 481 1013 1336 2401 22 1214 2079 1315 1171 333 2197 1251 2831 2160 1363 1727 2612 1749 1703 2109 309 2567 2313 1364 1288 644 2720 2751 2705 856 762 300 834 2562 1108 2555 2058 1283 2425 971 1365 2188 2571 2522 924 2442 2116 2152 1987 2261 2141 45 1277 1286 468 2048 744 1661 1083 1605 1797 2216 861 2194 2688 1064 2498 506 181 387 1907 2502 636 2056 1217 661 1726 1995 2278 785 2386 171 1858 1768 621 732 2760 335
000194.jpg,1125 1753 2777 2772 2077 2478 70 2561 2510 1759 2757 431 315 1842 18 1834 951 2622 2 2663 1390 601 1557 2015 2818 1252 1035 1839 1165 2161 2302 767 191 277 297 990 103 2315 369 2702 1235 502 1323 2532 578 1821 2624 2601 1460 522 2471 1989 1938 1608 250 1413 688 1720 1845 284 211 1114 962 1443 1830 684 1980 2276 2685 2759 702 1186 126 1908 2323 1975 2686 768 2583 1391 931 1533 889 848 2546 1340 65 2178 634 1767 2496 903 1798 1747 2667 67 2022 2113 304 1810
000195.jpg,1357 39 2288 1818 564 926 1180 1786 2281 2495 441 751 2383 1482 2000 1559 1106 2695 373 1943 230 215 1971 541 845 1950 1523 917 2080 2239 581 2073 2437 1836 1257 2114 920 436 2824 1091 590 379 737 76 87 1192 2240 1451 1538 902 469 2787 1593 83 2497 1900 777 2605 75 2699 321 2033 2542 2656 1014 1693 615 1915 1846 1361 2489 2247 2202 371 993 803 1919 1672 187 2653 779 1476 1410 2036 1856 2345 2324 1116 2804 789 318 1996 32 1940 2651 2149 818 2493 1577 14
000196.jpg,79 2665 2068 722 1067 2511 1134 1547 246 2305 1463 204 350 1935 2842 97 2041 116 2741 137 2135 1212 1606 686 899 2736 2766 1126 2580 1076 2294 2292 2825 1055 442 692 2558 1944 2286 2319 725 165 2813 1452 2728 2248 1130 447 2719 12 140 1868 1464 677 2382 494 1937 2598 1056 362 1841 2207 2506 1825 329 1940 1639 804 2435 1721 1962 1892 2436 2625 508 1677 2057 1899 2708 1986 1185 217 827 1473 657 1771 444 2438 1876 1777 790 359 2037 146 792 574 491 2258 526 682
000197.jpg,645 1054 2011 2707 1663 1679 1444 947 1623 1649 2767 1328 445 169 2840 2837 2836 197 1782 1029 2050 2628 463 712 1544 1045 735 1617 2130 1658 1381 1218 1253 440 2241 2289 1552 1261 2735 1422 2439 51 2375 1993 194 1948 179 1870 2649 1417 1489 860 433 2650 1416 1369 2352 1640 1051 2454 1860 155 134 769 2045 1307 1437 439 201 1096 2714 1710 1796 2272 563 161 900 965 2769 1788 173 64 562 1895 1569 2815 48 319 1840 635 480 2538 348 1486 260 2826 1496 715 2631 1407
000198.jpg,922 1763 2816 37 2666 2043 2171 650 1188 1697 1891 2810 411 1456 1916 1090 2346 1723 475 1153 586 759 1082 468 285 2643 2313 1541 1308 750 820 334 1603 443 2167 1858 1284 1227 1221 6 1006 122 732 1882 1260 807 1797 1702 620 956 1865 181 546 2261 2194 661 980 1083 2216 2425 2268 582 459 1703 1537 1570 1884 973 619 1610 1761 2476 1015 1605 1671 1288 829 2841 2118 2617 521 594 476 2179 2712 229 2535 1844 1285 1560 8 2308 2278 2706 2823 2705 2502 636 372 2153
000199.jpg,1317 1395 1921 1756 2061 805 2402 1972 1647 721 1755 1303 1918 1140 799 2053 1124 1037 390 1635 412 1967 1612 1715 2236 402 471 561 936 1438 363 1475 1187 1050 2693 113 2406 1008 1216 2465 2505 1648 1829 2301 108 2398 2407 1297 314 753 643 1273 653 2279 1692 1924 27 786 655 1568 2611 484 1472 2467 430 1282 1220 2690 1143 1293 331 806 1097 478 1662 159 1048 2232 782 2765 580 1505 408 2429 2059 1022 2698 1018 534 1787 1378 138 296 356 628 1118 2632 1506 326 344
000200.jpg,1306 485 1175 1951 614 2072 1137 589 727 1361 658 1207 1451 1559 714 2000 1106 1257 1786 1971 1798 803 898 962 1558 1087 2546 1389 1115 1334 374 2504 2787 1166 2409 1213 2040 215 2113 2066 1928 251 436 1230 2381 2178 572 737 2054 101 304 2759 2323 989 1900 395 364 1883 1561 1300 1427 2644 789 545 1333 2579 76 341 1683 2238 646 1228 1590 1785 328 93 2022 581 895 529 1801 766 2656 1357 1685 2149 2242 2784 1091 954 63 2540 1019 39 2288 1394 407 1898 182 1353
000201.jpg,645 1054 2011 1663 2707 445 1679 1623 1444 2840 947 1328 1649 2836 197 169 1782 1552 1045 2837 712 1029 1617 2767 463 1948 2241 2050 1416 735 1307 1993 134 1381 1658 51 440 2628 2130 1096 2289 2375 1253 1544 1437 2649 1369 674 860 2272 1422 1417 1486 563 1870 2454 2735 769 1569 1860 1640 1710 2556 2439 194 2815 1316 1796 305 48 1051 155 1261 2034 2713 715 319 260 348 2826 2769 1218 2721 1701 2650 1489 26 433 179 2545 900 562 64 201 906 2419 1496 1840 559 2652
000202.jpg,1524 1629 203 2749 2740 154 1059 342 551 1811 1803 2468 1167 2444 1355 2595 2710 127 1072 472 934 798 2175 2431 1377 2198 1675 1863 2187 170 147 814 1807 1861 641 307 385 1375 884 2548 57 158 242 2206 2127 1826 1859 1530 1520 880 2709 2002 287 1348 1295 1201 1862 1034 438 185 2473 82 1509 160 1576 1078 1030 1345 2727 2155 1025 1619 842 2094 514 667 1 2654 1758 2776 2403 668 2662 2771 1086 1432 1373 226 577 2385 267 687 1071 741 2461 2581 891 1276 1494 793
000203.jpg,1697 2268 459 2643 759 2167 1702 181 620 732 546 1260 1797 2313 6 1188 1083 1858 468 1882 285 2823 582 1380 1221 807 1456 1763 922 586 1090 1082 2476 1284 2425 37 636 661 2807 1911 1318 650 1308 2623 1536 2194 2666 2043 443 2171 1570 1541 1285 298 2810 275 829 122 2791 475 820 973 1227 2816 2168 956 1916 980 372 411 2263 167 1723 1603 1153 476 1865 1884 1006 1610 20 2346 2261 334 448 1891 2118 1015 1267 1709 1200 1537 1761 669 23 2678 1084 1387 281 38
000204.jpg,1096 1948 1416 2272 2815 1860 1316 1362 1496 1965 2034 2721 201 48 1569 1897 439 715 64 100 2556 1796 1636 2713 1051 155 51 2241 2309 1658 2545 2433 497 562 1381 1586 305 2352 563 1640 2628 1584 194 1490 659 1901 1218 2650 1617 712 1453 231 1552 1148 2826 2836 1261 260 445 645 2376 2046 2289 1840 1782 1307 1993 168 992 559 1123 2553 2755 1544 674 319 486 1045 900 1486 978 2088 547 784 2419 1319 1878 2732 134 1046 1422 2337 1663 2454 518 906 1437 2631 1444 1679
000205.jpg,2433 2713 1453 1901 1490 2034 2545 2376 1796 2309 100 2556 2721 1569 1316 1496 715 48 64 562 305 1860 439 2272 201 563 168 1640 2650 51 1584 155 1948 1965 2826 260 2088 659 1416 1096 2289 645 2815 1840 1636 231 1148 518 559 440 486 2454 2840 2755 2439 1307 2241 2352 784 197 2628 1544 2482 1123 1878 445 1486 2023 735 26 712 2769 2553 547 348 2538 1658 1369 2649 550 2050 1051 906 1381 900 769 674 1752 1045 134 747 978 2714 433 2337 992 1437 1552 1386 497
000206.jpg,2823 1260 1227 807 1761 1865 1153 476 2261 1858 2194 468 669 1188 2313 661 829 759 620 2643 229 1702 752 181 732 2168 411 1790 2071 1933 1284 1083 1456 1560 372 750 1797 334 6 2627 1305 820 2201 1436 956 546 2750 285 1098 2645 629 1541 582 1015 122 396 2512 2362 1638 922 1052 1610 1321 1603 1504 1736 1882 1697 935 222 1763 281 2476 2816 1806 2342 2043 586 1090 2810 2666 612 2156 2060 1221 836 115 37 755 1084 2688 2030 1911 205 2171 448 2432 1709 2791 2387
000207.jpg,1882 546 6 759 582 2643 1702 732 1083 1221 620 285 181 807 1260 1797 1858 2313 468 1188 2476 2823 636 2425 1697 1318 820 2807 1536 661 1541 1153 2194 2810 2278 2666 1603 1199 2261 2678 956 1227 1891 2171 2346 650 922 2816 2043 1916 229 2720 1560 476 2761 1768 629 2048 1726 372 2263 475 334 2168 669 2474 281 1696 750 2627 1570 2688 423 1865 1761 2503 387 98 829 1456 1723 1198 1960 2623 1462 1687 40 644 2620 762 1139 1080 2677 398 851 396 45 104 2498 1458
000208.jpg,540 1801 1631 2277 465 529 2644 1561 1334 2323 499 1535 291 1230 1394 395 1798 1749 962 1483 16 545 44 2579 483 1300 2785 1447 2759 832 572 1115 1914 2504 576 376 1389 1743 1683 789 1883 1990 2542 1847 1672 2547 2000 898 2546 1513 1228 2066 1785 1178 1019 374 63 251 1161 824 614 2700 596 240 2113 1996 1353 2409 2054 101 1469 2238 2827 2242 1091 2178 2437 1213 617 1689 1087 1951 1685 95 1593 328 485 1176 2202 983 803 1175 581 2656 695 1333 792 2129 2190 1559
000209.jpg,853 2224 967 338 540 739 1804 730 1707 1546 1894 754 1466 1516 2540 1555 1266 1719 101 2796 2031 1427 1670 1149 1346 76 1728 792 1110 293 436 789 1900 2539 937 1798 1928 714 410 2409 1634 1394 2221 895 97 605 2320 811 1166 1212 964 1070 538 1645 2786 2579 1590 1455 742 1651 2041 766 2683 535 1243 2267 1406 2788 2380 598 648 572 1952 2495 646 832 709 2798 1936 2140 365 729 1256 2472 1657 444 1689 112 1379 93 1088 1325 215 2238 1424 2379 2387 610 1075 545
000210.jpg,2044 1934 2528 2411 2501 1644 1102 1656 312 2817 2790 2832 987 943 85 1405 221 1926 1624 635 188 817 1407 1796 556 611 2300 1617 2241 712 2826 1381 305 155 1319 1782 259 1422 659 559 1636 900 550 1146 2007 1840 1658 2545 1752 547 2419 2439 2721 1045 2034 1569 1428 563 260 2836 51 1386 2652 826 1437 2337 100 2358 518 1983 1848 715 1486 1965 562 1544 48 2454 2270 1552 2082 1737 1878 2397 440 4 283 201 1993 2133 1092 2713 2574 2088 2433 1316 1860 1640 977 169
000211.jpg,1813 1923 324 131 1062 129 495 501 1875 1932 1843 1037 241 788 1715 456 390 2531 268 1281 1635 1124 1789 1929 840 2142 1967 1475 2765 1024 2301 1011 1503 2285 2407 484 2687 780 2244 1662 1730 2565 467 927 452 806 1039 2059 1500 314 33 999 2429 1275 1505 1941 2806 628 2091 1912 295 2053 125 389 2236 363 2715 2634 1050 1378 1655 534 449 53 1140 1831 786 1026 239 331 1465 138 1282 1568 858 1008 1022 1273 464 430 1648 1048 2164 1706 408 1274 1543 2698 89 1220
000212.jpg,957 752 1889 2725 2464 609 2404 1766 1802 2457 509 1880 844 744 2448 2115 1515 1696 244 2128 1596 1616 1426 2823 1032 189 592 2807 5 2182 498 2720 2760 2508 2351 2278 2522 2060 2168 1064 1364 466 183 2562 2608 2442 1702 1637 2056 1199 1280 2498 387 106 1083 45 163 620 1927 1726 644 669 2688 2476 1084 388 1858 1556 1260 959 1560 582 1768 181 636 2627 565 1797 454 236 2591 171 2643 1945 1318 2153 807 894 1251 229 419 759 2188 2261 1960 2678 2554 468 96 232
000213.jpg,2548 1375 2363 2460 557 2662 1619 879 2727 1925 1009 1776 857 1665 1572 687 969 1366 837 2298 913 2590 2139 1684 892 2186 720 2455 859 234 551 2399 797 2541 342 1043 2332 2385 2158 570 1660 2226 2633 2330 2215 2456 1350 1 2039 228 2123 2834 1664 2844 2185 46 1440 349 2607 2198 386 1861 1514 689 2206 2529 704 267 958 264 1086 1630 1520 2672 2229 2833 1863 787 2739 2004 352 756 1025 667 1539 2517 1191 2484 1982 2524 880 2356 1724 2092 2063 1360 1816 1480 2189 421
000214.jpg,1568 455 822 2232 2137 1262 2470 464 1706 2236 1967 1635 390 1282 1140 838 799 408 2693 726 1715 296 1475 1506 999 653 1781 209 2794 1024 2396 2059 2280 356 2531 1789 2765 113 927 806 1274 1050 1124 2053 1127 2173 1216 1831 314 484 1505 268 61 207 1655 1662 131 49 245 295 1829 239 1929 1787 2715 139 225 418 2301 1875 525 1503 290 2091 780 1275 1037 2806 654 331 1780 1932 2429 1755 2244 1273 452 1378 534 383 2407 2669 2025 52 2687 1481 1730 1924 389 1612
000215.jpg,1525 2623 2263 1280 1371 1084 2678 1198 2572 1726 1205 2116 1659 1960 2386 275 2303 2030 2791 327 1170 1880 2734 106 96 84 40 2718 1425 1802 490 1083 1973 1318 117 474 2359 419 894 1762 2141 2554 2503 1077 2522 1536 1032 2831 481 1482 2562 1113 300 189 851 2153 2448 1251 2203 2807 265 941 1347 1199 1400 1596 1687 861 6 1364 1380 1064 762 1632 2080 2705 2132 592 212 2348 874 971 1184 2060 2278 2204 45 2401 636 398 183 42 1595 1927 2761 2593 2494 2086 318 1633
000216.jpg,702 1830 848 931 903 768 1114 1107 1767 1845 2388 1908 284 2601 502 2471 1340 990 65 2624 1235 126 1310 578 1608 835 1720 250 1821 2276 688 1254 103 297 1323 1512 1975 684 1391 522 2314 1413 1186 2667 767 973 277 1759 1458 1285 601 1570 1015 18 315 2757 1839 298 1397 2620 2302 1557 431 1922 2 1842 2663 398 2056 2777 2510 2503 1390 1753 1232 2496 2622 2532 70 1125 2772 1165 1035 1144 962 2478 1989 420 1426 2323 2077 1832 236 45 395 211 2608 1938 2768 818
000217.jpg,1207 714 2072 1137 898 1558 614 1087 485 1306 589 2409 1175 1166 1951 658 727 1928 1361 1590 93 895 1451 1798 1334 962 676 1559 2323 803 634 1427 364 1786 1230 1197 1971 1561 426 1257 1597 2540 2000 572 2759 2656 2644 395 1683 2320 2149 2040 101 1149 1333 374 529 2143 2504 293 1106 24 251 1900 2242 1389 2787 1689 853 436 789 1693 1213 2113 1847 1513 2381 2066 2533 695 1115 1801 215 2022 2054 2756 2699 2178 1298 1535 341 832 545 29 2430 310 737 617 304 2673
000218.jpg,79 2068 722 2665 1067 1134 2305 246 2511 1463 1547 350 1935 204 686 97 2041 116 2813 1962 2842 2598 1464 2741 2135 692 1076 2506 1639 217 140 2248 2382 2319 1937 2292 442 1212 2286 1868 2580 12 1126 790 137 2436 2712 2719 2308 1052 2393 619 2427 637 1606 1452 1777 2736 677 899 521 2445 1771 1185 2625 491 1998 329 948 508 531 657 1330 2704 974 2438 804 1088 494 255 1677 2435 2617 1305 725 574 2257 1473 1223 2057 2499 682 1396 482 1632 1130 856 1986 2766 2037
000219.jpg,557 2460 879 2363 1863 1619 1925 1982 641 2385 2524 2139 2517 299 1684 2771 798 2298 2833 127 1242 1215 1373 2104 352 2662 262 1549 2801 888 228 1366 2581 2189 1539 2844 1939 2184 2710 1081 1807 991 2185 2138 2607 1193 667 741 2659 880 1607 1660 1295 273 570 583 1630 2835 2619 1735 2332 405 2327 2321 1494 2595 158 1294 147 2576 1446 160 1341 1530 1129 1828 2739 2633 857 1792 1350 143 2371 2269 2468 2590 1509 2431 1765 2187 1803 2206 1724 842 30 385 1432 1360 2797 428
000220.jpg,887 1470 1531 748 2792 819 1667 1585 2575 2491 118 2328 567 1579 1179 841 114 945 982 1578 2682 1977 1791 639 1770 2647 2065 2723 9 1651 1063 1920 515 2304 2778 311 808 875 919 2618 2349 923 1354 2559 1210 1211 1769 2097 2793 952 2416 1851 579 930 975 2459 25 1154 492 151 763 2379 1854 7 528 566 2225 2488 2042 2252 1209 2310 2711 1271 1368 1528 928 916 2026 1367 1239 998 513 382 2658 778 512 1643 227 517 1657 1583 2074 554 823 2729 460 399 868 2334
000221.jpg,2152 2502 941 84 1605 1139 183 1113 621 2841 398 2706 244 171 2348 2503 2760 2182 1458 2056 1064 45 1696 2608 2522 1768 1987 236 1364 2457 1866 1251 214 2612 1171 959 844 22 2115 1953 1214 509 2761 2572 2386 815 1199 106 1616 1371 2263 270 1570 744 1726 1960 1515 2048 1525 2751 1602 117 909 2401 1198 40 2688 2677 2141 1560 5 957 971 1283 2567 2705 298 2494 420 387 300 2203 2109 1632 2498 609 2197 481 189 43 2720 1596 1184 1280 2678 2116 565 1397 2188 2562
000222.jpg,1539 2460 879 557 2104 273 1242 2363 2524 1863 1619 352 1366 1816 1925 147 1480 2175 577 1982 2226 2633 2607 299 1660 127 2833 2595 1349 1530 2431 2468 385 2139 160 787 2517 2710 667 810 2092 2271 1025 1078 2619 1607 2385 814 1069 2269 2094 1341 641 2576 1421 264 2444 551 1939 2138 2455 262 2758 2709 30 1630 741 638 969 888 2371 1373 2529 958 570 1549 867 1509 1803 1291 2844 913 1520 2484 2771 1807 267 1988 991 1684 2797 1540 1167 1 1514 1238 1572 2246 1355 2811
000223.jpg,2066 2113 2178 304 1213 1115 2546 1389 1019 1785 1300 2022 1333 1228 545 63 1951 1175 485 614 1306 1361 727 658 149 1137 589 2072 1559 1685 962 803 1451 1971 2000 1798 1786 898 1207 1513 954 1394 2656 1161 1106 1230 374 1883 2409 1743 1257 215 2504 572 2040 1166 2579 1561 101 341 2242 182 1176 2784 789 132 436 2759 2149 1334 1693 1353 1847 364 737 1773 395 714 1087 581 251 1900 328 2238 2323 2542 2381 2787 1558 989 2644 1357 695 617 407 39 2016 529 1760 1427
000224.jpg,536 2090 121 569 193 988 1268 1132 1588 680 2333 1431 1793 36 2227 2108 571 886 1065 1418 432 340 332 2786 901 1256 1393 1686 429 597 2668 2029 979 500 2117 802 417 1562 176 555 1033 2743 733 427 2384 1553 2267 1430 2217 1890 142 199 866 21 1249 2415 878 1492 1699 1329 2055 554 2451 1879 2380 62 2568 2098 1047 2747 1910 868 289 1038 1398 681 1145 141 1888 2078 361 2335 302 698 1976 2798 729 1906 612 2421 2839 1023 1266 1049 394 377 2578 1764 2122 177
000225.jpg,2138 2648 961 1828 2614 405 2835 1964 352 537 1607 1341 1571 166 2758 573 2738 846 665 1069 2339 2100 600 17 1622 642 1698 2486 1270 1349 2338 1540 1159 1446 892 1421 2635 1618 2223 2709 2466 234 2820 317 127 1520 2710 2481 2255 511 2372 1338 1615 2253 2340 1630 2266 1294 2399 1530 2094 1684 1994 913 1816 1572 1258 2246 1815 195 2412 403 1619 1078 577 1539 969 46 160 2473 2175 2811 1291 1409 1939 1366 2781 2595 1360 1025 1238 891 267 1095 472 2455 223 879 557 2298
000226.jpg,2113 2178 1213 304 2066 1394 1389 2546 545 1115 1300 1019 1785 1228 16 1469 2022 2249 1447 1333 376 614 1483 1951 761 1749 44 727 658 1175 63 589 2072 1361 485 1631 2000 1137 1306 898 1801 1161 1087 1727 483 2277 1804 2784 1353 1883 1914 1451 240 1558 251 1559 341 714 2054 1513 1207 2579 1230 291 149 789 1847 2785 1597 1561 834 1798 2317 2024 803 1898 2555 2437 1427 1178 2409 426 967 1996 2202 213 2547 1672 374 1091 1106 540 2644 1535 2190 529 1743 1990 1683 581
000227.jpg,1525 2263 2623 1280 2678 1084 1371 2116 1198 2572 1726 2386 2141 861 398 1960 1365 2562 2720 2503 1596 270 2442 2761 1205 2448 183 1318 2807 644 2048 1768 387 2718 1536 1458 2101 2030 2498 1283 45 2522 2791 2115 1364 2612 1170 1251 43 785 592 106 490 84 2401 2688 275 2056 189 96 1108 2278 2188 181 647 1199 1927 1880 1064 1032 40 481 971 2160 1973 636 419 1802 1632 1013 171 1866 1616 762 2591 957 1659 1083 2760 2079 894 2554 244 482 941 2639 2303 2168 959 621
000228.jpg,757 558 135 2295 1728 2413 213 1533 2024 184 754 1689 1231 2408 426 634 1597 2430 853 2143 707 1804 520 1631 1448 761 24 1265 1296 1394 783 80 119 1383 2354 2638 1945 2249 1719 540 1898 424 2533 1312 1984 1269 232 19 2615 2277 1849 2566 1801 1093 2366 2725 1478 473 1722 2472 1785 2124 2508 498 2464 29 2113 2756 1867 967 1228 149 304 2351 2317 1469 2178 1904 1727 1326 752 388 1149 2014 1766 376 739 983 1889 2507 529 545 1733 1061 2751 1019 1447 1602 658 2320
000229.jpg,1753 1125 2777 2772 2077 2478 70 2561 2510 1759 2757 431 315 1834 1390 2622 1557 951 18 2663 2 1842 2015 1252 601 2818 1035 1165 1839 2302 767 191 2161 277 2315 2702 297 1235 103 688 990 1443 369 2624 1938 1980 2601 502 2471 2685 1323 578 2276 1114 1989 1413 2686 522 1845 2532 126 889 1747 1608 2323 1391 962 1830 1186 2759 1798 1460 211 702 1821 634 2583 2667 284 250 1908 1767 1720 768 67 485 931 1340 1389 1075 684 853 1106 1207 1833 1333 1306 2546 2314 1810
000230.jpg,2433 1901 1453 2713 1490 2376 2309 2545 2034 1796 1316 1496 100 2556 1569 715 2721 201 1860 48 563 562 64 305 2272 439 1640 2826 659 168 260 51 2650 2815 1965 155 1148 2088 559 1096 1948 1307 1584 1636 645 1416 1123 486 2289 784 231 1486 2337 2553 1840 1437 2133 978 2840 1878 2007 445 2352 747 440 518 2439 674 134 197 550 2454 900 1369 1752 1544 2241 2050 433 1658 712 194 769 2652 906 480 1046 2649 2538 2628 2732 1381 26 735 2836 1051 2358 1848 2769 2482
000231.jpg,2045 1584 2023 2755 258 1029 1362 1416 463 1701 1096 2735 497 2482 2034 1897 1948 1586 770 2753 906 860 155 1307 1993 747 2628 1552 992 1788 606 1796 622 2011 2545 1926 674 675 1710 178 197 85 817 1545 2646 1051 1627 2389 201 1417 2631 547 1617 2367 1386 2721 715 134 1123 1934 1253 2840 2556 2287 1656 2076 2046 51 1388 1895 173 100 1860 2724 2626 2376 1319 562 2375 1381 904 1544 1489 2815 319 439 2800 305 2411 2732 2713 2300 59 1799 188 2289 26 64 2084 1190
000232.jpg,38 167 1697 2810 2043 759 454 922 2643 2268 1260 2171 620 1702 285 546 732 1570 181 2666 1188 20 650 1221 475 2346 6 411 1916 1456 1858 37 582 1797 1723 459 1082 586 1284 1083 468 1308 1153 2313 2167 1763 1891 443 298 2816 807 1537 956 820 1995 122 1227 1882 2841 372 2222 661 1285 1541 1603 1090 1205 1084 636 829 2823 980 1865 1502 2194 2623 2263 1006 2476 2179 2627 1280 1250 1198 396 2791 275 629 2807 115 2261 2726 281 2162 189 2030 1397 148 1591 2132
000233.jpg,887 1531 1470 2792 118 748 567 819 1585 1791 1667 2575 2328 2065 808 2491 841 1179 945 1579 1578 919 1354 982 952 1977 1769 923 114 639 2304 2778 2647 2349 1770 2723 2416 875 311 2682 9 998 975 1210 1920 2793 1063 2559 930 2618 579 515 1854 1651 7 1851 2379 2711 25 151 1209 1211 1154 2459 1271 778 928 2252 382 528 916 2097 2658 1583 2488 513 492 1368 2310 2225 566 763 517 227 2042 2729 2026 1657 1367 512 1528 399 1239 1970 2074 1599 380 437 73 2334
000234.jpg,1749 2277 1801 2555 834 1727 483 2058 1300 576 1394 1304 2249 2579 761 2547 2784 1483 240 1277 1672 1353 395 529 545 2317 2644 789 1883 16 1178 824 2785 44 2437 1914 1230 1631 465 376 1057 374 1804 1103 251 596 614 2381 1091 2054 1469 967 658 1990 1161 540 60 572 333 1447 1798 2323 727 677 1137 1996 962 1361 101 95 856 1476 2066 1847 2759 1176 1427 695 2202 1513 1836 2288 1389 291 1213 88 2238 1898 2745 132 2190 341 1228 564 1951 2546 1593 2504 1451 2113
000235.jpg,2769 1870 348 26 925 2454 2649 1369 480 2538 518 712 179 550 2714 2130 2050 1045 1701 1617 2375 1710 1788 445 2241 197 2840 440 1417 860 645 1552 1489 305 1840 735 1172 1422 168 259 659 463 155 2011 2200 2289 2826 562 2721 524 1453 1640 260 2650 51 970 769 433 611 1901 977 134 188 2556 2035 1328 559 2088 2419 2439 1319 1782 2817 1569 59 563 2148 1486 1993 547 2544 1386 1658 900 48 2652 978 1656 231 1496 1752 1983 1796 1934 489 169 312 2309 1029 2358
000236.jpg,2648 2138 352 403 961 577 1815 1159 2455 472 127 1530 2266 147 226 1421 1270 1939 1009 511 2466 2094 160 2820 1078 1803 537 2709 1520 837 2710 2063 1509 2481 1607 264 1355 223 2595 1167 1069 1863 600 1572 2484 2727 2758 2431 1 267 1291 665 1025 1619 1622 1341 1816 573 1258 913 234 2619 1238 667 1349 641 879 1630 2175 385 1828 2340 2385 1982 2399 741 2372 17 1540 1660 1807 2635 1925 2835 1571 2616 2339 891 1366 1698 888 1811 195 2246 262 1615 2100 991 2468 307
000237.jpg,956 1882 1221 38 582 2194 669 6 661 546 829 285 1697 1227 2261 2476 1153 1536 476 1995 1797 2688 1911 732 2643 1083 759 1761 2425 636 1768 2168 2623 1108 1267 2678 1541 1260 620 115 2572 1084 1380 181 1318 1880 971 1726 1525 448 2263 1702 2677 629 2355 2593 796 820 2512 1280 2691 1400 2313 1687 1763 650 922 2197 1744 762 42 2726 1090 1802 2695 459 621 1560 1188 850 396 2222 2118 2494 2791 1371 807 20 2162 644 946 750 1537 1603 2807 1283 1286 2268 281 1456
000238.jpg,1361 727 1451 658 589 1306 1175 1951 485 2000 1559 614 2054 2072 1137 1106 1786 1207 1257 2787 1971 646 1300 1798 1389 1115 293 962 1213 2113 1230 483 714 2656 2066 1334 2546 1019 395 572 2178 1333 76 1558 803 2409 304 1091 789 954 251 2504 63 1483 545 1801 2149 39 2644 2579 44 2040 1561 1672 1427 898 1087 1357 364 374 2022 240 581 2540 1513 2288 564 1353 2323 1394 215 1228 989 1166 2759 1693 341 1685 1683 101 1743 2381 926 1900 1996 436 2784 2242 529 1447
000239.jpg,1790 2071 1933 1638 1052 1305 1321 935 2750 222 2512 2645 850 2201 1098 836 2156 1436 2096 2218 1504 2362 2355 2432 1709 1736 2342 2691 2450 755 897 1806 2537 2446 599 2642 396 612 1621 666 1145 2452 1047 1023 2747 2098 141 981 2055 401 2163 1510 208 453 1911 2587 144 1628 99 595 823 320 2655 1085 1717 1599 2420 399 2074 816 2122 1676 461 73 1233 437 760 1903 177 1160 380 2126 164 1100 2469 1163 2679 908 1872 731 1682 2829 1808 477 1404 1688 156 2775 451 1784
000240.jpg,2320 1149 2533 29 2021 286 2172 2673 2756 293 967 213 2615 1728 754 2408 1448 1231 1265 739 707 1804 119 2024 1719 1478 2413 2143 426 2638 2295 24 1849 1689 2354 184 1597 634 1296 1383 135 2430 2787 80 558 1269 218 2472 1722 1529 2224 1984 1867 424 91 2390 1312 757 520 2235 2566 232 19 1945 792 1533 1733 853 498 1535 529 376 388 1426 1798 2744 2296 646 425 1847 364 1334 983 832 540 2464 962 1886 1513 2016 1298 1061 291 2725 2366 2054 789 1451 2281 1236
000241.jpg,1439 2051 2183 598 1931 482 2526 2291 939 2057 2220 574 1433 2704 2089 494 2427 2499 2445 1223 2435 255 1874 2683 368 1725 531 217 1330 2639 1555 647 1899 444 146 2719 608 447 790 274 2292 692 864 526 1876 1721 1592 2440 994 2728 1055 1408 2319 1942 2589 1088 329 1473 2393 1937 1639 657 1677 508 2037 2438 2569 725 944 2207 2813 128 1998 271 1944 12 686 1771 2809 2625 804 491 682 637 948 2766 1962 2294 2475 1185 1902 1881 2506 1825 2248 1892 2558 677 2286 2382
000242.jpg,2460 2363 1539 557 879 273 2524 1242 2104 1619 1863 352 1925 147 1366 2226 2517 2633 1660 2175 1349 1480 1982 1816 2595 2139 810 2833 2607 299 2619 127 667 2092 2271 2444 787 1025 913 1530 577 2385 912 1264 2468 1988 2738 160 2576 166 1069 641 1446 2100 2529 2455 1622 2431 1571 2758 2692 30 1294 551 2208 1514 1607 716 385 958 2710 1078 1803 2138 668 685 1939 1215 1652 143 2771 638 71 1630 1684 1373 1815 1509 264 1341 2844 2834 527 2835 741 1572 2371 2269 2205 867
000243.jpg,767 1938 277 1833 1443 889 2686 1747 2777 1753 1125 2478 2077 2772 70 2532 211 2510 951 1759 2757 1460 1834 2702 2818 315 369 2 2663 431 2015 1252 2302 2315 1842 1165 18 1989 1557 2561 1980 1390 191 2622 2496 601 2685 297 2624 1845 990 1235 103 1035 578 1413 1340 502 126 1323 1839 2276 2601 688 2471 250 1608 684 2388 903 461 1114 1767 702 1047 1975 2620 522 2098 1418 2346 2055 1821 1023 1720 1391 2022 1511 1830 1952 475 848 1793 1080 401 500 612 1908 2666 2810
000244.jpg,1051 194 2352 1218 1261 1948 1416 1096 2628 2272 2815 1658 1316 1496 2556 1381 2713 1860 1965 1544 48 64 1636 201 2836 1569 51 2721 1640 2439 100 715 2241 1782 562 439 169 155 1584 2837 1649 2433 1054 231 1840 305 2034 1586 1796 1663 645 1444 2707 2309 2767 445 497 1679 563 2545 947 1623 2650 1328 2840 1148 1253 518 1617 712 2289 319 559 2826 440 1045 260 659 735 2376 2050 197 2553 1901 2011 2023 168 1552 2088 1422 161 2755 1993 978 769 1878 2631 2130 1490 1486
000245.jpg,1005 2746 2290 2730 2299 2788 2364 1946 673 749 544 112 2549 1068 1243 2843 1670 1131 365 1783 605 1379 1311 2151 1110 1966 336 593 811 1498 410 1040 257 435 2377 1968 821 937 1527 434 1794 535 2830 1731 1871 2417 730 568 1309 2560 2680 883 1138 1079 1020 1526 2196 2613 870 2516 338 2697 1779 1581 855 678 2095 1442 2145 610 1424 1325 1634 1511 2243 717 253 1142 2087 2219 1800 2251 1969 1573 406 2341 774 2519 2005 1455 2492 1133 1385 392 2102 1992 881 1913 248 709
000246.jpg,419 2554 2153 894 96 333 309 1217 856 1632 1927 861 106 1907 189 2060 752 834 1013 2116 1727 761 2079 1032 2160 2751 2555 2591 1336 924 957 1277 1892 1507 2058 2401 22 499 1365 785 1889 1093 1177 2414 1801 2550 2037 1044 2114 1214 107 757 2277 1703 2567 2230 1865 2386 844 1363 2056 1677 1288 2522 2317 2625 509 1771 2263 2526 1171 1931 45 2604 407 335 2067 1471 2233 2254 1364 5 468 2216 1685 2612 2351 576 181 2457 2810 2502 457 620 2547 2508 2169 1734 1035 2666
000247.jpg,2656 1693 2149 751 310 1786 1971 1257 2016 1106 1593 2827 1743 832 1559 983 2441 1451 596 95 695 1361 132 1176 1357 2190 1535 1773 39 2040 1343 2000 2288 2129 364 2787 1856 76 989 2504 954 1795 1513 1434 1900 1685 436 926 1091 766 572 2242 564 215 2381 962 2238 1161 803 1818 2737 1230 789 581 328 182 341 63 2745 2281 2542 75 1207 101 737 1004 2112 1847 1019 1672 374 1333 949 2202 2700 1298 407 2022 2066 1798 940 1180 2114 2495 1213 1713 1137 2759 1760 1116
000248.jpg,79 2068 2665 722 1067 2511 1547 1134 246 1463 2305 1935 116 97 2041 2741 137 2135 1212 2842 350 204 899 686 2580 2294 1606 1055 1944 1868 1076 442 2766 725 140 2736 2728 2319 1452 692 1126 2292 165 362 447 2583 1841 2719 494 2558 12 2286 1130 67 508 2248 1006 2258 2382 2506 657 1464 2825 2057 2813 1937 2055 359 1962 2435 1998 627 1899 2121 1001 2598 804 1810 1473 2436 761 1825 2625 2117 1639 2207 1056 2350 1771 1892 2772 2037 1150 1088 1185 2509 599 1677 745 677
000249.jpg,990 2471 2601 502 103 2624 1235 297 1323 1845 688 126 2276 578 1908 284 848 903 768 1186 1391 931 1340 1830 2314 702 1767 1114 1413 65 2388 522 1107 2667 1608 250 684 1720 1821 1512 1310 835 1975 1254 767 2478 277 2777 1753 1125 2077 2772 2302 1165 1759 191 18 315 1232 601 2757 1723 1842 369 1839 1460 70 1834 2 951 2510 431 2323 1557 1916 973 962 475 2315 2663 1397 211 2015 1570 2532 395 1458 2346 420 1989 2768 1035 2620 2561 1252 1938 304 374 2759 2702
000250.jpg,392 1419 301 2331 937 1527 1779 2145 2377 257 1385 406 535 1731 1894 2763 1871 1992 605 1526 1138 519 2613 253 773 2102 811 1707 2341 336 365 1800 1131 2516 410 248 1645 1455 1007 648 610 1040 94 1516 1442 338 2843 1068 568 742 1325 1783 730 1133 709 2264 1309 870 435 2243 2318 2830 544 1020 538 1424 1498 1794 1634 2609 821 1466 2420 2219 2303 112 1379 749 1142 1077 1670 1005 1969 186 1454 2680 855 1110 2730 2560 2101 434 678 843 2519 1511 2087 2549 1913 774
000251.jpg,1843 1011 495 241 2565 1503 131 1875 2142 2531 268 1024 408 1282 49 290 2091 2285 1127 239 296 245 2232 139 525 838 1781 2794 452 2164 653 53 1787 654 61 2025 2669 209 2396 2280 1505 207 2173 383 2137 2765 356 225 1274 1506 799 1932 1378 1780 2311 2693 2470 1662 806 840 464 390 192 484 389 2070 331 1635 1500 1706 418 1124 1967 999 1141 2687 1568 1140 1481 2059 1356 2301 346 402 252 1022 1941 1039 113 467 2715 1789 2429 927 780 471 726 1923 1918 1813
000252.jpg,2769 1870 26 348 2454 925 2649 1369 480 179 712 550 2050 2714 2130 2538 1045 518 1617 735 440 1422 2241 1489 860 197 2840 1788 445 1417 2011 1701 463 2375 1840 1710 645 2289 51 433 260 305 1328 2826 2650 562 155 1752 1663 1146 1552 169 1029 1172 2088 1656 563 1993 1640 259 1782 2721 1901 1486 2439 2817 1453 1444 2044 1934 168 970 1649 900 769 1544 2837 659 1796 2397 2836 556 2544 2556 1202 2082 188 1437 947 1860 59 64 2200 715 2270 439 817 1624 1569 1895
000253.jpg,2798 2629 2539 729 1429 2428 2120 377 1070 2031 2578 828 2221 2520 2640 2210 964 640 2038 13 1038 1272 1399 1754 2421 1668 933 2602 672 2828 865 1374 1337 358 2671 1041 1266 1949 2808 2083 1952 1329 1249 1910 2335 2570 1764 698 2786 323 979 2839 1049 2227 955 2384 176 2451 2047 1521 432 571 289 932 121 340 536 56 569 292 2090 2795 2718 554 78 21 1562 893 1449 1033 1189 2423 302 193 988 1888 1686 1268 370 2562 743 1065 1255 1793 2448 2108 1256 597 199 868
000254.jpg,431 2510 70 1839 2561 1759 2757 1035 1753 2077 1125 2772 2777 2478 315 1390 2622 1557 1834 2663 601 18 951 2 1842 1165 1252 2818 2015 2302 191 2686 767 1938 1443 2315 889 2532 1747 2702 1833 277 461 1801 1976 2685 1906 2577 1510 1980 1114 531 2496 823 1418 2644 116 2323 2625 2277 990 903 2601 962 2471 1830 1423 211 417 1599 1075 722 1986 72 702 502 1989 856 395 2665 2161 369 1394 97 156 597 1107 1235 1310 637 65 309 1798 768 2249 2741 2074 1460 1892 2388
000255.jpg,2019 2550 1507 575 107 1177 2754 1691 1104 1669 2414 2604 2641 55 2176 728 397 834 1044 1194 1523 2555 333 2080 441 1482 2695 2233 2383 1727 2254 457 2360 1734 2234 309 2159 2192 1028 761 393 863 1244 924 856 2752 736 2326 1487 1646 1690 845 1277 1267 373 2058 1016 1450 2136 584 1729 830 1919 603 1467 2317 2166 2395 2452 2630 1879 1906 1363 83 2699 1990 339 462 2249 1456 1144 1620 2216 2446 1621 2347 993 1517 861 897 917 20 2684 2106 394 1353 2275 1217 1611 1372
000256.jpg,2018 2146 1289 2284 2008 764 719 2551 190 1534 1577 247 1493 1157 914 35 723 1403 1351 58 1128 2487 604 1915 153 2582 539 1997 212 1204 2718 1121 2824 206 303 1247 549 2204 615 862 874 1359 1583 2585 664 2453 998 516 2550 2019 1595 107 1751 1566 343 1772 2426 1347 1507 2658 2405 812 2603 2067 1136 2252 2209 2434 2254 1177 2165 2604 2225 1651 2485 1211 652 450 1791 1669 66 2233 2110 1368 1734 457 2414 763 2792 1970 1367 2081 2192 55 2536 1745 1239 575 2310 1063
000257.jpg,2152 2502 941 84 1605 2348 214 1139 1602 2841 1866 1953 1113 244 1171 1371 2115 744 2706 1525 2109 106 22 1280 2263 2751 1616 1214 2572 183 1696 2567 1458 2623 621 924 1084 2203 189 1365 909 398 171 117 270 1198 594 420 1927 96 1738 1987 2060 1184 2768 1199 1032 509 2503 957 609 815 629 2677 1632 2303 2401 844 2457 2030 2197 1960 1661 2678 510 1283 1064 1397 2404 2608 2448 785 40 236 851 2521 1726 1364 1979 2760 1570 2522 2554 1488 2179 45 2612 959 2705 2494
000258.jpg,645 2011 2840 445 2735 1253 1029 197 1054 463 2767 440 2707 2375 1328 1649 1895 433 1663 2050 1444 1544 161 735 950 1679 169 2289 2287 134 1623 947 769 1552 2837 1202 2628 319 1261 613 1218 2836 173 2130 2650 2439 2626 1045 1422 2482 1496 2088 1860 1658 1775 1993 2631 826 1788 178 2241 965 1840 1617 194 51 2815 622 231 562 1782 550 563 904 179 2538 2133 1307 2312 2272 201 2069 1148 1640 2367 59 2477 2084 1545 2646 2713 1437 489 1051 2724 900 1381 1948 486 1172
000259.jpg,518 645 2538 445 2631 2011 2769 735 259 2050 1840 2840 440 550 1552 1045 2241 1253 2544 480 1623 2130 155 348 197 1993 1029 2649 2375 2454 1617 1422 1054 1328 463 712 168 51 2044 134 563 2289 1679 635 547 2714 659 1386 2501 2088 26 1640 1895 1649 2826 2270 169 1782 305 2707 319 556 2082 260 1878 2650 188 1870 987 1901 1369 965 231 2133 925 1658 2439 562 312 1663 2287 1544 1444 1752 559 1381 179 611 769 1148 978 2076 2836 2837 1934 947 1172 433 219 1123
000260.jpg,2044 1934 85 2501 2411 1102 188 1656 312 2528 2790 987 611 1644 2832 2817 635 1926 556 1319 943 1405 221 1624 1407 1386 547 463 1422 1428 2397 817 2300 1158 2544 259 2574 2670 2344 2007 2800 2082 2307 1617 1848 2270 1092 659 1983 550 2358 4 826 2419 1414 712 1146 283 2724 1029 219 1993 74 197 911 1552 2454 1190 2652 1046 1545 606 2837 1202 977 2011 1045 1208 1782 2564 2538 2375 2069 900 1752 1788 480 2337 1486 2133 2606 1313 1369 2826 178 562 559 2084 2676 1627
000261.jpg,1790 935 2096 2071 836 1933 1098 2645 2750 1321 2201 2156 1305 2432 1052 2355 1709 850 2512 1638 222 2362 1504 2691 1436 2218 2446 599 2537 2342 2452 144 2450 1736 897 1806 396 1621 1911 666 2642 755 1671 443 8 586 612 1047 1006 745 325 141 2449 1090 1763 1183 1145 1023 2098 205 2747 2535 459 1308 1082 477 2562 453 1676 1661 894 1632 461 1474 1927 2163 2554 2194 2055 981 419 1910 2153 399 516 2317 2268 320 1085 796 37 1447 208 2081 1880 1976 1596 2261 73 585
000262.jpg,937 257 1731 2377 535 1527 1894 1138 1871 1385 1779 406 2145 1516 2613 605 392 1800 811 410 1645 1526 1007 1992 2341 2763 2843 773 365 336 253 742 1455 1707 2102 519 1068 1040 648 248 1079 1498 821 2609 2516 288 1131 434 568 2219 709 186 1424 749 1325 544 94 1133 112 1309 1110 2830 1419 610 1969 1634 1311 2549 1442 2788 435 1783 1466 1966 338 870 2730 1511 730 1495 1005 1020 678 2560 301 2364 717 2290 673 1670 1794 1142 1379 2095 855 2331 538 593 2746 2417
000263.jpg,1083 1702 181 732 620 759 2643 6 1797 546 582 1260 285 1221 1882 807 2313 2807 2823 1858 636 468 1318 2278 1536 1188 2476 2425 661 2261 2194 2168 2720 1768 2048 42 644 476 1227 2386 2442 1153 2562 2761 1726 2263 922 387 2678 2522 2153 956 2816 1697 2498 45 2056 2171 1064 829 894 2116 2043 1596 1251 1723 2688 1761 40 1364 1891 762 1960 1763 669 1108 971 2760 2666 229 2188 2627 2810 586 1283 650 1916 1515 1880 1541 281 37 2182 1456 419 2554 1865 820 396 475
000264.jpg,2769 2538 348 480 2649 2454 925 26 518 1870 1369 550 2714 179 1453 2050 2130 1901 1422 259 1172 2826 712 2375 260 1788 168 2721 2840 445 305 2088 1092 1045 2574 231 1617 2309 2358 2650 562 1552 977 433 2544 197 735 1840 524 1148 2200 201 2337 440 2433 978 2148 2289 563 1878 659 1860 219 1190 1490 784 2241 1640 645 769 2713 1983 1895 2606 1848 463 51 1701 1468 1993 2011 415 1388 155 486 1496 2652 2044 1208 1428 1486 970 161 2676 2724 2397 2631 1710 911 134
000265.jpg,1946 1005 2394 2290 105 2788 257 2549 416 2730 2843 1778 749 1731 2746 434 2364 2299 673 544 937 883 1871 11 365 593 1670 1966 1068 1138 605 1040 112 2145 1783 2219 1455 1133 2377 1498 435 406 1325 1526 2196 1309 1002 1110 2064 410 1311 336 1527 1794 1131 942 1079 2458 1779 921 852 2341 662 2516 253 1495 94 535 1705 855 2613 1634 821 1968 717 288 1681 248 1800 1243 2600 2830 2560 1718 966 1384 2417 2085 2697 908 7 1573 2559 1645 1511 1020 1017 2151 2416 1516
000266.jpg,84 941 2152 2502 1605 2348 1139 214 2841 1602 1866 1113 1525 1953 106 1371 1280 2706 2263 2572 2623 621 1084 1198 1171 189 2109 2678 96 1032 2554 419 2203 1659 2060 1927 894 244 2115 1726 1979 2153 744 1632 1205 171 2303 1960 117 327 909 6 22 1184 298 1987 2831 183 2567 2705 924 300 1570 1661 1696 2494 2751 815 40 2677 1214 594 2179 762 2522 1251 629 1064 2401 1380 45 2197 1364 1199 420 1738 2688 2768 1083 1458 971 1502 1760 270 2030 1397 973 1616 1263 2761
000267.jpg,126 2624 1845 688 1235 103 297 2471 1323 990 2601 578 2276 502 2667 522 1908 1391 1186 2314 284 1767 1340 848 768 1413 931 903 1830 702 1114 65 2388 684 1608 250 1107 1720 1821 1975 1512 1310 1254 835 2663 601 767 2 1759 315 277 1557 2757 18 2302 2622 1165 2315 1390 1989 2772 1842 2777 2323 973 1753 1125 1834 1839 2077 951 211 2478 2015 369 67 249 1460 1012 1252 1406 361 380 1938 1599 191 62 2532 1053 1035 531 886 73 676 555 868 597 1418 962 2702
000268.jpg,1506 1141 2070 383 1505 2311 654 1356 525 1780 1248 625 252 245 2669 1435 49 1598 858 192 679 61 408 2025 113 1781 2794 139 2396 225 207 1282 2280 2164 1787 838 1127 239 296 2173 216 209 2232 1216 2091 1140 356 27 2137 2470 455 1924 1829 1262 1299 1168 1692 1273 822 618 331 1500 1274 1024 1612 200 2698 33 2316 1941 643 655 2690 2467 1568 2765 2062 2017 726 1124 344 1021 1503 464 2279 1706 1918 1875 1961 2531 1438 2611 1026 390 52 1472 1715 1481 418 471
000269.jpg,1773 1161 1513 1795 1847 832 1593 1693 2784 310 2827 1743 2016 1971 983 2656 1786 2437 1257 1672 2149 2129 1106 1559 2441 1535 1836 132 2190 751 95 1176 1883 695 1856 596 2745 1353 1361 2202 1451 240 2700 766 789 364 2787 483 1914 989 2111 2040 2238 2504 328 1990 2000 2785 1685 341 1900 1091 803 251 63 2066 926 88 1213 1224 215 2242 2381 2113 1300 1996 436 1818 1357 39 564 1476 1346 1343 2547 954 182 1785 824 777 230 2540 101 1713 2288 617 2281 1019 1427 737
000270.jpg,1145 2098 612 2747 1047 1023 141 1976 2055 461 477 1436 1163 1504 1872 453 222 401 595 208 1717 2679 760 2218 2655 755 2587 1688 1510 2163 1085 1160 99 1628 174 1806 2775 823 1903 2122 177 816 399 2009 2636 1933 981 2829 2362 2126 1415 72 731 2691 437 2274 1233 2469 1638 1599 380 2071 2512 164 694 2450 2645 1808 1736 2342 73 599 2074 156 1404 1784 850 1100 1241 1052 1790 666 935 172 2537 836 2446 460 2355 1321 2201 1155 2722 1089 1188 1305 2750 1098 2642 2432
000271.jpg,1749 483 1300 1353 240 2784 789 1727 1304 1672 2579 2437 2555 834 2058 576 1883 1161 1836 2547 2288 824 1513 1476 1091 1801 926 564 2202 1483 2277 1176 766 39 1277 132 60 777 1996 230 1178 1743 2190 1914 2381 251 1593 95 2745 1804 2238 1394 1357 328 1847 1818 16 2281 374 967 2785 1180 341 581 1856 1900 2504 596 1559 88 1786 2441 215 2495 395 1106 1971 2066 695 1427 572 1990 545 44 989 962 376 1230 1447 1361 1469 2040 1213 436 47 2000 101 803 761 1773
000272.jpg,455 822 1568 1262 2232 2137 1140 2470 1216 1924 464 726 1829 1506 1024 1706 2531 113 268 1124 1503 2693 1932 2053 1967 1918 1789 2715 1299 390 1635 1037 290 1168 131 927 452 418 1875 2236 2765 1612 1475 799 1715 1273 2806 1831 2279 2142 999 241 1505 653 2059 806 2285 61 1655 643 2611 49 2505 295 838 1662 1293 331 2465 2687 1097 383 1050 1692 1281 478 1481 2407 2467 1822 1780 1843 207 1275 1011 1282 1923 408 456 1378 2669 2062 758 2690 534 780 363 1127 484 2280
000273.jpg,1444 947 1617 1663 712 2836 1782 1328 1045 169 2241 1993 2837 1679 1489 2011 2050 1369 1649 735 179 1623 2130 1422 2454 1710 197 2707 2649 1054 440 2840 445 900 51 463 860 155 1552 925 1437 1102 2767 645 348 480 221 1870 1486 26 1934 260 563 2832 1544 2790 2817 1926 1656 2826 1417 2439 312 1381 1405 1796 1640 1307 2289 635 305 943 1658 2769 2714 550 1407 2411 1701 1029 2300 2133 2082 817 556 2375 2528 2501 188 2628 2270 518 1386 1840 559 2397 85 1416 1644 1218
000274.jpg,70 2510 431 1753 1125 2777 2772 2561 2077 2478 1759 2757 1839 1035 315 1834 18 951 1842 2 2663 2622 1390 2818 601 2015 1252 1557 1165 2302 767 277 191 2702 2161 2315 990 502 1938 2601 1443 1980 2471 2686 2685 1235 297 889 578 103 1114 2276 522 1747 2624 369 1845 1908 1830 1413 284 250 2496 688 1323 2532 684 1989 1608 1833 768 702 1340 1821 126 2667 1460 962 2759 903 1720 211 1767 848 931 2323 1975 65 1075 1391 1810 1310 1107 2388 1186 2509 461 1511 2583 2242
000275.jpg,1790 935 2071 1933 2096 836 2201 2750 2645 1098 1321 2432 2156 1709 2355 1305 1052 850 1638 2512 2362 222 2691 1504 1436 2446 2218 897 599 2450 2342 1736 2452 2537 666 396 144 2642 755 1806 1911 612 1621 1145 2420 1006 1308 1047 1082 73 1023 443 141 2098 1090 586 1085 459 320 630 2074 1903 2747 981 1676 2268 461 399 380 796 1763 2679 453 2593 1510 477 99 177 1233 2587 1599 2055 1628 437 2163 1163 2122 2167 761 2449 1682 1380 595 1183 37 2249 2535 816 1044 2555
000276.jpg,1145 2747 1047 2098 612 1023 141 2055 1163 1976 2679 461 177 453 1085 2122 2829 816 1903 401 1628 1688 2274 1808 477 2163 2452 208 1872 2636 760 72 595 1100 2587 2655 2009 172 981 1155 1510 1415 1404 174 399 2775 1717 99 823 437 1160 2126 164 380 694 731 1784 1233 1089 156 1599 2469 2722 2577 599 2074 2537 73 460 755 1436 1504 666 2642 2446 2218 1241 222 2355 850 2691 1806 935 2645 2342 1098 1232 1321 1638 2658 1933 2362 2841 2450 2512 1736 2349 144 2096 2750
000277.jpg,2018 2284 2146 1289 764 2008 719 2551 247 190 914 1534 1493 35 723 1351 1577 1403 2585 1359 303 1157 539 2487 2582 1121 1772 1204 1915 615 450 874 2824 1997 1128 664 153 1347 2209 812 2453 1247 58 2165 212 604 1583 2361 549 2718 66 862 2353 998 2204 1136 2536 1595 14 1745 343 516 2426 2603 206 873 2485 871 2434 632 2550 1751 1970 825 2734 1246 2019 1762 2067 1507 2254 2792 652 2405 2252 1734 1958 457 701 765 1963 2157 2233 1028 808 2110 2752 1574 1985 1566
000278.jpg,1539 2844 2092 2833 2139 299 352 2371 2269 2797 264 2576 1982 1619 1549 667 2484 1925 2455 1009 2776 2063 428 837 1814 2226 1863 2175 879 2460 1366 1242 557 891 1816 2104 741 1122 1291 267 273 1238 2731 2524 888 2385 262 1589 234 1571 1572 1815 2338 913 787 1349 90 2138 2783 1 1540 2363 2801 1509 1159 1994 2635 810 1373 1480 1520 46 641 2607 1630 638 223 2253 2771 2486 2100 17 2271 1622 969 2185 1215 2727 2403 1446 1735 958 1421 2619 1530 1618 2340 2223 1660 2633
000279.jpg,1583 998 2792 517 118 567 778 382 1970 2711 1854 1791 919 1769 952 1354 2252 227 2778 808 871 2065 930 916 928 1657 1063 2682 2042 2729 1579 1531 841 1179 1470 2491 2225 982 887 9 1578 114 748 2328 1977 1651 763 2379 945 2723 639 2349 1851 2361 2310 1667 2793 7 1920 975 819 579 2575 1239 515 1368 1367 2647 1770 2081 923 2304 2026 528 875 1585 2067 1210 2459 566 701 512 25 1211 2416 1154 1879 2353 311 2559 1819 151 2488 1271 1209 2658 1963 2474 2618 2097
000280.jpg,1967 390 1635 1715 1050 999 2765 726 1097 2236 331 1756 1293 2465 1317 2505 1140 1648 478 1024 2053 159 1822 1378 2531 1395 314 655 2406 2301 1755 580 1918 89 1475 326 2407 1662 363 31 1789 1124 484 2687 936 1706 1568 467 464 108 346 1216 1503 758 927 805 389 1730 2715 452 1612 2061 1921 2059 1275 471 1026 455 1274 430 799 1187 1472 1438 1831 2806 2821 1143 628 1647 2429 1022 786 1929 1008 1011 1655 1829 2634 1692 534 402 782 268 1273 1262 643 1018 753 2632
000281.jpg,1487 924 1471 953 1082 1308 37 1090 586 1763 922 1006 443 2841 2706 1697 327 2216 2222 1205 1891 650 1703 325 1363 629 1371 1882 2535 1456 1659 1462 1570 1525 1288 2666 1537 2572 1687 2268 1380 946 1661 298 2677 2043 1073 1400 2678 2705 2573 796 1153 2494 2554 761 167 1139 459 1184 1221 2816 2483 2179 1198 2167 2249 285 1474 745 1285 419 275 2359 2391 2171 6 973 122 2109 144 894 546 2810 1605 1250 2153 1979 300 117 1188 1541 1284 1106 8 594 2831 2313 84 1559
000282.jpg,2545 2034 2433 2713 1796 100 1569 715 2721 48 2376 64 1453 1490 562 439 305 2309 1901 1584 201 1640 1316 51 1860 1496 2023 2556 2272 2755 155 1096 1416 1948 563 747 2815 168 2045 2826 1051 1636 1658 260 2650 1381 1965 712 2241 2352 659 2628 194 1369 1782 2439 2088 1840 2836 2289 1617 1407 26 1307 1148 1544 1218 2454 2050 1261 2649 1417 518 440 1045 860 735 231 770 1870 197 2714 645 1993 1878 559 2538 2790 550 1486 947 169 1422 2837 1437 992 674 1701 348 497
000283.jpg,982 1470 1531 887 2065 2225 763 748 1791 2328 2792 2491 1179 1578 1977 819 118 1667 916 2682 2042 841 227 1063 567 1651 639 945 1585 2575 2252 1579 1769 2778 2647 2723 1211 2310 919 930 2097 808 114 517 9 1354 952 1920 1583 2349 311 928 998 1770 778 382 1851 1210 2416 1854 2793 1367 528 2711 875 2459 7 1154 2304 975 2658 25 579 2488 2026 923 2379 1239 566 1368 1209 512 2559 2618 1657 1271 492 1970 515 1301 2729 151 1058 2103 513 530 1566 2081 1981 2049
000284.jpg,830 1450 2275 1732 1678 603 1147 1805 2518 863 1120 775 1646 2586 339 1244 1620 393 2329 960 794 1611 2621 2136 1073 2019 1169 357 2780 2701 1626 2447 818 2368 1517 462 279 2211 2651 1016 693 2733 584 575 2395 2754 2684 2159 2630 2297 1691 876 2360 2254 1959 2192 2550 2234 1028 1507 2804 2347 2345 1372 2326 2080 2637 2805 457 845 1014 1832 1734 1690 2383 10 2752 1192 2233 1523 373 1809 469 1382 2695 2605 2020 441 736 1259 379 2106 2240 32 1669 1467 2525 86 1482 2033
000285.jpg,1310 1254 1107 1512 65 702 2388 1830 903 768 1608 1720 835 250 1821 848 931 1114 1908 1340 284 1975 1845 1767 2471 2601 684 502 990 126 578 103 297 1235 2276 1323 2624 1186 688 1391 1413 2314 522 1277 767 333 277 834 1104 2079 2058 1015 2510 309 1013 2579 1844 1286 1458 2401 1336 2667 2496 2555 2571 2160 1177 1315 1620 2777 70 2641 856 2831 1753 431 728 1300 55 2772 2478 1523 1940 1125 1232 2197 205 2532 1460 2661 506 827 2705 1907 37 369 2077 973 1363 2080
000286.jpg,312 2832 987 2389 1102 2411 1752 2790 1545 1656 1934 1624 1644 4 1405 635 85 2528 2817 2501 1146 221 1407 59 2270 1926 2082 556 943 1202 626 2300 1737 2044 1386 188 817 547 826 283 611 613 2367 1422 2069 1319 1617 2840 445 2477 2714 266 463 735 712 2011 1316 2375 1799 480 1993 2312 2397 950 550 2826 1045 1840 440 2574 2133 1029 1468 659 2241 2544 2454 1663 169 2050 1623 1552 900 1489 1444 197 2556 2837 2631 1328 1437 977 2515 1983 947 1679 2424 860 1782 1369
000287.jpg,2437 1672 1836 1749 1057 44 1483 1990 1178 1593 1914 16 2785 95 1447 2700 824 1161 483 1727 2784 1773 1353 576 1304 2202 376 751 596 2745 1224 1856 1513 1476 2555 1743 2190 2441 2058 1300 230 47 1116 1449 834 1795 2288 1693 88 2547 1469 777 1559 1713 2000 310 39 1714 2827 2656 1180 1523 132 83 1357 564 1091 441 1103 926 1996 1106 1535 2281 832 983 2695 683 2149 1786 2579 2383 1176 845 1971 789 291 1277 1451 240 1818 1847 581 2523 2495 2317 1838 2787 60 766
000288.jpg,783 1343 949 2737 2112 940 1004 1999 1103 1856 1434 1914 2441 2827 617 2111 198 983 1561 310 75 2785 2745 2190 596 2497 407 2542 341 95 2202 2242 1743 695 1535 1093 832 1693 540 88 132 1298 1304 1176 1773 1713 1116 1714 1224 1161 60 2180 364 2129 1795 1476 1846 1091 2238 683 766 291 1683 1513 2022 63 803 2656 1996 328 824 2489 1672 2700 2422 1838 2547 1631 2413 149 777 2016 1230 1334 182 1847 1760 2386 1785 576 101 2149 47 1593 2323 2523 1019 1971 374 2040
000289.jpg,1944 1055 2294 2728 2558 725 2207 165 2741 494 1212 137 2766 2135 1825 2435 1899 2248 686 116 2057 899 1606 447 2291 2842 1056 2813 2382 2825 2580 1937 97 1463 1464 204 2305 1547 1076 1130 1067 1639 574 2068 2511 692 146 2286 948 1452 1473 1935 1223 1874 2393 2292 2319 1134 79 1126 246 2041 1185 1777 722 2736 1721 657 1940 2719 647 12 2665 329 140 2809 804 627 2258 1876 442 974 1868 1986 2708 2438 2121 2683 2639 1771 682 2350 526 677 864 1001 274 598 1408 1677
000290.jpg,1439 2051 2183 482 2526 1931 2220 598 939 2704 1433 2089 574 2291 2445 2427 2057 255 1223 217 494 2499 1874 2435 1330 2683 531 368 1725 2639 647 1899 444 146 2719 1555 608 637 864 1721 2292 521 1876 692 790 274 2308 447 1677 994 1639 2393 1088 526 1592 1473 1408 2440 508 2589 2438 12 2625 2712 1771 2037 944 1998 1942 329 2319 1937 682 657 2728 2813 725 1055 677 2506 491 2475 2436 2657 271 2286 2569 128 1892 2809 948 136 619 1962 2382 1881 2207 804 1185 1944
000291.jpg,1944 1055 2294 2728 2558 725 2207 165 1056 2766 1825 447 1130 2825 2135 2741 1212 1899 494 2435 899 2057 137 2292 2291 692 2319 1126 116 1606 2842 1463 2248 2580 204 686 2305 1547 1940 97 2736 2511 2813 2382 146 1937 2719 1134 1067 1935 442 1076 574 2068 1874 2286 246 1464 1986 647 1452 1639 1223 79 2041 722 948 1777 1185 804 2393 329 140 2665 2258 2506 1721 657 2708 1868 2683 1473 2350 2121 2639 627 1001 362 1876 1841 1439 790 1962 1998 1677 12 1408 2324 1771 526
000292.jpg,1321 935 2156 1098 2750 1933 1790 2645 2201 1709 2096 836 2071 2432 1638 1305 1052 2355 897 2342 396 222 2512 1736 850 2362 2450 1806 1865 1504 755 1436 2691 2823 1456 1911 1621 2218 2446 2313 1227 1284 1763 1044 1761 1858 8 586 2449 922 2194 2452 1090 1153 122 599 325 443 1188 2318 1661 2268 796 115 1006 2535 2627 2791 2030 745 1625 612 2537 350 1047 630 1308 1267 1671 1082 468 666 2420 1995 752 829 83 629 1556 476 37 1015 2642 2098 1449 869 834 38 459 276
000293.jpg,757 1728 558 135 2295 2413 213 754 184 1533 1689 1231 2024 2408 426 2143 520 1597 24 2430 707 1448 119 80 1296 2354 634 1265 1269 1945 1383 2566 232 424 1849 19 2638 1804 2615 1722 853 1867 1478 2725 2756 1984 1312 1719 498 2366 2533 2464 2472 1529 2390 2124 967 1631 1394 1733 2320 473 783 1326 2508 29 388 1889 1149 1766 540 2014 2351 1426 752 609 761 1093 957 2021 1061 2404 425 163 2744 509 1469 218 2112 375 286 2751 1228 1785 1801 1999 2277 844 466 1298
000294.jpg,2365 849 81 2552 2370 2689 175 2819 705 587 523 2479 2181 2500 2119 458 2283 505 2534 1563 152 28 313 1896 2716 2527 238 1827 2250 734 847 1532 2674 1741 2177 972 2191 1339 2557 696 1376 2228 2099 1873 2193 1111 1680 2052 1708 602 1704 330 2144 2592 2322 1314 1117 1746 120 2681 968 68 1332 2764 740 1164 1109 354 780 1955 503 553 2799 771 1010 633 772 92 711 1917 1182 2789 131 2237 2244 699 507 452 1481 2059 268 129 890 2306 1831 872 1543 671 1475 534
000295.jpg,990 2471 2601 502 2624 103 1235 297 1323 1845 688 126 2276 578 1908 284 848 768 903 1186 931 1830 1391 1340 2314 702 1767 1114 1413 65 522 2388 2667 1107 1608 250 684 1720 1821 1512 1310 835 1975 1254 767 277 601 18 1759 2478 2777 1753 1839 2077 2302 2757 1125 1842 315 2 2772 2510 1165 70 1232 431 1834 2663 2323 951 962 191 1557 1390 1938 2622 369 1460 2015 1989 1397 1035 2532 1458 973 395 1723 2315 1810 2561 1916 2509 475 2496 420 1570 211 1252 67 1798
000296.jpg,1879 2093 394 2357 2049 1604 607 2392 1981 530 1237 1301 1567 2140 451 1906 1017 1058 2796 1518 446 631 1119 1002 1290 2660 1978 2596 2543 1676 2282 2262 1495 1909 1621 908 2085 1894 984 2458 1239 1645 1705 1613 1566 1546 320 2609 1145 1516 942 852 2600 2064 966 1367 1331 337 1800 288 662 1138 1479 1614 519 1454 1718 186 709 1368 1681 487 1384 1455 2488 1673 2042 742 1742 1044 2747 227 517 1731 916 773 538 1871 1779 2657 763 1651 114 1385 694 937 1079 2763 512 2369
000297.jpg,1710 197 463 2840 2375 1489 2011 445 1045 1788 1617 2241 1701 433 900 1422 860 1102 712 1417 489 2454 2649 1934 480 1656 1993 348 2832 2817 2397 735 312 2050 179 2769 1369 2289 1926 221 2836 2790 925 635 550 817 1782 970 440 26 1444 2130 1870 1029 1552 1624 1405 943 1437 2538 2826 1386 1307 2270 977 2411 947 2501 1407 2082 987 556 1752 188 1328 645 1486 2300 518 2714 2528 1202 169 2084 2574 524 563 2515 2044 606 1983 1679 134 2133 626 85 547 1644 1663 260
000298.jpg,536 2090 569 121 988 193 1132 1588 1268 680 2333 1431 1793 36 901 2786 2117 866 1418 1065 571 2227 597 733 886 429 432 2029 802 340 1562 332 176 1393 2668 1033 2108 1553 555 1686 417 1256 1890 2217 1430 2743 142 554 2384 979 427 2415 1492 868 2568 1699 62 1888 500 21 2267 1249 2078 681 199 1398 302 878 2451 289 361 1038 2423 78 1329 1053 323 2380 729 2578 743 2798 1910 292 2839 1049 893 1374 698 2335 377 2055 1886 2421 1499 1272 2602 1266 1041 2629
000299.jpg,2044 1934 2501 1102 2411 85 2790 2528 312 1656 1644 2817 2832 943 221 1405 987 1926 635 188 1624 611 556 2300 817 1407 1319 1386 547 2082 2270 826 2397 1146 2574 259 1092 283 1752 1983 1422 2069 4 2670 712 1552 2800 1428 2344 1617 1202 2544 1737 2307 977 445 1208 480 2007 1993 1158 1414 2826 2011 2538 2454 613 2676 1848 626 2389 1788 2241 659 463 2724 1029 550 2133 1190 1045 1545 2840 518 2358 900 266 2652 1437 2419 219 1782 2631 74 2837 1369 1381 2375 2200 2649
000300.jpg,1710 1489 712 860 2836 947 1417 1701 2649 1369 197 1782 1870 26 1045 925 1444 1328 2050 2817 2454 1617 2241 348 2790 179 1102 735 1656 1644 1679 169 817 1663 2011 2130 2375 1926 463 1407 221 2528 2837 440 480 1788 943 2832 1381 1658 2840 1934 1649 2300 1422 445 1624 2769 1623 1437 2767 433 2411 1545 1054 1405 2289 900 2714 550 489 2397 1993 2707 2538 312 1544 1029 2628 970 1218 635 2082 1752 2270 2826 2439 188 626 1796 518 1307 1386 556 2084 1486 2424 2045 1319 1092
000301.jpg,2049 530 631 2282 1604 1518 446 1301 607 1290 1058 1981 2796 1237 2140 451 2064 1017 2596 1567 1909 2093 921 813 2257 2696 1673 1384 2660 1331 1554 1396 1613 1614 1742 1105 2782 1370 337 355 662 660 710 243 542 1739 487 54 966 1893 1853 2458 2259 2392 942 1000 360 1681 2664 1002 1978 1705 50 2369 1695 2085 1879 2600 2543 984 2357 908 394 1119 2519 1031 2243 2251 2006 2803 2005 791 678 1142 1466 870 1094 2087 1508 800 2417 1455 2697 1174 1495 1913 1287 1791 1936 774
000302.jpg,2019 1507 2550 1104 1669 2754 575 107 2641 1177 830 2414 603 834 462 1691 393 1450 2604 1646 863 2275 2555 55 2176 1620 1805 1523 2383 2254 2360 2080 1244 2326 1678 2136 1734 2159 1732 2630 1044 339 2192 441 775 1147 1016 1482 1727 2233 2586 457 2733 1120 728 1169 333 357 2695 1028 1517 584 1277 309 2234 736 2395 397 2780 2058 1626 794 187 1690 845 2347 1611 32 2297 2621 2211 2605 2239 1919 240 960 2422 2401 856 2247 1372 2368 2434 1194 818 2752 2073 1791 2684 2447
000303.jpg,1096 1416 1948 2272 2815 1860 1316 1496 201 2721 1636 1965 2556 1051 2713 1796 715 2034 562 1362 1569 305 1261 1218 2309 1658 100 51 48 1381 64 2433 439 2352 497 2628 155 1897 2241 2545 194 2376 1586 1584 563 1490 260 2755 1901 1640 712 2826 1617 1993 1453 231 1544 1148 2650 2836 2046 1123 1782 2023 1552 2045 168 659 1307 2439 2088 2454 1840 992 784 1878 1369 674 559 1486 2631 2289 947 486 319 645 445 1679 1045 747 518 817 2553 906 1437 1422 169 900 1407 547
000304.jpg,1260 807 372 1221 2313 546 1858 582 285 1603 759 1456 820 2643 6 1560 1285 1284 1570 750 1702 1884 1541 980 334 2194 1015 2118 1153 1188 1227 1723 1697 1083 468 1761 1610 973 2677 732 1286 922 1797 229 629 298 1891 650 661 620 1865 2666 2303 37 2268 122 1844 1882 2261 1916 2425 669 2791 2346 2030 2627 476 396 475 1082 1080 181 236 1387 2608 1084 281 1199 117 1763 459 2816 565 2476 829 636 956 1308 1537 586 1032 2359 20 1380 1090 1462 2128 2171 506 2705
000305.jpg,1044 1621 897 1546 984 908 1719 1879 213 1865 141 2260 2067 763 2452 2392 1119 558 1728 2357 2446 752 2550 394 2225 1296 2508 1100 1533 1155 729 2295 2140 218 2751 757 2725 1089 2317 2413 1383 2472 1729 2143 184 666 2024 599 2537 630 516 2796 1404 135 119 1689 778 1145 24 2640 754 1425 80 382 1487 1312 2567 1894 540 834 320 186 144 99 2408 1194 955 1448 2019 852 2042 388 2055 1507 1784 2394 2351 2747 2037 1984 1906 107 376 2642 1447 1804 1651 1978 2430 760
000306.jpg,1057 1836 2437 1672 1749 1914 2202 2745 2785 1476 1449 88 751 16 824 44 1483 1856 2190 2317 1620 603 1116 1224 1178 1713 1678 2275 2441 95 1304 1732 1447 576 1714 60 132 441 2547 1482 777 830 230 683 1469 376 1523 2080 1727 1073 1103 1838 1091 596 2383 2695 1176 1990 1450 2555 47 1646 761 339 1147 2111 2422 2058 983 2281 2180 1996 2523 1183 2249 695 564 2518 926 863 946 2129 104 2288 2700 2495 1535 2827 1120 1380 1451 1818 39 1357 832 834 2497 34 1593 1180
000307.jpg,2077 2478 2772 2777 1753 1125 2561 2161 70 1759 2757 2510 1834 951 315 1252 2015 2663 2 1165 2818 2302 18 601 1842 431 1390 191 2622 767 1557 2315 277 2702 688 1235 1035 2685 1980 1839 2686 297 1323 103 1443 1938 369 2276 1989 2624 126 1391 990 889 1511 2471 1747 578 2601 1845 2667 1114 1413 1186 1767 73 2314 522 380 502 1869 1969 1106 823 2583 1833 555 1460 1830 67 142 2746 29 802 702 211 2299 1599 1608 2323 1559 1207 2748 768 2532 293 485 1492 1233 2217
000308.jpg,2649 179 1369 925 1870 2050 712 26 1663 480 2714 947 735 1328 2130 2836 2454 1045 348 1444 463 197 550 1417 1782 2767 169 1710 221 1489 2840 943 2837 1617 1407 440 970 1649 860 1422 2241 2790 1102 445 2538 2826 433 2011 2769 1679 260 900 489 2817 1405 518 1437 2375 1644 1172 524 1624 2397 1054 2528 817 2300 2289 1934 2707 1796 1656 1381 1926 563 2832 977 1307 1218 1658 635 1623 1569 715 2082 1092 1029 2069 1486 1190 305 2148 1146 1788 2084 100 2574 48 1752 1701
000309.jpg,1514 71 810 1445 30 638 787 697 958 2271 2529 718 2619 386 143 1440 2517 969 1939 1215 2481 665 414 1270 1129 1630 1294 1258 1446 2246 1360 1684 2298 1112 2616 273 1694 2524 2185 2104 1242 2710 2444 127 2131 795 2175 147 2709 2339 352 1059 1539 1629 2584 1524 1571 1411 1803 2801 2460 1509 2466 342 2595 1349 557 1324 879 1619 1863 641 2771 1812 2662 17 1355 1988 1807 913 1811 551 1069 1167 1540 2727 1520 891 668 616 2749 2363 2013 1072 1925 154 1341 1607 2226 511
000310.jpg,2769 348 2454 925 2649 26 480 1870 1369 2538 550 518 1453 179 1901 260 712 1422 2714 2826 2050 2130 259 1148 168 524 305 563 2309 1490 1172 1045 2375 1617 2200 2358 1840 978 977 2088 201 1388 1860 197 2840 1788 2606 2148 562 1468 1552 735 445 2721 645 2337 2433 440 784 2241 1092 1486 2574 231 219 1123 2713 970 486 2035 1208 659 1496 2544 1878 463 2650 2652 1428 2376 155 1848 769 911 2397 2556 2312 1993 559 2011 904 1895 900 415 1752 1190 1414 1146 51 1983
000311.jpg,1925 1619 1982 667 2139 1863 2833 299 2092 2371 888 2385 2269 428 2576 1373 262 1735 641 2776 2844 1549 2797 879 2771 991 2731 2460 1814 557 264 1509 2455 741 1295 1807 2363 1122 837 2484 1589 2431 2094 1009 1480 1539 160 1366 1530 1816 1078 2607 2468 127 2633 2063 226 1242 1660 2524 891 537 352 2104 867 385 1862 1291 2529 1238 2412 1803 1607 814 267 1815 90 2403 1129 2517 2783 2739 687 403 273 706 1440 2138 386 1828 2835 810 1191 1294 577 1421 2185 2595 1341 1159
000312.jpg,1057 1836 2437 1672 1749 1914 2202 1449 2785 2745 1476 1856 88 1483 44 16 2317 824 2190 1620 751 1447 95 441 603 1678 1224 1116 576 1482 2547 1178 230 1304 2441 60 777 1713 1469 2080 2275 1523 376 1727 1732 761 2695 1714 2383 1147 1073 830 47 132 1091 683 2111 1103 596 2555 1450 1838 1183 1996 339 269 2518 1646 350 104 1990 1535 2281 291 2058 2249 983 946 2495 564 2422 1380 832 2523 926 1176 1120 863 1548 834 2180 2288 1818 1180 1425 205 2129 695 1036 2827
000313.jpg,1944 1055 2728 2294 725 1212 2583 137 2766 2741 447 494 899 2825 2135 67 2207 1810 686 116 2719 2057 2350 1606 2509 1067 1001 627 2248 2558 249 1134 692 1463 2121 1899 2319 246 2291 165 2736 1825 204 1547 574 2286 1012 2813 2842 2435 2041 146 2580 97 2292 1185 2305 1076 2511 1935 1126 1639 1777 2382 1937 1223 202 804 948 1452 2068 2393 722 79 2708 442 1075 2683 1874 2665 1464 329 647 2051 1931 677 1473 2438 1056 1406 1439 1721 939 1868 2436 682 1592 2569 2639 491
000314.jpg,1038 1754 2421 1041 1949 2520 640 1272 2210 13 323 2671 377 828 2578 1668 2602 2828 1374 672 2047 2539 933 1429 2428 2629 865 1337 2032 1049 56 1189 370 2798 2120 698 964 2083 2221 2031 932 2038 1910 2423 743 1070 2267 176 2217 1329 1477 302 886 292 868 142 802 1890 1033 1492 1553 729 427 555 839 979 1399 78 597 955 1256 1686 1430 417 2786 2029 2415 340 1699 554 429 2335 2108 2451 1431 681 2568 2743 2380 361 332 878 1888 2227 1521 1393 2117 1398 289 2668
000315.jpg,2656 1693 2149 751 1786 1971 1257 1106 310 2016 1593 1559 832 2827 1451 1743 1361 983 2000 2787 2441 1357 39 954 95 2288 1535 596 132 2190 1685 76 695 1176 581 1343 1672 2129 926 2040 564 182 215 989 1773 1091 2542 1019 63 803 1207 485 2437 2281 436 1818 1900 1856 1230 727 293 789 1137 2737 1760 1513 1333 2495 614 2381 149 737 2072 364 1180 2504 1434 1836 1795 1951 1115 2112 1346 1161 572 1798 1213 1306 2700 589 1116 940 251 341 2745 1004 962 1175 1914 374
000316.jpg,2116 2386 2263 2678 1525 1726 40 1960 861 1198 2503 2623 398 2572 592 851 2562 762 1371 1458 644 2720 2522 1083 2442 1596 1632 2498 2056 1013 45 387 1251 300 96 1336 181 1364 1315 2160 2807 1880 1064 1318 844 2079 419 1768 2448 2554 894 2188 636 2153 2591 2048 1536 106 2571 1702 620 2761 732 2401 335 1199 1927 183 1280 2612 1802 2831 2760 1205 1856 327 2278 957 949 333 971 2141 2688 2182 1659 2303 189 23 1400 2457 171 1687 1032 2230 2608 2203 1797 1004 117 2441
000317.jpg,2769 1870 348 26 2454 925 2649 480 1369 2538 2714 550 518 179 712 2050 2130 1422 1701 1045 1617 1489 1788 860 2826 2840 1417 445 197 735 1710 259 440 2375 260 305 1453 463 2011 1901 1172 1148 1752 2241 562 2721 433 563 2289 2309 2200 645 2544 1146 978 1328 2650 769 1486 1993 2433 1569 1840 2358 1437 556 1552 1860 168 1934 312 2148 715 524 231 51 2337 900 1895 155 2088 1926 1656 1468 1102 970 201 2312 59 977 100 1624 559 2606 2397 2044 2790 1640 2556 1878
000318.jpg,1056 1944 1055 2294 725 2135 2728 137 899 1212 2207 2558 2842 1547 1606 1463 2511 165 2741 1134 447 246 1825 204 2825 1067 1935 116 686 2057 2766 1899 1076 494 2305 2248 2736 2580 2068 97 2435 2291 2382 2813 1937 692 79 1452 1464 2041 1126 2292 804 146 2286 722 1130 2665 2319 2719 329 948 1639 1841 2258 574 2393 2708 362 140 647 1868 1185 2683 1874 2639 677 1777 442 2438 1223 1940 2569 682 608 657 526 1592 1721 274 864 1473 994 491 67 627 2583 1931 2436 1942
000319.jpg,1707 742 2516 1007 730 1526 338 1511 1466 1969 1325 1442 1779 1243 1131 1645 336 1379 2788 2151 1005 2730 410 2746 112 365 1670 1794 1020 2364 1385 2145 544 605 1783 1581 2830 1455 1068 709 811 1424 1110 2290 937 1871 749 435 568 1094 2492 2549 2341 2377 1309 2560 855 1138 678 2843 1040 1498 253 2299 870 774 1311 648 1634 2102 535 610 248 406 434 2763 1527 1731 2680 1936 1966 257 593 1800 1992 881 538 673 2243 1142 717 1968 1174 1079 2519 1913 1516 773 2417 2219
000320.jpg,285 690 629 2726 650 1570 2666 2677 1744 2502 1537 1221 922 2152 2162 281 23 1272 13 167 2194 2620 1232 20 6 1844 1697 829 1113 1882 1080 1605 640 2841 37 2691 796 298 661 1916 851 2210 1397 1153 475 1504 820 2706 323 1884 1387 2768 621 2216 2643 117 334 1139 2197 956 1891 759 2171 2218 1456 1188 40 2355 669 396 1171 1286 1283 189 1227 1922 22 1797 1189 236 1108 122 2032 2387 2346 454 980 2425 2520 370 2705 2261 222 1763 1603 84 420 38 1502 1541
000321.jpg,609 2725 1766 2464 2404 1889 2457 509 844 1515 5 744 957 1696 244 1616 2115 1426 2128 2448 1953 1602 214 1477 592 1139 2751 2508 1171 22 2348 1214 498 1866 1199 466 43 2188 1605 2502 2366 1797 2841 2572 2476 2498 425 1904 2720 1768 2109 1596 270 1326 807 644 1556 1221 820 2152 375 1726 1061 1744 971 1108 2442 285 388 2014 2562 2425 163 2230 2048 1637 2278 1283 941 2567 2706 1603 1858 2591 2124 690 420 2620 1802 1541 84 229 815 2386 2507 2666 2197 565 1907 6
000322.jpg,2552 2365 849 2819 2479 523 175 2181 1563 28 2500 505 458 2283 1896 152 587 238 313 81 2370 2716 1827 2119 734 2250 2689 705 1532 2674 2527 2534 1741 972 2191 847 2177 1339 1376 2099 696 2557 2228 2193 330 2052 1873 602 1111 1708 2592 354 1746 1680 2764 2144 1117 1314 1332 2742 120 1704 711 68 2322 503 740 968 1164 1543 2199 92 771 671 1955 2237 1917 633 1852 261 2681 553 2812 507 890 772 1109 726 2265 2774 2306 1991 699 2789 1335 1182 1010 1650 2610 268
000323.jpg,2116 2386 1525 2263 2678 861 1726 2623 1960 40 1198 2503 398 2572 592 1371 2522 2562 2720 2056 1458 644 2807 851 2591 45 2442 1280 2141 335 1318 1013 1064 1364 1251 1632 96 1596 957 2612 1336 1083 949 2160 2498 2448 387 183 181 762 2718 636 2048 894 2278 419 1768 1536 844 2760 2401 2188 1315 2153 620 2230 333 1004 1856 2182 1365 2554 2761 106 2441 2079 1927 300 462 2111 1702 171 732 1199 43 971 1880 647 1889 2733 2608 2203 940 189 509 2457 2737 270 516 2639
000324.jpg,499 545 465 1394 1898 1228 2542 1631 374 407 1785 1801 540 1087 2113 2546 2759 1561 1389 1683 803 1213 341 1115 2579 2242 898 2178 617 304 101 63 2066 2277 529 2644 1306 1333 1093 1137 1558 485 1334 251 2022 1230 2504 1951 1175 2699 2323 1798 581 1685 1996 2040 737 1883 2072 2381 783 962 2114 395 1427 658 2238 328 714 1166 1091 1928 727 1207 2000 1257 777 1300 1559 2422 364 1106 2489 614 1590 93 572 989 1971 34 1538 2540 1361 1727 789 824 2547 1900 589 766
000325.jpg,2727 307 1520 1524 2399 1 1629 2468 203 685 1025 1572 913 234 551 342 2444 1618 1059 154 573 2749 1571 17 2595 1803 1540 2710 2616 2466 1355 2740 1167 1630 1622 665 352 1112 2340 127 2138 317 2100 2709 600 1684 1509 1258 1811 1270 223 2158 1360 2372 1349 349 846 1129 147 958 2481 46 2635 1694 195 892 2213 969 267 787 1615 642 1338 1446 1291 2255 1159 2486 2215 2246 2063 2412 2648 1278 2226 1238 1294 2223 2298 891 638 2189 1698 2513 1862 2541 2339 1009 2185 577
000326.jpg,2045 2755 1584 2023 747 258 770 2545 2034 1796 1416 1948 1096 1051 1320 2272 715 2815 2556 2713 2721 1569 1586 2628 48 1316 194 1261 2352 100 64 1636 161 51 497 439 2836 1649 1381 562 1029 1993 155 1496 1782 305 1218 2837 1965 1640 1860 2767 201 1617 1658 463 1417 1788 2241 860 1895 2631 1544 947 169 735 992 1045 1701 2735 518 2433 440 1054 2439 1552 2289 2538 1407 2482 2046 2130 1840 1444 2376 712 2707 173 1710 1253 1663 2454 2649 1362 1870 26 1369 2050 1679 2652
000327.jpg,1024 1967 390 1635 726 2531 314 999 1475 1503 1050 1932 2715 1715 799 1062 131 2236 2765 1755 2059 2693 241 1875 1378 927 806 1655 1831 268 1011 1281 464 452 1813 1789 1568 324 501 456 534 780 2142 129 1706 2285 1923 495 1843 484 653 53 331 290 1662 2429 467 1273 2244 1756 788 89 805 2053 2698 1097 1274 1140 655 1465 1022 1293 1317 33 2565 1929 418 455 1124 1829 2465 1395 2505 159 1912 1262 2687 2232 1026 31 1822 326 1039 2301 1787 2407 1563 786 125 1730
000328.jpg,79 2068 1067 2665 722 2511 1547 1134 246 2305 1463 1935 97 686 2842 2041 350 116 204 1076 2741 2580 2135 2286 140 1212 137 2813 1452 2294 1868 1606 1464 2248 899 692 12 1639 2292 1944 2382 2766 2736 2319 2719 1126 1937 2598 677 2436 442 1055 657 2558 494 2825 1473 804 329 1777 2435 165 725 1185 2393 2057 447 2728 2708 948 1899 1962 217 508 2506 790 146 2438 1841 574 491 1130 2583 1876 1677 1771 1721 1052 2308 1998 67 362 2625 974 2207 2499 1223 2712 619 682
000329.jpg,1721 1876 2809 12 1473 2294 2068 1868 140 1452 1055 508 1944 79 116 1067 2685 1547 2511 2842 2741 864 994 2499 1463 526 1935 2315 97 2665 2041 1134 1076 627 2766 2135 2580 1980 67 359 722 444 686 899 1942 246 1753 1056 204 608 431 598 1125 2305 2728 1725 2702 1677 1606 442 271 1212 1998 2286 2736 368 2037 1548 137 1969 70 191 2440 2292 2077 2583 725 1126 2825 2478 1408 2777 315 1892 1557 2302 274 2308 2558 2510 447 1771 657 1165 2435 1439 1639 2625 2622 1511
000330.jpg,1496 2713 1453 1316 2556 2272 2433 1490 1901 2309 201 1860 2815 48 562 2721 715 1569 194 1636 305 439 2376 64 1965 2352 100 2545 1796 563 1051 1948 2034 51 486 784 1416 1422 1658 2289 2538 1640 747 155 712 1752 2826 2650 445 440 1381 2241 1261 1840 2088 1218 260 2337 231 1679 2050 950 1623 659 2836 1584 1617 1649 645 1096 947 1148 2553 518 2628 2454 2007 1054 2358 2649 1782 161 735 1848 1444 2707 168 2439 169 2069 1369 1544 1878 1328 550 480 2837 2646 2840 1870
000331.jpg,817 1624 1926 2817 2528 1644 1656 2300 2790 2411 1102 221 1407 943 1405 635 312 2832 1934 85 987 2501 188 2082 2270 556 1386 611 547 1319 2044 1545 2367 1710 1489 1701 1737 1993 2389 860 712 1752 1617 626 1146 2721 1788 4 1202 1796 463 1417 2454 562 715 1328 100 305 1422 2375 283 2714 1045 1569 197 1369 1679 59 2241 1623 439 445 1381 826 2034 48 26 950 900 1658 2840 1552 259 2631 2011 2836 1029 659 947 2069 2826 1782 2200 2397 2544 1316 1444 433 2545 155
000332.jpg,1453 1901 1490 2713 2433 2309 1496 2376 1860 2721 1796 1316 2034 562 305 1569 201 100 715 2545 563 48 64 2556 168 439 51 1640 2272 2650 1148 2826 231 155 1840 486 784 260 1965 659 2815 2088 1878 2337 1636 1123 2289 518 2553 440 978 1948 1307 645 1658 559 2050 2241 445 900 1584 2439 712 2133 2628 550 1437 1096 950 1416 1544 2352 1623 1218 965 735 2652 1422 1679 1617 769 1051 1381 2649 2538 194 134 1486 161 2007 348 259 2732 2454 2840 906 674 2358 1045 1848
000333.jpg,196 353 98 776 2474 1643 585 701 233 2361 1625 1963 869 2081 2067 2256 1864 2353 1819 1402 2462 910 2334 781 809 276 1344 2264 2103 2001 1600 1042 2132 69 1077 2027 1170 2012 2391 381 871 640 2101 1565 1519 1973 1031 2691 513 1246 13 2803 1697 1245 2536 1667 2369 796 66 2210 2520 2593 254 2331 512 2677 1681 2336 2458 629 450 14 1541 1209 2658 25 2165 1742 1751 820 301 1705 50 2723 323 1949 343 1583 1204 2490 1287 825 3 281 105 2394 1695 539 952 1808
000334.jpg,2044 2501 1934 85 312 987 2411 2832 188 1102 1656 635 2528 1428 1848 1158 556 2007 259 611 659 1405 1046 2790 547 1386 1983 2817 2358 1319 1644 2574 943 2670 2337 221 2800 2419 2544 1926 2344 2307 486 2397 559 1414 219 911 1422 2545 900 1636 201 2826 784 1624 1552 74 978 1617 2241 2652 992 1092 826 1381 1840 2133 2046 2439 562 2082 2676 1190 260 305 445 415 2724 1486 2270 622 2084 463 1796 2713 977 134 1407 1658 1208 563 1782 1878 2606 4 178 2646 1993 2433
000335.jpg,2043 2171 2810 650 2666 2816 1891 2346 1916 475 1723 922 1153 1697 1188 807 1763 759 411 2643 6 1260 1456 1882 37 285 1702 1858 468 2313 620 546 1083 582 1221 732 1603 2841 750 820 980 334 1090 181 1884 1284 1541 1610 1227 1605 1797 1082 1308 829 1865 2167 2216 661 1139 2118 586 1015 956 2502 2261 122 1570 973 1537 1761 2194 2179 38 443 1006 2768 298 1397 1288 1250 1703 1150 619 1844 938 1285 1502 2060 953 148 724 117 2268 690 924 2712 2222 189 1080 2153
000336.jpg,2458 1495 942 2543 2085 966 2600 1705 1384 487 1681 337 2596 1290 2660 1742 1017 1518 921 852 908 1673 1331 2064 1614 2392 631 2696 2282 2257 1002 1978 1554 355 1000 243 1739 1370 2664 1853 1396 1695 813 1119 2262 984 1237 1105 542 1981 54 2782 360 2259 791 607 660 710 1567 320 1893 2369 50 446 1508 451 1676 1301 1058 1031 2803 2796 1565 1604 2140 1287 530 2420 1718 1909 1519 394 2357 662 1479 519 392 512 2049 1779 1613 416 1419 1385 937 2618 2093 1682 1879 1992
000337.jpg,1371 1113 2572 84 1198 941 2263 1525 2152 2494 1280 2678 117 327 1084 2303 1205 2502 2623 1726 1659 1960 1184 2359 275 1687 1144 298 1987 2791 2203 1922 1139 543 2503 1641 183 40 1183 815 2706 621 1032 1199 1423 2677 907 189 2030 851 23 1979 1400 45 629 1605 2571 2841 2497 106 2761 104 396 946 1285 171 1462 2620 909 2573 2056 781 474 281 2348 1458 481 1882 2060 1170 1570 2115 1616 2086 398 1064 1219 167 60 2101 1036 2688 636 1962 973 1927 236 1502 1152 2182
000338.jpg,312 2832 2389 1545 1752 987 4 1202 1102 59 1146 2790 2411 1656 2082 2270 1624 221 1926 1644 626 1405 2817 2528 1934 556 1407 635 943 85 1737 2300 2501 2367 1386 826 547 283 188 613 2044 817 611 2069 950 1319 1799 1617 735 1422 2477 1316 2241 1045 266 1840 480 2556 440 169 1623 860 1489 2312 2826 712 659 463 2397 947 26 1444 2439 1993 900 1782 2840 2050 518 1328 1468 445 2454 925 1437 1710 2837 550 2631 2133 1029 2714 1796 1636 1552 1544 1870 1679 1649 155
000339.jpg,70 2510 1753 1125 2777 431 2772 1759 2757 2077 2561 2478 1839 315 2622 1390 1557 1834 951 18 1035 1165 1842 2015 2302 2 2663 601 1252 2818 191 767 2315 1938 1443 2702 277 2686 1980 889 1833 990 522 297 2685 1235 1747 502 2667 2624 1845 2601 2471 2161 2323 103 2532 2276 126 688 702 853 369 2583 1075 1323 578 1830 962 211 1114 848 1989 768 1608 1798 1413 2759 1908 1767 1334 1810 284 250 1821 67 1340 931 1391 2496 2644 1460 2509 1720 1207 634 2350 684 1928 2242
000340.jpg,1096 1416 1948 2272 2815 1316 1860 1496 1965 1636 2556 201 1362 1051 2721 2713 1897 497 2034 715 155 562 1586 2352 2309 1569 1658 305 439 1218 1261 2241 1796 2628 64 51 1381 2433 48 100 563 194 1901 1490 319 260 231 2545 1617 659 1453 1148 1552 2376 1584 2826 645 2650 712 1993 1544 1307 1640 1123 1840 2046 784 445 674 559 1486 168 486 2755 2088 906 900 2337 992 978 2836 2553 2076 1782 547 1437 2840 2439 2631 2454 2289 1878 1046 518 1319 2011 134 1045 2652 1679
000341.jpg,1054 2707 645 1679 1663 947 2767 1444 1328 2011 1623 1649 169 2836 2837 445 1782 2840 712 1029 197 1381 2050 1218 1658 2628 1045 1617 735 1544 2130 1253 1261 463 194 440 1948 2241 1870 1993 2289 51 1417 2649 1422 1369 2439 1552 860 1489 179 2735 1710 2375 2352 1416 1051 2714 2454 433 1437 2650 1096 769 1640 2045 635 1307 1796 965 1407 201 48 2287 1788 900 319 1569 173 1860 64 134 161 2769 715 155 2272 439 2538 26 480 562 1701 1624 2826 1202 826 348 231 563
000342.jpg,2769 1870 348 26 925 2454 2649 1369 480 2538 518 550 179 712 2714 2050 1045 2130 2375 445 2840 197 1617 1701 1788 463 1552 2241 1417 1710 1422 440 735 1489 645 2011 860 1840 1172 659 2289 524 2200 305 260 134 2826 970 1486 433 1453 259 977 1029 2419 155 1640 562 168 2650 2088 563 1983 2439 611 1993 2556 169 51 1782 59 2652 2035 489 1328 1054 559 2544 1624 769 1146 2817 900 1319 2574 1545 1386 1656 1752 1934 2082 1658 1092 2721 2628 48 312 978 1437 2148
000343.jpg,1487 1471 924 953 2841 1308 37 1082 1891 1006 586 761 443 2810 2666 1763 1703 1090 1605 2043 650 922 1400 2816 2249 2216 1363 1488 1882 1723 1288 115 2346 2171 2179 1687 2768 327 1139 1738 750 325 594 335 2535 1916 1541 468 2678 894 630 1866 2194 475 1953 1570 334 1153 1462 419 122 745 1474 2109 820 1397 2153 1995 2502 2573 2554 1502 1184 2617 762 2452 732 2261 1602 1456 2197 834 214 1315 38 1227 275 2495 2823 1727 167 2494 956 1244 2546 546 300 2348 1603 1116
000344.jpg,2460 557 879 2363 1863 1619 1925 2139 1366 2517 1982 2524 641 2833 2184 2385 2844 2771 1660 1242 2633 299 1539 2607 798 2104 1480 2672 1816 880 1081 991 2662 1684 888 2581 2659 1373 583 2206 1193 2185 143 2298 1432 1947 1196 842 1765 2321 228 1887 127 262 667 2468 1191 1345 1494 1295 1735 158 548 1807 2739 273 2694 1086 741 2332 2356 514 2092 2431 797 1129 2327 2371 588 2039 287 1457 366 1724 2703 1350 1358 570 857 1776 1514 1792 1497 697 885 2189 859 2529 976 720
000345.jpg,1944 1055 2294 2728 725 2558 2207 165 2741 2766 1212 1825 2135 494 137 899 2580 2435 116 1899 2057 686 97 447 1056 1130 1463 2248 2068 2825 2842 204 1547 1067 2291 1606 2813 2511 1076 2305 2382 1464 79 1937 1452 1134 692 1935 2736 246 2292 574 1126 1639 1473 2319 2041 722 657 1940 2286 2665 12 146 2719 1777 442 140 1223 1874 1721 627 2809 1986 1185 2121 2350 948 2258 2393 677 2583 67 1001 1088 1868 1876 647 804 329 2708 1439 1810 526 974 864 2438 2506 1841 1408
000346.jpg,2517 143 1440 1129 718 386 2185 2529 958 2271 2619 1684 697 787 2298 810 795 1514 1445 1411 638 30 2584 1215 1694 71 1360 2616 2460 2524 273 2363 2104 557 1630 1242 969 414 1446 1294 2246 1366 879 2139 1925 1863 665 2833 1112 1939 2844 2481 1982 1619 641 2771 1816 1480 2749 1373 991 667 2801 1258 1947 2385 888 2633 1735 1807 1494 2092 1059 299 2576 262 342 1270 1629 1196 880 1887 1539 2672 147 2127 2607 41 1081 842 1660 913 2455 668 2184 2659 2703 2731 741 352
000347.jpg,2185 1411 2584 1129 1694 795 2616 1684 1440 1360 2298 143 2517 718 1630 1446 2529 386 1294 1112 665 787 958 2481 2271 1258 810 2139 638 1514 1445 2246 2833 299 2619 30 1215 1270 1939 557 2092 879 71 1982 969 1925 1291 1238 2371 1366 2468 2801 267 1122 2727 1814 2455 262 2460 264 2189 1619 2662 1863 1520 2731 2844 2385 2269 667 1509 741 891 2710 2100 1009 857 837 2484 1622 2399 2363 1350 1 234 1373 1815 2524 352 1571 2208 1043 888 1242 414 2372 1278 912 2576 1816
000348.jpg,1710 1701 1489 1417 860 900 1788 1437 2375 197 2397 2011 445 1486 2826 1656 259 433 463 1386 606 1307 987 2817 312 2084 489 2840 1319 2424 559 1624 2270 970 188 611 2389 1102 626 2082 1926 1737 348 645 977 2300 2790 1552 2289 556 1208 547 2367 1934 1752 59 2241 2832 2515 1679 1407 817 85 675 1545 2411 2574 2544 2528 978 221 674 524 1328 2646 1878 134 1623 2724 1045 2419 1405 480 943 950 2076 1895 1388 1202 635 2769 1123 4 712 2312 1870 1644 1627 2707 1029
000349.jpg,2756 754 1728 2021 2533 1149 2320 1231 757 29 1533 2673 286 293 2172 213 2024 2408 426 1689 2143 24 634 2638 1597 2430 135 967 558 1804 2295 2413 184 1448 1719 2615 119 1265 1478 739 1296 1984 1312 707 853 1383 80 2472 2354 218 2787 1849 529 91 1269 424 792 2566 962 520 1945 2235 1733 232 498 1529 19 1722 395 2113 545 364 2178 2066 304 2759 1883 1213 2277 2644 572 1798 564 1326 1683 1394 1867 926 2323 101 1898 2390 388 2124 2040 1093 983 1818 1743 658
000350.jpg,803 374 1900 436 215 2040 737 2381 364 101 251 2504 989 2579 2759 341 328 766 2238 1427 789 962 1257 2242 1786 1106 1971 2540 1798 1683 581 1559 1230 572 1883 395 1357 2546 407 2114 1389 1951 1115 1306 1213 1091 39 1451 2066 1898 1361 2288 926 485 2542 1175 1300 304 1818 564 1334 2113 545 1137 2178 76 2323 2644 2495 1207 2787 2072 1180 727 589 2000 1996 658 714 614 1561 2656 777 1693 898 1353 483 2149 2281 1087 1333 2784 529 1166 1558 2022 1394 1801 1685 2409
000351.jpg,2517 2185 1129 143 1440 718 386 2529 795 1411 1684 958 2298 2584 2271 787 2460 1514 2363 557 2619 1694 810 638 1360 1215 879 697 30 1445 2616 969 2524 1366 1619 1863 1630 1242 273 1925 2139 1816 71 1480 2104 1446 2833 665 1294 414 1982 2246 2468 2727 2481 299 1112 667 2844 2092 913 234 1814 1572 2385 1520 1270 1258 2371 1660 1 352 41 2633 1539 1571 2455 1622 1939 2215 2771 2399 1824 1373 46 591 641 2607 2226 2590 2208 2783 2576 2100 1009 892 1540 1349 912 551
000352.jpg,611 1319 188 85 556 1926 547 1386 2790 1102 817 2817 2411 1656 1644 2528 943 1407 2082 1405 2270 1934 2300 987 221 635 2045 1624 463 312 1617 1993 4 1029 2044 1796 1422 2501 1545 2832 712 259 826 1146 2544 1737 283 2023 2397 1584 1788 1428 659 2454 626 2069 860 197 1848 2344 2358 2564 2800 2545 1552 1752 1202 2307 2007 900 2241 550 1381 1158 2200 1701 613 1369 2389 2034 2419 2670 1782 26 2011 2076 1045 2721 1489 947 977 1313 1417 715 2367 2375 1307 1414 1316 1208
000353.jpg,631 2282 607 1518 2049 530 1290 1017 2596 1604 1301 2796 2093 446 1058 451 2064 2140 1981 1237 1567 2392 921 1909 942 1384 2085 2660 2458 2543 966 1978 1879 487 1002 1119 1613 337 1705 1331 2357 2600 394 1681 1673 2262 662 1742 1614 984 1000 2696 1495 660 908 1739 2369 2664 1893 1853 1695 2782 2257 54 50 542 1676 710 1396 813 355 1508 243 1105 1554 1455 2259 1510 1370 320 1621 360 791 2636 2420 1906 1145 2803 852 1031 1287 208 336 870 1094 1871 2459 2251 1516 595
000354.jpg,1489 1710 860 1417 1701 1444 1328 947 1679 712 2836 1782 1617 1663 1437 1054 900 1623 2241 1369 2011 169 1045 1649 348 1658 197 1486 1381 1870 2649 2837 2767 1416 2050 2454 925 2628 2707 1307 1993 26 735 1218 179 2130 1422 1261 1796 1948 1544 1096 463 1051 1569 2826 2714 559 480 1926 645 2790 51 445 2034 1788 2769 440 715 2439 2840 1545 817 100 1407 260 2721 1316 563 1102 155 2713 194 2528 1208 1552 2817 2300 2397 1624 674 1934 2545 221 1386 1656 2832 2419 1029 1640
000355.jpg,1525 2623 2263 1280 1371 2678 1084 1198 2572 1726 2116 2386 1205 2303 1960 1659 1083 2791 1536 2030 2761 1318 106 2562 2141 636 1251 275 1768 1032 1596 2522 1880 481 2807 96 181 84 6 2720 2831 189 1364 2554 1170 419 327 1802 45 1632 1064 894 183 762 971 2048 117 474 2153 2448 1199 2503 1380 2188 644 620 2060 2705 2498 40 2442 300 387 270 2688 621 398 2115 2278 1927 1973 732 1882 2168 2760 2608 582 1702 2401 298 546 941 1458 2056 236 1184 2718 490 43 1283
000356.jpg,1634 648 1424 717 1573 610 1309 2830 248 1040 94 365 1133 1020 605 435 1581 2560 678 811 410 843 1110 538 112 2680 870 2609 937 2251 2843 257 535 1379 881 1131 1966 1968 2788 2196 2377 2005 1527 2087 288 821 855 1068 1243 336 1138 338 1498 1466 2151 2746 1731 730 1871 2613 2417 2697 2243 544 434 1783 1311 749 1005 2095 1142 673 1516 2549 2290 1794 2364 2763 2519 2730 1670 1454 568 2492 774 1992 2102 253 1455 1079 1850 2299 773 1546 2331 593 392 1913 1707 2341
000357.jpg,1705 2600 1681 487 942 2085 1384 2543 966 2458 1495 337 2596 1290 1742 2660 1518 1000 2664 1017 1739 1695 1853 921 54 1893 542 50 2369 360 710 2259 1331 2064 1614 2782 2696 1673 660 1031 2257 791 1508 852 2282 631 2392 1287 2803 1565 607 1978 908 1002 2262 1370 1237 243 1119 2049 1981 1604 446 984 1396 530 2796 1567 1301 1554 355 512 566 813 1770 2026 1676 2618 1779 451 1058 2140 1385 1105 114 1871 151 2575 2093 416 320 1909 2723 662 2559 1519 731 1613 2469 1920
000358.jpg,2228 1335 2099 2674 1704 1532 1297 532 330 1376 2028 1741 1956 2773 1896 772 238 505 734 261 671 2814 972 633 2250 28 2557 458 587 1339 354 1680 1827 152 2479 696 2742 503 2500 313 2177 602 2052 1961 2322 1111 711 1021 2193 1563 2819 2181 2199 618 2191 1708 1332 1543 2017 2062 2527 849 523 872 740 120 2681 1314 2119 847 449 1873 2592 533 1917 2232 2316 2764 1500 2552 649 495 2610 131 1655 2715 1135 653 799 1099 1955 2265 1755 705 1781 1117 2283 92 464 296
000359.jpg,1753 1125 2777 2772 2077 2478 70 2510 2561 1759 2757 431 315 1834 18 1842 951 1390 2622 2 2663 601 1557 2015 2818 1252 1839 1035 1165 2302 2161 767 191 277 2315 2702 990 297 1235 502 369 103 2471 2601 1938 522 688 1980 578 2624 1443 1989 1323 1413 2532 1821 2685 284 2276 1845 1460 2759 1114 250 1608 211 1720 962 1830 889 684 2686 1908 126 2323 702 1747 768 2583 2667 1391 1798 1340 1186 1975 1533 931 853 848 634 1767 1075 1833 2496 903 67 1810 2546 65 1333
000360.jpg,2648 2138 961 1571 1828 2372 1698 642 846 511 573 2100 600 2223 665 352 195 1964 405 2614 1349 166 1994 2339 1622 17 2738 2709 2338 2466 2835 1270 1618 2253 2486 1112 1446 1684 2481 1630 1540 1258 2820 1520 591 1409 317 1159 2226 2710 2616 969 2340 577 1 1615 127 2781 1939 1294 1815 1071 2298 616 1812 2635 958 1360 1095 1514 2131 1421 2158 307 2727 180 892 1338 2255 46 223 2758 2399 2246 557 403 2175 1129 1607 1816 234 1009 2444 2266 1341 1366 638 879 124 2468
000361.jpg,1752 312 2832 987 1102 2790 221 1926 1656 1545 2300 2389 85 1146 1934 635 2501 2817 943 2082 626 2411 1405 59 1316 1386 547 1407 2270 556 1624 4 2528 817 2367 2044 188 2069 1644 1202 950 1737 826 611 1840 2241 2556 1319 1636 2826 735 518 1437 900 613 1965 2836 2840 1782 440 1878 1045 712 1617 2133 563 1422 480 169 1486 283 2050 259 1649 2837 155 1993 1496 1552 445 2544 1796 2397 2714 978 1444 947 2454 1710 559 260 1381 463 2419 1123 2631 674 1489 1468 2515
000362.jpg,2277 1801 1631 529 2644 1394 545 395 2323 1898 1230 2249 1798 962 572 658 1683 898 589 1558 761 2579 727 426 1597 1087 1892 1677 1334 1771 634 2072 2037 1213 540 1561 853 2759 1207 2024 558 2317 2066 1175 714 2625 2113 2547 1093 1306 2751 1689 739 374 1361 2567 1559 2381 1951 1197 1389 1333 2295 581 485 1804 1137 1106 834 1906 967 1883 116 135 1312 783 757 1451 1998 251 1839 803 304 1727 2124 2178 2242 2143 184 1035 2054 2555 2288 2430 1088 614 576 2546 473 1786
000363.jpg,1779 1385 2145 406 1007 1871 773 2102 1992 1707 2763 1138 1645 2613 1731 1894 519 742 1800 1526 1969 257 2516 1511 1442 1325 937 2609 535 2377 1527 288 605 2341 811 336 253 338 410 1516 1466 730 648 709 365 248 186 2219 1455 392 1040 1309 434 1424 2680 870 2095 1498 1020 435 1133 1311 2746 94 2830 1581 1783 2543 1634 1068 1110 1966 2549 1131 678 610 301 2560 821 544 1243 2788 538 112 1968 2299 2843 1573 717 593 1981 1850 881 1237 1142 2492 2417 855 2364 673
000364.jpg,802 1492 142 2078 429 1699 1430 1553 1886 1053 555 1890 866 868 2029 1256 2217 2267 1236 878 554 2668 2333 2380 1888 1562 417 1033 2743 289 743 886 597 176 1418 2415 1431 427 1393 62 1686 1588 733 36 2568 1132 901 681 1793 361 21 680 2117 332 2423 2108 1398 2227 199 302 2786 292 536 988 121 1499 193 2451 340 78 1065 979 2384 893 500 432 569 1038 2090 1041 1272 640 1374 2421 323 2671 13 73 380 1268 2828 2602 571 672 1668 377 2520 437 1233 2539
000365.jpg,2045 1584 2755 2023 258 747 2034 2545 770 1796 463 1029 1416 2556 1948 1316 51 2713 1586 497 1096 2628 1544 305 2272 440 562 1788 2439 1636 1993 2631 2735 715 735 155 1617 1545 1051 2721 1860 992 1407 1569 2815 1701 2289 197 1552 2482 2367 100 1895 1640 1381 860 64 1840 518 2837 48 1965 439 2352 547 169 2241 1261 1782 1649 201 161 1658 1496 1320 1045 1417 2836 1307 1362 1319 2767 1710 659 2538 1799 433 904 2375 134 2454 194 2650 1926 2389 2130 563 1388 550 1656
000366.jpg,1096 1416 1948 2272 2815 1362 1860 1316 1897 1496 2556 1965 2721 439 1636 155 1586 2241 48 1051 497 715 194 1569 64 1796 2713 51 1658 201 712 1218 445 1381 2628 2034 100 1490 1584 2433 1453 1552 2352 562 2650 1261 645 231 2289 1617 305 563 2545 1901 2309 2755 1993 2553 659 1623 1840 2046 2376 2836 1679 1544 1640 1649 2011 1054 1444 1307 260 1045 1782 947 1663 747 134 992 2023 486 735 1148 1319 440 2840 2767 2439 2454 1328 547 2826 674 319 1029 168 2707 2050 2088
000367.jpg,1447 376 1469 16 1483 44 291 832 1535 1749 1672 240 483 1161 1513 1361 789 1847 2784 2437 1451 2785 2202 1914 1804 2190 1773 727 1300 1353 1178 1389 1091 2000 1476 614 658 2745 1996 132 2579 1836 967 1019 1213 1951 341 2054 777 1176 1175 761 2113 2066 589 63 1115 2249 2072 1743 1427 1394 803 88 1561 395 230 695 1719 293 2540 1230 1631 2317 2024 983 485 1559 2178 1137 1180 1795 2129 251 1798 2409 564 1801 766 2547 1207 714 646 1727 2413 304 1856 926 540 2281
000368.jpg,243 1554 1742 1370 1105 813 1396 355 921 337 2696 2257 1673 1331 1614 2064 2458 966 1384 1495 487 2660 908 1681 1290 2600 530 1705 662 1237 1604 2049 942 2085 446 1613 2782 1567 1017 1301 2282 2259 54 1518 1893 631 1739 2140 710 542 2664 1981 975 360 2596 1058 2369 1271 451 1909 1000 660 2394 1002 151 50 1853 984 1946 7 607 1978 2796 2543 2793 288 2843 301 1695 808 1968 1031 2336 1455 567 2803 2405 544 1119 871 2416 2093 825 1565 2364 870 416 1287 1966 2290
000369.jpg,757 1533 558 135 1728 2295 754 2413 1689 1231 2024 213 24 2143 853 1597 634 2430 184 426 2756 1296 2638 1448 1383 80 119 2408 1478 1804 1312 1984 1265 2472 1719 2615 529 540 967 2277 2021 1149 2320 2533 520 1394 1898 1945 707 1801 545 218 2566 232 1035 752 2366 424 2354 19 91 1849 2508 1228 739 1839 29 2235 1093 2178 1883 395 1722 2725 2644 898 1269 2759 2113 304 498 1733 1087 1766 714 388 2673 1889 1785 1683 2323 1867 1558 2260 2546 473 2014 286 792 1892
000370.jpg,2045 1584 2755 258 2023 747 1029 2034 2545 770 497 1796 1586 1362 2482 463 1416 2735 1096 1948 906 1710 992 2628 1897 1051 1307 197 2631 2815 1701 64 1417 1895 2289 1407 2753 433 1788 860 2646 319 2011 2713 51 1388 1319 674 1253 1552 2287 1381 201 2046 1320 2732 1993 2650 606 1190 817 1627 1123 2389 1569 622 134 1860 1965 100 1934 2564 48 2553 1636 1775 1544 2817 2376 715 2272 2501 562 645 2367 1658 675 439 904 1656 2439 2724 611 1316 2084 1261 2556 155 2411 173
000371.jpg,1707 338 730 1466 742 2516 1526 1007 1131 336 1969 1511 1325 1455 2341 1379 1243 253 1442 1779 2151 1783 1498 112 410 1794 1645 365 811 544 2145 1005 2730 2549 1670 2364 2102 2290 2746 248 1424 2788 610 648 1079 937 2830 538 605 1385 1020 1309 709 406 434 2377 870 1068 1581 1634 2763 1871 2219 773 1992 2560 568 2299 435 678 1094 1516 1731 1110 1040 1527 1133 535 257 1138 749 881 2843 717 855 2492 843 774 673 1800 1966 2680 1311 2243 94 392 593 1454 1936 1732
000372.jpg,176 2743 1033 2029 2668 1562 1393 417 554 1256 1890 555 332 868 597 886 289 1418 2786 1686 1888 2227 979 62 2108 1065 878 681 340 429 361 1398 743 21 2423 571 199 2217 1053 142 1492 802 2384 2078 2451 1430 1553 1699 292 2333 432 302 893 866 2415 78 427 536 1431 2568 36 1588 964 988 733 2120 121 2267 2031 1952 1132 2221 1793 2038 2808 1070 193 1399 1266 1374 2539 2117 680 569 2671 2090 2380 2629 1886 2828 1041 901 2335 500 1429 672 1268 2578 1038 2602
000373.jpg,1617 1045 2241 440 735 1444 712 1782 2130 169 947 2050 1993 2836 1663 1422 2837 179 1328 1840 2649 155 550 2454 1369 1544 51 1649 2439 1679 480 1381 1623 1658 925 2840 197 26 1640 348 260 1054 305 2826 900 2011 1552 518 563 463 1486 2817 445 2628 1796 1437 1656 2767 1934 1102 2082 2707 221 645 943 1029 559 1405 2769 659 1870 1489 312 2832 2270 1710 556 2088 562 1926 2790 134 1636 259 2501 2538 1316 2375 1407 1860 547 2289 1569 2556 1386 1307 2133 860 1965 635
000374.jpg,472 2138 1803 961 1509 147 641 2444 2094 1530 1807 551 2771 1811 160 2385 1059 991 1295 1078 2595 1862 1167 577 1373 342 127 262 888 1355 1607 741 1341 1421 203 154 2710 2758 1069 1524 17 2431 1629 2648 537 2266 352 1571 573 2175 1540 1520 1622 1828 2749 2635 1025 1988 405 1 2740 1619 2223 1618 1278 2731 2738 2835 2513 223 267 226 1291 891 2340 1238 385 2486 667 1242 2063 1925 2255 166 1349 1863 2100 1698 1615 2104 2801 1982 1826 1539 2619 2338 2776 600 2399 1215
000375.jpg,1635 390 1967 1715 1050 1293 1648 1097 2406 2053 159 1037 1822 1124 580 326 1317 1140 1187 1143 331 31 1756 655 1395 314 1755 2236 430 1918 1921 2402 1118 2715 2062 1647 805 1011 799 1568 1972 1026 1472 478 2465 721 2505 2765 2407 2301 999 1216 1706 2061 1297 464 1475 936 471 1612 2687 1438 726 1018 2531 1303 1024 1662 1789 1008 1829 2693 2467 1262 1692 782 643 2232 455 2611 927 1730 452 363 1503 1929 138 1912 346 389 758 113 2142 2632 1831 1787 2690 125 2806 2470
000376.jpg,419 894 2554 2153 96 1927 1632 106 189 1032 2060 481 815 2831 300 2571 1013 2705 2109 1315 1336 2678 2401 762 1171 1726 2079 2612 22 644 1364 42 2160 2263 2720 1214 1661 2197 1987 205 2562 2313 744 971 1251 2030 2688 2261 1536 1318 1960 636 1199 2278 2807 2386 396 1108 2162 1286 941 387 1083 2567 2188 2425 957 1064 1525 2476 2522 861 2442 95 84 924 2152 335 1283 2096 785 2791 1738 333 1907 6 661 2048 506 1749 171 2222 1802 1471 148 2116 621 37 1727 592
000377.jpg,1125 1753 2777 2772 2077 2478 2561 70 2161 2510 1759 2757 1834 951 315 18 1252 1842 2015 2818 2663 431 2 1165 2302 2622 191 601 767 1390 1557 1035 277 2315 103 2702 1323 1839 297 369 1235 1443 688 2624 990 1186 2685 1980 1460 1938 2601 2546 2471 502 1989 2276 1389 1115 1845 578 2323 126 522 2532 2759 2686 1391 1413 211 634 1114 1608 2583 2113 2178 889 962 2314 1830 250 67 702 29 1951 1683 1821 581 1340 485 1106 426 1833 2430 1798 1213 768 931 2667 1720 1767
000378.jpg,1087 1558 898 714 1166 1928 2409 1590 93 895 1207 1137 676 2072 614 589 545 727 1306 2323 1394 658 1228 1951 485 1175 1561 1334 1631 1197 1801 1361 374 2022 2113 1333 304 1389 2178 1785 1213 1798 1298 2277 2066 182 395 1451 572 962 63 101 2759 2504 2546 783 695 529 2644 149 1230 803 1343 1115 1685 1712 2656 617 1176 954 341 1683 2579 1019 132 2547 2149 1743 1597 2016 789 2112 426 2040 824 251 2737 364 1898 1760 2542 1257 2381 34 596 2699 576 2238 2242 1883
000379.jpg,1889 957 2464 2404 1696 2457 844 509 2725 2115 244 2448 744 609 1515 1616 1766 2502 5 419 96 1426 2153 2841 2706 2554 1927 1632 2128 2152 592 941 1596 894 2720 2498 2562 1139 1953 1171 1768 2263 2048 106 2807 22 84 2442 181 620 971 2591 214 43 387 644 2141 1083 189 1605 1214 2751 2188 270 45 2278 2688 1283 183 636 2503 2761 1364 732 2056 1702 1318 1570 468 1726 1536 335 1802 1108 1458 2612 2567 1064 2522 1525 1797 2160 1602 1251 2182 2760 2348 1365 2678 1882
000380.jpg,213 2024 426 2143 2408 24 2430 634 1597 1689 2533 1149 29 2320 286 2172 2673 2638 293 1804 1719 707 2756 2021 754 853 1728 967 1231 135 558 757 1849 2295 2413 1533 2354 184 1478 119 1296 2615 1448 80 1529 1984 2787 739 1265 1383 1312 1269 91 218 424 2472 498 520 2390 1722 792 1733 2366 1867 2235 2124 1945 425 19 727 232 658 2566 529 2054 2014 1361 388 1559 1951 1326 2224 2464 1175 1394 1061 1106 375 2113 2178 1451 589 646 304 1798 1426 473 564 2508 1306
000381.jpg,436 215 737 1900 2040 2381 364 101 803 989 2504 328 341 766 2238 374 2759 2242 251 581 2114 2579 407 789 1683 1427 962 1230 572 395 1091 1883 1257 926 1786 1971 1106 1818 564 1898 1798 1996 2644 777 1559 2495 1357 2542 39 2288 2323 230 1334 1451 1180 2540 2546 1361 1801 2281 529 76 1115 1306 545 1561 617 1389 2066 2787 1213 2113 1951 1207 304 727 1137 2178 1175 485 658 589 2656 1693 2277 2000 2149 1353 1300 2072 1685 714 483 1166 1394 1087 2409 751 1093 240
000382.jpg,2517 2529 386 143 1440 2271 1129 810 2619 718 787 958 2185 1514 638 71 30 1215 1684 1445 557 697 2460 2363 1694 879 2298 1242 1411 2104 1360 2524 1619 795 273 969 1939 2584 1863 2616 1630 1925 1258 1446 1294 2468 147 2481 1509 665 1480 1982 414 262 1366 2139 1816 2385 127 1112 1807 299 667 2833 2246 1803 2595 991 888 741 577 2801 2710 641 1295 2431 2776 1530 2576 1373 342 352 2844 1270 160 1629 2372 551 1059 2633 385 685 1520 1549 2771 1 2455 1069 2727 2749
000383.jpg,70 2510 431 1753 1125 2561 2777 2772 1839 1759 2757 2077 2478 1035 315 1834 951 2818 2622 1390 1842 18 2015 2663 1557 1252 2 1165 601 2302 191 767 1443 2702 1938 2315 277 889 2686 2161 1980 1833 2685 1747 2532 990 369 2496 1989 211 1460 502 522 297 1235 2601 2471 2624 2323 2276 1845 103 1323 1075 1413 578 688 1608 903 250 2759 1114 1511 461 102 2388 1340 126 768 1830 684 1821 2667 2242 284 702 2579 848 962 1767 269 1975 1720 202 1801 1107 2644 374 1976 2583
000384.jpg,239 2794 2280 1781 2173 2091 2164 296 525 1282 209 356 2232 838 408 245 2396 139 49 2137 2311 1248 654 822 1356 192 61 2669 383 1435 2025 207 625 225 252 1787 1568 1127 2070 2693 1755 1505 679 216 653 1780 455 2236 799 1506 805 314 1598 1141 1262 1475 806 1274 1317 858 1831 113 1655 1635 1050 1756 1967 1715 390 2059 131 2053 655 1021 2470 534 290 1378 1472 2017 2429 1692 268 1706 618 1647 2698 1500 1273 2406 782 1297 1972 780 2402 1961 1018 31 1612 2061
000385.jpg,1671 8 2449 1474 2535 325 745 2216 2706 2831 2230 924 1006 2705 1315 335 1090 300 443 2197 1487 2401 1336 2167 1288 1308 2079 1380 2160 2678 762 953 1703 2591 586 1471 1363 946 2096 1458 1082 1013 621 2452 1400 1250 2841 459 45 333 935 2612 2313 205 2572 1318 1064 2571 1027 2109 1907 1687 42 2623 2522 96 1763 1661 2425 2446 1979 37 1104 834 1891 1726 1641 2562 1425 1605 2816 488 149 1322 2263 973 2245 1844 2249 1736 856 1277 2567 1760 2342 1712 1251 474 624 2450
000386.jpg,312 2832 987 1752 1102 2411 2790 2389 1545 1934 221 85 635 1405 2501 1656 1146 1624 2528 556 2817 1407 4 2082 1644 943 1926 626 2300 2270 188 2044 59 1386 1737 547 817 611 1202 826 1319 283 2069 445 1316 1422 1617 613 2367 2826 2840 2011 463 1552 2133 2397 2419 2375 977 1983 1437 266 1782 2424 2477 712 169 2574 1468 1092 559 2836 1840 735 197 2241 1636 2544 440 2556 950 900 1486 1029 2837 659 563 2312 550 947 978 518 1045 2714 2652 480 260 155 1649 1428
000387.jpg,957 752 1889 2464 2725 509 844 2457 2404 1802 1766 609 1880 1515 2448 1426 5 744 2115 1696 1616 2128 244 2508 498 1596 592 2056 466 2182 1726 2522 1960 1364 45 106 2720 2572 1945 2351 2442 2562 2168 232 2760 163 1064 1768 1280 388 183 2124 2386 2807 189 1061 2503 1525 2278 2591 1032 23 2048 2612 2678 1269 1556 1637 1326 2608 19 2498 815 520 644 171 43 1199 2476 2263 1251 2366 80 2141 2354 387 2566 473 119 2751 1927 1659 1084 971 236 2188 1632 1296 1083 375
000388.jpg,28 1563 2716 505 2819 2552 2365 238 2479 849 523 2250 152 2500 175 2181 458 313 1896 1532 1827 2283 587 2370 734 81 2191 2674 972 2119 1741 2557 2689 847 705 1339 2527 2534 2228 696 2193 1376 2177 2099 602 1111 2052 1708 1680 1704 1332 2592 1912 503 1335 330 354 125 456 120 633 1281 452 1923 740 788 2059 268 129 1789 2742 2322 2715 1932 2806 1314 726 1831 501 1813 927 2244 131 324 1293 1475 2681 711 780 772 2687 1097 1117 1655 33 671 464 2144 1062 1730
000389.jpg,1512 1254 1310 65 1107 1608 1720 2388 835 284 1821 1908 250 702 903 1830 768 2471 2601 502 848 1340 297 103 1975 931 1114 1235 1845 990 1323 126 2624 1186 2276 578 684 1391 1767 688 2314 1413 2079 1277 522 333 834 2579 1104 1907 1458 2571 1013 1620 1336 1315 309 1791 2160 575 2831 205 856 2284 2550 1507 1177 1844 2401 2414 2503 1174 2058 2073 1286 2080 2136 827 506 2736 2555 1015 2667 1300 1178 2641 2006 935 2197 567 393 300 767 1523 2661 240 2313 2705 1217 1669
000390.jpg,1481 418 52 534 780 2244 2429 1465 2059 806 484 1662 786 346 2821 53 478 1378 452 2470 1475 2467 1022 2285 2690 2301 225 363 290 61 207 726 467 108 2407 389 1787 758 471 1438 1789 268 999 2025 464 653 936 2669 2687 402 753 2505 1008 2465 2398 1220 927 1831 2693 2634 1706 1275 2396 2531 1929 131 1655 1730 192 840 628 1692 2236 1875 2765 1780 1024 455 1262 2806 331 2070 295 654 1273 33 1568 495 314 245 655 1141 430 1918 2142 89 1503 1026 241 504
000391.jpg,820 1541 750 1603 1723 2666 1891 650 334 2816 475 546 2810 1916 2171 582 2043 1221 2346 285 629 1697 2677 922 1882 1761 2313 2194 2359 1285 1153 956 1462 807 1188 973 759 1763 1858 1865 1260 6 468 37 298 1227 372 98 1570 2152 1090 1380 1015 2643 1702 2261 1083 2518 620 586 411 2502 732 1750 117 1284 281 1605 713 1456 73 941 1073 2443 353 2387 1263 1139 1084 2494 796 84 661 2688 2685 1797 2667 443 1219 1979 181 2705 946 1082 1641 776 907 594 1412 300
000392.jpg,1055 2294 1944 2728 1056 725 2207 2558 1825 165 2825 1130 2766 447 1940 2736 1126 1463 1134 1935 246 2292 2511 1547 692 137 97 1212 2135 1067 2258 2041 2305 1076 2382 1606 442 2741 2319 116 1464 2842 2248 204 1937 2813 362 1452 2286 2068 2719 1986 899 686 1841 1639 494 2665 722 79 1899 146 2435 2580 140 1868 2393 2438 526 677 948 682 1185 2057 2506 12 864 2708 804 1721 491 329 2291 608 647 1962 274 2683 508 994 1777 1942 1998 1408 1876 2639 1473 574 2440 1677
000393.jpg,2252 1179 2682 1651 2491 1063 1977 2328 1578 841 1579 945 916 639 2042 1920 9 2097 2647 1583 998 2723 2310 227 114 1770 517 1211 1769 952 919 887 1470 763 1531 2225 982 2792 1354 382 778 748 2778 930 118 1667 928 1854 2379 1528 1791 2711 819 2349 2729 2575 1657 515 567 875 1585 1367 1851 2065 1970 2304 1368 923 1239 1154 1210 2416 25 311 528 1566 2459 2559 579 2618 2081 2488 910 975 2793 1819 492 7 1864 566 2026 1209 2474 2658 512 1344 2462 513 1402 151
000394.jpg,196 353 776 1643 2474 98 585 2081 1864 1819 1402 910 1625 2067 869 2334 2103 701 2462 1042 781 233 1963 381 2361 809 1344 2353 2256 2027 276 1667 2485 481 69 515 5 748 998 114 2152 2582 1744 1063 303 1579 2723 2101 1583 2264 9 2001 1770 2457 2157 539 1454 607 206 2141 850 2304 492 1772 528 1515 841 450 2336 2803 923 2162 1204 25 323 1031 1949 2682 2026 1272 1769 945 871 1121 1108 2575 796 2726 343 2618 153 1504 517 1470 1591 118 669 1354 825 434
000395.jpg,1317 1756 805 1395 1921 2061 1755 1647 721 2236 1972 2402 799 1967 1475 2053 390 1635 1303 1918 1715 1124 2693 363 2301 1037 402 471 484 936 1140 314 1050 2465 2407 2505 1438 1662 786 806 1612 2429 2059 108 999 1568 653 1655 1378 534 1831 2765 412 1789 927 1008 2244 478 1022 1929 1187 561 780 1465 1273 467 2232 1024 331 753 53 2398 1706 295 1829 1282 1275 726 89 758 389 1274 1692 268 2531 2698 1216 2687 655 452 408 346 113 643 2806 782 1297 418 2467 296
000396.jpg,2285 290 53 2531 452 1875 131 1843 495 268 2565 1481 418 52 653 806 780 2429 1662 241 484 534 2059 2244 1022 1465 346 1378 2821 2470 2142 1024 1503 786 1475 467 726 2693 1011 999 207 61 225 840 1787 2634 389 2765 464 363 2687 2301 2025 758 1789 2467 2690 2669 1706 2396 1275 1039 936 478 2407 1929 927 1730 2505 402 2465 1262 108 295 1568 192 1008 1127 1220 471 1274 753 430 2236 2398 2806 1918 1692 1438 1831 2091 1780 89 455 49 33 2794 331 799 1655
000397.jpg,52 1481 418 346 2821 2244 780 1465 786 2059 484 534 2429 1662 806 478 1378 452 363 1022 2467 108 2690 2301 53 2285 467 2407 1475 936 2505 753 2465 471 1008 402 2398 290 1438 758 840 628 2470 1220 1789 389 268 61 207 999 726 2634 2687 225 1929 464 1787 2765 2531 131 927 1275 1730 653 1831 1706 2025 1655 1692 1875 2669 430 2806 504 1024 331 295 495 2396 1273 2693 192 1026 1918 1124 241 1843 1039 1568 2236 655 2142 1262 1503 455 314 2715 89 1097 654
000398.jpg,1385 1779 2145 406 1007 1871 773 1992 2102 2763 1894 519 1526 1138 1707 1645 1731 742 2613 1800 1969 257 2516 1511 1442 937 1325 535 2377 1527 605 811 709 365 730 392 338 2609 1516 186 1040 1455 336 253 2341 1020 410 248 2219 2830 1424 648 544 435 1309 1466 1110 1131 1783 1068 434 288 2095 610 2680 112 94 1498 1311 2543 1581 2560 870 821 1966 2549 678 1981 855 301 1634 1718 1379 2788 2243 1567 2746 1005 1794 1237 2364 1142 1133 852 749 2085 1243 2730 1670 593
000399.jpg,2593 392 2331 1419 630 2147 2012 1170 1642 3 2264 318 1600 301 1380 254 256 1958 1595 1077 1267 2170 1152 2734 2405 1762 2391 1973 2490 2132 1519 1036 2165 1347 632 2453 2655 1717 2204 265 2101 343 1247 94 1454 604 874 568 2603 516 549 974 843 1160 208 1751 2001 206 212 862 320 1528 2257 490 1510 595 2691 1133 1643 937 2420 58 350 2718 823 731 2537 248 605 2126 2446 2071 2318 460 1709 910 942 2587 1633 1384 2636 1546 1425 791 666 2081 1321 1183 2458 2596
000400.jpg,1056 1944 2294 1055 2135 2728 899 725 137 2558 1212 2842 2207 1076 165 686 1547 204 1463 2511 2741 1606 447 1067 1134 2825 1825 1935 2766 246 2057 494 116 2382 2248 2305 2580 2068 79 2286 2435 2813 1937 2291 1452 1464 2736 1899 804 97 2041 329 692 146 722 1126 948 2292 2665 1639 2319 1130 574 1874 2719 1841 140 1223 2393 677 1185 2258 2438 1868 2708 647 682 1777 362 2683 1721 442 657 2436 2639 2569 491 1940 67 608 1592 2598 526 627 2583 1931 1810 1876 2509 2350
000401.jpg,1255 123 1757 986 882 2150 2380 1600 1236 1541 932 289 1001 2350 868 698 2267 2729 372 1049 2227 2387 2775 2121 21 2012 981 1041 427 334 1415 743 1888 1707 893 93 1479 555 1657 2423 895 336 2493 1521 1477 554 750 1406 176 174 361 2580 1731 1157 979 292 432 820 568 1430 681 2458 302 1256 966 937 1033 1958 955 1492 2291 2583 212 2170 320 2405 2743 1553 199 257 1590 2151 2788 429 253 1676 1138 839 1603 1398 1384 2451 1944 1359 1212 1915 2057 340 1718 1233
000402.jpg,1785 2066 1213 2113 1389 1019 2178 304 2546 1115 1228 499 2022 1333 1300 545 63 465 898 1087 1394 1166 374 1137 614 714 1847 1928 251 1631 1161 2700 2542 1513 2504 93 1558 2409 803 485 789 1175 1176 2579 1685 1590 132 182 2784 101 16 1427 1743 1207 1306 291 1749 540 149 1561 1951 2381 695 2072 895 1883 1990 617 1334 576 1361 1178 1773 954 1447 483 1257 1535 240 1971 2016 1795 2323 1483 2190 1103 341 2827 2547 832 962 2540 1298 1798 2238 1353 2759 364 727 2129
000403.jpg,645 2011 445 2840 197 1552 2375 1054 463 2289 1029 1253 2707 433 1623 1679 440 134 2735 1444 2650 735 1649 1663 2050 1328 947 169 1860 1045 1496 1993 2130 2767 1895 1840 2556 1617 2241 563 1544 2713 51 2088 155 2836 769 1422 1782 2837 1307 2439 550 2272 562 518 305 2628 2482 950 161 2538 1316 260 1640 1148 965 59 2454 2826 319 231 1486 712 201 1202 2631 2815 1752 2287 2133 1901 1453 179 173 2769 1658 2649 1261 1636 1788 900 486 2367 1381 674 1948 259 784 1218
000404.jpg,1810 2583 2509 67 1001 2350 2121 627 249 202 1012 1075 1406 1944 2728 447 2825 1212 1055 165 137 2294 899 2766 2736 725 1606 2741 116 2135 2207 1126 2558 1935 494 404 692 2435 1463 97 2057 2041 2319 442 2382 2719 1937 2248 1547 2292 338 1609 1825 2305 2842 2258 2051 1195 1439 2683 1130 1557 2291 1874 2143 730 1533 204 246 1076 948 1899 2511 1067 1056 1134 24 804 686 2622 362 1223 1464 2813 1728 444 1639 647 1020 1383 2430 1110 1088 1379 1243 2329 2701 634 1296 2639
000405.jpg,131 495 290 1875 2285 268 2531 1843 452 241 2565 53 2142 1503 1378 418 653 1022 1024 780 806 1481 2059 1011 1475 52 464 2244 484 1789 840 467 927 2715 1706 1662 534 2429 1262 346 1465 726 2765 2821 1655 207 1831 786 1568 1932 2693 999 2687 61 2634 389 2236 455 758 2301 2232 2470 1787 2396 2091 2407 1062 1813 822 504 2794 314 2669 2137 1275 2025 478 2467 1274 363 225 1500 1929 2690 129 1273 1781 239 89 295 1140 799 1097 1039 2505 2280 1281 192 1293 324
000406.jpg,2116 2386 1525 2263 2678 861 2623 1726 40 1960 1198 2503 398 2572 1371 2807 2718 2522 644 1318 2562 2141 592 949 1458 2720 45 1013 2056 2442 1336 851 2591 1536 1280 1083 1596 96 1856 1251 335 1364 462 636 762 333 387 2160 1632 2401 2278 1004 2612 2441 2498 1064 2079 2733 1315 2048 183 181 647 2188 2737 419 2448 2111 940 2230 1927 1482 894 2761 2760 971 300 146 620 1170 2639 1702 2554 1365 106 1768 2153 516 104 2688 490 2182 43 407 189 171 2603 1846 474 343
000407.jpg,802 142 1492 2078 429 1699 1430 1553 1886 1053 555 1890 868 1256 2029 866 1236 2267 2217 554 878 2668 1888 2380 1562 2333 417 1033 289 2743 886 597 743 176 1418 1393 427 2415 1686 62 1431 901 1588 2568 21 681 36 1132 361 733 1793 2423 332 2108 1398 680 2227 2786 2117 302 292 536 199 2451 121 340 988 1065 979 2384 78 193 893 1499 432 569 500 1038 2090 1041 1272 2671 571 2421 323 640 1374 13 2828 1268 2047 2602 377 2038 2350 2520 672 1668 1754 73
000408.jpg,1944 1055 2294 2728 2558 725 2207 165 2766 1825 2741 1212 2135 2248 1606 2842 137 2825 494 1463 204 2435 686 2813 1067 1056 899 1547 2068 97 447 1899 2580 116 1130 2057 2511 2382 2305 1935 1473 79 1464 1937 692 2291 1076 12 1639 1134 246 2319 1452 2736 2292 1126 722 2041 574 1940 2665 2286 974 2719 1721 1777 1876 948 2393 146 1223 1185 1986 442 2809 657 864 526 140 1874 1408 2258 329 677 1942 804 2499 627 994 598 274 647 608 2598 2440 790 1677 2121 1868 2350
000409.jpg,2320 1149 2533 29 293 286 2172 2673 967 2021 2756 1804 1719 1231 2408 754 2615 213 1448 2787 1728 1265 739 2224 2024 119 1478 2413 707 1296 426 2295 1383 80 634 792 2143 2638 184 135 1689 1597 2430 558 24 218 2472 2354 1984 1849 91 1269 1312 498 2296 757 1529 926 520 2281 424 1722 364 564 1361 2235 1451 39 1818 1180 1945 1996 232 853 1533 1867 2390 1900 425 658 646 436 589 1091 789 215 1733 230 727 466 2054 529 76 1559 766 1951 388 962 376 2288
000410.jpg,135 558 2295 757 2413 1728 1533 754 1689 184 1231 2024 213 2143 24 2430 1448 634 119 426 1296 80 1383 2638 1597 853 1478 2615 1265 2756 1984 1312 218 2408 2472 1804 520 1945 232 1719 2533 707 967 424 2320 739 1149 19 2354 2021 29 1849 1269 286 388 2260 1898 2172 2566 1722 2508 498 2235 91 2673 1733 529 752 2725 792 1766 1867 2277 1061 2464 540 1529 163 293 2366 473 2390 1093 1801 1426 2128 2124 2014 1326 609 2169 2351 1889 592 957 1683 2744 466 375 499
000411.jpg,2277 1801 1631 2644 529 1394 545 2323 395 2249 1230 962 1898 1798 572 761 2579 898 1558 1087 658 714 374 1683 589 1334 1213 1207 2759 1306 1389 2066 727 2113 853 2242 1125 251 101 2072 1561 1753 2510 2381 431 315 2317 1427 1951 783 2777 1333 1175 1137 2546 1834 834 803 70 304 1035 485 1559 581 1771 1839 1443 2547 1361 2504 1106 1883 1252 2555 1451 1906 2077 1759 2178 1892 1727 2015 540 364 789 1677 1093 426 2325 1228 2772 341 739 2757 889 951 1115 2238 2022 737
000412.jpg,1865 807 1260 1858 2313 468 2823 1044 1188 1015 411 229 759 1153 752 620 2643 1610 750 1761 2567 1603 372 1541 820 1456 1227 1217 1702 1697 2118 980 1284 2171 181 2751 956 334 546 1083 1171 189 2810 922 2666 1214 650 2043 2060 1884 1560 22 732 333 1797 448 761 582 2261 285 1763 829 309 2816 1032 1892 2554 1882 1285 2627 396 1084 476 586 2153 1221 38 419 6 37 298 834 973 1090 122 2249 443 2625 957 1995 1907 1771 96 1677 2726 2194 856 897 2079 2037
000413.jpg,633 503 772 711 1680 2322 1335 2193 2592 2764 2250 2052 602 1111 238 1117 1332 1746 740 68 2144 2237 261 972 1164 1376 968 699 553 120 587 1109 2773 1852 1314 1708 1917 1532 162 1704 2199 1010 2177 28 771 2500 2365 2181 533 2552 2527 2228 2099 505 523 2479 2119 2814 313 1563 963 1774 2819 2370 1182 1896 1297 705 458 1955 507 872 849 330 1327 2557 81 2212 2799 175 152 2689 2283 1543 354 671 1827 1956 1650 2742 1823 2610 316 367 1991 2265 235 2028 1135 532
000414.jpg,2755 2023 1584 2045 747 2545 2034 770 2713 258 1796 2272 1416 2433 1320 1948 2376 1096 1316 2556 715 201 1496 48 439 2721 64 100 1051 1569 2352 1490 2815 194 51 155 2309 1453 563 562 305 1636 1261 1860 2628 1617 712 1640 463 1649 1586 992 1029 161 1993 2650 1381 1417 497 1218 2836 1369 168 947 860 1054 1965 2046 169 2454 260 2767 2289 179 735 2837 1489 1782 2241 197 1658 1307 2088 2011 1897 2050 440 26 1544 1362 2735 1444 2649 1045 1701 674 2553 645 2130 1663
000415.jpg,1652 912 41 2208 2231 2524 1264 2104 1242 273 716 2205 1684 2692 2298 1215 2517 2619 1349 1360 1630 527 143 591 616 651 2246 237 2271 2675 1181 958 1564 1812 2131 2529 386 969 352 1837 787 1988 2801 918 810 1491 996 2158 2834 1615 2185 2530 913 700 718 147 1129 1 2460 124 2541 1440 638 1514 697 2595 1572 708 345 1803 223 234 511 1587 2363 1540 1618 641 2184 1863 961 557 2215 2727 1497 2635 1509 1081 30 1520 879 1445 2466 2844 1373 71 127 2662 1411 414
000416.jpg,2071 1790 1052 1933 2512 1504 222 1436 2218 1305 1638 850 2362 935 836 2096 2645 2750 1321 1098 2201 2156 2355 2691 2432 2342 1709 1806 1736 2450 755 897 2446 396 2452 1621 612 599 2537 144 981 2642 2083 217 1910 2163 1145 1085 1927 1233 1717 453 1911 461 666 1337 2074 437 1023 141 380 477 2449 399 73 1661 1903 2747 177 2194 2122 894 96 2679 1632 2420 2554 2427 595 823 2519 476 760 2098 1047 1032 401 1163 816 717 1183 2655 205 2587 637 1599 481 1330 2060 2331
000417.jpg,100 715 1569 2721 48 64 562 305 2034 439 1796 2545 1640 51 2433 155 2713 1453 2309 1496 1860 2376 2556 1490 2650 201 1948 2454 1658 1316 2649 1901 1369 440 518 1417 26 1051 2439 1096 1381 2272 348 563 1416 260 2050 1617 168 2241 2826 1544 712 2289 1870 735 2628 1623 1840 860 645 1148 1584 1422 1679 1782 197 2538 1328 659 1045 2815 2130 194 925 1878 231 1701 2707 1054 1993 2769 2836 906 1489 169 1307 1710 1218 1261 769 2352 1444 1663 480 2714 179 550 259 559
000418.jpg,6 285 546 582 759 1702 1221 1083 2643 732 620 181 1882 1260 1797 807 1188 2313 1858 1891 820 1541 468 1603 1723 2816 2666 650 475 2171 1570 922 1697 750 2346 37 1916 2043 973 1605 334 2810 2194 1763 629 1456 298 1153 661 1285 594 1537 1397 2425 2476 956 2261 2502 1015 1227 2152 148 2179 420 2768 586 1090 353 1139 2823 1284 372 2807 2278 636 1380 1761 690 1082 98 1610 980 411 40 443 1738 2841 1308 829 2168 1318 2118 196 776 1884 1979 2677 122 1865 1488
000419.jpg,52 1481 346 2821 418 2244 786 1465 780 484 1662 2429 2059 534 806 478 363 108 2301 2467 1378 2690 1022 2407 53 452 467 753 471 402 936 2505 1438 2465 1008 2285 2398 1220 758 389 628 1475 61 290 207 225 2470 1787 2687 840 1929 1789 999 2634 2025 2765 726 653 1275 1730 2669 268 2396 464 927 1692 192 2531 1273 131 1831 504 331 2806 1706 1655 1024 295 1026 495 430 1918 2070 89 2693 1124 1875 1039 1843 33 654 655 2236 2794 1780 1568 241 1941 1274 1048
000420.jpg,419 2153 894 2554 96 1927 1632 189 2060 106 1032 815 481 1171 1214 22 2109 1336 1013 2567 2313 2401 2079 1315 2160 2612 2720 300 2751 971 1083 1108 2197 2831 2705 1283 2261 744 181 2562 1251 1797 1364 2048 644 2278 333 468 1844 2643 1703 1987 1286 759 620 2152 2425 1858 2502 861 1702 636 732 1768 506 2571 1363 2841 1288 2188 6 2807 2141 1536 309 2194 762 2162 2442 2688 335 661 1318 1188 1227 922 1907 1661 387 1726 1153 2726 1882 1749 1671 1139 171 1365 565 2386
000421.jpg,2152 2502 84 941 1605 1113 2348 1139 2841 214 1866 1602 1953 1371 2263 1458 1525 183 2572 2503 2706 1280 1960 1198 236 1064 2608 2678 45 106 398 621 1171 2522 2115 2056 2760 189 1199 2623 171 244 1616 117 1726 2182 40 1084 851 1927 22 96 1214 23 1570 744 1184 2197 1364 1696 327 1032 2203 2768 1251 2386 2457 1632 2612 2303 509 2153 1205 420 844 2401 924 2705 2751 298 2591 2060 2562 1397 815 1687 270 2160 1738 1768 2620 690 1659 2030 894 2554 300 2677 1315 1365
000422.jpg,1038 1754 2421 1041 1949 1272 2520 2210 640 13 323 2671 377 828 2578 1668 2602 1374 2539 2828 865 1429 2428 933 672 2629 698 1049 2047 1337 932 56 2798 1249 2032 1910 2221 2120 1189 839 2083 2031 1521 1329 1070 2108 370 2217 1553 1430 955 1477 1492 2038 427 2267 886 340 1699 979 176 2423 1399 429 743 2333 142 964 729 2786 432 555 1890 1256 868 802 536 1033 2227 2415 292 2668 597 302 78 121 1431 2029 1686 569 199 2380 901 123 332 554 2335 2384 1562 1393
000423.jpg,702 1830 848 931 1114 768 903 1107 1767 1845 2388 1908 2601 284 502 2471 990 1340 2624 65 1235 126 578 688 1608 2276 297 250 103 1720 1310 1821 835 1323 1254 1512 522 684 1391 1975 2314 1186 1413 2667 767 18 1839 277 431 601 1842 1759 2 1232 315 2663 2510 1753 2777 1125 2772 2302 2757 2478 973 2077 70 962 2323 1458 1165 1570 395 1397 1035 1938 1285 2532 2503 1834 1989 420 2622 211 1390 1557 851 191 2496 1460 2759 818 2620 2644 369 1154 1798 2509 951 2315
000424.jpg,436 215 737 1900 2040 2381 364 101 803 989 2504 328 341 766 2238 374 2759 2242 251 581 2114 407 2579 789 1427 1683 962 1230 395 572 1091 1786 1257 1883 926 1106 1971 564 1798 1818 2644 1996 1898 1559 2288 1357 777 39 2542 2323 2495 1334 2540 230 1180 1451 1361 1801 2281 2546 529 1115 1389 1306 2787 2066 76 1561 545 617 1951 2113 1213 304 727 1300 2000 2178 1137 1175 1693 485 2656 589 1207 2277 483 658 2149 1353 1685 1394 240 646 2072 614 714 751 1166 2409
000425.jpg,1487 1139 953 1471 924 941 882 2494 84 594 2841 909 2216 2677 2150 2572 123 629 1199 1232 1462 1687 335 115 2688 2115 2706 2197 1541 2179 750 2476 1616 1882 2230 1153 281 214 327 1221 1371 334 1397 1570 1073 2761 2348 2502 37 820 2768 986 1605 650 1703 2278 2203 1198 2359 1866 1953 420 1502 300 1738 2503 1315 1757 244 1995 582 1525 762 546 285 1891 1979 761 732 1488 186 2720 889 2567 2152 1696 2425 1255 1596 2573 922 6 815 971 1987 1797 275 2404 1661 387
000426.jpg,2268 1697 459 2167 1380 1456 922 1763 1082 1090 1188 586 2643 181 759 37 620 1702 285 1308 732 1911 1797 1284 1858 2313 6 650 1260 411 546 443 661 1221 1083 2666 468 298 2043 980 2810 2194 167 1285 1570 2171 582 1916 20 1610 1537 475 1006 122 973 1884 2168 829 1891 1882 1723 1227 2118 38 2346 820 476 2425 2816 281 1015 1267 2476 2791 1541 2623 2691 1153 636 1603 807 669 2261 275 334 1709 1744 448 1200 2807 690 1502 796 2593 23 946 396 1536 5 1283
000427.jpg,2548 2460 2363 557 1375 2662 879 1009 2727 1619 1572 837 1925 234 2139 1366 687 857 2399 969 1 2215 2844 2455 913 1776 1665 1520 2541 1684 2330 2226 2298 1411 264 267 797 2063 2185 1815 892 2833 1238 2584 704 2590 2039 2158 1159 720 1630 1982 2484 2633 1291 2186 2229 667 46 859 349 228 1360 2332 1043 2092 2834 421 1861 1350 958 570 2123 2189 1440 1615 2385 2607 1694 352 787 1025 1349 1816 2246 1446 2206 1480 1863 1660 342 1571 551 2635 1824 756 1539 1086 154 2198
000428.jpg,540 2413 2295 558 135 1448 1383 1296 2615 1231 80 184 1265 1728 1478 119 1945 783 1093 1984 1312 2785 232 2756 218 1914 2472 757 2111 2242 520 2441 19 754 424 1856 407 2021 2566 529 341 1996 2827 983 739 1999 596 1683 2190 1689 2202 2759 1535 2745 766 1091 2281 1343 310 695 95 2737 949 1743 2644 328 967 1533 617 1103 1722 1269 499 777 1867 1847 1898 213 2238 2579 1176 1513 1631 1801 789 2547 1733 230 832 1804 1161 240 634 364 132 291 2744 940 1693 1230
000429.jpg,28 238 1563 2250 505 2479 2819 2181 849 523 2500 2365 2552 458 152 1896 313 1532 587 1827 734 175 2283 2674 972 2119 2716 2370 2527 81 1741 2689 2191 705 1376 2052 2099 2177 2193 2228 1339 847 2534 2557 602 1680 503 696 2592 1111 633 330 711 1332 1335 2322 1704 354 772 740 1912 1831 268 671 1655 92 2806 1708 726 927 2742 1475 2236 131 464 1706 1281 2059 1789 1873 2144 1314 780 2681 331 1117 1730 999 806 1923 1037 1746 1297 2687 125 2764 532 1813 452 788
000430.jpg,1938 1833 1443 767 277 889 2686 1747 2510 431 2532 70 2757 1759 2496 211 951 2663 1834 2818 2077 2777 1842 2 18 1753 2622 2315 1390 1460 2478 1125 369 1989 2015 2772 315 2702 1557 1252 2561 1980 1035 601 1165 2302 1839 2685 990 1845 1413 250 191 1767 2388 297 702 502 578 461 2624 1235 2323 2601 126 848 1608 2471 1323 1821 768 1340 522 2276 903 1418 1720 684 103 688 1830 394 1107 1114 1511 1310 1975 1986 269 931 1398 1976 1908 1952 2098 1906 571 2668 2763 1391
000431.jpg,493 57 1861 2174 1234 1792 2418 1580 280 1034 2004 1930 2125 1358 570 210 689 859 1758 1392 1665 366 976 793 746 2672 1196 2461 2374 797 133 1575 1279 1859 2327 2838 1276 2456 1724 1947 1664 2694 756 2186 663 2330 1375 548 294 228 1765 158 1072 242 880 2206 857 1776 422 1457 1551 1086 2739 2229 2039 2332 1877 704 1193 588 2184 2581 1887 1191 77 720 885 2321 263 801 2356 2590 1043 1350 2198 2659 1229 1542 287 1030 2548 2123 1432 583 656 421 2662 2127 1345 150
000432.jpg,84 941 2572 2152 1113 594 2348 1605 1139 1616 244 214 882 2502 1602 2115 1866 1458 1371 1949 2503 2494 2678 509 1738 300 1144 1960 270 398 420 327 1488 909 2421 2203 123 1477 2448 762 1687 629 2197 1696 1198 1397 1199 1757 851 2768 2386 1400 1726 1365 2150 2230 609 1596 2571 986 1661 2706 1953 1754 40 482 2160 2620 1471 2079 510 183 844 1184 644 2677 1487 2688 335 953 106 2562 1570 2179 1336 2521 2498 815 1038 2591 2725 1315 2761 1013 785 298 1907 2720 1927 466
000433.jpg,1506 1141 2070 383 1505 2311 654 1356 525 252 1780 625 1248 2669 49 245 1435 858 192 1598 679 61 2025 2794 408 1781 2396 139 113 2164 1787 207 225 2280 239 1282 1127 838 2173 296 216 209 2091 1216 1140 2232 356 27 2137 1924 2470 1829 1299 1168 455 1692 1273 1024 822 1262 331 1274 655 2698 1918 1612 33 1500 2765 430 2531 2316 1124 618 643 200 2279 1941 2062 1503 1021 2467 1568 2690 726 1875 1961 1026 344 1472 268 2053 1438 2611 2565 390 1293 471 346 2017
000434.jpg,1057 2437 1836 1672 751 1749 1914 2785 1476 88 2202 2745 1713 1116 1224 1178 1856 1714 824 1449 2190 683 95 2523 2422 1990 132 2180 2441 2129 34 2547 1678 1838 2111 47 777 1176 16 1523 596 2317 1304 2700 230 1732 576 1483 1450 1357 44 441 603 834 830 1727 1277 2058 1620 2073 2695 2249 695 2383 1091 2275 2239 187 2827 1073 1106 2555 946 60 2288 2641 39 1353 1482 2080 761 2518 83 2238 1950 1447 983 2096 2495 2281 104 1593 1180 1559 1147 926 32 483 1996 541
000435.jpg,2749 1524 154 2740 203 1629 1059 342 551 2468 1811 1803 2444 1167 934 1355 2198 798 1377 1348 1863 1861 1675 57 2710 1072 884 82 2127 667 1375 438 2431 2206 2187 472 158 242 160 2727 1520 880 185 2155 1530 1576 1716 307 1025 1522 385 170 2581 147 2548 2595 814 1078 267 1392 133 2273 2002 1086 1 2371 1030 127 1201 287 1807 1292 1824 1619 1238 1580 1034 641 1826 1373 1071 2709 1509 1215 842 1925 130 1551 857 1947 1432 470 2717 1887 1291 1457 2460 280 1758 150
000436.jpg,1911 2512 850 2691 144 2355 2362 1504 222 1436 2218 796 935 1790 2071 836 2096 1052 2201 2420 1098 2318 1933 2645 2750 1305 2432 1321 1479 1638 2156 1682 1387 1709 1200 755 599 2452 2446 2342 1736 320 1267 2450 1806 1380 666 399 73 2537 380 897 1676 595 2587 1510 2268 2642 459 1085 2074 437 2679 1090 1233 2655 1903 1599 1006 1082 208 946 2593 99 1717 2167 396 612 1163 1308 1763 1621 2122 2163 630 1697 586 823 629 177 443 477 981 1628 2722 2469 816 2535 453 2747
000437.jpg,1707 338 730 742 1466 2516 1526 1131 1007 336 1455 1511 1969 1325 1779 2341 1379 253 1645 1243 1783 112 1498 1442 2145 811 365 2151 410 1385 1794 406 1670 1005 937 2364 2377 544 2788 605 2102 2746 610 2730 248 648 2549 1068 2290 2763 1079 1020 709 535 538 2830 1424 870 1527 773 257 1871 1634 1581 568 1731 749 1516 1309 1110 1138 2219 1992 1800 434 435 1894 1040 1094 1133 392 678 2560 2299 1732 855 881 2243 2843 2680 94 186 1966 774 673 593 2492 1311 2275 843
000438.jpg,431 2510 70 1839 2561 1035 2757 1759 1753 2077 2777 2772 1125 2478 951 1834 315 1390 2818 2622 2663 2015 1557 2 1252 18 1842 1165 1938 767 601 2302 277 1443 2686 889 2702 191 2315 1833 1747 1980 2685 369 2496 2532 1460 297 211 502 2276 1235 990 2471 2601 1845 250 1608 1989 1413 103 578 1323 2624 1767 1391 688 1975 2388 684 1340 1821 126 1107 1114 768 702 1830 1720 2161 269 848 522 903 1186 931 65 1511 1310 1075 2546 1533 284 2314 2579 2323 1389 2644 465 461
000439.jpg,2044 2501 1934 85 312 2411 1102 987 188 1656 2832 635 2528 2790 556 1405 2817 611 1644 1386 547 221 1926 943 259 1319 2082 2270 1428 1624 1158 2300 1983 2574 1407 2007 1993 1848 2544 1190 1617 1422 219 2670 2826 2397 992 1414 817 1046 463 260 2344 1552 2419 659 2241 1092 2800 2545 1381 550 518 1796 2631 305 2358 2337 486 562 2307 712 2046 155 2439 2133 1202 900 1788 2088 74 911 2724 2538 1029 1878 563 1146 2837 784 622 1658 134 445 2652 1782 826 1045 1208 4
000440.jpg,982 1470 1531 763 887 2225 2065 748 2328 114 2723 2792 916 2042 2491 227 517 1667 841 1578 1579 1791 819 1179 2575 945 1585 1977 2682 118 2252 639 567 2310 1770 1063 382 1854 2778 808 919 778 2647 930 9 1769 2711 1651 1211 998 1583 1354 952 311 1851 579 2097 1920 2349 928 25 1210 528 875 2793 7 2459 566 1209 2559 2618 1970 2416 2379 2488 2026 1154 2304 1657 975 492 151 923 1368 2729 1367 513 512 1271 515 1239 1528 2658 1566 2081 2049 1963 2462 910 1864
000441.jpg,2185 1129 1411 2584 1694 2517 143 1440 386 718 2529 795 1684 2271 2298 2616 787 958 810 1445 1360 2619 638 30 1514 697 1630 2460 2139 1446 557 1294 71 1112 2833 1925 2363 2524 1619 879 299 665 2481 273 2104 1215 1982 1863 1242 1258 1366 2844 2246 2092 1939 1814 2731 264 2455 1122 262 1373 641 667 969 2385 1816 2771 1009 888 912 2371 1652 1270 837 1480 2484 41 352 741 1589 1264 2576 913 1887 1539 1494 234 1824 2633 2662 2727 2659 1776 842 1549 2776 706 2834 1735
000442.jpg,1145 2747 2098 1047 612 1023 1976 141 461 2055 477 401 453 981 1628 2775 595 208 1510 174 1872 2163 164 1415 694 2587 2636 760 1163 731 1717 2655 72 2009 156 1160 1688 823 2126 399 1784 816 2469 177 2122 2274 1599 1085 2679 437 1100 755 99 599 2829 2537 460 2577 2218 1233 1241 1089 1808 666 2722 172 1504 1404 1436 2074 222 1903 1155 380 2450 1736 2642 1638 2446 1806 2342 73 1321 2645 1933 2392 1098 935 2750 850 2071 2355 1305 2452 1790 2691 2201 836 2362 2432
000443.jpg,956 38 1882 1995 2476 1536 1638 20 636 167 459 2268 42 1709 115 396 2678 1911 1697 2168 661 2573 1318 448 2167 1456 2623 2425 2593 1200 1797 1525 1880 2691 2222 2197 1267 1082 1806 2572 1108 1170 1726 1090 2261 630 2194 1671 1763 2432 836 1387 2216 1205 922 2263 1308 1380 2096 2807 762 2355 1537 894 2342 732 1098 1032 181 829 850 37 1400 300 1153 586 2823 1336 1736 2153 669 924 2831 8 1286 2201 1768 2156 1057 2278 443 2420 1006 2535 621 2554 2313 620 2791 6
000444.jpg,1525 2263 2623 1280 1371 2678 1084 1198 2572 1726 2116 2386 1205 2761 1960 1768 2562 1536 270 2498 1083 275 2141 1251 2720 84 181 2030 1880 1596 1318 1866 636 1364 387 1802 971 2048 1659 2442 6 644 2522 894 43 2303 1199 2153 2807 2503 2188 419 2791 1283 2831 2554 183 96 732 2476 1108 45 2448 1458 2688 2612 1064 398 281 762 2401 481 620 1365 106 2760 2425 1632 2348 861 300 785 40 1570 2608 2115 2705 1032 941 621 2168 236 1927 490 189 2718 851 2056 661 1882
000445.jpg,751 1057 1836 2437 1678 1914 2785 1672 2745 1713 1116 88 1224 1732 777 1714 830 1450 230 2275 2202 1147 2239 1476 1856 603 1620 187 1091 2518 1517 2073 683 2190 1449 1073 2684 1996 2422 2733 462 32 902 1178 2441 1749 917 1410 1523 132 824 1841 2033 2495 590 47 2129 1120 378 1950 1382 2525 87 371 95 576 541 926 2523 104 2630 441 393 1014 1838 564 1646 2106 2238 1601 811 1192 469 2020 2383 1195 818 2752 1594 863 1943 2377 339 2780 610 321 1304 648 695 2653
000446.jpg,783 1093 949 2737 407 1343 1914 940 1856 2785 1004 2111 2441 341 540 2827 1103 1999 2112 2242 617 2202 983 1683 2745 2190 310 596 95 1898 1996 88 695 777 2114 1561 1091 198 1476 132 2422 1176 1773 2317 766 1224 230 2413 1743 1631 2542 328 1693 2238 1535 462 1795 1434 1116 2759 2180 558 1298 1713 75 1847 2718 1161 832 1714 1801 2295 63 1846 2644 2585 1230 1513 135 1672 581 2733 1838 364 1447 2523 516 2281 60 2022 1304 146 1482 291 2386 2116 1019 2807 16 2547
000447.jpg,887 1531 1470 2792 748 118 567 1791 819 1585 1667 2065 2575 2328 2491 808 1579 1179 841 114 1354 945 1977 919 2304 1578 1770 2778 923 982 9 952 2682 639 2647 515 1769 311 875 2723 1210 975 2793 998 1651 2349 930 2416 1063 2559 2618 1920 1854 1851 579 2711 1154 25 1211 7 2379 492 2459 1209 382 778 151 2097 566 928 513 1271 2488 1368 528 2658 2026 2310 2252 1367 2074 2042 1583 763 1239 512 2225 517 916 1657 2729 1970 1528 1599 227 399 73 2299 381 437
000448.jpg,2328 2491 1179 1578 841 945 1063 1579 2682 1977 639 2647 1651 1920 1770 2252 9 2723 887 114 1531 1470 2097 748 916 2042 1667 819 1585 2575 2792 2310 1211 1528 1791 982 118 998 1769 919 2778 952 515 1354 227 567 1583 2065 517 930 1851 2349 2459 2225 763 2379 928 2304 1154 579 311 778 875 2729 382 923 25 1210 2488 2416 492 1368 2026 566 1854 808 1657 1367 2793 975 2711 1239 512 2618 528 1970 1209 2559 7 2081 151 2334 2462 513 1643 2658 1819 1402 1864 910
000449.jpg,783 1343 949 2737 940 1004 2112 1999 1103 1434 1856 2441 617 198 2827 2111 1561 75 1914 310 983 2497 2785 1693 2190 341 596 2542 2745 2242 1298 695 2202 95 1743 60 407 1093 1176 132 1161 1304 1091 2656 1773 88 2149 1513 803 364 1535 2413 328 832 1996 766 149 1230 2238 1683 989 2644 395 1795 2040 529 63 1334 1019 737 1116 1476 1672 581 540 962 1847 182 1713 374 1971 2113 824 1197 2022 2129 2016 2759 39 2114 777 1786 1846 2547 2281 2323 101 1760 1785 2066
000450.jpg,2210 2520 640 1272 13 1041 2421 1754 1038 2671 1949 377 828 2578 323 2828 2602 1374 1668 672 933 370 2047 1189 2629 2539 865 56 2428 1429 964 2038 2032 2798 2423 2415 2221 743 1399 2120 2031 332 1337 2568 2217 427 1890 681 554 1070 289 555 292 1562 2029 417 1033 1553 62 176 868 361 340 429 1686 1430 302 597 886 878 2668 2743 1888 1398 142 1952 21 2267 1418 2380 1492 893 2451 1049 78 802 1793 1477 988 121 729 1699 199 2808 358 901 2786 1256 536 1393
000451.jpg,1993 1617 2241 1045 1422 712 1444 1552 1328 947 735 197 1663 2050 2011 2840 445 169 1782 900 2826 1679 463 260 563 1623 1437 2836 2130 1710 1307 259 645 440 1486 2454 480 550 2289 2837 134 2649 2707 1369 179 155 312 1934 221 51 2082 2133 2270 1102 518 2769 1489 1878 2375 348 1860 2538 2544 188 635 556 2501 860 2439 1788 1895 305 1405 1926 1386 1544 925 1054 1840 943 987 85 1123 2767 978 559 1649 769 2832 547 2088 1381 1656 26 2397 1148 2312 2628 1658 1253
000452.jpg,399 73 1599 437 1233 2074 380 823 2163 981 1628 453 401 1510 208 2587 595 2469 2126 731 1160 1717 2655 760 1872 99 141 1145 2055 1023 461 2636 2009 1976 1784 72 477 694 460 1047 2098 1085 2122 612 172 2747 1903 816 177 2679 164 1163 2829 174 156 2577 1241 2775 2722 1415 1504 222 1436 2274 2691 1808 1682 1479 1688 850 599 320 2355 1098 2512 2218 2362 1321 2446 2262 2318 2537 2750 755 1676 1100 2201 2432 427 1404 2642 1154 2420 1305 1155 935 2645 923 515 311
000453.jpg,2043 2810 2171 1697 650 2666 2816 1188 1153 1891 922 411 807 2346 1456 1916 759 6 468 1858 582 1882 285 2643 1221 1284 546 1723 475 2313 1763 1260 732 122 1702 1083 1603 620 1865 1797 2261 820 1227 829 2841 661 1541 37 181 1610 1761 1139 980 2194 1090 2168 956 669 2476 750 334 1015 476 2167 372 1884 2706 5 38 2278 1696 448 1515 1537 2425 1560 2677 1082 586 1953 2118 971 1995 1768 1308 2048 609 1844 229 973 459 636 2720 1380 2688 1570 1250 997 1933 2404
000454.jpg,1836 2437 1672 1057 1749 1914 44 2202 2785 1483 16 2745 1476 1178 88 1304 1449 824 1856 95 1447 60 2190 1224 2317 1116 2441 1713 1990 576 1727 1469 2547 1103 596 1714 132 751 2058 2555 376 761 230 47 777 441 1523 683 1620 2249 834 1176 2111 1678 1091 2695 2700 1838 2523 1482 2422 2180 2827 603 1732 1593 2383 983 2080 2497 2275 1277 2288 564 695 1535 2281 832 2495 1999 1996 1450 830 1073 926 946 1743 483 1353 1357 2129 104 39 1180 2096 2737 2641 1147 1818 34
000455.jpg,1710 197 463 2011 2840 1045 1489 445 1617 2375 2241 2836 1782 1444 712 735 947 433 179 2050 1663 1328 440 2130 2289 900 1934 1102 860 1656 169 1029 1422 2649 1993 1369 2817 2454 1552 1926 2832 1701 2790 1437 489 1417 817 2397 1486 645 2837 221 1307 1788 2826 480 348 563 925 26 312 2501 943 1679 2082 1870 1407 1624 1386 1405 550 2411 51 2270 1752 635 970 134 2528 1658 556 2767 2769 260 155 188 1644 1649 1381 1640 1544 2300 987 1623 2133 518 2707 2044 547 1253
000456.jpg,2045 611 1319 2023 1584 188 85 2755 1407 556 2790 463 1934 2411 1926 1796 547 1102 943 1656 2528 1422 987 1617 2817 1644 2544 817 1386 635 2082 259 1405 2270 2300 221 1029 2545 712 2501 2044 1788 312 4 1993 2034 1545 826 258 283 1428 2397 1624 2344 2358 2832 2837 2564 2800 659 2454 747 2307 1146 197 1158 1848 2069 860 2007 26 2076 1381 1414 2419 550 1782 1369 1261 2670 201 1895 2836 1417 2652 1316 1046 2200 1208 1737 1701 2724 1486 1416 559 1636 1313 1307 977 978
000457.jpg,2455 2063 837 1009 234 1572 352 264 1520 913 2484 1159 1 2727 2399 2844 1025 2371 2833 2092 1814 1349 2731 267 1815 1238 2139 1291 403 299 1589 1122 667 891 1982 2541 428 1373 1539 1925 307 2776 262 2576 2834 2269 2771 1619 2158 2385 2215 888 2797 641 741 17 1735 1366 223 90 991 2635 1571 1615 1509 1816 1863 2633 1622 1807 1480 2431 2273 46 551 1824 2783 573 1549 1660 969 342 2717 2338 892 2607 2403 1776 1540 349 879 814 1295 2138 1618 2226 2189 1684 1698 1350
000458.jpg,1583 998 2252 1970 517 778 382 1854 2682 2711 1651 928 2792 1657 1179 2729 1063 567 1791 930 118 1977 2778 1579 2491 1578 2042 2310 916 9 227 871 2328 1531 919 639 841 2379 1354 1470 2647 2018 952 1769 748 1920 2097 887 808 1851 2225 2146 2065 2284 2550 763 1507 945 114 1367 2723 1239 982 719 107 1368 2008 764 1211 2793 1289 1770 2488 1177 1566 2459 2414 2604 1210 2361 2019 515 2551 311 1154 2349 819 1667 1271 2304 579 492 153 7 875 1351 2658 1691 35 2026
000459.jpg,1721 1876 2809 1473 12 1055 2294 2766 2728 140 1868 1944 2499 1452 2068 864 598 508 2315 627 1125 2580 1753 994 67 531 2558 2622 526 601 2685 1463 1067 2207 1998 1165 2041 165 608 2719 1439 2825 2051 1980 431 1557 97 2292 2319 447 2077 2702 1935 1390 1027 494 2777 1130 70 2478 315 116 2435 2736 725 692 2757 1725 274 722 1547 442 2057 18 2772 1677 2665 2302 1076 1759 2583 1842 790 1942 1825 246 2741 1408 79 686 1606 1056 2286 191 2510 2598 1899 767 271 2436
000460.jpg,478 2467 2690 346 2821 402 363 108 471 936 753 2398 1438 2407 1008 1220 2301 628 2505 2465 52 786 1481 1662 2244 484 1692 1465 418 430 467 2429 1378 758 1022 2059 1048 780 534 806 389 1918 2634 840 452 1929 655 331 1026 2765 1124 504 1275 2687 53 1730 2285 2611 2632 138 2669 1612 61 1787 1822 207 2025 1143 290 1273 1097 643 2070 1018 782 2806 1039 1789 89 225 113 999 192 295 2062 1475 654 1293 1118 1140 464 726 1187 2470 2142 2396 625 1506 1024 2531
000461.jpg,2583 1810 67 2509 1001 2350 2121 627 249 202 1075 1012 1406 1944 1055 2294 2728 1212 2319 338 137 2748 494 2766 442 165 1243 1126 2741 2305 2135 116 1379 1120 730 725 97 1606 2719 2041 2518 899 692 1869 2248 1130 2292 2057 1547 2736 1131 686 2382 112 1935 2598 2842 2701 1886 2329 1147 1067 404 2825 1959 2683 1678 1463 1076 2151 1110 2558 1937 876 1020 447 79 1969 246 1195 29 2746 1134 2302 1670 2291 749 2290 804 1165 2511 1557 1805 2207 811 2251 1466 881 10 286
000462.jpg,1721 2809 1876 1473 12 274 2435 994 608 864 2438 1725 1906 394 2779 368 444 1899 526 1879 1439 677 682 1931 2057 637 657 2683 2708 2657 2499 2051 1027 1592 939 598 1035 790 2561 1711 2762 494 1881 2580 1433 67 2308 627 2829 1817 2589 140 447 2712 1868 1886 2599 574 146 2569 2291 2766 2526 2617 521 278 1902 1125 1394 508 136 531 1555 1892 2736 2625 545 2077 1150 2704 2510 2719 1908 854 990 1677 1703 1056 692 1452 2478 1185 2583 491 2777 2037 284 177 297 1952
000463.jpg,1361 1451 2000 1559 727 658 589 2054 1175 485 1306 1951 614 1106 1786 2072 1971 1257 1207 2787 1137 483 646 44 1483 1798 1300 962 293 1672 2656 76 1353 1230 1447 1213 803 1019 1091 1334 1389 291 789 376 954 1535 572 2579 1333 251 39 2113 16 240 1115 564 395 2149 63 2784 2540 1357 1427 2288 2066 926 832 1513 1743 374 1558 2409 1561 714 2040 364 1693 2644 989 2504 215 2178 1180 1593 581 2495 545 1996 1900 2785 2381 341 304 2437 1685 1801 2546 1161 2242 230
000464.jpg,1453 1901 2713 2433 1490 2309 1496 2376 2034 1316 2721 1796 2556 2545 1860 305 201 1569 562 715 100 48 64 2272 563 439 1640 2826 51 155 168 1965 260 2815 1148 1636 2088 2650 486 784 1948 231 1840 659 2337 1878 440 2241 2289 518 645 1307 559 1658 2538 978 1584 1416 1096 712 445 1623 2439 1437 900 1617 2133 1381 1123 2553 950 2050 259 1679 1422 2352 2649 2454 1544 194 769 1752 1486 550 2007 735 2840 747 2652 2836 965 161 1054 2358 1369 1045 1993 169 1782 1848
000465.jpg,783 949 2737 1343 940 1093 407 1856 1004 2441 2112 1914 2827 1999 341 540 2111 1103 983 310 617 2242 2785 2190 2202 95 2745 596 1693 695 198 1773 1561 1743 132 2542 1176 1683 328 1434 1161 1898 1846 766 1996 2413 88 2238 75 1795 1476 1091 2114 1513 558 1019 1535 63 777 2489 832 2113 1847 1224 364 1785 2022 149 2497 230 1116 2759 803 737 2040 2178 2129 2066 1230 1713 2656 60 581 135 101 304 1304 1672 1213 2386 2422 2281 529 1685 1631 462 2295 1714 1298 1593
000466.jpg,1967 390 1635 1715 1050 1648 2406 1293 1097 1822 2053 1317 1187 159 1037 1143 1395 1756 1140 1124 580 1755 655 1918 2061 1921 326 430 331 1118 2062 1647 2402 1472 2236 31 805 1612 314 1972 1568 2632 2465 2505 1048 1018 1303 782 799 1692 721 113 643 478 1026 936 2301 2407 2715 2611 1011 1475 2232 2765 138 1216 2398 89 1662 1297 471 1008 2693 1829 108 2531 1438 628 1039 402 753 1378 1024 27 2467 363 2687 999 389 758 1730 1706 464 1929 1503 1274 1506 1220 654 653
000467.jpg,1349 234 913 1572 1 1520 2727 352 1618 2339 2399 511 1540 2834 307 2466 1025 2158 2215 2541 1615 2226 2340 2635 223 892 1630 46 1684 969 2246 2298 1360 961 349 2709 1291 1215 1238 267 2710 958 2619 1446 685 1571 2372 1539 2517 1294 2175 17 891 1939 1514 127 537 1258 2444 1270 2138 638 665 30 787 1698 1129 2473 2271 2529 342 551 1242 2481 1524 414 697 2223 1445 641 2662 2801 573 2213 71 2524 143 810 2063 1803 1009 837 2338 2253 1159 1059 195 403 2455 1811
000468.jpg,1056 2558 1944 165 1055 2294 1464 2382 1076 725 2248 2813 2135 1937 2728 2286 1130 1639 146 948 137 899 2842 2825 1212 2393 1547 1825 686 1126 1134 2736 2305 2511 1463 804 246 204 2258 1606 1935 116 1067 1899 329 97 647 2207 692 1185 2741 494 2041 2580 491 1452 682 1777 2292 447 2639 2057 1841 2435 1874 677 2569 2766 2068 2438 79 1223 1592 362 2683 2708 1940 2291 1868 2319 442 140 2665 722 2719 974 1986 2436 574 2506 657 2598 2733 1962 462 526 608 407 1408 1473
000469.jpg,2152 1113 84 2572 1371 1458 941 1144 2494 1960 762 327 300 2503 2571 2386 2678 1616 1139 1336 594 244 40 1687 851 909 2502 482 398 1726 1198 2197 815 1013 509 2079 1987 183 1605 2115 2160 106 1400 2761 844 1315 2421 1949 270 2620 1866 2116 420 621 2348 629 2056 1927 2203 940 1184 882 644 1199 45 2457 2720 1183 1661 2677 1696 2688 1477 1064 1397 171 1221 1768 818 1592 781 2194 1570 2263 214 2497 1882 298 117 491 2448 2080 2605 1738 1365 850 2162 971 2768 2705
000470.jpg,757 135 558 2295 1533 1728 2413 754 1689 2024 24 2143 213 2430 634 1231 184 426 1597 853 1296 1448 2756 119 1383 2638 80 1478 1312 2408 1984 1265 1804 2615 1719 2472 218 2533 967 2320 520 1149 707 1945 232 739 2021 29 1898 424 2354 752 19 2508 1849 91 529 2235 1722 2260 286 2277 1269 2566 388 2172 540 2673 1093 498 1801 2366 1766 2725 792 1733 499 1867 1035 293 1061 1529 473 1683 2464 2390 1839 163 444 2561 2169 1996 2644 2323 1889 2351 1426 2759 545 1326
000471.jpg,2328 1179 2491 1578 1063 841 945 1579 1977 2682 639 2647 1651 1920 1770 9 2723 2252 114 2097 2042 916 887 1470 748 1528 1531 2310 1667 819 1211 2575 1585 227 1769 515 982 2792 919 952 998 1354 517 2778 1583 930 1791 118 763 1851 928 2225 2379 778 567 382 1657 2349 311 2729 2304 2459 875 1154 2065 1210 1854 1367 923 579 2618 1368 2559 492 528 1239 2026 25 2711 2488 566 2416 1970 975 2793 512 2081 1643 7 808 1819 2334 910 1864 2462 1402 1209 1566 151 2474
000472.jpg,2648 2138 961 511 2820 352 577 892 46 2340 2158 1572 223 1540 2466 1324 2215 1615 2709 2013 913 1 147 234 226 969 1009 1421 2834 1349 1816 2783 1815 879 1520 2266 2339 2372 2455 472 1530 600 2595 1698 2727 1159 1863 1270 267 537 1291 1366 195 1619 1925 1618 2253 403 2541 2460 2635 551 160 2619 1994 1238 2223 1622 2100 1078 1803 127 1814 342 2094 2481 891 1824 837 1630 2104 1571 1480 2186 1101 787 1355 557 2616 667 1509 2399 2363 1025 1409 573 1167 2226 2710 810
000473.jpg,2049 607 2093 530 1604 631 446 1301 2282 1518 1981 1237 2796 1567 1058 2140 1017 451 1290 2660 2596 1909 2392 1879 2064 2357 966 1331 921 2543 394 1002 942 1978 2458 1614 1119 1673 2085 1384 337 50 1613 2369 1705 1893 1742 1695 2696 487 54 2257 2664 1739 1000 662 710 1495 908 1031 813 542 2782 2600 2262 1853 1681 355 984 1105 1906 1370 791 243 2682 1396 1508 2042 660 2803 1554 1287 227 2459 1516 2609 2259 1676 1800 1621 1565 416 1179 288 639 916 460 2310 1578 2491
000474.jpg,418 1481 52 780 806 534 2059 2429 484 2244 1465 1662 53 786 346 452 2285 1475 290 2821 268 131 1378 2470 726 1875 464 1022 1789 207 653 2467 61 2690 225 2531 1706 927 478 1831 467 1655 999 2301 495 363 2693 1024 1787 2687 1843 2407 2236 241 1438 1275 471 389 314 1273 108 2396 2765 2565 1929 758 1262 840 1568 2505 1008 402 1503 2465 2025 2669 2715 455 936 331 1730 33 2142 192 2698 295 2806 1692 1220 2070 753 655 2634 1124 504 1140 2398 1506 1097 838
000475.jpg,2411 1102 2790 1656 2817 1644 2528 1926 943 221 1624 1405 1934 817 2501 2832 312 2300 1407 635 2044 85 987 556 188 2082 2270 1386 611 547 1319 1146 4 1752 1617 283 1737 1202 712 826 1422 2069 2397 1545 2389 2574 1045 626 1489 1983 550 2454 259 1993 2367 463 1369 197 2011 2670 925 1710 480 2826 2344 977 2544 1796 1782 1029 2649 2241 1437 659 1208 900 2200 2477 2836 860 1092 1552 1381 305 26 613 1417 2375 1414 947 2419 2800 1444 1701 1428 1788 2307 2837 445 1158
000476.jpg,2080 1482 441 2383 1523 2695 575 2754 2019 1691 373 845 584 1016 2395 2550 107 1177 1147 1507 1450 2414 1678 2518 2604 2641 1120 1104 1669 830 1183 2733 2176 55 1517 462 397 2780 603 1169 728 2684 1620 818 2525 2106 1382 863 2447 775 2159 2630 187 1626 2605 279 1194 2586 1318 1805 357 1732 861 2368 2166 393 2752 2360 2275 1410 917 2718 32 1943 2651 2239 83 993 2033 2804 902 1259 834 2234 2805 2807 1919 87 1244 590 1028 1646 379 2563 102 541 794 1192 1152 2802
000477.jpg,2044 2501 1934 2545 85 1796 2034 562 312 100 259 155 1656 2411 305 987 2713 2241 2721 1636 992 1102 201 1860 51 2433 563 1316 715 1569 2046 188 2007 2826 1640 1381 659 486 2439 260 2309 1840 2832 1658 1848 1046 1428 547 2817 556 1993 784 2528 439 2790 1965 1926 635 1878 1901 497 518 168 2337 1544 2088 559 1617 1386 978 1405 221 2376 1782 1586 900 1422 1158 64 1552 48 2358 2631 1096 1983 943 2556 2272 1490 1045 445 2836 2300 219 2840 550 611 2419 2352 1486
000478.jpg,468 2823 1858 2313 752 229 448 1865 2425 2476 1797 1610 1560 1199 1188 959 759 411 1953 2197 620 2150 1907 1217 2643 1153 669 2562 2278 181 2612 957 807 2498 2807 476 43 2720 309 1015 861 2442 2706 5 1171 980 509 1227 971 1260 732 785 42 1696 2751 22 1596 1108 829 2760 2457 997 1889 644 1318 2169 2141 122 592 2261 1697 1536 2216 1515 2591 1214 1703 1426 1288 183 2725 1884 2448 2464 2182 1044 387 2056 1232 8 2507 1904 2608 1768 1671 1761 636 2160 1702 236
000479.jpg,1967 390 1635 1715 1050 1097 1648 1293 1822 2406 2053 159 331 1124 1140 1756 580 1317 326 999 2236 655 478 1037 2465 2505 31 2765 314 1395 1143 430 2407 2301 1755 726 1187 2062 1568 2715 363 1918 936 1662 1024 467 1475 758 1378 1026 1706 452 389 464 2687 2531 628 108 346 484 1730 1008 1921 1789 2634 471 1216 1438 1472 643 927 805 1118 799 1647 786 2806 1612 1929 753 1692 1275 2821 2059 455 2061 2467 1831 2611 2632 89 2398 1018 2429 782 1011 402 1262 1022 1655
000480.jpg,2164 239 1781 2091 2794 525 2311 2280 245 1248 49 2173 139 654 408 1435 625 1356 209 1282 296 838 252 383 356 679 2396 1505 2669 192 2070 1787 1598 61 216 2137 2025 2232 1141 858 207 1506 1127 113 1780 225 822 27 1568 653 1500 402 1317 2406 1124 1274 1022 1168 495 2693 1472 1299 1037 1187 805 2053 1648 1395 1918 936 471 1967 1715 1635 449 131 1755 1756 1216 2236 1140 1378 1829 2301 390 241 2531 2465 1018 1843 1475 1008 806 2407 1048 1438 430 1612 2505 782
000481.jpg,702 1830 848 768 903 1114 1107 931 1767 2388 1845 65 1908 284 2471 2601 1340 522 502 1235 2667 990 2624 1310 1608 250 126 578 1720 2276 1821 688 1254 835 103 297 1512 1323 1391 684 1975 2314 1413 1186 767 2315 315 277 2323 2302 2622 1759 1390 601 1557 1165 962 2702 2757 211 395 191 2663 2 1989 973 18 676 1980 1458 2772 1620 338 2777 2495 1075 2620 1834 398 1460 1753 1538 70 2685 1798 2532 1125 2015 1144 2746 1406 951 1450 830 1839 369 2299 1012 531 2510
000482.jpg,1221 582 546 285 1882 6 2043 2810 2171 2666 650 759 807 2816 1702 1083 2643 1891 732 620 181 1260 1153 2346 1916 1188 1697 922 1797 475 1723 820 1541 956 1603 1858 2313 468 750 411 1139 2261 334 1227 1570 661 1456 353 98 196 2194 1605 1763 1761 636 2841 2807 37 1696 2278 2152 2502 629 2677 40 2476 372 1284 973 2425 776 1318 298 1865 2048 1768 829 281 84 1397 2761 2688 2768 2179 1199 941 148 851 594 1380 420 1953 586 1198 2168 980 1536 2823 1285 2348
000483.jpg,1755 799 805 1756 1317 2236 1395 2061 1475 1647 1967 1921 2693 390 2402 1635 314 721 1972 806 534 1831 2429 1655 1715 653 1303 2059 2053 1662 1568 484 363 927 1789 1050 1378 999 1918 786 2244 1124 780 2301 1465 268 2465 2505 1706 471 1024 1275 936 108 464 467 726 2407 1022 1438 402 2232 561 1929 2687 455 2531 2765 418 131 1273 1037 1140 452 412 1612 2806 295 1008 1274 52 1787 2698 33 1875 389 346 331 1039 1262 53 1829 89 822 1282 753 1216 782 113 1481
000484.jpg,418 1481 2285 52 806 290 780 452 2059 534 268 2429 131 484 53 1662 1875 1465 2244 2470 2531 653 1475 346 2821 1022 786 726 495 1378 207 225 61 1843 1024 2565 467 464 999 1789 1787 241 2467 1503 2690 1706 478 2687 2693 2301 2765 2142 389 2025 840 1011 2396 1929 927 1275 2669 1831 2634 363 295 1262 2806 2236 758 455 1655 1730 1568 2407 192 2505 2465 2715 108 33 1124 1008 1039 314 1932 331 1780 402 936 430 2053 1438 471 1692 1140 753 1220 838 1273 1216
000485.jpg,1417 860 1489 1701 1788 1710 1870 26 2769 2454 348 2538 2649 1369 925 712 769 2050 161 480 197 2714 1895 433 1617 1045 1328 179 2289 2375 550 2721 2011 1029 735 1569 305 1782 2817 2840 518 1993 2528 947 463 1679 562 1796 2130 445 440 817 2836 1926 1407 1644 1422 173 100 2707 715 2837 1934 1437 2241 188 2790 645 1663 1313 1658 1649 1627 51 1545 2300 1656 2556 48 611 1444 2034 2544 1624 1381 1623 169 2397 1054 635 2200 2646 489 900 259 606 59 2411 2389 64
000486.jpg,1248 1435 625 2311 1781 1356 679 239 2164 216 525 2091 1598 2794 1505 245 654 383 858 2173 1282 2280 209 252 49 296 139 408 356 2070 2232 838 113 782 2396 1018 2137 1506 1127 822 1141 1961 27 2406 2669 1648 2062 2017 1048 1472 2632 2316 1787 1187 655 33 192 1026 1021 1500 1692 1967 449 618 2025 653 390 1635 200 643 61 1941 2773 2402 1647 131 2698 1297 1317 1715 1780 2236 2053 1568 1875 1011 1972 1755 31 455 1917 207 1050 1612 2693 1475 721 1168 268 1274
000487.jpg,2178 2113 304 2066 1213 1115 2546 1389 1785 1019 2022 1333 1228 1300 63 545 1685 149 1175 485 1951 182 1306 1394 614 954 962 898 1743 1760 2656 1693 2504 1166 101 727 617 341 1971 1137 1161 1712 374 2040 1559 2827 1230 658 1561 2149 1343 1361 572 1798 983 2242 2759 803 1257 1513 407 2238 1883 328 364 2072 737 1773 1786 695 1207 310 589 215 714 1087 395 2542 132 2409 2323 1683 436 1176 2016 1106 1928 766 1334 1847 1451 2441 2787 581 2190 989 2381 2129 1593 789
000488.jpg,1545 2389 59 4 1202 312 626 1146 2832 987 85 1752 2270 2367 1926 1737 556 1102 2790 2082 1656 2300 547 1407 1624 1386 2817 1405 2411 635 826 221 1934 817 188 943 283 1644 2528 950 611 2501 613 1319 2044 1799 1422 860 463 1993 2477 1617 2069 2840 1489 2375 1701 1316 2011 2454 1788 1623 1552 2312 445 2714 1029 259 1468 1437 1328 735 712 2544 134 197 1417 2241 266 1444 550 900 440 480 2515 1679 2769 904 2826 2397 1045 1796 977 1190 2050 947 2424 659 169 1710
000489.jpg,472 1803 1509 991 641 1807 2094 1530 551 147 2385 2771 1059 888 1373 262 1295 160 1078 342 2595 1167 2444 1811 2138 577 127 1355 741 2710 1862 154 2431 1607 537 2749 961 1341 1421 1069 2731 1524 226 2740 667 2266 2758 2513 1619 267 1291 1238 1982 1925 1629 17 385 203 1863 1540 2175 2104 2340 1520 891 352 573 814 2468 1735 1539 2797 1988 223 1025 2455 1081 273 2776 2399 2635 1242 2063 1278 2619 570 403 583 2456 2255 1660 2811 1652 879 2648 2339 2189 1630 158 2139
000490.jpg,493 1358 1034 1234 2174 2004 1861 57 210 2418 1792 859 366 1392 1580 280 2125 2461 1930 793 1758 570 1196 976 1279 2672 797 689 1276 1665 1575 746 2374 1859 2327 133 1724 1664 2694 756 1947 2456 2838 2186 548 1375 2330 1765 1776 663 2206 228 1457 2739 1072 880 1551 857 1193 2039 720 158 294 2332 1086 801 263 1877 1191 885 2659 2581 242 77 1350 2590 1887 2356 2123 588 1043 2321 2662 704 1542 421 1675 656 287 422 1432 1345 2184 2127 706 842 2548 1229 583 2703
000491.jpg,2049 530 631 2282 1604 1518 1301 446 607 1290 1058 2064 2140 1017 451 2796 1981 1237 2596 1567 921 1909 813 2257 2696 1554 1384 1673 1396 1331 1742 1613 2093 660 1370 662 2782 1105 2660 1614 243 542 355 337 1739 710 2259 360 487 1853 1000 2664 966 54 1681 1893 1879 2458 942 1002 1978 2085 2392 1705 984 2369 50 2600 1695 908 394 2543 2519 1119 2243 2357 1142 2803 1094 2006 2005 1495 2251 800 1455 1031 870 2087 1508 2697 1466 2560 2417 678 774 1850 855 791 1174 1936
000492.jpg,1416 1096 1948 2272 2815 1316 1860 1496 1965 2556 1636 201 1051 1362 2721 2713 1897 1569 715 2034 1261 497 1796 1218 1658 2352 562 2309 1586 155 439 305 2628 64 2241 51 48 100 1381 2433 194 563 2545 1901 1490 1584 1453 231 260 2376 1617 659 712 2755 1148 1993 2826 1640 1552 1544 2046 319 2650 1840 645 1307 1123 445 784 2836 992 486 559 1782 168 2088 674 2439 1486 906 2553 2337 2454 747 1679 518 547 900 2631 2289 2023 978 1623 2076 1878 1045 1437 1046 2840 1369
000493.jpg,196 353 776 1643 98 2474 585 2081 1819 1864 1402 1625 910 2067 2334 869 701 2462 781 2103 233 1963 1042 809 2361 381 1344 2353 2256 276 2027 515 481 2152 923 2157 2141 1063 2304 1744 1667 2457 5 244 748 1454 609 1661 1515 2026 1579 114 2459 69 512 998 1519 2264 815 629 2723 1272 492 25 2582 2162 975 566 2336 952 2502 919 1204 1354 13 1583 640 9 2618 1632 2726 2048 1987 40 841 43 871 1949 2001 1769 2485 509 323 84 945 106 2101 1770 1154 592
000494.jpg,257 937 1527 2377 535 1731 1871 1138 1894 406 2613 1516 2145 1385 1779 811 605 410 392 1800 1645 2843 1068 365 1526 336 742 1455 821 1079 253 1498 1040 749 2341 1707 1007 544 112 1992 2549 2102 434 1131 648 773 1110 248 2788 2516 288 2763 1133 2219 1005 94 2364 610 1783 2730 2830 1309 2290 1634 1379 673 1325 1966 1311 435 1424 1794 568 2609 2746 2196 678 709 2417 730 2299 1020 855 2243 1670 1466 1419 1946 593 1511 1969 1442 301 2560 870 717 338 1142 519 186
000495.jpg,239 1781 2091 2794 2164 2232 2280 2137 2311 2173 1248 822 525 209 296 1282 356 245 1435 838 408 139 625 49 1356 654 1568 2396 192 252 1505 383 61 679 1127 2669 2070 2693 207 1598 455 1787 1755 2236 113 653 2025 225 858 216 1506 1475 1262 805 1317 1274 799 655 1780 1692 1756 1635 1612 1967 806 390 1378 27 1472 2053 1831 1647 1655 314 2017 1050 2402 331 31 1273 1715 2061 782 1141 1706 2406 2059 290 1972 33 2429 1018 131 1662 643 268 534 1297 721 159
000496.jpg,967 2320 1149 1728 2533 2756 754 1804 1231 2021 29 757 1719 293 2673 286 2172 739 1533 2413 2295 213 1448 135 184 558 2408 2024 2615 2224 1478 1265 426 792 1984 1296 119 2472 1689 1383 80 1312 91 2430 1597 2143 707 24 218 2638 634 2296 2354 240 1269 1849 853 2235 789 2277 1945 520 1722 232 2787 658 376 1529 1867 727 424 646 2579 395 2390 529 2281 19 1733 589 1469 2566 1847 2323 2744 2540 564 1996 695 483 926 498 1447 1818 2644 1213 1176 76 1361 1801
000497.jpg,1045 1617 2241 735 2050 2130 440 712 179 1444 1782 169 947 2649 1663 1422 2836 2837 1369 2454 1328 480 550 1649 925 1993 1840 348 26 51 1544 155 1679 2439 1623 1658 197 1381 1054 2769 1870 463 2628 2767 2840 1489 900 260 2826 1437 1486 1640 518 2011 563 1710 305 860 445 2707 2538 221 1656 2817 2289 1796 2375 645 1307 2082 2714 559 1417 2270 943 1926 134 1552 1407 2790 1218 2133 1752 1102 1934 1405 1029 659 2652 556 1788 1701 1636 977 2300 1316 2832 562 524 2419
000498.jpg,941 2152 2502 84 1605 2348 1139 214 2841 1602 1866 1953 1113 1371 1525 1171 2263 1280 244 2115 1458 2706 183 106 744 398 2623 2572 22 1198 2109 1214 1696 621 1084 2567 2503 189 270 1199 2203 2768 1960 2751 1365 1616 171 909 1184 96 1927 2030 1570 2060 2677 1987 2678 2197 117 851 2401 1032 420 594 40 924 1726 1283 785 2303 957 1738 629 300 509 1364 1397 236 2608 2705 2457 844 1064 815 510 2141 2612 2160 45 2760 1632 2761 959 1661 894 1251 2591 2498 2522 2554
000499.jpg,105 1778 2394 11 416 2110 664 883 1946 2711 7 1271 1419 2793 1854 301 337 808 2331 151 1325 256 318 2792 1963 243 144 1442 1992 513 1138 1170 517 998 382 1731 2353 2361 778 975 1077 1527 2147 1152 2718 1614 2575 94 871 1209 434 908 2734 233 2452 1331 1595 528 1970 1370 1155 2723 869 1585 1002 567 2559 2042 1625 916 599 1404 2377 1742 1100 1089 1040 2026 821 1119 2537 1424 2549 227 2618 2102 2416 487 1681 406 1526 1968 819 1705 2225 2600 2660 2642 2551 1633
000500.jpg,1925 1982 1619 667 2139 1863 879 2833 2371 299 2844 2092 2460 2385 1366 557 1735 1373 262 888 2576 2797 2269 641 1480 1816 2363 1549 428 2771 2431 2776 2633 1660 2607 1814 991 741 2731 1509 264 1122 160 2455 1242 837 2468 1530 1539 2484 2524 1807 385 1009 1078 2094 1295 2063 1589 226 867 2104 273 814 352 2783 267 891 1291 1238 537 147 577 127 2412 1607 1421 2185 2403 234 2529 1815 143 787 1338 1684 1803 1440 1129 551 2595 2517 2206 1572 2138 386 1824 2727 1520 203
000501.jpg,149 1760 1019 1712 182 2022 63 954 1333 1685 1228 1298 2497 60 1004 1434 614 2112 2737 940 1213 1785 2066 304 198 75 2178 949 1343 16 2113 1103 1749 1999 1389 1632 707 1304 1795 1727 1447 1483 1469 424 1161 1269 2054 2566 2249 2522 376 1773 783 1277 1867 1529 44 2152 106 1513 96 1722 1251 1849 1927 2354 2408 856 2058 1364 2787 2831 2111 1064 761 621 1115 2390 2441 2386 762 2502 2401 2413 2827 1605 815 19 1847 1856 1336 2203 213 1661 1137 861 1914 894 2115 2555
000502.jpg,1721 2809 1876 1473 12 864 608 274 526 994 2499 1056 394 2435 2766 1942 1555 447 1677 2051 444 1055 598 1944 1606 368 2294 1452 2580 1879 204 1725 2291 1931 1899 271 1439 1408 1892 2068 2683 2037 1463 140 508 657 939 2842 2440 1868 1771 2728 2825 494 2569 2057 2708 1592 2135 686 2438 1547 790 2292 1935 2719 682 2511 2639 692 2207 725 899 116 2625 1937 2357 1906 2741 2319 329 677 1902 647 1185 2736 2813 1777 1076 1067 2089 2183 1433 574 1548 1134 804 1639 146 2526
000503.jpg,2769 348 925 2454 26 480 1870 2649 1369 2538 550 518 179 2714 712 1422 2826 1453 1901 2050 2130 259 260 1788 305 1148 2840 2200 1617 2309 1045 197 978 445 1172 2358 524 977 562 1860 2337 563 2721 168 1701 2375 2544 201 900 1486 1388 2241 1437 440 1489 2606 735 1710 2148 463 433 2433 2088 1468 1490 1878 1552 1840 231 860 659 2011 970 784 769 2652 1993 219 312 559 2312 645 100 1123 1417 1496 1934 2650 2397 486 85 1656 1640 155 2035 2646 1146 2376 1895 2044
000504.jpg,1836 2437 1672 1749 1057 44 1483 16 1304 1447 1990 1914 1469 1449 376 2785 95 2058 1178 2202 2700 1727 834 1593 1856 60 1476 1103 2555 2317 576 1277 2745 2441 1224 824 596 1795 1161 291 2190 88 1535 2784 1513 47 1773 1632 683 1999 2827 761 2249 1116 2547 2497 1743 96 1927 483 1838 1004 83 832 2554 1847 1714 983 132 894 1713 1760 2737 419 940 2153 1176 762 2180 1638 441 2096 2111 1353 75 1300 1523 396 198 1032 2695 2383 1286 1482 1712 751 1790 149 2288 2426
000505.jpg,1836 2437 1672 1057 751 1749 1593 2785 1990 44 2700 1914 1483 1178 1224 1116 2656 1357 39 2202 2745 1106 2000 1713 2288 832 1786 1559 1714 824 2190 683 2149 564 2441 376 1535 16 2281 1476 1693 47 1451 1180 1856 1091 1971 2827 95 88 132 1257 926 1361 1818 1449 230 1447 310 777 1176 576 596 1304 2054 1838 2495 983 2653 291 2180 2016 60 2317 1996 483 1103 2547 2542 2787 695 2129 1601 954 76 789 1999 441 1161 2518 1469 946 2523 1743 2497 293 2296 792 581 2383
000506.jpg,2210 13 640 2520 1272 2671 2421 1038 1041 1754 323 1949 377 2578 370 1189 828 2047 2602 2415 2568 56 1374 1793 427 2828 2335 933 2798 729 672 2539 1337 1668 2217 2629 2570 2428 2839 571 2029 1429 2221 2387 1553 2108 901 2380 2032 332 1890 1764 429 743 868 1329 1070 1562 1952 2090 2808 2120 1430 1065 597 2031 417 2423 1266 554 121 988 555 193 2668 176 1910 1418 432 142 681 536 1699 886 1256 1399 964 839 1033 2227 340 802 1431 62 1492 2078 1686 878 2038 2786
000507.jpg,239 2091 1781 2164 2794 2280 2173 209 408 139 245 525 1282 838 296 49 356 2396 654 2311 383 1248 2669 192 1787 252 625 61 1435 1356 2025 2137 2232 207 2070 1127 679 225 1505 1141 822 1780 1506 216 1598 858 1274 653 113 1568 495 1475 1755 1843 2531 1022 1378 2236 131 2693 1635 268 390 241 806 1967 1143 2301 1317 1500 2406 805 1124 455 1715 1503 1262 1756 1024 2142 1875 2059 799 402 1050 430 484 1789 2470 1168 1118 2765 1299 314 27 1472 1216 1655 927 1648
000508.jpg,1810 2509 2583 2350 1001 67 2121 627 249 202 1012 1075 1406 1944 1212 899 137 2741 2135 447 2728 2825 1055 2294 165 2766 116 1606 2057 725 2736 2842 494 2435 1463 2558 2207 204 1547 1935 1937 2382 2291 2248 2041 1126 1825 686 2258 97 692 2319 404 1076 2719 2511 442 1874 2305 2292 1609 2683 362 338 1130 1195 1088 2813 1067 1841 1899 804 1439 246 2143 1056 1134 730 574 24 1464 2051 2701 79 1805 1223 1557 2329 948 1533 647 2068 1611 1383 538 1639 2580 794 1728 279
000509.jpg,1792 57 1861 280 2418 1580 570 2125 689 1665 210 1930 1234 1034 2174 1392 793 1758 2004 2461 493 746 1859 2838 1276 2327 2456 1575 663 1724 1358 1664 2330 294 859 2694 2186 2229 1375 2374 704 797 133 366 1072 756 77 976 1279 421 1292 1947 2155 2672 228 857 1348 1196 2590 1776 1030 1576 1377 1350 158 884 720 2332 422 1765 2662 548 880 1457 2206 242 287 2548 934 82 2039 2541 2198 349 1 130 1522 1086 2123 801 1887 2703 1551 2356 1877 2581 2739 1542 1716 438
000510.jpg,982 2225 763 2252 1531 1470 887 916 1579 1063 2065 2042 841 748 114 2723 2328 1578 227 2491 1179 2310 2682 1651 945 1977 1770 517 639 9 2097 1211 1791 2647 2792 1920 382 778 1583 1854 919 998 930 118 2778 1769 819 1667 2575 2711 567 952 928 1354 1585 1970 1851 808 2349 2379 579 528 311 1657 1210 7 2559 1154 2618 515 875 2026 2793 25 512 566 2729 1271 1367 2459 2416 1528 492 1209 2488 1368 151 2304 1239 923 975 513 2658 1566 1058 2081 2140 910 631 1546
000511.jpg,1506 1141 2070 383 252 2311 1505 654 1356 525 1248 1780 625 1435 245 2669 49 679 858 1598 192 2794 1781 61 2164 2025 408 2396 139 2280 113 2173 239 1282 838 1787 216 1127 207 225 2091 209 296 27 1216 356 2232 1924 2137 1140 1299 1168 1829 2470 1273 1918 2279 822 1612 1274 1692 1500 1024 455 1021 618 2531 2698 200 1262 1941 1503 344 655 726 2765 2467 331 1124 430 1961 449 2017 1472 643 1568 33 2690 390 2565 1635 1715 2316 2053 1037 53 2693 1481 1647 2611
000512.jpg,2034 2545 1569 1796 100 715 64 48 2721 2433 2713 1640 51 439 1782 305 947 712 2836 1658 1328 562 1381 1663 1444 1617 169 2826 155 2309 2241 1045 1584 563 1369 1218 2837 900 201 260 1437 1679 925 2649 1544 1870 1489 2050 2376 1417 860 2439 2130 2628 179 1096 2767 1054 1649 26 1261 1948 1051 194 2088 1860 2023 1623 2707 735 1416 1422 1901 1486 559 2011 1636 480 1710 550 348 2454 2352 1316 1878 2714 1453 1407 1993 1490 440 221 1307 168 2790 2528 197 645 943 2045
000513.jpg,1801 2277 529 2644 395 1230 962 572 2323 1798 1683 1334 2759 2579 1898 789 2242 2504 101 2238 1561 328 374 766 2040 2381 364 1883 341 989 407 617 737 803 436 1900 215 251 1996 581 1091 1093 777 2114 1427 483 240 2542 465 545 1115 2066 564 1971 1394 1300 926 1353 2784 2540 1306 2546 646 1175 2113 1818 1559 1389 1106 1213 485 1786 2281 2422 1951 2656 39 695 2149 2178 499 1178 2785 1257 1361 431 1451 739 2000 2288 230 304 1513 1343 1176 589 1693 1161 727 34
000514.jpg,2018 2146 2284 1289 2008 764 719 2551 1493 190 35 1534 914 1351 1577 723 1157 615 2824 303 247 2585 539 1772 1915 1359 1403 1121 2209 1997 812 2487 450 1204 664 2582 1128 153 58 874 212 604 2165 862 1583 549 2718 1595 2453 1347 2110 2550 2603 206 2485 873 1751 66 1247 998 2426 2204 1970 516 2434 1136 1507 343 2252 2254 2019 652 1762 632 2734 457 2536 14 2361 1734 1063 107 1177 2792 1745 2233 1651 2192 2353 825 575 2752 2414 2379 2604 765 1246 545 1028 2238
000515.jpg,536 121 2090 988 1268 193 569 1588 1132 680 2333 1431 432 36 1793 2108 2227 886 2117 332 2029 500 571 979 1686 1418 733 597 340 1065 1256 2668 866 429 901 417 1033 1562 2786 199 176 2743 2384 21 802 1393 1249 555 1430 2451 427 1553 2267 142 2217 1890 878 1499 1699 2415 1492 62 1329 2380 289 1266 554 1910 681 964 1398 2078 2568 361 302 1952 2808 2038 2640 1049 1399 1038 2335 1764 2798 292 377 868 2031 2839 2120 1374 2570 2423 1053 1070 2083 1668 2578 893
000516.jpg,982 1531 1470 887 2065 748 2225 763 1791 2792 118 2328 2491 567 916 1179 2778 1667 227 1977 1578 919 930 819 1354 2252 1583 841 1769 517 2682 1063 1579 2575 952 2310 1585 807 759 998 1651 2042 2349 2723 922 382 114 1211 639 945 778 1260 2643 2171 928 2816 1153 2043 650 528 181 2666 620 1797 1188 9 808 1227 7 2416 2711 6 732 975 311 1858 468 636 1283 2304 1083 1221 661 1854 1702 1851 285 1541 372 1916 2097 2810 2278 2793 1763 2807 1768 25 1761 2476
000517.jpg,2433 2713 1453 1901 1490 2545 2034 2376 1796 2309 100 1569 715 2721 2556 1496 48 1316 64 562 1860 305 439 201 563 2272 1640 51 2650 168 155 2826 260 1948 1965 1096 659 1584 2815 1416 2289 2088 1148 645 1636 231 559 1307 486 2352 1840 1123 518 784 1486 1878 2553 2840 440 2439 2454 2241 1658 197 445 978 2337 1544 1381 2628 1437 2538 1051 712 1369 550 2050 134 2649 194 735 747 2769 674 1752 2007 433 769 26 900 2023 2755 2482 547 2714 992 906 2133 2836 348
000518.jpg,472 1803 1509 551 147 1059 342 1807 641 2444 160 1530 154 1811 2094 991 2771 1295 2595 2385 1078 262 2138 1862 1373 2740 741 1167 577 2749 1524 1355 888 203 127 2710 1629 961 1421 1 1520 1540 267 17 1622 352 1291 1607 2431 1025 2340 1242 537 2513 2727 667 2175 1618 1238 1982 2468 2709 1069 2731 1341 1571 1925 1863 1278 2486 2100 2758 573 307 2266 2801 2776 2139 891 226 2635 2104 1619 385 1988 2063 223 1215 1826 913 600 1861 2648 570 1814 2255 2717 2371 234 1539
000519.jpg,1790 2071 935 1933 2096 836 2201 2645 2156 2750 1321 1098 1709 2432 1305 2355 1052 1638 850 2512 2362 2446 2691 897 599 222 1504 666 396 2452 2537 144 2218 1436 2642 1621 2450 1736 2342 1911 2420 1006 755 459 630 1308 612 1806 1082 1090 2268 1145 2167 586 1044 443 320 1763 1676 761 1380 1047 2593 1523 834 1183 2098 2249 1682 2317 1387 1267 73 37 2535 2318 796 908 946 205 1023 2747 2449 1456 1200 2627 1085 1903 141 2555 1678 863 661 99 2194 1697 1419 924 2695 2679
000520.jpg,1836 1672 2437 44 1483 16 1447 376 1469 1749 1057 291 1535 1103 2317 1449 832 1914 1304 2202 60 1999 2700 95 2441 2785 1990 1856 1004 1178 2190 2737 205 1795 2745 1224 1476 1773 596 1513 1760 1847 824 1727 2497 2827 2547 1482 576 983 1343 940 949 88 1161 75 2112 132 2111 761 1116 1838 1867 2080 1176 2555 2058 1712 2249 1434 47 198 1019 2030 63 2180 1713 603 1632 1277 149 683 1927 2641 1620 1183 2831 1714 695 2129 1593 96 2096 1743 350 2386 1659 2016 834 2116
000521.jpg,2252 916 2042 2682 227 1651 1063 1179 1977 2310 1578 841 517 1579 1583 2491 2097 1211 2328 1920 639 945 2723 9 114 998 2225 1770 2647 763 2379 982 1769 1368 919 1367 1239 1657 2660 512 928 952 1851 1566 1531 887 2729 2349 118 2792 1791 1585 2026 2110 2575 778 1970 819 382 2357 1470 748 1667 394 930 1854 1354 1879 1331 579 1154 2778 567 11 1673 875 2711 515 7 528 1209 25 1614 2392 566 2488 2459 2416 1031 664 311 1210 1906 791 2696 813 2658 1528 1119 2093
000522.jpg,2185 1129 1411 2584 1440 2517 143 1694 795 386 2529 718 1684 2271 2298 2616 787 958 810 1445 2619 1360 557 1514 2460 2139 30 638 2833 697 879 1925 2363 1982 1619 299 71 1630 1863 2092 1366 2844 1215 2524 1373 1122 1814 888 273 641 262 1242 2385 2104 2455 1480 1939 264 1112 2771 667 2371 2246 837 2731 1816 991 1446 1294 2576 2468 1887 880 1539 2484 1009 1735 2206 1494 2633 1877 1086 2431 969 1549 1824 158 842 1807 1043 267 2672 2269 287 2801 2659 741 1653 2356 2739
000523.jpg,1439 2051 2183 1931 598 2526 482 1433 2220 2089 939 2704 2445 2057 2427 2291 255 2499 574 494 217 1330 368 1725 2435 1223 531 444 2683 1874 1899 1088 647 1555 2719 2639 608 274 637 2037 447 864 1677 526 521 2625 1408 994 692 2440 2292 790 2207 1998 1055 2308 1771 1942 1892 146 2728 1473 2657 271 1721 2766 2319 12 2712 2809 1944 1876 442 725 508 1937 2617 2294 619 2736 2825 1639 657 2393 2589 165 1962 1825 1592 1126 2438 974 2558 2506 686 329 682 2741 2813 1185
000524.jpg,1373 262 2385 888 641 2771 1509 991 1295 1807 1863 1925 1982 667 1619 741 2731 127 2139 2797 879 1803 1735 428 2776 2094 1530 160 2576 1078 2431 2833 2371 299 1291 557 2460 267 1238 1814 2468 2092 1862 2844 891 226 2269 147 2595 1242 2363 577 1549 537 1607 2403 472 1589 1366 2524 1816 1811 1480 2710 2455 2104 1629 2444 1069 1341 203 90 1539 2783 1122 264 385 1421 2758 2412 2175 1660 2607 837 2484 273 2633 1355 2189 2529 2138 2801 1167 2517 2063 814 1514 2266 551 1129
000525.jpg,2138 537 2835 405 1828 1607 2614 1341 961 1530 1964 1069 2758 1078 2094 160 1619 1863 2738 1925 166 879 1660 1816 1366 2607 1421 1982 2633 667 867 2460 1480 385 352 2431 641 2385 557 1446 2486 1622 1735 1373 1539 577 2455 1294 814 127 2266 262 2771 888 1009 846 299 1159 2371 2139 2092 837 2100 2833 2820 2783 600 2811 741 665 2731 2524 1291 1630 1238 2635 1815 2338 234 2104 1698 1509 2797 573 2648 41 264 267 403 472 2063 2484 912 2412 1652 1360 1939 1994 2595 226
000526.jpg,1228 1333 2022 1785 1019 63 545 1685 1213 2066 954 1389 182 2113 2178 304 2546 1115 149 1712 1760 1394 1300 485 1951 1306 1137 1559 1175 1257 898 499 1298 1106 614 1361 1786 374 1087 1798 2072 962 2656 2504 1558 2542 1971 803 1451 2000 251 2149 1166 1207 215 101 727 737 2040 1230 589 2381 658 1334 436 1928 2759 572 2579 1693 2016 1883 364 581 1561 714 2238 2409 1427 1357 1900 1801 2323 328 2242 341 989 1743 1590 395 529 2644 789 1353 93 766 2129 39 76 1683
000527.jpg,493 2174 1234 1861 57 1034 2418 1792 2004 210 1358 1580 280 1930 570 2125 859 1392 1665 1758 366 2461 793 976 689 1196 2672 797 746 1279 2327 1859 1575 1276 2374 2456 133 1724 2838 1664 2694 1947 756 2330 2186 77 548 1776 1375 294 704 720 242 857 228 158 1765 421 2123 2206 1072 880 1086 1457 2039 2332 1551 663 1350 801 2229 588 2739 1191 2590 1877 2356 885 2703 263 2581 1043 1193 1345 422 1377 1887 287 2321 1432 2198 1030 2662 2659 656 170 1229 2184 2548 1542
000528.jpg,941 84 2502 2152 1605 1953 1139 214 1113 2348 2706 2841 1866 1602 957 183 509 844 2457 244 1768 1889 2572 2503 2115 1525 2464 1596 1696 744 1616 2263 1064 2562 1458 2522 270 2056 2612 1960 2720 1199 2448 2761 398 171 2048 45 2386 2498 2404 2760 2182 621 1726 1515 2442 1280 2807 106 2725 1214 1171 22 2608 2197 2141 1365 909 1364 2591 959 815 2278 644 387 236 1802 1371 2476 43 40 23 1198 636 2203 1283 2751 2401 592 2678 2188 1632 1251 1318 181 510 1880 2116 1426
000529.jpg,998 1583 118 2792 567 1791 919 1769 1354 952 808 2065 778 382 2711 2778 1854 517 1970 930 1531 887 871 1470 928 2252 227 1851 748 1657 975 982 2328 1579 1179 1063 841 2379 2491 2793 2729 2682 7 945 923 1578 1977 2304 1667 114 2225 763 916 819 639 2042 2723 2349 9 1651 2647 2575 1920 875 2416 2310 311 579 1585 1210 528 1770 1211 1271 25 151 515 1368 2559 2459 2618 1367 1239 2361 2081 2488 2658 1154 2026 566 2097 1819 1209 492 513 512 701 2353 1864 2474
000530.jpg,1631 2249 761 1394 545 2317 1558 1087 2072 1801 898 1207 727 714 1306 2277 1561 658 395 1137 1361 1230 1451 1389 1951 589 2644 1175 614 2785 1228 1798 16 1334 2113 529 485 572 1213 1483 1166 2409 2579 44 1898 374 1914 2054 2323 2546 2000 1333 1178 540 1115 1447 2066 2178 676 1106 341 63 1091 803 1928 1559 304 1683 2242 2759 88 1996 1785 2547 2238 954 376 2422 783 1300 34 499 1257 1244 1469 646 2381 2745 824 1250 2040 2504 989 853 393 2523 132 328 1019 695
000531.jpg,419 2153 2554 894 96 1632 1927 189 106 2060 1032 815 22 1171 2109 481 1214 2705 2313 2567 2831 1013 2751 1363 300 1336 744 2401 2152 1251 1703 1605 1288 2197 2502 1364 1315 2160 333 1987 2079 2571 924 621 2612 762 171 506 2522 2841 1727 2261 2216 1064 2726 1661 1858 1891 2643 1083 1844 6 2162 2678 565 1139 84 1726 1188 2182 2760 1227 2056 856 2720 2666 45 971 834 644 957 468 1671 2555 1471 214 759 1723 1286 1702 1749 941 1277 285 2562 183 2816 953 1953 236
000532.jpg,1840 1752 1636 1316 1965 1496 2241 312 2832 2556 2826 563 1658 1381 1544 518 2439 735 440 978 1123 2501 155 2836 1878 1782 1934 1146 1901 2840 2628 2713 987 2815 1656 169 626 1437 1102 559 2433 1148 445 1545 1860 2817 221 59 900 260 2790 1453 231 201 1486 1796 2309 2389 950 547 2411 1617 2424 1307 2837 497 168 305 1422 712 1045 2367 1640 1624 2272 51 2082 2528 2044 1926 85 1386 2133 259 2050 556 645 1405 674 1649 817 550 1407 1444 2270 188 613 2652 2034 659
000533.jpg,1541 820 1221 285 1603 334 750 546 582 2387 372 956 6 1882 759 807 2643 1260 1702 1083 732 1153 620 2313 1797 181 1858 468 1761 1188 1697 2425 829 2666 650 2816 1227 2194 629 2043 2171 661 922 973 2810 1285 475 2476 236 1891 2261 1916 1318 1139 1570 45 1723 2706 1763 2608 1456 1251 1536 2760 669 2346 411 98 1064 1380 476 1844 42 1090 2677 2056 2182 196 2705 2118 986 2807 1560 1084 2823 37 636 298 1387 980 2278 1364 506 2522 84 2348 1884 621 353 171
000534.jpg,1752 312 2832 987 1545 2389 1146 4 1102 85 556 626 1316 635 826 1636 2270 2082 2069 59 1840 2790 547 1737 1934 221 2133 2501 1386 613 1405 1656 1202 2411 943 1407 518 188 950 2241 2367 1092 2044 283 611 2300 2817 1428 1965 2544 2397 440 735 977 1624 1878 259 1422 1552 1319 1926 2538 2424 2826 2007 2419 563 2556 559 900 463 2528 1644 2148 1486 550 1983 260 266 2836 978 1649 2375 169 1617 2840 2477 1158 1437 1782 2724 1496 445 1468 1848 74 659 486 2358 480
000535.jpg,2116 1525 2386 2263 2678 2623 861 1726 1960 1198 40 2572 1371 2503 398 592 1280 2522 2562 644 2141 2807 96 2056 45 2720 851 2442 1632 1458 1251 1596 1083 1364 1318 419 2591 957 2498 1064 181 949 2448 387 183 335 2612 2554 894 2188 106 2153 2401 1013 2160 2718 636 2048 333 620 2760 844 762 2278 1536 1768 1702 1927 189 1004 1336 2203 2761 1365 1856 43 2182 971 171 2230 1880 2441 1084 1199 2079 1315 300 732 462 1802 2111 1889 2608 621 2115 474 1170 270 509 940
000536.jpg,131 1475 1923 840 1378 129 501 1662 1813 495 1932 1967 467 484 268 1062 456 1929 2059 324 1843 1011 2301 2429 1789 2687 806 363 390 2236 1875 1635 2765 2531 780 452 1275 927 1715 241 2244 1022 2285 2407 1730 788 2806 999 1655 1281 389 295 108 534 1024 1831 2142 1039 2634 314 786 1037 1503 1050 1568 53 2091 2715 2505 2465 758 653 1912 125 418 1048 478 628 1465 1706 471 1124 1273 1008 2053 33 464 1274 402 1755 1438 2698 2565 1756 89 1612 346 1317 1026 52
000537.jpg,1115 2546 1389 2113 2178 304 2066 1213 1300 1019 1785 545 1333 1951 2022 1228 1175 1306 485 614 1559 1106 63 1361 2000 727 1451 658 1971 1257 1786 215 1230 2504 2787 646 737 2072 803 589 1798 436 2054 1394 1353 1137 101 962 1207 2040 2238 989 1883 2759 328 1091 1683 1900 374 572 341 149 1685 789 2579 766 483 2381 1996 364 251 2644 2409 1801 407 395 581 1357 1898 1561 777 926 898 1427 2323 564 714 293 2242 1334 1166 39 2540 954 1087 2288 2495 1818 230 2656
000538.jpg,1749 483 2555 1727 834 2058 1300 2784 1353 2579 1672 1304 1801 2437 240 576 1277 2277 789 1483 1161 1883 824 1394 2547 1178 2785 1914 1513 1804 2288 1091 1743 761 2249 95 395 967 596 251 564 1593 1836 766 1996 16 545 1990 572 926 1559 2238 2066 44 2504 1106 2381 1847 328 1230 962 230 1361 1176 1213 2202 777 376 1180 101 1476 132 374 341 39 2745 2546 333 2190 1469 60 1115 2644 1971 581 1798 2281 1786 2000 803 2317 304 614 2113 47 1447 2178 1818 2441 88
000539.jpg,947 1328 1444 1663 2836 1782 1679 169 1054 1623 2837 1649 2707 1617 712 1381 2767 1658 1045 2241 1544 2130 1993 2439 735 1422 2050 1369 179 2628 51 2011 440 2649 445 1218 1640 2454 155 1029 197 463 1870 645 2840 925 1948 26 1796 480 1416 305 1489 900 635 1624 2817 2790 1569 2411 1644 1407 2714 1437 943 1096 860 348 1710 1486 1102 1261 194 1552 2528 2289 817 221 1934 1253 1405 1926 1417 64 562 48 2769 2826 2832 1656 2082 550 100 260 563 1051 715 2501 2045 2352
000540.jpg,2437 1672 1836 1749 1057 44 1483 16 1447 376 1304 1914 1178 1990 824 60 1727 2785 95 2202 1469 1593 1856 576 1103 2555 2745 1476 2700 1773 1161 1513 1116 2190 1224 596 2441 2058 1535 2000 2656 291 1449 2288 751 1999 2497 483 2547 1795 39 1693 2737 47 2317 1451 832 1743 2281 1714 2149 88 1559 834 1357 310 1713 940 683 1760 983 1300 132 2827 954 230 1361 564 1277 441 1847 1106 2784 2787 1180 1786 1004 2054 1353 1712 1019 1176 926 949 198 1523 149 75 293 2383
000541.jpg,353 776 98 2474 196 1643 585 2081 1864 1819 2334 1402 910 2462 781 1625 233 869 2067 1963 701 2103 809 1042 276 381 1344 2353 2256 2361 2027 2264 1600 2012 69 2001 1077 450 2582 1170 1204 2132 2593 871 2047 2485 1642 3 1751 937 1359 434 1541 1958 2585 1973 2391 370 1031 549 1121 1347 2101 539 212 966 862 254 2204 1946 2331 13 640 301 303 2170 256 2734 604 2209 1525 257 2458 1772 2157 2336 2147 2219 2394 247 2549 343 568 481 2718 2141 1565 820 1519 1079
000542.jpg,2512 2362 1504 850 222 2218 1436 2691 2355 1052 2342 935 2450 1305 1736 2750 2201 755 1098 2071 2645 2096 1806 1933 836 1790 1321 1638 2432 1911 612 401 981 2156 453 816 380 177 1085 2163 1903 2679 2122 2074 141 1023 477 461 144 1599 1628 1163 2055 437 1233 399 2446 2452 897 1709 73 2587 760 2747 1510 2829 599 1047 1145 208 595 2098 823 1155 2722 796 1784 2469 1976 1006 164 1717 2655 1100 1160 1089 1621 1872 1404 174 2537 320 2420 325 2642 2126 2535 1808 745 460
000543.jpg,2648 2138 352 961 1159 403 1815 577 2455 1270 1939 127 1009 147 2481 226 472 2710 511 1520 837 537 2266 1530 1258 2709 1607 665 2063 1816 1341 264 1509 2466 2094 2399 1421 1 267 1572 1078 1025 1446 2820 1619 160 1069 234 1828 913 2758 1291 2595 1630 1803 2727 2616 600 1294 1349 1238 2339 223 2619 2431 1366 2484 385 1925 2246 1112 1660 1571 879 969 573 1982 1698 17 1863 667 1355 2635 1622 891 2513 2633 2835 814 1167 2607 741 2175 195 892 1615 1480 2340 405 2444
000544.jpg,2113 2178 304 1213 2066 1389 2546 1115 545 1019 1785 1394 1300 1228 1333 2022 1951 1175 485 63 727 614 658 1306 589 2072 1361 1137 1558 898 1207 2000 149 1798 1087 962 1559 1230 182 1685 1451 954 572 714 2277 1801 1631 1561 737 1106 2409 2323 2249 395 1166 2656 341 215 581 1712 16 374 1334 803 2040 2644 1683 529 2149 2242 1161 132 924 1760 101 1786 1898 436 1483 2504 1513 1257 2114 251 1693 44 783 1900 2054 1176 364 2759 1447 2542 1971 695 1597 1605 328 2238
000545.jpg,2018 2146 2284 1289 719 2008 764 2551 247 190 1534 1403 723 914 1577 35 1351 1493 539 1157 1359 2585 1204 303 2582 1121 153 1915 2824 1128 2361 1772 604 1997 615 450 206 212 874 343 862 871 416 2485 1247 58 2487 1970 549 998 1751 2453 812 2550 2209 2353 2718 2067 1136 1507 778 2603 2204 1347 2426 873 2434 825 2536 1745 14 664 2157 288 2604 1595 1583 516 869 276 2165 2233 1734 382 2609 2555 765 1727 2254 2336 2711 1177 337 779 2613 632 2792 2414 2192 1246
000546.jpg,546 582 1882 6 285 807 759 1221 2043 1702 2810 2171 1083 2643 2666 650 620 732 2816 181 1260 1891 1188 1797 2346 1916 1153 1858 922 468 1697 475 2313 1723 820 1541 956 1603 411 750 1139 334 1227 2278 2823 2807 1456 1763 1761 196 661 2261 353 1605 2194 2502 37 2841 636 1696 2152 2476 1570 98 1284 2425 1865 829 2677 40 1397 1953 973 1318 2048 1768 148 420 84 776 629 372 2768 2761 244 298 1515 594 2179 586 941 476 609 1090 2348 2168 1199 1610 980 1171
000547.jpg,1635 1967 390 1715 1050 1648 1293 2406 1097 1822 159 2053 1037 1140 1317 580 1187 1124 1395 1143 655 326 1756 331 1918 430 1921 31 1755 314 1647 1118 2236 2061 2402 1972 478 2465 2505 1472 805 2062 936 1568 2765 1026 2407 2301 1216 721 1018 1612 782 799 1011 2715 999 1662 1829 471 1475 2632 1692 1438 2687 1048 1024 628 2531 1303 726 363 2467 2611 643 113 346 1297 1008 108 2398 1730 753 2806 484 1789 452 2821 138 1503 464 1706 1929 2693 402 786 467 654 927 2669
000548.jpg,1439 2051 2183 482 1931 598 2526 2220 939 2291 1433 574 2704 2089 2427 2057 2445 494 217 255 1223 2499 1330 1874 2435 531 368 1725 2683 647 2639 1555 1899 444 146 447 2719 608 2292 1721 274 692 864 1876 790 2728 1408 637 1473 526 1088 2308 1055 2440 1677 725 2589 329 12 994 1942 521 2319 2438 657 1639 2625 2207 1592 2813 2393 1944 2506 686 1771 2294 128 2712 508 271 944 1998 1937 2766 2037 682 2436 804 2809 2475 2657 491 677 1892 1881 2569 2558 1825 5 1962
000549.jpg,2227 2786 979 340 176 332 2384 1256 2451 21 554 1268 1393 289 302 893 292 78 2668 199 2743 1033 1398 1562 2423 1888 868 681 2029 2108 62 361 1686 432 417 1890 878 886 597 1418 743 555 427 1065 429 2217 1053 1266 2415 802 1399 142 1431 1492 36 2798 1588 964 2333 1553 2808 1038 2221 1429 1430 2539 1699 2578 536 1374 1070 2078 1132 1952 2120 2038 2031 2568 1793 866 2629 121 1329 901 2090 988 571 2335 733 377 2640 193 569 680 2839 828 729 2267 2570 2602
000550.jpg,1588 1132 121 988 193 569 536 2090 680 1431 1268 36 2117 866 733 1492 802 142 2078 1793 1699 2333 1886 1553 1236 1430 901 2267 429 1499 1053 2029 1890 500 555 868 2668 1256 2217 2786 2380 878 332 176 1033 417 1393 2743 2227 886 1686 597 1418 554 2451 340 2384 21 681 432 2415 1888 427 2108 1562 1038 302 979 1398 743 289 62 292 2423 2568 199 1374 78 1065 361 893 2602 1668 2421 213 1041 1272 2520 2828 672 1785 640 359 377 1329 13 1249 24 634 2221
000551.jpg,1810 2583 2509 2350 1001 2121 67 627 249 202 1012 1075 1406 1944 899 1212 137 2825 2294 447 2728 2741 1055 2135 165 725 2057 2766 116 2736 1606 2435 1937 2382 2558 2207 2248 494 1463 2842 2291 204 2041 1935 1547 1126 1076 97 1825 1874 2683 692 2813 686 1056 1439 442 1899 2292 2305 2719 2258 2511 804 2319 948 1464 1639 574 362 1223 1130 135 2143 2051 2580 24 246 1088 1383 647 1134 404 1728 1067 2639 1689 2393 1841 1296 2295 2286 444 79 2068 2224 2413 1533 338 2708
000552.jpg,1671 8 2449 1474 325 2535 745 1006 2831 443 1090 1308 924 586 2706 2705 2216 335 1315 1487 2230 1082 2197 1104 2096 300 2452 2678 834 459 2401 935 2160 2167 1336 1288 205 2079 1471 953 1363 762 2623 1318 1523 1400 1277 2313 333 2446 1013 2591 393 1621 2641 1703 856 1763 1425 2522 42 1057 149 2268 1380 1536 761 1064 1244 728 2249 836 1687 37 946 2571 63 1844 2645 2695 1286 1709 2816 1669 1032 1456 1907 488 1177 1449 309 894 397 1458 96 1891 599 1685 2360 2136
000553.jpg,2437 1672 44 16 1483 1836 1447 376 1469 1749 1057 291 1914 2317 1304 60 761 1856 2785 2202 1535 1476 1103 1178 1760 2249 824 832 1990 1712 1727 2737 149 88 2497 614 95 63 2745 2000 1449 2555 1019 2441 1523 2700 2547 441 834 2190 132 393 182 1004 1183 2080 2695 2641 1482 949 940 2383 1999 1224 339 1361 1451 1277 104 1713 1394 1678 205 1343 576 1116 2112 954 2136 2058 596 1244 728 1559 2111 2275 1300 1073 1106 75 603 397 1176 55 863 1308 2054 1646 1082 683
000554.jpg,536 2090 569 121 988 193 1132 1588 680 1268 2117 1793 1431 901 36 2333 1553 429 1430 866 802 733 2217 142 555 2668 868 1492 1890 1562 2029 1888 554 2786 1699 1033 332 176 432 2743 2227 2078 2415 1393 1256 427 1418 1686 417 2267 597 2108 886 500 289 340 2568 681 21 199 1065 1398 62 571 743 361 1053 2384 979 2423 302 878 2380 292 1038 1886 2451 78 1249 893 1499 1329 1374 2421 1272 2570 2578 1041 377 2539 1754 1236 2839 1952 2055 828 2602 323 1668 2221
000555.jpg,1553 1430 1699 1492 142 2078 429 2217 802 1886 2415 2267 427 1793 1053 2568 2380 901 555 1236 1890 866 1256 743 868 2333 2029 554 878 1888 1562 2423 2668 1033 2743 417 289 176 886 597 332 733 1393 62 988 1686 681 1431 121 193 1418 292 199 2108 361 1398 2227 302 2117 340 1588 21 432 1132 569 2786 36 2090 536 893 78 1499 680 500 979 1065 2451 1272 1041 2384 1038 640 323 2578 2221 2828 377 2520 13 1374 2421 828 1429 1668 2671 672 2602 1268 2539 2047
000556.jpg,99 1872 477 1163 760 2679 399 1510 2122 595 1903 177 453 208 2587 1599 437 1085 823 2829 1233 73 401 1628 2163 2469 2074 380 731 2126 981 816 2655 1717 164 1160 174 141 1976 461 1145 156 2775 1784 1415 694 460 2055 72 172 2577 2009 2636 2722 2452 2274 1241 1023 2098 1808 612 1047 2747 1688 2446 599 1504 2355 1155 850 1100 2537 755 222 1404 2691 1436 2642 666 2362 1098 2218 144 1089 2750 1321 935 2512 897 2201 2342 2645 320 2432 2450 2420 1305 1052 2156 1736
000557.jpg,1671 8 2449 1474 745 2535 325 2706 2831 2705 300 2197 762 2216 335 2678 1315 621 2572 2230 1605 1090 84 2079 1380 2425 459 1726 973 1979 586 2160 1288 1032 443 1336 924 2167 1703 37 2313 2096 1891 1687 2591 2401 971 1400 96 2841 1882 941 2562 2571 298 1487 2348 1525 42 1763 2152 1363 1425 1308 2109 1064 1458 2522 1139 953 45 1723 744 2620 2263 594 1113 1570 644 2476 189 2623 2386 2179 894 2612 1082 650 2188 1364 2448 850 2502 1251 1006 1488 1013 690 419 106
000558.jpg,239 2091 1781 2164 2794 2280 2173 408 245 525 49 139 209 1282 838 296 654 356 2311 2396 1248 383 2669 252 192 625 1787 1356 1435 61 2137 2025 2232 207 2070 679 1127 1505 225 822 1141 1780 1506 216 1598 858 113 1568 1274 653 2531 1475 1022 2236 495 1843 2406 2693 2470 1755 1635 1317 131 2142 1967 1378 390 241 1024 27 268 430 1143 1503 805 1124 1500 455 806 1168 1715 1299 2301 484 799 1875 1187 2053 1037 1472 402 1648 1918 2465 452 782 1262 1756 2505 1829
000559.jpg,285 6 1221 582 546 759 1882 2643 1702 1083 732 620 181 1891 807 1260 1603 820 1723 1797 1570 1541 1188 1605 2502 2152 1858 2666 2313 2816 298 650 750 629 973 1537 475 468 334 1397 2346 1916 420 1139 2171 690 1697 922 1015 2768 148 37 941 2043 1285 40 594 117 84 1153 1456 2810 2179 1738 1080 2261 1979 1199 2677 2303 2841 510 411 1502 2706 980 1227 2521 2348 1610 2494 1763 1884 2194 1515 1696 1284 2109 2620 2203 244 609 2705 1987 189 1171 2118 1488 956 2425
000560.jpg,100 1569 715 48 64 2721 439 562 305 1796 2034 2545 1640 51 155 2433 2713 2309 2376 1860 201 1453 1490 1658 1381 1948 1901 2272 1496 2241 1316 2556 1840 563 1584 2650 1544 2439 168 1617 712 2826 1096 1636 1782 2628 2836 194 1051 2352 645 440 1416 2050 231 260 1045 518 1993 2815 1422 735 1965 445 659 1623 1148 1649 2649 559 2454 2769 169 1307 978 1679 1369 1444 2011 1218 1878 2130 2289 2538 947 497 1054 2088 1586 2837 2553 2652 259 1261 900 348 2707 2337 674 550
000561.jpg,2548 1375 2662 687 2460 857 557 2363 1619 1776 1350 1925 1665 879 570 1861 2590 2039 837 228 1043 2727 2332 1009 704 2206 267 1238 797 720 2455 421 2198 2139 1664 1086 1291 798 2844 77 1366 1 2330 2189 1520 57 667 1982 2385 746 1551 1457 2298 2327 234 859 2063 2229 2739 2484 2123 1877 2399 689 1792 1930 1191 2004 1887 880 158 1580 2186 551 2456 885 2356 287 264 1432 1675 2581 1724 842 1572 2226 210 1159 2125 756 801 2158 2659 349 352 1684 2215 2833 1522 2672
000562.jpg,1453 1901 1490 2713 2433 1496 2309 2376 1316 1860 1796 2556 2721 2034 201 2545 1569 715 100 305 562 2272 64 48 563 439 51 1965 2815 1636 155 168 1640 2826 2650 260 1148 1840 231 1948 486 2088 784 440 2289 1096 1416 1658 518 2241 2337 2050 645 194 1878 1051 659 1381 978 550 712 2439 2553 1218 2538 2628 735 2649 1422 1623 1544 769 1584 2352 1617 1679 1307 2454 1123 747 1444 445 2007 900 950 161 559 1054 259 169 1261 2836 1752 480 1369 1045 1437 1782 1649 348
000563.jpg,2252 2682 1179 1063 1651 1977 841 916 1578 2491 1579 2328 227 2042 945 2310 1583 1920 9 639 2647 998 1769 2097 1770 2723 952 114 517 919 2225 2379 763 1531 1354 887 982 1851 1211 928 2729 1470 748 930 2778 118 1657 2792 2349 1368 1367 819 515 1791 567 2575 778 1667 1239 382 1154 1585 1566 1854 875 2416 579 311 1210 2459 2488 1970 512 923 2304 2711 25 2026 528 2065 975 7 2793 1528 566 2618 492 2462 2559 1209 808 2658 513 2603 2081 910 1819 1271 2660 2803
000564.jpg,1159 2063 2455 837 403 1009 264 2484 1815 352 1520 1814 2371 2731 2399 1122 2092 2833 2727 2844 299 234 1 428 1572 2576 1589 913 2139 667 2269 2776 1982 1025 1291 1238 1349 2189 267 741 891 2138 262 17 1735 888 1925 307 2385 1549 1373 1509 641 2797 2255 573 1619 2486 90 2771 1622 1571 2403 2635 1539 2338 1807 991 685 2223 1994 2412 2717 2811 223 2215 226 2100 846 1803 1615 2710 472 2094 2541 1350 2834 1698 317 1863 961 1630 1618 2246 1530 1338 1295 2175 2158 600
000565.jpg,2138 2835 537 405 1828 2614 1607 1078 1530 1341 2094 1964 160 961 1619 1982 1925 166 879 2738 2758 1069 1863 667 641 2385 262 2460 1421 557 1373 2371 1735 888 1816 299 2607 2771 2455 1660 2833 1480 2139 428 2092 385 741 2797 2633 2820 2266 2811 577 2431 127 352 2269 1366 2486 264 1803 226 2648 1622 1446 2104 2731 867 991 403 2595 1294 1509 1630 472 2484 1549 1242 1815 2100 2412 1814 665 2776 2576 1539 2524 837 147 2363 1807 2231 2581 1939 1009 1295 1159 1258 1291 273
000566.jpg,2049 530 631 2282 1518 1604 1017 607 1301 1290 446 2596 1981 2140 1058 1237 2796 451 1567 2064 2093 2392 1879 2085 1909 2458 1978 921 2660 942 1384 966 2543 1002 394 2357 1119 337 1705 487 1613 2600 1495 1681 984 1742 662 1331 908 1676 2262 1614 1673 2696 2664 660 1000 1739 2257 355 243 1396 2782 2369 54 1554 1906 1893 542 2259 360 1853 813 1695 1370 50 1105 710 1621 2405 852 320 1455 1239 416 1094 791 1508 870 1566 1031 151 2803 186 2420 709 1894 1271 1145 1871
000567.jpg,1108 909 43 2498 2442 2562 644 2188 387 1596 971 2448 2720 2425 1283 270 229 2688 1802 785 1768 1880 2141 2476 2048 1365 1866 1536 2761 2807 1953 1318 1487 42 959 2823 2197 2067 214 861 2612 957 335 2386 2278 2591 2572 956 1364 1726 2678 924 1471 636 669 2230 2160 1797 2401 1458 2263 1696 1199 1907 2522 2260 476 1251 585 1602 1525 1757 1232 1889 1064 45 1013 2348 2623 2718 398 1621 2503 565 894 2760 1927 2116 2361 1336 183 2079 1315 419 1560 171 1280 2182 2153 2841
000568.jpg,2054 646 2787 1361 1451 2000 293 727 1559 658 589 1951 1175 1306 1106 614 485 2072 1207 2546 1389 1115 1137 2113 1300 1798 2178 1786 304 1213 1257 2066 2409 1558 1230 714 1394 545 1971 215 29 2644 962 1228 803 1353 1333 1801 251 572 1597 634 1561 1166 182 954 76 737 436 2656 1483 1019 395 483 2323 2149 1334 2430 1928 898 1886 1149 1091 2024 564 1357 2504 426 1427 2540 1785 989 2040 101 44 1869 529 1087 2533 2490 2759 581 1804 1685 364 374 341 2161 149 16
000569.jpg,1967 1635 390 1715 1050 999 726 2765 2236 1097 1140 1024 1756 1293 1317 2053 331 159 1755 2531 1475 314 1568 2505 2465 1395 1124 1648 805 1378 580 31 1662 464 799 655 1822 1706 1918 484 326 2715 1503 89 363 2301 1789 455 758 478 2406 2059 2407 389 927 1011 1273 467 2687 1831 806 2429 534 786 1216 1262 2693 346 452 1274 108 1022 471 1829 1612 1026 1275 936 1655 1438 268 1921 2698 2232 1472 1037 2806 1692 1143 1008 1929 1730 1465 780 2061 1647 653 1875 1282 418
000570.jpg,998 1583 2792 118 567 1791 919 1769 1354 952 808 778 2065 382 1970 2711 1854 517 2778 871 930 1531 887 928 2252 227 1851 1063 1470 1657 2379 748 2729 982 2793 975 1579 7 763 2225 841 2682 114 1179 923 2328 2491 2361 2723 945 916 2304 1578 2042 9 1977 1651 1667 819 2349 639 2081 2416 2575 875 2353 579 1920 2647 1210 1271 1770 1819 2310 151 1585 701 1239 25 515 1367 311 528 1368 2658 2559 2334 1864 1209 566 2459 1211 2618 2462 513 2067 2026 1154 2097 2488
000571.jpg,645 2011 445 1054 2840 197 1679 1444 1663 1623 2707 1552 1029 1649 947 2375 1328 463 169 2289 1045 2836 2767 1782 440 735 1617 2050 2241 2837 2130 712 1544 1253 2735 134 433 2650 2628 51 1993 1422 2439 1381 1658 1307 1840 2454 155 1437 1870 2649 1486 1417 1860 860 769 1710 965 1788 900 319 179 674 563 1489 2769 348 1369 1640 1895 2826 1261 1948 1218 1701 489 305 2133 260 562 1416 1496 550 1096 2556 59 173 2815 559 201 1316 2538 194 2088 2084 161 1545 480 26
000572.jpg,2810 2043 2171 2666 650 2816 1916 1891 2346 475 1723 922 1153 1697 807 1188 759 2643 411 1702 1260 1882 468 6 620 732 285 1858 546 582 1083 1456 1221 181 1603 820 1763 2841 956 2313 1541 1227 1797 750 1865 334 1139 980 37 1605 1953 1284 1150 2502 1884 661 2216 1570 829 196 1090 2768 2261 2230 1696 1610 473 1397 2779 2489 122 335 1846 1761 148 2351 1537 2118 1080 938 1288 1250 2179 2591 38 1027 924 1326 420 2807 1703 2167 2168 586 1232 1082 1502 2712 1308 2589
000573.jpg,264 837 2455 1009 2484 2063 1815 1159 403 2092 1814 2371 2833 299 1122 1982 2139 667 2269 1925 2844 2189 2731 2576 1589 352 1619 1735 428 1549 2776 1350 2797 234 2356 706 885 1542 656 2739 1887 2039 1863 1457 263 2590 2385 262 1877 1191 891 2332 857 1776 2123 2486 1291 2215 1238 1373 1572 1229 1520 228 913 90 1622 2321 888 2727 267 421 1551 77 797 1698 741 720 1 438 573 704 2338 2548 2662 2659 2206 2223 600 2412 2399 17 801 1043 223 1994 130 287 687 2253
000574.jpg,28 1896 505 734 2674 1563 2181 2500 1827 523 458 313 2479 587 152 2819 238 2283 2250 849 2552 1532 1741 175 2365 2099 2119 972 1339 2177 2370 2527 1376 2689 847 705 2228 2191 81 330 696 2534 354 2716 2193 2742 2557 1680 602 1708 2052 1111 1704 2764 1335 1543 1117 2592 1332 503 68 2144 1873 711 1164 772 633 120 1314 2322 261 671 1746 2028 1831 532 1655 1475 1109 653 553 2681 1297 699 740 1917 131 968 2236 2237 2199 1050 1956 2306 296 92 771 1755 1955 806
000575.jpg,937 257 2377 1527 535 1731 1871 1894 1138 2613 2145 406 1779 1385 1516 605 811 410 392 1800 1645 1526 2843 365 1068 336 1040 742 1455 253 749 821 1498 1079 1992 2102 2341 2516 1131 112 2763 773 1707 1007 1110 544 2788 648 435 1311 2830 2549 1325 434 2730 1424 673 1966 1379 1309 2290 248 678 1442 1005 1634 2364 2417 1133 610 855 1020 1783 2609 1794 94 870 1969 2560 593 1511 2746 730 1968 1243 2196 288 1946 1466 1670 2697 717 2243 2219 1142 338 1419 1094 568 709
000576.jpg,1619 641 1925 1982 879 2385 1373 1863 667 2771 262 991 888 2460 1816 2431 1480 557 2797 2094 1807 1366 1530 160 1295 2363 1078 2607 1660 2844 2139 2633 741 1509 1735 2576 2371 2731 385 2833 428 127 299 537 1242 2092 2468 2524 2104 2269 1803 1291 267 1238 1814 577 1549 2783 147 226 2776 814 2595 1607 273 2403 891 1539 2455 867 2138 1421 1862 2484 1341 1589 264 1122 837 90 352 203 1069 2758 1009 2063 1629 2710 2175 1520 1811 2266 2835 551 472 2412 1684 228 2517 1457
000577.jpg,1545 59 2389 626 4 2367 2270 1752 950 547 1386 556 2082 1202 1737 826 1146 611 613 987 85 312 1319 1799 1656 440 1552 904 463 2375 1934 1407 259 735 2840 2832 2069 188 1486 2148 977 1437 1029 283 2241 635 1102 1926 2076 1840 563 2826 1307 2289 2312 2424 2501 1624 2044 1468 978 900 197 2419 1405 134 2477 445 965 1649 2652 2439 2817 1788 2735 1148 169 2300 1428 2790 2133 1045 906 1544 2011 260 2050 1422 1617 550 645 674 155 1663 1993 1895 1316 769 1636 221
000578.jpg,505 523 175 2500 2181 28 458 1896 1563 313 849 2283 2819 2365 2552 587 734 1827 152 2479 2674 2370 2250 2689 2119 705 238 1741 81 1339 847 2527 2716 1532 2534 2191 2177 972 2099 2228 696 2557 1376 2193 1680 330 1708 602 1111 1314 1117 1873 2052 2144 1332 1475 120 503 2764 354 2681 1335 68 2322 711 2742 1831 452 1543 1955 1655 131 1704 780 2059 1164 633 553 2236 2592 772 2244 1746 890 501 129 2265 806 671 268 2237 2806 2594 2306 653 968 1109 740 1917 552
000579.jpg,2365 849 2819 2479 81 152 2370 2552 587 1563 2181 458 175 523 28 2283 2500 2119 313 1896 2689 505 1532 1827 2716 705 2250 2534 238 734 2527 972 2674 1741 847 2177 1339 2557 696 2191 1376 2099 1704 2228 1708 2193 1111 330 1680 1873 2052 602 354 2592 2144 120 1314 2322 1164 1117 92 740 771 503 418 1746 1692 2742 1481 1332 968 68 2467 2764 346 671 780 2690 1831 268 534 1010 2059 52 772 633 2237 2681 2806 1026 1109 452 699 2244 806 2505 2687 2465 1438 131
000580.jpg,2567 2751 1214 1171 22 2109 1044 1661 2726 2162 744 1744 1865 20 957 167 2823 454 2222 2317 2249 1546 333 1727 309 189 1217 1995 186 96 785 897 2152 144 834 761 2357 2452 807 214 2555 2688 1032 971 1425 2060 2627 2502 861 2331 43 1133 752 1927 2404 406 2156 2067 2554 2110 2153 2841 396 2394 1894 609 419 959 592 1771 1632 1419 1889 1677 276 1200 2037 2353 1288 1892 1447 648 1963 1371 1953 1385 172 924 301 2141 106 434 183 1596 2093 2625 244 2640 709 1858
000581.jpg,431 2510 70 1839 1759 2757 2561 1035 1753 2077 1125 2777 2772 2478 315 2622 1390 1557 18 1834 601 1842 2663 2 951 2015 1165 1252 2818 2302 191 2686 2315 767 1938 2702 1443 1747 889 2685 277 1114 990 1833 502 962 1235 1075 522 1798 1980 2532 2471 2601 297 2323 2667 1801 2496 461 1830 768 688 1976 1989 2644 903 702 2161 2624 2276 395 848 1845 369 1107 931 284 211 1608 578 1511 250 2583 1767 2388 65 103 529 1908 1460 202 1310 2759 126 1323 1340 823 2242 1821
000582.jpg,2145 1779 406 1385 1007 1871 1992 2102 773 1138 1707 2763 1731 1645 1526 2613 519 742 1800 1894 257 2516 1969 1325 1511 1442 937 2377 535 1527 2609 605 338 730 248 1466 811 253 365 1424 709 336 410 648 870 288 1040 2341 1309 1516 94 2219 1020 435 1311 392 2830 1455 434 1783 1966 2095 544 1498 1133 2560 1131 610 1634 1581 2680 112 186 2549 2417 678 1794 1670 2788 717 1068 1968 673 1110 855 1094 2087 821 2746 2364 1243 1379 2492 1142 774 2243 2697 881 1573 2843
000583.jpg,1753 1125 2777 2772 2077 2478 70 2561 2510 1759 2757 431 315 1390 1834 2622 951 1557 18 1842 2663 2 2015 1252 2818 601 1165 1035 2302 1839 767 2161 191 277 2315 2702 297 1235 369 1443 990 1980 1938 103 502 2471 2685 2601 688 2624 1323 2532 2276 578 1460 1747 211 1989 522 1413 2686 889 1845 1114 962 1608 284 1821 250 1798 702 1830 126 1908 1391 2323 634 2759 2583 1186 1720 1075 768 684 1833 2667 1511 1340 1333 931 1767 1389 426 853 2546 2430 67 1810 903 1533
000584.jpg,1545 2389 59 4 1202 312 1146 626 987 2832 1752 1926 2270 2082 2300 2367 85 1407 556 547 2790 1386 1624 1102 1737 1656 2817 1405 817 221 635 188 2411 826 611 943 1934 1644 950 1319 2528 283 2501 613 2044 1422 1799 463 1993 860 2069 2375 1617 2840 2011 445 1029 1552 1489 1623 2477 2454 1444 735 712 1701 197 1045 1316 2241 1328 550 440 2714 2515 1468 2312 947 1437 2424 2544 259 1663 2397 266 1679 1417 1788 2826 1190 2050 2133 900 1307 169 480 2769 2574 977 1486
000585.jpg,312 2832 1752 987 2389 1545 1146 1102 4 1624 2790 85 2411 2082 1656 1926 2270 556 2817 221 2300 1934 59 626 1405 2528 635 1644 1407 943 2501 1202 188 1386 817 1737 547 826 2044 611 283 1319 2367 463 2069 1422 445 613 1617 2397 1029 2375 2574 266 2477 1983 1552 2840 2011 2133 2424 950 197 1045 1437 2826 1092 977 550 1444 1489 2544 712 1316 900 2714 1468 947 1663 735 606 860 2515 480 1190 2241 1993 1486 2419 2200 659 259 563 440 1414 2454 2312 1328 169 1799
000586.jpg,1056 1944 2294 1055 725 2728 2558 2135 137 1212 899 165 2207 1076 1606 2842 1463 2382 2825 1825 686 116 1547 2248 2741 447 2286 2511 1134 2057 204 2813 1935 494 2305 1899 1464 1067 1937 246 146 2766 2580 804 97 2291 2041 1452 2435 2736 692 2068 1639 948 329 79 1126 2292 2393 1130 722 2719 574 2665 647 1185 2319 2258 140 1841 1874 677 2683 2708 1868 1223 2438 2639 682 1777 362 2436 1940 442 2569 491 657 1592 1721 2598 608 2350 526 217 407 190 974 2583 67 1493
000587.jpg,2252 1063 1179 2328 1578 2491 841 2682 1651 1977 1579 945 639 2647 1920 9 2097 2723 1770 114 2042 916 2310 748 1470 1531 227 1211 887 1583 998 1528 517 1769 763 982 2225 952 919 2778 928 930 1354 1667 2792 1791 515 819 2729 2575 382 778 1657 118 2379 1585 567 1851 1854 1367 1970 2065 2711 1368 1239 2349 1154 2459 875 2488 311 25 1210 528 1566 2026 2304 579 2416 492 808 2793 923 512 2618 566 2559 2081 910 2019 975 7 861 1209 2550 1507 513 2658 107 1819
000588.jpg,1681 487 2600 1705 1384 942 2085 337 2543 966 2458 1495 2596 1290 1742 1518 1000 2664 1739 921 1853 2660 1695 360 1017 2259 1893 542 54 710 2064 2782 50 1331 660 2696 1614 2369 2257 1673 2282 631 1508 1031 791 2392 607 2803 1287 852 1370 1565 1978 243 2262 1554 1237 1396 446 813 1002 2049 1981 530 1604 1119 908 355 1301 984 2796 1105 2618 1567 662 1779 1058 512 151 1909 2575 451 566 2026 1770 1613 25 2559 1871 1676 2140 114 2723 1385 1209 1585 2357 1526 2516 819
000589.jpg,1054 1663 2767 2707 1444 1679 645 947 1623 1328 1649 169 2837 2836 445 2011 1782 1218 712 2628 194 1045 2050 1658 1261 2130 1617 735 1544 1381 2840 440 2352 2439 2241 51 1253 1029 1948 1416 1051 1422 2289 1369 197 1993 1552 1870 2649 2454 179 463 1640 1417 769 1096 1437 965 860 161 2714 1489 2650 2815 1307 48 155 173 2272 2735 1860 1710 900 231 1569 2769 201 1486 480 1796 348 439 563 2713 319 1584 260 305 715 2133 2287 1840 26 562 674 925 433 2088 2826 100
000590.jpg,1125 1753 2777 2772 2077 2478 2561 70 2510 1759 2757 2161 1834 951 1842 18 1252 2015 2818 315 2663 431 2 1165 601 2302 2622 767 1390 1557 191 1035 277 103 2315 369 2702 1323 297 1839 1235 1443 2624 688 1460 1938 990 1186 1980 2685 1989 2532 2601 578 502 1845 2471 2276 211 2546 1413 126 2323 1391 522 1389 1608 634 1115 2686 1114 1821 2178 250 2759 2113 889 1720 2314 962 1830 2583 2430 702 29 1747 1333 426 1019 684 1340 1833 304 284 1908 67 931 1767 1798 1213
000591.jpg,499 545 1394 465 1228 1785 1087 2579 1898 1801 374 2546 529 1631 2113 2277 63 898 1115 1685 1213 540 1389 2759 2238 2178 1883 2066 2542 304 2504 328 101 803 1333 1137 2040 1558 766 695 341 1178 2242 2547 2381 34 2022 1257 251 1230 1561 395 789 824 1971 407 1176 483 1996 1306 1353 572 132 2644 2422 777 1951 1743 1683 576 2523 581 2323 1427 364 1091 1334 658 1300 1093 1928 617 727 989 2700 564 962 1019 1175 1166 1798 1900 485 737 714 2540 1559 2129 596 2190
000592.jpg,1140 1647 1918 1216 2061 2402 1037 1972 721 1921 1612 1303 1924 1317 1829 1124 113 1756 1395 2053 1299 1168 643 1635 1715 390 1967 27 2279 412 805 1187 1506 2611 1648 2406 1273 1692 1505 1472 138 1297 936 2236 2505 2465 430 1755 799 402 1822 331 1118 1008 654 471 2407 1143 383 1024 1293 1475 2632 344 1050 1568 2070 2311 1127 655 2531 2301 1438 1097 49 1282 1780 363 1781 1048 858 1356 2164 252 1141 525 2693 408 2698 2765 1787 1274 2232 782 1018 561 838 245 139 1248
000593.jpg,1752 312 2832 987 1146 1545 1102 2790 221 2389 1934 1656 2501 1316 2817 4 626 1926 1840 2082 943 85 59 2411 1405 1624 556 1407 2528 635 2300 2270 547 1644 1386 735 1636 440 1202 2241 2069 2826 826 2367 1737 817 518 2044 188 613 563 1437 611 950 1045 2836 1617 1782 1422 169 1965 1486 2840 900 1319 2050 2133 480 155 283 2837 559 2556 260 550 1878 712 1649 445 978 259 2439 925 2397 1496 2652 2419 977 947 1468 1381 2454 1444 1544 2649 179 2544 1552 2148 1123
000594.jpg,2320 2533 1149 29 293 286 2172 2673 967 2021 2756 1804 1719 2224 2787 2408 213 754 739 1728 1231 1448 2615 2024 1265 1478 426 119 707 2413 634 2295 2143 792 24 1296 2430 135 2638 1689 1597 558 184 1383 80 2472 218 2354 1984 1849 91 2296 1312 1361 1451 853 2409 1269 498 76 646 364 727 1951 926 789 757 1559 658 1175 589 1818 436 1533 1306 2323 1529 1900 2281 564 2054 962 2235 39 2644 1798 1091 215 1106 1996 529 1334 425 1166 1207 1683 1230 2040 395 989
000595.jpg,2533 2320 1149 29 286 2172 2673 293 2021 2756 967 213 2408 1804 2024 1719 707 426 2143 754 2615 1728 1231 1689 24 1448 634 1597 2430 2638 1849 739 2787 1478 2354 1265 2413 119 2295 184 135 1296 558 1383 1529 2224 80 1269 792 91 218 853 1984 2472 2390 1722 1533 424 2235 1867 520 1733 757 1312 2566 498 19 1945 232 2054 1361 1451 564 2000 2296 425 376 1559 2281 529 1798 39 1818 646 926 1426 1786 1106 142 2124 76 2653 802 1492 1513 1535 2149 2288 1236 1886
000596.jpg,1096 1948 1416 2272 1860 2815 1362 1316 1496 1965 2034 1796 439 2721 715 155 1636 201 2241 2556 48 2713 64 100 1569 1897 1453 2433 1901 563 2309 562 51 2545 1658 2650 305 1381 1490 1584 2826 645 497 1051 445 2376 231 1640 1148 712 1552 659 1617 260 1586 2289 1840 2628 1307 2553 547 2352 2011 1218 1993 194 168 1045 1123 2836 486 674 1319 1544 1782 2840 134 2088 559 900 1261 85 556 1437 1386 1486 440 2454 518 188 2631 319 784 1878 611 2755 1623 2046 1656 2817
000597.jpg,1115 2546 1389 2113 2178 304 2054 2066 1213 646 1300 1019 1785 2787 545 1951 1228 293 1175 1559 1361 1333 2000 1306 614 2022 1451 727 658 485 1106 589 2072 1230 1394 1798 149 1207 63 737 436 215 2504 962 1137 1683 101 989 2430 898 1898 1257 1786 2409 2024 1883 1353 1091 1971 634 1801 572 1093 359 407 341 2040 2759 803 1558 1685 364 714 1561 328 1886 2238 2644 766 1996 1087 792 2323 393 395 564 251 761 1166 1804 1900 926 1719 1427 777 1006 374 1447 426 1334
000598.jpg,990 2471 2601 502 103 2624 1235 297 1323 1845 688 126 2276 578 1908 284 848 903 768 1186 1391 1830 931 1340 2314 702 1767 1114 1413 65 522 2388 1107 2667 1608 250 1720 684 1821 1512 1310 835 1975 1254 767 2478 277 2777 2077 1753 1125 2772 2302 1165 18 1834 1759 601 315 1723 1842 962 951 2 1916 2757 2323 1839 1232 191 2015 1460 70 369 973 475 2663 2510 1252 1397 431 2346 1989 1570 420 1458 2620 2315 2759 1557 395 211 2532 1035 2768 803 2496 2818 298 398
000599.jpg,865 1754 1038 377 2421 828 1041 2578 1949 1429 2520 2539 2798 2629 729 640 13 2210 1272 2671 933 1070 323 2221 2031 2640 1668 2120 2602 2828 672 2428 2038 1374 964 1399 1249 1266 358 1477 698 1329 1049 1337 1952 2083 1910 932 432 2808 1521 839 979 2108 2839 2227 340 2786 955 176 2333 199 1256 1553 302 78 2795 2384 2668 292 2047 2451 1793 332 893 1430 2415 2335 2217 398 1888 1562 2423 2267 2032 1686 121 743 427 1398 901 289 21 1393 1189 429 569 868 2380 56
000600.jpg,2820 2266 1421 226 2013 1324 1078 160 2094 1530 577 1814 166 2738 2758 2473 2269 1069 147 1964 1122 1828 667 1607 1341 2484 2063 264 2371 405 2513 1589 2614 299 551 1861 307 2709 2092 2486 2100 2125 1618 892 1540 1863 352 969 1355 2004 57 1 793 2835 537 689 1622 1234 1520 600 2727 349 2833 2158 317 133 1159 2372 428 2340 1338 1792 1982 2635 1862 1167 2213 837 1034 342 1009 2455 1575 2223 195 2229 570 2139 1571 797 1580 2418 2595 1101 2648 846 1925 223 1025 1291
000601.jpg,2252 2682 1063 916 1651 1179 227 2042 1977 1579 841 1578 2491 2328 945 2310 1920 1583 639 9 2723 2647 2097 517 998 114 1770 1769 919 2379 952 2225 887 1211 763 1531 982 2729 928 1851 1354 1470 930 118 2792 1368 2778 1657 2349 748 819 1367 2575 567 1791 778 1585 1667 515 382 1854 512 579 1239 1154 1566 2488 2416 2459 2026 875 311 2711 1210 1970 25 566 2065 1528 923 2462 2304 1209 528 2618 7 2793 2559 975 492 808 2658 2660 513 1031 781 1271 151 2334 2803
000602.jpg,767 277 1938 1833 1443 889 1747 2686 369 1460 211 951 2077 2777 1989 1125 2532 2478 1753 2772 2818 2561 70 1980 2510 1252 2015 1834 2496 990 2346 475 2702 1891 2315 1916 1610 1413 1759 1557 2757 2685 684 1884 1235 980 229 1390 103 502 578 1723 688 2471 1035 2276 1323 2302 2624 2601 20 297 1637 824 1165 63 2663 897 465 2 2620 1082 88 250 2622 132 18 1556 2022 2118 1845 1015 431 1186 2055 2705 315 1333 1308 1842 2313 1391 2546 1685 768 650 1353 2816 903 1213
000603.jpg,312 2832 1752 2389 987 1545 59 1624 1146 1102 2411 1656 2790 1934 1202 4 2501 2817 1644 1407 85 221 626 2528 1926 1405 635 2082 2270 2300 943 556 1737 817 2044 188 547 1386 826 2367 611 283 2069 613 2840 1319 1840 445 950 735 1422 440 2375 1316 1799 2826 1617 2714 2241 2011 197 518 550 712 463 2050 1468 1045 900 1552 2477 2133 1437 169 2538 1444 480 2544 1782 2397 259 2312 659 2424 2574 2439 1636 977 155 978 266 2837 947 2556 1796 2836 2454 1983 1328 1489
000604.jpg,38 1995 167 1267 20 956 115 1638 2823 2420 1709 661 2425 1882 2268 1806 1880 630 2194 1387 1911 1200 669 181 829 2318 396 2476 476 2201 1108 2216 1736 620 1797 1697 2432 459 1536 1032 2726 2313 2450 1456 834 2096 2678 1098 2168 1321 935 2643 1763 189 636 1790 2342 454 2167 2060 1260 1744 372 732 419 2750 1676 1702 1083 755 1560 1082 2554 1227 869 2355 2691 2156 1090 922 42 1479 650 1703 2573 759 924 1308 1286 2141 1380 309 586 1318 285 1625 2153 2261 796 1517
000605.jpg,633 503 772 711 1680 2322 1335 2193 2592 2764 2250 1111 602 2052 1117 1332 238 261 740 1746 2237 68 2144 1164 2773 1109 587 1376 553 972 968 699 1297 2228 120 1708 28 2199 2814 1704 1532 1314 1852 505 1917 1010 523 533 2181 2177 1774 162 2500 313 2365 2119 1896 2099 2552 771 963 2527 1563 872 671 2479 458 1955 1543 2610 2819 705 175 152 1827 2212 2370 1327 1956 507 2557 2028 81 330 2799 2283 1182 532 1650 1135 849 1991 367 1823 2689 2597 316 734 2265 649
000606.jpg,2600 1705 942 2085 1681 487 2543 1384 2458 966 1495 337 2596 1290 1742 2660 1017 1518 921 1000 852 2664 1695 1739 1853 1331 2064 908 54 1614 1893 2392 1673 2369 542 360 2696 50 710 1978 2259 2257 791 2282 631 2782 1002 1031 660 1119 2262 1508 1287 1565 2803 607 984 1237 243 1370 1981 1396 1604 1567 2049 446 355 512 1676 530 320 566 1718 2796 1554 1779 2026 1301 1385 1770 2618 1871 813 151 1519 416 2147 451 2559 114 2093 2357 893 361 2140 731 2469 1077 1105 2575
000607.jpg,2533 2320 1149 29 286 2172 2673 293 2021 2756 213 967 2408 2024 1231 754 426 707 1728 1804 2143 1597 24 634 1719 2430 2638 1689 1448 2615 1849 2354 2787 119 757 1478 135 1265 1296 2295 2413 558 739 184 80 1383 1529 1984 1533 853 1269 2472 218 1312 2224 91 520 424 498 1722 1945 2390 2366 792 2235 232 2566 19 1867 1733 425 388 2124 529 727 658 2464 2078 1361 2014 2054 1326 1951 1175 142 1061 646 1236 589 1426 2508 1451 1886 1798 1492 1306 2725 375 2744 962
000608.jpg,1419 301 2331 392 519 2763 1992 937 2145 773 1527 94 1077 648 406 2102 2377 2341 1779 253 248 535 1455 1131 610 1385 2264 538 1424 605 336 257 410 1133 811 1309 1138 2219 365 2843 843 809 544 1634 1526 1871 568 1731 338 1040 870 2830 709 1800 1546 1454 813 2516 717 774 1142 2243 1783 1495 2087 435 1645 434 2101 1498 2613 1170 1325 2103 1670 1094 730 1068 1794 2519 2549 1442 1311 1707 1466 1020 1331 1079 2006 855 1966 1673 1913 910 69 1894 2492 1565 186 2664
000609.jpg,557 879 2460 2363 1982 1619 1925 2138 741 1828 2094 2607 405 888 299 2385 2835 1863 1607 2833 1341 1530 2633 1539 1078 537 2801 1630 667 2139 160 2246 262 2662 1373 2189 2092 687 1735 1366 1069 2811 1480 127 2614 2797 1964 1509 2619 1411 1765 264 1816 352 2576 814 641 1660 1215 2269 2185 1238 2371 2844 2431 1360 385 2524 2584 2758 1278 2104 428 577 1549 158 1291 2338 2484 798 2412 2327 2063 166 2771 1358 2039 991 273 2187 842 1939 2206 1242 2581 1653 2455 2776 1421 1446
000610.jpg,1870 2769 26 348 925 2454 2649 1369 480 712 179 550 2714 2050 2130 1045 2538 1617 518 1417 860 1489 735 1701 1422 2241 1710 440 197 1788 445 2011 463 2840 1328 51 1663 2289 305 2375 1782 645 2836 169 155 1029 562 260 2837 1993 433 2628 947 1840 1640 970 1444 1658 2650 2721 2826 1649 48 64 1796 1679 1569 2556 715 1381 1544 900 1218 194 1486 1416 817 2088 2439 1172 201 489 1051 2767 1948 1054 168 100 563 2707 2817 439 524 1437 1552 1096 1623 1926 2034 1146
000611.jpg,1056 1944 2294 1055 2135 2728 899 137 725 1212 2558 2207 165 2741 1463 2842 1076 1547 2511 686 1606 204 1134 447 1067 2057 1825 1935 246 2825 2766 494 116 2580 1899 79 2435 2291 2382 2305 2736 2248 2286 1452 2068 97 2041 1937 2813 1464 804 692 146 329 722 1126 2665 2292 1841 2319 1130 2719 140 1639 574 948 677 2258 1874 362 1868 1185 2438 1223 2393 2683 2708 647 1777 682 442 657 2639 1721 2569 608 2436 491 67 1940 1931 1592 627 526 2583 444 1810 2598 359 2509
000612.jpg,84 941 882 909 2688 1487 2572 1462 1866 2150 1882 123 2677 387 2188 971 2498 2476 2494 1139 820 2194 1596 281 1541 300 2359 1199 644 2425 1221 2720 750 2348 1032 2503 335 762 2761 43 1371 956 115 2562 2152 1757 2115 1315 1802 214 2278 1687 2160 546 2197 1616 1153 924 1458 1336 1761 629 582 2230 1477 1726 1255 986 2079 2261 1949 815 1108 621 1525 1560 2421 1400 1797 244 1280 2448 327 2705 2678 1602 2841 270 171 334 1987 98 1603 1198 620 2060 2502 1880 743 1283
000613.jpg,540 1631 465 1561 499 291 1801 1535 2277 832 2323 529 2644 1334 617 16 1483 853 898 44 545 1447 1230 395 2242 1883 2785 1847 714 407 1996 1898 341 374 1689 2547 1683 2542 376 1513 47 485 2579 803 2759 1914 426 63 614 1469 1394 983 695 2066 1743 1103 962 2317 1161 576 1087 1798 1749 2113 1306 1928 1207 1597 596 1166 1213 1672 1091 93 1175 2422 1228 2409 589 101 2072 483 2523 2295 1137 1999 789 1427 572 1224 2827 2381 2504 1990 1389 1785 634 251 1115 1176
000614.jpg,1325 1526 2516 1442 1511 1670 1969 2145 2299 406 1779 2290 2746 2730 1005 2102 1992 1871 1385 2788 773 730 2763 1068 605 544 821 1040 1783 2613 1966 749 1498 673 1138 435 1309 338 2087 365 94 2377 717 1794 112 2364 1466 2680 1311 2095 2549 2560 870 2492 1634 1573 1424 1142 1110 2697 811 774 2243 2519 336 434 1527 535 1243 1581 1020 2830 410 800 1968 519 648 1731 1913 593 2006 1094 855 2417 1645 2196 248 1455 2151 1379 288 881 1936 1894 1007 678 1707 1174 1133 610
000615.jpg,822 455 2232 1568 2137 1262 2470 1506 1140 1282 113 464 838 408 1505 296 1706 2794 654 61 726 2396 207 2280 383 1781 209 1127 1967 1216 356 1635 390 245 2173 799 525 1780 2070 2693 2236 1787 225 49 1024 239 999 1829 268 1274 927 2531 1831 2765 1789 2669 653 2059 806 139 1655 1273 131 2025 1715 314 1875 2715 1475 1503 2091 331 192 2311 2698 484 1755 1662 1050 418 1124 1141 1248 1356 1929 1275 780 27 534 2301 295 625 1378 2806 2053 2407 1932 2164 2429 858
000616.jpg,1049 932 698 839 1521 955 536 1249 1038 1041 2421 569 1754 121 323 193 988 1132 1588 13 2047 2090 680 1272 1949 370 1268 377 1189 1910 2520 56 828 640 2578 2210 933 1668 2629 2032 2083 2333 1337 2602 672 1429 2828 2798 1329 2120 571 432 2539 1374 1431 2428 36 729 979 964 901 2640 1793 2038 743 866 2031 1070 332 865 2423 1686 2108 2227 176 733 2353 597 340 2839 1399 417 429 2221 1266 292 2808 2335 2267 681 886 2786 78 302 1033 21 1065 2117 289 555
000617.jpg,505 28 523 2181 2500 1563 1896 458 175 313 849 734 2819 2283 2479 1827 2552 2365 587 2250 2674 152 238 2119 2370 1741 2689 1532 1339 847 2191 2527 705 81 2716 2099 2177 972 2534 1376 2228 696 330 2193 2557 1680 2052 602 711 1111 1873 354 503 2322 2592 1708 1332 633 772 2681 1335 1704 120 2764 1543 2742 1475 1117 671 1831 2236 1314 1655 2597 261 1746 2144 131 92 1164 740 1991 653 68 890 1109 2199 2812 268 872 1297 1955 806 1917 2806 2237 780 968 2265 367
000618.jpg,712 1710 947 1489 1444 1369 2836 1045 1328 1782 2241 1617 1663 2050 2649 925 860 735 2454 179 1679 169 1417 2130 1870 26 348 197 1701 2837 2011 1422 1649 1623 1437 1054 900 2790 480 440 2832 1102 2767 2817 2707 221 1934 1381 1658 445 1656 1407 2528 463 817 1926 1644 2714 1218 312 1624 1993 943 1486 2769 1544 2840 2411 1405 2300 2628 550 645 51 2289 1545 1307 2375 626 2397 2439 635 188 1752 559 1416 2826 194 970 1552 556 489 1796 1788 2082 1386 2501 1261 1319 2270
000619.jpg,1482 1357 2288 2080 1818 39 2281 564 2495 230 926 751 441 1523 2695 2383 1180 1106 2114 1786 2239 1559 777 318 2000 2824 1036 1943 1091 1257 76 1971 373 1152 946 845 917 615 2497 2204 581 2073 541 55 1451 75 379 1915 1014 1192 1593 1304 469 1538 1950 117 1361 862 2605 1476 87 2641 1116 1595 1713 683 187 339 549 215 590 2033 198 1077 2734 902 2176 728 1641 737 1714 920 2202 2699 824 2086 2437 83 327 2132 993 2787 989 1996 321 397 2653 1751 907 1577
000620.jpg,312 2832 987 2411 1102 1934 2501 2790 1656 2528 1624 2389 221 2817 1752 1644 85 1405 635 1545 1407 1926 1146 943 2082 556 4 2300 2270 2044 626 188 59 817 1386 1202 1737 547 611 826 283 1319 1422 2069 445 2574 463 613 2397 1617 266 2840 2367 1983 1468 2826 2375 977 2477 2312 1552 2011 2714 2515 2133 2424 1029 2544 197 1437 1092 1663 659 712 2200 1190 2419 1489 1045 735 1316 1486 550 900 169 2148 489 1444 2837 1796 1782 947 480 559 978 1428 606 1328 2344 1414
000621.jpg,1588 1132 988 121 193 569 536 2090 680 1268 1431 36 866 2117 1492 142 802 1793 733 1699 2078 2333 1553 1430 901 429 2029 1890 555 1886 1236 1256 2267 2217 2743 2668 1393 878 1033 868 332 427 1053 886 417 1418 597 1686 176 2384 2451 2415 2227 21 2786 554 2380 1562 1499 979 681 1888 500 340 289 2108 62 432 2568 1398 1065 302 1038 199 361 292 2423 1249 743 1374 78 1041 1668 2602 893 359 213 571 1272 1785 24 2421 2024 672 2828 2143 634 377 640 2430
000622.jpg,2548 687 2662 1375 2189 264 837 2455 2063 2484 1009 1665 210 793 1159 2371 1861 299 891 2269 1122 2418 857 1350 2833 57 2125 570 2092 746 689 1982 2327 1034 2844 704 1551 2461 1619 2576 352 228 667 403 1925 280 1580 2039 1815 2332 885 2797 2123 421 1930 2403 1859 1358 1234 90 1664 1043 77 1776 2139 1520 1509 2731 262 2206 2385 1792 1724 741 1276 801 2229 2356 859 1575 1814 2659 2004 428 1542 1735 2255 888 720 2811 1238 641 287 1291 2198 2321 1675 366 1191 2776
000623.jpg,2502 2152 941 84 214 2348 2841 1139 1602 1953 1866 1605 2706 957 1113 244 744 2404 1171 1889 909 22 2115 2109 2464 2751 1214 2572 1696 1371 1616 844 2567 1661 509 2457 621 1525 2197 183 106 1927 1960 2725 2562 924 2448 815 1280 1596 1768 609 2612 2720 1199 1632 894 2761 1766 1726 2153 96 2522 270 2591 171 1659 2263 1987 1365 40 2203 2401 43 2141 2048 2116 1880 2623 1515 971 2056 1064 335 189 45 2386 300 1032 1283 959 454 419 953 2768 1471 1198 2498 510 1671
000624.jpg,1908 284 2601 2471 502 1235 1845 990 65 2624 126 297 103 688 1107 578 2276 1323 1340 1310 903 768 1512 2388 848 1830 931 1254 702 1608 250 1767 1114 1186 1720 1821 1391 2314 1413 684 1975 522 835 2667 767 2079 277 1458 1013 2401 1277 1523 1834 2702 1336 333 2772 1844 951 205 1286 2315 1315 2160 2015 2080 1753 2777 2571 2503 1980 1015 1125 2685 2831 1252 2478 191 506 2136 1104 1364 2705 2496 1130 300 37 1846 309 441 2077 2818 2302 398 2489 2058 1174 856 2695 2383
000625.jpg,2093 607 631 2049 2282 1518 2796 530 1301 1604 1017 1058 1981 446 2140 1237 1290 451 1567 2596 1879 2660 1909 2392 2064 394 2357 921 1384 1331 1002 966 942 50 1613 2369 1614 2085 1673 1978 1119 2543 1742 1031 2458 1705 1695 487 2696 337 662 1681 710 1893 2782 1000 2257 1853 1906 2664 1739 54 2803 1396 791 355 1508 2600 1565 813 542 1495 1287 227 1370 660 2262 908 2042 2682 1105 916 2491 2459 2328 243 984 2618 1179 360 1578 1516 1554 2259 1676 2349 1455 945 887 2488
000626.jpg,2315 2702 1980 2685 277 767 2 2663 211 951 1989 1460 369 2532 2818 1834 1252 18 2015 1842 2510 1753 431 70 2478 1165 2777 1759 1125 601 1833 2077 2757 2772 2302 1443 1938 315 2496 2276 191 269 1557 1747 2388 1413 2622 889 1340 2686 1767 830 684 1390 1391 126 2314 1845 903 1975 578 688 1450 990 250 1147 768 1548 1678 65 297 1323 2624 103 1512 2601 522 1732 1235 1821 1120 2518 2275 1114 1107 848 1720 2471 1186 931 2667 1608 1830 39 1511 2563 2073 83 2561 1794
000627.jpg,2512 2362 1504 850 222 2218 1436 2691 2355 1052 2342 935 755 2450 2201 2750 1305 1736 1098 2645 2096 1806 836 1321 2071 1933 1911 1790 2432 177 2122 2679 1903 1638 1085 816 380 401 1163 2163 612 981 2829 1628 144 453 2074 1023 477 399 141 437 73 1233 2156 1599 2055 461 1510 2587 796 823 2452 2446 1709 2469 2747 599 595 1145 1047 208 1155 760 1006 2722 1808 897 2098 924 460 1784 1404 2126 1717 1160 1676 731 1089 1100 1976 2655 174 2274 2535 443 164 1872 325 320
000628.jpg,816 1085 1903 2679 1163 2122 177 2829 2274 1808 1688 1155 1404 1100 1089 2452 453 380 2587 1628 73 401 1510 2163 399 1233 595 208 437 823 141 1599 2722 1717 2055 2074 172 1023 599 174 2655 72 477 1415 1145 2469 612 981 460 164 760 2009 1160 1047 2636 1784 2747 2126 2577 731 2775 2537 1872 2098 99 1241 2355 2446 2645 1504 694 222 156 935 461 2362 1305 2642 666 1006 850 2691 2201 144 2432 2750 1098 1321 1676 2394 1436 1906 755 2512 1621 1682 1976 151 2218 2262
000629.jpg,2479 1532 152 2819 849 2365 1563 28 458 972 1896 313 1827 1741 81 2674 587 2500 734 2181 2283 2552 2250 238 505 2119 2370 523 175 847 2716 1339 696 2557 2689 1376 2534 2527 2177 2099 705 1704 2191 2228 330 1708 354 671 2742 2052 2193 1111 1680 602 92 2592 1873 772 532 1117 2059 2322 120 503 1956 1332 2764 2144 2028 711 780 1475 2698 726 1314 1335 268 1831 2244 131 418 740 1655 633 1481 2715 33 68 927 1829 1932 1789 1010 2236 1164 1875 806 999 61 452
000630.jpg,1923 1932 324 1967 1813 501 1062 390 129 131 1635 1843 840 1715 467 456 2531 241 1662 495 268 2142 2765 484 1789 1011 1024 452 2285 1503 2687 2301 1475 927 1730 2059 1929 363 788 1875 2407 2634 806 1378 780 1039 1281 2429 389 1037 999 1124 2244 314 628 1050 1275 2806 1912 534 2715 2053 108 786 478 2236 2465 2505 53 1022 2565 1831 125 1568 1655 295 1140 758 89 1048 33 418 331 1220 1026 1008 138 471 1097 2091 464 1465 1293 653 2611 1706 346 1941 52 402
000631.jpg,1900 215 803 436 737 2040 2381 101 364 2504 374 989 2546 1389 1115 251 328 766 341 2238 1300 2113 2759 2066 1213 304 2178 789 2579 1427 545 1106 1257 1786 2242 1971 1559 962 1306 1683 581 1951 1785 1883 485 1230 2114 407 1798 1175 1361 572 1451 1228 1333 1091 1137 395 1207 589 1898 2072 1357 2000 727 614 658 1019 926 2540 76 1334 2644 564 2787 2022 1996 2323 714 777 1818 2495 2288 39 898 1561 1394 1087 1558 2542 2409 1166 1801 1180 1928 646 1353 483 1685 2656
000632.jpg,1944 1055 2294 2728 725 2558 2207 165 2766 1825 2741 1212 494 137 2135 2435 1899 1056 2580 899 1463 116 97 2057 447 686 2248 1130 1606 2842 1067 2825 2068 1547 2291 2813 204 1473 2511 2305 1076 1452 692 79 2382 246 2292 1134 2736 1464 1935 1937 574 12 1126 1639 2041 2319 657 722 1940 2809 1986 1721 146 2719 2665 442 1777 2286 1876 140 1874 1223 864 1185 948 526 2393 627 2258 1868 2121 994 1408 608 1439 647 677 274 974 2708 67 804 329 2499 2583 598 2350 1001
000633.jpg,982 1531 1470 887 2065 2225 763 748 2792 2328 1791 2491 118 1578 819 1179 567 1667 1977 841 930 919 2778 1585 1769 1354 916 952 2575 227 945 639 1579 2682 311 2349 1583 2252 1063 2723 114 517 875 1210 2042 1851 928 998 1651 2416 2647 2310 1211 2379 2304 1854 382 2793 778 579 1920 808 528 2711 923 7 25 9 975 2559 1657 2618 1770 2488 2097 2729 1209 1154 1368 2459 1367 151 2658 1271 1239 1970 515 513 566 492 2026 512 1566 1528 72 2636 2009 910 1688 2081
000634.jpg,2548 687 1375 2662 2460 557 1619 857 837 1925 879 1238 1009 267 1291 1776 1350 1665 2455 2363 2484 2063 1982 667 2039 264 2139 2727 570 1861 421 2385 2590 1520 704 2332 234 2125 228 891 2399 797 1043 2330 2844 720 1159 1792 2206 689 1366 2123 352 1 77 2092 2327 2189 2833 1086 158 1551 969 2356 2633 551 1572 2371 210 342 1664 2229 90 299 1457 885 2607 262 1887 880 57 2198 2186 1863 1815 2739 2403 1522 1877 1542 859 1034 913 1580 1193 2581 1122 317 1191 801
000635.jpg,2455 837 1009 2063 1159 234 1572 352 264 913 2399 2484 1520 1 1815 403 2727 2844 1025 1349 2731 1589 2371 2092 1814 267 2833 1122 1291 1238 2158 2541 2139 2834 299 2215 667 223 891 1735 1539 1615 307 428 1982 2635 17 1373 2776 1925 1619 741 2771 46 2385 1366 888 2269 641 90 2576 2783 262 1816 991 2633 2797 892 349 969 1571 1698 1630 1994 1863 2338 2185 1660 1129 2273 1480 2123 2226 2138 2223 1509 867 1807 2253 573 2607 2529 2431 1360 2356 1824 1684 814 1549 1776
000636.jpg,922 1763 37 1541 1456 820 1697 1188 1603 334 750 1090 2816 411 2043 650 285 2171 2666 956 2167 1221 372 1153 1891 586 2810 759 1082 1308 468 2313 2643 1288 475 2387 2216 443 6 1723 1703 1363 1916 546 1006 2268 1671 1882 2346 1858 1797 619 8 459 521 829 1260 582 980 1761 732 1284 1884 2617 2712 2425 661 122 1537 1865 1702 2308 2535 620 181 325 807 2118 1227 1844 2841 2706 1474 2194 1487 745 1387 1285 1995 1083 38 2657 637 973 236 2476 2220 924 506 1267
000637.jpg,2113 2178 304 1213 2066 1389 2546 1115 545 1019 1785 1394 1300 1228 1333 2022 1951 1175 63 727 658 485 1306 614 589 2072 1361 1137 1207 1559 149 1558 2000 1451 1798 1230 1087 1685 962 898 572 1106 954 737 2277 1801 341 182 714 395 215 581 2040 2323 803 374 1683 2656 1561 1786 1257 436 101 1898 2504 2409 1166 2644 2242 1971 132 529 989 1900 2149 2249 1334 364 328 924 2238 1712 2114 1161 1353 2759 1883 2787 1176 1693 2579 251 1631 766 2381 1760 16 695 2054 407
000638.jpg,28 1563 505 1896 238 734 2500 2250 458 2181 2674 2479 523 313 1827 152 1532 849 2819 587 2365 2283 2552 2099 175 972 1741 1376 2119 1339 2177 2527 2370 705 330 847 696 2193 2689 2228 81 2191 1680 2052 503 2716 2534 1708 711 354 602 1111 633 1117 1704 2764 772 2742 2592 671 1655 1831 2322 1335 2144 2557 2028 68 1475 532 1956 1746 1332 261 2236 927 33 92 806 268 1543 131 1917 120 653 2698 1789 1706 553 780 2059 1314 726 534 464 1164 1755 2773 999 771
000639.jpg,2018 1289 2146 2284 2008 764 719 2551 247 723 190 1493 1403 1577 1534 914 35 1204 1351 2582 1157 539 604 58 303 1128 1997 153 212 1121 1359 862 2487 1915 2585 343 206 2824 549 1247 1772 2718 1751 2081 2067 196 2225 615 1566 2603 874 1136 2405 276 450 869 2204 516 2453 2536 98 1368 776 1583 1958 1367 2488 998 910 2170 66 763 809 2379 233 2361 1651 812 664 353 2485 1745 512 2157 1819 701 585 528 2426 1239 1864 1211 2209 982 2334 2462 2097 282 1402 1063
000640.jpg,1749 1300 2066 1213 2178 304 2113 1115 2546 1019 545 1389 1785 2022 1228 1333 1353 483 2784 1883 1161 63 789 240 149 1513 1559 1106 1685 1361 1971 1951 1786 1672 2579 2437 954 572 1175 2504 824 1727 658 1743 1847 2656 1773 1451 1257 341 989 727 2040 2238 962 2787 1693 1306 1230 581 766 39 2149 1357 2288 132 374 596 328 182 1394 614 2277 436 215 564 1137 485 2555 1801 2547 95 101 926 1818 395 364 2000 803 1795 1760 2759 2827 1176 737 1900 1091 834 2381 1593
000641.jpg,1255 986 123 882 1757 2150 698 932 372 1001 568 2151 2380 796 1477 1600 2012 2350 2387 2121 1236 1911 2038 955 1049 1041 2267 1541 2583 1747 1120 1365 427 334 1233 1707 964 1696 909 1521 1682 1379 1012 1657 2706 1479 1474 820 1548 289 750 6 742 2333 971 1153 2428 437 1371 637 1888 1243 1400 868 1399 1429 981 8 905 2318 42 340 1267 1536 1430 2572 2047 1949 2808 2120 2031 901 863 730 2115 1073 1344 2493 429 516 1670 2688 338 1227 1390 2261 2221 669 2227 2449
000642.jpg,2479 152 2819 849 1532 1563 2365 458 1827 734 28 2674 1896 313 2500 2283 1741 2181 587 2250 505 972 175 81 847 523 2552 238 2370 1339 2119 2716 696 2689 1376 2099 2534 2557 2177 2527 705 2191 1704 1708 2228 330 2742 354 671 1680 2052 772 711 2193 503 2764 120 92 2322 1746 1111 1117 2144 1917 2592 68 1164 602 633 1314 1873 1956 33 532 2244 780 771 2028 61 699 2059 207 1543 1109 2698 268 1831 1481 449 131 1961 1335 1475 418 1021 1655 927 806 1010 1941
000643.jpg,1057 2437 1836 1672 1449 1749 1914 88 1476 1620 2202 2745 1732 603 2785 1678 2275 830 1450 2317 761 834 751 1856 1713 1073 16 1523 1116 1482 824 2080 339 863 2058 2555 1178 2249 1714 777 1483 1224 1183 1727 1147 683 1304 2518 44 2422 2523 576 441 2239 2547 269 1277 47 1838 230 1646 95 2190 1044 1517 2194 2695 1036 1990 393 104 946 83 2268 1548 2383 1447 762 596 1244 2111 205 60 2180 2791 2096 1425 1790 187 34 459 2073 1410 248 1709 2684 132 1380 1469 2129
000644.jpg,2479 2819 849 152 1563 2365 1532 28 458 1896 2500 2552 2181 587 2674 313 505 1827 523 734 2283 238 175 2250 2370 1741 972 81 2119 2716 2689 2527 1339 2177 1376 847 705 2191 2099 2534 696 2557 330 1708 2228 354 1704 2742 1873 2193 2052 1680 1111 2764 1117 2144 1314 68 1164 602 1543 120 2322 1746 771 261 1109 2592 699 671 2681 2199 1332 553 633 503 711 772 92 1955 1852 2306 1991 1010 1917 507 968 296 2237 740 890 33 872 1302 2799 1021 2173 1475 131 806
000645.jpg,485 1175 1306 1951 658 727 589 614 2072 1137 1207 1361 714 1451 1559 898 1558 2409 1798 1166 1087 2000 962 1334 1389 1213 1115 2113 1333 2066 1928 1106 1786 2178 2656 2022 1019 803 304 2546 1971 2149 1257 1230 395 93 251 63 954 1561 572 1427 2323 374 2787 2054 364 2040 2644 2540 293 1785 1590 1513 1685 1693 545 895 215 1683 1900 634 1161 2504 436 341 101 1300 1228 182 2381 789 581 2759 1847 989 1743 529 1801 737 2242 149 1597 2579 1773 2542 1091 1394 695 426
000646.jpg,2669 2794 192 2396 1787 2280 654 245 61 1781 2025 49 2173 408 139 207 525 225 838 1282 239 209 296 2091 2070 383 2164 356 2311 1141 1780 1248 1356 252 625 1506 1435 1127 2137 679 1505 2232 216 1481 2470 52 858 346 418 1598 822 1662 806 653 113 2821 455 2806 780 484 1140 1124 2531 2429 2244 268 2053 1475 2467 2690 2059 1216 1465 534 1037 1262 452 290 786 1024 2236 1022 295 1568 1918 726 2687 1274 1789 131 1299 1829 1168 2142 464 1692 927 2301 331 1831
000647.jpg,2210 13 2520 640 1272 2671 1038 2839 2421 2570 1337 2335 1329 1754 2083 1910 1764 377 2795 1041 729 2578 1949 2808 1952 1268 1266 865 432 323 571 1399 1070 828 2798 2640 2031 2120 1049 536 1429 121 1249 933 2038 2108 370 1189 1793 964 2047 2221 2539 698 2828 2629 2602 672 988 1562 1374 2090 1065 193 56 1668 2227 901 680 979 569 1431 2333 1588 36 955 2415 1132 176 2568 2384 2428 2786 733 340 597 2217 1418 292 427 2668 500 2451 1686 429 358 886 476 1521 866
000648.jpg,2359 423 1198 1371 1462 907 275 629 1183 2677 84 474 104 1184 1144 1280 1591 1866 1641 281 1084 543 2572 2494 2150 117 327 941 1205 2132 205 946 882 1525 123 2030 1973 2263 1263 2303 2623 1687 214 986 1659 1113 594 2503 1423 2086 1458 2101 1255 2152 183 2115 69 351 2348 128 396 1139 1219 1032 413 1541 924 750 1954 956 1882 398 2141 2688 1380 1757 1487 372 496 1199 270 2475 2060 2761 851 2823 2704 2245 2719 482 2502 334 909 1245 265 2678 224 2443 2203 189
000649.jpg,2045 1584 2023 2755 258 747 2545 2034 770 1796 1416 1029 1948 463 1096 2713 1051 1788 1586 497 2556 2272 1320 1316 715 1701 1417 51 1569 860 1895 2482 2628 1710 2815 100 64 562 2352 2631 1407 48 2289 305 197 992 1993 2721 1636 201 161 1860 1640 1261 1381 1965 439 1362 2735 2650 1544 433 2837 155 194 735 2501 2836 1496 2439 1617 440 1388 1489 26 2411 1782 1658 1870 2011 2767 2433 1934 1649 1545 2130 1926 2367 2241 1218 518 1656 1319 2649 1552 2817 1045 2046 2454 2375
000650.jpg,1207 2072 1798 1137 714 1334 962 485 1306 1175 1951 614 1346 589 2323 2644 1558 658 2409 1561 727 898 1230 2129 1361 1683 1801 1451 1166 395 1928 572 1559 676 2277 1087 1197 529 1106 803 2000 2759 76 2656 1206 895 2149 374 1590 1195 1535 1631 2579 737 2495 2242 291 1786 713 1075 581 93 2224 378 832 1394 215 853 2490 1538 1333 2483 540 1257 2170 1869 1898 1322 2504 409 2787 1958 2003 1267 315 2542 101 1971 1263 2245 789 2387 436 2701 1427 1091 1620 863 2653 1389
000651.jpg,243 1370 1554 1742 813 1105 1396 355 2696 921 2257 337 1673 1331 1614 2458 966 2064 1495 1384 2660 487 2600 1705 1681 1290 942 2782 2085 2259 908 2282 1017 54 360 710 1893 1739 542 1518 2596 1237 50 1853 2369 1000 2664 607 660 631 2543 2049 1567 1031 446 1695 662 1604 2803 530 1002 1613 1301 1287 791 2796 1978 1981 1565 1909 2140 1058 984 1508 975 1119 451 2093 2392 2394 416 254 7 2405 2336 151 1946 144 3 871 320 1271 1642 825 852 2262 2793 2147 2349 2843
000652.jpg,2152 941 2502 84 1605 2348 214 1139 1602 2841 1866 1953 1113 1171 1371 2109 744 1280 244 1525 2706 2567 22 2115 106 2060 189 1214 924 1032 2263 2751 1084 1458 2623 96 621 2768 1696 183 609 1927 2572 909 117 1198 2203 1616 171 1987 1184 629 1738 420 2677 957 1661 454 1365 2197 300 2162 419 953 2554 594 2030 2705 398 2401 894 1199 851 1397 1471 2448 510 2179 785 270 2404 1632 2303 2160 815 2503 1960 2678 1570 2521 509 2457 1659 1205 1979 2620 1364 40 148 1754
000653.jpg,144 2318 1479 1911 1682 2420 1387 1718 1200 320 852 2691 2262 1676 2355 796 599 2362 666 2642 850 2446 2537 2512 1621 1002 2218 2132 1436 2156 1504 1933 1119 897 984 836 1321 1098 2392 630 1978 99 222 2147 2655 208 908 629 2645 1380 2587 595 2593 1170 1052 1519 1510 946 2452 1717 164 2636 1267 2432 2071 1784 399 2096 935 69 156 1285 755 1817 2747 731 694 281 72 2342 907 1415 2201 1305 1790 942 1638 1736 2600 1371 1973 1709 1384 1047 2627 2098 2722 2469 1241 2009
000654.jpg,2267 2380 2423 302 1562 1888 2668 176 292 427 199 554 1398 743 1236 289 1890 868 78 893 361 1256 21 2568 2786 2227 681 340 62 2108 417 2217 2451 332 2029 2384 2415 1686 886 1521 2743 1430 1553 429 1033 1399 878 597 698 555 2539 1429 2629 901 2421 1418 1393 1754 1038 964 1070 1041 839 323 2578 571 2038 2221 1699 377 1492 2798 432 1431 802 2031 2333 1769 828 2428 952 955 1354 121 114 1065 979 1793 569 2120 1268 1266 1851 2090 2379 142 919 56 933 2828
000655.jpg,2268 167 38 20 1697 454 459 1995 1456 620 181 189 2222 1502 1284 115 1082 1205 759 2060 980 309 2313 1188 1797 396 2030 23 2167 2153 2807 2179 922 1570 298 2726 2643 1032 2554 2791 636 1260 2303 1884 2118 419 117 122 586 732 1285 1308 2823 1702 2627 411 1858 2623 2263 1610 333 2128 96 2476 1380 1198 2197 1318 2162 1880 1865 443 1744 894 1632 834 2678 1763 1280 2203 1199 37 1015 2351 1090 1217 1080 1927 661 2169 1525 327 2573 468 2103 2425 1184 2810 1536 1200
000656.jpg,1810 2583 2509 1001 2121 2350 67 627 249 202 1012 1075 1406 1944 899 1212 137 2741 165 2135 447 2825 2736 116 2294 2766 1055 2728 725 1606 2057 1463 2435 2558 2842 97 2041 1126 2207 1935 494 1547 442 2258 692 204 362 2382 2292 2248 1937 1825 2719 2305 1841 2511 2291 2319 1130 2683 246 686 1874 1076 1067 1134 1088 1899 2813 1439 1056 2143 338 79 404 1728 1223 2051 574 1464 2580 24 444 2068 948 135 1639 730 647 1383 2708 1689 2295 2809 804 2665 1986 1195 1609 1533
000657.jpg,196 353 98 776 2474 585 1643 2081 2067 1819 1864 701 1625 869 2103 1963 910 2462 2361 1042 2334 233 1402 2353 2256 781 276 809 381 1344 2027 1600 2643 476 1583 1221 759 1227 820 1541 732 1797 2048 1702 2194 1188 2261 285 1882 546 956 661 620 1916 153 813 1909 181 446 1260 2336 1031 475 871 1667 922 582 2346 2666 1105 1768 2810 1761 2331 1153 2434 2049 2843 1977 1108 825 2660 998 1083 669 282 2157 6 1554 1565 1806 2012 607 1791 2252 530 69 1808 710 2582
000658.jpg,2786 2227 979 340 332 176 1256 1393 554 2743 1033 2668 1562 2029 1686 868 2108 597 886 1418 289 417 1890 1065 2384 1888 2217 555 21 2451 199 432 427 429 2415 62 1398 1268 893 2423 292 802 302 2333 681 78 361 878 1492 142 1588 1793 1553 1430 571 1431 1132 2568 1053 36 901 1266 536 1699 2090 988 2078 733 1952 121 866 1399 193 2808 964 2798 680 1070 2117 2120 743 569 1429 2031 2221 2640 2539 1038 2629 1374 1329 2335 2038 2578 2267 2839 500 2380 377 1041
000659.jpg,2769 2454 1870 348 925 26 2649 480 1369 2538 2714 179 550 712 2050 518 2130 445 2840 1045 2011 1422 1617 2375 197 463 1172 433 1146 2289 645 1417 1701 1489 440 735 1552 1453 1788 860 2574 259 260 1983 2044 305 2826 1752 562 2544 2650 1486 1901 2088 977 2241 826 2676 2200 1029 970 635 1328 524 312 134 2433 1710 1895 2721 563 659 2724 2419 2337 769 2832 168 1253 161 556 1934 188 611 1624 2397 2309 2082 1840 231 1640 2148 900 784 2713 1102 2358 559 1405 987
000660.jpg,1159 403 2455 2063 837 1009 1815 264 352 2138 2484 1520 2399 2727 1 1025 1572 234 307 667 2371 1122 1814 1291 913 2731 1238 267 1982 1349 428 2648 891 299 2092 1589 961 2833 1509 17 90 2844 1925 1735 2255 2776 262 1619 2486 577 573 1939 888 2269 226 2139 2576 2710 741 127 2635 2403 1270 1571 641 2094 2385 1258 1863 2431 1622 1630 1373 1530 2100 2189 147 846 814 223 1607 2481 2338 537 2811 511 1078 1618 2797 685 1615 2158 1994 1816 2266 349 2246 1803 2783 969
000661.jpg,294 2229 1792 570 1665 1930 1861 2125 704 57 2418 1580 689 210 746 280 1575 1034 2327 1234 2174 1664 1392 1724 2461 793 1276 2456 1859 2004 1758 77 421 1375 1358 663 2838 2694 2330 756 1072 493 228 1457 2186 2332 2590 2662 857 2155 158 1350 2039 656 1765 1877 1576 859 2739 1887 1193 2581 2206 801 2548 82 2659 884 438 1292 1551 2321 934 287 885 2198 242 2356 1716 880 263 1348 1776 798 706 1043 2374 1086 1229 1377 797 1191 185 1542 1520 1675 2187 2127 1030 1522
000662.jpg,2517 143 2185 1440 1129 386 718 2529 1684 2619 2298 958 795 2271 2460 557 787 1215 2363 1694 810 1411 879 1514 697 1360 638 2584 30 969 1619 1445 2616 1366 1863 2524 71 1242 1630 1446 2246 1939 1294 273 1925 2104 665 1816 2481 2139 1982 1480 2633 1270 1112 1660 2833 352 299 2844 1258 2468 1509 2607 2431 385 913 667 1629 2385 262 2801 641 1373 1539 2455 414 912 551 2710 888 342 127 2727 741 1652 1803 716 2092 2771 234 1349 203 2576 668 1815 991 2208 147 1572
000663.jpg,1779 2145 1385 406 1992 773 2102 1871 2763 1007 1526 519 1138 1894 1707 2613 1731 2516 1442 1969 1645 1800 1511 742 1325 257 937 1527 535 2377 605 730 338 811 1040 2609 365 253 2830 336 1424 709 1309 2680 1466 392 435 1455 610 870 2095 2341 1020 678 648 248 821 1311 410 2560 1068 1110 544 94 112 1581 1966 1498 1634 1131 855 1516 2219 301 1783 2243 2549 881 2417 288 186 1379 1419 1094 2492 1794 1850 434 1968 774 1243 2788 2087 2364 717 1142 749 1670 593 2730
000664.jpg,783 1093 949 2737 1343 407 1856 1914 341 2785 940 2111 1683 2441 2242 2745 617 2827 983 2202 2190 310 1004 777 540 88 1091 1898 1561 1996 695 766 2238 2112 596 328 2114 132 1476 95 1693 1103 1999 198 230 2759 737 1176 2422 2542 1743 581 989 1116 1713 1230 1224 2040 1535 2504 2129 832 1773 364 75 926 2644 1714 2281 2523 1161 824 101 572 2413 1801 529 34 803 2149 60 462 1513 1818 564 1785 1304 1685 2113 2497 1900 962 2547 2323 63 2489 1672 1846 291 2656
000665.jpg,1753 1125 2777 2772 2077 2478 70 2510 2561 1759 2757 431 315 2622 1390 1834 1557 951 18 1842 601 2015 2663 2 1252 1839 2818 1165 2302 1035 2161 191 767 2315 277 2702 1938 1443 1235 990 297 502 1980 2471 2601 889 2685 2686 522 1747 688 103 2624 2276 369 2532 1989 578 1845 1114 1323 1413 1833 2667 1830 1608 702 284 853 2583 1075 126 211 1810 768 848 1821 250 1908 1391 1340 2323 1460 2759 962 1767 67 1798 2496 1720 2509 1511 634 903 1186 931 684 202 1207 249
000666.jpg,2045 1584 1029 1362 463 1701 1307 860 2755 992 258 906 2735 497 1788 1416 2034 1993 1096 2023 1897 2011 2046 1586 1926 1948 2721 2076 155 547 85 197 1417 674 259 1617 715 2753 1796 1386 1552 1486 2376 2628 1388 622 2482 1627 817 900 134 2544 100 606 1489 1860 562 1848 1123 1658 2241 559 319 556 1208 675 2815 201 2538 1710 188 305 659 1656 1051 2724 2840 1253 2646 1381 2309 2545 2389 1544 51 2419 1319 2084 439 2454 2367 747 1414 2817 712 1624 1045 178 2344 2300
000667.jpg,213 2024 2408 757 1689 426 558 135 634 2143 2430 1728 2295 1597 754 24 1804 853 2413 2638 707 1719 1231 1533 184 2533 2354 2366 520 1296 424 2725 473 1849 80 1394 1945 2124 1898 498 967 29 1448 1383 19 2014 1265 540 761 119 1269 2508 1326 2566 388 1312 783 2464 1631 2351 1722 1766 2320 1061 232 1984 1904 1149 2472 1889 2249 375 2756 2615 2277 1801 286 752 1426 1733 1931 2404 1785 1093 1867 2178 1478 425 1529 304 163 2113 2172 2507 529 609 2673 2169 2751 1401
000668.jpg,2224 853 967 338 1804 730 2583 1212 1707 1728 739 1266 792 754 2539 1466 1944 293 2031 1719 1149 2221 1346 1555 97 2350 410 1001 1670 2387 1075 2320 1399 1070 1952 2295 1886 1516 964 1651 1394 2668 714 67 2135 2540 538 2808 76 2038 249 1256 1236 1055 1798 2683 1243 2267 1928 2041 2409 811 1427 2120 1379 1699 2248 2380 1689 646 1546 1012 1110 137 2798 627 436 868 2151 1597 1606 1969 2472 2121 2428 1937 2294 1639 1429 2736 1166 2786 899 1057 123 2533 2719 1557 1558 1634
000669.jpg,1349 913 1572 234 1 1520 2727 352 1025 2399 2541 2226 511 969 2834 2339 2158 1618 1684 1630 1615 2298 2246 307 1540 2466 2215 892 223 46 1360 2635 2340 349 2710 961 127 2709 1539 1294 958 1446 2175 17 1215 2517 1291 2783 414 267 1159 1238 1258 2619 1571 2063 2444 1514 573 665 891 1270 2138 638 551 342 837 2524 697 787 143 1009 685 2481 154 2844 2185 2385 30 2271 2529 403 718 71 2455 1939 810 1815 1619 1863 1652 41 1059 2662 386 2801 1509 879 1167 2104
000670.jpg,372 1260 807 2313 1858 759 1221 285 922 820 1456 1865 750 1541 1284 1188 650 1286 1603 1153 2194 1723 1227 37 334 1015 1285 2643 6 2666 2425 468 1844 546 1570 411 1761 2268 1697 1916 1891 582 1884 620 1797 1763 1560 475 1387 298 956 629 980 122 2346 2476 2261 1082 454 973 586 459 732 2816 396 1032 181 506 1610 2554 2118 2677 1882 1702 2060 1537 565 661 2171 2216 1083 1090 1995 476 2810 1308 115 191 2153 189 669 829 1703 2043 636 255 1084 1502 229 1199
000671.jpg,1083 1702 181 620 732 759 6 2643 582 546 1260 1797 285 1882 1221 807 2313 1858 2807 1188 468 2278 1318 636 2823 1536 2476 661 2261 2194 2425 1697 1153 2171 2168 476 1227 2816 922 2263 2043 2678 829 1763 2720 2810 2153 1761 644 2666 1891 956 1723 2522 894 42 2048 1726 2627 650 45 2442 2386 1525 189 1865 2056 419 2562 1768 1064 586 2554 396 1251 820 1364 2688 1603 1090 1456 1916 762 669 475 196 2761 1596 1541 2060 2346 387 971 2498 37 2623 1960 1032 2116 411
000672.jpg,2629 2539 2520 2798 377 1429 640 2210 2578 828 1038 2428 1754 729 13 2421 1272 2120 1041 1070 2031 1949 2221 1668 2602 672 2828 933 964 1374 2640 2671 2038 865 1399 1337 323 1249 2083 358 2047 1049 698 1910 2808 1266 1952 979 1329 955 2786 2451 2335 932 370 176 2227 2718 1189 1521 2423 292 2384 1255 2570 56 1764 1033 289 78 1686 554 1762 2734 743 302 1477 21 536 1393 340 2032 1595 893 1562 2263 2839 1888 1170 121 2503 839 569 1525 2743 1256 868 2668 1077 432
000673.jpg,2669 2794 192 2396 1787 2280 61 2025 245 654 1781 49 2173 408 139 207 225 525 838 1282 239 209 296 2091 2070 383 2164 356 2311 1141 1248 1780 252 1356 625 1506 1435 1127 2137 2232 679 1505 1481 52 2470 1598 822 216 418 858 346 113 653 455 806 2244 780 1662 268 2531 2821 290 484 2429 2690 1262 2467 2806 2059 1475 1568 452 1274 1022 1465 1124 131 534 786 295 1140 2142 1024 1216 2236 726 2053 1875 331 1037 495 241 2301 1789 1692 464 1918 1829 2765 430
000674.jpg,1879 2093 394 2049 2357 530 607 1604 1981 1301 1237 2392 446 1058 2140 451 1567 1518 2796 1017 631 1906 1290 1119 2282 1978 2596 1002 2660 2543 2262 1909 1676 908 984 2085 1495 942 1621 2458 2064 1613 1331 1705 1614 852 2600 337 966 1384 1673 662 1894 487 2696 1681 320 355 1742 1145 2609 1105 243 1396 1516 1239 1554 1645 1546 1455 2257 921 1800 1370 288 2042 186 1718 1739 2369 227 813 1367 1566 519 2664 1000 916 50 1138 517 897 709 2843 2341 1695 1893 2747 2782 710
000675.jpg,1328 1444 712 1617 1782 947 1663 1045 2836 1679 1993 2241 1489 169 1623 1369 2130 1710 2011 1054 2050 2837 900 2454 2707 1422 197 1649 445 735 51 2649 179 1437 1486 2767 860 2840 440 348 1552 1381 463 1658 480 645 155 2769 925 1870 26 1218 1544 1307 1701 1417 1640 260 559 2826 1029 2714 2439 1796 563 2289 1934 134 1416 1948 1926 1102 221 188 305 2628 259 2832 2817 1405 817 312 635 550 943 1569 2082 1656 1261 1096 2790 2419 1208 1253 2411 1386 2133 2397 1840 556
000676.jpg,807 1260 372 1221 759 582 546 285 6 1882 2643 820 1858 1702 1603 1541 620 1153 2313 1188 750 1083 334 181 732 468 650 2171 1696 2666 1761 1797 956 1697 2810 609 411 1227 2043 1891 454 2726 1139 1084 2162 1865 2261 163 2060 1723 1766 5 922 2816 1061 476 1744 1844 1916 2194 2457 629 189 1171 2346 1637 1199 2823 244 2115 2677 1284 1015 1515 388 375 2303 744 2404 1456 1032 1556 565 2751 829 1610 2567 117 1214 661 298 1286 669 1326 2425 22 425 2351 196 815
000677.jpg,2769 1870 26 348 2454 925 2649 1369 480 712 179 550 2050 2714 2130 1045 2538 1617 518 735 440 1489 860 1701 1422 2241 1710 1417 1788 197 2840 445 2375 1840 463 433 2011 1328 305 2289 1656 51 2817 1752 1934 2826 1172 562 155 1782 259 1993 769 1146 645 1029 260 169 970 2200 1663 312 2528 2837 2721 900 2439 1644 1552 1102 2650 1486 2836 817 1624 1640 2544 2501 1437 1544 188 1444 2397 489 2832 524 168 556 943 2044 1796 659 161 2790 1895 221 563 947 613 2337
000678.jpg,312 2832 1752 987 1146 1102 2790 1545 1934 221 2389 1624 2411 1656 2817 2501 85 1407 1405 4 943 635 2528 2082 1644 1926 626 556 2270 2300 59 1202 817 188 826 1737 2044 547 1386 611 2069 1316 1319 283 1840 735 1422 613 445 1617 440 2826 2840 2367 1636 463 2241 518 169 2133 977 1552 1468 2011 2397 712 550 2419 978 1782 950 2837 2836 1045 1437 900 2544 2050 1486 1983 2424 2312 1649 2375 563 559 259 266 947 1092 2200 2574 2477 2148 197 155 260 1878 2714 2556
000679.jpg,2425 1671 1474 2476 2313 745 8 325 468 42 1858 1797 1844 229 1288 1703 1560 506 2197 2535 959 1286 2831 2216 1363 644 565 2705 2562 2706 2823 2401 785 2720 1251 1336 2449 171 236 521 2194 2079 971 1199 2608 1013 2612 1364 759 894 1927 2442 2760 1315 1108 1032 2643 2056 2261 1064 2182 1318 637 661 309 285 2160 45 2153 419 621 2617 1907 762 476 2522 619 96 1153 1188 1227 1536 1541 300 2688 820 1217 1221 189 255 2657 861 387 2109 2554 2278 1603 1865 882 2089
000680.jpg,1328 947 1444 1617 712 1782 2836 1663 1045 1993 1679 2241 2707 2011 1623 169 2130 445 1054 1710 2767 900 1649 1489 2840 1422 2837 1552 197 2050 1486 2454 645 1437 1381 1369 735 51 179 860 1658 1307 463 440 155 2649 2289 260 1218 563 2769 2826 1029 480 348 559 259 1544 2714 1640 1948 1701 1405 1796 925 1417 635 2439 1261 1416 1569 2133 1870 1253 188 1860 26 1208 305 2082 312 2832 1934 1102 433 1926 134 2628 943 2650 221 2544 2397 562 2088 2270 2817 1096 2375 2419
000681.jpg,2516 1325 1526 1511 1442 1969 730 338 1466 2145 1779 1707 1871 2102 406 1992 1385 2843 1379 773 1794 1005 2730 2364 1243 1068 2788 2290 544 336 112 2151 1311 2299 1783 2763 855 1946 1670 2377 749 1131 2746 1498 365 1138 605 678 1966 1020 1527 2549 2243 1040 593 1731 257 870 2830 1142 1094 2006 1968 1913 774 435 811 410 2560 1634 821 881 2417 673 1581 253 1110 1174 2492 1455 1309 2519 610 1424 2680 434 937 1079 2613 709 1850 2005 2341 717 2087 1007 2251 1936 2219 535
000682.jpg,751 2437 1057 1836 1678 393 1672 1732 1244 2752 1120 1147 1690 1914 1467 1178 2275 2546 736 2518 2785 830 1028 371 1106 1389 1353 1115 1950 1559 1646 2360 863 1450 88 2326 1749 603 1073 2136 2579 2745 2073 2000 1971 132 2802 145 1523 1734 777 2234 902 2020 824 321 1476 917 2159 774 1357 581 339 1014 2417 2680 545 469 2653 1713 1626 541 1091 1809 1714 1913 2492 1959 32 2190 590 1685 1195 993 2238 2684 378 1786 1300 1620 1919 1094 2033 2240 1869 374 87 1116 1104 1224
000683.jpg,70 2510 1753 1125 431 2777 2772 1759 2757 2077 2561 2478 1839 315 2622 1390 1557 1834 1035 18 951 1842 1165 601 2302 2663 2015 2 1252 2818 191 767 2315 1938 2702 1443 2686 2532 522 277 1747 1980 889 1833 2685 2161 990 297 1235 1845 2624 502 2667 2471 2583 2601 211 2323 103 369 702 126 1989 634 688 1830 2276 848 1323 1114 853 426 2143 67 1608 962 1075 1821 768 1810 1798 578 1460 250 1511 1767 2509 1413 931 1720 284 1908 2350 24 2759 1334 2320 2121 249 903
000684.jpg,1721 2809 1876 1473 12 1439 2051 637 627 2499 2057 1725 444 2657 1406 368 394 1906 1012 1810 249 1001 2291 1390 2583 2435 67 2121 1879 790 2683 2622 608 2350 1931 202 598 274 2719 1075 494 2598 2509 2183 531 447 1433 939 521 692 682 2308 2704 574 2617 994 2438 864 1592 2089 255 1557 1899 2766 526 2319 601 442 1088 2292 1817 2093 2712 136 2526 2803 1777 1565 607 482 2445 791 1839 1223 2220 944 2757 2599 1639 1902 1874 2436 1185 1613 2569 1479 18 1881 2708 1287
000685.jpg,2045 1584 2023 2755 747 258 770 2545 2034 1796 1948 1416 1096 2272 2713 1320 1051 2556 1316 715 2815 2721 1569 48 2628 463 1586 1029 2352 64 1895 100 51 497 1636 161 562 1860 1788 305 2631 1496 439 194 1965 201 155 1261 1640 1407 1417 2289 1381 860 1544 1701 1649 1993 2482 735 2836 518 2837 2439 2433 440 1617 1710 2767 2735 2367 1782 1658 1840 197 1218 2376 1552 2650 169 231 433 1319 2538 2553 2241 992 1253 1545 319 611 1926 817 1388 547 168 2300 2130 947 1362
000686.jpg,2394 416 105 1778 11 883 1946 2110 664 2331 1419 301 144 434 908 2549 1002 1731 605 1040 544 392 937 94 1527 1138 1495 365 2452 2377 1133 717 2458 243 1309 1978 2718 257 248 2830 984 1271 1424 519 2600 673 2219 1968 2417 490 2361 1705 2353 749 2697 1170 318 1005 2560 435 1966 648 2196 808 1325 593 2843 1455 2290 1634 7 1573 1119 1077 1614 516 406 1331 337 678 1871 1311 1079 535 151 2095 2730 966 1020 1347 855 632 2788 610 2341 1498 821 288 1155 2364
000687.jpg,1306 1175 485 1951 1361 2072 1137 589 727 658 1207 1451 614 803 1559 374 251 2000 1798 714 215 962 1334 1257 2381 1786 1900 1106 436 2040 2579 2504 1427 789 1558 364 1971 737 101 989 2409 898 1166 2759 2540 76 2787 1230 341 1087 2054 572 1928 395 2323 1357 1561 2238 2656 2546 1213 2644 581 1389 766 1683 39 2066 1883 2113 2149 93 328 1590 1115 2542 1091 895 646 545 1300 1333 2178 304 2288 529 293 1346 1898 1801 1197 564 926 2495 2242 954 1180 1685 1693 1394
000688.jpg,2458 1495 2600 966 1705 942 2085 2543 487 1384 1681 337 1742 2596 1290 2660 921 1017 908 1673 1331 1518 1614 852 2064 2696 243 2257 1370 2664 1739 1000 54 1554 1853 2282 1002 542 1396 631 1893 1695 2369 1978 710 2392 2259 355 50 360 1237 2782 1105 791 813 1031 660 2803 1567 984 1119 2262 1287 320 1981 607 1565 446 1508 1604 1519 1301 1676 451 530 2147 1036 2140 2796 2049 1058 1152 318 416 2420 392 151 1779 512 1455 1479 2618 1718 1077 662 1946 1385 2559 568 2170
000689.jpg,2517 2185 1129 1440 143 386 2529 2271 795 1684 1411 718 557 2460 1694 2363 2584 2619 2298 958 810 879 787 1514 1619 2524 1215 697 1360 1863 2104 1925 71 273 1445 1242 2616 1366 2139 638 1982 1480 2468 30 888 2833 1816 262 1630 1294 299 342 641 1295 2595 2385 991 667 1373 1807 1446 1539 2431 1939 1258 2844 147 1509 2246 2801 2576 2771 1629 385 1524 2092 665 2776 741 2455 127 551 912 1059 2710 2633 2731 2208 2481 1660 1112 1803 969 203 2607 2371 1520 352 1549 472
000690.jpg,909 2448 43 2725 971 609 1696 2464 2188 1766 2404 1108 1889 244 2688 509 2457 2498 2115 1515 1596 1477 957 2720 1802 1953 2442 644 785 844 5 1426 387 2562 1616 1602 270 744 2425 1283 2751 2109 1171 214 1866 1139 22 229 2567 466 2348 592 2841 1880 956 1214 941 2572 1768 669 84 2128 498 2508 2162 1199 2366 1487 1541 2706 1744 1365 2726 1882 476 959 1761 2476 2124 585 820 375 2141 1643 1227 106 2048 2152 2502 2197 1269 119 1661 2408 2354 1927 1867 1722 953 115
000691.jpg,820 2666 1541 1723 650 750 1603 1891 2810 2816 2171 2043 475 2346 1916 334 285 546 922 1221 582 759 1260 1188 956 1697 1153 1882 807 6 2643 2313 1761 2194 1227 629 1702 2677 1763 620 1285 732 1858 1083 973 1570 411 372 37 1865 1462 661 98 1797 468 298 2261 1456 1605 2152 980 1090 181 117 2502 1139 1284 1884 1015 281 196 2518 2359 586 2118 1380 353 1979 594 713 829 2387 2494 1144 275 1423 1412 322 1082 1073 2210 2841 2667 1995 73 2483 2653 2514 2179 776
000692.jpg,1721 1876 2809 1473 12 447 864 2728 1055 526 994 608 1056 2766 2207 274 2294 1931 494 2291 2435 1463 2683 1944 2057 2719 1725 1899 2438 508 601 627 2825 1439 1677 725 2741 574 790 2736 692 939 2526 431 1185 137 18 1892 2499 1842 1212 2622 682 1771 531 2292 2315 444 2708 2051 1759 1825 1942 2319 1592 1433 368 1935 2037 2220 598 1606 1134 2580 116 2625 1012 2757 67 899 249 2135 1839 1408 1777 677 2569 686 1868 1452 146 271 2583 1557 204 2558 140 70 657 394
000693.jpg,1349 234 913 1572 1 1520 2727 2399 1025 352 1618 2541 2339 307 2834 511 2215 2466 2158 1615 223 1540 2635 892 46 2340 1630 2226 969 2246 1684 349 2298 1360 1291 961 267 1238 958 685 17 1571 891 1159 2709 2619 1446 2710 2063 1215 1294 2372 1514 665 127 573 1009 1258 2175 403 2517 787 1270 638 2138 837 1698 2455 1815 414 2253 30 1539 2444 2529 2481 2271 342 143 71 810 537 2223 1129 1939 2783 1445 2844 2801 195 551 1509 1059 2338 1803 1112 2473 697 741 641
000694.jpg,2018 2146 1289 2284 764 719 2008 2551 247 1403 153 1577 1157 1121 190 914 1534 1493 723 1997 1351 35 1204 1915 2582 212 2485 539 998 1128 604 825 343 2487 2585 303 549 615 2824 1359 2792 862 2793 1751 2361 206 58 1271 7 1970 450 151 1854 2711 2336 2603 778 1772 382 2718 975 812 2204 874 1963 765 2453 1583 1247 808 1246 567 1566 2165 2353 14 2209 2067 1595 528 282 2550 2304 875 1507 118 2394 513 2426 1985 869 2379 1210 1745 871 1367 1651 1347 2658 873
000695.jpg,629 1570 650 285 2666 1697 1537 2677 1221 690 2502 2841 922 2706 1232 475 1922 2691 2726 2152 298 1916 2355 1744 13 2216 2162 980 1272 1882 2032 2171 1605 1504 1184 1884 117 2346 1285 2218 281 2043 2048 37 640 850 1661 2268 84 2179 1139 1541 1188 2810 2572 2118 6 924 620 2167 1763 2210 755 1394 724 546 956 1502 1891 2593 167 1288 1723 796 1456 820 20 1436 40 2643 1638 222 732 941 621 1283 1171 2768 1397 23 1267 2497 2816 1153 1108 2520 2620 1797 1703 2391
000696.jpg,645 2011 445 2840 1552 1029 1253 155 2735 463 1617 2241 197 1045 440 2289 2836 134 2088 1649 51 1782 260 1658 563 1486 1840 1054 1422 1663 1993 735 712 319 2650 1381 965 1860 1444 1328 2419 169 2130 900 559 1679 550 947 1307 2375 2826 1623 1544 1640 439 518 2707 2837 1948 1636 2631 2815 2050 2767 2439 1965 562 305 2133 201 2628 259 1096 433 659 2082 1316 1796 2076 64 2270 1569 2272 826 2652 769 1901 2454 1218 1496 1878 1437 547 231 1123 674 48 1983 1416 613
000697.jpg,2152 84 2502 941 171 1605 621 183 2056 45 398 1064 2706 1458 2522 2760 2612 2182 236 2608 1251 2401 1113 1364 1139 2503 2841 2348 959 2386 2705 2197 1953 2572 214 2263 244 1171 2831 1726 2116 1199 1866 2591 815 22 270 2678 1616 2160 1960 844 1365 1214 2761 2751 1768 785 2562 106 565 509 300 1696 2115 2457 1602 43 1987 1570 2498 1560 2425 1371 1525 909 971 1198 1596 1280 335 2230 2141 506 2188 2203 2448 2720 2079 2567 2688 861 189 744 1283 2048 644 1032 1315 333
000698.jpg,1051 194 2352 1261 1218 1948 1416 1096 2272 2628 2815 1496 2556 1316 1658 1381 2713 1860 1544 1965 64 1636 48 1640 51 2721 2836 201 1569 2439 1840 2241 100 439 169 715 1782 1584 1649 562 1054 155 305 2433 1444 1663 231 2034 2837 645 2309 659 1623 2707 1796 1586 2767 563 445 497 1679 947 2545 1901 1148 440 2650 2840 518 1328 735 1617 1253 2289 2826 2050 2553 712 2376 978 1422 1045 197 559 1453 1552 260 168 2023 769 1490 2482 1878 319 2652 1993 2011 161 2088 2649
000699.jpg,1545 59 2389 2367 950 626 1752 1202 1799 547 4 2270 1146 1386 1840 440 1552 611 2082 1737 1319 1316 2375 556 134 735 826 904 2241 613 155 563 1636 1148 518 312 2840 1123 987 2148 2439 1468 85 463 1649 1544 978 1486 2312 1307 188 2826 1993 259 1656 1878 1407 977 1029 2076 1926 2289 260 674 900 1934 906 2556 169 2424 2069 965 445 2088 486 2133 1437 1901 231 2735 645 769 2837 1428 1584 2200 2817 197 2652 168 2832 1965 2419 173 1496 1045 550 2606 2553 1617
000700.jpg,1944 2294 1055 725 2558 2728 2207 165 1056 2435 447 1825 2766 2741 2057 494 2135 1899 2825 2291 899 1463 204 137 2842 1874 1547 1212 1130 116 1606 647 692 1126 2292 2736 1937 2511 1935 442 1134 97 2382 1223 2248 2813 686 2319 246 146 362 2068 1076 1841 2258 2041 574 2580 2708 1940 2683 2438 722 2286 2305 1464 657 2569 2665 682 1067 2719 1185 1986 2639 804 1777 1639 2393 329 1721 79 948 1592 1452 677 1473 1439 140 2121 491 1931 1892 2809 444 627 2051 2350 608 2506
000701.jpg,3 1642 2405 2170 254 2490 1958 1574 765 1985 2336 779 825 1246 14 929 66 652 2536 2157 282 2434 1136 873 1745 2426 1121 2209 1600 1577 2012 1157 212 233 2001 1997 2204 549 1915 604 539 723 2256 1247 1595 1347 2585 862 1493 1670 450 914 2147 874 2593 2324 1534 2485 2391 2824 1751 35 318 2596 1384 1535 58 615 1290 256 812 487 303 1519 1633 1681 404 2264 1351 764 832 1152 1772 1068 1325 2458 921 821 1289 190 2064 112 1643 2600 2377 1359 966 2487 1762 2145
000702.jpg,1255 123 1757 986 882 2150 2380 932 1600 2012 1236 1541 2387 1049 2267 1958 2775 698 1415 1477 1479 334 1521 289 174 895 93 868 1041 372 21 743 750 2227 427 1590 1157 320 839 2729 1001 1233 955 2423 437 2350 981 909 1888 2493 1682 1670 893 979 361 1406 1718 2593 2047 1256 555 302 292 820 1430 1380 2170 1267 399 212 554 568 1603 624 2490 1365 1492 1079 1915 2788 2405 2451 2151 1676 681 2121 1642 176 2318 937 852 1359 1657 1911 429 1200 2585 1038 1346 749
000703.jpg,312 2832 1752 987 1545 1146 1102 2389 221 85 2790 635 1405 1934 2411 1407 1656 556 4 626 2501 2270 2082 943 1624 2817 2300 59 1926 2528 547 826 1644 2044 188 1737 1386 1202 611 817 2069 1422 1319 445 1316 613 1840 735 440 518 2011 1617 283 1636 2840 2241 2826 1552 463 2367 2133 550 169 2375 977 1782 712 2836 2050 480 2424 1649 1092 563 2397 1045 1437 900 2837 1983 1468 197 2419 2538 947 2544 1486 1029 950 155 260 1444 2312 259 559 978 2574 659 2148 1878
000704.jpg,40 2263 1960 2116 1525 2678 2386 1198 117 1726 2152 2502 6 2303 327 851 1083 2494 1659 1605 84 592 2203 1702 2572 1371 1205 1184 2623 1979 298 941 620 582 732 181 1882 1687 2643 636 106 45 2056 23 1696 844 148 1064 1199 420 2522 1221 1139 546 759 1570 1113 1768 1397 2768 2115 2807 398 1632 466 1515 2761 1251 1364 1797 2620 2503 285 2048 2278 1723 244 2497 2841 2182 75 2720 2571 1616 2760 300 940 189 2457 183 510 1502 2153 1004 1400 2030 815 1738 22 1214
000705.jpg,1710 1489 712 947 2836 197 1782 1444 1045 1369 2649 1617 2050 2241 1663 860 735 2011 179 1417 1328 1870 925 2454 169 26 2130 463 348 2817 2837 1102 1701 1656 440 900 2790 1437 1679 817 1649 1422 221 2840 445 2832 2375 1926 480 1934 1407 1644 1381 2397 2528 489 2767 2289 943 1658 1624 1623 1054 2707 1993 2411 312 645 1486 2769 1405 2300 1544 2826 433 970 51 550 1307 2714 626 1788 1752 1029 563 635 2628 1386 1545 2501 2082 155 1552 2270 260 2439 559 1796 1840 518
000706.jpg,2679 1163 2122 177 1903 2829 1085 816 477 2452 99 760 1872 174 1510 595 164 1628 2274 453 399 2775 2587 1808 1415 401 2163 823 380 156 1688 1784 73 437 1233 208 141 981 1599 694 2655 2074 1717 461 2469 2055 460 72 2126 2722 1023 172 1976 1155 612 2009 731 2577 2636 1241 2098 1145 1047 1160 1504 2747 1100 1404 2355 222 2446 599 1089 850 2218 1436 2750 144 2691 1682 755 2362 2512 1479 935 1321 2201 1098 897 2432 320 1305 666 2645 2262 2537 2642 2420 2342 1933
000707.jpg,757 135 558 2295 1533 1728 2413 754 1689 2024 2143 24 213 2430 634 426 1231 184 1597 853 1448 2756 1296 119 2638 1383 80 1478 2408 1804 2615 1984 1312 1265 1719 2472 218 2533 2320 1149 967 707 520 1945 29 2354 232 1849 739 2021 424 19 286 1722 91 1269 2508 1898 2673 2235 2172 752 2566 540 2260 2366 529 792 388 498 2277 1867 293 2725 1733 1529 2390 1093 1766 1801 2464 473 714 499 2323 1839 1035 1061 2351 2169 898 2124 1326 1683 1889 376 1469 2759 957 444
000708.jpg,1624 817 2528 1644 2411 2817 1656 1926 2790 1102 1407 1934 221 943 1405 2300 312 2832 2501 635 987 85 188 2044 2270 2082 556 1796 1386 1319 611 100 2034 547 1569 2389 2545 1617 900 2011 2721 1437 305 48 1489 715 1417 1658 562 860 1545 1640 2836 712 445 2826 64 2714 1202 1328 1096 51 1381 2309 1737 1679 197 1307 559 1782 1146 1486 155 659 1993 2840 1552 463 1710 1948 2241 826 563 1369 1788 2433 1752 1045 439 1860 1701 1416 1029 1422 2454 1623 4 201 626 2367
000709.jpg,1755 1756 805 1317 799 1395 2236 2061 1921 1647 1967 1475 2402 2693 390 1635 2053 721 1972 314 1715 1831 1655 363 653 806 2429 1050 1303 1124 534 2301 1568 927 484 1662 2059 1378 1918 471 786 999 1789 1929 2244 108 1438 936 402 2407 1706 2465 1275 268 780 1022 2505 295 1037 455 1465 2806 464 2232 1008 467 1787 2765 1024 1140 782 2687 2531 1018 418 561 1730 1274 1262 1273 822 412 52 331 131 346 726 2794 1297 1282 655 2698 389 452 2632 753 1026 1187 1472 1612
000710.jpg,18 1842 2663 2 601 1834 951 1252 2015 2818 1759 2757 315 2622 1390 1557 70 2777 1125 2077 1753 2510 431 2478 2772 1165 2561 2302 1443 1938 2315 2702 767 1035 1747 277 2686 889 191 2532 1833 1839 522 1980 2685 1989 211 369 2667 1767 1114 1460 1845 250 848 578 2276 1533 702 2624 126 1821 1830 990 2496 931 2323 2471 768 1608 2601 1075 1413 1511 502 1720 1391 1969 1235 684 2583 2388 1975 297 688 2746 1340 65 634 1323 853 2143 1810 103 903 2320 2509 1107 2430 962
000711.jpg,2045 2755 1584 2023 1029 906 463 258 1307 992 1362 674 1416 2735 497 2076 1627 2419 1552 622 2753 2046 1096 1848 1586 860 2646 2034 606 1897 2800 1208 1428 1158 1486 197 2724 1701 85 2084 2544 259 2007 319 2721 2011 178 1948 1796 900 675 1319 2626 559 1788 1388 1993 2344 2564 2389 1046 2652 134 2307 201 188 2815 2628 1253 911 2287 770 2358 2670 2556 611 1860 747 2545 74 547 1313 2397 2480 1417 659 2840 715 1051 562 1190 1545 1926 415 1617 2482 1381 2732 977 2375
000712.jpg,1721 1473 12 2809 1876 140 1868 2598 1452 627 67 2580 1886 1185 686 2657 79 2583 2506 2665 2685 2436 2286 1067 531 657 1998 722 217 1777 1027 246 2068 1076 444 368 1725 2617 1463 1134 2248 1639 1935 1547 2511 508 2499 329 637 2625 2308 2041 2037 255 2813 692 1439 494 2683 2427 1931 1330 994 790 1408 619 442 2445 491 116 804 881 2708 1771 2766 2315 2057 1677 2435 2382 2122 271 1892 598 2051 2704 2772 1055 2736 359 1937 682 2438 1126 2712 482 1592 2440 1464 2292
000713.jpg,1453 1901 2433 2713 1490 1496 2556 1316 2309 2376 2721 1860 2545 1569 2034 715 1796 305 100 562 2272 201 563 48 64 784 1965 168 486 2826 1636 2815 260 1148 2337 51 2650 439 2088 155 1640 231 1948 1840 2007 2289 518 1878 645 659 2538 445 978 259 440 1848 2358 1096 1428 559 1752 2553 1307 1416 1658 950 1584 747 194 2050 2241 1381 2840 1046 2352 2652 2439 2646 1123 550 2649 712 900 2454 1623 2606 1422 769 2133 1617 622 1486 1051 197 134 1544 1782 433 1679 2628
000714.jpg,2152 2502 84 40 941 1198 1605 117 2263 1113 2678 1960 327 1525 2494 2303 1659 1726 1205 1184 1371 6 2572 2203 1139 1687 1979 2623 2841 851 298 106 2348 1400 2620 1570 2386 420 148 1882 1083 1397 1032 1922 2768 300 621 466 2497 214 1199 23 2573 2831 1738 1221 1632 2115 1280 2791 1502 1171 973 2030 1696 2705 22 2179 75 189 1987 1084 244 2571 690 2060 1866 275 2109 171 592 510 629 1603 582 1064 1702 1364 2761 1251 1537 636 2359 1927 2182 2554 45 1760 2521 1768
000715.jpg,2792 567 118 1791 808 2065 998 887 1531 1354 919 1470 952 1583 2778 1769 748 2711 1854 930 778 382 2793 975 819 923 2304 1667 2328 875 2491 1585 7 2416 1210 2349 1970 517 2575 1851 928 311 2379 151 2559 1179 2618 982 1271 945 1977 25 1578 1657 579 841 2729 639 114 2682 1579 1209 2252 9 2647 227 528 2723 1063 513 2658 1651 1770 515 2459 1920 1154 2225 871 763 916 1211 492 566 2488 1368 2042 1367 2026 2097 1239 1742 2310 512 816 2361 2081 1085 1688 701
000716.jpg,213 2024 426 2143 24 1597 2430 634 1689 2408 2638 853 707 1804 1719 2533 2320 1149 29 286 135 1728 558 2673 2295 2756 754 2172 967 2021 1849 1533 757 293 2413 2354 1231 184 1448 2615 1265 119 1478 1296 1269 80 1984 1529 424 91 1383 520 2472 1722 1312 792 19 1945 2113 739 2178 232 1867 388 2390 2566 2235 498 304 1785 1228 2066 1733 2366 2508 2725 1766 2546 2124 2787 218 1213 529 1326 2014 425 540 1161 1847 473 609 1061 1019 898 2464 1898 1115 1426 1951 375
000717.jpg,1356 1248 2311 1435 1781 625 2164 525 239 679 2091 2794 1505 654 1598 383 113 216 245 49 2232 2280 252 1282 2173 408 209 139 838 858 296 1506 2137 2070 356 822 27 782 2632 1018 2396 2669 1612 1141 1472 643 1568 2017 1127 2062 1780 1048 1692 2406 1021 1187 61 455 1967 1168 390 1715 1787 1299 1648 1297 2402 1635 2693 192 2611 2465 1961 2505 1026 1500 1262 2025 1829 1216 1647 2053 200 618 138 655 653 1124 1831 331 33 2236 1755 207 1140 1706 131 2061 2316 1475
000718.jpg,609 1766 2725 2464 2404 1889 2457 844 509 1515 5 744 957 244 1696 2115 1616 1426 2128 2448 1953 1477 1602 214 592 2508 1139 2751 2348 22 1171 498 1214 466 2366 1904 43 2182 425 1326 2056 1556 375 1061 2124 2760 1866 565 2706 2188 1364 1199 1596 84 2152 163 2502 388 1637 2354 2572 171 520 2014 815 909 941 106 621 2109 1064 1768 2841 1605 2591 1269 229 1849 1744 45 1251 2498 473 2608 2522 2562 270 2442 2612 971 644 2567 2425 2476 2566 2720 807 183 707 2507
000719.jpg,2546 1115 1389 2113 2178 304 2066 1213 1300 1019 1785 545 1333 1228 2022 1951 1175 1306 485 614 1559 1106 63 1361 1257 727 658 1451 1786 1394 1971 589 1230 2000 215 737 2504 2072 1137 1798 436 962 101 2040 803 1207 572 374 1900 2759 1685 989 2238 1683 2381 2787 251 581 1883 328 646 341 395 2579 2644 364 2054 1801 1091 898 1353 2323 149 1427 789 1561 714 1898 2409 766 1166 954 926 1334 1357 1558 407 1087 2242 483 1996 564 2114 777 2656 529 39 2277 2540 1928
000720.jpg,2116 2386 1525 2263 2678 1726 40 1960 2623 1198 861 1371 1083 592 2572 851 2503 2720 644 181 2562 1632 2522 2442 1702 732 636 398 762 2498 387 1768 2153 2807 1596 1880 620 2554 96 1536 2048 894 419 1251 2188 2056 1280 45 1318 1364 106 1802 1458 844 2761 1927 300 1064 1013 6 1199 2278 1336 2571 1797 1315 971 2141 2688 481 2643 2160 2448 2760 183 2612 2401 189 1856 2831 2079 957 1205 2182 1515 2457 949 2591 1696 23 1032 335 2261 333 1004 1084 1882 1659 1365 43
000721.jpg,1814 1122 2371 2269 2092 2833 299 2576 264 1589 428 2139 2484 2063 837 2776 2455 1549 1009 2731 667 1982 2844 1925 1159 1815 403 1735 2797 1619 741 888 262 1373 1994 1622 2385 2486 2223 2189 2100 2338 1698 352 1421 1863 846 641 2771 1409 2253 642 226 1509 1571 1539 891 195 234 2717 17 1295 600 1824 2412 2635 2273 349 1071 2158 160 1 1615 1338 1807 573 1520 1291 1572 1238 1129 1530 2094 90 223 317 1826 1078 2215 267 1862 1349 913 1618 2266 991 2206 1540 2783 2616
000722.jpg,196 353 98 776 2474 1643 585 701 2081 233 1625 2361 1819 1864 1963 2462 2067 869 2334 910 1402 2256 2353 781 2103 809 1344 1042 276 1600 2264 69 1667 2001 381 512 2012 1031 1769 2379 1585 1583 1565 2723 528 2336 1077 2349 871 952 975 2026 114 819 25 982 2369 2803 492 919 2101 303 916 50 607 450 1579 2141 710 1368 1851 875 105 2042 820 2225 1772 2575 1578 998 1209 923 343 2778 2488 513 1170 1354 841 1063 566 539 2391 2618 2132 1695 227 1508 763 825
000723.jpg,2185 1411 2584 1129 1694 795 2616 1440 1684 143 2517 1360 2298 718 2529 386 787 1630 1112 958 2271 1445 1446 638 665 810 2481 30 1294 2619 2246 1258 1514 2139 1270 2833 299 1939 1215 969 557 71 2460 1814 697 2092 879 1982 2731 264 414 1925 2455 2363 1009 2727 2371 2844 2484 1366 1122 262 2801 1549 273 2215 1350 667 741 837 1571 2468 1242 1619 1589 1863 2063 267 1291 706 46 1520 1824 2576 2269 1238 720 1191 2039 2739 2123 130 912 2717 352 1542 1776 1373 2659 2158
000724.jpg,799 2693 1755 805 561 653 1395 1317 2402 314 721 1647 1756 1972 534 2061 806 412 290 2429 1303 1921 2285 1050 2531 1475 2059 390 53 780 1967 1568 1662 2236 1378 131 1918 452 2017 1273 2244 2698 1024 1465 484 1612 1503 1635 1011 2565 1875 1715 1274 268 858 786 1831 1655 1282 467 241 495 1039 1843 418 33 999 2316 89 1216 2765 1109 1022 52 216 1127 1787 296 2232 207 1164 356 2398 1220 471 225 927 363 2505 1991 753 2465 1789 389 771 1472 1481 1021 1438 838
000725.jpg,536 2090 121 569 1268 988 193 1132 1588 680 2333 332 1418 1793 1065 886 340 1686 2227 1431 2029 432 2668 1256 571 597 2786 2108 1393 1562 901 199 36 2384 417 1033 2743 176 979 429 21 2117 500 802 427 1430 1249 555 2451 1553 62 2217 1890 289 733 554 2267 2415 878 1398 1266 1699 866 142 302 2380 681 361 2568 1492 1910 1329 1952 964 2640 1399 1888 1499 2798 868 698 1038 1053 2038 2808 2423 1049 2078 893 78 292 729 1429 2629 1879 1145 2221 2839 2031 2120
000726.jpg,285 1221 6 546 582 1891 759 1603 1570 1882 820 1723 973 1541 2643 629 1605 2816 1537 298 2666 1702 1083 650 750 2152 2502 732 475 334 1188 1260 2346 1285 620 690 2171 1916 1015 807 37 181 2043 922 2313 1858 1697 1797 1397 1456 420 2768 2810 1139 594 1763 2706 980 1884 2179 148 468 1610 1153 2118 117 1080 40 2303 1979 84 1284 1082 941 1738 1502 2194 2494 2841 327 2348 2677 1488 2705 586 1227 411 2203 2261 1659 661 1308 2620 1090 443 1184 510 372 1380 1205
000727.jpg,924 1487 1471 1288 1703 1363 2216 953 2841 1605 2502 1139 2152 214 333 1953 2348 335 621 22 2230 1171 2401 171 1602 1891 2591 2567 1214 2706 2705 149 1866 2768 309 856 2751 2612 2109 1251 2160 2816 1019 300 1217 2831 1364 1671 1760 189 183 2666 2678 1726 419 650 1315 1723 236 420 1113 1032 84 2079 304 941 45 2522 834 2507 2263 2182 2760 909 2178 1064 997 2608 1712 1632 1336 106 1013 1927 506 2022 8 1232 2060 2197 2153 1458 1696 2448 594 2498 2113 37 2554 96
000728.jpg,1710 1489 1701 860 1417 1788 900 1437 348 197 1870 2011 2817 1307 1656 2375 817 2836 1679 1545 2649 2241 1926 925 489 2826 463 2790 2397 1782 26 1045 1649 2528 2367 1486 179 712 2050 1644 1624 2389 1328 1102 606 1444 1407 2084 645 1623 1934 1617 1369 59 735 2454 626 2769 2300 169 433 1381 2515 2411 440 1658 1208 2130 1386 559 947 221 2767 445 2289 1752 1054 970 480 2832 2424 312 674 2628 2840 2270 2082 2714 563 987 1319 188 2439 260 611 2076 2707 2034 1029 2837
000729.jpg,419 2554 894 2153 96 1927 1632 189 2060 106 1032 815 481 1171 1013 1336 2401 22 1214 2079 2612 2160 2109 2313 2567 1315 1251 2831 1364 2197 2705 1363 1703 333 861 971 300 468 309 1288 1286 2261 2425 1108 506 1283 2562 2720 2751 1907 762 1365 1844 2141 644 759 2643 1797 2571 2194 1858 181 1749 1083 744 2216 1727 1987 2162 661 2152 856 2841 171 785 2278 1953 2048 2522 2442 1661 335 620 1536 1153 1064 869 2555 1671 621 1227 2116 922 565 2726 42 2760 1702 45 2188
000730.jpg,803 374 251 2579 1427 2381 1900 2040 364 2759 101 215 436 2504 789 737 989 341 2542 2540 328 2238 766 2242 581 962 1883 1798 1683 1334 1230 395 407 2644 572 2114 1971 1786 2323 1257 1091 1357 1561 1559 2656 485 483 39 1213 1451 1898 1996 1106 1361 2784 1207 1353 1137 1175 529 2066 617 751 1389 1166 1951 777 1801 898 1115 545 1306 2000 926 1590 2546 564 1300 93 2699 1693 1818 589 2288 2113 76 240 2149 1176 1087 2072 895 2409 714 1180 2178 499 2281 614 2277
000731.jpg,431 2510 70 1839 2561 1759 2757 1035 1753 2077 2772 2777 1125 2478 1834 1390 315 951 2622 1557 2818 18 1842 2663 2 2015 1252 1165 601 2302 1938 767 1443 191 277 2315 2686 2702 1747 889 1833 502 990 1980 1235 2471 2496 2532 2685 2601 297 2276 369 211 1845 522 2624 1608 1460 250 578 103 688 1075 1323 1989 1413 1821 702 768 1114 1340 1830 1767 126 2323 684 1107 1391 1720 1975 848 903 269 65 1186 1511 461 1310 2388 931 284 1908 2161 2667 202 395 1976 2242 529
000732.jpg,2713 1453 2433 1901 1490 1496 1316 2034 1796 2721 2556 2309 2545 1569 2376 562 715 100 305 48 2272 64 1860 439 201 155 51 1640 1948 563 2650 2815 1636 1965 168 1840 231 1416 518 1096 260 2241 2826 1658 2352 440 1148 1381 2289 2088 712 1584 194 2439 2538 1051 1218 645 1422 550 486 1544 784 1878 659 2454 1617 2050 735 2628 2631 1623 2836 2553 2649 1782 480 2337 1369 1045 1261 445 559 2130 978 1993 1444 2769 1679 348 1123 169 769 747 947 1649 925 965 1752 497
000733.jpg,1096 1948 1416 2272 1362 2815 1860 1897 1316 1965 48 1496 2034 439 2721 64 1569 715 1658 1636 201 2241 100 1796 1490 497 1381 1586 2309 2713 2433 563 155 1453 712 659 1051 51 562 2376 2650 1617 2556 2545 1218 1901 1307 231 1319 2352 2553 305 445 1552 1148 486 1584 2046 260 194 2628 674 784 2826 559 1261 900 645 319 168 1640 2836 611 547 2732 2337 2088 2419 1486 1123 906 1993 992 1046 1437 2289 2076 1840 1544 1782 1045 188 1679 1878 134 2011 978 2840 1386 1422
000734.jpg,28 1563 2552 238 505 2479 849 2819 2365 523 2181 2250 2500 1896 152 458 175 313 1532 587 2283 734 1827 2674 2716 81 2370 972 2119 2527 2689 705 1741 2191 2177 1339 1376 2534 847 2099 2557 2193 2228 696 2052 602 330 1680 1111 2592 503 1708 633 1332 354 1704 2322 711 1335 740 772 1873 2764 1912 2742 1117 261 92 2144 1746 120 1831 1314 671 2806 1655 927 2681 726 268 1789 1932 2237 1543 68 771 968 2059 1475 1281 1692 464 456 2687 1923 1706 131 1164 1730 125
000735.jpg,2252 916 2682 227 2042 1063 1651 1179 1977 841 1579 1583 1578 2491 2310 1920 945 2723 517 2097 2328 2379 114 998 9 2647 639 2225 1211 1770 1769 919 2349 982 1368 763 1851 928 1657 952 1367 2729 1239 512 887 118 515 2026 1667 1791 2792 1154 579 1531 930 1354 1585 2778 1566 2660 2459 1031 2488 819 2803 875 748 2416 25 1470 566 2575 778 2462 567 1210 791 923 311 528 607 975 1970 1209 7 382 492 813 2081 2304 1565 2065 1854 2711 1331 2793 1614 50 513 781
000736.jpg,2034 1796 100 1569 2545 48 715 64 2721 439 2433 562 305 2713 1640 2376 51 2309 155 201 1860 1901 1490 1453 1584 2826 563 1658 1096 1316 1381 2241 1948 260 2556 659 1051 1416 1496 168 2439 1617 712 1993 559 2272 1544 1782 2628 2352 2815 1926 194 2650 1636 1307 2836 1965 992 817 1878 2023 1045 1437 1148 2817 900 1840 188 1486 1369 1218 2088 1261 1656 1123 348 2755 2419 645 2045 1407 26 2528 1444 231 860 550 2046 947 547 2649 518 2454 169 1422 497 978 1417 2790
000737.jpg,897 1933 1790 2071 2156 1638 1321 1709 2750 2645 1098 836 2096 2201 1621 935 2432 396 2446 1044 2450 2342 1305 1736 1052 599 666 755 2452 2355 1504 222 1436 2642 1806 2537 2218 2420 2512 1145 2362 2627 850 144 612 595 477 1865 2098 141 2691 1023 1047 2313 1510 2587 1906 908 320 2074 2747 1858 1085 461 460 2060 1188 1676 2679 1425 1903 208 73 189 2163 1978 981 816 834 823 2122 1260 1892 2775 1550 1808 1599 2357 1160 2655 399 2625 1625 2055 468 1155 96 2567 1717 630
000738.jpg,2171 2043 2810 2666 650 2816 1891 1916 2346 475 1723 922 1763 1697 1153 1188 37 411 1456 807 1090 759 586 2643 1260 6 1702 334 285 750 1603 1082 1308 1541 546 820 620 1083 732 2167 582 443 468 1882 2313 1284 1858 181 1221 122 1227 2268 1761 1605 1797 661 2841 1865 829 980 1006 956 2194 1884 459 973 372 2502 38 1570 2118 2179 724 2261 1537 1027 298 619 1285 1015 1610 1150 1502 148 938 196 1139 1250 594 2449 2779 2623 476 2060 2617 2514 2823 1228 1487 924
000739.jpg,499 1228 545 1785 1333 2022 63 1394 465 1685 374 2542 1087 954 803 1631 1213 617 898 182 2759 1019 1561 2066 2113 2579 1389 2546 1558 1898 1137 2504 101 1115 304 1334 1257 2323 2242 341 1166 1801 251 2178 1928 2040 2381 962 485 1971 2238 2644 1298 364 1091 407 529 1798 395 1590 1306 714 149 1712 1230 93 2072 328 824 1559 1207 1176 2277 989 695 1786 1683 1427 1883 1175 789 581 737 572 132 1106 1451 540 777 2422 2656 1951 76 1996 895 1361 2699 2000 614 766
000740.jpg,1870 860 2769 1489 1417 26 1701 2454 348 1788 925 1369 1710 2649 2538 480 712 179 2714 2050 550 2289 1617 769 197 433 1045 161 735 2130 1895 463 518 2011 1029 445 1796 2375 2840 305 2650 2241 1328 562 1422 1993 440 2837 2556 1663 2721 715 169 947 1658 2817 2790 1569 1649 1644 2836 51 1407 1782 1926 100 1102 2528 1381 2707 2439 1679 1544 59 645 2628 1444 231 48 2545 1640 1051 1496 943 2411 817 2034 201 1584 1416 2045 173 155 2300 1752 1934 1656 1624 1860 489
000741.jpg,2044 2501 1934 85 312 2411 2832 987 1102 1656 635 1405 188 2528 943 2817 221 2790 1644 611 556 1624 1926 547 1319 1407 1386 2574 2300 2270 259 1092 1983 2082 1422 817 826 2007 1428 1848 1190 445 2397 2544 1552 2344 1617 2840 1158 2800 463 977 550 2670 2652 2011 1029 659 626 518 1046 2307 2358 2419 2826 2837 2676 1414 1146 2724 219 2538 1752 2424 613 486 74 4 2069 1782 2084 712 260 2337 2133 559 2836 283 978 784 2241 2088 1253 1840 1737 1636 1381 563 900 1788
000742.jpg,575 2754 2550 1507 1691 2019 2414 107 1177 2604 1482 2080 1669 2383 1104 1523 441 2695 2641 2176 55 728 397 373 845 584 1016 2395 1194 1517 2630 2733 462 1382 2106 2684 2780 1805 2347 1259 2525 1147 2804 2805 1450 2651 917 357 2586 2447 32 775 2297 1372 2360 1832 2033 2159 902 1028 1014 2752 2234 469 1626 2637 1690 818 736 1678 2518 2368 279 830 187 2192 2240 2166 2345 1192 2326 1410 1809 794 590 1120 1919 87 1611 1467 1734 1169 2254 457 2563 834 379 541 2239 2233
000743.jpg,1159 2063 2455 837 1009 403 264 2484 1815 352 1520 2727 1814 2399 1 2371 234 1572 913 2731 2092 1122 2833 2844 299 667 2139 1025 307 1589 1291 1982 428 2576 267 1238 2269 1349 2776 17 891 2138 1925 2189 741 1735 262 573 2486 2158 2834 2215 1549 1619 1571 2385 2255 1509 888 1622 2100 223 2635 90 1615 1373 846 2541 1539 685 600 2797 2403 226 1994 317 2412 641 2771 349 2431 2338 1618 1863 2223 2783 1698 2717 1366 961 2710 1540 2811 1630 1338 969 2175 551 472 2094
000744.jpg,957 752 1889 1802 2725 2464 1880 2457 1766 609 509 2404 844 1515 5 2448 744 1426 2128 1696 2476 592 2115 1596 1726 1032 669 2720 2508 498 2442 2823 1768 1280 2562 2807 2278 387 2168 1797 2498 1084 189 2678 106 115 466 644 1616 1927 2188 2060 1637 1556 2572 1525 163 23 476 2351 2522 388 2182 244 181 1364 1702 2688 1064 1536 1083 454 2627 1659 229 448 636 1199 1632 2048 971 1945 2263 620 759 1960 1318 2608 468 1560 232 2153 894 582 300 45 1858 2760 1296 419
000745.jpg,1870 2769 26 348 2454 925 2649 1369 480 2538 712 860 1701 1417 1489 179 2714 1788 518 550 2050 1710 1045 2130 1617 197 2840 445 463 433 2375 735 2289 769 2011 1029 305 440 1422 2650 562 1895 1934 1796 51 2241 161 1328 1993 2721 1640 1552 2501 1663 645 260 2837 2556 1752 2826 312 59 2817 155 1656 188 1486 1569 817 169 1624 259 2528 231 2544 715 100 2836 1782 2044 489 2411 1407 1840 556 1926 1644 1649 1146 2200 1102 611 1172 635 2832 134 2397 85 2626 2389
000746.jpg,2000 1451 1361 1559 1106 1786 1257 1971 2054 727 2787 1207 2072 589 658 483 614 1137 1951 1306 1300 1353 485 1483 1175 76 2656 789 1672 44 240 1091 1178 1749 1357 646 1230 1798 832 2149 803 215 581 2409 1447 1900 2579 16 374 1334 436 2040 564 1389 230 989 293 2540 39 2495 2437 2785 926 376 572 2381 1115 2504 1019 2695 1180 291 714 954 1427 777 1523 251 1996 132 1561 1914 364 1535 2288 737 441 1693 1213 341 1166 2784 63 1558 2383 1818 395 824 962 1346
000747.jpg,2656 2149 1693 751 1786 1106 1971 1257 310 1559 2016 1593 1451 2827 832 2000 2787 1743 1361 983 1357 39 2441 2288 954 95 1672 2437 564 1535 581 293 596 2190 926 76 1685 215 132 989 1091 2281 1818 1343 1836 1019 182 2129 1773 2495 1856 2542 436 803 1176 2737 2653 1760 485 1180 2040 1230 695 614 727 149 737 63 1207 2112 1513 1951 1900 1914 2497 1869 940 1333 1161 1434 1798 1115 75 2072 1346 1004 789 2785 1795 1137 589 364 2745 230 572 1116 2504 2202 1175 1306
000748.jpg,1394 545 1228 1213 2113 1801 1087 304 1389 2178 2066 727 2277 658 1558 2546 1137 1333 572 395 1207 2072 1361 1785 589 1230 2644 529 761 1115 1451 2579 2381 2040 374 1798 2022 63 2504 101 1559 614 1300 1106 1306 898 1951 962 1175 1019 2249 1257 1631 2238 1900 714 824 341 2000 1786 485 1685 989 2759 436 803 789 581 1971 251 1178 215 2547 364 1091 737 766 328 1883 1898 2114 954 1683 1427 576 132 2242 695 2323 564 926 1176 2656 1561 1353 2149 182 1818 149 1996
000749.jpg,1487 924 1471 953 2216 1363 1288 1703 2841 761 2249 834 2452 1027 1139 2043 1044 333 2317 1605 2810 2502 205 1090 1250 2567 443 1188 2823 1006 1308 1389 2171 419 309 2666 650 586 1727 1082 63 2816 96 2679 2037 1763 2779 2573 167 894 2446 1456 1903 2554 752 2623 1677 1697 2546 214 2220 1771 2625 2153 2245 1931 922 474 2555 1104 37 2114 545 666 938 1685 2829 1163 1019 1906 856 1394 1300 724 149 1213 2704 2086 411 104 2122 1990 2550 1641 1217 1865 1892 189 2152 599
000750.jpg,2152 2502 941 84 214 2348 1605 1602 1953 1139 1866 2841 1171 22 744 2751 1214 1113 2109 106 2567 244 924 1927 957 189 1032 1616 2115 1696 2060 2706 1632 621 454 171 1889 2404 96 509 2457 1371 2572 2401 2768 609 1738 2612 420 1987 2197 1365 300 1199 894 1280 844 815 1458 1661 2263 419 1471 2464 1525 851 183 398 2203 510 2153 1960 1907 2554 2162 335 2705 1364 2725 2623 909 2230 1726 861 1488 1659 2591 2448 2160 2678 40 1397 594 333 1283 2521 2760 1766 2079 270
000751.jpg,799 1755 805 1317 1756 2693 1395 2236 1967 390 2061 1475 314 1647 1635 2402 1921 653 1050 1303 721 806 1568 1972 1715 534 1655 1831 2429 2059 1378 1024 2531 2232 999 1662 268 1274 484 1918 927 1273 561 131 2698 1503 1789 1282 2053 2505 726 2465 412 780 1140 296 2244 2765 464 1706 2301 1022 356 1829 1127 1472 822 1875 53 363 471 1124 455 1612 108 1465 33 838 2091 2407 290 1216 452 1039 239 2137 2794 1438 1356 936 89 2017 402 1164 113 467 1781 408 1746 1109
000752.jpg,285 1221 546 582 6 759 1882 2643 1702 1603 629 1083 820 1260 1541 1570 807 732 620 298 1285 181 973 1891 1797 750 1723 1188 2313 1537 2666 334 2152 1697 650 1605 475 1858 2816 2502 922 1015 2118 468 980 690 1456 956 37 1916 1884 2346 117 2171 2179 1080 2043 1763 2677 1153 1397 420 1610 1184 594 2810 1380 2706 1284 148 2303 1502 1979 372 2768 2194 40 2425 411 1198 23 1227 327 1761 1082 1922 2791 1205 2476 2494 1139 448 281 2268 98 1090 586 1659 5 84
000753.jpg,2077 2478 2772 1753 2777 1125 2161 2561 70 1759 2757 1834 2015 951 2510 1252 2663 2818 18 2 1842 601 315 431 1165 2302 2622 1390 1557 191 767 1839 1035 277 2315 2702 634 29 522 2685 2533 2320 2430 688 1235 2686 2143 1989 1443 24 1149 1747 286 1511 2172 1938 889 369 1969 426 1114 2624 293 2024 126 2276 2667 1980 990 2673 1533 1391 578 1460 1323 2583 555 1689 1186 1845 2601 103 1413 2471 768 1767 502 1597 702 967 1869 297 211 707 1830 417 2746 1810 67 2509
000754.jpg,1938 767 277 1833 1443 889 2686 1747 2777 1753 1125 2478 2772 2077 70 2532 2510 211 1759 951 1460 2757 369 1834 2702 315 2 2818 2663 431 1989 2561 2015 1842 2302 18 1252 2496 2315 1165 1557 1980 1390 191 2622 601 990 1035 297 1845 2624 2685 1413 1235 502 1340 578 103 2601 684 250 2471 2276 1839 126 688 1323 1608 903 2388 1975 1767 461 1418 1720 1047 1821 1114 702 2098 2055 475 1023 2346 500 1908 612 1830 931 1150 848 1793 401 284 980 1107 1391 1511 571 2022
000755.jpg,196 353 98 776 2474 585 1643 2081 2067 701 1625 1819 1864 1963 869 2103 910 233 2361 2462 2334 2353 2256 1042 1402 781 276 809 1344 1600 1583 1702 381 1188 1031 1419 1565 2027 2643 1063 820 1667 982 476 732 2682 1221 2048 1227 2803 620 582 1541 1977 2252 1083 181 813 1260 1791 2042 1909 2660 661 998 546 153 759 1769 2194 2331 282 1179 2261 710 105 2225 2336 975 871 50 2349 2157 2491 2264 1797 1651 1105 285 227 69 446 2792 2278 916 807 1546 2328 2369 919
000756.jpg,105 2394 1778 11 416 883 2110 1946 664 1419 1002 2331 301 2600 337 243 1705 908 2711 2830 1040 94 1731 318 2458 1309 1119 984 1152 365 1271 1495 2697 1138 749 434 1978 1331 673 1614 1742 717 1968 605 1854 2377 1681 2560 1527 2417 2290 144 1068 435 487 1325 544 2730 7 1020 1966 2549 151 1370 1005 2452 2718 1424 1673 593 808 1311 2196 2262 778 1573 937 2087 942 1871 257 966 2696 1404 1170 382 855 2792 1077 2613 1396 392 678 2793 112 610 256 2788 821 1155
000757.jpg,702 1830 768 848 903 1107 1114 931 1767 2388 1845 1908 65 284 2471 2601 502 1340 1235 990 1310 522 2624 1608 2667 250 126 1720 578 1254 835 688 1821 2276 103 297 1512 1323 684 1975 1391 2314 1413 1186 767 277 315 2323 2315 973 962 2302 1390 1759 2620 2622 1165 2772 1538 191 1075 2777 1144 2495 2757 1570 2702 1458 211 1557 1125 395 1620 676 1753 70 67 2699 1798 2561 338 1197 398 1989 2077 2299 1113 2510 1980 1460 1810 601 2759 2506 2532 339 1922 830 581 1277
000758.jpg,269 1548 531 2 277 2663 1732 2641 2315 2176 728 1073 55 1980 1147 2518 1194 397 191 767 2702 1593 1678 211 2302 1767 684 2276 830 1833 2510 1753 1413 1165 83 2772 1125 65 444 1443 568 2275 1975 368 951 126 1747 70 373 2499 1035 889 575 1001 2685 993 2777 1919 2483 683 2314 2077 1990 1557 2604 369 1340 584 431 2243 1305 2532 1943 2296 1938 1020 441 1252 1691 1300 2563 2746 1450 834 1391 2290 1725 1177 1131 112 2478 338 578 2561 1979 1460 1834 2087 2015 1499
000759.jpg,759 2643 6 1702 546 181 732 620 582 1083 1260 1797 285 1221 807 1882 468 1858 2313 1188 1697 2476 2823 1153 2425 636 1541 820 1865 2807 229 1227 2261 1318 661 459 1536 476 1761 956 829 2194 669 2278 372 2268 1603 2168 922 2167 1560 2816 2720 1768 2171 2666 1515 650 1763 2043 411 1380 2810 1456 2627 971 2048 1284 387 2688 5 334 1199 644 2498 750 2442 1723 1891 448 281 2562 98 2188 38 2677 1570 1596 1916 1696 13 1802 980 2503 2761 1015 196 1884 2346 1610
000760.jpg,2044 2501 1934 85 312 987 2411 2832 1656 1102 188 635 1405 556 611 2528 259 943 221 2817 2007 1644 1428 659 2790 1158 1848 1319 547 2241 1386 1840 1046 2826 1422 1636 1617 1926 2439 2419 559 2358 900 563 1624 550 1381 2133 260 201 1752 2337 2713 826 1782 1407 2652 2270 518 305 2545 2082 1658 1983 992 1414 2046 1045 1552 155 1878 1486 1796 2574 2544 440 219 1544 2397 486 1092 712 4 626 978 1437 2069 1208 2088 445 2300 2837 2670 1316 562 2836 169 784 51 1737
000761.jpg,1933 1321 2156 2071 1790 1098 2645 1504 2355 2750 2432 1436 1638 222 850 897 2218 836 2096 935 1709 2201 2342 1305 755 2450 1736 1052 2512 2691 2362 1806 1621 477 2163 1510 2452 2567 396 453 144 460 981 164 1085 595 823 612 2446 208 816 2587 2722 1145 2679 401 141 177 1903 2122 461 437 1163 1160 399 1628 1233 72 2775 2655 1047 2751 2074 1717 1599 599 2747 2577 99 2642 731 1044 156 1155 320 1688 2098 760 1214 1023 2420 1682 2537 172 22 1415 1872 1911 380 174
000762.jpg,2000 1451 1361 2054 1559 1786 1106 483 1971 1257 1353 1300 1749 1483 240 2787 727 789 2579 1672 44 658 1178 1207 589 2437 1137 2072 16 614 2784 646 1951 374 215 2656 1230 803 1357 581 1091 564 1900 251 1447 2504 824 1389 2381 1883 2040 1836 436 1180 1115 376 485 1019 1513 576 572 1798 1306 1161 926 2149 39 132 1175 2540 1213 954 2785 1996 230 2546 63 1427 2409 76 1176 1801 989 766 291 2238 777 2066 1693 737 2288 1743 1990 293 1535 1818 1914 364 1523 2695
000763.jpg,2346 650 2666 1916 2810 2043 2171 1891 475 2816 1723 922 1153 820 1541 1697 750 1603 334 1188 37 1763 285 1882 2841 411 546 2643 759 468 807 1221 1570 1605 732 6 582 956 1702 980 1487 1456 2179 1537 1082 1884 1865 2313 953 1308 620 1090 2502 586 1858 973 2768 1260 1471 924 1227 2216 1502 1139 1397 298 2494 594 1462 2167 1285 1284 443 1083 181 372 1797 117 2712 619 2118 1006 148 420 1979 2677 1080 1150 629 1250 938 2268 1015 375 459 521 2483 2308 2245 1027
000764.jpg,2619 638 787 30 810 1939 2271 1445 71 2529 958 1294 665 2481 2517 1446 1514 386 1258 1270 718 1440 1630 2616 143 2246 1360 1112 1694 697 1129 1684 2298 1215 969 2185 2584 414 1411 2524 2104 273 1242 1925 2710 641 1863 1982 127 1619 2709 2771 991 2455 352 1373 879 888 2595 2460 557 262 706 299 1735 2139 2833 2339 147 667 2175 795 1607 2385 1807 1815 912 2332 891 2444 263 2739 577 741 1816 228 2801 1341 656 1480 2590 264 2797 2731 1009 511 913 2468 1457 2466
000765.jpg,2773 261 633 503 2199 1335 872 1680 2250 772 602 711 2193 2322 238 1314 1111 972 2814 1730 1532 120 1655 2052 1332 505 1831 1297 2228 2764 1117 1376 2265 28 1704 2806 2552 1563 1929 2715 1955 1706 2681 927 326 587 2592 2687 2610 31 2819 464 1543 2479 1789 2099 1650 771 2144 159 2557 1746 849 68 740 1097 2237 2191 1293 1135 330 523 580 2689 2236 1912 2062 2500 92 649 553 2181 1917 2527 152 1961 354 1708 1021 507 1275 2105 2177 2742 705 1475 2316 1741 1143 458
000766.jpg,1938 1833 767 277 1443 889 2686 1747 2510 70 2777 1753 1125 2532 2077 2772 2478 1759 431 2757 2 2663 951 211 1834 315 2818 18 2496 1842 369 1460 2702 2015 2561 1989 1390 2315 1252 1165 2302 1557 601 2622 1980 191 1035 990 1839 1845 1235 2601 1413 297 2685 502 1340 578 2276 2471 2624 250 126 688 684 1608 103 1418 1767 461 1114 903 1323 2388 702 1908 1975 1821 571 522 931 848 1830 1720 1107 768 1391 417 500 284 1333 1065 65 2323 1976 475 2022 597 2055 1310
000767.jpg,2725 1766 1889 609 2448 2464 2404 957 1696 2508 509 2115 2457 744 1602 244 909 1953 5 1616 844 214 1477 752 1426 1866 1171 1515 2751 592 43 2128 2109 2348 22 466 1802 2442 1108 2841 473 1744 971 1365 1214 2169 1596 959 2162 388 498 419 1139 669 2726 1556 2498 1927 189 2197 2567 2366 2124 2060 585 229 1904 476 163 167 1199 2351 1487 2014 924 2562 2706 2188 894 644 1061 1364 1907 1217 454 115 2688 1326 375 2720 1471 2612 785 1880 941 1032 96 2425 2591 1757
000768.jpg,1710 1489 860 1328 712 1701 1417 2836 947 1782 1444 1679 1617 1054 900 1437 1369 1663 1045 2011 1623 2241 348 1381 1658 169 1649 2707 1870 1218 1416 2454 2649 2767 2837 1993 197 925 1486 2130 2050 26 1948 179 1422 2714 2628 1569 1307 1261 1096 1796 1051 735 480 2769 463 51 445 1544 817 1926 645 2034 194 2790 559 2817 2528 2826 2840 1788 2300 2721 1407 260 563 715 1102 1640 155 1644 2439 440 1552 100 1208 1656 2419 1624 2832 2397 221 2352 64 1545 1934 1316 2411 312
000769.jpg,1754 1038 2421 1041 1949 2520 2210 640 1272 13 323 377 2671 828 2578 1668 865 2828 2602 672 1374 2539 1429 933 2047 1337 2629 2428 1477 1049 2798 56 698 2032 2120 2031 2038 370 1189 964 1070 2221 1399 729 2083 932 2423 176 868 743 1521 1553 2267 979 1255 1430 2786 427 955 2380 1492 839 142 555 1329 292 289 1033 1890 554 886 2451 1888 123 2227 429 1256 2217 1910 1699 2415 1249 302 2743 681 340 1393 2029 597 2108 802 882 2568 2808 893 432 986 1686 2335 21
000770.jpg,2113 304 2178 1213 2066 2546 1389 1115 1019 1785 1300 545 1333 2022 1228 1394 1951 1175 63 485 1306 727 658 614 589 1361 2072 1559 149 1137 2000 1451 1106 1207 1685 1230 215 1798 737 341 962 803 572 436 954 1558 898 1786 374 581 1900 2409 1971 2040 101 1257 1353 2787 989 1166 364 395 2656 2323 714 1087 1883 182 1683 2644 1561 1161 924 2504 132 1357 1898 1334 328 2381 251 2149 2238 1712 1801 2579 2242 39 2759 2054 564 1091 1693 1760 1176 2114 2277 926 16 766
000771.jpg,493 57 1861 2418 1580 1234 280 2174 1792 570 2125 1930 1034 210 2004 1392 689 1358 1665 1758 859 793 2461 746 366 2374 2672 2327 133 1575 797 976 1859 1196 1276 2838 1279 1724 1664 2456 1947 2694 756 2330 2186 548 1375 663 294 1072 228 2206 1551 422 704 857 2039 158 1765 242 77 1776 2229 2332 2184 1457 880 1350 2198 1877 1086 2581 421 2739 720 1887 1193 2123 2356 801 2662 2590 2659 1191 588 2155 2548 885 1377 1030 287 2321 263 2703 1675 1229 1576 1043 1522 656
000772.jpg,1096 1416 1948 2272 1362 2815 1897 1860 1316 1496 439 1965 64 1490 2721 1586 2034 497 48 1569 1636 2556 1051 201 1658 155 715 1796 2713 2433 1453 2650 194 2241 100 1381 1218 51 562 2628 2309 2545 2352 2376 712 563 1584 231 305 2553 1261 645 2289 2046 1640 1901 445 1840 2836 1617 659 260 1552 2755 1307 1544 1993 486 1148 747 168 2023 2088 1782 134 992 2826 784 2011 1123 1444 674 1045 2735 947 900 1319 1054 1649 319 2454 1029 2767 2419 1486 559 2337 2840 1679 906
000773.jpg,2656 1693 2149 751 1786 310 1971 1257 1106 2016 1593 2827 1559 1743 832 983 2441 1451 95 1357 1361 596 39 2000 2787 2288 1535 132 2190 1343 1856 695 954 1176 2737 989 215 926 581 2040 564 436 1685 1091 1773 2129 1818 1900 76 75 2542 182 2504 2281 737 766 1434 1672 364 1004 789 803 63 1513 1795 2495 2242 940 1230 2238 2112 1019 2437 1760 2745 572 341 2381 1207 1180 949 2497 328 1161 2114 1914 2202 962 230 1116 1346 149 1836 198 485 1713 1333 824 2785 1137
000774.jpg,493 57 2174 1234 1861 2418 1792 1580 280 1930 1034 2125 210 570 2004 1358 1758 1665 859 1392 689 746 366 793 2461 2374 1575 976 1196 2672 2327 797 133 1859 1279 2838 1276 2456 1724 1664 1947 2694 2330 2186 756 548 294 1375 158 242 1765 228 422 1072 663 1776 2206 857 1551 880 704 2229 2039 1877 2332 1887 1086 1457 720 77 2739 1193 2581 1191 1350 2198 2321 2356 588 2590 2184 263 801 2659 1030 885 287 1432 2703 1043 150 2123 2127 421 2662 1542 1522 1377 583 934
000775.jpg,2713 2433 2034 2721 1453 1901 2545 1569 562 715 305 1796 100 1496 1316 1490 64 2556 48 439 2376 1860 155 2309 51 1640 201 2272 563 1948 1840 2826 1636 1965 440 260 168 1381 2815 518 1096 1658 2241 1416 1584 2650 1148 1544 2439 231 2628 645 2088 2352 1782 1051 1878 735 2836 659 2050 2289 1307 486 194 1617 978 559 1422 1752 2337 1993 550 1649 2840 784 712 2631 2538 900 169 1623 445 1218 950 1045 1437 497 906 2649 2454 1123 1486 259 197 1679 2652 2553 1261 674
000776.jpg,2044 2528 1934 2411 2501 1102 2817 1656 1644 2790 312 1926 85 2832 1796 2545 2034 305 221 987 2721 1405 1569 1624 817 943 2241 100 659 188 562 155 635 2713 1381 2433 48 715 2826 563 2007 1636 51 712 1658 64 2300 1640 2439 1316 439 260 559 1782 556 1840 259 1617 2309 1407 611 1544 201 1878 1901 1428 1860 547 550 1046 1848 900 1965 2376 1993 1552 1045 1386 1422 2419 2337 2046 1486 2836 992 1319 486 168 2652 2358 2556 1752 2133 1437 1490 518 2088 784 445 978
000777.jpg,982 1470 1531 763 2225 887 748 2065 114 2723 2042 916 2328 227 2792 2491 1667 841 1578 517 819 1579 2575 1791 1179 1585 945 639 1977 2252 2682 2310 567 1063 118 1651 1770 382 1854 2647 778 1769 919 1211 930 1583 2778 998 2711 808 1920 9 2097 1851 2349 1354 952 928 579 25 311 528 875 2416 2379 2793 1210 1209 2488 7 2459 1970 1154 566 2026 513 2559 1657 2618 2304 975 1368 1367 492 512 2658 2729 923 151 1239 1271 515 1528 1566 1963 2081 1864 2462 2049 2660
000778.jpg,1749 483 1353 1300 2784 789 240 2555 1727 1883 2579 2058 1672 1801 834 2277 576 1161 2437 1178 1513 824 1228 2547 2066 2504 1304 1394 545 1847 1743 2238 2113 1685 1213 1361 572 1106 1483 63 2546 596 2178 1559 1277 766 1115 304 1971 1990 465 1389 328 132 564 1091 1451 95 1804 1230 1785 2785 1176 149 395 962 1137 529 1914 2644 2759 658 2745 2190 1773 1019 1786 34 727 695 1476 101 88 926 967 1087 16 2000 761 374 2381 2700 341 1798 1951 1836 1593 251 2827 1996
000779.jpg,2018 2146 2284 1289 719 2008 764 2551 247 1403 190 1534 1157 153 1577 723 1351 35 914 1493 539 2582 1204 1121 604 303 1915 1359 212 2585 343 1997 2824 206 58 549 1128 1247 2361 615 874 862 2485 1772 450 998 2487 871 1751 2204 1970 416 2550 2209 2718 778 2792 2603 2711 812 825 2453 2353 1347 382 1507 1566 1271 151 1854 2793 516 2604 2067 1367 1583 1246 2165 869 337 1177 1595 2536 808 2336 2488 632 2434 2157 276 1734 1239 1745 107 567 2658 2405 2233 873 2192
000780.jpg,1979 2573 1184 117 2494 2203 327 2303 1205 1659 2179 1502 1687 1198 1570 1922 2768 1537 594 1738 1400 1397 148 298 420 1488 510 2620 2521 690 275 1113 953 1080 1605 2791 2030 2706 1082 23 1308 1371 2678 2572 2535 924 2623 2841 1641 1471 2263 1006 973 1285 946 1525 1960 1726 1891 475 2502 167 2043 2222 37 2359 20 922 2245 1723 1487 1884 1763 325 907 1456 443 2346 2816 1423 1760 2118 1090 586 2171 459 2152 1712 1697 980 1284 2810 40 1425 629 2167 1380 1916 1106 745
000781.jpg,2320 1149 2533 29 286 2172 293 2673 2021 2756 967 213 2408 754 1728 1804 707 2024 2615 1448 1719 739 1231 2787 1265 426 2143 1478 634 24 2413 119 1849 1597 1689 2354 2638 2295 2430 184 135 1296 558 2224 80 1383 218 1529 91 2472 1269 792 1984 2235 2390 1722 1867 424 2054 1533 1312 757 853 2000 520 646 2566 1798 1451 376 1361 1733 498 232 1559 19 1945 1535 2296 1106 1786 802 142 1469 1886 1334 1492 1091 1447 1236 39 1951 1996 2078 564 425 926 1207 962 2409
000782.jpg,346 2821 478 2467 363 2690 402 108 471 936 2407 2301 52 753 1438 2398 786 1008 2505 2465 628 1220 1481 1662 484 2244 418 1465 2429 2059 780 1378 1022 467 534 806 758 1692 430 389 452 840 2634 1918 1048 53 1929 2765 2687 331 2285 1026 1275 61 1730 1787 655 1475 1124 207 1789 2669 504 2025 2632 225 999 290 2611 1612 1273 138 2470 2806 1039 1097 1822 295 726 89 643 192 2531 654 1293 464 1024 2794 1143 2070 1018 2396 1756 268 782 113 241 1140 1706 1568
000783.jpg,1628 401 453 2163 380 437 1233 73 2074 1599 981 2055 141 399 1023 823 760 1047 612 2098 1510 2587 1872 2747 208 595 2469 2126 1160 461 1145 731 2655 1717 99 2122 1976 2679 1085 177 1903 816 2829 1163 1688 2274 1808 477 222 1784 2009 164 694 1504 1436 72 2636 2775 174 156 1404 1100 599 2750 2218 172 1155 1415 2722 460 2577 1241 2201 1305 2452 1682 1321 1089 2645 1098 935 2446 2512 2362 2432 1933 755 2267 897 850 2691 2450 2355 1479 1736 2071 2217 1790 923 2117
000784.jpg,1730 1275 1929 2687 2806 295 1706 1789 464 927 1655 1831 268 131 2715 1875 2059 806 1262 1475 999 780 504 2236 2301 484 1662 495 1378 456 534 331 2429 1813 2244 452 324 241 418 1932 31 2142 1923 1011 455 1097 1843 1281 1022 326 1503 1024 1293 52 2285 653 1465 2531 314 159 580 1912 125 1062 33 2407 1481 2765 1822 1039 726 501 655 290 1240 1568 389 467 788 129 1143 346 840 1026 2232 786 2565 2316 390 1635 2470 53 2693 1274 225 1787 430 2062 1967 1941
000785.jpg,702 1830 848 931 903 768 1114 1107 1767 1845 2388 1908 284 2601 502 2471 1340 990 65 2624 1235 126 1310 578 1608 1720 688 250 835 2276 1821 1254 103 297 1323 1512 1975 684 1391 522 2314 1413 1186 2667 767 277 2 601 2663 18 315 1759 973 962 1285 2777 1842 1397 2302 1753 2772 1570 1125 298 1839 2478 1922 2757 2077 431 1458 1557 1989 1165 70 1390 2323 420 2620 395 2510 117 2622 1798 1832 1015 555 886 2768 191 2315 2496 597 398 1144 1687 515 818 2532 1686
000786.jpg,18 1842 2663 601 2 1834 951 1252 2015 2818 1759 2757 315 2622 1390 1557 70 2777 2077 1125 1753 2478 2772 431 2510 1165 2302 2561 767 2315 1938 277 191 522 2702 1035 1747 2532 2667 1989 1443 1114 1839 2686 889 211 369 2624 1833 1845 1767 578 2685 1460 931 2276 1980 250 126 848 702 1830 990 2323 1821 1235 768 1413 1608 2471 688 502 2601 962 297 2583 1720 1391 684 634 103 1323 2320 2759 249 1533 2496 1075 1798 2388 1340 1810 903 1511 65 2172 1012 286 1969 2746
000787.jpg,499 1334 465 1798 962 803 2542 2579 374 1801 251 2759 2644 529 2323 1427 2277 2540 395 1230 789 1561 572 1683 101 1137 2504 1207 898 2381 545 1928 714 1166 2238 485 1306 1087 2072 1590 2040 93 364 1898 328 1971 2242 2409 895 1951 1883 1451 1175 1900 1257 215 1361 436 989 1559 766 1786 1115 617 1091 1389 2546 341 614 737 1996 1558 1213 1631 2066 2656 589 483 1333 727 1106 407 2113 1785 646 1228 564 581 63 2000 658 2149 1685 1300 739 240 540 777 1394 2022
000788.jpg,1236 2267 2380 1699 1430 1553 1492 142 2078 429 802 1886 555 1053 743 2217 1256 868 1890 2423 2568 866 554 2333 427 1888 2415 2029 2668 878 289 417 1431 901 1562 1033 176 36 1793 2743 681 62 733 361 2117 886 21 332 292 1499 597 2786 302 1398 2227 1418 1393 2108 199 340 500 2539 2451 2221 2038 78 1686 1041 2047 1429 893 2224 1065 1588 432 964 2428 1038 1399 979 56 193 2031 571 1132 323 2032 2387 988 2629 2421 121 1070 370 2120 2384 1233 680 698 536
000789.jpg,1752 312 2832 1102 987 2790 2389 1545 1146 1926 221 85 1656 2411 59 2300 2817 626 1624 943 1316 1934 4 1407 2528 1644 2367 635 2501 1202 1405 817 556 547 1737 1386 2069 2556 2270 2082 950 2044 1840 518 1636 735 440 2826 188 826 2241 1965 613 900 1782 2836 283 611 2840 155 1496 1437 1617 1878 169 2837 1649 712 480 2454 2397 1045 563 1319 2538 1422 1486 2050 2375 1381 1799 1796 1710 2133 2439 1092 559 26 947 925 260 266 1993 445 489 550 2631 2714 2515 2649
000790.jpg,2070 1141 1506 192 2669 383 2025 654 61 245 2396 207 1780 525 225 1787 2794 49 139 2311 1781 2280 408 2173 1248 1356 838 625 209 1282 1435 239 296 252 1505 356 1127 2164 679 1598 2091 216 858 2232 2137 113 2470 455 2062 1262 1140 1500 2690 1216 618 1097 1293 326 200 52 31 1692 418 2467 655 346 580 1124 1481 1143 159 33 331 2406 822 1924 1941 1299 2316 1274 1438 653 290 1168 1961 2053 1021 1822 2806 1706 402 1648 464 27 2698 806 295 471 1037 449
000791.jpg,2185 1129 2517 1411 1440 143 2584 1684 718 386 2529 2298 2271 958 1694 1360 787 795 1514 697 2619 810 638 1445 30 1630 2616 2246 71 969 2524 1215 2460 1294 1446 273 557 2104 1242 414 2363 879 1112 665 2833 2481 2139 1366 1480 1816 1925 2844 1619 1982 299 1539 1863 2633 1939 1258 667 2385 2092 2607 262 1660 2731 888 41 352 2371 1373 991 641 2226 2776 1270 342 2710 2672 551 1572 2771 1735 1540 912 1349 234 1947 2797 1122 1196 913 2727 2269 1549 2801 741 2576 1059
000792.jpg,645 2011 445 518 2840 2538 1552 735 197 440 550 2050 259 1029 2375 2769 463 1253 1045 1840 134 1993 1422 1617 1895 2241 2544 2130 2735 563 2454 1307 348 2088 2076 1901 1623 2649 1054 2631 260 2289 1148 1486 2826 480 433 155 769 1328 712 51 1752 2287 1788 305 169 2044 900 319 547 1870 1679 950 977 59 1649 1860 179 906 659 556 1386 2606 2650 2270 559 562 2556 1202 674 2707 188 1544 2439 1444 1208 2082 635 978 1453 2133 1123 2482 904 2312 168 1437 26 1496
000793.jpg,783 1093 1898 1683 407 2111 2242 1856 341 1914 2441 949 540 2785 983 2202 88 2745 596 2827 1476 1996 2190 777 2737 2422 695 617 95 2759 310 2317 2114 1176 1343 230 766 132 1091 328 2277 940 1801 2523 1743 1999 558 2238 1304 1230 1727 2547 2413 1561 2281 1103 34 2644 1714 1116 1631 47 581 2112 2295 1773 2323 1713 1693 395 529 1224 824 135 1749 926 1846 737 462 2555 1161 962 1004 1513 572 576 2058 198 2579 832 2542 101 2180 564 2040 1818 761 789 1535 2504
000794.jpg,1054 645 2767 1663 1649 1679 2707 1444 947 2011 1623 2836 1328 169 2837 1782 445 2840 2628 2050 712 1948 735 1045 1658 197 1218 1381 1617 440 51 1544 1416 1261 2241 194 2649 1369 1096 2130 2352 1051 1422 1029 1437 1552 155 463 2815 179 64 2272 1640 1307 2439 563 1486 1253 201 2826 1993 48 900 305 1796 260 2454 1569 1840 1870 439 1860 1636 1965 715 2713 480 1316 550 1489 2133 559 2419 2721 925 1496 1417 562 2652 965 674 2088 2045 2556 348 2714 2735 2289 100 635
000795.jpg,1840 1636 1965 1316 1752 1496 2241 2556 563 1381 518 1123 1878 2826 1658 155 2836 735 440 1544 1782 2439 2628 2713 2815 312 978 1901 1860 260 900 201 2433 1148 2832 168 559 2840 169 51 231 305 497 2272 2501 1437 965 2309 445 1640 1486 1453 2133 645 1796 1307 1934 1146 626 1045 950 712 2837 2050 1586 1948 550 1422 1545 1649 1444 2652 1656 259 2088 987 59 2553 674 2817 1617 659 2424 1102 2538 221 947 547 486 1096 1092 2367 2034 2419 1416 2376 2337 613 1552 480
000796.jpg,540 1996 1091 777 341 407 1093 989 2242 766 230 328 2281 1683 564 1818 926 2238 2114 39 2759 2288 739 581 2785 364 2040 1914 1180 1898 1900 2504 2441 2579 1856 2381 737 789 1230 2644 596 2827 101 95 395 436 2111 2413 1743 983 617 1357 529 215 1535 783 310 2202 2190 2495 1999 2756 2295 1448 1883 240 374 1693 2745 483 2784 967 2021 1561 1728 2737 2547 962 695 572 1593 1383 1804 1672 1343 1513 1176 1847 803 754 1689 1801 291 1231 132 949 2615 1161 2323 1447
000797.jpg,2389 59 1545 2367 950 626 1202 4 1752 1799 1146 2270 2082 1737 1386 547 556 312 987 826 611 2832 1319 283 1624 85 1656 1407 613 1926 2300 188 1934 2840 2069 635 2501 440 1102 2790 2044 2817 735 2375 221 1316 1649 445 817 1437 2411 1405 1623 1701 2241 1552 463 563 2312 2011 860 2826 1468 904 259 1788 943 1307 1840 1486 1123 2477 1679 1993 134 1644 1489 1496 518 2133 900 1422 645 1029 197 2556 659 1045 169 2528 1617 674 2076 977 2050 1965 1544 2837 1901 2439
000798.jpg,1946 2788 2730 2364 749 1005 673 2746 2290 2299 1068 112 1670 1110 2549 365 883 1243 1783 1498 544 1966 605 1311 568 336 1040 1131 1379 435 593 821 2151 811 434 2830 410 1794 1968 2095 937 257 2377 1309 2560 1527 535 1020 1871 2680 1731 2196 2417 94 1581 610 1079 1634 2697 1133 1573 1424 1778 870 2251 717 2843 1138 678 248 2145 730 1526 416 105 855 406 2219 1455 253 648 2087 1325 1511 1779 2516 2613 1969 2423 2243 2005 2394 2341 1142 1385 338 11 1442 743 1707
000799.jpg,1254 1310 1512 65 1107 835 2388 1720 1608 284 903 1821 309 1975 1013 1908 2079 834 1277 333 1336 250 768 502 1104 702 861 2160 1315 1907 2058 684 1340 2471 1830 856 2239 2601 990 2555 2401 848 1304 1458 187 1449 1318 1286 2073 297 1620 462 1669 1517 2197 1217 2276 2571 2641 1749 205 1363 2612 1057 1177 1703 2503 1536 1845 1114 1194 575 2823 103 1235 2080 1727 2831 300 1323 506 636 55 2136 2096 2116 1288 32 603 2579 830 1450 677 1186 576 2780 1844 931 935 2425
000800.jpg,1796 1569 100 2545 2034 715 48 2721 64 2433 947 1663 1328 712 1444 51 1782 2836 1617 2713 169 2767 1640 305 439 2837 1649 1045 1679 1489 900 2826 1658 1381 860 1369 2050 1437 1623 2241 260 562 1417 155 1054 221 1218 735 2649 1486 1407 1422 1870 2454 943 563 2714 2707 480 2309 2790 179 2130 925 194 1993 1261 2439 1102 2011 1544 26 348 1405 2300 1710 1926 2088 1860 440 2082 201 2769 559 2628 2817 2528 1096 445 1948 1307 1416 1644 1878 2270 1051 2289 2376 1453 645
000801.jpg,1980 2685 2315 2702 277 269 1678 767 2518 830 1120 1147 1073 2 191 1989 2663 1165 1732 1548 2275 2015 2302 1450 1252 211 2510 951 2276 1557 1460 1753 1620 1413 688 2818 369 1834 2695 441 431 2314 70 2478 18 603 1125 1380 946 2383 315 1285 2748 1833 373 2777 1340 1943 1391 1767 1747 1523 1443 2622 601 845 2532 1842 2772 2077 1646 863 1759 1410 2686 126 973 393 889 610 584 1390 1959 2757 1979 1526 1131 365 1186 2680 87 83 1235 1869 1016 678 1641 86 578 2151
000802.jpg,2019 1507 2550 830 603 393 1450 1646 863 575 2754 1669 1244 1691 107 2275 2136 1620 1104 339 1147 2254 462 2360 2192 1805 1678 1120 2233 457 2414 1732 1734 2586 834 1177 775 2326 2159 2641 1169 2234 794 357 333 1016 1028 2080 2383 1611 2604 2733 861 736 309 1482 2630 1523 1517 1365 2780 1690 584 1919 856 2518 2347 2395 1907 1748 2211 2176 441 2621 2752 1626 1217 398 1372 55 2447 32 2297 2555 960 2401 279 1791 1277 1458 1259 2605 2247 2684 2612 2695 693 2345 2591 1014
000803.jpg,117 2494 2573 2303 327 1205 1659 1979 1184 1198 2203 2030 2791 1687 298 275 1502 1922 2179 1400 1537 1570 2572 2620 1371 690 2678 1960 1113 2263 1080 1738 594 1488 2359 2623 148 1397 1726 510 2768 1425 420 1525 1285 23 2521 167 973 2706 1082 1641 20 2535 1280 1308 2222 1884 1084 946 205 2118 40 325 1006 1605 629 980 69 1456 907 1880 1284 454 1661 466 425 953 2101 2677 448 2245 924 1697 745 1380 2264 37 2132 396 122 1423 2268 2288 459 621 474 1199 2014 2497
000804.jpg,167 20 454 2222 38 1995 2726 1744 2162 23 2268 1456 1502 1661 115 592 189 620 759 181 2128 2030 1205 2791 1284 980 2643 117 2351 2303 2179 2060 1797 1171 298 309 1570 1260 2313 122 2823 163 1188 1080 1884 2153 2554 1697 1702 396 1032 690 1556 851 1214 333 1610 388 1285 419 473 732 2627 2810 2169 2203 1199 2118 2623 327 2476 2103 510 22 1637 411 744 2807 1858 1537 922 1865 459 2197 1880 2101 1217 1082 2666 636 2457 2043 1015 1198 2263 1184 1738 96 2171 1659
000805.jpg,1548 269 531 1725 368 2499 444 1088 1986 676 1423 1712 2506 1326 2483 660 1833 2245 425 1443 2118 2653 2124 2014 980 1570 1849 1183 73 1938 767 1529 2497 1263 2051 375 2249 182 1035 339 2664 1462 1884 322 2354 1061 728 946 1979 475 2180 277 2390 2679 1284 380 1760 111 878 2122 1000 442 2303 1646 104 1711 306 298 796 2346 2566 1502 1073 2179 1903 2599 397 473 1641 1628 2573 1007 1412 1747 1599 2772 149 1125 2112 2259 2561 1750 2663 1510 2203 889 1940 1205 1150 907
000806.jpg,1056 1944 1055 2294 2558 165 725 2382 2728 2135 1212 137 2248 899 1464 1076 1937 2207 2813 146 1825 2825 2286 1899 948 2435 494 2741 1639 2842 2305 686 1463 2057 1130 2736 2393 447 204 116 647 1606 2258 1547 2580 2291 804 2511 1134 1126 692 1874 1935 1223 97 2766 1841 2292 329 1067 246 1452 1185 2639 2041 677 2068 574 362 682 2438 2683 1777 2719 1940 79 2708 2569 491 722 2319 442 1592 2665 1868 140 1986 657 974 407 2436 2413 2386 608 2116 526 2441 1359 2585 1772
000807.jpg,2669 2070 192 2025 61 654 2396 1787 207 2794 1141 225 245 383 525 1781 139 2280 49 408 2173 838 209 239 1282 2311 1506 296 2091 2164 356 1780 1356 1248 252 625 1127 1435 1505 679 2137 2232 1598 216 52 858 346 1481 418 113 822 2301 2470 2821 295 1022 290 786 1216 1097 653 2806 455 2467 2690 2244 2429 1262 1662 1929 1730 1140 1275 806 1124 1293 484 2407 1143 1692 1274 331 780 1822 430 2059 655 268 2687 402 2053 1378 363 1008 1789 2765 1037 1706 495 108
000808.jpg,436 215 1900 737 803 2040 2381 364 101 989 374 2504 328 766 341 2238 251 2579 2759 789 1427 2242 581 2114 407 962 1091 1971 1257 1786 1883 572 1683 1230 395 926 1106 1818 564 1996 2540 1357 1798 777 1559 39 1898 2542 1180 2288 2495 2644 2546 230 1389 1451 76 2323 2066 1213 1361 2281 1334 1115 545 1300 1693 304 2787 483 2113 1353 529 2784 1561 2178 2656 2000 1137 751 240 1801 2149 1207 1951 1306 617 132 1176 714 1087 1175 485 898 727 824 589 695 658 2072
000809.jpg,2043 2810 2171 1697 650 2816 2666 1188 922 1891 1153 411 1456 807 2346 759 1858 1916 1284 468 6 582 2643 285 1723 2313 1882 1763 1260 546 1221 475 122 732 1702 620 1603 1083 1541 181 37 820 1797 1227 1865 829 661 334 1090 750 1610 1761 956 2261 980 2167 2841 1015 586 2194 1082 1139 2168 372 1884 2476 1380 38 1537 2118 2677 476 1308 973 5 669 298 443 2425 1570 636 2268 2706 2278 1250 1515 167 1006 2807 1696 1560 448 98 629 1285 2391 724 938 1844 459
000810.jpg,2414 107 1177 2604 2550 1507 2641 1669 1104 2176 55 728 397 1194 575 2754 1691 2019 2326 736 2360 2234 2383 2159 2080 1523 1028 441 1482 1690 2695 32 584 1467 1919 187 373 1014 1748 469 2033 902 1016 2106 379 2630 2752 1517 917 1382 920 1950 834 2395 541 2233 1459 2684 1259 2192 2239 2525 2586 2651 2805 993 2804 2073 2166 2733 1450 590 2347 87 845 1805 333 2563 457 462 1734 2637 1809 2036 1626 1372 83 2254 818 1169 2345 1943 2621 2447 775 1192 2297 2780 1832 1611
000811.jpg,196 353 98 776 2474 1643 585 701 2361 233 1963 1625 2067 869 2081 2353 2256 1864 1819 1402 2462 276 2334 910 781 2103 871 1042 809 2001 1600 1344 998 2394 2264 2027 381 2711 513 825 1155 1970 1688 1089 337 1583 2012 778 69 1808 1404 151 2792 2336 2391 765 1742 382 1100 1854 1209 517 1031 105 1271 528 153 25 1565 1985 14 2157 2803 1170 975 512 1667 227 1077 2793 607 247 2225 2658 1246 1973 2132 916 2536 2575 2369 1519 1403 2252 2274 1063 243 2049 2026 1354
000812.jpg,1487 924 1471 953 37 2841 586 1082 1308 443 2216 922 1703 1090 1763 1363 1891 1006 650 2179 1288 894 2153 2197 1400 1488 761 325 1687 2666 335 327 2535 594 1605 2816 1502 419 2810 2043 1570 2249 167 2768 2554 1738 2678 1139 1882 745 1723 2494 1205 1474 2109 122 275 1916 1397 2346 1727 1336 1537 2171 834 2706 1315 1184 115 1456 762 214 510 475 2222 1866 298 2502 1080 1995 1232 2567 1726 1171 2705 1671 300 1153 1979 732 2230 1953 20 96 38 690 2572 2313 2268 1188
000813.jpg,70 2510 431 1753 1125 1759 2757 2777 2772 2561 2478 2077 1839 315 1035 2622 1390 1557 1834 18 951 1165 1842 2015 601 1252 2302 2663 2 2818 191 767 2315 1938 2702 1443 2686 277 889 1980 2532 1747 297 502 1235 990 2685 522 1833 2471 2601 2624 1845 211 103 1114 688 369 1989 1830 2276 702 1608 848 284 1323 2161 1340 1460 903 2667 2496 578 126 461 768 2323 1908 1821 250 962 1107 1075 1413 1767 1720 2583 1798 1976 2388 931 1810 684 853 1310 1511 67 1391 65 102
000814.jpg,2792 567 118 1791 808 2065 998 887 1354 919 1531 952 1470 2778 1769 1583 748 1854 2711 930 778 382 819 975 2793 923 2304 1667 2328 875 1585 2491 7 1970 1851 928 2575 2416 2379 1210 2349 517 1179 311 1271 1977 151 2729 982 1578 2559 639 1657 841 1579 2618 945 2682 25 2647 9 114 2252 1651 1063 1209 1920 579 528 513 2723 515 2225 2658 227 1770 1211 763 2459 1154 1368 1367 492 2488 916 566 2042 1239 2097 871 2310 2026 512 1742 1566 2081 816 380 1688 776
000815.jpg,611 1319 188 85 556 1926 2790 547 1386 1102 817 2411 2528 2817 1656 943 1644 1934 1407 2082 2300 1405 2270 987 221 635 1624 312 463 4 2045 1422 826 1617 2044 283 2501 1737 259 2544 2832 1993 1545 1029 1146 1796 2397 659 712 1428 2800 2344 1788 2307 2358 2564 1848 2670 2069 1584 1202 626 1158 2200 2023 613 2007 197 2454 900 1552 2545 860 550 1414 2419 977 2389 1752 1381 2574 2477 1313 2034 2011 266 2241 1046 1701 2724 2076 1092 1782 1983 1437 606 1369 1208 2375 1489
000816.jpg,2311 1248 1781 239 2164 625 2091 1435 1356 2794 525 2280 245 679 2173 2232 49 2137 408 654 1505 139 252 838 1282 1598 209 383 822 296 858 356 216 1506 113 2396 2070 1568 192 2669 61 455 1141 1780 1127 1787 1262 2025 27 2236 2053 225 207 1124 643 1692 782 1475 1018 1635 390 1612 2406 2632 653 655 1967 1037 131 1715 2693 268 806 1472 2062 1755 805 1662 1648 1831 1647 1140 31 1168 1655 1317 2429 1216 1706 2611 1299 2470 2465 1297 33 331 2505 1022 1293 2402
000817.jpg,2049 631 530 2282 1518 1604 1301 607 446 1290 1017 1058 2140 2064 2596 451 1981 2796 1237 1567 921 1909 2093 813 1384 1742 2660 1554 1613 2696 1331 2085 1978 1673 942 966 2257 337 1396 1370 662 1105 243 2458 1002 2392 487 1614 1739 355 542 1879 660 1681 1705 984 2664 1119 1000 54 710 2782 1893 2543 908 1853 2600 2369 2519 2357 50 394 870 2259 360 1094 1495 1695 2609 774 1621 2697 1455 1936 2006 2417 2243 1142 2005 800 1174 1419 2262 2492 1850 678 2251 2560 2087 2803
000818.jpg,1721 1876 2809 1473 12 1055 2728 864 608 447 1056 2766 526 2207 994 494 2291 2435 1944 2294 274 2438 2825 1899 725 2683 574 2057 1463 1931 1439 2741 627 1771 1677 682 1452 601 1212 1012 2708 249 2135 1606 204 2719 2736 531 146 899 1725 2622 431 1759 140 2315 692 2499 2051 1185 939 394 1592 1892 2580 1942 137 2292 18 2569 116 2757 2526 1825 1557 1868 444 2319 2558 598 677 1842 1547 686 508 2511 2639 1134 1433 1777 1223 2220 1639 70 1839 2037 1408 67 271 202
000819.jpg,2810 2043 2171 2666 650 2816 1891 1916 2346 475 1723 922 1153 1697 807 1188 759 411 1882 6 2643 546 285 582 1221 1702 820 1603 1260 1541 2841 1763 732 620 468 334 750 1083 1139 1456 956 1858 181 37 1227 2313 1605 1797 1953 1761 1570 1696 2502 196 829 980 1090 2677 1397 2768 1537 661 1865 148 1284 2179 1884 2261 420 38 1080 1250 938 1171 1502 1214 2348 594 98 973 586 40 353 1082 122 2203 2216 2706 2152 372 2194 1610 724 117 2620 1308 214 2118 2230 690
000820.jpg,1710 1489 1701 860 1417 1788 348 900 197 1437 1870 925 26 2649 2241 2817 463 817 2836 2011 1045 1307 1656 1926 1486 1545 2375 1679 489 2790 1782 2826 712 1369 2397 2050 2769 1102 1617 1624 179 559 2528 1644 2454 1386 1649 735 1444 1407 2300 606 2084 1381 1328 1658 2515 1934 1623 2628 480 970 440 169 221 2367 2424 2411 947 2389 2130 2832 1208 626 312 433 645 2439 2289 550 1319 2082 2034 1054 2270 987 260 445 674 2767 1752 188 1544 2840 563 1983 1840 155 2419 1796
000821.jpg,1810 2583 1001 2509 2121 2350 67 627 249 202 1012 1075 1944 1212 165 137 2728 899 1055 1406 2825 447 725 2741 2736 2294 116 2135 1463 2558 1606 97 2766 2041 2207 1126 1935 442 494 1825 1937 692 1547 2382 2057 2435 2292 2842 1130 2511 2248 1439 246 2305 204 362 2291 2719 2319 2258 1134 2683 1076 1874 2813 1841 948 1056 686 1464 1639 2051 1067 1223 1899 1940 647 574 2393 1088 2639 1986 804 2580 444 338 1725 2068 2286 722 2665 368 79 2809 146 2143 135 2438 2708 1592
000822.jpg,1083 1702 181 732 620 759 6 2643 582 546 1260 1797 1882 285 1221 807 2313 1858 1188 468 2807 2278 2823 636 1318 1536 661 2261 2194 2476 2171 2816 1697 2043 1153 1227 476 922 2425 2168 2810 1723 1891 2720 2263 2678 644 956 2153 1763 2666 2056 1761 45 894 2522 1865 1916 475 650 2346 2442 829 1726 2048 2386 419 2562 2554 762 1856 1064 820 586 1596 1603 1251 2688 37 1090 2498 1541 1768 42 387 1456 443 971 2111 1364 189 1696 2116 40 1914 1525 2627 1284 1960 1380
000823.jpg,1539 2139 2833 1619 2092 299 879 2371 1925 2844 1982 352 667 1863 2576 557 2460 2269 264 2455 2484 1009 1549 2063 837 2363 2776 1366 428 2226 1814 1816 273 2104 2524 1242 1815 2797 2385 1122 2633 1480 1660 2607 2731 1349 2175 1159 262 2431 1735 1373 2783 741 1509 403 888 234 969 913 641 1572 2771 1 1025 1520 1630 1684 1530 2727 787 385 1571 2399 160 1360 267 1291 1824 814 2834 1589 1238 147 991 2717 891 668 1615 2158 2185 2138 577 551 226 1078 810 127 2529 958
000824.jpg,1506 1141 2070 383 1780 1505 654 1356 2311 525 252 2669 625 49 1248 192 245 1435 61 2025 679 1598 408 113 858 2794 139 1781 2396 207 225 1127 1787 2280 1282 2232 296 838 2173 239 2164 209 2137 1140 1216 216 356 455 2091 2470 822 1924 1262 27 1829 1299 1168 1568 1692 1124 1918 1500 1274 1612 1273 2690 618 1024 331 2467 200 643 2531 2698 726 464 402 1481 2279 1941 1021 2765 1438 52 1472 1503 418 1875 1026 2316 2053 655 471 2611 1706 346 1037 33 290 1715
000825.jpg,2045 1584 2023 2755 258 747 2034 2545 1796 463 1029 770 1416 1948 2556 1096 1586 497 2713 2628 1316 51 2735 2272 2289 1051 1552 2815 440 197 1895 1636 1788 735 1307 1860 1544 992 1701 2837 305 562 1617 1965 1407 715 2631 860 201 155 2482 1993 2439 1381 433 1710 100 1569 906 2721 2836 1319 1782 2652 1649 1417 2352 1362 1545 547 1840 674 2011 2367 1253 1261 161 563 1123 48 606 2375 64 518 611 1640 1045 2732 904 169 659 2650 2076 1934 2389 1658 2241 1486 2564 134
000826.jpg,2669 192 2396 61 1787 2025 654 2794 245 207 49 225 408 2280 139 2173 525 1781 838 2070 1282 383 209 296 239 2091 2164 1141 356 2311 252 1356 1780 1248 1506 625 1435 1127 679 1505 2137 2232 1481 52 2470 418 216 346 1598 858 2821 113 822 2244 780 1662 484 290 1465 806 786 2429 653 2059 455 2142 2467 2690 53 1216 2301 1124 534 2531 2693 1022 2806 1262 1140 268 2053 452 295 241 1568 2407 331 2285 1918 495 430 1293 1097 1274 1503 726 363 1475 478 1843
000827.jpg,1051 194 2352 1948 1218 1261 2272 1416 1096 1496 1316 2556 2628 1658 2713 64 1381 48 2815 1569 2721 562 439 1636 2433 100 305 51 1860 1640 715 1840 201 2241 1965 155 1544 2034 2439 2309 1901 2836 1782 1453 1490 563 2545 518 1796 2376 2826 1584 231 645 169 1649 2650 440 260 1054 2837 445 659 168 497 2050 1623 712 1422 1148 1586 1679 2289 1878 1617 559 735 978 2840 197 947 2707 1444 2553 1328 2652 2088 1552 2631 1123 1045 1253 2011 550 1486 2337 2767 2538 747 1993
000828.jpg,2077 2478 2777 2772 1753 1125 2161 2561 70 1759 2757 951 1834 2663 1252 2510 2 2015 315 601 18 2818 1842 1165 2302 1390 2622 431 767 1557 191 2315 277 2702 688 1235 1443 1980 2685 2667 1938 2686 1747 2624 889 522 2276 1035 126 1839 1114 578 1989 485 1106 369 297 2601 1845 103 990 2471 1323 1798 1391 1559 29 1767 1511 1413 634 2323 2583 1833 962 1207 1869 702 1075 211 293 502 2000 1175 1306 555 1186 2314 380 1830 2759 1460 67 1786 1969 2653 1951 2532 2072 931
000829.jpg,1967 390 1635 1715 999 1050 2765 726 314 1756 1755 2236 1024 1475 2531 1789 799 1378 331 2715 1317 927 1097 1662 1395 467 2059 1293 1503 1822 1140 1655 159 2505 2465 89 1831 805 2301 464 786 484 1706 2407 806 2687 363 478 456 534 2429 108 1026 1568 655 1273 268 1281 780 2693 326 2244 1648 1929 1932 1039 452 628 1465 501 2053 2285 1011 1275 936 2061 389 1923 1918 1875 1216 31 1022 2698 241 131 1730 1008 580 1912 1274 1647 758 430 1062 840 2402 346 2632 753
000830.jpg,1096 1948 1416 2272 2815 1860 1362 1316 1496 1965 201 439 48 2721 1897 715 2034 1636 1490 1569 2713 100 64 2241 2309 659 1453 563 2433 2556 1796 155 1901 497 1658 562 1586 51 1617 1381 2826 1552 2376 445 645 2545 712 305 1148 260 1051 1307 231 486 1640 1319 2553 1584 2650 674 547 2046 168 194 611 559 1840 784 2352 2628 900 1123 1486 1993 2337 1046 2088 2836 1422 2011 992 1218 1782 2007 2289 1045 1878 188 2840 1437 319 747 1623 1544 978 2419 556 1386 2732 1261
000831.jpg,2609 288 1731 257 2843 937 1871 1138 1800 2613 1516 1645 1894 535 1546 2377 1527 811 538 410 843 1455 1454 336 742 253 2341 605 1498 406 709 1779 2145 365 648 1466 1133 248 1079 1526 1385 392 434 2219 519 673 1040 2549 186 1707 2196 1634 749 2364 2763 544 717 1604 2788 1110 1573 821 112 1068 593 1670 1131 338 1142 773 2697 1309 1424 2331 1850 435 1966 2519 1794 1237 2095 870 2140 2730 2151 800 2417 1419 1005 855 1301 2830 678 2560 1783 2102 301 662 730 2006
000832.jpg,1049 932 839 698 1521 955 1038 1041 1754 2421 323 1949 13 1272 2520 640 2210 2047 1249 377 2578 828 370 56 1189 2032 2671 1668 1374 2539 672 933 2828 536 2602 1429 2629 2120 1910 2038 964 2031 743 1337 865 2428 2798 1431 1070 176 1329 121 979 2333 1477 1399 2423 2267 429 569 2083 2221 1588 432 1553 1132 2227 866 36 555 340 1430 2380 2451 142 729 78 292 878 21 733 302 2108 289 193 1033 1492 802 681 1256 332 901 2786 2117 988 886 868 2029 2668 1890
000833.jpg,1766 609 2725 2404 2464 1889 2457 844 509 957 744 1515 1696 244 5 2115 1616 1426 2128 2448 1477 1953 214 2508 1602 592 1139 498 1326 2751 2014 2124 466 2366 375 1171 473 1214 1061 2348 388 1596 163 22 425 43 1556 270 2048 1637 2720 1768 2188 2841 306 2442 1904 2351 1283 1866 2502 2498 2562 520 971 2567 2354 2109 1269 229 582 807 1610 644 2591 1945 815 19 2566 2761 1199 752 80 1605 941 2182 232 2169 2141 1108 1083 2056 1744 2168 1365 2278 1849 2152 1364 106
000834.jpg,1083 1702 620 181 732 759 6 2643 582 546 1260 1797 285 1882 1221 807 1858 2313 1188 468 2807 2278 636 1318 2823 661 2476 2261 1536 2194 2171 1153 2043 1697 2816 1227 922 2425 2168 1891 2810 1723 476 2263 2666 2153 40 894 45 1761 829 1763 2056 2386 2522 2678 650 2720 956 1865 1916 1603 1064 2346 1364 475 419 1251 2048 1456 2554 644 189 37 1768 820 1726 1960 1696 762 2442 586 2060 411 2627 1541 2562 1596 96 1284 2761 1090 1525 2760 2498 2688 396 1032 669 2116
000835.jpg,1260 807 759 1858 1702 6 2643 372 2313 1188 582 546 620 468 732 1221 1083 285 181 1797 1227 820 1761 2823 476 1865 2261 1284 669 1153 1541 1603 2194 411 1696 1882 661 1456 609 1084 2162 1744 5 1697 454 2425 2457 829 1199 650 750 1515 2726 2476 2677 2666 229 334 1286 1015 1844 1723 565 196 244 2627 629 1610 163 353 1766 1560 980 375 922 98 122 2303 956 281 1884 2171 1916 388 1570 1139 1061 2791 1637 40 1891 592 298 2688 1556 396 20 2115 2060 2810
000836.jpg,1588 1132 988 193 121 569 536 2090 680 1268 1431 36 866 2117 733 2078 1492 802 142 1793 1699 2333 1886 1553 1430 901 429 2029 1890 1236 555 1256 1499 878 2267 1053 2743 2217 1393 1033 868 332 886 2668 597 2451 427 417 500 2786 176 1418 1686 2415 2227 2384 21 554 2380 979 1562 340 681 1888 2568 289 62 2108 302 1038 1065 432 2423 292 1398 1249 199 743 359 78 361 1374 24 1272 1785 1668 213 2602 893 1041 571 672 2421 640 2828 2024 2143 13 2430 1329
000837.jpg,431 2510 70 1839 1759 2757 2561 1035 1753 1125 2077 2777 2772 2478 315 2622 1390 1557 1834 1165 2663 951 601 2 1842 18 2686 2818 2302 1252 191 2015 1938 1443 767 889 1747 2315 2702 2532 1833 277 1801 2685 461 2496 1976 1980 1075 211 1906 2577 116 1114 2277 2161 637 1510 1989 1418 2249 2323 369 1460 990 2644 903 309 856 1423 2583 531 1511 2299 417 72 395 823 102 2601 722 156 502 597 1107 2625 1599 2471 2746 1830 2665 2741 1548 702 2388 250 1235 2661 1310 2089
000838.jpg,2252 916 2682 2042 227 1651 1063 1179 1977 2310 1579 1578 841 1583 2491 517 2328 1920 945 639 2097 2723 114 998 9 2225 1211 2647 763 982 2379 1770 1769 919 1851 928 1367 1368 1657 952 2729 1239 118 2349 887 1667 512 2792 1531 1791 2026 1585 778 2575 1470 819 2660 1354 930 748 2778 1970 567 382 1566 515 579 2459 25 1854 2488 528 1154 875 566 2065 311 1331 7 1614 1209 492 2711 1673 1031 1210 2416 808 2357 11 1879 975 394 2618 2462 2793 923 2081 607 2304
000839.jpg,941 84 2152 2502 1605 2348 1113 1139 214 1866 1602 1525 2841 2263 1371 183 1280 1953 1987 1458 106 1198 1960 2706 45 1064 2522 398 2056 2503 2572 2761 96 171 189 621 2623 1199 117 2303 236 2678 744 2115 2608 2760 1084 1927 1364 1032 815 2060 1205 2203 2141 1251 851 2386 1726 1632 2182 2197 1171 244 957 1184 40 1214 1570 270 2831 2401 509 2116 298 2705 1616 785 2030 1659 22 2554 419 894 844 2562 2612 2494 300 1768 2153 327 1365 909 1283 2457 1979 2751 620 2160
000840.jpg,1993 2241 1617 1422 1045 2840 735 712 197 463 440 1552 900 1444 550 2050 1782 2826 445 134 169 947 1328 260 2011 1878 518 155 2270 2375 1623 259 563 221 1679 635 2836 2082 312 1926 1405 1840 556 305 2837 1486 51 2289 645 2439 480 1102 1437 2454 977 2130 1544 2649 1860 943 1710 1934 2832 1663 2088 1307 1202 613 2817 547 2133 2790 1369 179 1895 1788 2538 433 2631 1407 1752 2312 1545 1386 2300 1636 987 2544 85 562 626 1656 925 1658 188 2769 826 1381 1029 348
000841.jpg,2093 1879 607 2049 530 394 1604 1237 2357 446 1981 1301 1017 1518 1058 1567 2140 2392 631 451 2796 1290 2282 2596 1978 2660 1119 1906 1002 2543 2085 1909 2458 1495 2262 1676 908 942 2064 1705 966 984 2600 1613 1384 1331 662 1614 487 337 1681 921 1742 1645 2369 852 288 1673 1800 2696 1546 1000 2609 2664 1739 50 1621 1695 1396 1893 54 1894 320 243 186 355 1455 710 2257 1516 1871 709 1554 791 1138 1239 2782 2843 1370 1031 1105 2341 542 1853 257 1508 360 1718 813 1731
000842.jpg,2021 2756 1149 2320 2533 29 2172 286 2673 293 754 1231 1728 967 1448 2615 1265 739 119 1478 2413 1804 2408 213 184 1296 1383 2295 1719 757 80 135 2024 707 558 1533 1689 2472 2143 2638 1984 2787 426 24 218 634 1597 2430 1312 1849 1269 2354 91 424 232 1722 792 2235 520 1867 2566 1945 2224 19 1529 2281 983 1733 2390 1996 1535 529 564 1818 364 1847 1513 39 926 789 1693 853 240 1091 376 310 1786 962 1161 766 695 2744 1743 1180 2190 2296 2827 1798 2288 1999
000843.jpg,2068 79 2665 722 1067 2511 1547 1463 1134 246 2294 116 2741 1935 2135 97 1212 1055 1944 2305 2041 2580 137 2842 899 204 1868 686 725 2728 140 1606 2766 1452 442 1076 1126 2319 494 2292 2558 2736 165 12 692 2286 447 2248 2435 2207 1473 1130 2057 2382 2813 1899 2825 1825 1464 508 1937 2719 657 1841 350 362 1998 2506 627 2583 2625 1056 804 67 1771 1639 1185 2037 1677 1892 1962 2598 329 790 2258 1006 677 2436 2291 2708 1940 359 574 2055 2121 146 1886 1931 444 1986
000844.jpg,312 2832 987 1545 1752 2270 2082 85 635 2389 556 4 1934 626 1146 1102 1405 1386 547 2790 221 59 2411 826 188 2501 1656 1407 2300 1737 611 2817 1624 943 2044 1926 1319 1202 613 2528 1644 1552 283 1422 2840 2133 463 2544 2241 259 817 445 2826 2069 900 2367 1617 977 2424 1316 550 563 1437 518 950 1993 735 1840 1878 2011 1486 1636 2375 2397 1468 2631 2312 440 260 2088 2477 1983 2076 1045 266 480 2419 559 1123 978 1965 659 904 965 155 1444 1029 1428 197 2574
000845.jpg,835 1107 702 1830 848 931 903 1114 1908 768 284 1310 1254 1767 2388 65 1845 1512 1340 2601 2471 502 990 1235 1720 2624 1608 1821 250 126 578 2276 688 297 103 1975 1323 684 1391 2314 1413 1186 522 2667 1458 1570 767 1232 2503 398 277 1397 1839 395 2496 2620 1080 2510 1285 1922 431 117 2768 2494 851 1152 298 1015 973 1916 420 1144 2323 70 1198 2478 1400 423 1753 543 1687 2036 2532 2447 1426 1557 335 690 1125 1184 2605 1832 1537 2077 962 211 601 818 2777 1372
000846.jpg,1710 1701 1489 1417 860 1788 900 1437 197 2375 445 2011 2840 463 2397 2826 489 348 1307 606 1624 1656 433 2817 2084 1926 1486 1934 1552 2241 312 259 675 1679 987 817 645 1102 1386 1045 970 1623 2424 2270 1328 2082 2790 559 1319 1617 2707 2528 2515 2289 2769 2832 59 188 2411 977 2389 2300 611 1208 626 1752 712 2367 1870 674 2646 1444 2501 221 2836 563 978 556 1545 1878 480 1737 1029 2130 169 1422 1405 2767 1123 524 2454 547 1644 1782 635 1054 440 735 1381 2439
000847.jpg,427 2415 2568 2217 901 1793 571 1065 1553 1430 1699 429 1256 554 2267 2380 2423 332 2743 743 176 555 1492 2333 2227 2029 1562 1033 142 340 802 2668 1393 868 2786 121 2090 1890 417 1888 988 569 1686 536 193 597 2078 886 1418 1431 1398 289 36 199 1272 361 21 62 323 432 681 979 292 302 1053 1236 2117 878 1041 2108 2421 56 2578 2520 1588 1132 2032 78 2451 1038 377 500 13 733 893 2629 866 2210 1429 640 2798 1886 2384 370 828 1374 2047 2671 1668 1754
000848.jpg,1584 2023 2045 2755 1948 1416 1096 2034 2545 2272 747 2815 1796 1316 2713 1051 715 1496 2721 1569 64 497 100 48 1586 2628 1636 1965 1658 1860 1381 201 1261 2376 2556 1218 439 51 2433 305 562 2241 258 2352 155 2836 1640 2309 194 1544 1617 2046 1782 1840 563 992 1362 1897 712 1490 860 1649 1679 2439 1054 1901 1993 2826 231 1417 1453 169 1123 2650 947 1045 1489 1623 1701 440 674 2837 1444 1307 659 1029 770 2553 260 161 645 168 735 1486 559 1788 900 1148 1369 463
000849.jpg,1710 463 197 2011 2840 445 1045 1489 1617 2375 900 2241 1993 1422 860 1029 1701 712 735 1788 2649 1102 221 1417 489 550 1444 1934 1782 2832 2826 1552 179 2836 1437 433 2050 1656 1486 2790 2397 2817 348 1369 480 1926 2289 2454 2082 947 1328 312 925 169 1307 2270 2130 635 2769 1663 134 1407 26 518 556 943 1870 440 817 1386 2133 563 1405 970 2501 1624 188 260 987 2411 977 645 1679 2837 2538 2528 2300 659 559 1644 2714 1752 1658 1983 547 85 1623 1202 2044 611
000850.jpg,1539 352 264 299 2833 2092 2139 2063 2269 2484 2455 837 2844 1009 2371 2576 1982 667 1925 1619 2226 1549 2797 1815 428 2776 2175 1122 1814 1349 1159 1735 403 234 1863 1242 879 273 741 2104 2731 17 913 888 262 1572 2524 891 1366 1589 1571 2385 1520 969 1 1630 557 2486 668 2189 2460 2633 1291 2185 1816 1824 267 2607 1615 600 2223 2246 2727 1698 1360 573 1509 787 846 551 1622 1373 2717 1540 641 958 1238 810 2635 1660 2399 2271 2710 1025 1480 2100 2619 1607 912 1684
000851.jpg,118 2792 998 567 1583 1791 2065 919 1354 808 952 1769 2778 778 382 2711 1854 517 1531 887 930 1970 1470 748 928 975 1851 2793 871 982 923 1657 7 2328 2379 2304 2491 2252 1579 841 1063 945 2349 2729 227 1179 114 819 1667 579 1578 2682 875 2416 2723 639 9 1977 1585 2225 1210 311 763 2575 2647 916 1770 25 528 2559 151 2042 515 1920 2618 2459 566 1209 1651 1271 1154 2310 1211 2026 492 1368 2488 513 2658 2081 512 2097 2361 1239 1367 1819 2353 701 2334 1643
000852.jpg,493 1034 2174 1358 1234 1861 859 1196 57 2004 366 976 570 2418 2461 210 1580 1792 1758 797 280 1279 2672 1392 1930 2125 746 793 2327 1276 1665 1575 2374 1859 2694 1724 2838 1947 1664 2456 689 133 756 2186 1765 2330 548 158 1776 588 242 2206 880 1375 2739 1086 1457 228 1191 720 1072 801 583 857 2321 2662 1675 1877 1043 2184 2332 263 77 1193 1432 885 287 2703 2198 842 1350 2581 1887 2659 1551 2039 1345 1542 2590 2541 170 2356 2127 1377 1229 2123 438 1494 294 704
000853.jpg,99 1872 760 477 399 2679 1510 1163 437 595 1233 453 1599 208 2587 2122 823 1903 2163 401 1628 177 981 73 1085 2074 380 731 2469 2126 2829 816 1717 2655 1160 174 2775 164 1145 1415 694 1784 141 461 156 1976 2055 72 460 2636 2009 2577 172 1241 2098 1023 2722 1047 2747 612 1688 2274 1504 1808 2452 1436 2355 222 2218 2691 599 1321 755 850 2446 1098 2642 1155 1479 2537 320 1682 2750 2512 2362 2432 2645 2156 1100 2342 1404 2262 666 1305 2450 2392 2201 1089 1736 1052
000854.jpg,956 1882 2194 661 1227 669 829 2261 476 1761 1153 750 334 2168 1541 285 1221 820 38 546 582 2387 2425 1318 1797 1536 1260 1995 762 2678 2197 1336 2823 6 2080 732 2476 1315 2643 620 1400 1057 2688 1013 372 45 115 636 1462 1603 1083 1560 759 2278 2313 1726 2572 2761 1450 1697 1188 807 971 2160 2807 2720 863 796 1387 1064 1702 84 644 894 181 650 236 1523 1267 2705 1251 1084 1768 1687 834 1482 2620 1570 2263 2623 2079 1458 2503 629 1866 2355 2666 42 300 2522
000855.jpg,2045 2023 1584 2755 747 258 2545 2034 1416 1948 1796 2272 1096 1051 770 2713 715 2836 1569 2815 2628 1649 194 1316 48 1261 2556 2721 64 100 1320 2352 1782 1586 1381 1496 1617 51 497 947 1218 1417 2837 1636 169 860 155 161 2767 1658 2433 201 1444 1489 1965 735 305 2241 1054 439 1640 712 1701 1860 1544 992 1663 2376 440 562 1045 1679 1993 26 1788 1710 1369 1870 1029 2454 2046 2289 2707 563 463 2649 2130 179 2439 1895 1623 2050 1407 1328 1840 173 2650 2538 2553 197
000856.jpg,2669 2794 2396 192 2280 1787 2025 61 245 654 2173 1781 49 408 139 207 225 525 838 239 209 1282 2091 296 383 2070 2164 356 2311 1141 1248 1356 1780 252 625 1506 1127 1435 2137 679 2232 1505 1481 52 418 2470 216 346 822 1598 858 455 806 484 2059 780 2429 2244 1662 1475 113 653 1262 2821 1274 534 268 290 1465 2467 1022 2690 131 726 2531 452 2806 786 2142 1568 295 2236 1124 1024 1789 1875 53 495 1216 1843 1378 1706 331 464 2053 1037 241 467 2301 1692
000857.jpg,2152 1113 84 941 2572 1139 594 2494 1605 482 2502 1616 1144 244 882 327 1949 2421 1661 1371 2115 762 1458 1687 1960 2706 1477 629 909 2571 2620 40 2348 300 509 1336 123 1462 1866 1696 1365 1927 2386 851 2678 214 420 2503 2160 1013 2677 1987 1757 2203 850 398 1602 2197 2079 270 106 1198 815 1199 1400 856 1315 2761 2150 1487 1171 2216 1397 2427 96 750 189 2109 183 1184 986 844 2506 2230 2355 2507 973 621 285 1038 1738 2194 2457 2705 1183 609 1471 2768 2567 2359
000858.jpg,2449 1474 1671 8 325 2535 745 2706 1006 443 1090 1308 2452 586 1082 1709 2432 2645 2216 2167 599 2446 2355 836 2593 1697 2313 935 666 1250 110 924 2096 1817 2831 1322 2342 2642 2222 488 2450 2201 167 1456 1380 2156 1550 20 2841 2118 1736 946 2567 1763 1661 724 1933 2086 1352 624 42 1321 2816 2463 1423 755 650 1666 630 953 1015 2705 938 1621 2678 1674 2197 2623 915 1085 468 2537 459 850 2293 1891 1098 1790 2679 2071 300 1903 38 1206 1173 37 1150 136 1995 1881
000859.jpg,2152 2502 84 40 941 1605 117 1113 1198 2494 2263 1659 1960 327 1525 2678 2303 1371 1726 1184 2572 1205 6 1139 106 1979 298 2203 2841 1687 2348 2623 621 851 1632 2497 2620 1570 420 1221 1400 214 1032 2554 300 1922 22 2386 1397 244 973 75 2768 2153 1927 2705 2109 629 2831 2115 1171 419 171 1760 2030 189 1251 96 1882 894 1603 2573 1199 148 1502 1696 23 1987 690 1084 1537 2060 1364 1083 815 582 1280 2179 1661 2677 285 2359 2162 466 275 2571 2706 2791 1866 592
000860.jpg,937 852 1495 1731 257 1385 1894 1779 406 2145 2543 2458 1718 2600 1871 1705 2085 1138 2377 1527 519 1479 942 1516 392 535 320 1992 2763 709 186 1676 908 1682 966 773 1681 410 1645 2219 487 1526 2613 2262 1707 605 2318 2102 1325 434 1800 1384 811 365 1387 2341 1079 1007 1002 1455 253 1068 544 2516 336 1546 568 1670 2660 984 1119 1978 1783 1000 1017 248 288 2596 301 112 1131 1419 2730 338 2664 2609 1040 893 1005 730 1969 742 78 2331 1466 94 1695 2446 2549 54
000861.jpg,2045 1584 2755 2023 747 258 770 2545 2034 1796 1948 1416 1096 1320 2272 1051 2713 1586 715 2556 1316 2815 497 2352 2628 2721 1029 1569 51 48 64 463 1636 100 194 161 155 562 439 305 2631 1895 1640 1261 1965 2836 1788 1860 1993 1649 1381 201 1496 2837 1407 1544 1782 2767 1417 1701 518 1617 2289 2439 860 735 992 2482 1710 1218 1658 440 2735 1552 2433 169 2367 1840 2241 1362 2376 197 1045 2553 947 2650 1319 2046 1545 168 2300 2130 2538 817 1897 1926 26 319 173 433
000862.jpg,1801 2277 529 2644 395 2323 1230 1798 572 962 1334 1683 1561 2759 1898 2579 2504 2242 101 789 2238 1306 714 545 465 328 803 1175 374 853 1689 364 1951 754 485 426 1427 407 617 1207 1394 1996 898 581 1093 766 1035 646 1115 2040 589 658 1839 989 1631 1389 1883 2546 2381 1759 2113 1087 737 436 1166 2409 1928 240 727 1091 2066 2777 739 2072 2561 341 634 1558 1786 215 1533 2077 315 2295 1257 1361 1597 251 2542 1728 483 1834 1213 1451 540 1106 2178 1900 431 777
000863.jpg,2629 2539 1429 2520 377 2798 2578 2428 2210 640 828 1038 1754 13 2421 729 2120 2031 1070 1041 1272 2221 1949 1668 2602 2828 672 964 1374 933 2671 2038 2640 865 1399 1337 358 323 1249 2083 1910 2808 698 2047 1329 1266 1049 2335 1952 955 1764 979 370 2570 2786 2451 176 1189 2227 932 1255 1521 2839 56 2384 2423 292 1477 1033 554 289 21 302 78 340 893 1686 121 743 569 432 2032 536 1256 193 2503 427 839 988 1393 2668 2562 571 986 1449 1890 1888 1596 1562 868
000864.jpg,1487 924 1471 953 37 586 1763 1090 1082 922 1308 443 1006 2216 1703 2841 650 2268 1363 1891 1570 275 2666 325 2706 1400 1288 1537 2179 1456 1153 1541 1882 1916 2535 459 2043 327 1697 1687 2816 2197 1205 167 1723 745 475 2678 285 298 750 334 761 122 796 2222 1474 820 2167 2425 1184 2194 2171 2346 956 2136 1502 690 2705 629 2452 2554 1488 894 1866 2623 2810 1221 1462 1244 335 419 1995 2572 1285 1336 1073 1605 2153 8 115 1671 2249 300 762 1232 2573 2494 281 834
000865.jpg,312 1752 2832 987 1545 4 1146 2389 556 85 2270 1102 2082 626 826 547 635 1934 1405 1386 59 221 2411 2790 1656 1737 188 611 1407 2501 2817 613 943 1624 1319 2069 1202 2133 2044 2300 1644 1926 2528 283 1316 1840 1636 1552 1422 2367 2241 977 550 1617 518 2544 1983 900 2419 950 463 440 1092 735 2424 259 2826 1878 2397 817 2148 445 1468 1428 2477 563 1965 1486 2840 659 559 2574 2312 260 1437 2375 480 155 266 2076 1045 1029 2652 2088 74 1158 2538 2007 978 2631
000866.jpg,835 1107 1254 1310 702 1830 1908 284 848 903 931 768 1114 1512 65 2388 1767 1340 1845 1608 1720 250 1821 2471 2601 502 990 1235 1975 2624 126 578 2276 684 297 103 688 1323 1391 2314 1186 1413 522 2667 1458 2503 1232 398 1570 1839 767 431 2496 277 1285 973 2056 2510 1080 1015 2197 395 2620 1922 335 1400 851 1152 298 2447 2532 45 1426 2478 1318 1687 818 1797 1726 543 18 70 690 2036 1397 2401 42 1753 236 1832 117 1842 2079 1198 1064 861 423 1536 2605 2302
000867.jpg,2178 2113 304 2066 1213 1115 2546 1389 1785 1019 1228 2022 1333 1300 63 545 1685 149 1394 182 1951 1175 485 614 1306 954 898 2504 1137 1760 962 1166 1561 1559 1743 1712 374 1161 101 341 1971 1693 617 2827 2238 2656 1883 2072 2040 727 1257 1230 1087 737 1798 1361 2149 658 2759 328 2242 1513 803 1343 1207 1106 132 2542 714 215 572 1786 407 983 695 1928 766 1773 2016 2323 589 310 2409 364 1176 2000 395 1353 1683 436 1847 581 1856 2441 1451 251 2129 2190 1558 2700
000868.jpg,2512 2362 1504 222 2218 1436 850 2691 1052 2355 1305 935 2201 2750 2342 2450 1736 2645 1098 755 2096 836 1790 1806 2071 1933 1638 1321 2432 2156 1911 1709 612 1085 144 380 141 2074 816 2679 1023 401 2446 897 2452 177 981 599 2122 1903 2163 1599 461 2055 73 2587 399 1628 453 1145 437 477 1163 1233 1047 2098 2747 2829 1808 1510 595 2274 796 823 2535 1006 1621 1308 208 760 1082 2537 2642 1404 1717 745 1976 2469 586 443 1155 1671 1100 2655 1688 666 1089 37 2420 325
000869.jpg,767 1938 277 1833 1443 889 2686 1747 1753 2777 1125 2478 2772 2077 70 2532 951 2510 211 1759 1460 1834 2757 369 2818 2702 2 431 2015 2663 315 2315 1252 1989 2302 1842 18 1165 2561 1557 1390 1980 2622 2496 191 601 990 297 1845 2624 1235 2685 502 1413 103 2601 2471 578 688 2276 1340 1035 126 1839 1323 1608 250 684 903 461 522 2388 1767 1908 1418 1114 702 1975 2346 1793 500 997 1821 1391 475 1047 284 1720 2055 2098 571 1023 2507 848 2620 401 1333 1916 1952 2022
000870.jpg,1742 243 1370 1554 1105 813 1396 921 337 355 2696 1673 2257 2064 1614 1331 2458 1384 966 487 1681 2660 1495 662 1290 1613 1705 2049 2282 2600 2782 530 1017 1604 1518 2085 1237 942 660 2259 1567 908 631 446 1301 2664 1893 360 1739 2140 54 542 1909 1058 710 1000 2369 1981 2596 451 2796 984 50 1853 607 1002 2543 975 1946 2336 151 1978 1271 1695 1879 2803 2394 1031 394 2711 1565 1287 825 2405 567 513 254 1808 2843 1404 2093 1968 7 2792 2392 1155 301 871 2793 1119
000871.jpg,631 2282 2049 1518 530 607 1017 1290 2596 1604 1301 2796 2064 446 2140 1058 451 1981 1237 1567 921 1909 1384 2392 942 2085 2093 487 2458 966 2543 2660 1705 1681 1613 2600 337 1978 1742 1673 984 1879 662 1331 1002 660 1495 2257 1614 2664 2782 1739 542 394 2696 1000 1119 908 2259 2262 54 1853 360 1893 710 813 2369 2357 243 1554 1695 1396 1676 50 1105 1455 1370 355 1094 1508 852 2405 435 791 2803 320 1871 1779 1906 937 1621 749 1020 1287 1936 1581 870 1800 2492 1385
000872.jpg,2769 348 1870 2454 925 2649 480 26 1369 2714 2538 550 179 712 518 2050 445 2130 2840 1172 433 2011 2375 197 1422 1045 2826 1453 260 2289 1901 1617 645 2088 2650 463 524 2044 2574 259 168 970 977 1486 2544 735 1417 563 2358 1489 2676 2433 2337 2309 1552 1253 1788 161 1701 231 1895 978 2652 1983 769 201 440 2200 1092 1710 1148 1029 2344 1496 635 1328 1752 1146 784 1490 659 1054 562 1640 2606 559 2713 305 900 134 489 1437 51 2241 860 2307 1848 611 2724 2397
000873.jpg,1487 882 123 1866 909 2150 1757 986 214 924 1184 2197 2572 275 2494 1882 1541 1255 2348 2688 956 84 1139 1471 2623 2503 750 1400 907 2498 334 629 1371 941 327 1144 1477 1687 1113 1198 820 104 1365 2677 281 594 971 1953 1922 1458 270 186 1462 1280 2448 2179 1641 1738 398 1406 839 1318 2841 423 953 1603 2425 959 1591 1084 2115 1973 2678 1596 644 1521 387 1525 1199 1488 1080 2263 2245 117 1616 1602 474 1183 1077 946 351 2141 1502 2152 1479 955 244 1152 1170 69
000874.jpg,2116 2386 1525 2263 2678 1726 40 1960 2623 1198 861 2572 2503 398 1371 592 2720 644 1083 2562 2522 2442 2807 851 1596 762 2056 1632 45 387 636 1458 2498 1251 1318 1013 96 181 1702 1364 1280 2048 2188 1768 949 1064 300 2153 1336 1536 2160 2278 894 419 620 2591 106 2448 1315 1856 732 957 971 2141 2554 2079 183 1880 335 2688 2571 844 1927 2401 2760 2612 333 2761 2182 1199 2441 189 1004 43 2203 940 1802 2230 171 2733 2111 2737 2831 466 1696 2718 462 621 1515 1032
000875.jpg,1749 789 2579 483 240 1353 374 2759 2784 803 1300 1883 2540 251 2504 16 101 1483 1672 1178 2238 1898 2381 328 766 1447 44 341 576 1361 1469 1996 132 2040 1091 1176 1427 1971 376 1161 1801 695 777 1451 364 1900 2437 2190 2422 2785 2000 1513 291 1087 1847 1798 34 1914 2745 2242 2202 1389 540 88 1257 2054 1230 407 1786 2523 215 1559 1476 1683 2547 1106 832 962 572 2277 2700 646 436 1137 1115 1743 47 2546 2441 2129 1535 824 1856 564 2323 1804 2699 230 1561 1990
000876.jpg,1096 1416 1948 2272 2815 1860 1316 1496 2721 1051 1965 201 1636 715 1796 2713 2556 1569 1218 2034 1261 1362 562 2309 51 64 305 439 48 2352 100 1658 155 194 1381 2628 497 2241 2545 1897 2433 1584 1586 2376 563 1617 712 1640 1901 260 1993 2826 2755 231 2836 1490 1544 1148 1782 2650 2023 1453 1307 2046 1123 2045 168 1552 1840 319 1679 559 2454 2439 674 1369 992 645 1045 659 1486 1878 2088 2553 445 947 169 1623 900 978 1437 1422 518 784 1054 1444 2289 2837 906 2767
000877.jpg,2049 631 2282 530 1518 1604 1017 1301 446 1290 2596 607 2140 1058 451 1981 1237 2064 2796 1567 921 2392 1384 2093 942 2458 2085 966 1909 487 1978 2543 1331 337 2600 1002 1614 2660 1705 1673 984 1742 1681 1613 662 908 1495 2696 1119 2257 660 2782 243 355 1879 2664 1396 2262 1554 1739 1000 1676 813 542 2259 394 54 360 1893 1370 1853 2357 1105 710 2369 1621 1695 2405 50 320 1906 2420 852 666 1155 870 937 2537 1455 1094 599 2377 1508 1271 1040 855 416 435 2452 791
000878.jpg,536 2090 569 121 988 193 1132 1588 1268 680 2333 1793 1431 36 901 2786 2227 1393 432 176 886 866 332 1065 1256 340 429 1418 2668 979 2117 1553 2108 2029 802 1430 1033 2743 733 1686 571 1562 1890 597 555 2217 2384 142 417 1699 1492 554 868 427 2415 21 199 1888 2078 62 1249 1398 500 2451 2267 2568 1038 681 289 878 302 361 1329 323 78 893 377 1041 1053 1049 292 2578 1374 2423 1886 2380 2421 1910 828 1499 2602 698 1754 743 2798 2839 1266 2335 1272 2671
000879.jpg,1236 2267 2380 1699 1430 1553 1492 142 2078 802 1886 429 1053 555 1890 868 866 2217 1256 743 2333 2029 554 1888 878 2668 2423 427 1431 2568 417 289 1033 1562 36 2415 2117 2743 733 176 901 886 62 1499 597 681 361 1418 21 1793 332 1393 1398 292 1588 2108 2786 500 1686 302 199 2227 1132 340 432 1065 2451 78 893 536 680 121 1041 988 2224 193 2221 2384 979 2038 571 2047 1707 1038 2539 1429 1233 964 1001 2350 323 2031 2387 437 2428 1670 2421 1406 2032 249
000880.jpg,1055 1944 2558 2294 2728 725 165 2207 1056 1825 1130 447 2766 2825 1126 2292 692 2135 2741 2736 1547 1940 137 1212 116 2319 1463 97 2511 494 2842 1134 442 1606 1935 899 246 1899 2057 2382 2248 204 2719 2813 2305 1464 2435 146 2041 1986 1937 2068 1076 1067 2580 686 2258 647 2506 722 1639 2286 948 2665 2291 79 2393 1874 362 1452 1962 1841 140 1185 1223 1868 1473 1777 2708 574 2683 1721 804 2639 12 329 1408 1942 1677 864 657 682 491 526 2438 790 1439 2625 2037 677
000881.jpg,2328 1179 2491 1578 1063 945 841 1579 2682 1977 639 2647 1920 1651 1770 9 2252 2723 2097 114 916 887 2042 1531 1470 748 1528 1667 2310 819 2575 1585 227 1583 1211 998 515 1769 2792 919 952 982 1354 2778 517 1791 118 930 2459 1851 2379 2349 2225 928 1154 763 2729 311 2304 1368 567 875 778 579 1367 382 2488 1210 492 1657 923 2026 566 1854 2416 1239 25 2711 2065 2618 512 1970 2081 2559 975 528 2462 2793 2334 1819 1643 910 1864 1402 1566 808 7 1209 2474 151
000882.jpg,13 2210 640 2520 1272 2671 1038 2421 1754 1041 1949 2578 377 828 323 2798 370 2839 1329 1910 2047 1189 729 2602 2539 1374 2335 2570 1793 2629 432 536 865 2415 1668 2828 1429 121 933 2568 1337 672 2083 571 1431 429 56 1070 2221 2380 2031 2108 427 1562 1049 901 1764 2120 988 193 2795 1399 2387 2090 2428 332 2808 1952 1266 2078 2333 1553 2217 964 569 2423 743 1588 36 2038 1132 2668 2267 1065 1430 698 1268 2029 2640 555 2227 142 1890 802 196 1249 820 878 955 292
000883.jpg,1569 715 64 2721 100 48 439 562 305 2034 1796 2545 1640 51 155 2713 2433 2309 2376 1860 201 1490 1453 1658 1381 1901 1948 1496 563 1584 2556 2241 2826 2272 1316 1051 194 1096 2650 2439 1617 1544 2352 168 1782 2836 712 2628 1840 1636 440 260 1416 518 1993 2815 645 2050 1045 231 1422 1965 559 1878 1218 659 445 1307 169 1148 2088 900 2649 735 1261 2289 2454 497 1444 947 1649 259 1369 2538 978 1623 2837 2011 2130 2553 1586 1328 2769 2652 2337 1679 2707 1054 550 674
000884.jpg,2000 1451 1361 2054 1559 1786 1106 483 1971 1257 1300 727 1353 2787 1483 658 1672 589 240 1749 1207 44 789 2072 614 1137 1178 2579 1951 646 16 485 1447 2656 2784 1230 1306 1175 2437 803 2540 374 1091 376 2149 215 1798 2040 1389 291 1900 1115 2785 1513 581 2504 572 2381 293 1019 251 63 2409 230 1996 1535 1427 564 1161 832 1213 436 1883 132 1357 1561 1914 395 1836 1801 364 1693 2066 1334 2644 341 777 954 1176 926 1990 824 1469 1180 1743 2546 989 766 2113 2695
000885.jpg,2066 2113 2178 304 1213 1115 2546 1389 1019 1785 1300 2022 1333 1228 545 63 1951 1175 485 1306 614 1361 727 1559 658 2072 1685 1451 149 1137 1971 589 803 1786 1106 2000 962 1257 1207 1798 1230 954 1561 2504 2656 898 2040 374 2409 2759 215 1166 572 1161 1883 1353 789 341 1334 101 2787 1513 2242 2149 989 2579 2238 436 1394 395 1743 581 714 2644 328 1693 1683 364 1773 737 2323 407 646 617 2381 251 1176 132 1091 1900 483 2542 1357 2784 182 529 1087 39 2054 1801
000886.jpg,2152 2502 941 84 214 2348 1605 1602 1953 1139 1866 2841 744 1171 22 2751 1113 1214 244 2109 106 2567 2115 454 189 1616 1927 1032 2060 1199 1987 957 1632 851 1458 1696 398 1371 171 96 2404 609 1960 509 621 1280 2457 2706 1738 2197 2612 300 815 2401 1907 2572 420 924 2162 2263 2768 1889 183 2503 844 510 1525 2705 894 2203 270 40 2554 2153 419 1397 2623 1661 117 1365 2160 2620 1364 1726 2386 2303 2678 1283 2726 861 2079 909 1198 565 2591 1659 2760 1084 1064 1744
000887.jpg,213 2024 426 2143 24 2430 634 1597 1689 2408 2638 853 1804 1719 707 2533 29 1149 2320 286 2172 1728 135 2673 558 754 2756 293 967 2295 2021 1533 757 1849 2413 1231 2354 184 1448 1478 119 1296 2615 1265 80 1984 1269 91 739 1383 1529 424 2472 792 1312 520 2787 2113 498 1722 2178 218 1945 2235 388 19 304 232 2366 1867 2390 2546 2066 1213 2725 2508 2566 529 2124 1733 1951 1766 1115 425 1898 1785 2296 646 1326 752 1161 2014 1389 609 1061 2464 1175 1228 1019 359
000888.jpg,1730 1929 1275 2806 2687 295 1789 1655 1831 927 1706 464 504 268 2715 131 999 2301 1875 2236 2059 331 806 1262 1475 484 1662 1097 456 1378 780 31 326 2429 1293 1813 1240 655 534 125 2244 1822 1912 2407 1281 159 324 580 1022 495 455 1923 1143 2062 33 1932 1039 1026 2765 452 1465 501 1011 314 52 788 1062 418 2142 726 653 430 467 1024 241 1008 1843 2531 390 1635 1274 2316 2285 1568 129 346 840 389 786 108 1503 1481 1967 1273 290 2773 1118 2232 2693 1715
000889.jpg,1752 1316 2556 2389 2790 312 1102 2832 1545 2367 1926 59 1202 950 1496 1656 1146 987 2817 221 2300 1624 1965 2069 1407 2528 2411 1644 943 85 1934 4 556 817 2270 1636 1386 626 547 635 1405 2082 735 1649 2501 613 1737 440 1840 826 2241 1799 2836 2272 1782 2815 169 2826 518 1381 2837 611 2840 2713 2050 1796 2433 2628 1658 860 1584 563 900 1319 2044 188 1617 1444 155 947 1860 1054 1045 2767 283 2439 2454 712 2538 1416 445 2545 1623 1218 1710 1437 1701 1679 1096 463
000890.jpg,1349 352 913 1572 234 1520 1 2727 1025 2399 307 1618 969 2541 2226 2834 1615 511 1540 2635 2339 2158 223 1815 2063 403 1571 2466 17 892 2455 46 2215 1630 2246 1159 2340 837 1009 1684 2138 1539 349 2783 961 573 2298 1360 685 127 2619 264 1514 2175 1258 267 810 1291 1509 787 958 1238 2710 2517 2529 1270 2484 1619 891 71 2255 551 638 1698 2844 1215 1863 1446 879 1059 2271 2481 1294 665 342 1445 1925 1629 2223 1112 1939 2444 718 1366 30 2524 642 2139 2833 2253
000891.jpg,1710 1489 712 2836 1369 947 2649 2050 1444 1782 197 1045 1328 1663 1417 2241 1870 179 925 2454 1617 2011 860 735 26 2130 463 1679 169 2837 348 2817 2790 1701 480 1102 817 1649 2767 445 1437 900 440 1407 1381 1422 1656 221 2832 1926 2375 2840 1658 1644 1054 2707 1623 2528 1934 1624 2714 943 2289 489 2300 2769 2397 312 433 970 2411 1405 1788 550 1544 645 1307 1486 1993 1545 1029 1218 635 2628 1752 2826 2082 51 2538 2439 1386 977 626 188 1552 2084 1796 2270 260 518
000892.jpg,2414 2550 107 1507 1177 2604 2641 2176 55 1104 728 397 1669 575 1194 2754 1691 2019 834 736 1523 333 2239 2080 2288 441 1482 2326 2661 2073 2695 926 2383 1919 827 1950 2426 541 564 2555 2495 373 309 917 1943 32 1745 1818 2508 902 1310 1014 2169 1028 83 1016 584 1180 920 379 469 2159 400 856 1357 2033 1883 739 845 39 766 2360 1217 1922 896 87 2281 2395 1467 2234 993 1690 615 2824 590 187 306 1423 2310 761 2166 230 2791 2106 1192 1326 1144 1971 1254 1975
000893.jpg,246 2511 1547 1134 1463 2305 1067 1935 2842 2068 204 2665 97 722 2041 116 79 137 2741 1606 2135 1212 899 350 1055 1126 442 2294 2558 686 1944 2736 1130 725 2728 165 2766 2292 2825 1868 2580 140 2319 2207 1452 1076 1825 692 2286 1056 2382 1464 447 2813 1940 2506 2248 12 329 1841 804 1962 2598 1937 2719 362 2258 494 1639 2393 948 2436 2057 146 393 790 1006 1942 1408 1473 598 2499 1899 1185 2440 508 1777 1986 271 1677 2639 104 1523 2708 444 627 359 647 864 2383
000894.jpg,2798 2629 2539 1429 729 2428 1070 377 2120 2031 2578 2520 2221 828 2210 2640 13 640 1272 1337 964 2421 1399 2038 2083 933 2671 1038 2602 1754 1266 865 1668 1374 2808 1041 1329 1910 2335 672 2828 2839 358 1249 1952 2570 1949 323 1764 1449 1189 2047 2795 2786 56 1806 1802 1880 476 432 979 370 698 669 2227 955 1521 1268 571 2032 2260 176 1793 2448 2048 1049 1536 1726 861 2512 2562 592 1562 1768 2384 2387 1888 2090 2508 1084 2718 193 2442 2333 2720 2451 2342 340 42 2108
000895.jpg,1870 2769 348 26 925 2454 1369 2649 480 712 179 2714 550 2050 1045 2538 2130 1417 860 1617 518 1489 1701 1710 197 463 445 2011 2241 2840 1422 735 1788 48 1328 2721 1569 2375 64 100 645 817 1663 1948 1416 305 440 1096 1993 562 715 2034 1796 1926 260 2836 1782 1054 1624 51 2826 970 1679 1552 1486 947 433 1437 2556 1444 1029 2528 2433 2289 1658 155 900 439 2817 1307 1640 188 2545 563 2300 1644 2650 194 2790 1381 169 1649 2628 1407 2309 2707 2397 559 611 1453
000896.jpg,1710 1489 860 1417 1701 1788 348 900 1437 1870 197 1926 1679 817 26 2817 2790 925 2649 463 489 2011 1656 1407 1486 1369 2300 1045 1307 2836 2241 179 1624 712 2528 1644 1328 1102 2826 1623 2375 1444 2050 2084 1545 1649 1617 606 1782 2397 1054 2454 221 1658 735 169 1796 2389 1386 2769 2411 2628 947 1381 1934 559 2515 2424 970 480 433 2034 1993 1663 2367 2270 550 2130 645 440 1208 2289 260 2767 2082 2714 1627 563 674 943 1096 1029 2837 2832 2439 134 155 626 1422 2707
000897.jpg,1971 1786 1257 1106 1559 2656 1451 2000 1361 2149 1693 751 2787 76 1357 2288 39 1593 832 564 926 230 2281 1818 989 2495 1091 777 1180 803 1900 1996 2381 2016 310 215 789 581 1116 2040 2504 436 1207 1713 1137 2785 2129 1914 1743 1224 1714 2827 766 2579 737 2437 2238 341 983 1672 374 2745 1178 328 2190 2072 2202 1353 132 364 2114 683 483 2441 1115 1990 1535 727 824 1306 1389 1951 88 47 2700 1836 614 101 1176 695 1300 1685 2540 251 954 2546 1346 576 2523 95
000898.jpg,1548 269 531 1725 368 2499 444 1712 1088 425 2497 2506 1833 1443 1183 1007 1570 767 2359 1326 2653 1986 1529 660 1760 1423 2663 2 2051 676 277 2483 1035 1747 1979 1938 2494 1263 2249 1849 315 73 2014 878 1125 1165 1462 2664 182 104 375 1439 2746 327 380 598 1767 889 2390 2303 1641 298 1839 149 1488 1502 2124 1000 2686 2516 191 420 2245 2772 2354 2179 1779 2532 1198 1205 601 205 907 2302 2566 2077 796 1397 1753 117 980 1711 2777 2561 2521 2768 1526 2152 1940 1733
000899.jpg,1394 2113 304 2178 1213 2066 545 1389 2546 1115 1019 1785 1228 1333 2022 1300 727 658 1951 63 614 1175 589 2072 2249 1361 1306 1137 485 149 761 1087 2277 2000 1207 1559 1451 1801 898 1230 1558 341 1798 16 572 1685 1631 1483 1727 954 1106 924 182 395 962 737 1561 581 374 132 1161 2040 714 215 2656 1749 1447 2644 1712 1786 2114 1176 1683 1760 2579 1257 1971 803 1353 783 1898 529 1914 2504 44 1513 2190 1883 834 2238 2242 101 2547 695 328 436 2737 251 824 1093
000900.jpg,1145 2098 2747 1047 612 1023 1976 2055 461 141 477 401 453 1628 2775 1510 1163 208 595 1872 2636 981 2163 2587 164 1688 1415 174 72 2009 760 2122 177 731 2829 694 2274 156 816 2655 755 1717 2679 599 666 1085 823 399 1100 2537 1808 2126 1160 1599 99 1404 1089 2450 1784 2469 1903 1806 1736 172 2577 1155 1241 1436 460 2218 2074 437 1504 2722 222 380 2342 1638 2446 2642 2645 935 1233 1321 2750 73 1933 2201 2691 1098 2452 1790 2355 836 2362 2432 850 1906 2096 2071
000901.jpg,2669 192 2396 1787 61 2794 2025 2280 207 2173 245 225 139 654 408 1781 49 838 209 525 1282 296 239 2091 2070 356 383 2164 2311 1141 1248 1780 252 1356 1127 625 1435 1506 2137 2232 679 1505 52 418 1481 346 2470 653 2244 1598 806 216 822 858 780 2059 1274 290 484 1465 2429 295 2806 455 268 1475 2142 1022 1662 2821 786 31 131 2693 2236 534 1262 113 53 1929 1275 2301 1730 2531 1293 495 1568 2715 1706 2690 1097 1789 2467 464 580 1124 927 726 1843 331
000902.jpg,1710 1701 1489 1417 860 1788 900 2375 197 1437 348 463 445 2011 489 433 1656 2817 59 606 2270 1679 1307 2840 2084 2826 2397 1386 2241 1623 626 645 2289 2082 1926 817 1624 1319 675 1486 1934 2367 987 1102 2769 1870 2707 188 1444 2790 1328 611 1045 1617 312 2515 1545 2300 970 259 712 2424 1895 221 2389 556 1752 2836 1737 547 2130 2646 2767 1029 735 2832 2501 950 559 2439 179 1552 2411 2528 1054 169 1422 440 480 2050 1627 978 1782 977 563 925 674 1407 1123 1405
000903.jpg,105 2394 1778 11 416 883 2110 1946 664 2711 7 1271 1854 151 2793 975 517 808 2792 1419 94 382 337 567 778 513 2575 1585 2618 2559 1370 1970 2696 2331 1705 2723 114 25 1209 2830 1681 2026 916 1002 1614 243 1325 819 1424 1040 528 1331 434 1742 512 2416 227 301 717 2560 2349 487 2042 1495 2600 1992 318 1667 118 1119 566 610 1573 1309 568 982 2718 605 998 821 871 1731 945 1367 1068 1770 2660 2353 908 2730 1968 1239 2549 1554 1138 2225 2377 1978 2361 2065
000904.jpg,18 1842 2663 2 601 1834 951 1252 2015 2818 1759 2757 315 2622 1390 1557 70 2777 2077 1125 1753 2478 2772 431 1165 2510 2302 2561 767 1938 2315 277 1035 2702 191 2532 522 1989 1747 1839 1443 2667 2686 1114 889 211 369 578 1845 2624 1460 2685 1833 1767 126 2276 1980 931 1235 250 848 990 1830 1413 768 688 702 1821 1608 2583 2323 2601 2471 502 297 1323 1391 249 103 634 1810 1720 962 2388 2496 684 1418 2320 67 2509 1511 2172 1075 1012 65 903 286 29 1533 1340
000905.jpg,1752 312 2832 1545 2389 987 1146 59 1102 2790 1840 1934 1656 1624 4 2501 626 1202 221 2411 1316 2817 1407 2270 2082 1926 85 1644 735 556 2528 635 440 1405 943 2300 547 1737 1636 2241 518 1386 2367 826 2044 2069 2826 169 2556 817 613 2050 188 1965 2840 1782 950 2836 1617 1649 2439 1422 611 1045 155 1437 563 2837 283 445 2538 900 550 712 480 1319 1486 1544 1496 260 2133 2454 1381 1444 559 1799 978 2649 259 2011 26 1468 947 2375 925 197 1878 2397 1870 179
000906.jpg,1416 1096 1948 2272 2815 1860 1316 1496 1965 201 1636 2721 2556 1051 2713 715 1218 1261 1362 2309 562 1569 1796 305 1658 2034 64 2352 51 2628 100 2433 1381 497 48 1586 1897 194 155 439 2241 2376 563 231 1901 260 1584 2545 1148 1544 2826 1640 1490 1617 1453 712 2650 1840 1123 2046 659 168 319 1993 2755 2439 2836 559 1307 1782 2088 784 1552 1486 1878 645 2553 2454 978 486 2337 1422 992 445 747 900 1679 906 2289 674 1437 1623 2023 2732 1369 2652 2769 1045 169 518
000907.jpg,2437 1672 1836 1749 1057 44 1483 1990 16 1447 2700 1178 1914 1469 376 1593 1224 2785 1727 1304 2202 95 2058 834 1449 1161 1476 1116 1856 47 1773 576 2555 2441 683 1277 1795 1513 291 2745 1103 1713 2190 1535 1714 824 1838 2784 2827 83 88 1743 596 60 832 2383 483 441 1847 132 2317 983 2695 2180 1523 751 845 1176 2129 1147 2547 2249 2523 1678 603 761 1353 1999 1620 1300 1632 1732 2166 2000 1482 2096 1919 2554 2296 2153 2275 1120 2426 2518 894 777 419 830 762 2080
000908.jpg,1545 2389 59 2367 950 626 1202 4 1799 1752 1146 2270 1737 826 2082 547 1386 556 440 613 611 2312 904 463 2375 735 2840 1552 1407 283 1319 2069 1029 312 134 259 1468 563 1934 977 987 445 1788 1656 1993 1926 2241 1840 2148 1148 1316 1123 85 2832 1624 1486 1878 1649 155 2501 2076 2088 2477 2300 169 1895 1045 1544 2289 2133 635 2826 1307 2735 197 260 188 1584 2439 2837 1617 518 900 906 2200 550 965 1437 2817 433 2790 173 1253 817 1422 2050 2652 659 1102 978
000909.jpg,1328 947 1444 1663 1782 1617 2836 712 1045 1679 1623 2130 1993 2241 2707 1710 445 169 1054 1489 2011 2840 2767 1649 900 2837 1552 645 197 1422 2050 1381 860 51 2454 1437 1369 179 1486 735 463 1658 1307 440 2769 348 1029 2649 259 2289 155 480 1218 1701 2714 1640 1253 1948 559 1544 2826 260 1417 1416 563 925 134 188 2439 1096 26 2628 1934 1870 1208 2397 433 635 1569 2082 2375 1261 1860 2133 1926 305 2650 2832 312 1796 2419 1102 769 1405 2817 817 2044 562 2544 2270
000910.jpg,1588 1132 121 988 193 569 536 2090 680 1268 1431 36 866 2117 1793 733 802 1492 142 901 2078 2333 1699 1430 1553 429 1890 555 2029 2217 1256 2668 2267 868 878 427 332 1886 554 1033 1053 176 1393 2415 417 886 1686 2743 500 2227 1562 1418 2786 597 1888 1236 21 340 1499 2108 432 2384 2451 681 289 2380 2568 62 199 1398 979 2423 1065 302 361 292 743 1038 78 893 1041 1374 571 2421 323 1272 377 2602 1668 13 2828 2539 640 2578 2520 2221 1249 828 672 1429
000911.jpg,1506 1141 2070 383 1780 1505 1356 654 1248 2311 525 192 2669 245 49 1435 625 252 61 113 2794 408 1781 2025 2232 1127 139 2396 2137 2280 1282 296 1598 679 207 2173 838 239 225 209 1140 858 455 1787 356 2164 216 1216 822 2091 1262 1829 27 1299 1924 1568 1168 2470 1274 1273 2279 2698 2765 1024 726 1612 1500 1503 2531 464 1706 2690 2017 200 1124 1961 618 1692 2467 2316 331 2053 1021 2693 2062 643 653 1918 1635 33 478 418 1438 402 1532 806 390 2715 1875 1967
000912.jpg,234 913 1572 2063 352 1009 1520 2455 2727 837 1 1159 2399 264 1349 1025 1815 2484 2844 403 1814 2541 2092 2158 2833 267 2139 2834 2371 307 2215 1291 1238 2731 1122 1366 1539 299 1589 1615 1925 1571 667 1982 17 46 1619 2783 223 891 2635 2385 1816 892 2269 969 1373 1684 2226 2771 2576 349 1618 641 1540 1480 1630 2633 1863 262 741 2298 991 2776 1660 888 342 879 2185 1735 551 1360 1698 428 958 573 2431 2223 787 2529 1776 2607 2460 2616 2797 1807 1824 2403 1129 2189
000913.jpg,2267 2380 1236 743 2423 1430 1553 427 2217 2568 429 2415 1890 1888 868 2668 289 199 554 1699 1562 1492 292 681 555 176 121 1256 302 142 340 21 332 2108 878 361 2078 1398 417 2029 2539 2786 901 2421 1431 802 569 1429 2227 78 893 1038 2629 1041 2451 1754 62 2333 2743 886 1033 2090 1686 1399 597 2038 2221 1793 193 964 2384 432 2428 536 1070 500 988 1418 698 377 2120 2578 36 828 2031 323 2117 1393 1521 2828 1374 733 1668 839 2798 1499 866 1053 933 979
000914.jpg,802 1492 142 2078 429 1699 1430 1553 1886 1053 555 1890 868 866 2029 1256 2217 2267 1236 554 878 1888 2668 2380 1562 417 2333 1033 743 289 2743 886 597 176 62 1418 1686 2415 427 1431 1393 733 2568 361 36 681 21 1588 2423 2117 901 1132 1793 1398 680 332 302 292 2227 2108 199 2786 78 2451 340 1065 1499 893 988 536 121 500 979 2384 193 432 569 1038 1272 571 2047 1041 640 73 2520 2090 2421 2671 1682 2828 323 1374 13 2038 1599 2032 672 2539 2074 437
000915.jpg,924 1487 1471 953 1363 1703 1288 2216 2841 1605 2502 834 2152 333 1727 1019 2249 761 2452 2567 443 1027 2153 1389 419 309 22 1139 2550 2554 2555 2816 1044 1214 1104 2109 2263 1507 1763 1171 581 2114 2678 1315 149 1336 1115 1006 1357 856 1213 2751 1671 1090 63 894 335 2623 2437 586 1632 96 2401 2043 1277 2317 214 1856 1300 1669 1161 1013 737 8 2000 2178 2113 37 1308 1865 189 2666 1990 2288 1773 2546 1685 2066 1927 2810 2022 39 1891 304 935 650 1760 997 1836 1734
000916.jpg,1038 865 2421 1754 1041 1949 2520 2786 2210 1272 979 2227 640 323 13 2671 377 340 2578 1477 332 176 2798 828 2539 1429 2629 1256 1266 1374 2602 2120 554 964 868 2828 2221 1070 289 1399 729 2668 427 2428 2415 1952 1668 2808 569 1888 2038 2031 2090 1553 933 597 672 1033 1430 429 2640 2108 1337 1890 417 2029 1329 121 2047 2217 1492 2568 1418 2451 2384 1793 1398 681 988 193 1686 886 571 1393 2743 21 536 1562 1699 56 743 142 199 2335 2380 698 361 2032 555 2423
000917.jpg,956 1882 2194 2261 1227 661 476 669 1153 1761 829 2168 546 1221 6 582 285 1083 2643 1702 732 1260 759 620 1541 181 820 1188 1797 807 750 334 922 2823 2666 1570 1318 636 2043 1697 1536 2688 37 650 1603 1768 2048 2313 2678 2807 2761 2810 894 1763 2720 2171 1916 2816 2278 1400 762 2263 1487 1726 2346 644 1456 196 281 1139 2476 475 468 971 1891 2623 84 1090 2425 2153 1866 941 372 586 1336 419 2498 1802 387 98 2705 1525 2442 2554 2841 1371 1315 1723 1858 1471
000918.jpg,2185 1129 1411 2584 1440 143 2517 1694 795 386 718 2529 1684 2271 2298 2616 787 958 810 1445 1360 2619 638 30 1514 697 2460 557 2139 1630 2833 1112 1446 1294 879 1925 2363 71 1215 665 1982 2481 1619 1366 1863 299 273 2524 2092 2246 2844 1814 2455 1373 1939 1258 1242 667 262 1122 264 2104 888 2731 641 2771 2385 2576 1480 1816 2371 1009 969 837 1887 1824 2468 1270 1877 1191 234 2739 2801 913 2727 2321 1350 991 2633 2672 2356 2039 2659 1549 1735 267 857 2273 2484 1776
000919.jpg,1993 2241 1617 1422 1045 712 1328 1444 1679 1623 2840 735 947 2011 197 169 1782 155 440 2050 900 305 1552 463 2289 445 51 260 2130 2826 2836 563 645 550 1710 2707 2837 1860 2439 562 2454 1878 259 134 1544 518 1658 1663 2270 1381 2817 635 1640 1840 2088 312 179 2649 1796 556 1788 2082 2631 1895 1405 2375 1489 1926 1369 480 2538 221 1437 2628 1218 1307 1934 860 1486 1054 547 1123 2769 1649 348 2721 1386 1407 1102 2767 85 943 2790 2832 188 1656 2650 1148 2713 1569
000920.jpg,312 1752 1545 2832 2389 59 987 626 4 1146 2082 2270 1840 556 547 826 85 1934 635 2501 1102 1656 1737 1386 2367 221 1316 1407 2069 950 2411 2790 1202 1405 611 188 2133 1636 613 2044 1624 440 2817 735 2241 518 2826 1319 563 283 2300 1878 943 1926 1552 259 2424 1092 1965 977 1486 978 1649 1123 1468 1437 260 550 900 169 1422 2419 559 2840 1428 463 2837 2397 2836 2528 155 659 2544 2375 1644 445 1782 2148 965 817 1983 1617 2652 2439 1045 2050 1544 2312 1799 480
000921.jpg,2600 1705 2085 942 1681 487 2543 1384 1495 2458 966 337 2596 1290 2660 1742 1017 1518 852 921 1000 908 1695 2664 1331 1739 2392 1853 1978 2064 1614 54 791 1002 1673 2369 1893 542 710 2262 50 1119 360 1565 2259 631 1508 2696 2282 1031 2782 2803 2257 984 1287 607 660 1676 320 1237 1718 2796 1981 1779 243 512 1370 1385 114 1567 1396 355 1770 1604 2093 2618 2357 2026 893 566 186 1871 1519 1301 446 1077 2559 416 2469 451 2049 78 1784 2140 2126 2723 519 1992 151 1325
000922.jpg,1055 1944 2294 2558 2728 725 165 2207 1056 1825 1130 2766 447 2825 2135 1126 2741 692 2292 1547 1463 137 494 1212 2842 2736 116 2511 2319 1134 1935 1606 899 2382 1899 204 1940 2248 97 2057 2435 2813 246 1464 442 1076 2305 2719 2580 2068 1937 1067 146 2041 686 2291 722 2286 2258 1452 647 1639 79 948 2665 1874 1986 2393 1185 1841 140 1777 362 1223 1473 2708 804 1868 2506 574 329 2683 657 2639 677 682 1962 1677 1721 1942 1408 2438 491 864 2569 12 1771 2440 1892 526
000923.jpg,1083 1702 181 732 620 759 2643 6 546 582 1797 1260 285 1221 1882 807 1858 2313 1188 468 2807 2823 636 2278 1318 1536 2476 661 2261 2425 2194 2171 922 2816 1891 1697 2043 1723 2666 1227 1153 2168 476 2810 650 1763 2048 1916 37 1456 2346 1768 2263 586 475 2678 2720 1865 45 2153 2056 1761 2386 956 2522 2442 1726 644 2761 1284 1064 829 1364 820 443 189 1251 42 1603 1570 894 2562 2627 1090 40 387 1082 1541 419 2554 2498 2760 2060 396 229 669 762 1596 1696 2268
000924.jpg,1276 793 2461 210 1034 1859 1392 1861 57 1580 1072 2418 280 1792 570 1930 1665 1234 2125 2174 689 1758 2004 2456 746 1575 663 2327 2838 1664 1358 1724 77 421 2694 704 294 1576 2581 1193 2229 493 158 2155 1375 242 756 934 1292 1716 884 287 185 2127 2206 880 2330 438 1348 82 1551 170 1345 1377 514 228 1030 2332 1432 798 470 2703 130 2321 857 1522 2039 2662 2659 1350 1086 1887 2002 2198 1675 2739 2187 2356 859 1043 706 263 2186 1542 842 1457 801 885 1877 1191
000925.jpg,2656 1786 1971 1257 1106 2149 1559 1693 751 1451 2000 1361 1593 2787 832 76 1357 39 2016 2288 310 564 1091 926 1818 230 2281 2495 2827 777 989 2129 1137 954 1180 803 581 2437 1207 1672 1900 1996 1743 2381 1116 2040 215 789 614 1836 1713 1224 2504 132 1714 727 1951 436 983 2441 2072 374 1685 2785 1914 1178 1535 485 1115 766 683 737 1353 2190 1176 2238 328 341 2579 589 658 2745 1389 1306 1773 1990 2202 2114 695 2700 1175 63 483 2540 47 364 1346 95 824 1019
000926.jpg,1721 2809 1876 1473 12 1439 2291 2057 2051 2499 1725 2435 368 444 2683 494 608 274 1406 637 598 1899 627 249 394 1592 1012 682 447 2438 2093 2657 1879 1390 1931 2622 864 2183 994 2569 574 2719 2598 1810 526 2583 2639 67 2121 790 531 1001 1906 1639 601 1185 647 607 2350 1555 692 1433 1088 1777 2704 146 2308 1874 1565 939 521 202 1944 1937 2509 2617 2766 1886 2708 2319 2393 1839 1223 2089 491 791 1613 1557 1055 255 2436 2292 686 1075 18 2825 2526 442 2803 329
000927.jpg,2252 1179 1063 2682 2491 841 1578 1579 2328 1651 1977 945 9 639 916 1920 2042 2647 2097 2310 2723 1770 114 227 1211 1583 748 1531 517 1470 998 1769 887 919 952 982 1354 763 2225 2778 515 1528 118 928 1791 930 2792 1667 819 778 2379 1585 567 1657 2575 2729 382 1851 2349 1154 875 1367 311 2065 1368 2026 1854 1970 2459 923 2304 1210 579 1239 512 2416 566 2711 492 2488 528 25 1566 2793 7 975 2559 2618 808 2081 1209 2658 513 607 861 2110 1271 1819 151 2103
000928.jpg,2138 472 961 1803 1607 2758 1341 641 1509 1811 1069 1828 127 1530 2444 405 17 2094 2648 2710 551 2835 147 160 2771 1571 2385 2595 1807 1078 991 1295 573 2635 537 262 888 1373 1540 2738 577 1421 1862 352 1622 1520 2340 2709 1618 1167 1059 2338 1355 223 741 267 2486 342 600 642 1291 846 1238 1270 665 891 1524 2266 1964 1652 2431 2100 1278 2223 2253 1698 2372 2614 166 1615 2175 1 1129 2820 1630 1684 1258 2208 2619 2727 1863 1242 2481 1159 2255 203 1446 2298 2455 667
