imageName,Corresponding Indexes
000001.jpg,84 941 2841 2348 214 2152 2706 1139 2502 909 1866 1602 1605 1953 1696 1525 1280 2572 106 1171 2263 2115 2567 2623 2109 1084 1214 744 22 96 1113 1365 1032 2554 1632 189 2153 894 1661 2060 2303 1659 298 1205 2203 1570 2831 2677 2705 6 594 327 300 924 2448 183 2179 1380 1502 2401 609 690 1738 2457 2030 1263 2404 762 270 1397 2620 1750 1760 629 1221 1400 1537 448 986 2245 2571 973 1285 275 1922 1458 1487 1477 1603 5 1697 2425 1108 1255 1083 1757 946 474 546 285
000002.jpg,2044 85 2501 2411 1934 1656 312 2528 1102 2832 1644 188 635 2790 987 1405 1624 2817 611 943 221 1319 1926 817 556 2300 1407 547 1386 2082 2270 1422 1983 1617 259 1190 2574 2670 1993 1552 712 1029 1092 2397 463 2676 826 2344 2544 74 2724 2800 550 1208 2307 2631 2837 1796 1045 1158 2011 2419 1428 283 2840 445 2836 2454 2424 2084 2538 2007 562 1788 1328 977 4 2652 622 2069 219 606 1782 2707 1146 2088 2564 1848 64 305 613 2358 2133 1414 439 2050 900 100 2289 1627
000003.jpg,2609 410 811 538 248 843 1079 1133 648 1516 434 709 2219 937 257 2843 544 2549 1424 186 253 2151 1783 336 1794 94 1498 1466 535 1110 1131 2341 1138 112 288 1871 1731 338 2788 2746 1454 1634 742 605 1243 1894 2364 730 1455 1379 365 673 1546 1005 1573 610 1707 2730 2299 2290 435 2613 1966 717 2196 2377 593 749 2830 1309 2560 2251 1020 1581 1670 1800 678 1527 870 1040 2763 1311 1007 2005 1969 1645 2697 2102 1142 1779 1850 800 2492 1325 773 1174 774 2519 855 2087
000004.jpg,2809 1721 12 1876 1473 67 627 2657 2685 1886 1868 2583 657 1027 637 1165 255 482 140 1548 2249 191 2302 2598 619 442 393 2617 508 2712 217 677 249 1406 1931 2427 2251 1263 1753 692 2315 1244 2445 2089 2308 1817 1833 1980 1557 2589 2136 2772 2719 2580 531 2622 767 2704 2509 1012 2475 1439 1881 1330 1125 136 2708 494 269 944 1511 2041 1874 1185 761 2526 1969 662 2779 915 104 2777 1998 2535 1501 1001 1869 994 444 2665 2436 202 882 359 2514 2449 2167 881 1223 1173
000005.jpg,499 1631 545 1801 2277 1394 374 1228 529 540 1785 1334 803 251 2579 2644 63 1883 1561 1087 395 1213 2022 1333 789 2323 1230 898 1137 1427 2542 304 761 341 2242 1558 2759 2504 1091 2546 2238 2381 2547 581 1798 2785 1996 1483 714 1898 576 2072 1207 1683 766 132 1971 1176 777 1166 2040 737 328 101 572 88 1914 614 2202 1743 646 617 2190 1257 695 407 2784 1476 2745 2827 596 2114 1093 783 962 1856 95 1928 149 364 1106 1900 182 989 2441 1786 291 215 983 2656
000006.jpg,1796 2034 2545 1569 48 100 715 64 439 2721 1640 562 305 51 155 2433 2713 2650 1584 1860 1993 2309 2376 1490 201 1381 712 1658 2631 2241 2528 1453 1617 1644 1496 2556 2411 1782 1316 1901 2272 2836 2352 1624 1656 2817 2439 221 1544 1636 817 2826 2790 1096 1948 1045 1407 563 1218 194 85 260 1051 1422 947 169 943 2023 2837 1926 550 1328 2045 2628 2300 1369 1405 2088 1934 1444 2649 2454 188 168 1416 2815 2289 2050 2755 1965 635 1878 611 1840 659 1417 1261 860 26 900
000007.jpg,1938 1833 277 767 1443 889 2686 1747 2496 2510 431 2532 2 1035 2663 1839 1390 2561 601 2323 1767 395 461 1333 2388 72 1423 1801 1418 1310 571 2644 684 63 2022 1107 167 1065 578 783 2620 1502 1986 2179 250 1343 1952 1137 1114 1908 2216 597 417 76 1219 400 2829 2277 702 1047 2242 2098 714 856 529 1631 502 65 1686 903 103 2547 1821 1197 2483 306 1087 1976 284 1605 156 473 1975 1398 898 374 1906 2494 488 1558 1250 394 1075 1928 2471 1232 1176 1922 2495 2410
000008.jpg,297 103 1235 990 1845 2624 688 1323 2471 2601 126 502 1186 848 1391 2314 768 1413 2276 931 1340 522 1720 1254 903 1767 835 1114 578 1830 2667 702 767 2302 2388 1165 277 2478 284 1753 1107 1908 2077 1125 191 2772 2777 973 315 65 1570 1916 1759 1608 1397 1834 1557 18 298 2620 951 1938 250 2015 2178 475 1015 2346 1252 1460 2509 2496 2757 1285 1080 594 2315 1443 1833 1821 1537 249 1842 2706 1989 1458 369 2216 1891 70 2622 690 1300 1139 211 2787 67 2113 285 1884
000009.jpg,2303 327 1659 1205 117 2494 2573 2203 1198 1979 1184 1502 275 298 2791 2030 1113 1922 23 2179 1400 2620 594 2572 1080 690 1537 1570 1738 1397 1687 2263 2623 1525 1285 973 1280 1425 1084 2101 907 205 448 2245 946 466 2222 474 2115 2124 1263 2677 2118 1326 2014 163 1696 2448 1884 1015 980 629 306 924 1661 1139 1061 1171 214 1954 6 1760 1082 2841 2535 1582 1032 543 2132 106 2348 2599 2567 933 1610 2154 1750 1361 2571 69 423 2109 1308 1214 104 1380 1697 1603 473 1712
000010.jpg,2267 2380 1236 1553 1699 1492 2078 142 555 2217 427 1053 1793 901 1431 2668 1886 866 193 36 292 176 988 1033 536 2090 500 2451 1754 733 1429 1393 2038 2629 1132 2384 986 1588 2428 828 377 933 2032 2120 2150 123 56 698 1255 680 823 839 2798 1233 380 672 1189 875 1628 2163 882 399 1521 1263 1952 932 73 1477 2387 358 311 2409 1049 2416 1757 29 2335 853 2054 2667 2083 2115 2793 2636 767 1084 568 401 1160 25 2348 887 1165 2787 1510 1113 2172 214 819 1747
000011.jpg,2091 653 799 1781 1568 1755 1127 822 1503 2794 1475 2232 805 2236 2164 2137 1303 239 2531 1317 1024 1756 1395 1274 1282 1011 131 1875 2053 561 314 806 268 412 2402 1039 721 1297 1831 1655 1932 89 1037 408 999 252 2715 2693 1972 1050 1647 1843 2698 1140 390 495 113 2280 1378 356 2765 1262 464 1022 1216 927 1635 1706 1967 1829 241 296 1921 525 49 2565 159 1143 1813 2059 27 1715 2061 580 1273 1168 1789 1299 1505 1472 1124 452 2099 1293 2465 2505 2285 1118 1281 290
000012.jpg,1044 2317 897 834 2555 761 1727 2249 924 1487 1621 1865 1447 2567 141 376 2156 2452 1719 1321 1200 2296 1661 1469 1425 1757 309 2216 908 1620 2150 1023 1006 1482 443 2508 333 1098 123 752 2446 932 986 214 1833 1255 271 1550 1804 122 796 1546 1277 401 629 2245 984 1088 186 1938 2573 1669 2823 2449 2140 1217 2055 516 2623 177 306 2024 1267 2793 16 1892 853 680 882 676 1408 411 599 1998 205 632 1263 2143 2111 1032 2430 2725 2404 1145 2037 1548 2318 935 193 448
000013.jpg,1760 1712 954 44 1535 1113 1685 2016 16 1749 986 1447 376 832 1757 1223 1469 1139 214 182 123 2677 1255 1502 1727 1346 882 2203 1874 1795 1004 594 2572 2058 1434 1277 106 2348 2401 96 1661 482 2112 894 1263 1833 1171 270 183 2150 2245 940 2555 75 1747 2111 2115 629 1477 298 1866 2620 589 2409 2567 2831 1602 1365 2153 1750 1836 1938 1548 1632 1397 1593 1352 1773 2437 1214 1922 2667 2554 574 1525 2179 824 2180 2109 1343 2706 309 2032 690 2317 1116 683 485 2000 500
000014.jpg,2070 1506 1141 1780 383 192 2669 1356 61 1248 654 625 2025 2311 207 1435 1781 1787 679 225 525 2794 1598 216 252 245 2396 1505 858 113 1216 455 2164 49 1168 1299 1127 139 1097 1262 1293 1140 2062 2280 1282 1822 33 1143 239 408 1829 655 1924 2698 580 1692 326 2173 2232 1124 331 31 200 356 2279 2091 2053 159 1273 1706 2137 838 209 296 2690 430 2470 1118 1472 464 2316 822 418 1037 27 346 2467 1274 643 2406 2806 1008 1941 402 618 471 2611 2765 1500 344
000015.jpg,1254 835 768 1277 931 834 1620 990 1340 2079 309 2058 297 2555 848 1720 333 2080 1235 2136 1244 1749 393 462 1669 240 603 103 1727 2160 2831 2571 1178 1845 187 1323 2780 205 1458 1517 1450 2275 830 1147 2401 2630 1482 483 1057 2624 1186 1353 677 1703 2317 126 2239 2167 357 2705 1300 2314 300 204 1286 2736 2216 575 400 2073 335 1678 1449 2230 1217 2296 824 863 1732 2096 2823 1391 1523 2425 2111 2437 2313 2422 1942 688 2276 2605 350 1120 506 2684 271 2591 1288 83
000016.jpg,210 1580 2125 689 570 1861 57 2418 1665 280 2004 793 1792 1859 1234 2461 1034 1392 1276 1930 1358 2174 2229 1072 1758 294 1375 2456 746 2327 1575 2374 493 1664 1724 2330 756 2186 2838 366 1279 663 859 797 133 704 421 228 548 1765 1030 1196 976 77 2672 2694 1947 583 1776 720 2662 857 150 1457 1350 1551 588 2332 2039 2123 287 422 1043 158 1716 880 2590 2739 2155 242 885 1877 801 798 2206 1576 2659 1191 1377 263 2548 1887 2321 1086 1229 884 656 1542 2356 1193
000017.jpg,2404 1766 2725 609 509 2464 844 2457 1889 2115 244 1515 744 1616 1696 5 957 2128 1477 2448 1426 1602 214 1953 2348 1199 1139 592 2706 2751 1866 1171 1214 909 1556 22 2124 498 1061 2109 1326 375 466 1661 2567 425 2572 163 1637 2014 473 388 2366 1605 1802 1560 1904 941 1365 1726 2351 40 2591 1757 1744 1032 1610 43 2726 2169 2508 2197 306 84 2162 2678 2150 621 565 106 1113 2841 785 851 2502 2354 2182 1364 2425 2188 882 448 229 971 189 2056 171 1960 2507 1015
000018.jpg,1563 238 28 2250 2479 2552 505 2819 849 1532 2500 2716 972 152 2365 458 2181 503 330 633 2099 587 2052 2191 2557 1335 671 354 1376 1896 2228 1741 2193 1827 313 602 1339 1024 2681 1037 523 696 464 2674 1932 1297 711 1831 726 2370 2742 268 92 2592 1680 1655 1704 1912 1706 532 705 1262 2689 847 1503 734 81 2119 1140 2806 1875 2283 2715 927 455 2236 1829 131 331 2531 2764 1293 1117 159 999 2062 2687 1332 2322 788 1281 1314 1143 1730 1956 1011 125 1813 1789 1475
000019.jpg,1752 1146 1316 1545 1636 1840 1965 1496 2241 2556 440 312 735 2836 1381 1658 2832 563 518 2389 1544 1782 2439 2840 2826 1123 900 59 169 2050 2628 950 1934 712 155 1878 2069 2501 1437 1045 1624 2837 1617 1422 260 51 2272 2367 1486 4 305 550 445 626 497 221 1586 1656 2289 1444 987 559 645 2815 1102 978 1649 965 2130 1640 2652 947 635 2133 1796 1407 1405 817 2790 2713 2424 2817 2419 85 2411 2082 2088 2011 201 1948 2538 1552 1148 1096 674 613 2433 1307 2528 2454
000020.jpg,2104 1242 273 2524 1539 352 2460 557 147 2363 879 969 1366 2844 2175 2517 1480 2226 551 1619 1025 1660 1863 2444 1059 1684 1925 1816 1982 1514 2633 2833 342 2595 2607 2298 2710 1349 1803 2797 143 127 2431 385 2385 2529 1629 71 2271 1811 1215 1440 2139 1652 810 577 697 867 958 2801 2138 2269 814 2231 2473 414 2576 1167 299 638 386 1549 1988 1571 667 2246 685 264 2776 787 1129 2092 1524 30 641 718 2185 2619 527 2709 1939 2455 2783 651 741 154 2184 1815 1530 1295
000021.jpg,783 1093 949 2737 1343 1856 2441 940 1004 2112 2785 1914 1999 540 2827 617 1103 407 596 95 983 2202 2242 2190 310 2745 1561 341 88 695 1476 2413 1898 1743 2542 132 1996 1176 2295 1091 558 1434 766 1683 328 777 135 198 2238 1631 2114 2547 1801 291 1230 60 1448 2644 1298 1693 75 576 737 63 1304 230 1087 1334 364 2323 529 149 2759 2489 2497 499 1846 1197 2504 581 905 182 1483 2040 2022 898 2733 614 1346 395 1207 789 1333 1204 1558 1265 1900 2807 1228 2615
000022.jpg,751 1482 1559 2000 1036 1523 946 2080 441 2239 318 2695 1152 2437 824 1593 1943 907 1451 1263 543 327 2245 2787 1361 834 2204 2132 2555 683 845 1836 1116 2383 1714 1353 339 2073 1057 104 379 1380 83 2317 2734 1750 1014 917 541 1285 2605 2303 469 1713 1950 2791 1727 2296 373 187 47 993 321 1352 1205 1601 863 1300 1919 2518 298 1672 1535 1502 371 2573 954 275 87 549 2677 2147 2165 1128 761 1077 474 832 1922 590 920 1200 2033 1990 1346 2180 2623 2118 2453 2651
000023.jpg,1504 222 2218 1436 2512 850 2362 1052 2645 2691 2156 1305 2355 612 2829 2122 477 2074 461 2679 1903 1163 1047 760 1599 2098 2587 2747 1976 595 164 72 2469 208 174 2750 1784 156 755 2342 731 2201 2400 1098 2071 172 2450 1790 2126 1806 1638 2449 1321 2775 460 2421 1183 111 935 1250 1415 1219 938 924 1155 1933 694 1605 2520 8 396 1241 896 1736 2483 306 1272 488 1206 2502 1729 1144 1203 2577 1757 323 836 986 1394 2443 281 2410 1038 1820 1462 2096 1949 1404 614 84
000024.jpg,1752 1545 1146 312 2832 1102 987 1405 221 2389 635 1934 556 4 85 2790 1656 943 2501 2082 1407 1624 2270 1386 2817 626 188 547 2411 2300 1644 1926 440 2069 2528 611 826 1319 2044 817 735 1617 1737 1422 59 2241 613 2840 1316 2050 550 1045 1552 712 518 1636 1202 463 169 900 2367 2836 2837 445 2133 947 950 1782 283 2011 1983 259 1328 480 2826 1444 2424 2289 977 2454 2538 2148 155 2419 2649 1840 2088 1649 2130 2544 260 1092 1993 563 2397 179 2556 2631 1486 2652
000025.jpg,757 754 1728 135 558 2295 2756 2413 213 184 2638 1231 1689 1533 1597 1448 2472 1265 634 1478 2021 2408 967 2615 1312 119 739 1296 1984 1383 540 80 707 2277 1801 1394 529 545 1898 1035 2644 218 898 1558 1093 395 1087 1883 2323 962 714 2566 520 1839 783 1228 1683 251 304 1945 1798 2354 1230 2224 1333 101 2759 2547 2242 1427 1213 1631 2579 1849 232 2072 473 752 766 572 2022 63 2508 364 2546 1785 2561 614 375 1269 1743 19 2751 789 2169 2381 1928 1207 983 341
000026.jpg,346 2821 2467 52 2690 786 418 363 1481 936 402 2244 471 108 753 2398 1438 478 2407 1662 484 2505 2465 2301 1220 758 1008 1022 628 1378 1465 2429 806 430 780 1692 655 2059 467 1787 534 1048 290 1275 1918 2611 2669 1730 2765 1026 389 53 2025 1097 2687 1929 61 331 654 2806 1143 504 2634 840 207 452 1822 1293 2070 1124 241 2632 1037 295 89 1273 2794 1216 192 2285 138 1612 1140 1118 2142 1756 1781 625 1789 326 1024 679 225 580 159 1018 2531 726 1568 1647
000027.jpg,67 2583 2294 1055 1944 627 2728 2766 725 2719 447 2319 692 2825 2509 1001 249 2350 2207 1012 202 2736 442 1406 1126 2741 899 494 686 2057 1067 2135 2580 2291 79 657 2041 1899 574 2068 204 2435 2665 2842 1452 722 1473 1874 12 246 1868 1056 2708 1777 359 2511 1223 954 1869 1547 2051 1886 2809 1463 1076 1134 1935 140 2598 2436 1439 2248 1185 677 2589 145 1721 2748 1195 1881 1817 2701 2787 2286 2657 1639 2000 1501 128 321 2683 2475 2409 29 378 2329 2308 2712 136 1931
000028.jpg,196 2474 1643 353 98 585 776 233 1625 2256 910 701 2353 1600 1042 1819 2012 2081 1864 869 2462 1963 2334 2027 69 2391 2067 2132 372 1170 1697 1077 2677 2593 875 301 796 513 629 820 1519 2691 1541 1973 247 151 311 2331 2101 392 1911 2336 1384 915 1221 128 25 975 1105 2793 568 1121 1387 1504 7 724 710 2318 2387 1585 58 2416 2485 2361 620 487 2458 1667 1642 662 813 549 542 1603 1084 355 604 285 1200 136 1370 212 2658 1139 1681 2165 1958 781 909 243
000029.jpg,268 131 1875 295 2687 1929 1730 1275 2806 1843 495 1789 927 2531 464 1706 1655 1831 2142 290 241 2301 452 2565 1503 2285 1024 1475 2236 653 418 726 1240 806 999 504 467 1262 2059 2470 484 331 2407 1011 53 780 2765 1662 1022 840 455 2693 1481 2244 1787 52 1378 1008 2715 346 1026 1932 534 1037 1568 2429 31 324 1813 1923 1124 1097 786 1293 207 1062 1465 580 1822 1274 225 389 2053 61 33 799 129 363 159 125 1039 2232 326 501 2634 2396 1143 1140 1281 2505
000030.jpg,2414 107 1177 2604 1104 1669 2641 55 2176 728 397 2550 1507 1194 575 2754 2019 1691 1523 2383 2695 441 2080 1482 373 584 845 1016 2395 2326 736 2360 2159 2234 834 1690 1028 1450 2630 1919 2555 1014 187 333 379 469 2752 1943 1646 309 830 32 993 2651 1950 1467 393 1244 2239 2621 1748 2780 917 1147 83 1626 541 1517 924 1805 205 2347 2563 902 2106 2033 1277 2058 2733 2368 856 1459 1727 818 863 2518 2297 920 2073 761 1382 775 2233 590 2192 1120 1192 2586 2254 2701
000031.jpg,1721 1876 2809 1473 12 447 994 2728 864 1931 1055 608 494 526 2719 2766 2683 2291 274 677 1056 725 2438 2207 2435 574 2057 508 2526 1892 2708 692 1725 657 1677 1439 2294 2736 1185 2220 1899 249 1874 1944 2825 1223 1771 482 682 271 1942 2089 1406 368 1408 1012 204 2037 2625 531 2499 444 2051 1998 1463 1592 2741 1868 627 491 1777 2622 2319 1165 2639 2589 1881 2183 944 442 202 1433 939 255 1817 2440 2580 128 2302 2135 637 2509 2315 1501 1902 2569 2704 2511 1557 1639
000032.jpg,264 2484 1814 1122 2455 837 2063 1009 1589 2092 2833 2269 299 2844 2139 2371 1159 2576 1815 428 1549 403 1982 2776 2797 2731 2189 667 352 1925 1735 2412 741 267 1238 1520 1291 1622 2486 2100 1366 891 1619 969 1539 2385 90 1 1338 846 317 1571 1698 1025 2223 349 2399 1863 551 2727 307 2403 262 2473 879 234 600 642 1994 888 2338 1421 1862 1824 2717 17 2431 195 2158 1373 2273 2094 2820 2255 1816 2215 1480 1530 1807 1684 1071 1349 1509 2811 1540 641 2801 342 226 223
000033.jpg,1781 2311 2164 525 2794 2091 239 1248 625 654 1356 1435 679 245 49 2280 113 1598 1282 1505 408 383 2232 822 252 2137 209 139 2173 356 216 2070 838 1127 858 296 192 1506 2396 653 1297 1787 2669 1568 61 2062 27 1780 2053 2025 580 1299 1168 1472 31 1018 782 1141 2236 1293 1097 207 1124 455 1011 1692 225 159 1037 1143 2402 131 1831 1262 33 1647 2406 1026 1021 1706 1635 326 464 1715 1972 1961 449 655 1216 805 2698 1755 1655 2316 390 2531 1274 2632 125 2505
000034.jpg,2841 1139 214 2152 398 2348 2502 84 959 941 2705 785 1171 744 2160 300 2591 2079 22 1214 2567 1283 2425 189 2203 1605 1757 986 2230 1217 2404 335 2060 333 1922 2448 594 1632 971 229 1255 2620 2498 2554 2706 620 448 1889 1205 2725 1502 1766 306 1397 2216 807 924 285 2179 894 2153 1603 510 1400 466 148 2141 1904 1610 181 2030 183 1858 956 909 621 750 45 334 2313 2526 473 2521 997 2261 2823 171 933 163 2089 2220 820 2056 1061 1761 20 1064 1227 468 1671
000035.jpg,645 2011 445 2840 1029 197 2707 1679 1623 1649 1054 1328 463 1444 1663 1552 947 2289 2375 169 433 1782 1045 2836 2767 440 2130 1617 2837 2241 2050 735 134 1993 1253 1544 712 2650 2439 51 2735 1422 1381 2454 1895 1658 2628 1417 2649 860 155 1788 1870 179 550 2631 2769 562 1710 2088 1640 305 2538 161 1701 1369 1840 348 518 1489 260 769 563 1948 1261 1307 1860 1218 1096 194 900 2556 1486 1569 2352 64 1051 439 965 1796 1496 2482 1416 259 2721 2045 26 674 319 715
000036.jpg,986 1757 84 941 594 1371 1605 1139 40 2152 2359 2502 2348 2494 1255 1960 214 1616 1184 851 2678 300 1144 2203 244 1987 1687 2197 1488 1400 1198 1603 1199 1462 750 1949 815 281 2179 2216 1726 285 2261 2421 334 2705 1927 614 2620 2841 1502 420 2503 621 1397 1979 2761 820 1219 1205 1315 2079 1171 924 2448 2688 1336 396 1183 189 1013 2386 1882 45 744 2567 448 2060 117 2030 2160 2278 1641 1761 481 509 1064 957 2653 894 2768 171 2425 844 1364 1038 2554 2230 419 1214
000037.jpg,574 2291 1223 2057 1439 1874 2683 494 2051 2183 2639 647 2435 1899 482 598 1931 2526 657 2089 146 2220 2499 1555 1725 2704 368 255 1433 2427 939 531 2719 686 677 1185 444 2438 2708 217 692 2445 1088 1330 682 1777 128 447 2319 2813 1592 491 1473 2589 2569 1501 2809 725 329 2580 1902 1937 2248 274 2728 1757 224 944 1408 1055 136 1721 1944 1639 974 1881 12 1582 1477 854 1817 2766 271 2436 2294 5 2599 608 1700 1876 915 347 2207 637 995 1942 2154 1654 1892 986
000038.jpg,1663 1045 1328 1444 1617 1489 712 1710 2050 2130 2454 2836 2241 1782 947 1422 1701 1417 860 1369 197 735 169 440 2837 2289 2649 550 26 2840 2769 1679 179 433 1623 1054 348 1993 925 1788 2707 2375 480 463 1870 51 1649 1658 1381 2767 1544 2714 445 2439 817 2011 900 1656 2538 1640 1029 2082 2300 2817 1934 1172 221 2270 2790 1552 1624 305 1218 1569 518 1926 1796 635 1407 1319 2650 611 155 943 1437 259 188 562 769 2528 161 260 1895 1486 134 556 1386 2628 64 1644
000039.jpg,2043 2810 2171 650 2666 2816 1188 1891 1697 1916 475 2346 411 1723 922 1153 1456 546 1221 285 582 1763 807 6 37 1882 759 2643 1260 1284 1865 1702 1761 1603 820 1541 956 1227 620 750 334 468 1083 1858 122 1090 829 732 586 2261 1139 1082 181 2841 2313 1308 372 661 2194 1605 443 1797 1570 2502 476 1380 2677 2167 1006 298 1250 938 724 2179 1502 594 1696 669 980 148 1537 2387 38 629 1397 1884 40 973 905 2216 2514 2168 2483 1995 2410 196 882 1285 2203 2348
000040.jpg,1656 2411 2528 1644 1102 2790 1934 2817 1624 2044 2832 1926 2501 943 221 817 635 1405 2300 312 85 1407 987 188 556 611 2082 1319 2270 1386 547 1146 712 1617 1422 4 1752 1045 826 1993 2454 283 550 2069 1983 259 1737 1369 1202 1796 2397 305 2241 1782 900 2836 2574 1092 2649 1552 2837 1710 1328 1208 480 2544 860 562 2826 947 1444 2050 1489 1545 26 925 463 169 2670 2011 1381 155 1029 2631 977 613 1417 626 1788 51 2133 2840 2538 1190 2419 2130 2344 1701 266 2652
000041.jpg,1918 1140 1647 2402 1972 721 2061 1921 1303 1124 1395 1297 2053 412 1317 1037 1756 805 1829 1612 27 2279 1755 1472 1216 1168 1299 113 1924 799 1187 561 1692 2236 1273 1475 936 314 643 2611 1050 402 1008 2465 2505 1143 1293 471 1505 1141 2632 138 1635 1097 344 430 1715 390 1118 252 1438 2406 391 1568 2698 1967 1220 655 1506 1781 858 1274 1598 2398 1648 1822 1018 331 363 782 1780 1048 753 654 580 1787 478 525 2531 1831 31 1024 1026 159 49 1356 822 2407 625 2137
000042.jpg,2843 749 2299 1442 112 2196 2151 855 1309 2560 1670 821 1634 2680 1498 870 535 410 1466 94 1271 883 7 1209 1946 2559 1237 2658 2711 1210 2408 1981 2449 923 1854 11 528 2618 448 664 1613 1739 1604 707 2304 579 2664 566 813 2516 2354 213 2596 1250 1529 1000 2369 2349 1597 871 1394 1853 2049 1184 1219 2179 2551 905 2829 631 488 2573 1849 791 1695 567 1893 1526 1641 2483 1403 660 594 2026 2679 1502 21 473 2410 174 986 475 2122 634 1478 1610 2290 135 1390 1246
000043.jpg,1083 620 1702 181 1260 2643 759 732 285 2313 1858 468 2807 807 582 2278 636 1797 1882 1318 1536 2425 2476 6 2261 1188 546 2816 1227 2171 476 1221 2048 2043 1723 956 2678 1768 2810 650 45 1761 42 2761 1603 820 1726 2056 1916 411 1064 229 2522 189 40 1364 475 2720 1139 1251 2346 2153 2386 2060 396 2705 2760 2608 905 894 2823 334 1960 2182 419 281 2627 644 1610 2554 2688 750 1199 1880 2498 2079 594 2448 851 2841 2562 592 1856 300 1515 2160 1802 2141 1987 1144
000044.jpg,702 1114 903 1830 848 1107 768 931 1767 2388 1908 65 2471 2601 284 502 1310 103 1340 1512 1608 250 1821 578 684 1975 990 1845 2624 1235 1254 297 126 688 835 1839 1720 1323 522 2323 1035 962 395 431 2644 1798 2510 1390 1810 2561 601 2276 1232 529 1397 1144 1207 1922 2 1413 851 2620 581 1219 251 1075 1137 2663 374 1334 2759 783 420 1801 1558 2029 1186 1154 2114 1166 2489 1230 1197 1590 803 597 737 364 1427 614 1900 844 1065 436 1423 40 2242 714 1605 1298
000045.jpg,269 1548 531 2685 368 1073 2499 1165 2302 1725 1833 191 1200 1980 444 2315 277 2518 44 1865 1443 2296 1406 1747 889 202 1884 824 2437 1732 2318 1593 1502 683 980 1557 1285 1749 83 1869 1263 16 1938 1284 767 568 1131 372 1147 796 1456 1012 1387 249 1300 1447 500 2180 946 2249 2686 2509 1750 1661 2719 1057 1243 1267 1682 1001 1195 315 1007 1020 1537 1943 1570 2598 1469 1919 834 733 1305 465 448 2245 1120 1581 2087 993 400 2058 1836 2251 2387 973 2299 584 2563 67
000046.jpg,1697 2167 2268 459 922 1188 1380 1911 1456 1082 1763 1090 1308 586 411 37 1284 2823 443 546 1006 285 582 372 1153 1221 122 6 732 759 181 2043 2643 620 1702 807 650 1797 1882 1260 2171 2313 1083 661 829 1858 2810 38 468 2666 2816 1761 167 1865 1891 2194 820 20 2168 1227 956 1603 1541 980 1285 2261 298 669 1884 636 334 946 476 1267 475 1570 1723 1916 1537 796 2476 1200 2677 973 724 454 1536 2346 2623 2118 1610 2222 2514 750 396 2425 2807 1995 1387 2593
000047.jpg,1896 734 2674 2099 1532 1741 458 152 2228 1827 2819 1339 587 2500 972 28 505 2557 671 2479 1376 532 696 1704 313 847 849 2283 330 2250 2181 1563 92 1956 2742 2191 1335 2028 175 503 2552 1297 2716 705 354 238 633 523 1680 653 81 2370 2534 1011 2689 1293 1912 131 2681 2365 120 1932 1097 1875 1708 2062 2232 2814 580 159 1021 464 2193 495 125 1961 2052 2236 772 2715 1143 2177 31 1543 2053 1037 1262 268 1568 1781 2119 1655 456 449 1831 2764 1706 1475 1281 1503
000048.jpg,1371 1198 1205 1960 2359 2494 2678 1726 117 1687 1144 281 1184 396 84 851 1922 40 2448 1987 2627 2203 941 1880 1400 815 1199 2620 1423 1641 2030 1139 45 167 2503 1217 189 1757 1502 2573 1219 2060 481 2152 1616 621 1979 2197 2141 1927 1462 986 1882 454 2761 594 1183 2688 171 333 905 1064 2726 244 2608 214 2425 2056 2502 1255 2348 2086 2567 636 448 1536 2807 2182 1802 2162 2443 1171 2760 629 300 2179 844 1364 2386 856 2216 509 1197 1318 2705 2522 1768 2410 1839 2160
000049.jpg,348 2454 2769 26 1870 925 2649 1369 480 2538 179 2714 712 550 2130 2050 1417 1045 1788 1422 860 735 518 1701 1710 1489 1617 440 2241 1328 2840 2011 197 305 445 1993 1569 463 1172 562 2289 2721 64 1624 260 524 2836 2419 645 1640 51 1552 48 2375 433 817 1782 2088 1663 970 900 259 1029 2707 100 1983 1054 2528 611 1796 2826 1486 1208 947 1658 169 168 1444 2200 2650 715 2352 2837 2676 155 2544 2652 1381 489 2034 1319 161 194 439 1437 1679 977 559 1948 1386
000050.jpg,783 1343 949 2737 2112 940 1004 1093 1999 1103 617 1434 1561 198 1856 2441 2827 75 310 983 2542 1914 2242 596 2497 60 2785 1298 95 1743 1693 695 2190 407 1304 540 2745 2413 182 341 2202 1176 132 1683 149 2295 1091 88 2656 2547 328 529 2644 395 558 364 766 2149 1334 1230 1898 135 2040 2238 63 2323 2759 2022 1476 1197 1448 737 962 803 1333 1996 374 2504 581 989 291 1801 101 1798 499 576 1785 572 1631 1346 1971 777 898 2114 1166 1257 1213 1207 1846 1087
000051.jpg,275 1200 2791 1267 1205 327 2318 2623 2420 2030 1280 2263 2303 946 1057 1084 796 1659 1387 1380 1525 1113 1911 630 1995 1116 205 2437 2573 824 1449 1697 1714 1713 1479 1922 2572 2268 1425 2167 298 2823 2245 683 448 115 2317 751 23 2593 1400 1224 392 1682 724 2180 1836 2422 2514 1502 2111 1036 96 2101 907 1672 2620 1082 676 2203 1749 1032 1263 372 1548 490 1757 1709 34 2194 882 1285 2677 2523 474 1322 104 973 459 629 2630 2216 1308 1152 834 269 1838 2129 2060 47
000052.jpg,1624 1644 2528 2411 2817 1656 2790 817 1934 1926 221 943 2300 1407 1102 2832 635 1405 312 2501 2044 85 987 188 556 2270 2082 611 1319 1386 2389 1545 59 547 4 1328 1146 826 1202 626 712 1737 1617 1417 2836 1796 562 1752 305 2714 2837 283 1788 860 2477 2050 2130 1045 1422 2011 1710 1569 2088 1640 1993 1584 2454 613 1870 900 1663 947 1489 1782 2241 2707 1649 1369 100 51 1658 169 2367 550 1381 2631 64 440 1029 2840 1701 2069 179 2034 2721 1190 1444 463 2289 715
000053.jpg,2516 1325 1526 1511 1442 1969 1779 2145 1385 406 1946 1871 2102 1992 1707 773 2763 730 1794 2377 2299 338 2364 2730 1243 1005 1527 1131 1311 2290 1379 2151 2788 336 1068 1783 544 1007 1670 1020 2746 678 1142 257 1466 593 1094 1966 1138 2243 774 1581 870 881 1968 1850 2417 535 365 673 1731 821 2492 519 937 1040 2549 1913 2519 1110 568 2006 2830 605 2005 2251 253 435 1174 1455 742 800 610 2680 2613 2087 186 1165 1936 410 1424 434 2341 2219 811 709 392 1079 191 2697
000054.jpg,472 667 1925 1619 1982 1863 2385 741 2776 262 428 888 1530 1803 2371 641 1373 1735 2731 1509 2139 879 991 2797 2771 1807 2094 2833 299 2576 1295 1291 1549 2431 2844 551 2092 127 267 264 1589 1814 2484 1238 1078 2595 814 160 2468 2269 2455 1629 1122 147 2460 226 1069 1242 557 2138 837 2063 2607 1366 1341 385 1660 2444 2633 1480 1862 577 1607 1059 1009 1816 1811 891 203 2801 685 1524 2412 1539 2710 1159 352 2189 1215 1167 1025 867 2403 1278 2783 961 2811 342 2758 2363
000055.jpg,2045 2023 258 1584 2755 770 747 1029 463 1320 2753 2735 2724 622 1319 606 1552 611 2564 2732 1627 860 2676 1208 1796 1788 2670 1190 2646 2076 1895 2800 259 675 2344 2631 1417 74 433 2307 2626 2544 178 2419 2287 906 1993 2840 2289 1624 562 1586 2034 1701 1362 1897 2084 2397 2482 1617 1096 1710 497 1983 319 1948 1416 911 1253 992 1414 2652 833 1569 1151 2011 64 1046 2837 2545 1428 134 1328 1848 712 197 2721 188 1313 2044 674 1092 817 2088 2352 51 2130 1934 2528 2574
000056.jpg,1584 2023 2045 2755 747 770 258 1320 2545 2034 1796 2713 1569 64 2433 48 100 715 439 2272 2721 2376 2352 1640 1948 1416 201 1096 51 562 2556 1051 305 1316 1496 194 155 1636 2309 2815 1490 1860 712 1617 2836 2289 1381 2130 947 2650 1261 1782 2628 161 2837 169 1993 1649 563 1218 2241 2050 1417 2631 1658 463 1586 1029 2088 1045 1897 550 860 440 2767 179 260 1369 2454 1544 1328 1362 2649 1422 1444 1870 1552 2439 1895 1965 168 735 497 1788 2011 1054 1407 2538 1663 1489
000057.jpg,285 13 640 1272 2210 1188 2520 820 2502 38 1603 396 281 2387 1605 2152 40 1882 807 411 334 2421 750 650 167 1761 594 1227 2494 2261 1949 1502 2726 2048 1184 370 1219 323 1922 2823 636 2179 956 2671 1744 1139 1137 1916 448 117 84 851 986 941 1397 1232 2425 1858 933 1038 2313 476 375 475 1394 2162 614 1462 1515 1757 2476 2278 1536 2493 1987 571 1371 2627 244 2216 1065 2828 454 2497 1768 1723 2841 2620 1960 2324 2578 2568 468 783 1610 1075 306 2761 60 2346
000058.jpg,28 505 1563 523 2181 1896 2500 175 238 587 2552 1827 734 2283 458 2674 313 1741 2819 705 2250 152 2479 972 2365 1339 1532 2099 2534 2689 849 2370 2119 1680 2716 2191 81 2193 2527 696 2557 847 671 330 2228 503 1831 1655 1111 633 602 120 2322 2236 1704 1912 2052 1117 1376 1475 711 1335 125 2592 1708 92 2177 354 2681 780 2764 532 772 2059 2806 2742 1730 2144 2244 501 131 927 1932 1281 268 806 1929 464 1465 456 1332 1297 68 2687 129 1314 653 1011 324 314
000059.jpg,1896 28 1563 505 238 2500 523 734 458 2099 2674 2819 2181 587 1532 1827 2479 2552 849 313 2250 152 175 972 2283 1741 330 2365 1339 1376 2119 2370 2191 2193 2716 671 1680 81 847 2527 2228 2689 705 696 503 2052 2177 711 2592 354 2557 120 602 2764 2534 2322 772 633 1111 1117 1335 92 1704 1831 2236 1297 1655 2681 1475 2144 1314 2812 2742 1746 653 1543 68 1164 1912 1011 968 532 2597 1332 1037 1932 261 159 2774 131 1568 268 2610 1974 1755 125 806 927 740 1917
000060.jpg,2152 2502 84 941 1605 621 171 45 1064 2056 2522 2141 2841 2182 1364 2760 1251 2608 1139 2612 959 214 2503 2348 2705 244 2386 2116 1726 300 1616 1199 2197 1171 22 815 1214 744 2160 1768 844 1987 1371 509 2591 2751 2678 1315 2567 40 2048 2425 1960 2761 2278 2079 335 1515 636 229 1536 2230 1336 2188 1013 1632 1927 2448 957 2203 2807 2620 1184 2494 189 2688 117 2476 1318 2404 333 1907 851 1004 1232 1217 2737 2720 1363 986 856 1596 1198 2464 420 594 2060 644 2706 1922
000061.jpg,418 52 1481 346 2244 786 2821 806 1465 780 534 2429 2059 1662 484 290 53 2467 225 726 1787 207 2690 61 758 363 1475 33 2236 999 2301 2470 653 1378 467 464 478 2687 2025 1275 1789 389 1730 131 268 1706 2806 1097 1022 927 452 2693 2407 331 326 2669 1929 295 1831 108 1692 2765 655 1220 1024 31 455 936 1655 1293 1822 1008 2505 2465 580 471 1438 753 1262 2398 2285 2715 1568 1216 1875 192 1503 2142 159 1932 1140 628 89 402 314 2396 1026 2634 1273 1143
000062.jpg,38 1188 285 807 167 411 2823 820 454 650 281 1603 334 1260 1882 750 620 1761 1227 396 2313 2726 84 2261 2425 1139 1502 1858 2841 941 468 2216 956 1916 475 2171 1744 2179 2502 2387 2043 1250 2141 2162 2810 1987 1184 2494 1371 117 594 476 636 2346 1605 448 2476 40 189 986 1723 1219 1922 2567 2554 1205 2060 2627 1979 1536 419 1171 2761 370 1199 1757 2152 938 2483 2278 1462 2153 1144 894 2816 621 924 1697 815 2197 372 1768 98 905 2807 2203 1255 375 1397 1363
000063.jpg,567 2792 118 1354 919 998 952 1769 2778 1531 1791 1470 748 1583 778 2711 930 382 1854 2065 7 808 982 2491 2304 1970 923 517 1851 928 1179 1210 1271 2379 1063 1657 2349 2729 1977 639 945 1578 2682 2647 841 2252 2559 887 528 2225 763 1579 2658 1920 1209 579 2618 1651 515 9 227 114 2459 1367 1770 2723 916 1239 1368 2042 566 1154 492 2026 871 2361 2097 512 1566 1404 819 2122 2081 1155 1667 2793 2462 2334 2679 2829 1528 776 1100 975 701 2067 2449 72 869 1903
000064.jpg,1781 2164 525 2311 239 2091 2794 1248 1356 654 1435 625 1505 383 245 113 252 49 679 2280 1598 1282 2173 408 209 2137 139 2232 822 2070 356 1168 1299 216 858 1127 1297 296 27 838 1506 192 2396 449 1141 2669 2402 2062 1472 1715 1780 1972 782 805 1018 1755 2017 653 1021 2406 721 1050 1961 1143 2025 1216 1568 1635 1026 61 1187 390 1787 2632 1274 1829 2316 1503 1647 1011 2053 1293 1500 1967 1648 580 33 2531 2698 1097 1118 159 788 1037 1692 125 455 1612 1831 643
000065.jpg,589 485 1951 1306 727 658 1175 1361 614 2072 1137 1451 1559 2000 1207 2054 2113 1115 1389 2066 2178 2409 2787 1685 646 954 2540 1300 1513 853 1161 676 1346 1535 426 832 1353 1773 483 44 1847 824 2016 1447 2129 376 240 1760 1593 2143 29 16 1672 1712 1869 2430 378 792 2024 24 751 1116 145 321 1178 594 1113 2533 371 1195 724 2437 1804 2700 1149 2179 1795 2172 1469 1263 683 2490 1165 2320 714 1714 1594 2677 2296 2302 1990 2673 1139 2180 1244 286 1322 2245 1713 2249
000066.jpg,1001 2350 1810 2583 1075 249 2509 2121 67 627 1012 202 1406 137 1212 165 1130 116 1825 2558 2292 1606 1841 2258 97 1940 362 1986 135 2413 2295 2305 2224 1728 1197 2506 634 2472 1478 1757 1448 1931 1035 1839 1383 1346 1597 1689 2408 1296 184 1928 2638 739 855 754 1265 76 1312 986 1962 558 1801 783 2220 2526 637 2560 2566 499 1231 1334 2323 1558 2151 2354 1533 2495 1984 1849 2680 790 905 1616 1093 707 255 1590 1390 2561 424 1733 2493 80 1166 1498 1945 2299 2644 2089
000067.jpg,1096 1416 1948 2815 2272 1362 1860 2352 439 1636 1496 64 2556 2721 1316 1569 1897 1965 497 1586 562 1218 48 1796 715 100 1051 155 2034 2755 201 194 51 712 2241 305 1993 1584 1381 747 770 1261 1658 2650 2376 2713 1617 2628 2289 1552 1490 2545 2631 2433 1640 258 2046 2309 2836 2011 1319 1328 947 992 2767 563 547 1045 260 1029 1544 1782 445 134 2735 2023 860 319 1444 817 2454 2088 645 463 1649 611 1453 2130 1644 1054 2050 1623 2840 674 1369 2732 1422 85 1624 2817
000068.jpg,760 1047 2098 612 2747 453 401 1628 2163 1599 2074 461 208 2122 2587 595 2679 141 1163 1023 2829 1903 2055 2469 1976 2126 731 477 694 72 1233 981 1145 172 437 380 1784 174 1872 460 2775 164 73 156 1415 823 399 2577 1241 1404 1100 1155 99 2449 2645 1510 1757 1160 2410 1250 177 167 1394 1139 905 2156 1839 214 2400 2658 707 986 473 488 1219 744 1214 1035 2404 2567 454 411 2216 816 2349 111 1206 40 1397 1889 1605 1203 1671 634 783 898 479 1199 938 579
000069.jpg,2217 1793 427 901 1553 571 1699 2380 2267 2090 2415 193 1492 988 142 555 2568 2078 536 1431 1393 176 2668 1033 1053 1236 36 2032 56 292 733 1886 1132 500 1189 866 1588 933 2451 1754 1065 828 377 2387 680 2798 1429 2384 986 672 2629 2038 2428 2335 698 1255 1049 2150 839 1521 123 2120 2083 1263 932 882 1747 1757 2667 1501 249 1952 2677 915 2686 358 1910 2154 1084 1352 128 1874 1225 1074 2475 889 1477 2054 482 767 829 2795 372 1750 1764 400 1654 2293 2249 2378
000070.jpg,879 1242 557 2460 1366 2104 1982 1539 1480 2363 1925 2844 1619 273 1863 1816 1660 667 2607 2633 2431 2139 2833 352 2468 814 2524 385 867 299 551 147 2371 969 2385 1530 2797 2092 2576 2776 1025 1549 428 741 2484 264 2269 2783 2455 2094 2175 888 685 1373 262 1803 1122 1735 267 991 1807 2226 837 1059 2731 641 2063 1291 1814 2801 1684 1009 2710 127 2529 577 2771 2517 160 2138 1078 226 1514 1509 2444 1295 472 2595 1589 1238 1341 1815 1167 342 2412 2271 1440 1069 1355 810
000071.jpg,2769 2454 1870 26 348 1788 1417 2649 925 2538 1369 480 860 179 2714 1701 1489 1710 712 550 2050 2130 735 1045 440 1422 1617 2289 518 433 197 161 2840 2375 463 445 2650 2011 1029 2241 1895 769 1328 1993 305 562 51 1640 1552 2837 2836 1796 169 1663 1782 155 1934 645 260 1172 1649 1569 1624 64 2721 1656 1840 259 2707 2528 2439 635 489 556 817 1752 312 2544 1544 2817 1584 611 2044 1658 100 2556 1486 173 134 1644 2411 947 2826 1407 715 2501 439 1381 2088 2082
000072.jpg,1140 1124 1829 1216 2053 1037 1924 1472 2279 1168 1299 1918 1273 2402 1647 1297 1972 113 721 2061 1303 1921 391 344 1612 27 1395 1274 805 1756 2698 1317 1141 1187 412 2236 1755 1692 1475 799 216 1118 1635 643 561 1050 390 1715 252 1143 1505 858 1967 2611 1293 1097 314 1568 1780 2070 936 2406 1356 2465 2505 2531 1127 1648 402 430 1008 1506 1781 1598 471 2632 383 1024 1822 1831 654 31 159 1438 1248 331 655 1435 2137 653 1787 1503 138 1282 580 326 1018 2407 2765 782
000073.jpg,2433 1453 1490 2034 2713 2545 1496 2376 1796 100 1569 64 48 2309 715 2721 2556 439 1901 1640 562 1860 305 2272 201 1316 51 2650 155 563 1965 1584 260 2088 2289 1096 1948 168 2826 747 1636 659 1416 2352 2815 645 518 2454 1878 1148 550 712 559 2755 2649 440 134 2050 1840 1486 1051 1993 2538 486 1369 2769 194 2840 2130 1552 2241 1123 1617 26 2553 2631 1045 231 433 2439 784 900 2419 348 1422 2133 1870 445 2628 2714 547 2732 1544 1381 2337 2652 992 1658 1307 735
000074.jpg,645 2011 445 2840 1029 1552 197 1649 1328 1054 2707 463 1253 1679 1663 2836 2289 433 1623 2767 947 1782 1444 2837 51 169 1617 1422 1544 440 1045 2735 1658 712 2050 134 2650 2375 319 1381 550 1640 2241 2439 562 2631 1993 1948 155 439 2130 735 900 64 305 2088 260 2352 1218 161 1569 2628 2652 2815 563 201 965 2133 1486 1636 1208 48 1840 1860 1895 659 2419 1307 259 1172 1096 2076 2272 2826 2721 769 2676 1261 2732 1796 715 611 100 1319 518 194 1983 173 977 1437
000075.jpg,67 1055 1944 2294 627 2583 2766 2728 2719 2319 692 725 447 2825 1001 2350 249 2207 1012 2509 442 2736 202 1126 1406 2741 494 2135 686 899 2041 1067 79 2057 2291 722 2580 1452 1868 2665 1869 574 2436 1899 2068 2435 2286 246 2511 2598 140 204 1777 1874 1185 1076 1223 1935 657 2748 1134 1547 1463 359 2787 12 2475 2708 1639 2248 2842 1439 1886 1451 482 2704 2054 2683 954 2000 1346 1361 378 2712 2051 1931 2409 677 2701 2589 1473 146 2308 1263 1056 804 2813 915 2809 1195
000076.jpg,860 1489 1417 1701 1710 1788 161 1895 769 2289 433 2650 2454 173 1870 197 2482 2375 348 26 2769 2538 1029 2649 2130 925 1369 2050 712 179 2714 1328 2840 2011 319 2735 1045 1584 440 480 1444 463 2707 1796 550 1624 1649 1617 645 735 1663 1569 2836 947 1054 1253 562 2837 134 231 445 770 1320 2034 2045 1623 817 305 2556 100 2721 1496 1096 1640 1679 169 2545 2439 1782 168 1948 1422 51 2241 2528 715 1416 1993 2767 2287 2076 1407 1656 1934 1552 2790 2300 2411 64 1544
000077.jpg,1894 1385 1718 406 1779 2145 186 519 2763 1992 773 1871 2102 1731 1645 1138 852 1007 742 1707 937 257 1479 2613 1526 709 1800 1682 1387 535 2377 1527 1516 1969 1325 2318 320 1442 2262 2219 1676 392 2516 1511 2341 253 2420 1200 336 410 1455 434 1002 811 544 1131 908 365 1119 1978 301 1783 568 605 1068 338 730 984 2299 1794 1419 248 821 1670 1311 1548 1495 673 2151 1243 1040 1466 1142 1621 2140 2364 1850 2730 1966 1005 2085 1833 1133 648 1443 1079 1020 2746 2243 2788
000078.jpg,2437 1672 1836 1057 1749 44 16 1990 1447 2700 376 1469 2317 1178 824 1535 1593 2249 832 1224 1116 1727 2555 834 2058 47 761 1713 1714 683 1449 2180 1300 483 1353 1277 1838 2129 2000 2111 1773 1161 1483 1795 1513 751 1346 465 2016 2296 2523 83 1523 2554 792 34 845 96 441 954 240 2054 2518 1451 1380 2096 1760 946 2695 1559 1482 2422 1147 2383 1361 1638 2080 894 1073 1032 1685 2153 1036 1456 1632 646 1847 1120 2118 1620 205 2571 1712 836 1764 400 1263 1308 269 1082
000079.jpg,2282 1518 1290 530 446 2064 2049 1301 2140 1058 1017 631 451 921 1567 1909 1384 2796 1742 662 1613 337 966 2696 2458 487 813 2085 1673 1554 2257 942 243 1105 1604 1681 1331 1396 1614 908 2782 1981 2600 984 355 1705 2543 1370 1002 2392 2596 2660 2259 1978 1495 1621 542 1237 1094 2262 151 1808 54 1936 710 2405 1188 1119 2657 774 2449 1676 1321 2243 678 2658 1145 1322 1581 624 1638 513 2463 2519 2087 637 2793 1850 2492 1227 1904 2750 2507 1933 2005 1200 1697 2156 599 1550
000080.jpg,2716 2552 849 2365 2819 2479 2500 1563 2181 81 705 238 2191 505 152 2370 175 2689 587 2283 458 523 2534 2557 1827 28 2119 2250 2527 313 972 847 1532 1741 1339 1896 734 2674 120 2681 1873 2177 2193 671 890 1704 324 696 1281 92 1314 1932 330 1912 2265 2052 1293 1156 2715 129 456 1062 2592 552 1813 602 877 1376 1955 354 1097 2099 968 2594 1003 501 1011 1923 580 2105 1332 2228 131 1708 1111 159 125 2306 1117 1680 788 2812 2789 503 726 2774 1441 1037 633 1974
000081.jpg,796 1911 1479 2318 1682 1387 2420 144 1200 2691 2355 2362 2512 850 2593 320 1267 1504 222 630 1676 1718 2156 852 1098 1380 946 1697 2432 1933 2071 1321 1305 1709 836 1790 2452 935 629 2096 2167 1006 2201 1082 99 2706 459 298 2147 599 2268 1621 2262 1090 724 2446 1308 380 443 73 2750 2449 2514 1233 2677 1263 1537 666 2245 2132 1525 177 1638 2163 863 973 1717 399 1165 1285 2636 1510 1085 1406 624 632 2342 1750 1570 2722 586 1205 1280 191 1073 1548 186 676 2655 594
000082.jpg,2414 1177 107 2604 1104 2641 2550 1669 55 2176 1507 728 397 1194 575 2754 2019 1691 834 1523 2080 1482 2555 441 1727 2695 2383 333 2058 761 2661 2495 1180 400 827 796 309 856 2239 1277 584 2245 1919 924 845 327 736 2426 373 2326 20 2288 2573 2073 1641 1401 564 1016 1943 2317 946 1423 83 926 167 2360 1144 1659 2169 306 1922 2249 1014 1400 905 2395 1950 2159 205 993 2630 1263 1106 488 1685 824 896 1205 1818 1184 473 469 2296 541 1593 1217 1353 149 1456 792
000083.jpg,1742 1370 1554 243 1396 813 1105 355 2696 2257 1673 1331 1614 337 1495 2458 966 921 1384 2600 487 1705 2085 942 908 2660 2064 1681 1290 2543 1017 1518 2282 2259 1567 2782 54 542 446 710 2262 2140 1002 2392 451 530 1058 1301 984 852 1978 662 2796 320 975 151 1909 1119 1613 1946 1676 7 2336 301 2793 2147 186 144 2416 2405 1519 392 1036 513 1455 2593 416 2490 1642 2299 2394 254 2318 2452 1152 2341 1479 568 632 2636 2170 1077 2219 2746 1170 2722 1682 318 2658 3
000084.jpg,304 1213 1394 545 2546 2022 63 2178 2113 1333 2066 1785 1228 1389 2277 149 1801 1115 182 1019 1087 1137 614 2072 898 529 1558 1230 395 737 962 572 1207 1798 215 714 341 2040 581 1898 924 251 2644 374 1900 436 1631 2242 2504 101 783 2238 2323 761 328 364 766 2114 1683 1106 2381 2841 2759 803 1093 1166 132 1257 1483 1883 1786 1693 2547 1971 2579 1363 1176 2656 1334 989 2542 1856 1743 1197 2216 1427 1298 1605 695 39 2190 2441 1343 2149 2288 2827 407 1250 789 1561
000085.jpg,431 2510 70 1839 1035 2561 1390 1753 1125 2663 2 601 2777 2772 1801 2323 2644 1075 395 529 1333 2277 1137 2242 962 1207 2495 1798 2532 1334 1767 634 374 1394 2699 251 1427 1928 461 545 581 789 1976 63 2547 1106 1230 2072 1971 1197 898 1810 1346 695 103 1257 1176 2829 714 2542 783 1091 614 1310 76 2504 702 646 65 1114 2759 1908 2471 1107 502 1087 1180 1986 2077 1786 2381 72 576 2022 737 2299 1166 2040 2785 1683 2583 132 2190 1538 499 1759 1906 2478 1130 2656
000086.jpg,2520 2210 640 1038 1754 2421 1041 1272 13 1949 2671 933 323 1337 377 2083 828 2578 986 1255 2387 2117 121 1952 1757 569 2348 214 1139 820 1499 2350 1603 1001 594 2089 334 1761 306 750 2787 744 2151 2448 255 2526 285 2060 1668 2030 2828 2404 2567 2299 2220 1346 2602 1766 672 2583 1374 476 2179 1931 1171 448 300 2203 1205 2725 691 308 189 1904 1400 2705 2539 1227 1429 1397 2620 1502 1670 1330 2047 807 2841 2554 2425 2156 2449 2261 1466 233 1188 411 646 637 2216 2428
000087.jpg,767 277 1938 1833 1443 889 2686 1747 2496 1753 2478 2777 2772 1125 2077 2702 2315 2302 1165 951 1252 1980 2015 1834 2818 369 1759 315 211 191 1460 70 2757 1557 1989 2685 18 1842 2622 2624 297 103 1793 193 988 126 500 1845 1235 1323 2535 745 688 2249 990 1263 2000 2245 1186 522 1006 325 401 536 2314 1023 954 36 1080 733 1511 1884 2514 1548 1628 1474 1671 1413 2507 1308 1891 1431 1537 1817 400 2055 1161 1353 986 2620 513 8 1881 1391 1082 1401 380 2276 1132 1502
000088.jpg,1938 1833 1443 277 767 889 2686 1747 2496 431 2510 2532 1035 1390 2561 2663 1839 2 2323 601 395 461 2644 1986 1767 783 1197 1256 400 1801 1334 72 1952 1418 1065 2829 571 1333 156 1075 529 2242 1219 1976 394 1423 2277 2671 2098 1343 1928 597 417 1398 714 856 375 2495 1906 1266 2022 1931 63 2620 898 332 1166 488 2786 962 1047 2568 2190 634 1686 473 2108 1757 1879 2388 432 1310 905 306 167 702 1922 1241 1904 2547 199 1137 2029 1641 2295 1107 214 986 1114 2224
000089.jpg,2809 1721 1876 1473 12 994 677 2435 2438 657 637 1931 2708 1881 1725 2657 368 1817 608 274 67 2216 574 1501 2589 2057 682 2779 1886 444 1165 136 1703 2683 2685 508 2526 1874 1406 2719 2583 2599 1439 2712 1027 482 864 1711 1952 944 494 627 128 1582 249 2291 1443 2302 915 177 2507 1223 1899 2762 2499 1288 1548 526 1833 882 2509 2051 255 1477 2622 271 2308 1892 2249 692 1757 2220 2704 853 521 1433 531 473 426 2245 2089 447 854 2150 400 1868 1173 2580 465 1902
000090.jpg,2153 894 2554 96 1632 189 419 106 2060 1032 1214 1171 22 2567 2109 744 1927 1139 270 1108 214 1365 1889 1953 2404 1661 620 2841 1188 732 1696 1797 1858 1227 2079 2591 2425 2216 759 411 468 1703 1757 922 2261 2457 2313 2160 609 1602 333 1866 752 2705 285 807 2115 43 1083 1891 309 2623 2666 1916 2571 1702 2526 1153 661 2507 1766 594 1217 1763 2401 2498 2643 2831 2168 1671 2230 1288 335 586 5 1286 565 2348 2263 546 1697 506 2346 1221 6 1761 2448 2816 2043 924
000091.jpg,1896 28 505 2674 734 2500 2181 523 1563 2099 458 587 2819 1827 175 313 238 1741 2552 2283 1339 1532 2250 152 2479 2228 1376 705 849 2191 2365 330 2370 847 972 2177 2689 2527 2193 2119 1680 2534 354 696 2716 2764 2052 81 503 653 671 1335 1117 1543 68 2742 1475 131 1314 602 2557 2681 711 120 92 2144 2812 2592 1655 1011 1111 1831 1297 633 1917 2236 1704 1875 772 1746 890 968 806 2232 1781 1932 2774 2597 2322 553 1568 1037 2265 1164 2091 2531 2173 495 2610 1912
000092.jpg,2044 85 2501 2411 1934 1656 312 1102 2832 2528 1644 635 2790 188 987 1405 2817 1624 943 611 221 1319 556 1926 817 2300 1407 547 1386 2082 2270 1983 1422 2397 1092 2574 826 2670 259 1552 1617 1190 463 1029 2724 2676 2344 2800 550 712 2544 1993 74 2307 283 4 1208 2631 2011 1158 2424 2069 1428 1146 2837 977 2538 606 2840 445 2454 1788 1045 2419 2007 1796 622 2084 613 219 2133 2564 1848 1202 1414 562 2652 2836 1627 1737 178 1328 1782 2289 305 2358 2088 266 2050 2241
000093.jpg,1371 1144 1960 40 84 2152 851 941 1198 2494 1987 1757 2678 2502 1922 1219 1184 2141 1616 815 117 1605 2620 1687 592 2203 281 986 621 1205 844 2359 1927 856 1400 1726 940 985 509 244 2216 45 1064 2608 333 189 1139 2726 2386 2162 2197 1171 2348 1199 167 396 2503 2182 2577 1744 171 1641 2116 214 2760 2030 594 1197 2056 2425 1423 905 1004 1979 2567 896 2522 1364 713 2497 2060 2737 1632 2645 1214 479 75 300 156 1251 1880 2112 22 2761 1502 460 1336 1434 1363 419
000094.jpg,645 1054 2707 1679 1649 1623 1328 2011 445 1663 947 1444 2767 2836 2840 2837 169 1782 1029 197 1544 1658 1381 463 1552 712 1617 2439 1045 2050 51 2628 2130 1422 1218 2241 2289 440 1993 1948 735 2352 1261 194 433 1253 1369 64 2649 1051 1416 1096 1640 439 48 1569 155 562 2631 305 2650 2272 1796 179 2714 550 2735 2454 260 2375 2088 715 1417 900 860 2815 2721 1870 134 100 2419 1486 1208 563 1437 161 201 1636 1489 2133 635 2652 480 2045 319 1307 1860 2826 1496 2084
000095.jpg,956 1882 2194 2261 1221 582 1227 6 669 546 661 285 1153 1083 1697 829 476 1761 732 620 1995 2643 1797 759 2168 1380 1541 1702 2425 1260 807 115 820 448 1188 1525 1911 2677 2572 1603 922 2167 2623 1090 1084 629 2313 1661 586 1763 1280 2263 1108 1267 750 2831 1659 2554 762 1560 443 2222 298 1456 468 909 1400 372 1858 894 1205 1082 1032 946 796 37 334 1537 2823 1285 2573 1570 300 411 1308 459 2706 106 2705 2571 2666 2268 1284 275 2153 327 2816 2109 1891 1286
000096.jpg,2502 2152 84 941 1605 2841 621 171 1139 45 1064 2141 1364 214 2522 2056 2348 2612 1251 2705 2760 2182 244 2608 959 1616 2503 744 2706 1371 1199 1171 2591 2404 2197 2386 335 300 2567 509 1214 22 815 2678 2216 594 2751 1726 957 40 844 2230 986 2203 2160 2494 924 1232 1757 2425 2761 1960 1768 1315 2448 1363 189 1987 1927 1198 2048 2079 851 2060 2464 1255 1336 1397 1671 1184 420 1632 1766 2179 1502 419 1250 1889 1205 2620 1013 229 1144 856 8 285 894 1603 2807 1979
000097.jpg,601 2663 2 18 1842 1390 2510 431 2561 951 1035 1834 1839 2818 1252 2015 2323 1114 1759 2757 1767 1075 962 2532 529 395 1798 1334 1810 2644 1928 315 578 634 702 2759 1801 1166 1590 714 1418 2583 581 1427 436 789 1219 65 1830 2324 250 646 2671 2504 597 1821 1952 1346 2242 2493 2299 684 417 156 1557 374 101 1207 103 2149 364 895 2656 898 461 2577 1257 1533 289 737 93 1197 2277 2471 76 2653 1230 502 2542 1608 251 1900 803 2040 2388 1106 2029 2443 1310 1107
000098.jpg,2411 85 1656 2790 2528 1644 1102 2044 1926 1624 2817 1934 221 817 943 2300 1405 635 2832 188 312 1407 2501 611 1319 987 556 2082 2270 547 1386 1422 1993 1617 826 4 712 1146 463 283 1737 1552 1029 1788 1796 2631 550 2069 860 2454 2011 1983 1328 2397 266 2670 2544 1202 1092 2045 259 1417 1545 562 1045 2721 2800 715 2419 2564 1569 1752 1208 977 613 1369 2307 2676 64 947 2574 74 1489 2344 2714 1701 100 1190 2724 2538 1710 2477 2241 305 1782 2836 2289 2837 1414 48
000099.jpg,2460 557 2363 2104 1242 1366 879 1480 273 1539 2524 1619 1660 1863 2633 2607 1816 2431 551 1925 1025 352 385 2844 814 2517 147 1982 2468 867 2783 969 685 2444 1059 1684 667 2298 2385 2801 2226 2175 2138 143 2833 1803 1530 1215 342 2139 2595 795 1069 127 1341 1811 1988 2529 1167 1514 1629 2246 1349 2758 2710 2797 1440 1815 299 2271 741 2738 237 527 651 2185 1607 1652 2231 810 472 718 71 2100 30 641 958 1837 1549 2092 2619 1571 1264 166 1509 2675 1129 2131 2576 264
000100.jpg,79 2068 722 2665 1067 2511 1547 246 1134 204 2842 1463 1935 2041 2135 2741 899 686 2294 1944 1076 2766 2736 2580 692 1055 2319 1126 2719 725 1452 677 442 1868 350 2248 2728 2825 140 2286 494 12 2813 2598 657 1464 2435 2057 2436 67 1777 1639 574 447 2708 2583 2305 1874 1223 2207 2509 2382 2291 1473 508 627 1937 1899 2438 792 359 804 1056 1548 1001 1185 1721 97 2350 400 116 329 2809 202 217 1764 2251 1886 249 2712 1401 813 444 2296 2257 2308 1012 915 1892 619
000101.jpg,1955 2265 872 1314 1003 2105 877 2594 1156 552 1543 2199 890 2306 120 1117 261 2789 1873 68 1135 2764 2681 2237 2610 2191 1650 649 1885 316 602 2052 1332 1099 2144 1441 1111 1917 2597 2592 963 740 771 1991 1109 553 699 2193 2812 1164 367 1327 1281 968 2799 2212 2715 1852 2343 1823 495 2773 1932 1974 1335 1302 456 1011 633 159 1813 507 290 2316 131 2822 326 1875 580 1961 2322 31 2565 670 1503 1010 1532 1704 1706 1293 2698 1297 235 1912 2177 1956 1376 1143 1097 533
000102.jpg,2405 254 3 2170 1642 1958 2490 2336 825 1985 929 282 765 1246 14 2536 652 66 1574 779 2157 874 1136 2434 2426 1121 873 1347 2487 212 247 2256 1247 2204 632 58 1600 1595 233 2485 2054 1762 243 604 2734 1128 516 2165 355 1447 549 2000 1152 7 2593 1469 490 1353 813 1346 2696 2147 44 1909 662 318 483 2453 1451 1431 1370 1554 966 2437 1396 36 1384 2391 1672 824 1290 1742 1170 1633 1036 1535 646 2012 2257 1178 256 1673 1105 832 2718 2180 2458 1804 446 845
000103.jpg,352 1539 2844 2833 264 2092 969 2797 299 2455 2139 2484 1982 1815 1025 2269 1925 2371 2576 2063 837 551 1009 2776 1549 1122 1242 2226 428 667 1619 2175 1349 1589 1814 1735 879 891 1366 273 2104 741 342 2710 1159 1059 234 1863 2138 267 2731 403 2460 2385 2633 1660 2473 2524 1520 557 913 1480 2783 1816 2607 1291 2403 2431 2412 888 1530 1571 1572 1803 2399 262 1 127 17 641 2094 1540 147 2189 472 2444 1514 1238 814 577 2486 2727 1373 685 2100 1618 867 90 1629 2340
000104.jpg,1955 2265 872 1314 2105 1003 877 2594 552 1156 2199 2789 1117 890 261 68 1543 1135 2306 1099 2610 1650 2764 1873 2597 553 1885 2237 120 649 2144 1917 507 2191 2812 1332 968 2681 602 1441 740 316 1974 2715 1281 1461 2770 367 1991 771 1111 2052 1302 2316 1327 963 326 2212 2774 670 456 2343 324 1823 159 495 2565 2765 1813 89 580 1297 412 1293 31 2799 1932 2193 1335 290 1912 1503 788 1875 1062 1500 1011 1923 131 2592 2177 2698 533 1109 1097 2822 1026 1039 449 1010
000105.jpg,1760 1712 954 1685 182 149 594 376 214 44 1139 2203 1447 986 1361 1757 1502 16 1749 2348 1113 589 727 1727 2179 2016 2178 485 1661 1795 2109 1535 658 2409 832 824 882 1602 1469 1451 2831 123 1255 1773 2555 1171 1738 2677 2787 2113 924 2706 1214 1397 2245 767 1161 2567 2841 1263 2111 1277 1306 2216 894 1513 1951 1548 2058 1346 2249 96 2705 2150 1891 2572 106 2401 1659 624 2620 2066 2115 1750 298 1603 482 2180 506 22 2129 724 1874 1881 1322 2571 744 657 2000 1165
000106.jpg,2437 1559 1836 1672 2000 751 1451 1593 2787 1361 832 2700 1990 44 1057 16 954 1535 1116 2054 1749 1447 1224 1106 646 1713 1786 2016 376 683 1714 1346 1178 1257 1685 1971 2129 824 2656 1951 1353 2317 946 1869 1760 1469 2540 2518 485 1300 2149 589 47 1263 483 1943 2245 1773 1073 2180 2296 792 1795 1120 378 1195 441 2111 1306 1712 1594 1838 2249 845 676 2695 371 727 2677 339 321 1380 373 1950 2409 907 240 1601 1620 404 2383 29 1113 1389 2172 1147 269 629 1165 83
000107.jpg,2833 2844 2092 299 264 2484 2139 2269 2576 1982 2455 2371 2797 1549 352 1122 1925 1814 837 428 1539 1009 2063 2776 1589 667 1815 1619 1735 969 2731 1159 741 879 891 1242 403 1366 1025 1863 2412 2189 2385 551 267 2460 1291 273 1480 2104 2226 557 2633 888 1660 2607 1816 262 2175 1238 234 1349 2403 1059 1530 641 342 2363 2524 867 2431 90 2486 1373 1571 2710 2094 1338 1509 2473 17 846 2811 2771 1514 1520 2100 1807 814 913 317 1622 2138 414 2399 472 991 1572 2338 1
000108.jpg,493 2174 1792 1930 2374 1234 2004 2125 1580 280 366 1034 1358 57 1861 1758 210 133 2418 793 570 1665 689 2461 1859 1276 746 294 976 1196 1392 2327 859 548 1279 2672 1575 756 797 1947 1724 2456 1375 2229 1664 1072 1765 2330 2186 2838 422 588 2184 150 583 2694 421 228 1776 1030 663 704 2581 720 2039 1551 242 1193 2206 857 1497 2332 1457 2123 1081 1887 158 656 77 2590 2739 880 687 1877 2356 2662 1229 1350 263 2548 2703 885 2659 2198 1191 798 801 1377 2321 1086
000109.jpg,2045 258 2023 1584 2755 770 747 1320 1029 1362 1586 1897 1796 463 497 2034 2735 1788 860 992 1710 2631 2564 1895 1096 1417 64 1190 1701 1208 1416 1552 1948 2724 2545 1993 622 2076 2289 2046 433 1319 562 1569 2732 2753 2676 906 2352 611 2482 2628 2130 2837 161 1051 1627 606 712 439 74 1617 51 1381 2088 259 1636 305 2836 2646 2419 2721 2670 2287 675 1328 2707 134 1489 48 1151 2650 1983 100 1414 1388 173 1658 2652 2544 2649 1045 319 2241 900 2815 178 1640 2050 2800
000110.jpg,1325 2516 1526 1442 1511 1969 1779 2145 406 2102 1992 1385 773 2763 1871 519 1707 2377 1527 535 1007 1138 544 2613 1783 186 870 2730 1311 365 1966 1731 730 2299 1068 336 605 1670 1424 253 1040 1020 1455 1142 2788 1794 2364 1005 811 338 2549 2243 2151 2680 774 1850 610 434 678 1894 2519 2746 1581 593 1131 1968 673 435 821 1094 2417 410 709 1913 2219 2341 1466 1243 800 2290 1110 2492 1165 717 1379 2006 257 2005 2251 881 2830 2697 1174 2087 2302 648 2095 248 1573 1645
000111.jpg,1559 2000 751 1943 441 2437 1451 2787 2695 1593 1361 1523 321 1950 1836 373 87 541 2383 1482 371 845 954 946 917 2239 1116 590 832 469 824 2518 1014 379 1353 1346 83 2240 683 902 1535 1195 1263 2129 2080 327 1594 1869 1713 2033 1714 2540 2073 1685 993 1410 1672 2651 2245 2296 1905 1919 378 1300 2395 2605 1120 920 1036 1224 2345 145 792 318 2204 1990 187 483 339 2701 1380 47 1113 2621 2016 960 2132 834 1760 1642 1809 2563 298 549 2054 2630 254 646 2555 907
000112.jpg,215 436 2040 1900 364 2381 101 737 2504 989 803 766 2238 341 251 581 374 328 2242 2114 2759 1427 2579 1230 1883 962 572 1683 407 2644 395 1798 789 1257 1334 1898 1786 2323 1106 1971 2542 529 1091 1996 1801 2546 1561 777 926 304 564 1137 2072 1213 1818 2787 1207 614 76 714 545 2495 1394 898 1180 1357 1558 39 2277 1087 2288 1093 1197 230 1166 646 1333 1693 2656 1928 617 2149 63 2281 2784 1346 695 1785 634 2699 132 1590 2022 1176 1228 2547 895 754 1743 93
000113.jpg,1916 475 2346 650 1723 750 820 2810 1603 2043 334 2171 2816 285 1188 807 2387 1605 411 2841 956 924 1882 2502 1761 1227 594 468 1502 1462 1250 2179 2261 2494 1139 938 1979 2216 2483 1184 1858 2313 1260 1471 167 1397 1219 375 2152 38 117 1412 1641 1488 2359 2768 40 1922 1610 1423 620 953 2829 488 420 1394 2620 425 905 448 281 1137 1144 2495 2726 614 111 251 322 761 2567 2573 1106 1687 1180 182 396 941 986 521 1232 2410 1363 1171 2203 1205 306 1371 2823 1558
000114.jpg,416 2394 1778 105 355 1396 1331 243 2696 1105 1614 1673 813 1554 2257 1370 1419 2331 1742 301 1495 908 1002 1946 2660 392 1384 632 2458 337 966 937 490 2600 942 984 1978 487 1200 2085 1705 1247 1290 519 883 630 1170 2718 2543 1455 2697 852 874 1681 1518 1077 585 1119 2392 2452 568 1621 11 2453 1909 1017 448 2519 1152 2087 673 2417 2830 1036 2573 144 2593 7 2243 2793 2405 1527 1600 662 151 1347 610 604 2782 909 2204 1142 666 320 2341 2449 605 678 1133 1676
000115.jpg,1631 545 1394 1087 1558 898 714 1166 1207 2277 2072 1137 1928 1801 1334 2323 529 614 395 1213 2644 1298 93 1590 1798 1230 1561 895 1228 63 1333 572 304 2022 374 962 1197 341 2579 783 761 2547 2242 540 1785 803 695 2546 1683 2040 2381 1343 1176 1483 251 2737 132 2114 581 291 1427 1898 789 1900 2542 364 2504 2190 2759 2656 617 101 1091 182 576 1476 1257 949 149 1999 1743 737 2202 2238 328 596 2785 95 88 1103 1883 2149 1346 766 1971 1093 1856 777 2745 407
000116.jpg,540 1631 2277 1801 529 2644 2323 1334 395 499 1561 291 1394 1230 1798 545 1197 962 572 374 1483 2547 1683 2542 898 576 251 2579 789 617 2785 1743 803 2759 1346 714 1087 1883 1166 1427 1914 1207 2242 614 1558 596 1689 1928 95 634 1996 1091 695 1093 1137 2190 2504 1597 1035 983 2381 2202 1176 581 132 2827 101 2072 341 1999 63 1839 1228 2295 1103 1856 2745 465 2114 739 1898 407 783 1213 1343 364 1333 2441 1538 2040 1693 1476 1785 737 2784 2238 304 777 328 1257
000117.jpg,2556 1316 1496 1752 1965 1636 2272 2815 1416 1096 1948 1860 2352 1840 2628 1146 2433 1381 2836 2713 1218 1051 1658 2241 2376 194 950 440 2545 1782 1796 1649 563 201 2069 2826 2034 2367 2790 1569 1545 51 169 2837 497 1878 2389 1624 2721 1926 221 305 735 2050 1453 712 2840 900 312 562 155 2528 1102 1045 1544 1640 2832 445 1444 860 1407 1054 2707 1486 2300 2439 635 260 1586 1584 817 1710 64 2289 2767 1490 1617 1261 1328 518 715 1623 947 547 1489 1437 1417 100 2088 2411
000118.jpg,1525 2623 2263 1280 2572 1084 1113 275 2448 1205 1659 2030 327 1371 1487 2573 924 2303 2791 2203 1400 1866 205 909 2841 2101 2678 1032 1425 214 335 2449 2823 474 1560 189 2706 2591 1170 1139 1696 2230 2317 1671 2115 2348 1502 2498 1108 490 8 1757 2425 1474 300 1953 2060 1602 325 96 745 2535 2620 2831 2156 894 1365 2705 907 1621 2111 387 2109 594 762 1889 1738 629 2168 443 2160 986 1922 2677 448 2079 2153 2571 624 2216 1171 1661 43 1255 732 1726 298 1697 2179 2554
000119.jpg,1825 1055 2294 1944 1940 2558 165 1130 2292 1986 2728 725 1962 2506 1212 1841 2305 137 2258 790 2583 97 116 2207 1810 1606 362 2350 1001 1075 1056 359 2766 508 1219 2653 2787 646 1346 447 1462 896 1334 2319 2825 2483 2493 2400 2719 2443 251 2151 488 2324 1250 2495 1197 2494 1670 692 2001 1641 1820 83 1427 1390 111 1137 76 1203 1206 1801 938 1180 2299 1798 1106 496 707 985 1757 1900 1691 905 739 2415 614 1839 1786 1997 1035 215 878 1423 2573 2359 1209 713 2754 1192
000120.jpg,1697 372 2167 2268 922 459 1188 1911 285 1221 1456 546 37 1082 1570 1763 411 2666 1153 6 1308 1380 586 122 1090 1284 1537 2043 475 298 2823 582 2677 820 1285 980 829 2171 1603 1884 1916 2194 1541 661 629 807 2313 2346 334 759 1891 443 690 2810 2643 732 724 1006 750 1502 1227 973 2118 2816 956 1858 620 468 1865 2179 2706 1797 1260 2514 1267 2216 1761 2261 796 2841 2387 1995 1015 946 2245 1322 2222 594 624 1387 448 924 2691 1638 669 1702 2168 1504 2425 1560
000121.jpg,2185 1411 2584 1129 1694 1684 795 1440 2298 2517 143 1360 2529 718 386 1630 2616 2801 2363 2246 1112 1446 665 2524 1294 958 2271 2460 557 2481 1939 1258 1514 787 1445 1270 1215 30 2619 810 638 697 969 879 2139 1366 1278 2444 2833 71 2468 273 2844 1242 1982 1925 1619 1816 299 1480 1863 414 2189 1549 2455 2104 264 1122 2092 667 1814 1571 741 2727 2385 2576 2731 2100 1589 591 2710 2138 1324 2431 600 2371 1837 2484 1812 2541 2175 2231 1338 2215 317 1009 267 1238 262 2709
000122.jpg,2068 722 79 2665 1067 2511 246 1547 204 1134 442 508 2041 350 692 1868 1463 2319 2842 657 12 686 2719 217 1126 140 2625 1998 2135 2712 677 1408 1935 1892 725 2294 1088 2741 1305 2736 1771 1548 1076 2308 1677 1473 637 1052 255 521 619 2257 2037 2440 2499 2554 1942 994 271 2573 2598 2708 1639 1330 2427 2813 531 2766 2580 2296 1464 1055 899 494 1757 1452 355 915 447 2445 1006 2728 96 269 2657 1881 864 1944 2435 16 2286 1396 205 2795 1185 1661 2248 1764 2436 482
000123.jpg,499 1801 2277 1631 529 545 1394 2644 1334 395 2323 1230 374 540 1228 761 1798 2579 1785 572 1683 63 251 1087 803 1093 1197 962 2542 2242 1561 789 581 1883 2114 2759 1333 777 2022 2547 1427 1213 1898 2238 2504 1091 576 341 2785 898 2546 88 1914 1996 1476 783 766 304 737 1558 407 328 1137 2202 1207 1856 132 2745 95 2381 2190 1176 596 1971 1483 924 230 101 564 1106 2040 2699 2489 2072 1743 2495 614 1166 926 695 2441 714 1257 1900 1818 989 1693 617 1669 2827
000124.jpg,2433 1453 1490 2034 2713 2545 1496 2376 1796 100 1569 48 64 2721 715 2309 439 2556 1901 562 1860 1640 2272 305 51 1316 201 2650 155 563 1948 1965 1096 1584 260 2289 2088 645 168 2826 2815 1416 659 2352 1636 2840 559 747 1148 440 134 518 712 1552 1840 1486 550 1993 486 445 231 2241 1878 784 2454 2050 1307 1617 194 2732 2538 2631 2649 2553 2130 433 2419 2439 2755 1045 2337 1544 1051 900 2011 1123 674 197 2652 1369 1381 2769 1658 2133 2628 906 2836 1422 2714 547
000125.jpg,2516 1526 1325 1946 1442 1511 2843 1969 1779 1871 2145 2290 2417 1020 2830 2364 1068 678 1005 1311 2730 593 2299 673 1040 1581 2243 257 1968 1966 2746 1142 610 435 544 774 2005 1731 2697 406 1243 1794 1131 730 2788 2519 1379 365 1385 1850 2151 821 2087 881 1527 1138 2492 1913 1110 605 1174 2251 2377 1094 2006 336 2613 1992 1424 937 1783 2549 870 800 2680 2102 1936 338 717 1455 535 1573 253 1670 434 301 1466 773 811 2341 410 568 288 1800 2609 337 151 248 2095 392
000126.jpg,2043 2810 2171 1188 2666 2816 1697 411 1891 922 650 1456 1153 1916 2346 285 1221 582 475 546 807 1763 1865 6 37 1284 759 1761 2643 829 1260 1227 122 1603 820 956 1858 1541 2261 1702 468 661 750 334 620 2194 1090 372 2313 669 2841 476 732 586 1082 1083 1308 2168 1139 1797 443 2167 1380 1006 980 2387 1696 724 1610 609 1884 2677 1995 1015 2823 2014 2567 473 2404 448 1570 1537 1757 2425 1953 1171 1911 1326 2514 5 2706 1560 306 298 882 1322 1200 2216 1844 1267
000127.jpg,2138 2648 961 2100 1571 352 600 846 642 1622 577 166 2738 2372 2486 573 511 1828 1338 969 17 2473 2835 349 1964 195 317 405 2466 1618 1698 2614 2255 1349 1270 307 1540 2338 2223 1939 1258 127 2339 2709 2811 2635 665 2253 46 2412 1994 2710 2758 2175 1069 2481 1815 1409 2820 1025 2340 1862 1294 537 1446 2246 1615 1112 1060 2226 1095 1341 2616 2595 1355 892 2444 223 403 685 2783 2213 1630 1539 1101 1159 414 1514 147 1811 1607 879 1684 1520 2158 1 1366 1167 1360 1816
000128.jpg,2609 843 538 2843 1546 1454 288 1634 811 1110 2196 257 1498 648 605 610 1138 2697 336 410 1573 535 112 2243 2613 678 2417 2763 1309 1040 1133 1516 937 1850 253 248 1142 435 717 773 2087 1871 1466 2830 2519 365 2102 1966 821 2095 673 749 800 1174 1455 1913 1424 2560 1731 2788 2364 870 2251 1020 730 2549 2005 338 2006 2341 1581 742 2299 2680 2377 774 1800 855 2746 593 1068 1794 2492 1527 2151 1894 1783 1311 434 1379 2290 881 1005 519 1969 1131 544 1079 2730 94
000129.jpg,1944 2294 1055 725 2728 2207 2741 447 494 2766 2135 899 2057 2842 2435 2291 204 1874 692 1056 2825 1223 1547 2319 2736 1899 1126 2511 686 1463 2580 442 574 1935 2719 1134 246 657 2248 2068 2813 2041 2708 1067 647 1937 722 2665 1185 1777 2382 1076 2683 146 79 2639 2286 140 677 329 1452 2438 1464 804 1868 1639 682 2393 1473 948 1439 627 491 1408 2598 2809 2569 1892 444 1725 1721 368 1592 2436 249 2499 1886 271 12 2051 1012 1942 2350 974 1001 1677 995 2440 1931 2037
000130.jpg,2185 1411 2584 1129 1694 1684 1440 795 2298 2517 143 1360 2529 718 386 1630 2616 2801 2524 2271 2363 1446 1294 2246 1112 958 665 1514 1445 2460 1258 1939 787 557 2481 1215 810 1270 2619 697 638 30 2139 2444 273 969 2833 71 1366 879 2844 1242 2104 299 1982 1925 414 1863 1619 2231 2468 2731 1589 1278 1816 2092 1814 2385 1480 2100 1652 264 41 1122 1549 1571 2455 1812 2576 667 2208 2371 2710 591 2189 2484 1373 1837 2776 527 1539 912 2175 262 741 1698 1264 1324 600 837
000131.jpg,2510 70 431 1753 1125 2777 2561 2772 2077 2478 1839 1035 601 1390 2 2663 1759 2757 2323 502 962 1075 2644 529 2471 1114 1810 395 1908 2601 1207 1801 1798 284 2242 1334 103 2532 578 1310 1333 702 2759 1767 1928 1830 1558 898 634 1107 684 374 72 714 1087 461 1137 2583 1821 581 65 2504 789 545 250 2699 903 2277 1230 1176 1590 2072 695 1197 1166 783 2656 1608 2022 1298 1346 1976 1512 2149 2493 1986 2040 2381 2324 1106 364 436 1219 1971 1597 1257 2216 101 76 2542
000132.jpg,67 2583 1944 1055 2294 2728 627 2766 2719 2319 725 692 447 2825 2350 1001 2509 249 1012 2207 202 2736 1126 442 1406 494 2741 2135 686 899 1067 2057 2291 79 574 2041 2580 2436 1869 1452 2598 722 2286 1777 1899 2665 204 1868 246 2068 1185 1223 2435 2511 2248 1076 1639 1874 140 2787 1547 2842 2748 1134 1935 1463 12 359 954 2701 2708 1886 2683 804 657 146 2813 1451 1439 2000 1195 1346 29 2382 378 1361 2051 2475 677 2409 2054 1464 876 1473 329 321 145 1937 1263 482
000133.jpg,453 401 981 437 141 2055 1023 1872 1628 2163 612 1047 2747 2098 760 1145 2009 1233 380 1089 73 755 1599 2449 2074 2156 2122 823 399 2658 461 2679 7 99 2299 1052 177 816 2792 1757 1019 1671 8 411 2151 2829 1214 1903 1791 2216 1139 359 1085 1976 1163 1916 2060 986 1188 448 2567 208 744 1510 1889 2404 2816 214 475 870 2587 189 2346 595 1442 2680 1160 473 924 293 20 1466 807 1858 2839 2425 1610 306 1346 1175 821 2203 2841 308 2089 1670 2573 1397 1502 1613
000134.jpg,1062 1932 1813 324 840 129 1039 501 241 1923 1024 1281 2634 456 1503 788 467 2142 389 2531 1843 1568 1378 89 2765 131 2565 495 758 1875 2285 2687 125 1789 1026 452 1475 1912 1022 927 1011 484 2715 464 2059 268 1655 1706 1275 1929 806 2236 2505 2465 799 53 999 653 1274 314 2611 1831 2232 1662 1730 2091 780 138 822 2301 1335 2137 2407 1262 1293 2244 363 580 159 1048 1097 1755 628 1037 295 2698 1612 1050 2632 1297 1303 390 113 31 1220 290 786 1635 1967 1127
000135.jpg,1001 2350 1810 2583 1075 249 2509 2121 67 627 1012 202 1406 165 1212 137 1825 1940 1130 2558 1841 2292 1986 1606 2258 116 97 362 1757 2305 1197 2506 1928 2224 2295 1962 634 1839 1728 1689 1346 1590 1597 1035 2413 986 1478 135 1334 1390 1448 2566 1931 2472 790 895 2493 1383 1166 2408 1616 1265 2324 2323 1558 76 2638 1498 291 2151 2495 1801 707 739 898 855 499 2561 2299 2354 1255 93 184 1849 1670 255 1256 2526 754 1296 714 1427 1312 2644 2089 1231 431 2220 783 2560
000136.jpg,2156 2645 1933 1790 2071 1321 1709 1098 897 2096 935 836 2750 1052 2432 2201 1638 1188 396 2627 411 612 595 1858 2098 856 1214 2313 2567 1047 1227 1217 1906 2823 468 2829 2751 1171 744 461 2216 477 1904 306 2587 1610 1035 957 189 2060 2122 400 2747 2661 827 2679 1976 167 2261 22 2625 473 333 1931 419 1401 2043 460 2547 2449 2810 807 1260 1903 1761 2404 394 95 650 2841 1093 448 1889 208 783 2089 637 375 1757 2816 2153 2346 2410 571 285 1163 1736 576 476 1044
000137.jpg,961 2138 1540 1618 2635 352 349 46 1571 2340 17 472 600 573 2100 642 892 846 1622 2486 1349 969 223 2372 317 2466 1828 2738 1101 1862 2473 1615 195 511 1338 414 1069 166 2158 2758 1803 2835 2215 2255 307 405 2709 2223 1698 1341 2338 551 2412 1572 1964 2253 2399 2339 1025 1 1060 1607 1278 1409 913 2541 2444 2727 234 342 1095 2834 537 1520 2614 2811 1994 1059 577 2710 127 1811 2595 2783 267 2175 1270 2246 2648 1539 2013 2063 2208 2431 1509 2820 41 147 1629 2298
000138.jpg,546 582 1221 285 807 6 1260 1697 2643 732 1702 820 759 1083 620 1603 1797 1541 1153 956 372 750 1858 2313 1188 334 468 1761 2194 661 829 1865 922 1380 1227 2261 2387 2425 2167 1456 1891 669 2816 1057 411 476 2666 986 2823 2168 1560 2514 2043 2089 2810 482 882 123 2220 629 2268 1387 2677 2171 2526 1284 1570 2263 37 1750 1263 1449 474 2571 1763 1139 423 907 104 1696 2623 946 1285 459 1073 1032 973 1084 2474 1308 1911 229 2572 475 1916 1757 1931 1090 298 2346
000139.jpg,2656 2149 1693 1971 1786 1257 1106 310 2827 1743 983 695 2441 1176 132 95 596 2190 149 2787 2745 1856 751 2202 76 182 1333 1343 1346 2381 364 1900 2040 1091 2504 63 2547 251 2242 2785 766 436 291 1914 803 2112 341 215 2238 989 789 88 374 737 101 1999 576 328 1230 1427 2737 962 926 1137 1798 581 2542 1476 1434 564 39 572 1207 2288 2644 1818 2022 1996 1334 1357 1298 2323 617 395 614 2579 2759 777 1004 407 2072 2495 1180 1785 1561 949 2114 1087 1213 529
000140.jpg,1815 2063 1159 837 1009 352 2844 2455 264 403 2484 1025 234 2399 969 1520 1122 1589 913 1539 2092 1572 1349 1814 1 2833 2727 2139 267 1925 1366 551 1982 1619 2189 299 2541 2783 2371 667 1816 2226 2460 891 2797 342 1660 2731 2633 879 1480 1571 2607 2158 2834 2431 2385 557 1618 1863 2215 17 2412 2138 46 1238 2175 307 90 1291 1540 2269 2710 1059 814 867 2363 2100 2635 741 2576 2403 1684 685 1615 226 385 846 2298 892 1735 1242 1514 223 2104 2776 1622 349 642 273
000141.jpg,849 2479 2819 2365 152 1532 2716 458 2500 2552 587 2181 972 81 2283 1563 1827 313 1896 2674 2370 734 175 1339 2191 1741 505 2119 847 705 2689 28 2557 523 238 2250 1376 330 2527 2534 2099 2177 696 2228 671 120 92 2193 354 2052 2681 2742 1111 1314 1543 1680 2592 131 602 2715 1932 1117 2764 890 268 1873 1281 1332 1704 2322 1813 1831 503 2306 872 1875 726 1003 1912 927 1293 2812 1011 2610 2199 2144 1655 2597 2265 159 449 1885 740 1955 780 1164 1037 452 504 2698
000142.jpg,1944 2294 1055 2135 725 899 2728 2741 2207 1056 204 2842 494 2825 2057 2291 1547 2511 2435 447 1899 1134 1076 2248 246 2766 1463 1067 2382 686 2580 2286 2813 574 1935 146 1464 2736 2041 1874 1937 692 1639 804 1223 948 1452 1126 2068 647 2683 2719 1185 2393 2639 677 79 329 2708 2665 657 2438 2319 1777 722 682 1868 140 442 491 2569 2436 1592 1931 2350 2583 2526 1001 1473 271 995 2509 1721 482 1757 974 2598 1408 249 217 67 2427 2809 627 12 1942 2589 1346 508 347
000143.jpg,1663 1617 1328 1444 947 712 1045 2707 2836 1993 1782 1422 2241 1679 1623 169 2130 2050 51 2837 1054 2454 2011 1369 1552 305 2767 440 1649 2840 155 735 445 1381 1640 2289 900 1710 562 1489 1658 550 197 2649 860 2439 1544 1417 1796 260 1569 2714 635 463 179 2721 480 1486 645 1029 1405 221 134 1934 259 1701 518 1218 2769 2631 563 312 925 943 188 2832 26 439 2538 433 556 85 1437 1948 1870 1208 100 2133 348 2790 1102 2082 817 715 64 2826 1096 1788 1656 2650
000144.jpg,2210 2520 640 13 1272 2421 1038 2671 1949 323 2578 729 865 370 571 2387 933 2083 2568 2602 432 1952 2640 476 1065 1227 2221 2828 1268 2415 1266 1374 1668 2108 332 820 429 40 1562 743 2423 1188 2786 2029 1256 340 1070 955 2031 1399 2493 592 2333 979 2227 964 285 400 21 411 375 2261 2224 2829 1761 289 986 1430 306 2048 783 2743 878 1139 597 1890 417 473 1888 1757 199 2400 594 2278 1744 1426 2573 1603 1686 2169 554 1197 396 1462 2449 334 2260 1418 802 1976
000145.jpg,2491 1179 2682 1977 1651 2252 945 1920 1578 2647 639 841 1579 1063 1770 2328 9 2723 1470 1531 114 748 2042 2379 916 1851 2729 1528 1657 928 2778 930 982 2097 1769 2349 919 515 952 763 1210 2225 2459 1354 1367 1583 2304 1239 1368 923 1154 579 567 998 227 492 2026 528 566 2559 2618 1566 2462 2110 7 512 1031 1351 1209 812 1271 887 791 781 517 2334 2209 2369 2775 2603 303 1415 1854 50 1359 2803 1402 35 276 460 1772 723 1819 2658 1565 615 2081 1493 450 2585
000146.jpg,1496 2272 2556 1490 1316 1453 64 439 48 1569 2433 1965 2815 1636 2721 715 1860 100 2352 562 1948 2713 1640 1796 2376 201 194 51 305 2034 747 1416 1051 1218 155 2650 2545 1096 2309 1901 2628 1840 2241 1261 1658 1993 1381 2289 712 1584 2836 563 1422 1617 440 1782 2050 947 1649 645 1054 1586 1328 260 1544 2088 2130 2767 2631 550 169 2439 258 1444 518 161 2837 497 2826 2755 2538 1045 2649 735 2707 1878 770 2069 168 445 1623 1679 2652 2454 2553 1663 2011 965 231 1148
000147.jpg,493 2374 133 366 2174 548 976 1196 1947 2672 1792 1358 859 797 1758 1930 2004 1279 2184 1580 1765 1234 2125 756 57 294 280 746 1034 1861 588 570 422 2327 2418 1859 1575 2456 1665 689 793 1724 1664 210 2461 1276 2186 2838 583 150 2330 1392 2229 1375 1081 1497 1072 1776 687 2694 228 242 720 2541 1030 2581 663 1193 158 2039 1887 421 2703 2123 2206 1457 2356 1191 656 1551 1059 1377 2739 170 1877 2548 2332 1229 2460 857 2590 2321 880 801 2363 798 1086 2749 884 2198
000148.jpg,1545 1752 2389 1146 59 312 2832 635 987 1624 1926 1405 1102 85 2300 221 4 2790 2082 1656 556 2270 1407 2411 1934 817 1386 943 2367 1644 2817 2528 2501 626 547 950 1202 188 2044 1737 826 611 2069 1319 613 283 1799 1328 860 2714 266 1422 2477 1417 1489 1993 1710 1701 1617 2454 712 2515 1316 1029 2837 1045 947 2631 1190 2050 1623 2840 2707 463 1788 2544 2556 1444 1796 2241 735 2011 1552 1649 2767 259 169 440 1584 2130 2836 2289 1468 2312 1679 1983 550 2133 1870 480
000149.jpg,2045 258 1584 2023 2755 770 1029 611 747 463 1319 1362 992 860 1993 259 1552 1897 497 1796 2631 1788 1586 562 2076 2564 1701 906 1096 1417 1320 2735 1208 2721 1617 622 2034 439 2046 2724 64 1190 2544 188 1569 547 85 1627 1895 305 2753 51 1416 100 1710 134 712 2676 900 2482 606 2419 1624 2289 1948 2652 550 155 715 2840 2545 433 1983 817 2837 178 2424 2670 2088 74 1934 2646 1328 1388 1422 2800 48 2287 1381 2084 1489 1656 1202 2148 2732 675 319 2344 1407 219
000150.jpg,2043 2810 2171 2666 2816 650 1891 1188 2346 1916 1697 475 922 411 1456 1153 546 1763 1221 582 285 37 6 759 2643 1702 1865 807 1284 468 2841 1090 732 1260 620 1083 1858 1723 586 122 2313 1603 820 1227 1797 1082 1308 956 1761 1139 1541 829 443 2167 334 2261 661 750 1006 1953 1570 2216 2194 2677 980 724 1537 594 2168 1380 1502 1696 2179 372 1884 1214 2514 335 1397 2449 2230 924 1487 1171 2706 1995 476 214 1080 2268 1027 624 2245 2203 2589 1881 669 298 2348 882
000151.jpg,2267 2380 1236 2668 176 427 292 2217 1553 901 2451 555 1033 2384 1754 1393 698 1699 1492 1429 2038 1793 142 2032 1521 933 1431 377 828 2629 500 36 2798 2078 2387 536 1053 839 853 56 733 2150 2090 2428 1952 672 2120 123 1049 193 932 311 866 882 988 1189 875 358 1477 2335 1628 986 1886 823 1717 1757 2083 2667 2163 2793 2686 889 2636 1263 1132 1747 680 399 1255 1225 1233 1588 887 2154 1074 1501 2655 1682 2795 1602 1406 2416 73 380 975 1223 2328 1707 1750 2622
000152.jpg,2043 2810 2171 650 2666 2816 1188 1891 1697 1916 2346 475 1723 411 922 1153 1456 546 1221 582 285 6 807 1763 1882 759 2643 37 1702 1865 1260 956 1284 468 620 1603 1541 820 732 2841 1083 1858 1227 750 334 1139 1761 122 1090 181 2313 829 586 1797 1308 1605 1082 1570 938 1250 2261 724 1537 443 1006 372 1953 2677 1696 1502 2179 2167 2502 980 1397 2514 594 661 2483 1380 148 2589 1322 1884 1881 2410 2706 624 905 298 2245 1171 40 2194 2768 2463 1150 2216 2348 167
000153.jpg,2648 511 2138 577 2783 969 2466 352 2372 961 2339 1816 1025 127 2709 1270 879 1539 1939 195 600 2175 1619 1571 1366 1349 2226 1698 2473 1480 2460 2710 1863 2100 1660 2468 2481 2431 1258 665 226 537 1540 1815 2633 1618 892 46 2340 2266 2253 2223 2607 557 1294 2820 385 1622 2616 685 846 2635 573 551 1925 1828 223 1572 1615 2486 1009 166 1338 1409 2246 1095 1994 642 2758 2738 2363 1069 1446 349 2614 1341 2158 2835 2595 814 234 405 1112 2619 17 2215 2338 2013 267 2844
000154.jpg,1798 962 1230 572 395 2644 2323 529 1801 1334 2277 1683 2759 1561 2242 2504 2238 328 766 374 1898 101 737 989 2579 341 2114 364 1197 581 803 2040 407 1207 436 2381 1900 215 789 1137 2072 251 1093 1427 614 714 1394 545 1883 617 2542 1558 1166 898 1087 1928 1091 2656 1106 1333 1996 2149 1257 1786 777 1971 1693 2546 304 783 2495 646 1213 695 63 1343 926 39 564 1176 2288 132 2547 1298 2787 1346 76 1590 1357 182 1743 1180 2022 149 1228 1818 1839 2699 576 596
000155.jpg,2749 1524 203 1059 2740 154 1629 342 551 1811 2444 2468 1803 127 2710 472 1539 1167 2709 2175 2595 685 1355 147 2431 2013 577 1862 150 2226 2473 385 1863 795 814 2403 267 934 1807 798 1025 641 1072 1619 969 1861 667 1509 307 2548 2385 1215 1375 1324 2776 2513 1238 1295 185 2187 57 1377 1675 1276 2339 1373 1030 2198 1530 687 2654 1034 1 1348 170 2727 1716 226 741 2662 1291 2633 2213 991 2783 1859 2771 884 888 2801 2460 2266 1520 1201 2456 2797 891 2246 1925 1826
000156.jpg,416 937 257 1516 1778 535 585 2377 1527 105 1731 2331 605 1894 1040 1643 568 1573 2609 1110 610 434 2830 821 365 648 1133 301 1946 2613 1871 1419 1455 248 435 883 717 673 1966 678 2697 2005 2394 2788 355 811 519 1138 410 2251 336 2341 1625 446 1424 2151 490 253 593 1909 2458 2549 2087 1676 2519 1794 288 406 1002 1518 1581 1757 1020 1142 1079 2290 2071 544 800 1800 1131 186 604 966 2417 212 1384 1495 2083 1850 2299 662 2730 1567 2145 632 1466 1968 1600 1068
000157.jpg,1773 1795 1513 1161 1847 832 1593 1535 751 2700 2016 1346 2437 1559 2129 1672 1836 1353 1990 2111 1451 1361 240 1685 483 2787 954 2000 824 1178 1300 1749 1224 1713 1116 2066 646 1447 2113 2540 2178 376 1760 792 1714 1389 44 1115 1838 683 47 2296 485 589 1693 658 16 727 1469 2054 34 2422 1951 2180 91 2409 2235 2523 1712 1804 1306 2149 2563 2172 2656 465 187 378 1869 2827 2673 2430 310 1169 321 83 2020 1919 2245 29 2651 1195 371 286 2317 1971 1743 1594 2073 1659
000158.jpg,924 1471 1487 2216 1363 2841 953 1605 2502 2152 214 1139 2348 2567 1171 941 22 2751 1288 1214 1703 84 333 2768 2203 149 2179 744 594 189 1502 420 419 335 856 1397 2678 1488 1184 2060 167 1927 182 1371 621 2022 957 2591 63 1632 2404 1144 1333 2230 894 2197 2554 1671 2816 2153 1217 1723 1616 1979 2494 304 2573 1785 2620 300 117 244 1205 1889 1916 2346 2705 1726 2726 614 1198 1199 2043 761 171 783 8 1687 650 1400 1213 475 1250 2449 1188 1137 1394 851 1641 2160
000159.jpg,1055 1944 2294 2728 725 2207 447 2766 2825 2741 692 494 2291 2435 1126 2319 2057 1056 2135 2736 442 2719 2842 1899 204 899 1874 1223 574 1463 1935 1547 2511 2580 686 2041 2248 1067 246 647 1134 2813 146 2068 722 657 2665 1937 2683 2708 1185 1439 1076 2382 1777 1452 2286 79 1639 1721 140 1868 2639 2051 1892 1464 1473 1408 1088 2499 482 2438 1677 2037 12 249 2809 1942 2625 804 2393 1998 627 329 1931 1886 1771 682 677 271 2350 1876 531 1001 1012 1725 948 994 2427 526
000160.jpg,264 2484 2455 837 2092 1122 2833 1009 2063 299 2844 2371 1982 2139 1589 1814 1925 2269 667 1159 428 2576 2797 1815 2776 1549 403 1735 2189 2731 1619 741 267 1291 352 2385 2412 2548 262 888 1238 891 879 1863 1509 1373 90 641 1530 2662 2094 1366 2403 2431 687 2771 1807 1338 814 885 1887 969 551 2460 1375 2039 1350 991 1539 1242 2123 2356 857 226 1622 1191 2811 2486 1078 656 706 1542 1520 317 1877 557 2607 2633 2739 1862 1776 801 160 1480 1229 1551 1660 1457 2659 1295
000161.jpg,2218 1504 1436 222 1305 2512 850 2071 1052 1790 2362 2691 1933 2355 1638 1321 2645 1098 2096 2750 935 836 2342 2156 2201 1806 2450 755 1736 2432 1709 612 897 2449 2747 2535 1188 1023 1621 8 141 2098 1047 1671 745 1911 1090 2829 2452 599 1474 325 2446 1757 1661 586 2706 453 922 396 629 2679 1910 1082 281 1163 2642 37 1145 177 624 2122 997 724 1456 829 122 443 2537 1560 2197 1227 1232 594 2055 2167 1903 1085 2841 1006 1308 986 2677 924 856 1763 205 1153 2705 666
000162.jpg,642 846 2100 573 1622 17 1571 2486 1338 600 317 2255 2412 2811 195 2372 2338 2223 1698 1409 307 349 2253 961 1095 1994 352 2738 2466 1618 1862 166 1828 969 2138 2835 1540 2635 1964 405 1349 46 2473 2648 1060 1278 2727 1520 2399 1 2158 511 2189 795 1101 1615 223 234 685 2616 1112 414 1572 1270 665 2614 2063 892 913 1025 1815 1446 2340 2215 2709 1524 577 1684 2444 1258 1294 837 2208 2481 1630 1009 127 1629 1159 2175 1360 1129 2844 2834 2213 2246 2710 2781 1812 2298
000163.jpg,1525 2623 2263 1280 1084 2572 1371 1205 275 1659 2030 2678 1113 2303 2791 327 2448 1425 106 96 2115 2203 762 1032 474 2348 1170 1866 2554 189 490 894 1380 214 2060 298 2831 2101 1139 1400 1482 946 1750 2734 205 1632 2153 183 1696 1726 300 1762 1973 2705 2593 2080 2706 6 1263 2718 2132 624 448 1602 1083 909 1255 1911 907 1502 2571 1347 2514 543 270 69 1077 2677 482 2168 2401 724 1661 546 874 594 1352 2179 2293 629 212 1247 2156 1365 986 2071 2573 23 1570 1633
000164.jpg,879 2460 1619 557 1982 1925 1863 2363 667 1480 2801 2139 2833 2844 1366 299 741 2797 2371 2385 428 2431 2776 1549 2607 814 2092 2576 1660 1816 2104 2633 1373 385 888 1735 264 2269 641 2484 1530 262 991 1242 867 1539 2468 2731 2771 2094 2184 1589 1509 1215 1122 2524 1807 1295 2455 2189 1814 1291 352 273 551 1947 2517 1684 2298 1078 2063 1238 267 160 2185 837 1803 1069 1341 226 127 687 1607 891 1025 583 2783 969 1765 795 2175 2403 1009 2138 2412 1129 1440 147 1497 472
000165.jpg,1889 2725 2404 1766 609 2457 752 957 2448 744 1696 2115 5 2128 1032 2168 466 189 106 2572 2124 1904 1326 2591 473 163 183 1061 2464 1214 2014 1556 214 1280 2060 1602 1171 1632 1525 1757 96 22 669 236 1659 565 2508 306 1953 1797 894 2706 1217 2263 2230 1084 2153 2571 2366 2111 959 1365 2554 1139 229 448 1661 2160 43 2079 300 2109 882 829 1610 2507 1560 620 1477 1113 2425 1108 2831 661 2623 1866 123 762 2401 2705 2498 2442 2203 476 2348 2567 270 1858 23 2150
000166.jpg,1631 545 1394 2277 1801 1558 529 898 395 2644 1087 714 1213 2323 1798 1197 2072 1137 304 1207 1230 1334 1333 572 761 540 962 2022 63 614 1166 1298 1228 1928 251 374 1561 1483 2381 341 1898 1346 783 291 2547 803 2567 1427 1785 167 2546 2242 1597 2579 1900 1250 1757 364 149 1683 576 1839 2040 1214 182 2751 1176 2216 1883 101 695 1343 581 132 1786 1171 1590 1257 1184 93 924 2656 2504 2759 789 1971 986 2114 1743 1502 737 1106 2494 499 634 76 1091 214 895 60
000167.jpg,2609 937 1516 1546 257 535 843 1731 288 1454 1894 2843 2377 410 1527 1138 1645 1800 538 811 1871 1110 2613 336 648 1455 605 1498 253 1040 749 1573 821 1634 1133 2196 365 2697 610 2341 678 248 112 1068 742 673 435 2364 2087 1466 2788 2005 568 2243 2219 186 1079 434 717 2251 2151 1779 2549 709 2519 2830 1794 1142 1670 1174 2095 1850 1379 1966 1309 664 2417 1424 1131 1581 2560 1913 406 2006 2299 338 519 2331 593 730 1020 1385 2492 2145 855 1243 2746 773 2102 800
000168.jpg,1752 1545 1146 312 2832 2389 987 1102 1624 1405 85 2790 2411 1934 2501 221 2528 635 4 1656 556 1926 1644 2817 943 59 817 2082 2300 1407 1386 188 626 2270 2044 547 1737 1202 826 2367 611 2069 283 1319 1617 1422 613 2840 463 266 445 2477 950 1029 1983 1552 712 2424 2574 1190 1045 2397 2515 1328 2011 947 860 550 2631 1316 1993 1092 169 2133 2837 440 1468 2714 1489 1782 1796 2454 2375 2826 1444 1710 1799 977 900 2241 606 2556 2544 2419 2312 1663 197 2050 1369 735
000169.jpg,530 2282 1518 446 2049 1290 1301 2064 1058 2140 451 631 2796 1567 921 1909 1017 1384 2257 813 2696 1554 1742 1673 662 1105 243 1370 1331 1396 1613 1604 355 1614 966 2660 487 337 2458 2085 942 1981 908 1681 542 1237 2782 984 1002 1978 2519 2259 2543 1705 710 2243 800 2600 54 2251 2005 1850 1094 678 607 2697 2087 1142 2006 1119 2392 774 2417 1174 1495 1936 2492 1913 1581 1455 1200 870 1794 1621 1020 1966 2262 2357 673 881 400 2680 821 1321 2658 2151 2596 2331 7 435
000170.jpg,1179 2491 1977 2682 1651 945 1578 841 2252 639 1920 2647 1579 1063 2328 1770 9 2723 114 2042 916 1470 748 1531 1528 227 1769 982 952 919 1354 1583 998 517 2097 2225 928 763 2778 930 1851 2729 2379 1657 515 567 1154 2459 2349 1210 2304 1367 1368 923 579 778 2026 382 2618 566 492 2559 528 1239 1854 512 7 2711 1970 887 1566 1209 2310 2462 1271 2658 1819 2334 460 2110 2081 98 72 2775 2577 1031 1402 1415 1864 1667 819 2803 2067 760 781 1565 1562 172 791 50
000171.jpg,789 2784 1883 1749 2547 576 2579 1483 1394 1801 1304 646 95 2277 761 2202 545 596 132 2190 1176 251 1091 1476 2381 1743 60 2745 766 1900 2644 1914 1996 695 581 374 2504 1856 2238 1106 777 395 614 341 529 2441 1230 88 149 328 1971 2785 926 1427 2495 1044 215 2759 2288 1137 1180 291 1786 564 2114 962 2040 63 101 737 1213 572 989 983 436 39 1103 2242 364 483 1693 304 1818 1631 803 230 1087 1353 1798 967 1257 2827 1093 1999 2546 1300 400 1898 1207 2323
000172.jpg,645 2011 445 1029 2840 1552 1649 2707 1328 1054 463 2836 1679 947 197 1663 1623 1444 1782 2289 1253 1617 2837 712 2631 169 1045 2241 51 155 433 2767 1381 440 1422 1658 2130 550 2375 1544 2050 1993 134 518 2650 2088 2419 64 439 2735 1948 562 2439 1640 305 735 259 611 1319 1569 319 260 2352 2133 48 1096 659 965 1840 2649 563 1624 1369 900 2454 2652 2538 1983 635 1636 2082 2544 1218 1486 161 1208 179 1172 559 2721 2628 1584 1796 188 2076 194 547 168 1416 556
000173.jpg,822 2091 1568 2137 2232 1781 1262 239 2794 455 2236 2164 1755 799 1475 113 1831 653 1706 1127 655 805 1756 1274 464 1655 1829 2715 1297 1503 1273 331 1378 2053 159 1216 2698 1317 1097 89 1293 1875 1143 927 580 1140 268 31 1011 1039 131 1612 999 1472 1303 1692 806 1118 2402 389 2765 2632 726 1124 1282 525 1505 2062 1275 1789 1024 326 1026 858 2059 2280 1037 1813 1395 782 2693 721 2311 408 1022 314 2316 1647 27 390 356 1635 2531 1972 1598 788 1932 252 2687 1168
000174.jpg,2152 2502 84 941 1605 2841 621 2141 1139 171 214 45 1064 2348 2612 2522 1364 2503 2056 244 2182 959 2760 1251 2705 2386 2608 300 1616 1726 1199 1171 22 1371 1768 1214 744 40 2678 2567 2761 2197 815 509 335 2591 844 1960 2048 2494 957 2751 1596 2278 2688 2160 2188 2230 1632 1315 1987 2404 1515 1927 2116 1184 2448 2807 636 1336 2203 420 2464 2079 481 2720 1536 2498 594 2476 1198 2425 644 986 1949 1013 1232 117 1318 2562 1004 1979 189 1882 851 2737 42 1757 1397 2706
000175.jpg,1096 1416 1948 2815 2272 2352 1860 1316 1636 1362 1965 201 2556 1496 1051 1218 194 1569 2721 64 439 562 100 1796 715 48 2034 51 305 155 1261 2713 1586 497 1658 1381 2241 1897 1584 2628 1640 2309 712 2755 1993 1617 2545 2650 1552 563 747 2433 2631 2836 260 2046 1782 1490 2376 1544 2289 2088 992 319 1045 2454 645 258 2826 168 1328 1422 1029 445 947 1901 1369 550 2011 231 518 2439 1148 2130 1840 463 2023 547 169 2837 1444 1054 440 900 770 2045 1453 1878 1319 1679
000176.jpg,1244 863 1646 2136 1450 1147 2019 393 830 603 2275 1507 339 575 1732 1120 2550 2754 1805 2518 357 1678 775 2080 2586 1620 794 2780 1482 1669 1611 1691 2254 2630 2447 462 2347 2297 1104 2733 1016 2192 279 1372 2368 457 1169 1517 1832 1626 2395 2621 1734 693 2701 584 2247 2211 2651 2345 1073 2329 845 960 2233 2360 102 818 2637 1748 2383 1259 1014 2159 107 2684 2641 2020 876 834 1192 2326 2605 469 2106 2166 1459 2234 379 2802 2805 1919 1382 2555 10 1177 1365 373 2804 55
000177.jpg,545 1228 63 2022 1785 1333 1213 1394 304 2546 182 149 1298 1137 2072 1207 898 1087 1558 614 1801 1019 714 1798 2277 499 1334 529 1631 962 1257 1166 1106 374 1786 1971 1928 1230 395 251 2644 803 2323 2504 2542 2040 2656 737 572 2381 1197 215 101 1561 2149 2066 2579 364 581 2178 2113 76 2759 436 1693 1883 1900 1743 1427 341 1590 1343 2238 1176 2242 132 1685 1346 989 93 2787 2547 789 695 895 766 2114 2827 1434 1683 617 646 328 1357 2699 634 576 2190 983 1597
000178.jpg,257 937 1731 2377 1527 535 1871 1138 406 2145 1385 1779 2613 1516 1894 1800 1645 2102 1992 1526 773 811 410 742 1455 253 2763 519 336 2341 1325 605 186 365 1007 2516 1040 1707 1068 1110 544 821 434 1442 1079 1969 648 1131 709 2549 1511 2788 1424 1966 1946 1311 435 2219 610 2830 678 392 1005 2290 248 288 2730 673 1020 2364 1783 2417 1794 1133 1379 730 2746 2299 870 593 1419 1142 2697 301 568 1670 2243 1466 2005 1243 1850 2151 1581 1094 1968 2519 774 717 338 1573
000179.jpg,783 1093 540 2413 1856 1914 2785 2295 558 135 949 2737 1448 2441 1343 1383 2615 1728 1296 407 1996 2242 1231 1265 2202 983 184 1999 2827 2745 2190 95 80 596 1945 1091 1683 119 520 1476 777 1478 940 2112 230 232 2756 754 341 2281 1743 88 213 2566 529 695 2547 766 1898 310 2408 1004 2644 2472 1801 1269 1312 132 2114 328 19 1176 1689 2021 926 1818 1103 424 2277 1984 1733 2354 967 564 757 218 1722 617 1867 1693 2238 707 395 581 1230 198 634 1304 739 1597
000180.jpg,1371 1960 2678 1198 1205 851 1726 40 2448 1880 1687 2494 1144 2030 84 2620 117 2203 1922 592 1400 1199 1184 1616 941 815 1987 509 2162 844 2386 1802 2726 244 1744 2503 214 2348 1064 1757 2152 2141 2197 454 1139 167 1927 2116 45 2359 2056 621 2608 744 281 171 189 2760 1426 1907 2425 2060 1979 986 1502 2502 2182 1364 2522 959 1219 594 2573 856 1171 1488 1397 448 1605 1641 1637 163 2591 957 1232 1632 481 300 1251 2216 2572 2751 333 2761 1214 2705 1515 1423 396 2160
000181.jpg,761 1631 2249 1394 545 2317 1801 2277 1213 304 63 1483 540 1228 1087 2546 1333 1558 2022 614 2072 529 1914 2644 2785 1044 783 1785 898 1137 1207 924 395 1230 1091 2114 1561 581 1093 341 2547 714 1996 1250 149 2216 576 2242 291 2202 2495 1798 1898 1106 1683 2323 777 1334 1856 737 251 1197 2190 1363 856 905 2745 1786 1144 989 230 488 938 182 88 2841 2506 60 564 1476 2579 333 572 926 2679 2829 2573 132 374 1166 1641 1343 2086 1035 499 1257 1971 1900 2737 2542
000182.jpg,1749 483 1353 1300 240 2555 1727 834 2058 2249 824 2437 1672 646 1277 465 44 1161 16 1836 2000 1990 1447 1178 2054 376 1513 1361 1559 1593 2317 2066 1685 1451 761 2178 2113 1804 1389 1847 2700 1115 1773 954 1469 2409 1951 792 658 2296 727 2129 2016 2787 1535 1044 47 34 1760 2111 1795 1306 589 2540 1714 832 1346 333 1719 485 2118 1057 980 1502 2422 1712 400 1456 2523 924 1884 309 1288 1116 2554 1995 2216 789 96 677 2567 1224 1703 1032 1713 915 683 2109 2571 2153
000183.jpg,1492 142 429 2078 1553 1699 555 1053 802 1430 2668 1033 1886 1890 2267 1393 2380 1236 866 176 2217 868 901 1431 2333 1888 1793 427 554 36 2451 2384 2029 1588 680 536 1132 1562 292 733 1256 2743 988 193 500 2090 417 289 886 1686 597 2032 1754 1429 1418 377 828 933 743 332 672 2038 878 2428 2387 56 1189 123 1263 882 1952 2629 2108 2150 2335 73 21 2416 2798 1049 62 2120 839 767 2415 311 681 1747 986 2475 698 875 249 796 1628 932 399 1352 380 340
000184.jpg,1067 2665 2511 1134 1547 246 722 79 2068 1463 204 2842 1935 2041 2135 2741 899 2305 97 116 137 1212 1606 1126 2736 2825 442 2766 692 686 2319 447 350 2719 2813 1076 2248 725 1055 2294 2286 1464 677 2382 1937 1944 2728 1639 494 1868 2598 1452 140 2436 2708 2580 329 2438 1185 2057 1223 12 682 804 2435 491 1777 2393 2207 1874 1408 1942 1892 574 271 2291 657 1056 948 2440 2683 1677 1899 508 146 1771 444 1721 2569 647 2625 1592 1998 2639 217 2499 1473 368 792 2037
000185.jpg,1946 2516 2843 1526 2290 1005 2746 1325 1511 2299 2730 1442 257 2364 937 2788 1243 1379 673 2151 1731 1131 2549 544 1068 1871 1794 1779 730 1969 1020 336 435 2830 1581 1670 365 1110 678 593 1783 1966 605 1138 2417 2145 1040 2005 774 410 1311 1968 338 2251 1142 2492 2697 1455 2519 1573 434 2243 610 717 1174 1424 406 881 2087 1913 1094 821 2377 1466 870 253 811 1527 1850 535 2219 2341 2006 2680 1385 800 1936 1133 1707 248 2613 568 2102 1992 1079 648 709 392 1800 288
000186.jpg,2350 1810 1001 2583 1075 2509 249 2121 67 627 1012 202 1406 137 1212 1606 165 116 2558 2292 1825 1130 2258 1841 97 1931 362 1728 1928 2295 2305 1757 1940 634 1590 2224 135 2413 1597 1986 1346 1197 2638 2493 1383 898 1448 1035 1839 1166 1334 1689 499 1558 895 986 2408 2526 637 359 2220 1478 1533 255 2089 2472 1832 1390 714 93 2151 754 790 2324 1748 184 76 855 2561 1265 1296 2323 558 2560 2566 1087 707 1298 540 2506 1801 2354 1962 783 2299 431 213 1498 1255 1192
000187.jpg,2789 1650 1099 2265 2597 1885 2610 1135 1441 2199 507 890 1955 649 120 1314 2343 872 1873 2716 1327 2191 2212 1991 2812 877 1543 1823 2306 2822 1003 2594 552 2105 367 261 235 1156 849 968 1302 2799 1917 2774 1974 2237 2770 2681 2819 1852 1010 771 2552 670 68 1117 1182 1461 2764 740 2365 2283 1111 2557 2370 1332 1164 2689 533 699 1827 2773 2500 81 316 553 152 458 963 2177 587 2052 2144 705 175 2527 602 1109 2592 1704 92 2181 847 1741 1011 313 2565 734 1339 1746
000188.jpg,2792 567 118 1791 2065 7 808 919 1354 952 1769 998 2658 887 2778 1531 1470 1583 930 748 819 2009 975 2793 2711 2299 1613 1466 1670 1854 1667 2151 1757 2449 982 986 233 382 870 1442 453 813 1851 778 1585 2328 1089 1139 214 2379 875 2304 2216 1255 2575 923 821 981 2491 928 1872 2230 437 2680 2156 959 2823 2567 473 2416 1214 334 1271 2348 1210 151 1603 1916 306 2404 820 229 744 594 2573 2841 448 1171 2203 163 1657 398 335 1188 2729 1970 1922 2591 410 1671
000189.jpg,8 1671 1474 745 325 2535 2449 2706 2216 882 1082 123 1090 2150 1844 1006 586 1308 1703 1288 922 443 986 2167 1188 1286 37 637 2823 1757 2425 468 619 2657 565 285 2831 2617 521 1697 2313 1537 1032 236 829 1153 2705 506 1560 690 2712 1763 1858 459 309 1255 2268 334 1387 1884 1221 2841 894 1456 1904 2507 411 1267 2401 1797 959 448 980 661 2816 1603 2060 2308 1139 2153 1866 1200 1227 924 2109 189 229 2194 759 1570 750 820 122 2348 2249 796 1217 956 2168 2261
000190.jpg,1663 1444 947 1328 1054 1679 1649 2836 1623 2707 1782 169 2837 2767 1617 2241 1045 1381 712 1658 1544 1422 2130 2050 2439 735 440 1993 1369 51 2649 179 550 2714 2628 2454 155 1870 1840 925 26 1218 480 1640 305 518 348 562 1261 645 1417 2011 1569 445 1796 2769 860 2289 64 715 1051 48 2721 1489 1029 2840 100 2538 1948 197 2650 194 1636 1710 1096 463 439 2352 1552 1624 900 1416 221 260 943 817 1701 1644 2528 433 2631 1407 635 2790 1405 2545 1584 1788 563 134
000191.jpg,2034 2545 1796 2433 100 1569 715 48 2713 64 2721 439 1584 1640 2376 1490 562 1453 305 1860 2309 51 1496 155 201 2556 2272 1316 1901 2650 2023 2755 747 2045 1636 1096 1993 2815 1948 563 1965 1416 2826 260 770 168 2241 2631 2088 2352 1051 2439 1617 1840 2289 1381 1544 712 1658 659 550 1878 440 2628 1148 518 2050 258 1045 1782 194 134 860 2130 1422 169 2454 547 1417 2538 497 2836 2649 1407 2652 1552 992 900 645 1307 26 735 1586 2837 559 1486 1369 1218 2419 2840
000192.jpg,352 1539 969 1349 2226 2844 1025 1242 1618 1815 1571 273 2473 551 1540 2104 2175 17 414 264 2833 2100 837 1059 2063 1009 2455 2138 2797 342 349 2524 2710 1366 2484 2486 46 642 2139 2092 961 1982 2269 1622 846 234 317 403 913 2412 2576 600 879 195 1925 1 573 2635 1514 1338 147 2776 1520 299 2444 557 2460 1619 1159 685 2223 1572 2372 1862 1698 1735 2371 2255 2340 2727 2399 2338 307 1684 891 1480 1122 1660 1549 892 405 667 1828 1964 428 2339 1988 2633 577 2709
000193.jpg,419 2554 894 2153 1927 1632 189 2060 96 2197 1214 1171 22 815 1013 2567 1336 2751 2079 1987 1363 1315 333 1251 2705 744 2425 2160 856 2313 300 2141 2216 1364 924 481 2261 2612 1605 468 2502 448 45 2152 106 1227 84 2522 2726 2048 1217 1726 2188 621 2278 1139 1188 2688 1199 95 1858 214 2678 171 2720 636 2841 1064 957 644 620 396 1907 576 761 2591 2162 2807 476 2760 1671 2823 2547 1768 2476 1856 2056 167 941 1536 2116 2562 1757 596 1255 1502 986 2386 335 2182
000194.jpg,1125 1753 2777 2772 2077 2478 2510 2561 70 431 1035 1839 1390 601 2 2663 1759 2323 962 103 2757 529 502 1075 1333 634 2532 1801 2759 1798 395 284 2242 2644 2022 1821 1810 1114 578 2277 581 2583 1334 1908 2471 737 898 436 1830 1394 702 1767 2601 684 783 1230 1608 2504 304 374 250 2829 1533 545 65 1683 1207 1785 1928 215 101 714 1137 2699 1597 1310 461 364 2546 251 1693 789 2656 135 754 1558 63 2040 1166 1213 2216 1087 1916 1728 2489 2787 182 1975 2295 2542
000195.jpg,1357 39 2288 1180 2495 1818 926 564 2281 1786 1106 215 581 1971 2114 230 1257 76 436 737 1900 2542 2787 2202 1091 1693 2493 2699 1538 2656 2247 83 2824 803 1476 75 1192 2324 1940 251 2497 2653 1219 2040 1856 2190 2149 1427 777 2381 1915 2489 1846 615 1641 60 364 132 2441 989 2745 789 1197 1176 1528 117 1434 1346 1996 374 341 818 1798 2494 1743 1184 962 1914 2644 2504 95 198 766 739 1687 614 2804 395 2443 1230 1334 14 1304 539 1825 1997 2242 576 940 983
000196.jpg,79 722 2068 2665 1067 2511 1547 246 1134 204 1463 2842 1935 2041 2135 2741 899 2305 2736 686 2766 1126 442 97 692 2825 2294 2319 2719 350 116 725 1055 1076 1944 447 2728 677 137 2580 1868 1452 2286 1212 2813 2248 12 494 140 657 2207 2435 2598 2708 1464 1056 1892 2436 508 792 574 2057 1639 2382 1223 217 2296 1874 1677 1937 2438 1721 2625 1777 400 1185 359 1899 1473 1606 804 444 1771 1300 1804 2291 329 994 67 2509 682 1408 271 491 2037 2499 2583 1764 1886 1401
000197.jpg,645 2707 1679 1054 1623 1649 1328 2011 445 1444 947 1663 2767 2840 1029 2836 169 2837 1782 197 1544 463 2439 1381 1658 2050 1617 1045 712 2130 1552 2289 1253 2241 433 2628 440 735 1422 51 1993 1218 2375 1261 2735 2650 2352 194 179 1948 2649 1640 1417 860 1369 1870 2631 2714 134 1051 439 1895 64 2454 562 155 1489 161 1569 1416 1796 1096 305 2045 550 48 1710 1788 769 2088 2272 173 715 965 319 900 635 1860 260 201 1584 2538 100 563 2769 1636 2721 2133 1624 1496
000198.jpg,1188 1697 2816 922 2043 2171 650 2666 2810 1891 1763 411 1456 37 1723 1090 1916 475 2346 586 1153 285 1284 1082 1308 1221 6 1865 759 2167 122 468 443 1882 546 2313 1603 1541 2643 820 334 750 807 1006 1858 956 1227 2823 732 1260 582 620 1797 1702 2268 661 2261 2194 181 829 2425 1761 459 2216 1083 980 1537 2535 2841 1703 1570 2476 1605 594 476 1560 372 1474 2449 1884 1380 1671 882 745 986 2179 1139 973 1610 1015 8 1288 1285 1502 1757 298 619 2387 229 2706
000199.jpg,1395 1317 1756 1921 805 1972 2402 721 1647 1918 2061 1755 1303 1140 2053 412 1297 1124 1037 799 27 561 1472 2236 2279 1475 314 1829 1612 1187 1050 1924 1216 113 1635 1273 390 1967 1715 1568 2406 1008 402 1648 471 580 159 1143 1293 936 363 1438 1097 391 1168 1299 653 1692 1831 2505 2465 2398 344 2407 326 2698 1274 655 1022 1118 753 2611 31 1011 786 1787 782 1282 2693 2301 2632 1018 430 2531 643 484 2765 89 1220 1505 108 1048 1706 2232 331 408 1024 822 1655 1127
000200.jpg,485 1306 1951 589 727 658 1361 1451 1559 2000 2409 2072 1137 2540 614 2054 1207 2113 2066 2178 1389 1300 853 1685 1115 2787 646 1175 954 676 714 1353 1334 962 483 1798 2016 1346 240 1593 1197 832 1161 1535 426 824 2129 1513 751 1178 803 465 1712 44 898 1558 374 2700 724 792 1087 1773 1760 1195 1672 34 16 1847 24 1116 1230 2143 1113 1714 2323 2430 1881 2422 2437 1990 572 2302 29 1603 1804 315 1443 321 371 1447 2245 1713 1165 2296 251 2667 915 2024 1263 2523
000201.jpg,645 1054 2707 1679 1623 2011 1328 1649 445 1663 947 1444 2840 1029 2836 1782 197 169 2837 1552 2767 463 1045 1617 712 2241 1544 1381 2289 1658 2050 2130 51 1993 2439 1253 440 433 735 1422 1948 134 2628 2375 1369 1096 2650 2649 1416 1417 1640 1569 860 2735 305 64 562 2352 2272 2454 155 1218 769 48 1870 1796 194 1051 2721 161 550 1710 1261 715 319 1307 1895 563 260 179 1486 674 1437 439 2034 2419 100 1489 1701 2769 2556 259 2652 2088 900 26 2815 1208 1860 2545
000202.jpg,1524 203 1629 1811 2749 1059 2444 1803 2740 551 1167 127 154 2595 2468 342 1355 472 147 2431 685 2710 1539 814 2175 2013 1863 641 2385 1862 577 385 1619 1807 226 2709 1509 667 1295 2776 888 1373 741 991 1530 2771 1025 867 2266 2783 267 1215 2403 2094 150 2473 262 1324 2633 798 1072 1660 934 1925 795 2797 2226 1238 1735 307 2548 687 969 2607 1291 1078 879 2731 1375 2801 2460 2187 2246 2513 891 1861 428 2844 160 1816 2104 1859 2371 1242 1276 170 557 1675 1377 2198
000203.jpg,1697 2167 2268 459 922 1188 1911 1456 1380 1090 1082 2823 586 1763 1308 37 1284 411 443 122 1006 546 285 372 759 620 1221 2643 732 2313 582 6 807 1153 1702 1260 1797 2043 468 1858 661 2810 1083 1865 829 956 2171 2666 2816 2623 2194 298 1285 2168 1541 1761 820 1603 1227 334 980 1267 1570 275 2425 1891 669 973 1884 724 1200 796 2261 2791 476 448 946 2514 750 1015 2263 2118 475 1916 1610 2677 1537 2449 1084 1560 1387 629 2318 2593 1502 1280 1205 2346 2222 2030
000204.jpg,1096 1416 1948 2815 2272 1860 2352 1362 1636 1316 1496 1965 64 439 201 1569 2556 1051 48 100 2721 1796 715 194 562 2034 1218 51 155 305 2241 1584 1640 2713 1586 2545 1897 497 712 1658 2309 1617 1381 2433 2650 1552 747 2289 2628 1490 1261 563 2836 1993 2755 260 1782 2046 2376 445 645 2631 258 2088 1045 1148 659 1422 2732 992 2826 1328 1901 319 1544 168 2419 1319 1840 2130 770 1453 440 2454 134 947 1878 900 231 2050 550 1029 2023 2840 1369 169 1444 547 1663 2837
000205.jpg,2433 1453 1490 2034 2545 2713 1796 2376 100 1496 1569 64 2721 48 715 439 2309 2556 1901 1640 1860 562 2272 305 1584 2650 1316 51 155 201 563 1948 168 2289 1965 2088 1096 260 1636 645 1416 2826 2352 440 2755 518 2815 747 1840 659 2454 712 2840 550 2241 2050 2439 1148 1544 2649 1878 1993 231 2130 433 2538 2023 1045 486 559 197 1552 2631 1381 2628 134 735 1617 1369 1658 445 1051 2482 2769 26 1486 547 2836 900 784 2714 1782 2553 1444 906 1307 348 497 1422 194
000206.jpg,2823 1227 1761 1188 2261 476 807 411 1260 1865 1858 468 2313 1153 229 752 956 334 750 1882 2043 1603 620 820 2810 285 2816 396 2387 650 2156 2645 2627 2171 2476 448 1610 281 2425 2030 2060 454 2449 1052 1199 612 167 1723 1217 38 189 2688 1916 1139 2098 957 1047 894 1757 2554 2472 744 419 729 2829 941 959 2483 1987 592 2747 1171 2153 2089 2346 84 475 2807 42 1502 2573 306 594 2502 255 1346 637 1184 1250 636 1205 829 2638 2410 2197 856 1637 291 163 2162
000207.jpg,546 582 1221 285 6 2643 759 1702 807 1083 1260 620 732 1797 1188 956 1697 820 1153 1541 1603 1858 468 2313 334 372 750 922 1865 2810 661 1456 411 2043 2816 829 1891 1761 2194 2425 1227 2261 2666 2171 2387 669 2168 1380 476 1284 1696 1560 229 1139 629 2677 2623 986 2263 1570 1032 2823 37 1882 882 1916 2572 2514 122 2167 475 423 2346 1757 2245 2620 1387 1080 594 1911 2571 2115 2060 1084 1763 1525 1308 1280 327 123 298 1082 1502 2705 275 189 1263 1866 104 2841
000208.jpg,540 1631 2277 1801 529 2644 1334 2323 395 499 1394 1561 291 545 1798 1230 962 1197 1483 572 374 2785 2579 576 2542 2547 789 251 898 1914 1346 1743 1683 1228 2759 1087 803 1883 1785 2504 617 596 1166 465 2827 614 983 2242 2202 1928 63 95 2190 646 1176 714 1091 1427 1207 1035 695 581 1137 132 2546 1333 1996 1856 1213 1558 2441 1693 101 2745 1093 2238 2656 328 2381 1343 1689 1103 739 1597 634 766 2072 304 2040 1476 182 1786 1257 2784 1971 341 761 2022 737 2149
000209.jpg,293 1346 986 1757 2387 646 1466 1255 1670 2539 2151 1952 2787 1001 2808 853 2583 255 1931 334 2823 2350 2680 2089 535 820 1329 508 2299 2449 1175 994 750 400 2009 214 1603 821 2030 437 2220 410 1791 608 2526 1188 761 1205 2224 1041 2839 981 1872 2083 2573 1019 308 691 453 7 476 2156 637 1330 1761 870 1227 163 411 1442 1061 2348 526 594 2107 1904 2570 959 1740 2047 933 807 1139 2060 997 306 1502 473 274 2625 1613 1922 2620 229 2521 785 2216 189 2179 864
000210.jpg,2044 2411 1656 2501 1934 2528 1644 1102 2832 312 2790 85 2817 1624 635 1405 943 221 1926 817 2300 987 1407 188 611 1319 556 547 2082 2270 1796 1386 1617 712 2241 1422 305 1381 155 550 1782 1569 259 1636 2721 51 1045 2826 2836 900 2419 64 1640 2545 562 715 1983 2439 48 1658 100 260 1552 1146 2652 1993 439 559 2034 2454 2088 659 1752 826 440 2837 563 1544 1092 1428 1208 169 1878 1840 2007 2133 518 4 2050 2574 2358 283 2649 2337 2538 1369 1486 2840 1848 2397
000211.jpg,1813 324 1062 1923 788 129 1932 501 1281 456 125 1912 1026 840 241 2687 1024 1875 2531 1503 1843 2142 131 1929 1789 1039 1037 2765 495 1730 268 2565 467 2634 1715 1275 927 1011 2285 2407 1475 389 2301 1124 1635 390 1568 1335 2244 780 999 484 295 1505 806 1655 452 628 1831 314 89 2806 2715 464 138 1706 363 2091 858 1967 2059 2698 2236 1216 33 758 1500 1140 1022 786 1662 1293 1220 2053 449 1941 2611 1274 1008 430 1262 53 2191 847 1048 159 1273 1787 1297 1050
000212.jpg,957 1889 2725 2464 609 2404 1766 752 1802 509 1880 2448 2457 744 1696 844 2115 244 1616 1515 2128 592 2807 1032 189 1199 2278 5 1596 498 2060 2182 2168 620 1280 1084 466 2760 669 636 1364 2476 2608 1171 1560 106 2522 1064 183 1637 2751 1927 2351 1797 40 1188 214 1858 1726 45 1768 163 1139 1536 2688 2261 2720 1318 1525 1602 454 1214 419 2823 807 1702 96 2572 565 1556 582 1426 2056 894 229 1953 2554 42 468 2627 851 181 2591 236 732 2048 959 171 2643 1260
000213.jpg,2460 557 2363 2548 1366 1619 969 879 551 1660 2844 1539 2633 1925 1480 2607 1025 1816 2298 814 2468 1684 1863 867 2226 1514 2431 2385 2783 385 342 2517 1982 1375 1440 667 2662 2139 2524 795 1059 2727 2104 2175 2529 352 2444 2541 2185 1242 386 718 687 685 267 143 2740 2833 2399 1009 1776 837 273 1572 2186 2246 2456 2710 1129 349 2584 892 797 2749 2215 1 913 958 2138 234 1411 1215 2158 2455 414 46 2513 1724 2340 1571 1665 154 1360 2801 1947 2709 577 859 2189 1815
000214.jpg,455 1262 2232 822 2137 1568 2470 799 464 1706 653 1127 1140 1831 1282 1655 1789 408 927 1829 838 1024 2236 113 296 1216 2531 1274 2765 356 1503 1273 726 268 1505 1475 314 209 2396 1932 1787 1124 2693 1781 1780 1755 131 89 49 2280 806 2059 139 2794 2715 484 2173 2698 1039 389 1635 1875 2687 2053 452 1506 245 1011 390 999 207 1929 1050 1378 1662 1275 383 1924 2142 1756 525 1967 758 61 1037 1168 1299 1317 1715 805 2301 31 2407 418 780 1022 580 295 225 27
000215.jpg,1525 2623 2263 1280 1084 2572 1371 275 1205 2678 1659 1113 2030 2303 2791 327 2448 1170 1425 474 762 106 2203 2734 96 1032 490 2348 2115 1400 189 2831 1380 1762 300 214 2060 2718 1482 2554 894 1866 1726 1973 1139 1083 2101 946 298 2080 205 2705 1696 1632 1750 2571 1077 874 2153 1347 2132 6 2706 624 2593 907 546 23 183 2168 1263 2514 2293 1602 828 2573 1255 2317 724 516 1502 212 1697 1036 543 2677 632 2165 1352 986 2401 2204 909 448 1152 270 318 2261 1247 265
000216.jpg,702 1830 903 1114 848 1107 931 768 1767 1908 2388 65 2471 284 2601 1310 502 1512 1340 1608 250 1821 103 578 684 1975 1254 990 1845 2624 1235 835 126 1720 297 688 1839 522 1035 1323 2323 395 1144 1922 431 2644 2620 1397 962 1390 2510 851 1232 1075 1184 45 1810 420 1423 1798 1687 2169 2494 117 2056 1219 1197 1502 529 1400 581 40 2561 251 285 2608 2661 2276 333 1641 844 1986 2503 375 1610 1426 1605 783 2216 1064 171 1413 1616 2 1166 1900 2114 306 2502 1217
000217.jpg,1207 2072 714 1137 898 1558 1087 614 1166 1928 1590 895 93 1334 1798 1298 2323 962 1561 1197 589 2409 1333 485 2644 395 1230 1427 529 803 1306 374 572 364 2022 251 1175 1801 545 634 1597 1786 1683 1971 1951 2040 1257 1213 2759 63 2656 101 2504 1900 2242 2149 789 658 2787 1228 2324 2381 1106 727 436 2493 1693 695 1394 304 341 215 2277 646 737 1346 1689 1361 581 291 182 2542 2579 2699 766 617 983 1743 2247 989 1091 2238 1728 1785 1176 76 1631 1883 540 2295
000218.jpg,79 722 2665 2068 1067 2511 246 1547 1134 204 2041 1463 692 2719 2319 2842 2135 1935 442 686 350 2741 217 1126 2598 677 657 1868 2813 2712 140 1639 2436 899 12 2736 1076 1223 637 1464 574 2308 482 1874 2427 255 725 508 2286 1548 619 2708 494 1777 2248 2438 1088 521 1330 2766 1998 2580 2057 2382 2435 1185 2291 2704 2445 447 491 1052 2625 1937 1452 1771 2526 2657 1757 531 2809 1632 106 1892 682 1677 2294 1396 96 1408 400 2499 1473 2257 915 974 1703 1305 191 1165
000219.jpg,2460 557 2363 879 1619 1863 1480 1366 2801 2104 1242 1925 1982 1660 2607 2431 1816 2468 385 2633 2524 2385 814 2517 2844 1539 867 1215 273 667 1684 2298 2139 2184 641 2833 1947 551 127 991 352 1373 2783 299 147 2771 888 1807 1295 262 1530 741 1803 2175 2797 969 2444 1549 2710 2595 1509 795 2185 2776 428 2371 685 1129 2189 1025 143 2576 1735 1341 1811 2138 2094 1939 2529 583 1514 798 1081 1069 2092 1607 577 1440 1360 687 2484 267 1524 264 1278 1988 1291 1571 548 2226
000220.jpg,887 819 1585 1667 2575 1470 1531 118 2328 2065 808 2792 748 2793 975 875 311 7 2416 1211 151 25 567 2310 2488 513 2658 1791 2491 1643 823 2299 568 1670 399 1510 2636 2364 1455 2458 1179 1519 2151 427 1479 336 921 2064 1033 982 320 392 2730 1005 2788 945 2668 1384 710 1325 2147 555 1794 176 2746 1174 1958 2005 1131 673 2341 1977 253 2251 54 2150 2593 1969 1682 841 1783 1347 1290 2778 73 1233 1354 2165 1578 919 1579 2219 292 2282 639 123 542 2647 2451 966
000221.jpg,2706 183 909 1139 2841 1696 2152 2502 214 2348 84 959 1866 941 2115 236 1458 2401 2572 1602 1953 2457 2705 106 744 2831 1171 1525 2263 1214 1113 22 565 1570 1560 5 2677 300 270 2567 298 1365 1280 609 1605 2404 1084 2109 1632 1286 2303 1477 506 2203 1032 189 229 2623 2160 2571 1922 96 6 1221 629 620 2425 594 1844 2591 1397 448 1659 690 2060 807 1766 2620 732 1502 1108 543 2079 986 1080 1661 2128 43 1754 882 1889 762 2153 2150 2554 2448 1217 2498 1205 582
000222.jpg,2104 1242 2460 557 273 879 2363 1480 1366 1863 2524 1619 1539 147 1925 1982 1816 1660 2607 2633 2431 352 2468 385 814 551 2844 1025 2517 969 867 667 1530 2385 2175 2833 2783 577 127 2595 1803 2139 2444 1684 2801 2710 641 2094 685 299 2226 741 1215 1069 2797 1059 2529 991 1341 1373 2138 888 1167 1349 1514 262 160 1807 810 1607 1811 1078 2271 264 1509 2576 1295 1939 267 2619 2758 1355 2092 2455 30 1629 2771 2298 2709 1421 143 2246 2269 787 472 342 71 1291 958 1988
000223.jpg,2066 2113 2178 1389 1115 1213 304 2546 1019 2022 63 1951 485 1685 1306 954 727 1361 658 589 1333 1760 1451 1712 1559 2000 1513 2409 1161 1300 2054 1353 1773 1785 2787 1847 2016 646 483 1593 2540 1672 2129 2437 824 1535 1795 240 1346 1447 426 44 1228 792 16 2024 1749 1990 376 2700 2249 1178 2296 832 2430 1804 751 924 1116 2143 676 1836 1175 545 1502 2111 1727 1714 1469 1713 1113 393 24 465 378 443 2180 2567 321 683 2841 1869 34 371 1224 1171 594 1719 724 2179
000224.jpg,536 1268 121 2333 2090 569 193 988 340 571 1065 332 2786 2227 1256 1132 2029 2108 1588 1418 979 429 1686 1562 2743 597 417 886 802 432 1430 1890 21 729 1879 199 2568 878 2415 554 289 868 1038 2098 2829 2578 1888 2421 1398 1047 62 865 2747 612 681 302 1976 394 2083 1035 72 1906 2640 2423 2221 1757 400 361 743 1266 2122 2671 63 2520 1952 1949 2561 783 1729 2679 323 933 1272 2216 1374 761 1839 1394 2449 986 78 2775 2400 461 893 790 1333 1163 488 2210
000225.jpg,2138 961 352 1571 1828 2614 846 2100 642 2835 600 1964 17 405 573 166 969 2738 2486 1338 1349 1618 2473 1622 2648 349 1341 1540 317 537 1025 2783 2635 2758 195 2372 46 1069 2255 2338 1698 577 1607 2223 511 2466 1539 2412 2175 2340 2226 892 2253 2811 1409 1815 2710 2339 1095 1615 2709 414 1994 665 1270 307 1862 127 223 551 1060 41 1258 234 2399 403 1530 2094 1446 2595 2246 1366 2215 685 2820 1159 1059 1294 1939 1520 913 1078 1816 2481 2158 1514 1572 2444 2208 1101
000226.jpg,2113 2178 2066 1389 2249 1447 376 16 1469 1115 44 1300 1749 483 1353 240 761 1951 1161 2317 2000 1361 485 1535 1394 1513 1727 646 2054 1306 727 658 1685 1451 832 1847 1213 589 2555 1804 954 2437 834 304 1672 1559 824 2409 1773 426 2058 853 1178 1990 2024 792 545 1346 1593 1760 2540 2111 2787 1719 2129 2296 924 1836 1661 2430 1502 2571 2700 1171 1712 2245 2109 465 400 1214 2016 1019 1032 1244 2573 1659 1795 1113 1632 2567 2554 1277 1188 2153 34 1288 1057 189 2216 1865
000227.jpg,1525 2623 2263 1280 1084 2572 1205 275 2448 1113 1371 2030 2791 1659 2115 2101 270 1365 762 2678 2303 1032 183 1866 1170 106 189 490 327 1696 96 1458 1108 214 2203 2718 2060 482 2160 2591 2079 2498 647 1632 2401 2168 2348 1139 43 387 620 2554 2571 2639 2442 894 2831 205 1757 959 2823 474 1973 300 2705 2683 2261 1400 236 1083 1602 1738 2153 2425 1874 1223 909 1591 594 23 2230 661 448 1255 732 1502 669 2734 2111 104 69 1482 476 1425 298 2677 752 2457 1889 1477
000228.jpg,558 2295 135 757 1728 2413 213 184 2408 754 783 1631 1448 1689 761 2472 1597 707 540 1265 1394 520 1801 1231 634 1478 2354 2277 1093 2638 1296 1945 2615 1312 1383 2566 1898 473 119 1269 1984 1849 80 232 1228 1904 149 529 2725 545 19 1558 2751 739 1087 2464 967 2756 424 1333 2508 1757 1839 182 2224 63 2404 214 1785 1722 983 2242 614 898 1298 2072 1889 2323 1533 752 1931 304 1766 2190 498 2644 957 341 2112 2022 1867 375 1061 2351 1139 1137 2169 306 695 1999
000229.jpg,1753 1125 2777 2772 70 2077 2478 1759 2757 2510 315 2561 431 18 1834 1557 951 1252 2015 1842 2622 1165 2818 2302 767 191 277 2315 1443 2702 1938 2685 297 1747 1235 1980 2686 889 1833 688 103 990 853 522 2624 2667 1323 2583 485 2430 67 369 954 1186 2509 426 249 1989 1389 126 1951 29 1012 1413 1306 2000 1869 2409 2143 1559 1391 931 1451 1361 1845 1511 2314 2787 1685 1406 2276 646 202 211 589 2178 1346 1195 1353 768 2113 792 1236 465 1263 1300 1460 24 1001 627
000230.jpg,2433 1453 1490 2713 2545 2034 1496 1796 2376 100 1569 64 2309 48 715 2721 1901 1640 2556 439 562 2272 1860 305 201 1316 51 2650 563 155 1965 1584 260 2826 1096 1948 2088 2289 659 2815 168 1636 747 2352 645 1148 1416 559 550 440 2840 486 1486 712 2050 134 1307 1840 433 784 1878 2337 2133 2553 194 2732 1123 518 2439 2454 2241 231 2649 1437 445 1544 2836 900 2652 1369 2538 1552 1045 1381 2130 1658 197 674 1051 1993 2419 1422 1218 1617 2628 2007 169 161 2631 978
000231.jpg,2045 258 2023 1584 2755 770 747 1029 1320 1362 463 2735 860 1096 1993 1897 1701 1552 1416 1586 2631 64 1948 1788 497 2753 1796 1417 155 2289 622 1617 562 2034 439 1319 1895 2482 1190 51 2721 611 606 2011 2676 992 1627 1569 1710 2837 715 2076 305 2724 2732 712 100 2130 2840 1640 173 675 433 817 2287 906 1208 547 1624 85 2545 1045 134 178 2836 1051 2628 2046 2650 161 1649 1544 1381 2707 319 440 169 1328 259 1489 2646 2419 48 197 2352 2564 2544 201 2538 1775
000232.jpg,1697 372 2268 2167 2823 459 1188 922 411 1911 1456 1995 1082 807 1308 546 285 37 122 586 1260 1284 759 2810 2043 1153 1221 115 1865 2222 443 620 2171 1858 1570 732 2643 6 1090 2666 1763 582 468 1006 1916 475 2346 2313 1702 1603 829 820 1797 1227 1380 298 2573 980 1891 1537 2677 1541 661 1502 2841 1285 956 334 2623 2030 1205 2816 2194 1200 2261 1084 1083 1884 1280 1139 724 2791 2179 1750 629 2216 275 38 2263 750 1761 1263 2245 690 1659 1525 1661 2514 476 189
000233.jpg,887 118 819 1585 1667 2575 2792 2065 1531 808 1470 2328 567 975 2793 875 7 2416 311 748 1791 151 25 1211 513 2310 2488 2658 1354 399 919 952 1769 2299 555 380 2636 823 73 1384 2778 2668 901 1519 2217 2593 921 1510 2491 1958 2064 816 1263 1233 1643 427 2165 142 1670 2722 2267 2147 662 1742 2364 1479 1492 2655 1165 2150 1085 2746 1033 1969 320 1005 2163 1628 2730 568 392 2458 1717 710 1682 2302 1053 1750 2341 1352 1511 2151 1380 1553 487 1455 1243 2782 593 1794
000234.jpg,789 576 1801 2277 1749 2547 1394 1483 2784 1883 2579 529 395 761 2644 545 1304 1631 291 646 2323 596 251 614 1230 95 2785 1914 2202 540 2190 1137 60 374 1176 1197 2381 695 1091 1427 856 1103 499 132 783 1798 1476 333 2759 962 149 2745 1044 572 1087 1856 1743 63 967 400 2242 1839 88 2072 101 1900 1996 341 1228 1999 1035 827 2504 1207 2661 766 581 2238 1334 1898 1346 2441 1217 1180 1213 983 2495 1093 739 737 1561 2040 1558 1728 898 2737 2288 215 328 304
000235.jpg,2769 348 2454 26 1870 925 2649 2538 1369 480 179 2714 712 550 2130 2050 518 1788 1045 1417 735 440 1422 1617 1710 860 1701 2241 1489 2840 2375 305 1552 445 2289 1172 197 1993 645 562 155 1640 1328 1840 259 51 168 2650 2011 463 2721 433 1569 524 2088 260 611 64 1782 48 1983 2631 134 2200 2148 2826 2836 2419 161 1319 1029 2439 659 169 1796 977 439 1658 2707 2652 2544 1895 1444 188 100 769 970 1544 2556 900 947 1878 1381 1208 1624 2574 547 1496 1649 563
000236.jpg,577 2138 2648 127 352 2710 2175 147 969 2709 511 1355 1167 2595 1270 1939 1815 1803 1025 2783 2513 472 2444 1539 2246 2104 1811 2466 2481 2455 1258 403 600 1159 2226 1629 1619 961 685 665 1863 1059 1524 1530 2339 1571 273 2100 1622 267 2619 1009 1069 2473 879 2431 551 837 2385 1816 2094 2758 537 1509 1341 1660 2063 1242 846 226 1215 1366 1862 2468 2340 2616 2486 573 17 2372 1630 667 2738 385 2013 1446 1607 223 1294 1540 2266 641 2460 166 2607 1925 2517 1338 1078 1349
000237.jpg,956 1882 2194 2261 1227 669 829 661 1221 582 1153 1697 546 285 476 6 1995 1761 2168 1797 732 1083 1911 2643 620 2425 115 759 1380 1260 2677 2623 1267 1541 2167 448 1525 2823 2572 629 1084 1108 1702 1188 1603 820 1280 796 334 2313 807 2593 750 2222 922 1456 2263 1661 946 1560 1090 1032 2387 372 2268 1537 1400 980 2355 2706 459 2573 2831 1286 1884 1866 1659 2118 1200 1763 1387 2691 2791 1082 1205 762 724 690 298 1858 909 894 2512 1638 924 275 2030 1285 1284 586
000238.jpg,1361 1451 589 727 658 1306 2000 485 1951 2054 1559 2787 646 1175 614 2072 1137 44 1389 2409 2113 1447 2066 1685 376 1115 2178 1300 16 954 483 2540 1593 1207 832 1513 1353 1535 1672 1469 240 1161 1346 824 2016 1178 1847 792 1773 1804 2437 2129 751 2700 2317 853 426 676 1749 29 1244 2296 2249 1712 1795 2430 1836 1990 1760 2024 1116 2490 1869 2136 393 724 2111 1719 2533 2143 1149 594 1714 683 1886 2180 2320 915 761 1713 1263 1113 1482 1106 863 2080 378 1881 36 34
000239.jpg,2071 1790 222 850 1504 1933 2512 1321 1098 2156 2750 2691 1638 2201 935 2355 1305 836 2096 1052 2362 1709 2432 1436 2218 2342 1806 897 2645 2446 2537 1621 599 2642 1911 1023 1145 141 2593 2452 666 2163 2055 401 99 1510 1628 823 2450 144 755 1085 177 1717 320 399 2449 1736 1387 2420 1160 1200 1676 816 1682 2655 2636 73 2318 1233 1479 380 1550 908 1865 451 1808 2167 796 1661 630 2722 829 2168 1006 443 476 1757 1105 586 1474 2087 678 2060 1032 2083 1188 724 1910 1058
000240.jpg,2021 2320 2533 1149 967 29 2756 213 2673 754 2408 1597 286 2638 2172 293 634 1689 1728 707 739 1231 2354 1448 2615 1849 1478 1265 2787 2413 2224 119 184 2295 1269 1867 1804 135 1722 1296 1383 1529 2472 558 1719 2566 424 80 2390 757 218 19 1533 520 1733 1984 232 1312 1945 2143 2024 426 24 529 646 2430 291 1798 498 1334 2644 1298 2323 983 364 962 540 1558 2744 425 1346 714 1427 1839 388 1207 789 2260 1801 898 1061 1426 2493 76 1693 2464 1091 395 1166 2324
000241.jpg,2183 1439 482 2051 1931 2526 2220 2089 574 2291 939 2057 1223 2704 1433 598 2427 2445 2683 255 2639 1874 494 217 2435 1330 647 1088 2499 1899 368 1725 1555 146 531 657 2719 444 637 692 447 1408 2440 1942 608 521 2308 271 994 274 864 2319 2589 677 508 526 2712 2657 2438 1592 1998 2728 1677 128 2037 944 2813 1055 725 1881 2475 1892 682 2708 1721 2625 1185 1771 686 1876 2617 1639 1473 1501 136 2766 491 1937 2207 329 619 2809 1817 347 1902 2569 2393 1944 1777 12
000242.jpg,2460 2363 2104 557 1242 879 273 1366 1480 1619 2524 1660 1863 2633 2607 1539 1816 1925 147 2431 867 1982 2468 385 2844 2517 814 352 551 1025 667 2783 969 2385 685 2444 1684 2175 2139 2833 2226 1530 1803 2801 1059 2595 2529 1215 2298 1514 127 641 143 1069 1811 1652 2138 1349 342 810 1167 1341 1988 741 1373 1629 299 795 2710 577 2231 2797 71 2576 472 2100 2271 2758 1509 2738 718 991 2619 1815 1571 2092 1295 1807 2771 30 527 1607 2455 888 166 237 1440 2246 1939 1264
000243.jpg,767 277 1938 1833 1443 889 2686 1747 2496 1753 2777 1125 2478 2772 2077 70 2702 211 951 2315 1759 1834 315 2302 1165 2818 1980 2757 1460 1557 1252 2015 369 1989 191 18 1842 2622 2685 2624 297 500 990 103 2245 1845 1235 2620 1884 1793 980 1080 988 126 36 688 733 522 1952 1413 193 1263 1023 1323 1188 1511 1431 2249 2514 536 1593 1502 401 824 2346 2507 1353 1916 1817 2055 1340 954 1891 1711 1628 1308 1548 2535 400 1346 475 2276 2667 1881 2666 2118 2216 411 473 1570
000244.jpg,2352 194 1051 1218 1261 1948 1096 1416 2272 2628 1496 2815 2556 64 1316 1569 1658 1636 562 48 1640 439 1860 1965 2721 100 51 1381 2836 1544 305 715 1796 2767 155 1782 2241 2439 201 1584 2837 1649 169 2034 2650 2713 2433 2545 2707 1054 1328 1444 1993 1840 947 2631 1663 645 1617 1586 2289 1679 712 1623 747 497 445 2309 1045 2840 440 2050 2130 1552 2376 1490 563 319 231 518 2088 2755 2011 1422 161 260 1895 2023 1253 1148 735 2732 197 1878 550 2649 168 134 433 2652
000245.jpg,1005 2746 2290 2299 2730 2364 2788 1243 544 2151 673 2549 1946 593 1670 1379 1794 1068 1311 605 1131 1783 1966 1110 434 336 2516 365 1968 811 1526 870 568 1325 435 2417 410 1442 821 2830 730 1871 1040 257 1511 2843 2697 1079 1020 1731 937 338 1779 1581 1142 678 1969 2145 2005 2377 1138 1527 2251 535 2613 2243 2219 1573 717 406 2519 1385 2087 610 1850 253 774 1424 2492 881 2102 2341 709 2095 1455 1992 800 1094 2680 1800 1913 1707 1174 2006 1936 248 1133 1466 1007 1645
000246.jpg,419 2554 2153 894 96 1632 1927 189 106 333 752 2060 761 309 1217 1032 2317 856 924 2567 2751 957 1801 1093 1727 2555 834 1214 2277 1892 1013 785 1035 2249 2114 2216 2547 1171 1703 2141 2526 499 783 1889 22 1931 2058 1365 2263 1987 576 2079 448 1394 1363 2197 2623 2841 1471 1907 2823 1487 2591 1277 1288 45 468 2111 1685 1865 63 844 2502 824 213 2160 861 465 2522 509 1019 2037 2401 1364 2169 757 95 2022 596 1839 1960 2571 306 815 1677 545 592 1336 1144 620
000247.jpg,2656 2149 1693 1786 1971 1257 1106 310 2827 1743 983 2441 695 95 596 1176 132 2190 149 2787 751 1856 182 2745 1343 1333 2202 76 2040 1346 2737 364 63 2112 1434 1900 2242 2504 436 1091 2381 215 989 576 766 2547 2022 803 962 2238 949 1357 341 572 1230 39 789 328 737 1298 1207 1004 1999 251 2288 2542 581 926 374 88 291 101 1914 1137 564 1818 1798 2114 940 2785 1476 75 1427 617 614 1180 407 1334 2759 2072 395 2495 1213 1785 2644 1087 1996 2579 1166 2323
000248.jpg,79 2068 722 2665 1067 2511 1547 246 1134 1463 2041 204 2135 2842 2741 1935 899 2294 725 1944 1055 686 692 2728 1868 2319 2719 442 2766 2580 350 657 1076 2736 1126 140 447 494 508 2583 1006 1452 12 67 677 2057 2207 2286 1474 2509 2825 2435 745 359 1881 761 2708 1001 1886 2436 627 1173 1162 1998 1892 2003 1088 2535 2296 703 1874 1132 1931 2055 574 2449 2248 1300 2589 202 2350 792 1027 1899 1548 1473 2787 443 2598 1757 995 249 2463 1408 205 1308 1012 1464 1185 2625
000249.jpg,2471 2601 103 502 297 1235 990 1845 2624 688 1323 126 903 1767 1114 578 1830 702 2388 284 1908 1107 65 1608 250 1821 1186 1310 848 1391 684 2314 768 1413 1512 1975 2276 931 1340 1839 2323 1035 395 1232 522 431 962 1723 251 2561 2510 2644 374 1916 1397 2620 1605 1810 1390 1798 2502 581 803 420 475 1137 1720 2 2759 304 2346 1144 614 1166 2216 1558 1334 529 1427 1333 737 2022 2699 2489 1394 2768 594 851 40 1207 1922 436 2663 898 783 601 545 714 1230 215
000250.jpg,392 301 2331 1419 2763 519 1992 2102 773 1779 1385 2145 406 1894 253 1131 2318 1200 937 336 1527 1442 2303 568 1455 1387 742 338 1007 2341 1267 1783 2420 1794 730 2243 1526 1707 535 248 610 1020 1142 186 2377 2593 1659 1425 796 2519 2299 2516 205 870 1581 2573 1969 2132 678 1077 605 2030 2087 946 2251 435 1871 1243 1205 2151 774 2245 1263 1850 2697 1511 2680 1325 365 1133 2830 882 813 1682 1645 544 1670 2492 630 2730 648 1379 821 2101 1094 1548 2005 1057 1068 1479
000251.jpg,1503 2565 2531 1875 241 2142 495 1024 1843 268 1011 131 2285 452 1274 653 840 2765 53 799 1127 290 389 1039 999 467 2693 2715 89 2634 580 1097 1293 758 1568 1022 159 2687 31 1706 464 726 1932 331 1378 408 1789 2232 1262 1124 326 927 2465 2505 1282 1140 2698 2470 49 806 402 484 1037 2053 1787 1216 1143 1918 1662 363 471 346 1275 2301 1026 1813 1929 822 1635 1822 418 455 780 430 1730 1923 655 139 1505 113 2407 2091 1273 1756 936 324 1297 1395 390 138
000252.jpg,2454 2769 348 26 1870 925 2649 1369 480 2538 179 2714 712 550 2050 2130 735 1788 1417 1045 1422 860 518 440 1489 1617 1710 1701 2840 2241 197 2011 2289 445 463 51 1328 2375 433 305 562 1993 645 2650 260 155 1552 1840 1172 1640 2088 1663 169 1029 64 2721 161 2826 259 1569 1782 2837 439 1444 2439 2836 1796 1983 1146 1895 563 947 1624 1656 900 1649 1752 1544 48 2707 2544 2044 715 168 1934 2082 1486 556 2817 100 1092 817 1202 611 524 970 2397 2767 2148 2574
000253.jpg,2798 2629 1429 2428 2120 377 2539 729 828 2038 933 672 358 1754 1952 2335 2083 1249 1764 1910 1070 2578 2031 2640 2221 2795 698 1049 536 176 2451 1255 932 1431 56 986 2384 1033 2668 988 193 2032 36 1449 1189 2317 2090 123 2572 1393 1757 680 1521 2387 1132 1668 733 1793 669 306 2150 1588 427 476 2602 2448 1374 1084 292 964 866 2520 2263 1553 839 2380 882 2111 1477 2571 901 2623 865 500 2718 1399 2828 2725 1525 874 2210 1223 1170 2508 1280 1053 959 142 1866 2267
000254.jpg,431 2510 70 1753 1125 2777 2772 1839 2077 1759 2478 2757 315 1557 1165 18 1834 1035 2622 951 2302 1252 191 2818 2015 1842 1938 2686 767 1443 1833 1747 889 277 2685 2315 1501 1263 915 2496 2249 309 2702 944 128 1548 677 1884 1267 1980 531 980 400 2514 823 2216 2561 2089 637 792 2245 1931 2636 1892 1217 2299 1750 269 853 657 1510 2526 202 2296 2003 954 358 1881 2665 1628 1406 1326 1764 722 2509 1353 2154 1952 1757 2000 2014 2589 1904 465 426 2567 1012 306 2475 442
000255.jpg,575 1669 834 2080 2555 1482 1523 1044 333 1727 309 1244 2695 2383 441 761 2254 863 1646 2317 393 2058 2550 2233 1267 1450 2136 924 457 1277 1734 845 2216 2360 373 603 2192 1507 2630 2249 1353 830 2234 584 1016 1620 2159 1487 2395 1456 1028 1550 2623 1217 1032 2293 1919 1990 897 2752 2166 339 1322 1995 83 2167 1690 1321 110 2129 2326 2463 2156 736 1147 2347 1300 2019 1674 2245 1611 1188 796 1621 1263 1006 624 2823 1666 1661 2452 2514 1352 2296 1200 1517 462 2437 102 1703
000256.jpg,2018 2146 2284 764 2008 719 2551 1289 190 1403 1493 1577 914 1534 35 1157 664 1351 723 1204 1915 2582 1997 2824 615 539 2209 862 1359 1751 206 303 2658 343 2019 1136 1566 2110 2585 652 812 2252 2426 2603 1583 1226 2067 1669 2449 107 2225 1066 1239 488 1368 528 55 1651 2754 2410 1691 1179 905 763 1772 1507 1367 1177 2247 7 1209 2349 2434 2573 1250 450 1194 1757 8 1210 2400 1271 1977 2604 66 276 42 306 1854 938 1206 540 873 930 1745 1880 1087 1970 2086 2536
000257.jpg,2502 2152 941 1605 84 2841 214 2348 1139 244 2141 1171 2567 1616 744 2751 1214 1371 22 924 909 2706 509 594 2203 844 957 1184 1927 1199 815 2404 621 189 2060 420 117 1987 1632 2179 171 1602 2030 2768 1198 2678 986 1397 1488 2494 1502 40 1979 2554 1960 1364 1766 419 1064 851 481 1726 2197 45 2503 2705 454 2522 1757 1953 894 1889 1866 1219 1144 2620 2608 1603 1251 1255 959 2760 2153 2448 1205 2726 2162 1515 2761 592 300 2056 1922 2188 2612 2464 2591 807 2688 167
000258.jpg,645 2011 445 2840 1029 2707 197 1328 1649 463 1054 1679 1253 433 1623 2767 2289 1663 1444 947 2735 1552 2375 2837 169 2836 1895 161 1544 440 2650 2050 2130 2439 1782 2631 134 1045 769 1218 735 1658 1422 1617 1261 1993 51 2628 2241 2088 319 950 550 173 2352 562 1381 1202 2287 613 1640 194 1788 1775 712 965 1496 2482 179 622 1172 826 259 2626 1948 2676 2133 305 1320 2724 1051 2272 258 439 1584 2477 178 266 2084 2538 2076 260 2069 900 155 2564 860 2732 2649 563
000259.jpg,2538 2769 2454 645 2649 518 348 445 1870 26 480 2011 712 550 1369 2840 2050 2631 2714 1029 1552 925 2130 735 440 259 463 1045 179 2289 1328 1617 1422 1993 197 1253 2241 1623 2707 2544 51 134 1054 433 155 1895 1788 1649 2375 2088 562 1640 2650 305 635 169 1679 1840 2837 168 1417 1782 319 2836 1172 2044 947 439 260 1878 2133 563 2076 2082 1444 1663 1544 2735 547 2439 64 965 1208 611 1381 556 2287 1658 1983 161 2419 1569 2270 987 1386 1319 2676 659 1710 860
000260.jpg,2044 85 2411 1656 2501 1934 2528 188 312 611 1644 1102 987 2832 1319 2790 635 1624 2817 1405 943 221 556 1926 817 1407 2300 547 1386 2082 1422 2270 463 1617 550 259 2574 1983 2670 712 2544 2397 1092 1993 2800 1029 2419 1190 1428 1552 74 2344 562 2837 2307 1208 1158 2724 4 1796 826 1045 283 2454 2564 2676 1414 2358 2007 1788 2631 2652 305 1782 1848 2011 2045 606 2836 219 2424 64 1627 197 2050 2076 2538 1369 1146 911 1328 2289 1046 2840 2133 266 659 1417 2084 900
000261.jpg,850 222 2512 1790 1504 2071 935 1933 1305 2096 1098 1321 2691 2355 2156 836 2750 2362 1052 2201 1638 1709 2432 2342 1806 1436 897 2446 599 2452 2218 1911 144 1621 443 2537 8 1671 586 2449 1006 1090 666 745 325 2642 2593 1082 2535 1661 141 2317 205 1308 1474 1763 1023 1447 2167 894 2194 1757 986 1469 2261 2554 629 2823 2163 2645 2249 1145 1227 476 16 459 661 1632 96 796 2030 1032 1866 2425 1387 516 1380 1910 2153 37 829 1676 2623 448 2083 189 2058 2060 399 2268
000262.jpg,257 937 1731 535 2377 1527 1871 1138 1385 1779 406 2145 2613 1516 1894 1800 1645 1992 519 773 2102 742 1526 410 2763 811 2341 253 1455 186 1007 1707 336 605 365 1325 709 2516 248 648 2219 1040 1969 434 288 1442 392 1424 1131 1068 544 1511 1110 568 1133 821 2830 1079 1419 610 1311 301 2549 1783 435 1966 1466 1020 1005 678 2788 730 870 2290 338 2730 1946 2299 1794 673 2364 1142 2746 2151 1495 1379 2331 1581 717 593 1670 1850 2251 2095 1243 1573 1968 2417 2005 1718
000263.jpg,1083 1702 620 2643 732 759 582 181 1797 1260 6 546 1221 285 2313 1858 807 468 2425 661 2261 2194 1697 2168 1153 1188 922 1227 476 956 829 2816 2263 1761 669 1865 2153 2043 2171 894 1108 1763 229 1891 586 2498 1696 387 1603 2823 820 1525 1541 1456 762 2831 1090 2111 37 1032 189 2810 411 1380 270 2623 2554 2442 1560 1139 1916 2705 1284 2666 2167 122 443 298 96 2677 1570 2060 475 2448 236 1632 1082 2346 1286 300 448 2571 334 1995 594 2079 183 2572 1285 1502
000264.jpg,2769 2454 348 2538 26 2649 1870 480 925 1369 2714 550 179 518 712 1788 2050 2130 1422 1417 1172 259 1617 1045 735 562 440 305 2721 1552 2289 2840 2088 260 2650 168 433 1092 1901 860 1190 1453 1701 2375 445 1993 1895 2544 2631 2574 2826 1640 1710 161 2148 1983 64 2676 1569 51 524 1878 2358 1328 2241 1208 2309 977 219 197 2724 463 439 1489 201 563 2337 100 155 1148 715 2011 645 2200 2433 2652 622 134 635 1490 1860 2670 48 1840 1796 2707 1496 784 231 2424
000265.jpg,1946 2394 1325 937 257 1005 2788 2549 2290 2299 673 1526 2730 2364 434 2516 2746 544 1871 1731 593 1511 1670 1966 2145 1442 406 1794 1783 365 1068 1243 416 1778 2151 1131 605 1779 2219 1455 336 1969 1311 568 1138 662 1040 435 1110 2064 2377 1385 1133 2005 105 921 535 7 821 1384 1379 2697 2251 253 1968 1002 186 1527 2458 852 2417 875 1142 2341 2416 942 1516 774 151 1581 1020 2519 1573 410 2830 1495 678 2793 301 2613 1479 908 1681 1718 800 2085 2243 966 2102 248
000266.jpg,84 941 2841 2348 2152 214 2502 1139 2706 909 1605 1866 1602 1953 1696 1525 1280 2572 106 2115 2623 2263 1171 1084 2567 2109 744 96 1032 1113 22 1214 1365 189 2554 2203 1659 1632 2060 2303 1205 894 6 298 1661 2153 327 1570 2831 2677 594 924 2179 2705 1502 1263 1380 300 183 629 762 1738 275 2030 1750 2404 1603 270 946 1760 973 2245 1477 1397 2448 609 690 1697 2401 2571 986 1221 1537 474 448 2457 1400 1285 582 2620 1922 1083 1757 285 882 1153 2425 2791 546 1255
000267.jpg,126 2624 1845 688 1235 1323 297 1186 103 1413 2276 1391 2314 990 522 1340 931 768 848 1767 2667 578 1720 2471 2601 1254 502 2388 1114 835 903 1830 702 767 1165 2302 315 1557 277 1759 2622 1406 249 973 2315 1012 1608 65 250 1833 1938 2757 2772 1263 191 18 1753 676 67 1053 1834 951 2077 2777 1125 1443 750 1989 1285 2685 2015 2509 2478 334 1107 1603 2620 298 1252 2409 1747 1821 531 2299 1195 1570 1397 889 1842 1922 627 73 2583 1869 555 380 907 211 1750 2668
000268.jpg,1506 1780 1141 383 2070 1356 252 1505 113 2311 1598 525 858 1248 625 1435 455 1216 679 49 245 2232 1262 1140 1829 408 1282 654 2137 2669 1781 1299 1168 139 61 1127 192 822 216 2470 296 2794 356 2280 838 2396 225 1924 207 1273 2164 2698 1568 1787 1124 2025 209 1692 2173 239 2279 1274 331 33 27 1612 655 2062 1503 1024 1918 464 1500 1706 200 618 2316 1293 1097 1875 2765 726 1472 1026 2091 2053 2467 2690 1941 2531 643 1143 1021 430 131 2632 580 31 2611 471
000269.jpg,1773 832 1795 1161 1513 1847 1593 1535 2700 751 1346 2016 1559 2437 2129 1672 1836 1353 1990 1451 2111 1361 240 1685 2787 483 1300 954 2000 824 1178 646 1749 1224 1713 1116 1447 2540 2113 2066 1714 44 376 2178 792 1760 1389 47 2054 683 2296 1115 727 1838 589 2409 658 1469 16 1693 1951 485 2422 2235 2523 91 2180 34 1306 465 2430 2172 83 1712 2563 1869 1804 2673 2149 1697 29 2245 378 1188 2317 2656 359 1919 321 1502 1227 2533 1057 2573 2827 2816 286 371 594 1881
000270.jpg,1145 1023 1504 222 141 2055 2691 2071 2512 1806 1638 1933 401 1790 2362 2163 850 1052 1321 2342 1628 1098 1305 177 2636 2355 1717 2098 2156 99 612 2750 1160 823 2747 1510 836 1047 816 2655 1085 2201 399 935 1233 2432 380 2096 1188 73 1808 411 599 2722 2003 1173 666 703 1709 922 1436 2325 285 2014 1911 473 1881 2378 1227 1697 306 829 2043 1661 2537 796 347 1162 2446 2589 1889 2642 1484 110 995 2449 2167 2171 2535 1326 2404 1666 2463 629 1221 451 2677 122 1074 2816
000271.jpg,789 2784 1749 1883 576 2547 2579 1483 1304 1394 646 1801 2202 2190 1176 95 132 2277 1476 251 1091 596 60 2745 1743 1914 2288 2381 695 761 766 545 395 1900 2441 1856 1427 1996 1180 581 926 88 2785 777 39 2238 2644 291 564 374 2504 341 2495 1044 529 215 983 1230 962 614 1786 149 1971 1106 967 328 230 2040 1818 436 483 2114 2281 803 737 63 2759 572 1693 364 101 1137 989 1357 1103 2242 1213 333 1798 1999 2827 1300 1257 1353 2323 304 856 739 499 2737
000272.jpg,455 1262 822 2232 1568 2137 2470 1140 1829 1216 1124 1924 799 2053 464 1037 1706 1831 1273 1024 1168 1299 113 2531 2279 1503 1789 1918 726 1932 268 1475 2236 927 391 1655 452 2693 758 653 2142 2765 89 1506 2698 2715 2285 389 241 131 2634 2465 2505 1612 1011 1875 1293 840 1097 2687 1022 580 2611 418 290 324 1039 1281 467 806 1505 1692 1143 1755 1062 1822 129 159 1923 1395 31 1274 1127 314 501 1378 1756 2806 805 1635 1780 1275 2059 478 2407 2565 1813 1662 326 780
000273.jpg,1663 1444 947 1617 1328 712 2836 1045 1782 169 2241 2837 1679 2707 1993 2130 1489 2050 1422 2011 1369 1623 2454 1649 51 1054 735 2840 179 197 1710 440 860 2649 1417 2767 445 1552 900 2289 550 1381 463 305 155 221 1796 645 1640 1870 1544 480 925 26 1658 260 1701 2439 635 1486 2714 2832 1029 348 1934 1437 943 1405 2790 562 563 1569 1102 312 1656 2769 2817 433 2826 1407 1926 2133 134 518 817 2300 2082 1624 2411 2528 1218 556 2631 1096 64 2088 439 2721 1644 85
000274.jpg,2510 70 431 1753 1125 2561 2777 2772 1839 2077 2478 1035 601 1390 2 2663 1759 2757 2323 502 1075 962 1114 1810 529 2471 1908 2601 103 2644 1801 284 395 2242 578 2759 1798 1767 2532 1334 581 1310 702 1830 684 634 789 461 65 1207 1333 2504 374 2583 1107 2216 250 2699 1106 1928 1821 903 72 1608 545 1176 1230 436 1346 1976 1137 2277 898 2493 1512 2829 1394 783 1971 2656 2299 1693 737 1558 1087 1180 251 1257 1986 2542 1197 714 695 1219 2022 2040 1916 76 2495 2579
000275.jpg,1790 935 1933 2071 2096 836 850 1098 1321 2750 2156 2201 2355 222 1709 1504 2691 2432 2512 2362 1638 1052 1305 897 2342 2446 2593 599 2645 1806 2452 666 1911 144 2642 1436 2537 1006 1621 1308 2218 1082 1145 443 1090 586 1023 2167 2449 630 2420 141 796 73 1380 1697 459 1387 2318 2317 1763 320 2268 1085 2249 1200 177 2555 1682 2535 399 99 946 2163 761 1676 37 2058 380 1510 205 1628 1456 1188 745 629 834 922 924 2055 325 8 2194 1474 401 624 1233 2293 661 1479
000276.jpg,2636 1145 2722 1023 141 2055 401 2163 1628 99 72 1510 2009 823 399 1160 172 2655 1717 1085 1808 177 816 460 380 73 1233 2747 1047 612 2098 174 2775 1415 164 694 599 2452 1504 666 156 2537 222 2642 2577 1784 1881 2355 2446 453 2841 1321 1638 2691 2449 2003 1661 1757 1933 1098 2589 850 1214 2216 2658 1139 1817 1806 1241 2416 2156 2512 703 724 2706 2342 2096 935 1322 1173 1263 632 1397 1790 2567 1074 1671 347 136 2167 2362 897 1666 2071 2677 1911 745 2325 901 1674
000277.jpg,2018 2146 2284 719 764 2008 2551 1289 914 1493 35 190 1351 1403 1534 1577 664 723 1157 2582 1359 1204 2585 303 615 1915 2209 539 2824 1997 450 1772 812 862 1136 343 1751 2361 2603 66 206 871 2536 1087 7 1583 2110 545 873 14 2426 1246 1745 652 1210 2242 1271 2067 2019 1228 2252 2434 1963 233 1801 1566 2022 1879 1970 63 2658 2449 2238 1333 528 2559 2400 930 374 579 2225 1729 1367 701 783 488 251 998 2277 2459 101 1558 1239 2349 898 2157 2196 2040 2247 2754
000278.jpg,352 2844 969 1539 2833 2797 2092 264 2484 2139 299 1982 2371 1925 2455 2269 2576 837 1009 1815 2063 2801 1025 1549 1242 1349 1814 1122 2460 428 1619 1589 891 1571 2776 1366 2524 2100 667 2104 2189 1540 2226 2473 2138 557 879 1618 46 414 273 2175 2486 642 1215 2783 961 2363 741 551 2635 17 267 846 2185 2338 1622 1863 1735 1514 1684 2731 1338 1129 317 2340 2412 600 2529 1816 2444 2710 1480 2584 795 143 2517 349 1291 2385 90 1159 234 2403 573 403 195 1698 2223 2253
000279.jpg,1583 998 567 517 919 778 2252 382 1970 952 1354 1769 2711 1854 2778 227 930 1063 2682 928 1657 1179 2729 2491 1977 1470 1651 916 841 1531 982 1579 7 1578 2042 2225 748 114 9 945 2379 763 2349 639 2792 2723 1851 2361 2647 923 579 528 1920 1239 1210 1879 1368 1770 2304 1367 1271 2559 515 2459 2026 566 1209 2658 2067 1154 764 871 2081 512 2551 2618 1963 118 701 2462 1819 1566 2008 492 2097 1791 2284 719 813 1163 394 2018 2582 2146 1204 233 174 1864 1415 1403
000280.jpg,1967 1635 390 1715 1050 1097 1293 1648 726 1822 314 580 331 159 1143 2406 326 999 655 2715 31 1118 2053 1011 2062 1140 2765 430 805 2236 2465 2505 1124 478 2531 1662 1024 1475 1789 1503 1755 484 1692 2687 1756 1216 1378 927 1831 464 89 1317 1706 1187 758 2301 363 2407 1275 1395 1472 1273 1829 1730 2698 1037 2059 936 346 389 467 786 1655 1918 1568 1018 782 1297 108 1022 1026 2806 799 452 1929 268 806 628 2821 471 1932 2634 455 2632 1647 2429 1008 1039 1274 2142
000281.jpg,924 37 1082 586 1308 1090 1487 443 1763 922 1006 629 1697 2841 2216 1456 2677 2535 122 1703 325 1474 1188 2167 745 2706 411 1288 1284 2249 327 2268 2222 1661 275 1205 1659 1153 298 1891 946 761 1380 986 1525 882 1570 796 2573 2179 1537 594 2572 459 1285 1073 1757 2554 1502 1221 285 123 1400 2666 973 1139 2831 1916 546 1113 2705 2623 1541 2109 334 1322 1032 1603 96 2245 2303 2000 750 894 475 490 1280 1200 2317 2593 6 1911 2043 820 2449 2567 1255 1084 1559 2153
000282.jpg,2034 2545 1796 100 1569 715 48 64 2433 2721 2713 439 1640 1584 562 1490 2376 305 1453 51 1860 2309 155 1496 201 2272 2650 2556 2023 2755 747 1316 2045 1948 1096 1993 1901 1416 2631 770 1636 2352 2815 1051 1381 1658 712 2289 563 260 1965 2241 1617 258 2836 168 1782 2826 194 2088 2628 2439 1218 2050 2130 1417 1544 550 2837 1045 1369 2649 440 860 169 1407 2454 947 1422 1261 1870 1840 26 1328 2714 518 1878 2538 735 1444 817 179 134 197 645 659 1029 1649 433 1489
000283.jpg,2065 982 887 819 118 1667 1211 2328 1585 2575 808 2310 2793 311 2416 7 875 975 1470 2658 1531 1791 25 2488 151 2225 513 763 1058 748 2792 1301 2140 446 2005 2636 451 530 565 1850 2251 2519 2697 800 813 2491 677 1567 1179 1174 1286 1550 506 1904 1757 1844 1200 1188 1909 662 1560 2507 678 2425 1105 400 1142 1977 585 2778 2150 1145 567 1227 1321 1023 897 829 657 908 1621 1032 1808 2243 309 1554 1673 1042 744 1797 2496 1936 2492 229 1094 519 1214 2006 271 1387
000284.jpg,1805 775 2586 1611 794 2621 1169 357 2329 1626 960 2368 2447 2780 279 2701 693 1517 2651 2630 830 1450 2275 462 1732 603 1678 2684 2297 1147 1244 2347 2518 1646 863 1372 1120 2211 1620 393 2136 339 1073 2345 2637 1382 2080 2525 2805 876 575 1259 1482 2240 1959 2020 1016 1014 2605 2254 10 2748 469 2395 584 2159 2192 1809 2360 457 321 86 379 1410 1734 2166 676 1028 1459 845 2234 2326 1690 102 2802 1669 1195 187 2752 371 1869 32 2233 2383 378 736 373 1943 1594 1523
000285.jpg,65 1310 1107 1512 284 702 2388 1908 903 1830 1114 1767 2471 1608 2601 502 250 1821 684 1254 103 578 1975 931 768 835 848 1340 1035 333 1839 2510 856 2079 1720 431 1013 1940 400 2216 581 2661 1217 1801 2197 2644 827 395 2579 2705 2277 1336 448 1232 1363 1130 1144 2323 167 1610 2160 1315 2313 1922 1104 374 1075 300 1986 2114 45 1064 2620 529 1364 576 2425 962 1810 1400 2561 990 2495 2759 55 251 1907 2699 2506 95 789 1251 1401 596 761 2547 2641 1184 1065 2489
000286.jpg,1752 1545 1146 2389 312 2832 987 1102 1405 4 635 59 1624 2411 1934 2501 1644 85 2528 2790 1656 221 556 1407 943 2817 626 1926 2082 2270 1202 188 2300 1386 1737 2044 817 826 547 283 611 2069 2367 1422 613 1319 1617 712 950 266 2477 2840 1328 2714 1993 550 463 1045 2011 1799 445 2050 440 2837 2631 735 2454 1029 169 1190 1552 1983 860 947 2241 2574 2556 1444 1316 2133 480 1663 2312 433 2544 1489 2424 1623 2515 1782 1468 900 2289 1369 305 2130 2375 2836 1796 1417
000287.jpg,2437 1672 1836 1057 44 1749 1990 16 1447 376 2700 1469 2317 824 1593 1178 1535 1353 832 1224 1727 1116 483 2555 1300 1713 751 47 1773 2058 1161 834 1714 1449 2249 683 2000 2129 1513 1795 761 1559 2111 240 1838 2180 1451 1346 83 1361 2296 954 2787 1523 1277 2016 1483 845 2422 2523 792 2695 441 465 646 1685 2383 1919 1847 1147 1760 1620 1482 34 2054 2563 2518 2080 2166 1456 2554 993 603 2096 946 1869 96 1032 1036 2540 1410 371 894 1804 2239 1943 1678 1120 1308 400
000288.jpg,783 1343 2737 949 2112 1004 1093 940 1999 1103 617 1434 1856 2441 2827 1561 198 1914 983 596 2542 75 310 95 540 2785 2497 2242 407 1743 2190 60 2745 2202 695 1304 1693 1298 1176 132 341 88 2547 182 1683 149 2413 1476 291 576 364 1091 328 63 1898 2022 2295 766 2656 2238 1334 1631 1230 1846 2644 2489 1346 2323 1333 898 558 1996 803 1087 374 2149 529 2759 1197 1801 777 2040 1207 2504 1483 135 1971 395 499 2114 714 1137 1257 101 1166 614 1785 251 581 2072
000289.jpg,1944 1055 2294 2728 725 2207 494 2766 447 2057 2435 2291 2825 2741 1899 1056 2135 574 2580 686 692 2842 899 204 1223 1874 2248 2719 2319 2736 2813 657 1126 1547 1067 1463 1937 2511 442 146 1452 2382 1464 2068 1185 1777 1076 1639 1473 2708 647 1935 2041 2286 79 12 722 246 2683 140 1868 2809 677 627 249 1721 2665 948 1134 2639 2393 2438 1408 974 1012 1876 1942 1001 682 2350 994 1771 1088 804 1439 1892 2583 329 271 1677 1998 67 1886 1757 2499 2509 2440 526 2037 864
000290.jpg,2183 482 1439 2220 2526 1931 2051 2089 939 574 2704 1433 2291 1223 2427 2445 2057 255 598 2683 217 1874 2639 1330 494 647 2435 1088 2499 1899 368 531 637 1725 521 146 2308 657 2712 2719 1555 2657 444 692 619 1408 677 447 2617 2440 994 608 508 1942 271 864 2438 2589 1677 1998 2319 274 944 2625 2037 1771 682 2475 526 1892 1881 2813 128 136 725 1721 1639 1592 1501 491 2708 1876 1185 2728 1473 12 1817 1757 915 2393 347 2766 2436 1654 1777 2809 442 1055 1263 1582
000291.jpg,1944 1055 2294 2728 725 2207 2766 447 2825 2741 494 2135 2057 2291 2435 692 899 1899 2319 1056 204 2842 1126 2736 2719 574 2580 1874 686 442 1463 2511 1223 1547 1067 2248 1935 146 246 2041 1134 2813 2068 657 647 1452 722 1937 2286 2708 1076 2665 79 1777 2382 1185 140 2683 1868 1639 1464 2639 249 2350 627 1001 804 1473 1721 1408 1012 1439 329 948 2393 1892 1998 677 1931 1757 271 1088 12 2809 1677 482 2051 202 2583 2438 2509 67 1942 347 2589 995 1771 2625 1876 2037
000292.jpg,897 1790 2156 1933 1098 2071 1709 1321 935 2096 2750 2823 836 2201 2432 1638 1865 2342 1806 222 2355 1052 1504 1456 850 1305 2512 1621 1227 2691 1153 122 2449 1188 1761 1661 2313 1284 829 2362 2194 1090 443 1697 586 1911 1082 752 629 922 2535 2030 1006 1858 1308 1995 2318 8 115 411 745 2296 372 325 2791 1474 1763 468 661 2261 2446 1015 350 448 2268 669 1560 630 476 2425 2222 2167 1556 205 915 1286 796 1267 413 400 1425 2452 834 1884 1671 37 1449 2677 2335 1625
000293.jpg,213 2408 2638 707 1597 1689 634 2413 558 135 2354 2295 520 1269 2566 1728 1945 1849 754 232 757 1448 19 184 1265 424 967 1722 1478 1867 119 1296 2615 1383 1231 80 783 2472 1529 2725 1631 540 1733 1394 1312 473 2390 2464 498 1984 1093 1801 2756 1889 2404 739 1766 2508 761 752 2751 2224 957 1839 1298 375 388 1061 1228 2277 509 2112 2351 163 1904 1087 2744 425 182 898 983 1426 1558 2169 529 2021 1999 63 2022 214 149 592 844 306 1333 1035 1785 744 545 1898
000294.jpg,2365 705 2689 81 2370 2119 849 2534 2716 2479 2819 2181 2552 587 2283 2500 2527 152 458 175 505 523 1563 847 1827 972 28 313 238 1532 2191 1741 2250 1896 734 1339 2177 2557 2674 696 1680 120 330 671 2193 1111 1376 2228 92 2322 602 2052 2681 2592 2099 1704 968 2144 1117 1314 503 1873 780 1746 633 740 1708 129 2764 131 68 324 890 1062 1831 268 1109 772 1332 1335 2244 354 501 1955 1164 2799 2715 452 711 125 1182 1655 1293 2265 1475 2789 1917 2812 418 1932
000295.jpg,2471 2601 502 103 297 1235 990 1845 2624 688 1323 126 1767 903 1114 578 1830 702 2388 284 1908 1107 65 1608 250 1821 1186 1310 848 1391 684 768 2314 1512 2276 1413 1975 931 1340 1839 2323 1035 522 431 395 2510 1232 962 1390 2561 2644 1810 601 1397 2 251 1798 2663 374 1723 1916 1720 2620 1605 1207 1427 420 1558 2759 529 1137 851 1144 1166 1334 714 475 2489 1590 581 898 2699 803 614 40 783 364 1298 1922 2502 1075 2216 492 436 2346 1333 1065 737 594 1846
000296.jpg,1879 394 1906 2093 1981 1237 2049 1604 631 607 2596 1613 1239 1518 1566 729 2786 1367 2140 2357 255 1330 1017 1567 2747 451 1368 1197 72 2089 1271 2640 1904 1058 637 2387 460 2559 1757 156 1044 1290 1931 488 783 1301 164 790 2410 528 2098 1856 2775 512 694 664 595 612 791 2469 1183 2560 2369 1093 905 763 174 530 446 2252 1047 571 1219 2097 813 2664 979 340 731 821 2227 2618 986 2459 871 2823 1309 229 1210 2156 2026 2220 1651 2225 2141 1739 7 566 2796 1241
000297.jpg,197 2840 1710 1045 1617 463 1489 2011 445 2375 1422 433 712 2241 1417 1788 2130 1701 2050 550 1993 2289 1328 1663 2454 860 2836 900 2649 735 1444 440 480 179 1369 947 1782 489 2832 1934 1552 635 1029 2769 348 1656 1624 312 221 169 1102 2397 2707 925 1870 817 2817 26 2790 2538 2631 943 2837 1679 1405 2714 1926 51 2082 556 1623 970 2411 1407 518 1983 134 977 987 1386 1190 2515 2574 645 2528 2270 2826 2300 188 1437 2424 2084 2133 611 1486 2501 305 524 259 1381
000298.jpg,536 121 2090 569 988 193 1132 1588 1268 2333 2786 429 1065 571 802 2029 340 332 2227 1418 597 1562 1430 1256 1686 2743 417 2108 1890 886 979 554 2568 2415 868 432 21 1888 1431 878 62 729 199 289 1398 323 2578 681 302 1038 2423 743 2421 361 2671 78 1374 1272 680 2221 893 1035 2520 933 2829 1668 2083 1266 2602 865 2828 1952 2640 2210 1949 964 1879 13 72 36 1839 2400 640 400 1906 2561 1070 1047 1399 213 1219 394 2387 2031 856 2747 2216 707 612 488
000299.jpg,2044 2411 1656 2501 1934 1102 2528 85 1644 2790 2832 312 635 2817 1405 1624 943 221 1926 2300 987 817 188 1407 611 1319 556 2082 2270 547 1386 826 1422 1983 1092 712 2574 259 1617 283 1552 1146 2397 1208 4 2670 1993 2069 550 2676 1190 2454 2544 2800 1752 1029 1788 2011 1202 2631 1045 2344 2724 2837 1328 2538 1414 463 2241 977 613 266 74 2307 480 1428 1737 2840 2133 445 2836 2050 2707 2419 1796 1782 305 2652 562 1369 2424 2649 947 900 1381 169 1417 2826 2564 2148
000300.jpg,1489 1710 1417 1701 860 1663 947 2836 712 1328 1782 1045 1369 1444 1617 2050 2649 197 2130 1870 26 2454 2241 169 1788 925 2837 1679 2011 179 2817 1422 817 2289 1644 2790 735 433 348 2840 440 550 1381 2528 1656 2707 221 2767 1407 1624 463 1649 1658 2375 480 943 1993 1623 1054 445 1102 1926 2300 2714 2832 2769 1029 1544 1934 2411 900 1405 489 2538 51 1218 635 1796 1552 2439 312 2397 1569 1437 2424 2082 305 1545 1092 611 1319 2045 1208 2084 562 1640 2631 970 518 2628
000301.jpg,530 2282 1518 2049 1290 446 1301 2064 1058 2140 451 631 2796 1567 921 1909 1017 1384 2257 2696 1673 813 1742 1554 1331 1613 1105 662 1604 1396 355 1614 243 966 2660 1370 2458 487 337 1981 942 2782 1237 2085 542 607 710 1681 54 1705 2543 1002 2259 2600 908 2392 1978 2251 2519 2005 2243 800 678 984 1850 2087 1142 2697 2006 1094 1174 1581 1495 2417 1119 1466 1913 774 2357 1455 1936 400 2492 870 311 2596 2262 1020 1794 1676 2488 2793 673 821 151 2680 1904 2299 2416 1200
000302.jpg,1669 575 603 834 830 2555 1450 1646 2080 462 1620 1482 863 393 2275 1244 1727 2630 2058 2136 1805 1147 775 1732 309 357 1277 339 1523 2383 2254 2780 1678 240 2317 1169 2586 1120 333 1016 2422 1517 2395 1734 441 1611 2695 34 2192 845 794 1626 2360 2347 457 2623 187 1044 2326 584 1353 2368 1757 2297 2621 1032 2159 483 1749 205 2079 986 2211 1217 2233 2518 1447 2401 2605 1178 1365 1372 924 2447 1919 1014 376 2156 960 1267 2701 2239 736 2651 271 102 2216 1866 1028 1804
000303.jpg,1096 1416 1948 2815 2272 1860 2352 1636 1316 1965 201 1496 1362 2556 1218 1051 2721 1796 1569 562 194 64 305 715 2713 100 439 1261 51 2034 48 1584 497 155 1381 1658 2309 2241 1586 1640 2545 2628 2755 712 2433 1993 1897 1617 2376 2650 1490 260 563 747 2836 1544 1552 2045 1782 258 2631 2289 2046 2088 2023 2826 1901 2454 231 2439 1328 1148 947 168 1878 1045 1453 1422 1369 992 319 2837 169 550 817 860 1029 1840 2076 645 770 463 1123 2767 2130 1444 1679 518 1407 2732
000304.jpg,807 372 1865 1603 1260 1858 2313 334 750 820 1153 1541 1221 759 546 285 1761 1697 6 1285 1456 582 468 980 1284 1884 1560 1188 1015 2677 2118 629 2387 298 1227 1570 1610 973 2643 2261 122 229 2194 922 1082 2268 829 732 661 1286 1797 2303 2425 1702 1308 1083 37 476 411 448 1844 1891 1380 620 1537 586 2791 2030 669 1080 1387 1995 1032 2167 2245 1750 1263 1084 594 1502 1090 2222 2666 1911 1763 2823 459 1916 115 443 1696 956 2168 946 2128 1661 1205 744 275 986
000305.jpg,1044 897 752 2317 1865 1621 1719 2567 1200 908 376 1447 2024 984 1804 2508 141 1661 2143 1546 1469 2140 24 2296 1425 1550 426 186 2452 2430 1757 632 630 2555 932 2725 1727 834 2249 761 2150 2156 516 1487 853 99 1088 1217 1321 2392 1894 1023 2404 666 2793 2109 309 2446 1171 680 29 473 2823 2172 122 2449 792 306 924 1892 271 214 2111 1833 448 91 2235 1119 1889 2533 2055 2037 662 1555 852 320 411 796 1214 2357 2124 123 2573 401 599 1061 1145 1255 451 1267
000306.jpg,1057 2437 1836 1672 44 1749 16 2317 1447 376 1469 1449 824 1990 751 2700 761 1116 2249 2111 1224 1620 1713 1535 1178 1714 603 1727 2555 683 832 2275 1482 1073 1732 2080 2058 441 1678 2180 1523 1353 1838 946 47 2695 1147 1593 830 1380 339 1646 2129 834 1450 2245 863 2383 1451 1548 2422 2518 269 104 1346 1120 205 1277 2167 2523 1036 2000 1361 34 483 1559 350 1300 2054 1263 2787 1200 1205 1697 1773 1244 1661 2296 2571 1790 1760 1425 632 83 1267 2096 2573 1659 1082 465
000307.jpg,2077 2478 2772 2777 1753 1125 70 1759 2757 18 1834 951 1252 315 2015 1842 2818 1557 1165 2302 191 2622 767 2561 277 2315 2702 2685 1980 2686 1443 1938 688 1747 1833 1235 889 2667 1869 1511 297 103 522 1323 2624 126 1186 2314 1989 2000 2299 1969 29 249 1012 73 1391 67 990 1406 2583 500 823 380 2509 142 369 1559 555 954 1413 1451 2276 485 2746 646 1431 733 1845 1361 1492 1263 2430 627 1353 426 269 202 2217 1195 2296 853 2787 1951 931 2748 1306 298 378 2409
000308.jpg,1663 1328 947 1369 712 2050 2130 2836 2714 1444 2649 179 2837 1045 169 2767 550 1617 1870 1782 1422 1417 735 925 1649 26 2707 2454 480 1679 2241 440 860 1054 2840 1489 1381 463 433 1623 1710 197 2289 348 1658 221 51 943 2538 1993 445 1407 2011 518 1172 1624 305 1569 562 1544 1796 1218 260 2790 2439 2769 489 1788 900 1701 1190 1644 970 1029 715 524 1405 635 817 2528 2300 1640 64 48 2826 1092 2375 100 2721 2082 2088 1983 2148 2817 2397 1102 2832 977 1552 563
000309.jpg,697 718 2529 1514 143 386 2271 958 71 1445 810 30 1440 638 787 2517 2619 1129 1684 2298 2524 273 2444 1215 969 2246 1630 2185 1324 2104 1939 795 2175 1360 2363 127 1270 2584 2460 2710 1242 1294 2801 557 665 1411 1539 1694 2481 414 1258 2616 1059 2339 147 1446 2709 1629 687 1112 2226 1524 551 685 2473 342 1619 879 1811 2131 2595 1803 1863 1025 1571 352 2013 577 1366 2844 1660 1807 2385 2466 2740 472 1812 2468 1167 2749 1988 1509 641 2138 1295 1069 2403 2771 2776 991
000310.jpg,2769 2454 348 26 2649 1870 2538 480 925 1369 550 179 2714 518 712 2050 2130 1788 1422 260 1045 1453 1417 735 1617 305 259 440 1901 1172 562 2826 2088 1552 168 860 524 2840 2148 563 2721 1208 2650 2309 1148 1993 1092 2241 1490 1710 197 977 2289 1895 201 1190 2375 2358 645 2574 1468 463 445 51 1489 1701 1878 2652 2200 155 1860 1388 433 1983 1640 1569 2544 2631 2076 219 2724 1840 1496 2011 161 2337 2433 2676 1328 439 1486 134 64 2606 2397 784 486 2133 900 978
000311.jpg,667 1619 1925 1863 1735 1982 2385 2776 428 641 1373 888 741 262 2371 991 2797 2731 879 1295 2139 2771 1242 1807 2833 2844 1509 299 1530 1549 2576 1366 2092 2460 1291 2269 557 1480 2094 2431 1589 1238 814 1122 1816 267 1814 2607 2363 1660 264 2633 2468 867 1803 2104 385 1539 2484 2455 551 472 1078 891 160 226 2524 127 1215 2595 273 2403 837 1069 352 2412 2801 2710 1341 2517 2529 147 1607 1862 537 1684 969 2175 1440 2063 1629 1009 2783 2444 2138 2266 1129 2811 1338 687
000312.jpg,1057 2437 1836 1672 44 1749 16 2317 1447 1449 376 1469 824 1990 761 751 2111 2700 2249 1535 1116 1620 1224 1727 2555 832 1713 1178 1482 603 1714 683 441 2080 1073 1523 1678 2058 1147 350 47 269 2275 1548 2695 946 1732 1380 834 2180 1838 2383 2518 339 205 1450 1353 1646 1593 830 104 863 2245 2129 1425 1120 2422 1451 2030 1036 2000 2054 1346 1205 1300 483 2523 2571 2791 1277 1263 2831 1244 2194 845 568 1659 1200 2167 1661 2296 34 490 240 2554 1361 762 1773 2573 96
000313.jpg,1944 2728 2766 447 1055 725 2825 2294 2719 2583 67 692 2207 627 2319 2509 249 2350 1001 2736 1012 202 1126 2741 1406 442 899 494 2135 2057 1056 686 2291 1067 204 574 2435 2041 1899 1223 1874 246 2708 2580 1463 1185 677 2248 2842 1777 2511 1547 1134 2286 1931 722 1935 657 2683 1639 2665 1076 146 2813 79 2068 2051 2438 2526 1439 1452 2220 804 2436 1473 1868 647 682 2382 482 1937 12 2704 2639 2183 1408 1464 2809 2598 1721 491 939 2540 2393 948 2089 271 140 1869 329
000314.jpg,2520 2210 640 1038 1754 2421 1272 1041 13 1949 2671 323 377 828 2578 2828 2047 1668 2602 672 1374 933 2032 2539 1189 1429 56 1337 865 2428 370 2629 1049 2798 932 2038 698 964 2083 2221 2120 839 729 743 1329 2423 1910 2267 123 955 176 142 1033 2031 1431 2335 1256 2117 2786 340 2387 868 1553 1492 555 2029 2217 986 979 36 302 1686 427 1070 1399 597 1890 2668 1255 882 536 417 802 332 2380 1521 2415 2743 429 1393 554 2451 2568 1888 1430 292 289 2108 1699 78
000315.jpg,2656 2149 1693 751 1559 1593 1451 832 2000 2787 1786 1971 954 1361 1257 1106 1685 2016 1535 2437 2700 1672 1760 1836 2129 1773 2111 824 1346 310 1513 1795 1712 1161 485 1990 727 589 1951 1116 2540 1847 1353 1306 1115 2409 483 1714 1178 371 658 1713 1224 321 1300 1869 683 2113 646 2054 2066 2178 1389 378 44 29 1749 2827 1195 2172 2673 792 145 1594 376 240 286 1447 2180 1943 676 2240 1263 1905 2533 1113 2245 47 1950 1743 1838 946 2020 2296 1322 1120 2748 1410 2651 16
000316.jpg,2678 1726 2386 1371 1960 2116 1880 40 1198 851 2448 1802 2522 592 2263 1199 2807 300 1632 45 1013 2056 2562 2720 636 1205 644 861 1251 1364 1318 1536 1064 1596 2160 1336 2048 2079 1768 2761 1315 419 2554 620 894 2498 2188 1856 189 2153 1927 844 2030 2278 957 2141 2591 2760 2441 2203 1144 2688 2060 2503 1525 84 949 2182 171 481 2737 2608 2612 2705 1183 117 1004 2623 1184 1400 335 2197 1687 1139 1616 621 2476 1987 214 509 1889 2733 1343 905 815 95 2230 1979 42 2202
000317.jpg,2454 2769 348 26 1870 2649 925 1369 480 2538 2714 179 712 550 2050 1788 2130 1417 1422 735 518 1045 860 440 1701 1489 1617 1710 2840 1993 2241 445 562 305 1328 197 2289 259 1172 2011 260 2826 463 2721 433 1569 2650 51 2375 161 1552 645 1895 2088 155 1640 2544 715 1148 64 2148 100 563 1624 169 1029 1796 1752 2309 556 524 1146 900 1901 2837 1453 168 2358 1840 2707 2200 1878 611 2652 769 1983 1486 2676 439 2433 1468 1190 2724 312 1934 221 977 2337 1208 2044
000318.jpg,1944 2294 1055 2135 899 2741 725 2842 2207 2728 204 1056 2511 1547 1134 246 1463 447 2057 1067 2825 494 1935 2766 1899 2291 2435 686 2580 2736 2041 692 2068 1076 1126 2248 574 79 1452 2719 2665 2813 2708 2319 1874 722 146 2286 1223 1937 1464 2382 804 657 677 2683 1639 442 1185 2639 1868 647 2438 329 1777 140 948 1931 682 2393 271 994 1473 2589 1408 2569 2583 67 2509 627 1942 608 491 1592 249 995 1881 526 864 2526 508 1721 274 1439 2436 2350 12 2440 359 1886
000319.jpg,1707 1007 742 2516 1526 1511 1442 1969 1779 1325 730 338 1385 1243 2145 1131 2151 336 1871 1466 2746 1645 1005 1379 1794 2102 2730 2299 1020 2788 1581 2364 406 1670 568 2290 1783 2763 1455 2492 1138 1094 937 410 1110 678 1992 544 773 253 774 365 2341 186 709 435 1068 2830 1311 2251 1731 870 605 1142 1424 673 593 1165 1936 2243 1966 2680 2519 881 535 2549 811 2377 1850 1040 248 1946 610 1174 2005 2302 1968 1073 2417 1894 392 1516 1557 1913 1869 1800 648 434 1527 2087
000320.jpg,1697 372 285 2167 2677 1911 1221 690 629 922 1153 2268 1570 1188 1537 829 298 1456 122 6 2194 1113 37 546 334 2823 1884 2387 1603 820 661 1285 2666 796 459 1139 1761 1502 2620 980 411 1080 1995 1844 2222 1082 1661 2261 2706 2216 724 1387 750 2841 1227 807 1922 1189 882 2032 1267 1171 1284 1380 1541 1032 1308 669 1286 2179 1504 2425 594 23 1397 2118 924 2168 1763 189 915 2567 2109 1916 2623 1891 2691 586 2571 1214 2203 956 1757 1090 986 1638 973 2355 1865 1659
000321.jpg,609 2725 2404 1766 2457 1889 5 1696 2115 744 509 2464 844 2128 1477 1515 2448 244 1616 1953 1602 214 1139 957 2348 1866 1171 1214 22 2706 2109 2567 1326 466 2572 909 2014 1661 2366 2124 1556 1061 1365 163 2841 473 1904 43 1797 807 2425 270 820 1560 1221 285 1603 2150 306 1757 1858 1108 690 2591 2507 2230 1541 2620 123 2498 882 669 448 229 2677 565 1080 106 1227 582 732 1188 468 1397 986 300 1761 6 1537 1153 759 959 1032 1570 1891 189 546 1084 1113 411
000322.jpg,849 2552 2365 2716 2819 2479 1563 238 152 2500 2181 458 2283 1532 587 81 175 1896 28 705 1827 523 2250 505 972 2370 313 734 2191 2689 2119 2527 2674 1339 847 1741 2534 1376 2557 2177 2099 330 696 671 92 2193 2228 120 1680 2052 602 354 2742 1117 2764 2592 1314 1111 503 1746 1704 2144 968 1708 2812 1873 2322 711 2681 1932 2199 68 1332 633 1917 1164 1543 890 740 2774 2265 2597 504 1912 2531 1650 2610 1503 649 726 2698 1955 1974 1875 1852 2237 2279 1281 1335 772
000323.jpg,2386 2678 1726 2116 1371 1960 1880 40 2448 861 2522 851 592 2807 1198 45 1013 2056 2141 2562 2160 957 1199 1364 2591 1318 1802 2720 1251 1336 1632 2048 636 644 1064 2441 620 2079 1596 949 1856 300 1768 2278 1536 2760 335 2761 189 1315 419 894 2203 2188 1004 2612 2182 2498 2153 1139 2503 214 171 2737 1927 2554 844 84 1343 1889 2608 2230 2197 2827 2733 783 621 95 1144 509 2263 1214 2348 1103 1171 940 1205 2060 42 2688 596 1616 1093 2476 905 941 333 2705 1184 1232
000324.jpg,499 1631 545 1394 1801 374 2277 1228 1334 529 1785 540 803 251 2644 1561 1087 2579 2323 898 395 1558 2759 1427 2542 1230 63 1333 1213 1898 1137 304 1683 1207 714 2242 1883 2546 2072 2022 407 1798 341 2381 1928 1166 2504 614 101 617 783 581 962 2040 2114 1091 572 737 2699 2547 2238 789 1996 1093 1590 1257 328 364 2489 777 93 1106 1971 766 989 695 1900 1176 132 1298 895 1786 1743 215 576 1538 88 2785 646 2202 182 761 1476 596 1197 926 2190 1346 2745 1035
000325.jpg,969 307 2444 795 1571 2100 573 17 846 1618 642 2727 1524 1129 1684 1622 1540 685 342 600 2246 127 2710 2486 1862 352 1514 1338 1629 2399 2175 1630 2709 2298 317 349 1520 154 1025 1 958 2226 2372 2473 2466 1059 577 961 1360 195 414 1349 2255 1572 1215 2517 2412 1278 913 2616 718 2138 2529 697 1270 2619 2635 46 2468 1440 143 234 2189 1694 2185 511 1939 2340 2740 2648 386 665 551 2584 2749 1258 1112 1445 2801 1324 1539 1294 71 2339 2158 2738 2513 1698 2271 147
000326.jpg,2045 2023 1584 2755 258 747 770 1320 1796 2545 2034 1948 1096 64 1569 1416 2352 1051 715 48 439 2272 2721 100 562 51 161 1586 2815 194 1640 2836 1636 1993 2837 305 2556 1649 1029 2631 1617 1261 1417 497 1895 2628 2289 860 2130 1218 1381 1788 2767 1782 1316 2713 155 169 947 463 1496 712 1328 1552 2241 1045 1544 2735 440 2707 1658 2050 201 992 611 1319 173 1701 2439 2538 2649 1054 2454 1860 735 1710 1897 1965 2564 2650 518 1362 1444 2652 1870 2046 1407 433 1663 1369
000327.jpg,726 1024 2531 1503 999 799 314 1875 268 1475 653 2765 241 2236 452 1011 1568 2285 2142 2715 131 1831 1274 89 1050 2698 467 2565 1635 1273 1932 1062 2053 390 1378 1755 2693 1022 1967 1655 806 464 1039 2059 927 780 1789 1293 290 805 1097 389 1706 324 1127 53 1715 1037 1813 1843 1281 484 159 1297 501 840 758 1140 1124 129 495 2505 2465 580 31 2687 1118 1923 2244 1756 456 331 1026 1143 1262 1829 788 326 2634 1822 1465 655 2232 534 455 1662 1303 1395 822 418
000328.jpg,79 2068 722 1067 2665 2511 1547 246 1134 204 2842 2041 1463 1935 2135 2741 686 899 2294 692 1076 2719 1944 1868 350 2319 140 657 677 2286 2580 12 2766 725 1452 1055 2736 1639 1464 2813 1126 442 2436 2248 2728 2598 494 2708 2435 1473 1777 447 2057 2825 2382 508 1185 574 1874 1937 217 1223 2438 1899 804 2207 2583 2291 1892 329 2712 67 491 1998 2308 271 1677 255 2296 400 1088 2251 1408 1330 792 1771 2499 2393 619 2509 2625 682 2519 637 2683 2809 1401 2257 1548 1721
000329.jpg,1721 2809 1876 12 1473 2294 1868 508 2685 2068 657 1055 140 1548 1944 79 994 1067 1452 2499 204 67 2315 271 1165 627 2665 2766 359 2302 2511 2842 1942 1980 725 2741 191 1753 2580 2135 368 269 1725 722 864 2589 442 646 2719 2728 2041 1408 526 444 1547 1557 677 1886 1969 1439 1931 1881 1892 1027 686 1998 315 2435 2440 1076 2708 2583 249 2622 1677 2251 447 1125 899 1012 2736 692 598 1817 2296 1511 246 2702 2308 136 792 494 608 2509 2207 1463 2712 1056 2037 1935
000330.jpg,1496 1453 1490 2272 2433 2556 48 1569 64 439 2721 715 100 2713 562 1316 1796 1860 1640 2376 305 201 2545 2034 51 2352 2815 1636 2309 1965 194 155 2650 1901 1948 747 2289 1051 1584 2631 1218 712 1422 2050 1993 2088 440 1658 2538 563 2836 1617 1381 2241 1096 1328 1416 260 1649 947 2130 161 1840 486 2649 1261 550 1782 2707 445 645 784 2826 1054 2454 169 2837 258 1679 2628 1623 950 518 1444 2767 2069 770 2439 2337 1544 1878 735 2011 1870 1029 1369 1045 168 231 433
000331.jpg,1624 2817 817 2528 1926 1644 2300 2790 1656 2411 221 943 1102 1407 1934 635 1405 2832 312 85 2501 987 2044 188 611 1319 556 2082 2270 1386 547 1993 712 1710 1617 860 1328 562 1489 1701 2721 1545 1569 1788 1796 2367 1417 305 1422 100 2454 715 1045 4 64 439 463 1737 1752 1146 2631 1202 48 1369 1552 2836 2714 2289 550 2840 2389 283 433 1029 2241 947 2707 1381 1782 51 1640 259 2011 1679 626 197 2352 1623 2837 26 826 2375 1983 1444 1190 2034 1658 445 2515 900
000332.jpg,1453 1490 1496 2433 2721 1569 64 48 100 439 1796 715 562 1640 2713 2376 305 1860 2272 2034 2556 2309 51 2650 1901 2545 155 201 1316 1965 563 1636 2289 1948 2815 2352 168 2088 260 1840 2631 1584 1148 2826 1993 1878 486 1096 231 2050 784 440 1218 550 712 194 518 2337 2241 1658 1617 659 2130 645 2628 1051 2439 1416 900 1422 161 2553 2649 2732 134 1328 1544 747 1123 445 1381 2133 2652 2538 1045 2836 965 1552 735 169 433 2454 559 1623 319 1782 1307 2840 1172 950
000333.jpg,98 353 776 196 701 233 2474 869 1963 2067 2081 1819 2462 1864 2334 1643 2361 585 781 2001 809 276 1402 1344 381 1625 2264 2256 2103 871 820 1245 640 1949 2520 323 1603 40 281 1204 1139 2210 1209 396 933 13 1565 2141 1184 1188 2559 528 1271 285 84 1757 2582 334 2658 1038 1751 411 2387 2209 512 1226 2823 1371 941 2493 1987 1997 1246 1219 1882 2421 2618 905 2803 1227 488 923 2048 370 2410 1250 1210 2551 66 750 2671 2369 1508 729 496 481 986 594 1761 2261
000334.jpg,2044 2501 85 2411 1934 312 1656 2832 2528 635 987 188 1102 1644 611 1405 2790 1624 1319 221 943 2817 556 547 259 2300 1983 1407 1386 1848 1428 817 1158 1046 2082 2007 1926 1422 2670 562 1796 2574 2419 1552 74 1617 2545 2676 2358 1190 659 2544 305 1636 2800 1208 439 2270 1092 64 2724 2337 1414 2652 1640 1569 712 1381 1993 2241 219 2133 826 2837 2307 2631 550 100 622 900 1029 2397 2344 2088 463 2721 911 51 2439 260 2352 2046 2564 1782 201 992 134 2836 486 715
000335.jpg,2171 2043 2810 650 2666 2816 1891 1188 2346 1916 475 1723 1697 922 411 1456 1763 37 1153 285 6 546 1221 1284 582 1882 807 759 1865 2643 1090 1260 1702 1308 1082 586 1858 468 2313 1083 620 2841 122 2167 1603 443 1006 1227 732 829 820 750 334 980 1761 1605 181 1884 1541 661 956 1797 1610 1139 2261 2216 2502 1380 2194 1570 1015 1537 2118 1250 724 973 298 2514 2179 938 372 38 2268 1502 905 1285 2410 2677 1322 1703 2567 2060 594 2168 1844 2706 476 1397 2245 1881
000336.jpg,2458 2543 2085 966 1495 942 2600 1705 487 1384 1681 2660 337 908 921 1290 1017 2392 2262 1331 1673 1614 2696 2257 1742 1518 852 2282 2064 1554 1978 1002 1370 355 1396 2596 243 1119 813 984 1105 1567 446 1301 542 2259 451 1058 54 2140 1676 320 710 2782 2357 2796 530 1718 1909 662 1519 1479 2420 392 519 2318 1613 1682 186 301 1036 151 1263 2147 1200 1385 2299 1750 1717 1779 1442 1455 1152 1992 1621 1211 2593 937 2132 2636 2102 2341 773 2655 2446 2310 568 946 2746 1419
000337.jpg,1371 1198 2359 1205 2494 2678 1960 117 396 1726 1184 84 281 1687 1922 1144 2203 941 1987 40 2627 2573 1502 1979 851 2448 1400 1880 481 815 2620 1641 2030 1199 189 1423 1462 1219 2152 167 594 1183 2179 1139 2060 1757 1616 621 2502 45 2726 1927 60 986 1882 636 1962 2761 2141 2086 2216 2503 2497 1180 905 1197 2162 375 629 244 2567 454 1536 448 940 171 1255 2425 1064 2807 1605 306 1217 844 2688 2554 2278 2197 2288 75 2443 300 419 1397 1632 2495 924 1802 466 2542
000338.jpg,1752 1545 1146 2389 312 2832 1102 987 1405 4 59 635 2411 221 1624 2790 1644 1656 2528 1934 556 943 1926 85 1407 2501 2082 2817 2270 626 1202 2300 1737 1386 2367 188 826 547 817 2069 2044 613 283 611 950 1319 1617 1422 1045 2477 1799 2241 266 1328 712 735 440 2556 169 860 1316 1993 2837 2631 947 2050 550 2840 1782 1444 1489 2454 1623 463 480 2439 1796 1710 1552 1983 2130 900 1029 26 2836 2312 2133 1417 2649 1468 2515 1544 1649 1636 1369 2714 518 2397 1190 305
000339.jpg,2510 70 431 1753 1125 2561 2777 2772 1839 2077 2478 1035 1390 601 2 2663 1759 2757 2323 1075 1334 2644 962 1798 395 1810 1928 1801 1207 898 714 1166 634 2583 529 2242 1558 1590 374 103 1767 502 2759 1346 2532 1137 2471 2072 702 1908 251 2277 2699 1427 1230 1114 1087 1333 2495 101 364 76 581 2381 2601 1197 2350 783 1001 1257 284 436 1597 2504 789 1900 93 737 895 1986 1683 2324 1830 578 1091 2040 461 1106 803 72 1250 1538 2493 1107 986 614 545 2829 2656 1180
000340.jpg,1096 1416 1948 2815 2272 1860 2352 1636 1316 1965 1496 1362 201 2556 1051 2721 1218 1569 562 64 439 305 2713 1796 194 715 51 100 497 155 1586 2034 48 1261 1897 2241 2309 1658 1381 2628 1584 2650 1640 1617 563 712 1552 1993 319 260 1490 2433 2545 2376 2755 2088 1901 645 1544 747 2289 2046 2631 1148 2826 2836 231 168 2076 1840 445 1782 1453 659 258 900 674 992 2840 2454 1486 1045 550 1878 486 1029 784 2652 2011 1319 1422 906 2732 1307 559 2439 1123 134 2419 2735
000341.jpg,645 2707 1679 1054 1623 1649 1328 2011 947 1663 1444 445 2767 2836 1029 2837 169 2840 1782 197 1544 1381 712 463 1658 2050 2130 1617 2439 1045 2289 1552 1218 1253 2241 1993 433 1422 2628 51 735 440 1261 194 2352 1369 1417 2714 1948 860 2649 2650 1870 2735 2375 179 1640 64 1051 2454 1489 1710 1569 562 161 1096 1796 1895 439 1416 48 134 2631 2045 305 635 1788 715 1624 769 319 155 173 965 1407 550 2287 1584 900 2272 100 2721 2088 2538 1701 2769 26 201 817 1437
000342.jpg,2769 2454 348 26 1870 2649 925 1369 2538 480 179 2714 712 550 2050 2130 518 1045 1788 1417 735 1422 440 1617 860 1710 2241 1701 2840 1489 445 1552 197 1993 2375 463 2289 1172 305 2011 1328 562 645 433 1640 1029 1840 51 134 260 2650 155 2088 64 524 1983 259 1569 2631 169 2419 1782 48 439 1624 2836 611 2439 161 977 1054 2721 2652 1796 2837 1895 1208 168 1092 2200 970 1319 1486 2544 2826 2148 2574 659 1544 1658 489 1649 563 1663 2082 2352 2707 1444 900 1381
000343.jpg,924 1471 953 2841 2216 761 1363 1605 411 1188 1723 1488 1400 986 594 1882 2179 650 2346 2810 2043 1757 1916 1687 1139 2816 750 1462 1502 334 167 1603 1184 941 820 214 2502 2573 1371 475 488 468 2261 1227 84 396 2494 2823 419 2768 1397 894 2449 2495 2554 2678 281 1144 1487 2483 2197 2171 2348 1171 1761 2567 2153 1250 2620 38 2060 1205 1255 905 2547 938 1137 2705 111 2359 335 614 285 63 1106 956 149 1979 2410 189 448 300 2313 2202 1199 1476 1641 1232 420 1671
000344.jpg,2460 2363 557 2104 879 2517 2524 2801 2184 1242 1684 2298 1619 273 1863 1366 1947 2844 1215 1480 1925 1982 143 687 1129 2529 1440 1539 1660 697 969 2833 2444 2139 1081 583 548 1514 2185 2385 1765 718 2607 1816 2797 2633 2672 386 2431 1497 2175 641 2189 588 667 1724 2468 551 2271 991 867 976 1295 795 2619 299 71 385 352 810 1445 1196 2710 958 2771 1735 1807 814 1664 1373 147 127 797 888 1652 30 798 2776 741 428 1549 366 133 2231 2371 1803 2246 1059 2576 891
000345.jpg,1944 1055 2294 725 2728 2207 2766 494 447 2435 2057 2291 2741 2825 2580 1899 1056 692 2135 899 574 2736 204 686 2842 2319 2719 1874 1223 1126 657 1067 1547 2248 2068 442 1463 2511 1452 2813 79 1473 246 1777 1935 2041 1076 722 677 140 2708 12 1464 1134 146 1185 1937 2665 1639 627 2382 2809 1868 2350 1088 2286 1001 2583 2683 647 67 249 1721 1012 1439 1408 2438 2509 2143 2589 994 1886 508 2639 1892 974 1876 202 1757 1942 1998 2499 682 1725 1881 2625 271 1931 426 2051
000346.jpg,1440 2517 143 1129 2529 386 1684 718 2185 2271 2298 697 958 1514 810 1445 795 30 2619 2524 787 1411 71 638 2584 2363 273 1215 1694 2104 2460 2801 1630 1360 2444 557 2246 969 1242 1939 1366 1294 2616 2175 879 2844 1446 1863 1480 1324 1925 1619 414 1816 1947 665 1112 2184 2139 1982 1270 2833 687 1059 1258 2633 1660 2385 1539 147 641 991 2710 2481 2607 2226 2771 1629 667 1807 867 1373 2749 1652 2431 1735 342 2231 551 2468 1295 127 888 385 2797 2541 41 685 2672 1196
000347.jpg,2185 1411 2584 1694 1129 1684 795 1440 2298 2517 1360 143 2616 1630 1294 2801 1446 2529 665 718 386 1112 1258 2246 2481 2524 1270 1939 2363 2271 1514 958 1215 557 1445 2460 810 969 2139 2444 787 2619 2833 30 879 1366 71 638 1278 2844 299 2468 697 2710 1982 2189 2092 1925 1619 2385 1122 1242 273 2100 267 1571 1238 1291 1816 2455 2727 1480 264 2731 2371 1814 685 1863 414 837 1812 352 1589 1509 667 2484 2431 741 1622 262 891 2412 1539 600 428 1009 1324 1698 2740 2138
000348.jpg,1710 1701 1489 1417 860 1788 900 433 197 2375 1437 2840 2289 445 2011 259 1328 1552 2397 1624 2424 1208 463 611 1319 606 2084 987 2130 489 312 1486 712 1656 2707 2082 2826 2515 1386 2241 556 1617 188 1045 2300 1895 2817 2836 1190 547 977 1679 2724 2544 1422 2790 817 2076 1029 2574 645 2419 2270 221 1983 970 2528 1407 635 134 85 1737 348 675 2832 1623 1878 524 559 550 2411 1444 626 1627 2767 1926 1934 2148 2050 1870 440 2367 2676 622 2454 4 2088 2646 1307 2133
000349.jpg,754 2021 2756 1728 2638 1597 634 213 1689 967 2408 1231 2533 2320 1149 757 739 1533 1478 1448 707 2615 1265 2413 29 2472 184 135 558 119 2295 1984 293 1312 2673 1296 2787 1383 80 2354 1849 2172 286 426 2024 1804 218 2224 2143 24 529 2566 1269 2430 424 1733 1719 19 962 395 520 2644 1722 545 1945 1529 2277 1867 1801 232 2323 364 1394 1558 1333 898 1798 1093 1035 498 1883 304 251 1213 2040 983 2759 1743 1683 1087 1230 695 1839 572 2390 714 375 789 1693 540
000350.jpg,803 2381 374 2040 1900 364 436 215 101 251 737 2504 989 581 341 766 2238 1427 1883 2579 2759 328 2114 2242 962 1230 572 1683 1334 2542 789 395 2644 407 1798 2323 1898 1561 2540 529 1257 1786 1971 1091 1106 1801 1357 1137 926 1996 76 1207 714 2495 1197 1818 564 1213 777 2288 39 2072 1180 898 2546 304 2277 1087 1558 614 2787 545 2656 1693 1166 2784 2149 1394 1093 617 646 1333 2281 1928 132 1176 2022 63 2699 230 695 1346 1743 1590 149 1343 2547 182 895 2489
000351.jpg,2185 1684 1411 2517 1129 1440 2584 795 2298 2363 143 2460 557 2524 1694 2529 718 386 2801 879 2104 1366 1360 958 2271 1514 1480 1215 1619 1863 273 1242 1630 969 1925 697 1816 2246 787 1982 810 2444 2844 2468 1445 2619 1294 2139 2616 638 30 1660 665 1446 667 2833 2385 2607 2633 1939 2431 551 385 71 1270 867 1539 1112 1258 814 2481 1947 2783 1373 1025 641 2226 2727 2175 685 2710 352 1571 2771 991 414 2541 2731 299 41 2100 342 147 2595 1814 2797 1652 1059 2092 651
000352.jpg,85 611 1319 2044 188 2411 1656 2528 2790 1644 2817 1624 817 1926 1934 1102 943 635 1405 2300 556 221 987 1407 312 2501 547 2832 2082 2270 1386 2045 1584 2023 1617 1796 1993 463 712 1029 1422 2755 258 4 259 1788 860 826 283 550 1552 2454 2544 2564 1569 562 1208 64 2721 1146 1328 1045 2419 1417 1737 2397 715 2837 100 2069 2545 1782 947 1381 2076 2241 1369 305 1545 2670 2631 2800 1983 2034 900 2836 2011 770 1895 197 1701 1428 2307 2358 439 1092 2344 1710 1190 266
000353.jpg,631 2049 607 1518 1604 2282 1981 1237 2596 1290 530 2093 446 1301 1017 1058 2140 451 1613 2796 1879 1567 394 2064 1853 813 660 2664 1739 1000 2369 1695 1906 1893 1508 50 1384 72 791 460 360 921 595 749 2459 1498 1466 870 2803 731 2151 2587 208 2196 2560 2680 821 2469 1287 2156 1909 1136 2089 2559 2618 855 528 1415 2299 1219 488 1031 2775 1309 1565 1210 172 512 566 2074 1179 2577 1757 1470 2085 942 1154 579 2097 2126 174 2349 2747 1271 760 1977 1566 2410 2026 111
000354.jpg,1663 1489 1328 860 1710 1417 1444 947 1701 1679 1617 2836 712 1782 1054 1623 169 1045 2241 900 2837 1649 2707 1369 2011 2130 2767 1437 2050 1381 1658 1993 1422 2649 197 1870 2454 179 1569 348 1796 735 1486 51 1218 1416 1544 925 1948 1096 26 440 2714 2840 1788 2628 1261 100 2439 1051 463 1208 2289 2721 550 445 715 480 2034 1552 645 1640 64 817 1624 260 2769 1029 1307 155 2790 2826 1407 562 2528 305 2352 2545 194 2419 559 2076 48 1926 2300 433 2652 221 1644 134
000355.jpg,1525 2623 2263 1280 1084 2572 1205 275 1371 1659 2030 2791 2303 1113 327 2448 2678 762 1032 106 1083 189 474 1170 2115 2831 96 1380 6 2060 2554 298 270 2203 894 300 2168 732 1425 1632 2705 620 183 490 2153 546 1696 1866 1139 582 2425 1400 2348 1108 661 946 2571 2734 1973 448 1570 2677 1458 2101 1697 2401 236 1502 2261 205 214 482 1702 2718 1797 1221 2706 829 1911 543 724 1750 907 1560 2132 2498 973 1285 1255 2160 624 1726 23 1661 2194 2593 986 2179 2514 1482
000356.jpg,2609 1634 648 1424 1573 2830 1309 610 717 605 1040 365 435 1110 1020 811 2560 678 1581 94 1133 410 937 112 535 248 1966 2251 821 1379 1783 673 843 2377 1527 538 1068 2196 749 2151 257 2788 568 2005 1794 1968 2680 1243 2697 2843 2095 1498 855 338 336 2087 730 593 870 881 2746 2417 1131 2364 2243 1311 2299 2730 2290 1005 1670 1142 2519 1466 2492 774 1871 1850 1138 800 544 2613 2763 2549 288 1913 434 2102 1516 1731 1455 1174 253 773 1454 392 1992 2006 742 2331
000357.jpg,1681 1705 2600 487 2085 942 1384 966 2543 2458 337 1495 921 2660 542 54 1290 1017 710 2392 2262 2259 1742 1518 2782 1331 2064 1614 2282 1673 908 2696 2257 2596 852 1978 1002 1119 1370 984 243 446 1301 1396 530 1000 1567 1554 2664 1695 1853 355 1739 2796 2140 813 1058 451 2357 360 1893 1105 1676 151 662 50 1909 2369 1519 1385 320 1613 513 1779 1718 1871 660 2132 568 25 2147 1654 2154 2575 1263 416 186 791 1508 1152 69 1077 1954 1750 1325 1033 1225 1817 907 2686
000358.jpg,1335 532 1297 2228 1704 671 2028 1956 633 772 261 2814 503 872 696 2062 1532 2322 2557 1741 1755 159 799 711 2052 2099 2674 1376 1293 602 2715 2681 2250 805 1961 2232 1568 580 2193 1097 1118 1111 533 1143 1011 1339 330 587 1680 2402 1912 31 458 238 464 972 131 92 1303 326 2265 1021 2316 1332 1756 314 721 1262 1050 1875 2698 653 1026 1168 1706 152 2199 618 354 2592 1299 120 1972 27 649 1655 1281 1873 1543 1827 1932 740 1822 125 1099 1917 1216 2773 1314 1647
000359.jpg,1753 1125 2777 2510 2772 70 431 2561 2077 2478 1839 1035 1390 601 2 2663 2323 1759 962 2757 1075 103 502 529 2759 1798 634 1333 2471 284 2644 395 1810 1801 2242 1114 2583 1207 581 1908 2532 578 374 1334 714 1821 2277 898 2601 1137 436 1767 737 545 1394 2022 2504 702 1928 251 1830 1558 1230 101 684 2829 1597 1087 461 789 1166 250 2040 1533 2072 1608 2699 1683 215 1106 364 65 2656 1427 1257 1310 1916 783 72 803 754 1900 903 182 1971 475 1107 76 2299 1590
000360.jpg,1571 642 846 2100 600 17 961 573 2486 1622 2648 2138 2372 1338 195 317 352 2255 349 2738 1828 166 511 2338 1698 1964 2223 405 2835 969 2473 1618 2466 1409 2253 1994 2412 1349 1540 2811 1095 2614 46 577 2635 307 2709 1270 665 2226 1862 1060 1258 2339 2340 1615 414 1112 2783 892 2710 1939 2175 2158 1446 223 2481 127 2616 1025 1294 2246 1101 2215 1815 2758 1514 2444 685 1278 1630 1 2820 795 1684 1069 1520 2399 1539 2727 591 1360 1812 1159 2834 2213 1009 2298 1572 1341
000361.jpg,1752 1545 1146 312 2832 1102 987 221 635 2790 2389 85 1926 2300 1405 2501 1656 1934 943 1624 556 1386 2817 2411 1407 2082 547 817 2069 2528 4 1316 626 2367 59 2270 188 2044 1644 950 2556 611 826 2241 1319 712 2836 440 1202 1617 1636 1737 2840 1422 2837 1045 518 735 2050 900 1782 613 1993 169 1552 1796 2826 1878 2631 1649 2133 947 2454 155 1328 1437 259 550 1444 1710 480 2714 2544 2419 2289 1381 1983 563 260 266 463 2515 2011 1496 283 445 2088 1190 860 2424
000362.jpg,1394 1631 545 2277 1801 529 2644 395 1558 898 1197 2323 1087 1798 761 714 1230 962 1213 540 1207 1334 572 2072 304 1333 1137 1898 2547 1597 1298 783 1683 614 1839 634 251 1035 63 1166 2567 1346 291 1561 1928 374 1093 2022 2579 581 2751 499 2381 739 576 1427 2242 2295 473 2546 558 306 1228 1250 2400 1689 167 1883 1483 803 1106 2759 2114 1219 1176 707 2625 2472 1171 375 1214 1900 411 135 1786 2483 1906 1757 1931 431 856 341 1785 789 364 646 1312 425 76 101
000363.jpg,1779 1385 2763 2102 773 406 2145 1992 519 1007 1707 742 1871 1645 1894 2613 1138 1969 1526 1731 1800 1511 1442 186 2516 1325 257 535 937 2377 1527 709 288 392 1516 2341 336 253 2219 301 410 1455 248 605 811 1718 434 1020 338 870 730 2609 1466 1850 1581 365 648 1424 1783 2680 2746 2299 1243 1040 1131 1311 678 2095 1966 435 2251 593 800 544 1142 1133 1110 821 1968 2151 1573 1747 852 673 881 1165 2830 1833 2549 1725 2417 2492 2519 2364 2302 2543 1794 2243 2087 774
000364.jpg,1492 142 2078 802 1699 1553 1430 1886 1053 555 429 866 1236 2267 2380 1431 36 2668 2217 680 1033 901 1588 733 1132 1793 1393 500 536 176 427 988 193 1890 2451 2333 2384 2090 292 868 1263 672 1754 73 29 2032 828 2054 377 380 2038 933 2350 767 2387 2475 2000 1888 1001 646 249 1869 2583 67 1406 1682 1322 627 1352 1189 1233 1012 1429 1346 2428 1451 554 954 2514 315 1361 1750 1243 2172 878 2409 2463 624 123 2299 2787 676 56 202 1306 1603 399 796 2029 2748
000365.jpg,2045 2023 1584 2755 258 770 747 1320 1796 2034 2545 1029 64 463 562 1948 1569 51 305 2289 2631 1096 2352 439 1993 1416 1586 2721 1640 715 1617 1788 440 100 1552 2837 2130 1895 2735 2556 48 2272 1636 1544 860 497 1319 2439 155 161 1417 611 169 1051 433 1045 2836 550 1316 1381 1701 2564 2628 992 2650 1782 1407 1649 712 735 2050 2241 2767 2815 2713 2454 1710 547 1422 1362 197 2482 1328 518 1218 2649 194 1496 201 1860 134 2732 1658 947 2538 2367 2652 1261 2707 2088
000366.jpg,1096 1416 1948 2815 2272 1362 2352 1860 1636 439 1496 64 1316 2556 1569 1965 48 2721 194 1586 1051 1897 155 2241 51 1796 497 715 1584 100 712 562 1218 2289 201 2650 1552 747 305 2755 1381 1658 1617 2034 1993 1490 2628 445 1640 770 1261 2836 2713 645 1328 258 2433 2046 2545 1649 1045 563 947 2011 2130 1544 2631 2309 1623 1782 1444 134 2050 1029 440 1054 2023 2767 2707 260 1663 2088 2376 1319 992 1679 2553 2454 2732 2840 2837 319 169 1453 1840 231 2735 2439 1422 1901
000367.jpg,1447 376 1469 16 1483 44 291 2249 1749 2317 483 240 1535 1672 1300 789 832 1353 1161 1513 2437 1847 1773 1836 1394 1361 761 1019 1451 2784 646 1389 2000 2054 545 63 1213 614 1801 2785 1795 2202 1804 2113 2190 2066 1914 1178 1091 727 1346 1631 2178 589 2277 658 2022 132 1476 2072 395 1057 1175 1951 529 2547 2745 1727 714 251 1427 824 1333 1115 1207 1996 2644 1176 2579 293 341 304 1743 1137 967 1230 2540 1559 898 2555 695 1798 777 1087 2700 2409 540 1883 1334 1558
000368.jpg,1742 243 1554 1370 1396 1105 813 355 2696 2257 337 1673 1331 1614 921 2064 1384 2458 966 1495 487 1290 908 1681 2600 2085 2660 662 942 1705 530 446 1017 1518 1567 1909 2282 1613 1301 2782 2259 2140 975 54 151 542 1058 7 451 710 2793 1002 984 1946 2543 301 1978 2796 2416 2005 1455 1968 2405 513 2251 2394 2299 186 1142 2519 2336 2364 1966 808 1850 852 774 881 2730 870 1036 544 253 1119 1094 1170 2392 392 2697 1311 2290 288 2658 1174 800 1581 875 1020 2262 2219
000369.jpg,757 135 558 1728 2295 754 2413 2756 184 213 1689 1533 1231 1448 2472 1597 2638 634 1478 1265 1312 1296 119 1383 1984 2408 80 2615 540 967 2021 529 2277 1801 1394 520 218 1945 545 707 1035 2566 1898 1839 739 232 898 2644 1558 1087 395 714 1093 752 2354 1228 2323 783 19 1849 2508 1883 473 2547 2759 1683 2561 1269 251 1766 1889 304 2725 1631 1798 962 1733 375 424 1722 1230 2169 1427 1333 646 1785 2579 2242 2072 957 388 425 1867 2464 498 499 2260 101 1061 766
000370.jpg,2045 258 2023 1584 2755 770 747 1320 1029 1796 2034 2545 64 1586 1096 2289 2735 497 463 1362 1948 2631 1569 1416 1417 1190 1319 860 1895 1897 562 433 2482 2130 1710 51 439 611 2352 1788 1552 2732 1993 2564 2837 2650 1328 48 622 161 2753 100 1640 992 1617 1627 319 1624 305 1701 1051 712 715 2724 2721 2011 2287 2676 2707 1208 2836 173 1407 2076 1381 606 906 817 2046 2767 1544 1636 1775 2272 2815 550 2088 2840 440 134 2628 2646 197 1649 1218 675 2084 2439 1172 2652
000371.jpg,1707 338 730 1466 1007 742 1131 336 1455 253 2341 2516 1526 568 1511 1969 1243 2151 1779 1379 1442 1783 1325 1794 2102 1645 937 544 2145 410 2730 2746 1005 1670 1385 1020 870 2290 1581 2763 365 773 1871 2299 2788 1516 406 610 1992 811 2364 1424 2830 678 1094 248 709 881 186 2549 605 673 2251 2492 774 1068 1110 1138 435 1731 1966 2377 593 648 1079 1142 535 2243 392 1073 1311 2519 1894 434 1936 2680 538 2219 1040 2087 1133 1120 1732 1527 1573 2518 1548 717 1165 1968
000372.jpg,176 1393 1033 2668 555 2786 332 340 2227 2743 979 1256 2029 1065 2384 2451 554 1562 597 1053 1418 142 417 1492 2078 1553 1686 1699 1890 289 886 1888 292 868 2217 866 536 1431 427 36 571 2267 1588 1132 733 988 1793 1886 901 680 193 1952 2380 2108 1236 21 2120 2038 500 62 2335 2090 1429 672 2629 2798 828 933 2032 377 681 358 1189 1764 56 2428 2387 429 743 1754 123 1049 1263 199 839 2083 1322 361 882 1398 2463 796 249 915 1352 889 1501 2150 698 2795
000373.jpg,1617 1663 1045 2241 712 1444 1993 1422 440 2130 947 735 550 2050 1782 169 1328 2836 2837 179 1369 51 2649 155 1381 1679 1544 2454 1623 1658 2439 518 305 1054 1649 1840 480 2707 925 1640 2840 26 2767 562 197 2011 260 348 1552 1796 1636 1870 900 2538 2631 2769 463 2826 445 1569 134 563 1029 2714 1486 2289 2628 2082 2088 2817 221 943 645 2721 1656 1489 1405 1934 860 1417 556 1437 2832 64 259 1710 2790 312 635 2270 1407 1102 433 439 1926 1218 2133 715 659 559
000374.jpg,472 1803 2595 1509 1629 2444 641 1807 551 127 203 2385 1811 147 1295 2771 2138 961 991 262 741 1059 1167 1069 888 1373 2094 1862 1530 2776 1355 1524 267 1341 2731 342 1215 2710 2431 1607 154 1539 2175 577 1238 2758 1278 1291 1619 1242 685 667 1863 352 2740 2797 1078 160 1735 2801 2749 2709 1025 537 2738 2104 1925 814 166 428 2266 1571 17 1421 1540 1828 385 1618 2468 1988 405 2340 2635 226 2246 2473 273 2339 2835 2403 2614 2013 223 891 2371 1622 1660 1964 573 2844
000375.jpg,1293 1097 1822 580 1143 159 1635 326 390 1118 1967 2062 2715 31 1011 655 1715 331 1050 430 1648 2406 1297 314 2053 1037 1124 1692 726 1187 1140 999 805 1472 1706 2687 464 1026 1216 1912 2236 2402 1503 1755 2531 2765 125 1018 1730 1932 1789 1568 1918 1275 2407 2465 2505 927 1317 758 1262 1929 1756 1972 799 782 478 1024 1829 2142 1647 1395 1831 936 455 721 346 1787 1220 786 389 2611 138 2301 1008 1655 788 1662 1475 1168 1299 456 628 1921 471 2398 268 89 363 2634
000376.jpg,894 2554 2153 96 1632 189 419 106 2060 1032 1927 2109 1171 2571 1214 22 300 2831 1661 2705 744 2567 762 2079 2401 2263 2160 205 2313 2261 2030 2425 1525 2317 1108 1188 2222 1139 1286 2573 2823 661 1227 924 122 1738 1659 1749 1727 2623 2572 2168 1560 448 214 2555 37 2791 1456 506 1284 732 468 594 2216 1858 2179 1400 2194 2111 1502 1703 6 2096 1083 1365 309 335 333 2591 1995 1844 565 476 1205 1866 1153 620 2348 586 1638 2448 1953 2303 1570 411 1425 443 183 2058
000377.jpg,1125 1753 2777 2772 2077 2478 70 2561 2510 431 1759 2757 315 18 2161 1035 1834 951 1252 2015 1842 1557 1390 1839 1165 2818 2302 601 2663 2 767 191 2622 277 2315 1443 2702 297 103 2323 1938 1323 2685 1235 688 1833 634 1186 1801 369 1980 2624 522 990 2686 2644 1389 529 1333 581 889 962 1075 1747 395 853 426 1798 2759 1334 2430 2583 1207 2546 1019 1115 293 2000 1353 29 1137 2667 1989 2178 126 2242 1810 2022 67 1951 1106 2277 2113 1804 1845 485 1683 2314 2072 1460
000378.jpg,1087 1558 898 714 1166 1928 1207 1137 2072 1590 93 895 2409 614 1298 1334 545 1228 1394 2323 1631 1333 2022 1798 374 1561 63 1801 1197 1785 2277 962 395 783 2644 182 529 251 803 1213 304 2504 1230 1343 572 2759 101 149 695 2547 1597 2542 1176 1683 1427 1346 341 789 2579 617 132 2040 2656 2242 1743 364 596 2381 2112 576 2546 2737 2149 1757 1883 1257 581 1839 540 2493 1898 2238 1483 2827 2190 88 737 983 766 214 2699 291 1693 499 1004 949 1900 1093 986 1999
000379.jpg,957 1889 2404 509 2464 844 744 2725 1515 1766 244 2141 2502 2448 1616 419 2554 2153 2841 1605 592 894 189 1927 1139 1199 1632 2152 941 84 214 1171 2807 1426 2048 1768 752 22 2751 1214 2278 620 2591 636 2567 45 1726 1536 2761 1364 1802 2060 2678 2348 1596 2720 1318 2188 2688 1371 2197 468 1757 2503 40 2562 1064 2498 2425 621 2056 1251 375 2079 2476 306 2160 2522 1960 2261 171 1882 2760 2608 2182 2705 335 2230 2612 42 1188 1227 1013 448 959 2823 1232 2169 473 1336
000380.jpg,2024 426 2143 24 2430 213 2533 1149 2320 29 1804 1719 2673 286 2172 1597 634 1689 2408 2638 853 2787 91 792 293 967 2235 2296 2021 707 2054 2014 1361 2124 2366 1326 727 658 646 1559 1451 589 1951 473 1061 2000 754 1236 2178 954 1886 2113 2508 376 163 2078 1306 485 142 2404 1685 466 2409 2725 1766 306 609 1492 359 1728 2756 752 1469 1869 240 1353 2066 1389 2540 2380 1699 1165 1696 1659 1139 1661 1263 1447 1582 1161 1881 411 2302 2571 2294 1553 807 995 2245 1053
000381.jpg,2381 2040 436 215 1900 364 101 737 2504 803 989 2238 766 374 251 341 581 328 2242 2114 2759 1427 2579 1883 1683 1230 572 407 962 395 2644 2542 789 1798 1334 2323 1898 1091 529 1996 1257 1786 777 1971 1801 1106 1561 926 1818 564 2495 1180 76 230 2288 2277 39 1357 2546 1137 545 304 1093 617 1197 2787 1213 1207 2281 714 2072 1394 614 1087 1558 898 1693 1166 2540 2656 2149 1928 646 1333 63 2784 2547 1343 695 132 1176 2022 2699 739 1743 576 783 149 1590 754
000382.jpg,1440 2517 1129 1684 2185 143 2529 386 718 2271 2298 795 1411 2584 2524 810 1694 697 30 1514 1445 2619 71 2363 958 787 273 638 1215 2104 2460 557 1630 2801 1360 2444 2246 1242 1939 969 879 1619 2175 1294 1863 1925 2616 147 1366 2468 2385 1258 1480 1446 127 687 2710 1324 1982 2844 2431 1112 1803 685 991 1807 2595 1816 1629 577 1509 667 2776 665 1059 1295 262 1270 2139 2481 551 641 385 2833 888 1660 1373 741 2633 814 1539 342 1025 2607 414 1571 2576 1530 1524 2709
000383.jpg,2510 70 431 2561 1839 1753 1125 2777 1035 2772 2077 2478 1390 2663 2 601 2323 1759 2757 1075 1801 2644 2532 529 395 2242 962 1810 374 2277 898 1334 461 1333 2759 502 789 634 714 1137 1346 1798 2504 783 1207 1087 1767 103 1091 1976 1176 2579 251 1114 2299 2547 1928 2471 2583 1197 695 1558 576 2022 1631 72 2785 284 1986 903 63 1230 2489 2699 1442 1310 803 411 581 1683 132 1107 2661 101 545 614 400 1898 65 2072 1394 1047 2601 1106 2388 702 2190 1904 2098 2493
000384.jpg,239 2091 2794 1781 2164 2280 525 2311 822 2173 2137 1282 2396 408 245 356 296 654 838 2232 49 209 1127 139 192 1248 383 252 2025 61 1356 1787 207 2669 1435 1568 225 653 1755 1505 625 2236 1831 805 113 2070 1274 806 455 1262 1655 1297 679 858 1598 159 131 1780 1475 655 799 1141 2698 1143 1011 580 31 1293 449 1299 1168 2693 2053 1317 216 314 1097 1506 1756 1022 326 1472 1503 1050 1118 268 671 1635 1972 2059 1692 1715 1216 2402 2715 782 1378 1021 1706 1273
000385.jpg,2449 8 1671 1474 2535 745 325 1006 443 586 1082 1308 1090 2706 2167 37 1763 2216 1380 2831 924 922 2705 946 2230 300 1697 1703 2245 1288 1322 1263 1661 2623 2841 2079 335 2572 624 459 2571 762 2401 2109 2567 2591 1032 1027 2293 2160 2425 1817 724 1750 1400 594 2463 1487 96 1139 1757 2249 2514 954 205 2313 474 214 1352 1685 1881 1113 1188 2096 1456 986 1550 1911 1214 744 973 2222 2156 1425 834 2452 2003 2263 1674 882 1760 2573 136 309 2555 2179 907 2348 2620 333
000386.jpg,1752 1545 1146 312 2832 2389 987 1102 1405 635 2411 221 85 1934 2790 1624 2501 4 2528 556 943 1407 1656 1644 188 626 2817 1926 2082 2300 1386 817 2044 59 2270 547 611 2069 1737 826 1319 1202 283 1422 1617 2367 445 2840 712 1552 613 1316 950 2011 1983 463 2419 266 2837 2133 169 2836 2424 2477 1782 440 550 1092 1029 1328 2289 2574 947 2826 2397 2556 1045 977 2241 2631 2544 1993 1190 1636 2652 900 1468 1649 2515 1796 2375 2050 735 197 259 155 2088 2714 2148 260
000387.jpg,957 1889 2464 2725 509 2404 1802 1766 609 2457 844 1880 752 2448 1515 1696 2115 744 1616 5 244 2128 592 1426 1596 498 2572 1199 2278 1726 2807 1032 2182 1280 189 2168 45 466 106 1364 1525 1960 2056 2141 2751 1768 2522 2048 2760 2124 2678 183 40 1326 163 1064 2476 2591 1945 2351 1084 1061 2263 2608 473 1269 232 851 815 171 1637 1556 214 1757 2566 388 2354 2720 1602 1371 375 2060 2386 2503 1659 2014 1171 2706 42 1953 1251 1927 2197 1536 1214 520 96 621 448 2562
000388.jpg,2716 849 1563 2552 238 2365 2479 28 2819 152 2250 2500 2557 505 1532 81 2181 458 2191 2370 972 175 1827 587 313 523 1741 2283 1339 2119 847 2689 705 671 1704 1896 696 1912 2674 2193 2534 2228 125 734 788 1281 1932 1293 1923 324 2527 456 1813 2715 503 120 1335 602 330 1097 129 2681 268 1376 1111 501 2052 92 1680 1037 1503 2687 2592 1011 452 2531 2099 1062 159 633 1789 354 1831 726 580 927 131 1708 1024 2806 2059 1730 464 1297 1655 1275 2244 326 2322 2177
000389.jpg,1254 835 768 931 848 1340 297 990 103 1235 1323 1845 1720 2624 126 688 1186 2314 1391 2276 1413 522 1512 65 2571 1277 2079 1310 834 309 333 1107 2831 1620 2555 205 2058 1300 767 1458 1286 2080 240 1015 400 2160 1217 1844 2216 2136 506 2705 2667 1174 2313 2167 1353 1244 1727 2296 1178 284 300 483 204 2401 2736 2005 1703 1482 2630 1560 1400 2425 448 677 800 277 1804 1032 393 1749 2519 2496 575 2780 2006 2096 37 1142 1090 2685 2823 1913 1057 2697 2573 973 2251 298
000390.jpg,418 52 1481 346 2244 786 1465 806 2821 780 2429 534 1662 2059 484 53 2467 290 225 1787 726 758 207 363 61 2690 2236 1475 2025 33 478 2470 2301 999 2669 467 389 268 1275 653 936 1378 2407 1022 2687 452 2806 1220 2693 1692 1789 471 1730 464 2505 2465 1438 2398 131 331 927 295 1097 108 753 1706 655 1008 192 455 2285 1929 2765 654 2634 2396 2142 1831 1024 1780 402 1918 1026 1216 1262 1293 628 1141 89 326 1875 430 1503 2531 1822 1124 1568 2070 31 1655
000391.jpg,750 1603 820 334 1723 650 1916 475 807 285 2346 2816 2387 1761 2810 2043 2171 1188 956 2359 1882 2261 1462 1227 411 2313 1260 2152 1605 2502 281 1219 396 1858 468 941 84 2627 594 1139 2443 2494 713 2483 98 1184 1371 1979 117 1641 40 38 1412 924 167 454 2410 620 1144 448 1250 905 1423 851 476 425 1987 2179 1922 2060 2705 2841 985 1757 2554 2567 1217 938 375 986 2823 111 1502 2216 1610 2726 2425 1171 2278 640 1205 2688 2089 1342 2086 488 776 308 300 322
000392.jpg,1055 2294 1944 2728 725 2207 1056 2825 2766 447 692 2736 2719 2319 1825 1126 442 1940 1935 2558 2041 2741 1463 2135 2511 246 1134 1547 1067 204 165 494 899 2842 2435 1899 686 2057 1452 2580 2291 1076 2665 2248 1130 677 2813 1868 2068 2708 1874 574 722 2286 1464 2382 1223 146 1937 140 79 2683 1639 2438 1185 682 508 12 657 1408 2639 526 1777 647 271 994 1942 491 2292 1998 864 2393 1721 1892 2440 608 1439 1677 274 2625 1473 804 948 1771 2436 627 329 67 2037 1876
000393.jpg,2252 1651 2682 1179 1977 2491 1578 945 841 639 1063 2647 1579 1920 1583 1770 916 998 9 2042 2723 2328 1470 114 1531 1769 952 919 227 982 1354 1528 2097 748 763 2225 2778 928 930 2349 2379 517 2729 1657 1851 567 1210 2304 1367 923 1368 1239 1154 382 1854 528 2559 778 2459 579 2711 1566 7 2618 515 2110 1209 2658 492 566 1271 1970 2026 1819 2462 2081 512 1344 1402 760 276 1864 98 2334 174 72 809 1879 2067 1415 2361 781 776 2209 2019 2103 1219 2775 1757 1351
000394.jpg,353 196 98 776 2474 1643 585 233 2081 1819 1864 701 2334 1625 2462 869 2067 910 1761 933 1283 476 1171 2261 2554 2567 1632 1791 1227 1402 22 2030 448 1922 813 1214 1041 1757 781 1963 2387 785 1139 2151 807 2153 2823 820 214 255 971 1217 20 2404 894 2425 189 744 2808 163 1603 986 2792 959 1255 1061 1889 2299 285 7 2060 2256 400 2658 1952 2841 334 1330 750 2089 1766 2573 306 1397 1442 381 2620 2103 1042 2047 2083 2348 2156 1904 2705 1205 473 646 1466 333
000395.jpg,1317 1756 1395 805 1755 1921 1647 2061 721 1972 2402 1918 1303 2236 799 2053 1475 412 1297 1037 1124 314 561 1140 1050 1967 27 363 1831 1635 390 1568 936 2407 2301 1187 2465 2505 484 402 1789 1008 2279 786 471 1715 1612 927 1829 1273 1655 999 1378 108 1022 1216 1275 2693 1472 2765 1662 2059 2687 653 1438 478 1929 2531 1024 1274 753 1706 2398 89 806 467 113 2698 331 1143 758 726 464 389 1026 1097 1039 1118 1648 2632 1822 655 2244 1293 1730 1787 2406 1299 782 1168
000396.jpg,290 2531 1875 2285 131 2565 268 452 1843 495 653 53 2142 1503 241 2693 1024 467 418 1022 840 346 1481 52 1011 2821 2765 758 806 2634 2244 1274 786 2470 999 484 726 389 1039 780 1662 1127 799 1378 89 1465 1787 2059 1568 2465 2505 295 363 207 2687 61 2429 225 1475 534 936 1706 2467 1275 464 2236 1789 2025 1692 2301 2806 927 1097 1262 1929 430 2698 1730 1293 33 1220 1216 2053 2407 1124 2690 49 2611 1037 504 580 2715 1932 753 1918 1831 2398 331 31 2794
000397.jpg,346 2821 418 52 1481 786 2244 780 1465 806 2429 534 2467 1662 2059 484 290 2690 363 53 758 467 131 268 726 1022 1787 936 2301 452 478 108 2407 61 207 2470 1378 2465 2505 653 225 1275 999 2687 2285 2806 295 1875 1475 753 1730 1789 471 2398 840 2531 1929 1220 2765 2236 1024 241 628 1008 1438 402 2142 389 927 1692 464 1843 33 2025 1706 495 2693 2634 331 1097 1831 1503 2669 1655 1216 1822 655 430 1293 1124 2715 1140 2565 1026 2611 1062 1262 129 1568 455
000398.jpg,1385 1779 2145 406 2763 773 1992 2102 519 1007 1707 1871 742 1894 1645 1526 1969 1511 1442 1138 1731 2516 2613 1800 186 1325 535 1527 2377 257 937 709 392 1718 1516 605 2219 301 811 253 1020 1455 336 365 730 338 1040 1783 2341 544 1581 1131 434 1110 678 435 852 248 410 1311 2830 2680 1966 1424 821 1850 1794 1243 870 1142 2243 610 2299 2095 1068 1379 2251 1466 593 2543 2746 288 2364 648 568 2492 2417 2788 2549 673 2730 2140 1968 2151 1094 451 2303 2519 774 881
000399.jpg,2593 1170 2147 632 256 318 1152 630 1762 392 516 2734 1267 1036 490 2165 1347 1247 2453 1519 1595 874 1077 2204 2132 2331 2718 58 2012 604 549 301 1973 1419 1600 1200 212 1128 265 2391 2420 1380 2691 2318 2156 2101 1717 2487 568 1709 2655 1321 2071 946 1160 2355 796 1757 1425 2636 350 1098 69 2257 974 1633 1790 823 320 1384 1548 1911 1510 1454 233 1504 1479 1659 1255 474 99 937 2696 2432 1642 836 269 7 1133 2458 813 1263 908 1331 2446 1958 355 1555 2722 1455
000400.jpg,1944 2294 1055 2135 899 2741 725 204 2728 2842 1056 2207 2511 1547 447 1067 1134 246 2057 1463 2825 494 686 2766 1935 2291 2435 1076 2580 2041 1899 2736 2068 79 2286 692 574 2248 1874 1452 1223 2665 2382 1126 804 2813 1464 722 2719 677 1937 2319 146 329 1639 657 2708 2438 1185 2683 948 140 1868 1777 442 682 647 2639 1931 2436 2393 2509 2583 67 491 627 1721 249 2350 995 2589 2569 359 2526 1001 217 994 2598 1592 2540 608 1881 1439 1346 2427 1408 1942 12 1330 2378
000401.jpg,1255 986 1757 123 882 2150 1365 2387 932 372 2380 1236 1600 1541 1406 334 698 1200 1477 1001 2012 750 724 1603 2267 2350 1049 820 568 1346 624 249 1263 1548 1012 1479 1874 2151 829 427 1153 2668 2475 2514 1380 2378 995 2449 1033 204 2291 1833 1747 474 176 657 796 555 1322 1521 946 336 1387 1697 2589 1911 1553 36 901 1267 909 2245 1761 2318 853 1958 2583 839 742 574 1492 933 2057 1431 1750 2293 2451 2580 1443 1189 1881 1162 1053 2463 1384 1074 1227 1484 733 2154
000402.jpg,1785 63 2022 1228 545 1333 898 1087 1213 714 1558 304 1207 1166 1928 1137 1298 2546 2072 1631 93 614 1590 895 1394 1334 499 1801 182 1561 374 2323 149 2277 540 291 1197 251 1798 529 2504 1176 962 789 2542 132 617 2644 1427 1483 803 1743 576 2547 2381 695 395 101 1346 2579 1883 1019 2784 2190 1257 1230 1971 2827 341 1103 2202 364 2040 1343 2238 983 1999 2242 596 2745 2759 2441 1693 2066 1091 646 2656 95 1786 766 1900 88 1476 2785 1914 2493 2113 572 1856 2699
000403.jpg,645 2011 445 2840 1029 197 1552 463 2289 2707 433 2375 1623 1054 1328 1649 1679 1253 1444 1895 134 2650 947 440 2735 1663 2050 2130 169 735 1045 161 2767 1993 2836 1617 1544 51 2837 2631 2241 2088 769 1782 2439 550 1422 1496 562 155 1640 2556 1860 305 563 712 2272 518 1840 965 2538 2482 260 319 439 2628 259 2454 1658 2713 1381 2133 950 2649 1788 173 179 1636 1948 1202 2352 900 1218 1417 2076 64 2287 1261 1569 201 860 1584 1148 2769 1316 1796 2721 2815 1307 1486
000404.jpg,1001 1810 2350 2583 1075 2509 249 2121 67 627 1012 202 1406 165 137 1212 1606 116 2292 2558 1130 1825 1728 634 2258 97 1940 2305 1390 1346 1841 1757 135 2295 1533 1986 2472 1928 1597 1383 2560 2224 362 1197 2151 2413 754 1296 1590 2493 1334 1478 184 1689 1035 1448 986 2408 739 1931 1231 895 1839 2324 2638 1312 855 499 76 637 2506 1466 1265 1849 1166 1427 112 2680 1309 1670 1442 431 2561 1748 2354 1962 359 1498 1984 707 255 2220 540 80 213 749 218 1255 508 2323
000405.jpg,131 1875 290 268 1843 2531 495 2565 2285 452 241 2142 1503 1011 53 653 1024 2715 1022 840 2693 467 2765 418 464 1789 1293 1568 1706 1932 1097 806 927 1475 580 726 1378 159 1274 1262 31 1062 780 1143 999 2236 2634 1655 1822 799 346 2687 1481 2059 326 1831 758 207 1813 89 389 2232 2821 295 822 2244 331 1118 1039 1787 52 504 129 1127 1781 2794 655 61 2698 2137 324 430 484 1140 2091 2611 1275 455 1037 1281 2465 2505 1297 2062 1216 2407 1829 786 1692 501
000406.jpg,2678 2386 1726 2116 1371 1960 1880 40 861 2448 2807 2141 1013 851 1198 1318 2522 45 1336 1856 2160 949 2079 2441 592 1364 1536 636 1251 2056 644 2591 1632 300 1802 2562 2737 1596 1199 2278 2048 1004 189 2720 1315 620 2733 1343 2761 1064 419 1927 84 2760 2188 957 95 894 335 1183 2554 2503 2612 2688 2203 2498 171 2827 783 940 1768 1144 2182 2263 333 2086 621 905 214 2230 2153 2197 1846 1093 2608 2060 42 596 1204 2582 2705 1139 941 2114 2202 407 1103 481 1616 2242
000407.jpg,142 1492 2078 1699 1553 802 1053 1430 429 555 1886 866 1236 2267 2380 1431 36 2668 1033 2217 680 901 1588 1132 733 1393 176 536 1793 500 427 1890 988 2333 2451 193 2384 292 2090 868 1888 2032 554 1754 2038 1263 767 2350 672 1001 828 878 377 933 29 2029 73 2387 2583 1429 249 1189 2475 1352 1322 1406 1346 1682 1012 954 123 2428 380 2299 56 315 67 2514 2172 1243 2463 2509 2120 624 646 2293 1869 1750 2335 1451 202 2000 1049 2409 2054 882 1165 889 1952 286
000408.jpg,1944 1055 2294 2728 725 2207 2766 447 494 2825 2435 2057 2741 2291 692 1056 204 2580 2842 1899 574 2135 2736 686 2319 2719 899 2248 1067 1223 1126 2813 1463 1874 1547 657 2068 2511 1452 1473 442 12 79 1935 1777 722 2041 246 1639 2665 974 1464 677 1076 1937 1185 2708 1134 146 2382 1408 2809 140 1876 1721 2286 1942 1868 271 647 627 249 994 864 2440 526 2499 1439 1892 948 2350 1998 2438 2393 1677 1012 2598 508 1001 1088 682 2683 1771 1555 67 1886 2037 2051 2639 2143
000409.jpg,2320 1149 2533 29 2673 2172 286 1804 1719 2021 293 2024 426 2143 24 2430 967 2787 792 853 2756 2296 91 754 2235 1361 2054 1451 646 589 376 2409 213 1535 658 1559 2540 1951 727 240 1061 1326 807 1447 1728 2000 466 1597 2124 1469 106 634 2408 163 1243 485 1513 2014 954 1084 2571 832 1306 1886 1263 1346 609 1659 1236 483 2016 1161 2638 1869 1353 824 1696 2111 2151 2129 2115 2251 2245 2387 1794 2303 1689 2404 2222 473 2113 1389 1685 1556 1766 730 739 1165 2572 2508
000410.jpg,757 135 558 2295 1728 2413 754 184 2756 1448 213 2638 119 1533 1689 1478 2472 1265 2615 1231 1296 1383 80 1312 1984 634 1597 2408 218 739 520 2021 967 232 707 1945 19 2354 1722 424 1269 1849 2566 540 2260 529 1898 388 1733 2508 2277 1867 1801 752 498 473 1093 1766 2725 1061 2224 2464 163 2169 1529 1035 375 2323 783 2644 1889 729 1839 2390 2404 592 1394 2351 1683 306 957 1426 395 425 509 499 898 545 1087 714 646 2744 1631 2561 1996 466 1637 2242 983 1558
000411.jpg,2277 1801 1631 529 2644 395 2323 1394 545 1798 1230 1334 962 1197 572 761 1558 898 1087 1898 714 374 1683 1207 251 540 1561 2579 783 1346 2242 2072 1427 1035 1093 1839 1137 1213 2759 1333 2547 581 803 2381 1166 1928 291 63 431 101 167 499 2510 737 576 304 614 1250 2022 1883 789 2114 364 2567 2504 1900 1298 1106 2400 1228 1176 1597 856 989 341 739 400 2546 2542 2561 2040 2216 1906 473 1483 2751 1214 2661 1144 695 634 306 1075 2483 1757 1786 1257 938 411 1219
000412.jpg,807 1260 1044 752 1603 750 1761 1858 2313 1188 1227 334 761 820 468 1217 2823 2567 956 411 2261 285 333 1171 2216 620 1214 1865 476 189 2060 2387 924 2171 2043 2810 22 2554 2816 785 2841 1610 2156 2079 448 2153 181 20 1139 2526 744 229 2089 894 2625 2425 1916 1931 306 2160 1757 2573 2220 2030 2705 1502 475 300 1632 2346 1205 255 1283 214 1255 2404 986 473 2179 400 2203 148 163 1401 637 233 959 1061 997 2348 2449 1889 2591 594 1346 971 1904 293 2508 2230
000413.jpg,503 633 772 711 1680 2322 2250 2193 1335 2764 1704 1117 1746 68 2592 2144 602 1111 2052 553 1332 1917 968 1314 533 771 740 238 2681 1708 1010 2237 587 1852 120 261 872 1955 507 699 2812 1164 972 1297 1376 2500 1109 2370 2177 2199 2365 2552 2527 2228 2265 313 81 162 1827 2181 1327 2119 2212 1182 671 2819 2773 1650 2689 92 458 2099 1774 1823 1741 1873 2479 2557 1543 1532 505 367 705 152 2610 2283 2799 175 963 849 696 1472 2306 28 2191 2597 2343 354 1956 532
000414.jpg,1584 2023 2045 2755 747 770 258 1320 2545 2034 1796 2713 64 1569 2433 439 48 100 715 2272 2376 2721 1948 2352 1416 1096 1640 1496 201 2556 562 51 305 1316 1490 1051 2309 194 155 2815 1636 1860 712 2650 2289 161 1617 1993 1417 1649 1029 2130 2631 2836 463 1218 1586 947 2837 563 2088 860 2050 1261 2767 1895 1381 1897 169 1328 1054 1782 2628 497 440 179 550 2454 1552 1045 1369 260 2735 2649 2011 2241 1788 1362 1489 168 992 433 1658 2046 1870 735 1422 1663 1444 1453
000415.jpg,1652 2231 912 41 2524 2208 1215 1264 2298 2517 2692 716 2205 1684 345 527 2801 651 237 2675 2104 1564 1988 591 143 1129 616 273 1812 2131 1181 1587 1360 2185 1837 1242 1630 996 2530 2246 1491 918 2781 414 2529 795 124 1485 700 386 958 2619 2373 1440 969 2444 2541 1349 708 718 2134 697 2363 2460 2271 157 961 1514 1411 2584 810 1803 1445 352 147 71 2844 557 2648 2184 1366 1618 2175 30 2226 2158 2834 2466 127 1863 787 638 1539 1615 1629 879 1 1619 1167 1059
000416.jpg,1436 2218 1052 1504 222 1305 2512 2156 850 1736 2071 1790 2362 1933 2691 2449 2083 1638 1757 476 2554 2355 255 2060 894 2645 2030 1321 637 189 2261 1227 1330 2096 986 2089 1632 1098 2750 836 935 1761 1671 8 1188 2425 214 2079 1255 2823 448 744 2153 2705 2201 2151 1171 2313 300 2567 411 229 1214 2526 400 959 2342 2161 813 2160 2348 1139 2216 1806 594 870 924 521 2387 1217 2404 1466 1904 1889 1931 2274 2573 2450 755 2680 1346 22 2591 2299 1858 7 83 333 761 2220
000417.jpg,1569 100 715 48 2721 64 439 1796 1640 562 305 2034 2545 51 155 2650 2433 1496 1490 1453 1993 1860 2556 2713 2376 2272 2309 1584 2631 1948 1617 201 2289 712 1096 2050 2352 1417 2130 1658 2649 1051 1328 1381 2241 2454 440 1422 1369 169 2439 1045 1782 1316 2836 2837 194 1544 2628 518 860 260 1416 550 1218 26 1901 2707 1870 563 2538 168 348 735 1623 2815 1878 947 645 2088 1679 1840 1054 1444 1710 2826 161 1663 1489 1261 433 1701 179 197 1649 2714 1636 925 2769 259
000418.jpg,6 285 582 1221 546 1702 2643 1083 759 620 181 1260 732 1797 807 1882 1891 820 1603 2313 1541 1858 2816 468 650 2666 1697 956 1723 750 334 1153 922 2171 1188 2043 2810 1916 475 2346 37 1570 1456 1761 1605 1865 372 2194 973 298 1763 2425 661 1537 2261 411 829 1380 2476 1227 594 1284 1285 2502 1015 2841 1090 586 2278 1397 1139 1082 2807 2152 2179 636 690 2168 2677 980 148 1308 476 122 2167 1610 40 443 629 2387 1884 420 1502 1080 281 84 2768 2118 669 1979
000419.jpg,346 2821 52 418 786 1481 2244 2467 1465 2429 806 780 1662 534 484 2690 2059 363 53 290 758 2301 1787 471 108 1438 478 61 402 467 207 936 2407 225 1022 726 1378 2025 753 1275 2505 2465 2687 33 2398 1220 1730 1929 999 1008 2806 653 2765 1692 628 452 2669 295 2236 1789 389 1475 331 268 131 2470 655 927 192 1026 1097 2285 2396 1024 840 2634 464 1273 654 1124 1941 1216 1706 430 1918 2794 1843 1831 2070 326 1140 2531 241 580 89 1875 1293 2698 2142 1822
000420.jpg,894 2153 2554 96 1632 189 419 106 2060 1032 1927 1171 1214 2109 22 2567 2313 744 2079 2571 2705 2831 300 2401 2425 1108 1661 1703 2160 468 2261 2841 1188 1797 1139 732 620 1858 2216 1227 759 1083 1286 1844 2643 922 1288 1153 661 333 309 506 2194 1702 6 762 1995 1953 1749 214 1671 565 1365 1727 2263 2555 285 1625 2823 924 476 335 1763 2168 829 2591 411 1697 2230 448 586 1865 1761 807 270 1221 1456 2058 2816 37 1889 546 1217 1090 1260 183 2623 1891 669 1487
000421.jpg,84 941 2152 2502 1605 2841 2348 214 1139 1371 2141 1616 244 1171 2678 45 1960 1064 1199 2503 1198 2522 1214 1927 1184 189 744 2056 1726 815 2608 2203 22 2751 621 117 1632 40 2567 1364 844 851 2760 509 2060 171 2197 2620 1205 2386 1251 957 2182 2494 2153 1987 1687 2705 924 2554 894 2030 419 1922 1400 420 1144 1397 592 2448 594 2768 1502 2612 2591 1979 1219 1768 300 2179 2160 1315 454 167 481 1880 2761 1882 2162 1802 281 333 2726 986 335 1217 1488 959 1336 2706
000422.jpg,2210 2520 1038 1754 640 2421 1041 1272 13 1949 2671 323 377 2578 828 1668 1374 2602 2828 2539 933 1429 2428 865 672 2047 2032 56 1337 2629 1049 1189 932 2798 698 370 839 1910 2221 2083 123 1329 729 2038 1521 1553 2120 536 340 1492 2108 2267 2786 1249 986 142 1431 955 427 1430 882 2031 2668 743 429 979 555 1256 2217 2423 176 1070 964 2117 1033 121 1255 1399 1699 2333 2029 569 868 1890 2335 901 332 432 2380 36 988 2415 2150 2227 1393 597 802 193 1132 1686
000423.jpg,702 1114 903 1830 848 1107 768 931 1767 2388 1908 65 2471 2601 284 502 1310 1340 103 1512 1608 250 1821 578 684 1975 990 1845 2624 1235 1254 297 126 688 835 1720 1839 1323 522 431 1035 2323 395 2644 962 2510 1232 1397 851 2561 1390 2276 1798 2 1810 1144 581 374 2620 1219 1413 40 2663 529 1922 251 1207 601 2114 1900 420 1075 737 783 2759 1137 1230 1343 436 1605 1423 332 1298 364 1166 2040 2494 1334 1916 1186 2242 597 1197 1558 2489 1427 1846 1641 1801 2029
000424.jpg,2381 2040 436 215 1900 364 101 737 2504 803 989 766 2238 374 251 341 581 328 2242 2114 1427 2759 2579 1883 1230 1683 962 572 407 395 2644 2542 789 1798 1334 2323 1898 529 1091 1801 1257 1996 1786 1971 1106 777 926 1561 1818 564 2495 1180 2288 39 2277 1357 230 76 2546 1137 304 2787 545 1197 2281 1394 1213 1093 1207 614 617 714 2072 2540 1693 1087 898 646 1166 2656 1558 2149 1928 63 1333 1343 2784 2547 132 695 1176 2022 739 149 576 783 1743 1035 75 182
000425.jpg,1757 924 986 1255 2359 2216 941 281 2841 2494 84 1139 594 2387 1471 1462 396 953 2627 334 750 1371 820 1605 1987 1502 1603 2179 214 2502 1199 1232 1250 1687 1616 2203 2483 2573 2197 40 1882 2348 2567 1184 938 1397 285 2278 1363 1979 761 1488 167 1761 2476 2425 244 1949 2688 2152 851 420 1205 1144 815 2261 411 1188 650 2761 454 335 1219 1198 1400 1723 42 2404 1558 2230 481 2768 807 1960 1916 38 2421 1171 1227 300 1197 2620 475 1315 1641 956 2346 189 637 1922
000426.jpg,1697 2268 2167 459 922 1911 1188 1456 1082 1380 1090 1308 1763 411 37 586 1284 2823 443 122 1006 285 546 1221 620 6 372 759 732 2643 1153 1858 1797 582 2313 807 1702 2043 468 1260 2810 661 1865 2666 829 2171 1083 980 2168 298 1891 2194 2425 1884 1285 2816 1761 1227 820 1603 1267 1570 1537 669 334 476 2118 1541 1610 2677 1200 2261 956 2623 1015 796 1916 1502 946 973 2593 724 475 448 275 1995 2449 629 2791 690 1560 2222 2346 750 2691 1084 2514 229 1205 2535
000427.jpg,2460 2363 557 2548 1366 879 969 1619 1480 2844 1539 1025 2633 2607 1660 1816 2298 1925 1863 551 1684 2226 867 2783 814 2431 1982 1514 2517 2104 385 1440 2662 2468 667 2385 795 2524 2175 2139 2727 1242 2185 687 1375 342 352 2584 2541 1411 267 685 2399 2138 2833 718 2444 2529 2710 234 2246 143 1572 1 2801 1129 1059 386 837 1009 1360 2215 1815 273 577 958 349 2709 913 414 1630 2189 1520 797 1238 1571 154 892 1776 2513 1694 1215 2455 46 2749 2158 2092 2186 1291 2797
000428.jpg,2295 2413 135 558 783 1448 1093 540 1728 184 2615 1383 1265 1296 2785 1231 119 1914 80 1856 1478 754 2441 2756 1343 2242 2472 757 1996 1999 213 1945 2737 1091 232 2827 949 2202 520 983 1312 2190 596 1984 739 2566 2745 1689 2408 529 95 407 777 2112 2638 617 328 218 1683 766 2644 695 1743 1801 341 19 2547 1103 1269 940 2277 1476 88 1176 291 2281 2238 707 1898 2759 310 2021 132 1597 2354 634 1722 2323 1561 1631 499 1867 395 424 230 1004 789 1230 1533 967
000429.jpg,1563 238 28 2250 2552 505 849 2479 2819 2716 2365 2500 2181 458 1532 152 972 587 313 1827 1896 2119 2370 523 2191 671 81 705 2689 2283 1741 2557 330 2193 1339 734 2674 2099 503 175 2052 1376 2527 847 1335 696 1680 2228 602 92 633 1912 2534 2592 1831 1704 268 1655 2177 1111 711 2322 1281 726 927 2236 1037 1706 2806 125 464 1297 1932 788 1813 131 2681 1923 354 324 532 1475 1332 2687 999 1730 2715 1293 1789 772 2531 1275 1117 1262 1875 1024 159 780 1097 1143
000430.jpg,1938 1833 1443 277 767 889 2686 1747 2496 2510 431 2532 1390 1035 2561 1839 2663 2 2323 601 2644 395 1801 1767 461 1986 783 1333 400 714 394 2242 529 1928 2277 1075 1256 1423 473 1952 1334 1197 856 2829 1418 63 375 1976 1906 898 1310 2022 2098 1931 597 1166 571 306 167 1065 1343 156 1219 2620 76 2190 72 417 2671 1398 88 702 2547 634 1091 1047 695 1137 1176 2388 2495 962 1107 1904 488 2699 1087 1879 1558 1757 1686 905 1346 2108 2216 1922 2661 1298 2526 1266
000431.jpg,493 2374 2174 366 1196 976 133 1358 1792 797 859 2672 1930 1279 2004 1234 548 1034 1580 1947 1861 746 1758 2125 280 57 210 756 2327 2418 1665 793 2461 570 2456 1765 689 294 1276 1859 1575 2184 588 1724 1375 1392 2330 1664 2186 2838 2229 583 150 422 1776 1072 1497 2694 1081 228 720 1030 2039 2206 1877 1457 1193 1551 880 857 1086 2739 1191 1887 158 663 2581 242 421 885 801 2321 1043 2548 2541 2332 263 687 1229 2356 2123 656 2590 1542 2703 1350 2198 1432 2662 2659
000432.jpg,629 882 1757 123 986 2572 2150 2677 1113 594 1139 214 2348 2115 1602 1255 1866 1477 2203 1738 1661 909 1696 327 2571 1365 2706 270 482 300 1397 762 1400 2620 1458 2179 298 275 106 609 1280 2448 1570 1084 1171 1502 1754 1603 1659 1953 676 1032 744 750 2079 2623 1525 334 1263 2261 189 2109 2841 2230 2194 1205 285 2263 2060 690 2567 2303 183 2160 2216 2705 96 820 907 1541 2591 973 2457 2831 1221 924 2245 796 2507 2030 1922 1214 448 466 474 1761 2404 2725 1057 335
000433.jpg,1506 1780 1141 383 2070 252 1356 2311 1505 525 858 1216 113 625 1248 1598 49 679 1140 1829 1299 1168 654 1435 245 1781 455 2669 408 2137 2232 1282 139 1262 61 1127 2794 2164 822 192 2396 2280 216 1924 1787 1273 207 239 2279 2698 1124 356 2025 225 296 838 2470 1692 1274 1568 2173 1918 331 430 1024 655 27 209 2531 33 1503 1293 2091 1097 1612 2765 1472 2053 1875 2062 1026 1143 268 2565 1037 2632 2316 464 1706 131 726 402 1647 1500 1972 2611 1021 643 1220 1843
000434.jpg,1057 2437 1836 1672 1749 824 2111 1178 2700 44 1990 1713 1116 1224 16 2317 1714 751 683 1447 2180 1535 1914 1449 376 2422 2523 2785 34 1593 47 2249 1469 2016 1838 761 2129 832 1353 1727 1476 88 2555 834 2202 1346 946 1620 2058 1678 603 1523 1450 1277 1732 1073 269 483 2745 2000 1482 2245 1300 1200 1856 2080 1380 1559 2695 830 187 2518 676 465 2167 441 2275 1147 1082 2239 863 83 104 2096 1451 2073 1548 1308 1036 1697 327 1943 1646 2383 339 205 954 1267 2630 1456
000435.jpg,2749 154 2740 203 1059 1524 342 1629 551 2468 1811 2444 934 1803 1348 127 150 185 1716 472 1072 884 1167 2710 1377 1539 1030 798 2431 2709 242 147 2198 1576 795 1025 2595 1863 2175 2155 385 685 814 82 438 1522 1861 2127 170 1375 1355 2013 667 1292 307 2548 2226 1862 1619 158 2187 267 57 1675 1857 880 2473 2727 1432 1201 577 287 641 1215 969 130 1807 2385 2206 2403 842 1238 2581 1373 1509 2460 1086 133 2633 1530 470 2174 1034 1 1129 1947 2703 2776 1837 2002
000436.jpg,2691 850 2512 2362 2355 1504 222 144 1911 796 1305 1790 2071 935 1098 1933 2096 836 1321 2318 2156 1387 1479 2201 2750 1682 2420 2432 1052 1709 1638 1200 2593 2218 1436 2342 320 1806 630 2452 599 2446 1267 1380 1676 2167 1082 946 2268 1006 1090 399 897 73 1308 1697 666 380 459 1510 629 99 1085 586 1763 1717 443 2537 2449 2535 177 2655 2642 1233 724 2163 823 2249 922 1628 37 298 2722 1285 2636 2514 973 1621 863 2706 816 1145 1023 1263 1750 624 1537 1073 2677 1160
000437.jpg,1707 338 730 742 1007 1466 1131 336 1455 253 2516 2341 1526 568 1779 1511 1243 1969 1645 2151 1783 1379 1794 2145 1325 2102 1385 937 1442 406 2763 410 773 1670 1871 544 365 2730 1005 2746 811 870 1020 1581 2788 1516 2290 1894 2299 610 2364 2377 1992 535 1068 186 605 1138 678 2830 1110 1094 248 1731 709 392 1548 673 1527 2243 1424 881 435 774 593 2251 1732 648 2492 1966 2549 1800 1079 1165 2680 1073 519 1142 257 2087 1479 1311 1040 1133 2519 2219 2302 676 1406 1936
000438.jpg,2510 431 70 1839 1035 2561 1753 1125 1390 2777 2663 2 2772 601 2077 1075 2478 2323 2644 2532 1801 529 395 1767 2277 1759 1333 2757 2547 1137 63 2242 103 1107 374 581 789 1310 502 1986 1197 1114 1334 2471 962 251 461 65 2495 646 499 1427 576 1975 739 684 1810 250 571 2542 578 634 2388 1608 1906 2759 1207 2579 702 1971 1940 1976 2785 2022 1091 1928 1130 1442 1176 1180 898 1821 1394 1798 2546 2601 2504 783 695 2216 545 2299 1533 1908 2381 400 2190 1087 2573 1065
000439.jpg,2044 85 2501 2411 1656 1934 312 635 2528 2832 987 1102 188 1644 1405 2790 611 221 1624 2817 943 1319 556 2300 547 1926 1386 1407 2082 817 259 2270 1993 1983 1190 1617 1422 1796 2631 2574 1552 562 2544 712 550 2670 305 64 463 439 74 1428 2837 1092 2419 1788 2545 1158 1029 1414 2676 219 2088 100 1208 1569 2724 2241 1381 260 2721 992 2397 1848 155 1046 1045 2133 715 2007 622 2538 1640 2800 169 2439 2344 518 2046 134 1782 2707 2836 2652 1878 2826 2289 826 1328 2424
000440.jpg,887 982 2065 819 1667 1585 2575 118 2328 1211 808 311 2793 875 2310 7 1470 2416 1531 25 975 151 2488 513 2658 1791 763 2225 748 2792 2636 662 2491 800 1179 1850 2005 2778 567 2140 1174 446 1058 1200 233 1370 930 916 1909 2165 2042 1002 2519 1518 2697 355 1757 1384 1396 1301 1455 243 1977 585 1643 1170 813 2392 519 490 2150 2682 2722 1578 908 945 1105 2251 1290 2696 530 227 2496 910 919 2006 1600 1778 1119 1670 897 1142 1978 841 2151 1160 1613 2252 271 986
000441.jpg,2185 1411 2584 1129 1684 1694 1440 795 2517 2298 143 2529 386 718 1360 2524 2363 2271 1630 2616 2801 2460 1294 810 958 557 1445 2246 2619 1446 697 1514 787 665 1112 30 1939 638 1258 273 2104 2481 1215 71 1366 1270 1242 2444 1925 2139 879 2833 2844 1619 969 1982 1863 1480 1816 299 2385 667 2731 1652 1539 1814 1122 641 2633 1373 1660 264 1589 2455 2607 2231 888 2710 2092 2776 352 991 2431 551 2771 837 262 741 2484 41 1264 2175 1571 1735 1549 342 2468 2576 2797 1776
000442.jpg,1145 2747 2098 1047 612 461 1976 595 208 2587 694 72 460 477 731 760 2469 2126 2775 174 1415 172 164 1599 1163 2074 1784 2829 2122 1023 2679 156 1241 1903 141 2577 2055 453 401 1100 1404 1155 2163 2645 1510 1628 2636 2156 783 1981 1879 1717 2009 2449 1906 2655 306 473 981 823 1757 2349 394 571 1093 1872 1035 399 1179 2242 2658 2410 488 579 540 905 2216 729 1160 479 2459 1904 1052 1210 1197 1889 1977 1729 1203 1368 1271 2786 1839 2640 2404 99 2400 1239 1631 2441
000443.jpg,956 1995 1882 115 2261 1697 2167 661 2168 2194 1911 829 2268 459 2823 1227 1638 669 1200 2573 448 1153 2623 2222 2425 1456 1267 1525 1709 476 1082 2593 1032 1380 2572 1387 1090 2216 1308 1797 1205 2691 922 1537 946 1108 2535 2706 2831 2156 122 1560 796 1170 586 732 924 1006 1763 632 1661 1474 894 1671 2263 1659 443 2554 1286 1188 980 1280 1761 400 1400 37 1884 2677 690 630 1057 285 2096 2030 8 1221 836 275 1321 1502 1098 2791 762 2355 745 2432 300 2153 2118 2437
000444.jpg,1525 2623 2263 1280 1084 2572 275 1205 1371 2030 1113 1659 2448 2791 2303 2678 270 1866 762 327 1139 1032 2115 2425 2348 732 2831 1108 96 1083 1696 6 894 106 2554 214 189 2153 183 2498 620 474 2203 300 490 1570 2706 2060 2168 1365 1560 1458 1255 2705 1400 298 1632 661 1380 546 448 43 2677 2401 986 2261 387 236 724 1602 909 1502 624 1757 829 2293 205 582 2101 1221 1425 669 2571 1797 2514 2071 1911 629 973 482 1738 2160 1750 2620 594 1661 1953 2718 690 1170
000445.jpg,751 1057 2437 1836 1672 1116 1713 1224 1714 824 683 1678 1732 1449 1620 2111 1450 1178 1147 2275 830 1073 1990 603 2317 1749 2518 2422 2129 2180 2239 187 47 1838 1517 378 1353 1195 2073 2630 371 2523 832 269 2020 1120 44 1346 393 863 104 2700 34 1523 321 1410 1869 1646 2684 462 1594 902 1014 1482 1943 1593 2780 1244 1727 2555 917 2080 1535 1601 339 761 2621 1950 32 469 676 2033 83 590 483 2136 87 946 2540 2605 541 2525 2058 1382 441 16 2651 1559 535 1451
000446.jpg,783 1093 949 1343 2737 1856 1004 2441 940 2112 1914 2785 540 1999 617 2827 407 1103 596 95 2242 983 2202 2190 310 2745 1561 1683 341 1898 88 1743 695 2542 1996 1091 1476 2413 777 132 1176 2114 766 1434 2295 328 198 558 135 1631 1801 2238 2547 2644 1230 1298 2759 63 1693 581 60 1087 291 576 230 2022 1334 1448 2323 364 529 75 1483 2504 1846 737 149 2489 1333 2040 1304 905 789 2733 2277 898 395 1197 1207 499 614 2497 1204 2072 1558 1228 989 803 182 2579
000447.jpg,1531 1470 567 887 748 2792 1354 919 952 2778 1769 2491 118 982 1179 1977 945 930 841 1579 2304 1578 923 2647 639 1770 2682 9 1210 1651 998 1851 7 515 114 1920 1063 2379 1854 819 1791 2349 2723 2559 2711 1585 2618 928 1667 1154 579 492 1209 2459 566 382 1271 2575 2065 528 778 2097 2252 2026 1657 763 1368 1583 2729 2225 2658 1528 2074 512 1239 1367 2042 1970 916 2299 417 1219 1599 808 460 517 868 289 2029 381 554 660 1670 1566 2415 72 2568 2151 361 1890
000448.jpg,2491 1179 2682 1977 945 1651 1578 841 639 1920 2647 1470 1531 1579 2252 2328 1063 748 1770 9 2723 114 887 916 2042 982 567 1528 1769 919 2778 952 1354 227 2225 763 2097 998 930 1851 517 1583 2459 2349 928 2379 515 2304 2729 1154 1210 579 1667 923 819 492 1657 2026 1368 1585 566 2575 1367 1854 778 382 528 1239 512 1209 2559 7 2711 2618 1970 2658 2462 1271 2334 2792 1566 2081 1819 1402 776 1344 781 98 118 460 1791 1031 1864 353 1351 764 72 2803 607 2603
000449.jpg,783 1343 2737 949 2112 940 1004 1093 1999 1103 617 1434 1856 2441 1561 198 2827 75 2542 1914 310 2497 983 60 596 95 2785 2242 1693 2190 1743 1298 2745 1304 695 2202 540 407 341 1176 132 2413 149 182 1683 2656 1091 2547 88 328 2644 2295 2149 364 63 1334 395 529 1230 766 1476 803 1898 2238 2040 1197 581 1996 737 558 2323 2022 989 374 2759 135 1448 1333 291 2114 962 1971 576 2504 1786 499 1346 1846 1798 1631 1801 777 1785 1213 614 1900 101 1180 2489 1207
000450.jpg,13 1272 2210 2520 640 1754 2421 1038 1041 377 828 1949 2671 672 1189 933 323 56 2032 2629 2428 1429 2038 2798 2120 2217 1049 2387 427 555 1952 1553 2335 1033 358 2668 839 2578 988 176 193 1793 292 2451 142 1764 2267 536 698 2380 1492 1431 1699 932 901 733 820 2078 1521 866 1393 36 500 1221 680 123 1236 1053 1541 2384 2795 285 2090 2677 986 2083 1603 1132 1263 1588 882 2475 372 1910 2132 1255 1153 2787 2150 546 796 2518 1761 750 334 582 2000 2828 6 915
000451.jpg,1663 1617 1993 1328 712 1422 1444 947 1045 2241 169 2050 1552 2707 2840 550 735 2130 2837 1623 1782 1679 2011 2836 197 2289 445 51 440 2454 260 1369 134 900 259 480 2649 2631 2826 518 645 463 563 1054 2767 155 305 179 860 1381 1710 2439 221 1788 1895 562 1544 1649 2538 2769 1417 635 1486 2082 433 1878 1489 1640 2088 1437 1658 2714 312 2133 1934 2721 1796 2544 2650 556 2270 348 943 925 1405 1307 26 2375 1569 1870 85 188 987 2652 1386 1208 1029 547 1860 2832
000452.jpg,2074 1599 595 73 2587 208 437 1233 399 823 2469 2126 380 731 760 2163 1628 981 1510 453 1160 401 1872 1717 460 2655 461 694 72 99 2122 1903 2679 1047 477 2098 2829 612 2747 1163 172 1784 1976 1241 164 174 156 2775 2577 1415 141 2055 2645 2299 1154 2156 2568 923 1404 1210 2559 1219 2443 1155 1100 2415 1023 2304 1256 417 579 289 2349 2618 515 1390 566 1670 2423 492 21 1888 1757 2029 749 868 1145 660 2483 631 2658 743 429 2151 2387 62 2636 361 2009 554
000453.jpg,2043 2810 2171 1188 650 2666 1697 2816 411 1891 922 1456 1153 582 1221 546 285 1723 6 1865 1763 1916 2346 1882 807 475 1284 37 759 2643 829 1761 122 1260 1858 468 2261 661 1227 1603 1702 1090 820 732 2168 669 2194 620 956 1083 2313 372 1541 1082 1308 1797 1380 2167 334 586 750 2841 476 1139 181 443 1006 980 1610 2476 2677 38 1696 2706 2425 1884 1250 448 1537 1560 882 2387 724 1757 1911 2278 5 1015 1995 123 905 298 938 1200 2014 167 629 40 986 1605
000454.jpg,2437 1672 1836 1057 1749 44 16 1447 2317 376 1469 1990 824 2700 2249 1449 1178 761 1535 1224 1116 2111 832 1727 1713 2555 1714 751 2058 683 1353 1593 834 47 2180 1620 1838 483 1523 1277 946 1483 1482 2129 1300 2080 441 2422 1073 603 2523 1346 1380 269 1548 2695 2000 1732 1451 2245 240 1678 2275 1773 104 34 1450 1036 1760 1147 1795 2096 1361 1559 205 2383 830 83 2518 2054 96 465 339 954 845 2554 863 2167 1263 1513 1646 1200 2831 2296 1161 1712 1638 350 1456 1697
000455.jpg,1663 197 2840 1045 1617 2011 463 1489 445 2836 1444 1710 947 1328 712 1782 433 2241 2130 2289 2375 2050 169 1422 735 440 1417 2837 860 1029 1993 1701 179 2454 1552 1369 900 550 2649 51 1788 1679 1934 2707 1656 2790 2832 817 489 221 2817 1102 2767 1624 645 1926 480 1623 26 943 1640 134 1381 1486 635 1658 1870 2397 1437 925 1407 2082 1649 305 2826 1054 1544 312 155 348 1405 563 2528 260 2411 556 2631 2439 1796 1644 562 1386 518 2769 1983 2501 2133 2300 2270 1307
000456.jpg,611 2045 1319 85 188 2044 2023 2411 1584 258 2528 2790 1656 1407 2755 1644 1624 1934 943 817 635 1926 221 2300 2817 987 1102 2501 1405 547 556 312 2832 2082 770 1796 2270 747 463 1617 1422 712 1320 1386 1029 1993 1788 259 2837 2544 2545 2564 550 860 2034 64 1208 562 4 2454 1569 1417 283 826 1895 2419 2836 2076 1328 1552 100 2289 1782 1381 2721 433 715 1045 305 2724 2800 1369 2069 2652 2397 1092 48 74 2670 2358 1190 26 1414 2676 2344 51 1983 2307 947 2050
000457.jpg,2844 264 2484 2455 2063 837 1009 2092 1122 1815 2833 1589 1159 299 2139 1814 2371 2797 2269 403 1982 352 2576 1925 428 2776 2731 267 667 1549 234 891 1735 2399 969 1025 1238 741 1619 1520 2189 1291 1539 1572 2385 2412 1373 913 1 90 262 2727 1366 1349 551 888 2771 641 879 1863 1509 991 342 2541 1807 2403 2633 1480 2431 1816 17 1660 2460 1571 2607 1242 814 226 2226 1295 2175 1622 2834 2158 1059 867 2215 2783 2338 385 2710 557 846 2635 2104 2273 1338 46 573 1776
000458.jpg,1583 998 2252 2146 2018 2284 1651 1179 2682 764 719 1970 2008 1657 1977 928 2551 2729 778 382 1854 517 2491 1531 930 1289 1063 1470 2711 567 1578 2778 639 2647 748 1579 1354 919 9 841 2379 1367 1851 1239 1920 952 2042 982 1368 916 1507 945 1210 2225 1769 2459 763 227 7 1566 1271 107 664 2349 1770 1403 2658 2723 2019 1351 1177 579 1154 2097 35 2304 1691 2604 528 492 2559 871 1209 1493 2361 566 914 114 1528 2026 515 2414 1669 2209 1534 1879 2641 723 923 1204
000459.jpg,1721 2809 1876 1473 12 1055 2294 2766 2728 1868 508 1165 140 2499 1944 657 2719 2685 2622 2315 627 994 2302 67 1439 1753 1557 725 2589 494 2051 864 1027 2207 692 1452 447 598 2057 2580 191 531 2435 1817 271 1125 1998 315 136 1406 2068 1408 767 1980 1881 2319 1725 1067 2708 442 1942 1012 128 526 2291 1931 944 2077 2583 2436 2825 368 1548 574 2041 2665 1886 608 646 2440 722 2772 2736 249 2702 2478 2777 2683 677 1511 1677 1969 2657 1759 2598 2089 1874 1899 1892 255
000460.jpg,346 2821 2467 2690 52 786 418 1481 363 936 402 753 471 2398 108 2244 1438 478 2407 1220 2505 2465 1008 2301 628 484 1662 758 430 1022 1692 1465 806 1378 655 2429 780 2611 1048 1275 1918 290 2059 467 1787 2669 1730 1097 534 389 2025 53 2634 2765 1929 1143 1026 1822 2687 331 840 1124 452 2806 654 2632 61 2070 138 504 1293 207 1612 241 295 1037 89 1140 2285 1216 625 679 2142 192 1118 2794 1273 1356 1024 113 225 1018 1141 2531 1647 1506 726 1781 1789 1503
000461.jpg,67 2583 2509 627 249 1001 2350 1012 202 1810 1406 2121 1075 1944 1055 2294 2728 2719 725 2319 692 494 1869 1243 2766 338 442 1886 1165 2748 2302 2518 2057 1874 730 1195 1126 2151 1120 2135 2251 2741 1223 2291 1379 1131 2701 29 1147 1557 447 2736 2683 2041 2598 191 1969 1581 899 2207 1020 574 1794 1067 1346 378 204 1439 686 2842 2825 1110 1850 315 2436 2435 1236 2329 2299 2621 2667 2622 1670 881 1073 1805 404 359 2315 1511 2746 2708 678 2172 2787 1547 2492 79 1263 2665
000462.jpg,2809 1721 1876 1473 12 994 657 2435 1881 677 2779 1817 2589 274 1931 2708 2438 368 1725 608 136 1711 1027 637 2057 1439 1501 2762 574 2599 2657 1886 2683 864 1582 2526 1899 2051 444 2719 494 682 1874 128 508 944 2216 482 2291 1902 2499 447 1165 915 854 2712 1406 1892 526 67 692 1868 278 627 1703 271 249 1443 2308 2089 2245 1433 1223 255 2154 1555 1173 2580 2766 2220 2507 177 1952 1757 1225 2704 1548 1833 2183 473 2302 2378 1408 939 995 882 1263 1700 2583 2475
000463.jpg,614 1361 2072 1137 1207 1451 589 727 2787 658 1106 2000 1786 1175 646 485 1306 1951 1257 1971 2054 714 1559 1558 76 1087 1483 1798 898 1197 1334 962 1333 2656 251 1213 803 63 1427 2149 1230 1693 395 291 1298 2644 789 1166 1091 572 2022 1801 374 2323 2381 1180 39 1900 1561 2495 304 2288 564 1357 215 581 1743 545 926 529 364 989 2579 2040 1394 1228 737 436 2504 341 2546 1928 1176 695 1346 2242 132 1818 2785 1996 149 2542 2190 230 983 2784 2827 766 101 1683
000464.jpg,1453 1490 1496 2433 2721 64 1569 48 100 715 1796 439 562 2556 2713 2272 2034 1640 305 2376 2309 2545 1860 51 1901 201 1316 155 2650 1965 1948 563 1636 2815 2352 2289 2088 1993 2826 260 1584 1096 2631 168 440 194 1878 712 2241 1148 1617 2050 1840 486 784 1416 645 2538 518 747 550 1658 231 2130 1422 1381 2337 2649 2836 1328 1218 2439 161 900 659 2454 1051 1045 1544 1623 259 445 2133 169 2652 2840 1782 2707 134 1054 433 1679 559 950 965 947 2628 1369 1649 319
000465.jpg,783 1093 949 1343 2737 2112 940 1004 1999 1856 2441 617 1103 2827 540 1914 310 2785 983 407 95 596 2242 1561 2190 1434 2542 2202 1743 198 695 2413 2745 341 1693 132 1176 1898 328 558 1683 88 1476 2295 75 135 1091 766 1996 60 63 1846 2238 149 2497 2547 2022 2114 2489 777 1448 1298 364 1631 1230 182 1333 1304 2656 291 2040 581 1801 2644 529 737 576 2759 1334 803 1785 1213 499 2323 2149 1087 2504 304 614 1197 1483 230 101 1228 1900 395 898 1207 1971 962
000466.jpg,1635 1967 390 1715 1293 1097 1143 1822 1050 580 1118 159 2062 1648 326 2406 31 655 1011 2715 430 331 314 1692 1297 1187 2053 1472 1037 805 1140 1124 1018 782 1755 1317 1918 2632 2402 113 1395 1048 1756 2505 2465 1647 1612 2236 1568 1972 726 1026 2611 936 2531 89 138 1303 478 1503 1216 799 2398 2407 1921 1039 1829 999 2061 721 2687 643 125 628 2765 758 2301 1475 753 2232 1730 1024 389 1220 1929 1662 464 1275 1706 1008 788 1022 1831 1781 1299 1168 108 653 1378 471
000467.jpg,1349 234 913 1 1572 1520 1618 2727 2399 2226 2541 1540 2339 511 307 2340 2834 1025 2709 2158 2215 2710 2635 892 2466 352 969 2175 46 223 1615 1539 2473 961 267 342 2444 349 685 127 1215 2298 154 2372 551 2246 1059 1630 1862 1524 1360 1684 1571 2403 1238 1291 414 1514 891 697 1101 2517 2524 1815 1270 1803 1629 403 2801 1242 958 1129 2063 2619 2138 2213 195 17 641 2783 1698 537 2513 1811 577 795 1446 1509 1939 2223 837 573 2104 1807 2486 2844 1009 2338 147 1167
000468.jpg,1944 2294 1055 725 2728 2135 1056 899 2207 1464 2825 204 2741 1076 2842 2382 2248 1547 2736 2511 246 1134 2286 1126 2813 1067 1639 146 692 2041 1935 1937 948 2580 1463 1874 447 686 494 2057 2393 1185 2766 1899 647 2435 677 1223 2291 1777 804 2639 491 2708 2683 682 1452 2438 329 2569 442 2719 2068 574 2319 79 1592 2665 657 722 1868 140 2436 1482 974 1408 271 2111 2080 1942 12 462 2598 1517 1473 2350 516 1757 2440 994 1892 1677 2823 1169 508 482 2317 350 1669 1001
000469.jpg,1371 84 1757 941 40 986 1960 2152 2494 851 1144 1987 1139 594 2359 1616 2502 1255 1605 2678 815 300 244 281 1184 2197 1687 1949 2421 2386 214 1400 2203 2620 2348 1336 1198 509 1013 2079 1726 2503 844 621 2761 1927 1462 2567 1199 2261 45 940 1171 2216 856 420 1397 481 2160 2141 2726 1882 285 1922 1219 2162 1315 189 2737 171 2425 1205 1064 1183 2705 1488 1502 783 1364 2688 2751 1197 1603 117 448 396 1768 1214 2056 750 2060 2278 2048 592 1004 2448 2506 2566 1979 744
000470.jpg,757 135 558 2295 1728 2413 754 1689 184 213 1533 2756 1448 1597 634 2638 2472 1312 1265 1296 1478 119 1231 1984 2615 1383 80 2408 218 967 520 2021 1945 739 707 232 540 529 1898 19 752 2354 2277 2566 1801 2508 1849 1093 424 1035 1722 1839 1269 2260 388 1766 473 2644 1733 783 2725 2323 498 1087 898 714 499 2169 2561 1061 545 1867 1683 395 163 1394 375 1558 2464 1529 1889 2224 1928 729 2759 1631 2351 646 2404 1883 1228 1996 2547 2242 306 983 957 695 426 24
000471.jpg,2491 1179 1977 2682 945 1578 1651 841 639 1920 2647 1579 2328 1770 1063 2252 9 2723 114 1470 748 1531 2042 916 1528 982 1769 227 919 952 1354 2097 2778 763 2225 567 517 930 1851 928 998 1583 2379 515 1657 2729 2459 1210 1154 2349 887 2304 923 579 492 2026 1367 1368 778 382 566 2559 2618 1854 1239 528 7 512 2711 1970 1667 819 1209 2081 1566 1819 460 2462 2334 2575 1585 1271 1402 2658 1864 2310 2577 781 98 72 776 1031 1344 760 1562 2067 2775 2110 2803 172
000472.jpg,2138 511 2648 969 577 2340 961 352 2226 46 2783 1540 2709 1349 1618 2466 2473 892 2158 2215 1025 349 223 2175 1572 1615 2339 2635 2834 1571 913 600 2541 2100 414 1 1270 234 2372 2710 195 307 2727 1815 1514 1622 2513 1101 1698 1520 127 2486 1862 2399 342 1539 846 642 2223 2253 2595 1009 551 1338 573 403 17 1816 1258 1409 1939 147 2444 1095 1366 2338 2481 2738 1994 2460 2820 879 2619 1060 2616 1059 685 2455 1159 166 2246 267 1324 1629 665 837 537 2013 317 1294
000473.jpg,1518 2282 1290 530 446 1301 607 1017 2140 1058 2796 631 451 1567 2049 2064 1909 1384 2093 2660 921 966 1604 2085 2458 2543 942 1981 1613 1237 662 2392 1673 1331 1705 337 1742 2696 2357 487 2257 1002 1614 908 1495 2596 1978 2600 1119 1681 813 54 2262 355 710 1105 243 542 2782 1370 984 1554 1396 2636 2251 1621 678 1676 311 800 852 897 2005 1455 320 1894 2259 2609 1516 2519 2793 2488 1466 1850 1211 2310 1094 1550 1581 774 875 1800 585 1174 2006 673 1892 1145 1142 2697
000474.jpg,418 1481 52 2244 346 806 780 1465 786 2059 534 2429 2821 1662 484 290 53 131 1475 726 268 2470 2236 653 2693 207 2467 1875 452 1787 61 225 1789 464 2690 999 467 33 1706 758 927 1024 1378 1275 2285 363 1831 2531 2687 1022 2765 1655 1843 2715 2301 314 1273 241 331 1568 1216 1097 389 1929 295 1503 1140 2407 2698 326 2565 2806 2142 580 799 31 455 495 1262 2465 2505 1293 478 1124 1730 1822 2053 1932 655 1692 840 1008 471 936 1011 2396 2025 159 1506 1438
000475.jpg,2411 1656 2528 1644 2790 2817 1102 1624 1934 1926 943 817 221 2300 1405 2832 635 2501 2044 1407 312 85 987 188 556 611 1319 2082 1386 2270 547 1146 1617 4 712 1422 1752 283 550 1993 1045 826 1983 1737 1202 2069 2454 2574 259 1208 1328 860 1369 2397 1029 1489 1552 305 1796 463 1710 2836 2670 2837 1782 2011 1417 2649 562 2544 1092 2241 1545 1788 947 2419 2676 1381 2477 480 2631 977 197 2050 925 1190 2367 1444 169 26 1414 2344 900 626 1701 266 64 2515 613 2724
000476.jpg,2080 1482 441 2383 1523 2695 575 373 584 845 1016 2395 1147 2518 2754 1450 1120 1678 830 1691 603 1620 2019 1646 863 1244 1669 1073 2275 393 1732 2136 2780 1517 1169 462 339 2630 2684 775 357 2317 2525 2447 2586 2111 1382 1805 279 1626 2368 187 834 2166 2605 1943 1410 2651 2571 490 2263 102 83 104 1449 1611 993 2159 2563 2020 1919 794 2823 1152 2718 309 2239 2572 1057 1762 2752 693 1259 2347 1032 333 917 2621 1036 2802 2194 2623 2555 96 2033 2165 2805 2360 2058 902
000477.jpg,2044 85 2501 2411 1656 1934 312 635 2528 2832 188 987 2545 1102 1796 2790 1405 2034 1644 221 1624 2817 100 943 562 1569 439 2300 715 2721 611 1640 64 305 155 51 259 1926 1319 556 2241 547 1636 1407 817 48 992 1993 1381 201 2046 563 2713 2439 1617 260 2433 1860 2631 2088 1658 1316 2309 1552 1422 1386 1878 2082 2352 1046 1544 2826 712 497 1983 550 486 518 1586 1782 168 1096 2007 1428 1848 1045 2270 2836 1584 1840 659 784 900 1965 2837 169 2337 2840 2272 2419
000478.jpg,2150 1757 2823 986 1255 882 123 752 1365 468 2425 1797 959 411 1953 1217 1188 1153 669 620 1171 1858 309 829 759 2216 1696 1697 448 2387 2313 2706 1227 807 1139 5 732 2567 1214 1560 1904 1200 476 22 229 1703 1108 1889 2457 2643 1084 2507 2841 189 2261 334 1995 2168 661 744 2591 2109 1280 285 1474 214 8 1761 473 1032 122 2677 1288 1866 956 2572 43 183 1865 2404 306 1221 236 1260 2079 820 1844 565 1671 2448 2725 546 2160 2498 372 2014 270 2153 922 1541
000479.jpg,1635 1967 390 1715 1050 1097 1293 1648 1822 580 2406 1143 159 326 331 314 2062 655 726 31 2715 2053 1118 430 999 1011 1124 1140 1037 478 1692 2505 2465 2687 2765 2236 1662 1730 758 464 1706 805 1187 2531 1789 2407 1831 484 927 1275 1297 389 1024 467 1216 1756 2301 2634 1929 786 363 1475 1472 628 346 452 1026 1755 936 1912 1568 1503 1378 1317 2806 89 1018 1655 125 1932 1039 1918 782 1008 2059 268 1395 2611 108 753 799 1022 2285 455 501 2398 2632 2821 2142 1829
000480.jpg,1781 2164 239 2091 525 2311 2794 654 1248 245 1435 625 49 1356 679 383 2280 252 1505 139 2173 408 1598 1282 192 2137 822 858 2396 209 113 216 838 356 296 2070 1787 1127 2669 2232 1141 2025 61 1506 207 27 1168 1299 449 1780 653 1568 225 1022 1037 805 402 1124 1317 1395 1011 2053 2531 1143 1274 1216 1297 1472 936 2279 1293 2402 89 2406 1756 1118 33 1972 788 2236 430 1755 1918 1829 1097 1715 1187 1303 1647 580 1503 1008 131 2465 2505 2611 1921 2632 1140 471
000481.jpg,1908 702 1107 1830 1767 1114 903 65 2388 284 1310 2471 2601 1512 502 1608 931 250 1821 848 578 768 103 684 1975 1340 1254 2667 2323 835 395 522 1839 962 1035 1075 1390 1197 1144 2644 2495 1334 1798 2561 2620 1845 2299 1810 581 2624 1801 1219 1166 1922 2510 1423 1346 126 1538 1184 431 1230 1427 737 1928 2151 1207 529 1641 374 2277 2506 990 1256 1235 1130 1888 436 2224 1900 1137 1065 597 851 688 614 986 1940 1986 783 417 1418 1686 2029 2242 251 2699 2494 332 1400
000482.jpg,582 546 1221 285 6 2043 2810 2171 650 1188 2666 2816 2643 1702 1697 759 1882 1083 1891 620 807 181 1260 732 922 411 956 1153 1797 1456 1723 820 1603 1541 1916 2346 475 1858 1865 750 2313 468 334 37 1763 1761 1284 2261 1227 372 1139 2194 829 1380 1570 661 1605 2841 2502 122 2476 2425 298 40 2677 1696 2152 2278 2807 636 586 1090 98 2168 443 973 84 1082 629 2387 594 941 353 281 1308 476 724 2514 1250 669 905 2179 1537 938 196 1318 1285 851 1199 2048
000483.jpg,2236 1475 1831 2053 1756 1755 1317 805 1655 1037 799 1395 1789 927 653 1568 464 1706 1124 2693 314 1647 806 1303 1967 484 1378 2402 2059 561 2061 268 1921 1662 2687 999 1918 1140 1972 1635 390 721 726 2531 1024 786 2429 534 1022 1273 2244 1275 780 363 467 1465 2505 2465 1274 2765 2301 1829 1216 1715 1050 412 1787 1503 2698 1929 89 389 1039 131 452 1297 936 2407 2232 455 1472 108 1097 418 1875 1127 1293 159 346 758 1262 113 580 471 1008 2285 331 822 33 1018
000484.jpg,131 290 268 418 1875 452 2531 2285 1481 52 653 1843 2565 346 495 53 806 467 1024 1503 1022 2470 780 2244 2142 2821 726 295 484 786 2059 2765 2693 241 1465 1662 2687 999 2806 1475 1275 758 1789 207 840 2429 389 534 1929 225 464 61 1011 1787 2634 1706 1730 1568 2467 2236 927 1039 1831 1378 89 2465 2505 504 2301 1655 1274 1216 1124 1262 1932 455 2690 363 1037 2715 33 580 2053 1140 31 1293 478 1097 331 2025 129 1127 2407 2698 1062 430 1692 2611 2396 501
000485.jpg,1417 860 1788 1489 1710 1701 1870 26 2454 2769 348 2538 2649 1369 925 712 2714 179 161 480 2050 550 769 433 2289 2130 1045 1895 197 735 1617 1328 2375 1569 1422 2011 1029 440 1993 2721 2840 562 2650 305 463 173 2836 947 1782 2241 1796 100 2837 51 64 2707 2528 817 1624 715 445 48 1552 1644 1679 645 518 611 1663 1649 1640 169 1407 2817 1444 1381 1627 1658 635 2034 2544 259 2300 188 1172 1934 1623 489 900 622 439 1054 1313 2790 1319 606 1218 1584 1544 2556
000486.jpg,1781 2311 2164 2091 1248 625 525 239 1435 2794 679 1356 1598 654 216 1505 245 252 1282 383 858 113 782 2280 1127 49 408 356 2070 1018 139 2232 209 2137 2173 822 1297 2062 296 449 1011 655 33 1026 1961 653 2316 27 2402 1168 1299 1097 580 1972 1293 1472 2406 1648 2632 1787 159 31 1143 2698 721 1048 838 1187 1647 1875 2053 192 2396 788 805 326 1635 2236 1692 131 390 125 1755 1021 1967 1715 1317 2025 1216 1141 1274 2531 1568 200 1500 1037 1917 618 268 1503
000487.jpg,1213 304 2546 2066 2178 2113 2022 63 1389 1115 1333 1019 1785 1228 545 1394 149 182 614 1137 2072 1207 898 2504 962 2040 1971 101 1743 1166 341 1298 1230 1343 1693 1257 2656 374 714 803 364 737 2242 1087 1798 395 2827 1561 1786 572 251 529 983 1801 617 1883 2149 2238 2323 2759 215 695 1106 132 436 1176 2644 2277 1334 1928 2542 1558 581 766 1900 328 2787 789 2381 1683 2441 2190 407 499 989 310 783 634 1197 1093 2547 1631 596 1856 1427 2112 1898 1091 2579 2737
000488.jpg,1545 1752 1146 2389 59 4 85 312 987 1926 2832 1624 1405 556 2367 1102 635 626 1656 2270 1407 2790 2082 1737 2300 817 2411 221 1202 1934 2817 1386 547 943 188 1644 826 2528 950 2501 611 2044 283 1422 1319 613 860 2069 1799 1617 1993 2477 463 1328 2840 712 1489 1552 2454 1788 2011 550 1029 1417 266 1701 1190 440 259 2714 1623 2050 1045 1796 1444 2375 562 947 1316 2631 1468 2515 2241 134 2312 2424 2837 445 305 169 2544 900 735 2130 1710 433 197 2289 2076 1983
000489.jpg,472 1803 641 1509 991 551 2385 2595 888 1807 1373 262 1629 2094 127 2771 1530 741 147 1295 1059 2444 1167 2431 2731 1811 267 1069 667 1619 2776 2138 2710 1862 1863 1291 342 1078 1355 203 1238 160 1925 577 1341 814 1524 1539 961 226 1607 1735 1215 2749 2104 2797 2740 1242 2468 154 2175 685 385 537 2758 1982 2266 428 352 1660 273 2513 1278 879 2709 1025 1421 2607 2844 17 2801 1540 2633 2246 867 2371 2340 1988 1366 891 2576 2783 2403 1589 2339 2189 2456 2013 223 2139
000490.jpg,493 2174 1196 2374 1792 366 797 859 1358 1034 1234 1930 1580 1861 133 2004 976 280 746 1279 57 210 2672 2418 2461 793 2125 756 1575 1276 548 2456 1758 1859 570 1392 1724 1665 1664 2327 1375 689 1765 1947 1776 294 2186 588 2184 1072 2330 720 583 228 2229 421 1457 2039 2739 801 2838 857 1191 1877 885 1551 263 1887 2206 2123 1086 1043 2332 2659 2321 2356 656 1350 2590 1030 2694 1542 1229 1497 706 77 1081 1193 704 150 880 422 2581 158 2662 2548 242 1345 1432 1675
000491.jpg,530 2282 1518 1290 446 2049 1301 2064 1058 2140 451 631 2796 1567 921 1017 1909 1384 2257 2696 813 1673 1742 1554 662 1613 1105 1331 1396 355 243 1604 1370 1614 966 487 2660 2458 337 2782 942 542 2085 1681 1981 2259 710 1237 54 1705 908 2543 2600 1002 607 1978 984 2519 2243 2392 2251 800 2005 1142 1850 2087 678 2697 1495 1094 1581 2006 774 1174 1119 1455 400 2417 2596 2492 1794 1913 1936 1466 1200 870 2262 2151 1020 2299 311 673 2405 2680 2416 338 1638 1387 1621 1966
000492.jpg,1096 1416 1948 2815 2272 1860 2352 1636 1316 1965 1496 1362 201 2556 1051 1218 2721 1569 64 439 194 562 1796 2713 100 715 305 51 48 1261 2034 497 1586 155 2241 1897 2309 1658 1584 1381 2628 1640 712 1617 2755 2433 2545 2650 563 1993 1490 747 1552 260 2376 319 2836 2046 2631 2289 1544 2088 1901 258 1782 645 2826 1148 231 992 445 1453 1840 659 1422 2454 168 2023 1045 1328 550 2076 1878 2439 1029 2732 900 947 2840 486 784 1319 2011 2652 440 2419 2130 518 463 1369
000493.jpg,196 353 98 776 2474 1643 585 2081 1819 701 1864 2334 1625 2462 869 2067 233 910 1963 781 1402 2256 381 1344 1042 2361 2103 809 276 2027 2353 2001 481 2677 629 2141 1661 2152 244 40 515 923 1987 2502 84 5 941 1744 375 2304 975 871 2726 1204 69 1272 1515 815 1519 2115 2162 1949 2457 323 1171 609 1696 566 106 2421 2026 2582 425 2109 1638 592 1214 1754 512 2264 1616 1283 2014 25 528 2559 2567 1223 1245 13 933 513 2048 748 640 2157 669 796 1632 509
000494.jpg,257 937 1731 1527 2377 535 1871 1138 406 2145 2613 1385 1779 1516 1800 1894 410 811 1645 742 1455 1526 253 2102 1992 773 2341 336 365 605 1068 2763 1040 1707 1007 519 1946 821 186 544 2516 2549 1110 434 1325 1079 709 1131 648 2788 2219 1005 248 288 392 2290 610 1424 2299 2364 1133 2830 1966 1783 2746 673 1379 2730 1794 1311 435 678 1511 1442 1020 2417 1969 730 593 2243 301 568 1142 1466 1243 2151 1670 2005 717 870 1850 338 2697 2519 2251 1968 2087 1419 1581 1573
000495.jpg,2091 1781 239 2794 2164 822 2137 2311 2232 2280 525 1248 1127 245 654 1282 356 1435 2173 408 113 192 1568 625 209 2236 139 838 49 653 296 1505 655 1356 252 1598 1755 2396 580 1475 31 159 1297 679 1831 1274 805 1692 858 1097 1787 2053 1293 455 1262 1143 61 89 1472 1655 2402 383 326 806 1378 1317 27 1972 207 1756 331 2698 1022 1011 1612 131 1273 782 1118 1647 268 1503 1168 1706 1299 2025 721 2715 2062 1635 2070 1018 2406 2632 2693 33 390 799 2279 1506
000496.jpg,2320 2533 1149 1804 1719 29 967 2673 2172 286 426 2024 2430 2143 24 792 2296 293 91 2235 2787 2021 853 240 376 646 1469 658 589 2540 1447 2054 727 1361 483 1597 16 2571 1847 1451 1513 1951 1353 1904 229 754 739 1161 1401 1757 1560 1535 213 1300 1389 954 2409 2150 2016 752 1217 824 2113 400 2111 1306 44 2317 2404 1685 2178 1773 1555 473 2756 2140 466 1061 634 448 1865 2408 1326 986 1057 1346 2507 1894 1178 1556 1165 1559 2066 1032 1728 744 2124 1557 832 2000
000497.jpg,1045 1663 1617 712 2130 2050 735 2241 440 1444 1422 550 179 2649 947 1369 1782 1328 169 1993 2836 2454 2837 51 480 925 1679 1649 1381 1658 1623 155 348 1054 1544 26 518 2439 1840 1870 2767 2769 197 2707 305 1489 1417 2840 1640 2538 463 860 260 2011 2628 900 2289 1710 2714 562 2826 1796 1486 1636 134 445 1788 1437 1701 563 1218 1569 221 1552 645 433 1029 64 2375 2082 2631 943 2721 1656 2817 1407 2652 2133 2790 2650 2088 439 2270 48 556 1405 2419 259 2300 1926
000498.jpg,941 2152 2502 84 2841 214 2348 1139 1605 909 1602 2706 1866 1953 1696 2115 1365 1171 2567 744 1525 1280 1214 2572 2263 106 22 2109 2623 1113 1084 96 183 2203 594 2677 1032 1477 1570 2060 270 189 2457 609 924 1458 2303 1738 2030 629 1661 2404 1632 2179 2620 1397 2705 2401 1659 2554 1750 894 1502 1263 298 2831 300 986 1205 236 1922 690 959 327 2160 2591 1400 1766 1889 2448 2153 1603 1754 882 1757 1255 423 275 1487 2032 482 2079 5 335 907 6 2571 448 474 724
000499.jpg,105 1778 2394 416 11 1946 2793 7 301 151 513 2331 1442 1419 243 1170 1325 337 975 808 1152 318 2147 1992 1200 1006 256 883 2734 1331 2416 1077 2452 1138 821 1614 908 233 1036 875 490 2718 2102 1625 1082 1370 568 1002 144 2593 1968 1527 874 1585 1742 632 2696 1709 2642 630 487 1308 1105 852 800 599 1247 1673 2658 819 25 1554 2575 2516 1396 1526 1633 2156 443 1347 666 1762 1040 311 1681 1731 186 2087 434 2449 516 519 1525 406 2722 2095 2005 2537 1119 1511
000500.jpg,2844 1925 1982 2797 2139 667 1242 2371 1735 2833 1366 1619 299 428 2776 2092 2576 879 1863 1549 2460 2385 1480 557 2269 1122 741 2731 1816 1589 2431 1814 1539 1660 264 2607 2633 2484 2363 1373 814 888 641 262 1291 1530 267 867 2455 891 1238 2771 991 385 1295 2468 551 1807 1509 837 2104 352 2094 2063 273 1009 2524 2403 969 226 2412 2783 160 2801 1078 2189 1803 2710 1025 1815 472 1684 2175 147 2517 2595 1338 1215 685 1059 127 1629 342 2529 1440 2298 1069 2444 2185 143
000501.jpg,761 1632 214 2787 1255 2203 1139 594 924 1502 986 1214 1171 2554 1757 744 2567 894 400 1760 2705 2591 569 1671 2841 1019 1904 2348 300 2153 646 2573 22 2216 189 2449 2230 121 149 2117 306 2404 448 333 8 1401 182 335 2160 1712 1346 2179 473 2060 1889 2620 2079 1333 2022 1205 1217 1061 63 1397 1610 1188 2425 1766 1922 163 2156 1603 954 466 1400 411 2030 2448 2261 308 1499 933 285 959 2107 1931 2658 2725 1858 7 2526 2450 637 255 1685 1613 334 750 1442 1669
000502.jpg,1721 2809 1876 1473 12 657 994 864 608 2435 1931 274 2291 1942 447 526 271 204 2499 2051 2766 368 1555 508 1408 677 1892 2708 2719 1439 2683 1725 1677 2294 1548 725 2589 494 1944 1055 2057 128 1881 1899 1056 574 2580 692 1874 444 1868 2089 2728 2440 2526 1817 1902 598 136 2037 2438 1223 2183 2639 2207 140 1501 1452 944 1771 2825 255 249 2220 2842 1406 854 1173 682 1484 2319 2135 939 1012 2507 2436 1904 2625 2511 2068 306 686 1330 2140 2736 1433 1582 995 2779 1777
000503.jpg,2454 2769 348 26 1870 2649 2538 480 925 1369 2714 179 550 712 518 1788 2130 2050 1422 1417 1045 1617 860 305 259 2840 562 735 260 2826 440 1172 1710 1701 1489 2721 445 1901 197 1993 1453 1552 433 524 2088 2309 1148 2241 2200 2358 2544 463 1569 2289 977 168 2148 1328 563 900 1640 2650 2011 1895 1208 51 201 100 1860 2337 1190 1878 64 2375 161 2652 1796 1468 978 645 155 1092 2631 134 715 1486 1388 1490 439 2076 219 2574 2433 2676 622 1496 1983 1624 2724 85
000504.jpg,2437 1672 1836 1057 1749 44 16 1447 376 1469 1990 2317 2700 1535 824 1593 2249 832 1178 1449 1727 2555 2058 834 761 1224 1116 683 1277 2111 1353 47 1714 1795 1483 1713 1300 2180 483 1773 1838 1161 96 1632 1513 2554 1760 2129 1346 894 1032 240 83 1638 2153 400 1286 2000 205 2296 465 2016 762 2831 1482 2096 1712 2571 1456 792 309 106 2080 1847 1790 751 1548 946 1995 189 2054 350 1620 1661 677 333 954 1380 1764 1502 1147 2030 2118 2194 2523 2335 441 2313 269 1523
000505.jpg,2437 1836 1672 1057 44 1749 2700 1990 16 1447 376 751 2000 1593 832 1469 2317 1559 824 1451 1116 1535 1224 2787 1361 1713 1178 1714 683 954 2249 1353 646 47 2054 2180 1449 2129 483 1300 1346 792 2296 946 2111 1838 1773 1685 2016 1263 1869 761 2518 1795 465 1601 2245 1073 240 1036 1943 1195 1161 1760 269 339 2540 2685 1620 441 1513 1120 2235 378 845 1833 1951 1380 83 2239 2677 1548 1727 91 2555 2523 1594 2695 676 1950 1750 907 371 1523 1482 1712 2172 1285 1165 404
000506.jpg,13 2210 1272 640 2520 2421 2671 1038 1949 323 2578 370 933 2828 2602 1374 1668 865 2387 729 2568 2415 1952 2221 332 571 2029 1754 743 1266 1041 1065 2108 964 1256 597 1399 417 429 1562 2423 340 1890 868 1430 1888 432 1686 820 1418 1070 2640 554 2786 2493 289 878 1188 681 802 2031 2743 476 2083 1227 285 1398 979 62 2224 40 2227 21 1761 1603 411 1462 375 986 886 955 306 199 2829 302 592 1219 1515 78 334 707 1268 2333 361 2561 1757 893 905 1197 2324
000507.jpg,2091 239 2164 1781 2794 525 2311 654 2280 49 245 1248 383 2173 139 408 1282 2396 625 252 192 1435 209 838 1356 679 2137 356 1505 1127 822 296 1787 2025 2669 2232 61 858 1598 2070 207 113 216 449 653 1141 1274 1506 225 1568 1168 1299 2531 1143 1022 1780 1755 1843 1262 1503 2236 805 1216 1118 131 1011 268 495 241 455 1475 27 1875 2142 1293 1756 1024 1317 430 1037 1378 1635 1303 1124 1297 1097 1813 2765 1822 799 390 1715 1932 159 806 788 89 2053 2301 1472
000508.jpg,1001 2350 1810 2583 1075 2509 249 2121 67 627 1012 202 1406 137 1212 165 116 1606 2558 1825 1130 2292 2258 1841 1728 97 634 1757 1940 2224 1928 362 2295 1986 135 2305 1597 1931 2413 1197 1346 1839 1383 2638 1590 1035 986 1448 2408 1390 2493 1478 2151 1533 499 2472 1689 2560 184 1334 359 855 1558 1166 898 637 895 1265 1296 2324 431 2561 1832 754 1748 2299 707 2566 76 2680 2506 2354 2089 1466 2526 714 2220 1498 213 540 1255 112 558 1670 749 93 1849 2410 255 2196
000509.jpg,1792 1580 280 2125 570 210 2174 2004 57 1861 1665 689 2418 1930 1234 1034 2461 793 1392 1358 2229 1276 1859 2327 294 493 746 1375 2456 1575 1758 1724 2374 1664 2330 2186 366 1072 756 797 133 2838 1279 859 976 548 663 1196 1765 2694 1947 2672 1030 583 1776 150 704 2184 720 588 228 421 422 2548 2541 1292 77 857 2662 2590 349 1377 1457 880 1086 1348 158 1 801 1350 2703 798 1887 2123 1193 2206 2198 2155 2332 287 2709 242 884 1497 1522 1877 2581 130 82 934
000510.jpg,982 1531 1470 748 2225 763 916 2491 1179 2042 227 1977 2778 930 567 1651 2682 2252 1063 1578 841 945 919 2723 114 1769 1579 952 1354 517 1851 928 1770 639 887 2379 2647 1854 382 998 778 1583 7 1657 9 1210 2349 2711 2097 528 2729 1920 2559 2065 579 2618 1271 923 1970 1154 1209 2026 2304 566 2459 512 515 492 1368 1239 1367 2658 1791 1528 819 2792 1566 1667 72 2575 1585 394 1879 118 631 2328 2577 809 172 813 1691 460 1981 1987 1211 164 2462 2110 396 156
000511.jpg,1506 1780 1141 383 252 2070 1356 2311 525 1248 625 1505 679 858 1435 1598 49 654 1781 245 2164 113 408 139 1282 1299 1168 2794 2280 1216 216 2669 2396 239 2173 61 192 1829 838 1127 2137 27 2091 296 209 356 1924 2279 2232 1140 1787 2025 1918 822 207 2742 225 1273 455 2698 1612 1274 1262 1692 1503 2531 2470 1500 1024 430 1021 1124 449 2565 1293 1472 1303 655 1297 1037 1143 2053 1972 2402 1568 331 2632 1097 2765 33 1647 1941 1715 200 618 936 1956 402 1635 391
000512.jpg,1796 2034 2545 1569 100 715 64 48 2721 439 1640 562 305 51 155 2433 1584 2713 2650 1993 1860 1658 1782 1381 712 169 2836 1617 2309 1328 1663 2837 947 201 1544 2241 2631 1045 2439 2023 1444 2376 1218 2130 2050 1417 1369 1096 1490 2628 2045 2352 1948 860 2649 2767 1422 260 1679 1870 2707 2826 900 194 1649 550 1261 563 1051 2088 1054 179 2272 1489 925 1636 1416 26 1623 2289 2454 1496 1453 440 735 1437 2714 1710 2011 1901 1316 1878 221 1407 480 2528 2419 2755 2556 1486
000513.jpg,2277 1801 529 395 2644 1798 2323 1230 572 962 1334 545 1561 1394 1683 374 2759 1197 1631 2579 2242 617 803 2504 499 2542 101 789 1898 328 581 2238 989 2040 898 714 1093 251 766 364 2381 1087 737 1091 1166 1427 1996 341 1883 1900 1928 1558 407 1207 540 2114 436 646 777 215 1213 2547 1971 1137 695 1035 2656 1343 431 1693 2546 926 2149 1106 2785 1786 1257 783 1176 304 564 1818 614 739 291 39 1333 576 1346 132 1228 63 1743 2072 2281 2784 596 754 2827 1590
000514.jpg,2018 2146 2284 719 2008 764 2551 1289 1493 914 35 190 1351 1534 1577 1157 723 615 2824 1915 303 664 1403 1359 2209 539 2582 1204 2585 1997 1772 812 450 862 2110 1751 1136 545 2242 2603 343 206 873 2238 1087 1583 2252 652 66 2426 7 766 251 1210 1801 783 374 2019 2504 1970 101 2434 328 2644 1841 395 2040 1130 1558 529 2381 1427 898 2754 2400 2658 1507 14 2489 1900 1271 2536 2258 1691 1246 1228 2097 2022 1898 1250 930 1093 63 341 2449 2379 2547 1035 528 1394
000515.jpg,536 1268 121 2090 988 569 193 2333 1132 1588 332 571 2029 1065 429 340 1256 979 2227 2108 1686 2786 2743 597 1418 1562 802 432 417 21 886 1430 199 878 2415 289 1890 2568 1952 2640 1266 1398 554 62 729 302 2578 964 681 1038 933 2423 361 2083 868 2221 1888 1374 2828 1668 1399 2421 743 865 2671 1949 1272 2520 893 2031 2602 323 2210 78 1070 13 1431 1879 640 1255 680 986 400 306 488 1757 394 1906 2449 2387 2829 63 1219 2098 1035 1333 1729 955 2573 612
000516.jpg,982 1531 1188 1470 2816 2043 650 411 2171 748 2810 807 567 2778 2491 1179 1977 930 2225 916 763 1354 2252 1916 285 1227 7 919 468 1260 1761 1858 620 1651 2682 528 1723 2349 952 1757 1578 1769 1882 1210 2425 1851 334 928 986 475 820 1603 2261 2559 2346 229 2304 636 2476 841 227 2278 923 639 1583 956 1605 2042 2807 476 750 2313 1139 1579 1232 2841 2502 2658 1209 2048 1657 945 214 1768 1255 1854 1063 2711 2618 998 579 2823 382 281 1214 2647 1271 40 2723 2216
000517.jpg,2433 1453 1490 2034 2545 2713 1796 1496 2376 100 1569 48 715 64 2721 439 2309 2556 562 1640 1901 1860 305 2272 1316 2650 201 51 155 1584 1948 563 1096 1965 2289 260 2352 168 2088 2826 1416 1636 2815 645 747 659 1148 440 550 712 2050 1840 2840 518 2454 1878 194 2631 1993 2241 559 2649 231 433 486 2755 1051 134 2439 1381 2538 1307 1658 1486 1544 2836 1369 1552 2628 2130 1045 1617 197 2553 445 2023 784 1218 735 2714 1422 1123 1782 900 2769 2652 2732 26 2337 169
000518.jpg,472 551 1059 1803 342 154 2740 1629 2749 2444 1524 147 203 2595 1811 127 1509 1539 2710 2138 1862 641 1167 577 1807 1025 2709 2175 2385 1355 2468 685 741 1295 961 2771 991 262 2094 1530 888 352 267 1373 1215 1242 1069 2431 2776 1540 160 2013 2340 2473 1 667 1078 1618 2801 1863 307 2104 2513 1520 1291 2339 1571 1238 1341 1619 385 1278 17 2731 1622 2100 969 2727 1925 2226 1607 1421 2844 2738 2758 814 2486 273 1366 2635 537 1988 166 1060 2797 2403 600 349 573 2255
000519.jpg,1790 850 2512 2071 2691 2355 222 2362 1504 1933 935 2096 836 2156 1321 1098 1709 2201 2750 1305 144 2432 1052 897 1638 2446 1911 599 2593 2452 666 1621 1387 2420 2318 2642 630 2537 1200 2342 796 2167 1006 1682 1308 1082 1090 459 1806 1479 586 1380 443 2268 946 2317 1763 320 1697 2449 1145 761 2249 1676 834 2555 2535 1456 205 661 1267 1188 37 2194 1044 924 922 1436 2218 1023 2058 629 745 863 325 1865 1425 8 44 1474 2437 829 16 1447 1523 99 2313 1469 908 632
000520.jpg,44 16 2437 1672 1447 1836 376 1469 1057 1749 2317 1483 1535 2700 1990 2249 832 761 824 1449 2111 1727 1178 2555 1795 1513 1773 1224 2058 205 1847 1760 1161 1116 291 1482 2180 683 1346 1593 1277 2016 1838 834 1714 2080 2129 2030 47 1713 2831 1661 240 1659 483 1353 1712 1620 96 2571 1300 2573 1548 1632 1205 2000 350 1451 1361 2054 603 1113 465 2554 954 2572 104 894 2296 400 1502 2096 1525 490 1425 2791 1032 792 106 1400 762 1804 2263 2623 2422 1263 2540 448 2303 269
000521.jpg,2252 1651 2682 1179 1977 2110 1583 2491 916 1578 2042 227 841 639 1063 998 945 2647 1920 517 1579 2097 1770 982 2225 1368 1657 763 2379 1239 1367 2723 512 928 2349 1851 1566 2729 9 1879 394 2026 7 114 1209 919 528 1769 1210 952 1531 579 1154 1528 566 930 664 1906 1271 1470 2459 813 1970 2658 2559 1854 11 791 2778 748 1354 567 515 923 2711 492 2462 2618 382 778 2304 809 1031 2803 1981 1565 1219 400 2603 2098 72 1904 2093 164 2664 1415 694 2156 156 631
000522.jpg,2185 1411 2584 1129 1440 1684 2517 1694 795 143 2298 2529 386 718 2271 2524 1360 2363 2801 1445 810 1514 958 1630 697 2616 2460 557 2619 2246 787 30 1939 273 71 1215 638 2444 1294 2104 969 2833 2139 1366 2844 879 1446 1112 1925 1242 1982 1619 665 1258 1480 2175 1863 2385 1373 1270 1816 1539 1122 2431 991 641 299 888 2731 2710 2092 2468 667 2481 1814 687 2771 837 2455 264 2633 1735 867 1660 814 1807 2797 262 2776 2576 551 1589 1947 342 1324 2607 2672 1295 1549 2371
000523.jpg,2183 1439 1931 2051 482 2220 2526 2089 1433 2704 939 2445 2427 2291 2057 574 255 1223 598 2683 1088 217 1330 494 1874 2639 2435 2499 647 368 1899 1725 637 521 531 2308 444 2657 1555 2719 2712 657 1408 2617 692 2440 447 1942 2037 146 271 619 608 274 1998 994 2625 1677 1892 864 526 1771 2319 508 2207 677 2766 2728 1055 442 2589 2438 1473 725 2809 1757 12 2708 2736 1501 1881 1944 1185 682 1721 2825 136 2294 128 944 686 974 1126 2475 1817 2813 2599 1937 1639 1777
000524.jpg,1295 1807 991 641 2771 1373 888 262 2385 1509 741 2776 2731 1735 667 1863 1619 1242 1291 1803 1925 1238 428 2797 267 1982 472 2371 879 2139 2595 1530 2833 2094 2844 1366 127 299 2460 2431 1629 557 2576 1480 147 2104 551 2468 2403 1589 814 2524 891 1069 2092 1549 1816 1215 203 2710 2444 1814 1811 2269 226 1539 385 1660 2175 273 2801 2363 1078 2607 1122 160 2633 2517 867 1059 2529 685 1607 1341 1524 577 1862 2412 1514 969 1684 1440 2266 537 143 1167 1129 342 2455 2013
000525.jpg,2614 537 1828 2835 2758 405 166 1964 2738 1341 1069 1607 2138 1078 160 2094 1530 1421 600 961 2820 2100 1622 2486 352 846 1338 2266 1571 2473 642 2338 1698 573 41 17 2811 2255 226 2412 2223 1619 1660 317 867 2253 577 1366 2607 1994 1816 195 2431 2633 385 1863 667 1409 1735 1925 1982 1480 879 1539 2385 814 2460 1095 1446 1294 2208 969 2372 641 2844 2455 2595 2175 2635 2797 1803 349 1862 837 2709 2648 2833 1939 665 1815 557 1291 1009 1684 428 1238 2731 1652 1373 1270
000526.jpg,545 1228 63 2022 1785 1333 1213 1394 304 2546 182 149 1298 1137 2072 1207 898 1087 1558 614 1801 714 1798 1019 2277 1334 529 962 499 1257 1631 1166 1106 1786 374 1971 1928 1230 251 803 2644 395 2504 2323 2040 737 572 215 101 2381 2656 364 436 2542 2579 1900 2149 2066 581 2759 1427 1561 1197 1590 2113 2178 1883 76 1693 93 2238 341 989 895 2242 2787 1346 1743 789 766 1685 1176 132 1343 1683 2114 646 695 328 1357 2547 2699 634 2827 1091 617 1434 39 1597 564
000527.jpg,493 2174 1792 2374 1234 1580 1034 1930 366 280 2004 1861 1358 57 210 2125 2418 1196 133 976 2461 793 859 1758 797 1279 1859 1665 570 1276 1392 548 2672 746 689 2327 756 2456 1575 1947 1375 294 1724 2330 1664 2186 1765 1072 2838 2229 588 2184 583 1776 1030 2694 421 150 422 720 1497 228 1081 857 1457 77 2039 1086 2123 801 242 2206 1551 880 704 1191 158 1193 1877 2541 1043 2548 1350 2739 1887 2581 2332 2703 263 885 2590 2356 656 2321 2662 1345 1229 170 934 1377
000528.jpg,84 941 2502 2152 1605 2841 2141 1139 214 2348 244 1616 957 509 1064 844 2522 45 1768 2503 621 2056 1199 171 744 1889 2612 2761 2404 1364 2464 2760 815 1171 2048 1726 2386 1371 1214 2182 1960 1515 959 2608 22 2807 1596 2197 2562 2751 2720 2448 2278 2591 1927 40 2678 1632 2725 1802 1251 2203 2476 592 636 1987 2498 1880 189 1198 1536 620 1318 1766 644 851 2705 2188 420 2494 1184 2116 335 2153 466 2230 2160 594 2567 1397 1232 2688 1426 894 2425 163 481 2706 1757 1004
000529.jpg,567 998 919 1769 1354 952 1583 118 2792 2778 1791 1531 930 1470 748 1851 1063 382 778 2711 928 517 982 1854 2491 1657 2379 7 1970 2252 2729 1179 923 2304 841 1579 1977 2065 2682 945 1578 1210 639 2225 2349 763 1651 114 2647 808 227 9 2723 528 579 1920 515 916 2559 1271 1770 2042 2459 2618 1368 1239 2658 1209 1367 2361 1154 566 2026 871 2097 492 2081 1819 887 512 1528 2462 701 72 776 2334 1566 1402 2067 2829 1864 2103 98 353 1963 809 460 813 2122 1204
000530.jpg,1631 761 1394 545 1558 1801 1087 898 2277 714 2072 1207 529 395 1213 2644 1334 1137 1230 1798 1166 1228 1561 614 1483 2323 540 304 1928 63 1333 2546 2785 572 374 2022 783 1914 2579 1091 1785 1898 2242 2547 341 1683 291 1250 1298 803 1106 646 1197 962 251 1346 88 576 1427 1590 1996 2249 2202 789 2381 132 1257 1176 2504 2040 2759 581 1093 938 695 2238 93 2745 499 76 2190 1476 1786 594 737 989 1971 766 895 1900 1597 149 328 777 1343 182 101 2483 2114 364
000531.jpg,419 2554 894 2153 1927 1632 189 2060 96 1171 22 1214 815 2197 2567 2751 744 1987 2705 2313 1363 300 1605 2502 924 1013 2152 2216 1139 1251 1336 1364 2841 2079 84 1188 2726 2160 621 2261 957 333 1315 1227 214 2162 171 1858 941 1726 1199 2678 2425 856 468 106 2522 285 1064 2612 481 1671 45 2182 2278 167 2760 1882 2816 1723 2348 1502 411 1744 396 2608 2141 40 2048 1889 1603 2056 592 2188 448 2179 2404 1471 95 1184 1371 594 636 1761 620 149 229 1217 2591 953
000532.jpg,1752 1316 1545 1146 1840 1636 312 2241 1496 2556 2832 1965 440 2501 1381 155 2826 1658 1544 987 1934 518 563 2836 2439 2389 2840 1878 169 1782 735 221 1617 626 59 51 712 1656 1422 950 2837 1102 1405 305 900 1796 2628 635 1624 260 1640 1045 1123 2424 978 445 550 2817 2050 85 2790 2411 2289 2069 1901 1148 2082 2528 1437 4 547 2272 559 1486 556 497 2133 2088 2044 2367 168 817 1444 2713 1407 562 2433 1386 2652 259 1552 188 965 1649 947 1586 943 1948 2419 645
000533.jpg,285 1541 820 1221 334 750 1603 546 956 6 2387 582 1153 807 1260 372 759 1882 2643 1761 829 1702 620 1697 1083 732 1227 181 1188 1797 2313 468 1858 1865 2261 2194 922 661 2816 2666 650 476 2425 411 2043 1891 1456 669 1380 2810 2171 2168 1723 986 1916 2476 475 1570 973 2677 1285 1139 882 1284 1763 298 123 2150 629 2346 2706 37 1757 1090 1537 84 2841 236 1255 2167 45 980 724 1536 1318 1560 42 1884 1844 2118 1911 1267 2608 1251 1387 2278 1084 2807 1605 1200
000534.jpg,1752 1545 1146 312 2389 2832 987 4 635 85 1102 556 2069 1405 626 221 2082 59 826 1934 2501 1636 2270 1386 2790 950 547 2133 1316 2411 943 1407 1737 1202 613 1656 2367 1624 188 440 2044 518 611 2241 1092 2300 1422 1552 1319 283 2424 2544 550 2528 2538 2556 1878 2419 1644 259 1983 1617 2836 1840 735 2817 2148 2397 266 977 169 463 900 1428 2840 1649 2837 74 2088 2477 1926 2631 260 2724 2050 1782 2289 817 563 1208 1965 947 2826 2676 2652 1486 155 712 1190 1496
000535.jpg,2678 2386 1726 2116 1371 1960 1880 2448 40 861 1198 851 2522 592 2807 2141 1802 45 957 1632 1199 1364 1251 2056 1013 1318 419 189 2160 1596 2562 620 636 644 2048 2554 2441 1856 214 949 894 2591 2203 2720 1064 2188 2079 2153 300 2761 1768 1536 2498 1336 2760 2278 1927 84 1004 1139 171 1343 2060 1205 2612 2182 844 2348 2263 621 2737 2197 1889 335 1315 2608 1144 2827 783 1171 2688 1184 2503 95 509 2733 2230 905 1616 2030 1214 2705 1093 941 333 1987 481 815 42 940
000536.jpg,840 2531 241 467 1024 1039 2142 2634 2765 131 1378 389 1503 2285 268 1875 1843 452 1022 129 1062 2687 484 1932 495 1923 1011 1929 999 1813 501 1475 1568 324 1275 1662 53 758 363 2301 89 456 1789 2565 1730 2059 2505 2465 927 788 2236 2407 295 2806 806 1281 1655 108 1274 780 653 1831 2244 1967 1026 786 390 2698 1635 125 1715 2429 2715 1037 628 1048 504 1273 1706 1008 1912 478 464 2611 753 936 314 2091 1755 471 159 799 580 1756 2398 1050 2232 418 1465 1097
000537.jpg,1115 2546 1389 2113 2178 304 1019 2066 1213 1175 646 2787 293 1346 761 1951 63 359 924 2022 485 1306 103 2573 594 2449 1931 2220 2816 1333 20 508 453 2156 2179 2216 2526 308 8 1502 1603 1757 306 2554 1188 986 1671 2060 2203 1205 994 2107 2567 2841 750 1669 2054 411 1139 1740 333 2299 214 83 614 2348 2810 400 2043 1255 727 334 1610 189 2705 658 997 2089 473 2550 475 2583 1044 1089 2387 2346 2171 691 2620 255 2680 1361 2625 1670 1171 437 1785 1916 1632 2151
000538.jpg,789 2784 1749 1883 1483 576 2579 2547 1394 1801 2277 1304 646 761 95 545 596 395 251 1914 2202 2644 2785 1743 2190 1091 529 1176 132 291 614 1230 2745 766 2381 695 2504 962 60 1798 1476 1996 2441 1180 374 967 149 2288 1427 2238 581 1106 333 983 1044 341 1856 572 1137 101 2759 803 856 88 63 2495 564 1900 2323 1213 1087 328 1971 777 926 1786 2827 1631 2242 215 1693 2040 39 436 304 1103 364 2114 827 1207 1228 989 419 230 2661 737 1818 400 1093 2554
000539.jpg,1663 947 1444 1328 1054 1679 2707 1649 1623 2836 1782 169 2837 2767 1617 1381 2241 1658 1544 1045 2439 712 1993 1422 2130 2050 51 735 440 2628 1369 155 179 1640 1218 2714 305 2649 550 2011 645 562 2454 445 1261 1029 1870 2840 1840 1796 463 26 1569 197 925 860 64 2289 480 1948 2352 1051 1417 194 2650 1552 1624 1489 1416 1710 48 635 1096 518 100 900 439 715 1644 2769 348 2790 2411 817 1407 2721 943 2528 221 433 2631 1405 2817 260 1486 1584 1636 2045 2082 1934
000540.jpg,2437 1672 1836 1749 44 1057 16 1447 376 1990 2700 1469 2317 824 1535 832 1727 1593 1178 2555 1116 2249 1224 2058 1300 1773 1353 683 2000 834 483 1714 1713 1449 47 751 761 1795 2111 1451 1513 1161 1483 954 1760 1361 1559 2180 1277 2054 2787 2129 1346 240 1838 2016 1712 1380 946 2518 2296 1685 441 1120 2109 465 2571 1847 2554 646 845 2222 1147 1697 2523 96 792 1523 1482 1073 1943 727 106 1869 1661 2422 1036 1425 2831 2540 1032 1263 2695 83 2677 1244 1620 658 1638 2080
000541.jpg,353 98 776 196 2474 1643 585 2081 1819 1864 2462 2334 701 1625 869 233 910 2067 781 1963 2256 1402 381 276 809 1344 1042 2361 2353 2103 1600 2027 2001 2264 2012 69 1170 1204 2582 2593 871 2132 450 1541 2391 2047 1697 1077 1525 84 1751 820 2141 1958 370 568 481 247 2209 1642 941 2485 301 323 1347 937 1911 490 1603 1380 1761 1084 1973 1121 862 2101 909 1221 1139 874 2170 2734 2147 1519 604 539 13 1762 2387 1189 640 2032 549 2261 1987 829 1359 1153 212 875
000542.jpg,1504 222 2218 1436 2512 850 2362 1052 2645 1305 2156 2691 2355 612 2122 2679 477 461 2074 2829 1903 1163 2071 2747 1599 760 1047 2587 2098 595 2750 1790 2469 1976 2342 164 1098 2449 1933 2201 1321 72 208 924 1605 174 1638 2450 8 460 2502 156 935 396 1784 1183 755 1155 2400 731 2096 1806 2421 172 856 1404 1757 2126 1949 1736 84 323 1363 281 2775 2089 836 938 1729 1144 1671 1100 986 111 1415 2216 2841 1271 1219 1250 1241 2573 2410 2152 306 1035 2567 488 941 783
000543.jpg,2138 577 2648 352 969 1270 1939 2710 1815 2481 127 1258 511 665 2709 1025 961 1294 1446 2616 1159 2226 403 2246 2783 2466 1112 2175 2455 2339 2619 1571 1539 1630 1009 1349 837 2063 600 2100 147 846 1360 2444 17 2399 2473 1618 2486 537 1622 2595 1341 1694 1520 267 2635 264 1540 195 2340 573 2513 1215 223 1619 1828 349 1278 1 2372 1069 1338 2484 1816 1607 892 2758 1698 2412 1355 1366 642 307 234 1684 1059 913 166 2835 1167 2255 1572 2298 1660 1615 2738 1514 879 405
000544.jpg,1213 304 2546 1394 2022 63 2113 2178 2066 545 1333 1389 1785 1228 1115 1019 614 149 2072 1137 182 1558 898 1801 2277 1207 1087 714 1631 1798 1230 529 395 962 1483 2644 2323 572 1166 737 1334 581 1106 251 341 1298 1561 783 215 2242 374 2040 803 2656 1900 1257 132 2504 1786 1928 2114 436 364 101 1427 2149 924 1683 1597 1176 1693 1898 1197 761 1971 2542 1605 695 2381 2238 1743 2547 2759 1093 2787 1883 1856 766 789 989 1343 2190 2841 2737 2579 291 2216 1091 646 328
000545.jpg,2018 2146 2284 719 764 2008 2551 1289 190 1403 1534 914 35 1577 1493 1351 1157 723 1204 2582 539 1359 1915 2824 2585 303 615 1997 664 2209 862 343 1751 1772 450 206 2361 871 812 1970 1136 2603 2067 869 873 247 1066 276 2426 2196 1228 1271 14 2434 2157 2536 783 1745 1507 2242 2410 998 1879 1226 1194 1246 1566 1785 2400 2604 2019 545 1801 1906 1394 2110 1035 1093 1854 1087 488 2277 2449 1367 1729 924 2022 1177 2238 778 1669 2711 1210 2459 776 2462 766 63 2114 1239
000546.jpg,546 1221 285 582 6 2043 2810 2171 2666 2816 1188 1697 2643 1891 1702 759 1083 620 807 1260 922 732 411 1153 1797 956 1456 1916 2346 475 650 820 1603 1541 1858 468 750 2313 334 1865 37 1763 1761 1284 1227 829 1139 2841 2261 2194 372 661 1570 1882 1380 122 298 1696 586 1090 2677 2425 594 2168 973 476 1082 181 443 2179 724 1537 669 1397 196 1953 980 2387 214 2514 629 1171 1308 1502 1015 2348 2167 1610 2115 1285 1214 1263 189 609 1884 624 2060 1866 2475 2567
000547.jpg,1635 1967 390 1715 1293 1097 1822 1050 1143 580 159 326 1118 1648 2062 31 655 2406 1011 331 2715 430 314 1297 2053 1187 1037 1692 1140 1124 805 726 1472 1918 999 1018 1216 2505 2465 478 782 1317 2687 1755 2531 936 2765 1829 1503 1972 1395 1026 2402 2236 1756 1647 125 1730 1568 628 1024 2407 1662 1912 1921 464 1789 1831 1929 1275 2398 1706 346 758 753 2611 1932 2632 1299 1220 2301 721 799 2806 1168 1048 138 89 927 113 786 471 1787 1475 788 2821 389 1008 363 1612
000548.jpg,2183 1439 482 2051 1931 2526 2220 2089 574 2291 939 2704 1433 1223 2427 2057 2445 255 598 2683 217 1874 494 1330 2639 2435 1088 647 2499 1899 368 531 1725 637 657 1555 2308 146 521 2719 2712 444 2657 692 1408 447 2440 1942 677 271 619 608 2589 994 864 274 2319 508 2438 2617 526 1677 2728 725 1998 128 2625 944 2475 1892 1881 1721 1771 1055 2813 1501 682 1473 686 2766 2037 12 2708 136 1876 2207 347 491 2436 2294 1639 2809 1592 1902 1185 1944 442 1817 1757 915
000549.jpg,2227 2786 979 340 332 1256 176 2743 571 554 1562 1065 2029 868 1890 597 1418 1888 1686 289 886 2108 417 21 1268 199 429 432 1398 2333 681 302 62 2415 1393 1266 743 1430 802 893 878 2578 2423 2221 1038 78 1399 2568 1952 964 361 1374 729 2640 1070 2671 2031 933 323 2421 2828 2520 1668 2602 2224 2210 1949 2083 1197 2668 640 865 1033 1272 2387 1757 986 13 1001 1219 2350 1245 1255 2410 2295 1810 1035 955 214 905 488 400 2547 1075 1558 714 306 707 2413 1346
000550.jpg,1132 1588 536 988 121 569 193 2090 1431 680 36 2117 1268 1329 1041 933 359 2539 2839 2583 646 1952 1001 2350 2787 1019 2570 293 2047 2808 2449 2387 1346 411 1139 2083 1255 1175 986 1757 761 2348 453 306 214 866 1492 594 1188 142 2299 1931 473 1603 2573 2680 2216 2078 2009 400 7 2151 2841 924 802 2203 437 308 2404 820 2816 2526 334 2658 1669 2521 1205 2567 2060 1061 2089 2179 2333 1766 750 8 733 1502 2620 448 1670 2625 2107 2346 163 2508 637 1922 744 2043
000551.jpg,2350 1001 1810 2583 1075 2509 249 2121 67 627 1012 202 1406 137 1212 165 116 2558 1606 1825 1130 2292 1728 135 2295 2258 97 1931 2224 2413 1841 634 1757 2305 1448 362 1940 1383 2638 1986 1597 1928 1689 1478 2408 1839 2472 184 1035 1296 1197 1265 1590 986 2526 1346 637 754 499 2220 558 1533 2493 2354 2566 2089 1390 255 855 1334 1166 2151 1231 1558 213 76 2560 1849 540 707 1945 2506 895 898 119 783 359 1255 1616 80 2561 232 2324 739 2615 424 431 1312 2299 2323
000552.jpg,2449 8 1671 1474 325 745 2535 924 2216 2705 2197 300 2678 335 2230 1315 488 63 1363 856 149 2079 2573 2313 1400 2160 1336 1188 42 2156 761 2591 1013 1104 1687 333 1371 167 905 1483 1318 1250 1064 1536 2425 2547 45 1333 894 2816 2841 621 2522 1471 419 953 1641 2086 2645 1194 2483 396 1476 1907 2410 1882 1144 1232 1006 214 443 1488 2202 1726 1927 1184 2554 2641 1219 2179 448 1723 189 2060 111 88 1206 2022 2620 2567 1251 614 594 1364 1205 728 468 938 1669 411
000553.jpg,44 2437 16 1447 1672 376 1836 1469 1749 1057 2317 1483 2249 761 1990 1535 2700 824 832 1727 2555 1178 1760 2111 834 2000 1712 1300 1449 2058 1116 1277 1224 1361 954 1713 1451 2080 683 1482 1353 205 2054 1346 2129 1593 393 1795 291 1308 1714 1082 104 1244 483 2136 1773 2016 339 1380 1523 1559 1513 1548 2180 946 1161 1090 1073 924 441 2831 2695 1661 863 1620 586 1006 1263 1113 96 1389 2623 1659 2167 269 443 603 37 1646 2383 1685 350 751 2245 2573 2275 1678 2096 2518
000554.jpg,536 1132 1588 988 193 2090 121 569 1431 680 36 1793 901 2217 142 1492 1553 866 2078 1699 555 2668 733 2267 1053 500 1033 176 427 1886 1393 2380 1236 1268 2117 2384 2451 292 933 1754 828 2335 1764 1952 2032 377 1049 2795 401 2798 1189 1429 2055 177 839 672 1628 2629 2038 56 2793 2293 2249 1322 1023 1249 2428 306 698 1074 2636 624 1263 2589 2463 2163 2387 2083 1757 1910 358 889 1817 1881 1582 2120 767 986 400 311 2154 703 2378 123 1225 975 932 141 882 1521
000555.jpg,1553 1430 1699 1492 142 2078 429 802 2217 2415 2568 901 1793 2267 2380 555 1053 427 1236 1041 1886 933 2047 2333 1890 2539 2387 986 1952 868 1329 866 1255 437 2570 646 2839 293 1603 1757 2083 2808 750 334 2348 2787 1888 2299 1175 820 554 1346 306 2009 1001 2151 743 594 1139 1502 2350 2029 453 308 1431 1761 1740 2583 214 400 1256 2179 359 1033 1872 691 2668 1562 2089 1670 878 411 2203 7 1922 2449 285 1205 2526 2107 2743 1442 807 981 785 2030 1217 448 36 1466
000556.jpg,1163 2679 2122 1903 760 2829 461 477 1599 2074 595 460 2587 208 72 694 2469 731 2126 172 1976 164 156 174 2775 1784 1415 2577 2098 1047 612 1241 99 2747 1155 177 1872 453 1100 1404 1085 401 1628 2163 399 816 437 73 823 380 1510 1233 1219 2645 2156 141 2443 981 394 1839 1906 2055 1160 1035 2400 488 1394 1729 1423 2502 1879 1250 2009 2561 2636 2449 1052 306 111 2483 515 1197 2567 2410 1717 1986 614 579 1605 1757 2089 2573 938 905 2655 1641 1144 1023 2112 2506
000557.jpg,2449 8 1671 1474 745 2535 325 443 586 1006 1082 1090 1308 2706 37 1763 2167 2831 2705 922 300 2197 2216 1380 2572 762 459 84 2678 1697 1032 1605 621 2425 1139 941 335 2571 1315 2623 1525 2348 96 298 2230 2841 1371 1703 2079 973 1979 1570 2313 214 2109 924 594 448 1661 1288 744 1113 1726 1882 2268 189 1400 1687 882 2591 1537 1425 2567 42 690 1891 2502 2160 2179 1363 1866 1336 2263 2620 2096 986 2152 946 45 1757 106 2476 971 1911 1488 419 1285 2401 2060 2494
000558.jpg,2091 2164 239 1781 2794 525 2280 2311 654 49 245 2173 1248 408 139 383 1282 2396 2137 625 252 192 822 1435 838 209 1505 679 1127 356 1356 296 1787 2025 2669 2232 61 858 1598 2070 207 113 449 216 653 1568 1141 2531 225 1168 1299 1274 1022 1506 1780 1143 1503 1011 1262 27 805 2236 455 1843 1755 430 2142 1037 1293 1024 788 1475 1297 1317 131 1118 1875 89 1303 2053 268 580 1216 1097 1124 799 241 2406 1813 1932 1635 2632 1472 1715 1756 159 782 2765 1039 1018
000559.jpg,285 6 1221 546 582 1702 759 1083 2643 1891 1260 1603 820 620 807 1541 750 732 334 2816 2666 1858 1570 1697 2313 1797 1153 1188 1916 468 1537 298 922 2346 956 475 2171 2043 973 1139 690 1456 37 1761 2841 2810 411 594 1397 372 1015 1285 2677 2261 1865 1284 2179 980 1502 829 1227 1080 2194 1884 2387 2303 1738 2425 629 1696 2348 1763 661 1610 2620 448 2203 2118 2706 2109 1082 1171 1380 2222 1659 586 443 189 122 2115 744 2705 1032 1113 214 1602 1661 1308 1214 1953
000560.jpg,1569 64 48 100 715 2721 439 1796 1640 562 2034 305 2545 51 155 2433 2650 1490 1496 1453 2713 2272 1860 2556 1993 2376 2309 1584 201 1948 2631 2352 1617 1316 1636 712 2241 1381 1658 1096 194 2836 1782 1051 2628 1840 1544 2439 2050 1901 1045 440 1422 169 1416 563 168 1965 2289 2130 2815 2837 1218 645 2826 260 2649 518 1649 550 1328 2454 947 735 1444 2088 1623 1369 2707 2011 445 2538 231 1878 1054 1552 2769 1586 1261 1679 497 1148 2652 259 1029 134 2840 747 1870 659
000561.jpg,2548 2662 1375 1776 1724 857 2456 797 687 859 1043 720 2590 746 1664 228 2039 1350 2123 756 1619 1086 1196 1575 2672 2844 570 801 1191 2186 421 2460 885 1877 1887 969 704 2206 2229 1665 1457 2332 1366 656 879 77 2739 2226 2189 2321 1551 1861 2330 1229 837 551 2356 2363 1925 2385 2727 342 267 557 2298 263 352 2659 798 663 1684 2541 1542 1539 2139 1238 1930 2327 349 2833 706 1009 667 2004 2633 2215 1792 1 2749 2399 1034 2455 2461 1291 1025 976 2198 814 583 2584
000562.jpg,1453 1490 1496 2433 64 1569 2721 48 100 715 1796 2556 439 562 2272 2713 1860 2376 1640 305 2034 2309 2545 51 1316 201 155 1901 2650 1965 1636 1948 2815 2289 563 2352 1096 260 194 2088 1993 1840 440 2826 1584 1218 168 2050 1148 550 1416 1051 2631 712 2241 1658 486 231 1381 1617 747 2130 1422 1878 2649 518 2628 784 2439 645 2538 161 2836 1328 1544 2337 1045 169 735 2454 1444 134 1782 1054 900 1649 433 947 1623 1261 2837 2553 769 2652 259 1586 965 1679 1369 2840
000563.jpg,2252 2682 1179 1651 1977 2491 1578 841 1063 945 1579 639 1920 1583 2647 916 998 2042 1770 227 9 2723 1769 952 1531 982 919 114 1470 2379 2225 928 2729 1851 1354 748 2097 763 517 1657 2110 930 2349 2778 1368 1367 1528 1154 1239 1210 567 515 1566 579 2459 923 2328 528 7 2304 1854 512 2559 2026 566 1209 382 778 2618 2462 492 1271 1970 2658 2711 1219 72 1819 2603 2803 813 809 2334 781 791 1344 1031 98 1565 1879 11 2081 1415 1402 394 488 332 460 340 2108
000564.jpg,2063 1159 1815 837 1009 2455 403 264 2484 1122 1589 2844 1814 2092 2833 2731 352 299 2371 2797 428 2269 2139 2576 267 2399 2189 2776 1520 1735 741 1982 667 234 1925 1238 891 90 1291 1025 1549 2412 2385 1619 1 262 1509 969 2727 888 2403 1572 1349 641 1373 1807 913 2138 2771 17 991 1539 2486 1571 1803 2635 2094 846 2710 1295 551 1863 2255 307 1530 2811 879 2175 472 2100 2338 2431 573 226 1622 1618 1540 2226 1242 317 1862 2541 127 2246 342 1629 2223 1366 1615 961
000565.jpg,537 1341 2758 1069 1530 1078 1607 2094 160 2614 2138 2835 1828 405 166 1964 1421 2738 2266 226 1619 1863 667 1925 1982 879 2385 1366 2460 1735 2431 1480 961 2820 557 2607 352 577 1660 1816 1242 814 385 2633 641 867 888 1373 600 262 1803 2844 428 2371 2797 2833 741 2595 2473 2100 2139 2104 2468 1338 1622 2731 991 551 299 472 1295 1539 2363 2771 2486 2776 2811 127 1291 1807 41 1509 2412 2455 2092 2338 147 846 273 685 1571 2783 1215 1698 1589 1238 1549 2255 1862 2524
000566.jpg,1518 2282 530 1290 446 1017 1301 2140 1058 451 1567 2796 2049 631 2064 1384 1604 921 1981 2458 1909 1237 2085 966 942 2543 1613 662 487 1495 908 2392 2596 2660 1705 337 1742 2600 607 1681 1673 1978 1331 2357 1002 2696 2257 1614 2262 1119 984 243 355 1676 1554 813 1396 1105 54 2782 1370 542 1621 2259 2405 710 852 151 186 1455 1094 1322 320 1200 2093 2420 678 1894 1850 2519 870 1581 336 2657 1145 2005 2463 821 2156 1170 2251 937 1263 1267 774 435 474 490 301 253
000567.jpg,1866 909 214 1953 1365 1602 1696 2348 1139 2841 1487 1108 1757 1477 2823 2706 43 924 2448 2498 986 1889 2425 1255 2623 2150 270 959 1525 2572 2109 1171 882 669 229 2263 2115 123 2591 1032 1280 387 956 1084 476 1560 2442 189 335 744 2449 2230 1227 2160 585 1113 829 2168 22 2261 1474 1458 2060 2079 565 2404 752 894 8 1621 2725 2567 183 1797 490 2507 1214 2401 661 1671 732 2153 309 2317 96 1200 2111 1766 2705 2457 1904 448 609 236 516 1217 1153 506 745 620
000568.jpg,2054 646 2787 1175 293 2000 1451 1361 1019 1346 1559 359 761 1603 594 750 727 614 1951 986 334 589 1205 658 2583 1757 2299 1502 306 2387 1306 1255 820 2179 411 1188 1139 508 308 485 2573 2449 1670 1001 2151 473 437 285 2816 148 2107 2203 1931 1740 400 2554 2348 2567 1610 2350 1442 214 1061 2047 2521 2072 1401 924 994 20 2526 2620 2220 2216 2043 2539 2156 691 1171 1106 1397 2841 1761 1041 1137 1922 933 103 448 233 2570 2658 466 2060 1952 163 2009 2705 453 2508
000569.jpg,1635 1967 390 1715 1050 726 314 1097 1648 1293 999 159 580 2053 2406 331 805 2236 2715 1822 1143 326 31 2765 1140 1024 2531 1755 1475 1011 1124 655 1503 1662 1273 1831 484 1118 2698 2505 2465 1756 1568 464 1789 2687 758 2059 786 1317 89 806 1378 389 1706 1037 927 1692 799 1216 1395 1829 363 2062 1932 1275 1022 1655 430 467 478 455 2429 1472 346 2407 653 2301 268 780 534 1465 1787 1026 1297 1262 1730 1918 452 1929 2244 2806 936 1018 471 108 1039 1274 1127 1187
000570.jpg,998 1583 567 919 1354 1769 952 2778 2792 118 778 382 1970 517 2711 930 1854 1063 1531 1851 928 1470 748 2252 1657 2379 1791 7 2729 982 2491 923 1179 2682 227 2225 763 2304 841 1579 1977 1651 114 2723 2361 945 1578 9 1210 2349 916 639 871 2042 1271 579 2647 1770 528 515 2081 2559 2065 1239 1920 1819 1209 2658 701 1368 1367 566 1528 2459 2618 2462 2097 2334 1154 2026 808 2829 2067 776 492 1344 1163 1963 764 353 1864 2551 2122 1402 72 98 512 1566 809 1879
000571.jpg,645 2011 445 2840 1029 1679 2707 1623 1054 197 1649 1328 1444 1663 463 947 1552 2289 2375 2836 169 433 1782 2767 2837 1253 1045 1544 1617 2130 440 2050 2241 712 735 2439 134 2650 2735 51 1381 1993 1422 1658 1895 2628 1417 2454 155 860 2649 161 769 1640 1870 562 319 1788 1710 179 965 550 305 1840 1218 1369 900 1948 1261 2631 1489 1486 1096 2088 1437 260 2133 563 1307 1569 2769 2352 1860 1701 173 439 64 194 1796 489 674 2538 1416 259 1496 2076 348 715 48 2721
000572.jpg,2043 2810 2171 650 2666 2816 1188 1891 1916 2346 475 1697 1723 411 922 1456 1153 546 1221 285 759 582 2643 807 6 1763 1702 1865 1882 1260 37 468 1858 620 1284 1083 732 1227 2313 956 181 1603 122 2841 1797 820 1090 1541 1139 829 1761 750 334 586 661 980 1605 1082 1308 2261 2216 2167 2502 1953 1884 1006 1696 1570 443 1250 2168 724 2514 2589 1881 372 938 2489 1610 473 2410 2194 1150 1537 905 1502 1846 2245 1027 1214 594 476 1397 1326 167 1703 2779 2677 2179 229
000573.jpg,837 2455 1009 264 2484 2063 1159 1815 403 1122 2092 2844 1814 2833 1589 299 2189 2139 2548 2371 1982 2269 1925 352 2731 2797 667 2412 2576 428 267 1735 1619 1549 90 969 2776 891 1291 1238 2399 2662 234 656 885 706 1776 1887 2356 741 1520 1350 1366 2215 2123 1698 797 1542 879 2385 2338 2486 263 2739 1191 1877 2039 1457 1229 1571 2590 1622 1375 2541 1338 349 1025 2223 857 2321 846 2403 1816 600 687 720 573 2727 228 2460 1572 801 317 195 223 2253 2635 2100 1 2607
000574.jpg,1896 2674 734 2099 1532 587 505 28 2500 458 1827 1741 2819 152 1339 2181 313 2479 523 972 1563 2283 1376 175 2228 849 330 2552 238 2250 847 2365 696 2177 2370 2557 705 2119 354 2191 671 81 2742 2527 2534 2689 1680 1704 2193 1335 2716 92 2764 503 120 1117 1543 532 2028 602 2052 68 633 1831 1297 1708 653 772 2144 1111 1314 1655 711 2592 1164 1956 1011 2812 1475 2681 2322 968 2236 1932 131 1912 125 1755 1568 2610 1746 2232 1875 1050 2199 2597 553 1917 261 1109
000575.jpg,257 937 1731 2377 1527 535 1871 1138 2613 406 2145 1779 1385 1516 1800 1894 1645 1526 410 2102 811 742 1992 773 253 1455 336 2341 2763 519 605 365 2516 1040 1707 1325 1007 186 1946 1068 1110 1442 544 1131 1969 821 1511 2788 2290 1079 435 1966 1311 2549 648 434 2830 673 1005 678 1379 2730 1424 1020 2746 1794 2364 2417 248 1783 610 709 392 1133 593 2299 1243 730 1968 870 2219 1142 2005 2697 1466 2151 1094 1581 2243 288 774 1670 338 1573 301 717 1850 2251 568 2519
000576.jpg,1863 1619 1366 879 1925 2460 667 557 1480 1242 1982 2385 2363 2431 1816 814 1660 2607 641 1373 2633 1530 1735 991 385 262 1295 888 2844 741 2468 2771 1807 2797 867 2094 428 2731 2776 1509 2104 2371 2139 1291 1539 551 2783 1238 267 2833 1803 2576 299 2595 1078 160 2524 1549 273 226 127 472 147 2092 1589 2269 1069 2403 1122 2175 1814 1341 577 969 1629 2138 2801 352 685 2710 891 1607 2266 2455 1421 537 2484 1684 1025 1215 2517 264 1811 1059 2298 2444 2226 837 2758 1862
000577.jpg,1545 2389 59 1752 1146 4 950 2367 626 556 826 1386 547 2270 1737 1202 2082 987 2069 1799 312 85 613 611 440 1319 635 1552 2289 2832 463 2840 1029 259 1407 2148 2477 283 1624 1934 1656 2241 735 2076 188 1405 1617 2050 2130 2424 550 169 2837 1422 2375 977 2419 1045 1993 1788 860 2652 1649 1486 2735 2439 1895 134 1544 2011 2044 2088 900 2133 161 1468 433 1636 2312 965 445 155 1328 563 260 2300 197 1102 1926 2501 221 1437 1172 1663 173 712 1092 1584 1983 2790
000578.jpg,523 505 175 2181 28 2500 1896 2283 587 313 1563 734 1827 458 2552 2674 2819 705 152 1339 2365 1741 849 2479 2689 238 847 2370 2716 2191 2250 2534 2099 2527 2228 81 1532 2119 972 696 1680 2177 2193 2557 120 330 671 1314 1376 503 2681 1335 1117 602 1475 1111 1831 2322 2764 2144 1655 131 452 2236 2052 92 68 633 501 711 125 2742 129 890 1912 1955 2265 2594 968 1708 1022 2059 780 653 1543 1332 877 2244 2597 1037 268 1875 2592 772 1011 1932 552 1062 806 1003
000579.jpg,81 2365 2370 2119 2534 2689 705 849 2479 2716 2819 587 1532 152 2181 972 2283 2527 847 1827 2552 458 2500 1741 1563 2557 313 2250 238 28 1339 734 2674 175 505 1896 696 2177 523 2191 671 1376 1704 92 1680 330 120 2228 2099 1111 2193 2052 602 1708 354 2592 503 1692 1026 968 418 2322 2144 1831 1117 2687 346 268 1314 2681 504 125 780 1097 1293 633 1164 740 2806 2698 131 2505 2465 1481 1932 2742 2764 1655 788 1022 1011 1912 2059 927 1037 2244 806 1873 772 452
000580.jpg,2567 1044 2751 1171 1214 22 2726 761 752 2162 167 744 1217 924 2823 957 333 1744 454 2216 189 2841 2502 214 2152 2060 2156 1363 396 1139 856 807 1927 941 1371 1483 2627 1987 84 2554 2141 419 1255 1632 2404 1605 2688 2153 986 1199 1757 592 1631 448 1188 1219 2110 894 172 1889 244 1858 815 2348 1761 291 411 2640 959 2277 481 2030 2197 861 72 2313 2625 306 729 2079 2547 2785 460 40 1184 156 1227 60 1907 2261 276 233 2202 2573 468 571 1093 2295 164 2067
000581.jpg,431 2510 70 1753 1125 2777 2772 2077 1759 2757 2478 1839 315 18 1557 1834 2622 1165 1842 951 2302 2015 1252 2818 1035 191 767 1938 2686 1747 2315 1443 1833 889 2685 277 2561 2702 2667 522 2496 1980 202 990 249 853 2509 1406 1012 1235 1511 1548 2299 269 297 2000 931 2583 1501 1263 688 426 465 67 768 1969 823 1353 1989 2624 2251 792 1869 944 1195 2746 555 2249 646 2296 915 102 485 2636 1306 954 2350 589 126 1442 725 676 1804 309 103 1628 500 128 1451 1361
000582.jpg,2145 1779 406 1385 2102 773 1992 2763 519 1707 1007 742 1871 1645 1138 1894 1526 1731 1969 2613 1800 1442 1511 1325 186 2516 257 535 2377 1527 937 709 392 1516 253 248 2219 336 1424 605 338 730 365 1020 870 410 1783 1466 2341 811 1040 1966 1455 434 1311 648 544 435 1581 288 301 1794 2830 1131 678 2095 673 1133 2417 610 2680 1670 1142 1968 2151 1243 2087 1850 1094 2549 821 2788 774 2519 1110 2697 2492 1573 2609 2251 2746 2299 2364 2243 717 1379 881 593 1068 800
000583.jpg,1753 1125 2777 2772 2510 70 2077 2478 2561 431 1839 1035 1390 601 2 2663 1759 2323 2757 1075 962 1798 634 103 1333 1801 529 1334 1810 1207 2644 395 502 581 1137 2532 2471 1114 2759 2277 2583 1394 2242 284 714 1908 374 1597 1767 898 737 2022 578 1928 1166 251 2072 2829 2299 1106 1427 436 702 2601 545 461 2699 1230 789 2656 1821 1558 2504 1830 2495 215 1257 614 1197 1689 1608 1087 1107 1971 65 2787 63 1683 1986 1786 1533 803 1001 986 76 783 101 754 1310 684
000584.jpg,1545 1752 2389 1146 59 4 2367 626 1926 1624 312 85 987 2082 1405 635 1407 2832 2270 2300 1202 556 817 1386 547 1102 2790 950 1656 221 1737 188 2411 2817 943 826 1934 1644 611 2528 1319 2501 613 2044 2069 283 1422 1993 860 1799 463 1617 1328 2477 2840 2011 712 1552 1029 550 1045 2454 266 1190 440 2375 1444 1489 947 1623 445 1417 2424 2515 2631 2050 2241 2837 1701 2289 259 1788 2714 735 197 1983 169 1663 2544 1468 2130 562 1316 2133 1796 2076 900 433 1679 2312
000585.jpg,1752 1545 1146 2389 312 2832 987 1102 85 1624 4 1405 635 2790 2411 556 221 1926 1656 1934 2082 2528 943 1644 1407 2501 2300 2817 188 817 1386 2270 59 626 547 2044 1737 611 826 1202 2367 1319 2069 1422 283 1617 463 1029 445 1552 950 2840 712 613 1983 266 1045 550 2011 2477 2397 2424 860 1328 2574 1993 2133 1190 947 2375 1444 1092 440 2631 2544 1489 197 2454 2515 2419 259 2241 169 2837 2050 2714 1663 900 977 606 1316 2130 2289 1468 1796 480 735 1414 1417 1208
000586.jpg,1944 2294 1055 2135 899 725 2728 2741 2207 204 2842 1056 2057 494 2511 1547 1134 2291 2825 246 447 1899 1463 2435 1067 1935 1076 686 2041 2766 2580 2286 574 692 2736 2248 146 2382 1874 2813 1464 1452 1223 1126 804 2068 1937 2719 1639 2665 2683 79 677 1185 2708 647 948 329 2319 722 2639 657 2393 1777 2438 140 1868 682 442 2436 491 2569 1592 1931 2350 2583 995 2526 217 2509 1001 482 2589 1346 271 1408 2598 1721 2427 249 347 67 1473 508 994 2378 608 1942 1757 1881
000587.jpg,1179 1977 2682 1651 2252 2491 1578 841 945 639 1063 1579 2647 1920 2328 1770 9 2042 2723 916 1470 114 1531 748 1583 227 998 982 1528 1769 517 763 2225 952 919 2097 1354 2778 928 930 2729 1657 567 1851 2379 382 1367 778 2349 1368 1854 1154 1239 2459 1210 515 579 1970 528 2711 1566 2026 492 566 7 2304 887 2559 512 923 2618 2310 1209 2019 2658 2110 1271 861 2081 1907 2067 1819 1507 2462 107 1691 957 2295 1448 729 2754 2503 1667 819 1402 2413 592 2733 1383 2566
000588.jpg,1681 487 2600 1705 2596 1384 942 2085 1000 1853 2664 1739 1695 360 1893 660 50 966 2369 2543 1508 337 791 2803 1031 1287 1565 631 2458 607 921 1981 813 1237 2049 1495 1604 542 1290 54 710 2259 2618 512 1613 566 2559 2026 1209 394 1017 2782 2469 1271 1770 579 528 731 1906 2660 1742 809 1442 2462 2126 381 1518 1879 883 2299 2711 923 1219 2459 1154 1210 1641 2262 2723 2392 492 2064 871 114 1854 893 199 21 2349 776 1784 1241 289 681 2304 749 2483 1423 2093 2587
000589.jpg,2707 645 1679 1054 1623 1649 1328 1663 1444 947 2767 445 2011 2836 2837 169 1782 1029 2840 1544 712 2439 1658 2130 1045 1617 2050 1381 1218 2241 440 51 2628 735 2289 1422 1552 2352 1261 194 1993 463 197 1253 1369 1640 1948 1417 1051 2649 2714 433 2454 161 860 1870 1416 179 1569 2650 1096 562 439 48 64 305 155 2735 965 1796 173 2272 1710 769 1895 2631 1489 715 1584 2088 2721 319 100 900 260 2133 550 1788 2769 2732 2815 134 480 258 1586 201 2287 1437 563 1636
000590.jpg,1125 1753 2777 2772 2077 2478 70 2561 2510 431 1759 2757 315 18 1035 1834 951 2161 1252 1842 2015 1557 1390 1839 2818 601 1165 2663 2302 2 767 2622 191 277 2315 2702 1443 103 297 1938 2323 1323 2685 1235 369 634 1833 1980 688 1186 522 2624 1333 990 2686 2644 1747 1801 889 529 962 426 2430 395 1019 1389 1075 1334 1798 581 2022 853 1989 29 2242 2759 2178 293 1460 2532 1353 2583 126 1845 2546 2667 1207 2113 988 2277 2314 2000 737 954 1115 1685 67 1951 1391 1114
000591.jpg,499 545 1394 1631 1801 2277 1228 1785 529 374 1334 63 2579 1087 395 2644 803 2546 304 540 1213 2323 898 251 1333 2022 1558 1230 1883 2759 1427 1561 572 714 1137 1798 2504 2381 2238 2542 1898 2547 789 2242 1928 328 766 1207 2040 962 101 1166 1683 695 341 1257 2072 1176 1971 132 576 614 1743 581 1091 364 407 777 1298 1996 1900 737 2190 596 989 646 1093 2827 95 617 2784 2785 1106 182 2114 1786 149 983 88 436 2745 215 564 1197 783 1590 1035 93 1346 926
000592.jpg,1140 1124 1037 2053 1829 1216 1918 1924 1472 2236 1187 1168 1299 2279 1475 1647 1612 1297 2402 113 1303 1273 1921 1972 2061 721 1635 391 1715 1317 1395 1692 390 1756 27 805 1967 412 2611 430 643 1648 799 1505 936 1008 1143 1293 1118 2505 2465 1568 2406 1755 1050 1822 402 2531 1097 252 1141 138 1506 2698 1274 331 2407 1781 1831 1024 2632 1787 2137 858 314 471 654 344 655 49 383 1789 2232 1127 1011 464 1706 927 822 2164 1356 1282 363 268 1503 2301 139 1026 525 2765
000593.jpg,1752 1545 1146 312 2832 1102 2389 221 987 2790 1934 1405 635 2501 4 1656 1624 943 85 556 1316 1926 2082 2528 1407 2411 2817 626 2069 2300 440 1644 1386 59 547 817 735 2241 2270 2367 950 1636 1617 826 2044 188 2836 1422 1045 518 2050 712 2837 169 611 2556 613 2840 1782 1737 2826 550 1202 1319 1840 900 155 563 2133 1649 947 260 1878 480 1486 1437 259 2454 2652 2419 1552 2439 283 2649 1983 1328 1381 1444 445 2088 2148 1496 1544 2424 1796 179 2130 925 1092 2011
000594.jpg,2320 2533 1149 29 1804 2673 2172 286 1719 967 426 2024 2143 24 2430 293 2787 2021 792 2296 853 91 2235 1361 1451 2409 2054 646 589 1951 1559 376 2540 727 658 1535 1306 2000 485 1326 240 1447 634 1886 1061 2124 1513 1236 1597 954 807 2113 2016 1263 1346 1161 832 1469 1243 2014 163 1869 824 1165 1084 1353 466 1685 1389 213 754 609 483 2178 2066 1012 2756 2115 2508 473 1696 249 2129 1659 2404 2571 2245 2387 1766 1603 1557 1773 1300 1847 2111 2302 2150 750 106 995
000595.jpg,2021 2533 2320 1149 967 213 29 2408 1597 634 1689 2638 707 293 2673 2172 286 2756 754 1728 2354 1849 739 2787 1478 2224 1231 1448 2615 1804 1719 1529 1265 1269 2413 1867 184 1722 2295 119 2024 2390 424 135 2143 426 2566 24 1733 1296 558 2472 19 1383 520 1533 2430 80 218 757 1984 1945 232 529 1312 498 646 1798 2644 425 1334 76 1180 2744 983 1106 1786 962 564 1818 39 2281 1207 2149 1801 1298 2653 926 1091 364 789 2323 1693 2656 375 395 2190 540 2493 1061
000596.jpg,1096 1416 1948 2815 2272 1362 1860 1636 1316 439 2352 1965 1496 64 1569 1796 2721 2556 201 100 715 48 562 155 2034 2241 51 1584 305 2650 712 1051 1640 2289 2545 2433 2713 1897 563 1381 1617 1552 497 1658 2309 1586 194 1218 1490 1993 747 645 445 1901 1453 260 2826 1045 2631 2011 2836 2376 2628 2088 1148 547 2755 2130 1319 134 1782 2840 440 1544 1422 168 1261 1840 2553 659 2454 1328 611 319 550 231 2046 1029 556 900 2050 1878 85 2767 258 947 674 486 518 2732
000597.jpg,1115 2546 1389 2178 2113 304 2054 2066 1213 646 1951 1175 2787 1306 485 1019 1361 2000 614 727 658 1451 63 293 2022 1559 589 1333 2072 1137 1106 1394 1785 545 1207 1300 1257 1228 1786 1971 1798 1230 737 251 898 1558 215 436 1353 1685 2504 149 364 1801 101 962 1087 2040 1900 714 1883 2644 341 1093 2409 989 1427 1091 2323 766 1334 2430 1898 395 634 803 792 1804 1683 2024 29 1886 2381 1197 1166 581 2249 76 572 2540 1447 2238 374 954 529 2495 1561 2242 2759 426
000598.jpg,2471 2601 103 502 297 1235 990 1845 2624 688 1323 126 903 1767 1114 578 1830 702 2388 284 1908 1107 65 1608 250 1821 1186 1310 848 1391 684 2314 768 1512 1413 2276 1975 931 1340 1839 2323 1035 962 395 522 1723 1916 431 1232 2510 2561 2644 1397 2620 374 1798 251 1810 1605 1390 803 475 2759 420 2 581 2346 2502 529 1144 1137 614 2216 601 304 2663 737 1720 1207 436 2489 2699 1333 1334 851 1558 364 1922 2022 1166 783 2768 2242 714 898 40 1230 215 1075 594
000599.jpg,865 2421 1038 1949 2520 2671 2210 640 2578 13 1272 729 323 933 2640 1668 2602 2221 1374 2828 1754 1070 2031 1399 1266 964 1041 2083 377 1952 828 340 2786 979 432 2227 2108 1256 955 332 986 1757 199 2333 1255 1144 302 1430 214 1562 78 1888 2423 1616 743 893 2348 2415 1686 1429 21 2743 1139 783 289 2798 429 868 1197 1398 2568 1065 2029 554 2203 370 571 2591 2539 597 306 2247 244 2387 594 2448 878 1268 1890 941 473 40 1232 2503 957 1928 898 851 417 1371
000600.jpg,2473 2820 166 2738 1964 405 2614 1828 2835 969 1421 2709 2013 2175 551 2266 1025 1539 577 1324 2138 342 2226 2513 1059 2213 2339 2100 600 2758 1571 2486 537 1618 226 642 2340 685 846 352 1338 1622 2740 1514 961 1078 307 1540 154 1069 349 317 2094 2444 2710 160 2372 195 414 1862 511 892 2223 573 1 1698 147 2635 2727 1101 17 1341 1060 2063 1530 2338 1520 2783 2412 150 2255 2158 2468 46 1349 1270 2648 2431 1814 2403 1366 1607 1994 472 2484 2844 814 2749 264 2595
000601.jpg,2252 2682 1179 1651 1977 2491 1578 841 945 1583 1063 916 1920 639 1579 2647 998 227 2042 1770 2723 9 1769 2379 952 919 982 2729 2110 928 114 517 2097 1657 1851 2225 1531 1354 2349 1470 1368 930 763 2778 748 1367 579 567 1154 1528 1239 512 1210 1566 2459 2026 515 1854 1209 7 528 923 566 2559 2304 2462 778 2618 382 1271 492 2658 2711 1970 2328 809 813 781 2803 2334 791 1031 72 1879 1219 1819 2603 332 11 1344 394 1415 1402 340 1565 98 276 631 2333 2081
000602.jpg,767 277 1938 1833 1443 889 1747 2686 2496 1980 951 1753 2077 2478 369 211 1460 1125 2772 2777 2818 1989 824 2315 980 1165 1884 2302 1610 2685 1252 465 1557 1082 2015 1834 2702 1308 1891 1353 70 1916 2245 1502 229 1456 448 475 2346 1560 2118 1015 1685 2620 897 1556 2622 122 1032 1326 1300 1759 1263 2203 744 990 742 306 315 2831 586 2179 2514 1188 473 2296 2216 2705 594 2573 1548 1738 1844 191 2167 1284 733 973 36 1757 1061 400 1952 676 298 37 2313 680 1023 2430
000603.jpg,1752 1545 1146 2389 312 2832 987 1624 1102 59 2501 1405 1934 635 4 2411 1644 1656 85 1407 221 2790 2528 2817 943 556 1926 626 1202 2082 2300 817 188 1386 2044 2270 547 1737 2367 2069 611 826 950 2840 283 1422 1319 613 440 1617 712 445 550 735 1799 1328 2050 2011 1045 2241 2714 1316 1552 169 2837 1190 463 2836 2375 2477 1782 2556 197 1983 518 947 900 2424 259 2631 1444 2826 2133 2289 1796 2538 2454 1468 1993 860 266 2544 305 2439 2574 155 1636 2515 480 2148
000604.jpg,2823 1911 1697 2167 2268 1995 459 115 1267 372 1200 1387 1380 796 2318 956 1082 829 1638 661 2420 1456 2425 1308 1090 669 2194 1032 1479 2216 586 630 922 1153 1188 1709 1763 2168 275 476 2593 1227 37 1006 2623 2313 443 1560 2573 122 1682 285 189 1797 620 2060 946 2261 2156 1321 1108 834 2263 2449 1098 2030 309 411 1806 2554 1761 732 924 448 1525 1858 2387 400 1703 1865 2432 2096 1286 1353 1084 980 1474 1790 1205 1676 1933 8 2572 1284 2437 1280 745 1260 2677 724
000605.jpg,503 711 772 633 2322 1680 2250 2193 1335 2592 1704 1111 602 2052 1332 1746 2764 740 1117 2237 68 2144 553 2681 1297 238 261 587 968 1917 2228 1314 533 120 1109 1164 699 872 313 972 1827 2370 671 1708 2500 81 1376 2199 1852 2119 2773 2365 2610 1010 771 2552 458 1741 1327 2212 1543 28 2819 152 2181 2812 696 1650 2177 505 532 1955 1532 175 1472 1339 2283 2689 159 162 2597 2527 1896 1774 2099 2814 705 2557 1974 2479 2534 963 1956 367 1135 2191 1182 523 1831 2265
000606.jpg,2600 1705 487 2085 2543 942 1681 966 2458 1384 1495 337 2262 1017 2392 921 1290 908 2660 1742 852 1518 1978 54 542 1331 2064 1002 710 1119 2282 1673 1614 2596 2259 2696 2257 984 2782 1370 243 2357 1676 1396 1567 355 446 320 1554 1718 530 1301 813 2140 2796 451 1058 151 1519 1105 1385 1779 2147 1682 186 662 1871 1479 513 568 2318 1152 2132 2593 1263 1909 1077 1654 1750 2154 416 1036 1325 544 1613 292 2299 25 318 2420 543 2341 1225 1033 69 907 2730 1005 933 1717
000607.jpg,2533 2320 1149 2024 29 426 2143 24 2430 1804 286 2673 2172 1719 213 1597 634 1689 293 853 2408 2787 2021 967 2638 91 792 2235 707 2296 2054 2366 1361 2014 2124 1326 754 1236 646 589 658 1451 727 1886 1061 2078 473 142 2756 1951 954 1492 376 2508 1559 485 2404 1306 2725 163 2178 1766 609 1699 2409 1685 466 2000 2113 1469 1728 1165 2583 359 2380 240 306 2267 1869 1553 1132 2302 1431 1139 1588 2540 1447 1602 1659 1053 2354 99 1661 807 1243 2571 1696 2251 106 1263
000608.jpg,392 1419 301 2331 519 1992 2763 773 2102 1077 2145 937 406 1779 1385 253 1131 1455 2341 1527 568 535 248 336 1170 1200 1894 648 2377 610 186 1442 813 338 1142 1133 2087 1424 1138 1871 2219 1526 2519 774 1794 2132 2243 870 1783 605 410 1152 490 742 1094 1707 69 1007 1645 730 544 2593 678 1670 2101 1581 1020 2299 1036 2697 2830 1969 1673 1325 2027 1331 2492 2613 205 1311 257 1973 673 2318 1966 709 2165 2251 435 1800 365 2516 1040 1387 538 1913 355 1466 1174 811
000609.jpg,2801 879 1069 405 1828 2094 2835 1982 2758 2460 1619 1341 2614 2138 557 1215 1078 2189 1964 537 1925 1607 1530 166 160 741 2738 1278 2833 2363 667 1863 2844 2139 1366 2797 299 1735 1480 352 428 2385 2607 1549 2184 264 2776 2092 2431 2371 814 2576 2633 2104 1684 888 2484 1539 1421 600 1660 2473 1589 1338 2412 2820 1242 2811 687 2524 1816 385 1373 2246 1122 961 2269 2185 2063 2731 2338 2455 1291 262 2584 1947 226 867 1411 1630 2298 2100 1509 969 1571 795 2255 1238 641 2175
000610.jpg,348 2454 26 2769 1870 925 2649 1369 480 179 2538 2714 712 550 2050 2130 1045 735 1417 1422 1788 860 518 440 1617 1489 1710 1701 2241 1328 197 2011 2289 1993 51 463 2840 445 1663 305 2836 562 1782 2837 64 169 433 1029 645 947 1640 1569 155 2650 2375 260 1444 48 1658 1796 2721 1649 1381 439 2088 1172 2707 161 715 1679 1552 1218 100 2352 2628 2767 1054 1544 817 1948 970 194 900 1624 1096 2439 1840 489 2826 524 1051 1623 2556 1416 2419 1895 1584 2528 168 201
000611.jpg,1944 2294 1055 2135 899 2741 2728 725 204 1056 2207 2842 2511 1547 447 2057 1134 246 1463 1067 494 2766 2291 2825 2580 686 1935 2435 1899 1076 2041 2736 692 79 2286 574 1452 2068 1874 2665 1126 677 2248 1223 2719 146 722 804 2319 2382 2813 657 1464 2708 1937 2683 329 2438 1185 140 1639 1868 442 1777 647 682 2639 1931 948 2436 2509 2583 67 2589 491 2526 627 2393 359 995 2569 1721 249 1881 608 994 1439 1592 2540 2350 1001 752 444 217 1346 2378 2598 526 508 1886
000612.jpg,2359 1757 986 281 1255 84 941 396 2387 2627 820 1462 1371 2494 750 924 1139 1882 2688 1603 334 1987 1761 214 2425 2348 481 2261 2476 1199 2216 2278 1616 594 1949 2197 1219 2188 1687 2152 300 1144 2502 285 1184 2421 2841 956 815 40 244 2761 2060 1400 2678 621 1802 1605 1726 1227 2705 1315 189 1880 1922 2567 2573 807 1198 851 2079 2141 743 1336 117 2483 448 335 2160 2230 2203 2503 1596 1363 171 620 1502 1536 636 2823 1641 905 323 2620 454 1979 1205 629 2179 1171
000613.jpg,540 1631 2277 1801 291 499 1561 2323 529 1334 2644 1483 395 1346 898 545 1230 617 2547 374 2785 714 2242 1798 1394 1883 576 962 983 1087 789 251 2542 1928 1914 1743 695 1166 1197 614 803 1427 1996 341 1207 63 1558 1597 1683 596 2827 1091 2579 1137 2190 1228 2072 783 1689 1176 2202 1103 407 2295 2759 1343 1333 2381 1898 572 93 2745 634 132 95 101 2504 1999 1093 1213 364 1856 1590 1785 2022 895 1035 1839 777 739 1298 2441 2784 2040 88 581 2260 2238 328 2114
000614.jpg,1325 1526 2516 1442 1511 1969 2145 1779 406 1670 2102 1992 1385 773 2299 2763 2746 1871 2290 1005 2730 821 519 2788 749 1068 112 1243 544 673 2151 2364 1966 1379 1110 1498 1311 1794 1783 2087 1142 605 593 2613 1309 1138 2519 94 800 2377 870 2560 1707 2549 435 1040 535 2243 730 2492 2697 1131 774 1581 1968 336 1007 1573 1020 855 2196 717 434 365 2095 1527 186 2680 1645 1094 2417 1424 1850 1455 1936 338 881 2830 2251 1913 2005 1634 248 678 2006 1894 1174 253 301 11
000615.jpg,455 2232 1262 822 2137 1568 2470 799 1140 653 1829 464 113 1706 1127 1831 1282 1216 1655 296 1273 408 356 1274 1780 268 927 838 2236 1755 1789 1506 1024 726 2531 1505 2698 1503 314 2765 383 1475 131 2693 209 1124 1787 1168 1299 806 1875 2059 1756 2396 2715 1781 2794 2280 1635 1932 207 390 999 2173 525 1011 139 49 1378 1275 1317 1967 805 245 484 1050 2687 1929 2053 89 780 2142 27 2279 2632 1662 1037 61 1924 452 654 418 331 2407 1303 1022 2301 1715 580 1143
000616.jpg,1049 932 839 698 1521 955 536 323 13 1038 2421 1272 1041 1754 2520 121 569 2210 1949 193 988 640 1132 1588 2090 680 1431 2047 377 36 1189 370 2578 828 2032 56 1910 2671 1268 2117 2083 933 1337 1249 865 901 1668 123 1329 1793 1255 729 2828 672 571 2602 2150 2629 986 2798 1374 2333 2387 1429 866 733 1757 332 979 2640 743 2539 2335 2428 2839 2120 340 882 432 2038 2423 1065 2668 964 500 2786 1686 2221 2029 429 2380 2217 1033 1553 176 2267 21 289 1764 2808
000617.jpg,505 28 523 1896 2500 2181 175 587 1563 734 2283 458 2552 2674 1827 2819 313 2365 849 2479 1741 152 1339 238 2099 705 2191 2250 2370 847 1532 2689 2119 2716 972 81 2534 2527 2228 330 1680 1376 696 2177 671 2557 2193 503 120 92 711 2322 2052 2681 633 1335 772 2592 602 2236 1111 2764 2597 1831 354 1297 1475 1655 1704 2812 1117 1011 131 653 1974 1568 1543 2742 1314 890 1332 125 968 1873 1912 1037 2265 2715 2199 268 1875 1293 1813 532 2144 2594 872 1932 2774 159
000618.jpg,1663 947 1328 712 1444 1489 2836 1045 1710 1617 1369 1782 1417 2050 2241 2130 860 169 1701 2837 1679 2649 2454 1422 2707 735 925 179 1870 1623 2011 26 1649 1054 2767 197 440 1381 348 1658 1993 900 480 550 445 2840 2289 2790 2714 2832 221 1624 51 1544 817 2528 1437 1218 1407 1644 463 1934 2817 1656 1788 943 2769 1102 1926 433 312 2439 1552 1796 2300 2411 1486 1405 635 1569 305 1029 1640 645 1208 2419 1319 2352 611 155 2375 556 2082 489 2628 194 260 188 2397 1416
000619.jpg,751 1482 1559 2000 2239 946 2080 1036 1523 441 824 2437 318 1943 1152 1593 2695 1451 683 1116 1361 2787 1836 907 1714 2204 1713 327 2245 1263 2605 1014 2383 2073 339 543 2555 834 469 845 321 47 1353 2132 379 541 917 1380 83 187 1950 549 993 2296 371 2734 1727 1919 1601 2518 87 1285 1077 2791 954 275 2317 1128 2630 1672 1750 2303 863 590 1224 2033 2147 58 2651 920 1057 373 2240 1200 1205 902 298 490 832 2180 104 1300 1685 2623 1535 2593 44 874 2453 1620
000620.jpg,1752 1545 1146 312 2832 2389 987 1102 2501 1405 1934 2411 1624 635 2528 85 2790 221 1656 1644 4 556 943 1407 2817 1926 188 2044 2082 817 2300 626 59 1386 2270 547 1737 1202 611 826 283 2069 1319 1422 1617 2367 266 2840 1983 445 2574 613 712 463 1552 2477 2011 1190 1328 2515 2424 1029 1468 2133 950 2714 2397 550 1045 977 2837 2544 1993 2312 1092 169 2419 2631 1663 2826 2375 1796 2289 947 2148 433 197 860 1489 2454 440 1782 2050 259 1172 1444 1369 2676 1799 2724
000621.jpg,1588 1132 988 193 536 2090 569 121 1431 680 36 866 1492 142 2078 1699 1793 733 1553 901 2217 1886 1236 555 1053 2267 500 2668 2380 1033 2117 1393 427 176 1268 2451 2384 2024 426 24 359 292 2143 2430 1685 1804 672 933 377 2335 828 954 29 2350 1754 2583 767 1719 1001 1249 1952 2798 2793 995 792 2509 1764 1263 1049 2589 853 2378 249 646 1429 2787 2235 2629 1353 1474 1322 2178 123 2293 1389 2514 2449 2409 91 676 67 2054 1869 624 2320 2038 34 2428 2475 1255
000622.jpg,1375 2548 1665 2125 1358 210 1792 2174 570 1930 746 1580 493 1034 793 2004 1861 280 2374 2461 1724 1234 2456 2327 689 1859 57 1276 2662 2229 366 2418 687 294 1575 859 756 1758 797 2330 2838 1664 548 1279 133 1072 2186 976 2672 1196 1392 2189 1765 1776 421 583 891 1030 1947 720 2184 2844 663 2403 2694 2797 228 2123 857 837 1619 2473 150 969 1122 2385 704 588 2255 1350 2175 1551 1059 2412 1539 2063 2833 1043 352 90 741 879 885 2039 264 2226 1509 2740 2811 2455
000623.jpg,2502 2152 941 84 1605 2841 214 1139 2348 2141 957 1171 2751 1214 744 22 2567 2404 1889 244 2464 1371 1927 509 1616 2197 844 621 1199 815 1632 924 894 2725 1960 2153 40 1766 1987 189 1726 2706 2761 419 171 2203 2522 1768 2612 2591 45 2554 2048 1364 2060 1064 454 2162 2678 1880 2448 1757 167 1515 2278 1205 959 2726 300 2056 1744 42 2494 851 1255 448 2562 1671 2386 986 594 1536 2720 2230 1232 1802 1596 335 1184 481 1397 2705 420 592 1198 2807 2116 1488 1251 1434
000624.jpg,990 297 1235 103 1845 1323 2624 688 126 768 848 1340 931 1186 1254 2276 2314 1391 1413 502 835 2471 2601 1720 522 65 1107 284 903 2388 1767 1114 702 1830 1310 1908 1512 2667 767 578 277 2079 2571 1608 205 1286 1277 2831 2302 1165 309 1015 2167 2080 1844 1458 2685 250 2401 333 191 1834 2058 1753 1300 2015 2136 1252 2315 2705 2702 506 2216 2772 1353 2160 2555 1980 2425 2496 37 951 973 300 483 1285 240 1174 1703 1125 1217 1821 1523 1244 1620 1482 1032 834 1560 2777
000625.jpg,1518 2282 1290 446 530 607 1017 1301 2796 631 1058 2140 451 1567 2064 1909 2049 1384 2093 2660 921 966 1613 2085 2458 942 662 2392 1981 1604 2543 1742 1237 1673 1331 487 2696 1705 2596 2257 1002 1495 2357 337 1681 908 1614 2600 355 1119 813 1978 710 2782 54 1396 1370 542 2262 1105 243 1554 984 2636 311 1455 1516 887 875 2259 1676 2488 2251 852 1621 2328 585 800 2793 25 320 901 1466 151 2005 1894 678 186 2519 1211 2341 2416 427 2668 1850 2657 1033 2310 742 673
000626.jpg,2685 2315 1980 2702 277 767 1833 269 951 1938 1165 2818 1443 211 1989 1252 1834 1548 2302 2015 369 1753 1460 18 1747 2478 2496 191 1842 315 1759 2777 2772 1125 889 2077 70 1557 2757 2622 2686 1413 2276 2314 2667 1147 126 2518 1391 830 522 1073 1450 1869 2251 1340 2245 1884 688 2296 1794 83 1593 1511 1120 2624 1263 1620 2299 1943 2005 1845 1442 1186 1285 1850 980 1836 990 1254 2573 2563 2437 1732 931 400 1919 2677 1502 1308 103 768 1750 678 993 1243 2151 297 1995 298
000627.jpg,1504 222 2512 850 2362 2218 1436 1305 2691 2355 1052 2750 2071 2201 2342 1098 1321 935 1790 1638 1933 1806 2096 836 2156 2432 1911 177 1709 401 1085 2163 380 816 1023 1628 796 141 399 144 73 2055 1233 823 1510 2452 1006 2593 924 443 2446 897 2535 1145 2449 2722 1474 1160 586 1308 599 2645 1082 629 2318 1717 745 325 1661 2420 755 2706 1808 1322 1682 8 1479 1090 1676 2450 1703 676 946 2841 2216 99 2463 2475 500 1621 1288 151 680 986 624 2167 1387 193 1263 1380
000628.jpg,1085 816 177 1903 2679 1163 2122 2829 1808 2452 1628 2163 141 401 2055 1023 2274 1688 380 73 1233 399 823 1510 1155 2722 2636 1145 1717 1160 99 1404 2655 599 1100 2355 1504 222 1006 2446 2537 1321 1305 2362 2691 2156 666 935 1098 2642 2432 850 151 2449 1165 443 2793 2512 144 2201 1682 1933 2750 1676 2535 1089 1621 191 1638 1263 975 2096 1479 629 2064 2071 1790 2302 1881 1817 451 836 2589 193 946 1911 1322 897 2249 1951 988 1380 875 2262 1709 500 513 1082 320 1132
000629.jpg,2479 1532 849 2819 152 2365 972 458 81 2716 1741 587 2557 1827 1339 2283 313 2500 847 2119 2370 2674 734 1563 696 2181 2250 671 2552 28 2534 238 2689 1896 330 1376 175 705 505 92 1704 2191 2228 2099 2527 2742 354 1680 532 523 2177 1956 2193 2052 120 1708 2028 2592 1111 2698 602 1932 503 2715 1831 2322 780 131 268 1475 1117 772 2059 2244 1655 2236 1293 726 1297 418 1875 1335 1829 2764 1097 1037 1011 1216 2681 159 999 927 633 711 2687 464 1314 1706 2531 1118
000630.jpg,390 1967 1635 1715 2531 1024 1503 1011 840 1050 241 2142 2765 467 268 1932 314 1875 1062 1039 324 1923 999 2285 2634 131 1037 389 1843 129 2687 501 1813 1293 452 1097 1730 363 495 2715 1929 89 2407 2565 1568 1662 484 1789 2301 1124 1275 1475 806 788 580 1140 159 628 2053 758 456 780 927 2505 2465 1026 2059 653 53 1378 1022 1648 786 1822 2244 1143 2698 1048 2806 726 2236 138 1755 1220 1281 1912 125 2611 295 805 108 1216 430 1395 2632 478 1008 1018 799 782
000631.jpg,2381 215 436 1900 101 2040 364 803 737 251 2504 989 374 2238 766 341 581 1427 1883 2546 328 304 2242 2759 2114 1213 2579 962 1230 572 789 1798 2644 395 1683 1334 1106 1257 2542 1786 1971 407 2323 614 1137 2072 1561 1333 1207 63 1898 545 1394 1091 76 2022 1785 714 1801 529 898 2787 1087 1558 926 1996 777 2495 564 1357 1166 1818 1928 646 1228 1197 1180 2288 39 2656 2149 1346 1693 2277 230 2699 2784 617 1590 1093 149 895 132 2540 1538 2281 182 1176 695 93
000632.jpg,1944 1055 2294 2728 725 2207 2766 494 447 2435 2057 2291 1056 2825 2741 1899 2580 692 574 2736 2135 686 899 204 2842 2319 2719 657 1874 1126 1067 1223 442 1463 2248 2068 1473 1547 1452 2511 2813 12 246 79 2041 1777 2809 2708 722 1935 146 677 1185 140 1076 1639 1134 1868 2665 1408 1464 1721 627 1937 1439 1876 647 994 2382 508 864 2683 249 2286 1088 526 1012 1942 2589 2438 1998 2051 67 271 1001 1881 974 2583 2350 1892 608 2499 2143 2639 1886 1677 2440 274 1757 1725
000633.jpg,887 2065 982 819 1667 118 1585 2328 2575 1211 875 311 2416 2793 7 808 1531 1470 975 2310 25 151 2488 2658 513 1791 2792 748 2636 2491 2225 763 1757 2778 2165 567 1179 662 2150 930 1200 986 1977 1384 2140 1909 919 1058 882 1550 1354 1808 1769 1578 624 2005 952 1518 585 1850 446 123 800 1160 916 1170 36 401 1643 1370 823 490 1387 399 233 2668 2425 247 565 910 2722 2163 214 1455 392 1085 2487 1105 1881 1301 1322 2682 1851 813 1174 2655 1431 1255 1074 1762
000634.jpg,2548 1619 1925 2844 879 2662 2460 1982 667 2385 2139 1375 557 1366 837 2833 551 267 969 814 687 2431 1291 1009 2633 2092 1238 2607 1863 2455 2363 1539 2063 1660 2371 1480 1122 2484 2189 352 264 2797 1816 2468 857 385 1776 2731 1159 1815 299 891 342 888 1025 1589 1665 1530 2412 2727 2226 2399 1373 262 2403 2094 570 797 1814 867 1724 1861 2456 2783 741 2330 685 2186 1059 641 2576 1350 1520 2123 317 1684 1043 2229 234 1792 2709 2039 2298 2590 2710 577 720 1735 2175 1
000635.jpg,1815 1159 2063 837 1009 2455 264 2484 403 2844 1122 352 1589 2092 234 2833 2399 1814 2139 1520 299 1025 2371 2731 969 1572 267 2797 913 1349 1 2189 2269 891 1982 1735 2541 1925 2158 2727 667 2576 428 90 2776 2834 1238 2412 1291 1539 1619 741 2215 46 1366 2635 1549 1615 223 17 342 1571 2226 2385 551 846 2338 2633 1816 1373 2403 1660 1698 349 867 307 2783 1863 1618 879 892 2607 1129 1994 2431 2771 2486 1480 2185 2223 641 1540 814 888 2529 991 2100 1684 573 2253
000636.jpg,956 922 1541 334 820 750 2816 1153 1603 1697 2043 285 1763 650 1188 2666 2171 1221 1090 2387 1891 372 829 2810 546 586 37 1456 1671 1082 1865 8 6 1308 411 2167 443 1761 807 1474 1882 2535 2216 1006 2823 745 325 1703 468 1723 2449 1260 759 1288 2313 582 1363 2643 882 661 475 2706 123 1227 2150 1916 986 1797 2268 2194 2425 1858 619 2346 732 1284 1757 980 2841 2261 521 1537 620 2712 1884 1200 2168 1387 459 1995 122 1380 1267 724 1844 38 1285 1250 2617 181
000637.jpg,2066 2113 2178 1389 1115 1213 304 2546 1019 1951 1685 485 1306 1394 954 2022 63 727 658 545 1361 589 2249 1712 1760 2000 1451 1559 1300 16 2409 1333 1161 1353 2054 1447 44 1513 761 2787 924 824 376 483 2540 426 1027 1773 1881 646 2016 2841 853 2216 724 1847 1727 1469 2245 2129 1749 676 2589 2779 1785 1178 1288 443 2024 1593 1322 1244 1346 2555 2816 2179 2043 1674 240 2111 1804 110 594 1263 1502 2317 2437 1891 1308 1113 624 1082 2567 1535 1090 2475 2003 1666 1703 1817
000638.jpg,1896 28 1563 505 238 2500 1532 2674 458 2250 734 2099 2181 2479 587 2819 523 152 972 313 1827 1376 849 1741 671 2552 1339 330 175 503 2283 2365 1680 2193 696 2119 1704 2228 1655 1117 1831 705 2764 2370 2191 633 711 2052 772 2028 532 847 1335 1956 2236 2177 2689 92 81 1475 927 2716 2698 2144 268 2527 2322 354 1706 2557 653 68 131 33 464 602 806 2592 2534 1297 1111 1011 120 999 1708 1755 1746 2062 1730 1789 159 1917 2742 1472 1875 261 2715 726 2812 2687
000639.jpg,2018 2146 2284 2008 764 719 2551 1289 1493 190 1403 1577 35 723 914 1534 1351 1204 1157 2582 664 539 1997 1915 303 1359 2824 862 1751 615 343 2209 2585 1566 869 206 1136 2225 2067 276 1772 528 233 98 592 2603 450 776 1368 809 2110 2081 1226 1066 1367 1239 763 40 2462 2658 2410 2349 2536 812 512 2379 2097 66 1250 905 1271 982 2459 1209 2559 1210 1819 1820 488 1651 2361 2026 1206 1851 2426 1963 930 1745 492 2264 2334 738 938 411 701 2157 652 496 2823 353
000640.jpg,1749 1353 1300 483 240 1727 2555 834 824 646 2058 1161 1685 1513 2066 954 1361 2437 1672 2178 1559 1773 2113 1451 2000 2249 1847 1760 465 2054 2787 1795 1277 376 658 1389 1836 1593 1447 727 1115 1951 44 1990 1712 2409 2016 2700 589 1178 2129 1306 16 485 2111 2540 792 1804 924 1502 34 832 1535 1714 2317 22 2109 761 1171 1346 2296 1214 29 1116 2567 1469 2422 2523 2179 2222 2118 1113 980 2245 1995 2216 1713 400 2203 1401 751 1322 47 2180 789 594 1288 214 915 1044
000641.jpg,1255 986 123 882 1757 2150 1365 2387 932 372 698 796 1477 1911 568 1200 2151 2012 1548 1697 1236 1001 1153 2380 1600 1474 2449 1188 334 1012 1139 1696 2706 1541 1406 1747 2245 448 1267 1113 820 2572 1227 1346 750 2677 249 1263 829 2350 624 1659 2261 2167 2318 2115 1380 1603 2038 909 629 214 632 2514 1049 1761 536 2267 669 122 1322 411 2823 1525 637 269 2583 2425 933 400 1560 1661 742 1073 2348 2109 2168 1400 275 1243 1387 1866 1479 2216 1084 2831 1431 8 946 1120
000642.jpg,152 2819 458 1532 2479 1339 849 1827 313 1741 847 587 734 2674 2365 2283 2500 972 696 2557 81 1896 2370 175 2716 2119 2181 671 1563 28 2250 2534 2552 2689 2228 505 1376 2099 705 92 330 238 2191 2742 523 1704 2527 354 1708 120 1680 2177 532 1956 772 503 711 2764 2028 2322 2052 2193 1117 2698 1917 1746 633 2144 2244 1932 1111 780 33 1831 68 2592 1164 1314 2681 268 131 1297 1655 504 1216 1011 602 699 927 449 1475 1755 2236 1109 2059 1037 653 806 418 1568
000643.jpg,1057 2437 1836 1672 1449 1749 44 16 2317 1447 376 1469 761 2249 824 1990 1620 751 603 834 1732 2555 2111 1116 1713 2700 2058 2275 1450 1727 1678 1073 830 1714 683 1482 2080 1224 1178 863 269 1523 1277 339 1548 1147 946 2518 205 1044 2194 2422 47 2180 1838 1535 832 1646 1036 2523 1380 350 1244 441 1425 393 2239 104 2791 2167 1200 2129 1353 2030 2268 83 1032 762 2695 1082 96 1790 34 2245 2136 1709 661 1517 2096 1456 1308 2831 2313 1090 2383 37 1120 1267 187 476
000644.jpg,2819 1532 2479 849 587 152 458 2365 2500 1896 972 2181 1827 2674 2283 2716 313 1741 2552 2370 734 2119 1563 1339 81 175 2099 2689 28 2527 2250 238 2557 505 1376 705 330 847 2177 523 2191 2534 696 671 354 120 2742 1680 92 2228 1704 1117 2764 2193 1314 2144 1111 2052 1708 2681 1543 1164 2322 68 602 1109 1873 1746 503 633 2592 2199 699 890 968 1852 553 2306 326 772 2715 771 1955 159 261 1011 2610 131 711 2265 872 1831 1917 1297 1655 2698 2237 1974 653 1332
000645.jpg,614 2072 1137 1207 589 485 1175 1306 1951 658 727 714 898 1558 1087 1166 1361 1928 1334 1798 962 1213 1333 1197 304 2022 2323 1230 1786 93 63 1106 395 1561 1971 1257 1590 2787 2644 895 572 2546 1298 803 2656 2149 529 1228 251 374 1801 545 1427 646 364 2040 1785 1900 1693 215 1683 182 634 581 436 341 2504 789 76 2381 737 101 2242 1743 1597 1394 149 1346 2542 2277 1483 989 1091 2759 695 291 1451 1176 2579 1343 132 983 617 2495 1180 2324 2699 2493 2827 1883
000646.jpg,2669 2025 192 61 225 207 1787 2794 654 2396 2070 1781 2280 239 2164 2091 49 525 408 245 2173 1282 139 383 838 1141 296 356 1780 2311 1127 209 1506 1356 822 2137 1248 2232 1505 252 625 653 679 2806 1124 2053 2531 455 1037 1435 1216 1262 346 1140 268 2470 1022 449 452 1481 2236 1299 1168 1024 295 1568 52 418 1918 2687 113 2142 1829 2765 131 1475 1789 580 464 1831 1293 1275 1503 786 806 1875 1097 936 927 241 430 2279 2821 858 1662 331 1822 2244 402 2465
000647.jpg,2210 2520 13 640 1272 2671 1038 2421 1949 323 2578 865 729 2083 933 1952 571 2640 1266 370 1268 432 2828 1399 2221 1070 1065 2108 2031 1374 1562 964 2602 2387 1668 979 340 2786 2568 476 2227 1188 1227 2415 332 955 820 2333 1686 411 597 2029 1256 429 1418 306 289 285 21 2423 396 199 417 1858 743 2743 468 1890 554 2261 302 878 1888 2169 1398 42 1430 986 400 2260 893 38 2493 473 2278 78 886 2573 1761 868 592 783 1462 40 1255 802 2313 2829 2449 2216
000648.jpg,2359 281 986 1757 396 1255 1371 2627 1198 1184 84 2494 1205 941 1462 2030 1144 117 1219 594 1687 481 1641 629 750 214 334 1987 1183 1139 2387 1603 924 1502 2203 1979 1922 2141 1423 40 2483 2348 2823 2152 1400 820 2502 167 2179 1250 851 2060 1882 1197 2443 815 2678 1245 905 496 189 2086 938 1960 2410 1166 488 1605 1334 244 1199 790 1928 1217 1206 2493 1226 1616 1820 956 2620 1488 1962 454 896 2573 2761 2197 985 1726 636 2324 1412 2503 1927 2216 713 646 251 2554
000649.jpg,2045 2023 1584 2755 258 747 770 1320 2545 2034 1796 64 1569 1948 1029 1096 562 2352 463 2289 715 1416 100 51 2631 439 1895 1417 860 1788 48 305 2721 1586 1640 2130 1993 2272 161 2837 1051 497 1710 1617 433 1701 2650 1319 1636 611 2836 2735 2556 1552 1328 2815 2482 440 712 1362 1381 1407 992 2713 1544 2707 2767 194 201 1045 1782 1316 155 169 550 2050 1218 2564 1649 2439 947 2649 1897 1870 2628 2454 2011 197 1261 1496 1489 2241 622 2724 1422 26 1190 1658 2753 817
000650.jpg,1346 2129 853 485 1535 676 589 1306 832 1951 2409 2016 1361 658 727 1451 1559 2000 2054 1197 465 1263 1322 2540 1195 2245 2003 1685 954 2387 1267 1869 44 2463 624 724 1207 2787 378 347 1406 1757 1334 2490 986 409 2072 1620 315 915 1447 2475 1389 2514 1012 1236 1165 2170 2325 2154 123 1958 1501 16 426 863 2302 1594 1001 750 796 2701 249 1482 1300 1116 1113 824 2113 1352 1162 1750 334 191 376 725 2249 308 2350 2080 110 1881 1225 1137 882 2107 1654 1557 339 1173
000651.jpg,1742 243 1370 1554 1396 813 1105 355 2696 2257 1331 1673 1614 337 921 2064 2458 1384 966 1495 2660 487 2600 1705 1290 1681 942 2085 908 2259 1017 2282 2782 54 1518 542 710 2543 446 1567 662 1909 1002 1613 530 1301 2140 1058 2796 975 1978 984 2392 451 151 7 2793 2262 1119 2405 320 2416 2336 852 1946 513 1519 186 2147 254 416 2593 144 1642 1455 2170 3 1676 301 2299 632 1958 2394 1247 875 25 2490 1036 2452 392 2318 2341 1170 2746 568 2636 2658 311 1152 1985
000652.jpg,941 2152 2502 2841 84 214 2348 1605 1139 1171 2567 744 22 1214 2060 189 924 909 1602 2203 2404 594 2706 2554 785 894 1632 2179 2030 1866 510 2705 1397 1953 2620 1205 300 1603 1766 1502 2521 1889 2153 148 1283 1922 2448 2160 1400 986 1757 2591 398 750 959 807 2079 1761 334 333 335 1255 2230 1217 820 2725 971 448 20 285 2216 163 2425 2047 2261 1188 466 1227 933 1019 2573 306 2387 620 2498 1696 2089 1061 411 2449 2313 1671 2823 1346 956 1175 1041 2526 646 1858
000653.jpg,2318 2420 1479 1387 1682 1200 796 1911 144 2691 320 2355 630 1718 852 2362 2593 850 1267 1504 1676 2156 2512 222 2132 2642 2262 946 2147 1321 666 599 629 1380 2446 1933 1621 1817 1098 2677 836 1263 1519 2537 2071 1750 1305 99 1285 306 2636 897 1548 1697 1002 632 298 907 915 1790 724 1659 2096 1170 2245 2432 136 543 1638 1709 2514 1717 69 1406 2392 1205 2655 1501 984 980 1006 2342 2014 2452 829 2706 1582 1537 908 1510 1700 1036 854 355 474 1525 624 1082 1384 2203
000654.jpg,2267 2380 1236 2668 176 427 292 2451 2217 2384 1553 1033 901 1521 555 698 1393 1429 1431 1754 2629 839 2038 36 1492 933 2032 1793 2798 500 536 1699 828 733 377 2090 2428 142 193 56 2078 1053 988 1049 123 2150 2120 853 2387 2335 1952 866 932 672 986 1189 358 882 311 875 2083 1255 1628 1717 1132 680 2793 1886 2163 2636 1588 1263 1757 1707 7 2795 2655 823 975 1910 1477 413 399 2416 1682 2328 1225 1747 2686 1764 568 889 2154 338 2310 742 1233 2667 887 1074
000655.jpg,2268 1697 2167 2823 459 1995 1911 1456 115 2222 1082 1188 122 1284 1308 411 922 586 1502 372 980 2030 189 443 1865 620 1380 1205 1006 37 759 309 1884 2791 2573 298 2313 2060 2179 1032 1090 2118 1570 2623 1285 829 2554 1153 1260 2303 1858 1797 96 2153 2245 1661 1200 732 1610 661 946 2263 1280 205 2203 1659 915 23 1525 1763 2168 2128 807 894 546 1501 724 2216 333 2425 834 468 1217 473 1015 327 2677 306 2514 1560 1632 2643 1817 1582 285 1080 2249 136 275 413
000656.jpg,1001 2350 1810 2583 1075 2509 249 2121 67 627 1012 202 1406 1212 137 165 116 1606 2558 1130 2292 2258 1841 1825 97 362 1728 2295 2305 1757 1986 135 1940 634 2224 2413 1931 1928 2638 1597 1448 1346 1689 2472 1383 2408 986 1478 637 1035 1590 1197 855 184 499 1265 2493 1839 754 1334 2506 1533 255 2220 1296 76 2151 2526 2560 1166 1390 2089 558 2354 213 898 1558 2680 1962 540 1255 359 1231 739 895 967 2561 2566 707 1498 2324 2299 1670 431 1312 112 783 1945 1616 790
000657.jpg,196 2474 585 353 98 1643 776 1625 233 2256 910 701 2353 1042 2067 2081 1819 1864 869 1600 1188 1227 476 820 1221 1963 1541 2261 285 2462 2027 2194 661 732 1797 2643 829 546 759 1153 1761 411 956 669 1697 922 620 1909 2012 372 2425 446 1916 1702 813 1603 582 2168 807 1858 1260 1105 1108 2313 475 468 2334 662 6 2793 229 2361 2346 1456 247 2666 2810 1560 2331 2336 7 2043 1058 1554 2696 122 1396 1808 1757 1865 2816 1083 1696 2841 1891 153 2167 2416 2507 1904
000658.jpg,2786 2227 979 340 332 571 1065 1256 2743 2029 554 1562 1418 597 1686 176 417 868 886 1890 289 1888 2108 21 199 429 62 1398 432 2333 681 2415 361 1268 1430 802 2568 893 878 743 302 1393 2423 78 1266 1952 2221 1399 2578 2640 964 1038 729 1070 1374 323 2031 2671 2421 933 2828 1668 2520 1949 1272 2602 640 2083 1033 2224 2210 13 865 2387 2668 1197 1219 1757 986 1035 1245 2775 1255 2410 2829 1839 488 714 2493 370 2350 1346 2295 985 1001 460 214 707 2348 1928
000659.jpg,2769 2454 1870 348 26 2649 925 480 1369 2538 2714 179 550 712 2130 2050 1417 1788 1422 1045 518 860 735 1617 445 440 2840 1489 2289 1701 2011 1710 1172 463 433 1552 562 197 1328 161 305 2375 1983 2650 2676 2088 645 1029 1895 1993 2241 64 259 260 635 2574 2721 1640 2352 2724 1146 439 1569 2544 51 1624 2419 134 826 1190 2044 524 1796 977 611 2148 48 1208 2707 1092 168 2826 2564 715 563 556 1486 1948 2082 2631 155 1584 169 283 2652 100 970 613 1319 194
000660.jpg,1159 2063 1815 403 837 2455 1009 264 2484 1122 352 1589 2138 2092 2399 2844 1814 1520 1025 577 2833 267 299 2371 667 2731 2189 969 1982 2797 2648 90 1 428 2727 1925 2139 2269 2412 307 1735 2710 234 891 1619 1291 1238 2486 741 2776 961 846 2403 2576 127 1509 2100 1571 1539 1572 2635 1939 2783 1349 1270 2385 2094 2255 2175 1863 1258 226 262 511 888 2431 17 349 2811 913 1622 1803 2226 1530 1618 1338 2338 814 573 879 641 2595 2473 1549 2481 2339 2246 1540 1615 1630
000661.jpg,2229 570 294 1930 1665 2125 2327 1575 2456 746 689 1792 1664 1724 1358 2004 2186 2174 210 1580 2330 1861 1034 1375 1758 2461 1234 57 2418 280 793 756 1859 1276 1392 493 2838 2374 366 797 1072 1279 704 859 421 1765 583 228 663 2694 548 77 1196 2672 976 133 1776 2662 150 1457 857 1947 1030 588 158 2548 1193 2332 2039 1887 422 2590 798 2581 1350 656 1043 720 2206 2541 2739 242 801 1086 1551 1877 2659 880 934 438 2187 2468 2321 2431 885 1576 82 2155 1229 287
000662.jpg,2517 1684 1440 2185 1129 143 2298 2363 795 2529 2524 386 1411 718 2584 2460 557 2271 1694 2104 697 1215 273 2619 958 1514 879 2801 810 1366 1445 1619 30 1242 1863 71 787 2444 2246 1360 1480 1630 638 969 1925 1939 1982 2844 1816 1660 2468 2431 2633 385 2385 1294 2175 2607 551 814 667 2139 2616 1539 1270 1629 127 1446 2833 2710 1324 1509 641 991 1803 1373 665 1025 1652 147 352 888 1112 1295 1059 262 867 1258 741 2226 1807 685 2595 2481 342 2771 2783 2231 299 267
000663.jpg,1779 2145 1385 406 1992 773 2102 2763 519 1871 1526 1707 1969 1007 1442 1511 1894 742 2516 1645 1325 1138 1731 2613 1800 186 535 1527 2377 257 937 605 709 392 1040 811 253 365 336 301 730 2830 678 1020 1455 1516 1424 2680 338 821 610 435 1581 870 1110 2341 544 2095 2219 1966 1311 1850 1783 410 1068 1131 248 1794 1466 2243 2417 648 1243 2492 774 1142 1094 1379 881 1419 2087 2151 1968 2299 673 593 434 2364 1718 800 2251 2519 2549 1670 2609 2788 2730 2331 2697 568
000664.jpg,783 1093 1343 949 2737 1856 940 2441 1004 1914 2785 2112 617 2827 407 540 2242 983 596 95 1561 1999 1683 2745 310 2190 2202 1898 1103 341 88 1091 2542 1743 695 777 766 328 1996 1476 132 2238 1176 198 2114 2413 2759 737 1693 1230 581 1801 2644 2547 2504 1434 75 2295 60 529 989 558 2040 364 230 135 2323 576 572 1334 395 2497 291 1087 63 905 1298 101 1333 1448 789 962 1304 1798 1631 2489 1900 2022 926 803 182 149 2149 1846 1228 1207 2656 2277 2579 2281
000665.jpg,1753 1125 2777 2772 2510 70 2077 2478 2561 431 1839 1035 1390 601 2 2663 1759 2757 1075 2323 1810 529 2644 962 1798 634 502 1207 1801 395 103 714 2471 2583 1334 1114 898 1137 2759 1333 2532 284 1928 2601 2242 374 1767 1908 1597 702 2277 1558 461 578 2072 581 1166 1830 251 1087 2350 545 1590 2299 1394 1001 1427 1986 65 2504 2699 72 1106 1608 1310 1689 789 1821 2022 436 1230 903 2829 1107 1346 803 1976 1197 2656 101 737 1257 2040 76 2495 614 2381 895 2493 783
000666.jpg,2045 258 1584 2755 2023 770 1029 747 860 463 1362 1993 2735 1701 1788 992 1417 1617 1897 1096 2721 562 1552 1320 497 1796 2076 1586 1208 715 2034 439 1948 64 155 259 2011 906 2046 712 1319 1416 100 1569 622 305 547 2631 1190 1627 51 2753 85 611 2724 2289 134 817 1045 1624 606 2544 1307 2840 2241 1328 2454 1710 900 2419 1489 1895 319 1381 2676 197 2538 2707 1544 1640 188 1658 675 2836 1422 2837 1051 433 550 2482 2628 674 556 440 161 2130 2650 2084 48 1414
000667.jpg,213 2408 1689 1597 634 2638 707 558 135 2295 2413 754 757 1728 184 2354 967 783 1849 1231 473 1394 1448 520 1478 1801 2566 761 2472 1631 1265 540 1945 2725 424 1296 1269 2277 1904 1898 19 375 1093 2404 2508 1383 1061 1312 1931 2464 529 498 1889 80 1839 1766 739 1035 119 752 388 2351 232 2751 1722 1733 2615 898 1867 545 2169 2224 1529 425 163 1984 1533 1087 1228 1558 1785 2756 306 1426 957 304 1401 1757 214 149 2644 411 2022 1333 2323 2021 637 2567 63 1298
000668.jpg,293 1346 2387 2583 986 1757 646 2539 1001 2350 1952 2151 1670 1466 2808 2787 1255 820 334 2299 750 255 1603 1329 853 1931 410 2089 1041 2680 1175 1442 1761 2224 214 2570 761 535 1188 1330 821 411 2823 870 2047 1227 637 2220 2348 1904 2083 2839 1791 476 2526 2449 400 437 1061 359 508 933 807 994 1205 1019 306 1139 473 2030 594 2508 608 163 2620 744 1872 2009 981 7 2573 1766 2521 2156 959 785 2404 2060 308 691 453 1502 526 2625 1740 1922 997 2179 2725 752
000669.jpg,2226 2298 1349 2541 969 913 1684 234 1025 1572 2727 1 1360 1618 2246 2834 1520 2399 1630 2175 2710 2444 511 1540 2340 352 2517 2215 2158 1514 2339 2709 2524 1539 1215 46 414 2466 892 697 1615 1129 2185 127 958 342 223 2473 2635 349 2783 551 307 143 154 2619 1059 718 1294 2801 2529 961 2138 1440 685 1270 1862 1571 2844 1446 71 2363 267 386 2063 2460 797 2584 2104 1258 638 17 1815 557 1411 273 795 2271 30 837 2513 1159 810 1445 787 573 577 2403 1939 2385
000670.jpg,372 807 1865 750 1153 1603 1697 1260 2313 820 334 1858 1456 1541 1284 285 1188 922 759 1221 1761 468 2387 411 1285 2268 122 6 1227 546 2167 37 1015 2823 1884 629 980 298 1082 2261 2194 2677 1570 2425 586 582 1911 459 1560 1286 1308 973 2118 829 1844 1763 1610 1090 956 2643 448 1797 1891 2666 1380 1916 1537 476 443 1387 1995 1032 620 661 229 732 1502 2216 2222 2554 115 475 669 506 2060 309 796 191 2346 275 2567 2303 1217 1165 255 1084 1703 1139 1661 986
000671.jpg,620 1083 1702 1260 181 2643 732 759 285 807 2313 1858 2807 468 2278 636 1318 582 1536 1882 1797 2476 2425 6 2261 1188 2816 1227 476 2171 546 2043 1761 956 2678 411 2810 189 42 1723 2153 1603 2048 396 894 1726 1221 820 905 2060 2627 1856 419 2522 45 1768 2823 2761 2554 40 650 2688 1139 229 1364 1064 1251 1880 1916 1960 475 2720 1846 2705 2489 95 281 2346 2056 2386 1987 2733 2441 2202 2760 644 334 750 957 1371 594 2449 1596 1914 1198 2608 2182 448 2203 1632
000672.jpg,729 2578 1070 2031 2221 1668 2520 933 2798 865 2602 1374 2210 1038 2640 2828 2629 640 1429 2421 2539 13 964 2671 1272 1949 1399 2428 377 2083 828 323 1266 1952 979 2786 1255 2120 370 2227 955 986 2423 340 289 1757 554 1686 743 672 1562 21 2743 571 2678 2387 1256 1888 78 302 868 1204 2029 2038 2141 893 332 1726 1890 1754 2503 1065 597 1802 432 1337 2582 1371 1856 45 905 199 2448 476 878 417 1183 1880 1398 681 2220 1960 1144 396 2415 2247 1596 1536 2807 1418
000673.jpg,2669 2025 192 61 207 225 1787 2794 654 2396 2070 1781 2280 239 2164 2091 49 408 245 2173 525 1282 139 838 383 356 296 209 1127 1141 2311 1780 2232 822 2137 1506 1248 1356 1505 653 455 252 1262 625 2531 268 2806 679 1022 2470 418 1435 1568 346 1124 113 52 1481 295 452 1037 449 2142 2053 1216 2236 131 1024 1140 1875 1275 2244 806 2765 331 1475 1918 1829 241 1503 1299 290 1168 786 430 1293 1929 1831 1274 464 1097 580 2687 402 1789 780 2821 858 1692 1843
000674.jpg,1879 394 2093 1906 2049 1981 1604 631 1237 607 2596 1613 1518 530 1239 2140 1058 813 1301 1290 1017 446 451 1567 2357 1566 1367 2369 2664 1271 1739 2747 528 72 512 2282 2796 2559 791 1330 1000 255 2042 2618 1368 460 916 2252 2026 2089 2459 1695 1904 1893 1210 1853 2560 50 566 982 821 660 1466 612 694 855 2156 7 871 174 2469 870 2349 731 2573 1757 2775 2196 637 1508 763 164 1309 1498 664 729 571 156 360 2098 2843 227 2225 2680 94 1047 2097 595 1044 1415
000675.jpg,1663 1328 1444 1617 947 712 1045 1782 2836 1679 2130 2241 1489 2707 1623 1993 169 2050 1422 1369 1054 51 2011 1710 2837 2454 860 900 2840 2767 445 735 197 1381 440 1417 2649 1649 1552 1701 179 1658 1486 1437 2289 155 1544 1640 645 550 1796 480 463 305 1029 26 348 1870 1218 2439 2714 2769 260 134 925 1569 562 433 1208 1948 259 635 221 1416 2826 563 1096 559 817 1934 1307 2721 2419 1788 2650 1405 188 2082 2832 943 1624 100 2628 312 1261 2133 1926 2652 556 64
000676.jpg,807 1260 1603 820 750 334 1761 1858 285 2313 2387 1227 468 2261 1188 956 411 476 372 454 620 2726 1139 1882 1744 2162 2060 1610 1171 650 1199 167 375 189 163 1061 2567 244 1723 40 744 1987 1637 2751 1214 1766 2404 2425 2171 229 1371 1616 905 1515 2043 425 2810 396 84 941 592 2476 117 1916 2278 214 851 38 22 815 388 2841 2502 2152 1205 844 2348 281 2203 2816 2410 448 1865 2627 2823 1605 2351 1144 509 1219 1397 2346 473 475 2554 1502 498 306 957 2216
000677.jpg,2454 2769 26 348 1870 925 2649 1369 480 2538 179 2714 712 550 2050 2130 1417 1788 735 1045 860 1422 1489 440 1710 518 1701 1617 2241 2840 197 1328 2289 433 1993 445 305 2011 51 463 2375 562 1172 161 1029 155 2650 1782 2837 169 1640 1552 259 260 1569 1656 1840 2721 1663 2836 645 2817 1624 1934 64 1895 1796 2528 1444 2826 947 2439 900 2088 817 1644 769 2544 1146 1544 1752 970 524 611 2707 489 2200 312 1983 943 715 48 556 221 2044 1319 1092 188 2148 100
000678.jpg,1752 1545 1146 312 2832 987 2389 1102 221 1405 1624 1934 635 2790 4 2501 2411 85 1407 943 1656 2528 556 1644 2817 2082 1926 626 817 2300 59 188 2069 826 2270 1386 547 2044 1737 611 1202 1422 1617 1319 440 1316 2367 2840 613 283 712 950 735 550 2837 169 1552 445 1636 463 2836 2241 1983 2419 2050 1045 2011 1782 2133 1328 2424 266 947 518 2826 2148 2477 1649 259 1092 977 1468 2544 1190 900 1029 2574 1796 2556 2397 2652 155 1878 2289 260 2631 1444 2312 1993 2454
000679.jpg,2425 2197 42 2476 1474 1108 1671 2823 2313 745 1560 8 468 959 2831 229 325 2705 1858 2706 1844 1703 882 785 2216 171 506 236 1286 1032 123 986 1797 2449 2608 1288 2535 2150 565 2401 2182 2760 1757 621 1251 1227 476 2194 1363 1153 1364 2261 2079 189 829 661 300 2571 1188 309 2060 1255 1761 1013 1927 285 1865 637 1603 894 1336 669 255 820 1199 96 1283 2278 419 1090 2089 2612 2160 183 1697 2109 762 1907 971 1541 521 1217 45 448 1064 1315 2168 759 997 334
000680.jpg,1663 1328 1617 947 1444 712 1045 2707 2836 1993 1782 1679 2130 2241 1623 1422 2011 169 1054 2767 445 2840 2050 2837 51 1552 1710 900 1489 2454 1381 1649 197 1369 860 440 735 2289 1658 645 1486 155 179 1417 463 1029 2649 260 1640 550 1437 2714 305 1701 259 1796 1544 1569 562 1218 433 480 2769 1208 2439 635 134 1948 563 2650 348 1307 2826 2721 1870 26 1405 2088 2133 925 1788 559 1416 2082 1261 2631 1096 221 1190 2544 2419 188 2076 943 2538 2652 2832 439 1253 312
000681.jpg,1442 2843 2516 2299 855 2151 1325 1670 749 1526 1466 1498 112 2560 870 821 1309 535 1511 2680 1634 410 2196 94 1271 1969 2559 1209 2618 528 1390 1210 2711 1779 923 2179 986 594 2145 1854 1502 1613 1219 871 7 2658 566 2829 660 1250 1184 360 1641 878 2304 2664 1979 2483 2122 1000 1853 2679 1739 2469 2449 1075 1981 1488 1605 579 2443 1255 488 813 2387 1903 664 1237 1385 743 394 2596 791 1695 406 1784 21 2653 302 1508 11 1529 174 2583 905 1757 1256 1528 631 567
000682.jpg,751 2437 1836 1672 1057 824 393 1244 1178 1678 1353 1732 1714 1147 1116 1713 1120 1749 1990 2000 2518 1224 1559 1389 2752 371 1073 863 1300 2136 1685 2275 683 954 2020 44 321 1646 1690 603 1869 2317 2129 1115 1195 830 2180 774 1620 2249 1450 34 483 761 2700 736 1308 2492 2630 2111 145 378 339 924 1850 1593 1950 2243 1451 359 2417 2680 1014 1006 1082 1467 1913 2422 1174 2802 1727 2178 1028 2555 2073 2563 1943 2326 469 2296 1523 1094 2087 2787 1919 993 2005 2360 2167 2621
000683.jpg,2510 70 431 1753 1125 2561 2777 2772 1839 2077 2478 1035 1390 601 2663 2 1759 2757 2323 1075 634 2532 2644 1334 962 1810 1798 2583 529 1801 395 1928 714 2242 1597 1166 1207 898 702 502 1767 103 2277 1558 1114 1333 2350 2759 1001 1986 1346 2471 374 76 1427 1137 2072 1908 72 1689 1590 783 364 1087 1830 2295 1230 1728 2324 1197 284 1107 251 789 2699 461 581 101 1821 739 436 1683 2504 2601 1257 2299 135 737 2040 2022 2787 2829 1176 2381 695 803 578 1298 65 1900
000684.jpg,1721 2809 1876 1473 12 1439 1406 249 2051 1012 637 2057 368 2719 1725 2291 2509 202 627 1817 2499 2657 136 1931 2435 2622 574 444 692 1874 67 1001 494 1501 1223 1881 2683 2583 447 657 255 2183 482 1557 944 128 2589 2089 2350 2598 2438 994 2708 2599 1582 1548 915 2526 1757 2704 1886 1165 2308 677 531 682 1902 882 1088 2712 608 2319 1433 2766 521 1711 123 274 442 2220 2302 1477 854 1833 1479 2436 508 2762 598 2686 889 939 2150 2154 2617 2475 1263 864 986 1654
000685.jpg,2045 2023 1584 2755 258 747 770 1320 1796 2545 2034 1948 64 1096 1569 1416 2352 48 562 439 715 2721 2272 100 51 1895 2289 2631 1029 305 1051 161 1640 1586 463 2556 1636 1788 1417 2837 2815 1316 860 497 1993 2130 2713 1617 2836 1319 194 611 155 1496 1552 1649 2628 440 1381 1544 2650 433 2735 2767 169 201 1218 1782 1407 1710 1261 2439 1701 712 1860 1328 2050 518 947 1045 550 735 1965 319 2241 1658 2564 2482 2652 2707 2538 2454 173 817 1362 1422 2649 1897 2376 1870
000686.jpg,105 416 1778 2394 1946 11 883 2331 301 1419 908 1002 490 434 243 144 937 2452 632 2458 1040 673 2697 544 7 2549 605 1495 1170 151 2830 1527 2417 1133 1138 2005 365 2718 2377 1968 1966 717 1455 1731 984 678 516 593 435 1573 392 1978 1247 519 2793 1325 318 1331 248 2290 1347 2219 821 2102 1424 1005 1020 355 1105 568 662 1077 2730 1581 1152 874 1614 808 2519 2600 257 1142 1311 535 1621 2788 1673 2364 1442 2095 337 406 773 1119 513 1396 975 2251 966 1036
000687.jpg,1334 1137 2072 1207 614 374 803 1197 1798 714 962 251 2323 1558 2381 898 1230 1087 395 572 1427 2644 364 1900 2040 737 1561 215 101 436 2504 2542 529 1883 581 989 341 1166 2579 1801 1928 2759 1683 766 2238 789 2114 1590 93 2242 1257 1298 1786 1106 895 2277 545 328 76 2787 1971 1333 646 1213 1394 63 2656 1898 407 2022 1228 2149 304 1091 2546 1346 2495 1357 1693 1180 39 182 1785 1743 926 1176 589 564 132 617 1306 1175 634 485 695 1951 1093 1075 291 2288
000688.jpg,2458 1495 966 2085 2600 2543 1705 942 487 1384 1681 2660 337 908 1290 921 1017 1742 1331 1673 1614 2262 2392 2696 2257 1518 2064 1370 852 1554 2282 243 1002 1396 1978 355 813 984 1567 1105 1119 446 54 2596 542 2259 710 1301 2140 451 1058 530 2782 320 2796 1676 1519 1036 2147 1152 151 2357 662 1479 392 2420 1909 2318 568 186 2593 318 1455 1718 1263 301 1682 2299 7 1200 1779 1946 1385 1077 2132 2405 2416 2170 416 1442 975 513 1717 1750 1170 1613 519 2793 946 1992
000689.jpg,1440 2185 2517 1684 1129 143 2298 1411 795 2529 2584 386 718 2524 2271 1694 2363 697 958 1514 810 2460 2619 1445 557 71 2801 1215 273 2104 30 1360 787 2246 2444 1630 638 879 1242 1939 969 1366 1619 1480 1925 1294 1863 2468 2616 2844 2175 1982 2385 2431 1539 1816 147 687 1258 1324 991 385 1295 1629 2595 1446 2139 2710 1059 888 1660 342 1807 127 551 641 667 2833 814 665 1373 1270 1524 2633 1652 685 2776 2607 262 1803 1112 1509 2771 472 867 1947 2731 1025 741 2226
000690.jpg,1477 509 2404 609 2725 1766 2457 2464 1889 844 1696 1515 5 744 957 2115 244 909 1616 2128 2448 1953 1139 1602 1866 1426 214 592 2348 2109 1171 43 2751 971 2567 1199 2706 22 1365 2841 466 2688 1214 2188 941 1757 1661 84 1802 123 1108 2162 2572 498 1255 2150 2726 375 986 785 1744 669 1605 2124 882 2169 956 1596 1761 2014 1227 1326 1541 820 1283 2498 473 1153 1371 1084 2502 1882 2408 2366 106 448 40 476 1603 270 829 425 2720 454 2823 2261 807 2197 1987 1487
000691.jpg,820 750 1603 1541 334 372 2666 1916 1891 475 2346 2816 285 2043 2810 546 807 2171 1221 2387 1153 629 582 1697 1761 6 1865 922 956 1188 2677 2194 1227 1260 37 1763 411 1285 829 661 2261 1456 298 1570 973 759 2313 1090 980 586 1082 1858 1263 1284 1308 1139 732 1083 620 1884 594 2643 882 1015 1537 1702 1750 275 1380 2514 468 2167 1995 2245 2118 443 1797 946 2518 2841 2179 476 1073 1502 1006 1501 924 915 2667 796 123 1080 351 1757 944 669 907 122 2475 1406
000692.jpg,1721 1876 2809 1473 12 447 2728 1931 994 1055 864 2291 494 2719 2766 2207 526 574 2057 608 2435 2683 2294 1056 725 2526 508 657 274 677 1439 692 1725 2438 2708 249 1899 1944 1874 1892 1406 2220 1012 2622 627 1223 1677 2051 1881 1165 2825 368 482 271 2589 2736 1942 944 1408 2089 2183 1185 2499 204 2319 1817 1557 2302 1902 2741 2315 682 128 531 202 18 67 1463 444 1868 1433 1771 1759 315 939 2509 1777 2037 1501 2580 1833 136 2625 2583 2686 522 2440 442 255 1998
000693.jpg,234 1349 913 1572 1 1520 2399 2727 1618 2541 1025 307 1540 2834 2226 511 2158 2215 352 2340 969 2635 46 223 892 1615 2339 2466 349 2710 2709 2175 2298 2473 342 1539 961 2372 1815 267 1571 2063 1630 403 2444 1215 2246 1684 685 127 1059 551 1514 195 17 154 837 1159 1009 1360 958 573 891 1238 1291 1698 414 2517 2783 2138 1862 2223 2524 2486 1270 2253 2455 2844 2619 2403 1129 2801 697 2338 2100 1524 795 1409 1446 143 846 1629 600 1803 1101 264 90 2529 1095 642
000694.jpg,2018 2146 2284 764 719 2008 1403 2551 1289 1204 2582 1577 1997 1157 723 1915 1534 343 247 914 1493 1751 539 190 862 1351 303 35 7 1271 1359 206 2585 450 2824 615 2603 2361 1854 1772 2209 998 1210 528 2711 1970 1963 1246 1209 1566 2658 664 812 2304 869 2559 567 2067 382 1245 871 14 1239 233 1367 1136 778 2449 873 2379 2426 1651 1583 923 1851 2618 1745 2349 579 2019 2252 1977 1368 1507 2459 2110 2196 809 1333 492 1470 1657 1179 2022 1558 566 930 107 2097 1177
000695.jpg,1697 372 1911 2167 285 2677 1221 1570 629 2268 1537 2823 298 922 690 1188 724 1661 1285 2841 1153 2706 546 1922 2666 980 1456 1884 1380 411 37 1502 2216 122 1267 1139 2387 2032 1603 1082 829 2179 334 820 6 1541 459 2593 2691 448 2572 882 796 2222 1916 594 2118 1090 1504 1113 750 2355 475 2567 1995 924 1750 1171 586 582 1308 2514 915 1263 1763 2571 661 2245 1757 309 973 1638 2623 807 2194 2000 1703 2425 2620 1322 946 2014 1080 5 1387 1015 624 1760 956 954
000696.jpg,645 445 2011 2840 1029 1552 463 197 1649 2707 2289 1328 1253 1054 1679 1623 2836 1663 433 947 1444 1782 2735 1617 2767 169 2375 2241 134 2837 1045 2650 51 440 155 1658 712 1422 2088 1544 1993 1381 2130 2631 2439 260 319 550 259 1640 2050 563 735 439 562 965 2419 161 900 305 1486 64 1636 1840 1948 1895 2133 518 1569 1096 2076 2352 1860 2628 1218 2826 559 1796 1208 2815 769 659 1983 2272 48 2652 2454 1878 201 2082 1307 2721 715 826 173 1965 179 1584 194 611
000697.jpg,2152 2502 84 941 1605 621 171 45 2056 1064 2522 2141 2841 1139 1364 2760 1251 2182 2608 2612 214 2348 2503 959 2705 244 1616 2386 2116 1199 300 1726 1171 844 2197 2160 2678 744 815 509 1371 2591 1214 1960 2751 22 2425 2079 2567 1987 2761 1315 1768 40 2203 1013 2230 189 2448 957 229 2278 2048 335 1198 2688 2188 2620 1336 2494 2807 1907 851 2060 1927 2562 1922 1515 2476 594 333 2404 1596 2498 1184 117 1217 1979 1632 2720 420 1536 1318 636 986 1397 1757 2706 42 1144
000698.jpg,1948 2352 2272 1496 194 1051 1096 2556 1416 1218 64 1569 439 48 1261 2815 100 2721 1640 562 2628 715 1316 1860 1796 305 51 1636 2034 1965 155 2545 2433 2650 201 1584 2713 1658 1544 2836 2241 1381 1490 2439 1993 1840 1782 169 1649 2837 2631 2376 1453 2767 2309 747 1054 2289 1444 1617 645 440 2707 1328 1663 2050 947 1586 712 2840 1623 1045 1901 445 497 1552 2130 563 1422 518 231 1679 735 659 550 260 2755 2088 1148 161 2023 1253 319 197 2011 1878 2826 2649 2652 134
000699.jpg,1545 2389 59 1752 950 2367 1146 626 4 1799 1202 547 440 1552 1386 611 1319 1737 2270 2082 556 826 2241 312 134 987 1316 2069 2289 1840 2840 1636 613 155 2148 735 1993 85 2375 463 2076 1029 2439 259 2837 1544 2088 518 1649 169 2424 1878 563 1468 1407 260 188 2556 1617 1934 900 1148 635 550 1624 2832 2133 1045 977 1584 2652 2312 2050 2419 1486 965 2735 1656 1895 2836 173 2477 2826 860 445 906 817 1926 2650 2631 645 433 1788 305 674 904 1422 51 562 1496
000700.jpg,2294 1944 725 1055 2728 2207 447 2741 1056 2766 2435 2057 2291 2825 494 899 2135 1874 204 2842 692 1223 2736 1899 574 1126 442 1547 1463 2319 2511 647 1935 2580 2719 657 686 2683 2708 1134 246 2041 2248 2813 1937 2438 2639 146 2068 1185 722 677 1777 1067 2665 2382 682 1076 2569 2286 79 1439 1452 1931 1592 140 1892 491 2809 1639 329 1868 1473 804 1721 1464 627 2393 249 2051 1408 2350 368 2526 1001 1942 948 444 271 1012 1725 1677 2509 1088 482 995 2583 608 994 2440
000701.jpg,254 3 1642 2405 2170 2490 1958 66 1246 14 2536 779 652 1574 2157 2434 1136 2426 873 1745 1985 2336 765 825 929 282 2209 2001 2324 1577 1997 233 2493 1157 1346 1915 723 862 539 1670 291 2247 1751 764 76 450 2551 2824 1075 1180 821 2559 1534 615 2596 914 35 2299 2264 1334 1493 1209 303 2787 184 1245 1853 739 2560 1403 634 749 1219 1478 1351 1197 2585 1528 1204 2224 2495 2483 1597 905 812 1271 2443 1210 112 2618 707 1986 2350 1786 895 1772 2151 1498 2489 983
000702.jpg,1255 986 1757 123 882 2150 1365 2387 932 2380 1600 2012 1541 1236 372 1477 1200 334 1406 624 698 750 724 1049 2267 1958 1346 1603 1380 1263 1267 820 1479 1911 1322 909 796 2514 568 1001 2449 1697 2593 474 2151 839 2318 1521 1548 1153 1833 2475 853 249 427 946 2245 2350 2463 1012 490 1670 1750 1747 2378 2348 1866 2668 1162 1682 214 1387 2451 1189 829 2293 36 320 2677 1761 1492 555 2589 2490 1033 995 630 933 1431 176 574 1074 1553 1525 269 901 2405 186 1869 1443
000703.jpg,1752 1545 1146 312 2832 2389 987 635 1405 1102 221 85 4 556 1934 1624 1407 2501 2790 2411 943 1656 626 2082 2817 2528 2270 188 547 59 1644 2069 1386 826 2044 2300 1926 1422 817 611 1737 440 1617 1319 1202 2840 613 1316 2011 1552 1636 445 550 712 2241 2367 735 169 518 463 2836 2837 2050 283 2133 950 1983 2424 1045 1782 2289 1649 1092 947 2419 2631 1029 2826 977 900 1328 1993 2538 259 2544 2375 2148 2556 1190 155 2088 480 1444 260 2454 2574 1468 2477 1840 2397
000704.jpg,1960 40 2502 2152 2678 117 1605 2386 1198 851 1726 1184 2494 84 2203 1979 941 1371 1205 2841 592 1502 1199 285 1139 620 636 2620 1882 1723 1687 2807 2116 1400 844 1768 1922 45 420 2761 1397 1880 2048 2278 2573 1064 2522 1616 244 1515 1802 2056 594 2179 2448 2162 2030 2726 2768 1214 1632 1364 214 1171 300 1251 744 1987 466 189 1536 2141 1603 1744 22 1004 815 2261 807 2182 1318 2760 454 940 621 2737 75 2348 2153 1144 1916 2705 2554 1260 2497 419 171 894 905 60
000705.jpg,1663 1489 947 712 2836 1444 1045 1328 1710 1782 1617 197 1417 2050 1369 2130 860 2241 169 2011 2649 2837 1701 2454 735 179 1422 2840 1870 2289 26 925 440 463 1679 2707 1649 445 1381 2767 900 550 433 817 1993 348 2817 221 51 2790 1656 1624 1623 1054 1658 480 2375 2832 1644 2528 1407 1544 1788 489 1102 1029 1437 1934 943 1926 2714 1552 645 2397 2411 635 2300 305 2769 1405 1796 312 2439 1486 1640 155 260 1983 1208 2082 970 2826 1569 562 2133 1218 563 2538 556 518
000706.jpg,2122 1163 2679 2829 1903 177 816 1085 477 760 461 1155 1599 1976 2074 1404 72 164 595 1100 156 174 612 460 2587 172 2098 2775 1047 1415 2747 1784 208 2469 694 2577 731 2126 1241 1219 2645 141 1250 1628 2156 2055 453 1906 2443 2449 401 2400 1394 2163 2274 2483 938 923 111 488 660 1605 1808 1423 1023 1197 2502 2410 1035 394 417 579 986 896 2304 332 1206 1757 2559 1879 1256 1412 2415 479 924 1641 2387 2542 2299 614 905 1271 1688 1154 1986 1210 2216 2108 2421 62
000707.jpg,757 135 558 2295 1728 2413 754 1689 213 184 2756 1533 1448 1597 634 2638 2472 1478 1265 119 1296 2615 1231 1312 1383 1984 80 2408 218 967 520 707 1945 2021 739 232 540 2354 1849 19 529 2566 1269 2277 752 1898 1722 2508 1801 424 1093 1839 2260 1035 898 1867 714 1733 2323 388 2725 498 473 1529 1766 1087 2644 499 2169 2464 545 2390 1558 1394 395 783 2224 1061 729 1334 1889 1683 2561 1798 957 1631 2404 1928 2759 426 1427 24 2143 163 646 2024 2351 306 375 983
000708.jpg,1624 2528 817 2817 1644 1926 2411 2300 1656 2790 221 1934 943 1407 1102 2832 635 1405 312 85 2501 2044 987 188 611 1319 556 2082 2270 1386 547 1796 100 1569 1617 64 562 2721 2034 1640 1328 305 715 712 48 860 1417 2011 439 2836 51 2545 900 1993 1489 1096 1552 2840 1782 1422 1658 1381 1045 2714 1788 1710 2352 1545 2389 1948 1146 445 1202 1369 155 2454 2241 463 1679 1029 1437 1752 2088 1983 826 2826 1701 197 4 2837 2419 259 1737 2289 1623 1584 550 1218 947 1416
000709.jpg,2236 2053 1475 1037 1831 1756 1124 1317 805 1755 1395 1655 1647 799 1921 1140 2402 2061 927 1918 1706 1972 721 464 1789 1303 1967 1297 314 363 1568 1635 2301 653 484 1378 806 1829 390 268 1022 786 2687 1472 1275 999 1929 2059 1187 1662 1273 2693 561 2465 2505 2407 2429 782 1787 2765 108 1018 1216 2531 1274 1024 936 412 467 1715 2244 1008 471 1050 534 1143 780 402 726 2698 1097 1465 2632 455 295 1730 113 1293 1118 389 1026 1438 27 1039 2406 1262 655 1127 89 2806
000710.jpg,601 2663 2 18 1842 1390 2510 431 2561 951 1035 1834 1839 2818 1252 2015 1759 2757 2532 2323 1075 1767 1114 1810 634 529 315 1533 962 395 1334 1928 2644 702 1801 1557 578 2583 2671 65 1166 250 1821 1728 1689 789 2493 646 1986 461 1830 2295 76 1346 2299 1798 1265 1590 2277 1107 714 1427 1197 739 2759 1418 1952 684 2350 1310 2242 2472 2577 156 1442 581 1608 754 2324 1001 2388 597 2471 2504 101 1219 2622 1940 103 2542 1448 2151 1597 1975 1241 898 1257 2021 502 436
000711.jpg,2045 258 2023 2755 1584 770 747 1029 463 1552 2735 906 2076 1319 1208 1362 860 992 1627 2419 622 1320 611 1096 497 1897 1586 2724 1993 2721 2564 562 1796 2753 1190 2631 1416 1788 2046 606 1417 259 74 1617 2676 674 1569 1948 319 1701 2011 2544 2652 2732 1307 2034 2084 2800 64 134 305 85 675 188 2670 715 712 1895 51 100 2840 2289 2646 900 2837 2287 178 439 197 433 1046 1381 2707 1848 547 1983 2626 1428 1624 2307 155 1486 911 2344 2836 201 2545 1328 1051 1158
000712.jpg,2809 1721 12 1473 1876 140 1868 1886 657 2598 627 67 2657 2685 2580 2506 1027 1185 2583 255 1452 790 2436 508 1931 1165 637 692 368 217 1998 2708 677 1035 2665 1725 1839 482 686 1408 79 2589 271 1548 494 1406 1777 1067 531 1439 1330 1874 1817 722 1223 2475 1892 2089 2251 2683 2308 1810 994 2499 2829 915 442 2719 2427 2057 444 249 2561 1219 944 1263 191 1390 1075 1501 136 2625 2435 1130 1869 2122 2712 619 2292 881 2302 394 2511 1962 2037 2051 2438 2766 1250 1881
000713.jpg,1453 1490 1496 2433 2721 2556 1569 64 100 715 48 2272 562 1796 439 305 2713 2545 2034 1640 2376 1860 1316 2309 51 1901 2650 155 201 1965 1636 1948 2815 2352 563 2289 2088 260 1993 784 2826 1096 2631 486 168 194 1584 2337 1148 747 1878 440 2538 518 645 1840 2050 550 231 712 259 1617 2130 1416 1051 1381 2241 445 433 1658 2649 2652 134 2840 2836 1218 2007 1422 2358 2439 1782 1552 161 1328 1848 659 622 900 2454 1544 1428 2732 1045 950 559 2553 2628 319 169 2133
000714.jpg,2152 84 2502 1605 941 2841 117 1184 2494 1198 1139 1960 1205 40 1979 1371 2678 2203 1726 2348 214 851 1687 1400 2620 1502 1922 2573 1882 2179 285 244 1199 420 1171 1397 1987 2386 594 1616 2030 1603 621 2141 1632 2768 2162 1723 300 22 481 466 592 744 815 2060 1927 2726 189 2705 2567 1144 1214 1364 2761 2497 2554 1064 1641 844 45 171 1880 454 419 75 636 1768 924 820 1802 1488 1251 1515 2522 894 396 448 2751 2448 1004 2737 2153 620 375 940 2182 2048 425 167
000715.jpg,2792 567 118 1354 919 952 1769 1531 998 1470 2778 1791 748 1583 930 2065 1854 2491 2711 982 1851 778 923 382 2304 7 2379 928 887 1210 1179 2349 945 1657 517 808 1977 2729 1970 1578 639 1063 2559 841 2647 579 2618 1209 2682 2252 1271 515 1579 528 1651 2658 1770 1920 2225 763 2459 114 9 1154 2723 492 566 227 1368 916 2026 1367 2042 1239 2097 512 72 2122 871 1528 819 2829 460 2361 2299 776 1566 2334 2462 2679 701 1246 1667 1430 1670 2415 429 1585 1163 1344
000716.jpg,2024 426 2143 24 2430 213 1597 1689 634 1804 1719 2533 2638 2320 2408 1149 29 853 286 2673 2172 91 792 2235 707 2296 2113 2178 2014 1326 2066 1766 2124 473 2508 2725 1161 609 2404 646 1061 2054 1847 2366 376 2787 1513 967 1389 1951 163 1889 2409 1886 1236 240 1469 752 1132 2111 1685 1447 988 658 359 1602 1353 1588 1115 589 2128 193 306 727 954 1361 1535 485 1556 2078 1696 2000 744 1773 214 1125 1306 1300 142 2016 1431 465 995 1865 2457 2354 1904 536 466 16
000717.jpg,1781 2311 2164 525 2091 1248 2794 239 1356 625 654 1435 113 679 1505 1598 49 383 245 252 2232 1282 822 2137 408 2280 216 858 209 139 1127 27 2070 1299 1168 2173 782 356 1506 838 1018 2632 1297 296 2062 2402 1472 1568 1715 2669 1612 1048 1187 2053 455 1972 653 643 1780 1692 2406 2465 2505 1787 1026 1647 1216 2396 390 721 1021 1141 1635 1262 1143 1967 1097 1503 1124 655 1011 1829 449 1293 192 2017 1648 2531 2611 2236 1755 1875 580 1831 1961 61 1706 805 1037 33
000718.jpg,2404 509 2725 1766 2464 844 1889 1515 244 1616 744 957 609 2457 2448 1426 5 2115 1696 214 1139 592 2348 1199 2751 1171 1214 22 498 425 375 466 2567 2128 1605 1061 163 473 1637 1904 388 84 941 1802 2182 1744 40 2502 1477 2841 2188 2351 2354 2760 2056 2152 621 1364 171 2425 815 2726 1726 2591 807 2162 189 2608 1064 707 229 2476 2566 1596 285 1603 45 1849 1768 1269 1987 520 306 1251 1858 2522 2169 1757 2408 2197 2048 2141 959 2278 1610 448 851 1960 2060 2688
000719.jpg,1115 1389 2113 2178 2066 2546 304 1213 1951 1306 485 727 658 589 1361 1559 1685 1451 2000 1019 954 1300 2054 646 2787 1353 2409 2540 483 63 1712 1760 2022 1346 824 676 1593 1881 2249 240 724 751 2129 393 1178 2430 426 2589 2016 792 1027 1006 853 1263 1244 1308 924 1175 1674 1161 110 1804 16 2296 1082 1173 1322 915 443 2003 34 44 2136 2245 2475 2514 339 191 2779 2024 1447 1869 465 1817 2772 946 2463 1165 29 1753 624 128 136 2422 2490 995 1535 2437 1333 1513
000720.jpg,2678 1726 2386 1371 1960 2116 1880 40 851 1802 1198 592 636 2448 1199 2807 2522 1632 2263 1536 620 1768 2048 2720 45 2554 1318 2153 894 419 1205 300 1251 1364 2056 2761 644 189 2188 2278 2562 1927 1064 1013 1596 2498 861 844 2141 2160 481 1856 2079 957 1336 2688 2060 2030 2760 1315 2476 1987 2261 1139 2441 84 2203 2182 1525 396 2591 2705 815 171 42 949 2608 214 621 1515 117 2612 1004 1882 2197 1184 1144 2623 1889 1214 1171 2737 2425 2733 95 2503 509 1616 2726 335
000721.jpg,1814 1122 2092 264 1589 2269 2484 2833 299 2576 2371 2139 2455 1549 2844 428 2063 837 2776 1009 1982 2797 2731 1925 667 741 1159 1815 1735 403 2189 1619 352 2412 2385 267 891 1238 888 1291 262 1373 2100 1622 1994 2223 1295 2338 1698 1509 1807 642 1421 1366 2486 641 846 2771 879 1571 1539 1863 90 1530 1409 2403 2094 2253 234 1025 195 1520 349 551 1338 226 991 969 17 2460 1 600 2811 317 2399 2717 160 1078 2431 2635 2158 2801 1615 1862 2273 2473 1129 2738 961 557
000722.jpg,353 98 776 196 2474 701 2081 1819 233 1864 2462 2067 1963 2334 869 1643 2361 585 781 1402 809 1344 2103 276 2001 381 1625 2264 2256 871 2141 512 528 820 1204 1209 2379 2349 2026 1851 923 1565 492 1769 2559 2582 566 952 303 982 2778 2304 813 2618 1210 1751 807 1031 7 2803 1354 2225 343 450 1761 1154 919 285 2369 1508 791 579 1271 539 1368 2210 334 1603 2723 1997 910 1987 640 620 2459 763 2097 1188 515 2658 1853 1772 862 323 72 2520 1695 1949 1245 1583
000723.jpg,2185 1411 2584 1129 1694 1684 1440 795 2298 2517 143 1360 2529 1630 718 386 2616 2801 2246 1112 1446 1294 2271 2363 665 2524 958 1445 1258 787 2481 1939 1514 1270 810 30 2460 638 697 2619 557 969 1215 2444 2139 71 2833 273 2844 1366 879 1242 299 2731 1814 1278 414 1571 1982 2468 2710 2104 1925 2092 264 1619 1589 2455 1549 1122 2484 1009 1816 2541 837 2727 2189 667 2215 2403 2576 2063 2100 741 2175 1863 1480 2385 267 1776 2371 352 46 1539 2776 2231 262 1698 2431 1652
000724.jpg,2693 799 653 1755 805 561 1395 1317 1568 1756 290 2402 721 412 2531 2285 314 1972 1303 1647 1503 806 1475 2236 2061 131 1024 2565 1921 1274 452 1011 1875 89 1273 534 53 1831 2698 1918 268 2059 1039 780 858 1378 1050 467 2244 2429 1297 1022 786 1465 2765 1843 1127 484 390 241 1612 1662 999 1216 1655 389 1220 1967 495 1787 1472 2398 2232 1635 1140 159 2053 1026 753 2505 2465 2715 1715 33 113 252 1048 326 138 758 580 2632 1282 1109 2611 2316 31 1275 2017 464
000725.jpg,1268 536 121 2090 2333 569 332 1065 988 340 193 2029 571 1256 1418 2786 1686 1132 2227 1562 2743 597 2108 1588 979 199 417 886 21 429 1430 432 289 1890 802 62 554 878 2568 1398 2415 1266 2640 729 302 1952 681 1888 2423 361 1038 868 964 1879 865 2421 2221 893 2578 1399 1949 933 2083 743 78 323 1374 2828 1906 1668 2671 1035 2829 1272 394 2031 1070 2520 2602 2098 400 1757 63 986 1255 2775 2022 1333 612 783 1839 2210 1976 2747 1047 13 488 72 174 1729
000726.jpg,285 6 1221 546 582 1891 1603 820 1541 1702 2643 759 1083 750 334 2816 2666 1260 1570 807 1537 1697 620 298 1916 973 2346 475 1153 732 1858 2313 922 372 1188 2043 2171 690 1456 37 468 1285 594 1015 2810 956 1797 1761 980 2841 1884 1139 1397 2179 1284 1080 2387 411 1763 1502 829 2118 2677 1865 1610 1082 2194 2261 2303 1380 2706 1227 629 661 1738 1308 586 122 2348 448 2203 2620 2425 443 1659 1113 1090 327 2705 1661 1205 2831 2167 1263 1006 1696 1560 2222 1922 1032
000727.jpg,924 1363 2216 1471 1487 1288 1703 953 2841 2502 1605 2152 214 333 1139 2567 2348 22 1171 621 335 856 1214 2230 2751 1217 171 2591 149 2705 941 2160 84 189 1251 1364 1671 300 419 2079 2678 1726 2612 2022 45 2816 594 1315 2197 2060 1013 744 1927 304 182 2768 8 63 2182 2203 1336 1333 650 1632 2608 1232 1723 1502 2554 2522 420 1064 2760 986 2179 1616 2153 1184 1199 2425 244 2620 1213 1371 2313 1916 957 1144 894 1603 2448 2494 783 1882 1397 1757 468 614 1687 2737
000728.jpg,1710 1701 1489 1417 860 1788 900 197 2836 1328 2011 712 348 1870 1437 2289 1045 433 1617 2130 2241 1782 2050 817 2649 1679 1624 2375 1649 169 2817 463 1208 179 1656 1444 947 489 2528 26 2840 2837 925 1369 440 2790 1644 1623 2454 2707 2767 2515 1381 1545 606 2084 550 2424 2397 1407 1422 2826 1926 2367 1658 735 2300 1054 645 1993 1663 1486 221 445 1983 1307 1029 2411 2769 611 2714 1796 1319 2076 1934 1552 2439 1544 51 2088 480 260 2082 2832 134 312 1627 1190 987 1386
000729.jpg,2554 894 2153 96 1632 189 419 106 2060 1032 1927 1171 2109 1214 22 2567 2831 2079 2313 2705 2401 2571 1703 2160 2425 744 468 1661 300 2261 2216 309 1288 1108 1286 1139 506 333 762 2841 1365 1227 661 1858 2194 1153 1727 1844 1797 1953 1749 1188 759 2555 922 2058 2643 620 732 214 565 1671 829 1995 924 1761 285 1277 476 1221 2591 1083 1217 2823 6 448 2263 2168 1625 1763 335 1456 411 1697 586 1090 1866 834 2230 37 2317 1757 1702 183 1487 2623 1560 546 236 1865
000730.jpg,374 803 251 2381 1427 1900 2040 364 101 215 436 737 2504 989 2579 581 341 1883 2759 1334 2238 2542 766 2114 2242 962 328 1230 789 2644 1798 1683 395 572 2323 2540 1561 407 529 1801 1786 1971 1257 1197 898 1091 1898 2277 1207 1106 76 714 1087 1137 1558 617 1166 2656 1357 39 1996 545 499 2072 1180 614 1590 1213 1693 926 2495 1928 777 1818 93 564 2787 895 2149 2784 2288 2699 1176 1346 2546 1333 2281 132 1394 1093 304 646 695 1631 63 2547 1343 2493 2190 1298
000731.jpg,2510 431 70 1839 1035 2561 1390 1753 1125 2777 2 2663 601 2772 1075 2323 2077 529 1801 2644 395 2478 1759 2757 2242 962 374 1427 2532 2277 1334 1137 502 1767 1810 1333 1176 461 2547 1207 251 1976 695 1798 1107 2471 1310 1197 898 2542 634 1114 103 789 783 581 65 63 576 2299 132 2699 1928 702 646 2190 72 1346 2381 1986 1230 1442 499 1971 545 714 1908 596 2579 2493 2495 2759 1940 2504 614 578 2601 1394 1087 1180 1608 284 1821 1590 1512 2022 684 1091 2785 250
000732.jpg,1453 1490 1496 2433 64 1569 48 2721 439 100 1796 715 562 2272 2556 2034 1640 2713 305 2545 1860 51 2376 155 1316 2650 2309 201 1948 1901 2352 1965 1636 2815 1096 2631 2289 1993 1584 194 1416 563 2241 1840 1218 440 1658 712 518 2088 1381 260 168 550 1051 1617 2050 1422 2130 231 2826 2538 2439 2836 1544 645 1878 747 2454 2649 1148 1045 2628 1782 1328 735 169 161 947 1444 1649 1261 1623 1369 486 1586 2837 480 784 965 2652 497 2767 2755 445 2769 319 659 1679 2840
000733.jpg,1096 1416 1948 2815 2272 1362 1860 2352 1636 64 1965 439 1316 1569 48 1496 2721 100 201 1897 1796 2034 715 2241 562 1218 712 1586 1658 497 51 1381 1051 1490 194 1617 2650 155 1584 305 2556 1552 2309 563 1640 2289 1319 2433 2836 2545 2088 747 1993 2732 260 2713 2046 2376 319 1261 2419 611 2628 258 445 900 1328 2076 2631 659 645 1045 486 168 1422 1782 1148 2553 674 2826 2755 547 1029 992 1878 1544 2011 2130 134 770 1453 947 2840 550 559 784 1901 2454 1307 231
000734.jpg,1563 238 2552 849 2716 28 2479 2365 2250 1532 2819 152 505 2500 2181 972 458 587 523 81 2370 2283 1896 2191 1827 705 2119 330 313 2557 2527 2193 2689 175 1741 734 503 1339 1376 2052 602 671 1680 2099 2592 2534 847 2674 633 2177 696 1335 1111 2322 1912 2228 1704 92 711 1932 354 2764 772 1117 1831 1332 2681 1655 1708 125 2806 120 927 1314 740 268 2687 261 1281 788 726 1923 1789 464 968 1746 1730 456 1706 2144 1024 532 324 1692 501 2062 1503 131 2715 1813
000735.jpg,2252 2682 1179 1651 1977 1583 2491 1578 841 998 916 1063 227 945 1920 2042 2647 2110 639 1579 2379 2723 517 2349 982 1770 2097 928 1851 1368 1657 2225 9 2729 1769 919 1239 114 512 763 2026 1367 1154 579 952 515 1210 566 2459 930 1566 7 923 1531 1209 528 2778 2462 1354 2803 1470 813 567 791 2304 748 1528 1031 492 2559 2658 1879 1271 1565 394 1970 809 2618 1854 778 2711 664 607 1819 631 781 2664 11 1287 2081 2369 2603 382 1344 871 2093 50 1906 1508 1739
000736.jpg,2034 1796 2545 1569 100 715 48 64 2721 439 1640 562 305 2433 51 155 2713 1860 2309 2376 1584 2650 1490 1993 201 1453 1901 1496 2556 1096 2272 1617 1948 2631 1658 2241 1381 712 1316 2352 2826 563 2439 1051 2023 1544 2755 1782 1416 260 2045 1636 2836 2628 194 1045 169 168 2815 1218 550 1422 659 2088 860 1328 1878 1261 1369 992 817 947 1417 747 2837 559 2649 1965 2454 1444 1552 1840 2419 134 1407 1926 900 2289 2046 1148 26 518 2130 1624 2528 188 221 2050 1319 645
000737.jpg,897 2156 2645 1933 2071 1790 1052 1321 1098 1709 396 2096 836 2627 2750 935 612 1638 1188 2432 2201 595 2098 2823 477 2060 1047 2313 1858 2567 189 1906 1227 1044 460 461 2747 2587 2829 2679 2261 411 468 2074 1214 2449 1761 1171 957 1217 856 2122 419 1903 807 2775 2554 2410 744 2089 2216 1260 229 481 2625 394 1757 476 2751 488 164 750 1245 2083 208 156 2387 571 1163 869 2153 1729 1981 1610 1136 300 72 400 1035 281 2573 2469 2705 306 95 255 167 22 894 2578
000738.jpg,2171 2043 2810 2666 2816 650 1891 1188 1697 922 411 1763 1456 475 1916 2346 37 1090 586 1284 1082 1308 1153 443 285 546 6 1006 122 759 1221 582 2643 1865 807 2167 1702 1260 2268 468 334 1858 1603 2313 750 620 1723 1083 1541 820 1227 1761 732 829 459 661 2841 956 372 2194 1797 980 2261 724 1380 1884 2449 1570 1537 973 298 2179 2118 1139 1502 2535 2514 1015 1285 1610 1027 476 2168 594 2623 2677 2823 2216 824 1474 624 325 2060 1995 629 1560 619 2387 745 2779
000739.jpg,499 545 1631 1228 1785 374 1394 803 1334 1333 63 1213 1801 2022 251 304 2277 1137 1087 529 2579 1561 898 2542 2323 2759 2546 1558 2072 1207 2381 1298 540 614 2644 1427 395 2504 101 182 714 1257 2040 1883 1928 1166 617 364 1971 1230 1798 2242 2238 341 789 1590 1091 1786 962 581 737 76 1176 1106 695 572 93 989 1900 149 2547 766 132 328 215 895 1898 436 1197 1683 2656 407 1346 777 2699 576 2149 1996 291 1343 1743 783 2114 646 2784 2190 88 1693 926 596
000740.jpg,1870 2769 2454 26 348 1417 1788 860 2649 2538 1369 925 1489 480 1701 179 2714 1710 712 550 2050 2130 735 1045 2289 1617 161 1422 440 433 197 2650 1993 2241 769 1328 1895 2011 518 1029 562 463 2840 2375 305 1796 2837 1569 445 51 947 1663 169 2836 2721 715 1640 1782 1649 1658 2707 100 1552 1381 64 48 2556 1644 1444 1584 1624 173 2528 645 1544 439 2439 155 1407 1218 2817 817 2790 2045 1496 260 635 1679 2755 2034 2411 943 2545 1051 489 1636 770 2352 1627 2767
000741.jpg,2044 2501 85 1934 2411 312 1656 2832 987 635 2528 1102 1405 188 1644 1624 2790 943 2817 221 611 1319 556 1407 2300 817 547 1926 2082 1386 2270 1422 1983 259 2574 1092 1617 1190 826 1552 550 2840 2837 2544 1029 712 463 2676 445 2397 2670 1428 1796 74 2652 2724 2011 2419 1848 2836 2088 2800 2424 2344 2007 1993 1208 2538 2631 2289 977 1788 562 1782 518 1414 1046 4 169 2133 613 305 1636 2069 1158 2307 2358 2241 440 219 260 283 1381 2084 606 1640 622 1045 51 155
000742.jpg,575 2019 2080 1482 2754 2383 1523 441 2695 373 845 2395 1691 1016 584 1669 1147 1507 2550 2518 1120 1678 1450 830 1244 107 2630 1177 2414 393 1517 863 2780 2136 2604 1646 1805 603 462 357 1382 2684 2347 775 2586 1620 1104 1259 2297 2525 2447 2651 1372 2805 1626 2368 279 1014 2637 917 1611 2166 1410 1169 794 469 2033 187 1732 2360 834 32 902 2192 2159 102 2752 2275 1690 1028 2254 2240 1919 2563 2234 736 2345 1809 1734 339 1943 87 590 2621 457 2802 2326 2555 2605 83
000743.jpg,2063 1159 1815 837 1009 403 2455 264 2484 1122 2092 1589 2844 1814 352 2399 2833 1520 234 299 2139 2371 1025 1 2189 267 2731 2727 2269 1572 969 2797 2576 913 1982 667 428 2412 90 1349 1238 1925 2776 891 1291 1735 307 741 1549 1619 2158 1571 2834 2635 846 2138 2100 2486 2385 2403 17 2215 1539 1618 551 2541 342 1615 223 1540 2226 1509 2710 262 349 1366 2255 1622 317 2175 2431 573 888 961 2783 226 46 2338 1698 1863 1862 1338 600 2811 2223 879 814 1994 642 2094
000744.jpg,1889 2725 752 2404 609 1766 2457 2448 957 744 5 1696 2115 2128 1032 669 1280 1084 189 1797 2168 2572 1525 2060 448 106 476 1659 620 1560 466 1556 2263 229 468 2261 163 1858 1188 2554 894 1227 1632 829 2823 759 2153 2831 661 2014 2571 300 582 2425 732 96 1702 2498 1083 1214 1217 2194 1286 2643 1697 1661 1171 1108 565 2623 2303 1449 372 1260 1061 807 1904 214 1802 2677 2124 387 1326 2111 1866 306 2705 1865 2109 22 546 1205 2442 2591 2706 2313 6 1844 411 236
000745.jpg,2769 2454 1870 26 348 1788 1417 2649 2538 1369 925 860 480 2714 179 1701 1489 1710 712 550 2050 2130 735 1045 1422 1617 440 518 2289 433 161 197 2840 2375 2650 463 445 1993 769 2011 1895 1029 562 305 1328 2241 51 1552 1796 1640 1569 2837 2721 1663 645 64 260 1934 2836 155 169 1624 100 1782 1172 817 715 1649 259 2528 611 2556 173 635 48 312 439 188 2817 1656 2544 2826 2707 134 1644 489 556 2088 2411 2501 2044 1319 1486 1584 1407 947 2439 221 1496 900
000746.jpg,2000 646 2787 1106 1786 614 1257 1971 2072 1483 1137 1207 1451 789 1361 76 2656 2054 2149 291 1693 714 1333 1900 215 1798 1091 581 1230 803 63 1558 251 436 1334 1559 1346 1427 2040 2381 1087 2495 737 1180 989 2579 2504 132 2785 564 364 374 926 1213 341 1166 395 572 1357 1801 2644 230 898 1176 2190 1561 1914 962 545 1996 39 766 2784 695 1197 2547 576 2202 777 1818 1394 2323 2022 2242 1743 2759 2238 1883 2288 149 101 1228 2114 2546 1298 1928 2745 2827 1856 2441
000747.jpg,2656 2149 1693 2787 1786 1971 1106 1257 751 293 1346 1019 310 1559 1175 646 2827 1593 1451 2179 1502 594 1743 2000 2348 832 924 83 1139 308 1400 2203 986 1603 983 148 1205 1922 750 2841 2047 214 1397 2521 334 2567 2620 1757 1171 2387 2107 1361 359 510 2573 1255 2441 954 1740 691 95 820 761 2030 2705 20 300 1670 2216 132 466 2816 2449 22 2583 596 1176 2554 2151 695 149 1685 933 2190 1001 1214 1188 306 400 2299 2350 1669 448 2539 437 1952 2156 1671 765 1761
000748.jpg,1394 545 1213 304 1801 2277 63 2022 529 1228 2546 1087 395 1333 2644 1785 1631 1558 1207 1798 898 572 1230 1137 2072 714 962 2323 614 1298 2579 761 374 1334 2381 2040 2504 251 1166 101 1900 2547 789 1106 1257 803 581 1928 2759 341 1091 576 2238 182 989 1427 737 364 1786 1683 436 2242 1561 1197 1971 766 215 2114 1483 1883 132 695 499 1176 783 1898 149 328 2656 2149 1743 1093 76 2190 1693 1996 596 2495 646 926 564 777 1476 1818 1250 88 2202 540 2787 1180
000749.jpg,924 1487 1471 2216 1363 1288 1703 953 761 2249 2841 2317 2567 309 333 1090 834 1308 443 1027 1082 586 1250 1188 856 1006 1217 2573 1044 2452 724 1697 1757 167 205 419 96 37 2043 2245 63 1727 938 2623 1763 1394 629 545 752 2502 2547 2167 986 2823 411 1371 2555 2554 1605 905 922 1389 123 488 1456 122 214 1300 2810 1200 1184 1881 1263 1801 2114 1685 1322 474 894 2589 1019 2483 1931 2449 624 2829 882 2277 1333 2779 946 1641 1219 1171 1214 149 2220 1502 2179 1139
000750.jpg,2502 2152 941 1605 84 2841 214 2348 1139 1171 2751 22 744 1214 2567 957 244 2141 1927 1616 2404 1889 509 924 2060 189 1632 1371 1199 815 844 454 1987 2464 621 419 894 2197 171 1602 2203 420 2554 1766 851 2162 2153 1953 2725 594 2768 1184 40 1960 2612 1364 300 2705 1488 2726 1726 2678 909 2706 1397 592 2030 167 1217 1907 1866 1744 2620 1515 2591 2230 2448 2179 1471 1502 481 117 1757 1064 335 2160 333 2079 2760 2522 2608 1198 2386 1979 1671 856 2182 1251 466 1205
000751.jpg,799 1755 2236 805 1756 1317 1475 1395 1303 1568 2402 1831 1647 653 2061 721 2693 1921 1972 314 2531 561 1655 2053 1967 1024 806 390 1274 1503 1635 412 1050 1918 1140 268 999 2698 1273 1378 2059 464 1037 1297 927 1022 1472 131 1715 726 2505 2465 2232 1789 1706 1829 1127 484 534 1011 2765 1124 1662 1216 1875 27 89 1118 1282 1039 113 822 1275 2429 159 356 1143 252 1018 782 2244 780 1787 2632 580 467 296 936 1612 2137 452 363 2285 858 2407 1097 241 1293 2279 2091
000752.jpg,285 1221 6 546 1603 820 1260 750 582 334 807 620 1882 956 1723 650 2816 2313 1188 1605 1858 475 1916 1761 2152 468 2043 2171 2502 2346 2387 2810 411 594 2179 117 1184 1502 1979 2425 1227 1610 1922 2494 448 2261 40 1397 281 84 420 2476 1139 1205 1219 396 941 2841 167 1198 2620 636 2203 2768 1371 2643 98 1960 476 2554 425 1462 759 1488 454 2705 2162 189 375 1687 851 2807 2443 2726 1702 2278 1987 1199 2359 905 2678 1541 2030 1400 419 713 2348 2153 640 1536
000753.jpg,2077 2478 2772 2777 1753 1125 70 1759 2757 1834 951 1252 18 2015 1842 2818 315 1557 1165 2302 2622 191 767 277 2561 2315 2430 2685 29 1747 1443 522 2686 1938 2143 889 2533 24 426 2702 1511 2667 1833 1869 1969 249 646 2509 2172 688 2320 2024 853 1886 286 2296 1235 1989 1980 1804 2583 792 2624 1149 2787 91 555 67 1012 733 1186 2054 126 2673 990 359 2000 866 142 1033 2746 1236 1442 1699 1719 2078 1431 1492 2314 1391 1406 1053 2235 1793 2299 202 931 369 500 2217
000754.jpg,767 277 1938 1833 1443 889 2686 1747 2496 1753 2777 1125 2478 2772 2077 70 211 2702 951 1759 2315 315 1834 2757 2302 1460 1165 2818 1980 369 1989 1557 1252 2015 191 18 1842 2622 2685 500 990 2624 297 980 2245 1884 1413 36 1793 1845 733 103 1235 126 688 1023 1263 1952 2514 988 2249 2620 824 1593 1323 1080 1431 1511 522 401 536 1340 193 1817 2055 1502 1548 1628 475 2346 1711 1353 2118 2216 1188 1916 1308 2276 2668 1881 931 2154 269 1225 400 954 2179 724 901 141
000755.jpg,353 98 776 196 701 2474 2081 2067 1819 1864 869 1963 233 2462 585 1643 2334 2361 2103 781 1625 809 1402 276 1344 381 1188 1227 476 820 2001 2261 2256 871 620 2048 285 807 2278 411 813 1565 1977 1260 982 1761 2349 2252 1583 1179 2582 1031 636 1204 1603 1858 2682 7 2803 2225 528 1882 2264 910 1210 1651 2491 2369 468 1889 2807 2823 1768 1470 2778 1769 923 592 2210 1515 1063 1508 2141 40 2810 2304 2449 1367 1209 1757 1536 2157 956 791 2658 1354 2042 1136 1916 50
000756.jpg,105 1778 2394 416 1946 11 883 301 243 1002 2331 2697 1419 337 908 673 7 1152 151 2830 2600 1331 2458 2793 2005 318 2417 1040 1968 1020 1966 632 1581 1742 435 2087 593 1325 984 487 1673 1614 2730 1705 2519 1036 1247 1495 678 2290 568 2452 490 1006 1170 513 1119 1370 1142 1681 1138 1200 2696 1573 874 1068 1978 1311 1442 975 821 365 544 605 774 355 1005 1396 2718 1554 1105 1527 800 2377 717 434 2147 1731 2416 2243 937 1794 2364 448 2262 852 2788 808 2299 662
000757.jpg,1908 702 1107 1830 1767 1114 903 65 2388 284 1310 2471 2601 1512 502 1608 931 250 1821 103 848 768 578 684 1975 1340 1254 2323 835 1197 2667 1075 962 1144 395 1839 1035 522 1390 2620 2495 2644 2561 1798 1334 581 1810 2299 1538 1922 1801 1166 2699 1184 1845 783 986 332 1219 2224 737 2510 2277 2494 1423 2506 1346 2624 1394 1230 2151 529 1137 1065 1130 1256 1207 2029 1928 374 1605 1641 614 597 417 990 340 1986 117 2324 2114 2759 126 1427 84 2242 1235 905 2196 1371
000758.jpg,269 1548 531 2685 1833 2315 277 1593 2302 1073 1165 191 368 1980 1200 1747 2296 44 2518 1406 1443 1865 1725 683 2499 767 1300 1732 889 1147 1557 1938 444 1502 980 1750 1285 1263 1884 824 83 2318 2437 568 2180 733 1284 834 2249 500 202 1990 1570 946 1012 465 249 1869 2702 1195 1267 1943 315 1057 2772 2686 1456 993 1919 1620 1501 1817 1116 2314 1131 1749 1387 1020 915 584 951 1346 1582 1753 16 2563 1714 1305 1447 751 372 796 629 2509 448 1001 122 1760 1661 676
000759.jpg,1697 1188 546 582 1221 285 807 6 1153 2043 2810 2171 2816 922 759 2666 2643 1260 411 1702 1865 620 1083 1456 956 732 829 1797 1761 468 1858 1891 1541 820 2313 372 661 1603 669 2168 2194 2261 1227 1380 1284 2167 334 476 1763 750 2425 37 122 2387 2268 459 2823 2677 229 448 1911 1916 1560 1090 1696 5 586 2514 1139 1570 123 882 1082 443 986 1757 298 2346 1032 1084 629 1387 475 1267 1995 980 1280 1750 1308 2623 1285 1015 1286 1882 1884 2841 2705 1866 2831 1844
000760.jpg,2044 2501 85 2411 1934 1656 312 2832 2528 635 987 1644 1405 188 1102 611 943 221 2790 1624 2817 1319 556 1407 2300 547 259 817 1926 2082 1386 1617 1422 2241 2270 1428 550 1796 1636 659 2419 2007 1552 1983 305 1848 2545 2439 1158 712 562 2133 1045 1381 1208 1782 440 1046 2652 900 2088 2837 260 51 1640 155 826 1840 439 2826 1092 2358 1878 2836 563 1569 169 1993 2046 1544 2574 1414 1658 2544 201 518 64 992 559 2050 2069 463 4 2670 1029 219 74 2337 2034 2631
000761.jpg,2156 1321 1933 2071 1098 1790 1709 2750 1504 897 2432 2096 836 935 222 2201 850 2355 1638 2691 2512 2342 1052 2645 1305 2362 1806 2593 1436 2218 1621 2567 2163 1757 2452 1510 823 177 1661 1911 2722 1214 401 1085 144 1171 2150 1160 2109 141 2636 1145 2446 816 882 1628 1023 99 2404 1682 1717 22 1255 399 123 214 909 1479 2642 96 986 2032 320 2317 2420 1866 632 1233 744 599 2655 629 189 2449 306 1352 2677 1217 2216 1032 666 2537 309 1139 915 380 1550 1267 516 1892
000762.jpg,2000 2054 1451 1361 646 1559 727 658 589 1951 2787 44 485 1447 1306 376 16 483 1353 1300 1469 1749 240 1672 2437 1178 824 1513 1161 832 1836 1535 2409 954 1389 2540 1346 1115 1685 1593 1773 1990 2555 751 1847 1804 2700 1727 2317 2249 2066 2113 2016 2178 792 2695 1523 2129 441 2296 1244 2058 834 1120 1795 1116 2383 845 1760 683 1714 1380 2080 47 1713 393 1224 339 946 863 321 371 2136 1646 1482 1147 761 34 1073 1869 1697 1057 2523 603 1719 1712 373 1642 1263 104
000763.jpg,650 2810 2043 475 1916 2346 2171 1723 2816 820 750 1603 334 1188 285 411 807 2666 1882 1891 2841 956 1605 2387 924 1761 2502 468 1227 2179 1502 594 1260 2261 2494 1139 1250 2313 1858 2216 938 1184 2483 1397 1462 620 375 167 1979 38 1471 2768 117 1922 2152 953 1488 1610 420 1412 448 2829 1219 488 1423 1641 905 2573 1205 2567 521 425 1394 2620 306 2726 1144 182 281 40 1232 2410 2203 1687 111 1371 1137 322 1106 1558 2823 251 2495 473 84 941 476 1363 614 1206
000764.jpg,2619 1939 1630 1294 2246 2481 2616 1258 665 1129 2517 1446 1270 1360 1440 1694 2271 1112 2529 718 958 386 1684 143 810 30 1445 2298 787 638 71 1514 697 1215 2185 2584 2524 2444 969 1411 273 2710 795 127 2104 2175 2801 1324 577 2709 2339 2363 2460 557 1242 1863 1925 147 2595 641 1619 879 687 1539 1278 2466 991 1982 352 888 414 1373 2138 1366 2771 1480 2455 2833 2226 2385 685 1735 1807 1059 511 262 1652 1816 2844 667 2468 2231 2473 1607 2797 1341 2139 1167 1295 1629
000765.jpg,1335 872 261 633 1297 503 1314 2322 772 2228 2773 1680 2193 1730 2265 2199 2687 1704 2250 1117 711 2681 602 1929 120 1655 1955 1831 159 2052 1240 1111 1293 1097 31 464 2806 326 580 927 2715 1706 2764 1332 1275 1143 2105 1026 68 2594 2062 1003 877 295 2592 1156 2191 1755 1912 1789 890 2236 1118 2812 1873 552 125 2610 1746 1650 131 972 2144 1011 2402 1568 587 532 2237 2698 92 1822 1281 1917 1262 721 1932 1972 968 456 1543 1472 505 1216 238 314 1974 1813 2689 268
000766.jpg,277 767 1938 1833 1443 889 2686 1747 2496 1753 2777 1125 70 2772 2478 2077 1759 951 2315 315 2702 1834 2757 211 1165 2818 2302 1557 18 2015 1989 1252 1842 1980 369 2622 1460 191 2685 990 500 2624 297 1845 1413 1235 522 126 688 733 36 1263 2245 980 1793 1548 2249 1884 103 2667 931 2276 954 2668 1340 1952 269 536 1817 1431 2216 1323 2514 1511 824 400 401 1881 1593 724 2620 901 1023 882 1750 1711 2154 123 988 1628 475 1502 1757 1346 1225 768 473 2507 2636 2179
000767.jpg,1696 1889 1766 1477 2404 2725 609 909 1602 1953 214 744 1866 2115 2457 2348 2448 1139 5 1365 2706 2841 2128 1171 2109 1214 2567 22 752 1757 43 1108 2150 473 123 882 189 2060 1661 466 669 1032 986 2014 1255 1904 1084 1556 2124 957 2572 476 2823 2508 2464 1560 448 924 1487 163 1280 2425 411 959 1326 229 1227 96 509 306 1188 1061 270 585 2498 1217 894 829 2554 106 115 1113 2507 2591 2366 1153 426 122 1525 565 1995 2573 2216 2623 2442 2153 2261 468 1761 807
000768.jpg,1663 1489 1328 1710 947 860 1701 1417 1444 2836 712 1617 1782 1679 1054 1045 2707 1623 1369 2241 169 1381 2130 2837 900 2011 1993 1658 2767 1649 2050 1422 1437 2454 1218 1569 1870 348 2649 51 197 1416 1796 179 2714 1948 1096 26 925 64 1486 2840 1544 735 1640 2289 1788 1261 445 2721 1051 2352 2034 440 817 1208 463 1552 480 100 2769 562 194 1624 2628 715 645 2528 2439 305 550 2419 260 155 1029 2790 2300 48 1644 2545 1407 635 221 433 2826 439 1926 1307 2817 559
000769.jpg,2520 2210 640 1754 1038 2421 1041 13 1272 1949 2671 933 323 1337 377 1255 2083 828 986 2578 1757 2387 2117 2348 1952 1139 121 214 569 1001 2350 820 1499 1603 2089 306 334 2526 1761 750 1931 594 2220 448 2787 2151 744 2060 2583 2404 2203 1766 1205 285 2567 255 2448 2725 1171 476 300 2620 2841 2030 691 473 1227 2705 1346 1904 1397 229 2179 2828 2591 1400 2449 1668 2425 2299 1670 308 1502 807 672 189 865 2602 2107 2261 1330 1374 2156 2160 233 637 1188 1922 22 2539
000770.jpg,2066 2113 2178 1389 1115 1213 304 2546 1019 1951 485 1685 1306 954 63 2022 727 658 1394 1361 589 545 1559 2000 1760 2249 1451 1712 1300 2409 1353 16 1161 2787 1447 2054 44 1333 924 483 2540 761 646 1513 376 824 443 1773 1027 1006 426 1881 1082 1308 724 594 2841 2245 2816 1346 1469 2129 2216 1244 1090 2779 2024 240 1593 1891 853 1322 2179 676 2437 1263 2589 586 2016 2043 1178 1113 1847 1288 1785 2535 1674 624 110 2003 2296 1502 1727 1817 37 327 988 2203 2463 1804
000771.jpg,493 2174 2374 1792 1234 1580 1034 366 280 1930 1861 133 57 2004 1358 2418 2125 210 1196 2461 976 793 1392 859 570 797 1665 1758 548 1279 1859 1276 2672 689 746 1947 2327 1375 756 1575 294 2456 2330 1724 1072 1664 2838 1765 2184 2229 2186 588 583 422 1030 150 2694 1776 228 421 720 2206 2039 1551 857 1497 1081 2548 1457 1877 663 1887 1193 2123 2662 2581 704 1086 801 880 2332 158 1350 242 2198 2739 1191 2356 687 2703 77 885 2659 2321 798 2590 1229 1043 656 263
000772.jpg,1096 1416 1948 2815 2272 1362 2352 1860 64 439 1496 1636 1569 1965 1897 1316 1218 194 2721 1051 1586 48 201 100 2556 1796 497 562 2034 2650 1490 1584 715 51 155 1658 712 2241 1381 747 2289 305 2628 1640 2433 1261 1617 2545 2755 258 2836 2713 2309 770 1552 2376 2046 563 1993 2088 645 2023 2767 260 2631 1328 1782 1029 445 947 2011 134 2553 1544 1045 1453 2735 1649 2130 1319 2732 1444 319 992 2419 2050 2454 1054 168 231 1422 2837 440 2707 900 1663 611 463 2840 1840
000773.jpg,2656 2149 1693 751 1559 1593 832 1451 1786 2000 1971 2787 1257 954 1361 1106 1685 2016 1535 2111 310 2437 1672 2700 1760 2129 1773 824 1836 1346 1795 1513 1161 1712 1990 1116 485 2540 1847 1353 1713 1224 483 589 1178 2827 1749 1714 727 1115 321 371 683 2066 2409 1300 658 2113 1195 1951 1389 2178 378 1306 1594 646 2673 44 1869 240 2054 2172 29 1743 2240 1113 47 376 2245 1601 2651 1838 1943 1447 792 2239 465 286 1950 187 1502 1014 469 2180 2073 145 676 2020 1263 379
000774.jpg,493 2374 2174 366 133 1792 976 1196 1234 1930 1580 1358 1034 548 2672 2004 1861 280 797 859 57 1947 2125 1279 1758 746 210 2418 2461 793 1665 2327 570 1276 294 1859 1575 1765 1724 2456 1664 756 2184 689 1392 2838 1375 588 2330 583 2229 2186 150 422 2694 1776 1072 1081 1030 228 720 1497 1551 2039 857 1877 242 1887 2206 158 1193 1457 421 880 1191 687 1086 2739 801 2581 2321 263 2332 1043 1350 2703 885 2356 2123 2659 656 2198 1432 704 2662 2548 2590 934 170 1229
000775.jpg,2721 1569 64 100 715 48 439 1796 562 1640 2034 1496 305 2433 2545 1453 1490 51 155 2556 2713 2650 2272 1860 2376 1316 1993 2309 2631 1948 201 1584 1901 1636 2352 1965 1096 440 1381 1840 563 2241 2815 1658 2289 1416 1544 2439 260 2826 1617 2628 518 2836 2088 194 2050 550 1782 1051 712 168 1422 169 1218 645 1878 2130 2837 1148 1045 1649 735 2538 2840 231 1328 2649 900 947 2454 497 1623 2652 1444 2707 2767 1261 2337 486 559 259 1586 659 445 1054 2011 747 965 134
000776.jpg,2044 2411 85 1656 2501 2528 1644 1934 312 1796 1102 2545 2034 2790 2817 2832 1569 1624 64 635 188 2721 48 100 221 1405 715 439 943 305 817 1926 1640 987 562 611 2300 155 51 1319 1407 2241 712 2713 1381 1993 556 2433 2309 1617 1860 1636 1782 1658 2439 201 547 2826 550 260 659 563 259 1544 1552 1422 1878 1045 2836 1316 2088 2007 1584 2419 1386 2376 900 559 1983 2082 2652 2352 2650 1840 1046 2133 2046 1428 2631 1208 1901 2556 2454 992 1490 168 1848 497 2840 2272
000777.jpg,887 982 2065 819 1667 2575 1585 118 2328 1211 808 2793 875 2310 2416 7 311 25 1470 975 513 2488 1531 151 2658 1791 763 2225 748 2792 2636 2491 446 2140 662 1179 2042 916 233 1200 567 1518 1600 1301 1909 1002 2778 813 243 1058 930 1384 1170 2165 800 1850 1977 1757 2392 490 519 908 1370 1578 2005 1455 1290 227 2682 1105 1673 2696 1778 1643 2150 1567 1651 841 451 530 99 2252 1331 1396 1174 1347 945 2723 1519 247 585 919 2012 2519 355 1387 2668 1077 1851 1769
000778.jpg,789 2784 1883 576 2547 2579 1483 1749 1801 1394 646 2277 545 596 95 529 761 1228 1743 63 132 2504 2644 1176 2190 1087 395 1304 1213 149 1106 2238 1137 695 766 572 1230 1091 251 499 2785 2745 1971 2759 1798 2202 304 1914 962 2546 614 1476 983 1207 1631 1333 88 2441 2022 2072 1558 581 328 1785 2381 2242 1786 1093 2827 341 1856 374 101 1257 1693 564 2040 1180 967 1996 2323 483 1044 182 291 777 803 1427 926 898 989 1900 2114 2656 714 2495 1353 1898 737 2149
000779.jpg,2018 2146 2284 719 764 2008 1289 2551 1403 1577 1157 1534 190 1204 914 723 1351 35 1493 2582 539 1915 1997 1359 343 303 2824 2585 2209 615 206 1751 862 2361 871 450 1271 1772 664 247 1970 812 2603 1566 869 1854 1228 2711 7 2658 1246 1066 2449 1210 1367 2067 1136 1239 1209 276 998 783 528 2196 2410 2459 1507 1226 1177 2019 2536 778 1194 2604 873 1368 2242 2400 1669 1785 382 2559 566 488 1333 1250 2157 2304 567 2434 924 1745 2022 905 776 938 579 14 1093 1087
000780.jpg,1979 1184 2494 2203 117 1502 2573 2179 1205 594 1198 1687 1922 2768 1397 1400 1488 420 2620 2030 2303 327 1659 953 1537 1570 1371 298 448 2841 1960 690 2678 1605 924 167 1641 1113 23 1471 1726 1080 2502 40 475 1423 1738 148 1723 2346 1250 1916 510 2043 1610 454 1144 182 2483 2152 905 1106 1188 2816 275 1139 149 2521 1219 488 1394 938 1333 411 2726 111 1882 851 1180 2791 60 2288 2171 306 375 941 84 2216 650 39 425 466 2810 1363 2497 545 1786 614 1257 1412
000781.jpg,2533 2320 1149 29 2673 286 2172 1804 1719 2024 293 2021 426 2143 24 2430 2787 967 853 792 91 2235 213 2054 2296 2756 646 2000 754 2408 1597 376 1451 634 1361 1535 2638 1469 1447 1886 1559 1236 2409 1689 832 1346 142 2014 1951 707 1492 1869 2078 485 2540 2124 954 589 1263 240 1243 1326 1728 1165 1794 2380 2302 1431 2151 1699 2730 2016 1306 44 2299 1061 315 1053 2583 2129 2267 1670 1969 1161 866 1513 2251 1511 1659 2245 555 483 473 1012 1353 730 727 99 16 1005
000782.jpg,346 2821 2467 52 786 418 2690 1481 2244 363 1662 484 1465 806 936 2429 780 402 471 108 758 2059 753 2301 534 1438 2407 2398 478 2505 2465 1022 467 290 1008 1787 1378 1220 628 53 430 1275 61 2687 1692 1097 1918 1730 2025 2634 331 2806 655 1929 2669 389 2765 840 207 295 1293 452 2611 654 1822 225 1026 1789 2632 2794 1216 1140 241 1124 1143 726 89 999 1048 1024 2285 138 2531 1612 268 580 2142 1037 192 464 1756 1503 326 653 49 2236 1706 1568 1273 927
000783.jpg,1628 2163 401 453 1233 380 73 2055 141 823 399 1023 437 1599 2074 1510 1160 99 981 1717 1145 760 2655 177 816 1085 1872 2636 1808 2587 595 2452 222 208 1504 2122 2469 2722 1047 1321 599 1305 1682 612 2750 2098 2126 1263 1933 2071 1098 897 2201 1790 500 2512 731 2267 2747 2432 1479 2679 2691 1903 2829 351 2463 2362 1322 1165 2355 2446 2156 935 2475 2380 850 311 2514 1553 1793 624 1006 1750 1881 193 915 1817 2217 882 36 1699 1406 191 724 988 461 1582 2318 1243
000784.jpg,295 1929 1730 1275 2687 2806 927 1789 2301 464 1240 1655 1706 1831 131 268 504 2407 1875 331 2236 1026 999 1262 1475 1813 2715 806 324 2059 1843 31 1097 1293 2142 1932 484 1008 241 159 1923 580 456 1039 1011 1022 326 780 1662 1503 2531 2765 1024 455 1378 653 33 1062 418 1281 840 467 495 1822 1143 1912 125 389 1568 363 2285 452 788 501 2244 430 2565 2232 346 1787 1274 314 129 655 89 52 786 108 290 1755 726 1635 1118 2316 2429 1297 1335 1220 2698 799
000785.jpg,702 1830 903 1114 848 1107 931 768 1767 1908 2388 65 2471 2601 284 1310 502 1512 1340 1608 250 1821 103 578 684 1975 1254 990 1845 1235 2624 835 126 688 297 1720 1839 522 2323 395 1035 962 1323 2644 1922 431 1397 1144 1390 1798 581 2620 2 1075 1219 1184 2510 1423 1810 2663 2494 117 420 737 1641 2495 436 332 251 1687 851 2561 1207 1900 601 597 1686 1400 1197 417 2029 215 1232 1166 529 1605 2743 2276 1230 2114 2502 1940 374 40 1427 1418 1137 2759 1413 1986
000786.jpg,601 2663 2 18 1842 1390 2510 431 2561 951 1035 1839 1834 2818 1252 2323 2015 2532 1114 1759 1767 2757 1075 962 634 529 395 1810 1798 2644 578 1334 1801 2583 702 315 1928 2759 714 1166 1821 250 1830 2277 65 581 1427 1418 2671 1533 103 1219 436 2299 684 1333 2242 1590 646 1608 597 1207 364 2324 76 1952 1197 1107 2653 1310 898 2149 789 2656 417 754 1346 2471 1728 1257 2577 1557 156 101 2787 1689 1900 1986 1230 72 461 2295 2388 1683 374 502 1106 737 2504 251
000787.jpg,1334 1801 529 499 2277 2644 2323 395 374 1798 803 1230 962 572 251 1631 2542 1427 2579 545 2381 2759 1883 1561 2504 101 1928 1394 1197 1166 898 2040 789 1087 364 714 989 1900 2238 1683 1207 737 1558 1137 341 215 766 581 436 2242 540 1590 328 1971 2072 1228 93 617 1257 1785 895 614 1786 1091 1333 1213 646 2546 1346 1106 63 2656 76 1898 1996 2114 407 695 2022 291 576 2149 1176 739 304 1693 2547 1483 2493 1743 465 132 777 2699 564 1298 2785 2784 1180 1689
000788.jpg,2267 1236 2380 1699 1553 1492 142 2078 1053 555 1886 2217 427 901 1431 866 1793 36 292 2668 2451 1033 733 176 500 2384 536 1588 680 1132 193 988 1393 2387 2038 743 1406 2032 1429 56 249 2428 1012 1189 123 1754 2350 2409 698 1869 1001 2423 2629 2120 933 672 1670 1346 2667 1479 1263 839 882 1233 568 2299 29 1255 2583 1243 1707 2054 1682 828 1952 1195 2798 986 2090 1747 378 377 932 1049 627 2150 358 1750 2730 1165 2172 853 73 1477 1361 67 1783 2151 334 2509
000789.jpg,1752 1545 1146 2832 312 1102 2389 2790 987 221 85 1926 635 2411 1624 1656 1405 943 2300 4 2528 1934 1407 59 2817 1644 2367 2501 1316 817 2069 626 556 2556 1386 950 547 1202 1737 2082 2044 440 2270 1636 518 188 2241 2836 826 712 2837 1617 735 1782 611 2840 169 613 2050 155 1422 900 1045 2454 2826 1649 1796 2631 1878 550 1496 1993 283 1319 1840 947 1381 2538 1092 266 1710 1552 1965 2649 2133 1190 480 2439 2515 2289 2424 2088 260 1799 305 1983 2419 26 1444 2714
000790.jpg,2070 192 2669 2025 61 207 1141 225 1787 654 2794 2396 1506 383 1781 1780 245 2280 525 49 2311 139 1248 2164 408 239 625 2173 1282 1356 1435 1598 1505 1127 356 679 858 209 838 296 2091 252 2232 216 455 1168 1299 1097 2137 1293 1262 2470 1216 113 580 822 2062 653 326 1143 31 159 1124 1140 33 1500 449 2053 2698 655 618 346 1037 2690 200 418 1692 1274 1924 2406 1822 331 2316 1011 402 2279 2806 1829 1118 1706 290 1275 295 1941 2467 52 464 430 1021 1648
000791.jpg,1440 1129 2517 2185 1684 143 2298 2529 386 718 2271 1411 2584 958 2524 697 1514 810 1445 795 787 30 1694 71 638 2619 1630 273 1360 2246 2363 1215 2104 2460 969 2444 557 2801 1294 1242 1446 2175 1939 879 1366 2616 1480 665 1539 2844 414 1816 2833 2139 2481 1112 2710 687 1619 1925 1324 1982 1258 2633 1059 1863 2607 2226 1270 1660 2385 551 1947 342 667 147 991 127 41 1025 2541 867 2797 814 2431 2776 299 1652 2731 2468 2339 352 641 2672 1373 1571 385 685 888 1735
000792.jpg,645 2011 445 2840 1029 1552 197 463 2538 2375 433 2289 1253 134 518 2769 2050 550 1895 259 735 440 2454 2130 2649 2735 2631 712 1993 1617 1422 1328 1045 2707 1054 1623 2650 348 1870 2088 1649 480 1788 2544 2241 2076 2714 1417 51 179 161 260 563 1679 562 26 305 319 1369 860 1208 169 155 769 1840 1640 1444 2287 947 925 900 2837 635 1983 1486 2133 1172 2676 1148 1544 2419 2836 439 1663 2826 2439 1782 1307 2482 2724 1878 2044 622 977 2148 2082 1901 556 64 2721
000793.jpg,783 1093 949 1343 1856 2737 540 1898 1914 1683 2242 2785 407 2441 88 596 558 2202 1476 2112 2745 2413 2295 617 2190 983 2827 95 695 1999 940 328 135 1176 766 1996 132 777 341 2547 1004 1091 2759 1801 2238 1743 2114 1561 2644 1103 1230 2277 310 1448 2323 1304 1631 395 581 529 230 576 2542 737 2504 2579 1728 789 1197 1846 1693 63 198 962 1394 572 2489 2281 761 2040 1087 1334 60 364 149 1298 1265 291 1798 926 2022 614 1333 1207 1483 754 184 101 1900 989
000794.jpg,645 1054 2707 1649 1679 1623 1328 2011 1663 947 1444 445 2767 2836 2840 1782 169 2837 1029 197 1544 1658 1381 712 1617 463 1045 1552 2050 2628 51 2241 2439 2130 1948 440 1218 735 1422 2352 1993 2289 1261 194 1369 1253 2649 433 1416 1051 64 1096 1640 155 179 1569 305 550 2272 439 48 562 1796 2454 2714 260 2815 1636 900 563 715 2631 1870 2735 1417 2721 1437 134 2088 201 1486 2375 860 2650 1208 161 2419 100 2826 2133 1840 1489 2652 2045 635 1584 480 965 1586 1496
000795.jpg,1752 1316 1636 1840 1545 1146 1965 1496 2241 2556 1381 440 1878 518 155 563 1658 2836 2826 312 1782 1544 51 2439 1123 735 305 2628 2832 169 900 260 2840 1640 2501 712 168 950 2837 2272 1422 550 2050 1045 1796 978 1934 497 1617 965 2713 1148 1901 2133 1948 987 2088 2069 1586 562 221 1444 626 559 2433 445 645 2652 2424 2289 947 1486 2389 635 2815 1649 1552 201 1860 1096 1092 59 1437 259 231 1569 2419 1405 1656 2538 2367 1102 64 2034 1624 2817 2650 2553 547 2309
000796.jpg,1093 1996 1091 783 777 540 341 2242 407 328 230 766 2785 1914 989 2281 1818 2238 564 2295 2413 926 1856 2114 1683 2441 1180 2504 1448 1898 2759 364 2579 2644 2288 1343 135 2040 617 1230 581 1900 95 558 596 1728 2827 2737 737 2495 1999 395 39 2202 983 789 1743 2381 529 2190 2745 1383 101 436 949 1801 1561 2615 2547 1265 215 1231 962 374 310 2756 695 1476 1296 2323 754 251 572 1176 1883 291 1478 2784 1357 76 739 132 1693 803 184 2112 1427 2542 967 2277
000797.jpg,1545 2389 59 1752 2367 950 1146 4 626 1202 1799 2082 1386 2270 556 547 987 1737 312 826 611 1624 2069 635 1319 2832 85 613 1407 2840 188 1934 440 1656 2300 283 1405 221 1926 817 1649 2044 2501 1552 2477 2790 860 2411 1701 2241 735 2289 463 2817 1102 1993 1623 445 1316 2011 1788 1328 1422 2375 1617 2837 259 2050 1045 1029 943 169 1417 2312 2076 1644 134 1468 2424 2528 2130 2631 563 2133 1489 1437 2836 433 900 550 1496 2088 1679 2556 1584 2148 1544 266 645 1710
000798.jpg,1946 2788 2730 2364 2299 1005 673 2746 2290 1670 1243 2151 1110 593 2549 605 568 544 1068 1379 1783 1794 1966 336 1311 434 1131 365 435 821 1040 1968 937 811 2830 1020 1581 410 2697 257 2417 2095 870 678 2251 2377 1573 535 730 2005 1871 1142 1325 1527 610 1079 1526 1511 717 1850 1731 338 1969 1442 2243 2087 2145 2516 1424 406 1133 881 1779 2219 800 253 1455 2519 248 1385 1138 186 774 648 1479 2341 1682 2680 1165 2492 1913 2613 1236 1886 1406 2102 1707 1516 2064 1007
000799.jpg,1254 835 309 768 1277 2079 834 333 2058 2555 1340 2160 931 2571 990 1286 848 1217 205 2823 1720 1749 1449 2401 1620 2216 1703 2831 2317 2425 1727 400 677 297 1057 2239 2080 1458 187 506 2136 240 300 1032 1517 2780 2313 1288 462 1844 1669 824 2096 271 2296 1450 2073 1235 2496 1942 2167 350 1244 96 483 2230 2736 603 2111 1178 1353 2705 1995 1456 357 1593 448 2630 1408 1482 204 762 1186 2573 2156 575 1845 103 1323 830 393 1310 2605 2261 189 1300 2591 1036 2194 1512
000800.jpg,1663 1617 712 1328 947 1796 1444 1045 1993 1422 2241 1569 2836 2050 1782 169 51 1369 2767 1640 2837 1679 2545 2130 100 1381 2707 48 715 1658 1623 64 1054 1649 735 2034 2721 2714 305 155 440 562 439 2649 550 1417 179 2439 2454 1544 1870 860 1218 480 2433 925 1489 26 900 221 260 1261 348 2769 2826 1407 2713 943 2650 1636 1860 2538 194 2628 2011 1584 2790 1437 2309 2289 518 563 1710 2631 2352 1486 2088 2300 1405 1096 1701 2082 1051 201 1948 1788 1624 635 2528 1552
000801.jpg,2685 1980 2315 2702 269 277 767 1548 1165 1073 2518 191 2302 1833 1120 1147 1989 1678 1747 946 1557 1620 1285 1443 1380 830 1732 1252 315 1869 951 2622 1753 2275 1450 889 2818 2015 1943 211 1697 2314 298 603 973 1884 2245 2535 2478 2251 2496 1308 2677 845 2151 1263 1834 1082 2686 980 863 393 369 1460 1850 1413 441 2695 2005 2772 1125 1442 688 1938 1131 2748 2777 1243 584 83 1537 1502 2167 1006 678 1057 1794 2077 2667 1659 594 1581 1759 1523 1094 2303 1646 18 1511 881
000802.jpg,2019 1507 2754 1669 1691 1104 107 2641 1177 856 333 2247 1217 2733 2414 55 2604 1757 1907 2176 2197 2591 2277 1748 986 861 1801 2079 1197 1616 967 214 2141 1044 1904 540 1832 728 1729 2489 1093 397 1255 1144 2156 2547 1483 959 1371 1194 2216 499 2160 1470 45 1087 621 2778 1631 1013 898 2503 1130 2230 2106 818 1363 1726 783 2242 2493 1927 1179 2644 957 2678 2612 1977 789 1931 189 2169 1846 2260 2448 827 1064 419 2434 924 1987 576 2522 1558 2182 1536 83 2699 1192 2579
000803.jpg,2203 2303 1979 2573 1502 1659 327 1205 1184 2179 594 2494 1537 298 1570 23 117 690 1922 1113 2030 1080 2791 1400 275 1738 2620 1397 1285 1198 973 1687 2572 2101 1425 1082 448 2623 1525 1308 2535 2263 1884 2118 2222 1006 980 205 1280 907 946 325 745 1084 1456 1015 1474 37 443 122 1284 1661 924 2677 2706 2245 586 1697 629 2841 1263 510 148 2014 1090 1610 1995 466 1591 474 306 2268 922 1380 6 2167 400 44 543 2124 1760 411 2521 1763 459 2000 2831 69 915 1750
000804.jpg,1995 2222 115 2268 2823 1697 2167 1661 1456 459 1911 122 2030 1284 1502 167 1188 2791 2573 1205 980 1865 372 411 1082 298 20 2303 759 2179 2128 189 1884 1308 23 922 1171 620 1570 309 454 2313 1032 2060 1285 2623 1260 1659 1080 2118 690 1858 1610 327 2203 473 1214 586 1797 1556 1537 807 275 2554 2245 744 829 163 1153 1015 37 205 443 1738 2153 1280 915 1006 1217 96 1501 1582 2643 732 306 2216 468 22 1560 2263 2425 2014 333 2567 1200 448 413 400 1922 1061
000805.jpg,1548 269 531 1725 368 2499 1200 444 1263 1833 676 2245 1326 2014 1712 306 796 1750 980 1817 2249 2124 1088 1502 2051 1884 2118 1570 298 1938 946 824 1443 473 2573 1284 2179 2318 1682 594 2180 1747 1267 2303 1711 1582 1760 767 2599 2296 1165 2685 1073 1439 277 1061 1456 500 2154 205 2203 2514 1501 2195 1205 1537 907 44 136 339 889 1603 191 834 792 1285 629 954 2475 73 465 1322 915 1661 327 177 351 683 1225 2302 1628 1387 1188 1954 2706 315 1352 1346 680 1659
000806.jpg,1944 2294 1055 725 2728 2207 2135 1056 899 2741 204 2825 447 2842 2057 494 2435 2291 2736 2248 1874 2382 2511 1899 1547 2580 692 146 1076 2766 1464 1463 1223 1134 574 2286 1067 2813 246 1126 1937 686 2041 1639 647 1935 948 677 2683 2719 2708 1185 2639 2393 2438 1452 804 1777 682 442 657 2068 2319 329 79 2665 722 491 2569 1592 1868 140 2111 1757 2436 1169 271 1408 974 995 2526 482 1931 347 2350 1473 1346 508 1001 1696 994 2809 526 608 1365 1942 2427 2583 249 462
000807.jpg,2669 192 2025 2070 61 207 1787 225 2794 654 2396 1781 1141 239 2164 2280 245 383 2091 525 49 139 408 1506 2311 2173 1282 1248 1780 1127 356 625 838 1356 679 209 1435 296 2137 822 1505 2232 252 1097 1022 1293 295 1143 346 1262 1598 653 1275 1216 1929 2806 2301 455 113 1822 1730 858 1124 580 52 430 1037 2053 2407 1299 1168 418 159 2687 655 2765 788 1118 786 331 2142 1692 1140 268 402 449 1813 326 1274 1008 1706 464 290 31 2821 363 216 1481 131 1503
000808.jpg,2381 2040 1900 364 436 215 101 803 737 2504 989 251 374 766 2238 341 581 1427 328 2242 2579 1883 2114 2759 1230 962 572 1683 407 395 2542 789 2644 1334 1798 2323 1898 1091 529 1257 1971 1786 1996 1106 777 1561 1801 926 1818 564 2540 1180 2495 1357 76 39 2288 2546 2277 1213 545 1197 2784 304 1137 2787 230 714 1087 1693 1207 898 2281 617 1093 1558 2656 2072 1394 2149 614 1176 132 1166 646 695 63 2547 1743 1333 1928 2699 2022 576 1343 2190 1346 739 2202 2441
000809.jpg,2043 2810 2171 1188 650 2666 2816 1697 411 922 1891 1456 1153 582 546 1723 1221 285 1763 6 1284 1916 37 2346 807 1882 475 1865 759 2643 1260 122 829 1761 1858 1702 468 1090 1603 620 661 820 1227 956 2313 1541 1082 732 586 1083 1380 1308 2261 334 181 750 2167 2168 372 2194 1797 443 669 1006 476 2841 1139 980 2677 38 1610 298 1250 724 1884 1537 2476 167 2425 2268 2387 1015 1911 1200 2706 1696 1570 905 629 938 2514 2118 2823 1560 5 2278 973 448 1322 2483
000810.jpg,1669 2414 107 1177 2604 1104 2550 2641 1507 55 2176 728 397 575 1194 2383 1523 2019 2754 2080 584 1482 441 2695 373 1016 845 2395 2326 736 2360 2234 2159 1028 1691 1690 1919 834 187 2630 1014 32 469 379 1517 1450 333 2651 1467 2033 902 993 2586 917 1459 1950 1805 2752 541 1382 309 2347 2563 1169 83 2239 2780 2166 1943 920 775 2621 2684 2555 1259 2073 2525 1626 590 1147 1809 1611 87 1372 2805 2192 462 2637 400 1277 2297 2345 2233 2254 102 2036 794 2447 1734 830
000811.jpg,701 98 353 2361 776 233 869 1963 2067 196 2081 1819 2462 1864 1643 276 2334 585 871 1625 2001 2474 2353 1402 809 781 2103 2256 381 1344 2264 1209 1271 2711 528 1155 1970 1404 1854 2658 998 1100 7 1565 512 14 2449 1403 2803 566 2225 382 2551 2559 778 1583 2026 2157 411 2841 2618 1031 1879 1246 1997 764 752 1354 2304 2369 1204 2049 2252 923 343 2008 813 579 1188 2349 38 2582 450 2426 924 1139 2536 8 1751 394 517 791 473 66 862 1210 1287 2459 763 567
000812.jpg,924 1471 953 2841 2216 1363 411 1188 761 2179 594 1502 1757 986 167 1605 1488 650 894 1723 1916 1400 419 1687 2197 2153 2494 1184 2554 1205 1139 2346 214 1882 2502 2567 1397 475 1371 396 2816 2043 2678 1255 1171 1250 2573 2768 281 2810 2203 1979 335 750 1232 38 189 2620 334 2060 2425 1671 1462 820 468 2483 2705 576 84 1922 2449 1336 2823 1603 2261 1227 149 941 1315 938 420 1137 8 1198 2313 636 285 1927 488 2547 448 300 2171 614 2495 1144 2030 2348 856 1013
000813.jpg,2510 70 431 2561 1839 1753 1125 2777 1035 2772 1390 2077 2478 601 2 2663 1759 2757 2323 1075 2532 2644 962 1801 529 1810 395 1798 461 502 1114 1207 1334 714 2471 898 103 634 284 1976 374 1333 2583 72 1908 1767 702 251 1137 2277 1107 2242 1558 2601 1310 903 1427 1986 1928 1830 2299 1087 2072 2661 1597 1197 65 803 2022 1394 2829 578 581 400 783 1166 2350 2759 1298 1608 1219 789 1821 1001 545 1346 1065 364 646 1230 1757 2381 76 2504 1176 571 1590 1442 614 2699
000814.jpg,2792 118 567 2065 887 808 1791 819 1667 1585 2575 2328 2793 975 7 1354 875 919 2416 952 311 1769 25 1531 151 1470 998 513 2778 2658 1211 2488 748 2310 1742 662 2150 930 380 816 2267 2299 823 1085 193 1174 1583 399 177 1808 1553 1628 568 2668 142 2064 988 986 921 2165 1263 2005 2217 882 2636 2151 123 2364 555 901 73 1519 2163 1431 1492 1670 427 1233 536 2380 247 1243 2251 401 1757 2078 2449 1946 796 2730 1581 1969 2572 2475 710 1886 1322 767 1511 1455
000815.jpg,85 611 1319 2044 188 2411 1656 2528 2790 1644 1624 817 1926 1934 2817 943 1102 2300 635 221 1405 556 987 1407 312 2501 2832 547 2082 2270 1386 2045 1584 2023 1617 258 1422 463 1796 1993 712 1029 4 259 826 2755 283 1788 2544 2564 550 1552 860 1737 1208 1569 2454 2670 2800 562 2397 1328 64 1146 2721 2419 2069 2307 100 266 2344 1983 1417 715 2545 1190 1045 2358 1202 2076 2837 613 1545 1381 2631 1782 2724 1428 2477 1092 2034 900 2676 1414 2241 2011 2836 2574 1369 305
000816.jpg,1781 2164 2091 239 2794 2311 525 1248 625 2280 822 654 2137 1435 245 679 1356 49 113 252 1598 1505 2232 408 1282 858 2173 139 383 838 356 1127 209 1506 192 216 1568 296 2396 2070 1780 1168 1299 1124 2053 61 455 2236 1787 1037 1297 653 1293 1262 2669 27 655 1141 580 1097 89 2025 782 31 131 2062 1692 1018 2632 1022 1143 268 1715 207 788 1831 225 1635 1011 805 2406 159 2402 1275 1503 643 390 1655 1647 1216 1706 1472 2531 806 430 1026 33 2465 2505 1475
000817.jpg,2049 631 1604 1981 1237 607 530 2282 2596 1518 1290 2093 446 813 1613 1301 1058 2064 2140 1879 451 660 1739 2664 1853 394 1000 2796 1893 2369 1567 870 360 2560 50 1017 1695 2196 921 2151 2680 855 1498 1508 1309 1466 400 791 2803 1906 94 1904 2661 1909 2156 1188 827 2299 2658 1136 1271 1634 749 869 460 528 637 2349 7 1670 1227 1031 2089 2843 255 2573 1287 1210 2559 1565 1209 871 2459 229 821 448 2425 1757 1384 396 873 982 508 1470 967 1987 1330 72 476 1442
000818.jpg,1721 1876 2809 1473 12 447 2291 2728 494 1055 2435 574 2766 994 725 2207 1931 864 1056 2294 608 249 657 2683 2057 1944 2708 2438 1012 2719 677 526 1874 1223 1439 274 1899 2526 1406 204 2825 692 627 482 1892 508 2220 944 2622 1557 1725 128 202 2051 271 1881 1501 1165 2741 1677 682 2509 1942 1868 2089 1408 2540 1902 2135 2183 2315 1817 1771 2302 531 2499 2589 2736 67 1443 2580 2319 2639 1548 315 140 136 1759 1833 1185 368 1433 854 899 1582 1452 444 2436 1463 2583
000819.jpg,2043 2810 2171 650 2666 2816 1891 1188 1697 2346 1916 475 1723 922 411 1456 1153 546 1221 582 285 1763 6 37 1882 807 759 2643 1865 1702 1284 1260 468 2841 620 1603 1858 820 956 1083 1090 1541 732 1761 1139 122 1227 334 750 2313 586 829 181 1082 1605 1797 1308 1380 1696 443 1570 661 2261 2167 2502 1953 2677 1006 980 1537 1250 724 372 938 1884 1502 1397 1171 905 2179 594 40 2194 1214 2514 214 2245 2216 38 2348 148 2706 298 2410 2168 624 1080 2203 1322 2109
000820.jpg,1489 1701 1710 1417 860 1788 900 197 348 2836 1045 712 2241 1617 1328 1870 2649 817 1782 2050 2011 2130 1437 463 2289 925 1679 26 1624 1369 433 169 2817 1444 179 947 489 2375 2454 1649 2790 550 2837 1381 1208 440 2528 1623 1656 1644 1663 1486 2515 2840 2424 1658 1926 735 1407 2084 2300 2767 1545 1422 1993 2769 606 1983 221 1029 2397 2826 2707 2439 1319 1054 1796 1544 480 2419 260 1386 2411 445 51 611 1934 2714 1307 2082 1552 2076 559 2088 2034 2628 155 2832 305 134
000821.jpg,1001 2350 1810 2583 1075 249 2509 2121 67 627 1012 202 1406 1212 137 165 1825 116 1606 2558 1130 2292 97 1940 1841 2258 362 1986 2305 135 2295 1728 634 1197 2413 1931 1839 2224 2506 1035 1597 1928 1689 1757 1448 1478 2472 2408 855 1383 1962 1346 2638 1265 790 1334 1590 1296 2151 184 2220 754 2560 637 1558 1801 2493 1312 499 2299 1390 558 2526 76 739 255 1166 986 2680 2324 508 1533 2561 898 783 2323 1231 1670 1498 2089 707 2566 213 431 2354 749 1427 112 2495 1849
000822.jpg,620 1083 1702 1260 181 2643 732 759 285 807 2313 1858 2807 468 2278 582 636 1882 1318 1536 1797 6 2425 2476 1188 2261 2816 1227 476 2043 2171 956 546 2678 1723 1761 2810 2048 1856 411 1603 45 2153 894 905 820 1726 1221 1916 189 2522 419 40 1139 475 2554 42 2346 2056 1768 396 2823 650 2688 2060 2761 1251 229 1064 2720 1364 2441 95 1914 2627 2202 1960 1846 644 2386 2733 2705 2841 2489 594 1596 957 750 1987 334 783 2448 2449 1610 1093 2760 300 2498 1632 448
000823.jpg,352 2844 1925 879 1982 1539 1619 2460 557 2139 1366 2833 1863 1025 667 969 2363 2092 1480 299 2371 264 2484 1815 1242 2455 2783 2576 1660 1816 2797 2104 2633 551 2607 837 1009 2431 2385 2269 814 2063 2776 2226 1122 273 1349 1549 428 741 1530 267 1814 385 2468 867 2731 2524 234 1589 1291 2138 342 2175 1159 262 641 1735 2399 1373 403 891 1520 1509 1238 888 991 913 2094 147 2710 1571 1 2771 1684 1803 127 1059 1572 685 2727 577 226 1540 2100 1514 2444 2541 1807 2298
000824.jpg,1506 1780 1141 383 2070 1356 252 2311 525 625 113 1505 1248 49 1435 679 858 1598 654 1216 408 245 455 2232 139 2669 1140 2137 1282 1781 1262 61 1829 1299 1168 822 192 1127 2794 2280 296 356 2396 838 216 207 225 2164 2025 1787 1124 2173 209 239 1924 1568 2470 1918 2279 2698 1273 1274 1692 1472 1612 2531 331 402 27 1500 2053 1503 1026 1037 1024 464 1875 2091 1293 33 2690 131 430 268 1097 2632 936 1706 471 618 726 655 653 2765 2467 200 2611 346 2565 2062
000825.jpg,2045 2023 1584 2755 258 747 770 1320 1796 2034 2545 1029 463 1948 2289 64 562 1096 1569 1416 51 2352 2631 1895 2837 1552 1586 305 1319 2735 1617 2130 439 715 860 1788 611 2721 100 1993 2272 1640 440 433 497 1417 48 1636 161 2836 2732 2564 712 1051 1544 2556 2650 2050 1649 1701 169 1045 1710 2815 2652 1782 2628 155 1407 550 1381 1362 2076 1328 992 2724 201 2439 2767 2707 1316 1218 735 2454 2011 197 622 1190 2419 2649 2713 1208 606 547 319 1897 194 2753 1422 1627
000826.jpg,2669 2025 192 61 225 207 1787 2794 654 2396 2070 1781 2280 2164 49 239 408 2091 245 525 1282 139 2173 383 838 1141 296 356 1127 2311 1780 209 1356 822 2137 1248 2232 1506 1505 252 625 679 2470 346 52 1435 2142 1481 455 418 1262 653 1216 1022 1124 113 1293 2531 2053 1097 786 2821 295 2806 241 1568 452 1503 268 1918 430 580 2407 290 1275 2244 1037 331 1822 1299 2301 1168 1140 1843 936 788 758 389 1929 780 363 402 1143 1024 495 1932 2236 1730 2285 806
000827.jpg,64 1569 1496 439 48 2721 2272 100 715 1640 562 1948 2352 1796 194 1051 305 2556 51 1218 155 2034 1096 2628 2545 1416 1316 1261 2650 1860 2433 1490 1636 2815 1658 2713 1381 1965 1453 201 2241 1544 1840 1993 2631 1584 2439 2836 2376 1782 2309 169 2837 1649 1617 2289 518 440 747 563 712 2050 2767 1901 645 1422 1054 947 1328 2130 260 2707 550 2826 1552 1045 1444 1586 445 2088 1878 497 1623 1679 2840 231 168 735 2652 2011 197 2649 2023 1148 2538 161 2755 319 659 1663
000828.jpg,2077 2478 2772 2777 1753 1125 70 1759 2757 951 1834 18 1252 2015 315 1842 2818 1557 1165 2302 2622 767 191 2561 277 2315 2702 1443 1747 2685 1938 2667 2686 889 1980 1833 688 522 1869 485 2000 1235 29 1559 2624 954 1511 126 249 2409 1451 1361 853 1989 1012 1306 1951 67 2583 297 2509 103 589 2787 646 2430 1406 1969 2299 1323 500 2314 1186 2276 1391 555 142 990 1346 426 1413 1492 1845 369 1195 931 1263 733 1236 378 202 2746 380 2172 2296 2533 1699 2143 298 823
000829.jpg,1635 390 1967 1715 1050 314 726 2715 1293 1097 999 1822 159 1143 331 580 1648 326 1011 805 1118 2765 1755 2531 1503 655 1789 1024 31 1831 2236 1475 927 1756 2406 2053 786 430 2687 1140 1655 1297 1273 467 464 1662 2698 1378 1706 1932 2059 89 799 806 1026 484 1395 2505 2465 2407 1216 780 363 456 389 1317 1281 1039 1275 268 501 2301 241 1568 2062 758 1062 324 2244 1124 1465 1923 1929 478 1022 1037 1692 628 1912 2142 1813 1875 2402 108 936 2285 1730 788 1018 1008
000830.jpg,1096 1416 1948 2815 2272 1362 1860 1636 2352 439 64 1569 1965 1496 1316 48 201 100 2721 715 562 1796 2034 2556 2241 51 1490 1617 712 1552 194 155 1897 305 1586 1584 2309 747 497 1051 1640 1658 563 1381 2433 2713 2650 1218 1319 2289 659 1993 2545 260 611 445 1422 645 2376 2088 2826 2836 2046 1328 1453 1901 2732 1148 547 1045 486 168 1782 2628 2631 2011 900 319 2553 2130 2419 258 2840 1878 674 2755 1261 992 2076 1046 1544 2050 770 440 2337 550 1029 2707 947 1623
000831.jpg,2609 2843 288 937 257 1516 1731 535 1871 1138 1800 2377 1546 2613 1894 1527 1645 1455 336 1498 811 253 2341 410 1466 406 519 742 1779 186 2145 1454 709 1385 648 673 1133 538 843 749 365 2196 1110 248 821 605 1850 773 1526 2763 2219 800 2697 1142 1309 2151 1573 2102 678 1634 338 1040 2364 2519 1794 434 1670 593 112 662 1966 435 2140 2299 2788 2560 1068 2243 1131 717 730 2087 2331 855 301 2251 2830 1174 1783 2095 2417 2005 2006 2730 1237 1020 585 1581 1079 2492
000832.jpg,1049 839 932 698 1521 1038 1754 2421 1041 13 955 2520 323 1272 1949 2210 640 2671 377 2578 828 2047 2032 56 1189 370 933 865 1374 2828 1668 536 672 1910 2602 1337 2539 2083 1431 1429 36 1329 123 743 1255 2387 121 1132 569 2428 2038 2117 2629 1588 733 866 340 979 2267 2798 2120 2221 729 964 986 193 2423 176 1553 429 2380 332 680 142 2668 988 555 2333 2786 2335 2031 432 21 901 1256 2150 878 2451 1033 2029 1492 1430 289 500 1070 1249 2227 1399 1888 2108
000833.jpg,2404 1766 2725 609 509 2464 2457 844 1889 1515 244 2115 1696 5 744 1616 957 2128 1477 2448 1426 214 1139 1602 592 1953 2348 1199 2751 1326 1171 1214 2014 1866 375 2124 498 473 22 425 1061 2109 466 163 2366 2567 388 306 909 2706 1556 1605 1637 2351 1661 2841 1365 2169 40 2502 1904 1802 270 2048 2572 1596 43 1283 2188 941 1768 2141 1744 2354 84 807 1757 1610 582 882 2566 229 2591 1726 2408 1269 189 815 2726 2168 971 851 123 2720 520 1188 1858 2060 2278 1032
000834.jpg,620 1083 1702 1260 181 2643 759 285 732 807 1858 2313 468 2807 582 2278 636 1882 1318 1536 1797 6 2476 2425 1188 2261 1227 2816 2043 2171 546 476 956 1761 1723 40 411 2810 1603 894 905 2153 45 1221 2048 2678 189 1139 419 820 2060 2522 2554 1768 1364 1916 396 650 1064 1726 2761 1251 2346 2627 42 2386 2056 475 1960 1856 2688 750 851 229 2705 334 1987 2760 2182 1610 2410 594 2608 2720 2489 592 957 1880 281 2823 95 2841 1846 1632 1371 1515 2203 1596 2188 1199
000835.jpg,807 372 1260 1865 1603 820 1541 334 1153 750 1761 1858 1221 759 285 6 546 582 2313 1227 2261 829 468 2387 476 1188 2194 669 1697 661 956 1284 411 2643 1456 1696 1702 1015 980 2677 620 1884 732 922 122 298 1560 1084 2168 629 229 1610 5 1285 1797 609 2425 1139 1083 1286 1844 1570 448 2303 2457 2115 2118 2666 1032 2791 565 163 744 1171 1661 2060 2222 1659 2014 1061 1891 1916 796 1766 189 1556 1080 2404 973 2128 2823 1263 1326 2245 1750 1280 1995 115 2567 1082
000836.jpg,1588 1132 988 193 536 2090 569 121 1431 680 36 866 733 1492 142 2078 1793 1699 1553 901 500 2217 1886 1236 1053 555 2267 2668 1033 1393 2380 1268 2117 2451 427 176 2384 359 24 2024 292 1804 2430 426 2143 1685 933 672 2335 377 828 2235 792 2350 91 646 1764 1353 1719 1952 1001 954 2583 29 1754 2509 995 1249 2798 34 2054 2629 1429 249 2589 2378 2514 2787 2428 67 853 1049 1263 1910 767 2748 627 1869 465 2409 1322 2793 1389 2795 202 2178 824 2180 2293 2038
000837.jpg,431 2510 1839 1035 70 2561 1390 601 2663 2 1801 1075 2644 2323 395 2277 1219 783 1197 1394 72 2532 461 529 1976 1423 856 1810 1906 2483 2299 637 2661 400 962 1986 1333 1753 2216 597 2089 1931 2443 1217 417 1125 156 2526 1418 576 2547 1798 1207 634 1558 2829 1137 614 2242 394 1757 2577 1641 2567 1250 1904 761 2410 1442 2583 1987 827 571 1334 905 1310 898 1114 2072 2653 1401 116 375 2777 2022 1686 306 1206 1631 1093 714 2400 545 1087 508 63 2495 167 1230 251
000838.jpg,2252 2682 1179 1651 1977 1583 2491 1578 916 227 998 2042 841 945 1920 1063 2110 639 2647 517 1579 982 2225 2379 1770 2723 763 1657 1851 928 2097 2729 9 1368 2349 1367 1239 114 919 512 1769 2026 952 1531 1470 930 528 7 2459 1566 579 2778 1354 567 1209 1154 1210 748 566 1879 1970 1854 515 778 1528 2559 492 394 923 2658 1271 2618 382 2462 2304 11 813 2711 664 791 1031 1906 2803 2603 2093 2081 694 1415 871 72 1565 164 1976 809 400 631 1819 1981 607 2775
000839.jpg,84 941 2152 909 2348 214 2502 1139 2841 2706 1866 1602 1605 1953 1696 106 2115 1525 1280 2263 96 2572 1365 1113 2623 1032 744 1171 183 2060 189 1084 1214 1632 2567 2303 1458 2203 1205 22 236 2554 298 270 1659 1570 894 2831 2457 2153 2030 2677 2109 2705 327 1502 1263 482 2620 2401 2404 6 620 1750 609 1738 1217 1922 23 2179 300 333 973 2425 2032 2160 474 882 309 629 594 275 2791 2571 1757 690 2448 2591 2079 1400 907 1560 986 1477 1380 1661 2514 448 959 732
000840.jpg,1993 1617 2241 1422 1045 2840 550 712 1552 1663 1328 1444 197 947 440 134 2631 2050 735 2289 169 463 900 518 445 51 2011 1782 2837 260 2130 259 1623 1878 433 305 155 2836 2826 1788 1679 635 2454 1895 2707 2375 1710 2088 221 2439 562 645 1544 2649 2082 1489 1369 2270 860 480 563 1381 1405 556 1658 1029 943 312 2538 1640 1636 1486 977 2133 1417 179 1926 613 1796 2832 1202 1407 2544 2424 1934 1860 2790 547 2300 1437 2650 1054 2721 826 1840 2148 2769 1569 925 85
000841.jpg,1879 394 2093 631 2049 607 1981 1237 1906 1604 2596 1613 1518 1017 1290 446 2369 530 2140 2664 1567 1000 1058 1739 451 1301 813 1695 791 1239 2282 1893 1508 1853 2559 50 1271 528 660 2618 2796 1566 360 512 2357 1031 1565 1367 2843 2803 566 2560 1309 2459 1498 2026 1368 1210 1466 72 855 871 870 2299 821 94 2089 2349 7 982 2097 749 2151 460 579 1287 637 2225 1209 255 694 763 1330 2196 1442 1154 2680 2573 1219 535 488 2469 2387 1241 664 410 2042 1670 112 731
000842.jpg,2021 1149 2320 2533 967 29 2756 754 2673 213 293 2172 2408 286 1597 2638 1689 634 1728 739 707 1231 1448 2615 1478 1265 2354 2787 1849 2413 119 184 2295 1269 2472 1804 1296 2224 1383 135 1533 558 757 1867 1722 80 2566 1719 218 424 1984 1529 19 1733 1312 2390 232 520 529 983 1945 2024 426 364 2143 789 1996 1693 24 2281 1091 962 2644 2190 1818 695 1334 1180 291 564 2827 2242 1798 1743 39 766 395 926 646 2744 1427 1786 1900 2441 2323 1801 436 2040 2260 1999
000843.jpg,2068 722 79 2665 1067 2511 1547 246 1134 1463 116 204 97 2842 2305 137 2041 2741 2135 1212 1935 899 2294 1606 1055 1944 725 1868 686 2728 2580 2766 692 2319 442 140 2292 494 1452 1126 2719 657 1130 1076 165 447 2736 12 2558 790 2435 2057 2207 508 2506 350 1841 1473 677 1825 1899 2286 1962 2825 1998 1892 2708 627 1006 1940 2583 67 2589 574 2291 1874 362 1881 2625 2248 1986 1886 1771 1677 1185 1027 1173 1931 2813 2436 2037 1639 1408 1056 1464 2258 359 1474 745 1810
000844.jpg,1752 1545 1146 312 987 2832 635 2389 85 556 1405 4 2082 2270 1934 1102 1386 221 626 547 188 2501 1624 1407 2790 2411 826 59 943 1656 2300 611 2044 1737 1319 2528 1926 2817 1644 613 1422 1552 2069 2840 817 1202 1617 259 463 2241 2544 2133 950 550 2367 1993 283 900 2631 2424 440 445 2088 1636 2011 1878 1328 977 1316 2826 1983 712 518 260 1045 1190 2076 1468 563 735 2419 2312 266 2477 1029 2289 1486 2050 1208 1437 2397 155 2148 947 1444 2375 2836 2574 965 480
000845.jpg,1908 1107 1310 284 65 702 1830 1512 903 1114 2388 1767 835 1254 2471 2601 1608 1821 250 931 502 848 684 768 103 578 1975 1340 1839 1720 395 2323 1232 1035 2494 1144 2644 1922 1397 1184 2620 851 431 2510 962 117 2503 1502 1400 529 40 1916 1075 1687 990 420 2561 374 2169 594 1845 1198 251 2502 167 1641 2768 581 1334 2179 448 1801 1205 1423 636 2624 1610 1217 783 2114 1605 1810 2197 2277 375 45 1197 1390 1900 126 2203 2278 2216 400 1235 1960 1343 1219 364 333
000846.jpg,1710 1701 1489 1417 860 1788 900 2840 445 433 197 1328 2375 2289 2011 1552 1624 463 1437 2707 1617 606 712 259 489 1045 2130 2241 2424 2084 1208 2397 817 348 2836 1679 1623 2826 987 1319 2515 675 312 1656 611 2817 2082 169 1422 1444 1934 2528 1029 645 1486 1926 2454 2790 2769 1870 2050 2767 635 2300 1895 221 1983 1386 2411 1782 2832 440 2649 977 550 1993 2270 1307 1878 556 188 2837 970 947 2076 1190 1663 2439 1381 2646 2714 622 1627 480 1054 1644 1369 2574 524 2724
000847.jpg,571 2415 2568 1065 1430 429 2333 1256 332 802 554 2743 2029 2217 1888 868 743 1562 1890 340 2423 417 2786 289 597 2227 901 1686 427 1418 1793 21 1398 886 323 1272 2421 302 62 979 432 199 361 878 681 2108 2520 2578 78 1038 893 2210 2671 933 13 640 2828 2221 370 1374 1949 2387 1668 1197 2602 1219 964 1268 955 986 1255 729 1399 1070 2324 2083 2224 2031 1390 1839 1952 1757 1553 865 1266 2493 905 72 84 1035 396 595 1558 1075 2400 783 1597 985 941 2644
000848.jpg,1096 1416 1948 1584 2815 2023 2045 2755 747 2272 258 2034 770 2545 1796 2352 64 1569 1636 1051 1316 1860 2713 100 2721 715 1496 201 48 1218 1965 439 2556 1320 497 1586 1362 562 194 1261 51 305 1640 2628 2376 1381 1658 2433 2309 155 2836 2241 1617 1782 712 2046 1544 1897 860 1993 992 1649 1417 2650 1490 563 2289 2837 1045 947 1328 1840 169 1054 2439 1029 161 1679 2130 440 2088 2767 1788 1489 1444 1552 260 2050 1701 2707 1895 2826 2735 550 463 2454 1623 817 1369 1710
000849.jpg,463 1617 197 1045 2840 2011 1993 1710 445 1663 1422 2241 1489 1328 550 712 1417 2130 900 2375 2050 1444 2289 860 433 1029 1788 2836 1701 947 169 1782 735 1552 2649 2837 440 2454 179 1369 221 134 489 635 480 2832 1679 2707 2631 518 2082 2790 1934 1624 51 1870 2769 925 2826 26 817 556 1407 2397 1623 1656 943 348 312 1486 2133 2817 1102 1926 1640 260 1437 2270 305 1405 1983 2538 562 1658 2714 155 987 1386 563 2528 1381 2411 645 188 2300 259 977 611 2515 1319
000850.jpg,352 2844 264 2833 2092 2484 299 1539 2455 2269 2139 837 2063 1009 2576 2797 1982 1815 1122 1925 2371 969 1549 1814 428 667 1589 2776 1619 1025 1159 1242 403 1735 1349 551 2226 741 2731 879 891 1366 234 273 1863 2104 267 2175 2189 2385 2412 342 1291 1571 2710 2460 1520 17 2138 1059 888 913 2524 2399 557 1480 262 2633 1238 2607 1660 1572 2486 1 2100 846 1816 1514 2403 1540 867 1618 2473 2094 1530 641 1509 2431 147 2727 1803 1373 2635 472 642 573 1622 90 127 2444
000851.jpg,567 998 919 1354 952 1769 2792 1583 118 2778 1531 1791 930 1470 748 1851 982 1063 928 2711 778 382 2491 1854 2379 1657 517 7 923 1970 2304 2729 2252 1179 841 1579 2065 945 1977 1578 2682 1210 2349 639 579 114 2225 2647 9 2723 1770 763 515 1651 528 2559 227 1920 2459 566 1209 808 1154 916 1271 2618 2026 492 2042 1368 2097 2658 512 887 1239 2361 1528 871 1367 2829 2081 1819 2462 72 776 2334 2067 701 1402 2299 2122 1963 11 172 353 809 233 1344 664 460
000852.jpg,493 1196 366 976 2174 2374 859 2672 797 1279 1358 133 548 1947 1034 1792 1930 1234 746 1861 1580 756 2004 1758 1765 2327 2461 280 588 57 2184 2418 2456 1724 210 570 1575 1276 583 2186 2125 1664 1859 793 2330 1665 1375 1497 1081 1392 2838 294 1776 2229 150 1072 2694 720 689 2541 228 801 1030 1191 1457 158 1086 2739 687 422 2206 2321 242 2662 880 857 1877 1043 263 1675 2703 1193 842 1887 885 2039 798 2123 170 421 2548 1432 2187 2198 1229 2659 1551 2581 1350 1345
000853.jpg,760 2679 1163 2122 1903 2829 461 477 1599 2074 595 208 2587 460 694 72 2469 731 2126 172 174 2775 164 1976 1784 1415 156 99 2098 1047 2577 612 2747 1241 1872 177 453 1155 401 2163 1628 1085 1404 437 399 1100 816 823 1233 380 73 1510 2156 981 2645 1219 1160 141 1906 394 2055 2443 1879 488 1154 579 1052 1717 2636 2009 306 2658 1197 1250 2483 2655 660 1757 2449 2349 566 1210 1423 2568 492 1023 1839 2459 2410 631 1986 2299 2559 515 2415 111 1256 2400 1035 1209
000854.jpg,1882 956 1153 829 1761 2194 1227 2261 750 334 661 1541 820 2387 669 476 1603 285 1221 546 582 372 807 2168 1260 6 1697 1188 1865 2425 2823 1797 1380 620 2313 732 759 2197 2643 1560 1995 2678 1536 2080 762 922 986 1757 2476 1267 1057 468 2572 411 1318 84 796 1911 1456 1462 1400 1387 2677 1083 905 2623 45 882 1336 1858 2278 448 1371 2688 629 1084 1013 636 941 1280 1866 724 2514 1315 1702 2216 115 38 2245 863 624 1032 2571 1570 37 2706 1525 2620 1726 2807
000855.jpg,2045 2023 1584 2755 747 258 770 1320 2545 2034 1796 1948 1416 1096 2272 1569 2352 64 715 1051 100 48 2815 2721 2713 2836 194 439 1649 1636 2556 1218 1261 2628 1316 51 1417 1496 1617 2837 161 1782 2767 1640 860 1586 947 562 305 201 1381 169 712 497 2289 155 2130 1328 1860 1658 1444 1993 1489 2241 1965 1788 1045 1054 2433 1029 1895 440 2707 2050 1663 735 1870 1710 1544 2454 1701 2376 2649 1369 2650 463 992 26 1679 179 173 2046 2631 2439 1362 433 1407 1897 2538 550
000856.jpg,2669 192 2025 61 225 207 2794 1787 654 2396 2280 2070 239 1781 2091 2164 49 245 408 525 2173 1282 139 838 383 1127 356 296 209 2311 2137 822 1141 2232 1780 1248 1356 1506 1505 252 455 1262 625 653 1435 679 418 1022 1481 52 346 268 2531 2806 452 2142 113 131 2470 1568 449 295 1475 2236 1124 1216 1037 1024 1275 2053 1503 1274 1875 2244 806 484 1843 1706 786 1789 467 726 464 241 780 2765 389 1378 2059 1932 2687 758 1299 290 1168 1929 331 2821 858 430
000857.jpg,629 882 1757 123 1113 986 2677 2572 2150 1139 594 1661 482 2115 1477 2706 2571 327 1365 214 909 762 1255 2348 1696 2620 1866 1602 2203 1263 2216 750 106 1171 2567 298 96 1659 300 1032 2109 676 285 2194 1400 1603 189 2089 1458 2841 270 334 1738 1221 2261 1922 1397 2079 2526 973 1570 2060 796 474 744 275 2245 2507 2705 2427 1214 2160 2831 1502 690 609 924 1205 1541 1754 637 820 1352 2554 2457 1223 894 2303 2179 1632 1703 2080 183 2591 1084 1525 850 2355 2475 1057
000858.jpg,2449 8 1671 1474 2535 325 745 1250 2216 488 167 2567 938 2156 924 2313 1371 2841 2645 1206 2483 2410 905 396 2086 1423 111 1219 1333 1188 468 42 2197 411 1610 2573 2425 2705 2400 1139 2829 1641 1144 1066 2678 1412 2816 1203 1006 84 38 149 1858 2726 63 306 300 1394 545 443 650 941 1723 1363 1171 1184 448 1226 2679 1882 2547 1729 2122 308 45 856 72 1205 1801 189 454 2179 1342 1232 1214 322 2203 744 594 1820 2751 1903 1047 1035 2060 1163 761 214 2627 612
000859.jpg,2152 2502 84 1605 941 2841 117 1184 2494 1139 40 1960 1979 1198 1205 1371 2203 2348 214 2678 1726 1502 1687 2620 851 1922 1400 2573 285 244 1632 594 2179 621 1171 1603 2141 420 2030 1987 2554 1616 1927 1882 1397 22 1199 419 2497 924 2162 2386 2153 815 1723 894 2726 2567 189 481 1214 2060 2705 300 744 2768 1364 171 1251 75 592 820 844 2751 1641 425 1219 1144 182 1515 45 448 396 1064 466 1004 375 2522 1768 2761 940 750 454 149 2737 1488 2048 1434 2261 1744
000860.jpg,1718 1385 1894 1779 406 2145 186 519 1992 2763 773 1871 2102 1731 852 1645 1007 1479 1138 1707 1682 742 937 2613 709 1526 1387 257 2318 1800 1516 320 1676 2377 1527 1325 535 1969 2262 1442 2219 392 2516 2420 1200 1511 908 1002 434 568 1495 410 2341 544 253 1978 1455 301 984 1119 336 1783 1131 1670 365 1068 1621 811 1794 2299 2730 288 2600 730 338 2151 1005 2543 2243 1142 673 605 2331 1243 248 2458 2085 2364 1548 2519 1311 946 1966 897 1546 2746 99 1020 1466 2446
000861.jpg,2045 2023 1584 2755 258 747 770 1320 1796 2545 2034 1948 1096 64 2352 1416 1569 439 715 562 48 2272 2721 1051 100 1586 51 1029 1640 2631 305 161 2289 1895 497 463 2837 1636 1993 2836 1417 2815 1788 2556 194 1617 860 2130 1649 155 1316 2767 2628 1552 1319 1381 2713 1218 1782 611 2735 1261 169 1544 440 1496 712 1710 2650 433 1701 1407 2439 201 1045 1362 947 1328 1897 2564 1658 2241 992 2050 173 518 2707 2732 319 2454 1860 1965 735 2652 2482 550 817 622 2649 1870
000862.jpg,2277 1801 529 395 2644 2323 1798 1230 572 962 1334 1561 1683 545 1197 1394 1631 374 2759 714 1898 2242 2579 617 898 803 2504 1928 1087 1166 1558 1207 101 1093 789 2542 581 364 989 328 540 499 2238 1427 251 737 1035 1839 2381 2040 766 2072 341 646 783 754 1900 407 1689 1883 1091 1996 614 1137 1346 436 1597 2561 634 291 1590 2295 1213 215 1257 739 2547 1728 2546 695 1786 2114 1333 304 431 1106 777 1971 1176 1228 2656 93 1743 558 895 135 2510 2149 2785 576
000863.jpg,2798 2629 1429 2428 377 828 2120 933 672 2038 1754 2539 358 729 1249 2083 2578 1910 2335 1764 1952 698 2031 1255 1049 1070 1189 56 986 2221 2032 176 2795 2451 536 1668 123 1033 932 1757 1431 2668 193 988 2572 2602 1525 2384 36 1393 865 2387 882 1374 1132 1084 1588 2520 680 427 292 2263 1521 1449 2150 2317 1280 839 1038 733 866 2380 2210 1553 2090 669 2828 2571 2267 2640 1170 1337 490 500 2421 2623 476 2448 1477 1793 1762 142 632 2671 1492 1223 874 640 2734 255
000864.jpg,924 1487 37 586 1082 1090 1308 1763 922 443 1006 629 2216 1703 122 2841 1456 325 2535 1697 275 1474 745 2268 2677 411 1288 2167 1188 1153 1570 1284 882 2179 1891 1916 2706 1757 123 986 2249 2666 1502 1537 1541 1400 459 298 761 334 2150 475 1205 285 796 594 327 750 820 2222 1995 1285 2346 2623 2194 448 1221 1255 2425 1661 1603 2573 2043 946 2572 1866 2554 2831 690 2816 661 894 546 2136 2261 1659 1073 2823 1738 1380 973 1922 2317 1032 2449 8 1113 2705 1397 1200
000865.jpg,1752 1545 1146 312 2389 2832 987 4 635 556 85 1405 1102 626 2082 221 2270 1934 826 1386 547 59 188 2411 1624 1407 2790 2501 2069 611 943 1656 1737 1319 2044 613 1644 2300 2528 2133 2817 1202 1422 1552 2367 950 1617 550 440 1926 283 1983 1636 2241 2419 2424 2544 1316 463 1092 817 259 2148 900 977 1878 518 2840 2631 735 2477 2088 712 1993 2574 1468 266 1045 260 445 1029 2076 74 155 1208 1190 2397 169 2050 2652 2826 2289 2837 2724 2836 2312 947 1486 563 2130
000866.jpg,1908 1107 1310 65 284 1512 702 1254 1830 903 835 1114 2388 1767 1608 1821 250 2471 2601 502 684 931 848 768 578 1975 103 1340 1720 1839 1232 395 2503 1035 431 2323 1922 851 2644 2620 2197 2494 1184 2510 1144 1400 42 45 529 1217 1397 1687 1075 990 636 1502 1845 448 117 2169 40 2216 1064 2278 2056 167 962 1810 400 2561 1536 1616 2425 1198 844 333 2624 1726 2608 1199 2079 1960 1610 1916 1318 374 818 1390 2182 581 2761 1641 171 126 251 1801 335 594 1364 2661
000867.jpg,1213 304 2546 2066 2178 2113 1389 2022 63 1115 1333 1785 1019 1228 545 1394 149 182 614 1137 2072 1207 898 2504 1166 1971 1087 737 2040 962 1257 341 1798 374 714 1230 101 1743 1561 1298 1801 251 1343 2238 1883 1693 2242 803 1106 2827 1558 2656 1786 215 364 2323 529 395 132 2149 2759 766 1928 617 2542 2277 581 1334 695 2644 983 572 1176 789 436 328 2547 1856 783 2381 2190 2441 1900 499 1631 1683 596 2787 989 95 1197 407 1093 1091 2202 1427 2114 1914 310 1898
000868.jpg,2218 1436 1504 222 2512 1052 850 2362 1305 2156 1736 2691 2355 2071 2750 1790 2449 1638 2645 2274 2201 1098 1321 1933 1671 8 2216 2450 2342 935 1806 637 2060 2083 2096 755 1188 2313 836 2161 255 1757 1688 400 189 2573 2554 2387 1227 411 7 2567 924 986 744 813 2089 2432 1952 2705 1858 1502 691 2841 300 1330 750 308 2261 1632 334 448 306 468 285 894 476 1171 761 2816 475 83 1603 1610 521 2526 1139 2153 2823 2346 1255 1916 2107 1761 2179 2425 2030 2220 229 2348
000869.jpg,767 277 1938 1833 1443 889 2686 1747 2496 1753 1125 2777 2478 2772 2077 2315 70 211 2702 951 1759 1834 2302 1165 2818 315 1460 1980 2757 369 2015 1557 1252 1989 2622 18 191 1842 2685 990 2624 297 500 1235 1845 1793 1884 1413 688 103 36 980 522 126 733 2245 988 2620 2507 1263 1023 1952 193 1323 1431 536 1511 2514 954 401 1080 2346 1188 1916 1502 1548 2216 1817 1881 475 1593 2249 2668 2055 824 2276 594 1340 1891 1711 1628 269 1353 2179 400 2667 2706 901 1346 473
000870.jpg,813 1742 243 1370 1554 1105 1396 355 337 2696 2049 660 1613 2257 631 1604 360 1237 2664 1739 1981 1673 1893 2596 1331 1853 2369 1000 1614 1271 1879 394 921 50 607 7 1695 2803 2711 2064 2299 1565 1209 855 905 871 567 488 2560 1287 1031 791 2658 1219 1404 2410 870 2449 1155 2151 2483 2559 1854 528 1066 1906 1508 869 1641 809 923 1210 2093 2304 1250 1442 1566 1309 1226 1498 1206 2843 1466 1412 1246 2829 1403 1188 2361 749 1384 2349 2443 938 2618 308 111 2107 1670 2196
000871.jpg,631 2049 1518 2282 1604 607 1981 2596 1237 1290 530 446 1301 1017 2140 1058 451 1613 2796 2093 2064 1879 1567 660 394 813 2664 1739 1853 1000 360 1384 1893 921 2369 1695 1906 749 1508 2560 50 791 1909 2680 2151 855 1271 72 1309 905 821 2803 870 488 1670 2196 2559 528 2299 2658 1206 1498 1466 1209 2618 2085 2410 2122 2829 2573 512 2459 1287 2483 942 2349 2458 1154 535 579 1210 1641 566 1136 460 1904 1219 1566 966 985 2408 2089 111 112 1442 1565 1986 1203 1412 2469
000872.jpg,2769 2454 1870 348 26 2649 480 1369 2538 925 2714 179 550 712 2130 2050 1788 1417 518 1422 445 2840 2289 433 1172 1045 735 2011 1617 860 2088 2650 161 1710 260 440 197 463 1552 2676 1895 1328 2375 1489 562 259 64 645 1701 1029 168 2574 524 2544 1983 1640 305 2826 635 51 1569 2044 1092 439 1208 2724 2721 2652 977 563 2352 1190 2707 48 2358 1054 134 1901 970 1796 2309 1993 2148 2337 611 2433 2631 1453 2564 201 1948 826 1486 715 2419 100 622 2272 1496 489
000873.jpg,1757 986 1255 281 2359 924 214 2494 1184 2387 1371 334 750 941 84 2197 820 1603 1882 2348 1139 1144 594 396 1400 1687 956 1462 1922 1641 2179 1502 1197 2216 2627 2493 2688 1198 2141 2425 1205 1166 2841 1761 1605 2030 1616 167 1488 1219 1987 1199 2203 2823 2678 2620 1928 448 1227 2502 1075 1949 2483 1423 40 2503 244 117 2495 629 905 1334 488 2567 2152 2448 1346 959 1171 2410 1979 2086 1217 1412 1206 1183 2261 851 111 1318 2421 1226 955 1536 1390 1471 2278 285 621 1397
000874.jpg,2678 2386 1726 1371 2116 1960 1880 40 2448 1198 851 2522 2807 592 1802 45 1199 2056 2720 636 644 1632 861 300 1251 2048 1364 2562 1013 620 1318 1596 1856 957 1768 1536 1064 2263 189 2160 2278 419 949 894 2153 2141 2188 2441 2079 2554 1336 2203 84 2688 1927 2761 2591 2760 2498 2182 1315 1139 844 1205 2737 171 214 1004 621 1214 2060 1171 2733 2612 42 1987 335 940 1184 1889 1343 2841 2827 2608 941 2705 2230 95 2197 815 2502 1616 466 481 1144 117 2261 2503 22 2202
000875.jpg,789 2579 1883 2759 2784 646 2504 1483 374 2238 251 766 803 101 328 2242 1427 576 2381 341 1900 2040 1091 291 364 2547 1801 1230 1996 1971 1898 614 777 132 407 1176 1137 695 1749 1087 2190 1257 2072 1683 2785 572 215 1786 2277 2644 2202 545 1106 436 1798 1394 962 1207 540 2745 1631 88 714 737 395 1334 2323 1476 1914 2441 898 596 240 581 1346 1743 1856 483 95 989 1561 2542 1300 63 1093 983 499 529 2699 1558 2827 1353 76 2546 1213 1228 2787 1180 617 564
000876.jpg,1096 1416 1948 2815 2272 2352 1860 1636 1316 1965 201 1051 1218 1496 1362 2721 194 2556 1569 1796 64 715 562 1261 439 2713 100 305 51 48 2034 1584 2309 155 497 2241 1381 1586 1658 2545 2628 1617 712 1640 1993 2433 1897 2755 2376 2836 2650 563 260 747 2045 1782 2023 1544 1552 1490 1328 2826 2289 2046 258 2454 1901 2088 1422 319 1045 231 2767 169 2837 947 2631 1148 1369 2439 168 1679 1878 992 860 2130 1444 645 1840 1623 900 2707 1054 1649 550 445 2050 2652 2649 2076
000877.jpg,631 2049 1518 2282 2596 1290 1604 1981 1237 607 1017 530 446 2064 1613 2093 1301 2140 1058 813 451 1879 1384 660 394 921 2664 1739 360 2796 1000 1853 1906 1567 1893 2369 1695 2085 1271 942 2458 966 2156 855 905 50 488 821 2483 870 2573 2410 1508 2560 749 791 1066 1641 2680 1155 1309 1206 1219 2543 1239 2151 2107 308 1466 1498 1412 111 535 2803 487 2299 1226 1566 2089 2559 1371 94 72 2449 1209 528 985 1183 869 1670 1909 2459 112 322 2196 637 2645 460 2060 691
000878.jpg,536 2090 988 193 1132 1588 121 569 1431 680 36 1793 901 2217 142 1492 1553 1393 866 2668 176 733 1033 1699 2078 555 500 427 1268 2384 2267 1053 2451 1886 2380 377 1049 828 1249 2335 1910 1754 2798 933 1236 1764 292 698 2795 1429 1952 2629 2038 2083 672 2249 2032 2293 2055 1189 2589 2120 2117 839 1817 2150 123 1881 56 932 141 2378 2793 177 2428 401 1674 624 1023 2449 1027 889 2387 1582 882 1074 136 703 1322 1521 1892 1474 1550 995 1255 2003 2167 1263 2514 1484
000879.jpg,1236 2267 2380 1492 142 2078 802 1699 1430 1553 1886 429 1053 2333 555 2387 1041 2047 1001 2350 2539 866 2299 2583 1670 1890 293 437 1255 2151 986 868 1431 1952 1346 334 750 1757 933 646 1603 820 743 2808 1761 2787 2348 1329 36 1175 1888 1139 1466 2570 2083 554 410 2839 2117 878 359 2680 1740 214 2009 870 535 594 821 453 411 1442 1188 1205 807 1872 2568 308 691 2217 1613 2029 2449 981 2107 2415 2658 400 2179 1227 1502 7 2668 2089 1256 901 1922 306 2156 956
000880.jpg,1055 1944 2728 725 2294 2207 447 2766 2825 1056 2741 692 2736 1126 2135 2319 2842 494 204 899 1547 442 2719 2057 2511 1463 1935 2435 1134 2041 246 1899 2291 2580 1874 1067 146 2248 1223 686 2068 2813 574 722 2665 1464 647 2382 1937 79 1076 2708 1868 140 1452 657 1639 2286 2683 1185 1408 1473 2639 1777 2393 677 948 1942 12 1892 1677 271 2438 1439 682 1721 2625 2558 2440 2037 994 1771 1998 864 804 491 2499 627 526 2809 1088 165 329 2051 1825 608 1876 2350 2569 482
000881.jpg,2491 1179 1977 2682 945 1578 1651 841 639 1920 2647 1579 2328 2252 1063 1770 9 2723 114 1470 1531 748 916 2042 1528 982 1769 919 227 952 1354 2097 1583 998 2778 2225 2459 567 1851 763 930 2379 515 1154 517 928 2729 2349 1210 887 579 2304 492 2026 1657 923 1368 566 1367 1239 512 2559 1854 528 2618 778 382 2462 7 2711 1209 2334 1566 1819 819 1970 2081 1667 1402 2658 1271 1585 98 776 1864 2575 781 2110 1351 723 1031 2603 1344 1204 353 276 812 2209 460 1577
000882.jpg,2210 640 13 2520 1272 2421 1038 2671 1949 323 2578 865 370 729 933 2828 1374 2387 2602 1668 2568 432 2415 2221 571 2083 332 429 820 2108 1952 1562 743 1065 1188 1227 1266 2423 2029 2640 340 1070 1256 411 1399 2031 476 1430 964 2333 878 2786 1268 285 802 1603 2493 1761 1890 979 417 289 2743 597 1686 40 955 21 2227 2224 1888 199 1462 334 2261 868 681 1418 554 306 1139 783 2816 986 98 359 375 302 78 1398 750 905 2449 2810 592 1515 1197 2043 2829 396
000883.jpg,1569 715 100 64 2721 48 439 1796 562 1640 305 51 155 2034 2545 2650 2433 1993 1860 1496 2713 1490 2272 1584 2556 2631 2309 1453 2376 201 1948 1617 1381 1658 2352 2241 712 1636 2836 1096 194 1782 1544 2628 2439 1316 1051 169 1045 1422 2837 2050 1840 440 563 1901 2289 2130 1218 1416 2815 2826 168 1328 1965 260 518 550 947 2088 2649 1649 1444 1878 1261 2707 2454 645 1369 735 2538 747 2023 497 259 445 1552 1586 1623 231 900 1054 2011 2652 1148 2755 1679 860 1029 1417
000884.jpg,2000 2054 1361 1451 646 1559 727 658 589 1951 485 2787 1306 44 1447 376 16 483 1469 1300 1353 240 1672 1749 1178 832 1513 2437 1535 1161 2540 2409 824 1389 1115 1346 954 1836 1773 1847 2317 1990 1593 2700 751 2113 2066 1685 1804 2249 2016 2695 2178 1523 792 2080 2129 2555 441 1482 1727 2383 1116 683 1224 1244 2490 845 1714 1713 47 1642 2523 1795 1760 863 1869 2296 339 1120 761 2180 1057 254 1147 2422 34 373 104 321 1380 1646 853 393 2136 946 1263 371 2405 29
000885.jpg,2066 1213 2113 2178 304 1019 2546 1389 1115 1175 63 2022 1333 2787 646 1785 293 1346 1228 924 1951 485 545 1306 359 594 1685 1502 2203 761 2567 2841 2179 1139 20 2216 2816 1394 214 1171 103 2573 1603 2348 1214 2620 1757 22 614 986 750 2521 306 1397 954 308 334 2449 333 1671 149 1669 2043 148 1188 2554 510 2156 189 2060 2107 453 1632 2220 1400 1137 2072 2705 1205 727 1931 1361 744 2153 1922 8 411 2526 658 83 1916 2810 1740 473 400 2583 2346 1255 300 765
000886.jpg,941 2152 2502 1605 84 2841 214 2348 1139 1171 2751 744 22 1214 2567 244 1616 957 1927 2141 2404 509 2060 1199 189 815 1987 1371 1632 1889 454 844 851 2162 2197 894 1960 419 924 2203 2554 420 1766 171 1602 621 2153 2620 40 300 2726 1907 2705 1364 481 2768 167 1184 2464 2612 1397 1953 2678 117 1744 1726 1866 909 1217 2725 1488 2030 2160 2503 2079 1064 594 1198 2386 2591 592 2760 2448 2494 333 1502 2608 2179 1205 856 2230 1144 2761 2706 45 1979 1880 1637 1315 2182
000887.jpg,2024 426 2143 24 213 2430 1689 1597 634 1804 1719 2533 1149 2320 29 2638 286 2673 2172 2408 853 91 792 2787 2235 2296 967 707 2178 2113 646 2014 2066 2124 1326 2508 2725 1951 2366 1766 2054 1389 752 473 1161 609 1061 376 1353 2404 658 359 163 1115 589 1469 240 2409 727 1236 1361 754 1886 1447 988 1513 1685 1889 1847 193 1132 293 2000 1728 485 1556 1559 2111 466 1588 1300 306 1306 2128 1602 1451 954 2078 1125 411 995 1165 1865 1696 16 2571 142 744 1773 1753
000888.jpg,1730 1929 295 1275 2687 2806 927 1789 1240 2301 1655 1831 464 1706 268 131 504 1875 1026 2407 2236 999 331 1475 1262 1097 806 1293 1813 2715 31 1008 1022 326 2059 159 484 580 324 1039 33 1143 456 125 653 1822 1011 1378 1662 1843 455 2765 1912 1932 2531 1923 2142 1281 467 241 1024 780 788 363 1062 840 655 418 495 2285 108 430 501 1568 1503 1335 2244 452 1274 389 2062 1755 89 1297 1118 786 346 1787 290 2698 314 2429 2316 2232 52 1635 726 2565 390 1273
000889.jpg,1752 1545 1146 2556 1316 2389 1102 2790 950 312 2832 2367 1624 2069 1926 1496 221 59 2528 1407 1644 2300 1656 635 2817 2411 817 943 1202 987 1965 1636 4 1934 85 1405 556 2272 440 2270 1386 1649 547 2836 626 2082 2501 613 826 2241 2837 735 1782 1737 2050 1796 169 860 1328 712 1584 611 1617 1381 1799 1045 947 2767 1840 2840 1218 1319 1444 1658 2454 2044 1417 518 1096 1710 2352 900 188 194 1422 155 1948 1993 2289 1054 1788 305 283 2538 2628 51 2439 2815 2649 2714
000890.jpg,1349 352 969 1025 234 913 2399 1520 1618 1 1572 2727 1815 2226 307 1540 2541 2175 403 414 1571 2063 1514 2635 2834 46 511 1539 17 837 2710 2298 2444 349 1009 2246 2473 2455 1159 1630 1684 573 2158 2340 342 273 551 2844 961 2619 1215 2517 1615 697 642 2215 264 1059 2138 71 2100 846 2524 127 2339 2529 810 958 2104 892 2466 195 223 267 718 1445 2486 2484 2783 600 787 2372 2271 638 2255 143 1360 685 2709 1338 386 1129 30 2338 1698 1939 891 1440 2223 317
000891.jpg,1663 947 712 2836 1328 1489 1444 2050 1710 1417 1369 1045 1782 1617 2130 197 2649 2837 860 2011 169 2241 2454 1679 1701 179 1870 2707 2767 735 1422 26 925 2289 1649 463 2840 1381 440 445 1054 550 1623 817 433 1658 480 348 1624 2790 1993 221 900 1407 2714 1788 2817 1644 2528 2832 2375 1029 51 943 1656 1544 2300 1437 489 1926 1102 2769 1934 1218 635 1552 2411 645 1405 1796 2439 2397 312 1208 970 1569 2082 1983 305 1486 2538 611 562 260 1319 1640 2084 2631 1092 2352
000892.jpg,2414 107 1177 2550 2604 2641 1507 2176 55 1669 1104 728 397 1194 575 2754 2019 1691 834 2080 1482 1523 441 2555 2695 333 2661 309 584 2383 827 400 2239 2495 373 845 736 1016 306 2169 2288 856 1943 1180 1919 2395 1217 1922 926 1144 2073 1035 2326 1727 167 1423 473 83 564 1641 796 20 1326 2245 1950 739 541 1014 2296 761 1818 792 1900 2508 766 1310 1353 1593 205 1883 1263 327 1801 896 2014 2630 2573 1401 469 2058 2620 1971 1502 436 1257 465 298 2426 2124 1106
000893.jpg,2305 97 116 137 1212 1606 2292 165 1130 2558 1940 1962 2665 1825 790 1067 2506 1841 2511 246 1547 1986 2258 2068 1134 362 722 79 508 2583 359 2842 1183 1463 1810 994 204 2041 1935 2573 646 864 2551 1462 2561 255 761 2400 526 2625 2135 1075 1330 1001 1801 871 2449 1035 488 2787 1091 2546 2350 2086 1729 545 2741 1931 2209 1879 924 1488 1219 1226 1820 274 608 2829 2359 251 865 905 2641 1197 1900 2493 2495 1346 1104 1052 1839 2785 2754 55 1137 1066 499 63 1427 701
000894.jpg,2798 1429 2629 2428 377 2083 2120 828 1910 2335 933 1764 2038 2795 672 1952 1249 358 1754 56 2032 1189 729 2539 1337 476 1449 2387 669 2640 1084 2578 1431 1070 176 36 1806 733 1793 698 193 306 1049 536 2449 988 2221 2031 2448 2668 2512 829 1255 372 986 2150 1227 1521 2090 1474 2111 1757 2508 680 2451 500 123 2623 1280 866 34 1033 2823 1393 2572 1638 1933 229 1797 1525 427 2194 959 661 853 932 2384 2263 1696 8 2317 1032 901 2071 1904 1889 2380 839 2261 473
000895.jpg,348 26 2454 1870 2769 925 2649 1369 480 179 2538 2714 712 550 2050 2130 1417 1045 860 735 1788 1422 1489 518 1701 1617 1710 440 1328 1993 197 64 463 1569 2241 2011 2840 48 445 2721 562 100 305 1663 2289 1948 1096 2836 817 51 645 715 1796 1624 2375 1054 947 439 433 1782 1552 260 1640 1416 1029 2707 2034 2352 1444 2837 2650 1658 1679 1381 155 169 1172 2528 2088 1649 611 2419 1218 194 900 1319 1644 970 2300 1926 2826 1623 1407 1983 2545 635 1486 2556 524 2544
000896.jpg,1489 1417 1701 1710 860 1788 900 1328 197 1870 712 1617 348 1679 1045 817 2836 1437 2649 2050 2011 463 1624 2790 1369 2130 2241 2289 26 1444 1663 433 925 1926 1623 179 1782 489 169 2817 1649 1407 947 2300 550 2528 1644 1993 1054 2837 2454 2084 1796 1208 606 1656 2707 2375 221 2424 1422 1381 1486 1658 440 2767 2515 2840 735 1029 2826 2714 1545 2397 2411 1096 260 2034 51 1569 1627 1552 305 2721 2439 2769 2088 2082 715 480 134 1983 2076 562 1102 2628 1386 1319 1544 645
000897.jpg,1559 1971 1786 1257 1106 1451 2000 751 1361 2787 1593 832 2656 2437 2149 1672 1836 2700 2129 954 1685 824 2016 1535 1116 1713 1714 1178 1346 1224 1990 1353 2540 683 1693 2054 1951 727 483 646 1306 1300 1773 589 1389 485 1115 44 658 2111 47 2180 240 1447 1057 2296 2523 946 792 1838 16 1795 2422 1749 371 2317 1523 1760 376 34 441 1943 1161 1513 1620 1712 321 2113 2239 1195 676 2695 378 1869 465 2066 2178 2409 2245 1950 1594 1380 1469 1482 2275 2073 2518 104 603 2555
000898.jpg,1548 269 531 1725 368 2499 444 1263 1833 1200 1326 2051 2014 1712 1747 2249 1165 1502 796 2245 1443 1750 1817 1439 676 1570 1760 2685 298 1938 306 2179 1007 2302 277 767 980 2303 1088 191 1884 594 2124 946 315 889 1711 205 1659 2296 2000 792 1285 2318 1205 1582 824 1537 44 327 907 473 2180 2573 136 954 2686 2599 2677 500 2203 2118 1661 2154 1682 629 1284 2195 1603 465 1397 1267 1557 73 915 1501 1243 2746 1954 400 1061 1406 1922 1113 1131 2315 1073 275 423 1881
000899.jpg,1213 304 1394 545 2546 63 2022 1333 1785 2066 1228 2113 2178 149 1389 614 2072 2277 1801 1137 1019 761 1483 1087 182 898 1558 1631 1207 789 714 1115 1230 529 1798 395 2644 341 783 572 2547 581 1298 737 251 374 132 2323 924 962 1106 1561 2040 1883 2242 1176 1093 2114 1166 2190 215 1257 1091 2656 1856 1334 2504 576 1786 1971 2202 695 803 1683 1693 1900 1898 2579 646 1743 1914 2737 766 1476 364 1343 2238 436 2381 101 2785 1427 989 2827 2149 2787 596 291 2441 328
000900.jpg,2098 2747 1145 1047 612 1976 461 477 2775 1163 2829 2122 174 1023 1415 760 164 72 2679 595 208 2587 141 156 2055 1903 694 172 731 460 1784 1241 2469 2577 2126 1599 1100 2074 1404 2645 1155 783 2156 1906 1879 1035 1904 2449 571 473 2410 394 905 1093 400 1898 1981 1757 306 2242 2661 2216 827 2400 540 1179 1729 1052 1889 167 1188 488 2252 1839 1977 2658 453 401 729 691 1631 2573 1087 479 1203 308 545 2107 1206 411 1342 1066 1744 2510 2459 831 2349 2786 1401 1232
000901.jpg,2669 2025 192 61 207 225 1787 2794 2396 654 2070 2280 1781 239 2173 245 408 2091 139 2164 1282 49 838 356 525 296 209 1127 1141 383 2311 1780 2232 2137 822 1248 653 418 52 1505 295 1022 1481 455 2806 1506 1293 1262 2142 580 346 1356 1097 31 268 625 1275 1274 1929 159 2244 2236 2531 679 131 2715 1216 1730 252 1143 1568 1435 449 806 2053 1011 1706 2765 326 1037 290 1843 1124 1024 464 2687 786 1503 1789 1813 2470 1875 504 1475 927 1822 1831 1932 780 331
000902.jpg,1710 1701 1489 1417 860 1788 433 2289 900 197 2375 2840 1328 445 2011 463 2707 2130 1624 348 712 1617 2241 489 606 1623 1045 1437 1679 2084 1319 2836 817 1444 1895 2082 611 1870 1552 645 1656 2424 2817 169 2050 2515 1422 1029 2270 1208 2767 259 675 2769 2397 987 1386 2826 2649 440 221 1782 947 2454 1663 179 2300 2790 1934 59 1926 188 556 2837 2076 2439 1486 1649 1627 312 626 550 2367 2528 1054 635 1993 547 2714 161 1544 26 1381 735 480 173 2411 1307 2646 2650
000903.jpg,105 1778 2394 416 1946 11 7 151 2793 975 513 883 2696 568 2416 243 808 337 25 1585 1370 301 1331 1419 2331 1325 2830 1002 819 2575 875 1614 821 2697 1742 1142 2005 1442 1681 1573 1581 2087 1200 487 2519 1992 1040 800 1554 673 1968 2730 1966 1673 2658 1170 1152 318 1495 610 678 1424 1020 813 435 311 908 1705 2718 593 2147 881 118 2065 2600 1068 2417 1105 717 1455 2593 2449 1036 1119 434 2299 2458 1396 2102 519 1625 605 2243 1077 355 490 2257 2251 874 710
000904.jpg,601 2663 2 18 1842 1390 2510 431 2561 951 1035 1839 1834 2818 1252 2015 2532 2323 1759 1114 2757 1075 1767 634 1810 962 529 578 2583 395 2644 1801 1798 315 1952 702 1418 1334 597 2671 1830 1821 1219 65 1928 417 250 473 103 714 2029 1333 2759 2299 1166 1608 461 2829 1197 72 1986 2295 581 2787 2277 2242 2324 1533 1728 156 1107 1310 2653 646 375 684 1689 76 2577 754 1557 2388 2350 2471 1241 1597 306 2661 289 1427 436 1207 1001 1265 502 364 425 2568 135 1256
000905.jpg,1752 1545 1146 2389 312 2832 987 1102 59 1624 4 1934 2501 2790 635 221 1656 1405 1407 626 2411 440 85 556 1644 2528 1202 2817 2082 943 1316 1926 2069 735 2367 2270 1386 2241 2300 547 950 2556 1840 518 1737 1636 817 826 2050 2044 169 1617 2836 1422 2840 2837 188 1045 613 1782 712 1649 611 550 2439 155 2826 2538 1319 900 2454 283 2649 1544 445 947 2011 1799 1381 1444 1328 260 563 2133 259 1552 480 1437 2088 2130 1496 1965 1796 305 1878 2424 1993 1486 179 1870
000906.jpg,1096 1416 1948 2815 2272 1860 2352 1636 1965 1316 1496 201 1218 1362 2556 1051 2721 1569 194 64 562 1261 715 1796 2713 305 439 100 51 48 2034 1586 497 2309 155 1658 2241 1584 1381 2628 1640 1897 1617 712 2376 2650 2433 260 563 2545 1544 747 1490 1993 2755 258 231 2836 2088 1552 2826 1148 1901 2289 319 2046 1782 1422 1840 2439 1328 1878 168 2454 2631 2732 1453 550 1045 645 2652 2076 169 2767 2130 2023 947 992 2045 2837 900 440 161 559 659 1123 2050 1486 1369 784
000907.jpg,2437 1672 1836 1749 1057 44 16 1990 1447 2700 376 1469 2317 1535 1593 824 832 1178 1224 2249 1727 1116 2555 834 2058 683 47 1449 1713 1714 1838 761 2129 2180 1773 1277 1353 1795 1300 483 1161 1346 1513 1483 2111 83 2016 751 2296 2000 465 1620 2554 792 845 1147 240 2523 441 1482 2153 2695 96 1632 1847 1760 894 2383 603 2096 1523 1456 2422 34 2518 2080 1919 205 269 1638 1032 1995 1120 400 762 2563 1732 1548 1764 1073 2166 1790 2054 2275 1284 2194 2030 993 2313 2335
000908.jpg,1545 2389 59 1752 2367 1146 950 4 626 1799 1202 826 2082 1737 2270 440 556 2069 613 547 1386 1552 611 2840 463 1319 312 1407 635 1029 2289 2312 2477 283 987 1993 735 259 1624 134 1788 2837 2375 2088 2148 2832 85 1045 1895 169 1468 1934 1617 2076 2241 550 1649 977 1584 1878 1544 2735 445 155 433 563 2050 2133 1422 260 860 2439 2130 2300 1656 1172 1405 1316 1328 188 2652 173 900 2424 1926 2501 817 904 562 1148 161 197 965 2650 1486 2631 2836 51 1636 266
000909.jpg,1663 1328 947 1617 1444 712 1045 1679 2707 2836 1782 2130 1623 1993 2241 1489 1710 1054 169 2011 445 2767 2840 1422 860 2837 51 2050 1552 1381 900 1649 2454 1369 197 1417 2289 1701 440 645 1658 735 179 463 1029 2714 1640 1486 2649 155 1437 259 2769 1948 1218 1569 480 1544 305 433 134 562 550 348 1208 260 1416 1096 2439 2650 1796 2721 635 925 1788 1253 26 1870 1307 1190 2419 188 2082 2826 563 2088 1261 559 1624 2133 2375 2652 817 2352 1934 2544 439 1895 1983 2631
000910.jpg,1588 1132 988 193 569 536 121 2090 1431 680 36 2117 1268 1041 1329 933 2539 2839 1952 2047 866 1255 359 986 2387 2808 1492 142 1757 453 2570 2449 646 437 1001 2078 2083 2583 2333 802 2350 1019 1139 7 2787 293 306 2009 411 1603 214 1793 2348 1346 820 901 733 2216 2299 1430 2217 1553 1175 1699 2573 2151 334 2792 473 594 448 750 1872 429 400 2567 761 1931 981 1502 2658 308 8 1188 1061 1922 2404 2203 1205 2060 163 2841 2089 555 1766 1890 1053 500 2620 2179
000911.jpg,1506 1780 1141 383 455 2070 2137 1262 2232 1356 822 113 252 1140 1248 1829 1505 1568 1216 49 525 1781 408 1435 1168 1299 1127 245 1282 2311 139 654 625 356 296 2794 192 2669 1274 2280 61 2470 2173 2279 1273 209 2698 838 679 1924 2396 1598 216 858 1124 27 239 207 2765 1503 2025 1024 2531 2164 2053 225 726 1787 464 1706 2091 1612 653 799 805 1143 1918 2062 1472 89 1500 331 2632 1875 580 1037 31 2742 1297 2715 1831 1692 2236 1755 1293 402 200 2316 1097 1118
000912.jpg,234 2399 1025 1815 1520 2063 352 1572 913 2844 1159 1009 837 2727 1 2455 403 1349 264 2484 2541 969 1122 1539 2158 307 2834 2092 1618 1589 267 1366 2833 1814 2226 2783 2215 2139 46 551 1540 1925 342 1615 1816 2189 1619 892 891 1982 2635 2633 223 1571 1660 2371 2797 299 1480 349 2460 2607 667 879 2340 685 2385 1238 2431 2298 2731 867 17 1291 557 2269 2403 1863 2710 2175 741 1684 2363 814 2576 414 1059 1242 1514 385 2412 226 90 511 961 642 2104 1698 2100 2444
000913.jpg,743 2423 1430 2568 1888 429 2415 289 868 1890 199 1256 1562 554 332 340 21 681 878 2029 2421 2786 2108 302 417 1398 361 1038 2743 893 802 2227 2221 1686 78 597 62 2333 323 2578 432 1399 886 964 933 986 1418 2828 1374 2671 1070 1668 1065 2031 979 1272 2520 571 2387 2602 1949 13 955 1255 1266 729 1952 2210 1757 923 370 1354 1268 640 1197 2559 2304 2224 1851 1219 2469 952 1390 930 2778 1210 865 2083 1528 2618 2074 2348 1928 2379 2324 1166 919 214 72 1597
000914.jpg,1492 142 2078 802 1699 1553 1053 1430 1886 555 429 866 1236 2267 2380 1431 36 2668 2217 1033 680 901 733 1588 1132 500 1793 176 1393 536 427 988 193 1890 2451 292 2384 2333 2090 868 2032 1682 1263 73 2387 2038 672 1322 1346 1352 828 2350 2475 1189 2299 1001 377 1406 933 1888 767 2463 1754 1429 29 2054 2428 380 624 249 315 1243 399 1233 1750 1869 2583 2514 56 554 2000 1012 1451 1479 2120 123 1603 1361 2293 2409 750 676 2245 2335 823 1387 2151 796 646 2302
000915.jpg,924 1363 2216 1471 1487 953 2841 1703 1288 761 2502 2567 1605 333 2152 419 856 2153 2554 1214 214 22 1171 986 63 581 149 2751 2114 1217 2816 1483 1371 2678 1044 1856 2573 894 189 2022 905 167 1632 1188 1671 737 1255 8 2441 1927 1139 1333 1213 1184 2449 1250 1502 2726 1219 2202 1757 1336 614 2043 95 1394 2823 1641 1315 1013 2197 783 335 1687 2179 2079 2705 2547 132 1104 2060 1914 2542 1093 2190 411 488 1801 304 1931 594 1726 2313 215 636 1230 621 1476 2230 2242
000916.jpg,1038 2421 865 1949 2520 2210 1272 2786 340 2671 13 640 979 2227 332 323 729 1256 2578 554 571 2743 2029 868 289 2640 2221 1888 1562 1065 597 1890 1070 2108 417 1374 1418 2031 1686 933 2602 2828 1266 1668 21 429 1952 743 2415 964 1399 886 2568 986 1430 1197 199 681 1757 1754 1041 2387 2423 1398 2083 1255 905 783 2333 2224 214 878 62 370 2410 432 893 1931 1219 302 361 802 1558 2324 1346 1139 2493 2348 898 1268 2247 714 985 955 1616 2489 1846 2323 1333 1928
000917.jpg,956 2194 1882 1227 2261 661 476 669 829 1153 1761 2168 1260 1221 546 582 285 6 2643 620 732 759 1083 1702 807 1541 820 1797 1188 1697 750 922 334 1603 2313 468 1865 1456 2425 1858 1570 37 2043 2823 372 1139 411 2666 2623 2816 1763 1090 2810 2387 2171 1560 1866 2263 894 586 1525 1400 1891 1916 1911 2677 1380 762 724 2841 629 1280 1696 2705 1032 2346 594 1487 475 1284 1084 2153 2554 2572 986 1995 443 2514 2060 1082 2831 2179 122 189 624 1757 2167 275 229 2706
000918.jpg,2185 1411 2584 1129 1684 1440 1694 2517 795 2298 143 2529 386 718 1360 2271 2524 2616 1630 2363 2801 958 810 1445 1514 787 1294 697 2246 2460 2619 1446 30 557 665 1939 638 1112 273 1258 1215 2481 71 1270 2444 2139 2833 1366 969 2104 879 2844 1925 1242 1982 1619 1480 1863 1816 2385 1373 667 2455 2468 2731 1814 299 2092 1122 641 264 888 2710 1539 2576 2175 2771 2633 991 837 1571 551 1660 342 2431 2672 262 1652 1947 2776 1735 1549 1009 1776 1059 1589 1698 867 2371 2607
000919.jpg,1993 1617 2241 1328 1422 1663 712 1444 1045 947 169 1623 2707 1679 550 51 2840 2050 2289 2130 2837 2631 1782 2011 305 440 2836 735 155 1552 562 197 1381 1658 2454 900 134 2439 260 518 1544 1640 445 1796 2767 463 259 860 1054 1878 645 2088 1369 1895 1788 2721 2649 1569 1710 635 2826 1649 563 1489 1417 433 179 2650 2538 1860 1218 480 221 2270 2082 1405 556 2714 2817 2769 312 1407 1636 943 1029 439 85 2375 547 2628 715 1934 1926 348 2790 2424 925 1486 2133 1386
000920.jpg,1752 1545 1146 2389 312 2832 59 987 4 635 626 556 2082 85 2501 1934 1405 2069 826 547 2270 2367 950 1386 1102 221 1407 1624 1656 440 1737 2411 611 188 1316 1636 2790 2133 2044 613 1319 2241 943 1202 2300 1552 1840 518 735 550 1878 1422 2837 2424 283 2817 169 259 2840 1092 563 1649 2836 2419 2826 1617 2528 1926 260 1983 463 900 1644 2050 817 155 977 2148 1468 1782 2088 1045 2652 2544 1486 266 2289 965 2439 1544 2477 445 2556 1428 2397 712 1965 2631 1437 1993
000921.jpg,2600 1705 487 2543 2085 942 1681 966 2458 1384 1495 337 2262 2392 1017 2660 908 1290 921 852 1978 1518 1002 1742 1119 54 542 1331 2596 710 2064 1614 1673 2282 2259 984 2696 2257 2782 1676 2357 320 1718 243 1370 355 1567 1396 2796 2140 451 1301 446 1058 186 1554 1385 1779 1519 151 813 1479 530 1909 568 662 1682 1871 513 1152 1325 519 1992 1105 2147 1077 2132 2318 2593 1036 1750 1613 1247 318 416 1138 25 1442 1263 543 709 544 2145 2730 907 292 2420 69 1005 1670
000922.jpg,1944 1055 725 2294 2728 2207 2766 447 2825 1056 2741 692 2135 2736 1126 2842 494 204 899 2319 1547 2057 1463 2719 2511 2435 1935 442 1899 1134 2291 2041 246 2580 1874 1067 686 2248 2068 2813 1223 146 574 722 1464 2382 2665 1076 1452 647 1937 79 2708 657 1185 2286 140 1868 1777 2683 1639 677 1473 1408 2639 1942 948 271 2393 1677 2438 682 1892 12 804 2440 1771 491 2037 1721 994 329 864 2625 2569 2809 2558 1592 526 1876 1439 1998 608 274 1931 444 165 2051 2499 2704
000923.jpg,1083 620 1702 181 1260 2643 759 732 285 1858 2313 468 807 2807 582 636 2278 1882 1797 1318 1536 6 2476 2425 1188 2261 546 2816 1227 2171 2043 476 1221 1723 2048 2810 1768 956 2678 650 1761 2761 411 1603 1916 820 40 189 2346 475 45 42 1726 2153 229 396 2060 1139 1364 2522 894 2627 419 905 1064 2056 1251 2554 2386 281 2705 2760 2608 1610 594 2182 2823 1960 334 2720 2841 2489 750 1856 2688 851 1846 1515 592 1880 644 2498 1596 957 2079 2449 1502 1987 744 1605
000924.jpg,210 2461 1792 1276 793 1034 1861 1859 1580 2418 57 2125 1234 1392 1072 280 1930 2004 1665 570 2174 1375 1358 689 2229 2327 294 1758 2456 421 493 746 1575 77 1724 756 1664 2374 2694 663 704 1193 1030 2581 1279 158 2206 2330 366 2186 1551 2838 242 170 1576 880 287 1432 1345 514 798 1043 1292 2703 1086 1716 1377 438 82 2662 185 2127 133 884 859 934 2187 228 470 2155 1348 2198 2002 1522 2672 797 2659 1196 2321 1653 130 1765 857 2039 1776 842 1675 1887 548 1494
000925.jpg,1786 1971 1257 1106 2656 2149 1693 2787 1559 76 310 1357 2288 2827 39 1743 1900 132 564 2381 2495 1091 581 926 983 989 1176 1180 1451 2190 1818 215 2040 2441 695 614 436 230 803 737 251 2000 2202 149 95 777 1137 2504 341 789 364 1914 1996 2745 2785 374 596 2281 2114 1346 766 2542 1427 1207 2238 646 2072 1856 88 1483 2547 576 1476 291 63 1333 328 101 2579 182 1230 1334 2546 1798 1213 2242 751 2644 395 1361 1343 1561 2759 572 962 2493 545 1166 1883 1801
000926.jpg,1721 2809 1876 1473 12 1439 1406 2291 2057 249 2051 368 1012 1725 494 2435 2499 2683 637 2719 574 1931 627 447 1874 444 2438 2622 1899 657 2708 1223 274 608 692 2183 994 682 2657 2509 202 1886 598 67 1548 136 482 1817 2583 2598 255 1501 2089 2639 1088 1555 1557 2526 1001 1902 2599 2589 944 128 677 1757 2704 1881 531 1477 2308 2350 1433 864 1582 2766 1592 1165 2436 508 1185 2319 882 526 521 2728 1777 2762 2712 854 123 2302 1711 986 2150 1833 1944 2220 915 1613
000927.jpg,2252 2682 1179 1651 1977 2491 1578 841 945 1063 1579 639 2647 1920 1770 9 916 2042 2723 114 1583 1531 1470 748 227 2328 998 2097 982 1769 919 952 1354 517 1528 2225 763 2778 2110 928 930 2379 1851 1657 2729 567 2349 515 1154 2459 1210 2026 1368 1367 923 579 778 2304 566 1239 512 7 492 528 382 2559 1854 1566 1970 2618 1209 2711 2658 1271 2310 72 460 2081 1879 664 1219 887 760 2462 2577 813 1907 156 1976 861 1214 957 2775 394 164 172 1217 1819 461 1415
000928.jpg,472 961 2138 1803 352 1862 1069 2444 2595 1571 17 1811 127 551 1540 573 2758 642 2635 1828 1629 846 1618 2738 2100 147 1059 1509 1341 600 2486 1607 2835 166 2709 641 1622 405 2710 2473 1964 1807 349 2340 2338 2385 1167 969 1278 1295 577 2372 195 1215 2175 991 888 1524 1355 2771 2094 267 2255 1338 1530 46 342 317 2223 1060 1539 1698 262 2431 2253 537 2614 203 1373 223 685 1615 2208 1078 741 2466 2811 1349 1025 1242 1238 2740 160 2412 1101 2246 1291 2013 2648 2339
