imageName,Corresponding Indexes
000001.jpg,84 941 2152 2502 1605 2706 2841 2348 1139 909 214 1602 1866 1953 1987 1525 1371 106 2572 1280 2263 2623 1171 1084 96 2567 2109 1661 189 1032 1927 2678 2141 2115 1632 244 2751 1214 2060 22 744 2554 1113 419 2153 1696 894 1365 1616 1726 1960 815 621 183 1659 2303 1205 2831 40 298 1184 2203 2705 1198 1570 2448 924 117 1364 2197 1199 2726 2162 1979 454 45 2677 1251 171 957 327 2522 851 481 594 6 1064 300 2494 609 2404 167 2030 2401 2179 762 1738 1880 1502 844
000002.jpg,2044 2411 1656 2501 1934 2528 635 1644 1102 1405 2790 943 2817 221 312 987 2832 85 1624 817 1407 1926 2300 188 556 611 1319 1386 547 2082 2270 1422 1983 1617 259 2574 1190 2670 1993 1092 712 1029 1552 826 2397 2544 2676 463 2344 74 2724 2800 1208 550 2837 2631 2307 1428 1045 1796 2011 1158 2840 445 283 2419 2007 2084 1328 2836 562 2454 2652 2538 1788 219 2069 4 977 2424 1782 2707 2564 1146 2088 64 622 606 2133 1414 2050 900 169 1848 305 439 100 2721 2358 178
000003.jpg,2609 410 811 538 248 843 1133 648 1079 1516 434 709 253 2219 336 1424 1498 2341 1466 544 2843 2549 937 1455 186 1634 257 1783 2151 1131 1454 1794 1546 1110 112 2746 94 338 1573 605 2788 365 535 610 717 1138 730 2364 742 1243 1871 1005 288 673 1379 2730 1731 1707 2299 435 2290 1894 1966 1309 1040 593 2830 2560 2196 1020 1581 749 2251 1670 678 1311 2763 870 2377 2613 1007 1969 2005 1527 1142 1850 2102 2697 773 1800 2492 1968 1325 800 1992 855 568 2519 774 1174
000004.jpg,2809 1721 12 1473 1876 67 627 2657 2685 1868 2583 1886 1027 657 637 140 255 1165 482 1810 1548 2561 2598 1390 1035 2249 2506 394 191 619 1075 217 2302 790 1839 2617 508 442 1406 393 249 2712 2251 2089 1931 2589 2136 2427 2580 1263 677 1753 2315 2829 2719 1244 2445 2308 1817 1980 1833 692 2704 1557 2772 1879 1439 1012 767 1906 2509 1219 2622 2475 2708 1250 531 1881 136 2041 1125 994 944 104 614 1962 1511 1330 2779 2535 202 1998 269 1501 997 2665 1130 2292 2526 1969
000005.jpg,499 1631 545 2277 1801 465 1394 1228 1785 529 1727 2555 540 2644 1087 1898 2058 2579 374 63 395 898 834 1334 2022 1300 1333 251 1213 2113 1558 1230 803 1137 1019 2323 1353 1561 1389 789 1749 2066 483 2178 2759 304 2546 1798 2242 714 2249 1883 1115 824 341 2238 761 2072 1207 1166 1091 1685 2504 572 1483 240 1683 2547 2422 614 1427 34 1093 1178 2542 766 581 1161 1996 2540 2381 2785 576 328 1176 2317 783 132 962 2784 1447 1971 2040 954 407 16 88 1928 777 2202
000006.jpg,1796 2545 1569 100 48 2034 715 64 439 2721 562 305 1640 51 155 2433 2713 2376 2309 201 2650 2411 2528 1584 1644 1860 1624 2817 1656 1381 1490 1658 2631 712 2241 817 1453 1782 221 2836 1617 1993 2439 1544 2790 2272 1096 1901 1407 169 943 1316 1926 2352 1405 1045 2023 2826 2300 1934 2045 1422 1948 260 85 1636 947 563 1328 635 1416 2501 2837 2044 2628 1051 1369 194 987 1496 1218 2755 550 2556 2649 2088 1102 2454 1444 2050 168 2289 1417 188 312 1965 26 1878 659 2815
000007.jpg,1938 277 1833 767 1443 889 2686 1747 2496 2510 2532 431 2702 2315 211 70 1753 2777 1125 2478 2077 2772 951 2 315 1759 1989 1460 1165 2757 1980 1035 2663 1834 369 2302 2818 1557 1390 1839 2622 2561 18 2015 1842 1252 2685 191 2323 601 990 1767 500 2249 2245 2624 461 980 1413 395 72 1333 1845 126 1418 1263 1548 1423 2388 1884 1801 2644 1340 297 2022 63 36 1310 824 269 309 1065 1502 1986 1817 167 733 931 2667 1593 2620 2514 571 684 1137 1107 2179 522 1908 783
000008.jpg,1235 990 2601 502 2471 297 103 1845 2624 688 1323 126 848 903 768 1114 1830 1186 1767 1413 1391 2314 931 578 702 2276 1340 284 2388 1107 1908 1608 250 1720 522 1821 65 1310 835 1254 1975 684 1512 2667 767 2302 2478 277 1165 1839 2323 1753 1035 2077 1125 191 395 2772 2777 1232 1723 2644 973 962 251 315 1759 1570 374 1916 1397 18 2561 803 1834 1605 1557 431 2759 2510 1938 951 1798 304 2015 2620 298 2699 1460 2178 2757 1810 1137 1015 2509 2346 2022 475 2489 1252
000009.jpg,2494 117 1659 2303 327 1198 1205 1184 1979 2203 1687 1502 275 2573 2030 1113 2791 298 2179 1922 23 1400 2620 2572 510 594 1371 690 1537 1080 1738 2263 2678 1960 1570 2521 1397 2623 1488 420 2768 1525 148 1280 1726 1084 1425 1285 973 40 851 205 1641 167 907 20 2245 454 448 474 1144 1423 2222 946 466 592 2115 2124 1263 1616 2677 2726 1605 2101 84 425 1199 375 2448 1696 2014 1326 498 2152 2502 163 2118 1219 1637 1661 629 905 306 1139 1884 953 244 941 2288 1061
000010.jpg,2267 2380 1236 1430 1553 1699 2217 2078 1492 2415 142 2568 429 427 802 868 1431 901 555 743 2333 1793 1888 1890 1886 2117 1053 2423 554 2668 1562 2029 36 1256 289 332 866 21 569 121 176 340 193 199 1033 878 417 681 2743 292 302 988 536 2108 1686 2786 2090 78 2451 62 1398 1132 361 893 1393 2421 500 597 1588 2227 2221 1754 2539 1429 1499 733 1065 1038 886 1418 2038 2629 1041 2384 323 2578 828 986 2428 2828 377 1399 571 2032 933 1668 1070 2120 432 2671
000011.jpg,799 1755 2091 805 1781 653 2164 1303 2794 1568 1395 2232 1317 314 721 1756 2402 239 1127 1647 1972 2531 1297 1503 2137 2236 822 2693 1475 1282 412 1024 1274 1011 1875 2280 408 1921 252 296 2061 131 356 806 49 2715 1039 27 1932 1843 1050 89 268 2698 495 1655 2173 561 1216 1378 525 2765 390 241 999 113 1829 464 209 290 2565 1505 1787 1140 580 1635 1715 1831 927 2053 1967 1918 159 1022 1706 1813 1168 1299 452 1143 1293 2059 1273 1472 139 1281 1262 2099 1612 838
000012.jpg,1044 2317 897 834 2555 1727 1865 2249 1621 1487 924 761 1447 2567 141 1200 376 1719 2156 1879 213 1321 2452 1469 2296 1425 1661 394 2216 2751 1757 856 908 1023 309 2150 1906 2550 612 1098 1006 1620 955 729 2829 1729 488 2122 2295 1194 1482 932 2640 752 453 333 2508 443 2679 186 2446 986 1804 1550 123 214 122 1728 785 2140 630 401 2823 2413 271 1217 2472 2573 629 984 2055 1088 1546 2024 2169 2408 2245 2547 135 1938 1255 177 1047 1471 1833 1903 2793 540 2449 1019
000013.jpg,1760 1004 182 1434 2112 75 1712 60 940 2497 1343 2737 1103 198 149 1298 1304 1999 949 954 783 1483 1333 1535 44 291 2152 1113 1685 2441 2016 16 614 1019 1749 40 1447 986 376 941 1605 2502 1469 1693 2542 84 2656 2022 1137 1223 2566 1867 2827 832 1197 1757 214 2116 2386 1502 95 1795 123 1255 1727 1251 2677 1139 1849 1856 882 856 2058 2111 2203 1874 621 1371 106 596 1346 2572 2494 983 1219 594 63 96 2149 1064 2401 1277 1529 1722 2323 894 1336 2348 1661 1960
000014.jpg,2070 1141 1506 383 2669 654 192 61 2025 1787 245 1781 525 2794 225 207 49 2311 1780 1356 2396 139 1248 1505 408 625 1127 1435 1598 2280 679 216 2164 239 252 113 2091 858 2173 1216 1282 209 1140 838 356 296 455 1924 1097 2062 1293 2698 1168 1262 1299 1822 655 1143 1692 2470 1273 27 326 580 2232 1829 31 331 344 200 1124 159 2279 33 2053 418 1706 2690 1118 346 430 464 1037 2765 1472 2316 1274 643 2467 2611 822 618 1008 2406 290 52 1568 1275 1026 471
000015.jpg,1254 1310 1512 65 1107 835 284 1908 903 702 2388 768 1608 1720 1830 1821 1114 931 1277 1620 1340 834 2079 684 990 1104 2058 309 2555 502 2471 297 1975 1013 2080 250 848 1336 333 2136 2601 2579 1767 856 1749 1244 393 462 1315 2571 2160 1235 2197 103 2831 240 2641 603 1669 1178 1323 1130 187 1727 1517 1458 205 1907 2275 2780 830 1482 1057 1194 1845 55 1450 1147 95 2630 483 2733 2547 1940 596 2401 1353 789 677 576 1186 1703 357 2705 300 2317 2624 1841 2230 1449
000016.jpg,1861 2125 210 57 1792 1580 2418 280 2004 793 1276 1234 1034 2461 1930 2174 689 570 1859 1392 1665 746 1575 1758 1072 2456 1358 1724 1664 756 294 859 663 2327 2330 493 2838 2229 366 1279 797 2186 704 1375 2374 2694 2672 77 1196 421 1776 976 228 548 857 133 1947 1716 2155 2662 1350 1030 720 1576 1457 2039 1551 158 2332 2590 2123 884 2206 287 242 1043 880 801 2659 1292 1877 798 2739 934 885 1377 263 1887 1086 2321 1191 185 1193 2703 1348 656 2581 1542 2548 1765
000017.jpg,509 1766 2404 609 2725 2464 2457 844 1889 2115 244 1616 1696 1515 5 957 744 1477 2128 2448 1426 214 1602 1953 2348 592 1139 2751 2706 1171 1214 1866 2124 22 1661 498 2109 1326 1556 375 466 1061 909 2567 2014 425 163 1637 473 1199 388 2572 1802 2366 941 2726 1744 40 2162 306 1904 84 2351 2841 1610 1605 1032 1757 2169 2508 2197 851 2502 1365 2591 1960 43 106 2150 2056 2678 565 189 1113 621 1015 448 2354 1364 2182 882 2425 229 1726 171 785 1560 2507 2152 454
000018.jpg,238 1563 28 2250 2819 2479 1532 2500 458 152 849 505 2552 2181 503 633 587 972 313 2365 2716 1827 2052 1741 2191 1704 1335 2283 2099 671 523 1680 711 2193 1376 602 1339 2557 1896 2228 2674 81 2370 847 705 2322 696 175 354 734 2689 2592 772 330 1332 2119 2681 2742 1297 92 1111 532 464 1037 1024 1831 1932 2764 120 268 1912 2527 1956 726 1655 1117 1706 2028 2806 1503 1262 1875 1140 927 2236 455 2715 131 1829 2531 1314 2687 1293 999 331 159 2062 1730 1475 1281
000019.jpg,1752 1316 1146 1840 1636 1545 1965 440 2241 1496 312 2836 735 2556 2832 1381 1658 1782 518 1544 563 2439 2840 2826 626 59 1123 2628 900 2050 4 1624 1934 169 712 1878 2367 155 1437 1422 1045 950 2837 1617 2501 2069 1486 260 445 2815 51 550 221 2389 497 2289 987 1656 1586 1640 305 1649 559 1444 2272 2790 2652 85 965 645 1102 817 1202 2130 978 2082 1407 2133 613 2817 947 1796 2538 2088 2011 2419 1148 2528 2713 201 1737 2424 1948 1096 1552 2411 2454 2433 2649 826
000020.jpg,1539 2524 273 2104 1242 879 2460 557 2363 1366 2226 2844 1619 1480 1816 1863 352 1660 2175 1982 2633 1025 2607 2833 1925 2139 1349 969 2431 2797 385 127 551 147 867 299 1514 667 2576 2092 2595 2444 2385 1803 814 2517 2269 1571 2710 1059 264 1549 2801 2473 342 2371 641 2776 1988 1629 1684 1811 2455 837 414 2709 428 2063 810 2484 1807 71 2271 1 1295 991 143 1524 913 888 577 2298 2727 1509 741 2100 1618 2783 1009 1215 651 154 2675 527 2749 17 2771 2246 1815 1735
000021.jpg,783 1093 949 2737 1343 940 2111 1856 1004 2112 1999 2441 1914 2827 540 407 2785 983 1103 617 596 2242 310 2202 95 1898 2190 1561 2745 1743 341 1434 695 198 88 1476 1683 1091 2542 1996 1176 132 2413 328 60 766 1535 777 75 2238 2295 2114 558 2547 1631 135 1693 2422 1230 1298 824 291 1801 576 832 2644 1448 1304 1224 2317 1749 2497 2016 1773 2759 737 499 2180 1116 63 1447 2323 1161 1482 1795 182 1087 364 1847 149 1672 230 1513 1019 581 44 529 1334 1469 2489
000022.jpg,2288 1357 2495 39 1818 2281 926 230 564 1482 1180 1036 2080 2114 1523 1152 1106 441 751 1786 318 2695 2000 1559 1257 581 946 1091 76 1971 2437 2239 1641 777 824 1593 845 1943 1451 2383 907 737 2132 1219 60 1900 55 215 1476 2202 1263 2497 339 1304 117 2699 543 104 1361 1693 2245 2734 2824 327 75 2204 1836 834 2787 1144 373 2555 1057 2086 1996 1184 2641 1194 2443 615 989 1538 436 2381 2073 1116 683 2542 2494 1423 1353 1528 198 83 2745 1915 1714 1751 2656 1380
000023.jpg,1504 222 2218 1436 850 2512 2362 2691 1305 2355 1052 755 2342 2450 1736 1806 1638 2645 2071 935 1790 2750 1098 2201 1321 1933 2096 836 2156 2432 1709 1911 2420 144 2593 796 612 177 981 453 380 437 401 2829 2122 1628 2163 2074 477 1023 2679 461 1233 1903 399 1163 73 1047 1085 141 816 1599 760 2098 1510 2055 2587 823 2747 1976 164 897 595 72 2469 2722 1717 174 208 599 1872 1145 1006 2446 2318 156 2452 1784 1479 1160 2009 99 2400 2655 172 1682 2126 731 2535 629
000024.jpg,1752 1545 1146 312 2832 987 1102 221 1934 85 4 2790 626 1405 2082 943 635 2270 1656 1624 2389 1407 556 2501 2300 1386 2817 547 1644 2528 1926 2411 826 1737 188 440 2044 2069 611 817 613 1202 59 1319 735 1617 1422 2367 2241 2840 1316 1636 2050 550 1552 1045 283 712 518 463 900 169 2837 2836 445 2133 2011 1782 947 1840 1983 259 950 2826 1328 2289 480 977 1444 2424 2088 1649 2538 2454 155 2148 2649 1092 2130 2544 2419 2477 2397 2631 1993 260 179 197 1486 563
000025.jpg,757 754 1728 135 558 2756 1689 213 2024 2295 426 1597 2413 2638 1533 2143 24 184 634 2472 1231 2430 1478 1804 1448 1265 2408 1312 1984 2021 967 2533 2320 1719 739 119 1149 1296 1383 2615 853 80 293 29 707 2277 1394 218 1801 540 545 529 2673 2354 2566 2644 1898 1035 898 520 1558 1093 395 1087 2172 962 1883 2323 1849 783 714 1269 1228 1839 2178 1945 1798 1683 304 251 286 792 2113 1230 232 2759 1333 2547 101 2235 91 1427 19 2224 2066 2242 1631 1213 376 2072
000026.jpg,346 2821 2467 2690 363 402 52 936 471 1438 108 478 753 2398 786 2407 2301 1481 1008 2465 2505 1220 418 628 2244 758 1022 1662 1465 1378 484 467 780 2059 2429 1918 389 430 1787 806 207 840 2634 534 1275 2687 654 2669 2765 1730 1048 61 1026 1568 452 290 2285 1692 89 2025 1929 2070 225 53 295 192 331 1756 655 2806 1097 2794 2632 2611 241 138 1612 1024 1039 1124 2142 1822 1143 1293 1647 1789 1781 653 1921 2061 504 1216 1037 2396 1317 1140 2531 113 1395 1273
000027.jpg,67 2583 627 2294 1055 1944 2728 2766 1810 725 2509 447 2719 1075 1001 2825 249 1012 2350 2121 2558 202 2319 692 2207 165 1406 2292 1212 1130 2736 137 1825 1940 2741 2135 442 899 1126 1606 1067 2057 116 494 204 686 790 1986 2842 2041 1962 97 2291 2580 79 574 2305 2665 2506 2068 246 657 1056 2435 1899 1463 1452 722 2511 1547 12 1473 1874 1868 1134 2708 1935 1223 359 2051 1869 954 1777 1886 2809 1076 2653 140 2598 1439 2589 1185 1841 2748 2436 145 1881 1817 2248 2701
000028.jpg,353 98 196 776 2474 1643 585 1625 869 1963 233 701 1819 1864 2462 2067 2081 2334 2256 781 910 1402 2361 1042 809 381 276 2103 2001 1344 2353 1600 2264 69 2027 2012 2132 871 2391 1170 372 1077 2582 1751 2141 1697 1204 2101 2677 2593 450 796 875 513 301 862 1565 1973 2691 629 820 303 2803 1210 1519 1245 923 1209 2209 1541 2559 151 1911 392 2618 528 247 1997 311 396 915 2369 1772 2336 2331 1031 975 343 1221 1384 1105 25 128 1508 791 281 539 2304 1387 7
000029.jpg,268 131 1875 2531 452 1789 2687 464 495 927 1706 1831 1655 241 2806 1730 1929 1024 1275 1843 290 1503 2285 295 2142 1262 2565 1011 53 653 1022 999 2236 455 2765 418 1475 806 726 2715 2059 780 504 1932 1923 125 2470 1813 324 1378 484 1481 1568 2244 2301 534 467 52 1026 1662 840 31 2429 1293 1097 1465 1062 580 456 1281 129 2053 2693 2407 389 1912 331 501 1822 1274 326 788 159 2634 346 1787 2232 1037 1039 1124 2062 1008 207 786 758 799 1140 89 1240 2137
000030.jpg,2414 1177 107 2604 1104 1669 2550 1507 2641 55 2176 728 397 1194 575 2019 2754 1691 1523 2383 2695 441 373 584 845 2395 1016 2080 1482 2326 2360 736 2234 2159 834 1690 1028 1450 2630 1919 187 2555 1014 1147 1646 393 1244 333 2752 1943 379 1467 469 1950 2651 32 830 993 2033 83 1626 2621 2239 2106 917 1748 2518 1805 2563 1517 1120 2780 863 1459 2347 902 309 541 924 1382 205 2733 2058 920 2368 2073 1277 2297 2254 87 2136 2233 2586 2192 1727 1809 2804 818 1192 2525
000031.jpg,1721 1876 2809 1473 12 994 864 447 608 526 2728 274 1055 1931 2719 2766 494 1056 2291 2683 508 677 2207 2438 1892 725 1725 2057 2435 1677 1439 2708 574 2526 692 657 790 1771 2294 1839 2736 1942 2220 1408 271 2825 1944 1185 1899 249 1223 368 2037 1035 2292 2625 1825 2089 204 1874 482 2051 444 1998 1012 2499 1406 431 682 531 137 1463 1868 1940 2741 394 1212 627 1592 2589 1986 2639 2319 1777 1881 2622 1433 944 2440 442 202 1165 491 939 1197 1801 1075 2183 1879 165
000032.jpg,1122 1814 264 1589 2484 2269 2092 2833 837 299 2371 2455 2063 1009 2844 428 2576 2139 2731 2776 1549 1982 667 2797 1735 1159 1815 2412 1622 2486 2189 2100 403 1338 1698 1925 2223 1571 317 2403 741 846 1994 600 2338 195 1421 1366 1539 349 17 262 642 2385 1291 1 1238 352 2717 888 1824 1862 307 267 551 2255 891 2473 2820 2273 2253 2727 1863 1520 1373 2158 1409 1025 573 1071 2215 2431 641 1807 1619 166 2811 223 1615 1816 2771 1684 1295 2738 234 1201 2266 2635 969 90
000033.jpg,1781 2311 1248 1356 2164 239 525 2091 2794 1435 625 2232 2280 1505 679 245 113 654 216 1598 252 822 2137 383 2173 49 1282 2070 27 408 139 858 1018 782 209 1472 296 356 1506 838 1568 192 2396 1127 2669 2632 1787 2025 61 1141 1780 2062 1692 1297 455 2053 1048 207 653 225 1168 1299 580 31 1612 1262 1124 1293 1026 1097 2236 1011 643 1037 131 1216 159 2402 1143 2698 2611 1961 1647 1831 1635 1140 1715 1021 1706 2406 1755 326 805 1274 464 1972 2531 1875 655 1655
000034.jpg,84 2152 2502 941 1605 183 2706 171 45 2503 2056 621 2141 398 1064 2522 2182 2760 2608 1364 909 959 236 1458 1251 2401 1139 2612 2348 2572 1987 1866 2841 244 214 2705 2263 2831 1616 565 2386 1371 2115 1602 1525 2678 1696 785 106 1726 1113 1199 1280 1953 1365 1960 2116 815 1084 509 2623 189 1032 844 270 506 1171 2591 744 2197 2761 2457 300 1768 1560 2160 40 2448 1286 22 1927 2751 2567 2079 1844 1198 1477 1283 2060 1214 1570 2048 2677 2425 298 2203 2494 229 957 96
000035.jpg,645 2011 445 2840 1054 1029 1444 197 1328 1679 1552 2707 1623 1663 947 1649 463 2289 169 2375 2837 2767 1045 1617 134 1782 2130 2836 440 2050 433 712 2241 2650 1993 1544 1253 2735 735 2439 1422 1381 51 2454 1658 2649 1895 2628 1417 179 860 1870 155 1788 550 2769 2088 1710 2538 1640 562 1369 305 348 1948 1701 1489 2631 518 161 260 2352 1840 1261 563 1218 194 1307 1860 2556 900 1096 1486 2714 1569 64 319 1051 769 26 965 1496 1796 439 2045 1416 2482 2721 2133 2082
000036.jpg,629 2359 882 2677 2572 84 986 123 1757 941 594 1371 40 1605 2150 1113 1139 2152 1960 2502 2348 1255 2494 2115 2571 214 1616 851 2678 909 1184 1866 1661 2706 300 281 2203 327 482 1144 244 1987 298 2197 1488 762 1603 1687 1602 1084 1659 750 1400 1738 106 1477 1525 334 1949 1570 1462 1199 1263 1198 2179 1032 2216 275 2705 2421 474 1726 815 1696 1221 1541 2261 2831 285 1280 820 1927 1502 2194 396 2263 2303 2620 973 1397 2503 2761 2109 1979 2841 614 96 420 924 690
000037.jpg,2291 574 1223 2057 2183 1439 2683 482 494 1874 2051 2639 1931 2435 2526 647 2704 1899 2089 2220 1433 939 598 2427 657 255 2445 146 217 1330 2499 1088 1555 677 1725 368 686 2719 2438 1185 531 2708 692 790 444 1777 682 2292 2319 1937 2569 2813 1592 491 447 128 1408 1473 329 1962 2589 1639 2580 274 2248 1501 2809 637 974 725 2506 271 1902 1942 2728 1892 1757 224 2393 2440 944 608 2308 1998 1055 2436 12 994 1677 1944 1721 136 1881 2766 2657 864 1477 1582 804 2037
000038.jpg,1045 1617 712 1422 1444 1328 1489 1710 2130 2050 1663 2454 947 860 1701 1417 2836 1782 2241 1993 735 2649 1369 440 179 26 2837 550 925 2769 197 348 169 2840 480 1679 1870 1623 1658 1381 433 1649 2707 2289 2714 1788 463 1054 1544 2375 51 2439 2767 2538 445 2011 1640 817 900 1840 1656 1552 1029 518 1934 2082 1172 2300 2817 305 1796 2270 2790 1624 221 1569 155 2650 1926 1218 1407 635 1437 1319 611 2628 943 1895 259 188 161 769 562 2528 1486 1386 64 260 2631 556
000039.jpg,2043 2810 2171 650 2666 2816 1188 1891 1697 922 411 2346 1723 1916 475 1153 1763 6 1221 546 285 37 582 807 759 2643 1702 1882 1456 1260 1761 1083 1603 820 1541 956 1090 620 750 122 334 1865 732 1227 468 1858 586 1082 181 829 1308 443 2261 1284 2313 372 1797 1139 661 2194 2841 1006 1605 1380 2167 1570 2502 476 2677 1250 938 2387 298 1502 2179 724 669 594 980 1696 38 148 1537 1397 2168 40 1884 629 973 905 2216 1995 2514 196 2410 2483 882 2348 2706 2203
000040.jpg,1656 2411 2528 1644 2790 1102 943 2817 221 1405 635 1624 1934 1926 817 2044 1407 2300 312 2832 2501 987 85 556 188 611 2082 1386 2270 1319 547 1617 712 1422 1146 4 1752 1045 1993 826 2454 1796 283 550 1983 2069 259 1202 1369 2397 305 1737 2241 900 1782 1545 2649 1092 2574 1710 2544 2837 1328 1208 2836 1552 480 860 562 2050 26 1489 169 925 947 2826 2670 1444 463 155 2011 2133 977 1381 2631 51 1417 1029 1788 2840 2721 2538 1569 1437 2419 2130 613 1701 1190 197
000041.jpg,1140 1647 2402 1918 1972 721 2061 1921 1124 1303 1216 1037 1395 1317 1756 1829 1297 1299 1168 1612 2279 805 412 2053 1924 1273 27 799 561 1755 113 1692 2698 1143 2236 1293 1472 1118 1475 936 1505 1097 1141 344 430 1715 390 1635 643 655 402 580 159 2505 2465 331 31 138 1822 314 471 1967 2611 391 2693 1506 1024 326 2632 1438 1568 1008 858 1780 1011 363 252 1274 2062 2232 2406 1598 478 2531 1781 2398 1018 1220 782 1503 1187 1648 1050 383 1048 2765 1127 1356 525 625
000042.jpg,2843 1946 2516 257 1526 2290 1005 2730 1871 1442 749 2364 1731 2746 1068 1325 2299 1511 2788 112 673 1138 1379 593 1243 2196 435 2549 1020 2830 544 937 1794 855 1968 1040 1311 1966 1581 2151 2560 2417 2697 2613 730 1110 2243 1131 678 1309 2005 605 774 1670 365 2087 1527 2377 1142 1783 2145 2492 821 1779 336 535 2519 1913 1634 2251 2680 881 1498 1969 1573 1174 1850 610 2006 434 870 717 338 1424 410 1094 800 1455 811 1936 406 1800 2102 1466 253 1992 288 1385 568 1133
000043.jpg,1083 1702 181 2643 620 759 732 1260 1797 582 6 546 285 1221 2313 1858 468 807 1882 2807 2278 636 1318 1536 2425 2476 661 2194 2261 1697 1188 2168 1153 1227 476 922 1865 829 2816 956 1761 2043 1560 2171 1891 1723 2678 2048 669 1763 1456 1768 2810 42 45 2666 2761 37 411 2263 650 229 586 1090 1726 1603 820 40 2056 1916 1064 1380 1541 1570 1960 2720 122 189 1364 2522 1251 973 475 1139 2346 2153 2705 2760 1696 2831 2167 1032 1015 2386 298 2608 1610 396 2060 762
000044.jpg,848 768 903 1830 1114 931 702 1107 1767 1340 2388 284 1908 2471 2601 502 990 65 1845 2624 1235 1310 103 126 297 1254 1608 250 688 1821 1720 835 1323 1512 684 522 578 2276 1413 1975 1391 1186 2314 2667 1839 767 2323 1035 277 2302 962 395 315 431 1165 2644 18 973 1798 1285 249 1753 298 1570 2509 1390 1759 2510 1810 2622 2561 1557 1012 601 1232 1125 1397 2077 2478 1207 2 1938 1842 1922 2772 2777 529 191 2620 1137 851 1075 2757 1144 1015 2663 1219 251 581 1263
000045.jpg,269 1548 531 2685 1073 368 2499 2302 1165 191 1035 1725 1833 1980 2315 44 1443 2518 444 1865 1075 277 1406 2296 889 202 1979 1884 1200 1747 1839 2483 2318 1810 824 1194 1593 980 1557 2437 1732 1502 1387 576 83 1938 16 1749 1285 167 1869 2561 60 1263 2494 767 1447 1284 683 1131 1456 2719 790 1012 372 249 2686 568 1390 1147 946 2180 2510 1300 2202 1682 2509 1483 2249 1661 1243 796 1057 1750 2598 1267 1195 1469 111 2653 1462 500 1943 1001 2547 1479 1020 1088 1919 315
000046.jpg,2268 1697 2167 459 1911 1380 1188 922 1763 1090 1456 1082 411 586 285 546 122 1308 2823 372 1221 6 1153 37 582 1284 181 443 620 2643 759 732 1260 1702 829 1797 661 1006 2313 1858 1083 2043 650 1882 807 468 2171 38 1761 2194 2810 2168 2666 820 2816 1603 167 1541 2261 956 669 1227 20 334 1891 1865 980 796 476 1285 1267 946 636 298 1884 750 2346 1916 1570 475 973 1536 1200 1537 1723 2593 2677 1610 2623 2476 1387 2807 1995 724 2118 1318 396 454 1015 448
000047.jpg,458 1741 152 734 1827 2674 2099 28 2819 671 1532 1339 1896 505 1704 587 2500 313 2557 2479 2181 2283 696 2228 1956 330 849 847 1563 532 2028 972 2191 2552 238 1376 503 2250 1335 354 2689 633 705 2742 1297 2814 2052 523 175 2681 2370 1021 1961 653 120 1708 92 2716 2193 1011 772 1912 1680 131 2062 1293 1097 449 1932 602 1875 159 2534 2232 580 464 2119 495 81 2773 125 2764 2053 2236 1543 2322 31 1037 2715 711 1143 1781 2365 1262 1917 1831 2316 618 1568 268
000048.jpg,1371 2572 629 1280 1960 1113 275 1084 1198 2678 2494 327 2359 2263 1525 1205 2677 2303 2623 1726 84 117 851 1659 40 1184 1687 1144 281 1922 941 1987 298 396 2203 2448 909 1199 23 2627 815 1400 2620 1032 2030 1502 1641 543 189 1423 2791 45 2503 1263 907 1139 1425 2152 1979 167 1570 2573 2060 2115 1217 1866 183 2571 2245 882 2197 1757 1219 1616 2706 96 106 1927 481 1880 594 2141 474 1285 621 2150 2761 454 1458 1802 1882 2502 973 592 1462 986 1080 1954 946 1183
000049.jpg,348 2769 26 1870 1369 2454 925 480 2649 179 2538 2714 550 2130 2050 712 1417 1045 1788 1422 1617 518 735 860 1701 1489 1710 440 2241 1328 1993 2011 2840 197 445 305 1569 463 2836 2289 64 1172 2721 1782 1624 1663 433 562 1640 2375 51 2707 260 524 169 1552 48 645 2419 817 947 1029 1444 2837 2088 900 970 100 1658 259 1054 1840 1486 1649 1983 2650 2528 1679 1381 1796 611 2826 168 1208 1623 2352 2034 2676 715 1437 2544 2200 2652 155 1948 194 1386 439 1319 489
000050.jpg,783 1343 949 2737 940 1093 2112 1004 1999 2111 617 1856 2827 2441 1561 1434 1103 983 198 1914 310 596 75 1743 2542 2785 60 695 2190 95 2497 540 2242 2745 1176 1693 2202 132 407 1298 88 182 1535 341 2016 2413 2547 1304 824 1476 1683 2656 149 1091 2295 832 2149 328 1898 2644 395 1773 1161 1334 1230 529 364 1760 2238 766 2323 2040 558 135 2759 1593 63 576 1513 1795 2022 1996 2129 1333 962 1019 954 1197 737 1448 374 2504 291 989 803 581 1712 1685 1847 101
000051.jpg,275 1200 2791 1267 327 2318 1205 2623 167 2420 2030 1184 2303 796 2263 117 2573 1387 1116 1280 1659 1057 88 1084 1144 946 1911 1476 1380 20 1371 630 205 1714 1113 1922 1995 1713 1525 1479 2494 2437 1687 1697 1856 824 2245 2202 1425 2547 1198 2745 2268 392 2317 2180 683 2726 2678 454 1400 2422 448 2167 1449 1224 2572 298 1914 1882 2593 2823 23 1749 115 1990 2101 396 751 34 2785 1682 1502 2620 1641 2203 1836 724 38 1036 2523 1960 2514 2111 2162 47 1462 2194 372 1744
000052.jpg,1624 1644 2528 2411 2817 817 1656 2790 1407 221 943 1405 635 1926 1102 2300 1934 312 2832 987 2044 2501 85 556 188 2270 2082 1386 611 547 1319 1545 4 59 2389 1328 826 1796 1202 1146 1737 626 1417 1617 712 2836 283 562 1569 1752 2714 305 2837 1788 2477 860 2050 1045 1422 2130 2088 100 2011 1710 64 2034 1489 900 1993 2707 1870 947 1640 1663 613 1584 1782 2454 2241 1649 2721 51 1369 169 2069 2367 1658 2631 1381 439 715 179 48 440 1701 1029 550 2840 1444 2649
000053.jpg,2516 1526 1325 1511 1442 2843 1969 1779 2145 1385 406 1946 1871 2102 1707 1992 730 338 773 2377 2763 1527 1466 257 1794 1243 1007 1379 336 2151 2364 2730 2299 1131 2788 1311 855 1068 742 535 1783 1138 1005 1498 544 2290 749 112 1670 1731 1020 1142 937 1966 678 1094 2746 2243 365 593 2560 774 1850 1581 870 881 1968 1040 1455 253 2417 673 821 605 2492 568 2549 2613 1913 1110 2006 1309 2005 519 2830 2519 2251 186 435 1174 410 800 2087 2680 1424 610 811 1936 2341 1165
000054.jpg,1925 667 2385 472 888 1982 641 262 2771 1509 1373 1863 1619 991 741 1807 2139 428 2731 1735 2576 1803 1295 2776 2797 551 1549 2371 2844 2092 1530 2833 1814 2094 299 1078 160 127 2455 147 577 837 2138 264 2431 2595 2269 879 2484 1341 385 1607 1589 1009 2063 1862 2189 1069 2444 2607 1025 814 1660 1122 2758 1059 1238 2633 1815 1159 1291 2412 267 891 2468 1366 2460 1811 2403 961 1629 342 1480 1816 557 403 1278 2710 2811 867 1167 1338 1355 90 1242 352 203 1539 1524 1421
000055.jpg,2045 1584 2023 2755 258 770 747 1029 1320 463 1319 611 2753 1796 2735 2724 2564 622 1552 606 1627 2034 860 2732 2676 1208 2646 2670 1788 2076 259 1895 2800 1190 1417 2626 2544 675 74 2344 178 188 2631 2307 433 906 2545 1993 2419 2287 1701 2840 2289 2084 1624 1586 1096 1983 1617 2397 1897 1710 562 1948 1362 1416 992 911 1428 1569 1414 2652 497 833 319 2011 1253 64 2482 1151 134 197 1046 1092 1328 2837 1848 2088 2411 900 1313 2721 1934 2574 712 817 2130 51 219 85
000056.jpg,1584 2023 2045 2755 747 770 258 1320 2545 2034 1796 2713 64 1569 48 2272 439 715 100 2433 1416 1096 2721 1948 2352 2376 201 1051 562 51 2556 1636 194 1316 155 1640 1496 305 712 1617 2815 2289 2836 161 2309 2628 1381 1261 1490 2130 947 1782 169 2837 2650 1218 2241 1649 2050 1417 563 463 1658 1860 1045 2088 1586 179 1029 1993 440 2631 1897 550 1369 860 2767 1544 1328 1895 260 2454 2649 168 1422 1444 1965 1552 1788 1870 2538 1407 2439 1362 2011 1054 1489 26 2046 497
000057.jpg,1697 372 285 1221 2677 13 2167 629 640 2210 1272 6 2520 281 1570 546 922 2268 1285 1911 396 1188 298 1380 1603 820 582 1541 2502 1153 122 1456 980 38 40 1537 2194 1884 1605 37 2152 2387 411 1882 661 459 829 2421 750 973 334 2118 1113 807 650 167 2666 2032 2261 5 1284 594 2494 1082 1502 1761 2726 1891 1227 1763 1189 2671 1949 690 2047 796 1219 2048 1661 370 882 1184 2627 1308 1922 20 323 448 2000 851 2168 2179 56 2571 669 1137 117 1504 1387 84
000058.jpg,28 505 523 2181 2500 175 1563 2283 458 1827 587 2819 2552 313 152 705 238 2689 1896 1741 849 734 2370 2365 2479 2119 1339 2674 81 2250 2191 2534 847 696 1532 2716 2527 972 2099 2557 2193 671 1680 120 1111 503 602 1704 633 2052 1708 2322 1831 330 711 1655 2228 1117 2592 772 1335 1332 2236 2681 1912 354 2764 1376 1475 125 2144 532 780 2806 2059 1730 2244 1932 2177 131 1281 927 68 501 268 2028 1929 2742 1465 740 464 806 456 1297 2687 1314 129 1543 1011 324
000059.jpg,28 458 505 2500 1563 1827 313 2181 2819 523 1896 152 238 734 2283 2674 587 849 2479 175 1741 2552 1339 1532 2099 2365 2250 847 2191 2119 705 2689 2370 972 81 696 671 1376 2716 2527 330 2193 1680 503 120 2557 2534 2052 711 1704 2228 633 2322 772 602 354 2177 2764 2592 1117 1111 1335 1708 2681 92 2144 2742 1297 1831 1314 68 2236 1332 532 1655 968 1543 1475 1746 2812 653 1917 1164 1912 2597 1011 1873 2028 1037 1932 131 2610 2774 1568 159 740 1956 268 261 927
000060.jpg,84 2152 941 2502 1605 2706 183 171 621 45 2056 2522 2503 1064 2182 959 2760 1364 1251 2608 236 2401 398 909 2141 2612 1139 1458 2841 565 1987 2705 2348 2831 214 1866 2572 2386 244 1953 2116 506 1726 1602 1696 1844 2263 1199 1616 2115 1371 815 1286 22 106 1171 2678 300 785 1214 1113 1525 2197 744 1960 40 1365 2751 1560 2457 844 1768 509 2591 2567 229 1032 2623 2160 2109 2448 189 1280 2048 270 1632 2761 335 1315 1927 2425 1703 2278 2620 762 1363 2476 2079 1288 957
000061.jpg,418 1481 52 806 534 780 2059 2429 2244 1662 484 1465 346 2821 786 653 207 225 290 1022 53 452 363 1378 2285 2470 758 268 1475 2301 464 2687 1787 131 467 1789 2467 478 1706 389 1275 61 2690 999 1730 1831 2765 726 1875 1024 927 1655 295 108 2407 2236 2806 1568 1220 2693 1929 936 1097 455 1008 840 471 1438 326 2634 753 402 2531 2398 31 1262 2465 2505 331 1293 2669 33 1503 2025 1822 89 1039 2396 580 2715 628 655 1011 192 2053 2142 1692 1932 159 241
000062.jpg,372 1697 2268 38 2167 459 285 2677 1221 807 1911 922 1153 1188 411 6 546 167 629 1456 281 37 820 1570 1541 582 650 1763 1082 1882 1603 334 750 2823 1380 20 454 396 298 122 2194 2666 586 620 829 1995 1761 1227 1284 1308 2261 1090 1260 732 1285 84 2726 1537 661 956 2425 2313 181 1502 980 941 1139 1858 1884 1797 2841 669 1916 2171 468 973 1891 475 2502 443 2216 759 2627 1084 2387 2222 1744 2179 1865 1525 115 2623 476 1250 40 1987 724 2043 1605 2162
000063.jpg,2792 567 118 1791 2065 1354 919 808 952 998 1769 2778 887 1531 1470 748 1583 2793 930 778 2711 819 975 382 7 1854 1667 1851 2304 1585 2416 923 875 982 2575 2328 1970 2491 1210 517 928 2349 311 1271 151 2729 1657 1179 2379 1063 1977 25 2559 945 1578 639 841 528 2682 2252 2647 2658 513 2225 2618 763 1920 1209 1579 579 227 2723 114 9 515 1651 1211 2459 916 1367 1770 2042 1239 1368 2026 566 2310 1154 2488 492 871 2361 1742 121 193 2097 1808 569 512 1688
000064.jpg,1356 1781 1248 2164 2311 239 525 1435 2091 2794 625 1505 252 2280 679 113 2232 1598 245 216 654 383 2137 2173 27 822 49 1472 782 1018 139 858 2070 1282 209 2632 408 356 1168 1299 296 1297 1506 1141 1127 838 2062 1048 2669 2402 2396 1780 192 1568 1715 1026 1972 2025 1829 805 2017 1755 1692 1961 1216 721 1612 449 1050 1021 1143 2406 1635 1503 643 61 1274 1787 1187 390 1647 138 1011 1500 2316 2053 653 2698 1293 2611 1967 2531 2279 1648 1097 580 1140 1037 1118 788
000065.jpg,589 1175 485 1951 1306 727 658 614 2072 1137 1207 1361 1451 714 1559 1115 1389 2000 1213 2113 2022 2066 63 2178 898 2546 304 1333 1558 1334 1798 2054 1019 1087 962 2409 1685 1166 1786 1257 1971 2787 1106 1300 1197 1928 954 2323 1228 395 1230 545 1785 1561 2644 803 374 572 2656 149 251 182 1394 529 1801 2149 646 293 1427 364 2040 2540 1298 93 1900 215 1693 581 789 341 634 1590 76 101 436 895 2504 737 2542 1683 2381 1513 2277 1743 2759 2242 1091 483 1483 2579
000066.jpg,249 2509 1001 2121 2350 1810 2583 67 627 1012 1075 202 1406 1944 725 137 2728 1212 2294 165 447 2825 1055 899 2736 2135 2207 2057 116 2741 1874 2558 692 2766 1130 1606 494 1825 2719 2291 442 2435 204 1841 2683 2292 1439 1223 2258 2041 97 1940 1126 362 1986 574 1088 1937 2708 135 2639 2051 2319 2305 2382 2842 1463 2224 2295 2413 677 1728 657 1639 2438 1899 368 1076 1056 1725 1935 2248 482 2511 1547 2506 1478 2143 1464 2809 2472 1195 647 1448 338 246 1197 1757 1035 634
000067.jpg,1096 1416 1948 2272 2815 1362 1636 2721 2556 1897 1496 439 64 2352 1965 1860 1569 562 48 715 1796 155 1316 1586 1051 497 2755 1218 100 2034 194 51 1584 1993 2713 712 2241 1381 305 1261 201 770 2650 1658 2628 1617 1552 2289 2545 1640 2631 2376 1490 2046 258 747 2433 2011 2836 1328 2309 1319 947 1045 992 2023 134 2088 445 1544 1782 547 1029 2735 1444 260 2767 563 817 860 2454 463 1453 611 645 319 1649 1644 1623 2050 2130 1054 2840 1422 2732 85 1369 2817 2553 900
000068.jpg,453 401 1628 2163 141 2055 1023 1047 2098 612 2747 437 760 1233 380 981 1145 73 1872 1599 2074 823 399 99 208 2587 1510 595 461 2122 1903 177 2469 2679 1160 731 2829 1976 2655 1717 2126 1163 816 477 1085 2009 2636 72 460 172 1784 694 174 1688 2775 2722 164 2274 222 1436 156 1808 1415 2577 1241 2452 1504 2218 599 2537 2642 755 935 1404 1321 2691 1100 1098 2512 1790 1006 2645 2750 2449 1089 1155 1305 569 2071 1881 2096 1474 2589 1933 2003 1757 2362 2355 2201 2446
000069.jpg,427 2415 1793 2568 901 2217 571 1065 743 1553 1430 429 1699 2380 2267 1492 802 142 2333 2078 555 1053 2423 1236 1888 868 1890 1431 554 2090 569 193 332 988 1256 36 2029 121 417 1886 536 2743 176 289 1562 2668 1686 1398 302 1393 1033 597 2117 21 340 2786 1418 878 292 866 2227 78 62 323 681 886 893 199 2032 432 56 361 1272 1132 733 2421 500 2451 2578 2108 1588 2520 979 2671 1041 1189 2047 1499 933 1038 2210 680 13 1754 370 828 377 2384 2828 2221
000070.jpg,879 557 2460 1366 2363 1816 1480 1619 2607 1660 1863 2633 1925 1982 2431 273 1539 1242 867 385 2104 667 2524 814 2139 2844 2833 1025 299 2385 2092 2371 2226 2576 2175 2797 2455 264 2484 2783 888 1549 969 2776 2468 2269 127 551 352 837 1373 741 147 1349 641 991 262 1530 1514 1807 2063 1009 428 2771 2094 2801 1803 1735 1509 2710 1078 1059 160 2529 577 1684 810 2444 2271 685 414 2731 2517 1571 1988 2138 1295 2595 787 1440 1815 342 1341 71 958 2412 1069 143 2185 1814
000071.jpg,2769 1870 348 26 2454 1369 2538 925 480 2649 1417 1788 179 550 860 2050 2714 1489 2130 1701 1710 712 1045 735 440 1617 518 1422 433 2289 197 2840 2375 463 445 2011 2241 2650 1029 1993 769 1895 305 1328 161 51 562 1640 2837 1552 1840 169 2836 1663 1782 1796 1934 1649 155 1172 1569 260 645 64 2721 1624 2707 1656 259 2439 2528 1544 635 134 2556 817 1752 1486 2544 2044 312 489 2817 947 100 1584 1658 611 2501 556 1644 1444 1407 2826 2411 2088 1381 48 439 715
000072.jpg,1140 1216 1273 1924 1124 1829 1037 1299 1168 2279 2402 1647 1918 1972 721 2061 2053 1297 1303 2698 1921 1756 1317 1395 805 1472 1612 1692 27 344 799 113 1118 412 1755 1141 561 2236 1274 1143 390 1635 1505 1293 1715 643 1024 1475 391 1097 1967 1127 936 2531 430 2611 2465 2505 159 1568 1780 2765 655 858 331 1503 402 31 2070 1822 1506 383 1050 2406 2693 326 1648 580 89 1356 1011 1008 471 138 1187 314 1781 2632 1438 2137 1598 822 216 252 1048 478 2407 654 1018 653
000073.jpg,1453 2433 1490 2034 2545 1796 2713 100 2376 1569 64 48 2309 1901 439 2721 715 2272 562 1496 201 1860 2556 1640 305 1316 51 155 2650 563 2088 260 1096 168 1965 2289 2826 1948 1584 1636 1416 2815 659 2352 747 645 518 1148 2454 1878 2755 550 440 712 2649 559 134 1486 2631 2050 2538 2840 2769 1123 1369 2130 1552 433 486 26 1840 1045 1051 2241 2553 1617 784 900 2133 194 2419 231 2439 1422 2732 2628 1870 992 445 2714 1381 348 2023 1544 547 2652 1658 1993 197 169
000074.jpg,645 2011 445 1054 1328 1663 2707 1444 1552 1679 2840 1623 1029 947 2767 1649 2837 2836 197 1782 169 1253 1658 1544 1617 1422 1381 712 1045 463 2289 2439 433 1993 51 2735 134 2241 440 2650 2050 550 1640 2130 2628 319 735 1948 155 562 2352 2375 305 439 2631 2088 64 1895 1840 900 260 1218 659 2133 161 2652 201 1569 48 2815 965 1208 1486 563 1860 1307 2272 1096 1636 1172 2721 2419 2076 2649 2826 1496 769 1796 2676 2714 2732 194 1261 173 715 100 1983 2287 259 611
000075.jpg,67 2583 1055 1944 627 2294 2766 2728 725 1810 2719 447 2319 692 2558 1001 2825 1012 2350 165 2292 249 1075 2121 2509 202 2207 1406 1130 1212 2736 442 137 2135 1126 1940 2741 1825 1962 790 2305 899 116 1067 2041 2506 1606 494 97 2057 686 79 204 2291 2665 722 2580 574 246 1452 1868 2068 2511 1463 1935 1869 2435 1899 2842 1134 2436 2598 2286 1547 140 1986 1223 1076 1185 1777 1874 2748 657 12 293 2708 2787 359 2475 1639 1439 1886 2248 1451 2054 1841 1056 2704 2683 146
000076.jpg,860 1489 1701 1710 1417 1788 161 2289 433 1895 769 1870 2650 26 348 2454 197 2375 2769 2538 1369 2130 925 173 2050 179 2649 1029 2011 2840 1328 712 480 1045 463 2482 440 2714 1444 2707 1796 550 1584 1649 1617 1624 1569 1663 2836 645 947 1054 2034 2837 134 735 2735 2556 100 319 2721 562 1496 1623 1640 445 1096 1679 817 169 1948 1782 305 1422 2767 2545 51 1416 2241 1993 715 2045 64 2528 2439 2076 770 1407 1934 2790 2300 1552 1656 48 1544 1658 1644 2411 1381 2817
000077.jpg,1894 1385 406 519 1718 1779 2145 1992 186 2763 773 1871 2102 742 1731 1138 1007 1645 1707 852 2613 257 937 1479 1800 709 1516 2377 535 1527 1387 1682 1969 1325 1442 2318 320 1526 392 2262 2219 1511 2516 1676 2341 1455 410 253 365 811 1200 336 1002 301 434 1131 605 568 544 1119 1783 1978 908 1419 1040 1068 1498 338 2420 1548 730 749 821 2299 94 1794 1466 248 1311 1495 1670 1966 673 1309 2331 1142 2151 2140 1850 2364 984 1243 1020 2730 112 2085 1005 2543 1443 648
000078.jpg,2437 1836 1672 44 1483 1749 16 1057 1447 1990 376 1469 2700 291 2317 1914 2785 1535 1178 832 2249 2202 824 1224 1476 1116 1593 576 1856 2745 1713 95 2547 88 1714 683 761 1727 2555 47 2190 2058 2441 834 2180 2129 1449 483 596 1353 1304 1103 2000 1300 1838 132 751 983 1346 1277 1743 2827 1176 2523 60 2111 1773 2016 1795 1161 34 1513 695 1999 2296 1693 83 2422 1523 2054 792 2554 1451 396 240 441 845 96 2518 789 2096 1380 954 2656 1091 419 1106 149 946 1559
000079.jpg,631 2282 1518 2049 1290 530 446 2064 1604 1301 2140 1058 1981 451 1237 2596 921 1017 1567 1909 2796 1384 607 662 1613 1742 2696 337 966 2085 2257 813 942 487 1554 2458 1673 1331 243 1105 1681 1396 1614 660 2782 1879 2093 2543 355 908 2600 1370 2392 984 1705 394 2660 1002 2259 1495 360 2664 1978 542 1621 2262 1906 1739 54 1094 1271 151 1000 710 1936 1119 1808 1188 1893 2405 1853 2274 2658 2657 774 2560 1676 855 2243 2449 1322 1581 2087 678 2450 1638 1850 2793 1321 2750
000080.jpg,2716 2552 2365 849 2819 2479 81 2500 152 175 2370 705 458 2191 587 2181 2283 1563 1827 2689 505 2534 523 313 28 238 847 1741 2119 2527 1532 2557 1896 1339 972 2674 2250 734 120 2681 696 2193 1873 2052 1376 2177 671 890 602 1704 2099 2592 1332 1156 1111 324 2265 1281 1932 1314 1912 1003 552 2105 129 2594 1293 877 456 1062 2715 1813 1955 1097 2228 968 1708 1011 2306 92 1923 159 131 501 1117 125 2789 1441 1680 503 2237 580 2144 354 2812 740 788 2774 1037 633
000081.jpg,1911 796 1479 1682 1387 144 2318 2420 1200 2691 2355 2362 2512 850 2593 1504 320 1267 222 1436 2218 630 2156 1676 1098 1380 2645 2432 1305 2071 1697 1718 946 1933 852 1321 836 1790 2446 1709 935 2096 2452 599 2201 2147 2167 459 629 2750 666 2268 1006 1082 1462 2706 99 2642 2537 2262 1621 1090 298 2132 2245 1308 73 380 724 755 2677 72 443 437 1250 2514 2829 1233 1903 2679 595 2449 897 1638 2009 1263 2122 177 1525 1052 1537 2587 2163 453 1736 1717 863 174 1548 973
000082.jpg,2414 1177 107 2604 2641 1104 2550 1669 1507 55 2176 728 397 1194 575 2754 1691 2019 1523 834 441 2555 2080 1482 2695 2383 845 1727 584 373 333 2395 1016 2661 2058 2239 1919 1180 796 2495 761 400 736 827 2245 309 2326 924 20 327 1277 2073 1943 2426 83 856 2573 2360 1641 2288 1401 2159 1950 1144 1423 167 1014 1922 946 993 2630 2169 926 187 1400 2317 1659 896 905 564 488 306 1244 863 469 1646 1818 205 2166 541 2296 1217 1205 1263 473 1184 2249 1456 1995 393
000083.jpg,243 1370 1554 1742 1396 1105 813 355 2696 2257 1673 1331 1614 921 1495 2458 966 1384 2600 942 2085 487 1705 2660 337 2064 1681 908 1290 2543 1017 2596 2282 1518 2259 360 2262 54 2782 2392 1002 1237 542 1893 710 1739 631 660 2664 984 1978 1567 1853 2369 50 1000 852 446 1981 2140 1604 2049 662 1119 530 451 1058 1301 607 1695 2803 2796 791 1909 1031 1613 320 151 975 1508 1676 1287 1946 1565 1271 394 7 2793 144 301 2147 2336 2416 2405 186 1519 1036 392 2009 2593
000084.jpg,304 2178 2113 2066 1213 1389 1394 2546 1019 1115 545 2022 63 1785 1333 1228 1685 149 954 1951 182 1175 1300 485 2277 1306 1137 2072 614 2249 1801 1760 658 727 1087 1207 1712 898 589 1558 529 714 962 1230 395 1798 737 1631 572 215 1361 2040 761 581 341 1898 924 2644 1900 374 251 1559 436 101 2242 2504 783 2238 2114 2000 766 1166 328 2323 364 1683 1786 1106 1971 1257 1298 1451 2759 1727 2381 132 803 2841 2547 1883 1027 1693 1093 1334 1353 1161 824 2579 2409 1881
000085.jpg,431 2510 70 1839 1753 1125 2777 2772 1035 2077 2478 1759 2757 2561 315 1390 1557 18 1834 951 1165 2622 2818 2302 2663 767 2 1842 2015 1252 1938 1443 277 191 1833 601 2686 889 2315 1747 2702 2685 2323 1801 2644 1075 1980 395 529 2496 2161 1333 2532 990 1207 2277 1798 1137 962 2242 954 1353 2495 1334 2699 1235 2249 1394 297 1767 1427 2667 465 634 461 374 1928 1548 269 2547 522 63 1976 2000 251 792 103 1971 1106 2296 211 688 2072 581 545 789 1511 898 2542 1230
000086.jpg,1038 1272 2421 1754 2520 2210 1041 640 13 1949 323 2671 377 2578 828 1668 2602 1374 2828 2539 672 1429 933 2032 2428 2629 56 370 2047 2798 1337 1189 729 1049 865 2120 2038 932 2221 698 964 2031 2083 1070 1910 1399 176 2423 1329 743 955 839 1033 427 123 2786 868 979 1256 2029 1890 2743 2451 2335 554 2668 289 1553 2267 1686 1393 21 302 340 142 2415 2227 555 1431 292 882 1492 1888 2217 986 1430 2568 1255 429 332 597 78 2380 2387 417 1764 1521 1249 878 1562
000087.jpg,767 277 1938 1833 1443 889 2686 1747 2496 2702 1753 2315 2777 2478 2772 1125 2077 2302 1165 951 1980 2015 1252 369 1834 2818 211 191 2532 1460 1759 315 70 2757 2510 2 1989 2685 431 1557 2663 18 1390 2561 1842 2622 1839 2624 1035 297 103 193 988 1793 126 1019 2535 1845 1235 500 1323 2323 601 990 2249 745 569 688 72 2000 1263 1333 453 2161 461 2245 1006 2022 1605 997 1047 401 36 1186 2117 1023 536 149 614 121 325 1137 2314 803 954 1474 522 2829 1080 1511
000088.jpg,1938 1833 277 767 1443 889 2686 1747 2496 431 2510 2315 2532 2702 70 1035 2757 211 1390 1759 2622 951 2561 2663 1980 2 1557 1834 1839 1753 2077 18 315 2818 2777 2772 1165 2015 1989 2302 2478 1125 1842 1252 2685 369 1460 2323 601 191 461 1986 395 2644 1548 2245 522 1263 1767 500 269 783 72 400 2249 1065 1418 2668 2667 1075 1952 1197 1256 990 1801 2829 156 1334 1333 571 2624 1398 1511 1423 2098 1976 1793 465 2111 417 2277 394 529 853 2242 2671 997 1219 36 1406
000089.jpg,2809 1721 1876 1473 12 1035 994 1394 2561 783 2435 677 2829 1839 657 637 2438 1881 2708 394 1931 1725 1817 2657 608 368 2589 274 1501 67 1801 2779 2057 2216 1906 136 545 1886 2323 1390 444 790 1165 2685 2683 574 1703 1075 864 1439 1558 2599 508 1197 2719 1810 1027 1879 1406 2526 2583 1952 1711 944 1443 682 1874 1582 2712 249 128 627 177 997 2510 1427 2291 1087 2762 915 898 2302 2051 482 1223 2169 1477 882 251 1899 494 526 1892 2507 2249 1250 2220 2509 1976 255
000090.jpg,419 2153 894 2554 96 1927 1632 106 189 2060 1032 1214 1171 2751 22 2109 2567 744 2197 1283 815 1139 1889 2571 957 2141 214 2502 1661 270 1987 1108 2404 2048 2841 1365 1605 1953 1768 2425 620 1188 732 2079 181 1797 1696 2278 1858 84 2726 856 2761 2705 2591 1227 2188 941 1880 1199 2160 759 468 922 509 2216 411 1757 2152 609 1703 244 1013 2457 2261 2313 2807 1744 1907 2720 333 1916 807 1602 752 2831 1866 2623 2162 1083 2666 285 997 1364 43 1891 785 40 1766 2562
000091.jpg,28 505 1896 458 2500 2181 734 2674 523 1827 313 2819 1563 152 587 175 2283 1741 2552 849 1339 705 2479 238 2099 2689 2191 1532 847 2370 2365 2250 2119 696 81 2527 1376 972 2534 2228 330 2716 2177 671 2193 2052 2557 120 354 1680 2764 503 602 1704 1335 1117 653 68 2681 1543 1111 2742 1475 131 2144 1708 1314 1917 633 711 2592 1831 772 1011 2812 1655 2236 1297 890 1332 1875 968 2232 806 1746 2322 1781 1932 553 2265 2774 2597 1037 1568 2091 1873 2610 2173 1912 92
000092.jpg,2044 2411 2501 1656 1934 2528 635 1102 1644 1405 2790 2817 943 312 221 85 2832 987 1624 817 1407 1926 2300 188 556 611 1319 1386 547 2082 2270 1983 1422 2397 1092 2574 826 2670 259 1617 463 1029 1552 2724 1190 2676 2344 2800 550 2544 1993 712 74 4 283 2307 1428 2069 1146 1208 2011 2631 2837 1158 977 2538 2424 2840 445 1045 1788 2007 2454 1796 2133 2419 606 2084 219 2564 1414 1202 2652 622 562 613 178 1848 1328 2836 1737 1782 2050 2289 1752 1627 305 2088 169 2241
000093.jpg,629 1113 1371 2572 84 1960 40 1144 851 327 2152 1757 941 2677 2359 2494 882 1987 1198 986 1922 2678 1184 2502 117 1219 1263 2150 281 2203 1616 850 183 1605 909 1687 2263 592 123 275 815 2141 1866 2620 1659 2115 1205 2303 1661 1458 1477 621 298 396 785 2623 106 2355 1400 1064 985 2216 2571 23 1927 2706 2608 844 1280 236 398 856 45 940 2030 796 189 1032 509 96 1199 244 2386 2245 2197 2726 690 2457 543 2348 1726 1750 1084 2503 1365 167 594 2182 333 2577
000094.jpg,1054 2707 1679 1623 1328 1663 1444 947 1649 645 2767 2837 2011 2836 169 1782 445 1658 1381 1544 2439 712 1617 1045 2840 1422 1993 1029 1552 2241 2628 197 2130 2050 735 51 440 1948 2352 1218 2649 194 2714 1253 1261 1640 463 64 1369 2289 155 1051 1416 179 1096 48 550 439 305 1569 2735 2454 2272 562 1796 433 2650 1870 2631 1417 2088 134 715 860 2721 260 2815 900 100 1486 2133 201 480 1437 1208 1489 2419 635 563 319 1840 2652 161 2045 1496 1636 2538 925 2084 2769
000095.jpg,1882 956 1221 582 2194 2261 6 1083 546 285 1227 661 1697 620 1153 732 669 829 181 1761 759 2643 476 1702 1797 2168 1995 1536 1380 636 2476 1260 2425 1541 807 2688 115 1911 1525 1603 1768 1188 2572 448 2677 820 2313 2807 1084 1318 2678 922 2623 1090 2494 84 2167 38 396 1858 629 468 1661 750 1371 2263 2278 372 971 1763 1108 1280 1560 1726 586 2554 1267 941 1659 909 2831 334 762 650 894 443 40 298 2573 905 1205 1032 1687 42 946 1456 1400 1082 2222 1537
000096.jpg,84 2706 2502 1605 2152 941 183 2841 171 621 45 1064 909 1364 1139 2056 2522 2401 2612 959 2348 1251 2503 2182 2760 2141 2705 236 214 2608 2831 1458 565 398 2572 1602 1953 244 1866 1987 2115 1696 1616 1371 1199 785 744 1113 1525 2386 1365 2263 1171 2216 1703 2567 2678 506 924 1661 2197 2404 1570 106 2591 1844 1288 22 1214 335 2109 1286 300 2751 2623 1726 40 1560 1363 957 815 189 1280 509 1032 594 2448 1960 2203 2230 1232 96 2494 986 2457 1927 2150 844 2060 2160
000097.jpg,18 1842 2663 2 601 951 1834 1252 2015 2818 1759 2757 315 1753 1125 2777 2077 2772 2478 1390 1557 70 2622 2510 2561 1165 431 2302 191 2161 1035 767 1938 1443 1839 2315 1747 277 2667 1833 522 2702 889 2686 2323 2685 1114 1075 1980 1989 1767 2624 2532 962 931 249 1798 395 211 529 1810 1334 1406 126 2496 2644 369 2509 1845 1012 1928 990 2759 634 853 1801 578 1166 702 202 1511 1969 1460 1418 1590 714 2583 1195 1427 2746 2276 1235 1413 297 581 65 2409 768 688 1219
000098.jpg,1656 2411 85 2790 2044 1926 817 2817 1934 1102 2528 1644 1405 221 987 188 635 943 1624 2300 2501 312 1407 2832 556 611 1319 1386 2082 2270 547 1422 826 4 1617 1993 712 1146 283 463 1737 1788 1029 1552 1796 2631 2069 1545 1983 860 550 2011 2544 1202 1328 1092 2454 2397 1417 2670 2045 259 266 2564 2721 1045 1569 562 977 2800 1752 1208 64 2419 715 2574 1489 1369 100 2714 2676 74 1701 2307 2724 947 2538 613 48 2344 2477 1710 1428 900 2241 1782 1190 1414 2836 2837
000099.jpg,273 2524 1242 2104 2460 2363 557 879 1366 2633 1660 1480 2607 1816 1539 1619 1863 147 2431 2226 1025 2844 385 867 1925 1988 352 2517 2175 2444 969 551 1059 814 2595 1982 2833 2738 1349 1803 2139 651 237 527 2801 1811 2385 166 1514 667 1837 685 1264 2675 342 2797 2131 2100 1571 1069 127 1564 2758 2468 912 2092 124 1181 143 2692 1684 2783 716 2835 1341 810 1622 2576 299 1964 1215 1587 1167 1549 2208 71 1629 2710 2749 600 1607 591 2205 405 2138 961 414 1509 345 41
000100.jpg,79 2068 2665 722 1067 2511 2305 1547 246 1134 204 1463 2842 116 2741 137 97 1212 2135 1935 2041 899 1606 350 686 2294 1944 2766 2736 1055 1076 2580 2319 1126 725 692 2292 2719 12 442 1452 2728 1868 494 677 140 165 2825 1130 2057 2598 2558 1464 2248 2286 2435 2813 657 1841 790 67 1962 1473 2708 447 1810 2436 2207 2583 1777 574 1639 1940 1986 2509 1874 1223 2291 2506 1937 2382 1899 362 627 1056 2438 508 359 1185 2258 1825 792 2121 2809 1001 827 1035 1721 1548 2661
000101.jpg,1314 1955 1003 872 2105 2265 1543 890 2306 2594 120 1135 877 2610 1873 649 2199 1885 1156 1099 2681 1650 552 2789 261 2597 316 1441 2237 1111 963 740 2764 1991 1109 602 1332 1917 2191 367 1164 2799 2193 68 699 1823 771 2592 2052 1117 2144 2812 2773 1852 553 1302 235 2822 1974 2212 1327 162 2343 1182 2177 1281 507 2715 2322 968 495 2774 1932 456 1335 1011 1746 159 1813 131 290 633 1875 2316 670 1961 326 1376 92 580 1704 1532 2698 2565 31 1461 1503 1912 1293 1097
000102.jpg,3 1642 254 2405 2170 2490 1958 2336 825 1246 1985 765 2536 66 1574 652 14 929 779 282 2157 2434 1136 873 2426 1745 874 2256 1600 1121 2209 233 1347 2487 1403 2493 212 1963 2324 1247 2012 2247 247 2204 632 58 2391 1595 2054 2489 2485 2734 604 1997 1447 355 243 1762 7 516 2001 1128 549 2165 2000 1577 2551 1152 764 1469 2593 869 2696 291 1346 1909 1353 44 490 813 2147 1431 1751 723 662 483 1451 1396 1334 1554 1245 2453 1370 2437 36 2699 966 1157 1384 1633
000103.jpg,1539 2833 2844 2139 299 2092 264 2371 1982 2455 2484 837 667 2576 2063 2797 1009 2269 1925 1366 1619 879 428 2776 352 2226 1863 1816 1549 1242 1025 2175 2633 1122 1660 1480 273 1349 2104 1815 2607 1735 2524 1814 2460 2731 557 2385 1159 2431 969 551 741 641 891 403 17 888 1571 1589 2403 867 2363 385 234 262 814 913 1572 127 1514 1373 2486 1 1520 2771 2473 1509 1622 1059 2412 2100 846 267 1807 342 1803 1238 2727 1291 1338 2710 1295 991 2444 2189 2094 1684 2255 317
000104.jpg,1955 1314 2265 872 2105 1003 2789 2199 2594 890 2610 1135 1543 877 2597 1885 1099 649 2306 1650 261 1873 552 1156 120 2681 2237 1441 316 1917 2812 1332 1991 740 367 963 1974 602 507 2191 1823 2764 1302 68 553 1111 2774 2799 2144 2212 1327 1109 1461 968 2193 1117 2770 2343 235 2822 1164 2715 771 1281 2177 670 2316 2052 1182 326 456 324 159 2565 2765 2592 495 89 2773 412 1813 580 31 699 1293 1297 1932 1875 290 2698 1912 533 1923 1503 1500 1097 1062 131 1852 1011
000105.jpg,1760 182 149 1712 954 1298 2112 1434 1004 60 1333 940 1685 1103 1343 2737 2497 75 198 2022 1019 1999 1304 949 63 783 1785 1483 614 1137 1605 1228 376 594 44 2072 1447 1213 1558 84 2152 214 941 2656 16 2203 1139 304 1502 2502 986 2178 1361 1757 1166 1693 2348 1469 1749 1113 1795 1979 1087 2179 1535 40 1207 1175 2113 2149 1727 589 1661 2109 2016 727 420 1488 2768 2494 707 2441 983 1394 898 2408 485 2111 658 2827 1451 1773 2566 1250 882 1602 824 1064 123 2831
000106.jpg,2656 2149 1106 2437 1786 1836 1693 751 1257 1971 1672 1559 2000 1593 1451 2700 832 1357 1361 2787 44 1990 1483 76 1057 291 1447 16 2202 2785 2827 1535 39 2288 1914 2190 1749 954 983 2745 2441 1743 1116 2129 132 310 2016 2054 1224 1176 376 1856 1713 2542 1476 646 614 149 1346 1469 293 683 1180 1714 1091 2495 564 182 215 1685 1178 2317 695 95 88 1818 1760 824 2281 1900 926 1353 581 60 2653 737 596 946 1869 803 436 1137 251 789 2540 2547 1197 1773 2518 1951
000107.jpg,2833 2844 299 2092 2139 2371 264 1982 2576 2484 837 2455 2269 1539 2797 1009 1549 2063 667 428 1122 1814 2776 1925 1815 1735 1619 2731 352 1366 1159 1589 879 1863 403 1816 2226 891 1349 1025 2403 2633 1660 1480 2607 2385 888 969 741 2412 1242 2460 273 2175 641 262 1338 2104 557 2486 2189 867 2524 17 1571 551 1238 267 1291 2431 2771 234 1622 1373 1514 317 600 2363 90 846 1572 913 2100 1509 2473 1 1807 385 2811 2717 1059 814 2223 573 2255 2338 1824 1698 1295 2185
000108.jpg,493 133 1358 2004 1792 1930 1234 2174 1861 2125 57 2672 2418 2374 1196 1758 1580 976 859 366 280 1575 1034 570 746 210 793 756 2461 689 1724 548 1947 1276 1665 1859 1279 1664 797 1392 2184 2327 2456 294 1765 2694 2838 422 2330 1072 1776 2186 2229 1375 228 588 663 242 2581 1551 1457 857 2039 1193 158 2590 704 2206 2332 2123 656 1887 2739 1229 1877 2356 2662 263 2703 421 720 150 885 880 801 77 1030 1377 1350 2548 2659 583 2321 884 2198 798 1191 170 706 1542
000109.jpg,2045 1584 2023 2755 258 770 747 1320 2034 1029 1796 1362 1586 1897 463 497 2545 1788 2564 2735 992 860 1417 1895 1710 1096 2631 64 1319 1948 1208 1701 1416 611 1993 2076 1190 2724 1552 2046 622 2753 2289 433 1569 906 2676 2732 562 161 74 1627 2837 2628 2130 1617 1051 2088 2352 1381 51 439 259 712 2646 606 1636 2670 2836 2482 2419 2721 48 1328 2707 1983 1489 2287 305 134 2544 1388 900 2652 675 100 1414 2650 178 173 1045 1151 1640 2649 2050 2084 1658 2800 2767 201
000110.jpg,1325 1526 2516 1442 1511 1969 1779 2145 2102 406 1992 1385 773 2763 1871 519 1707 2377 1007 1527 535 742 1138 730 544 2613 338 186 1498 1783 365 1466 870 2730 1731 811 1966 605 1311 1040 2299 1634 1068 1670 1424 112 336 1455 1020 410 1142 855 253 2788 1794 2560 2364 2243 2549 1005 1850 2151 774 2680 1309 2746 1581 2519 434 1131 678 593 435 1968 821 673 1094 610 1913 1645 2196 1894 94 2417 800 2492 2006 2290 1165 1110 2219 2341 709 2005 1379 881 257 1243 2251 2087
000111.jpg,1357 2288 39 2495 1786 1106 926 1818 1180 2000 564 1971 1559 751 441 1257 2281 76 1943 2695 215 230 2437 581 1482 2699 1693 1523 1091 1538 373 2114 1900 2656 2383 737 1451 436 845 2787 1593 1361 2324 2493 2149 1836 2247 2080 2489 87 1950 1846 2542 321 777 541 2653 917 2518 2381 251 2239 371 954 946 590 803 2040 2202 1116 832 989 83 1036 2240 824 1014 469 1219 2033 2824 2395 1915 1353 379 902 1427 2504 318 1996 1641 1346 364 1940 2129 1856 1535 1263 75 1195
000112.jpg,215 436 1900 737 364 2040 2381 101 803 989 2504 374 1230 766 2238 341 581 251 572 328 962 2242 2759 2579 1798 2114 1427 1683 2540 1883 2644 395 2323 1257 407 1786 1971 789 1334 1106 1559 529 1898 1091 1300 1801 1451 2542 1361 1996 2546 1389 76 1561 2000 777 1306 485 1137 1115 1951 2072 1175 926 1207 1357 614 2113 2787 2178 1818 564 304 2066 1213 589 714 1197 545 2495 727 2277 658 898 1180 1558 1087 646 230 1394 2288 2054 617 39 2656 1353 1093 2149 1693 293
000113.jpg,2346 1916 475 2666 1723 650 2810 2043 1891 2171 750 820 1541 2816 1603 922 372 334 285 1221 546 1697 37 1188 807 629 582 1153 1763 6 411 1570 2677 1605 956 1882 298 1865 2387 924 1537 1082 973 1308 2841 1761 2502 1285 980 586 594 1227 1090 1456 468 1502 1250 1884 2167 1462 2179 2494 1139 2194 2245 1284 443 2261 938 1487 1979 122 732 759 1006 1858 2483 1263 1260 1471 2313 2216 1184 2359 1015 829 136 1397 1817 661 2118 1080 167 1881 281 2712 2643 2535 1219 946
000114.jpg,416 2394 1778 105 11 883 355 1396 1331 243 2696 1105 1614 1673 1554 813 2257 1370 1419 2331 301 1946 1742 1495 908 1002 392 1384 966 2660 2458 942 2600 2110 937 632 2085 1978 490 984 487 1705 1290 94 664 1200 630 1119 2543 2596 1247 2196 1455 2697 519 1170 1077 2718 874 2843 337 1681 1518 2392 852 2452 2361 1309 585 1271 1909 568 2560 749 1621 2453 1017 2782 448 871 2087 144 7 2664 2573 673 1036 2593 1152 2830 909 2519 2793 151 1739 855 2417 2405 1600 2243
000115.jpg,1394 545 1631 1087 1558 898 714 1207 1166 1334 2277 1137 2409 2072 2323 1801 1928 1561 93 1590 895 853 1298 529 395 1213 614 2113 589 2644 2178 1230 304 1798 727 658 2249 1389 1228 2066 374 572 63 1333 1361 1019 676 2022 1175 1306 962 485 1785 341 2579 1197 1451 783 1951 2317 2547 44 2242 803 1483 2040 695 1176 2546 2737 2381 1343 1683 2114 954 251 824 132 291 1685 2542 16 1447 581 483 1300 1749 2540 1898 1900 1115 1427 789 2504 364 2190 2759 240 101 761
000116.jpg,540 1631 1801 2277 465 529 2644 2323 395 499 1334 1561 1394 853 1798 291 1197 1535 545 1230 1447 44 16 962 1483 1469 2579 376 832 374 572 1749 1683 2759 2547 2542 898 2785 251 576 1300 789 1914 2409 617 1743 1093 824 483 1427 1166 803 1087 714 1883 614 1207 95 1928 2242 2381 1346 2504 240 1558 1689 596 2016 1996 1137 1091 101 634 1898 1593 695 2190 1847 2295 581 1727 783 983 1597 2129 1035 2555 1856 2317 2249 2202 1176 2054 341 485 2540 364 1353 1999 1513
000117.jpg,1316 2556 1496 1965 1636 2815 2272 1752 1416 1096 1948 2713 2433 1860 201 2628 2352 2376 1218 2836 1796 2545 1051 563 440 1381 194 2826 2034 2241 1658 1453 1569 1782 1649 1840 1490 2790 2721 2367 2309 2069 950 497 1878 51 1926 169 2837 155 1624 260 2840 305 221 900 1640 64 562 2528 445 1146 715 735 2300 1261 712 2088 1054 1586 2707 1544 1486 2050 1444 100 860 1407 312 1102 2767 1045 1710 817 2289 1584 2832 1437 547 2439 1623 1545 1489 1328 48 1901 1417 2133 947 1679
000118.jpg,1525 2263 2623 2572 2678 1280 1371 1084 1726 1113 2448 275 1205 1198 2030 1960 1659 327 2573 1802 2203 1687 1184 1487 1199 1400 2449 924 1880 1866 84 909 2303 2791 1032 214 2494 40 8 851 2841 592 2386 2197 1671 189 42 474 941 2807 1536 2706 1471 1474 1425 205 335 1596 957 2535 325 1318 2348 1502 1139 2591 745 1232 2476 2141 2823 2498 1108 2688 1979 1953 2060 2230 2317 1602 636 96 1170 953 971 2115 1696 1757 2425 2188 443 490 1927 2562 894 419 594 2101 300 1738
000119.jpg,1055 2294 1944 2728 725 2207 1056 2558 165 1130 1825 2766 1940 2825 447 2135 2319 2719 1212 899 692 1067 2292 137 2068 79 1986 2741 2305 2736 2842 2665 627 722 204 2506 67 1547 2511 246 116 1134 442 1126 1606 1962 1452 686 2583 1868 2580 1841 97 2258 1076 140 494 2041 790 1810 1463 2057 1935 2436 12 2286 2248 2598 1012 1464 2291 249 2382 2350 1001 1406 2509 1874 574 1075 804 1223 362 2813 2121 1473 1639 1869 329 1937 202 2435 657 1777 1899 350 359 2708 1185 677
000120.jpg,1697 372 2167 2268 38 459 922 285 1221 1188 1456 546 1911 650 37 1570 411 2666 6 2677 1153 1763 122 1082 1380 475 1882 629 820 1537 829 1603 1284 1308 586 167 2043 2194 2171 298 661 1090 1541 1916 582 281 980 334 1884 1285 2346 2823 750 1891 396 2816 956 2810 2643 2313 1227 20 732 1723 759 973 1502 807 2118 443 1797 690 620 724 1006 1858 2261 796 2706 468 2179 1761 1605 1865 1260 1267 2387 2514 669 1250 1232 1015 2168 2216 181 40 1995 2841 448 454
000121.jpg,2185 1411 2584 1694 1129 795 2616 1440 143 1684 2517 2298 386 2529 718 1360 1112 958 2801 787 1630 665 1446 1294 2271 2481 2246 1445 1258 1939 1215 30 810 2619 638 1514 1270 71 697 2460 557 2139 969 2833 2363 2844 2468 879 1366 1278 1242 299 273 1982 1816 2524 2092 1619 1925 2727 1571 2455 264 1480 1122 1549 1814 1863 2100 2541 2138 2576 741 591 2731 1837 1589 2709 1812 414 600 2189 2371 2385 667 1338 2215 317 2208 1238 2484 1009 2104 267 1698 2431 2372 2444 2338 2412
000122.jpg,2068 2665 722 79 1067 2511 246 1547 2305 204 1134 116 350 97 2041 1463 2842 790 2741 12 2135 2506 137 1212 1962 1935 1868 442 2319 692 1986 2719 1130 508 2292 686 140 1473 1606 217 657 899 2294 1126 2625 1998 1408 1892 725 2712 1088 1305 1771 677 1940 2736 1076 2308 1677 1548 165 2580 2037 637 255 1055 619 1052 1942 521 2257 1944 1452 2598 994 1464 2766 1841 1250 2554 419 2440 2708 2573 1035 2558 271 1639 2728 1183 1330 2499 1839 2427 2809 2296 2813 531 447 355
000123.jpg,499 1631 545 2277 1801 1394 1727 2555 465 2058 834 1749 1228 2249 1353 529 1785 483 1300 789 2579 2644 761 540 63 240 1087 2317 395 1898 1019 1333 1277 2022 2242 1389 1334 1883 2759 1230 824 1093 374 2546 2113 2178 898 1213 2323 251 2547 1685 1558 2238 581 1137 1115 2114 853 2422 304 576 2066 777 1683 1798 1178 1476 783 766 1207 88 34 1091 2504 2785 1996 341 1914 1483 2437 803 2542 2202 614 1856 328 407 95 2072 572 1427 2000 1672 132 1990 954 1447 44 737
000124.jpg,1453 2433 2034 1490 2545 1796 2713 2376 100 1569 48 64 2309 439 1901 2721 715 2272 562 1860 1496 2556 305 1640 201 1316 51 155 2650 563 1948 1096 260 2088 1965 168 2826 2815 2289 1584 645 1416 1636 659 2352 2840 1148 440 559 134 1486 518 1552 445 712 2631 486 550 784 1878 2050 747 2241 231 2454 1840 2732 433 2538 1307 2649 1617 2553 2755 2130 1045 2419 2133 1544 1123 197 900 2011 2439 2652 1381 2337 194 1369 2769 1993 1658 2628 1422 1051 906 674 2714 2836 1663
000125.jpg,2843 2516 1946 1526 1442 1325 1511 1969 257 1871 1779 2145 1020 2417 2290 2830 730 749 855 2364 1068 1731 2560 2730 678 1311 593 1527 112 1040 1005 2243 1581 1968 1966 2377 673 1309 2196 1138 2299 1142 435 774 2005 2613 610 2697 2746 544 1794 1131 1243 2788 1379 1850 2087 365 2519 2151 406 1385 881 821 1913 2492 1110 2006 338 1174 1094 2251 605 1424 1634 937 1992 1783 336 2549 870 1466 535 1498 2680 2102 800 1936 1455 1670 1573 717 253 301 434 94 773 811 410 2341
000126.jpg,2043 2810 2171 1188 650 2666 2816 1697 411 922 1891 2346 1153 1723 1763 285 1221 1916 546 6 582 475 1456 37 1882 807 759 1761 122 2643 1865 1603 829 820 1260 1702 1858 956 1227 1090 1541 468 2261 750 661 334 620 2194 1083 2313 1284 732 1082 586 669 372 2167 1308 1797 476 2168 443 2841 181 1380 1139 1006 2387 980 1696 1610 724 38 609 1605 1250 167 375 1995 2677 2823 2014 1884 2567 1560 1015 448 5 473 1953 2425 1757 1570 2706 1911 1537 2404 2726 1171 2268
000127.jpg,2648 2138 961 352 1571 2100 600 642 846 1622 17 1270 2486 1828 2738 166 573 1698 2614 405 1939 1338 2835 1964 2255 2223 317 195 2709 2372 1258 665 969 1446 1540 1618 577 349 1294 1349 2412 2338 1514 511 2473 2758 2481 127 2226 2811 1994 1069 2339 1112 1341 2340 2710 892 1607 2635 2246 1025 2820 1615 2466 1812 1630 2213 1684 223 2131 537 2253 2444 1409 147 1815 2175 1360 2616 591 1816 2595 46 1366 2781 1355 616 2298 879 307 2013 1520 1811 1 1539 685 1862 1803 472
000128.jpg,2609 843 1454 538 1546 2843 1634 1110 257 2196 811 288 1498 648 605 410 1138 610 2697 336 112 1573 2243 2763 535 678 2613 937 1133 1516 1040 2417 1309 1850 1142 2087 435 773 248 253 2830 2095 1455 2102 717 1466 365 2519 1966 1871 749 1424 821 673 2560 2788 800 1913 1731 1174 2549 870 2364 2251 1020 2005 730 2006 742 2341 1581 338 2680 2299 2377 855 2746 774 1800 593 1894 2492 1527 1068 1794 1783 2151 434 1311 1379 2290 1131 881 1005 519 1969 1079 2730 94 544
000129.jpg,1944 2294 1055 725 2728 2207 2558 165 447 2766 1825 899 2135 2842 204 2741 1212 2292 1056 1130 692 137 2825 494 1940 2736 1126 1606 2319 442 2435 2057 116 1547 1874 2291 2511 97 2719 1463 1223 2580 1935 1899 246 1134 1986 2068 686 2041 574 2305 2665 722 657 2248 1067 1937 2813 2708 79 647 1962 146 1076 1185 2506 1777 2382 1841 2683 140 1452 1868 2639 1464 2286 790 804 2438 677 1639 2258 329 362 1473 2393 682 948 1439 627 1408 491 1892 2598 2569 2809 444 1725 1035
000130.jpg,2185 1411 2584 1694 1129 795 1440 143 2529 386 2616 1684 2517 718 2298 1360 1112 2801 958 787 2271 1445 1446 1630 810 1215 1294 665 30 2619 638 1514 2481 1258 697 2246 1939 71 1270 2139 2460 2833 557 969 2844 2524 1366 273 879 2363 1242 2104 299 2468 1982 2092 1816 2731 2100 1571 1925 1589 1814 1863 41 1480 1619 2385 1812 264 1122 2455 2576 2208 1549 591 2231 1837 414 2541 2727 2444 1698 2371 912 1652 1373 2776 527 667 1278 2484 1264 600 888 741 262 651 352 2675
000131.jpg,70 1753 1125 2777 2772 2077 2478 2510 431 2561 1759 2757 1839 18 315 1035 1834 1842 951 1557 1252 2015 1390 2 2663 601 2818 1165 2622 2302 2161 767 191 1938 277 1443 2315 2702 2686 990 889 1747 1833 2323 522 1075 502 962 2496 2685 2667 2644 297 1235 1980 2471 1114 1810 2601 395 1908 1207 529 1798 2624 1801 202 284 2509 2242 103 1845 1334 688 2532 2759 1413 1333 249 1767 1310 702 931 853 1406 1928 768 1830 578 126 898 1558 72 1137 1989 461 684 1107 634 2276
000132.jpg,67 2583 1944 1055 627 2294 2728 2766 1810 725 2719 2319 2350 1001 1075 447 2825 2509 1012 249 2558 692 202 2292 2121 165 2207 1212 1406 1130 2736 137 2135 1126 442 1940 2741 2305 899 1825 1067 1606 1962 494 116 2057 790 686 2291 204 2041 574 97 2506 79 2580 246 722 2598 2842 1869 1452 2665 2436 2286 2511 1463 2068 1899 1777 1223 1134 1935 1868 1185 2435 1547 1076 2248 1639 1874 140 1986 2748 2787 293 12 2701 2708 359 954 146 1886 2683 2813 2653 804 657 1841 1439
000133.jpg,141 2055 453 401 1023 1628 2163 612 2747 1047 2098 1145 760 437 1233 380 981 73 1599 2074 1872 823 399 2122 461 1903 99 2679 177 208 1510 2587 1976 816 595 2829 1163 1085 477 2469 1160 731 1717 2655 2126 1688 2636 72 2274 1808 2009 1784 164 2452 460 222 694 1436 172 174 156 2775 1504 2722 2577 1404 2218 1100 599 1241 935 1321 193 1415 988 2750 1098 1933 1790 1089 2645 1155 2071 1305 755 2691 569 121 1132 2642 1006 2201 2537 1638 2096 2432 1588 536 897 1474
000134.jpg,1062 1813 324 1932 129 840 501 1923 1039 1503 241 1475 131 2715 389 2142 495 1843 788 1281 2531 1875 1011 2634 456 1024 2765 89 1789 467 2236 1568 1378 2687 927 464 125 2565 758 1912 2059 2285 806 1655 1706 1275 1929 268 1022 452 1037 1026 484 1831 314 1293 1097 2091 780 1730 159 1274 799 999 2053 653 2232 1050 1662 138 580 53 2137 1262 2505 2465 2611 822 1124 2244 390 31 1635 1967 2301 1755 1715 1143 2407 1612 113 1048 2698 1822 1297 326 1303 295 2632 628
000135.jpg,249 2509 1001 2121 2350 1810 2583 627 67 1012 1075 202 1406 725 2728 1944 1212 1055 165 137 447 2741 2207 2766 1825 1940 2736 899 2135 2057 2294 692 204 2558 2825 1606 1130 1841 494 2435 1874 1986 2719 2292 116 442 2291 2258 2842 1126 2319 362 97 1223 574 2683 2041 1463 1439 1088 246 2708 1547 2511 1937 2051 2305 1935 2248 1899 1757 1197 647 2382 2639 677 2143 2506 2813 1067 1928 2224 2295 686 2809 1639 24 1195 657 1728 1962 634 1689 338 2438 1464 368 1839 1557 404
000136.jpg,1933 1790 2071 897 2156 1321 1098 1709 2645 1638 2096 2750 935 836 2201 2432 1865 1188 1736 2450 2342 755 1436 411 1456 222 1504 2218 2355 2691 1806 1153 850 1052 922 1697 2512 1858 2362 122 2313 1621 1305 468 2043 396 2810 2823 807 1284 1227 650 1044 2666 2171 2627 1260 1892 37 612 980 1560 2098 2816 829 1761 2567 595 1610 856 1763 1308 2167 1214 1911 1082 2446 1217 1047 1884 2346 1023 2261 1906 1090 834 2751 2829 2593 2642 1995 1145 443 1006 1015 2452 1171 997 1904 141
000137.jpg,961 2138 472 2758 1069 1341 1607 352 1803 17 1571 1828 2595 551 2444 147 1811 405 600 1622 1509 2100 2835 2738 573 642 577 2094 846 1618 2385 1530 1059 1964 342 2486 317 2614 166 2223 537 1698 892 1524 223 1862 1078 1540 2255 969 1338 2635 2710 160 1629 2412 127 1270 2340 2431 1167 195 2648 203 1025 385 2709 1812 2372 46 1807 1615 2771 1295 349 641 2338 1514 2013 1409 1 1355 2266 2468 888 991 2473 2820 2253 616 1421 2781 2727 2399 1652 591 2298 814 1112 2246
000138.jpg,546 582 1221 1882 6 285 807 1260 2643 1858 732 2313 759 956 1083 1702 820 1697 468 620 1603 1541 1797 1153 750 181 372 2194 334 661 1188 1761 829 2261 1227 2476 1865 669 2168 1380 2425 476 922 2387 636 1560 2167 1891 1456 1318 2278 411 650 2816 40 2807 1536 1057 2666 396 2677 629 2678 1462 98 2627 1199 905 986 2514 2043 2268 2810 2823 2089 2171 1570 2410 882 229 2346 1387 37 851 474 482 1723 2220 2210 123 281 1449 2263 122 1750 104 2526 1263 2571 423
000139.jpg,2656 2149 1693 1971 1786 1257 1106 751 310 832 1559 2827 1593 1743 1451 983 2016 2000 695 1176 132 2441 596 2190 1361 1535 95 954 2129 2787 76 1357 1685 2745 149 2202 2700 1856 1346 2111 1773 182 1900 1091 1333 824 1513 364 2040 1343 989 436 2504 291 2381 1161 215 1795 2785 766 789 737 803 2547 341 2238 63 2242 88 101 926 374 251 1914 1847 39 1476 1818 328 1760 2288 581 576 564 962 2437 1230 2112 1672 614 1996 1427 2542 1137 1798 2737 1019 1180 1207 2495
000140.jpg,2455 837 1009 2063 264 2484 1159 1815 234 1572 913 1025 352 2399 1 403 1520 2727 1589 2844 1814 2092 2731 2833 1122 1349 2139 267 1238 2371 1291 1539 667 2541 1982 2797 299 1366 1925 891 2215 1571 1619 307 17 969 2158 1816 1615 2403 2834 2576 2385 223 428 2189 2776 551 1735 892 1863 46 2635 641 90 2771 1480 1373 2100 991 1622 2226 1660 1514 342 2175 879 349 888 1698 2633 2431 1618 741 2269 2460 2607 1059 573 1807 846 1684 262 1540 1509 600 2529 2412 1338 2223
000141.jpg,849 2819 2479 2365 152 458 2552 587 2500 2181 1827 2283 81 1532 2716 2370 313 1741 175 1896 1563 2119 2689 847 705 28 2191 505 2674 1339 734 523 972 2527 2534 696 238 2557 2250 2099 1376 120 671 2177 2193 2052 2681 2228 1111 330 1704 602 354 1543 1680 2592 1314 1332 2742 2764 1117 131 92 890 1873 1932 2715 1708 2322 268 2144 503 1003 1281 2306 1335 1831 1875 1813 1912 2610 68 740 2597 872 2812 1011 927 159 1293 2698 2265 2199 449 2237 1885 2105 726 1955 1297
000142.jpg,1944 2294 1055 2135 899 725 2728 2207 1212 1056 137 204 2842 2558 1606 165 2741 116 2825 1547 2511 1825 447 494 1134 2766 1463 246 2057 97 2305 1899 1130 2435 1935 2041 2291 1067 1076 2736 2248 2580 686 2382 2286 692 146 2813 1464 574 1937 1126 2292 1874 804 1639 1452 2719 948 1841 2068 1940 1223 2258 2683 1185 647 2708 79 2639 2393 2319 329 677 2665 657 722 1777 2438 442 1868 140 682 362 1986 491 2569 2436 1592 1931 2350 2583 783 2526 2506 1810 1962 1001 2121 1473
000143.jpg,1617 712 947 1328 1444 1993 1045 1422 1663 2707 2836 1782 1679 1623 2130 2241 2837 2050 1710 169 1489 1649 1381 2454 860 1369 1658 51 735 1054 440 2649 2011 1701 1552 2840 1417 2767 305 155 1640 2714 1544 445 550 2439 179 1796 900 1569 562 480 197 2289 2721 463 925 2769 2631 635 260 26 1486 518 1870 645 1405 1934 1029 221 715 100 259 439 348 2538 1788 64 1218 943 312 2832 188 433 1437 563 1948 2133 85 556 2790 134 817 2082 1208 1102 1096 2826 2650 1926
000144.jpg,2210 2520 13 640 1272 2421 1038 2671 1754 1041 1949 323 729 2578 2798 2839 377 1329 370 828 2335 56 1910 2539 1189 1793 933 2047 2570 2387 1764 2795 571 2083 2602 1429 2032 865 1337 193 536 2629 1477 121 2568 2090 988 36 1952 1065 2828 432 2221 1431 1374 1227 1668 2808 2640 569 476 2415 1266 1268 672 901 2668 2108 829 2428 680 2380 1049 669 1132 1153 40 332 427 1588 1188 733 429 661 820 796 2194 2014 372 743 2029 2031 2038 1562 698 839 1399 955 340 2423
000145.jpg,2491 1179 2328 1977 2682 1651 1578 1920 2252 945 2647 639 841 1579 1770 1063 887 9 2723 1470 1531 114 748 2042 1851 819 916 1667 1528 2379 1585 2729 2778 2310 1657 2575 928 1769 1791 919 930 982 1367 952 2792 118 1354 1368 1239 2349 1583 2459 2097 515 311 2488 875 763 2225 998 1154 1210 2304 2026 579 492 1566 975 2065 2793 923 567 2416 566 25 227 2559 528 1211 7 2618 512 2462 1031 151 1351 1209 812 791 1271 2165 781 808 2603 2209 2369 50 2334 1415 2474
000146.jpg,2272 64 1496 439 48 1569 2556 2721 1453 562 1316 715 100 2713 1640 51 1796 1490 305 201 1948 2815 1636 155 1860 2034 2433 2545 1965 2376 2352 1416 1096 2309 194 1901 2650 1218 1051 2628 2241 1261 1658 1381 747 2289 2836 563 712 1422 2631 1782 440 1617 2050 1840 2088 260 947 1649 1586 1544 1054 1584 1328 169 645 2130 2767 161 2837 1444 258 2439 168 550 497 518 2755 1993 1045 2826 2538 2649 2707 2553 445 1623 770 2652 2069 735 2133 1679 2454 1878 1663 2011 965 173
000147.jpg,133 493 2374 1947 2672 1196 976 2184 548 366 1358 1758 859 2004 2174 756 57 1279 1234 797 1792 1930 570 1765 1861 1575 2125 746 422 1034 2418 1580 280 1724 793 1859 1664 294 2456 689 210 2461 588 2327 1665 2838 1276 1392 2186 2694 2330 1776 242 2229 583 150 1072 1375 2541 228 158 2581 663 1887 2123 2703 1457 1193 1081 2039 2206 1059 2590 2356 1497 2662 2739 1377 687 1551 656 170 857 1229 1877 2548 801 2332 1030 1191 2749 720 2460 2321 263 2363 884 880 2431 798
000148.jpg,1545 1752 1146 312 2832 987 85 1102 2300 1624 2082 1926 2270 2389 2790 59 4 221 1407 635 1386 1934 1656 1405 556 943 1644 626 2411 2528 817 547 2367 2817 2501 1737 1202 2044 188 826 950 611 2069 613 283 1319 266 1799 2477 1328 860 1422 2714 1417 1489 1993 1710 1701 1617 712 2050 2837 2454 2515 1029 1623 2707 1045 2631 947 2840 1788 463 2544 1444 1190 1316 2011 1796 2767 440 1649 169 2241 2130 1552 735 259 1679 2836 2289 1584 2312 2133 1468 1983 433 2556 1870 1663
000149.jpg,2045 1584 2023 2755 258 770 747 611 1319 1029 1796 1320 463 2034 992 1362 1993 860 188 259 1552 1897 2631 1788 497 1586 2564 1096 2076 562 906 1417 1701 2735 1617 1208 2721 2046 64 439 2545 1569 2724 622 2544 1190 1895 85 2753 1627 100 51 134 1416 900 1710 1948 305 547 2652 155 2289 712 2676 1624 715 2419 2840 550 2482 606 178 433 1983 48 2088 2646 817 1656 1422 74 2670 2837 1388 1328 2424 2084 1934 1489 1381 1202 2800 2287 219 1407 2707 1414 2300 987 2011
000150.jpg,2810 2043 2171 650 2666 2816 1891 1188 922 2346 1697 1723 411 1916 475 1763 1153 546 37 6 1221 285 582 759 2643 1882 1456 1702 807 1090 1865 1083 732 620 1260 122 468 181 586 1082 1603 820 1858 1308 1797 2841 1761 956 443 2313 1541 1227 334 1006 2167 750 1139 829 1284 661 2261 1605 1953 38 2194 1570 2502 2216 1380 2168 1250 980 2677 594 372 724 1502 1537 2268 40 2179 938 1696 1397 1884 1232 2230 2514 2449 905 1214 148 335 1487 476 924 167 1995 2706 214
000151.jpg,2267 2380 2423 1236 743 1553 1430 1888 2668 199 176 289 1256 1562 302 868 427 2568 554 2217 2786 1398 292 21 1890 361 893 2108 2227 901 429 417 2415 1699 681 78 340 2029 1686 62 2743 597 555 332 2451 2421 1033 2384 1492 1038 886 1754 878 1041 142 1065 571 1393 1399 432 1418 698 323 2539 2078 1793 1429 1431 2578 2038 802 36 2333 964 979 1851 2032 1053 377 933 1521 2221 828 2671 500 2629 121 2828 2387 1070 2798 536 839 56 733 1949 2150 1266 853 952
000152.jpg,2810 2043 2171 650 2666 2816 1188 1891 922 1697 2346 411 1723 1916 475 1153 1763 1221 546 6 285 582 759 37 2643 807 1456 1882 1702 1260 620 1083 1865 956 122 1603 820 1541 732 468 1090 750 1761 334 1858 1227 181 1082 586 1308 2841 1139 1284 443 1006 1797 2313 829 2167 2261 1605 1250 938 1570 372 1537 1380 724 1953 661 2677 1696 1502 2179 980 1397 2502 594 2483 2589 2514 148 2194 1322 1881 2706 1884 2410 905 624 2245 40 1171 167 2387 2348 1150 298 2768 2463
000153.jpg,2648 511 352 2138 1270 961 2709 969 1939 892 2339 1698 1571 2820 223 2466 1349 195 2226 577 1540 1615 600 46 2635 2340 1572 1618 665 2223 1294 2372 127 2100 1258 2481 2013 1816 1446 2215 1009 2158 1815 2473 226 1514 234 147 17 879 2266 2253 1 913 2175 349 2595 1421 573 1409 1622 1025 2710 846 642 1159 1069 1324 1095 1994 2758 1101 2455 537 1619 1480 1366 403 2834 1828 2541 1341 1660 1539 2619 405 2246 267 1112 1355 837 2338 1238 1607 2486 2616 1520 166 1291 1338
000154.jpg,1798 962 572 2644 395 2323 1230 529 1801 2277 1334 1683 2759 2504 101 2579 737 2040 436 364 215 2238 374 1900 766 2381 2242 1561 328 989 803 581 341 1898 2114 789 251 1197 2540 1427 407 1207 1883 853 714 1951 589 1306 1394 1137 2072 1361 1175 545 485 727 614 1091 2542 1451 658 1559 617 1093 1558 898 2409 1087 1166 1786 1257 1996 1300 1106 1971 1928 2054 777 1333 2000 1685 2656 1389 2787 76 2149 2546 2178 465 2113 483 304 2495 1693 1353 2066 63 1213 954 926
000155.jpg,1629 203 2749 2740 1524 154 2468 1059 342 1811 1803 2444 551 2595 2710 147 150 1167 1355 1072 2431 2175 472 1807 127 2709 577 934 798 385 685 1862 1509 1863 795 1861 2385 641 1539 2548 1295 814 1619 1375 1377 2473 1675 1025 2187 1034 57 307 185 267 2198 1276 1373 1030 2654 1859 1 991 2727 1238 2662 170 741 667 2771 1348 2403 884 2226 2776 1947 1716 2461 687 888 1201 1520 1530 2456 1291 969 1826 158 2174 180 82 1576 242 1392 2002 1215 1129 1242 1060 166 2013
000156.jpg,883 416 11 937 257 535 1778 2377 1527 1894 1731 1946 585 605 2331 1040 105 2613 1516 568 1871 1309 1455 94 1138 1643 434 365 1110 1419 610 821 301 1573 2609 2830 1133 648 1634 664 2843 435 749 248 2394 2341 2110 1498 717 1966 2560 2196 673 410 811 2697 678 2005 2788 355 1424 336 112 1800 2251 1981 2151 593 253 288 519 2549 2087 490 1909 446 1581 2582 1625 1794 1002 1237 2458 1020 1676 2519 2290 2141 1518 1757 1142 2071 800 1204 1131 544 406 869 966 1079
000157.jpg,1773 1795 1513 1161 1847 832 1593 1693 1535 2656 2827 2149 1743 310 751 1971 983 2016 2129 2700 1786 1257 1346 2441 1106 132 291 2437 2190 1176 1559 695 95 596 1672 1836 1856 1451 1353 2784 1990 789 2202 2111 2745 1361 2000 483 1883 240 2787 824 2547 364 766 1685 149 954 63 2785 1900 1914 2242 1357 2040 1343 1476 1178 341 1019 2238 2504 1749 1333 1091 576 182 88 328 1447 803 76 2381 1224 251 989 2022 215 1483 1213 436 2579 1300 374 1996 1999 1713 737 1116 2066
000158.jpg,924 1487 1471 2841 2216 1363 1288 1703 953 2502 1605 2152 214 1139 2348 1602 2567 941 1953 2706 1171 1866 22 84 2751 333 1214 2109 2768 909 2179 1891 2203 149 594 420 1738 1397 189 1502 856 1488 309 1032 744 96 2060 2623 335 419 1760 167 2678 1661 1184 510 1113 2263 443 2572 106 1927 182 1019 1217 1371 2115 2591 1685 2022 621 1712 957 2230 1696 37 2404 2249 1333 894 63 148 1632 2554 1525 954 586 2197 1723 20 2153 2816 997 1671 1144 2666 2535 1570 327 2507
000159.jpg,1055 1944 2728 725 2294 2207 2558 165 2766 447 1825 2825 1130 2292 2736 1940 1126 692 2741 442 1212 2319 1056 2135 204 899 494 2719 2842 2435 1606 137 2057 1986 2291 97 116 1899 1874 1463 2305 1547 1935 2511 574 2580 1223 2506 2041 246 1134 686 1067 1962 146 2248 2068 790 722 1841 2665 2813 647 657 79 1937 1452 2683 2708 1439 2258 140 1185 1868 1777 1076 362 2051 1721 1639 2382 2286 2639 1892 1464 1473 1408 1088 2037 2499 12 1677 2438 482 2625 2121 1839 1942 1998 249
000160.jpg,264 2455 837 2484 1009 2063 1815 1159 2833 2092 299 403 2371 1122 1982 1814 2844 2139 2576 667 2269 1589 2731 1925 428 1735 2797 2189 2776 1549 2548 352 2412 891 2662 1619 1338 741 888 262 90 2486 1622 1238 1291 2385 885 1375 2403 267 1887 1509 641 349 2039 1863 1373 2123 1350 2356 17 857 1191 317 2338 2811 656 706 1542 1571 846 2100 687 1877 600 1539 1698 2739 1229 1776 801 1551 2321 1457 2255 879 2659 2206 1 263 2223 1366 223 1862 2590 2253 1520 1025 228 2771
000161.jpg,1305 2218 1504 1436 222 2512 1052 850 2071 1790 2362 2691 1638 1933 1736 2342 2355 1806 2450 755 2645 1321 1098 2096 2156 935 2750 836 2201 2432 1709 897 1911 612 2449 2747 2535 1188 8 1621 1023 2098 141 2420 1671 144 1047 745 1474 599 2452 1090 2829 1757 1661 2446 325 2706 796 2642 586 922 396 1910 2679 453 629 177 1082 2537 2197 122 997 37 2122 1163 281 1456 624 1903 829 2705 594 1560 2677 1145 443 1387 1232 2055 1085 1227 986 924 1308 1006 724 205 1763 2167
000162.jpg,1571 17 642 2100 600 1622 846 573 2486 2648 352 1338 195 961 1698 2223 349 317 2255 2727 1618 223 2412 307 1 1615 2635 1520 1409 2399 2338 2138 2372 1349 1994 1812 1112 2131 892 1540 1270 2253 591 2616 969 2158 1514 414 2709 1572 913 234 616 46 2340 2215 1095 1837 2738 665 1446 2781 1684 1524 1630 2063 685 2444 2811 1294 166 2466 1129 1939 2226 2473 1181 2481 1009 837 2710 1862 1564 1360 1258 1101 1694 1629 795 1159 958 2455 1828 1815 1025 2675 2246 405 2517 2298
000163.jpg,1525 2623 2263 1280 1371 1084 2572 2678 1726 1198 275 1205 1659 2030 1113 1960 2303 327 2791 84 2141 2448 2386 1184 1802 96 941 106 1032 2203 1880 1425 117 2761 474 762 2348 1199 419 189 40 2554 1866 894 1687 2060 2494 1170 2115 1283 1768 270 1979 1144 2048 214 592 851 1536 2153 1400 298 1108 490 1380 1632 1927 2831 1318 1139 2807 2101 2522 2116 1482 42 481 905 1251 946 45 1750 183 785 1183 1987 1364 205 1602 2734 1064 621 300 2705 1973 6 909 1502 2080 1696
000164.jpg,2801 2460 557 2363 879 2524 2104 1619 1863 1925 1982 273 1215 1366 2607 2431 1242 1480 2385 2833 2844 1660 1816 2139 2633 385 814 667 641 867 1539 991 1373 888 299 2185 2517 2797 2771 1684 741 1278 2092 1807 1549 2189 1607 2298 2184 1341 405 352 1295 262 2835 1069 1765 1509 428 1735 2371 2094 2138 2576 583 1828 2175 2776 2584 2619 1947 1440 1988 2758 1411 1939 1514 264 2614 1078 2529 1025 1196 588 1530 687 1803 551 143 1129 1421 537 147 798 2484 1238 1497 127 160 2595
000165.jpg,957 752 1889 2725 2464 509 2404 1766 609 2457 844 1515 2448 744 1696 1802 2115 5 1616 1880 244 2128 2168 1426 2278 498 592 1032 2182 2807 2056 189 466 1596 2751 2124 1364 1726 2522 106 45 1326 2678 1945 473 2572 1064 2048 2760 2014 2591 1904 135 183 171 1768 669 2060 375 232 163 40 1960 1269 2351 2608 2354 1927 2720 2566 2476 1061 388 1632 661 1214 520 1280 42 214 2413 1199 1251 419 1556 96 1171 1525 22 815 1602 1637 1757 306 1797 1536 19 2408 894 1659
000166.jpg,1394 545 1631 2277 1801 2249 529 395 1558 2644 898 853 1087 1213 714 761 2113 1798 2323 304 2072 1197 1137 2178 1334 1207 2066 2022 1333 63 572 1230 589 1019 614 962 1389 658 1228 1166 1298 727 374 1361 2317 251 1928 1785 1483 16 2409 2555 1175 1561 1727 44 2381 1306 1951 1451 803 540 291 2547 341 783 2567 1898 167 1427 1447 2546 485 954 2242 1597 1250 1749 2579 1900 1346 1300 426 149 834 2245 1881 1685 182 2540 1757 676 824 364 2751 1683 20 376 1839 1469
000167.jpg,2609 1546 937 257 535 1894 1731 288 1454 2377 1138 843 1527 2843 1516 1871 410 2613 1800 1645 1455 811 538 605 1110 336 648 1040 1498 2341 365 253 749 1133 821 1634 1573 742 2196 2697 610 112 248 678 1068 435 673 568 1466 2087 2243 2788 2364 2005 2219 434 2151 2095 2549 717 2251 1142 1794 186 1079 2830 1581 1424 1966 1850 1131 1670 709 2519 1379 1174 1309 2560 2417 1913 1779 2006 2299 338 593 730 406 1020 664 2492 2331 519 855 1385 774 773 2102 800 1243 2746
000168.jpg,1752 1545 1146 312 2832 987 1102 4 2790 85 1624 1934 2528 2389 221 2411 1926 1644 1656 626 1405 943 2300 2501 635 2817 2082 556 1407 59 817 1386 1737 2270 2044 1202 188 547 826 2367 283 2069 611 613 266 2477 1319 1617 1422 2840 463 445 1029 950 1983 1552 712 2574 1045 2424 1328 2397 1190 2011 2515 860 440 947 2631 550 169 1092 1993 1799 2133 2837 2714 1489 2375 1782 1796 2826 1468 1444 2454 1710 900 1316 977 2241 2050 2544 1663 2312 197 1369 735 26 606 433
000169.jpg,2049 631 2282 1518 530 446 1290 1604 1301 1058 2140 451 1981 2064 1237 607 2796 1567 2596 1909 921 1017 1384 662 2257 2093 1742 2696 813 1613 1554 1673 1370 1105 243 1331 1396 966 355 1614 2085 942 2660 2458 337 487 660 908 2782 2543 542 1681 2259 1002 984 1978 360 1879 2519 54 710 1739 2243 800 1705 2600 2664 2392 1853 2251 1893 2005 1850 1495 394 1094 678 2697 2087 2006 1142 1119 2560 1000 774 1174 2417 855 1936 2492 1913 2262 1581 1455 870 1200 2369 1794 2357 1791
000170.jpg,1179 2682 1977 1651 2491 1578 2328 945 2252 639 841 2647 1920 1579 1063 1770 9 2723 114 2042 916 887 1470 1531 2310 748 1667 819 227 1528 982 2575 1585 998 2225 1583 1769 763 952 919 1354 517 2097 2792 928 2778 1791 930 118 1211 1851 2379 2729 1657 2459 515 567 1154 311 875 2349 2065 1210 1367 2304 1368 923 2488 579 778 2026 492 382 2618 2559 566 2416 1239 528 1854 2793 25 975 512 7 2711 1970 1566 151 1209 513 1271 2462 2658 808 1643 1819 460 2081 2334
000171.jpg,1749 483 1353 240 789 2555 1300 1727 2058 834 2784 1672 2579 1883 2437 2249 1801 2547 2277 576 824 1836 1394 1277 44 1483 16 545 1447 95 2317 761 2202 2644 529 1476 395 1990 132 2190 251 1176 1593 1178 376 1304 1469 596 1091 2000 2381 1743 1361 1914 2745 465 1900 766 1559 2054 88 1230 1996 2785 695 614 374 1856 581 2504 2700 1106 2238 2759 1451 1427 1804 777 341 63 1161 1213 2441 1137 1057 1389 1971 2066 215 926 2114 2178 328 149 2288 1513 60 962 2495 304
000172.jpg,645 2011 445 1552 1029 2840 1328 1054 197 1663 1444 2707 463 947 1679 2836 1623 2289 1253 1649 1782 2837 1617 712 1381 134 1658 433 169 1045 2650 2735 1422 2767 2241 1993 1544 155 2375 51 2130 440 550 2088 2439 2631 2050 1948 1640 64 319 439 2419 305 562 2352 518 735 659 1569 611 48 2133 260 1319 2628 1096 2649 965 1840 2714 1895 2652 1624 259 179 161 900 2454 563 2544 1983 2721 635 1172 1369 1796 1218 2082 1486 2538 194 1208 1416 1584 188 2076 559 547 100
000173.jpg,1781 2091 239 2794 2164 822 2232 2137 2280 1568 525 2311 113 1282 1127 1248 1755 408 2173 245 799 1505 1262 2236 455 296 49 356 252 1787 653 209 2025 1475 1297 1356 782 1472 1274 27 1706 192 805 2632 2396 655 2715 61 207 1655 1756 1435 1503 139 1831 464 159 2698 1018 1598 331 1293 1378 1097 1303 838 2402 89 1875 31 225 580 858 1273 1011 927 1143 1692 1317 383 2053 2693 1140 1647 131 1216 1829 721 806 999 625 314 1039 1972 2765 1612 2062 1118 326 268
000174.jpg,84 941 2152 2502 1605 2706 183 909 621 171 2503 1139 2841 2141 45 959 1364 2612 2348 2522 2182 1064 2056 2401 214 398 2760 2572 1251 1458 1866 2705 1987 2608 244 236 2831 2386 1953 1602 2263 1696 1525 1616 1371 2115 1726 1199 106 565 300 1171 2678 785 22 1214 40 2567 744 1960 815 2109 1365 1113 1661 2623 1768 1280 2751 270 2197 335 1632 957 2591 2494 2448 2761 509 506 1927 1032 2116 1596 844 971 2457 2230 189 2048 2677 2278 2476 2688 2188 2160 1184 1283 2404 1084
000175.jpg,1096 1416 1948 2272 2815 1636 1965 2556 1496 1316 1860 2352 2721 1051 201 2713 1218 562 194 1569 715 64 1796 439 1261 100 155 48 51 2628 1362 2034 305 1897 1640 2309 1658 1381 2241 1584 1586 2755 2650 2433 497 2545 712 1617 1993 2631 563 2836 2376 1552 1490 260 2088 1782 1544 2046 1045 2289 168 992 2826 319 1328 2454 747 1453 258 1422 645 445 1901 947 1369 2023 1029 1148 2011 231 1444 169 2439 2837 550 2130 2767 463 2045 900 518 440 1054 547 1623 1878 770 1679
000176.jpg,1244 863 2019 1646 2136 1147 393 1450 830 603 2275 575 2754 339 1507 1120 2550 1732 2518 1678 1805 357 2080 775 2586 1482 1016 1620 1691 2780 794 1669 1611 2254 584 2447 2630 2395 2383 462 845 2733 2297 2347 1104 1372 2192 2368 457 1517 1626 279 1832 2621 1734 1073 1169 2651 2701 373 693 2345 2233 2360 2695 1523 2247 2329 2211 960 102 2637 1259 818 441 1748 1014 107 2159 2684 2641 876 2326 2020 2106 2234 1192 1919 2605 469 1382 1459 2802 2166 2805 10 379 834 55 2555
000177.jpg,1228 63 2022 1785 1333 1019 1685 1213 2066 2113 954 2178 304 545 182 149 1389 2546 1712 1760 1115 1394 1137 2072 1207 614 1298 485 1951 898 1087 1558 1175 1306 714 589 1361 1559 1451 1257 374 727 499 1166 1798 1786 658 1971 962 1334 2000 1106 251 803 1928 2656 1801 1300 2504 1631 2016 2409 2542 2149 2040 529 1230 737 215 1693 101 2381 1197 2129 581 2277 1883 1427 364 76 2644 1561 395 1900 2579 1743 2323 436 1343 824 2054 2759 2787 341 1593 1176 2238 1590 572 132
000178.jpg,257 1731 937 2377 1527 535 1871 1138 2613 406 2145 1385 1779 1800 1645 742 1894 2102 1992 773 519 2763 811 410 1455 1007 605 2341 1516 2843 365 1707 186 1040 336 253 1498 1526 1325 1068 2516 821 1969 749 1442 1110 1511 112 544 1424 1309 434 610 648 2788 94 1131 2549 435 1966 2830 709 1020 1311 248 392 2730 673 1079 2560 678 2364 1634 2219 855 1783 568 1133 2290 1005 2417 288 1794 1379 1946 2196 1419 870 730 593 1581 2746 1142 2299 301 2005 1670 2697 717 1968
000179.jpg,783 1093 540 2111 1856 949 2737 1914 1343 2785 2413 2441 2295 940 135 558 1448 983 1999 2827 596 407 2112 1996 2190 1728 2202 1383 2615 95 2745 2242 1296 1091 1231 1265 777 1476 1743 2756 184 754 1683 1004 695 230 1945 80 1535 1478 119 341 520 2547 132 310 1898 2281 88 1176 529 1801 2566 2472 766 232 213 2644 2114 1312 2021 1103 2408 1269 824 2277 617 1804 926 1689 19 967 1984 1818 328 1447 218 1693 564 60 2354 1434 1561 376 1469 293 2238 1722 1733 1867
000180.jpg,1371 2572 1960 1113 1084 1280 275 2678 327 851 1205 1198 40 1726 84 2623 2263 2448 1525 1659 2303 592 2494 1687 2203 2030 23 117 629 1184 1922 1199 2620 1144 941 1987 1400 1616 2791 298 2115 815 2386 1880 1757 1866 509 1802 2152 183 2457 1064 2162 2150 214 2197 2141 2348 690 2706 844 2503 2726 244 1458 1365 106 1744 2677 986 1927 1696 1602 909 2571 167 45 1425 2056 1139 189 96 882 1032 1979 454 2116 1661 2359 2502 2101 762 1502 1080 2608 594 621 398 2060 171
000181.jpg,761 2249 2317 1394 1631 545 1727 2555 834 63 1019 2113 1213 1389 2178 1801 304 2066 2277 2022 1333 1785 1228 16 2546 1483 1447 44 1300 2058 1115 614 1087 2072 1558 376 1469 2785 1914 1137 1207 1951 727 2644 783 1361 898 149 1685 924 658 954 1175 529 1306 1230 2114 1091 395 540 2000 1451 589 1561 581 2547 1093 853 485 341 1996 1044 714 1277 824 1250 1712 2216 576 182 1798 2245 1749 1106 1353 2242 2202 1683 2495 1898 291 777 1482 104 1244 1760 1559 1856 2054 2323
000182.jpg,1749 483 1353 2555 789 240 1727 1300 2058 834 2784 1883 1801 2579 2277 1672 2249 2437 1394 1277 1483 824 576 545 2547 529 44 1836 2644 16 1990 1447 465 395 761 2000 2066 95 2317 1178 1213 2113 2054 2178 2546 63 1361 1593 1389 1161 1559 304 251 1685 1106 1743 1230 376 1115 1019 2504 1451 1228 2759 2700 596 132 1176 1476 499 149 1798 1513 1971 2238 766 581 1137 1804 2190 2202 614 1631 2785 962 1786 1469 572 1333 646 1091 2381 1914 1207 1304 1087 954 374 328 1427
000183.jpg,429 1492 142 2078 555 1430 1553 1699 802 1890 868 554 1053 2333 1888 2668 2029 1562 1256 1033 2217 2743 289 886 1686 417 597 1886 176 1393 1418 2267 332 2380 878 21 62 2108 340 2415 681 2786 1236 2227 866 901 2568 1431 979 199 743 1065 36 2451 361 1398 1793 2384 2423 427 2117 1588 1132 680 536 302 432 733 292 893 78 500 121 1499 988 193 569 2090 1268 1038 571 1041 323 2421 2671 1272 1374 2032 2578 1754 2539 2520 1429 2221 377 640 933 2828 13 828
000184.jpg,1067 2665 79 722 2511 2068 1134 1547 246 2305 1463 116 97 204 2842 1935 2041 137 2741 1212 2135 1606 899 350 2736 1126 2825 442 2292 2766 686 692 165 2319 447 725 2558 1055 2719 2294 2813 1944 1076 2728 2248 1130 1464 2286 1937 2382 677 494 1962 1940 1639 1825 790 2207 2057 1868 2598 1452 2435 2580 140 1223 2708 1185 2506 12 1056 2438 362 1986 1874 2436 329 1841 491 804 1777 2393 682 574 2291 2258 146 1899 1408 1892 657 1942 2683 271 948 2440 1677 1771 2569 508
000185.jpg,2843 1946 2516 257 1526 2290 1005 2746 1511 1442 1731 2730 2364 937 2299 1325 749 2788 730 1243 1379 1871 1131 673 2151 112 2549 1068 544 1138 1794 1020 1969 1779 2830 855 2560 338 1581 1783 435 1110 593 336 1966 365 1670 678 1968 1309 1311 605 2417 1040 2005 2145 774 410 2196 2251 2377 2492 1142 1455 1498 1466 2697 1634 1527 2519 434 1573 2243 535 1424 610 1174 717 881 406 2613 2087 811 1913 1094 821 253 870 1850 2006 2341 2680 2219 1385 2102 1133 1992 800 1707 248
000186.jpg,2509 249 1810 1001 2350 2121 2583 67 627 1012 202 1075 1406 1944 899 137 447 1212 2766 2294 725 2057 2728 2135 2741 1055 2825 1606 204 165 2736 2435 2719 494 2291 116 692 2207 2558 1874 2842 2292 2319 2683 574 1825 2041 442 1126 1223 1195 1130 1463 1439 1841 2051 2258 686 1899 2708 1935 1088 97 1547 362 1076 2580 24 1067 2511 1931 1928 1940 1728 2143 2305 2295 2248 1609 404 1611 338 2701 1757 1937 135 1805 1557 2224 1056 634 2183 2809 1590 1986 2639 2020 657 79 2413
000187.jpg,2789 1099 1650 2265 507 2597 1885 2610 2812 1441 1302 2594 2716 877 890 2774 120 1135 1955 1003 1873 2105 1991 552 1974 1156 2191 1823 1314 367 235 2306 872 649 2819 849 1917 2770 2212 2681 1327 2343 2799 1543 2237 771 2199 1461 2822 670 2552 2370 1111 740 2500 152 2283 458 81 2177 2365 2689 1827 175 587 968 705 1332 1182 68 2527 963 316 2181 2557 847 1741 2764 2479 2144 1164 2592 553 602 313 261 92 1010 2052 1109 2193 734 1339 1117 1852 699 2534 1376 1704 972
000188.jpg,2792 567 118 1791 2065 808 919 1354 952 1769 2778 887 998 1531 1470 930 2793 1583 975 748 1851 7 819 2711 1854 875 982 1667 2416 2304 382 923 1210 778 1585 928 2575 2328 2379 2491 311 2349 151 1271 2729 1657 1970 2559 528 517 25 2618 2658 1977 513 1179 1209 763 1578 2225 2252 579 639 1211 841 945 1920 1063 2647 2682 1579 2723 114 515 1367 227 1651 1368 2488 1239 916 2459 2042 2310 2026 9 1154 566 492 1566 1770 662 2097 512 1742 871 1174 2361 2274 1808
000189.jpg,8 1671 1474 745 325 2535 2449 2706 2216 1703 1288 1363 637 2657 1090 882 123 2617 922 1082 2150 1844 586 1006 521 619 1308 2167 37 2197 986 443 1286 1757 2712 1188 2425 468 1153 565 2831 309 1537 285 2823 690 2313 829 1032 2705 1763 236 2608 171 506 997 1560 1697 924 2268 1858 1251 621 459 2308 1387 1884 1255 334 167 1364 1221 2760 1064 2182 894 45 980 1904 856 1217 448 2507 2841 42 959 1797 1456 1267 2476 255 2401 411 2089 2060 661 419 2816 1603 1927
000190.jpg,1663 1444 1328 947 1679 2707 1649 1623 2836 1054 2837 1782 712 169 1617 1381 1045 1658 2767 1422 1544 2241 2439 1993 2130 735 2050 440 2714 2649 2628 51 179 1369 550 2454 1640 1870 925 155 305 1840 2011 26 445 480 1218 1417 860 197 645 1489 1029 562 2840 348 1796 1569 64 715 194 1948 2289 1710 1051 1261 48 2721 2352 518 1552 2769 100 463 1096 1701 439 2538 1416 900 1624 221 260 817 943 433 2528 1644 2650 2545 1407 2631 1405 2790 635 2034 1934 1788 2088 1584
000191.jpg,2034 2545 1796 100 1569 48 715 64 439 2721 2713 2433 562 2376 305 1640 51 1453 2309 155 1584 201 1490 1860 2272 2023 1901 2755 1316 1496 2045 2556 1096 2650 747 1636 1416 1948 563 2815 2826 260 168 770 1965 2088 2631 2241 2289 2439 2352 1544 1381 1051 1617 712 1658 1878 1840 258 659 550 440 2628 1148 2050 1993 1045 1782 518 1407 169 1422 2130 860 134 1417 2649 2454 2538 2836 2652 547 194 497 992 900 26 1552 817 2837 1369 1486 1586 645 1656 2419 1307 2046 735
000192.jpg,1539 2844 2833 2139 2092 264 299 2576 2371 2226 837 352 2455 1982 2269 1009 2484 1349 2063 2797 1242 273 2524 667 879 2104 2776 1366 1925 969 1571 2175 1025 1815 428 1619 1549 1122 17 557 2460 1816 1735 1863 1514 1480 1660 2100 867 2633 2731 2607 1988 551 1159 403 1 1618 1622 2473 317 600 1059 2385 2412 2363 913 1338 642 2486 2403 1589 1684 741 2444 1814 234 349 1572 414 2431 2223 1520 1698 846 573 2710 2727 2801 127 891 641 2246 2255 1540 342 1803 888 267 2675
000193.jpg,419 2554 894 2153 96 1927 1632 106 189 1032 2060 2571 2197 1214 1171 22 2109 1013 2751 1336 2567 2079 2831 300 2425 1315 815 2705 2160 2401 333 309 1987 856 1363 744 1251 1703 1727 762 1749 1661 481 2555 1364 1288 2313 2612 2058 2216 924 2141 1283 834 1108 1286 1605 1217 2261 785 1199 506 468 621 45 1365 1726 2152 2726 2502 84 1995 661 2194 2522 1227 1277 171 448 1560 1907 214 1858 2591 971 2048 1797 2188 1188 1064 2841 2678 1880 95 1844 2688 2278 732 957 1139
000194.jpg,1125 1753 2777 2772 70 2077 2478 2510 2561 431 1759 2757 18 1839 1035 1834 951 1842 315 1252 2015 1557 2818 1390 2 2663 2161 601 1165 2622 2302 767 191 277 2315 990 297 1938 2702 2323 103 1443 962 522 1235 2685 2624 529 1075 2686 369 2759 1323 2532 1333 502 1801 1798 889 1980 1747 2644 395 634 688 1989 1833 284 1810 1821 2022 2242 1114 2667 853 2277 2583 1413 1908 1460 1845 578 581 2471 2509 898 2496 1186 426 737 1334 2178 211 1830 1019 1394 126 1389 2601 2430
000195.jpg,1357 39 2288 1180 1818 2495 2000 1786 926 564 2281 2437 1106 751 1559 1836 215 581 441 1943 1971 2114 1257 1693 230 1900 436 2695 845 737 76 1482 2542 2656 1091 2383 1593 541 2202 2787 2239 1950 2699 1451 373 2073 2493 1538 83 1523 2149 321 917 803 1476 1361 2247 2605 2240 920 75 2824 1672 379 2324 1940 251 1036 2653 1116 371 1219 1192 469 1856 2497 2080 1014 1427 2040 590 2190 1353 777 2489 87 1915 1846 1641 318 993 2381 824 1919 2033 1869 946 2518 132 902
000196.jpg,79 2665 2068 722 1067 2511 246 1547 1134 2305 204 1463 116 2842 97 137 2741 1935 2041 1212 2135 899 1606 350 2736 1126 686 2766 2292 442 165 2825 692 2294 725 2319 2719 1055 2558 1130 1944 1076 2728 447 12 677 1868 2580 1452 494 2286 1940 1962 2813 140 790 2506 2207 2248 1841 657 2435 1825 1986 2708 1464 2598 362 2057 1056 1892 792 508 574 827 2436 217 1639 2296 1473 2661 1223 2382 2438 1185 1937 1874 2625 2258 1677 1721 400 1899 1035 1777 359 1771 1810 251 444
000197.jpg,1054 1679 2707 1623 1328 1444 1663 947 1649 645 2767 2011 2837 2836 169 445 1782 1544 1381 1658 2439 1029 2840 712 1045 1617 197 1422 1993 2241 2130 1552 2628 2050 735 1253 440 51 463 1218 2289 2735 2352 2714 1261 179 2649 1948 194 1640 433 2650 1870 1417 134 860 2454 155 1051 1369 64 550 439 1489 2631 2375 1895 305 1416 562 1096 1569 161 2045 1796 2272 1788 48 2088 1710 319 173 900 965 1840 715 635 201 2769 2538 1496 769 1860 260 2133 100 1584 480 2721 2287
000198.jpg,922 2816 1188 2171 2043 650 2810 2666 1697 1891 411 1763 2346 37 1916 1723 475 1456 1090 1153 285 122 1865 586 6 1082 1221 759 468 1603 1308 1541 820 1284 334 750 2313 2167 2643 807 546 1858 443 1882 956 1227 1006 1761 732 2823 620 1260 2216 1797 582 1702 661 2268 2194 181 2261 829 2425 1703 980 459 1083 1537 1570 2535 1560 1288 1605 594 1671 2841 2476 1884 1380 476 973 882 1474 2179 372 1139 986 2449 1610 1363 1502 1015 2706 1757 1285 8 298 745 2387 2118
000199.jpg,1317 1395 1756 1972 2402 721 1647 805 2061 1921 1303 1755 799 1918 412 1297 1140 561 1124 1037 2053 27 2236 1475 1612 1635 314 390 1216 1715 1967 1273 580 402 1924 936 2279 1829 471 1143 2693 1293 1472 159 113 1050 363 1692 326 1438 2698 1097 31 2505 2465 1118 653 1008 1011 655 2406 1648 2398 1505 430 1299 1568 1168 344 2407 786 753 1187 2301 1022 331 89 108 2765 478 2611 484 1274 1220 1024 1282 2531 1787 391 782 1048 408 2715 2232 806 858 1378 1018 643 1141
000200.jpg,2072 1137 614 1207 1175 1306 589 485 1951 727 658 1361 714 1451 898 1558 1087 1334 1559 803 1798 962 2000 374 1166 251 1257 1928 1786 2409 1971 2054 1197 2381 2323 1300 1389 2546 1115 1213 2040 1427 2113 101 1106 364 215 1900 2066 1883 2178 304 737 2504 436 2022 1333 1230 63 1561 2540 2787 989 545 581 1228 1685 572 395 2644 1590 93 2759 341 895 789 1394 2579 529 1785 1801 1019 646 76 1298 2542 2238 766 1683 676 954 2656 1353 2149 2114 853 182 2277 2784 1091
000201.jpg,645 1054 1679 2707 2011 1623 1663 1328 1444 445 947 1649 2837 2840 2836 1029 2767 1552 1782 169 197 712 1381 1617 1658 1045 1544 1993 2241 2439 2130 2050 1422 2289 1253 134 463 440 51 1948 2628 735 2649 2735 1640 2650 433 1096 1416 1369 2352 1417 1569 2454 860 305 155 550 64 1870 179 2272 194 1218 2714 2375 48 1051 319 562 1796 2721 1261 1895 1710 715 769 161 260 1486 2769 1307 26 1437 2556 2034 563 439 100 1489 1701 2088 2652 674 2419 2815 900 1496 348 1316
000202.jpg,1629 203 2749 2740 1524 154 2468 1059 342 1811 1803 2444 551 2595 150 1167 147 2710 1355 2175 472 127 1072 2431 1807 798 814 934 385 577 2385 641 2548 1295 2473 685 1863 1509 1539 687 1862 1375 1859 2187 307 1025 2403 1619 2771 1861 1675 2709 170 1377 2776 1201 888 1373 2198 795 991 1276 741 2662 1034 2654 158 891 1826 242 185 867 1030 884 267 57 842 1514 969 2094 1238 667 2002 1947 2727 2461 1494 2226 1432 880 1653 2456 1530 1129 166 1 668 2206 793 2648
000203.jpg,2167 1697 2268 459 1911 1380 1188 2823 1456 922 1090 1763 122 586 411 1082 1284 1308 37 546 285 443 372 1221 6 181 620 2643 759 2313 1260 732 1153 1006 1702 582 1858 468 1797 1882 829 661 807 1083 650 2043 956 167 2194 2810 2171 2168 1541 820 2666 1603 20 1761 1865 2623 334 2816 1267 1285 38 1227 298 669 2261 796 980 1570 275 973 750 2425 476 636 946 1200 2476 2791 1884 2807 1891 448 724 1015 2514 454 2593 1610 1536 1387 2118 1560 2263 1723 475 1916
000204.jpg,1096 1416 1948 2272 2815 1636 1965 1496 1860 2556 2352 64 2721 1316 1569 439 1362 48 715 1796 100 562 1051 201 2034 51 1897 194 155 2713 1218 1584 1640 305 2545 2241 1658 2650 1381 2628 1586 2309 712 1617 497 2433 1261 1552 1490 2289 563 2836 2755 1993 2088 260 2631 1782 2046 1148 1045 747 258 445 168 2732 2826 1901 1422 659 992 645 1328 2376 1544 1453 319 134 2419 2023 770 1878 440 2130 231 900 1319 2050 2454 947 2652 2553 1444 1029 169 2840 1369 2837 1663 2011
000205.jpg,1453 2034 2433 2545 1490 1796 2713 2376 100 1569 64 48 2721 439 1901 715 2309 2272 562 2556 1496 1640 305 1860 1316 201 51 155 2650 1584 1948 168 563 2088 2289 1096 260 1965 1636 1416 2826 645 2352 2815 440 2755 518 659 2454 712 2840 1840 2050 550 2241 2631 1148 2649 2439 1544 2130 1878 433 1045 2538 2628 231 747 197 2023 559 1552 1381 134 2769 486 1617 1369 1658 445 735 1486 26 1051 2482 900 2714 2836 547 784 1444 1782 2553 1422 179 1870 906 348 2732 497
000206.jpg,1865 1153 1761 2823 1227 1188 2261 476 411 2194 1456 829 1858 1260 661 807 669 468 2313 2168 1697 752 122 922 1560 897 229 1284 2071 1933 1790 372 759 750 334 956 620 1882 1763 1603 820 2043 37 2643 2816 285 1090 1305 2810 586 1098 1541 1702 2666 1015 2156 1436 1321 396 2387 2645 629 6 1638 1082 546 650 1610 2627 448 1221 2171 732 443 582 980 1006 2476 2750 1308 2201 1891 1504 2167 2677 181 1884 1911 1709 1083 115 281 2425 222 1052 1797 2118 1084 1032 2030
000207.jpg,546 1221 582 6 285 1882 2643 759 1702 1083 807 1260 620 732 956 181 1797 820 1697 1188 1603 1541 1858 468 2313 1153 334 750 372 661 2194 2261 1761 1227 829 922 2816 1891 1865 2476 2425 2168 669 650 2810 2666 411 2043 476 1456 636 2387 2171 1560 1380 2346 2807 2678 2677 1536 2278 629 1199 1696 1570 40 1318 281 229 1916 2623 2263 37 1139 122 475 2761 986 396 1032 1723 2627 1726 1371 2048 851 2167 1768 2572 1960 905 882 2514 2823 423 298 1387 1462 2245 1144
000208.jpg,540 1631 1801 2277 465 529 2644 2323 499 395 1334 1394 1561 1798 545 291 1230 1535 1197 44 853 1447 1483 16 962 2579 376 832 1749 572 1469 374 2785 2759 1300 1914 1683 483 789 2542 898 251 2547 1785 2249 576 2409 1743 1228 2504 824 1727 1346 1353 2555 1087 1883 2016 834 1166 2129 803 2058 614 1389 1928 240 2000 1019 63 1093 617 1427 2242 2054 1672 101 95 596 983 1115 1990 2827 1513 581 1847 1856 1178 1091 2700 1593 2113 2202 1137 1207 714 2190 2066 2381 1176
000209.jpg,853 2224 1804 967 540 739 1719 293 1346 2540 754 338 1427 714 986 1558 1149 730 2320 1394 1406 2296 123 1928 1900 898 1597 792 76 1757 1197 1798 1166 1894 1728 2150 2387 1555 2430 789 2533 1075 2409 882 1207 1466 426 1087 634 2143 101 895 2072 646 1334 2054 545 2323 2472 1631 436 1590 29 251 832 766 1266 249 395 729 2221 2295 2495 1236 1707 36 1670 2786 24 2129 1361 1801 1088 2668 1689 1535 2719 1012 1431 1886 1255 737 589 2579 2381 1110 215 2380 568 1256
000210.jpg,2044 2501 2411 1656 1934 2528 1644 1102 2790 312 2817 943 2832 221 635 1405 1624 987 817 85 1407 1926 2300 188 556 611 1319 1796 547 1386 1569 2082 1617 712 305 2721 155 2270 48 1422 64 2241 100 2545 1381 715 1782 550 51 2034 439 562 259 1045 2836 1636 900 2419 2826 2439 1993 1983 1640 1658 2652 260 1552 2837 1146 169 1544 2088 826 2454 440 1428 1752 559 659 1092 2050 2133 4 1878 2007 1208 2649 2574 563 1840 518 283 1369 2358 2538 201 2337 2069 1486 2011
000211.jpg,1813 324 1923 1062 129 1932 788 501 1037 1281 131 456 2142 1503 241 1875 840 2531 125 1124 1475 2765 1843 1715 2687 1024 1929 1912 495 1039 1011 1789 389 268 1635 1730 467 2634 390 1026 2236 1275 2715 2565 927 2053 2285 2407 780 2244 999 2301 1967 89 806 1568 484 1293 1655 1831 628 1505 2806 1140 295 464 2059 452 1097 1050 1662 33 758 159 314 1022 2698 138 1706 1216 2091 1008 1220 430 1500 786 363 1274 1941 858 1822 53 1143 1378 580 449 1465 1048 2191 1262
000212.jpg,752 957 1889 2725 2464 609 509 2404 1766 2457 744 844 1802 1696 2448 2115 1616 244 1880 1515 2278 5 2807 2168 2128 1032 592 189 1596 2060 669 636 661 498 42 1536 2182 1797 620 2823 1280 2476 466 1318 1364 1768 2760 1199 1188 1084 1560 40 183 106 2261 2608 1064 1171 1858 1927 1637 2351 2751 2522 45 214 2720 2048 476 1426 163 1726 2056 2688 829 1227 894 1702 807 419 454 2572 2554 1139 96 565 1525 1602 732 1326 2591 2153 1556 171 851 229 759 582 1214 2678
000213.jpg,2548 1375 2662 2460 969 2363 687 557 879 1619 1366 2844 2456 2541 2186 1514 2226 1684 1776 2298 1665 2727 342 1660 551 1009 837 2633 1440 1925 797 2607 2139 1539 859 1025 2385 2529 1724 1816 2185 2517 349 892 2740 1571 1664 570 2672 2833 2330 1480 1059 352 2158 2749 2455 1572 386 46 718 2215 2399 2584 867 798 2229 2590 720 1947 2123 1 1043 976 857 1411 1861 2524 143 1196 795 756 2063 814 913 1863 2431 2004 667 264 1540 2100 150 2468 2834 2092 267 234 746 307
000214.jpg,2232 822 2137 455 1568 1262 799 1024 1282 408 464 2470 2531 1274 838 1140 296 1706 209 356 2765 1127 2236 1503 2280 268 1875 2173 1789 2715 139 653 49 1216 1831 999 452 927 1475 1011 1781 2396 1655 131 1829 726 580 245 1505 31 89 1787 1635 2794 2693 2053 113 61 390 1273 207 2142 1967 1124 290 525 389 1715 2687 1932 806 326 1039 1275 1037 1929 241 2059 1293 1924 225 1168 2091 1299 1378 383 295 159 314 1780 1050 484 1755 418 1097 27 2698 2279 1022 2025
000215.jpg,1525 2623 2263 1280 1371 1084 2572 2678 1726 1198 275 1205 1659 1960 2030 327 1113 2303 2791 2448 84 2141 2386 1802 1880 941 40 117 474 1199 1170 96 1032 762 2761 106 1184 2203 1425 2494 189 851 1687 2348 419 592 2060 1400 1283 490 1536 2734 894 1144 2554 1318 1866 1979 2807 1768 2048 1108 270 905 1380 2831 214 2115 2153 42 1632 1482 1762 300 481 1927 2278 636 2718 1083 1973 298 946 2571 1183 2522 1139 2705 2080 2116 205 1364 1750 6 1251 2086 1077 1064 2132 396
000216.jpg,702 1830 931 1114 903 768 848 1107 1767 1908 1340 284 2388 2471 65 2601 502 1310 1254 990 835 1845 1608 250 1720 1821 2624 1235 1512 103 297 126 688 684 1323 1975 522 578 2276 1413 1391 1186 2314 2667 767 1839 973 1035 2302 1285 298 1570 277 2323 1165 1015 395 1922 2644 431 2620 1397 1557 315 1144 962 1390 1759 1938 2510 2622 2706 1075 1232 1458 45 2496 851 1263 18 191 2509 249 980 1753 1113 1810 2757 2677 1423 1184 1537 690 1798 420 1080 1012 1502 2661 117
000217.jpg,1207 2072 714 1137 614 898 1558 1087 589 1166 485 1928 1306 2409 1175 1951 658 727 1361 1590 93 895 1334 1451 853 1798 2323 1298 962 1333 1559 1561 2022 1197 676 63 545 2054 803 374 1685 1427 2644 2787 1230 395 2000 1228 364 2540 1971 1786 251 1213 529 1257 634 1389 1019 1597 1394 2759 426 1801 2040 954 1683 572 2066 2113 2656 101 293 2504 2149 789 1900 2178 2242 2143 2381 1106 1115 304 182 24 2320 1785 436 1693 2277 1149 2324 1535 215 695 341 1689 1513 737
000218.jpg,79 2665 722 2068 1067 2511 246 2305 1134 1547 204 2041 116 97 1463 350 2741 1212 2135 2842 1962 137 1935 790 692 2719 2506 2319 12 2292 442 686 1606 899 217 1986 2598 1868 1126 1130 657 140 2712 677 2813 1464 1639 725 637 2736 1076 1940 2436 2308 1223 1473 2427 255 482 619 574 2809 508 1548 2708 1874 1839 1088 2766 856 1777 2286 521 2438 1998 1330 1987 2580 2057 494 2294 2248 2704 2445 447 2625 1937 1771 2435 1183 1052 1185 2657 1452 1892 165 2728 106 1408 2382
000219.jpg,2801 2460 557 2363 879 2524 1215 1242 2104 1863 1619 273 1925 1366 1982 2385 2517 1684 2431 2139 2607 1660 2298 2833 2844 641 1816 385 1480 2633 1278 2189 991 299 1807 1539 2185 867 2771 1549 798 1295 127 2184 814 667 352 1939 2175 1514 2797 1373 888 2710 2595 1129 1947 143 2444 1803 1988 1341 405 2576 147 1571 1607 1735 969 2835 2468 741 2529 583 1724 2776 697 2138 428 2662 1069 795 1509 1811 262 2584 2412 1081 548 2619 2092 1828 2403 2371 2672 1294 2614 651 2738 1765
000220.jpg,887 1470 1531 2792 118 748 819 1585 1667 2575 567 1791 2491 2065 2328 1179 2778 945 982 919 1354 1977 1769 952 841 1578 2647 639 2682 808 2723 1579 1920 1770 114 1651 1851 2304 2793 930 875 9 2416 975 923 1210 311 1063 7 2349 515 2559 2618 579 2252 25 2379 1528 2459 1154 151 1854 492 1211 1209 528 763 2310 2097 2042 928 2225 1271 2711 2658 566 513 2488 916 2026 998 1368 1657 382 1239 512 1367 2729 778 1643 1583 460 823 2074 554 2299 868 568 289 227
000221.jpg,84 2152 941 2502 1605 183 2706 2503 171 621 2141 959 45 2056 1064 2760 2182 1139 1364 2522 909 398 2608 1251 236 1987 244 1458 2841 2348 2612 2572 2401 1696 1866 214 2705 565 2115 1371 1616 2831 2386 2263 1525 1602 1199 1953 106 1726 815 1113 844 2457 1960 509 744 785 40 1171 2678 1280 2116 1768 1214 1084 1560 22 1286 189 2761 506 1515 2677 2751 300 2567 1570 1032 5 117 957 1632 229 481 1198 298 270 2623 2048 2494 1927 2109 1184 96 1844 1661 609 2303 2404
000222.jpg,273 2104 1242 2524 879 2460 557 2363 1366 1816 1539 1480 1619 1863 2607 2633 1660 1925 2431 385 1025 1982 867 814 2226 2175 147 352 2844 969 2833 667 2139 551 127 2385 1349 577 2595 2797 2517 299 2710 2444 1803 2468 2801 641 2092 1514 2576 1988 2709 1530 1059 810 264 1807 991 2455 1069 741 160 2094 2619 2783 1341 1939 1571 1607 1509 2271 2138 1078 888 1811 1684 1373 2771 787 2758 30 2269 1549 685 2529 342 1421 837 2371 1295 262 527 2484 1167 71 2738 1215 1009 2100
000223.jpg,2066 1213 2113 2178 304 1389 2546 1115 1019 2022 63 1333 1785 1228 1685 1951 1175 485 545 149 1306 954 1394 1300 614 1137 2072 182 727 658 1207 1760 589 1361 1712 1451 1559 1971 1786 2000 962 1798 803 1257 2054 714 898 1513 1106 1161 2040 374 1334 1230 215 1883 251 2504 1743 2656 1166 2409 341 1298 101 364 1773 2242 1353 2579 1561 1900 646 572 581 1176 1087 1847 1558 789 132 436 1693 395 737 2381 2644 1427 2787 2323 2149 529 2542 483 1801 2759 2784 1197 2238 2016
000224.jpg,536 2090 121 569 193 988 1132 1588 1268 1431 680 36 2333 1793 901 2117 340 1065 571 2786 332 2668 1393 2227 1256 2029 2217 2108 979 1418 429 500 1686 2743 1033 176 733 1562 597 417 886 555 427 142 2267 866 1553 802 432 1430 21 1890 2380 1492 199 1879 1329 2568 729 2384 878 2415 1910 2451 2335 868 1699 289 554 2578 1038 1398 2421 2098 2249 2078 1888 141 2055 1047 2829 62 865 2798 2839 2747 612 1886 453 1053 2083 1023 1236 1764 681 1976 2009 394 1035 2221
000225.jpg,2138 961 2648 352 1571 2614 1828 2100 405 642 846 600 2835 1964 17 1622 2738 2486 166 537 1341 573 1607 1338 2758 1069 317 2255 1698 2223 1270 2338 195 2412 2709 969 2473 2226 665 2811 2372 1540 892 1939 1025 1618 1994 1446 1409 2339 1539 2635 1349 2175 349 1514 1258 1294 1660 2253 127 2710 2820 1816 2481 1615 2246 2340 577 1366 1095 1619 1421 1684 1812 46 2131 385 2595 223 2094 2781 1112 2431 2385 2444 414 1630 2013 1480 511 2607 591 616 867 147 2399 2298 879 2466
000226.jpg,1394 1213 2113 2066 2178 304 1019 1389 545 63 2546 2022 2249 1300 1115 1447 16 1483 376 1469 1333 44 1785 1228 1749 483 291 614 1353 761 1951 1631 240 149 1175 1801 789 1685 2072 954 1535 2317 2277 1137 485 1361 2000 727 898 658 832 1727 714 1306 1087 1161 589 1558 182 2437 1207 2054 2555 1513 1451 1672 1883 834 1847 1804 2784 251 2579 529 2644 2547 1230 1798 1298 395 1559 2058 1597 1760 824 1427 2409 1914 213 341 540 2024 2323 2785 2202 1990 853 1334 426 1091
000227.jpg,1525 2623 2263 1280 1371 1084 2572 2678 1726 2141 2386 2761 270 1198 2048 1283 2448 1768 275 1960 1205 1108 2030 1113 84 1365 2116 2807 2791 1802 1659 1199 1536 1318 1880 762 1032 1866 785 941 592 189 2101 2115 2278 106 96 398 183 1596 636 1184 45 214 490 2303 2720 1170 1927 2060 40 419 1364 861 1458 2562 2203 1616 1251 2522 851 2718 1632 327 2688 2348 957 1696 2554 2056 894 481 2160 2498 1064 244 1987 171 43 2197 1013 644 2591 2079 2401 2188 117 482 2612 2503
000228.jpg,757 558 135 2295 2413 1728 213 2024 2408 184 754 426 1689 1597 1631 1394 783 1804 1448 2472 761 853 707 2143 634 2430 2638 1265 1801 2249 1478 520 540 1231 24 2277 2354 1296 1093 1383 2533 1312 1719 1469 376 2615 119 2566 2317 473 1945 1984 1447 545 1898 80 2111 1904 1269 1228 2725 1849 149 2756 29 529 2014 19 1019 2124 967 1727 1558 232 2751 1087 1602 1477 1533 1333 293 1326 2555 63 2508 997 182 898 1785 739 214 2507 1757 2072 1839 1931 2464 983 1889 1722
000229.jpg,1753 1125 2777 2772 70 2077 2478 2510 2561 431 1759 2757 1839 18 1035 1834 315 951 1252 1842 1557 2015 2818 1390 2161 2 2663 2622 1165 2302 601 767 191 277 2315 1443 1938 2702 2685 2323 297 1235 1747 1980 2686 1075 990 1798 889 962 688 103 2624 634 1833 2667 1801 1333 2644 1207 853 522 1137 395 1334 1810 529 2759 581 1323 2583 1114 2072 369 1106 898 1928 67 2430 1389 954 2509 1394 1186 126 249 1767 714 1989 1908 2471 485 1413 737 1166 1951 29 2242 502 426
000230.jpg,1453 2433 1490 2034 2545 1796 2713 2376 100 2309 1569 1901 64 48 715 2721 439 562 2272 1640 201 1496 305 1860 2556 1316 51 155 563 2650 260 2826 2088 1096 168 1948 2815 1636 1584 1965 2289 659 2352 1148 1416 645 559 747 440 2840 1486 550 2050 2133 433 134 712 1878 486 1307 784 2732 2553 1123 2337 2649 2454 1840 518 1437 445 2652 2241 2836 2439 231 900 1544 1369 2538 1045 194 1552 1381 2130 197 2631 1658 1422 2419 161 2023 2628 2007 169 1617 674 1218 978 1051
000231.jpg,2045 1584 2023 2755 258 770 747 1029 1320 1362 463 1096 2735 860 1701 1993 1897 1552 64 1796 2034 1416 2631 1948 1586 2753 1788 1417 155 497 1617 2289 562 622 1319 439 51 2721 611 992 1569 1895 1627 1190 2011 2545 2482 100 1710 1640 2076 606 715 2676 2837 2840 433 2732 2724 305 675 906 817 2130 1208 178 85 712 173 1045 134 2046 2287 2628 1624 1051 2650 2836 188 2707 48 2646 201 197 169 1544 161 1381 1649 440 1328 259 1489 2564 2544 547 2084 2626 319 2352
000232.jpg,38 372 1697 2268 2167 459 167 2823 454 1188 1456 20 922 411 122 1911 1284 1995 546 1082 285 807 586 37 1308 1153 1221 2810 115 2043 1260 443 6 1763 620 2573 1570 1882 2171 759 1090 732 2666 1858 650 2643 1865 582 1603 829 820 1916 2222 475 468 181 2346 1006 2726 1797 1702 1723 2313 1227 661 2030 1541 298 1891 2677 956 1380 2194 1537 334 980 1250 2791 2816 396 1502 2627 1205 2261 2623 2841 281 2162 1285 1744 750 1084 1083 629 1884 1371 905 1761 1139 938
000233.jpg,887 2792 118 1531 1470 567 1791 748 2065 819 1585 1667 2575 1354 919 952 1769 808 2778 2328 2491 982 1179 945 841 1578 1851 930 2793 2416 2304 1977 923 875 975 7 1210 2647 311 639 2723 2349 1920 1579 998 1770 2682 1063 9 1651 114 579 2559 515 2379 2618 25 1854 151 1209 928 2658 2252 2711 1271 528 513 1154 1583 2459 916 2729 492 1211 2488 1657 2225 2310 778 382 2026 2097 566 763 1528 2042 1368 512 227 1367 1239 1970 517 399 72 2074 2299 437 2009 417
000234.jpg,1749 2555 1727 483 2058 834 1300 2277 1801 2249 240 1353 789 576 1394 2547 1483 44 2579 2317 1672 2784 824 761 16 529 1883 1277 395 1447 2644 545 376 2437 1469 1836 1631 95 2054 2323 1057 465 1990 2785 291 1304 614 1178 2202 251 596 1230 1914 1476 2190 1137 1197 1176 1804 2000 1361 374 1798 2381 1427 132 695 2700 1091 2759 856 1593 677 499 63 783 88 1451 2745 962 333 1389 1103 540 1228 1743 309 60 2072 149 1856 572 1087 658 400 101 1207 1213 792 967
000235.jpg,2769 348 26 1870 2454 925 2538 1369 480 2649 179 550 2130 2714 2050 712 518 1417 1788 1045 440 1617 735 1422 1701 1710 2241 860 1489 2375 2840 1552 1840 197 445 305 2289 645 1993 1172 1640 2011 1328 433 562 155 2650 51 463 259 168 2721 1569 2631 524 2088 260 64 611 48 1782 134 1983 1029 169 2836 2826 2200 2707 2419 2148 1796 2439 659 1319 2652 439 977 2544 1658 1895 1444 188 100 1544 2556 1649 769 970 1496 900 1624 1878 1623 947 2574 2837 817 2676 1381
000236.jpg,2648 2138 352 1270 1939 127 577 961 2709 600 147 1571 1622 2710 2481 2100 511 1258 472 665 17 226 1803 2820 1421 1069 1815 2595 969 1607 2758 573 846 2266 2486 1341 1446 1025 2738 2466 223 403 1816 2431 537 1167 166 1660 1698 1355 2835 2385 1294 1828 1530 2175 1540 2444 195 2255 2455 405 1619 1338 2094 1509 1159 1863 2372 385 1366 2412 2226 2246 2339 2340 1630 317 2635 2607 879 2619 1811 642 2633 2614 2223 2013 1807 1009 641 1078 160 1524 1964 888 1480 1615 892 991
000237.jpg,1882 956 2194 1221 582 1227 2261 661 546 285 829 669 6 1697 1153 732 476 1083 2168 1797 620 1995 1761 2643 1536 759 2476 181 1911 2425 115 1260 636 1702 38 1380 2677 2623 1267 1541 2313 2167 448 2572 1603 1084 1318 2688 1188 1525 629 2678 2823 1768 750 334 396 1108 1371 820 372 1880 2593 807 796 1560 922 42 2387 2807 1280 1456 2263 2726 20 1090 946 1661 84 167 1858 2494 1726 2573 2222 1032 2197 971 905 941 2278 980 2268 1400 2118 2706 1744 1884 650 1537
000238.jpg,1361 1451 727 589 658 614 2000 1306 1175 1951 485 2054 1559 2072 1137 1207 2787 646 1106 1786 1257 1971 714 293 1334 1798 1558 962 898 1087 76 1300 1197 1333 2656 803 2409 63 1483 1357 44 251 1213 2149 789 1166 1389 2113 1685 2022 374 1447 2066 1230 1427 2323 1115 1091 483 395 1561 376 2178 1801 581 304 1928 1019 1693 2644 16 954 1228 1900 215 572 2546 989 2540 291 2504 2381 2040 737 1593 436 2579 1353 2495 364 564 545 926 529 832 39 1180 240 341 1513
000239.jpg,2071 1790 222 1436 2218 1504 1933 850 2512 1638 2691 2645 1321 1098 2156 2362 2750 1052 1305 935 2355 836 2096 1709 2201 2432 1736 2450 2342 755 1806 897 1911 2420 612 1621 2537 2446 599 2642 144 2098 1047 1023 2747 1145 2593 141 453 2452 666 2163 401 2055 981 595 99 1510 2587 1628 208 396 823 2122 177 1717 320 1085 2074 1387 2829 399 2679 461 164 2449 1160 796 1200 1676 2655 2318 1903 760 437 2469 1682 73 1163 1479 2636 816 1599 72 156 1233 477 2126 380 2775
000240.jpg,2320 2533 1149 29 2021 293 2673 286 2172 967 2143 1597 24 634 1804 1689 213 2430 2408 426 1719 2638 2024 754 2756 707 1728 2354 2615 1448 1849 739 1231 1265 1478 2295 2413 1269 119 1867 1722 2787 135 184 1296 1383 2224 853 1529 558 80 2566 2472 91 19 2390 1984 424 2235 792 218 520 1733 757 232 1533 1312 1945 2296 1535 529 646 376 2744 2054 1798 1334 498 291 2644 540 832 2323 983 962 364 1298 2016 1469 1361 1558 714 1886 1451 1427 425 1207 1346 1447 2000
000241.jpg,482 2183 2220 1931 2526 939 1439 2704 1433 2051 2089 2427 2445 255 2291 574 2057 217 1330 1223 598 2683 1088 2639 494 1874 2435 647 2499 1899 368 1725 657 1555 531 521 146 2719 790 637 444 1408 2308 692 1942 2440 2292 608 271 2712 447 994 274 864 2657 2319 526 1998 508 619 2589 1677 677 1962 2037 1892 2625 2438 2617 1771 2728 1592 944 128 1881 1055 1937 2475 725 2506 2813 1721 1876 2708 1639 2766 1501 1473 686 1185 136 682 2207 2393 1817 2809 329 2569 491 1902
000242.jpg,2460 2363 557 879 273 2524 1242 2104 1366 1619 1816 1480 1660 2633 1863 2607 1925 1539 2431 867 1025 385 2844 1982 2226 147 2139 2517 2175 667 2833 2385 352 814 1988 1349 969 2444 2801 551 1803 2595 1514 127 641 2797 2468 2738 2092 1571 2576 2100 810 166 299 1684 527 237 1264 1807 1059 2771 651 2783 1811 2619 2675 1509 1069 2529 685 1295 2455 1215 991 2131 1373 143 1622 741 2692 2835 2271 912 837 716 2298 71 1530 2208 2758 1939 264 342 1549 2185 2710 405 2749 577
000243.jpg,767 277 1938 1833 1443 889 2686 1747 2496 1753 2777 2702 1125 2478 2077 2315 2772 2532 70 2510 211 951 1759 1980 2302 315 1165 2757 431 1834 1460 2818 2561 1557 369 2015 2 1252 1989 1390 2663 191 18 1842 2622 1035 2685 1839 2624 990 2323 297 1333 103 601 1845 500 2022 2245 1235 20 461 126 980 63 2620 1884 1080 167 988 193 1793 1413 36 1952 2098 1137 1047 688 1023 1423 1263 374 1767 1418 522 803 1323 997 1511 2829 1431 395 1188 1502 733 72 714 1019 401
000244.jpg,1948 1096 2352 1416 194 1051 2272 1218 1261 2628 2815 1496 2556 64 48 1636 1569 2721 439 562 1965 1640 1316 100 715 51 1658 305 2713 1796 155 2836 1381 1860 201 2767 2034 1544 1782 2545 2650 2241 169 2837 2439 1584 2631 1649 1328 2433 1054 2707 2309 1663 1444 645 947 2289 1586 445 1679 712 1617 1623 2840 497 1045 1840 2130 1552 2376 440 2050 2011 2755 319 2088 1993 2023 161 1422 563 1490 231 1253 1895 518 260 2732 1148 197 134 168 2735 1453 2649 1897 735 2652 1878
000245.jpg,2843 1946 2746 2290 1005 2299 2730 2364 2788 544 1243 593 673 2151 749 1131 2549 1379 1794 1311 1068 112 1966 1783 1670 605 1110 1968 2516 365 434 257 730 870 811 1526 336 1871 821 435 1498 1325 1442 568 338 2830 1731 1040 2560 2417 1020 1511 410 1309 855 1581 937 2697 2377 1138 1779 1527 2613 535 1969 1079 2196 1142 2095 2145 2005 678 2251 2243 883 881 2219 2087 1424 1385 406 610 2519 774 1850 2680 253 1634 717 1573 2492 2102 1992 1800 1455 2341 800 94 1094 1913
000246.jpg,419 2554 2153 894 96 1632 1927 106 752 189 333 2060 761 1032 309 924 1217 2317 856 2751 2567 1214 957 1171 22 1013 2249 1801 1727 834 2555 2571 2079 1093 2277 785 2114 1892 2591 2823 2197 2547 1035 2216 1889 2058 2160 1865 1487 1471 1703 1907 499 2141 783 1336 2841 2526 1931 1394 1365 45 2263 1363 2109 2401 448 1685 576 861 63 2111 2623 1288 468 1364 824 465 2037 1019 213 95 2022 1277 2502 1960 1044 744 2056 1987 214 545 2230 596 509 1839 844 2220 2522 149
000247.jpg,2656 2149 1693 1971 1786 1257 1106 751 310 2827 1559 1593 832 1743 1451 983 2016 2441 2000 695 596 132 1176 2190 1361 95 954 1535 1357 2787 1685 2129 76 149 1773 1856 2745 2700 2202 1795 1513 182 1333 1343 1346 2111 2040 1161 1900 364 436 1091 989 824 63 215 2504 1760 2242 2737 1847 39 766 737 789 2288 2381 1434 2238 341 1019 803 926 576 2547 2112 581 2022 962 291 1207 1818 328 572 374 1230 88 2542 1298 564 101 1672 949 2114 2437 614 2785 1476 251 1180
000248.jpg,2665 79 2068 722 1067 2511 1547 246 1134 2305 116 97 2741 137 2041 1463 1212 204 2135 2842 1935 899 350 1606 2294 1944 1055 725 2728 1868 686 2580 2719 692 442 2319 2766 1130 165 140 12 2292 2736 1841 1076 1452 657 1126 447 2558 494 2583 1006 508 2506 362 67 790 2258 2207 2057 1810 1962 2117 1474 1825 1940 1986 1473 677 2509 2708 1801 2286 1881 1886 2003 2435 1998 2825 359 1075 1001 761 745 2121 2535 1892 2055 1088 2296 627 1931 1173 1162 2589 202 1132 1027 488
000249.jpg,1235 990 2601 502 2471 297 103 1845 2624 688 1323 126 848 903 768 1114 1830 1186 1767 1413 1391 931 2314 578 2276 702 1340 284 2388 1107 1908 1608 250 522 1720 1821 65 1310 835 684 1975 1254 1512 2667 767 277 2302 1165 2478 1839 1753 2077 2323 1035 1125 191 2777 2772 395 1232 315 431 1759 962 973 1557 2561 1723 1570 2644 2510 251 18 1397 1916 1938 374 2620 1834 298 1810 2757 1605 2315 2509 951 1390 1798 2015 70 2706 803 249 1137 420 2 1285 2622 2502 475
000250.jpg,392 301 2331 1419 2763 519 1992 2102 773 1779 1385 2145 406 2318 1200 1387 1131 1894 742 1442 253 2420 1007 1267 1527 937 1526 1707 336 1455 796 2303 2516 535 338 1783 2243 568 1794 2341 2377 2264 1309 186 2593 730 94 1479 1020 1969 1142 1425 2132 167 2560 205 1682 1325 2299 248 1659 1511 610 1581 2573 870 1077 2519 855 1645 2030 946 2087 605 1871 2251 435 1184 678 630 2245 1243 1498 2151 774 1205 1850 1263 365 2492 882 2830 2697 2680 1094 1670 1133 2101 2730 1379
000251.jpg,1843 241 2565 1011 495 1503 2142 2531 131 1875 1024 268 53 452 2285 2715 290 1097 1293 580 1932 159 2765 464 1274 1706 1813 31 653 2687 331 326 389 1923 1262 324 456 1281 1822 1124 840 1026 1143 799 455 1789 1039 999 1037 2053 1022 758 655 2634 1568 89 788 1275 2232 927 1140 2236 408 1730 1635 1929 726 390 806 2470 2693 1062 1912 1127 1715 430 125 49 1282 418 822 1475 1967 467 1118 2301 2062 501 129 1216 1378 1918 402 1787 484 2137 2091 2059 346 780
000252.jpg,2769 348 26 1870 2454 1369 925 480 179 2649 2538 550 2130 2714 2050 712 1045 735 1417 1422 1788 440 1617 518 860 1489 2241 1701 1710 1840 1993 2840 197 2011 2289 1328 445 433 51 463 2375 305 2650 562 169 645 260 1640 1663 2837 155 1552 2088 1782 1172 1649 1029 2836 2439 64 1444 1544 2721 947 259 2826 1569 439 2707 1796 1983 1146 1895 1624 48 900 1752 1656 2044 2767 168 563 1486 715 1934 2544 161 2082 1623 1679 100 1658 1202 2817 1092 2631 134 1381 817 970
000253.jpg,729 2798 2629 2539 1429 2428 377 2578 2120 1070 2031 828 2221 2640 2038 964 1668 1399 2602 1374 933 2520 2828 672 865 358 2210 1337 2671 1266 2808 1038 13 2421 1952 1272 640 1754 2083 1329 1949 1249 1041 1910 2335 2839 1764 2570 323 2786 979 2795 698 1049 2047 176 2227 56 536 932 955 121 2032 340 2451 1255 571 1189 1431 1033 193 569 2668 2384 988 986 2090 289 2317 432 1521 36 1449 123 21 1065 370 1562 1132 1393 1757 680 2572 2387 1256 743 2423 893 2678 554
000254.jpg,2510 431 70 1839 1035 1753 1125 2777 2772 2561 2077 2478 1759 2757 315 1390 1557 18 1165 2622 1834 2302 951 191 2663 1842 1252 2015 2 2818 1938 2686 767 601 1443 1801 1833 1747 889 2644 2685 2323 2315 277 1075 395 1501 461 1394 1976 1263 2277 72 1219 1906 2161 962 1986 915 2249 783 2702 529 2496 309 1197 1423 944 128 2829 1798 2532 1980 1884 1548 2661 2577 856 1267 2089 980 1418 417 1810 531 156 1333 677 400 1892 597 823 2483 2216 1931 1217 2514 792 2245 2636
000255.jpg,2550 2019 1507 575 1669 107 1104 1177 2754 2604 2641 2414 1691 55 1194 2176 728 397 834 2555 1482 2080 1044 1523 1727 333 309 2695 1244 2383 441 863 2254 1646 856 761 2317 2233 393 1267 924 2058 2136 845 1144 1450 457 1277 1734 1729 2216 2395 2249 373 2360 1016 584 2192 2630 1487 2234 603 1353 830 1456 1879 1550 1620 2159 1217 20 897 2547 1990 488 2293 2623 1363 1028 1032 2699 1919 1906 83 1995 905 1066 2167 1322 2166 2752 167 1801 339 2410 1019 1321 110 2129 2489
000256.jpg,2018 719 2146 2284 2551 2008 764 1289 190 1577 247 1493 1534 914 1157 2487 35 1128 1403 1351 58 1915 2582 2110 723 604 1997 153 1204 212 1247 664 1121 874 549 2204 2824 615 2209 539 862 2718 516 1359 1347 1751 206 303 2585 632 2485 2658 2453 2019 2165 2405 1482 490 1791 1136 1566 2080 343 812 2550 2254 2603 2003 1211 624 652 1474 1066 2252 2426 1226 107 1669 703 2067 2170 1583 1762 2589 488 2225 1772 1368 55 2416 995 1691 2449 2325 2754 1507 2410 1239 905 450
000257.jpg,941 2502 2152 1605 84 2841 1139 2348 214 2706 1602 909 1866 1953 1987 1171 2567 244 2115 1371 2109 2751 1365 2141 106 22 744 1214 1616 1661 2572 1696 189 1525 96 1280 2623 2263 1927 1032 924 2060 1084 1113 1632 815 183 2678 609 1477 957 2404 594 2203 1184 509 1960 1738 40 2726 2554 844 2162 621 2677 1199 851 419 1487 420 2457 117 2303 481 454 270 1458 894 1198 785 171 2197 1726 2030 986 629 2179 1397 1766 1744 2503 2768 510 2448 1283 298 1502 1570 1364 2153
000258.jpg,645 2011 445 2840 1029 197 1328 1552 1253 1054 2707 2735 1444 1663 463 1679 2767 1623 433 947 2289 1649 1895 2837 134 169 161 1544 2650 2836 2375 440 2130 2050 2439 1658 319 1782 1422 1045 2287 1993 1617 2628 769 1218 735 173 1381 2241 2088 51 2352 2631 1775 1261 950 550 1202 965 1640 712 1788 562 2482 1496 194 613 1948 179 1172 2626 2133 826 622 2676 2272 305 2538 178 1320 155 2084 2724 1051 2477 258 2564 1584 2649 439 900 266 2069 2815 64 2732 2312 260 860
000259.jpg,645 2538 445 2011 518 1552 2769 2840 1029 550 2631 2454 2050 2649 2130 348 480 1328 197 1253 2289 2714 1369 1870 26 712 463 440 1045 134 259 735 1993 1422 925 1623 1617 1054 2650 433 179 2707 51 1895 2241 2544 2375 155 1679 2088 1640 2735 1649 635 562 2837 169 319 1840 1444 1788 1663 305 947 168 1782 2044 1417 1172 2836 2287 2133 439 2076 965 260 1544 2082 547 1878 64 1381 1208 611 563 2439 1386 556 1658 659 1983 987 2270 161 1569 2676 2419 219 188 2652
000260.jpg,2044 2501 2411 1656 1934 2528 635 1644 85 1102 987 1405 2790 312 943 2817 221 1624 2832 188 1407 817 1926 2300 556 611 1319 1386 547 2082 2270 1422 463 1617 2574 259 2670 2544 1983 550 2397 712 1092 1428 1993 1029 2800 74 2419 1190 1552 2344 562 2837 4 2724 1158 2307 1208 826 1796 2564 1045 2007 1414 283 2652 2454 2676 1788 2631 219 1782 2358 2011 305 1848 64 2050 197 2836 2045 2133 2076 2538 1146 606 1627 2424 1328 1369 1046 900 911 1417 2084 2289 2069 169 2840
000261.jpg,1790 1305 222 2071 1436 1504 850 2512 2218 1052 935 1933 2096 2691 1098 2355 2156 1321 836 2362 2645 1638 2750 2201 1709 2432 2342 2450 1736 1806 897 144 1911 755 1621 599 2446 2452 2537 443 8 1671 586 612 2449 1006 1090 745 666 1047 325 2642 2593 2535 1082 205 1308 1661 796 2420 1474 1183 1763 2317 141 396 1023 2098 453 2167 1447 2747 2823 2194 1469 894 477 986 2554 2261 1927 1757 2249 629 419 16 2318 1387 2163 476 1227 459 461 661 1632 1866 1880 96 1676 1145
000262.jpg,257 1731 937 535 1871 2377 1527 1138 2613 1385 1779 406 2145 1645 1894 1800 742 1992 773 519 2102 2763 1007 1707 811 410 2341 186 1455 1516 605 365 253 2843 336 1040 1526 1969 2516 1325 709 1442 1498 1068 248 648 568 2219 1424 821 434 392 1511 1309 94 288 749 1110 1131 610 544 1133 2830 112 435 1419 301 1634 2549 2560 1783 1311 1020 1966 2788 678 1079 2730 673 1005 1466 2364 1581 870 730 338 717 2290 1794 1142 2299 855 2331 1946 2151 1379 1495 1670 2746 1718
000263.jpg,1083 1702 181 620 2643 759 732 1260 1797 582 6 546 285 1221 2313 1858 468 807 2807 1882 636 2278 1536 1318 2476 2425 661 2261 2194 2168 1227 476 1153 1188 1697 956 829 1768 2048 922 1865 42 669 1761 2761 1560 2678 2816 2720 1726 2263 229 2043 1763 45 2386 40 2153 2171 894 2522 1108 1456 1064 1723 644 2688 411 1960 1251 1891 1364 1283 2056 396 1090 1603 2562 2810 820 586 387 2823 762 1541 1696 2111 1525 2760 1596 1880 2498 37 1032 2831 2627 1856 189 281 1380
000264.jpg,2769 2538 348 2454 480 26 1870 925 2649 1369 550 179 2714 518 2130 2050 1788 712 1422 1417 1617 1172 259 1045 562 440 2721 1552 2840 2289 433 305 2088 2650 2631 260 168 1092 2375 735 1453 1901 1993 1190 1640 1895 2574 445 1701 2544 64 2826 1983 2148 2676 860 1569 51 1710 197 1328 161 2241 524 2358 1878 463 219 1208 977 2309 2724 439 201 2011 155 100 2337 1489 2652 715 134 1840 2200 563 1148 2433 645 1490 622 635 2670 48 1468 1496 2707 1860 178 2564 1796
000265.jpg,1946 2843 257 883 416 937 1005 2549 11 2788 1325 749 1731 2290 673 2299 2730 2364 434 544 2394 1871 2516 1526 2746 593 1511 1778 1966 1670 1442 2145 1783 1794 1138 406 1068 1498 365 1131 2377 1243 112 2151 2196 605 1455 1779 2219 1311 105 535 1969 1110 1527 1309 1040 336 662 2560 2064 568 435 855 1385 1968 921 2005 7 821 1133 2559 2697 1384 2613 1002 186 1020 1379 253 2251 94 852 875 2458 2416 1142 1581 2417 2341 942 151 774 2830 410 1573 2519 1495 678 908
000266.jpg,941 84 2152 2502 1605 2706 2348 1139 909 2841 214 1602 1866 1953 1987 1525 1371 106 2572 1280 2623 2263 1084 1171 1032 189 96 2567 2109 1661 2678 2115 2060 2141 1927 244 1632 744 2751 2554 22 1696 419 1113 1214 815 894 2153 1616 1960 1726 621 1659 1365 2203 1184 2303 1205 1198 40 183 1979 298 924 327 2831 117 2494 6 481 171 2677 594 1570 2705 2179 1199 1364 1502 2726 454 762 2162 2404 2448 275 167 2030 851 1738 1064 1251 2197 45 300 1380 1263 2522 629 2571
000267.jpg,1767 126 1845 2624 688 1323 578 103 1413 1235 2276 297 2388 2471 1391 1114 2314 848 1186 2601 1340 990 502 768 903 522 1830 931 702 1608 250 2667 1107 284 1821 1720 1908 65 684 1975 1310 1254 1512 835 767 2302 1165 1839 2323 315 1557 2663 277 2 1035 1759 1390 2622 1406 249 601 973 2315 1012 1833 1938 2757 18 191 1263 2772 1753 1810 395 676 2561 67 2077 962 1166 1443 1053 951 2777 1989 2685 1834 1798 1125 2015 750 1144 2620 1603 1075 1285 2509 1334 2478 2644
000268.jpg,1506 1780 1141 383 2070 858 1505 1598 2311 252 1435 625 1248 1356 679 525 654 2669 49 113 1781 61 192 245 1127 1216 2794 408 2025 1829 1168 1299 1787 1140 225 207 27 2396 139 216 1282 2164 2698 239 1924 2279 2280 2232 1273 296 2091 838 2173 209 455 356 2137 2470 1692 1262 822 1612 1124 331 655 1500 1274 2062 33 1568 1024 1503 200 2316 1918 2765 1941 618 643 344 1875 2531 1293 2053 1097 2690 2467 2611 464 1706 430 1026 1037 1021 131 1143 2017 1472 799 1956
000269.jpg,1593 2827 1693 1743 310 832 1535 2656 2149 983 1773 2016 1161 1795 1513 1847 2441 2700 596 132 2190 1176 95 695 2111 751 1856 2202 1971 2745 1786 1257 2129 1106 824 2785 2547 1476 1346 1914 1559 88 576 1178 2437 291 1451 1749 1361 1672 1990 1836 2000 2787 1343 1353 1685 789 1883 954 149 2784 364 766 1091 2242 483 182 1224 465 1357 2040 251 1900 63 240 2504 76 341 2238 989 328 499 1999 1713 1333 1996 803 1116 215 2112 2381 436 1019 2737 617 1300 737 777 1483
000270.jpg,1145 2098 612 2747 1047 1023 1436 141 2055 1504 222 2218 1976 2071 755 1638 2691 1806 453 1933 401 1790 2512 760 477 2362 2163 1736 461 2450 1163 2645 1872 2342 850 2679 1628 1052 1321 981 1098 595 2122 174 177 823 99 2829 2355 1903 208 1305 2775 2750 72 2636 2009 399 1717 2587 2156 437 2201 1510 1415 836 935 1085 816 1160 2655 1233 164 380 73 2074 731 2096 1688 1599 2432 2126 2469 156 1241 1188 694 2274 172 1784 460 1808 2722 411 2003 599 1709 1173 40 922
000271.jpg,1749 483 1353 240 789 2555 1300 1727 2058 834 2784 1672 2579 2437 1883 576 1836 2547 1801 2277 824 2249 1483 44 1394 1277 16 1447 2202 1476 95 1304 376 2317 2190 395 1176 545 132 251 529 1469 2644 1593 1091 1990 1743 1178 761 1914 2745 1161 596 1427 2785 88 2381 2288 2000 695 766 1513 1900 465 1856 1996 1804 2441 926 777 581 1180 1361 60 39 1230 2700 2238 2054 374 2504 564 341 2495 1559 1057 215 614 962 983 1971 291 1786 2759 1106 63 230 1818 2040 967
000272.jpg,455 822 2137 2232 1262 1140 1568 1216 1924 1024 2531 2470 1829 1273 799 268 1503 1124 464 452 1875 1168 1299 1706 1037 2053 726 2279 131 1011 2765 290 1789 927 241 1831 2698 2236 2693 1932 2142 1293 2715 580 2285 1274 999 1475 1918 1655 653 113 1097 2687 89 31 159 326 1843 418 1022 2806 2565 1822 389 758 1127 49 1506 391 295 1612 1635 1281 1505 2465 2505 1275 840 2634 390 1692 1715 1143 2062 806 383 1967 2611 324 1039 1787 61 1378 478 2407 1923 467 331 53
000273.jpg,947 712 1617 1444 1663 1328 1045 1993 1422 2836 1782 1489 2837 2130 1679 2707 2241 2050 169 1649 1623 1710 860 1369 2454 735 2649 179 2011 1417 440 1381 2840 1054 51 1701 1658 197 550 2767 925 2714 1552 480 1870 1544 26 445 1796 155 900 463 305 1640 2439 2289 348 221 645 2769 1569 260 635 1934 1486 2832 1437 562 943 1405 1029 2790 2631 312 518 1656 1102 563 433 2817 1407 1926 2133 64 2826 2300 817 2082 439 1624 2721 2411 1788 2628 2528 1096 2538 715 556 1218
000274.jpg,70 1753 1125 2777 2772 2077 2478 2510 431 2561 1759 2757 1839 1035 18 315 1834 1842 951 1252 1557 2015 2818 1390 2 2663 601 1165 2622 2302 767 2161 191 277 1938 2315 2702 1443 990 2685 2686 889 1980 1747 1833 2323 1075 522 502 2496 962 297 1235 2667 1810 2644 1114 103 1908 2601 2471 529 1801 2624 2509 2759 395 2242 202 1798 688 284 1413 1989 1845 1767 249 578 1353 2532 1334 1323 2000 126 1207 2276 65 931 853 581 1830 768 461 1511 1333 702 1310 1406 67 634
000275.jpg,1790 2071 935 1933 2096 850 836 222 2355 1098 2691 1321 2750 2156 2645 2201 1052 1504 2512 1436 1709 1305 2218 2432 2362 1638 897 2450 2342 1736 755 1806 1911 144 2593 2446 599 2420 2452 666 1621 612 2642 2537 796 1006 1308 1082 1090 443 396 1145 1047 586 2098 630 2318 1023 2167 2449 1387 1200 141 73 320 1380 453 1763 1697 2268 2747 2555 2317 459 1085 177 2074 1682 461 2249 2829 1903 2679 2535 1676 477 946 1183 399 99 37 2122 981 2163 2627 761 205 2058 380 1510
000276.jpg,2636 72 2009 172 1145 2722 2747 460 1047 2098 612 1023 141 174 1415 2775 2055 164 453 1784 694 156 401 2577 595 208 1241 2163 2587 1628 99 1510 1163 1160 823 1872 477 2655 399 2469 1976 1717 731 2679 2126 461 760 2274 1688 1085 1808 981 177 2829 2122 1903 437 380 2074 816 1599 1233 73 1100 1404 1155 1089 2452 1436 1504 599 755 2218 2537 222 666 2642 1881 2355 2446 2841 1638 2691 2003 1232 1321 1661 2449 1757 1098 1933 2645 2589 40 1214 2658 2216 1839 1250 1139
000277.jpg,2018 2146 2284 719 2551 764 2008 1289 914 1493 190 35 247 1534 1351 1577 1157 2487 1403 723 1915 2582 1121 1359 1128 2585 1997 1204 664 2110 303 2209 874 615 539 58 2824 153 212 1247 604 1347 450 812 1772 549 2485 632 2165 2204 862 516 2453 1751 2718 1136 66 343 2603 2734 2536 2793 2361 206 490 1762 7 871 1583 873 545 1087 2405 14 2555 2426 1674 1791 2067 1958 652 2019 1745 1246 1210 2242 1595 2254 311 2353 630 1271 1963 1228 2003 1970 2252 1019 2434 2792
000278.jpg,2844 1571 2797 2833 1215 17 352 2092 2185 642 2801 2139 1514 1129 969 264 2517 2100 2455 1539 299 2371 837 1009 2484 2584 143 1411 2529 2338 1684 1622 1982 958 2576 961 386 349 1698 2486 2223 2226 667 600 1994 795 2063 2619 2271 1366 1814 1440 810 846 1619 718 2269 1360 1338 1925 1409 2635 2253 2776 223 787 2473 2460 1242 1816 1349 1540 2298 46 1549 317 879 428 71 892 2616 195 2104 2175 1618 273 1 638 2524 1615 1694 2340 1025 697 1815 2385 1863 1122 2731 2541
000279.jpg,1583 998 2792 517 567 118 1791 2252 919 778 382 1970 952 1354 1769 1854 2711 227 2778 2065 2682 1179 1063 916 2491 1977 930 928 1657 2042 2729 1651 2328 1579 808 982 841 1578 1470 2793 887 1531 7 2225 9 114 945 975 748 763 639 1851 2349 2379 2723 2647 2416 1920 2310 2361 923 875 819 579 2304 1667 528 1210 1770 1879 1239 1368 311 1271 151 1367 2559 2026 515 25 2459 1209 2575 2067 566 2658 1211 1154 513 2081 1585 2488 764 2551 512 871 2618 1963 701 1819
000280.jpg,1967 390 1635 1715 1050 726 1097 1822 1293 999 331 2053 159 1124 2765 580 655 1143 2236 326 2715 1755 430 31 1140 314 1475 1024 1118 1037 2505 2465 478 1011 89 805 2062 1378 1756 2407 2531 799 2687 464 1216 1317 1706 1648 1568 2301 1503 936 1789 927 1395 758 455 1918 389 363 1730 1831 1275 467 108 1022 1262 1274 1008 1662 1026 628 1655 1692 2406 484 346 452 1647 1472 1273 1829 753 782 1018 786 1612 2398 2632 2634 2059 2402 268 1929 471 2806 2821 2698 1921 2611
000281.jpg,924 1487 37 1082 586 1308 1090 1763 443 922 1471 1006 629 953 2216 1697 1703 1363 2841 1456 2677 122 2535 1288 325 1474 2167 1284 2706 745 1891 1188 2268 2249 411 327 2222 1371 2359 396 1462 1661 1205 275 167 1659 1153 946 761 1882 1380 298 2483 1250 2572 1916 1525 1184 650 459 2494 1723 986 1570 882 2179 796 281 2573 1537 1073 594 1605 1687 84 475 1221 2666 1502 285 2554 1757 941 1400 1285 419 2502 123 1139 938 2705 2831 1219 1113 2623 546 973 2816 2678 1322
000282.jpg,2034 2545 1796 100 1569 48 715 64 439 2721 2713 2433 562 2376 1640 305 51 1584 155 2309 1453 201 1490 2023 2755 2272 1860 2045 1096 747 2650 1316 1496 1416 1948 2556 1901 770 2631 1636 2815 2352 1051 563 2289 258 1381 260 168 1658 712 2088 2826 2836 2241 1782 1965 2628 1417 2050 194 1617 1407 1218 2130 2439 1544 1045 817 1369 2837 2649 860 169 440 550 1993 2454 1422 1870 947 26 1328 2714 1878 1261 2528 2538 1624 179 197 518 1444 1489 1148 433 221 1029 2767 2790
000283.jpg,982 2065 887 1470 1531 1791 2225 763 748 1211 118 2328 2491 819 2792 1667 1179 1578 1977 916 2042 2778 567 1585 2310 2575 2682 1063 945 841 2252 1651 930 1769 639 919 2647 2723 1354 1851 227 952 808 2416 1920 311 1210 2349 2793 1579 875 2097 114 7 1770 9 928 975 2304 998 517 528 2658 2459 923 1154 2379 1583 2488 579 2026 25 1367 1854 2559 1209 566 1271 1657 2711 492 151 382 778 2618 2729 1239 512 1368 1528 513 515 1058 1566 1981 1970 1301 2140 446 2005
000284.jpg,1805 775 2586 1611 794 2621 1169 2780 357 960 2329 2447 1626 2368 279 818 2630 1517 693 2701 2733 2297 462 830 1450 2347 2275 1372 1832 1732 2684 603 2651 1678 863 1244 1147 1646 2518 2211 1120 393 2136 1620 339 2019 1073 2637 2345 1382 2805 2106 1014 1259 2080 1016 2254 876 2804 2754 2525 1192 575 1482 2020 1959 584 457 2605 2240 2395 1691 10 321 2748 845 2233 469 2192 2383 2550 1507 1523 86 373 1748 1734 2695 2159 1459 2360 1410 1809 371 379 187 2166 676 441 2234
000285.jpg,1310 1254 65 1512 1107 702 1908 284 1830 2388 931 835 1114 903 1608 768 1340 1720 848 1821 250 2471 1767 2601 502 990 684 1845 2624 297 103 126 1975 1235 1323 688 578 2276 1186 1391 2314 1413 522 767 1277 2571 309 2058 277 2555 834 1035 1015 333 2667 1286 1839 2510 2831 2079 1844 1300 856 1940 2167 1013 431 2197 205 2496 2661 1620 2644 2216 980 2579 1801 1217 400 973 1456 1285 395 581 1884 2705 1353 1727 1232 2080 2401 677 827 2277 37 448 1703 1336 506 1753
000286.jpg,1752 1545 1146 312 2832 987 2389 4 1102 85 1934 1624 1644 2790 2528 626 2411 221 1405 59 635 2501 1656 1407 943 1926 1202 2082 2270 1737 2300 2817 556 1386 2044 826 188 817 547 283 2367 2069 611 613 1422 266 1319 2477 1617 712 2840 950 1328 2714 1799 1993 550 463 440 1045 2011 445 2050 2837 2631 169 1029 1552 735 2454 1983 1190 2574 860 2133 947 1663 433 1444 2241 2312 2544 480 900 1623 2424 1782 2289 1489 1468 2375 2515 2130 1417 2397 1369 2836 1796 305 1316
000287.jpg,2437 1672 1836 44 1749 1483 1057 16 1447 1990 376 2700 1469 2317 291 1914 2785 824 1593 1178 2202 1535 1476 832 1224 576 95 1116 2547 1353 2745 1856 88 1727 1713 2555 483 2249 2190 1300 1714 2129 751 2058 596 2441 683 47 1693 132 834 1773 761 1743 789 1346 1449 2000 2656 1161 1176 240 2149 1304 2180 983 1559 2784 1838 1180 2827 1103 1795 1513 1091 695 1106 2422 2288 230 2523 1451 777 2016 2111 83 1786 1996 1971 581 39 2787 1361 2296 2579 954 1277 310 926 2495
000288.jpg,783 1343 2737 949 1093 940 2112 1004 1999 2111 1856 617 2441 2827 1103 1914 1434 1561 983 596 310 198 1743 540 2785 95 2542 75 2190 2745 2202 695 407 2497 60 1176 132 1535 2242 88 1693 2547 1476 824 2016 832 1298 341 1304 182 576 1683 149 1898 1773 1091 291 1760 2413 2656 1593 364 328 2238 2129 766 1161 1116 1334 63 1230 2022 1713 2323 2180 2295 1631 1795 1714 2644 2149 2700 1513 1996 1346 1333 1846 1712 1749 2422 1224 2489 374 2759 1019 777 898 2114 2504 2040
000289.jpg,1944 1055 2294 2728 725 2207 2558 2766 165 447 1825 2825 1212 494 2741 2135 899 137 2435 1940 1130 204 2842 2580 1606 2057 1899 2291 1056 116 692 686 2292 2736 97 574 2719 1986 1126 1547 2319 1223 1874 2305 2248 1463 1067 2511 1452 657 442 2813 2068 1937 1935 1464 2041 146 1473 2382 1076 1639 246 140 79 1868 1777 1185 722 12 1134 2708 2665 2286 1841 627 2809 647 2258 249 1721 677 948 2683 2393 1408 1012 2438 1962 2639 2506 2121 1810 1876 974 1001 1942 1771 994 1088
000290.jpg,482 2183 2220 2526 939 2704 1931 1433 1439 2427 2089 2445 2051 255 217 1330 574 2291 1223 2057 598 2683 1088 2639 1874 494 2435 647 521 2308 637 2499 2712 1899 368 531 1725 619 657 2657 2719 146 790 1408 444 2617 692 1555 2292 2440 1942 271 994 608 864 1677 677 1998 2625 508 1892 274 447 2037 1771 2589 1962 2319 526 2438 944 2506 2475 1881 136 1639 1721 128 1501 725 682 2813 12 1592 1876 2708 1473 1817 2393 2728 1185 491 915 1937 1250 1757 2766 347 1130 1654
000291.jpg,1944 1055 2294 2728 725 2207 2558 2766 165 447 1825 2825 1130 2292 1212 2135 899 1940 2741 1056 692 2736 204 1126 2319 2842 137 494 1606 2435 2057 2719 442 2291 1986 1899 116 2580 97 2305 1874 574 1463 2511 1547 686 1223 1935 246 2506 1134 1067 2041 146 2248 1452 657 2068 1962 2813 1841 647 140 2708 1868 2258 722 1076 790 79 1937 2286 2665 1777 1185 1464 2683 2382 1639 2639 249 2121 2350 627 1473 1001 1408 804 1012 1721 1810 362 898 1439 2324 948 329 1892 1998 2393
000292.jpg,897 1790 2156 1098 1709 1321 2071 1933 2645 935 2750 2096 2823 836 2201 1638 2432 1865 2342 2355 1052 1736 1806 222 2450 850 2512 1504 755 2691 1305 1436 2362 1621 1044 2218 1456 396 1911 122 1284 2313 1227 1153 1761 1188 2449 1661 2627 829 1090 1858 2194 1697 1082 2535 1006 586 922 443 1308 2030 1995 629 8 796 2318 411 115 1474 745 468 167 1763 325 2791 2296 372 856 1560 752 2446 630 2261 661 2222 1015 2167 2268 350 476 448 1047 915 2425 205 413 669 2677 2593
000293.jpg,213 2408 707 2638 2024 426 1597 558 1689 135 757 2143 24 2430 1804 2413 634 2354 754 2295 1728 1269 853 520 1849 2566 1719 1448 184 1945 232 1478 1265 19 1722 119 967 424 2533 1867 1296 1231 1383 80 2615 2472 29 2320 783 2756 1394 1631 1529 1149 2725 293 739 1312 1733 2390 1984 473 540 2124 2464 498 1326 2014 1889 2366 1093 1801 2224 2021 1469 1766 2404 2111 2751 2508 752 957 376 609 1839 2112 1298 388 1061 1228 375 2277 2673 509 1447 761 163 2744 2172 286
000294.jpg,2365 81 849 2370 2552 2819 705 2689 587 2119 2479 2500 2181 2534 2283 152 175 458 2716 1827 847 523 2527 1741 313 505 1896 1563 28 2191 1339 734 1532 2674 696 238 972 2250 2557 120 2177 2193 671 1111 1376 2099 1680 602 1704 2052 2228 2681 2322 2592 1708 2144 1332 1117 968 1873 503 740 1314 330 2764 68 92 890 633 1746 772 1335 129 2237 780 131 354 1062 1109 711 324 1831 268 2244 1917 1955 1164 2799 501 1182 2715 2306 125 2265 452 2597 2789 1293 1655 1475
000295.jpg,1235 990 2601 502 2471 297 103 1845 2624 688 1323 126 848 768 903 1114 1830 1767 1186 1413 931 1391 702 578 2276 2314 1340 284 2388 1908 1107 1608 250 522 1720 1821 65 1310 835 684 1254 1975 1512 2667 767 1839 277 2302 1165 2323 1035 1753 1759 431 2478 315 18 2077 2510 1232 395 1125 962 1938 1390 2777 2772 2757 2561 2644 1557 191 1834 1810 2509 601 2 2622 1397 973 70 249 1798 1570 1842 251 951 2663 2015 298 2496 2620 1723 2315 1916 374 1833 1427 1207 1012
000296.jpg,1879 394 1906 2140 2093 451 1058 1301 1981 2049 1518 1604 1237 446 1567 530 2357 2796 631 1017 1290 607 2282 2392 2596 1909 2543 2660 1495 1002 1119 2085 2458 1384 2064 2262 1676 908 1621 1978 1613 1894 662 966 942 1239 984 852 1331 1645 1566 1705 2600 186 1479 921 1145 1673 320 337 1742 1200 1614 2696 1516 487 742 2609 2657 1546 997 1367 519 2257 1455 897 1681 729 355 2089 2786 1406 255 1271 2111 1330 2488 2747 1800 1197 1368 72 2640 301 151 1105 678 1387 2559 1023
000297.jpg,1710 1489 2840 197 1701 463 860 1422 1617 1417 1045 712 2011 445 2375 1993 1788 433 2130 1328 2050 2241 2836 2454 947 1444 2649 550 2289 1782 735 480 179 1552 900 440 1369 2714 1029 489 1934 2832 2769 2707 348 635 925 26 1663 1656 1870 1624 169 312 221 1679 2837 817 2817 1102 2397 2538 2790 943 1623 1405 1926 645 2082 1381 1407 2411 2631 1658 970 518 556 1386 987 977 1983 51 2270 188 2574 2300 1895 2826 2515 2528 2084 1437 2767 2501 2424 1649 1190 611 2044 2133
000298.jpg,536 2090 121 569 193 988 1132 1588 1431 1268 680 36 2117 2333 1793 901 733 866 500 2217 142 802 2786 1553 429 1492 1065 1430 571 2029 340 2668 878 1393 2227 332 1418 597 1033 2078 176 1562 1699 555 1256 1686 1499 2743 417 1890 2108 979 886 427 2568 554 2267 868 2415 21 1888 432 1053 2384 1886 62 2380 1398 199 729 2578 289 1329 681 1038 2451 323 743 302 2423 2335 2839 2671 2421 2798 1910 1049 361 1236 78 1764 377 1272 2221 893 1035 1374 933 2795 2539
000299.jpg,2411 2044 1656 2501 2528 1102 1934 635 1644 1405 943 221 2790 2817 312 2832 987 1624 85 1407 817 2300 1926 188 556 611 1319 1386 2082 547 2270 826 1422 1983 1092 2574 712 259 1617 2397 283 1552 2670 4 1146 1208 2069 1993 2676 2544 550 1190 1752 2454 2800 1788 2011 1029 1202 1428 2631 2724 1045 2837 2344 1414 1328 2133 977 74 2538 463 1796 2241 2307 2840 445 266 2050 2707 1737 480 2652 2836 562 2419 1782 613 305 2649 2721 1369 900 169 1417 2424 947 2564 1381 2477
000300.jpg,1710 1489 1701 860 1417 712 947 1328 2836 1045 1617 1444 2649 1782 2050 1369 2130 1663 1422 1870 2454 26 925 197 1679 2837 2241 1993 179 1788 169 1381 2707 735 2011 348 2714 1658 2817 550 440 2840 1649 817 2790 433 1644 1623 2289 480 463 2767 1656 2528 1407 221 1624 2375 943 2769 1054 445 1926 1544 2300 1102 2538 2832 1934 1029 2411 900 1405 489 1796 1552 51 635 2439 1218 1569 2397 312 1437 2082 1092 305 2424 1545 2631 1640 2045 2084 611 1319 518 2628 155 1208 970
000301.jpg,2049 631 2282 1518 530 446 1290 1604 1301 1058 2140 451 1981 1237 2064 607 2796 1567 2596 1909 1017 921 1384 2093 1613 662 2696 2257 1742 813 1673 1331 966 1554 1105 1396 2660 355 1614 1370 243 942 2458 2085 337 487 660 2782 2543 542 710 54 1681 1739 2259 360 1853 1893 2392 1002 1705 1879 2664 2600 1978 1000 908 2369 394 50 2251 1695 2005 1495 2519 2243 800 984 678 2087 1850 1142 2006 2697 1119 1094 2262 1581 1174 1791 1906 2560 2357 1466 1913 1455 2417 791 774 2196
000302.jpg,2019 2550 1507 2754 1669 1104 575 603 1646 830 2555 834 2080 1450 863 1482 462 393 2641 1691 1244 1620 107 2275 2136 1177 1727 2630 1805 2058 1147 357 55 775 309 1732 2254 2383 1523 339 2733 1277 2586 2780 2247 1678 2414 2604 2317 1016 240 1120 1169 2395 333 2176 845 856 441 2695 1517 2422 34 1611 2192 1044 1626 1734 2360 584 2197 187 2347 457 2623 794 2326 789 1353 2368 2621 728 1194 2297 1791 2159 2489 1757 1032 1749 205 2079 2233 986 483 1447 2518 1217 2447 2211
000303.jpg,1096 1416 1948 2272 2815 1636 1496 1965 2556 2721 1316 1860 562 2713 2352 1796 715 1569 201 64 1051 1218 305 100 439 51 48 1261 2034 155 194 1640 2628 2545 1362 2309 1584 1381 2433 1658 2241 1897 2650 2376 2755 497 1586 712 1490 2631 1993 1617 260 2836 563 1544 2088 1782 2045 2023 1552 2289 258 1453 2826 2046 1901 747 1148 2454 1328 2439 168 1045 231 947 1422 1878 2837 169 1369 992 2767 817 319 2076 860 550 1444 1029 1679 463 770 1407 2732 1123 161 2130 1788 900
000304.jpg,372 807 1260 1603 1858 2313 820 1865 750 334 1221 546 1541 285 1153 1285 582 6 1456 468 1761 1697 980 1884 1560 2677 1015 759 973 1284 2118 629 298 1227 1610 2643 1570 1188 2194 122 2261 2387 1702 1083 661 732 229 829 2268 1797 620 922 448 281 1082 476 1286 396 1380 2303 2425 1882 37 1723 1537 2627 669 1308 20 411 1891 1080 167 38 1844 2030 2791 1387 1995 2167 454 650 586 2245 1032 181 2476 1084 1502 1199 1750 2666 2168 1090 117 1263 594 40 956 459
000305.jpg,1044 897 1865 2317 1621 213 752 1719 2295 1728 2751 2472 1879 2567 2408 2413 2260 394 729 135 1200 1447 908 376 184 558 1804 984 2024 141 1469 1729 2143 2140 24 1661 754 2508 1448 2638 1546 1425 2640 1550 186 1478 2296 630 1296 1383 540 1265 426 2452 2249 1312 2555 1727 2430 218 957 634 1757 932 488 2725 763 757 2823 2225 1533 1689 2150 1487 2156 834 632 1088 707 2392 1217 785 1194 1271 853 761 99 2109 1321 516 2169 1023 1894 499 2404 1093 1906 119 955 2067
000306.jpg,1057 2437 1836 1672 44 1749 1483 16 1914 2317 2785 1447 2202 1476 88 2745 1469 1449 376 1856 824 1990 2190 291 2547 576 95 751 1116 2700 2441 132 1224 1713 2111 761 2249 1176 1620 1535 1714 1178 596 695 603 983 683 832 2555 1727 60 2275 1091 1073 1482 1732 2180 777 1678 2080 441 1103 1304 2058 2129 2827 47 1523 1838 230 1353 946 1743 2695 830 1996 2422 339 1593 1450 1646 1380 2495 1183 2245 1147 863 1346 905 1451 2383 1693 834 2523 1548 269 104 1180 2518 205
000307.jpg,2077 2478 2772 2777 1753 1125 70 2561 1759 2510 2757 18 1834 431 951 1252 315 2161 2015 2818 1842 1035 2 2663 1557 1390 601 1165 2302 191 2622 1839 767 277 2315 2685 2702 1980 2686 1938 1443 688 1747 889 1235 2667 1833 1869 2323 1075 1511 103 2624 297 126 1207 1323 1106 522 2000 1767 1989 29 2314 293 73 1391 2299 634 2072 1810 1186 2644 1798 1969 990 1012 249 1137 67 1114 1406 2583 369 823 380 142 1413 1334 1559 954 614 2509 1333 1451 500 962 1431 2276 555
000308.jpg,712 2714 2649 1328 1663 947 179 1417 2130 2050 860 1369 925 1422 1870 1489 1045 26 550 1444 2454 2836 1710 1617 480 735 2837 2840 1782 2767 169 1649 2707 463 1701 433 440 197 1679 348 221 1381 2289 943 2241 1993 2011 1407 445 2538 1172 1569 1788 1796 1624 1623 1658 1054 2769 2790 900 260 970 1405 518 715 489 1644 524 1190 48 1029 64 51 817 1218 305 2528 2300 635 100 2721 1092 562 2826 2088 1934 1983 1640 2375 2082 1544 2397 1552 2832 2148 2817 977 2069 1437
000309.jpg,697 1445 71 810 638 30 787 718 958 2529 2271 1514 143 1440 2619 386 2517 969 1684 1129 2298 1939 1215 1360 2246 1270 2185 1630 665 2481 1294 1258 1446 2710 1112 2444 273 2524 2616 1242 2104 795 1694 2584 2709 2175 1059 1539 127 1411 2226 2339 1524 342 2801 1811 2473 551 352 2131 1629 1571 685 147 2740 1803 2749 414 2460 1812 2595 879 1988 1025 1807 2541 1509 2844 17 557 154 2363 1619 1069 2013 2138 2468 2675 2385 237 2648 1660 1295 511 1618 2771 1863 1349 591 600
000310.jpg,2769 348 2538 2454 480 26 1369 925 1870 2649 550 179 2714 518 2130 2050 712 1788 1422 1045 1617 1417 440 260 1453 735 305 259 1901 1172 2826 2088 1993 562 1552 2241 168 524 2840 2650 2148 2721 1840 2309 563 1208 1490 2375 197 2289 1148 1092 860 201 2631 1468 1895 433 977 463 1710 51 645 2574 2358 1190 155 1640 2652 445 1701 2200 1878 1569 1860 2011 1983 219 1489 2076 2544 1496 1388 2724 2433 2337 1486 64 2606 2676 134 1328 439 2133 784 2397 161 900 1428 978
000311.jpg,1925 667 1982 1619 641 2385 1863 888 2139 1373 2797 991 2771 262 428 2844 1735 2833 2092 2731 1295 1807 2776 299 2576 2371 879 1549 741 2460 1509 557 2269 1814 2363 1366 2524 2607 1242 1480 1816 2431 1660 1589 2104 2633 867 385 2455 1539 2094 1803 814 264 273 1122 551 837 2484 127 1530 1078 2403 891 160 2517 2529 1238 2175 2412 1291 1009 1440 1862 267 2595 1129 2710 2468 1607 386 143 577 90 2185 2444 1684 147 2189 1514 2063 969 1341 2138 1338 537 352 718 2783 2226
000312.jpg,1057 2437 1836 1672 44 1749 1483 1914 16 2317 1447 2785 2202 1449 1476 1469 2745 88 376 1856 291 824 2547 2190 95 576 1990 2441 2111 751 1116 761 1535 1224 132 2249 2700 1713 596 1620 832 1176 2555 1727 1178 983 1714 683 603 1482 60 1091 695 1073 441 777 2080 230 1678 47 2275 1523 1103 1304 1732 2695 2058 1996 2180 269 946 1548 1147 2827 1183 1838 1380 1450 2129 205 339 2495 830 1743 2383 396 834 350 104 1353 905 2518 1593 1646 2422 1841 1180 863 2245 1346
000313.jpg,1944 1055 2728 2766 2583 2294 67 725 2825 447 1810 627 2207 2719 2558 2509 249 165 1001 1012 1075 2350 692 202 2319 2121 1212 1406 2736 2292 137 1825 2135 2741 1130 1606 899 1940 116 1126 204 442 494 2057 1056 1067 2291 574 2041 686 2842 1463 2435 2305 246 97 1223 1899 2511 2708 1134 1547 1874 1935 2580 1185 790 1962 2248 1777 2665 677 722 1986 2286 146 1931 657 1076 2683 79 1639 2068 2813 2051 2438 1439 2526 1452 2506 2220 1473 1868 1841 804 2436 1937 12 2639 647
000314.jpg,1272 1038 2520 1754 2421 2210 640 1041 13 1949 323 2671 377 2578 828 1668 2602 1374 2032 2828 56 2539 933 672 1429 370 2047 2428 2629 1189 1337 2798 1049 729 865 2120 932 2221 2038 964 2031 2083 698 1329 1910 1070 839 743 123 2267 2423 176 1399 1033 1431 142 2387 955 2335 2029 1256 868 2117 1492 340 36 1553 2668 979 2217 1686 1890 2786 2743 986 427 555 882 1255 597 302 1393 417 802 1430 2568 2380 332 2415 429 536 84 1888 1699 78 21 2451 2108 878 886
000315.jpg,2656 2149 1693 1786 1971 1257 1106 751 1559 310 1451 2000 2827 1593 832 1743 1361 983 2787 2016 954 2441 132 2190 1357 1176 695 596 1685 1535 95 149 2129 76 2202 2745 182 1333 1773 1856 293 1346 2700 1760 1795 1513 824 2437 63 614 1343 2111 1672 1161 39 1019 2288 215 1900 1091 1712 1836 989 291 2040 436 581 2542 803 1207 2785 737 727 1137 576 2737 2547 589 2022 1914 2112 485 88 789 1476 251 926 646 364 1847 2072 2495 1180 2381 1434 1818 374 564 2504 2054
000316.jpg,2263 2386 2678 1726 1525 2116 2623 2572 1960 1371 762 40 1280 851 592 1083 2522 2448 1013 861 1198 1802 1336 398 300 2160 2079 45 2056 1315 2807 1632 2048 1458 2720 1768 1084 1199 96 2761 1880 1364 2562 1596 1251 636 2503 644 732 2571 2141 620 1318 2591 1064 1536 181 2498 1702 419 106 2554 894 2188 1856 844 2153 2831 474 1032 1927 957 1113 183 387 2278 189 1205 335 2441 327 2442 1659 2760 2401 1400 2203 949 1144 2111 2688 2182 2230 171 1797 1687 1283 2457 270 2612
000317.jpg,2769 348 26 1870 2454 1369 925 480 2538 2649 179 550 2714 2130 2050 712 1417 1788 518 1422 1045 735 1617 440 860 1701 1489 1993 1710 2241 2840 1328 197 1840 305 2289 445 2011 433 562 259 463 1172 2826 2650 2375 260 2721 51 1569 1640 169 1552 155 1895 2837 2088 2544 715 64 645 1148 100 2148 1624 1029 2707 563 1752 1796 1453 900 1146 2309 524 1901 2631 556 168 1782 161 1486 2652 1649 2358 2200 1983 769 2439 1468 2836 1878 2433 2676 1934 611 439 312 1623 2724
000318.jpg,1944 2294 1055 2135 899 137 1212 1056 725 1606 2842 2207 204 2728 2741 2511 1547 116 1463 2558 1134 246 165 1935 1825 447 2825 2057 494 2766 1067 97 2041 2305 1899 2435 2291 2736 686 1130 2580 692 2068 2292 1076 79 1940 1126 2248 2719 574 1841 1452 2813 2665 146 1874 2319 722 2708 1937 1223 1464 2258 657 2286 2683 804 2382 442 677 362 2639 1185 1868 1639 1986 2438 1777 647 140 329 948 1931 994 271 2393 682 2589 1408 1473 1810 2569 2583 67 2509 627 1942 608 491
000319.jpg,1707 1007 742 2516 1526 1511 1779 1442 730 2843 1969 1645 1385 338 1325 2145 1871 1466 1243 1131 2151 336 406 2102 1379 1138 2746 1794 1005 2730 2788 1581 2299 1020 1670 2364 568 1783 1455 2763 2290 2560 1992 937 2492 112 855 1094 410 1110 773 1731 749 678 544 1498 1800 1309 253 365 774 435 186 2341 2830 1068 1424 709 2251 605 1142 1311 673 870 593 2243 1966 1936 1165 2549 881 2519 1850 1946 2680 811 1040 535 2377 257 1174 248 2005 1968 1073 2613 610 1894 1869 2417
000320.jpg,1697 372 2677 38 285 2167 629 167 281 1221 1911 2726 20 2268 690 1570 922 1153 1744 829 122 1188 6 396 2502 1537 1456 2194 298 1113 2162 334 40 454 13 2152 661 1603 1605 796 820 1272 411 1884 650 2387 2823 37 546 459 2666 1502 2210 851 1285 1995 980 2261 1882 1080 1761 2620 750 84 1139 1661 1387 1232 1844 941 2706 2627 1922 2216 2520 1082 640 1184 2841 2222 1541 1371 882 669 1227 2032 1380 724 1284 1397 807 2179 2168 323 1189 2218 1032 1286 2118 1267
000321.jpg,509 609 1766 2457 2725 2404 844 2464 1889 1696 244 2115 1515 1616 5 957 744 1477 2128 2448 1426 592 1953 214 1602 1139 2751 1171 2348 1866 1214 22 2109 498 2567 1661 1326 466 2014 375 1199 425 2706 2124 40 909 2572 1744 2841 1605 1802 473 2502 1061 163 2726 1556 941 2366 1637 2162 388 84 1365 2188 2152 851 807 1904 306 2476 1726 43 820 1797 2425 2351 1221 270 1603 285 1960 1768 2150 1283 1232 1858 1757 2278 971 2048 2197 1108 690 2507 2169 2678 1541 1596 448
000322.jpg,2552 2819 849 2365 2716 2500 2479 2181 81 705 587 175 2283 152 458 2370 1563 28 2689 523 1827 505 2119 1896 313 238 2191 2534 1741 1532 847 734 2527 2674 1339 2250 972 696 1376 2099 2557 671 2177 120 2193 2052 602 1704 1111 330 1680 2592 2228 2681 503 1117 1708 2764 2322 354 1332 2144 711 1314 1873 1746 2742 968 2812 68 633 92 1932 2199 740 1917 890 1543 772 1335 2265 2597 2774 2237 2610 1912 1164 2698 1650 504 649 1955 1503 2531 1875 1974 2279 1281 1852 1829
000323.jpg,2263 2386 2678 1525 2116 1726 2623 2572 1960 1371 1280 40 592 861 2448 2522 851 2141 762 2807 398 45 2056 2591 1013 2562 2720 2048 1198 2160 1458 1318 1364 957 96 1802 1336 1199 1251 1768 636 1632 644 2503 1083 1596 183 2761 1064 335 2079 620 2111 2441 1536 1880 949 2278 1856 189 1365 1084 2498 419 732 106 894 2760 1315 2203 1866 2230 181 2188 300 2182 1113 2612 1004 171 2153 844 270 1927 84 2554 214 2737 2401 1702 2197 1032 1889 1283 1343 1139 2718 2442 2608 387
000324.jpg,499 545 1631 1394 1801 2277 465 529 1228 2644 1785 1334 1898 374 395 1087 2323 898 540 2579 1561 1558 803 2759 1230 251 1137 1798 2113 2072 1389 1207 1683 714 2178 2546 1213 63 2542 304 853 1333 2242 572 614 962 1300 2022 407 1427 2066 2381 1928 1166 1883 1115 341 101 2504 581 783 2040 1093 2238 485 1175 1306 2114 1685 2540 737 1951 1019 328 617 789 2409 364 1091 766 1353 2699 2547 1996 824 1900 2000 483 589 1257 658 1590 989 727 1559 1361 93 2489 777 1106
000325.jpg,2727 307 1524 2399 1520 1 1629 2468 1059 342 1618 1571 2740 2749 17 1572 2444 1025 203 913 154 234 685 573 551 352 1540 1514 969 2595 2710 642 795 2100 147 1349 1803 2340 1622 349 846 223 1811 2709 2255 195 600 2473 961 46 2226 317 1615 1862 1270 892 2648 1338 2131 127 1698 1509 2541 2158 1812 2138 2223 1112 2412 2175 2486 665 2616 2215 1129 1684 2372 2466 2635 591 2213 1258 958 414 2189 2781 1837 472 1630 577 1446 2801 837 1360 1445 1101 616 71 1694 1009
000326.jpg,2045 1584 2023 2755 747 258 770 1320 1796 2545 2034 1948 1096 1569 64 1416 715 48 2721 100 1051 439 2352 2272 562 161 51 1586 194 2815 1636 2836 2556 1640 1993 2631 2837 1261 1417 1029 1895 1649 2628 1617 305 2713 155 2289 2130 497 860 1788 1381 1218 2767 1782 1496 169 1316 947 463 1045 1328 1552 2241 2735 1544 712 2707 440 201 2050 1658 611 1319 992 173 2538 1701 2649 2650 1965 1054 2564 2454 1710 1444 2652 2439 2046 1897 1422 1407 433 735 1870 1860 2732 1369 1663
000327.jpg,726 1024 999 1503 2715 2531 2236 1475 1062 2765 1932 1635 1050 324 1813 390 241 464 1831 1715 314 1655 1011 1967 1875 89 927 131 2142 799 1789 1923 1568 268 129 1755 1281 501 1706 1097 1293 788 1378 1026 2053 452 806 456 2687 159 467 1262 389 2059 1039 455 1274 1118 2285 1022 1037 1124 2693 805 1822 125 2698 780 1912 1843 653 1143 1929 580 1273 1140 31 758 326 331 1275 1297 840 53 1756 1395 655 1730 2505 2465 2244 290 2565 495 822 2634 2137 1465 534 1216
000328.jpg,79 2068 2665 722 1067 2511 2305 1547 246 1134 97 2041 116 1463 204 2842 1935 2741 137 2135 350 1212 899 1606 686 2294 1944 1076 2719 12 692 1868 140 2319 725 2292 2580 1055 2286 657 1452 2766 677 1464 2728 2736 2813 1639 1473 1126 2598 442 790 2248 2558 2436 494 2708 165 2435 1130 1962 2057 2825 447 1777 2382 1937 1185 2506 217 574 508 1841 1874 1223 2207 1899 2438 804 2583 1892 1986 1810 1940 2712 67 1998 2291 2308 2296 1408 329 255 2661 491 1088 1771 271 1677
000329.jpg,2809 1721 1876 12 1473 2294 508 1868 2068 994 2685 140 79 1055 1944 1067 1548 657 2665 1452 204 116 271 1942 864 2499 2315 2766 67 431 1165 627 359 526 2302 1408 1035 2741 368 2135 1725 1980 2580 191 722 2589 2511 2842 725 444 1892 2728 1753 2719 1439 1998 442 269 2041 790 1810 1557 1839 1027 646 1881 1677 1886 1969 97 1931 608 2292 2708 1212 2440 1547 1076 1130 899 2435 137 598 2661 2037 2583 686 2051 315 2251 2736 2510 677 1012 249 1841 2622 1125 2296 2702
000330.jpg,2272 1453 1496 48 64 1569 439 2721 2713 715 2556 100 562 2433 1490 1796 201 1316 1860 305 2034 2545 1640 2309 2376 51 1636 2815 155 1901 1948 2352 1965 194 2650 1096 1416 2289 2631 1051 1218 2088 747 1422 2050 2538 712 440 1658 2836 1584 2628 563 1381 1261 2241 260 161 1328 1617 2130 1649 947 2649 1782 2826 169 258 2707 2837 2767 486 445 2069 2454 550 1054 950 1623 1679 784 168 1444 770 518 645 1993 1544 2755 1840 1878 1870 2439 2337 1045 2011 2133 1369 1029 735
000331.jpg,817 2817 1624 2528 1926 1644 2411 2790 1656 2300 221 943 1407 635 1405 1102 312 2832 987 1934 85 2044 2501 556 188 2082 1386 2270 547 611 1319 1545 1569 2721 1993 1796 100 712 1617 1710 860 1328 562 1489 64 1701 715 2367 4 439 1788 48 1417 1737 1422 305 1146 2454 1045 1202 1752 463 2631 2034 283 2714 1369 1552 2389 433 2836 626 2289 2707 2840 826 1381 1640 51 550 947 259 1029 197 2241 1782 2011 2545 1679 1623 26 1983 2069 2352 2375 2837 900 1444 2544 1658
000332.jpg,1453 1569 64 48 100 2721 439 1490 1796 2433 715 562 2272 2713 2034 1496 1640 305 2309 2376 1860 1901 2545 201 51 155 2556 2650 1316 1636 1948 1965 2815 563 1096 168 2289 2631 2088 260 2352 2826 1416 1148 1878 2050 1840 440 1584 784 486 2628 231 1218 712 550 2241 518 1658 194 659 2337 2130 161 2439 900 1422 2732 2553 1617 2133 645 1051 2649 1544 1328 1123 2652 1381 134 445 1045 2538 2836 169 965 1552 433 747 1993 1623 1261 1782 2454 735 950 2840 559 1172 1444
000333.jpg,196 98 353 776 2474 1643 585 233 869 1625 1963 701 2067 2256 1819 2081 2462 1864 2334 2361 2001 276 809 781 1402 910 2353 1042 1344 381 1600 2264 2012 2027 69 2132 2103 871 2391 1170 1077 2677 1697 629 1245 796 2101 513 372 820 1519 1973 2593 2691 640 1949 1541 1603 40 323 2520 1204 1696 2210 1139 128 281 1209 396 915 151 1188 2141 724 933 1565 1911 909 2165 1525 2582 13 25 2318 2559 301 1200 1659 84 2150 1184 1271 413 875 1038 2014 2658 285 528 2589
000334.jpg,2044 2501 1934 2411 1656 85 312 635 987 2528 2832 188 1405 611 1644 1102 221 943 556 1624 1319 2790 2817 259 1983 1428 547 1158 1848 1407 1386 2007 1046 2300 2670 1422 2574 817 562 1796 74 2419 1552 1617 2676 2544 2545 2358 2082 1190 659 439 2800 1092 305 1569 1636 2724 64 1208 2652 1414 219 100 2133 2337 1926 1993 2721 826 1381 2241 2631 1640 2837 2397 900 2307 712 1029 2564 463 911 2088 2344 134 201 550 622 2046 51 2270 2034 992 2352 260 155 1782 2084 2836
000335.jpg,2810 2043 2171 650 2666 2816 1891 1188 2346 922 1697 1723 1916 475 411 1763 37 1153 6 1456 285 546 1221 807 759 582 1090 2643 1882 1865 1260 1702 122 1082 1308 1858 1083 586 468 2313 1284 620 1603 2167 443 750 820 1006 334 732 1761 1227 2841 1541 829 181 1797 956 980 1605 1884 661 1139 2261 1610 2216 1380 2194 2502 1570 1015 2118 1537 1250 38 2268 973 724 372 2179 298 2514 938 1502 905 2677 2168 2567 1285 2706 1397 1322 2410 2060 1703 476 594 167 1995 2245
000336.jpg,942 2085 2543 2600 2458 1705 1495 966 487 1384 1681 2596 908 337 2660 2262 921 2392 1017 1290 1331 1673 1614 2696 1742 2257 1518 852 1554 355 1396 2064 1978 243 1002 2282 813 1370 1105 1119 631 984 2664 1853 360 1739 1981 2259 542 1237 1000 451 1058 54 1676 2140 1695 660 1301 320 1567 446 2357 2782 710 2796 1604 2369 791 394 1893 1508 50 607 530 1718 2049 2803 1909 1565 1031 662 1906 1479 1287 1519 2420 1613 392 519 2318 1879 186 1036 1682 2618 151 2559 301 512
000337.jpg,1371 629 2572 1113 1280 1084 1960 2494 2678 1198 2359 1525 327 2263 275 1205 2303 117 2677 84 2623 1659 1184 1726 396 40 941 1922 281 298 2203 1987 1687 851 1144 1979 1502 2573 2627 23 2791 2448 1400 1032 815 1199 909 2152 189 2620 481 1641 2030 543 2571 594 907 2179 1425 1423 106 1285 1219 882 946 167 1462 2502 1263 474 1570 2060 2245 1183 2115 2706 1616 96 45 1139 690 1927 621 1757 973 60 1880 183 2726 2141 1738 1882 1501 986 104 1962 2761 128 762 2150
000338.jpg,1752 1545 1146 312 2832 2389 4 987 1102 2790 1624 1644 221 2528 626 1934 85 2411 59 1405 1926 943 1656 2082 1202 1407 635 1737 2270 2300 2817 556 2501 2367 826 1386 613 547 2044 283 188 2069 817 611 2477 266 950 1319 1617 1422 1799 1045 2241 1328 440 712 169 735 860 2837 1993 2631 2050 947 550 1782 2840 1316 1444 1489 1623 2454 463 480 1710 2130 1983 1796 26 1552 900 1029 2556 2439 2133 2312 1417 2836 2649 1649 1468 2714 1092 2397 2574 2515 1636 925 1544 1369
000339.jpg,70 1753 1125 2777 2772 2077 2510 2478 431 2561 1759 2757 1839 315 18 1035 1557 1390 1834 1842 951 1252 2015 2622 2 2663 1165 2302 601 2818 191 2161 767 1443 1938 2315 1833 277 2686 889 2702 2323 2685 1747 1980 2667 1075 522 2644 853 990 1334 962 297 1798 1810 395 2624 1207 1928 1801 1235 1406 898 1166 2583 249 2509 714 1845 2242 634 529 1012 1558 2759 126 103 202 1590 374 1137 2532 688 2072 67 1346 2496 1767 2699 1427 1908 502 2277 2471 426 1087 1333 101 702
000340.jpg,1096 1416 1948 2272 2815 1636 1965 1496 2556 1316 1860 2352 2721 201 2713 1051 562 1218 1569 715 64 1362 439 1796 155 1261 194 305 51 1897 100 2628 48 2034 2309 1586 2241 497 1658 1381 1640 1584 2650 2433 563 1617 1490 1552 260 2545 712 2376 2088 1993 319 2755 2631 1544 1901 2289 1148 2826 645 1453 2836 2046 168 2076 1782 231 445 258 1045 659 900 1486 747 1878 2732 1422 2454 2840 1840 992 134 1029 2652 906 1319 2011 1328 784 674 550 2023 2439 2735 486 440 1307
000341.jpg,1054 2707 1679 1623 1328 1444 1663 947 1649 2767 645 2837 2011 2836 169 1782 445 1381 1658 1544 712 2439 1029 1045 1617 2840 1993 1422 2130 2241 2050 197 2628 1552 735 1253 1218 2714 440 51 2352 1261 2289 194 1948 463 2649 2735 179 1417 1640 1369 433 1870 860 2650 2454 1051 64 1489 1710 1569 1096 134 1416 305 48 562 155 439 1796 2045 161 550 1895 1788 319 635 2287 715 173 2631 965 2272 1624 1407 2375 900 2088 26 100 1584 769 2538 2769 2721 201 1701 480 1437
000342.jpg,2769 348 26 1870 2454 925 1369 2538 480 2649 179 550 2130 2714 2050 712 1417 518 1788 1045 1422 1617 440 735 1710 1701 2241 860 2840 1489 445 2375 197 1552 463 1993 2289 2011 433 1840 1172 1328 305 645 1640 1029 562 2650 51 2631 64 134 155 2088 169 524 260 1983 259 1569 1782 48 2419 1624 2836 439 611 2837 2439 2652 2721 1054 977 1895 168 1796 1486 1092 2200 970 2574 1208 1649 2544 1544 1319 2707 1663 659 2826 1444 2148 2082 1658 2352 900 489 2556 161 1381
000343.jpg,924 1487 1471 953 37 1082 1308 586 443 1090 1006 2841 1703 1763 2216 922 1363 1891 122 761 1288 2249 1723 1474 1605 2535 629 411 745 1916 1488 2666 325 1456 1400 2346 882 1188 2816 594 2810 986 1697 1882 2179 2167 2043 1153 650 475 1738 123 275 1284 1687 1757 750 1502 115 1866 1139 1462 941 327 334 167 820 214 2677 1865 1541 1603 1184 2573 2317 2194 1995 2502 84 468 396 1397 1371 1602 2768 488 2494 1570 2261 2109 419 1227 894 2678 2571 630 1953 2171 2823 2348
000344.jpg,2460 557 2363 879 2801 2524 1242 1366 2104 1863 1619 273 1660 1816 1480 2607 2844 2139 2633 1925 1982 2517 2431 2833 2385 1215 867 641 385 1684 2184 991 2298 1539 2771 1947 667 1807 1514 2672 143 1295 2185 2797 814 299 798 697 1373 2529 2175 583 1129 1196 888 1440 548 976 1025 1081 1765 127 797 2444 2092 1735 1724 2189 551 1776 1803 366 2468 969 2662 1549 741 2694 2576 1509 2371 428 2226 1193 588 2776 2581 1887 795 2541 687 718 859 1432 2595 2710 1497 147 1059 2659
000345.jpg,1944 1055 2294 725 2728 2207 2766 2558 165 1825 447 2825 2741 1212 1130 899 2135 494 1940 2580 2435 204 137 2842 2736 2057 1056 2292 116 692 1899 2291 1606 97 1986 1126 686 1547 2319 2719 442 2068 1452 1067 1463 2511 574 657 2305 2041 1935 246 79 1874 1223 2248 140 1134 2813 722 1473 2665 1868 1076 1464 12 677 1777 146 1841 2506 627 1639 1937 2708 2809 2382 1185 2121 1088 2258 1001 2350 2583 1810 67 1962 2286 249 1721 1408 1012 1439 2683 1597 2438 2509 2589 994 2143
000346.jpg,143 1440 386 2185 1129 2517 2529 718 2271 697 958 810 787 2619 1411 1684 1445 2298 2584 30 1514 795 71 638 1694 1215 1360 2524 273 2104 2801 1242 969 2616 2460 2363 1939 557 1366 1112 879 2844 1630 2246 1446 1294 1816 1480 1863 665 2139 1059 1925 2833 1619 2749 2481 342 2633 1982 1258 2444 1660 2607 2710 1807 991 2226 551 1539 867 2385 1270 641 1947 2771 2431 2541 667 2797 1735 2175 2184 1629 1373 2740 1295 385 2468 888 1837 2672 147 154 41 2092 1196 2576 1524 2731
000347.jpg,2185 1411 2584 1694 1129 795 1440 2616 1684 143 2517 386 2298 2529 718 1360 1112 2801 1446 1294 958 665 1630 787 2271 1445 810 1215 1258 2481 1939 71 30 1514 2246 2619 638 1270 697 2139 969 2833 1366 879 2468 557 2844 299 2460 2092 2524 1982 1242 273 2100 1816 2363 2727 1571 1122 2385 1238 267 1619 1925 1291 1278 2710 1480 2455 2444 2731 264 2189 2371 1812 1814 685 1509 1622 1863 2740 837 2431 352 2412 1589 600 741 667 1 891 262 2138 2797 1698 888 2484 2104 2738
000348.jpg,1710 1701 1489 860 1417 1788 900 433 197 2840 1437 2011 2375 445 1328 259 2289 1552 1624 463 2397 1208 712 2424 2084 611 2707 1319 2130 987 606 1486 312 1386 489 2082 1656 1679 1045 1617 1422 2826 2836 2515 188 2300 556 2241 2817 2544 977 1895 1623 2790 2724 817 2574 547 2270 1029 645 1190 2076 970 221 1407 1983 2528 1444 85 348 635 2767 2832 134 1878 1737 2419 1934 524 1870 2411 675 2454 1627 1926 2088 2676 2050 550 4 2646 943 2133 2714 559 2148 2367 1172 2652
000349.jpg,754 1689 2533 2320 1149 634 2143 1597 24 2638 2430 2021 213 2756 426 1728 2024 2408 29 293 1804 967 2673 1719 757 1478 1231 2172 286 2413 2295 1448 135 558 707 119 739 2615 1265 1533 1296 184 2472 1984 1383 80 2354 1312 853 1849 218 1269 2566 2787 2224 19 520 91 529 1733 1722 232 792 424 2235 1867 1945 395 962 2644 1529 545 2277 1801 1394 2323 364 898 1558 1333 1798 540 1093 1035 2113 2178 1326 498 1883 2390 2759 2040 983 304 2744 1213 1743 251 1361 2014
000350.jpg,803 2381 1900 364 2040 436 215 737 374 101 251 989 2504 766 2238 341 1230 581 1427 2579 2540 328 1883 2759 962 2242 572 2114 1798 1683 2323 395 1334 2644 789 407 2542 1898 1300 1257 1786 1971 529 1106 1091 1559 1561 1801 1357 1451 76 1361 1996 1197 777 1137 926 1207 1818 2495 2072 2000 564 714 1180 2277 614 2288 2787 898 1951 39 1166 1087 1213 1558 1306 1353 2546 1389 1175 2784 545 483 304 617 485 2066 2113 2178 2656 2409 1115 1693 240 1928 1394 589 2149 230
000351.jpg,2185 1129 2517 143 1440 386 2529 718 1411 2584 795 1684 2298 2271 958 1694 787 1514 697 810 2619 1445 30 2460 1215 2363 638 557 71 1360 879 2524 969 1242 273 2801 2616 1366 2104 1816 1619 1480 1863 2844 2139 1112 1939 1925 1630 2833 665 1446 1294 1982 2246 2468 1660 551 1270 667 2481 2226 2607 2633 1258 2385 385 1539 867 2431 2727 2541 1025 342 1571 2092 2100 299 2444 1814 1059 41 2783 2710 591 2797 2749 651 317 1622 2738 352 2731 2576 2455 1 2771 2740 414 166
000352.jpg,188 85 611 1319 1656 2411 556 2044 817 1934 2817 2790 1926 2528 1405 1644 943 987 635 2501 221 1624 1407 1102 2300 2045 312 547 2832 1386 2082 1584 2270 2023 258 2755 1796 1617 1993 1422 463 1029 712 4 259 770 1788 826 2544 2564 860 283 2454 1552 550 1569 1545 1208 2545 1045 1146 1417 1328 562 64 2034 2069 2076 2721 2397 2837 1737 1782 100 1381 2670 2419 947 1983 2631 1369 2241 900 1428 197 2011 715 1895 305 1092 2836 2800 1202 1701 2724 26 1489 2307 1320 1710
000353.jpg,631 1518 2049 2282 530 1290 446 607 1301 1604 1981 1058 2140 451 1237 2796 1567 1017 2596 2064 2093 921 1384 1909 942 2085 2458 966 2543 2660 1613 2392 662 487 1879 337 1331 1705 2696 1742 2600 1495 1673 908 1978 2257 2262 1681 394 1002 1614 1119 2357 984 813 54 2369 1853 355 2664 660 1105 542 1396 1739 1000 243 1893 1906 1554 1695 2782 1676 50 710 2636 1370 1621 1455 1508 852 2251 1510 72 320 2005 1850 2420 2259 678 800 460 1321 791 360 595 1094 2519 1145 336
000354.jpg,1489 860 1710 1701 1417 1328 947 1444 712 1617 1663 1679 2836 1623 1782 1045 1993 1422 1054 2707 1649 1381 1369 2130 1658 2241 2837 2050 169 900 2649 2011 2767 1870 2454 1437 2714 179 735 26 348 1569 197 1796 925 1544 440 1486 1416 1788 51 1218 2840 1948 2628 1096 100 2034 480 2439 550 715 463 2721 1261 1051 64 1552 1640 2769 445 1208 817 2289 155 1624 645 48 2545 1407 2790 260 1029 305 562 2528 2826 1307 2352 194 1926 2419 2300 2076 433 559 2652 221 1644 1316
000355.jpg,1525 2623 2263 1280 1371 1084 2572 2678 1726 1198 2141 2761 1205 275 1768 2048 1659 2030 2386 270 1283 2791 2303 1960 84 1113 1536 1802 2448 327 1032 1880 636 1318 1108 762 2807 106 1199 189 941 96 117 474 1184 1083 2554 2060 419 40 2278 1170 481 894 2831 6 1380 1632 1251 1866 1144 2153 2522 2494 1364 45 298 42 2115 2203 1927 851 1425 1064 785 2705 1687 2116 2348 300 2168 1979 620 396 183 490 732 1596 181 1882 621 2476 546 1987 971 1139 2425 1400 2562 2571
000356.jpg,1634 2609 1424 648 1573 610 2830 717 1309 605 1040 435 365 811 1110 94 1020 1581 2560 410 1133 678 937 112 248 1966 2251 535 821 1379 2680 843 1783 2005 673 2788 538 2196 2151 749 2377 1794 1068 2095 1527 257 2697 568 1968 1243 870 881 2087 2746 1498 338 855 1131 2417 2843 336 730 593 2364 2243 2299 2290 2730 1005 1311 1670 1142 2519 1466 774 2492 1850 800 544 1138 1871 1913 1174 2613 1455 2763 2549 434 1454 2102 2006 1516 1731 773 253 1992 392 288 742 1094
000357.jpg,1681 487 1705 2600 942 2085 337 1384 966 2543 2458 1495 2596 921 2664 1739 2660 1853 360 1000 542 1695 54 2259 710 1290 1893 50 2369 1742 1017 2392 2262 660 2782 908 791 1508 1331 1031 1614 1673 1287 2803 1518 1565 2064 2696 2257 2282 1978 631 1002 1119 852 1370 243 984 607 1396 2049 1554 355 1237 1981 1604 446 813 530 1301 2357 2796 2140 1567 1058 1105 451 394 1676 566 512 2026 151 2618 662 320 1906 2559 1909 1385 1718 1770 1209 1519 1613 1779 513 2469 21 1871
000358.jpg,1335 1297 2228 1704 532 671 2028 633 1956 772 503 2062 2322 2773 1532 2052 2814 2557 1961 2715 2099 1741 2674 1755 1376 159 799 1293 1097 2681 1143 1118 602 580 1339 330 805 1021 1011 238 711 972 120 1912 2402 31 464 1680 2232 2592 1111 458 326 2193 696 2191 618 2250 505 1756 314 1568 587 1026 653 721 1706 1972 1873 1303 261 2316 1262 1332 1875 152 354 449 1932 131 27 2698 1543 1647 872 1037 125 1917 1822 1655 1472 1827 313 740 1003 1281 2017 1831 734 2610
000359.jpg,1753 1125 2777 2772 70 2077 2478 2510 2561 431 1759 2757 18 1839 1035 1834 951 315 1842 1252 2015 1557 2818 1390 2161 2 2663 601 1165 2622 2302 767 191 277 2315 2702 1938 990 1443 2323 297 2685 1235 522 962 1075 889 1980 103 2759 2686 1747 1833 1798 853 529 688 502 2624 1333 2644 2667 634 1810 395 2471 1989 1801 369 284 1207 2242 1413 2583 1908 2509 1323 2532 1114 898 1137 2277 581 426 374 1845 2601 1334 1821 249 2496 714 1394 578 126 2430 202 2022 67 737
000360.jpg,2648 961 1571 2138 642 2100 352 846 600 17 1622 573 2486 1698 2738 2223 195 1338 166 317 1828 1964 405 2255 1270 2614 2709 2372 2835 2338 2226 1994 1812 665 591 969 2131 1409 2412 1939 1514 1618 1112 1349 1258 349 1446 1540 2253 616 2473 414 1615 1294 2635 2781 892 1684 223 2481 511 1095 2811 2710 2339 2340 2213 1837 1630 2616 2444 2246 2298 307 1564 2758 46 577 1341 2175 1360 1181 127 1025 124 1 237 685 1069 1862 2727 1607 1520 2466 2215 2158 2675 1060 147 2399
000361.jpg,1752 1545 312 2832 1146 987 1102 221 85 2790 2300 1926 1934 635 943 1656 2501 1624 1405 626 2082 2389 4 2528 1386 1407 2817 2411 547 817 2270 556 2367 1644 2044 59 1316 2069 188 1202 826 1737 950 440 611 1636 613 2241 2836 712 1319 1617 1422 2837 2840 1045 2556 2050 735 1782 900 518 1993 169 2631 1796 2133 1552 1649 2826 1878 266 283 155 947 1328 259 2454 1437 1444 550 1496 1710 2544 2714 480 1840 2088 1983 2419 1965 1381 2011 2289 445 463 2515 260 860 1486
000362.jpg,1394 545 1631 2277 1801 529 2249 2644 853 395 761 1197 2323 898 1558 1798 1087 1213 2113 714 962 1207 1230 1334 2317 2072 2066 2178 304 572 1137 1019 589 1333 658 1389 1898 2547 1298 2555 63 614 1597 783 374 1727 426 2022 834 2409 1035 1839 1683 1892 499 251 634 727 2567 291 1361 1166 540 2751 2579 1175 465 1228 1561 1093 1427 2381 1928 1300 1804 2024 581 739 2054 576 2295 1483 2546 473 1501 1951 2003 1677 2242 1346 676 1881 2037 1785 1306 1749 44 558 792 954
000363.jpg,742 2102 773 1779 1992 1385 406 2145 519 2763 1007 1707 1645 1871 1894 1800 2613 1138 1731 1969 1511 186 1442 1526 2516 1325 257 535 2377 1527 937 288 392 1516 709 2341 1455 301 2219 336 253 410 2609 811 605 338 1309 730 1718 434 1466 1498 1020 248 870 1581 1850 365 1040 1424 2680 1783 94 2560 2299 2095 648 1131 2746 1311 1243 1966 435 678 2251 1142 593 800 1133 1968 855 1110 544 821 1747 881 2151 1833 1573 673 2549 1165 1725 2492 852 2417 2830 1419 2543 2302
000364.jpg,802 1492 142 2078 1699 1430 1553 429 1053 1886 555 866 1890 2333 1431 2267 2380 36 1236 868 2217 2117 878 554 1888 2029 2668 680 2415 1588 1132 733 901 2568 1562 1033 1256 1499 500 2743 417 886 289 1793 1686 597 536 176 1418 1393 21 427 62 681 743 332 988 121 193 2108 2786 2227 361 1398 569 2423 340 2451 199 979 2090 302 2384 292 1065 78 893 432 1038 1272 1268 2671 2421 1041 323 640 2828 1219 13 1374 571 1263 2520 2054 1668 73 1754 2047 29 672
000365.jpg,2045 1584 2023 2755 747 770 258 1320 2034 1796 2545 64 1569 1029 562 463 1948 51 2631 439 2721 715 48 100 1096 2289 305 1416 1993 1788 1586 1617 1640 440 2352 2556 1895 1319 2130 1636 2837 2735 1552 2272 611 1544 860 155 497 161 1417 2439 169 1045 433 2650 2628 1051 1381 2713 2564 2836 992 1701 1407 550 2050 1649 1782 1316 2767 2241 1422 712 735 197 1496 1710 2454 2815 1328 201 2649 134 2538 947 194 2652 2732 518 1218 1658 1362 1261 547 2707 1860 2088 2367 2482
000366.jpg,1096 1416 1948 2272 2815 1636 1362 1965 1496 2352 2556 1897 1860 194 2721 439 64 1051 48 1569 1316 1584 1218 1796 715 155 1586 51 562 2241 100 497 712 2289 2650 2755 1552 201 1261 2713 2628 1381 1658 1617 2034 305 1993 1640 1490 445 747 770 2836 1328 258 2046 2545 645 1045 2433 2631 2023 1649 2011 2130 1623 947 1544 2088 134 563 1444 2050 1782 2309 440 2767 1054 1029 2553 2707 1663 2732 260 992 1679 1319 2837 169 2840 1453 2454 2376 2735 1422 231 319 1840 1901 611
000367.jpg,1447 1483 376 16 1469 44 291 2249 1535 832 1749 2317 1672 2437 483 1836 1300 240 789 1161 1513 1353 1847 761 1773 1394 1361 1346 1019 1631 1389 545 63 2785 2700 1451 2784 1801 2054 614 2000 1990 1213 1914 2129 2202 1057 2579 1795 540 1727 2277 2113 1804 2022 2066 1178 2190 1476 727 2072 2555 1091 395 589 658 529 2178 1743 2745 2547 2644 1207 132 293 1115 1333 824 1137 1996 1427 2016 714 251 304 1951 1176 1856 646 2540 1175 341 983 967 1334 88 1230 1561 898 777
000368.jpg,1742 243 1370 1554 1396 1105 813 355 2696 2257 1673 1331 1614 921 2064 1384 337 966 2458 487 1495 1290 2085 942 2600 1681 2660 1705 908 662 1518 1017 530 2049 2282 1237 446 2596 1604 1909 1613 1567 2259 1981 2782 54 2543 631 1301 2140 360 542 975 1893 710 1271 2664 1058 660 151 1739 451 7 1002 2793 1853 984 1000 2369 1978 1946 301 50 2796 2005 2416 1455 607 2405 852 1968 2392 2251 2299 186 2394 513 394 1879 2262 871 1695 1142 2364 855 2519 1119 1966 2336 1850
000369.jpg,757 1728 135 558 754 1533 213 2024 2756 2295 1689 2413 2472 426 184 1597 1312 2638 2143 24 1231 1984 634 2430 1478 1448 1296 2408 1265 119 1804 1383 80 2615 853 2021 1719 967 1149 2320 2533 540 218 529 739 2277 1394 707 1801 545 2566 1035 520 1945 1898 1839 898 2354 2644 232 1087 1558 395 29 19 91 714 1228 1093 752 293 2323 783 2235 376 1849 792 2014 1469 2547 473 1269 1883 2759 2178 2508 2366 1892 1889 2561 2725 1766 1683 251 2673 2113 1722 1798 962 304
000370.jpg,2045 1584 2023 2755 258 747 770 1320 2034 1796 2545 1029 64 1096 1586 1948 2735 2289 463 2631 1569 1319 497 1416 1362 1417 1895 611 562 860 433 1897 1190 439 48 51 1788 2130 1710 1993 2564 2732 1552 100 2650 2482 161 2837 1328 2352 1640 2753 992 2721 715 1617 1627 1701 622 1051 1624 2724 2707 2011 305 319 173 712 1208 2076 2287 2676 1407 1381 2046 906 2836 197 2088 2767 817 1544 1636 134 440 2628 2646 2840 1775 2084 2272 606 550 155 2652 169 2050 1218 1649 201
000371.jpg,1707 1007 338 730 1466 742 1131 336 1243 2151 2516 1526 1455 1379 1645 253 1779 2341 1498 1511 568 1794 1969 112 2730 1783 2102 1442 2145 1325 1385 1670 1005 2746 1020 1581 2788 2290 1871 406 544 410 2299 365 937 1309 678 2560 2830 773 870 2364 811 2251 749 2763 2549 605 1110 1992 1138 1424 248 1068 610 1800 1516 673 1079 1094 881 855 435 1731 709 186 434 648 1966 774 2219 2492 1142 1634 2243 2005 593 2377 538 1040 1133 2519 392 1073 535 1894 2087 821 1311 94
000372.jpg,332 176 2743 2786 340 1393 2227 979 1033 1256 2029 1065 2668 1562 597 1418 554 1686 886 417 1890 555 289 1888 868 21 571 2108 62 681 429 361 1398 2451 2384 199 878 2217 1053 432 2333 142 1492 2423 743 302 1553 2078 1430 292 893 1699 2415 802 78 2568 1431 866 1793 36 901 2267 427 536 680 2380 1588 2117 1132 988 1886 733 121 193 1268 1952 964 2221 2038 1236 2120 569 2808 2671 2031 1399 500 2539 2090 1266 2335 2578 1374 2828 1070 1038 1429 1041 323 672
000373.jpg,1617 1045 712 1993 1422 1444 947 1663 1782 2241 2130 1328 735 440 2836 2837 2050 550 169 2649 1381 179 2454 51 1544 1658 1369 1679 155 2439 1623 1649 305 1840 480 925 2840 2707 1640 518 1054 1796 26 197 1552 2011 260 1870 562 1489 2767 348 463 900 860 445 1710 2826 1569 1417 563 2769 2631 1486 1029 2714 2088 2538 2082 2817 943 221 2289 2628 2721 1934 645 1405 1656 1437 2832 556 64 1636 312 2790 259 635 2270 134 433 1701 1407 715 1102 1926 439 2133 659 547
000374.jpg,472 1803 2138 961 551 147 1509 2595 1059 2444 1811 2385 577 1807 1295 641 342 2094 1607 991 1341 2771 1069 2758 1530 1167 1524 1629 888 1373 160 1078 262 2710 1355 203 127 741 352 154 2740 1862 17 1025 2175 2749 1571 2738 1828 405 2431 1619 166 573 537 2835 1539 1988 2255 2100 2731 1622 2776 1964 1618 2614 385 1540 2468 1 1242 1520 2486 2473 2131 1421 685 846 2635 2104 600 2709 223 2339 2223 2412 2648 2340 2781 2524 2399 1278 1564 814 2675 1698 2727 1181 1338 1660
000375.jpg,1635 390 1967 1715 1293 1097 1822 1050 1143 159 580 1118 326 331 655 1037 31 1124 430 2715 1011 2053 2062 1648 1755 2406 314 1140 2236 726 805 1297 799 464 1706 2402 1262 1317 1395 1756 2765 1026 1972 1475 1918 1187 1647 2687 999 1216 1472 721 2407 2465 2505 478 1568 1024 455 936 1692 1008 125 2301 1912 1730 2531 1503 2611 138 1275 89 1921 1932 1018 1789 758 1929 2398 1303 1220 927 1612 1829 782 389 2142 788 471 628 753 1831 113 346 363 1299 1168 786 268 456
000376.jpg,419 894 2554 2153 96 1927 1632 106 189 1032 2060 2571 2109 2197 815 1171 481 1214 22 300 1987 2831 2705 744 2567 2751 1661 1013 2079 1336 1880 2678 1315 762 1726 1199 2425 2160 941 42 2263 1364 84 205 2401 957 2162 2313 2261 1960 2030 396 1286 1525 95 40 1371 167 2612 2726 2222 2688 2278 1251 2317 1188 1536 1108 636 1283 971 454 785 2807 2573 506 1605 122 924 2623 661 1749 1738 1227 214 1659 2476 2823 1844 1318 1139 2386 2720 851 2572 2152 1727 565 2555 2168
000377.jpg,1753 1125 2777 2772 2077 2478 70 2510 2561 431 1759 2757 18 1834 951 315 1252 1035 1842 2161 2818 2015 1839 1557 1390 1165 2 2302 2663 191 767 2622 601 277 2315 1443 2702 103 2323 297 1938 2685 1323 1235 2624 369 1980 688 990 1801 1833 2686 1389 634 1186 2644 522 1333 889 529 962 2759 1075 395 581 1747 1798 2546 426 2583 1019 853 1207 1115 2430 2000 29 2667 1334 2113 1989 293 126 1353 2022 1951 1137 2178 1810 1106 2277 1460 67 2242 2072 1845 1804 1683 1391 2314
000378.jpg,1087 1558 898 714 1166 1928 2409 1207 1590 93 895 1137 2072 1298 614 545 1334 1394 589 853 2323 1306 1228 1631 727 1175 658 1951 485 676 1333 1361 374 2022 1561 1801 63 1798 2277 1785 1451 1197 395 803 962 2644 1685 251 182 783 529 1389 1019 2759 1213 1230 2178 2504 954 304 2113 149 1343 101 572 2579 2066 2547 695 1427 2542 824 1597 1176 1346 426 341 132 789 2040 2016 1683 2381 2656 2112 1257 1743 617 1712 2242 2546 2737 465 364 2540 596 499 2054 1898 576
000379.jpg,957 1889 509 2457 2404 744 2464 844 1696 1515 2115 609 2725 2141 2706 244 5 2448 419 96 2502 1766 2554 1616 2153 2128 2841 894 592 1927 1632 1139 941 1171 214 1605 1953 22 189 84 106 2751 1214 2152 1866 2109 1602 2348 2567 1661 2263 1032 1426 909 2048 2060 2807 1768 1477 971 1283 183 752 1365 270 620 2591 2572 1596 2278 2720 2503 2678 1525 1364 1802 1726 45 732 1570 2188 1371 636 2761 1108 1757 785 181 2197 40 2623 2562 306 2688 43 1960 468 1536 1251 1199
000380.jpg,2143 1597 24 213 426 2024 2430 634 1689 2638 2408 2533 1149 1804 2320 1719 29 707 293 967 2673 286 754 2172 2021 2354 1728 1478 1849 2756 135 558 2295 853 2413 757 739 1231 1448 184 119 1269 2787 2615 1296 1529 1265 2224 1984 80 2472 1533 1722 424 1383 91 2390 1867 1312 1733 792 2566 520 19 218 2235 2296 498 529 2054 1945 2014 1361 2124 1394 232 425 2366 646 1326 375 1559 2644 1451 1951 727 658 1798 1175 473 589 1558 1061 2744 2000 1106 1333 1236 388 2072
000381.jpg,1900 436 215 737 2040 2381 364 101 803 2504 989 374 2238 766 341 1230 251 581 328 2242 572 962 2759 2579 1683 2114 1798 1427 1883 395 2540 2644 407 2323 1334 789 529 1898 1257 2542 1786 1971 1091 1801 1996 1106 1559 777 1300 1561 926 1818 76 1451 564 2495 2277 1361 1357 1197 230 1180 617 2288 1137 2000 39 1306 2787 1207 1093 545 1951 2546 2072 1175 2113 1353 614 304 2178 485 1213 2066 1389 714 1115 483 2656 1087 727 589 2281 1394 1166 2149 240 1558 1693 658
000382.jpg,2185 1129 2517 143 1440 386 2529 1411 2584 718 2271 795 1694 810 2619 787 697 1684 30 71 1514 1445 958 2298 638 1215 1242 2104 2524 273 2460 557 2363 2801 1360 2616 879 1939 969 1619 2468 1863 1366 1925 1112 1480 2385 1816 2844 1059 1630 2431 551 147 342 1509 1803 1258 2139 1807 1982 1294 2833 2246 991 385 2740 2595 2749 1446 1629 1660 667 888 1025 2776 2444 2633 1295 685 2710 2607 2175 1524 741 262 2576 127 641 1373 665 814 1539 577 1571 2481 154 2797 2226 299
000383.jpg,70 2510 1753 1125 431 2777 2772 2077 2478 2561 1839 1759 2757 1035 315 18 1834 1842 951 1557 1390 2818 1252 2015 1165 2302 2622 2663 2 2161 191 767 1443 601 1938 277 2702 2315 889 2686 1833 2685 1747 1980 2323 1075 2496 522 1801 2644 990 2532 395 529 1989 269 2242 962 2667 202 1810 211 1353 297 369 1511 2277 898 2624 2759 374 1235 461 1333 853 1548 1334 1137 465 1460 2509 102 2296 789 634 1207 1798 1593 1346 1087 103 714 249 2547 2249 2504 792 36 502 783
000384.jpg,239 2794 2280 2091 1781 2164 2173 525 296 2396 245 209 356 1282 408 2232 139 822 838 49 2137 61 2025 2311 192 1248 2669 1787 225 207 1356 252 1127 383 1568 654 1435 2070 1755 1505 625 2236 653 1141 799 805 2693 1274 113 1297 1831 1472 455 1780 314 1655 1475 782 2698 1262 1018 806 1598 216 679 2053 159 1506 1317 1011 1756 131 1293 858 31 1972 1143 1216 580 655 1503 1097 1050 2402 27 1168 1299 1273 326 1647 721 1022 1692 1635 1118 2059 1715 268 671 2531
000385.jpg,2449 8 1671 1474 2535 745 325 1006 443 1090 586 1082 1308 2706 2167 2216 1380 37 1763 924 2831 946 1703 2705 1288 2197 2230 1250 1363 922 1661 1697 300 2841 2245 2678 459 1322 1487 335 2623 2079 1315 2572 1263 488 2567 624 2571 2591 1027 938 1333 1817 2160 1336 2109 2401 1371 905 621 1400 1032 2425 96 762 594 1757 1641 1750 2293 856 149 1605 724 2463 474 2249 205 1911 1113 45 2514 214 954 1139 1019 63 2096 1685 1881 2313 1979 1219 2222 1013 1284 167 1184 2483
000386.jpg,1752 1545 312 2832 1146 987 1102 85 2790 1934 221 1624 4 2411 2528 1405 635 2389 1644 2501 943 626 1407 2300 1656 1926 556 2082 2817 1386 188 2270 2044 817 1737 547 826 59 611 1202 2069 1319 283 2367 1422 1617 613 266 445 2840 712 2477 1552 2011 440 1316 2837 1983 463 169 2133 2836 2419 1782 950 2424 1092 550 1328 1029 2289 947 2574 1045 2631 2397 2826 977 2544 1636 1993 2241 2652 1190 900 1649 2050 1468 197 2088 1796 2375 2714 2515 155 735 259 1444 2556 1663
000387.jpg,752 957 1889 2464 2725 509 2404 2457 1766 844 609 1515 1802 2448 1696 2115 5 744 1616 1880 244 2128 2168 2278 1426 592 498 2807 1596 1032 2572 189 2056 466 1280 1768 45 106 2048 2124 2182 1960 1726 1364 1525 1326 2751 2678 42 40 2760 2522 183 2476 163 473 1064 1945 2591 2351 2263 2141 2014 2060 1084 1061 171 1199 1536 2720 375 2608 851 232 1269 815 2566 1371 1556 669 1637 1757 214 2354 1602 388 1659 2503 1171 2386 306 1953 1797 2706 1251 1927 2761 636 2562 96
000388.jpg,2716 2552 849 2819 1563 2479 2365 152 2500 28 458 238 2181 175 1532 587 1827 81 2283 505 313 2191 2370 523 1741 705 847 2250 2557 2689 1339 972 1896 2119 734 2674 2534 696 671 1704 2527 2193 2099 120 2228 1376 602 2052 1912 1111 503 1680 1335 125 788 1708 1932 2681 1281 1923 1293 2592 456 324 633 354 1813 1332 1097 2715 129 2322 268 2687 501 1037 1503 1011 2531 1062 159 452 1831 927 1789 2742 2806 131 1730 2059 1024 1297 464 92 580 726 772 740 330 2244
000389.jpg,1512 1254 1310 65 1107 835 284 1908 702 2388 1608 1830 903 1720 768 2471 931 1114 297 2601 1821 848 502 103 250 1340 1323 990 1235 1845 684 2624 1767 1186 126 688 1975 2314 1391 2276 578 1413 522 2571 1277 2079 834 309 2579 2831 1620 333 1013 856 2555 205 1907 2058 2080 1300 1791 2197 767 1458 1286 1336 1015 240 2136 2661 1844 2160 400 2705 1130 1217 2667 1174 2216 827 789 2313 1315 1104 1940 506 2167 1353 2736 2296 204 1244 2005 483 1727 300 1178 800 1482 2630
000390.jpg,1481 418 52 780 2244 1465 1662 534 806 2429 2059 484 346 2821 786 207 53 758 1022 363 225 653 1378 290 2301 2285 467 478 452 1787 2470 1475 61 2467 389 268 936 2690 1220 2398 108 2407 2634 471 2687 1438 753 402 1789 1275 2669 840 1008 2465 2505 2236 464 1568 2765 1831 2025 131 927 1730 726 1706 2396 654 628 2693 295 1875 999 1655 1024 89 2806 192 2531 455 1262 2142 1097 1929 1918 1026 1039 33 1503 331 2070 1293 1692 1141 326 31 241 2053 1822 245
000391.jpg,1603 750 820 1723 1541 372 2666 1891 334 629 546 1221 650 807 285 1916 475 2346 922 1697 2816 582 2677 1188 2043 1153 1761 2810 2171 6 2359 37 2387 1285 956 2194 1763 298 1882 1865 973 411 281 2261 1462 1570 1090 1260 1227 586 1380 1082 2313 2152 1263 1605 396 1750 2502 829 661 1858 1308 1219 1456 1284 1015 941 2627 468 84 443 759 594 1073 2518 980 2514 1006 946 2494 2222 2167 1139 2443 98 882 713 796 2483 1884 1661 2685 1979 117 40 1501 1084 2571 1083
000392.jpg,1055 2294 1944 2728 725 2207 1056 1825 2558 165 2825 1940 2766 1130 447 2736 692 2292 1986 1126 2719 2319 2135 1212 442 2506 137 246 2511 1134 899 1547 1463 204 2741 1606 1841 1067 1935 116 97 2842 2041 2305 2258 1962 362 2665 2068 790 722 1452 494 79 2580 2435 1076 1868 1899 2057 686 677 1464 140 2286 2708 2291 2248 2382 2813 1639 1937 146 2438 574 1874 1185 1223 2683 12 1408 508 682 994 526 1942 271 1998 491 2639 1777 657 864 1892 1721 647 1439 2625 2440 2393
000393.jpg,2252 1651 2682 1977 1179 2491 2328 1578 945 639 2647 841 1920 1579 1063 916 2042 1583 1770 998 887 9 1470 2310 2723 1531 227 114 982 1769 763 952 919 2225 1528 2097 2792 748 1354 517 1791 819 1667 2778 118 930 928 2379 2729 2349 2575 1211 875 1851 1657 1585 2065 567 2304 1210 1367 2416 311 923 1368 382 1154 1854 1239 25 778 2559 528 2793 2711 2459 1566 579 7 2618 975 2488 515 1209 492 2658 151 1970 2026 513 566 1271 2081 1819 2462 910 512 662 2474 1402
000394.jpg,196 353 98 776 2474 1643 585 1625 869 2081 1819 1864 701 1963 2067 233 2334 2462 910 1402 781 1042 2256 381 2103 2361 1344 809 276 2001 2027 2353 69 481 2141 5 2677 2264 2152 2582 629 1600 1744 2101 871 2485 1661 1204 796 2726 2502 923 528 1949 323 84 2304 515 2012 2162 1223 244 303 1987 372 2457 1515 40 375 748 1272 669 975 1638 941 539 281 2026 1504 850 1761 25 513 247 592 1219 933 1245 1751 1754 566 106 450 492 1108 1477 2157 1084 1667 2559
000395.jpg,1317 1756 1395 805 1921 2236 1647 1755 2061 721 1972 2402 1475 799 2053 1303 1967 1918 390 1124 1635 314 1715 1037 1297 1140 2693 412 363 1831 1655 484 927 936 999 2465 2505 653 2301 1612 1789 402 2059 786 1050 1706 806 2765 1662 471 1378 2407 726 561 1568 464 89 1143 1273 1216 1293 1024 1022 1275 2687 1097 580 2429 1008 27 1118 1438 108 2698 478 2244 2531 1929 1274 2715 758 1472 159 389 268 467 1829 331 780 1011 1822 1465 1039 326 31 534 655 295 53 1692
000396.jpg,290 452 1875 2285 131 53 2531 268 2565 418 1481 495 52 653 1843 2470 1022 346 806 780 241 2244 2821 1465 1503 1024 484 1662 786 2059 534 2142 207 2429 1011 2693 225 1787 467 61 1475 363 2765 758 840 1378 2634 2687 999 1706 2301 464 1275 2396 936 1789 1262 295 389 2025 2806 927 1127 2669 2407 402 1008 2236 455 1568 2053 1929 1730 726 2467 430 1274 1220 1097 1039 2690 1216 49 1918 471 2091 192 1831 1293 2794 1932 2398 753 2465 2505 2715 33 1655 799 89
000397.jpg,52 1481 418 346 2821 780 2244 1465 786 2059 806 534 484 2429 1662 1022 363 452 290 2285 478 108 2467 936 2470 2690 467 1378 207 758 753 53 402 2301 2398 2407 268 471 2505 2465 131 1438 225 1220 1787 653 628 1008 840 2687 1875 2531 61 2765 1275 1789 389 2634 1730 1024 295 1475 2806 1929 1843 999 495 1568 241 464 2669 1706 2025 927 2142 654 2396 1503 1831 726 1918 192 1655 2565 1026 430 331 1692 2693 89 2794 1097 455 1039 1262 1216 2698 33 2070 2236
000398.jpg,1385 1779 2145 406 773 1992 2102 519 2763 742 1007 1707 1645 1871 1894 1969 1800 1511 1442 1138 2613 1526 186 1731 2516 1325 257 535 1527 2377 937 392 709 1516 1718 1455 301 605 2219 811 730 2341 338 365 1020 253 1040 336 1581 1783 1309 410 1131 544 2560 434 1498 1110 1424 855 435 94 2830 248 1966 1466 1311 1850 2680 852 678 821 2095 870 1794 1243 2243 1142 2299 1068 112 288 1981 2251 1379 610 1419 1479 2746 2543 2364 2549 593 568 648 2492 2788 2140 1387 1968
000399.jpg,2593 630 1267 392 2147 1958 1642 2012 2170 254 3 1600 1200 2331 1170 2405 2490 1419 301 2264 2420 2318 318 632 2391 2132 1077 1152 796 1380 2691 2734 1519 1762 256 1036 1973 1717 2101 490 1347 2655 568 1709 2156 2165 1247 1911 946 2204 2001 2071 1479 874 1321 2355 1751 66 1160 1183 343 396 2636 1425 516 1595 94 604 58 1528 1387 1757 350 320 1136 1098 595 652 2257 1682 460 862 974 549 1790 823 1384 233 72 1510 2453 731 481 1633 2645 1548 2469 2209 1454 1246
000400.jpg,1944 2294 1055 2135 899 137 1212 1056 204 725 2728 2842 1606 2207 2741 2558 2511 1547 116 165 1463 1134 246 447 1935 1825 494 1067 2825 2766 2057 2041 2435 2305 97 686 2291 1076 2580 1130 2736 1899 2068 79 574 1874 692 2248 2286 2292 1452 1223 1126 2813 2665 2719 722 1841 1940 804 2382 146 1464 1937 2319 677 657 2708 1639 329 2258 2438 1185 2683 442 140 1868 948 1777 362 2639 1986 1931 682 647 1810 2509 2436 2393 2583 251 67 491 1427 627 1721 995 2589 249 2350
000401.jpg,1255 986 1757 123 882 2150 1365 2387 932 372 785 2380 1236 909 1406 2493 1541 334 1477 1600 905 1049 1001 289 2350 2267 1603 698 750 724 21 868 1346 895 820 624 2775 743 1479 568 1200 249 955 2121 93 1888 1012 2012 1263 2668 2410 1153 2151 1041 2227 427 2514 2475 174 1548 995 829 1380 1415 2378 1558 2743 1033 1256 893 1219 2423 176 204 214 340 1590 1874 1387 1833 1322 1866 714 2291 979 1747 555 839 796 2449 2589 2348 1697 1075 1430 946 36 1911 981 2729
000402.jpg,63 1785 2022 1019 545 1228 1213 2066 1333 2113 2178 898 304 1207 1087 714 1389 1558 1137 2546 1166 1928 1298 1115 2072 2409 614 1394 1631 1685 93 1590 895 954 1175 182 485 465 149 1334 499 1306 1951 853 1300 1801 374 1561 2323 2277 676 1361 1760 1197 251 1447 291 16 589 540 1712 789 803 529 1798 727 1483 1749 2579 44 658 1451 1535 2504 1176 2644 962 1161 1513 132 1353 2700 1847 1427 483 832 1743 2784 2547 240 376 617 1257 2381 2542 395 576 101 1469 2016
000403.jpg,645 2011 445 2840 1029 1552 197 1054 1328 2707 463 2289 1623 1444 1679 1253 433 134 1663 2375 2735 2650 1895 947 1649 440 2050 2130 169 2767 2837 1544 1993 1045 161 735 1617 2836 51 2439 2241 2088 1422 1782 1496 550 769 155 562 319 1640 712 2556 1860 305 965 2631 2272 563 2482 1381 1658 2538 1840 2454 2628 260 439 173 2352 2287 518 1948 2649 179 1788 2133 950 2713 1202 1417 1218 1636 64 1261 900 2769 1569 860 1584 201 1148 259 2815 1796 2076 1775 2721 1486 1316
000404.jpg,2509 249 1810 1001 2350 2121 2583 67 627 1012 202 1075 1406 1944 2728 447 725 2294 165 2766 137 1212 1055 2825 2736 2719 2207 899 692 2057 494 1606 2741 1195 116 2435 1874 442 2135 2558 1130 204 1126 2292 2051 1825 2319 1223 1439 2291 404 2708 1557 1609 2143 2041 2683 338 24 97 1728 1940 2258 634 1088 2430 1935 2622 730 1390 378 2305 1581 2842 1243 135 574 1067 1869 1346 1463 1841 2295 1986 1165 2472 1547 853 2251 1383 1899 1928 1533 1594 2701 1020 2560 1725 426 2667
000405.jpg,131 1875 290 268 495 452 2531 2565 1843 2285 241 53 1503 1024 2142 653 1011 1022 418 2715 806 464 1481 1789 2765 927 780 1706 1932 1262 52 840 2693 1568 207 1475 2059 2244 1378 1831 1655 1813 2687 467 346 455 2236 1062 822 2137 2232 324 999 2821 1787 758 1274 61 2634 1293 1097 2091 1465 129 726 1275 580 2794 484 1781 1923 504 159 799 295 1281 389 786 1140 1127 89 2470 1037 2053 501 1216 1143 1929 534 326 1822 2396 2407 49 788 225 31 2806 456 2698
000406.jpg,2263 2386 2678 1525 2623 2116 1726 2572 1960 1371 40 1280 2141 861 762 2807 851 1013 2448 398 2522 1318 45 592 1336 2160 949 2079 96 1198 1856 2591 2056 1536 2718 2441 636 2048 1364 1083 1251 2111 1458 1084 644 2278 2503 1596 2761 2562 1632 2720 1802 2737 189 183 474 1199 1004 462 335 1315 1482 2733 620 2401 106 1343 300 1064 1365 1032 419 1880 1768 1927 104 84 95 2639 2230 2760 894 957 171 2498 1702 2203 1144 732 1866 1113 1170 2188 2827 2612 2554 647 1183 181
000407.jpg,142 1492 802 2078 1699 1430 1553 429 1053 555 1886 2333 1890 866 2267 1431 2380 868 1236 36 2217 878 554 1888 2117 2029 2668 1562 1256 1033 2415 1588 680 1132 901 2568 733 2743 886 417 1686 289 597 176 500 1418 1499 536 1793 1393 21 62 681 332 427 743 2786 121 361 2227 988 2108 1398 193 340 2451 979 569 199 2423 2384 2090 302 1065 292 78 893 432 1038 2671 1272 2421 1041 1268 571 323 2828 2032 1374 2047 13 2520 640 2038 1219 1754 2350 2578 2221 1668
000408.jpg,1944 1055 2294 2728 725 2207 2766 2558 165 1825 2825 447 1940 204 2741 1130 1212 2135 2842 494 1606 2435 899 2580 2736 692 137 1056 2292 1986 2057 1126 2319 97 1899 1067 686 2719 2291 116 1463 1547 2511 2068 1452 574 442 1935 2248 2305 79 2041 657 1473 246 2813 1223 12 722 1874 2665 1134 1464 140 1777 1639 1076 677 974 1937 1408 1868 2809 2382 1962 146 1841 1721 2708 1185 1876 790 2258 1942 2286 271 627 994 249 864 2506 2440 1892 2499 1439 2121 526 1998 1012 2350
000409.jpg,2320 2533 1149 29 293 2673 967 2021 2172 286 1804 1719 634 1597 2143 2430 24 426 1689 754 213 2756 2024 2408 2638 1728 739 1231 707 1448 2787 2615 1478 2354 1265 2224 2413 2295 119 1849 1296 184 2472 135 1269 1383 1984 558 80 853 792 218 757 2296 1312 1722 1867 91 1533 1529 2235 2566 520 646 2054 1361 19 1451 424 2390 1900 1733 1180 232 2644 364 529 498 1945 376 1091 589 789 76 395 1996 215 436 962 425 926 1798 2323 39 1818 2409 1535 983 766 1093
000410.jpg,757 135 558 1728 754 2295 2413 184 213 2756 1533 2024 2638 2472 1312 1478 1984 1448 1689 426 1296 2143 119 24 1383 80 1231 1597 218 2615 1265 2430 2408 634 739 1804 520 2533 707 1719 967 232 2320 1149 2021 1945 2354 19 853 29 1269 1722 2566 1849 424 2260 1733 91 2235 293 1867 792 2673 540 529 286 1898 2172 388 2277 1801 2508 752 1093 498 473 2725 1766 1061 2014 163 1529 2169 2390 1035 1326 2464 2124 2128 783 2744 2323 375 2644 1889 609 2366 2224 1839 1394
000411.jpg,2277 1801 1631 529 2644 1394 395 853 545 2323 1798 2249 1230 1334 1197 962 761 572 1558 898 1683 1898 374 1087 2579 251 714 2317 2759 465 1561 1207 1213 1427 2555 783 2113 2381 1389 1333 2072 1035 2242 1137 589 834 1346 2547 1093 1839 2066 1166 581 499 1928 1727 803 291 658 101 304 2409 63 1300 2178 2540 737 1228 2022 167 1900 2003 431 1361 1306 1881 1451 1443 2510 2114 2054 824 364 576 1250 1019 1951 676 1175 1749 614 2504 540 1753 2000 2546 2325 315 1298 727
000412.jpg,1865 1260 807 1858 2313 468 1044 1153 752 1560 1761 2823 829 1227 759 229 1015 1188 750 1603 2261 620 411 1610 820 2643 334 2194 1217 476 1697 1541 1456 2567 661 546 980 669 372 448 1702 732 897 2751 285 1083 956 2118 582 1171 1797 6 189 181 309 1884 122 2060 1214 2168 1032 922 1284 1221 761 333 2249 2476 2425 22 396 1285 2317 973 650 2171 2043 2216 298 2666 856 2810 1892 1995 167 1084 1882 2726 2387 2554 1090 2627 785 419 1763 834 586 2222 454 2156
000413.jpg,503 633 772 711 2322 1680 2250 2592 2052 2193 1335 602 2764 1704 1332 1111 238 1117 2144 68 1746 740 2237 553 968 1917 1852 699 587 972 1376 120 1164 1314 1109 1297 671 2228 2500 1010 162 1708 2370 2365 313 2099 2552 533 2681 81 1532 2181 2773 2177 2119 458 2819 1827 1182 771 1956 2527 28 1955 2689 2212 1327 872 261 505 2479 92 152 2557 2265 354 963 2814 1823 2742 2199 705 2283 175 2028 2812 1741 1774 2191 849 532 2799 1650 2610 1543 1563 1472 367 2343 2597
000414.jpg,1584 2023 2045 2755 747 770 258 1320 2545 2034 1796 2713 64 439 1569 48 1416 2272 1096 1948 100 715 2352 2433 2376 2721 201 1496 562 2556 51 1051 194 1640 1316 161 155 1636 2289 1490 305 712 2815 1617 1417 2650 2309 2130 1649 1029 2836 1218 1895 463 2050 1261 1993 947 1586 2837 2088 2767 2631 860 1381 169 2628 179 563 1328 1897 1782 1054 1045 1860 440 2735 1788 1369 168 2649 2454 497 1552 550 2011 1489 992 2241 433 2046 260 1658 1422 1444 173 1870 197 1362 2538
000415.jpg,1652 912 41 2208 2231 1264 2524 2104 1242 2692 716 2205 273 527 2541 1215 651 2517 237 2675 1684 2298 2530 1564 996 1181 1988 591 345 616 2801 1837 1812 2619 2131 969 1349 1491 143 1587 918 1514 2460 1360 2529 124 386 2185 700 1630 1129 2175 2246 1539 2271 1803 1 2226 2158 352 1440 697 958 2363 718 127 708 2781 414 1366 810 879 2834 1618 2710 2184 641 557 1615 2444 1411 991 2584 2385 2844 147 2727 1863 787 551 1445 71 1807 1816 913 511 1059 30 223 1619
000416.jpg,1305 1504 222 1436 2218 2512 1052 850 2071 1790 2362 1638 1933 2691 2645 2355 1321 2096 2342 1098 1736 1806 935 836 2156 2750 2450 755 2201 1709 2432 897 1911 612 144 2420 396 1621 2446 2449 217 2083 1661 1032 2593 453 2452 2163 1927 981 96 2194 1910 1757 476 1023 2554 177 84 481 205 255 2098 1387 2060 882 894 461 2679 599 2030 785 2642 141 2089 2519 637 2261 1717 477 189 1047 2537 419 2571 2747 2829 2122 2168 661 1085 1183 1227 2427 2627 986 823 1145 595 629
000417.jpg,64 1569 48 100 2721 439 715 562 1796 305 1640 2545 51 2034 155 2650 2433 1453 2272 2713 1496 2309 2376 1948 1096 2556 1860 201 1490 2631 2289 1416 169 1417 2352 712 2050 2130 1051 2439 1381 1658 1617 1328 2649 2241 1584 1544 2628 1782 2454 440 1993 2836 1316 1422 194 1369 1045 860 2837 26 518 260 1218 2707 1870 2538 168 1901 550 1623 947 348 2088 161 2815 1878 735 563 645 1054 1679 1710 197 1489 1444 433 1261 1701 1649 179 1663 1788 2826 925 2769 1624 2714 2652
000418.jpg,6 285 582 1221 546 1702 1083 2643 759 620 181 732 1260 1797 807 1882 2313 1858 1891 820 1603 468 956 1541 1697 2816 650 750 2666 334 1188 1723 1153 922 2043 2171 2810 37 1916 475 2346 1570 2194 372 1456 1761 1605 298 973 2425 2261 661 1380 1227 411 1865 1763 1537 2476 594 829 1285 1015 1090 2502 1397 40 2278 2179 2807 586 2168 1139 1560 122 1082 980 636 2152 1284 2677 476 690 2387 148 1610 2167 1884 1502 1308 443 2118 84 2841 420 629 281 1080 2768 669
000419.jpg,52 1481 418 346 2821 2244 1465 786 780 1662 2429 484 2059 534 806 363 1022 108 478 2301 207 2467 758 2690 402 1378 936 753 471 2398 467 1438 225 2407 1220 1787 2505 2465 53 290 452 2285 1008 653 628 61 389 2687 840 2765 2634 1275 2470 2025 1730 2669 2396 1789 192 268 295 1929 654 1568 131 1475 2806 1024 89 999 1918 1026 2531 927 2070 2794 1831 1875 464 726 331 1039 33 1843 1706 1692 495 1655 241 1274 430 2142 1503 1097 1141 1273 2236 2698 1127 1941
000420.jpg,419 894 2153 2554 96 1927 1632 106 189 1032 2060 1171 1214 22 2109 2571 2197 2751 2567 300 1013 1336 2079 815 2425 2705 744 2831 2160 1315 2313 2401 1987 481 2612 2841 1283 1286 1844 1661 1108 468 333 1703 2261 1364 309 1188 506 1858 1251 1199 1797 2502 2216 971 620 762 1139 2141 2726 2278 1227 1363 759 732 1083 2048 957 84 2152 2162 922 1726 2643 1153 181 941 1288 1880 565 1907 661 2194 1605 636 335 214 171 1702 6 2591 621 2720 856 1768 2230 2807 2688 1953
000421.jpg,84 941 2152 2502 1605 2706 2348 1139 2841 214 909 1866 1602 1953 1371 1987 2572 2263 1113 1280 106 1525 2141 183 2678 2115 189 2623 1616 1960 244 96 1084 2503 1032 1927 1365 1171 1632 2060 1696 236 1458 2608 1199 40 1064 45 851 1726 1198 1661 1214 2522 815 2760 1184 2153 22 621 2554 744 2751 2056 894 2182 1364 117 2203 2567 419 398 2109 171 2303 327 2386 23 1251 592 1205 2197 1659 2448 1570 298 957 2705 2457 509 844 924 2831 2030 1687 690 2677 2620 2726 454
000422.jpg,1038 1272 1754 2421 1041 2210 2520 13 640 1949 323 2671 377 2578 828 1668 1374 2602 2539 1429 2428 2828 933 2032 56 672 2629 2047 370 1337 2798 1189 1049 932 729 865 698 2221 1249 839 2120 1910 2083 2031 1329 2038 123 1070 1553 340 2108 536 2267 1492 1399 1431 955 142 1430 964 1521 2668 882 986 427 979 2786 176 743 429 2217 121 1033 1256 555 2117 1255 2423 2029 2335 1699 868 1890 901 36 432 2380 569 2333 988 332 193 2839 1393 2387 2415 2150 2743 2227 597
000423.jpg,1830 848 903 768 1114 702 931 1107 1767 284 1908 1340 2388 2471 2601 502 65 990 1845 1310 2624 1235 1254 297 103 126 835 1608 250 1720 1821 688 1512 1323 684 522 578 2276 1975 1413 1391 1186 2314 2667 767 1839 1035 431 277 2323 2302 395 1165 18 2644 962 315 973 2510 1232 1759 1753 1938 1570 1285 1397 298 2772 1390 2561 1125 1798 2077 2509 249 1557 851 191 2777 2478 1810 2 2622 1842 1263 2620 40 2114 1144 1015 1922 581 1207 2757 2706 1012 374 2663 1833 1219
000424.jpg,1900 436 215 737 2040 2381 364 101 803 2504 989 374 766 2238 1230 341 251 581 328 2242 962 572 2759 2579 2114 1683 1427 1798 395 2540 2644 1883 407 2323 789 1334 529 2542 1257 1786 1971 1898 1801 1091 1300 1106 1996 1559 777 1561 926 1818 1451 564 2277 76 1361 1357 2495 1197 2288 1180 230 2000 617 39 1137 2787 1306 614 1951 1207 2546 1353 2113 1175 545 2072 304 2178 1093 1389 483 485 1115 2066 1213 1394 240 714 2656 2281 1693 589 2149 1166 727 898 1087 1685
000425.jpg,629 882 123 1757 2150 986 924 1255 2677 909 2359 1487 2216 941 84 2841 1471 1139 281 2494 2572 594 953 1703 1462 1371 2387 1365 750 334 1153 1232 37 40 2706 396 214 2115 2627 1541 1605 820 1502 1987 372 115 2502 1603 2179 1866 1250 1199 275 1687 1661 1082 1221 1616 1363 1995 851 1073 2348 2203 1397 2483 1288 1570 2249 2197 1113 2567 327 2573 586 938 1882 1308 922 285 1525 1738 2688 1488 1032 1659 889 1184 785 1280 1979 761 1696 167 1697 1960 2278 1084 1090 546
000426.jpg,1697 2268 2167 459 1911 1380 1188 1456 922 411 1090 122 1082 1763 2823 285 586 1308 37 1284 6 1221 546 443 372 181 620 759 2643 1858 1153 732 2313 1260 1006 1797 1702 829 167 468 582 661 650 20 807 1882 2043 38 1083 2168 2194 2666 2810 2171 980 1761 1603 820 1865 1267 669 1227 298 334 1541 1285 2261 1884 2425 2816 1891 796 476 2593 1570 1610 956 1537 2118 946 1200 2677 2476 281 973 1015 2623 1744 2726 1916 396 1502 1723 1995 448 454 750 636 2346 2807
000427.jpg,2548 2662 1375 2460 687 2363 969 557 879 2844 1366 2541 2226 1619 1009 837 2727 1684 2139 2298 2833 2584 2186 1411 1776 2633 1925 1665 2456 1025 797 2607 2185 2063 1539 1440 1816 2330 2455 1571 1660 2215 1 1572 2399 1480 264 2229 349 342 1514 2385 1815 352 859 667 892 798 267 551 1238 2158 234 2749 2092 46 795 1861 857 2484 1159 570 2529 2517 1982 2672 718 2100 1863 2246 913 1360 720 1264 2431 2187 386 2123 1520 867 1291 1664 1043 317 756 307 2709 143 2590 814
000428.jpg,2295 2413 783 540 135 558 1093 1728 1448 184 754 1383 2111 2615 1265 2756 1296 1856 2472 1231 1478 1914 2785 2441 1343 80 2737 119 1999 949 1312 1984 739 983 2827 596 2638 2242 213 1996 757 218 1945 1091 2190 232 2202 95 2566 2112 520 695 1743 1535 2745 529 940 2408 1689 407 2021 777 19 1176 1801 617 1533 2547 1103 1804 2644 766 132 967 341 1269 1683 328 2277 1898 310 499 1631 1597 291 1476 1561 426 2238 88 2759 634 2354 1447 1722 2143 1867 832 824 2281
000429.jpg,1563 238 28 2819 505 458 2500 2479 849 2181 2552 152 2250 1532 313 587 2365 1827 2283 2716 523 175 2370 972 1741 2191 705 2119 1896 81 2689 2052 503 734 1339 671 847 2193 2674 633 1680 2557 602 2099 1376 696 1704 1335 2527 2592 2228 711 1111 2534 2322 1332 772 330 1912 92 1831 268 2681 1297 354 120 1655 2177 1281 927 2806 2236 125 464 1037 1932 131 726 1706 1813 788 1923 740 532 2687 1730 1475 999 324 1117 2715 1275 1875 1293 1789 2531 1097 1024 1929 2144
000430.jpg,1938 1833 277 767 1443 889 2686 1747 2496 2510 431 2315 2532 2702 70 211 2757 1759 951 1390 1035 1980 2077 2622 2561 2818 1753 1834 1989 2777 1557 315 1839 2663 2772 2478 1125 1165 18 2 369 2015 2302 1460 1252 1842 2685 2323 191 601 2644 2245 395 1548 1801 1986 990 1767 461 269 1333 783 500 1263 2249 1928 400 394 1423 853 1075 1326 2277 2242 714 2111 2668 529 465 473 1511 522 1952 63 1413 2022 1418 980 1845 36 898 2098 1334 2829 1197 1256 309 2547 2624 2667
000431.jpg,493 2174 2004 1234 1358 1792 1861 57 1034 1930 976 2125 2672 1580 366 1196 859 2418 280 210 1575 1758 746 2461 1279 793 570 756 1276 797 689 1724 133 1859 1392 1665 2374 548 2456 2184 1947 1664 2327 2838 1765 294 1776 2330 2694 1072 663 2186 1375 588 2229 422 228 583 1457 720 2206 158 857 242 1551 1877 2739 1887 2541 880 1193 2039 1030 1086 801 150 2123 885 263 2590 2581 2548 1191 2332 1043 1229 2321 2356 2703 656 1350 2659 934 2662 77 170 704 1059 1542 2198
000432.jpg,629 882 1757 2677 123 986 84 2359 2572 2150 941 1371 1113 594 1605 40 909 214 1139 2348 1616 1960 2115 2152 851 281 2502 1602 1866 1255 2494 244 1949 1477 1738 2678 2203 1661 1488 2571 1696 2197 327 2421 1144 2706 1987 509 1184 1687 1397 1365 300 270 1400 482 420 1458 1199 2620 2179 1603 298 275 762 1084 785 1198 2503 106 510 1570 334 750 1280 1502 2448 609 1462 1953 815 1171 1659 2079 1754 2768 1726 398 189 957 676 1525 1283 2521 1032 1263 1927 2261 820 2060
000433.jpg,1506 1780 1141 383 2070 252 858 1505 2311 1356 1598 625 1248 679 1435 525 654 2669 49 1781 61 113 192 2794 1127 1168 1216 1299 2025 1829 245 1787 1140 408 2164 225 207 2396 239 27 139 2279 2698 1924 216 1282 2280 2091 1273 2173 2232 296 838 209 356 2137 1692 822 455 1124 1918 331 430 1024 655 2470 1262 2531 1503 1274 1612 2765 1293 1568 2062 1037 33 1875 1097 2053 2316 1500 2565 391 1026 1143 1303 643 2611 344 268 200 1472 1941 131 1297 1647 1021 402 1972
000434.jpg,2437 1057 1836 1914 2785 1672 1476 88 1749 2202 2745 1856 2190 824 132 2547 95 2111 2441 1176 2700 576 44 695 1178 1990 1713 1116 596 1224 1483 16 983 1714 2317 1447 683 751 1743 2180 2827 1535 291 1593 2422 2523 1469 34 376 47 1449 2016 1838 2249 465 832 2129 777 1091 761 1353 1693 310 1346 230 2555 1727 1106 1620 1996 2656 946 834 499 60 1678 2058 603 1450 1073 1732 2149 1523 2000 1971 1304 1277 1180 1559 2495 269 1343 483 905 1257 1482 1380 2114 2245 830
000435.jpg,2749 2740 1629 203 154 1524 2468 1059 342 150 1811 551 2444 1803 147 2710 934 2431 2595 1167 798 795 385 1863 1072 2548 2198 814 1375 1861 1025 472 1355 1348 1807 1619 2187 1377 127 1675 667 1509 2175 185 307 57 884 2385 2727 1716 1201 1947 1862 2709 267 242 577 1373 1030 158 1539 133 641 2174 1238 741 170 1034 2654 2226 1837 2206 2473 2771 438 82 880 1 2460 1392 1129 2776 1530 160 685 2633 1576 2002 124 1295 2581 1522 1078 2127 2273 842 2844 1826 2662 1520
000436.jpg,144 2691 850 1911 2355 2512 2362 1504 222 2218 1436 1790 2071 2420 935 796 1933 2096 1305 836 2156 2645 1098 2318 2432 1321 2201 1709 1052 2750 1387 1479 1682 1638 1200 2593 2446 599 755 897 2452 2342 630 1736 320 666 2450 1806 2537 1380 2642 1267 946 2167 1082 1676 1090 2268 1006 1308 73 399 1697 380 1621 595 459 2679 2587 1510 2074 612 629 99 586 1763 437 1085 1903 2829 1717 2535 2655 443 177 2122 72 1233 2449 2163 1250 1163 1599 724 208 922 453 1047 823 2469
000437.jpg,1707 1007 338 730 1466 742 1131 336 1645 1243 2516 1455 2151 1526 1379 1779 253 1498 2341 568 1794 1511 2145 1385 1783 112 1969 406 2730 2102 1325 1670 1005 1442 2788 1871 1020 937 2746 1581 365 749 773 2763 410 811 2290 544 2299 1068 2364 870 1110 605 1800 1138 678 2560 2830 1309 2251 1992 1894 610 248 2377 1516 1731 186 2549 535 855 1424 1094 435 2243 673 1079 392 1548 881 709 648 1966 1527 1634 2219 1732 774 1142 1040 593 2005 821 1133 2492 1073 1479 2087 1165
000438.jpg,2510 431 70 1753 1125 2777 2772 1839 2077 2478 2561 1035 2757 1759 315 18 1390 1557 951 1834 2818 1842 1165 2622 2015 1252 2663 2302 2 1938 767 277 1443 2686 1833 191 889 1747 601 2315 2685 2702 2161 2496 1980 1075 2644 2323 1801 2532 269 395 1353 990 297 529 465 1767 369 211 1235 1460 2277 2547 1548 1333 2624 1989 2249 1137 63 202 103 1511 1413 2296 824 1845 1986 1391 688 1593 2242 2276 1431 522 1323 1107 1300 789 374 126 1310 65 962 581 1019 2471 461 2667
000439.jpg,2044 2501 1934 2411 1656 85 635 312 987 2528 1405 2832 221 1644 1102 188 943 2790 556 2817 1624 2300 611 1407 817 1926 1319 547 1386 2082 2270 259 1993 1983 1422 1617 1796 1190 2631 2574 562 1552 2544 1428 2670 712 64 439 550 305 1092 74 463 100 2837 1569 219 1788 1414 2721 2545 1158 2419 1029 2676 2088 2724 992 1208 155 2241 2007 1381 260 2397 2133 1045 1046 1848 715 169 2538 2046 2800 1640 134 1782 2652 48 622 2344 2707 518 2836 826 1328 900 1878 2439 2307
000440.jpg,982 887 1470 1531 2065 1791 748 2792 2328 819 118 1667 2491 2575 1585 763 2225 567 916 1179 2042 2778 1211 2252 1977 1578 930 919 945 2723 1769 2682 1354 1851 2310 952 227 841 1651 808 114 639 1579 2647 1063 1770 517 311 998 1210 2416 2793 875 2349 928 7 1920 2379 1854 579 1583 382 2711 975 2304 528 9 1657 778 2097 25 2559 923 2459 2729 1209 2488 2618 2026 1154 566 151 1271 492 513 1528 1970 1368 2658 1367 515 512 1239 2636 1566 662 800 2009 72 1850
000441.jpg,2185 1129 1411 143 1440 386 2584 2529 2517 718 1694 2271 1684 795 810 787 2298 958 1445 2619 697 30 71 638 2616 1514 1360 1215 2801 2524 1112 1939 273 2104 1242 1630 2460 1294 1446 2363 557 969 879 2139 2246 665 2833 2844 1258 1366 2481 1619 1925 1982 1816 1863 1270 1480 299 2092 2385 2731 1539 1814 2633 667 1122 342 264 2607 1660 2455 641 41 2771 1373 1652 2776 1571 551 2431 837 1589 1264 888 991 2541 1807 2797 2444 352 2576 2710 1009 2595 1776 912 1059 2484 867
000442.jpg,1145 2747 2098 1047 612 1023 141 2055 453 401 461 2163 1976 1628 595 208 1510 981 2587 477 823 760 399 1872 2636 1717 437 72 2655 731 2009 460 1233 99 1160 2469 2126 1599 2074 2775 172 174 2722 694 380 1163 1415 164 73 2122 177 2679 1784 2829 816 1903 156 1241 1085 1688 2274 2577 1808 1436 1100 2218 1404 599 755 1504 222 2537 666 1089 1155 1638 1321 1736 2642 2450 2452 1933 1098 2071 2645 2446 1806 2342 1790 2003 2750 703 1305 1550 897 2156 2691 783 2355 935
000443.jpg,1882 956 1995 38 1697 115 1911 2168 2167 2261 661 2194 829 2268 167 2573 459 20 396 2823 1227 1638 42 1536 448 1200 2476 1153 669 2623 636 1456 2678 1525 1267 2425 1709 1380 2222 1082 2593 2572 1797 476 1387 1032 1090 2197 285 2216 1221 732 1880 1308 1205 620 6 922 2691 946 1537 2535 2706 122 1371 1318 1184 1108 924 2263 2831 1006 1671 2156 586 1763 2726 1474 1170 1560 2677 894 1661 1726 796 980 1188 1761 1659 181 443 2807 1400 1286 37 632 630 2554 1884 1280
000444.jpg,1525 2623 2263 1280 1371 1084 2572 2678 1726 2761 1768 2141 1198 270 275 2048 1205 1283 2386 1960 1108 84 2030 1113 1802 1659 1536 1866 1880 2448 1199 636 762 2791 941 1318 2807 2303 1032 2348 96 1365 894 1251 327 2116 785 40 2425 1364 419 1139 2554 2476 2153 106 189 1144 6 2831 214 732 1184 2498 1083 2562 851 45 474 2522 1596 2278 971 2060 181 481 1255 2115 183 2720 2197 1927 1632 1570 1064 2706 620 281 300 42 2188 2688 1696 2705 2203 1400 490 1458 43 2168
000445.jpg,751 1057 1914 2785 2437 1116 2745 88 1713 1224 1678 2202 1836 1476 1714 1732 1620 1672 1450 1856 1073 2275 683 830 2190 603 1147 1990 2518 824 132 2317 1749 777 2441 393 1178 1091 2700 1120 2422 863 2180 576 1646 95 47 230 1244 2547 44 1176 2136 339 2111 695 1996 1838 983 187 1449 2239 2523 2129 2495 1593 34 1841 1517 596 378 2073 16 1195 291 1483 2630 1523 2733 1353 371 104 2020 269 832 2238 1482 1971 1346 1940 2242 926 1743 462 1410 1869 1693 2080 321 1447
000446.jpg,783 1093 949 1343 2737 940 2111 1856 1004 2112 1999 2441 1914 407 540 2827 2785 596 617 983 2242 1103 1898 95 310 1683 1561 2202 1743 2190 2745 341 1434 1091 695 1996 198 88 777 2542 1176 1476 132 2114 328 766 60 1535 2238 2413 2547 2759 2422 75 824 1631 1230 2295 1298 2644 1801 1693 581 2016 576 135 2317 558 1773 63 1224 832 1749 291 2180 1447 1087 2323 2504 1672 1019 364 2022 230 2497 1304 1116 1795 499 1482 1448 1161 149 1483 1846 529 2523 1334 462 2040
000447.jpg,887 2792 1531 1470 118 567 1791 748 2065 819 1585 1667 2575 1354 919 952 2778 808 1769 2328 2491 982 1179 2304 1851 945 2793 1977 923 930 841 975 875 1578 1210 2416 7 311 2647 1579 639 2723 1770 2349 2682 9 515 114 1920 1651 1063 998 2559 25 2379 2618 579 1854 1209 151 2711 1154 513 492 928 2459 2658 1271 1211 528 566 2026 382 2488 2097 778 2252 2310 2729 1657 1368 1528 2225 1583 763 512 2042 916 2074 1239 1970 1367 2299 417 1219 399 1599 73 460 823
000448.jpg,2491 2328 1179 1977 2682 1578 1651 945 841 639 2647 1920 887 1470 1531 1579 2252 1063 1770 748 9 2723 1667 819 114 1585 2575 2792 916 982 2042 118 1791 2065 2310 567 2778 1769 1528 919 1354 952 998 1851 930 2225 1583 763 227 2349 2097 2459 875 311 928 1210 2379 2304 1154 1211 2416 517 2729 515 923 492 579 2488 2026 1657 808 2793 25 975 566 1368 1367 7 778 1854 382 1209 512 528 1239 2559 2618 2711 151 2658 513 1970 2462 1271 1643 2081 1566 2334 1402 1819
000449.jpg,783 1343 2737 949 940 1093 2112 1004 1999 2111 1856 617 2441 2827 1103 1561 1434 1914 983 198 596 310 75 1743 2542 2785 60 95 2497 2190 695 2745 2202 1693 540 2242 1176 132 407 88 1298 1535 2016 341 824 2547 182 1476 2656 1304 149 1091 1683 2413 2149 1161 328 2644 832 1898 1760 1230 1773 1334 1593 364 395 2295 766 2238 1513 63 2323 1996 529 576 2040 989 581 803 2759 1019 1197 374 2114 737 954 1795 2022 1333 2129 962 1971 291 135 2504 558 1685 1712 1448
000450.jpg,2210 2520 640 13 1272 2421 1754 1038 1041 2671 1949 323 377 828 2578 370 56 2032 2602 1374 1668 2828 2047 1189 672 933 2539 2629 2428 1429 2038 964 2798 2221 865 1399 1337 2120 2031 2415 332 2423 743 2568 729 2217 1070 289 417 2387 2335 2029 427 1049 1952 1553 1329 1890 1033 681 340 555 2668 1686 1888 21 1562 597 1430 878 176 554 2743 868 193 988 2570 1764 62 429 358 839 1793 1398 142 2808 292 2451 361 2267 2380 302 1418 1256 121 1492 2839 698 1431 536
000451.jpg,1993 1617 1422 712 947 1328 1444 1045 1663 2241 2707 2050 1552 2840 2130 735 1782 2837 1679 1623 169 550 2836 2011 197 445 2454 2649 860 440 1710 2289 51 1369 2631 1649 1381 1489 260 900 480 463 1417 1788 179 518 2767 2826 1658 259 645 155 1054 305 1544 563 2714 2439 1640 134 562 221 2769 1895 1796 433 1486 2082 2721 1437 635 925 2133 1878 2538 2088 1569 312 1934 26 2544 943 1870 2270 556 1405 2650 348 1307 2375 188 85 1701 987 1386 2652 2832 547 1840 1029
000452.jpg,73 2074 1599 380 437 1233 823 399 2163 1628 453 401 1510 731 595 2587 208 981 2469 1872 2126 1160 1717 2655 99 760 2055 141 460 1023 1145 461 2122 72 2636 2009 1903 816 2098 1047 177 477 2829 2747 612 2679 1163 1085 172 2722 1976 1784 694 1241 164 174 156 2775 2577 1504 1415 222 1436 2274 1479 2691 2218 1682 1808 2318 2355 1098 1321 850 2512 2452 1688 320 599 2362 1263 755 2262 1305 2645 1406 2299 2446 2420 2071 1387 2642 2568 2432 1154 1165 2750 2156 427 923
000453.jpg,2043 2810 2171 1188 650 2666 1697 2816 411 922 1891 1153 2346 1763 6 1221 582 546 285 1723 1456 37 1916 759 807 475 1882 122 1865 2643 1761 829 1090 1858 468 1702 1260 2261 1603 1083 661 732 820 1227 620 2168 2167 2313 2194 1082 1541 1797 956 1284 1308 669 586 1380 334 750 372 181 443 1006 476 2841 1139 980 1610 38 2677 2706 2476 2268 1560 2425 1696 1884 1250 459 448 5 2387 882 1537 1995 1911 724 1015 1757 2278 123 905 167 1267 938 2014 40 2118 997
000454.jpg,2437 1836 1672 1057 1749 44 1483 16 1447 1914 2785 2317 1469 376 2202 1476 1990 88 2745 291 824 1856 2547 2700 576 2190 95 2249 1535 1178 2441 1116 132 1224 832 1713 761 1449 596 2111 1176 1714 1727 2555 695 751 60 683 1304 983 2058 1103 1353 47 1593 2180 1743 2827 1091 2129 1620 834 777 230 1838 1346 2422 483 2523 1523 1482 946 1073 1996 2080 603 1999 441 2495 1277 1380 1732 269 2695 1180 1693 2275 1548 2000 1300 1678 34 789 1106 1451 104 905 1450 2245 2288
000455.jpg,1710 197 1489 2840 1045 1617 463 2011 712 860 947 445 2836 1444 1701 1422 1328 1782 1417 433 1993 1663 2130 2289 2050 2375 2241 735 169 2837 1552 1029 440 179 2649 2454 1788 1369 550 900 1679 2707 1934 1381 1658 51 645 1656 480 26 817 2832 2790 2767 925 1623 2817 1640 489 1870 1649 1926 221 1102 1624 2714 943 1486 1544 1437 2397 635 348 2082 1407 305 134 155 2826 312 1405 2769 2439 2411 2528 1054 1796 563 1386 260 556 518 2631 562 1644 2501 2270 2133 2300 1983
000456.jpg,2045 611 1319 188 85 2044 1584 2411 1656 1934 258 2501 2023 1407 2755 2528 556 635 817 943 987 1644 2790 1624 2817 1405 221 1926 2300 770 1796 312 1102 547 2832 2082 747 463 1422 1617 1386 2270 1320 712 1029 1788 1993 2545 2034 2544 259 2837 2564 64 1569 860 4 550 1417 562 1208 1895 100 2076 2454 826 283 1328 2836 433 48 2419 1782 1381 2721 1045 2289 1552 2724 2652 715 1092 2670 2069 51 74 26 1414 2397 1369 305 2800 1983 2050 161 2676 197 1428 169 947
000457.jpg,837 2455 2063 1009 264 2484 1159 2092 1589 2844 2731 2833 1122 234 1815 2371 1572 1814 2139 913 267 352 1238 299 1 2797 1025 2399 1520 2727 1291 667 403 1982 891 1539 428 2576 1349 1925 2776 1373 1619 1735 2385 1366 90 2541 2771 262 888 641 2269 17 741 2403 551 2189 1816 2215 1571 2158 307 991 2834 1622 1863 969 223 1480 1509 2633 2431 1807 1615 342 2412 1660 2635 2338 1549 2607 46 1059 2175 385 1698 892 2273 573 1338 814 1295 1776 2486 846 879 2226 349 2717
000458.jpg,1583 998 2252 2018 2146 2284 719 2682 1651 764 1179 2008 2551 1977 2792 1970 1289 1657 928 1791 2729 1578 778 2491 1854 517 1531 1470 382 1063 2328 887 930 2711 639 567 2647 118 1579 2778 9 2310 919 1354 2042 841 916 748 1920 2793 2379 952 2225 1851 1367 945 982 1239 1368 763 2550 227 1769 1210 1507 2065 311 2488 7 247 2459 2723 875 1770 1566 1271 2349 1351 107 2658 2416 664 35 819 1211 153 2019 2097 579 2165 2304 2110 1493 151 914 1154 1177 2559 114 1403
000459.jpg,2809 1876 1721 1473 12 1055 2766 2728 508 2294 1868 140 2499 994 1165 1944 2719 864 2685 657 2315 627 1439 2051 2622 2302 1130 2589 431 1390 1557 67 1753 598 1452 1408 2068 2207 1027 1998 725 531 790 2580 271 1035 2057 1067 494 1817 526 692 2435 2558 2292 1725 447 191 1942 136 1125 1406 767 315 165 1881 1980 1940 2665 2319 2708 608 1839 2561 442 1012 128 368 2510 2077 2291 944 1825 1931 722 2583 1250 1677 2440 2506 2736 1892 1886 2041 1810 2702 2825 1548 2436 274
000460.jpg,2467 2690 346 2821 402 936 363 471 478 1438 753 2398 108 2407 52 1008 1220 2301 786 2465 2505 628 758 1481 2244 1022 1662 1378 1465 430 418 484 1918 467 389 840 2634 1048 1275 2429 1730 2059 780 2687 1026 1692 2765 806 89 2611 1929 655 138 452 2632 1787 295 331 1568 2669 534 2285 207 1097 1612 654 2806 1822 1039 61 2070 290 2025 1143 1124 2142 1293 113 1018 1756 504 1647 782 1024 1140 1789 241 53 2061 192 1216 1187 1921 225 1037 679 625 1118 643 1472
000461.jpg,1810 2509 2583 249 67 627 1001 2350 2121 1012 202 1075 1406 1944 1055 2728 2294 2719 725 2319 1212 137 2766 1869 692 494 1243 1130 2292 338 442 1886 165 2057 1165 2748 1195 2302 2135 2518 2741 1120 2151 1940 2251 1874 116 2736 1131 1126 730 1379 447 2305 1223 1606 2701 2291 29 2207 1557 2683 1147 899 2598 378 191 2041 1969 204 1439 1794 404 1020 2667 2558 1067 2825 1581 97 293 1346 574 1110 1850 2560 1390 1073 1825 2435 855 1670 2621 2622 2708 2299 1609 2506 315 2746
000462.jpg,2809 1721 1876 1473 12 994 1035 2435 657 1881 2589 2779 274 677 1817 2708 1931 394 368 783 1725 608 2438 1839 2561 1027 136 1711 1394 1439 637 2057 1501 2829 790 1879 2762 1906 2599 2657 864 2051 2683 1886 1582 1899 2526 574 2719 1558 444 898 1801 128 944 508 2216 545 1902 2291 1874 915 494 1892 1406 854 2712 482 1165 2499 1868 2089 447 67 526 1443 2323 1250 278 627 1197 1810 1433 682 251 249 2245 2308 1703 271 2220 1087 692 1223 2580 2766 255 1075 2154 1928
000463.jpg,1361 1451 589 727 658 614 2000 1175 485 1306 1951 2054 1559 2072 1137 1207 2787 646 1786 1106 1257 1971 714 293 1334 76 1798 1558 962 1197 44 1483 1087 1357 2656 803 1333 898 1300 63 251 2409 1447 2149 376 1685 1213 789 1427 2022 1091 374 1166 16 483 1389 2323 291 1230 2113 954 1693 1561 1019 1180 581 1900 395 2495 832 2066 2644 564 926 1115 215 989 2381 2540 1353 39 1801 1593 2178 1469 1535 572 304 2288 1928 2040 436 2579 1672 737 364 1298 1743 1228 1818
000464.jpg,1453 1569 64 48 100 2721 2272 715 439 1796 2034 562 2433 2713 1496 1490 2545 305 1640 2309 2376 201 2556 1860 1901 51 155 1316 2650 1948 1636 1096 1965 2815 563 2088 2352 1416 2289 260 2826 2631 168 440 1584 2241 1878 712 1148 194 2050 1617 2538 784 1658 486 1422 1381 2130 1218 645 2836 518 2649 550 161 1328 1840 747 1993 2337 2133 231 2439 900 2628 1045 1051 169 2652 1544 1623 2454 659 445 259 1782 2707 433 2840 1679 1054 950 134 2553 2732 965 947 1369 1649
000465.jpg,783 1093 949 1343 2737 940 2111 2112 1004 1856 1999 2441 1914 2827 617 983 540 407 1103 596 2785 310 1743 1561 2242 1434 95 2190 198 2202 695 2542 1898 2745 132 1176 341 1693 75 328 1683 60 1476 88 1535 766 2238 2413 1091 2497 1996 1773 2016 2114 2547 1161 824 777 558 1846 149 832 1019 63 2759 2295 1230 1513 1795 2022 135 1593 2656 182 2489 364 1304 581 1298 291 576 2644 1847 2129 1448 1631 2040 1333 1749 737 529 1801 1760 2422 2504 1334 2149 1224 1685 499
000466.jpg,1967 1635 1715 390 1293 1822 1097 1050 1143 1118 159 580 430 655 2062 331 326 31 1037 1124 2715 1011 2053 1648 1755 2406 1140 2236 805 1317 1918 2402 1395 1647 1472 314 1692 799 1756 1972 1187 1612 1297 2505 2465 1475 1026 1048 89 2407 936 721 478 1568 2632 2765 2611 1018 2301 113 138 782 2061 726 2398 1303 1262 464 1008 1706 1921 2687 1216 1024 753 628 643 2531 1039 1730 125 1503 1220 108 758 999 1275 455 1829 389 2232 788 1929 1022 1274 653 363 1378 471 27
000467.jpg,1349 234 1 2541 1572 1520 913 511 1618 2727 2399 307 1540 352 2339 2834 2215 2340 892 2158 1615 223 969 2635 2466 46 2226 1630 1539 2710 2473 1684 2246 2175 1514 349 2709 2298 1360 1215 1571 2372 127 961 2517 342 17 551 2619 2801 1698 1059 537 2444 1238 958 1025 267 1291 697 891 1129 2223 1446 1524 685 1939 1242 1294 837 1270 30 195 2524 2529 71 1445 1258 2063 1009 638 641 1811 2253 2271 1803 143 573 2338 2662 1101 1409 642 1807 787 2486 2455 1629 1411 665
000468.jpg,1944 2294 1055 725 2728 2135 2558 1056 165 899 2207 204 2842 1212 1130 137 1825 2825 1547 1606 2511 246 1134 2736 116 1464 2741 97 1076 2041 2382 2305 1126 447 1935 2248 1067 1463 2766 146 692 2286 2813 1940 1639 494 2292 1937 2580 2057 948 1899 1874 1841 2258 2435 686 2393 1185 647 1223 2639 491 677 2291 442 1777 2708 804 2719 1452 1986 2683 2438 682 2319 2569 2068 329 2506 79 362 574 1592 2665 657 1868 140 722 1962 540 1482 2733 974 1408 2413 2441 2111 2436 271
000469.jpg,629 2677 2359 1371 2572 84 882 1113 40 1757 1960 941 986 2152 909 2494 123 2150 851 1987 281 2571 1144 594 327 1139 1616 2678 762 482 1605 2502 1255 1458 2115 300 815 2197 1661 244 1687 1949 106 1184 2421 1477 1866 214 2348 2386 2203 2620 1400 2079 2761 298 1013 1336 2503 509 1696 1726 1198 275 1032 1927 1221 621 2706 183 2567 785 45 2194 1462 1659 1570 1199 1263 1223 1365 844 2216 2160 481 96 1171 270 1397 2261 474 1738 856 940 1922 398 2726 396 1084 189
000470.jpg,757 135 558 1728 754 1533 2295 2024 213 2413 1689 2756 184 426 24 2143 2472 1597 1312 2430 2638 634 1984 1478 1448 1296 2408 1383 1265 119 1231 80 2615 218 1804 1719 2533 967 2320 739 1149 853 2021 707 520 1945 29 232 2354 19 529 752 1898 91 2235 540 2277 2566 1849 1801 293 2508 1093 1035 2260 792 1722 1269 424 2673 1839 286 2172 1766 388 473 2644 2725 783 898 1733 499 1087 2323 714 2169 498 2561 1061 2014 2366 1867 545 163 395 1683 1326 1394 465 1889
000471.jpg,2491 2328 1179 1578 1977 2682 945 1651 841 639 2647 1920 1579 2252 1770 1063 9 114 2723 887 1470 1531 748 2042 916 1667 819 2575 1585 2310 1528 982 2792 1769 118 919 952 1791 1354 998 227 763 2225 2778 1583 2097 2065 930 1851 567 517 928 1211 2379 515 2459 311 2349 2729 1657 875 1154 1210 2304 923 579 492 2488 2416 2026 1367 1368 778 2793 382 566 2559 2618 975 1854 1239 528 25 7 808 512 2711 1643 1970 1209 2081 151 1566 1819 460 2462 513 2334 910 1271
000472.jpg,2648 511 352 969 2709 892 961 2138 46 1270 1540 2340 223 1571 2226 1615 2158 2215 600 2100 1618 1698 1349 2473 1 2339 2820 2466 195 1572 1622 577 2635 2541 147 1514 2223 2013 2372 2834 2595 1939 1816 349 913 1009 2175 2727 1258 1324 1366 234 17 1815 1025 1101 642 2253 1409 2710 879 846 1294 127 2481 1520 1095 2486 665 551 1994 1539 573 1480 1159 2455 1803 1446 342 837 1069 2444 2338 1338 537 2460 414 1619 1812 2738 2186 307 267 1811 2399 226 1421 1863 2385 2783
000473.jpg,607 631 1518 2049 2282 530 446 1290 1604 2093 1301 1981 1237 2140 1058 451 1017 2796 1567 2596 2064 1909 2660 1384 921 966 1879 1613 942 2543 2085 2458 2392 662 1331 1673 394 2696 337 1614 2257 2357 1742 1705 1002 908 2369 1495 487 1978 1119 50 1906 813 54 2600 1893 355 2262 1105 1681 2664 710 1695 542 243 1739 1853 2782 1370 1000 1031 1554 1396 984 2636 660 791 1508 460 2251 2459 852 1621 678 2682 2803 311 800 1676 897 1287 2005 2259 1894 1179 1455 528 72 2609
000474.jpg,418 1481 52 780 806 534 2059 2244 1465 2429 346 484 1662 2821 2470 786 268 290 131 452 207 1875 53 653 2285 1022 1475 225 1789 1024 464 2531 726 1378 1787 61 1831 1706 2765 2693 927 363 1655 1275 2467 2236 2687 999 2690 467 758 1568 1843 1503 241 495 2301 455 2715 478 2565 2698 1262 295 1273 2407 2396 1929 471 936 2806 2053 1438 331 840 389 1008 1011 1216 1140 1097 1730 2505 2465 326 33 402 1932 2142 1293 1220 31 654 1822 799 580 2669 1124 108 192
000475.jpg,2411 1656 2528 1644 2790 1102 943 2817 221 1624 1405 635 817 1926 1934 1407 2300 2044 2832 312 987 2501 85 556 188 611 1386 2082 1319 2270 547 1146 1617 4 712 1422 283 1752 826 2069 1045 1983 550 1993 1737 1796 1202 2454 2574 259 1208 1545 1489 1328 1369 2397 860 2670 1029 305 2011 463 1417 2837 2836 64 1782 1710 1552 2649 562 2544 1092 439 1569 2241 947 1788 2477 2721 2050 197 2631 1381 2419 2676 925 977 169 26 1444 1414 900 480 266 715 2367 1190 48 1701
000476.jpg,2080 1482 441 2383 1523 2695 2754 1691 2019 373 845 584 575 1016 2395 1147 1450 1678 2518 830 1120 603 1620 1183 1244 863 1646 2275 393 1732 2136 1073 107 1177 2550 2641 339 1669 1104 2604 2414 1507 2733 2780 1517 55 462 1169 2176 2630 2525 357 397 2684 2447 2106 775 1194 818 728 1382 2317 1805 2111 2586 1626 187 2368 104 279 1144 1943 2605 2166 2651 834 1410 1856 2571 1318 1449 83 2807 490 102 905 2263 2678 1611 851 2563 993 1919 2202 2020 1960 2159 1152 2239 2718
000477.jpg,2044 2501 1934 2411 1656 85 1796 635 2545 987 312 2528 2034 562 100 1569 188 439 221 2721 1405 155 715 305 2832 51 64 1640 259 943 2817 2790 556 1102 1644 2241 1636 1624 611 48 992 2300 1993 1381 201 2046 547 1617 817 2631 2088 260 563 1407 1319 2439 1658 2433 1860 1422 2713 1316 1552 2352 2309 1878 1046 1544 2826 1926 712 1428 1983 1386 497 168 1782 1096 2007 1586 1045 518 486 550 2836 1840 1848 659 1584 900 2082 1965 2837 169 784 2272 2840 2419 1029 440
000478.jpg,2150 2823 1757 986 882 468 1255 123 1858 2313 1560 229 1865 2476 2425 448 1797 1153 752 411 2216 1365 759 829 2197 669 620 807 1188 1227 1703 1217 1199 476 1260 732 785 2643 959 1288 309 1610 42 1697 1953 181 2261 1761 1363 122 2141 2278 2168 661 2387 2706 1171 1108 1696 980 997 2751 1139 2807 1907 1015 957 2194 167 2169 5 2567 922 22 1214 1456 2841 334 285 1904 1884 214 856 2760 1084 1995 2507 2109 509 1889 2612 956 1200 333 189 1032 183 298 971 1702
000479.jpg,1967 1635 390 1715 1050 1822 1097 1293 331 159 1143 580 655 430 326 1124 2715 31 2053 726 1037 1118 2062 1011 999 2236 478 1140 1648 2505 2465 464 2765 1706 1755 314 1475 2407 2687 1024 2301 1262 1730 2406 936 1756 1008 628 758 1026 1568 799 389 467 1317 1275 455 89 927 805 1789 363 108 1692 753 1378 1395 2398 1831 2531 1216 2634 1918 1662 1929 1220 452 2611 346 1655 1472 786 1912 484 125 2806 1647 1503 1022 268 1018 1297 2632 1039 782 471 2402 1932 1612 2821
000480.jpg,2164 239 2091 1781 2794 2280 245 525 2173 49 139 408 2311 1282 209 296 2396 654 1248 192 838 2669 356 61 2025 1787 383 252 1435 1356 2070 625 679 1505 207 2137 822 2232 1598 225 1127 1141 113 858 216 1780 27 1506 1568 1168 1299 653 1037 1022 1216 1274 805 1124 2053 2531 402 1317 1395 1143 1472 1011 936 2279 1297 1829 1293 1118 89 1756 2402 1918 2236 1755 1303 1972 1503 1140 788 2406 1097 1018 430 1715 241 782 1843 131 2632 1008 1647 1921 1187 1635 1048 455
000481.jpg,1908 1107 931 1767 702 1830 1114 768 903 284 848 2388 1340 65 1310 1254 835 2471 2601 1512 2667 502 1845 2624 126 1608 990 250 522 1720 1235 1821 688 103 297 1323 684 2276 578 1975 1413 1391 2314 1186 767 2323 2302 1165 2315 395 315 277 1390 1075 1839 962 1035 1557 2622 1406 1197 2644 191 676 1144 973 1263 249 1798 1759 2495 2561 1012 2685 1334 2620 1620 2299 1938 1810 1113 1443 1801 1833 1922 2509 1980 2080 2702 1423 338 581 1166 2251 2245 2510 1427 1570 907 1219
000482.jpg,1221 546 582 285 6 1188 650 1697 2810 2043 2666 2171 1702 2816 759 2643 1083 1882 620 1891 807 922 181 411 1260 732 956 1153 1797 2346 820 1603 1541 1723 750 334 1858 2313 468 1916 1763 475 37 1456 1865 1761 2261 1227 372 2194 1380 661 122 1570 1139 829 1605 2502 40 2425 1090 298 2152 2841 2476 2677 1696 2387 2278 2807 586 2168 636 1284 98 973 443 476 84 1082 669 629 941 2167 594 1537 353 281 1285 851 196 1308 1250 724 905 2514 2179 938 1318 1560
000483.jpg,2236 1755 1475 1756 805 799 1647 1317 1395 2402 2061 1972 721 1921 1831 1655 1967 1303 2053 314 390 1635 927 806 653 2059 2693 1715 484 999 1789 1662 1918 2429 534 464 1706 1124 1568 1297 786 726 363 780 2244 1378 1024 1275 268 1465 2687 1037 2531 2301 412 2465 2505 2765 936 1050 1022 1929 1875 418 131 467 1274 89 1273 1140 455 1293 2698 561 2407 1787 1216 1097 2715 452 580 389 1039 1503 108 471 159 1011 1008 346 295 402 31 2232 326 52 1829 1612 758 1730
000484.jpg,418 290 1481 452 52 1875 131 268 806 2285 653 780 2470 2531 346 2059 1465 1022 534 2244 53 484 2429 2821 1662 207 1024 2565 786 1843 495 225 1475 1503 2765 1787 467 61 1011 999 726 2693 295 2806 464 241 1378 2687 758 2142 1789 1275 1706 840 1568 2634 455 1929 2396 1831 363 2467 2236 389 1730 927 1262 2690 1216 2053 1932 2715 1655 2301 2669 1140 2025 1124 1097 1293 1037 192 580 478 129 31 2505 2465 1127 1008 1039 2407 936 33 1062 89 1220 430 501 1274
000485.jpg,1417 1788 860 1489 1870 26 1710 348 2769 1701 2454 1369 2538 925 2649 179 480 2714 2050 550 712 2130 1045 433 2289 1617 769 197 161 1328 1895 735 1422 440 2375 2011 1993 1569 1029 2650 2840 2721 463 518 562 2241 305 947 2836 1782 64 100 51 2837 2707 1796 445 2528 817 48 1552 173 1624 715 1640 645 1679 1644 1663 169 1649 1444 611 1407 1381 2817 1658 1627 2034 635 2544 1934 2300 259 188 1623 1172 2556 900 1054 439 2790 134 1948 1313 1218 489 1584 221 1544
000486.jpg,1248 1781 1356 2311 2164 1435 625 216 2091 239 679 525 1598 2794 782 1505 1018 252 2232 858 245 2280 113 2632 1472 654 2137 1048 2070 383 27 822 1282 2173 139 356 2062 49 1026 209 1127 408 296 1297 1692 1961 1011 655 2316 1097 2698 1299 1168 1293 2402 580 1972 2406 1141 1787 653 33 1143 31 449 721 1648 1875 159 1647 2025 2396 2053 1568 1187 805 1635 788 1021 192 326 131 2236 1216 1755 838 1506 390 1967 125 1715 643 200 1274 1317 1917 1500 2531 2017 1037
000487.jpg,2066 1213 2178 2113 304 2546 1389 1115 1019 2022 63 1785 1333 1228 1685 545 149 1394 954 1175 182 1951 485 1306 1300 1760 1712 614 1137 2072 1207 727 658 589 1361 962 1971 898 1559 714 1257 2504 1166 1786 101 2040 1798 1743 1693 1451 341 1298 1161 1230 374 2656 803 364 1087 737 1773 1883 1343 2242 395 1513 983 2827 1561 1334 215 1106 251 617 2759 1801 2149 572 2323 2238 529 132 695 1176 2644 436 2542 2409 1900 1928 1558 2016 581 2277 2000 766 2787 1683 1197 2381
000488.jpg,1545 1752 1146 4 2389 85 312 987 59 2832 626 1926 1102 2270 1624 2790 2082 1737 2300 556 1407 1656 2367 1386 1405 547 221 1202 635 1934 817 943 2411 1644 2817 2528 826 188 283 2501 2044 613 611 950 1319 2477 1422 2069 860 1799 1617 1993 266 1328 463 2840 1489 712 1788 2011 1552 2454 1417 1029 550 1701 440 2714 2050 1190 1045 1623 259 2375 1444 134 2631 1796 947 2837 2312 169 2515 1468 2241 2544 562 445 2424 900 305 433 2130 197 1710 1316 2289 1679 2076 735
000489.jpg,472 1803 551 1509 1059 1807 991 2385 147 641 2595 342 888 2771 1295 2094 1373 2444 262 1530 577 1811 2138 2710 1167 1078 741 160 1524 1607 2740 1341 2749 127 154 961 1629 1069 1355 2731 1619 2758 2431 2175 1862 385 537 17 1025 2468 1539 667 203 1925 267 352 1238 2104 814 2776 1291 1540 1988 1863 2255 273 1735 2340 573 1242 2399 2456 1982 1660 1421 2339 1571 226 2266 1520 2797 2709 685 891 223 2524 2607 2189 2835 428 2811 405 2513 1828 1618 1276 2738 2619 1652 2063
000490.jpg,493 1358 1196 976 2672 859 2174 2004 1279 366 1234 1034 1575 1861 1792 1930 57 746 797 210 2125 2418 1580 793 2461 756 548 1724 280 133 1758 2184 570 1276 1664 1947 1859 2456 1392 1665 689 2374 1765 1776 2327 2330 2694 294 1375 2838 588 2186 1072 228 583 720 1457 2206 801 2739 1551 1193 857 2590 263 2039 885 2123 1877 1887 1086 880 2659 1191 2229 2332 158 2581 422 1043 1350 242 663 2662 656 2356 1030 2321 2548 1229 77 2703 1675 1542 842 1432 170 2541 421 287
000491.jpg,631 2049 2282 1518 530 446 1290 1604 1301 1058 2140 451 2064 1981 1237 607 2796 1567 2596 921 1017 1909 1384 662 1613 2257 1742 2696 813 2093 1554 1673 1331 1105 966 1396 1370 355 243 1614 942 2660 2085 660 2458 2782 337 487 542 2259 360 1681 1879 2543 1739 710 54 2664 1853 1893 1000 908 2600 1002 1705 394 2392 1978 984 2519 1495 2369 2243 2251 2005 800 1695 50 1142 1850 2087 2697 1094 1906 678 2262 2560 1119 1581 2006 855 1455 774 1174 400 1794 2417 2492 1913 1936
000492.jpg,1096 1416 1948 2272 2815 1636 1965 1496 2556 1316 1860 2352 2713 2721 1051 201 1218 562 1569 194 1261 64 715 1796 439 1362 48 100 51 2628 305 155 1897 2034 2309 2241 1586 1658 497 1584 1381 1640 2433 2545 2755 2650 1490 712 1617 563 2376 260 1993 1552 2088 2631 2836 1544 319 2289 2046 1901 1782 1453 258 2826 747 1148 645 2023 1045 168 231 445 1328 1422 992 2076 659 2454 1878 2439 2732 1029 947 900 1840 550 2767 169 2045 1623 1679 2652 2011 440 1369 2840 2837 134
000493.jpg,196 353 98 776 1643 2474 585 1625 869 2081 1819 701 1963 1864 2067 233 2334 2462 1402 910 781 2256 1042 381 2361 1344 276 2103 809 2353 2001 2027 2141 481 2677 69 1661 629 2152 40 244 923 515 5 1987 2502 941 84 1744 2264 871 2304 975 375 2726 1204 2115 2162 1949 2457 1272 2026 609 1515 815 1519 2582 1171 1696 106 566 323 2421 1245 2109 1638 425 1600 1214 25 2157 1616 2101 2567 592 512 528 1754 2048 2559 513 1223 1761 2014 13 933 1283 1371 796 1632
000494.jpg,257 1731 937 1527 2377 1871 535 1138 2613 406 2145 1385 1779 742 1800 1645 1894 2102 1992 773 519 2763 811 410 1455 1707 1007 2341 2843 1516 365 605 186 336 1068 1040 253 1526 1498 2516 821 749 1969 1325 1442 1511 1110 112 2549 544 392 434 2788 1309 1946 1131 610 648 248 1005 288 2364 94 2219 2830 1424 1966 673 2290 709 2730 435 1783 1079 568 2299 1379 1133 1634 1794 2746 1020 2196 1311 678 301 855 2560 2417 730 593 2243 1419 2005 1670 1142 2151 1466 717 1243
000495.jpg,239 1781 2091 2794 2164 2232 822 2137 2280 525 2311 1248 2173 245 1568 356 209 1435 192 1282 296 408 1356 139 49 2396 1127 113 838 625 252 61 1505 2025 1598 1787 27 2236 1755 654 679 2070 1472 383 653 782 2669 207 1018 455 1475 1274 799 805 1297 858 2632 1262 655 2693 1692 225 2053 31 580 216 159 2402 1831 1273 1972 1647 1097 1293 2698 1756 1655 1317 89 1141 721 1506 326 1143 1612 1216 1378 1011 1299 1503 806 1168 1780 1048 1303 2279 1022 331 314 1829
000496.jpg,967 1804 1719 2320 2533 1149 29 293 2673 2172 286 2021 1597 2430 2143 426 24 634 1689 2024 213 2408 739 754 1728 2756 2638 2224 1231 2296 707 792 2354 2787 1478 1448 2295 1265 2472 757 2413 853 2615 91 1849 2235 1984 135 1269 1296 119 184 558 240 2277 1383 1312 1533 376 789 646 80 395 529 1722 2323 1469 2644 218 1801 1447 1867 2540 658 1529 589 2054 2566 1361 1394 1087 727 2579 1558 520 1427 2190 483 76 1900 1945 1733 695 1176 2751 1137 1334 2547 19 1798
000497.jpg,1045 1617 712 1422 2130 735 2050 2241 1993 550 440 2649 1444 179 947 1782 1663 2836 1328 2837 2454 169 1840 1369 1649 925 480 1381 1658 1544 51 2439 1679 26 1623 1870 348 155 1054 2769 2714 2767 518 2707 305 1640 1417 2628 2538 1489 2840 197 860 463 1710 2011 900 260 562 1796 2289 1788 1486 2826 1701 1437 445 1552 563 2631 221 1569 64 2721 433 2082 1218 645 1029 943 2375 1656 134 2133 2817 1407 2652 1636 2088 2270 439 2790 715 1405 2419 556 1926 1934 2300 48
000498.jpg,941 84 2502 2152 1605 2348 1139 2841 2706 214 909 1602 1866 1953 1987 1371 2141 244 1171 2115 106 2572 1525 2567 1365 1280 2263 2623 1696 1616 2109 189 744 1214 1661 96 1032 2060 22 1927 2751 1084 1113 183 2678 1632 957 1960 815 40 851 2203 2554 1184 894 594 1199 924 2677 419 1198 1726 1458 609 785 2503 621 1570 2197 1477 2162 454 398 481 509 270 1364 2303 2404 1738 2030 2153 844 1283 117 2457 2768 2726 629 2705 171 1397 2448 959 420 2608 2401 2620 167 2179
000499.jpg,105 1778 2394 416 11 883 664 1946 2110 301 7 1271 2793 1419 151 2331 2711 513 1442 1854 1170 243 1325 975 1209 337 808 2559 1992 528 1200 2147 871 1006 318 1152 2734 1963 821 2416 2792 256 2551 1138 2452 908 1331 94 869 1077 875 2026 233 1614 1002 2718 144 2618 490 1036 1082 2102 1625 1370 2361 1791 874 2696 1527 1968 1585 568 1210 1742 2642 2593 1105 1709 566 800 599 1404 2575 630 25 1396 2658 852 487 1970 1308 819 1673 632 1040 1309 2560 2225 1526 1247
000500.jpg,879 1366 1619 1480 1816 1925 2633 2460 2607 1660 1863 557 1982 2363 867 667 2431 2139 385 2844 2833 2385 814 1242 2524 2092 299 2104 273 641 2371 2797 1373 888 1539 2783 2771 262 2576 1735 991 1807 428 741 2776 1549 1025 1295 551 2269 2731 1509 1814 969 837 2455 2094 2468 2175 1122 264 160 2517 1530 1589 2484 1078 352 1009 2529 143 147 2226 1440 2403 2185 1803 577 1684 1514 2063 1059 342 2412 267 891 2138 2595 1238 1129 386 2801 127 1338 1291 795 2298 2710 537 718
000501.jpg,1019 149 1760 2022 63 1333 182 1712 954 1785 1685 2178 304 2113 1213 2066 60 614 1298 2112 1228 1389 2737 1434 16 1004 1483 2249 1469 1447 1343 940 2497 1103 376 1394 44 75 783 949 198 1115 1137 1749 2054 1304 1999 707 2111 1175 1951 2072 2546 1795 1300 1727 2566 1773 2317 2408 1661 106 96 761 1161 2441 214 1632 1513 40 1113 2058 2787 1605 2827 2831 856 2555 1856 2354 1361 2115 2152 2437 1849 1087 1269 1255 2203 1927 2202 485 213 2502 1631 1277 1529 1535 997 2109
000502.jpg,2809 1721 1876 1473 12 994 864 608 657 274 526 2435 1942 2051 1931 271 2291 394 2499 368 204 1408 508 1555 447 2766 1439 1892 1725 2708 2683 2719 1677 1879 2057 677 2589 2294 1548 1944 444 1055 790 1839 2580 725 1056 2089 1881 494 1899 2440 1868 2037 598 128 1874 2728 692 1606 2526 1817 574 1902 136 2639 1223 1771 2292 140 1035 1452 2183 2207 2438 1501 2220 255 944 2825 2135 2625 939 1173 249 1484 1406 854 2842 898 2661 2319 1904 1012 1998 1906 2068 2736 2436 995
000503.jpg,2769 348 2538 2454 26 480 925 1369 1870 2649 550 179 2714 2130 518 2050 1788 712 1422 1417 1045 1617 440 305 2840 259 735 860 562 1993 1701 260 2826 1710 1172 1489 2241 2721 433 197 1453 1901 445 1552 2309 2088 2289 463 1148 524 1569 2650 1640 2544 168 2200 2358 51 1328 977 900 2011 2148 2375 201 1895 100 563 2631 64 1208 1860 2337 1878 2652 155 1190 1468 978 1796 1840 134 1486 715 1490 1092 161 1496 2433 2076 219 439 1388 645 2574 1983 2676 1624 1437 2606
000504.jpg,2437 1836 1672 1749 44 1057 1483 16 1447 1469 376 1990 291 2317 2700 1914 2785 1535 2202 1476 832 576 824 1856 2249 2547 95 2745 88 1593 1178 2190 1224 761 2441 1304 1116 2555 1449 1727 2058 683 596 834 1103 1713 60 1714 47 132 2111 983 1176 1743 1353 2180 1277 1795 2827 483 2129 1346 1838 1773 1999 1300 96 2016 1632 695 1161 2554 1927 396 1513 1760 894 1032 419 1004 751 240 83 1638 2784 149 2737 400 1286 2153 2000 2497 2296 205 2831 762 465 1343 1693 940
000505.jpg,2437 1836 1672 1057 44 1483 1749 1990 2700 16 1447 1914 2785 291 376 751 2202 1469 832 1593 2317 1535 2745 1116 2656 2000 1476 2149 1224 824 88 1106 1713 2190 1693 1786 1714 1178 1559 576 683 1856 2547 1451 1257 1971 1357 2441 132 95 39 983 1176 2787 2129 1361 2288 2180 47 2827 1346 1091 596 1180 2249 695 2016 1743 76 2281 564 2054 1353 954 60 2542 1838 1449 2495 646 926 2111 230 2653 1818 465 1103 2296 946 792 777 483 1304 1996 293 581 1999 1773 789 1300
000506.jpg,2210 13 640 2520 1272 2671 2421 1038 1754 1041 1949 323 2578 377 828 56 370 1189 2047 2032 2602 933 2828 1374 672 1668 2387 729 2335 2539 2798 1793 2568 1337 2415 2570 2839 1764 1429 2221 2428 427 2629 1952 2029 193 332 2808 1329 865 571 901 2380 988 372 2217 1553 2038 1065 2108 743 536 2090 1431 2668 121 1266 2795 1399 964 597 1256 569 417 839 1430 429 2120 142 1890 340 868 2078 1562 2423 1686 1699 1436 796 1888 1418 1049 1070 2031 36 432 820 176 1033 555
000507.jpg,239 2091 2794 2164 1781 2280 2173 245 525 139 408 2396 49 209 1282 296 838 356 192 2025 61 1787 2669 654 2311 207 383 252 1248 225 1127 2232 2070 2137 822 1356 1505 1435 625 679 1141 1568 1780 1274 1598 113 858 653 1506 2531 1022 1143 1755 1843 216 1503 1216 2236 1168 27 1299 495 805 241 455 131 1262 1118 1475 1024 1011 268 2142 1378 1875 799 1756 1293 1635 1037 2765 430 1317 1303 1097 1297 1124 1715 1813 89 2698 1822 1932 390 2053 1472 159 788 2301 806
000508.jpg,2509 249 1810 1001 2350 2121 2583 67 627 1012 202 1075 1406 1944 137 1212 2728 447 899 725 2741 2766 2294 2135 2057 2825 165 1055 204 2736 116 1606 2207 2719 494 2435 2291 2558 692 1874 1825 1195 1130 2842 2292 442 1088 2319 1223 2041 2683 2258 1126 574 1841 2143 1940 338 1439 1609 404 24 2051 1728 97 1557 2708 1463 1547 2224 2701 1986 634 686 362 1928 2511 135 1757 2251 2295 2305 730 1067 1935 742 1805 1611 378 1243 1076 1899 426 1197 1931 1597 2248 2020 2621 1346
000509.jpg,1580 280 57 1861 2418 1792 2125 1234 1034 2004 210 689 2174 570 1665 1930 746 2461 1575 1392 1724 793 2456 493 1358 1276 2327 1664 2330 1859 1758 1375 756 294 859 976 797 2838 1279 366 663 548 2672 2694 133 1947 2229 1196 2186 2374 2548 1776 2184 1072 1292 2662 704 2541 857 77 1030 228 720 2590 1765 2155 1348 1377 884 349 934 1350 2703 1457 2123 158 1 801 421 1576 798 1887 242 2709 2206 880 1522 1716 130 287 82 1086 2198 2039 2332 588 2727 1877 170 1193
000510.jpg,982 887 1531 1470 2065 1791 748 2491 2792 2328 118 916 819 2225 2042 763 1211 1667 2575 1179 2252 1585 1977 567 2310 227 1578 2778 2682 1651 919 930 2723 841 945 1769 952 1063 1354 1851 114 1579 639 1770 517 998 808 2647 928 1583 7 2793 1920 2349 1210 2379 311 9 2416 875 2097 1854 382 778 1657 2711 528 975 579 2729 923 2304 2559 1154 2026 2618 1271 25 1970 151 2459 1209 515 566 492 2488 512 1528 513 1367 1239 1368 2658 1566 2140 1058 72 394 1879 2009
000511.jpg,1506 1780 1141 383 2070 252 2311 858 1505 1356 1248 625 1598 1435 679 525 654 1781 49 2669 1168 113 1299 245 2794 61 2164 192 1216 1127 27 1829 2025 408 2396 1787 239 2279 139 216 2280 1924 2091 1140 1282 2173 225 207 2698 1273 838 209 296 2232 356 2137 1918 822 1612 1692 391 2470 1274 1503 2531 1500 1024 1124 1037 1303 455 430 1021 1297 655 344 1262 2765 2565 2053 1293 1568 1972 1143 449 1472 1941 2402 331 200 412 1097 1647 618 936 138 1715 1956 33 2611
000512.jpg,1796 2545 1569 100 2034 48 715 64 439 2721 562 1640 51 305 155 2713 2433 1658 1782 1381 712 2836 169 1617 1328 947 1584 2309 2837 201 2650 1045 1544 1096 1663 1444 2376 2241 2439 2631 1422 2130 2023 1417 1993 2050 1218 2628 1948 1416 2767 1679 2707 2649 1369 860 1860 2352 2272 2045 1649 1489 1870 260 2826 900 2088 550 179 194 1051 1623 1054 925 1261 563 1453 26 2714 1490 1710 1636 2454 735 1437 2289 2011 2528 440 221 1407 1901 1316 1644 1624 1878 1701 2790 943 168
000513.jpg,2277 1801 529 2644 395 1798 2323 572 962 1334 1230 1683 2759 853 465 1561 545 1394 2579 1197 374 1631 499 2242 2504 1898 803 101 2040 2542 2381 2238 328 251 581 737 364 1093 766 789 617 1900 215 436 898 1427 989 1087 341 714 1166 2114 1883 407 1175 1306 2409 1091 1300 240 1996 483 1558 1951 2540 1928 485 1207 589 1353 1361 540 646 2113 777 1115 2066 1389 1213 2547 1137 1559 1451 1971 2178 1785 2000 1035 2656 2546 1343 1228 695 824 1106 2054 926 658 727 2149
000514.jpg,2018 2284 2146 719 2551 764 2008 1289 1493 914 190 35 1534 1351 1577 1157 1915 723 615 2824 1997 1121 247 2585 1359 303 2209 539 1204 1772 2487 812 2582 2110 1403 450 1128 58 212 664 604 2485 549 874 153 862 1247 2204 1751 1347 2165 632 516 206 2718 2453 2603 1136 545 2242 873 343 66 2734 2238 1762 2555 1087 2793 7 1791 853 652 490 1583 2426 1210 1595 2003 2252 1970 2254 766 311 251 1801 2019 1674 783 374 2293 2317 2550 101 1841 1353 2504 1958 2644 824
000515.jpg,536 2090 121 988 193 569 1132 1588 1268 1431 680 36 2117 2333 733 500 866 1793 901 878 2029 429 332 2668 1499 340 1065 979 571 2108 2227 1256 802 2217 1686 2743 1430 1033 1553 142 597 2786 1418 176 432 417 1492 886 1393 21 199 1562 1699 2267 555 427 2380 2078 2384 2451 1329 2415 1890 2568 289 1053 1910 1952 2335 1398 62 2640 2038 1266 2808 1764 1049 1038 554 1236 2578 2839 964 681 933 868 2795 302 1886 377 2798 361 1888 729 2221 2083 2570 1249 2423 1399
000516.jpg,2065 1791 982 118 887 2792 1531 1470 567 2778 748 1354 919 952 1769 930 2491 2328 1179 819 808 1667 1851 1977 2225 1211 1585 2252 916 998 2793 7 2575 763 2416 975 2310 1210 875 311 2349 2682 928 1651 1583 1578 1188 2304 1063 807 1153 922 923 1227 528 759 372 841 411 829 1757 2816 1657 1761 1697 1858 1221 661 468 2559 2042 1797 1260 122 285 2043 227 620 1283 334 2168 2425 986 2643 1541 639 2711 1854 6 2723 1579 2677 732 1603 945 820 2171 2658 2150 669
000517.jpg,1453 2433 2034 2545 1490 1796 100 2713 1569 2376 48 64 715 2721 439 2309 1901 562 2272 305 1640 1860 1496 201 2556 51 155 1316 2650 1948 563 1096 1584 260 2289 2088 168 1416 2352 2826 1965 1636 2815 1148 645 659 2631 440 2050 712 550 747 2840 2755 2649 433 2454 518 1878 134 1381 2538 559 2241 2023 231 1486 1658 1369 194 2836 486 1051 197 2714 1045 2130 1840 2439 1544 2628 1552 2553 1307 445 1617 1218 1422 2769 784 2732 26 2652 900 1782 1123 1870 735 169 161
000518.jpg,472 1803 551 1059 147 1509 342 1807 2595 2444 2385 641 2740 154 1524 1811 1295 991 1629 2771 2749 577 2138 741 262 2710 2094 888 1373 203 1530 160 1078 1167 961 1025 2175 1862 1 127 1355 352 2468 1520 2709 17 1069 1341 1540 1571 1607 2727 1242 1618 2758 1539 1622 2776 2100 2731 1619 307 2431 2340 385 2473 1988 2486 573 267 2255 2104 2738 685 1925 667 1863 2675 2412 1238 2399 1291 2801 1421 166 600 846 2339 273 2189 1514 969 2844 428 223 891 2524 1060 1278 1338
000519.jpg,1790 2071 222 1305 2512 1504 850 2691 1436 2362 2218 2355 1933 935 2096 1052 836 2156 2645 1321 144 1098 1709 2201 2750 2432 1638 897 1911 2446 2420 599 2593 2452 666 1621 2450 1736 2642 2537 2318 2342 1387 630 796 1200 2167 1806 1006 1308 755 1082 1682 1090 612 459 1479 1380 396 2268 586 443 320 946 1044 1763 1697 2317 2449 761 2249 1676 1145 2555 2535 1183 1456 834 205 2098 1047 661 37 1188 2627 2194 922 924 1267 2058 1023 1474 1865 1425 8 863 629 44 16 104
000520.jpg,2437 1836 1672 44 1483 16 1447 376 1749 1469 1057 2317 291 1535 1990 2700 1914 832 2785 2249 2202 1476 1103 2547 1856 761 824 95 2441 1449 576 2745 88 2190 1178 1999 596 1224 1727 2111 2555 60 1304 1116 983 1795 132 2058 1004 2016 205 1773 2827 1176 1513 2737 1760 1346 2180 1343 1713 683 2129 1847 1593 695 1482 1714 1161 1743 2112 149 47 1838 1019 2080 63 2030 1434 1277 834 940 2831 1620 1712 1661 1353 1659 483 240 182 949 96 1183 1631 1927 75 2573 614 2571
000521.jpg,2252 2682 1651 1179 1977 916 2491 2042 1578 1583 2328 227 2310 841 639 2647 1920 945 1063 998 1579 517 1211 1770 2225 2097 2723 763 982 1368 9 1239 1367 887 1657 2379 114 1566 2349 512 1851 928 2729 1791 2110 1879 2026 919 875 394 7 1531 1769 952 819 1209 1528 311 1585 2416 1210 1470 118 2793 2792 1331 1673 528 579 2660 1154 1970 930 1854 25 566 1271 513 2658 2696 2575 664 2488 975 2459 1906 2559 2778 748 11 813 1667 1614 1354 2711 2257 2357 355 2392 1200
000522.jpg,2185 1129 1440 143 386 1411 2584 2517 2529 718 1694 2271 795 1684 810 2298 787 1445 958 697 2619 30 71 1514 2616 638 1360 1215 2801 1939 2524 2460 557 273 1242 2104 879 2139 969 2363 2833 2844 1112 1366 2246 1630 1619 1925 1982 1816 1480 1863 1294 2092 1446 2431 299 1539 2385 1122 2468 1373 2633 991 867 1660 1258 667 888 2731 1814 342 2607 641 665 837 2771 1807 2797 264 2455 2576 551 814 385 1735 2710 2776 1059 2175 2672 1270 2371 2481 1549 1295 1653 1589 2444 262
000523.jpg,482 2183 1931 1433 2220 2704 2526 939 1439 2089 2051 2427 2445 255 217 1330 1088 2057 2291 574 598 1223 2683 494 2639 1874 2435 521 647 2499 637 2308 368 1725 2712 1899 2657 619 531 1408 2617 2719 444 657 2440 790 1942 271 2625 2037 1555 1892 1677 1998 692 608 994 274 2292 864 447 1771 526 146 2319 508 1962 677 2207 2766 2728 1055 2589 442 1473 725 2506 2438 2809 2708 12 1757 1881 1501 1944 2736 165 136 1130 2825 1185 1721 128 1937 944 2294 974 2475 1817 686
000524.jpg,991 1807 1295 641 2385 2771 1373 888 262 1509 1619 741 667 1803 1925 2797 2731 1863 428 1982 2776 879 1735 1242 2139 1291 1238 267 2595 127 2576 2524 147 2844 2104 1366 551 2460 891 2444 1480 1816 2431 557 2710 2833 577 1814 385 1811 273 2175 2371 1539 2092 2094 1660 2468 2403 2607 1549 299 2633 1589 2363 472 814 1530 867 1629 203 1078 160 2517 2412 2269 1514 1607 1059 90 1862 969 1341 1069 342 1524 2529 2138 2189 2758 1684 1122 1025 1440 143 2339 1129 2783 685 2473
000525.jpg,2138 2835 405 2614 1828 1964 537 1607 1341 1069 2758 2738 961 166 2094 352 2100 1530 1622 1078 600 160 846 2486 1571 642 17 1698 2338 867 1660 2223 1338 573 2255 1421 1994 2607 2633 2412 1619 195 2431 385 2820 2648 2811 1480 1816 1366 317 1863 1409 2266 1925 814 577 2253 2385 1539 1735 2372 667 879 1982 641 2473 1446 1939 2175 1294 1095 2595 969 127 2635 1862 2460 1803 1025 2709 147 2455 2226 2797 226 1373 1270 1509 223 2710 2833 665 349 837 2771 2139 888 2444 1258
000526.jpg,1228 1785 63 2022 545 1333 1019 1213 2113 2066 2178 1685 304 1389 2546 1394 954 182 1115 1137 2072 149 1207 614 1712 1760 1298 499 898 1558 1087 714 485 1951 1631 1306 374 1175 1334 1801 251 803 1166 589 1361 1559 465 529 1928 1798 1451 1300 962 2409 2277 2542 1257 2381 1427 1786 727 1971 2644 1106 2000 2579 1883 2504 658 395 2040 215 1230 737 2323 101 1561 581 364 436 1900 2540 2759 572 2656 1197 2016 895 1590 2149 2238 2129 341 2242 76 93 989 2787 1693 853
000527.jpg,493 1358 2004 976 2174 2672 1234 1196 859 1792 1861 1930 1034 366 57 2125 1580 2418 1575 1279 280 210 746 2461 797 1758 570 756 793 1724 1276 548 1665 1859 2456 1392 133 2184 689 1664 1947 2327 2374 2330 1776 1765 2838 2694 294 2186 1072 588 1375 720 2123 2229 228 857 2541 77 242 801 422 1457 583 158 2206 2590 2039 1086 663 1551 2703 1030 885 1350 1877 263 2739 880 1887 1043 1191 421 2332 2548 704 1193 2581 2356 1229 656 2662 170 1377 2321 2659 1432 934 1345
000528.jpg,84 941 2502 2152 1605 2706 909 1139 2141 214 2348 1953 2841 1866 1602 183 244 2572 1987 2115 1696 2503 1616 957 1171 509 1214 1960 744 1371 2457 844 22 106 1525 1889 2751 2263 959 2760 1064 2182 1768 2404 1365 1280 2464 2522 2448 2056 45 1364 171 40 1726 815 2608 621 1458 2109 2612 270 1199 1113 592 398 2386 2678 1632 236 2048 1927 2761 1515 189 2623 2197 2725 1596 1661 1251 2807 2562 1032 609 2720 851 2591 96 2278 1283 1880 1084 1802 2203 1766 2567 2476 2401 23
000529.jpg,118 2792 567 998 1791 919 1354 1769 952 1583 2778 2065 808 1531 887 930 1851 1470 748 928 1063 982 1657 382 778 2379 2711 2328 2793 2491 517 2729 1854 975 7 1970 819 1667 1179 2304 2252 923 841 1579 1977 2682 945 875 2416 1585 2575 1578 1210 2349 2225 763 311 9 227 114 639 1651 2647 2723 1211 916 1920 2042 579 528 515 151 1770 2559 1271 25 2310 2459 2618 2658 1368 1209 1239 2361 513 1367 2026 2488 1154 566 871 2097 492 2081 1819 512 1528 2462 72 701
000530.jpg,1631 1394 545 2249 761 2317 1801 1558 1087 2277 898 714 2072 1207 1389 1137 2113 853 1213 395 2644 1228 529 727 1334 614 1230 1798 1166 63 658 16 2178 1561 589 1361 2409 2066 1483 2323 1333 1451 304 1306 1928 44 1447 1019 1951 2546 1175 2022 2785 2054 1785 376 2555 374 572 1469 485 1727 1300 2000 676 783 1115 2579 2547 1914 1898 1091 540 1298 291 2242 954 1250 824 803 1178 1106 1683 341 1197 962 483 88 251 1559 1353 1346 834 2540 724 1427 1996 1244 576 938
000531.jpg,419 2554 2153 894 96 1632 1927 106 189 1032 2060 2109 1171 22 2571 1214 2197 2751 2567 2705 300 815 744 2831 1987 1013 1336 2079 2160 2313 1363 1605 2401 1315 1703 1661 2152 2502 2425 1251 1364 333 1288 2216 924 621 84 2841 762 2726 506 1139 1199 1188 957 214 941 171 856 1844 565 2261 1227 2162 1858 1726 481 2612 1727 1286 309 1064 2678 2555 2522 1891 468 45 6 285 1953 1283 167 1749 1456 1889 2182 1671 2643 2058 834 20 1217 661 2760 1880 1560 1153 759 2056
000532.jpg,1752 1840 1316 1545 1636 1146 312 2241 1496 2832 1965 440 1381 2836 1658 1544 2556 626 1934 2826 987 1782 155 518 2439 2501 563 2840 1878 735 169 221 1624 1617 1422 1640 712 59 2628 2837 1656 1796 51 2790 4 1102 85 900 305 260 1045 2817 950 445 2528 1123 2424 978 2050 550 2411 547 2289 2082 2367 817 1148 2389 1901 1437 2044 2088 1407 168 497 1405 188 559 1486 2652 2133 556 635 2433 2300 562 2713 1649 1386 2069 1444 259 1552 1948 826 943 1586 2419 1737 2272
000533.jpg,1221 1541 1603 285 546 820 334 750 956 6 582 2387 1153 807 372 1882 1260 2643 759 1761 1702 1083 1697 620 732 1188 829 1797 181 1227 2313 1858 468 2194 2261 650 2816 661 2666 922 1891 411 2043 2425 476 1380 2810 2171 669 1456 2168 1723 986 1916 2476 973 475 2677 1570 1763 1285 1865 2346 882 1139 37 123 2706 122 298 1090 2150 2167 629 1757 1560 84 45 980 1537 236 1255 1536 42 2118 724 1318 1267 1884 1911 1387 1084 1844 2705 2608 1605 2278 2807 1251 2623
000534.jpg,1752 1545 1146 312 2832 987 4 626 2389 85 1102 635 556 826 221 2082 2069 1737 2790 2270 1934 1405 1636 547 59 1202 1386 943 613 1407 2501 2133 1316 2411 1624 440 2367 2300 950 1656 188 2044 283 1092 518 1422 2528 2241 611 1644 1552 1840 266 2544 2424 2477 550 2538 1319 2836 2419 1617 2817 259 1878 1983 1926 735 1428 2837 2148 169 1649 977 2397 74 463 900 817 2840 2088 2631 2724 2050 1782 260 2289 1965 2556 947 1496 2676 1208 2826 2652 155 563 712 1544 1486
000535.jpg,2263 2386 2678 1525 2623 2116 1726 2572 1371 1960 1280 40 2141 2448 592 2522 861 851 762 2807 1198 1084 45 96 957 1802 2056 1083 1364 2048 1251 1596 1632 398 1199 189 1318 1013 2160 419 2591 106 183 2761 1768 1880 2562 1458 636 2203 2720 949 620 2111 1032 644 2554 214 2441 2079 1866 1856 894 2498 1064 1536 2278 84 2188 474 1113 1365 1702 1336 2153 2503 1927 2760 732 1283 171 181 335 270 1004 2060 2401 2182 300 1139 1696 1343 2348 1108 2612 2197 621 2230 1889 844
000536.jpg,1813 1923 324 129 1062 1932 501 840 1475 788 456 2236 2687 467 131 1929 389 1281 2531 1378 2765 2142 1275 1011 1503 241 125 1037 1789 2634 1875 1039 1843 268 927 1662 1967 1730 1912 495 484 2059 1024 1022 1831 1715 1655 1635 2715 806 999 2301 390 758 363 2806 780 1568 295 1026 2407 2244 2285 89 2053 452 2429 464 1124 786 1050 108 1706 2465 2505 1097 159 2698 1274 1048 314 628 1008 580 1293 653 2091 2565 53 1755 418 1465 534 1143 1756 478 753 1273 326 33
000537.jpg,1115 2546 1389 2113 2178 304 2066 1213 1019 63 1300 2022 1951 1175 1306 485 2054 1333 614 646 1785 1394 727 545 658 1361 1685 2072 1137 1559 1451 589 2000 1228 149 2787 1207 1106 1257 1971 954 1786 1798 215 737 962 2504 1230 1883 2040 803 101 436 1353 1900 251 293 374 2381 483 364 1427 989 789 341 1801 1091 2644 766 2238 1334 1683 2759 581 898 714 328 395 572 2323 2579 2409 2540 1996 1898 1561 1166 1087 2249 2242 1558 777 76 182 2277 926 529 407 2114 1357
000538.jpg,1749 483 2555 1727 1353 2058 240 789 1300 834 2784 2249 1672 1801 2277 2579 1394 1883 1483 2437 576 1277 44 824 2547 545 1836 16 1447 761 395 2317 376 529 2644 95 1469 1990 1178 2202 2785 465 1304 1914 596 1593 251 1743 2190 1161 2054 1176 2000 1476 132 2700 1804 63 1091 1361 1230 1213 614 1798 2066 1057 1389 2745 1513 766 962 2381 1451 88 2113 695 2759 1019 291 2178 1996 1559 304 2504 2546 2441 2288 2323 1137 572 1180 1106 1427 374 2238 149 967 333 1856 983
000539.jpg,1663 1444 1328 947 1679 2707 1623 1649 1054 2837 2836 1782 169 1381 1658 2767 1544 1617 2439 1045 712 2241 1422 1993 2130 735 2628 2050 51 2714 440 1640 305 2649 179 1369 550 155 2011 2454 445 1218 1870 1029 562 925 645 1840 197 26 2840 480 2352 194 1948 1796 64 1569 463 1261 1552 1051 1417 1416 2289 860 48 1096 715 1624 2769 100 439 348 1489 635 2721 900 1253 1710 2631 1407 943 1644 817 2790 2528 2650 221 2411 518 433 1405 2817 2045 1934 1486 260 2545 1584
000540.jpg,2437 1672 1836 1749 44 1483 1057 16 1447 1990 376 1469 2317 291 2700 1914 2785 824 2202 1535 1476 576 832 2547 1116 1727 1856 2745 2555 1593 95 1178 1224 2249 88 2190 1713 2058 1714 683 1353 2441 60 1304 483 1300 596 1103 751 1693 47 2656 2000 132 834 1773 1449 2149 983 2129 1999 2180 761 1451 1795 1176 1743 954 1513 1161 1361 1760 2111 1346 2737 1559 2288 695 2016 2827 2787 789 39 614 2497 940 1277 240 2054 149 1838 1180 1106 182 2281 1019 1786 1343 293 1357
000541.jpg,353 98 196 776 2474 1643 585 1819 1864 1625 2081 2462 869 2334 1963 233 701 2067 781 1402 910 381 2256 1042 809 276 1344 2103 2361 2353 2264 2027 2001 1600 2012 69 1170 2132 2582 1204 1077 871 2593 450 2047 1541 2391 1697 2141 84 1525 1751 1958 820 2101 568 370 941 1973 2209 1642 937 481 247 323 301 1911 1380 1084 1347 1603 909 2485 1761 490 2734 2170 862 874 1221 1121 1359 13 2147 2032 1987 549 2387 212 2677 604 2261 151 1762 640 3 1189 1139 749 1153
000542.jpg,1504 222 2218 1436 2512 850 2362 1305 2691 2355 1052 2342 2071 2450 1736 755 1638 1790 2750 935 1933 2645 2096 1098 1806 1321 2201 836 2156 2432 1709 1911 612 401 2420 144 453 177 897 2122 2679 981 1023 2163 477 380 816 461 2074 1903 1085 2829 141 1628 2593 796 2055 1163 437 2452 2747 1599 73 2098 1047 2587 399 760 1006 1233 2446 1510 595 823 2535 599 443 1474 2722 1145 1976 164 2469 745 586 1160 72 2318 208 1717 629 325 1479 174 2449 924 156 1308 1621 8
000543.jpg,2648 2138 352 1270 1939 1815 961 1159 403 2455 1571 1258 2709 2481 577 1009 665 127 600 1025 837 1446 2710 147 1294 1341 1607 17 969 1622 2100 1069 2226 2063 1816 1698 2758 511 846 1828 1349 573 223 1660 2595 1539 1366 2246 1112 537 2486 2339 195 2399 2607 2835 2431 1 1803 2444 1619 405 2255 1338 2635 2633 1520 264 472 385 1630 2616 2175 226 892 2223 2820 166 1509 1480 642 1615 2727 2738 1572 1540 2619 879 814 349 2385 1618 1964 2131 2466 2412 913 267 1812 2614
000544.jpg,2066 1213 2113 2178 304 1389 2546 1019 1115 2022 63 1394 545 1333 1785 1228 1685 1175 1951 954 485 149 1306 614 182 2072 1300 1137 727 658 1207 1712 589 1760 2249 1361 1558 898 714 1801 1087 1631 2277 1451 1798 2000 1559 962 1230 1298 1166 395 2409 529 2644 1334 2323 2054 572 737 1106 581 251 783 1483 341 1561 16 215 2040 374 1928 1257 2242 1786 803 2656 44 132 1900 1161 2504 2114 1197 761 1513 1971 101 1447 924 1683 2149 2787 1176 1427 436 1693 1898 364 1597
000545.jpg,2018 2146 2284 719 2551 764 2008 1289 190 1534 247 914 1577 35 1493 1403 1351 1157 723 2582 1915 1204 1121 153 539 1128 1359 1997 2585 2487 604 58 212 2824 303 2485 1247 615 874 2209 2110 549 450 1772 862 664 1751 343 206 812 2361 871 1347 632 2204 516 2453 2555 1970 1136 2718 2165 1727 2603 2067 416 869 2793 873 2058 2196 1066 2536 2550 2426 1228 14 2087 276 2697 536 1271 1674 998 783 151 2157 2293 834 1633 121 2242 1879 2410 1745 2434 1507 1762 490 703
000546.jpg,2810 2043 650 2171 2666 1188 2816 1697 1221 546 285 582 6 1891 922 411 759 1702 1882 2643 807 2346 1083 1723 620 1153 181 1260 1916 732 475 956 820 1763 1603 1541 37 1797 750 334 1858 1456 468 2313 1865 1761 1227 122 2194 2261 829 661 372 1139 1090 1380 1605 1570 2502 586 1284 2841 2152 1696 2168 1082 298 443 40 476 2677 2278 669 2425 84 2167 2807 1308 973 594 2387 941 2476 98 1250 196 1397 724 2179 1537 1953 214 353 2348 1171 636 980 938 2514 244
000547.jpg,1635 1967 390 1715 1293 1097 1822 1050 1143 159 580 1118 430 655 326 331 1037 31 1124 1011 2062 2715 2053 1648 1140 1755 2406 314 1918 2236 726 805 1395 1972 2765 1317 2402 1297 478 2465 2505 1647 936 799 1187 1756 1026 1475 1472 2687 1216 2407 464 1692 1706 1024 999 721 2301 1568 1262 1730 1008 2398 89 1018 628 1921 753 2531 2611 125 782 138 1503 1612 1275 1829 1048 1220 2061 455 1912 2632 1929 108 113 1303 346 363 1789 758 471 788 1168 1299 1932 2806 927 1831
000548.jpg,482 2183 1931 2220 2526 1439 939 1433 2704 2051 2427 2089 2445 255 217 1330 2291 574 1223 2057 598 1088 2683 494 1874 2639 2435 647 521 2499 2308 368 637 531 1899 1725 2712 657 2657 619 1408 2719 1555 790 146 692 2292 444 2440 1942 271 2617 608 447 994 864 274 1677 2625 677 1998 1892 508 2589 2319 526 1771 2506 1962 2037 2438 725 2728 128 1881 944 2475 1501 1721 1473 1055 2766 12 686 136 2708 2813 2207 1197 1876 1130 347 682 2294 1902 2809 1817 1639 442 1944
000549.jpg,2227 2786 979 340 332 176 1393 1065 571 1256 2743 1033 2668 2029 597 1418 1562 1686 554 886 417 1890 868 2108 289 1888 555 2384 21 2451 62 429 1398 681 199 1268 2333 432 361 878 142 2217 1492 427 1553 1431 36 1053 1430 302 1699 802 2078 2415 1588 893 536 1132 1266 78 2423 866 2578 1038 901 2798 2221 292 121 1399 1793 2539 2568 1429 988 2808 733 743 1952 964 193 2335 2038 1329 2090 2267 680 1374 569 2117 729 2640 377 828 2671 2120 2839 2629 1070 2031
000550.jpg,1132 1588 536 121 988 193 569 2090 1431 680 36 2117 866 1492 142 2078 802 1268 2333 1699 733 1553 1430 1886 1499 429 1053 2217 1793 1236 500 2267 901 555 878 1890 2380 868 2029 2668 1256 1888 554 1033 2415 2786 2743 176 332 2568 1393 340 1562 21 1686 417 2227 427 597 979 1418 2108 289 1038 2451 743 1398 681 2384 1065 886 302 62 199 213 2423 432 1333 2421 1374 2520 78 2578 893 2408 63 634 1668 2671 933 954 2224 1329 2828 1272 292 24 2221 2024 1041
000551.jpg,249 2509 1810 1001 2350 2121 2583 67 627 1012 202 1075 1406 1944 137 2728 447 725 899 1212 2294 2825 2057 2766 165 2741 1055 2135 204 2736 2207 116 2435 2558 2291 1874 494 2719 1606 1825 692 1130 2683 1223 1439 2292 442 2041 574 2842 2708 1088 135 1126 2143 1728 24 2051 2295 1195 97 2224 1841 2319 2258 1463 1931 2413 1899 2248 1940 634 1937 1076 2580 1448 2638 1757 2305 686 362 426 1935 1547 2511 1986 1383 2382 2639 1478 1056 1928 657 338 2809 1557 1067 1725 1689 1597
000552.jpg,8 2449 1671 1474 325 2535 745 1006 443 586 1308 1082 1090 2706 2167 1763 37 2216 924 2831 459 1380 2705 922 2197 946 1363 2268 1288 1703 1697 2230 2623 1487 2678 834 335 300 1456 856 2096 205 1032 488 1315 1284 2571 63 149 2249 624 2573 2079 2160 2313 309 1400 2245 2591 2452 1425 1277 333 2401 96 1685 1057 1244 1336 1104 1911 42 762 2156 2572 761 1661 1013 2555 935 167 1353 824 1188 1286 1322 1483 1621 724 1844 2841 2222 2293 1019 905 1471 1263 1550 1250 1371
000553.jpg,2437 44 1672 1836 1483 16 1447 376 1469 1749 1057 2317 291 1990 2249 1914 1535 2700 761 2785 832 1476 2202 824 1856 2547 88 95 2745 1727 1178 2555 576 2190 2441 1103 60 1760 132 2111 149 614 1116 834 2000 1712 1224 63 182 1713 596 1304 1449 2058 1019 2737 2016 2129 1176 1346 1394 1300 1183 1361 1999 683 1451 954 1482 2080 1343 205 1277 1353 2054 1593 1714 1004 2827 983 2180 393 104 695 1073 2136 2112 1082 1308 2497 751 339 1333 1523 1244 940 1137 1380 1106 1795
000554.jpg,536 1132 1588 121 569 193 988 2090 1431 680 36 2117 1268 866 2333 1793 901 142 1492 2217 1553 802 1430 733 2078 500 429 1699 555 2267 1499 2668 868 2029 1890 878 1888 2415 1053 2568 1562 554 1886 1256 1033 2380 2743 2786 332 176 427 1393 1236 2227 340 289 1686 21 417 597 2108 1065 1418 743 571 1398 199 979 681 432 62 886 2423 1038 361 2384 302 1329 2421 2451 2578 2829 933 2671 893 78 1272 2839 2570 1374 1754 1952 2032 2335 323 1764 292 2221 2520 377
000555.jpg,1553 1430 1699 2078 1492 142 429 802 2217 555 2415 2267 901 2568 2380 1053 1890 1793 1236 868 2333 1886 554 427 1888 2029 2668 1562 1033 1256 743 866 2743 289 1431 878 1686 176 417 886 597 1393 1418 36 332 21 2117 62 681 2108 1588 1132 2786 2227 340 2423 1065 361 1398 193 988 199 536 979 680 733 121 569 2451 292 500 302 432 2090 1499 893 78 2384 571 1272 1038 323 2421 2828 2578 2221 2671 2032 1041 13 2520 640 933 2047 1754 1374 2038 1268 377 672
000556.jpg,2679 1163 2122 1903 177 99 2829 1628 453 1085 2163 401 816 2074 1599 73 380 1872 437 760 399 1233 823 461 1510 595 477 2587 208 141 981 460 2055 2469 731 1717 2655 72 1160 2009 2126 2636 172 1023 2722 1145 1976 156 164 174 1784 2452 2775 2274 694 1415 2098 2577 1047 612 1808 2747 1688 1241 1155 1100 1404 1504 599 2446 2355 1436 1089 222 2218 850 2691 755 2642 1098 1321 2537 897 666 1263 2362 1219 2645 2156 1817 935 2512 144 2589 2750 136 1881 1479 2443 2249
000557.jpg,2449 8 1671 1474 745 2535 325 586 443 2706 1090 1082 1006 1308 37 2167 2216 1763 2831 2705 1380 2197 300 922 459 2572 2678 762 84 1703 1697 1032 1605 621 2425 1288 941 335 1139 2841 924 2230 1363 2571 1661 2348 96 2623 1315 1525 973 298 2268 2079 1979 1371 214 1113 2567 2313 594 2109 2591 1570 448 946 1882 882 1726 189 744 1911 1400 1425 1687 42 2179 2263 1866 1891 2160 2620 2152 2502 2096 45 986 1488 1757 106 1537 1336 2222 690 419 2476 2060 894 1285 1205
000558.jpg,239 2091 2794 2164 1781 2280 245 2173 525 49 408 139 2396 1282 209 296 838 192 2025 356 2669 61 654 1787 2311 383 252 1248 207 2070 1127 2137 225 1356 822 2232 1505 1435 625 679 1141 1598 1780 113 1568 858 27 1506 1274 2531 216 1022 653 1143 1168 1503 1299 1024 2142 1843 2236 805 1011 1216 1755 1037 430 1475 1293 455 788 241 89 1875 1262 1297 2053 1118 131 1303 1097 1317 1472 799 268 1932 782 1124 1829 2765 1635 580 1018 1813 1715 1756 2279 1039 159 495
000559.jpg,285 6 1221 546 582 1083 1702 759 2643 620 1891 1603 1260 820 181 807 732 1882 1541 750 334 1723 1797 2666 1697 2816 650 1605 1858 956 2502 1188 1570 2152 2313 1153 922 1916 468 298 1537 2346 475 941 2043 2171 1139 37 973 40 594 372 84 411 1397 690 1761 2810 1456 2387 2261 420 1015 2677 1285 148 1502 2179 2194 1227 980 2841 117 2303 2768 1884 2425 1987 1080 1865 1738 2348 829 629 2203 1960 1979 2706 1610 2620 851 2494 2109 1380 510 2118 661 1763 1199 448
000560.jpg,64 1569 48 100 439 715 2721 562 1796 305 1640 2545 2034 155 51 2272 2433 2713 1453 2309 2376 201 2650 1860 1496 1948 1490 1096 2556 1316 2631 1416 2352 1636 1381 2241 1901 1658 2628 1584 712 2836 1544 194 1782 169 1617 2439 1051 2815 2050 168 1993 2289 1045 440 1422 2130 1965 2837 563 1218 645 1840 2826 2649 260 1328 1649 518 2088 2454 947 1623 1444 550 2011 735 1369 2707 2538 445 1261 1878 2769 1552 1054 1586 2652 2023 1679 1148 497 259 1029 2755 1870 231 2840 161
000561.jpg,2548 1375 2662 687 2460 2363 1619 1776 2844 557 879 969 857 2456 1366 1665 570 1861 2226 837 798 797 2186 1724 1925 2139 2298 1684 2727 1664 1043 1539 2385 1009 551 2229 2833 2330 2590 1238 342 2672 2541 667 267 859 352 746 1930 2633 2749 1792 1350 349 2063 2455 720 1575 2039 228 2004 1 2198 2584 57 2327 1025 2607 2461 1086 2123 756 2709 1982 1660 1034 1291 2206 1480 1571 2185 2158 801 842 1887 1816 704 814 1580 2215 2399 1059 892 1196 264 1411 1877 2187 154 2484
000562.jpg,1453 1569 64 48 100 2272 2721 715 439 1796 2433 1490 562 2713 1496 2034 2545 2309 1860 305 2376 201 1640 2556 1901 51 1316 155 2650 1948 1636 1096 1965 2815 1416 2289 563 2088 2352 260 168 2631 194 2826 1218 440 2050 1148 1051 2628 550 712 2241 1658 1840 1584 1381 1422 2649 2130 486 231 161 1878 2538 1617 518 1328 784 2836 747 2439 645 1544 169 1045 1993 1261 2454 1444 1782 2337 1054 433 1623 735 900 947 1649 2553 2652 134 2837 2767 1369 769 1679 259 2707 1586
000563.jpg,2252 2682 1651 1179 1977 2491 2328 1578 841 945 2647 639 1920 916 1579 1063 2042 1770 1583 227 2310 9 998 887 2723 1531 1470 982 114 2225 1769 952 763 919 748 2097 517 2379 1528 2729 1851 928 1354 819 1211 930 1657 2349 1368 2792 118 2778 1791 1367 1667 1585 875 2575 1239 2416 311 1210 1154 1566 515 567 579 923 2793 2459 2304 7 2488 528 25 975 2026 1854 512 2559 2065 566 1209 2618 778 382 513 1271 492 2462 1970 151 2658 2711 1219 2150 1819 72 2603 2803
000564.jpg,2063 1159 837 2455 1009 2484 264 403 1815 1122 2731 2092 1589 2371 1814 2833 299 2576 2844 2399 428 2139 1520 2189 352 1 2727 234 2776 667 2797 1982 2269 1572 891 1735 913 2403 1238 1025 1291 267 741 17 888 90 1349 262 2385 2412 2486 307 1571 1925 1509 2255 641 1549 1373 2771 1619 1622 573 2635 846 1338 2100 1615 2811 1807 1539 2223 317 223 2215 2338 1698 991 2138 1803 1366 2431 1994 551 961 1295 1862 600 2717 2175 2541 1816 2834 2710 1660 2253 2633 1863 2607 2158
000565.jpg,2138 537 1607 1341 2835 405 1069 1828 2614 2758 961 1964 2094 1078 1530 160 2738 166 352 1619 1925 2385 2100 2607 1660 1863 1982 867 667 1622 641 2633 879 385 1480 600 1816 2486 1373 2431 1735 888 846 1366 1421 1338 2797 2820 2412 2771 262 2460 1571 577 814 2833 991 2811 1698 2648 2255 428 1807 2139 2338 2266 1295 1803 557 17 2371 741 1539 1509 2731 2595 299 2092 2455 2175 642 2473 2223 317 573 1939 2372 147 1994 2776 127 2844 1549 2104 472 1862 2524 195 969 264
000566.jpg,2049 446 631 1518 530 2282 1604 1301 1290 2140 1058 1981 451 1237 2796 1567 1017 2596 607 2064 1384 921 2093 2085 2458 966 1909 942 2543 1613 662 1879 2392 1495 337 908 1742 487 2660 394 1705 2600 1681 1331 1978 2696 1673 1002 2257 2262 2357 1614 1906 1119 984 243 355 1676 1554 1396 813 2664 1105 660 54 1370 2782 1621 1000 1739 542 1853 2369 360 1893 2259 852 2405 710 151 1695 50 1455 186 1271 1322 1094 320 1200 1239 1508 678 791 2420 1894 488 905 1850 1566 1641
000567.jpg,1866 909 214 1953 1365 1602 2348 2841 1139 1757 1487 1477 1108 43 2448 2188 2706 1696 941 1596 2141 2823 2498 986 957 971 924 84 1255 2623 2197 2688 2572 882 2562 1525 1768 2449 1802 1283 123 2425 2150 2263 959 1889 2807 2678 1536 2048 2109 8 1471 1280 387 2115 1616 1084 229 270 669 2591 1474 644 2476 1171 1032 956 2442 1671 1726 244 42 785 476 2067 189 1318 1113 1364 2720 2761 2230 1560 335 1880 2160 1371 2278 745 1907 829 1227 592 2168 2060 45 585 2079 325
000568.jpg,2054 646 2000 2787 1451 1361 1559 614 727 589 658 293 1951 1175 1306 485 2072 1106 1137 1207 1786 1257 1798 714 1389 1971 1300 1115 2546 962 2113 1334 1558 2178 1213 304 29 2409 2066 1353 76 1483 1197 1333 898 44 2644 1230 1801 1394 1166 1087 2323 251 1447 1928 1228 803 1019 215 954 63 16 395 376 1561 1685 545 737 182 1427 1357 529 1597 2656 2540 789 581 483 2533 1091 374 634 2022 2149 436 1804 1886 1900 1869 2224 2430 2495 572 989 149 1469 1149 2542 426
000569.jpg,1635 1967 390 1715 726 1050 999 2236 2765 1097 1293 2053 1475 1124 159 1024 331 1822 2715 1755 580 1140 89 2531 31 1568 1011 1143 655 2505 2465 326 799 805 464 1037 314 455 1706 1262 1378 2687 1831 927 389 758 1789 1503 1118 478 1756 1273 1275 430 1655 1022 1216 1274 1317 2407 1026 1395 467 1662 1730 1918 363 2301 484 268 936 786 806 2698 452 2059 1692 1875 1829 1929 1008 1472 2062 108 346 2232 1932 2137 2806 822 1648 2429 2634 653 1039 534 2693 471 1647 2402
000570.jpg,998 1583 2792 118 567 919 1354 1769 952 1791 2778 2065 808 930 1851 778 382 517 1970 1063 2711 1531 1854 928 887 1470 1657 748 2729 2379 2793 2252 7 982 975 2491 2328 227 1179 923 1579 2304 2225 841 2682 763 1977 114 819 1651 2416 9 875 2723 945 1578 1667 2361 916 1210 2042 2575 2349 1585 639 311 2647 151 1271 1770 871 579 1920 515 528 2081 25 2310 2559 1211 1239 2658 1209 1819 2353 513 1528 1367 1368 701 566 2459 2618 2462 2026 177 2097 301 1154 2334
000571.jpg,645 2011 1054 445 1679 1444 1623 2707 1328 1663 2840 947 1029 1649 197 1552 2767 2837 169 2836 1782 1544 2289 463 1045 1617 712 2130 1253 1381 2439 2241 2050 1658 440 134 2375 433 2735 1993 1422 735 2650 51 2628 2649 2454 1895 1417 155 860 1640 1870 319 179 550 1788 1948 1218 1710 562 965 305 1369 161 1840 1261 900 2352 769 1489 2088 2769 1486 1096 1437 2133 194 1569 64 260 173 439 1860 1701 1307 2631 2538 1796 563 1051 1496 1416 48 489 348 2714 2721 715 2076
000572.jpg,2810 2043 2171 650 2666 2816 1188 1891 922 1697 2346 411 1723 1916 475 1153 1763 759 546 1221 285 6 2643 1702 37 582 1456 807 1865 1260 1882 620 1083 122 468 1858 732 1090 181 1603 1227 956 820 2313 1797 1761 1541 1082 750 1308 1284 586 334 1006 2841 829 443 2167 1139 661 2261 980 1605 2168 2216 1953 1884 1250 2502 1696 2194 2589 1570 1881 372 724 938 1380 473 2514 476 1150 2410 1610 1502 1027 2489 38 2245 2779 905 1846 1397 1537 167 594 1326 1214 40 2179
000573.jpg,264 837 2455 2063 1009 2484 1159 1815 403 2548 2092 2833 1122 1814 2371 2139 2844 299 1982 1925 667 2731 1589 2662 2189 1619 1375 2576 1735 1698 2215 352 428 656 2269 885 1776 706 1887 2356 2797 2412 2123 2223 1350 1542 1571 1366 687 2338 1877 349 263 1622 2739 797 1238 2590 2486 1457 2039 1191 1229 2385 891 1338 223 1816 2541 1291 2776 267 2321 234 600 2253 1549 857 2460 1863 720 2635 195 879 17 2607 1994 90 228 2633 867 801 846 2158 573 1025 1409 1043 2100 2584
000574.jpg,1896 2674 734 458 1827 28 2500 313 152 505 2181 587 1741 2283 2819 1563 1339 2479 1532 523 2099 849 2552 175 238 847 705 972 2689 2370 2119 696 2191 2365 2250 1376 81 2527 2557 330 671 2228 2534 354 1704 2177 120 2193 2716 2742 1680 1335 2052 602 1708 503 2764 1117 1111 1543 2028 633 532 772 68 2592 1297 711 2144 2681 1831 1332 653 2322 1314 1655 1956 1011 968 2812 1932 1475 1912 1164 2236 92 131 1917 1873 2610 125 1568 1755 1875 2199 2232 2597 1050 1974 553
000575.jpg,257 1731 937 2377 1527 535 1871 1138 2613 406 2145 1779 1385 742 1645 1800 1894 2102 1992 773 2763 410 811 519 1455 2843 1707 605 1007 365 2341 1040 1516 336 186 1526 253 1068 2516 1498 749 1969 821 1442 1110 1325 112 1511 1131 544 1946 1309 435 2788 1424 2830 1966 673 2549 648 610 1020 2730 1311 1379 434 2290 94 678 855 2560 1634 2364 1005 248 1133 1794 1783 392 2417 2746 1079 1968 1243 593 2196 2299 2005 568 1581 870 730 709 1142 2219 2697 2151 717 1670 1573
000576.jpg,1619 1925 879 1863 1982 667 2460 2385 1816 641 1366 2607 557 1480 2363 1660 2633 385 2431 1373 991 2771 888 2139 867 814 262 2844 1242 1807 2524 2104 2797 1295 2833 273 2783 1509 2092 741 2576 2371 2094 2731 428 299 1539 1735 1803 551 1530 1078 160 1549 2776 147 2595 127 577 1814 2175 2468 1025 2269 2403 2455 1589 1238 267 2710 969 1291 1607 2138 837 2484 2517 891 1341 2226 1811 1122 2444 537 264 1009 1862 1069 1059 1684 2758 1629 2063 352 2412 342 1421 203 2529 2709
000577.jpg,1545 59 2389 626 2367 950 1202 4 1752 1737 826 2270 1799 1146 2082 547 1386 556 613 2069 611 85 440 283 987 1552 2477 1319 2289 312 2840 463 259 1029 2148 1407 635 2832 1624 2076 1656 1422 735 1934 2241 188 2424 2050 2130 1617 2837 169 2375 977 1788 1993 550 1895 1045 2652 860 1649 2735 2419 2088 134 1486 1405 2300 2133 1544 2011 2044 433 2439 161 1926 900 2312 965 155 1468 197 445 260 1328 173 2790 1172 1437 1092 1663 1636 1983 221 1584 563 2826 817 2650
000578.jpg,505 523 175 28 2181 2500 2283 705 1896 2552 458 313 2819 587 1827 2689 734 2370 1563 152 2674 2365 1339 1741 849 847 2119 81 2191 2479 2534 238 2527 2250 2716 696 1532 2099 2557 2193 972 120 2228 1680 671 2177 602 1111 2681 2052 1117 330 1708 1376 1332 503 1335 1314 2144 2764 2322 1475 1704 1831 68 354 1655 633 711 131 452 2236 501 125 129 1912 890 2742 1955 2592 2265 2594 1543 772 968 1022 2244 877 780 2597 1875 1873 1037 268 2059 1932 2237 653 1003 1062
000579.jpg,2365 849 81 2819 2479 2370 2552 152 587 2119 2283 458 2181 2500 705 1827 2716 1532 2689 847 1741 2534 1563 313 175 28 1896 2527 1339 972 523 505 734 2674 696 2191 238 2557 2250 1704 671 1376 2099 120 2177 2193 1111 1680 1708 2052 602 2228 2592 2322 503 2681 92 354 2144 330 968 1117 1692 1332 418 1026 1831 740 2687 633 346 268 125 772 2764 1314 1097 504 2698 2237 1873 1293 1335 780 1932 2742 1481 2806 68 1912 1164 131 1011 2505 2465 927 788 1022 1655 2059
000580.jpg,1044 2567 1865 2751 1171 1214 22 2109 2317 2249 2823 2726 1661 752 744 2162 167 2841 957 897 309 924 1217 761 20 941 2502 2152 1727 333 454 1744 189 1032 807 96 2555 2216 1987 214 785 2222 84 2060 1927 1139 834 1995 186 1703 1487 1363 106 2156 1288 396 2554 1200 2150 1153 1447 1605 1371 1858 419 1632 856 2627 2404 2141 1469 1425 1483 44 1255 909 376 2153 1602 2677 986 1084 1866 115 1757 123 1761 894 2348 1889 2688 2571 629 1546 1953 1892 1560 244 2313 448
000581.jpg,431 2510 70 1839 1753 1125 2777 1035 2772 2561 2077 2478 1759 2757 315 18 1390 1557 2622 1165 1834 1842 2302 951 601 2663 2 2015 1252 2818 191 2686 767 1938 2315 1747 1443 2685 889 1075 1833 2323 1801 2644 277 962 2702 1798 395 2161 529 2667 1980 522 1810 2496 202 1114 1207 2277 990 461 249 1976 2242 1406 1012 2509 1334 1137 72 2299 1333 1394 1511 1548 853 2532 898 2583 1235 1986 2072 714 2000 1501 634 269 297 65 783 931 1263 1230 1310 1767 1219 1427 67 2759
000582.jpg,2145 742 1779 2102 406 1992 773 1385 519 2763 1007 1707 1645 1871 1800 1894 1138 2613 1731 1969 1442 1511 1325 1526 186 2516 257 535 2377 1527 937 709 392 1516 338 605 2341 253 730 1455 2219 336 1309 248 365 1424 410 1466 1020 811 288 1040 94 870 301 1783 1966 1581 2560 434 1498 1311 435 544 648 1131 2095 2830 1794 2609 678 673 1133 2417 2680 855 1850 1670 1142 1968 2087 610 1243 2151 1094 1110 2788 821 2549 112 2492 774 2697 2196 2251 1634 2519 2299 2746 2364
000583.jpg,1753 1125 2777 2772 70 2077 2478 2510 431 2561 1759 2757 1839 18 1035 315 1834 951 1252 1842 2015 1557 2818 1390 2161 2 2663 1165 2622 2302 601 767 191 277 2315 1443 1938 2702 2685 1747 1980 2323 1075 2686 297 990 889 962 1833 1235 1798 103 1333 522 634 1801 2624 688 369 2667 1810 2644 853 1207 529 1334 395 1137 2759 2532 426 2430 1989 1394 1323 2583 581 2509 249 1511 2471 2277 1413 1114 502 1908 1389 2242 211 2143 284 1012 898 1869 126 954 714 202 2022 1186
000584.jpg,1545 1752 1146 2389 4 312 1926 987 85 59 2082 626 2832 1624 2300 2270 1407 1102 2790 1386 547 556 221 817 1405 2367 1202 635 1656 943 1737 1644 1934 2411 2817 2528 188 826 611 1319 2044 2501 613 950 283 2069 1422 860 2477 1993 1617 463 266 1328 2840 2011 1799 712 1029 1552 1045 550 2454 440 1489 1444 2375 1417 947 2050 1623 1190 2631 2837 445 1701 2424 2289 1788 2515 2241 2714 169 197 259 1663 1983 2544 735 2130 2133 433 1468 2076 1796 1679 900 2312 2574 562
000585.jpg,1752 1545 1146 312 2832 987 1102 4 85 1624 2790 1926 221 2389 1934 2411 2300 2528 1644 2082 1656 943 1405 635 626 1407 556 2270 2817 1386 817 2501 188 1737 547 59 2044 826 1202 611 2367 283 1319 2069 1422 266 1617 613 463 2477 1029 445 2840 712 1552 1983 1045 2011 950 1328 2574 550 860 2397 2424 2133 1993 947 1190 440 1092 1444 2375 2631 2544 1489 197 2837 169 2050 2714 2515 1663 2454 259 900 2241 2419 977 2130 1796 2289 1417 480 1468 735 1414 1208 1172 1782
000586.jpg,1944 2294 1055 2135 899 1212 725 137 2728 1056 2207 1606 204 2842 2558 165 2741 116 2511 1547 1134 2825 1463 246 1825 447 1935 97 2041 494 2766 2305 1067 2057 1130 1899 2435 2291 2736 1076 2580 686 692 2286 146 574 2292 2248 1126 2382 2719 1464 1874 2068 2813 1452 1940 804 1841 1937 1223 79 1639 2708 2258 1185 2319 2665 2683 677 722 948 657 647 2639 329 2438 1777 1868 442 140 2393 362 682 1986 2436 491 2569 1931 2350 1592 2583 2506 1810 995 217 2526 2509 1962 2589
000587.jpg,1179 2682 1651 1977 2252 2491 1578 2328 945 841 639 2647 1920 1579 1063 1770 9 2042 916 2723 114 1470 887 2310 1531 748 227 1583 998 982 763 2225 1667 819 1528 517 2575 1769 1585 2097 952 919 1791 2792 1211 1354 928 2778 930 118 2729 1657 567 1851 2065 2379 382 1367 778 2349 2459 1154 1854 1368 1239 2488 875 311 1210 515 2793 2026 25 1970 2416 579 2711 528 492 1566 2304 7 566 2559 923 512 2618 975 1209 2019 2658 513 808 1271 151 2081 861 910 2067 1907
000588.jpg,1681 487 2600 1705 337 1384 942 2085 966 2543 2458 1495 360 921 2664 1739 2596 1853 542 1000 2259 1695 54 710 1893 50 660 2782 1290 2369 1742 2660 1508 791 2803 1287 1017 1031 1565 2064 1673 1331 2262 1518 2392 1614 2696 2257 2282 908 631 1370 1978 1002 852 1119 1396 1554 243 607 2049 813 530 984 446 355 1981 1237 1604 1105 1301 1058 2796 662 2140 451 1567 2357 151 1613 2618 1909 394 2559 1676 2026 512 566 1209 25 1779 513 1906 1271 1385 1871 2469 568 2575 1770
000589.jpg,1054 2707 1679 1623 1663 1328 1444 947 1649 2767 645 2837 2011 169 2836 445 1782 1544 1658 1381 2439 712 1045 1617 1029 2130 1993 1422 2840 1552 2050 2241 2628 735 1218 2352 440 194 1253 1261 51 197 2289 2714 1948 1640 2649 1369 1051 179 463 1417 2454 2735 1870 1416 2650 161 860 1096 1569 48 64 155 305 433 439 562 173 965 1796 1895 2272 1489 319 1710 134 550 2088 769 1584 2631 715 2721 100 2133 2287 900 1788 2769 480 26 2815 201 2732 260 258 1437 2045 2652
000590.jpg,1125 1753 2777 2772 2077 2478 70 2510 2561 431 1759 2757 18 1834 951 1252 315 1035 1842 2818 2015 1839 2161 1557 1390 2663 2 1165 2302 767 2622 191 601 277 2315 1443 2702 103 1938 2323 297 2685 1323 369 1235 1980 2624 634 1833 990 1333 2686 688 2644 1186 889 1801 1747 962 1389 522 1019 395 529 1798 2430 1075 426 2022 1989 2759 29 2532 2546 1334 1460 2113 581 2178 2667 126 2583 2242 1353 1845 988 1207 853 293 1951 1685 2000 1391 954 1115 2277 211 1413 2314 67
000591.jpg,545 499 1394 2277 1801 1631 529 1785 465 1228 395 2644 1334 1087 374 2579 2113 2546 898 63 2178 2323 304 1213 1389 1558 2066 1898 1230 251 2759 2022 1137 1115 803 1333 1798 572 1300 1019 540 714 1883 2381 853 1561 1207 2072 2238 1683 1685 1427 2040 962 2504 2242 1928 766 328 1166 2542 101 789 614 2540 1353 483 341 2547 581 1951 364 824 1306 954 1900 2409 695 737 1175 1298 1176 1257 1178 34 407 485 132 240 576 1971 1743 1091 215 989 1996 436 1093 2422 149
000592.jpg,1140 1216 1124 1037 1924 1273 1829 1168 1299 1918 2279 1647 2053 2402 1972 721 1303 2061 1921 1297 1612 1317 1395 2698 1756 412 1692 27 113 1472 799 2236 805 1475 1715 391 561 1505 1635 1118 1143 430 1141 1293 390 1024 344 643 1967 936 1274 1097 2611 138 1568 1822 2465 2505 2531 1755 331 1506 655 2765 1127 402 1008 1648 159 1011 1503 383 1187 2137 2407 822 89 2406 858 2232 2632 252 1781 580 471 2062 2301 363 49 1787 1780 478 268 1050 455 1048 654 31 2164 2070
000593.jpg,1752 1545 1146 2832 312 1102 987 221 2790 1934 4 85 943 1624 626 2501 2528 1656 2082 2300 1926 2389 1405 1407 635 1644 2817 2411 556 1386 440 1316 2270 547 59 817 2367 2069 826 2044 1737 735 1202 2241 1636 613 188 1422 1617 2836 950 1045 2837 2050 1840 169 712 611 1782 518 2840 2826 550 1319 155 283 1649 900 2133 947 563 2556 260 1878 480 1437 1486 266 2652 2454 1496 259 2419 1552 2649 1381 2088 1444 1328 2439 445 1983 1544 179 2130 1796 925 1965 1092 2148
000594.jpg,2533 2320 1149 29 293 2673 2172 286 634 2143 1804 967 24 2430 1597 1719 2021 426 1689 213 2024 2408 2638 754 707 2756 1728 2224 2787 739 2354 1478 1448 853 1231 1849 2295 2615 1265 2413 792 119 135 1269 558 2296 1296 2472 184 1383 1984 80 91 646 1361 1451 218 2235 1529 2054 2409 76 2644 2323 1312 1900 529 1558 1722 395 364 1334 789 589 1798 1867 757 1207 962 1166 1951 1091 1175 1559 436 2540 215 714 1733 1533 1230 376 2000 1106 498 2566 2040 727 1928 2495
000595.jpg,2533 2320 1149 29 293 2143 24 634 1597 2673 2430 2172 286 213 1689 2021 426 1804 2408 1719 967 2024 2638 707 754 2756 2354 1849 1728 1478 1448 2787 2615 739 2224 1265 1269 1231 2295 853 2413 1529 119 1867 1722 135 184 2390 792 1296 424 558 1383 91 2566 1733 2235 80 19 2472 1984 520 2296 218 1533 757 2054 232 1945 2000 646 1312 1361 529 1451 376 498 1798 2744 2644 425 1559 76 1535 1334 1886 1106 1469 2124 1786 1180 962 983 1236 39 1869 2014 564 1326 1818
000596.jpg,1096 1416 1948 2272 2815 1636 1965 1496 1860 2556 2721 439 1316 1362 64 1796 715 2352 1569 562 48 100 155 2034 201 2713 51 1584 2241 1897 1051 2650 305 1640 194 1218 2545 2433 1381 2289 712 1658 2309 563 1617 1552 1490 1453 2628 497 1901 1993 1586 2631 1261 445 260 2826 2088 2376 1045 645 2836 1148 2755 2011 134 168 2130 1782 547 1422 1319 2840 747 2553 440 1544 1328 2454 231 611 2767 2050 659 1878 85 900 2046 1840 258 1029 319 2732 556 947 550 1444 1623 770
000597.jpg,1115 2546 1389 2113 2178 2054 304 2066 1213 646 1019 1300 1951 1175 2787 1361 1306 614 485 63 2000 2022 1451 1559 727 658 293 2072 1333 1394 1785 545 589 1137 1106 1257 1228 1207 1786 1971 1685 149 1798 1353 1230 737 954 898 251 962 215 1801 1558 714 1883 436 2504 1087 101 2644 1427 2040 76 1091 1900 1334 364 2409 989 2249 2323 1197 395 1093 766 1683 1804 182 341 2430 1166 803 1898 581 2540 634 483 1447 2024 1886 792 29 2381 374 529 789 1561 2495 761 2759
000598.jpg,1235 990 2601 502 2471 297 103 1845 2624 688 1323 126 848 903 768 1114 1830 1186 1767 1413 1391 931 2314 578 2276 702 1340 284 2388 1107 1908 1608 522 250 1720 1821 65 1310 835 684 1254 1975 1512 2667 767 277 2302 2478 1165 1839 1753 2323 2077 1035 1125 962 2777 2772 395 315 191 1834 1759 1723 973 18 1916 1232 431 2644 1570 2561 2015 2510 951 1397 298 1798 1557 2620 1252 2509 1810 2757 251 1938 374 1390 2759 803 1605 1285 2 2315 1842 475 1015 420 70 2346
000599.jpg,865 1754 2421 1038 377 828 2520 2798 2578 1041 1949 729 1429 2539 2671 2210 640 2629 13 1272 323 2640 1668 933 2602 1374 2428 2221 1337 2828 1070 2038 672 2031 2120 1399 964 1266 1329 1952 2083 1910 1049 2839 2808 698 932 358 1249 2032 2335 340 2795 2786 979 839 432 176 2668 955 2108 2227 1521 56 1256 199 36 332 1553 2117 2570 2047 1431 1764 1757 2333 986 121 2150 1189 1793 901 1393 214 302 1255 1430 2451 78 2267 893 743 1888 2380 536 193 2743 123 569 1562
000600.jpg,2820 1421 2473 969 166 2738 2013 2266 1324 1964 2100 405 2614 2226 226 1828 600 1514 2709 1622 1571 2486 352 2835 642 307 846 1618 2513 2175 1338 414 551 1539 685 1 2213 349 317 1025 2372 2727 264 892 2484 1540 1814 342 2648 195 17 2223 2063 2339 1059 2844 1698 961 1101 573 1060 1862 1520 2635 2158 577 147 1122 2255 1349 511 2338 223 2340 2758 2269 1069 837 2094 2444 2138 1994 2740 2781 150 2541 1078 2004 2833 1589 2215 2710 2412 2431 814 1341 1615 1861 1811 428
000601.jpg,2252 2682 1179 1651 1977 2491 2328 1578 916 945 841 1920 2042 2647 639 1579 1583 1063 227 1770 2310 998 2723 887 9 982 2225 1531 517 1470 114 1769 2379 763 952 2729 919 2097 928 1851 1211 1368 1657 2349 1528 2792 930 1354 819 748 1791 118 2778 1367 1585 2416 1239 579 2575 875 1566 311 1154 567 1667 1210 512 2488 2026 2459 2793 515 1854 25 7 1209 923 528 2559 566 975 2304 2065 2462 2618 778 513 382 151 1271 2658 2711 492 1970 2803 809 808 781 813 2334
000602.jpg,767 277 1938 1833 1443 889 1747 2686 2496 2561 1980 2077 951 369 211 1753 1460 2777 2772 2315 1035 1125 2478 1989 2532 2818 2510 980 1884 824 2702 2685 20 1165 1610 2302 1082 1839 1557 63 465 1891 1390 1252 70 2015 167 1333 1308 1353 2547 1502 1916 132 2245 1456 2118 1834 229 2323 1685 2346 448 2022 1637 1605 897 122 2620 1015 88 475 431 1560 1723 2622 1326 2705 990 2203 1032 1556 1476 1759 2179 1166 2829 1263 1176 2216 1300 375 473 1197 149 1188 191 1928 2573 742
000603.jpg,1752 1545 1146 312 2832 2389 987 1624 1102 4 1934 85 1644 59 2790 626 2528 2501 221 2411 1407 1656 1405 943 1202 635 1926 2300 2817 2082 1737 2270 817 556 2044 1386 547 188 2367 826 2069 611 283 613 950 440 2840 1422 1319 1617 712 1799 2477 445 266 550 735 1328 2050 2011 1045 2714 2241 2837 169 1552 1316 2836 1782 2375 463 197 1190 1444 947 2133 900 2631 1983 2826 2289 1796 2424 259 860 1993 518 2538 2454 1636 2544 1468 2574 433 1840 155 305 1649 2130 2439
000604.jpg,1911 2823 38 2167 1697 2268 1995 1882 459 1267 115 1387 1200 372 167 796 2318 20 1380 956 2420 829 661 1479 1638 2194 2425 1456 2573 669 396 630 1082 1032 2168 1090 1308 2216 2593 1880 1763 2726 1709 476 2678 1153 275 2476 1797 2313 922 1188 1682 2623 2261 586 620 285 1227 1560 122 189 1536 2060 37 946 181 732 1108 1006 443 1858 1321 411 454 834 2263 2156 1744 448 1806 2030 1761 42 636 1098 419 309 1260 400 2554 2141 924 1736 2449 2096 1703 2387 905 1865
000605.jpg,503 633 772 711 2322 1680 2250 2592 1335 2193 2052 602 1332 1704 1111 2764 1117 238 740 2237 2144 68 1746 553 1297 968 2228 587 671 1917 1109 1164 1376 699 972 120 1852 2773 1314 1708 28 313 2500 2681 1532 261 1010 81 1827 2814 872 1956 2370 2119 162 533 458 2099 2028 1955 2552 2365 2181 2212 532 152 1327 505 92 2199 2819 2610 2177 1774 1741 175 2191 963 2557 1182 2265 2689 1339 1543 1650 2283 2597 1823 2479 2527 1472 1563 2799 696 771 159 2812 705 354 1974
000606.jpg,2600 1705 487 2085 942 1681 2543 966 2458 1384 337 1495 2596 2262 921 2660 908 2392 1017 1290 1742 2664 1739 1853 1978 1000 1331 1695 542 360 54 1673 1614 1518 1002 1119 2259 852 710 1893 2064 50 2696 2369 2282 2257 660 791 2782 631 984 1508 1565 1370 1287 2803 1031 243 1396 2357 355 1554 1237 1981 1676 607 813 2049 1604 1567 1718 446 320 1105 530 2140 1301 394 2796 451 1058 566 512 1906 151 2026 2618 1385 1519 2559 1779 2147 1682 186 893 1271 2469 1871 21 1479
000607.jpg,2143 1597 24 634 2430 426 213 1689 2024 2533 2320 1149 2408 2638 1804 29 1719 293 2673 967 2021 286 2172 707 754 2354 2756 1728 1849 1478 2295 1231 2413 853 135 739 1448 558 2787 1269 119 2615 757 2224 1265 184 1296 1529 80 1383 1722 1984 2472 1867 2566 91 424 2390 1733 19 2235 792 520 1312 1533 218 1945 498 529 232 2054 2014 2366 2296 1361 2124 425 646 1326 1236 1451 2644 2744 1558 1886 1801 375 1394 2078 1839 1798 589 142 1061 473 727 658 1175 2072 1951
000608.jpg,392 1419 301 2331 519 1992 2763 773 2102 2145 406 1077 1385 1779 937 94 1200 1527 1131 253 2264 1455 535 2341 2377 568 1442 336 1894 248 1309 1170 809 742 1526 186 648 610 1142 1871 1007 2087 1387 1424 1133 2132 2318 338 1794 2243 1645 1325 1138 1707 774 2593 813 2516 2519 1783 410 2219 605 870 1152 1498 2560 1969 69 1094 855 1184 2299 1581 544 1020 2420 1670 490 2101 678 730 1036 1800 2830 1511 1966 2492 205 2697 1311 2027 1673 2251 435 2196 673 1973 1040 2613
000609.jpg,2801 2460 557 879 2363 1215 2524 2607 1619 2104 273 1982 1278 1242 1366 2431 2633 1925 2385 1863 1480 814 2833 1660 1816 385 2139 1539 2844 741 2189 867 667 405 888 299 1828 1341 2138 1607 2797 2835 2094 2584 2246 2185 1411 1069 2092 1684 1735 1373 687 641 2614 1964 991 2576 1765 2175 1509 127 1630 352 1988 2662 2758 428 1549 2517 2412 1807 2776 2619 1238 2371 1514 1025 2811 262 537 1360 2338 798 1078 1939 2771 166 264 1530 1803 2298 2738 1338 577 1129 349 969 147 1862
000610.jpg,348 2769 26 1870 2454 1369 925 480 179 2649 2538 550 2130 2714 2050 712 1045 1417 735 1617 1422 1788 440 518 860 1489 1710 1701 2241 1993 1328 197 2011 2289 51 2836 1663 1782 463 2837 2840 169 1840 947 445 305 433 1649 1640 1444 64 562 1658 2650 1029 2375 1569 155 1381 48 2707 645 260 2721 1544 1679 1796 2628 2088 1172 439 2767 2439 715 100 1054 1218 1552 2352 1948 817 970 900 1623 194 1624 1096 2556 161 1051 2631 524 2826 1416 489 1895 1486 168 201 1584
000611.jpg,1944 2294 1055 2135 899 1212 137 1056 2728 204 725 2207 2842 1606 2741 2558 2511 116 1547 1463 165 1134 246 1825 1935 447 2057 494 1067 2766 97 2041 2825 2435 2291 2305 686 2580 1899 2736 1130 1076 79 692 2068 574 1841 2292 1874 1452 1126 2286 2719 2665 2248 1223 146 722 1940 677 2319 2813 657 2258 2708 804 1464 1937 2382 2683 362 1185 1868 2438 140 442 1639 329 1986 1777 2639 1931 647 682 948 1810 67 2509 2589 2583 251 627 2526 491 995 359 2436 1881 1427 2569
000612.jpg,629 882 123 1757 2150 986 2677 2359 1255 909 281 84 941 2572 396 2387 1371 1866 2494 1462 2627 820 924 2688 750 372 1541 1365 1882 1139 1032 1603 334 2194 1153 1987 214 2425 2115 2216 1221 1761 2348 1477 1280 40 1084 971 1113 1616 1525 2476 1199 2261 2188 594 481 2278 115 1949 1487 546 1750 1219 2841 1184 2197 275 1687 1560 300 327 2571 2152 2761 1602 2421 1659 2502 851 762 285 482 1995 815 1696 1661 244 2060 1263 2678 956 796 1144 2705 1400 1703 582 1283 785
000613.jpg,540 1631 465 1801 2277 499 291 1535 529 853 2323 1561 1447 44 16 2644 1334 832 1483 545 395 376 1469 1394 2785 898 1346 617 1230 2547 714 1914 1798 1197 374 2242 1928 1883 783 1166 962 1749 1087 983 1743 576 2129 789 251 1996 614 2542 1847 2409 2579 2016 1300 1427 803 1898 695 824 1091 426 1207 1558 341 2295 63 1597 596 1683 483 2111 1093 2317 1137 2827 1228 240 2190 1513 2072 1689 1176 1103 485 2381 95 2249 2540 2202 47 589 2759 1856 1343 1161 1175 1333
000614.jpg,1325 1526 2516 1442 1511 1969 2145 1779 1670 406 2102 1992 1385 773 2299 2730 2746 2763 2788 1005 821 749 2290 1068 112 1243 673 2364 1871 519 1110 2151 544 1379 1966 1783 1794 593 1311 605 1131 730 1498 2549 870 2087 1968 1040 1142 365 1309 2697 2613 338 435 800 1707 94 2519 2560 2095 2377 1138 2243 742 336 1007 2492 1581 774 535 434 1020 2196 855 811 2417 1573 2680 1527 410 186 1645 1850 568 1094 717 1424 2830 881 1455 1936 2005 1913 2251 678 1634 2006 1174 11
000615.jpg,822 2137 2232 455 1262 1568 799 1140 408 1282 1024 2470 1127 1505 296 464 1216 1274 2531 49 113 356 1706 1781 268 1829 1273 2280 838 383 1506 1503 209 1875 2765 1787 245 61 525 2794 2173 1831 207 2236 2396 999 1780 726 927 2698 131 1789 1655 139 653 225 1168 1299 2715 1011 654 1635 2070 27 1475 390 806 2025 2693 452 2687 1967 2091 1924 1275 239 1755 1124 2142 2279 241 580 1932 2053 2059 89 1929 2669 314 31 331 1293 1715 192 1378 1037 290 1141 252 1097
000616.jpg,1049 932 839 698 955 1521 1038 2421 1041 536 1754 13 2520 323 1272 2210 1949 121 640 569 2090 1132 193 988 680 377 1588 1431 2578 828 2032 56 2047 370 36 2671 1189 1910 2117 933 2083 1249 1268 1337 865 1668 2602 2828 2629 729 672 1374 866 2539 733 1329 2798 1429 123 2333 1255 901 2428 500 986 571 1793 2335 878 2640 2839 2387 1499 2150 2120 2038 1757 979 743 964 332 340 1553 429 2668 882 1065 2221 1764 1686 432 2380 2267 176 2029 1033 21 2423 2786 2743
000617.jpg,505 28 523 2500 2181 175 458 2283 313 2819 1827 587 1896 152 1563 2552 849 734 705 2689 2674 1741 2365 2370 2479 1339 2191 2119 847 238 81 2250 1532 2716 2099 2527 2534 696 972 2557 671 120 2193 1680 1376 2228 2052 330 503 2177 2681 602 1704 711 1111 2322 633 772 1335 2592 354 1332 2764 2597 1117 1297 2236 1708 1873 1831 92 2812 1475 1543 1655 1974 890 1011 131 653 1568 1912 2144 2265 968 125 2742 1917 2594 1314 68 1037 2199 552 1875 532 2774 1813 2715 1293
000618.jpg,712 1489 1710 947 1328 1444 860 1701 1045 1417 1663 1617 2836 2050 1369 1782 1422 2130 2649 1679 2241 2454 2837 925 169 2707 179 735 1993 1870 26 1623 1649 2714 1381 2011 1658 440 2767 348 197 1054 480 550 2840 900 445 1544 2790 2832 221 1624 817 463 2528 1437 2289 1407 1218 1788 1644 2769 1934 51 2817 1656 943 433 1552 1926 2439 1102 2300 1405 312 1796 1486 2411 1569 635 1640 1029 305 2628 645 1208 2352 2419 155 194 1319 1416 2082 611 1948 188 2397 2652 556 489
000619.jpg,2288 1357 1818 2495 39 2281 1482 564 926 230 751 1180 2114 2080 1106 1036 1786 1523 1152 441 318 1559 2000 2695 76 1257 581 2239 946 1971 1091 2437 777 824 1943 1476 1593 1451 2383 2202 1641 845 1116 1361 1538 1693 1836 683 737 1900 1219 339 215 2824 2204 2132 117 2699 75 907 2787 1713 55 1714 2245 60 2656 1915 2745 2497 1304 327 2443 989 1263 2073 436 615 1014 1184 2734 2605 2555 834 2149 1940 543 2381 2542 187 321 2653 1353 47 88 2493 917 83 541 1380
000620.jpg,1752 1545 312 2832 1146 987 1102 1934 85 2528 2790 1624 2411 2501 4 221 1644 1405 2389 635 1656 943 1407 626 1926 2300 2082 2817 556 2044 1386 2270 188 1737 817 1202 59 547 826 283 611 2069 1319 266 2367 1422 613 2477 1617 2840 2574 1983 445 463 712 1552 1328 2011 1190 1029 2515 2424 2714 2133 2837 1045 2397 1468 550 169 977 2544 1092 950 2312 1993 1663 2631 433 440 2375 947 1796 2289 2826 2419 197 1489 2050 860 1782 2148 1172 1444 2454 1799 259 1369 900 1417
000621.jpg,1588 1132 536 988 193 569 121 2090 1431 680 36 2117 866 1268 1492 142 2078 2333 802 733 1699 1553 1430 1499 1793 878 429 500 901 1886 2217 1236 1053 2267 555 1890 2029 2380 868 2668 1256 2743 1033 2415 554 1393 1888 332 2568 1562 176 427 2786 21 417 1686 597 1418 2227 979 340 2451 289 886 2384 1065 2108 681 62 1398 1038 199 302 743 213 2423 361 432 1333 571 24 1041 2024 2671 1668 2421 1374 426 359 2143 634 1597 78 893 2022 1272 2602 292 1685 2430
000622.jpg,2548 2662 687 1375 1665 1861 2063 837 793 210 2844 264 891 1034 746 2461 570 2125 57 1276 1859 2833 1122 2418 2403 2455 1539 2484 1619 1724 2473 2456 2327 1930 2797 969 2189 352 280 857 2175 2255 1580 2385 548 2123 2229 1059 1776 798 1234 2092 1358 1792 1350 1664 1009 879 2371 2672 859 1575 1509 1551 2576 1043 2004 2740 493 2412 228 885 842 2269 90 667 2731 689 2694 2838 2226 801 2811 888 2710 704 1660 2339 741 551 2776 2139 366 1982 2709 299 756 2039 1159 641
000623.jpg,941 2502 84 2152 1605 2706 2841 1139 909 214 2348 1602 1953 1866 1171 2751 2109 1214 22 2567 1661 2141 744 957 1987 2404 106 2572 1927 1889 244 1371 2115 96 1632 1696 2464 1616 1032 1365 2197 894 1525 189 609 815 509 183 844 2153 1960 1766 1280 2457 924 40 419 2623 621 2162 2060 2726 454 167 1744 2725 2554 2263 1199 1726 1880 1659 2448 2203 1113 2761 2678 2222 959 1768 171 270 2522 2591 2612 2677 592 300 1364 45 1084 1283 851 2048 1477 785 1515 1757 20 2401
000624.jpg,2601 2471 990 502 297 103 1323 1845 1235 2624 848 65 903 768 284 2388 126 1107 688 1114 1830 1767 1310 1340 1254 702 1908 931 1512 1186 1608 250 2314 1391 578 2276 1413 1720 1821 835 684 522 1975 2667 767 277 2571 2079 205 1035 1286 2080 2302 1165 1844 2831 1015 1277 309 1013 2685 1130 191 2167 1458 1753 1839 2058 2136 333 2015 2705 2315 1834 1300 2702 2401 2644 856 2772 2216 1252 1846 1353 1980 2555 506 2489 1336 2160 973 2561 951 1364 37 2425 300 2496 395 1125
000625.jpg,607 631 1518 2049 2282 1290 446 530 2093 1604 1301 1981 1237 1058 2140 1017 2796 451 1567 2596 2064 1909 1384 2660 921 1879 1613 966 662 2392 942 2458 2085 394 2543 1331 2696 1742 1673 2257 1614 2357 1495 337 487 2369 1002 1705 908 50 1681 355 813 1031 1906 2600 1119 1978 710 54 1396 1853 1695 2782 1893 2664 1370 2262 1105 542 1000 1739 791 660 1508 2803 243 1554 1565 1287 2459 984 2349 2618 2636 360 311 1455 1179 528 875 887 852 2259 2559 2682 2488 1210 1516 72
000626.jpg,2685 2315 1980 2702 277 767 1833 1938 269 951 1443 2 1165 2663 211 2510 1989 2818 2532 431 1548 369 1252 1834 2302 1460 2015 1753 18 191 1747 2478 889 2496 2777 2772 2077 315 1759 1842 1125 70 1557 2757 2686 2622 1390 601 1767 1413 2276 2314 2561 2388 2667 126 1391 1147 65 2518 1869 1073 830 684 1450 2251 2245 83 1884 1794 522 1975 1340 1593 1511 1943 2661 2296 688 1263 2299 2624 1641 1512 1120 980 39 1442 1850 903 1620 1845 2005 1035 990 2563 2573 1919 103 931
000627.jpg,1504 222 2218 1436 2512 850 2362 1305 2691 2355 1052 2342 755 2450 1736 935 2750 2071 1638 2645 2201 1098 1790 2096 1321 1806 1933 836 2156 2432 1911 1709 144 177 2122 2679 2829 1903 796 401 612 1085 2163 453 380 2420 1023 816 477 1628 1163 2074 981 2593 141 73 437 399 461 2055 897 1233 1510 823 2587 2452 1006 1599 2469 2747 1047 924 595 2446 2098 2535 443 2722 760 599 1474 1605 460 1308 1145 1160 2449 72 1082 2318 586 174 164 1976 629 208 1717 1479 1661 2706
000628.jpg,1085 816 1163 2679 1903 177 2829 2122 2274 1808 1688 1155 1404 1100 1089 1628 453 2163 401 2452 141 2055 1023 380 73 1233 437 477 1599 2074 399 72 2722 823 172 2587 2009 2636 1510 595 760 981 174 460 461 208 612 1415 1047 1872 2747 99 156 2098 1145 2775 1717 164 2577 2469 1976 2655 1160 1784 731 599 2126 1241 1504 222 694 2355 1006 2645 2537 2446 1436 1305 2691 1321 935 2362 1098 2156 2642 2218 2432 151 666 1906 1271 1165 850 144 443 2750 1933 2793 2201 2535
000629.jpg,2479 849 152 2819 587 1741 1827 458 1532 81 2283 2365 2500 847 313 1339 2119 2181 2370 696 2674 2552 972 734 1896 1563 28 2557 2689 175 2716 505 705 2534 2191 238 671 2527 2250 1704 523 2099 1376 120 2228 1708 330 2052 354 2193 2742 1111 1680 92 602 532 1956 2592 2177 2028 2698 1335 2322 772 503 1117 1932 1332 1831 2681 2715 1297 2059 2764 711 131 1475 780 268 2244 1655 2144 1293 1875 2236 418 1097 1216 633 1829 1011 999 159 927 726 968 1037 740 2687 464
000630.jpg,324 1923 1813 1062 1932 129 501 788 2142 840 1503 456 241 2634 2531 1037 1281 389 2765 1912 2687 125 467 1475 1715 1039 390 1024 1635 1967 1011 1843 131 1789 1730 1929 268 1124 927 2236 1875 2715 1026 1275 2053 89 758 1097 1293 1662 999 495 484 2285 806 1568 2407 363 2059 2301 780 1378 452 1050 2806 1831 628 159 1655 464 2244 2465 2505 1022 2565 1140 580 786 295 1220 1822 1706 138 1048 314 1143 1008 108 1216 2429 53 478 2611 2698 430 418 2632 1465 753 331
000631.jpg,2381 803 1900 215 436 737 2040 364 101 374 251 2504 989 581 1230 341 1427 962 2546 1300 1389 1883 766 2238 2540 1115 572 2113 2579 2759 304 2178 1798 1213 2066 1257 1786 1971 2114 328 2644 1559 395 2323 1306 789 1951 1334 1106 2242 1683 1175 485 1451 1361 614 1137 2072 63 2542 407 2022 1207 545 1333 2000 1019 1785 529 1898 76 1801 1561 727 658 1394 589 1091 714 1685 2787 1357 2054 898 1087 1558 1228 1996 926 1197 777 2495 646 1353 1818 564 1166 954 2656 2277
000632.jpg,1944 1055 2294 2728 725 2207 2766 2558 165 1825 447 2825 1130 1940 1212 2741 494 2580 2135 899 2435 1056 204 137 2736 2842 1986 2292 2057 1899 1606 692 97 2291 116 1126 2719 442 686 1067 1463 2319 1452 657 1547 574 2068 2511 1473 2305 2041 246 1874 1935 79 1223 12 2248 140 1134 722 1868 2813 2809 2665 146 1841 2708 1777 1076 1464 677 1408 1639 1962 1721 1185 627 2506 994 2258 1439 1876 1937 790 2121 864 1088 508 2382 249 2589 1012 2051 1942 1881 526 67 2286 1998
000633.jpg,982 887 1531 1470 2065 1791 2792 118 748 2328 819 2491 1667 567 1585 1179 2778 2575 919 1977 930 2225 1578 1354 1769 952 763 2252 916 1211 1851 945 2682 2042 841 1651 2310 2416 639 1210 875 311 2723 2349 2647 227 2793 998 1063 928 7 808 1920 2379 2304 1583 114 1579 923 975 1657 517 2729 579 1770 528 2559 1854 25 2488 2618 2658 2459 2711 382 1154 151 1209 1271 778 9 2097 1368 1367 513 492 2026 1239 515 566 1970 1528 512 2636 2009 1566 72 1757 2165 2150
000634.jpg,2548 2662 1375 687 2460 1619 969 879 557 2844 837 1776 857 1665 1925 1366 2363 1238 2139 2385 667 1009 2063 267 2456 1861 2833 1291 570 797 2226 2633 2607 2455 1539 352 2727 342 1982 264 2330 2186 1792 551 2484 1660 2092 2541 1816 1043 2431 891 1350 2229 814 1025 2123 2399 1480 2125 2403 1122 1684 2039 2590 2709 1664 720 2298 2327 798 2797 1 385 859 1059 1724 1159 2371 2412 1863 317 2175 2710 1571 2584 1034 2672 2731 1520 421 234 1815 2185 349 704 746 1338 2004 2461
000635.jpg,837 2455 1009 2063 264 2484 1159 1815 1589 403 2731 1122 234 2092 1572 2833 2844 352 913 2399 1025 1814 2371 2139 267 1 1238 1520 1291 1539 2797 667 2727 299 1349 1735 891 428 2541 1982 2158 2215 2776 1366 2834 1615 223 1619 90 1925 2576 17 1816 2403 2635 969 2385 2189 2771 1373 46 741 1571 888 307 2633 1698 641 1660 1480 1863 2338 892 349 2269 2607 991 2412 2223 551 867 2431 1994 2226 1807 846 342 262 1514 1129 2185 2529 1549 1509 1059 2253 814 1622 879 1684
000636.jpg,922 1697 1763 2816 1188 650 2043 2171 2666 411 37 2810 1891 1541 334 1153 820 1603 750 1090 285 956 1221 1456 2346 546 2167 1723 6 475 372 1916 586 2387 1082 1308 807 1882 829 1761 122 2268 2216 1865 582 443 1703 1288 468 1006 2313 1363 759 2643 459 1260 661 1284 1671 2823 1858 1797 1227 1380 8 882 1474 2194 123 2425 732 2535 980 2150 619 986 620 521 1537 1884 745 2168 2261 325 1995 38 1387 2712 2841 2657 2617 637 1267 1285 1757 1200 181 2706 1250 1844
000637.jpg,2066 1213 2113 2178 304 1389 2546 1019 1115 2022 63 1394 545 1333 1785 1228 1685 1951 1175 954 149 485 1306 1300 2072 614 182 1137 727 658 1207 589 1712 1760 1361 1558 2249 714 1801 1087 1451 898 2277 1559 1798 2000 1230 1631 962 395 529 2644 1106 572 1166 1298 737 2409 2323 1334 581 341 2040 2054 1257 1786 215 803 1971 374 2787 1900 251 2504 2242 761 101 1561 132 1683 783 2656 436 1898 1353 364 1483 989 2114 1928 1161 2238 924 766 16 1176 2149 1883 1427 824
000638.jpg,28 458 2500 505 313 1563 152 1827 238 734 1896 2674 2181 2479 2819 1532 587 1741 849 2283 1339 2250 523 2099 175 2552 972 671 1376 705 696 847 2365 2119 2191 1704 2689 2370 503 81 1680 330 2193 633 2228 1117 2052 772 711 2764 2557 1335 2716 1708 2534 2028 2527 532 1831 1956 120 1655 2322 354 602 2177 2144 68 2236 2742 1111 92 2698 927 1475 2592 1917 1297 268 33 1706 131 464 653 2681 1011 999 806 1730 1755 1746 1875 1472 2062 2687 1789 2715 159 1912 1314
000639.jpg,2018 2146 719 2284 2008 764 2551 1289 247 190 1493 1577 1534 914 1403 35 2582 1157 1351 723 1128 58 2487 1204 1915 1997 604 1121 212 2110 153 539 1247 303 1359 862 664 874 2585 2824 549 1751 615 2209 516 343 2718 2485 206 2204 1772 869 1136 490 2405 2067 2225 1566 276 2603 450 1958 1347 98 528 233 2453 2170 592 632 196 812 585 2081 1368 809 2536 2488 776 413 995 40 724 1625 624 2658 1226 1066 1367 66 1211 2165 1791 2003 224 763 2349 512 2097 1239
000640.jpg,1749 1353 483 1300 240 789 1727 2555 2784 2058 834 1883 1801 2277 2579 63 1685 149 1213 2022 545 1672 2066 1394 1019 1333 824 2178 304 2113 954 2547 2437 395 1361 529 1559 2644 2249 1161 1106 1483 1971 1277 1451 182 1228 95 1785 1743 2000 576 1389 1786 1137 1230 1760 596 1513 572 2504 2546 132 2787 1257 1115 614 341 2040 581 1693 251 2656 962 2759 1773 766 1798 1990 989 1176 1836 1207 2238 2054 1900 215 658 1087 465 2149 1593 374 436 1951 2441 2072 737 2190 1712
000641.jpg,1255 986 123 2150 882 1757 1365 932 2387 372 1477 698 796 1911 909 955 905 568 785 2151 1139 1548 1153 1371 1236 1697 2706 214 1474 1188 1001 2449 2493 334 1049 2380 1696 1406 1200 448 1250 1541 1113 1012 2245 2348 2677 2572 1075 2012 1747 2350 750 820 1267 1227 1346 2115 1219 829 2261 1866 1659 2038 624 1380 249 1603 1263 1949 2318 122 1761 2121 2167 2410 1322 2514 1953 669 2109 933 2494 536 1600 411 42 2267 2168 629 1479 1560 1602 2425 1865 1525 400 8 997 269
000642.jpg,152 1827 458 2479 849 1741 2819 847 587 2283 313 2500 1532 1339 2674 734 81 696 2365 1896 2181 2119 2370 972 175 2552 1563 28 2689 2557 705 505 2716 2534 671 523 2099 2191 2250 238 2527 1376 1704 120 1708 2742 354 330 2228 1680 2052 772 711 2177 2193 92 503 1956 2322 532 2764 1111 2028 1117 1917 2698 602 2592 2144 1335 2681 633 1746 2244 68 1932 1297 33 1831 780 2814 131 1314 268 1164 1011 927 1655 1216 504 968 449 2059 1037 1543 699 1755 1475 2236 1875
000643.jpg,1057 2437 1836 1672 44 1749 1449 1914 2317 16 1483 2785 1476 88 2202 1447 2745 1856 1469 761 1990 824 376 2547 2249 291 576 1620 95 1116 1713 2190 751 2111 603 1732 2555 834 2700 1224 2275 1450 1073 1678 1714 830 683 1727 2058 596 132 1482 2441 1178 2080 863 1523 777 1176 339 1183 269 1277 2422 2180 205 1548 946 47 695 2523 1535 1147 832 2518 2129 2194 1838 1646 1380 1304 983 60 1036 104 1244 396 441 230 1841 2239 393 1091 905 1425 2695 83 34 2167 2268
000644.jpg,849 2479 2819 152 458 587 1532 2500 2365 2552 1827 2283 2181 313 1741 81 1896 2370 2716 2674 2119 1339 175 1563 28 734 847 2689 505 705 972 2191 523 696 238 2527 2099 2557 1376 2250 2534 671 1704 120 2177 354 1708 330 2742 2193 1680 1111 2052 1117 2764 2681 2144 2228 2322 602 1314 1543 68 1164 1873 92 503 1109 2592 633 1746 2199 772 968 890 699 1332 711 2610 2306 2715 1917 553 326 1852 1955 771 159 1297 2698 2237 261 1011 872 131 2265 1831 532 1991 1335
000645.jpg,589 485 1175 1306 1951 658 727 614 2072 1137 1207 1361 1451 714 1559 1389 2022 1213 2000 1115 2113 1333 898 63 1558 2066 2178 304 1798 1334 2546 1087 2054 962 1019 1166 2409 1685 1786 1971 1257 1106 1197 1928 2787 1228 954 2323 395 1300 1230 1785 2644 545 1561 803 2656 572 182 374 2149 1298 251 1394 1801 529 93 149 1427 364 293 2540 2040 1590 895 646 1693 1900 215 1683 634 76 789 2277 1513 341 581 2504 2381 101 436 2242 2759 2542 1597 1743 989 1346 737 1161
000646.jpg,2669 2025 192 61 1787 2794 654 225 207 2396 1781 245 49 408 2280 525 2070 139 2173 1282 239 2091 296 838 383 209 2164 356 2311 1141 1127 1780 252 1248 1356 1506 1505 625 1435 679 2232 2137 822 2470 1481 1598 1568 346 52 858 2531 1140 1216 113 418 2806 1022 2053 1124 455 452 1037 1168 1299 268 1024 1262 295 1829 216 2821 653 2236 2687 1918 2765 786 1274 2142 1475 2279 2244 131 936 1465 1503 1875 1275 290 780 1789 1831 1924 464 1293 1662 758 430 241 806
000647.jpg,2210 2520 13 640 1272 2671 1038 2421 1754 1949 1041 2578 323 729 2839 1337 377 2083 2335 2570 1910 828 1329 2795 1764 865 2798 933 1189 1952 536 56 571 2808 2047 2539 1429 121 1266 370 2640 432 2032 1268 2828 1399 193 1431 36 1793 988 2038 1049 2629 2221 1065 672 2602 2120 2031 2108 1070 1374 2090 680 569 1668 1132 901 964 1588 733 2387 1562 698 2668 340 979 2568 2428 2786 2117 2227 500 176 2415 1249 866 476 332 1227 1188 955 1686 1033 2451 2029 2333 597 820
000648.jpg,629 2359 2677 986 882 1757 123 2150 281 1255 396 1371 275 84 2627 1184 2494 1198 2572 1084 423 1280 941 1113 1462 1659 1205 327 1365 2303 372 2030 907 117 909 1866 1263 40 2623 474 1525 1144 594 1219 851 1641 481 1687 543 750 1032 205 214 128 1960 946 1987 2263 334 1501 1183 2115 2245 2203 2141 1502 915 1979 413 1603 351 1750 1922 1541 2387 924 1139 785 2719 1423 2475 1954 2791 298 482 2483 224 2348 2179 2152 2823 104 2132 1406 2060 167 1591 820 1400 2502
000649.jpg,2045 1584 2023 2755 747 258 770 1320 2545 2034 1796 64 1569 1948 1029 1096 100 715 48 562 1416 463 439 2721 2352 2289 2631 1895 1417 51 1788 860 1586 1640 2130 161 305 1993 2272 1051 1319 2650 1710 433 2837 611 497 1701 1617 1636 2556 2713 2836 2735 1328 1407 992 440 1381 201 1552 2707 2767 155 712 1045 194 2564 1544 2050 169 2628 2815 1496 1782 197 1218 2649 1362 2482 1649 947 1897 550 1316 1870 1261 1489 2011 2454 1422 2439 26 2753 2046 2411 2724 2241 622 817
000650.jpg,1207 2072 1137 1346 1197 714 614 2129 589 485 1306 1175 1951 1558 1361 898 1334 658 727 1087 291 1535 1451 832 676 2016 2409 1928 1166 1798 1559 853 2323 962 2000 1298 803 2054 1561 1631 374 1801 1590 1333 2542 2644 895 93 2787 251 2277 1106 1427 44 1230 76 1483 1394 1786 737 395 1447 1257 2540 581 954 1685 16 545 215 540 1206 2022 1971 1900 63 529 2381 1075 1228 1263 1322 2483 2656 2245 2495 2003 2149 2504 2387 2224 1683 905 1195 1389 2040 101 364 436 465
000651.jpg,1742 243 1370 1396 1554 813 1105 355 2696 2257 1673 1331 1614 921 2064 1384 966 2458 487 1495 2660 2600 337 942 1705 2085 1290 1681 908 2596 1017 2259 2282 2782 2543 1518 360 54 660 542 710 1739 1893 2664 1853 1237 631 1000 662 2049 50 446 2369 1567 607 1909 1613 1002 1695 1604 1981 530 2803 2392 1031 1301 2140 791 1978 2262 1287 1058 2796 975 984 1565 451 151 7 1508 1119 852 2793 1271 2093 2405 871 320 394 2416 2147 1519 1946 2336 1879 144 2593 513 186 1642
000652.jpg,941 84 2152 2502 1605 2348 2841 1139 214 1602 2706 909 1866 1953 1987 1171 2567 1371 106 2109 2060 1032 189 744 96 22 2751 2115 1214 244 1927 1280 1661 1525 2141 1365 2623 2572 1084 1616 1696 2263 924 1632 815 609 2554 419 894 1113 957 2162 183 1184 2404 454 2677 2678 2203 2726 851 481 2197 594 1738 621 117 2153 1199 1960 785 40 2705 629 1477 1198 2303 2768 167 2030 2179 1487 420 171 509 1458 1397 2448 1659 1205 275 1766 2831 1750 1263 1364 1570 510 1144 2457
000653.jpg,2318 2420 1479 1387 1682 1200 796 1911 144 2691 630 2355 320 1718 852 2362 2593 850 2218 1267 1436 1504 2642 2446 2512 2156 222 666 599 2537 1676 2147 1321 2132 1933 836 2071 2645 1098 897 1305 946 1380 2262 1621 629 2096 2677 1817 1790 1263 2432 1750 1548 1371 72 1709 2452 99 2636 1697 306 1285 935 1638 1002 1519 69 396 164 1170 915 2245 1052 1219 907 632 1659 755 724 298 281 2627 1250 136 1641 156 595 543 488 2655 2443 1717 1406 2342 1736 1205 2514 2009 1501
000654.jpg,2267 2380 2423 1236 743 2668 1888 1562 302 1430 1553 176 427 289 199 1256 1398 2568 868 21 1890 554 2786 893 292 340 78 361 332 417 2217 2227 429 2029 2451 681 2108 1686 62 2415 2743 2384 901 1699 1431 1033 571 878 555 1065 597 2421 886 1492 1521 698 2539 1393 2578 1399 36 323 1429 1038 1754 142 1418 1793 2221 2629 2038 839 2078 569 802 121 964 2333 1041 933 2032 432 500 828 1070 377 2798 733 2090 536 979 1053 955 2428 193 1851 56 2828 1266 2031
000655.jpg,167 20 454 1995 115 38 2573 2268 2222 2726 2823 1697 1744 2167 459 1456 2162 2030 1661 1284 2791 1911 122 1502 1205 1188 1082 411 298 372 2303 980 620 189 205 1570 1285 2179 396 1308 117 2623 309 1184 1659 1884 922 1032 2060 1865 2203 586 1797 181 2118 851 2313 23 2101 1260 2627 829 2554 1198 275 1280 1858 96 2263 1610 419 759 1153 1960 443 327 1979 592 2807 2128 2153 1171 1380 732 2245 40 1525 2494 1200 448 807 636 1015 661 1090 2197 2677 1006 1080 1217
000656.jpg,249 2509 1001 1810 2121 2350 2583 67 627 1012 202 1075 1406 1944 899 137 1212 447 165 725 2741 2135 2736 2728 2766 2294 2825 116 2057 204 1055 1606 2558 2207 692 2435 2719 494 442 2292 1130 1874 2041 1126 2291 1825 1841 2842 2258 97 2683 1088 362 1223 2319 2708 1728 1463 2143 574 1439 2305 1935 2295 1067 1547 24 135 1940 2051 1195 2511 1986 338 1757 1899 2224 2413 2580 246 2248 686 634 1931 426 2638 404 853 1076 1448 730 657 1928 1557 1937 1383 2809 2382 1597 742
000657.jpg,196 353 98 776 2474 585 1643 1625 2067 869 701 1963 233 2081 1819 1864 2462 2256 2361 2334 1042 2103 2353 910 276 1402 781 1600 381 809 2012 1188 2001 1227 476 820 1221 1344 2027 1541 2261 285 2194 732 1153 1797 661 1882 546 829 759 2643 1761 2048 922 620 956 411 1909 1697 871 669 1916 446 372 1702 813 1603 2425 2582 2168 582 1105 2278 807 42 1858 1260 181 1768 1108 2476 1791 475 2313 6 468 2793 662 2346 636 7 1456 2666 69 1396 247 2349 229 1204
000658.jpg,2786 2227 979 340 332 176 1065 1393 571 2743 1256 1033 2668 1418 597 2029 1562 1686 554 886 417 1890 868 555 2108 1888 289 21 62 429 2384 2451 1398 681 199 2333 2217 361 432 142 1553 1492 878 2415 1430 1053 427 1431 1268 36 802 1699 1793 1588 1132 2078 536 893 901 2568 988 302 866 2423 733 121 78 193 292 2090 2117 743 680 1952 1266 569 2808 2267 2380 2221 2798 1399 2578 2335 1429 964 2640 2539 1329 1038 500 2038 2120 729 2839 2031 1886 1070 1374 2671
000659.jpg,2769 348 2454 1870 26 1369 2538 480 925 2649 179 2714 550 2130 2050 1417 1788 712 518 1422 1045 1617 445 2840 440 860 2011 433 2289 1489 735 1701 1172 463 197 1710 1552 2375 1328 2650 562 1983 2676 645 2088 1993 1895 1029 305 259 2241 161 2574 635 64 2544 1146 2721 2724 1640 260 2352 134 826 1624 439 2044 1569 51 1190 2419 524 977 1796 48 611 168 2631 2148 2707 1092 1208 2082 1486 2564 1948 2826 2652 556 155 1405 169 970 2069 283 312 1584 715 100 1496
000660.jpg,1159 2455 837 2063 1009 403 264 1815 2484 352 1122 2399 1520 1025 2731 2727 1 1589 2138 2371 2092 667 1814 1982 2833 307 428 891 299 2648 17 1572 1735 1571 2403 2486 2255 234 1291 1238 90 267 961 1349 2797 846 2576 2635 1939 2100 2844 913 2139 1509 2776 2412 1925 888 1619 1270 2189 1622 573 2385 1615 223 2811 262 2431 349 2269 2710 1338 1539 1258 641 741 1863 577 1816 2607 814 2633 1366 127 1698 969 2338 600 317 1373 1607 1618 147 2215 1660 537 1480 1803 2094
000661.jpg,1930 1792 570 2125 1575 1665 1861 294 746 210 57 1580 2456 2461 2418 1276 689 1034 2004 280 1724 793 2174 1234 2229 1392 1859 1664 1358 2327 1758 704 1072 2330 1375 756 77 663 2186 859 421 2694 2838 493 797 2662 1279 2548 366 228 1776 1196 857 2672 1457 2590 158 548 2332 976 2155 1716 1887 2039 798 2374 884 656 1193 934 1030 1576 1350 1043 801 438 185 2581 1877 2739 1292 2206 2321 242 82 1947 2659 1348 1377 287 2431 885 2187 1551 2356 385 2703 2468 263 1086
000662.jpg,2185 2517 143 1440 1129 386 2529 718 1411 1684 2584 795 2298 2619 2271 697 1694 810 958 787 30 1514 71 1215 1445 638 2460 1360 2801 557 2524 2363 1242 879 2616 273 969 2104 1939 1366 1112 1619 2246 1630 1294 1446 1863 2844 1816 1270 1480 1925 665 551 2139 2633 1660 1982 2431 2481 1258 2468 2607 2385 385 2833 1539 1059 342 2226 1025 1509 2444 1629 2710 352 2175 667 1803 2541 1988 1807 991 814 641 1524 888 1373 1295 1571 237 1811 651 741 299 2771 262 1837 2749 867
000663.jpg,1779 2145 1385 406 1992 2102 773 519 2763 742 1707 1007 1871 1969 1894 1645 1442 1511 1526 2516 1325 1138 2613 1800 1731 186 535 1527 2377 257 937 392 605 709 1455 1040 301 811 730 2341 1309 365 338 336 253 1516 1424 2830 1020 435 1581 2680 2560 678 821 870 610 2095 1110 410 1966 1850 1466 2219 1419 94 1498 544 1311 855 1783 1131 1068 1794 112 248 2243 1243 881 2492 774 1379 1142 2417 648 2087 1094 1634 2151 2331 1968 434 2251 2299 749 2549 2364 673 800 593
000664.jpg,783 1093 1343 949 2737 940 2111 1856 2112 1004 2441 1914 407 2827 617 1999 540 983 2785 2242 1683 596 1898 1561 310 1743 2745 95 2190 1103 1091 328 2202 341 198 2542 777 695 88 766 1996 2238 132 1476 1176 60 2114 2759 1434 75 1693 1535 1230 581 824 737 2547 2644 2504 2413 2422 2016 2497 989 1801 832 2040 576 529 364 230 2323 395 572 1116 2295 1304 1298 2129 182 291 962 1773 1224 63 558 34 1713 135 2523 1161 1087 101 1900 1334 905 2149 1333 1685 1448
000665.jpg,1753 1125 2777 2772 70 2077 2478 2510 431 2561 1759 2757 1839 18 1035 315 1834 951 1252 1842 2015 1557 1390 2818 2161 2622 2 2663 1165 2302 601 767 191 277 2315 1938 1443 2702 889 1747 2686 2685 1833 1075 990 1980 2323 522 1235 297 853 2667 1810 2644 962 1798 688 2509 529 1207 249 2624 634 103 502 1801 202 395 2471 2583 1012 714 2496 1114 1406 2759 1334 898 1137 1989 67 426 2532 1511 1333 2601 1908 1928 1413 284 2143 1323 1845 1767 2242 126 461 702 1558 2277
000666.jpg,2045 1584 258 2755 2023 770 747 1029 860 463 1362 2735 1993 1701 1788 992 1417 1096 1617 1796 2034 1897 1552 2721 2076 562 1320 1208 497 2011 1586 1948 1319 64 155 715 906 439 2046 259 2753 100 2631 1416 1569 611 712 1627 622 51 85 305 1190 188 134 2544 2289 2724 817 547 1045 2840 197 900 1624 1328 1710 1307 2241 1489 1895 2707 606 319 2538 2454 433 1422 1640 1544 1381 1386 2419 675 556 2676 2650 2545 1658 2836 440 2084 1486 48 2628 1051 2837 2130 2564 674
000667.jpg,757 558 135 1728 2295 213 2413 2024 754 2408 184 1689 426 1597 2143 634 1394 1231 2430 1448 2638 2472 1296 783 707 24 1804 1383 1265 853 1478 80 473 1631 1312 119 2533 2014 520 1801 761 540 2725 2354 2124 1984 1533 2249 1904 2756 1945 2615 2566 1326 2277 2366 1719 375 1931 29 1849 1889 1898 529 1093 1061 19 1035 424 545 1766 2404 498 1839 2464 2508 1469 752 967 1447 2751 997 2351 388 376 2507 898 1269 2169 1019 232 163 425 2178 293 1228 1722 1733 1477 2320
000668.jpg,853 2224 1804 967 293 1719 540 739 1149 2320 1346 1597 338 792 2533 2296 754 2387 123 1728 29 1075 1558 634 1197 714 2540 1394 2583 986 730 1427 249 2430 882 426 2295 2150 1928 2143 76 2221 2668 1798 1236 1266 1886 1757 2539 1631 1212 2054 1431 1012 1406 2409 1801 646 1166 2323 1001 24 898 36 1952 1555 2719 1689 2472 1207 1900 1944 1256 2350 1334 2671 2072 291 1670 2151 1466 395 729 2808 2787 1747 2172 832 2031 545 1243 2038 589 372 2683 2380 1707 1088 1361 1390
000669.jpg,2541 1349 913 1572 1 234 2727 1520 2399 2834 2158 1618 511 2215 1540 892 1615 307 223 969 46 352 2340 2226 2635 349 1684 1630 2246 2298 2339 1539 2710 2175 1025 2466 127 1514 1360 1571 17 2709 551 342 2517 961 2444 2473 1215 1059 697 267 1238 2063 958 2619 154 573 837 1291 2801 1159 1294 1698 891 2524 2385 2844 143 1446 414 1009 2185 2749 1258 2223 71 2529 1619 1270 718 1095 195 859 2255 638 642 879 685 1129 2131 1524 1863 2104 797 30 665 1652 1242 41
000670.jpg,372 807 1865 820 750 1603 1541 334 2313 1858 1153 1697 285 1456 1260 1221 38 1761 1285 1284 468 1188 6 2387 922 546 1227 411 122 1015 2268 2194 759 629 298 2677 2261 1884 2167 980 973 1560 1570 829 582 37 2823 956 2425 1082 2118 620 650 1610 459 1286 661 2643 1723 1797 448 396 1911 476 167 454 1537 586 1380 1844 1308 732 281 1891 1763 2666 1916 669 1882 1387 2476 1995 1090 1032 20 1502 443 181 2627 229 2554 475 115 2216 1987 1083 2726 796 2222 2567
000671.jpg,1083 1702 181 620 2643 759 732 1260 582 1797 6 546 285 1221 807 1858 2313 468 2807 1882 2278 636 1318 1536 661 2476 1697 2425 2194 2261 1153 1227 2168 1188 476 829 956 2816 922 1865 1761 2043 2171 2263 669 2678 1763 411 2810 1603 42 1380 1032 1891 189 2153 1525 2048 1090 2623 1723 820 894 396 1726 40 2111 1456 1856 2060 1560 905 45 2627 1696 2167 586 1541 2666 1768 2761 419 2688 2823 2554 2522 1960 229 96 443 1064 1364 650 1139 1916 1251 2720 37 1082 1846
000672.jpg,2798 2629 2539 729 1429 2428 377 2578 828 1668 2520 2120 2602 2031 1070 2210 1374 2221 640 2038 933 2671 13 2828 672 964 1038 1754 1272 2421 1337 1399 2640 1041 1949 865 358 2808 2083 1266 1249 1952 323 1910 1329 2335 2047 1764 2839 2570 1049 370 2032 979 56 2786 698 1189 1255 176 2451 932 955 2227 1033 536 340 986 1393 2668 2263 2423 1525 121 1686 1762 289 1431 1757 2795 123 743 2743 2718 2384 21 1132 2678 2734 193 554 2317 36 988 569 2387 78 1562 1170 1521
000673.jpg,2669 2025 192 61 1787 2794 225 654 2396 207 1781 245 49 408 2280 525 2070 139 239 2173 1282 2091 296 838 209 383 2164 356 2311 1141 1127 252 1248 1780 1356 1506 1505 1435 625 2232 2137 822 679 1598 1568 2470 113 1481 52 858 418 346 2531 1022 455 1216 1262 268 452 2806 295 1140 1274 653 1124 2142 1024 2053 131 1037 1829 2236 1168 290 1875 2821 1299 2244 2765 786 216 1475 1503 1378 1275 1918 780 241 430 331 1843 2687 1465 1929 806 1293 1831 402 495 1789
000674.jpg,1879 394 2140 2049 1058 2093 451 1301 1604 1906 1518 1981 446 530 1237 631 1567 2796 1290 1017 2357 607 2282 2392 2596 1909 2660 2543 2064 1119 1384 1002 908 1495 2085 2458 1978 2262 942 1613 1621 966 662 1331 984 1676 2696 1614 921 1673 852 1705 1742 337 355 1105 2600 2257 1894 487 243 1396 1554 186 1681 1145 813 1239 1455 897 1200 2609 1370 1516 320 1645 519 1566 678 2664 1546 1367 2369 1739 742 151 1800 997 2657 1271 301 2747 72 1479 2488 54 2005 1330 2089 255
000675.jpg,712 1617 1328 947 1444 1663 1045 1993 1782 1422 1679 2836 1489 2130 1623 2707 1710 2050 860 2241 2837 1381 1369 2454 169 1054 735 1649 2649 1658 1701 2011 1417 51 2840 2767 440 179 445 900 197 1552 1544 2714 1796 480 550 1640 155 1486 2439 1870 26 925 1437 348 463 1569 305 2769 2289 645 1218 1029 260 562 433 259 1948 635 2721 1208 1788 2628 100 221 134 1934 1416 817 2826 1096 1405 2832 2650 943 188 64 2082 559 715 2419 563 1624 1307 312 2133 439 1261 1926
000676.jpg,807 1260 372 820 1858 1603 1541 750 334 2313 1761 1153 468 1227 829 285 1865 1221 2261 6 546 582 759 2194 476 2387 661 1702 2643 669 1697 1188 620 411 956 1696 1083 1015 2168 454 1560 2726 298 2677 1139 1610 980 609 732 181 1797 1084 1882 1456 973 1285 2060 1744 5 2115 1884 2162 1171 2666 650 1032 189 163 167 375 1844 1061 40 2567 20 1199 629 2303 1284 122 1570 1891 1723 922 1987 744 1766 2118 244 1637 2751 229 2171 2425 1326 2245 2404 2014 2457 1616
000677.jpg,348 2769 26 1870 2454 1369 925 480 2538 2649 179 550 2130 2714 2050 1417 712 1788 1045 735 860 1422 1489 518 440 1617 1710 1701 2241 2840 1993 197 433 2289 1328 1840 2375 445 2011 463 305 51 562 169 2650 2837 1172 1782 1640 1029 1552 1663 2836 155 259 1934 260 2721 1569 1656 1895 2817 2439 645 1624 1444 1544 947 161 769 64 1796 2826 2528 2088 900 2707 817 1644 1649 1752 2544 970 1146 524 611 312 943 2200 1983 2044 1486 489 221 48 168 1623 1092 188 715
000678.jpg,1752 1545 1146 312 2832 987 1102 1934 221 2790 1624 85 4 2528 943 2411 1405 2501 1644 1407 635 2389 1656 626 2082 2300 2817 1926 556 2270 817 1386 826 2044 1737 547 188 59 1202 2069 611 440 1422 1617 2367 283 613 1319 1316 2840 712 2837 169 735 1636 550 445 1552 266 2241 2836 950 2050 463 2133 1045 1983 1782 2419 2011 2477 1328 2826 947 2544 518 1649 1092 2424 259 2148 977 900 1468 2574 1796 1840 1190 2652 1029 155 2397 2631 2289 1444 1878 2312 260 2088 1993
000679.jpg,2823 1703 2216 1288 1363 1671 1474 745 8 882 2425 123 2313 986 2150 325 2706 1757 468 309 637 2831 2197 2449 2535 2705 959 1844 1858 42 1217 1153 785 1032 521 255 1255 506 2657 2089 1286 1560 2194 2261 171 894 565 1227 1761 2079 661 476 236 285 1251 1090 419 1603 1927 2608 1188 924 2109 229 820 2401 829 621 1364 2617 96 2182 1013 189 45 2153 1697 997 856 2760 2476 2554 2526 619 1541 333 2060 1797 334 1064 1865 750 1221 1336 922 84 2160 2712 1171 2555
000680.jpg,947 1328 1617 1444 712 1993 1663 1045 1422 2707 1679 2836 1782 1623 2130 1710 1489 2241 1381 860 2050 1649 2837 2767 2011 1054 2840 169 1658 2454 445 735 1552 1701 440 1369 1417 51 2649 900 197 179 2714 645 1544 155 2289 1796 550 1486 1569 463 1640 480 2769 2439 305 1437 1029 259 260 562 433 1218 925 1870 348 26 2721 1208 1788 635 1948 2650 2631 2133 2826 563 2088 1307 1405 715 2538 100 439 1416 1261 2082 559 2544 1096 64 134 221 943 2628 2832 188 2419 2076
000681.jpg,2516 1526 1325 1511 1442 2843 1969 1779 2145 1385 406 1871 1946 1707 2102 730 1992 338 773 1466 2763 2377 1794 1243 1527 257 2151 1379 2364 2730 2299 336 1007 855 1005 2788 742 1311 1783 1138 1131 2290 1498 544 1068 112 1670 2746 749 1142 1020 1731 678 593 1966 2243 1094 774 2560 1850 535 937 1581 1968 881 673 365 870 2417 253 1913 1455 2492 2006 1040 2519 2005 1174 2251 821 2549 2613 1309 186 435 605 2830 1110 568 800 410 2680 2087 1936 1634 1424 2196 1165 519 2341
000682.jpg,751 2437 393 1244 1836 1914 2785 1678 1057 1732 88 1476 2136 1672 1990 1147 1073 1120 2745 2202 2518 1178 2275 1116 824 863 1713 1714 2190 1646 603 132 1620 1749 2700 1450 1224 830 44 339 1483 1176 1353 2547 2317 1106 2000 683 1559 1856 2180 1593 1971 1389 34 1091 581 695 371 16 2752 2546 545 1394 1685 1786 576 1447 2020 954 1300 2422 63 374 777 2579 2129 1869 1257 1451 321 1195 1690 1019 2249 1115 2495 2653 774 2523 1137 2542 95 1996 2441 761 483 1308 145 737
000683.jpg,70 1753 1125 2777 2772 2510 2077 2478 431 2561 1759 2757 1839 315 1035 18 1557 1390 1834 1842 2622 951 1252 2015 1165 2302 2663 2 601 2818 191 2161 767 1938 2315 1443 2686 2702 1833 277 1747 889 2323 522 2685 2667 1980 1075 2532 853 2644 634 1810 990 962 1798 426 2583 1334 249 2624 297 1801 2143 2509 529 395 1235 1928 1406 1845 67 1012 1207 1166 898 24 202 2430 714 2242 1597 1511 126 103 702 2277 1767 1558 688 1114 211 1989 2759 1333 2496 1869 502 29 1001
000684.jpg,2809 1721 1876 1473 12 1439 1406 249 2051 1012 1810 1075 637 2057 1390 394 2719 368 790 1725 2291 627 202 2509 1817 2657 1839 136 1931 2499 2435 2622 67 1001 1906 1501 1879 444 1881 1035 2583 574 692 2589 2683 1874 1223 2089 255 1557 657 944 994 447 494 128 2121 482 2599 2183 2708 2350 1582 2598 2829 915 1088 2526 1548 2438 2704 2308 1433 1165 1902 1757 1886 1711 1197 2220 882 2766 2712 521 608 531 2292 1250 123 677 1479 1477 442 2302 2319 854 274 2762 1219 1256
000685.jpg,2045 1584 2023 2755 747 258 770 1320 2545 1796 2034 1948 64 1096 1569 1416 48 715 2721 100 2352 439 562 2272 1895 51 2631 161 1051 2289 1029 2556 1640 1586 1636 305 463 1417 1788 2713 2815 2837 860 1993 1319 2130 1496 194 611 1316 497 155 2836 1617 2628 2650 1649 433 1381 440 1552 1544 201 2767 2735 1261 169 1218 1407 1782 1710 1701 2050 712 1328 2439 1045 1965 947 2564 1860 2707 2538 1658 2652 173 2241 518 1422 550 319 735 2649 817 2454 2433 197 2376 992 2482
000686.jpg,105 2394 1778 416 11 883 1946 2331 664 301 1419 2110 908 1002 434 144 1271 243 937 490 2452 1309 1040 2697 673 2560 94 2458 605 544 2549 632 2196 7 1495 749 1527 1170 151 2830 392 365 1138 1133 2417 1968 1966 2377 678 2005 1455 1731 593 984 2718 1978 1573 435 717 2290 855 1020 1498 821 516 1005 1325 248 519 1247 1424 2793 1331 1311 355 1105 2219 2730 318 1347 874 568 257 662 1581 1077 2600 1142 2102 1614 808 2361 2788 871 2519 2364 1119 1152 1396 2095
000687.jpg,1334 1137 2072 1207 614 589 1306 1175 485 1951 374 803 714 1798 727 658 1197 1361 962 2323 251 2381 1558 1230 1900 898 1451 215 364 2040 1087 436 1427 737 2540 395 1561 2644 101 1559 572 1166 529 2409 2504 581 1883 1928 989 1801 2579 2759 2542 341 2000 1257 1786 1300 789 1971 1106 1683 2054 2787 1590 93 766 2277 2238 76 2114 895 853 1333 1213 545 2113 63 1685 2546 2066 1389 2022 1298 1394 1357 2242 1898 2178 304 1115 328 1228 676 2656 1091 2149 954 646 407
000688.jpg,2458 2085 942 2600 1495 1705 966 2543 487 1384 1681 2596 337 908 2660 921 1742 1290 1331 1673 1017 1614 2262 2392 2696 2257 243 1554 1370 1518 1396 2064 355 1002 1978 813 1105 2282 852 1119 631 984 2664 1739 542 360 54 1853 1237 2259 1000 1567 1981 710 1695 1893 50 2369 446 660 2782 2140 320 1604 451 1301 1058 530 1676 2049 607 791 1031 394 2803 1508 2357 2796 1287 1565 1519 1036 2147 1718 151 1152 662 1479 1906 2420 392 2559 2318 2593 1271 568 1909 1263 1455 186
000689.jpg,2185 1129 2517 1440 143 386 1411 2584 2529 718 795 1694 2271 1684 697 810 2619 2298 958 1514 71 787 1445 30 1215 2460 2801 2524 2363 557 2104 273 2616 1242 1360 638 879 1939 969 1366 1619 1480 2844 2468 1816 342 1863 1059 2139 1925 2431 1112 2385 551 1982 1294 385 2246 2833 1539 1258 1807 991 1295 1629 888 2595 1446 1630 1660 1524 667 641 147 2633 1025 2607 2749 665 814 2776 1373 1803 2771 867 1509 2576 2710 2444 2797 2740 1270 2731 2226 2175 262 1988 127 741 2092
000690.jpg,1477 2109 744 609 2404 1171 1766 1696 2751 909 1889 2464 1661 2567 2115 22 2725 244 957 509 1214 2162 1515 5 2726 1953 2457 1744 1139 1616 2448 1602 844 1866 214 592 2348 2841 941 43 2128 454 1426 84 167 1365 971 2706 2688 20 1757 2188 466 123 2502 1255 1802 1108 2222 986 375 1605 2152 2572 115 106 2150 882 498 1995 2124 669 785 1987 956 2014 1927 40 1761 1326 1199 1596 1032 1227 1153 2169 1541 1487 820 189 1556 473 1283 1084 2498 1882 2408 1371 448 476
000691.jpg,820 1723 750 1603 1541 2666 372 334 1916 1891 2346 650 475 285 546 807 2816 1221 2043 922 629 2810 2171 1697 582 6 1188 1153 2677 1761 37 956 2387 1763 411 1260 2194 1882 1285 1227 1865 298 973 281 1570 829 661 2261 1605 2359 759 1090 1456 2502 2313 1082 1462 586 1858 2152 980 1284 1263 1308 1083 1884 620 2643 882 1380 1139 732 594 1015 1750 1702 1537 396 117 84 1995 468 2514 1219 1979 2483 275 2494 2167 941 98 2245 443 38 2118 1144 1797 1502 2179 1412
000692.jpg,1721 1876 2809 1473 12 994 447 2728 864 1931 1055 2291 608 526 2719 2766 2057 2207 494 508 2683 2435 1056 574 2294 274 1839 1439 1725 2526 725 790 657 2708 1892 1944 1035 2438 677 249 692 431 1899 2220 1406 1012 2051 1408 1677 1874 627 1881 1942 271 368 2589 1223 2622 204 1165 137 2089 2292 944 2825 482 2736 1817 2499 2561 1825 1810 1212 2323 2741 1771 1185 1902 2302 2315 1557 2319 1197 2183 128 1868 202 444 531 67 1558 18 1463 529 1075 2037 2644 898 1390 1433
000693.jpg,234 1572 1 1349 913 1520 2541 2727 2399 307 1618 511 1540 2834 2215 1615 352 2158 892 223 46 2339 969 2340 2635 2466 1630 349 2246 2710 1684 2473 1514 2226 2175 1025 2298 1539 2709 1571 1360 127 17 2063 267 1238 1291 958 1215 891 2372 2619 1059 342 2517 1698 1159 2801 961 837 1009 2444 551 573 1446 2223 537 195 2253 1294 2455 697 1270 1129 1258 71 143 1815 2529 638 1409 665 30 1445 685 787 1509 1524 403 2338 810 2271 1803 641 2100 2731 2844 1112 2486 600
000694.jpg,2018 719 2146 2284 764 2551 2008 1289 247 1403 153 2582 1577 1121 1204 2485 1157 190 1128 2487 1534 212 1997 604 58 1915 914 1493 1351 35 723 549 1751 862 343 874 1247 206 2204 539 2718 2824 2585 1359 1347 615 303 632 2603 2793 2110 7 2209 490 450 1271 151 516 1772 812 2792 2165 825 975 664 2453 2361 998 1854 875 1633 2336 1210 2711 1963 513 1970 528 2416 1246 1245 1209 869 2658 765 2304 1566 25 2067 988 2559 1791 121 2734 14 1762 808 871 118 1985
000695.jpg,1697 372 2677 2167 1911 285 629 38 1221 2268 1570 167 1537 281 922 2726 2502 650 298 2823 1188 690 20 1285 396 1661 2706 1456 1153 411 2666 724 1922 2841 980 1744 40 1884 1380 546 1184 122 84 1605 13 829 1603 1232 1502 2032 1394 2216 2387 6 796 1267 2152 459 1882 334 941 454 2162 820 37 448 1541 1082 1219 2179 1272 2593 1139 2572 750 2118 2691 2210 882 2520 1916 2218 117 1995 594 1090 1504 1113 973 2355 851 1750 640 924 661 1371 2567 475 2222 1763
000696.jpg,645 2011 445 1552 2840 1029 197 463 2289 1253 134 433 2735 2650 1328 2375 1054 1444 2707 1663 1679 1623 2836 155 1649 1617 947 2088 319 1045 2241 440 51 1782 1895 2837 1658 712 1993 260 169 1422 1381 2767 2130 2631 965 439 1640 1544 562 563 2419 161 64 1948 550 900 659 2050 305 1486 735 2439 259 2133 1636 1569 1096 518 2352 1840 2076 1860 1796 769 559 2826 48 2815 1208 2652 2272 1983 173 2628 2287 2454 201 1218 2721 1307 2082 1878 715 1965 2544 826 1496 1584
000697.jpg,84 2152 941 2502 1605 2706 183 171 45 2056 2503 621 1064 2522 2760 1364 959 2182 2608 1251 236 2401 398 2612 1458 2141 909 1139 2705 565 2348 2831 2841 1987 214 2572 1866 244 2386 1953 506 1616 2263 2116 1602 785 1371 2678 1199 2115 1726 1696 1844 1286 1525 815 1960 106 1280 1113 300 2197 1171 844 1365 1032 2160 2591 2623 509 744 189 2457 1560 2448 229 2751 1214 22 40 1084 2567 2079 2425 270 2060 1198 2761 2476 1570 2230 1768 1927 96 762 957 851 2203 1315 1283
000698.jpg,1948 2272 2352 1096 194 1416 1051 1218 1496 2628 1261 2556 64 48 2815 1569 439 2721 1640 1316 562 100 51 715 1636 305 1796 2713 155 1965 1860 2034 201 2545 1658 2836 2433 1544 1381 2241 2767 1782 169 2650 2309 2837 2439 1649 1584 1054 1328 2376 1453 1444 1663 2707 2631 2289 1840 947 1490 645 1623 440 1901 1586 1617 445 1679 2050 1552 2840 1045 712 497 1422 563 2130 2088 1993 518 735 231 260 659 1148 161 1253 2011 2755 168 2826 197 550 319 1878 2652 2023 2649 2732
000699.jpg,1545 59 2389 1752 2367 950 626 1202 1146 4 1799 547 1737 440 1552 1386 611 2270 2082 826 1319 613 134 556 1840 2289 2241 312 1316 2840 155 85 987 1636 1993 2069 2148 735 2088 2375 2837 1029 1649 1544 2076 259 463 2439 169 518 2424 188 1878 1468 1407 1617 1624 1934 260 563 900 1148 2133 2477 2832 550 2312 2652 2735 1045 977 1584 965 1895 2050 173 2419 1486 2556 2836 1656 445 1926 2826 817 1422 2631 906 860 433 1496 2650 1788 2300 635 904 51 2130 305 1444
000700.jpg,1944 2294 1055 725 2728 2207 447 2558 165 2766 1825 899 1056 204 2135 2825 2842 2741 2292 1212 2736 692 2435 2057 1940 137 494 1130 1606 442 1126 2291 1874 116 2319 1463 1547 1899 1223 2719 2511 97 1935 1986 2580 574 1134 1841 246 2041 647 2683 2708 657 686 1937 2068 2813 2305 2248 146 2665 722 362 2438 2639 1067 2258 1185 1777 677 2382 79 1076 1452 682 1962 2569 140 2506 790 2286 1439 1868 1931 1464 1892 1592 1639 1035 2121 804 491 1473 2809 2051 1721 329 627 1839
000701.jpg,254 3 1642 2405 2170 2490 1958 1246 66 2336 825 1985 2536 765 1574 929 14 779 282 652 2157 2434 1136 2426 873 1745 1600 2012 2001 2391 233 2209 1121 2256 1997 1577 1247 2324 1157 1535 2493 2593 874 1346 1915 212 2204 604 832 1406 549 1347 723 1670 58 1384 2147 539 293 764 2551 291 1751 2247 862 76 568 1152 450 1519 1633 632 792 1869 921 821 1290 1447 1075 490 2824 2140 35 2064 1493 1534 1012 2487 487 2559 1180 1469 318 914 2165 2054 1195 404 1451 800
000702.jpg,1255 986 1757 123 882 2150 1365 2387 932 785 909 2380 1236 1541 372 1477 1049 334 2493 1406 2012 1600 624 905 895 2267 724 750 955 1346 1603 698 1866 1200 2775 93 214 2348 1479 1380 1958 1590 174 839 1263 1322 2410 1267 743 1911 1415 289 21 820 1219 568 1207 796 2514 1041 1602 1153 714 868 1548 1697 474 2475 2151 1521 2318 1001 2072 2593 2449 1833 2350 1256 1888 427 1558 946 853 979 2463 291 2141 249 2423 2245 488 1012 1226 1670 340 2227 2378 893 2668 2047
000703.jpg,1752 1545 1146 312 2832 987 85 1102 221 4 1934 635 1405 2790 2389 626 1624 943 1407 2411 2501 556 2082 2270 1656 2528 2300 1644 2817 1386 547 2044 826 1926 1737 188 59 1202 817 2069 1422 440 611 613 1617 1319 2367 2840 283 2011 445 1636 1552 1316 550 712 169 2241 735 2837 518 2133 2050 463 2836 1045 1782 1983 2289 1649 2424 1092 950 2631 947 1029 2826 2477 1328 2419 1993 900 2544 977 259 1840 2538 266 2088 155 2375 1444 2148 480 1190 2574 260 2130 2454 1468
000704.jpg,1960 40 2263 2678 117 851 6 2502 2303 2152 1605 1198 1083 1659 2572 1371 592 84 327 1726 1205 582 1184 2203 1525 2386 1702 941 2623 2494 546 1221 1979 1502 620 732 285 1987 298 2643 1139 1113 181 1687 2841 759 2620 1084 1797 1199 1570 1882 1280 510 2179 636 106 148 1400 2030 1397 420 1696 1738 1922 1723 2116 594 1632 2115 45 2807 1768 1032 762 23 1232 2768 2761 844 2791 2141 275 807 1891 2056 189 2726 2162 1616 2522 2048 1260 1080 1214 1064 690 2278 214 1537
000705.jpg,1489 1710 712 947 860 1417 1444 1045 1617 1701 2836 1328 1663 1782 2050 2649 2130 1369 1422 197 2454 2837 179 2241 2011 735 1870 169 26 925 1993 2840 1679 2707 1649 440 1381 463 348 2714 550 2289 1658 1623 445 480 2767 817 900 2817 433 1788 221 2790 1656 1624 2832 1544 51 1644 1407 2528 1054 1934 2375 943 1437 1102 2769 489 1926 1552 1029 2397 2300 635 1405 1796 2411 645 2439 312 305 1640 1486 2538 155 1983 2082 1569 1208 970 260 2133 2826 1218 2628 518 1386 1092
000706.jpg,2679 2122 1163 177 1903 2829 1085 816 141 1628 2055 2163 453 401 1023 477 2274 1808 380 73 760 1688 2074 461 437 1599 981 1233 2452 1872 399 99 1976 823 72 595 1510 612 2587 2098 1155 164 156 460 2009 1047 172 174 2722 2636 2747 1404 208 1145 1100 2775 1415 1717 2655 1784 2469 2577 694 731 1089 2126 1160 1241 1504 2355 222 2218 1436 599 2691 2446 1479 850 1682 755 144 1817 1321 897 1263 2362 2750 2512 136 1098 935 2593 2645 1305 1250 1219 2432 946 2071 2156
000707.jpg,757 135 558 1728 754 1533 2024 213 2295 2413 1689 2756 184 426 2143 24 1597 2472 2430 2638 634 1312 1478 1984 1448 2408 1296 1383 119 1265 2615 1231 80 1804 218 2533 1719 2320 1149 967 739 853 707 2021 520 1945 29 2354 232 19 1849 540 2566 293 91 1269 2235 529 2673 1722 792 2277 752 1801 286 1898 2260 2508 2172 424 1839 1093 1035 1867 898 2725 714 2366 1733 2323 473 498 388 1766 376 1529 1469 1087 2644 2169 1394 2014 1061 499 1326 2390 395 1558 545 2464
000708.jpg,1624 2528 1644 817 2411 2817 1656 2790 1926 221 1407 943 2300 635 1405 1102 1934 2832 312 987 2044 85 2501 188 556 2082 1386 611 1319 2270 547 1796 100 1569 2034 64 48 2721 1617 715 562 439 1328 305 2545 1640 712 1417 860 2011 51 2836 900 1489 1993 1545 1096 1422 1552 2840 1045 2714 1782 1658 1146 1788 1381 1202 155 445 1369 1710 1948 2352 4 826 2088 1437 1679 2454 1752 463 1029 2389 197 1983 2241 1737 1701 2837 283 2826 259 2419 1623 2289 1486 169 2574 947
000709.jpg,2236 1756 1755 805 1317 799 1475 1395 1647 1921 2402 2061 2053 1972 721 1831 1967 1655 1635 1303 390 927 1715 314 653 2693 1124 1297 806 484 2059 363 999 1918 1706 2301 464 2429 1662 1789 1037 1275 1568 534 1929 786 268 1378 1050 2244 2687 936 780 1024 1022 1465 2531 2465 2505 295 2765 412 2407 726 455 471 1787 1274 108 1730 1293 402 1140 1008 2806 1097 782 467 418 1143 1018 580 1875 1438 159 1273 2698 131 31 326 1118 1262 89 2232 1472 1216 389 346 1026 788
000710.jpg,18 1842 2663 2 601 951 1834 1252 2015 2818 1759 2757 315 1753 1125 2777 2077 1557 1390 2772 2478 70 2622 2510 2561 431 1165 2302 1035 191 2161 1938 1443 1839 767 1747 2315 1833 2686 889 277 2702 2685 1980 2667 522 2532 2323 1075 1767 1989 211 2496 1114 1810 465 529 249 634 369 2624 2509 1511 962 2296 1533 931 853 395 202 2644 1969 792 1406 126 1845 1928 2430 1012 1334 1801 702 2143 1460 990 24 65 2746 2583 1195 2671 578 2276 1728 1413 1166 1548 250 1821 768
000711.jpg,2045 1584 2023 2755 258 770 747 1029 463 1319 2735 1552 611 906 992 2076 1208 1362 860 1320 1627 1096 1796 2419 2564 2753 1897 622 1993 1586 497 2724 2721 188 1416 2046 2631 562 2034 1788 1417 74 1190 1569 259 1948 1617 2544 2676 2011 2652 606 319 64 1701 2084 674 2732 134 2800 85 100 2670 1307 675 2646 900 2840 1895 178 51 2287 2289 197 715 305 2707 2837 712 433 2626 2545 439 1428 1983 1381 1486 1046 155 1624 2307 201 1328 1848 911 1051 1414 2344 2836 1544
000712.jpg,2809 1721 12 1473 1876 140 1868 1886 657 2598 627 67 2580 2657 2685 1027 2506 1452 2583 255 508 217 1185 790 2708 1931 2436 2665 2589 1165 637 368 1035 1408 1998 1725 79 692 482 1406 994 1439 1839 1067 1548 677 2475 2089 686 531 1892 1777 271 1810 2308 2251 1817 2057 494 2683 2719 1330 915 442 2829 2561 722 1223 2427 1874 944 1501 1263 191 1219 136 249 1390 1869 2051 2499 444 1075 2122 2625 1130 2435 1250 2712 1962 2766 619 2037 1088 1881 881 2315 2041 2617 2779
000713.jpg,1453 1569 2721 100 64 2272 48 715 2433 1796 439 562 1496 2713 2034 2545 1490 305 2556 2376 1860 1640 2309 1901 201 1316 51 155 2650 1636 1948 1965 1096 2815 2088 563 2289 2631 2352 260 1416 168 2826 784 486 1148 194 2538 440 1878 2337 1584 2050 518 645 259 747 2130 231 550 712 1381 433 445 2241 2628 2649 1840 2652 1658 1051 1218 1617 1422 2836 1993 161 2840 134 1782 1328 2007 1552 2439 2133 1428 2732 1544 169 2454 2358 900 1045 2553 950 622 2707 2755 659 1623
000714.jpg,84 2152 2502 1605 941 1960 117 2303 1659 1184 1371 1198 40 327 1205 2263 2494 2678 2572 2203 1113 2841 6 1139 1525 851 1726 1979 1987 2623 1502 2348 1687 2706 298 909 1400 1221 2620 214 2179 1083 1922 106 275 1280 1084 592 2030 582 1570 1032 546 2791 1866 285 1738 1882 510 1537 2573 1397 148 420 594 2115 1199 690 1602 1632 2386 189 1696 2060 96 1927 244 2768 1661 1616 2141 621 2162 1702 1171 1080 2831 2521 23 2571 2554 2677 2726 2109 1603 2448 1891 1488 300 744
000715.jpg,2792 118 567 1791 887 2065 1531 1470 808 1354 919 952 2778 1769 748 819 998 1667 1585 2575 2793 2328 930 2491 975 7 2304 1583 1851 982 2416 875 923 1210 2349 311 1179 1854 2711 1977 945 25 928 1578 778 382 2559 2379 579 151 639 841 1063 2618 2647 1209 515 2723 2682 1657 1271 2729 513 2658 1920 528 2252 1970 1651 1579 114 517 1770 9 2225 2459 763 1154 916 492 2488 1211 566 2042 2026 1368 227 2097 2310 1367 1239 1742 1528 512 871 72 901 816 177 823
000716.jpg,2024 213 426 2143 24 1597 2430 634 1689 2638 2408 707 1804 1719 2533 2320 1149 967 2354 754 1478 135 558 29 1849 1728 2295 2413 853 2756 2673 757 184 2021 293 1448 286 1269 2615 2172 1265 119 739 2472 1296 1533 1984 80 91 1231 1383 19 424 1722 520 2566 1867 792 1529 1312 2235 1945 232 2296 2390 1733 2113 2178 1228 529 898 304 540 2014 2224 1785 388 2066 1558 1019 714 218 1766 1326 2124 498 473 1213 2725 1333 1801 2022 1035 2508 2054 1161 2277 609 1394 2546
000717.jpg,1356 2311 1781 1248 2164 1435 625 525 239 2091 2794 113 679 1505 2232 216 1598 252 782 1018 2632 654 822 2280 2137 245 27 1472 383 49 858 1048 1282 2070 2173 408 1506 139 209 2062 1612 1168 356 1299 1692 296 1568 1297 1127 643 838 2611 1141 138 2402 1026 1780 2669 1829 1715 1216 2053 455 2465 2505 1187 2406 1787 1972 1021 1647 2017 1503 2396 1635 390 721 1097 1967 2698 1124 1143 1262 655 1293 1011 61 1755 2025 653 1140 2531 1648 1961 2236 1875 1831 805 1037 1118
000718.jpg,509 609 1766 2404 2725 2457 2464 844 1889 244 1696 2115 1616 1515 5 957 744 1477 2128 2448 1426 592 214 1602 1953 1139 2348 2751 1171 1214 22 1866 2109 498 1326 2706 375 466 1661 425 909 2567 2124 2014 473 1556 1061 163 2366 1744 941 1199 84 1637 40 2572 388 2841 1802 2726 1904 2502 1605 1365 2162 2152 2182 2351 43 2056 106 565 2760 2354 306 2188 171 1364 621 1032 2425 189 1987 815 2150 2591 807 1064 2566 1113 229 45 1849 1596 1269 2507 2608 707 1960 1768
000719.jpg,1115 2546 1389 2113 2178 304 2066 1213 1019 63 1300 2022 1951 1175 1306 485 1333 1785 1394 614 545 727 658 1685 1137 2072 589 1361 1257 1228 215 737 1786 1971 1900 436 2040 1559 101 2381 2504 251 803 1207 1451 989 1106 364 581 1230 962 374 954 1798 1427 149 341 1883 2054 2000 572 2540 2238 646 1334 2759 766 2644 395 2323 2579 789 76 2114 2787 1801 714 182 1683 898 1353 328 529 1091 1558 2242 2542 1561 1087 1712 483 1166 1898 1357 2409 926 2656 1197 1760 2277
000720.jpg,2263 2678 1525 2623 2386 1726 1371 2572 2116 1960 1280 40 1083 762 1084 592 1768 851 1802 2048 732 636 2448 2761 1702 2807 1880 1536 181 2141 2522 1198 620 1199 1632 2720 96 1318 45 1013 2554 1336 2153 300 894 2056 419 2160 2079 1283 2562 644 1251 1364 1596 2278 106 2498 1797 2571 1315 1032 2188 189 861 1927 1108 6 1205 1064 270 387 844 1458 2643 2591 1856 957 481 1659 183 1696 2688 2831 2476 1365 398 2060 1987 2503 2457 2760 84 2441 2261 971 2442 2030 42 2203
000721.jpg,1814 1122 2092 2833 2371 264 2269 299 2576 2484 837 1589 2844 2139 2455 428 2063 1009 2776 2731 1549 1982 2797 667 1815 1735 1159 1622 403 2100 2223 1698 1994 1925 2486 2338 2412 846 2189 1571 741 642 1338 1409 2253 195 2403 888 2385 262 17 1421 600 1373 1539 317 2771 641 349 891 1295 1619 2738 352 1807 573 1095 166 2811 1238 2717 1862 2635 1615 1509 1366 1291 2158 267 1025 1863 2255 223 551 90 2273 1071 1 2215 1824 1349 234 961 2473 2820 1129 405 2226 2175 1201
000722.jpg,196 353 98 776 2474 1643 585 1625 233 1963 869 701 2067 1819 2081 1864 2462 2256 2334 2361 910 1402 781 1042 2001 809 276 2103 2353 1600 381 1344 2012 2264 69 2027 871 2141 372 2391 2132 820 512 528 975 1667 1697 513 1209 796 1170 2026 875 25 1077 1585 1204 2101 1541 923 2379 2349 151 1696 1851 566 1565 952 2559 819 492 1105 2582 2677 982 2793 1384 2416 2336 1769 807 2618 2304 1210 7 1761 1031 2225 247 2778 303 1519 813 1396 1751 392 2803 285 1154 1245
000723.jpg,2185 1411 2584 1694 1129 795 2616 1440 143 1684 2529 386 2517 2298 718 1360 1112 787 958 1445 1630 2801 2271 1446 810 665 30 1294 1258 2481 2246 1939 638 2619 71 1215 1514 697 1270 969 2139 2833 2460 2844 1366 273 557 879 2363 1242 299 2468 1571 2731 2092 1814 2524 1982 2541 264 2727 1816 2455 1589 1122 2104 1009 1278 1549 2100 837 2484 1925 1619 2215 414 2710 2403 2444 2576 741 2063 1776 667 46 1480 2709 352 2776 342 2385 2371 267 1698 1863 642 1812 349 1338 262
000724.jpg,799 1755 805 2693 653 2402 721 1395 1972 1647 1317 561 412 1756 1303 314 2061 806 1921 2236 2531 290 1475 534 1011 1568 2285 1918 1503 2059 2698 1024 1273 1875 131 780 89 1297 2429 452 1274 53 2244 858 1216 1378 1465 1050 1831 1662 1655 268 390 2765 2565 484 786 1039 1612 1715 1967 999 1635 241 1022 2715 1843 467 389 1127 252 326 2017 1472 1140 1787 1282 418 464 580 1220 159 31 927 2398 1275 2053 1293 1026 753 33 2232 2465 2505 1097 113 216 495 138 2316
000725.jpg,536 2090 121 569 988 193 1132 1588 1268 1431 680 36 2117 2333 1793 901 500 332 1065 733 2668 340 2029 866 2786 1418 571 1393 1256 1686 429 2227 878 2108 2743 1033 2217 1562 597 1430 1553 199 979 802 1499 176 886 417 21 2384 427 142 432 555 2267 1492 2451 1699 2380 289 1890 62 1053 2568 1398 2415 554 2078 1329 1266 1910 2640 1952 1888 729 302 868 2798 1886 681 1038 1049 361 1236 2038 2423 2808 1249 964 893 2578 2421 865 1399 2335 698 1879 2221 2839 1429
000726.jpg,285 1221 6 546 582 1603 1891 820 2643 1702 1083 1541 759 750 334 1723 2816 1882 2666 1260 807 1697 620 1605 650 732 181 1570 372 298 2502 973 1537 2152 1916 475 1188 922 2346 1797 956 1153 1858 2313 2043 37 2387 690 1285 2171 1456 594 468 1015 2810 980 1139 2179 1884 941 84 1397 40 1502 2677 1380 411 1763 1761 2118 2303 420 2194 1610 1080 117 2706 1082 2841 148 2261 2768 1979 1227 629 1284 829 122 1184 661 2348 1659 2494 1738 2620 2203 586 1308 2425 1488
000727.jpg,924 1487 1471 1703 1288 1363 2216 953 2841 2502 1605 2152 214 1139 333 2348 2567 2706 1953 1602 22 1171 335 941 621 309 1866 1214 856 2230 1217 2751 2591 171 84 909 2109 1891 2401 2705 149 1019 419 2160 2831 1032 1251 189 1113 1671 1364 106 300 2678 2572 96 594 2079 1927 2816 997 183 1760 2263 1726 2612 2249 2507 2197 2203 1632 2554 443 45 1502 1315 2768 2060 2666 2022 650 2153 2623 1723 236 1365 8 2179 1696 1013 2182 420 744 1336 894 182 37 304 2608 2178
000728.jpg,1710 1701 1489 860 1417 1788 1328 1870 900 348 197 2011 2836 712 1437 433 2649 26 1617 2130 1782 1679 1045 1444 2289 947 2454 2050 817 2375 925 1624 1369 463 179 2241 2840 1649 2817 1208 1381 2707 1656 1623 2528 169 489 2714 2790 2837 2767 1422 1644 2084 2515 440 1658 2769 550 1545 2397 1407 1993 1926 1486 2826 645 2424 445 606 2300 1983 1029 1552 221 2367 1054 1307 480 1934 2076 2411 1663 2088 1796 735 611 2082 1319 1386 2832 1544 51 134 1627 2439 260 312 1190 987
000729.jpg,419 2554 894 2153 96 1927 1632 106 189 1032 2060 1171 2197 2571 2109 1214 22 2567 2751 1013 1336 2079 2831 2425 2705 2160 300 2401 815 1315 2612 744 2313 1251 1364 1987 309 1703 1286 1363 506 762 1661 481 333 2141 468 2216 1283 2261 1844 1288 1108 856 1907 785 2841 2726 84 2162 1139 971 1365 1858 621 1153 171 1749 2194 1227 1199 565 1188 1953 861 1797 661 1727 759 922 1880 2555 214 2058 1217 957 941 2591 1726 2278 2152 1605 45 2502 2643 620 2048 95 1671 42
000730.jpg,374 803 251 2381 1900 364 2040 215 436 737 101 1427 2540 989 2579 2504 1334 581 1883 341 2759 1230 2238 766 2542 962 2323 1798 2644 2114 395 572 2242 328 1683 789 1561 529 1300 407 1801 1971 1786 1257 1197 1559 1898 2277 1207 1106 898 1361 1451 1091 76 1357 1137 1087 1166 714 1558 617 2000 614 2409 1353 485 1928 2072 1175 545 39 1996 2656 1951 1590 483 2784 2787 1306 93 1180 926 895 465 589 1213 1818 2495 240 777 751 2288 1693 2149 1389 564 2066 853 1176
000731.jpg,2510 431 70 1753 1125 1839 2777 2772 2077 2478 1035 2561 1759 2757 315 18 1390 1557 1834 951 1165 2622 2818 2302 1842 2015 1252 2 2663 1938 767 601 191 1443 2686 277 1747 1833 889 2315 2702 1075 2685 2323 2496 2644 1980 1801 2161 990 395 529 269 522 202 1548 2242 297 1235 1406 465 1427 962 2667 2532 1137 2547 2277 1810 374 2624 1207 1333 1767 1353 461 1334 502 1511 1798 688 251 1976 2471 1176 1310 2542 954 824 2249 1845 1107 65 249 103 211 2509 1197 1114 898
000732.jpg,64 1569 48 439 100 2721 715 1453 1796 562 2034 2272 2545 305 1640 2713 155 2433 51 1496 1490 2556 2376 1860 2309 1316 201 2650 1901 1948 1096 1636 2631 1416 1965 2352 2815 2289 2241 563 1658 1584 2088 1218 168 440 1381 194 260 518 712 2628 550 1840 1422 1051 2050 2439 2130 1544 2538 2836 2826 1617 231 1993 1782 1045 1878 1148 2454 169 2649 645 1328 1261 161 747 947 1444 1623 735 1649 2837 1369 2755 2767 1586 2652 480 486 965 784 2769 445 2553 2707 179 1679 770
000733.jpg,1096 1416 1948 2272 2815 1636 1965 1496 1362 2352 64 2721 48 1897 1860 439 1569 1316 1796 715 2556 100 1218 562 2034 194 201 1051 2241 1658 1381 155 51 1490 712 1584 2650 1586 497 2713 1617 305 1261 1640 2309 1552 2628 2433 2088 563 2545 2289 1319 2836 2376 1993 2732 260 2046 2631 258 611 2076 1328 900 445 2419 319 1453 168 2755 1045 1148 1422 2553 1782 659 134 645 2826 992 1901 1878 547 747 770 1544 486 2011 1029 2130 947 231 2454 2840 2767 1486 906 674 817
000734.jpg,1563 238 28 2552 849 2479 2819 2181 2365 505 2500 1532 152 2716 587 458 2250 523 2283 1827 175 705 313 2370 81 2191 2119 2689 972 1896 1741 734 2527 1339 847 2674 2193 2534 2052 1376 2557 2099 503 602 1680 696 671 633 1704 2592 1111 2322 120 2177 711 330 2228 1335 1332 772 1708 1912 2681 354 2764 740 1117 1932 92 1831 2806 125 1655 2687 2144 927 1873 2742 1281 968 268 1314 1923 788 1746 1730 1789 464 1543 456 726 2237 532 1024 1706 261 324 1503 1813 131
000735.jpg,2252 2682 1179 1651 1977 1583 2491 1578 916 2328 2042 841 227 945 998 1920 2647 1063 1579 639 2310 2723 1770 517 2225 2379 9 982 1211 2097 1368 2349 763 887 114 1851 928 1769 1239 1657 919 1367 2729 2026 1791 512 875 2416 952 579 1531 118 1566 1154 1210 515 2792 311 2459 1470 930 819 566 7 25 1585 975 2488 1667 923 1528 1209 528 2793 2462 2778 1354 2803 813 513 748 791 1031 2304 567 2575 2660 1396 1331 2065 492 2658 355 2559 1673 1909 1879 1970 1565 1854
000736.jpg,1796 1569 100 48 2545 715 64 439 2034 2721 562 305 1640 51 155 2433 2713 2376 2309 201 1860 1584 1453 2650 1490 1096 1901 2272 1948 1658 2631 1416 1381 2241 2023 2755 2352 1993 2826 1617 2439 1316 2045 712 1544 1782 563 2556 1496 1051 2628 260 2836 169 1636 194 1045 168 817 2815 2088 1422 1218 1328 659 992 550 860 1878 1261 1417 1369 947 1624 1926 1965 2837 747 2649 2528 1407 1444 1552 2454 559 2289 2419 2046 2817 900 26 221 1148 2300 2130 1644 2050 188 1656 1663
000737.jpg,897 1933 2071 1790 2156 1321 1709 1098 2645 2096 836 2750 935 1638 2432 2201 2450 1736 2342 755 1436 222 1504 1621 2355 2691 1052 2218 850 1806 1044 2512 2446 2362 1865 1305 666 599 2452 2642 2420 396 2823 2627 2537 2593 612 1188 1911 2098 1858 2313 595 1145 477 144 2060 1023 2567 1032 1047 189 141 630 1153 1425 1550 1227 1906 460 829 1892 2587 96 2747 468 2679 2261 1560 1761 834 461 957 2318 2074 1510 1697 2829 1308 1456 320 411 2317 2163 1171 1085 1200 2449 2032 2122
000738.jpg,2171 2043 650 2810 2666 2816 922 1891 1188 1697 2346 411 1763 1723 1916 475 37 1090 1456 1153 586 122 1082 1308 285 6 443 546 1284 1221 807 1865 759 2643 1006 2167 582 1702 1260 334 2268 1603 750 468 1882 1858 1761 2313 820 1541 1083 620 1227 459 732 829 181 956 661 372 1605 2194 980 2841 1797 1380 724 1884 2261 38 2502 973 1570 1537 2118 2179 2449 1250 1502 298 1139 938 1027 1015 1610 1285 2514 2535 594 2168 476 2623 2677 167 2216 2823 1995 824 1474 905
000739.jpg,545 1785 499 1228 1394 1213 2113 304 2178 2066 63 1631 2022 1019 1333 1389 2546 1137 465 1115 1801 1685 2072 954 2277 374 1207 1087 182 529 614 898 1298 1558 803 1334 251 1561 2759 2579 2542 2644 149 1898 714 2323 395 2381 485 1166 2504 2040 1928 1306 101 1175 1427 1300 364 1883 1230 1712 1951 2242 2238 617 540 1257 1798 1760 581 341 2540 737 962 1971 853 589 824 1451 1900 1559 1091 989 1590 572 215 1361 1786 766 1197 328 2409 1683 1176 789 895 2000 93 2016
000740.jpg,1417 1788 1870 860 1489 26 2769 348 2454 1701 1710 1369 2538 925 2649 480 179 2714 550 2050 2130 712 2289 433 1045 1617 2650 197 735 161 1422 440 769 1895 2011 463 2375 1993 2840 1029 1328 2241 518 562 445 1796 305 1569 2837 51 2721 169 947 1552 1663 2836 1640 715 100 1782 64 1649 2556 2707 48 1658 1644 1381 1624 173 1584 2528 1444 1407 645 439 1544 817 2817 2790 1496 1218 2045 155 2034 2439 943 635 2755 260 1679 2411 1051 2545 2300 221 1627 2631 2352 770
000741.jpg,2044 2501 1934 2411 1656 987 635 312 2832 1405 85 2528 943 1102 221 1644 2817 1624 2790 188 1407 2300 817 556 1926 611 1319 547 1386 2082 2270 1422 1983 2574 1092 259 1617 1190 826 1552 2840 550 2544 2837 1029 445 712 463 2676 1428 2670 1796 2397 74 2011 2652 2724 2007 2088 2800 1993 2538 2836 2419 2631 2289 2424 1208 1788 2344 1848 977 562 2133 169 1414 518 4 1782 1158 219 2069 1046 305 1636 440 2307 260 283 2358 2241 2084 613 1381 155 1045 2050 51 1640 622
000742.jpg,2019 2754 575 1691 1482 2080 2383 1523 441 2695 2550 1507 373 845 107 2414 1177 1669 2395 2604 1104 1016 584 2641 55 2176 1147 728 397 2518 1450 1120 1678 830 1194 1244 393 2136 603 863 1620 1646 1732 2275 2630 1517 2733 2780 1805 462 1382 2106 339 357 1183 2347 2684 2525 775 2586 2447 2297 1259 1832 2651 1372 1626 2805 2368 1014 917 1410 2637 279 1073 2166 2804 1611 2033 187 469 794 2360 1169 1846 32 834 902 2489 102 2192 818 2159 2752 1919 2254 2240 1690 2563 2247
000743.jpg,1159 2063 837 2455 1009 2484 264 403 1815 1122 1814 2092 2731 2371 1589 2833 2399 1520 1 2727 2844 299 234 2139 1572 2576 352 913 667 428 1982 2189 1025 307 1238 267 1291 2776 891 1735 2269 2797 2403 1349 17 1571 2412 2486 741 1925 2100 90 2215 1615 2385 223 846 2255 888 2158 1622 1509 2635 262 2834 1549 317 1619 1338 573 1366 600 1539 2431 1698 551 349 2811 1816 2541 2223 1373 2771 961 2138 2338 641 2607 1994 1862 2633 1863 1660 2175 642 195 1480 1807 1618 2253
000744.jpg,752 957 1889 2725 2464 509 1802 609 2457 2404 1766 1880 1515 844 5 2448 744 1696 2115 2128 2278 669 1616 2168 1032 592 2807 2476 244 1768 1726 1797 476 1280 1536 1084 1596 189 1426 498 661 636 2060 42 2572 2678 2720 1525 40 106 448 1927 2048 829 2261 1659 1560 466 2823 1318 454 1556 2188 2014 1637 163 1227 620 229 2751 1199 2688 1364 2554 2263 894 419 2182 2194 1858 468 1632 2627 2562 1188 1064 375 2351 2153 2124 851 759 1960 2425 2571 2522 2608 181 1326 2169
000745.jpg,2769 1870 348 26 2454 1369 2538 925 1417 480 2649 1788 179 550 860 2714 1489 2050 1701 2130 1710 712 1045 735 1617 518 1422 440 2289 433 2840 197 2375 2650 463 1993 445 2011 1029 2241 769 1895 305 1328 562 51 161 1640 1552 1796 2837 1569 2721 1663 169 64 1934 2836 155 1624 645 260 100 1782 1172 817 1649 1840 259 2556 715 2528 2707 48 611 134 635 312 188 2544 1644 439 2044 2088 2817 2501 1486 2631 1407 1656 173 947 2826 2411 1584 221 489 1496 556 1948
000746.jpg,2000 1451 1361 2054 1559 2787 1106 1786 1257 646 1971 727 614 589 658 1951 1306 485 1175 2072 1137 1483 1207 789 44 1447 376 1300 483 1353 16 2656 293 2149 76 240 1469 832 1357 1672 291 1091 1798 1693 803 1749 1334 1900 1535 215 581 2579 1178 989 436 1230 251 2409 714 1346 954 2040 2437 1427 2381 1558 1019 2495 737 374 1389 1180 751 2540 2504 63 1333 824 962 2785 1087 364 926 1166 1801 132 564 341 1996 230 1561 2644 395 1213 1513 572 1685 1197 1115 777
000747.jpg,2656 2149 1693 1786 1106 1971 1257 751 1559 1451 310 2000 1593 2827 832 1743 2787 1361 983 954 1357 2016 2441 2190 132 596 1176 695 1685 149 95 1535 2129 76 293 2202 1856 2745 182 1773 1333 1346 2437 1760 2700 2288 1672 39 824 1795 614 1836 1513 2111 1343 1019 1161 215 1091 63 989 1712 581 2785 1914 436 1900 291 737 646 2542 2737 803 2054 1476 2112 727 926 1180 2495 88 2040 589 564 1818 1207 485 2547 1137 576 2022 1951 251 2072 364 1869 2114 1483 1798 2653
000748.jpg,1394 545 2113 1213 304 2178 2066 1389 1019 63 2546 1801 2022 2277 1228 1785 1333 1115 1631 1087 529 1207 1558 1137 2072 395 2644 898 714 1798 614 572 1685 1298 1300 1230 853 2249 954 727 658 1951 1175 962 1306 589 2323 2579 1361 182 485 761 374 2040 2381 149 1166 1451 499 251 1900 101 1334 2504 1928 2409 824 803 2759 2547 1712 1559 1106 581 1898 789 737 2000 215 1257 436 364 341 1427 1353 2238 1683 1760 1091 465 989 1786 2114 2242 576 1971 766 2555 483 783
000749.jpg,924 1487 1471 2216 1363 1703 1288 953 2249 761 2841 2317 309 333 834 2567 1090 1308 1027 443 1217 1082 856 1250 586 1188 1044 1006 2573 2452 419 96 167 205 724 1697 1757 1727 2555 2554 2245 2043 2502 1605 37 1865 63 2823 938 1394 986 894 2547 2623 752 1763 629 411 123 905 214 1371 2167 1389 474 1456 922 2114 488 122 545 1200 1881 2810 1801 1263 1931 2829 2483 2589 1641 1322 2706 882 2220 946 1685 1019 624 2779 1300 2449 149 2153 1184 1139 1333 1219 2277 1483
000750.jpg,941 2502 2152 1605 84 214 2348 1139 1602 2841 1953 1866 2706 909 1171 2751 22 2567 1987 1214 2109 106 744 1927 1032 189 2060 96 1632 1661 1365 244 957 1371 2572 2115 1616 1696 2404 2141 894 924 419 815 454 609 2554 2623 1889 2153 1525 1280 2162 509 2263 2726 2197 2457 1084 1738 2678 1113 851 1199 621 1960 40 1744 171 844 420 2203 167 1766 1477 2401 2464 1726 2705 2768 183 1659 2448 594 592 510 300 1184 2612 785 1364 1488 2725 1283 2571 2831 481 1397 2677 20
000751.jpg,799 1755 2236 805 1756 1475 1317 1395 1647 2402 1303 721 1972 2061 1921 653 1655 1568 314 2693 1831 390 1967 806 2531 1024 1635 2053 1274 999 1050 1715 268 2059 927 1503 1297 1918 464 1378 412 131 2232 534 484 2765 2698 1273 1706 1875 1011 89 726 1662 1789 1140 2137 2505 2465 1216 2429 1022 1829 1282 1127 822 1039 1275 2244 1472 780 580 1118 1124 159 1037 2715 561 27 296 1293 356 252 452 1465 31 1781 455 2091 1097 326 113 1143 53 389 2794 2301 936 786 363
000752.jpg,285 1221 546 6 582 2643 759 1702 1083 1603 820 1541 750 1260 334 620 807 1882 956 1891 181 732 1697 1797 372 2666 298 1570 650 1723 1285 2816 1153 973 1188 922 2313 1537 2387 1605 1858 475 1916 2152 1456 37 468 2502 2346 2043 1761 1380 980 2118 2677 2171 1884 690 1015 117 629 2810 594 2179 411 2194 1080 1184 1502 40 2303 2425 1979 1227 1763 84 829 1922 1610 2268 1284 1082 281 2261 448 1397 122 2494 661 1659 1205 1865 2791 327 2476 1219 1960 1308 420 396
000753.jpg,2077 2478 2772 2777 1753 1125 70 2561 1759 2757 951 1834 1252 18 2510 2015 2161 2818 1842 2663 315 2 431 601 1557 1035 1390 1165 2302 2622 1839 191 767 277 634 2315 2685 29 2430 1443 1747 2686 1938 889 522 2143 2533 2702 293 24 426 1511 2667 2323 1869 1969 1833 1075 1597 1810 688 249 2172 2509 707 529 646 2024 1886 2320 286 1235 1980 2296 1989 853 2408 792 1114 2624 2583 2644 1689 1801 1804 417 91 2787 2054 962 126 2673 990 1012 67 1767 213 555 1149 1849
000754.jpg,767 277 1938 1833 1443 889 2686 1747 2496 2777 1753 2702 1125 2532 2478 2772 2077 2315 2510 70 211 951 1759 2757 1460 2561 431 315 1980 2302 1165 369 1834 2818 1989 2 2015 1557 2663 1390 18 1252 191 1035 1842 2622 1839 2685 990 2624 2323 500 980 1333 297 1413 2245 1884 36 601 103 461 1845 126 2022 1418 1793 2098 1235 63 1767 1047 167 1137 20 1423 1023 1952 1263 688 988 2620 733 684 1801 374 2829 395 193 1080 1431 2514 2249 1065 1511 1593 72 824 903 1502
000755.jpg,196 353 98 776 2474 585 1643 1625 2067 869 1963 701 233 2081 1819 1864 2462 2256 2334 2361 2103 1042 910 2353 781 1402 276 1600 809 381 1188 1344 2001 2012 1227 476 820 1221 2027 732 2261 661 1702 1541 620 2194 2048 546 1419 2643 285 1791 1153 582 1909 669 1697 2278 829 807 975 759 1797 871 1761 1696 982 1977 411 181 1260 2793 1565 2582 813 2252 2349 2168 1083 446 1667 2264 247 69 1105 636 7 922 1031 1179 1603 1583 1858 1204 1865 2331 875 2682 372 2225
000756.jpg,105 2394 1778 416 11 883 1946 2110 664 301 2331 1419 243 1002 2697 1271 2560 908 337 1309 7 673 151 1152 749 2830 2600 94 2711 1331 2458 1040 1020 2005 1968 2196 318 2793 1966 2417 1742 2087 2730 1581 593 632 2290 1673 487 435 984 1614 1325 1854 678 1495 1119 1705 2452 1036 1247 1006 2519 2696 1978 855 1170 568 1311 1370 874 1138 1068 1681 513 490 821 1442 1142 1200 1573 365 975 1396 1005 355 605 1105 544 800 1554 1209 774 2147 2377 1527 2718 2559 434 937
000757.jpg,1908 1107 931 702 1767 1830 1114 284 768 903 848 2388 65 1340 1310 1254 835 2471 2601 1512 502 2667 1845 2624 1608 126 990 250 1235 1720 522 1821 688 103 297 1323 684 2276 578 1413 1975 2314 1391 1186 767 2323 2302 1165 1075 1197 962 277 973 395 1035 315 1839 1390 1144 2644 2315 1406 1113 191 2620 676 2561 2622 1798 2495 1570 249 1263 1557 1810 1334 581 1012 2299 2509 1620 1801 1922 2699 1538 1759 2245 1166 1938 2772 2571 1443 1394 1423 2251 482 2277 2224 783 1184
000758.jpg,269 1548 531 2685 2315 1073 1035 277 1593 1833 2302 191 1165 1980 2483 44 1194 2296 2518 1406 1747 1443 368 1200 1865 889 1075 2 767 1732 1300 2641 1979 111 1938 83 2510 683 2318 2561 980 1725 55 1263 1502 1839 1147 1750 1884 576 2176 824 834 1557 2180 167 2437 1285 1499 2663 568 431 1990 2499 733 2249 1767 1943 202 1810 1284 946 1869 1387 2547 728 1483 500 397 1195 2702 1012 65 1267 2495 444 1456 2686 1390 1197 2772 249 465 1919 1570 1206 1501 60 993 1057
000759.jpg,1697 1188 1153 411 922 2167 2043 2816 2810 650 2171 807 2666 546 2268 1865 459 6 582 1761 1221 1763 1891 285 468 1858 829 759 1260 372 2313 2643 1380 661 1456 1882 669 2823 2168 2261 2194 1702 1541 1083 620 820 1227 732 181 37 1797 122 1603 476 956 1911 2476 1090 334 1284 750 2346 38 586 1560 229 2677 1723 443 1082 636 2627 448 281 2425 1308 2807 2278 1916 2387 396 1696 5 1768 1515 1536 2514 980 1139 1006 629 1267 1318 1884 1995 2048 1015 1570 1032 1084
000760.jpg,2044 2501 1934 2411 1656 987 85 312 635 2832 1405 2528 943 221 188 1644 611 1102 556 2817 1319 1624 2790 259 1407 547 2300 1422 1617 1428 2241 1386 1796 550 1636 817 2007 2419 2082 562 305 659 1983 1552 2133 1158 1045 1848 712 155 2439 2545 1381 440 1782 2652 439 51 2088 1046 2837 900 1208 1569 260 2270 1640 826 1926 1840 169 1092 2046 2826 2836 64 1993 1878 201 1544 992 2574 2358 2544 1658 1414 563 518 2050 2721 2670 219 74 2069 4 100 134 1029 2034 463
000761.jpg,2156 2071 1321 1790 1098 1933 2645 897 1709 2750 2096 836 935 850 2432 1504 1638 1436 2355 2201 222 2218 2691 2512 2342 755 2450 1736 2362 1052 1305 1806 2593 1621 1911 2420 2567 477 144 2163 453 2452 460 1044 1757 164 1510 72 595 823 612 2751 1661 177 2722 2446 981 2679 2109 401 396 2587 1214 2150 84 1085 1171 2122 461 2829 2636 2642 1160 141 156 882 2775 22 1047 1903 785 1145 2098 816 208 856 172 2404 1628 909 1023 1163 957 599 123 99 1255 214 2747 96
000762.jpg,2000 1361 2054 1451 1559 646 727 614 658 2787 589 1786 1951 1106 1971 1257 1483 1175 485 1137 2072 1306 1300 483 44 1353 789 376 1447 1207 16 240 1749 1469 1672 2579 293 2437 291 2656 1178 251 824 832 1357 803 1836 1513 1535 2555 1798 1230 2784 374 2149 1900 215 2381 1883 581 576 1091 1693 1801 63 1161 1427 954 76 2547 1727 2040 2504 1019 1685 1180 1389 2409 1333 1346 436 2540 2644 1593 1394 132 1334 1115 1558 1990 545 395 962 1743 2785 714 1087 1176 2190 1996
000763.jpg,2346 2666 650 1891 2810 2043 2816 475 2171 1916 1723 922 1697 1188 37 820 1541 285 750 1603 334 807 546 1221 1153 411 1763 372 6 582 1882 1865 1456 956 1082 1308 1570 629 586 1605 1537 1090 2841 1761 924 298 2387 468 2677 2502 1260 443 759 2167 980 2179 1502 2643 1884 973 1284 1227 1006 1285 594 1858 2313 122 1139 2494 732 1250 2261 1487 829 1397 2216 2245 620 2194 938 1184 1702 2268 1462 2483 661 1979 38 1080 375 167 1471 2118 1015 117 2768 1263 1083 148
000764.jpg,2619 30 2271 787 1445 2517 810 71 2529 638 718 958 1440 386 1939 143 697 1129 1514 1684 2298 1294 1360 1258 665 2481 1446 1270 2616 1112 2246 1630 1694 2185 1215 2584 1411 969 2710 2524 795 2104 273 1242 2801 2709 2444 127 1863 641 352 991 2175 1925 879 1619 2460 2595 1982 2339 1816 2771 1480 557 1539 1807 1373 888 1366 2385 2455 147 2844 2833 1735 1811 1059 1607 2797 2139 1341 262 667 685 2226 1295 551 1660 2468 1509 1069 577 1571 299 583 2363 2138 2633 342 706
000765.jpg,633 503 2322 872 1335 2773 772 1314 1680 711 120 261 2199 2193 1704 2265 1111 2250 602 2681 2052 1955 2592 1297 1730 1332 464 2764 1655 1117 1831 1706 2687 1929 1003 2105 2237 740 1917 2610 2191 159 890 2594 1293 1097 31 927 2715 326 580 1650 2806 1873 1543 877 2144 1912 68 2228 238 1275 1156 1026 92 972 125 1789 649 1143 968 2236 2062 1262 552 1376 1011 2789 671 1135 2306 1099 553 2812 1974 1746 1118 1885 455 532 2689 2698 505 1813 1281 587 131 1956 2597 1852
000766.jpg,767 277 1938 1833 1443 889 2686 1747 2496 2510 1753 2532 2777 2315 2702 70 1125 2772 2077 2478 431 1759 951 2 2757 211 315 2663 1834 2561 1165 2818 2302 1390 18 1557 1989 1980 2015 369 1035 1460 1842 2622 1839 1252 191 2685 601 990 2323 2624 1333 1418 1413 461 1845 500 1767 297 72 1235 126 1065 571 395 36 980 1137 2022 1801 688 522 2245 63 2667 1263 103 1793 2644 417 1114 1884 733 1908 1548 2249 2668 954 2829 931 578 2276 1952 1340 2471 597 1976 684 1423
000767.jpg,909 1602 1953 214 1866 1477 2348 1139 1365 2841 1766 1696 2706 1889 2404 2725 2115 609 941 957 2109 1171 2448 2751 84 509 744 244 1757 1616 2464 2457 5 43 2567 22 1214 123 2141 882 2150 1108 986 2726 189 1744 2060 167 1255 785 844 592 2162 1032 1987 1515 2128 971 473 669 752 1084 2502 1802 1661 1283 2169 1904 2188 2197 419 924 1927 2688 1487 2014 1605 1280 476 448 959 2572 1199 1556 454 96 20 2823 411 1596 106 2425 1188 163 2124 229 306 375 2408 894
000768.jpg,1710 1489 860 1701 1328 947 1417 712 1444 1617 2836 1663 1679 1782 1045 1993 2707 1422 1623 1381 2130 1054 1369 1658 2837 1649 2241 2050 2454 169 2011 2649 2767 900 1870 2714 348 179 1569 1437 26 925 1796 1218 197 1416 735 51 1544 1948 2840 64 440 2034 1788 1096 1640 480 1486 2769 2721 100 445 1552 463 2628 1051 2439 550 1261 715 817 2289 2352 1208 155 562 194 48 305 1624 645 2528 2545 2419 260 2790 1029 2300 1407 433 1644 439 221 1926 2826 2817 635 2088 2652
000769.jpg,1754 1038 2421 2520 2210 1041 1272 640 13 1949 323 2671 377 828 2578 1668 2602 1374 2828 2539 672 2032 1429 933 56 2428 2047 2629 370 1337 2798 1189 729 865 1049 2038 2120 2221 698 932 2031 964 1070 1399 123 2083 1255 839 882 986 176 743 868 1329 2423 2267 1553 2380 142 979 955 2786 2387 1033 1492 427 1888 1521 1757 555 1430 289 1256 340 2743 2029 1910 2451 1236 1393 1890 1431 429 2150 2668 2117 2348 1699 2335 21 554 2227 1764 2568 2415 2808 332 2217 36 1686
000770.jpg,1213 2066 2113 2178 304 1389 2546 1019 1115 63 2022 1394 545 1333 1785 1228 1685 1951 1175 149 954 485 1306 1300 614 2072 1137 182 658 727 589 1207 1760 1712 1361 1451 1559 2249 1558 898 714 1801 2000 1798 1087 2277 1230 1106 215 2409 1166 737 962 1631 395 2644 1786 1257 2787 803 1971 341 2054 581 1900 1334 2040 1353 572 2323 374 436 251 101 529 364 989 1883 1161 1483 132 761 2504 2656 924 1298 2381 1928 1561 2242 1683 1427 16 1091 1898 2540 2114 483 1176 646
000771.jpg,493 2174 1234 2004 1861 57 1792 1358 1580 1034 2418 1930 2125 280 2672 210 859 366 976 2461 1575 570 1196 746 793 1758 756 1392 689 1276 1279 1724 133 1665 797 1859 548 2184 2374 2456 1664 1947 2327 2330 2838 1072 294 1776 2694 1765 1375 2186 663 2229 422 588 228 2206 1551 857 2039 2123 720 1457 2548 1030 1877 158 1887 801 242 583 2662 2581 2541 2590 704 1350 1193 2332 1086 2739 2703 2356 77 880 885 2198 1229 1191 2659 263 421 1043 2321 1377 656 798 170 1675
000772.jpg,1096 1416 1948 2272 2815 1362 1636 1897 2352 1965 1496 64 439 194 2721 1569 2556 1218 1051 48 1860 1586 1796 562 100 715 1584 1316 2650 2034 497 155 51 201 1490 1658 1381 712 2289 2241 2628 1640 1261 2713 2755 305 2545 2433 1617 2836 2046 747 258 2023 1552 770 2088 1993 2309 2376 2631 1328 563 1782 645 1045 445 260 2553 1453 2767 947 1029 2011 134 1544 2130 2735 2732 1444 992 1649 168 2050 1422 1319 2454 1054 2837 2419 440 231 2707 319 900 1663 463 2840 611 1148
000773.jpg,2656 2149 1693 1786 1971 1257 1106 751 1559 310 1451 2827 1593 832 1743 2000 983 1361 2016 2787 2441 596 132 954 2190 695 1357 1176 95 1535 1685 149 2129 1856 76 2745 2202 182 1773 1346 1333 2111 1795 1343 1760 2700 824 1513 293 39 215 436 1900 63 1161 2288 1091 2737 989 2437 737 2040 1672 576 581 1019 2547 2542 364 88 2112 926 2785 1712 1476 803 789 1914 291 614 2504 1836 2495 1207 1434 1818 766 2114 1180 1847 341 564 2242 2381 2022 1004 251 2238 75 1137
000774.jpg,493 2174 1234 2004 1792 1861 57 1358 1034 1930 1580 2125 2418 280 2672 976 859 1196 366 1575 746 210 2461 1758 793 570 1279 1276 1724 756 797 133 1859 548 1392 1665 689 2456 2374 1664 1947 2184 2327 2838 2330 294 1776 2694 1765 1072 2186 1375 588 2229 422 663 228 242 158 720 857 1551 583 2206 1030 1887 1877 1457 2039 2123 150 801 1193 2541 880 2739 1086 2581 2590 2703 1191 263 2332 885 1350 2321 1043 2356 2659 704 2548 2662 934 656 1229 170 77 2198 1432 884
000775.jpg,1569 64 100 48 2721 439 715 562 1796 2545 305 2034 1640 155 51 1453 2272 2713 2433 1496 2556 2376 1316 1860 2309 1490 2650 201 1948 1096 2631 1901 1416 1636 2352 1584 2628 2815 1381 1965 1544 2241 2289 440 1658 563 2439 2836 260 2826 1782 2088 169 2050 1051 1840 194 168 518 1422 1617 712 1993 550 1218 2130 2837 645 1878 1148 1649 1045 1328 735 2840 2538 2649 2767 900 2652 1261 947 2454 2707 1623 231 1444 2755 497 2011 445 2337 161 1054 1586 259 965 950 197 433
000776.jpg,2044 2501 2411 1934 1656 2528 1644 2817 1102 2790 312 1624 221 85 635 943 2832 1405 817 987 1926 2300 1407 1796 1569 2034 188 2545 2721 64 100 48 439 556 305 715 562 611 155 2241 1640 51 712 1381 1319 1617 1636 1658 1782 2439 1993 260 550 2826 1544 659 547 1422 259 1045 563 1552 1878 2433 2836 1386 201 2088 2007 2419 1316 2713 900 1983 2309 2652 1428 2082 2352 559 2133 2046 1046 1840 2454 1860 992 1208 169 168 2837 2840 1490 1486 2011 497 1444 1848 1965 1092
000777.jpg,982 887 1470 1531 2065 1791 748 819 1667 2792 2328 2491 118 2575 1585 916 2042 2225 763 567 1179 1211 2252 1578 1977 2778 930 919 2723 2682 1851 1769 2310 227 841 945 1651 1354 952 114 639 2647 1579 808 1063 2416 2793 1770 517 1920 998 875 2349 928 1210 311 7 2379 1854 1583 975 1657 579 2304 528 382 2711 2097 2488 25 2729 923 1209 2459 2559 778 1154 2026 513 9 2658 2618 151 566 1271 492 1368 1367 512 1970 1239 1528 515 1566 2636 2140 446 1963 1981 662
000778.jpg,1749 483 1353 2555 789 240 1727 2058 1300 834 2784 1883 1801 2277 1672 2579 2249 1394 1483 1277 576 2437 824 2547 545 529 44 465 16 2644 761 1836 1178 395 2317 1447 1990 1228 63 95 1685 1361 1161 596 2700 376 1743 1213 1389 2066 2113 1513 132 2546 2178 499 2504 1451 2785 1137 2190 2054 1176 2000 1087 1019 1476 1230 1631 149 304 1333 251 1106 2759 2238 572 1559 1115 766 88 1798 2022 1914 2202 695 1469 1593 1804 2745 1091 1971 1785 1207 614 1847 962 1304 983 954
000779.jpg,2018 2146 2284 719 764 1289 2008 2551 247 1403 190 153 1534 1577 1157 2582 914 35 1493 1351 1121 1204 1915 723 2485 604 58 1128 1997 212 539 2487 1247 874 343 1359 2824 206 549 862 2585 1751 303 2209 615 2204 2110 632 450 2793 1347 871 2361 2603 1772 151 1271 516 812 2718 1970 2165 2453 664 2555 869 2792 7 121 2711 1566 1854 1228 2405 2658 2550 536 1246 2067 1066 975 1727 998 2058 416 1633 1210 513 490 1762 2449 1136 569 1958 1006 2536 1367 988 2293 1791
000780.jpg,1979 1184 2494 117 1502 2203 2303 1659 1205 327 2179 1198 2573 594 1687 1537 298 1570 510 1922 1113 23 690 1738 2768 1397 1400 1488 2620 148 275 2030 1080 2521 420 2791 1285 973 953 1371 2572 1960 2623 2678 1082 1425 2535 1308 1525 2263 448 167 1006 1605 20 924 40 2222 1726 205 325 1884 1641 37 2841 1280 2245 443 745 1474 946 980 586 907 2118 1471 1456 1084 2502 1284 922 1015 1891 454 1090 2706 1697 474 475 1423 1723 1763 1661 2167 851 2677 2346 122 954 1250
000781.jpg,2533 2320 1149 29 2673 293 286 2172 2021 2143 634 24 1597 967 2430 1804 1719 426 1689 213 2408 2024 2638 707 754 2756 2354 1849 1728 2787 739 1478 1448 2224 2615 2295 1231 853 1265 2413 1269 1529 792 91 119 135 2235 184 1867 1722 2390 558 1296 2472 2054 646 2566 1383 424 2296 2000 80 1984 218 1733 1533 19 1451 1361 1798 376 520 757 1334 1535 1559 1312 1469 1106 1447 2644 1886 529 1786 1207 1236 2072 1801 1091 291 2409 142 832 962 76 2323 1558 2014 714 1346
000782.jpg,346 2821 2467 363 2690 52 936 402 471 1438 108 786 478 753 2398 2407 2301 1481 2465 2505 1008 418 1220 628 2244 758 1662 1022 1465 484 1378 780 467 2059 2429 1918 806 389 840 2634 534 1787 2687 430 207 1275 2765 452 1730 61 89 654 1568 2285 1026 2669 295 225 53 1692 1048 1929 2806 290 2025 1039 331 1789 2632 2611 2794 1097 1756 1612 1024 138 192 1124 2531 653 1293 2061 655 241 1647 2142 1216 1140 2070 1475 1822 1921 1503 1317 49 113 1395 268 999 2396
000783.jpg,1628 401 453 2163 437 1233 380 73 1599 2074 981 2055 141 823 399 760 1023 1872 1510 2587 595 208 99 731 2469 2122 1160 2126 1717 1903 2655 1047 1145 2098 612 177 2829 2747 2679 816 461 1085 1163 477 1976 460 72 2009 2636 172 2722 2274 1808 1784 222 1688 2452 164 694 1436 174 1504 2775 156 1241 2218 1415 1404 2750 1305 1321 2577 1682 1100 599 1155 2071 1933 1263 2645 1098 2117 897 2201 1479 1790 2691 2512 2483 2432 2267 935 755 500 2362 2410 1089 193 923 1322
000784.jpg,1730 1275 2687 1929 1789 295 464 2806 1706 927 1655 1831 268 1875 131 1262 1026 2715 504 1011 999 2301 2236 2142 1097 806 1813 1022 1293 2059 31 324 2765 2531 455 159 1503 456 125 780 580 1024 326 1378 241 1932 1923 1039 1475 2285 2244 452 1281 1912 1568 1843 2407 389 1822 484 418 1062 495 840 653 788 331 1143 467 1662 1465 290 52 89 2565 501 346 1240 534 1274 1008 1481 129 1118 786 2429 2232 726 2634 2062 53 655 33 758 430 799 2137 1297 1755 1787
000785.jpg,702 1830 931 1114 903 768 848 1107 1767 1908 1340 284 2388 2471 65 2601 502 1310 1254 990 835 1845 1608 1720 250 2624 1821 1235 1512 103 297 126 688 684 1323 1975 522 578 2276 1413 1391 2314 1186 2667 767 1839 277 2302 2323 1165 395 1035 962 973 315 298 1285 2644 1922 1570 1397 1390 431 1557 1759 1798 2620 1263 2 1753 191 18 1075 1144 2622 1423 1015 2510 581 249 2509 2772 1810 1219 1113 2663 2077 2777 1184 1938 1125 117 2677 1012 1641 2494 2478 420 737 2561
000786.jpg,18 1842 2663 2 601 951 1834 1252 2015 2818 1759 2757 315 1753 1125 2777 2077 2772 2478 1390 1557 70 2622 2561 2510 431 1165 2302 191 1035 2161 1839 767 1938 277 1747 2315 1443 2667 1833 2686 889 522 2323 2702 2685 2532 1114 1989 1075 1767 962 1980 2624 211 931 249 634 1810 529 395 369 1798 1406 2644 1012 126 1845 2509 202 2583 1801 2496 1334 1460 990 578 29 702 2430 1413 1511 2759 1928 2143 67 768 688 2276 65 853 1166 1969 1235 1821 426 1830 714 792 2172
000787.jpg,1334 1801 2277 529 2323 2644 395 374 465 499 1798 803 2579 1230 251 962 2759 572 2542 1427 2540 2381 545 1561 1631 101 853 2504 2040 364 1883 1197 1900 1928 1166 215 898 1394 714 989 436 1300 1087 737 1207 1683 581 2409 789 2238 1590 1558 1137 341 93 766 1898 895 2242 2072 328 1785 1971 1228 1257 614 1389 1786 485 1306 540 617 2546 1115 2114 1091 1951 1451 2113 1175 1213 1361 1106 1333 76 483 1559 1353 2066 407 63 1346 240 2178 1019 646 1298 2022 2000 2656
000788.jpg,1236 2267 2380 1699 1430 1553 1492 2078 142 802 1886 429 1431 2333 1053 2568 2217 36 2415 555 866 2117 901 743 1890 868 427 1793 1888 2423 554 878 733 1499 1256 2029 500 1588 1132 2668 289 21 1033 680 1562 176 536 332 302 2743 681 417 292 62 1398 361 2786 2451 193 78 340 893 988 1393 597 199 2227 121 2108 1686 1418 886 1065 569 979 2387 2221 2038 2224 1406 2047 2539 2032 432 1038 1041 2421 571 2384 56 1429 323 2324 249 964 2090 1012 1399 2428 123
000789.jpg,1752 1545 1146 2832 312 1102 2790 987 85 221 2389 1926 2300 1624 943 2411 2528 4 626 1934 1656 1644 1407 635 2367 2817 59 1405 817 2501 1316 1202 1386 1737 2069 556 547 2082 2270 2044 950 2556 440 1636 826 188 518 613 2241 2836 2837 1617 1782 712 735 283 1422 611 2840 1496 169 2050 155 1840 900 1045 1649 266 2631 2826 2454 1796 1993 1965 1878 550 947 2538 1381 1710 1092 1319 2133 2649 1799 1552 2088 2477 480 2289 1190 2439 2424 26 1983 1417 1444 2515 2714 305
000790.jpg,2070 1141 1506 2669 383 192 654 2025 61 245 525 1781 1787 2794 49 225 207 139 2396 1780 2311 408 2280 1356 1248 2173 1127 625 239 2164 1435 1505 252 1598 209 1282 2091 838 679 356 296 858 216 113 1216 1140 455 2232 1097 2698 1293 2470 1924 1262 1168 1299 2062 580 2137 1124 822 326 31 159 1143 1500 27 346 2053 655 618 1692 1037 200 2690 1273 653 1274 33 418 2279 1829 1822 331 1568 2406 1011 290 52 2316 2806 1941 295 402 1706 1118 1275 2467 1481 464
000791.jpg,1440 143 2185 1129 386 2517 2529 718 2271 697 958 1684 810 787 1445 2298 30 1411 2619 1514 2584 71 638 1360 1694 795 1215 969 2524 273 2104 1242 1630 2246 2801 2616 2460 1294 557 1446 1939 1112 879 2363 1366 2844 665 1816 1480 2833 2139 1539 2481 551 1619 1258 1059 2633 2226 1982 2607 342 2710 2175 1925 1863 1660 2444 2385 2541 1270 667 2797 991 1025 299 2776 2092 867 2431 2731 814 2468 41 1947 2672 1571 352 414 2749 1807 888 385 1735 1373 1549 127 641 2709 2473
000792.jpg,645 2011 445 1552 2840 1029 197 463 134 2538 1253 2289 518 1895 2375 433 2735 1328 2650 2050 550 2769 440 1993 1054 1422 2130 259 1617 735 2454 1045 2631 2707 1623 2649 2088 2544 712 1444 1788 2241 348 51 1679 2076 1870 480 1649 1663 319 260 562 155 2714 169 947 563 305 1840 161 1208 179 1640 2287 2837 26 1417 769 900 1369 1544 860 1983 2133 1172 635 1486 659 2676 439 1148 925 2439 2826 1782 2836 2419 64 2044 2148 2721 977 1307 2652 2482 2724 2082 2767 1901
000793.jpg,783 1093 949 2737 1343 2111 1856 540 1898 1914 940 2441 407 2112 1683 2242 1999 2785 596 1004 2827 983 617 88 1476 95 2202 2745 2190 695 2422 1561 2413 1176 1743 1996 766 341 777 2295 328 132 558 1091 2547 2114 2759 1103 2238 1801 310 1230 824 135 2523 2644 2542 2317 34 2277 395 2323 1304 581 1727 1448 1631 1535 1749 576 47 230 1116 1693 60 2555 529 2504 198 1714 737 2058 2579 2180 789 1846 1434 1224 1178 962 1728 63 149 2040 1298 1713 1197 1773 572 1161
000794.jpg,1054 1679 2707 1623 1328 1663 1444 947 1649 645 2767 2837 2011 2836 1782 169 1381 1658 445 1544 712 2439 1617 1045 2840 1422 2241 2628 1029 1993 1552 197 2050 2130 735 51 1948 440 2352 1218 2649 194 1640 1253 1261 2714 1051 179 1416 155 463 1369 64 1096 550 305 2289 1569 2272 48 2454 439 2735 1796 562 1870 433 2815 134 1840 900 1417 715 260 2088 201 2721 1437 563 1486 860 1636 2133 100 480 2631 1489 1208 2045 2652 2419 1496 2826 2650 635 161 1584 925 26 965
000795.jpg,1752 1840 1316 1636 1965 2241 1496 1545 440 1146 1381 2836 1878 1658 518 2556 563 155 1782 2826 1544 312 2439 2628 1123 735 51 2832 1640 305 169 260 900 2840 626 168 1422 712 2837 497 1796 2501 2713 1934 2050 550 965 1045 1148 978 1617 1901 2815 950 2272 1948 2133 1586 2088 987 562 2433 445 2652 2289 221 559 645 1649 1486 1444 2424 947 201 1096 1552 259 1569 1092 2069 2367 1437 2419 59 231 1860 2538 2034 1624 4 1656 547 2817 64 613 2553 85 2309 2721 1453
000796.jpg,1093 783 1996 1091 540 777 341 407 2242 230 2111 1856 1914 2785 328 989 766 2441 1818 2281 564 926 2114 2238 1343 1898 1180 2737 1683 2288 2504 2644 1999 581 596 2413 1230 2295 364 2827 95 2759 2040 983 395 949 1900 2579 1743 39 2495 737 1448 2202 617 529 2190 1801 1561 789 2381 1728 1535 2745 436 2547 215 101 695 962 1176 2756 310 135 240 754 132 1476 2323 2112 76 483 374 824 1383 2542 572 739 291 558 803 2615 1883 1593 1231 2784 1447 1265 2277 967
000797.jpg,1545 59 2389 1752 626 2367 4 1202 950 1146 1737 1799 2082 2270 1386 547 826 987 312 556 1624 85 2069 613 2832 283 611 1407 2300 1319 635 188 1934 2477 440 2840 1926 817 1656 221 2790 2044 1405 1649 2501 2411 1102 860 1552 2817 1644 2289 1422 2011 943 1701 463 1788 1993 1328 1623 445 2528 2837 2241 735 1316 1617 2375 2050 1029 1045 266 1417 259 169 134 1496 2312 2130 433 2076 2631 1489 2088 2133 2424 1468 2836 1679 1437 900 550 1584 1544 1710 563 197 2148 2556
000798.jpg,1946 883 2788 1005 2299 2730 749 2364 673 2746 2290 1110 1670 1068 593 544 1966 1243 1783 1794 112 2151 2549 605 568 1379 1498 1311 1131 1968 365 336 434 821 435 2560 1040 1020 2830 2095 1581 937 1309 257 811 410 2697 730 870 855 2251 2417 94 1573 2377 2005 678 535 1871 338 2196 1142 1527 1634 1850 610 881 1731 2087 1325 2243 1424 1511 1079 1526 1969 1442 2680 2145 800 1138 1455 2219 2516 11 406 717 2519 253 1133 1779 416 1385 248 2613 743 186 2423 774 1479
000799.jpg,1254 1310 1512 65 835 1107 284 2388 1908 903 702 309 768 1013 1277 684 2079 834 1608 1720 1821 333 1830 2058 1336 1975 2555 856 1340 1114 2160 931 2571 1907 1315 2197 1286 250 990 1449 1217 502 1104 1749 205 2547 2823 1620 2216 2425 2831 576 848 2080 2401 1703 861 1767 95 2471 1057 400 677 1727 2317 1363 297 187 596 1304 2239 1458 240 2136 300 1318 1194 506 1032 1844 2313 1536 636 2601 2780 1288 1517 396 824 42 462 1940 2579 1669 2296 271 2073 1450 2096 2503
000800.jpg,1796 1569 2545 100 715 2034 48 947 2721 64 1328 1663 712 1444 1617 439 51 2836 1782 1422 1045 1640 1381 1417 2837 1679 1658 305 1993 562 860 1649 1623 2707 169 1489 2767 155 2050 2130 2241 1369 1054 2714 2433 2649 735 2454 1710 179 2713 1870 221 900 1544 2439 1701 1407 480 440 1218 260 550 943 1096 925 2309 2826 2011 26 2790 201 1437 1416 2631 194 2300 1486 2088 1405 1860 2650 1624 2289 1261 563 2528 1948 2352 2769 2840 1552 1926 1644 1788 2082 348 2628 1584 445
000801.jpg,2685 1980 2315 2702 277 269 767 1548 1165 1073 191 2518 1833 2302 1120 1443 1989 1147 946 1557 1678 1747 2510 1620 431 1380 1285 889 830 2 1732 1869 951 315 1753 2663 1450 2622 1252 2015 2275 1943 1979 2686 211 1697 2818 1641 973 1884 2245 1390 2535 2314 298 603 2677 1082 2251 2478 369 1308 1938 980 1460 1263 2496 845 2151 2772 2532 2695 1413 863 1834 1850 1125 393 1767 1442 2748 2777 441 2161 2005 83 2077 1131 688 2494 1006 1502 18 2667 2167 1794 1243 584 2483 1537
000802.jpg,2019 2550 1507 2754 575 1669 1691 1646 1104 863 1450 834 107 603 1244 830 393 2080 1482 1805 309 1620 2641 357 2136 2555 775 2586 2254 856 462 333 1177 1147 1169 2630 1217 1277 2275 339 2780 1611 794 2247 2192 2733 1016 2383 457 2414 2058 1365 2395 1727 55 1734 2317 1907 2233 2197 1732 2360 1523 2604 2150 1120 1757 1517 2347 2176 1678 2591 2326 584 2159 986 2277 1626 1044 861 1791 1032 398 2079 240 1458 2621 1919 845 2234 102 2211 1748 1804 2297 1801 1372 2572 2447 34
000803.jpg,1979 2494 1184 117 2203 2303 1659 1502 1205 327 1198 2179 2573 1687 298 594 1537 23 510 1570 1922 1113 690 2030 2791 1400 275 1738 2620 1080 1397 1488 2521 148 2768 420 1285 973 2572 1960 1371 1425 2623 2678 1525 2263 167 448 2535 20 205 1082 1280 40 1084 1726 1308 953 1884 2222 454 325 2118 745 980 1006 1605 1474 1641 1284 1661 946 2245 1015 907 1456 2706 851 2677 122 924 2502 37 443 1697 629 474 586 2726 396 1995 84 2152 2101 1250 2014 1263 306 1423 1610
000804.jpg,167 20 454 1995 115 38 2726 2222 2573 2268 1744 2823 2162 1697 2167 1456 2030 459 1661 2791 122 1284 1911 1502 1205 372 298 1188 411 2303 980 1082 117 2179 23 1570 189 592 1884 1285 1659 1308 2203 1865 1184 620 205 2623 275 2128 922 851 327 1171 396 2118 1610 2060 309 1797 1032 1080 759 2101 2313 586 1260 1960 690 1015 1858 510 40 1537 1556 181 807 829 2554 2245 2494 2627 1280 473 1979 448 443 1738 1637 1198 1214 419 1199 163 1153 2169 37 744 2643 2153
000805.jpg,1548 269 531 1725 368 2499 1200 444 1986 1263 2245 1833 2483 1326 676 2014 1423 1035 1088 980 1712 2051 1750 1817 2118 1502 1443 306 796 375 2249 1938 1884 111 2124 182 1682 946 2573 2318 1849 425 473 1570 1197 824 2506 2685 1839 1219 2179 2653 2829 1711 1979 2180 1462 1582 2599 1284 298 594 2303 767 1267 1073 1206 1439 1747 1412 1641 2561 1183 2296 1760 1061 1165 149 1456 205 1387 2494 76 1394 73 1501 2323 2122 136 191 277 2154 2112 2203 44 889 2410 660 1529 1205
000806.jpg,1944 2294 1055 725 2728 2207 2135 1056 899 2558 165 1212 137 204 1825 2842 2825 2741 1606 447 1130 116 2766 2511 1547 2736 2305 494 1463 2057 2435 1134 97 246 1899 692 2291 2041 1940 1935 146 1874 1067 2248 2292 2580 1841 1126 2382 1464 1223 1076 2258 574 1937 2813 2286 2719 647 686 1639 948 2708 2683 2639 677 1986 442 1185 1452 2393 362 2438 804 2068 2319 1777 657 682 79 491 2665 722 329 2569 2413 1868 2441 2111 2295 1592 140 2827 783 540 2506 135 1962 1448 95
000807.jpg,2669 192 2025 2070 61 654 1787 2794 2396 207 1781 225 245 525 49 383 408 139 239 1141 2280 2091 2164 2173 2311 209 1506 1282 838 296 356 1127 1248 252 1356 1780 1505 625 679 1435 2137 822 2232 1598 346 113 52 1022 858 1097 295 1216 1568 1293 1143 1275 418 1929 1274 2301 1481 1730 216 2806 455 1262 290 1124 1140 1822 2821 786 430 2765 2687 653 2053 1037 580 2142 788 2407 159 1168 1118 1299 655 331 402 1692 1008 363 1813 268 326 1378 1706 1503 936 464
000808.jpg,2381 1900 364 436 2040 215 737 101 803 2504 989 374 766 2238 251 341 1230 581 328 2242 2579 572 962 1427 2540 1883 2759 2114 1683 395 1798 2644 2323 407 789 1334 2542 1898 529 1300 1091 1257 1971 1786 1996 1801 1106 777 1561 1559 1818 926 1357 564 76 2277 1180 2495 1451 1197 1361 2784 2288 617 483 1353 39 2000 230 240 1137 545 1213 2546 2787 1207 1389 2066 304 2113 1693 1087 714 2178 898 1093 2072 1115 2656 2281 1951 1166 1558 2149 614 1394 1306 1175 751 824
000809.jpg,2043 2810 2171 1188 650 2666 2816 1697 411 922 1891 1153 2346 1763 6 1221 1723 546 285 582 1456 37 1916 759 807 475 122 2643 1882 1865 1702 1090 1761 1260 1858 468 829 1603 1083 620 1082 2313 820 1284 732 586 1541 2167 1380 661 956 1308 181 1227 2261 334 750 1797 2194 443 2168 1006 372 669 2268 476 1139 980 38 2841 2677 1610 1250 167 1884 724 459 1537 298 1015 2425 1911 2476 2387 2706 1560 2118 1200 5 1570 938 2823 905 1696 629 2514 973 1267 448 1322
000810.jpg,2414 107 1177 2604 1669 1104 2550 1507 2641 55 2176 728 397 1194 575 2019 2754 1691 2383 1523 584 441 2695 373 2395 1016 845 2080 1482 2326 736 2360 2234 2159 1028 187 1919 1690 2630 834 32 1014 1748 1450 469 2106 1467 1517 2033 1459 2651 333 379 1950 1382 902 993 2661 2586 2239 917 1147 83 309 2563 1805 2733 1943 920 2621 2347 2752 541 2073 827 2555 2780 2166 856 2525 1169 1626 2684 775 87 2036 1259 102 2804 1809 1372 462 1611 2637 2254 2169 818 1277 2297 400
000811.jpg,196 353 98 776 2474 1643 1963 869 1625 585 233 701 2067 2256 2361 2081 1819 2462 1864 2353 2334 276 2001 1402 1042 781 809 910 871 2103 381 1600 2027 1344 2012 2264 69 513 2391 151 1209 1271 2711 2132 528 1170 1697 25 337 2793 975 1970 1808 1742 1155 1404 1854 1089 2336 1688 765 247 2394 2792 998 1077 7 1985 2658 1565 2416 1973 1100 14 512 2551 153 662 875 2803 1403 825 1519 2225 2449 566 2677 243 301 2026 2559 2274 1474 382 2157 2618 2535 778 411 1879
000812.jpg,924 1487 1471 37 586 953 1082 1308 443 1090 2216 922 1703 1763 1006 1363 2841 1288 122 2535 1474 629 325 1891 745 1456 411 2249 2179 761 1916 1723 882 1502 1284 1188 594 1757 986 1605 167 275 1488 1697 2677 894 123 2197 1400 650 475 419 2346 1687 1738 2167 2494 2153 2666 1570 1184 214 2816 327 1153 2150 1205 2554 1139 1882 1397 298 1866 2567 2502 2268 2706 1995 2043 1727 2678 2109 396 1671 1371 20 1537 2623 510 2222 1865 1659 96 2768 1032 2572 1661 2573 1250 2555
000813.jpg,70 2510 1753 1125 2777 431 2772 2077 2478 2561 1759 2757 1839 1035 315 18 1557 1390 1834 1842 951 1165 2622 1252 2015 2302 2 2663 601 2818 191 767 2161 1938 2315 1443 2686 277 2702 1747 889 1833 2685 1980 2323 522 1075 2532 990 297 2644 2667 962 1235 2624 1810 1801 2496 1798 395 461 529 853 1207 1114 249 2509 103 688 898 2471 502 1845 1012 1334 1989 714 202 211 2583 1333 72 634 1908 1406 1976 426 284 1767 126 67 702 1137 374 1986 1511 2277 903 2601 1558
000814.jpg,2792 567 118 1791 2065 1354 919 887 952 808 1531 1769 2778 1470 998 748 819 930 1667 1851 1585 2793 1583 2575 975 2304 1854 7 875 2711 923 2328 2416 982 2491 1210 778 382 928 2349 311 2379 1179 2729 1977 1657 1970 25 2559 151 1578 945 2647 1271 639 841 2618 1063 1209 515 2658 513 579 517 1920 2682 528 1579 1651 2225 2252 9 2723 763 114 1770 1211 2459 1154 492 2488 1368 1367 566 227 2026 1239 916 2310 2042 2097 1742 1566 512 1528 2150 662 193 380 2122
000815.jpg,188 85 611 1319 1656 2411 556 817 2044 1934 2790 2528 1926 943 2817 635 987 1405 1644 1624 1407 221 2501 2300 1102 312 2045 2832 2082 547 1386 2270 1584 258 2023 1422 2755 1617 1796 463 1993 712 1029 4 826 259 2544 2564 283 1788 770 860 2670 550 1552 1737 1208 1328 2454 1569 1146 2545 2800 2069 1417 2034 1545 64 2397 1983 562 100 1045 2721 266 2419 2076 1428 2307 1202 1381 2724 2631 2837 2344 1782 900 2011 1092 2676 2477 1414 1190 1369 715 2358 2574 197 1320 74
000816.jpg,2164 1781 239 2091 2311 1248 2794 525 1356 2232 822 2280 2137 625 1435 1505 252 679 245 113 1598 2173 49 654 216 858 139 408 383 1282 1568 27 1506 2070 356 209 782 192 1018 838 296 2632 2396 1127 2669 61 1141 2025 1780 1472 1787 455 1262 1692 1168 1299 2053 1124 2236 2062 1037 1297 207 1293 643 225 2611 1097 1048 89 580 31 653 655 1026 1612 131 1216 1022 1143 268 1715 1831 138 1140 1635 788 1503 1011 1024 805 2531 159 1655 1647 1875 1475 2406 2402 1706
000817.jpg,2049 631 2282 1518 530 446 1290 1604 1301 1058 2140 451 1981 1237 2064 2796 607 1567 2596 1017 921 1909 1384 2093 1613 662 1742 2696 966 2257 813 2085 942 1673 1554 2458 1331 1105 2660 1370 243 1396 1614 355 337 2543 487 1879 908 1978 1002 1681 660 2392 1495 1705 542 2600 54 1739 2664 2782 984 394 710 1119 1893 2519 1853 1000 2259 360 2262 2369 1094 2005 2697 800 1850 2243 870 2251 1621 1142 50 774 678 1455 1936 2087 2006 2357 1174 2417 2560 2492 1581 1695 1794 1913
000818.jpg,1721 1876 2809 1473 12 994 2728 864 447 2291 1055 2766 2435 608 494 574 1056 2207 1931 725 526 2294 249 657 2057 2708 274 2683 1944 1439 2719 1012 1839 2438 1223 677 2526 1874 204 508 1406 1892 1899 1197 2051 2323 2220 1725 898 1075 251 627 271 1035 1408 1810 1558 431 482 2825 1942 944 1557 1881 202 394 1801 1771 2622 692 1212 1677 128 1427 1501 1165 1868 790 2089 2540 2741 2315 1817 2135 531 1902 2644 2589 2509 714 1390 2302 2499 395 2292 137 1590 2736 1798 1443
000819.jpg,2810 2043 2171 650 2666 2816 1188 1891 1697 922 2346 411 1723 1916 475 1153 546 1763 1221 285 6 582 37 759 2643 807 1702 1882 1456 1083 620 1260 1865 1603 1090 820 122 956 1761 1541 732 468 334 750 181 1858 1227 1082 586 829 1308 2841 1139 2313 1797 443 1006 1284 1380 2167 661 2261 1605 1570 1696 1953 372 2677 2194 980 2502 1250 1537 2168 724 1502 1397 938 40 38 2179 1884 594 1171 905 1214 2514 214 2348 476 2706 2245 669 148 2216 2387 298 2410 1080 2203
000820.jpg,1701 1710 1489 860 1417 1788 348 1870 900 712 1328 2836 197 2649 26 1617 1045 925 1782 2011 2241 1444 1369 2050 2130 2454 947 463 1679 817 1437 179 2289 433 1381 1624 550 2817 1649 2840 1993 1623 1422 2375 1658 2837 169 489 2790 2769 440 2714 1486 2528 1208 1656 1644 2084 2515 2767 1926 1663 2707 2424 1407 2300 1545 480 735 1983 1029 221 2397 606 1552 2826 1386 1544 1054 2439 1319 445 1796 2088 1934 2411 2419 2076 2082 611 2034 260 155 2628 51 2832 1307 1627 1569 645
000821.jpg,249 2509 1001 2121 2350 1810 2583 627 67 1012 202 1075 1406 1944 2728 1212 725 137 447 165 1055 2294 899 2825 2736 2741 2766 2207 2135 116 2558 1825 1606 692 2057 2719 1130 442 204 494 2041 2435 2292 97 1126 1439 1874 2291 1463 1940 1223 1841 2683 2319 2051 1935 1986 362 2258 1088 2511 2842 2708 1547 2305 574 246 135 1937 2143 1067 1725 2295 368 1728 657 482 2639 338 677 2382 1899 2809 24 634 1195 2248 1056 2665 1197 1076 2438 2251 2413 2580 1931 1035 2183 2224 426
000822.jpg,1083 1702 181 620 2643 759 732 1260 582 6 1797 546 285 1221 1858 807 2313 468 1882 2807 2278 636 1318 1536 661 1697 2194 2261 1188 2425 1227 1153 476 2168 2476 956 2816 829 1865 2043 922 1761 2171 2678 2810 1723 2263 1891 669 1763 1380 2111 411 1603 1856 1090 45 2048 820 894 2153 40 905 1726 189 1696 1916 1032 1456 1560 586 42 419 1541 2554 2666 1525 396 2623 2056 2688 2522 443 1139 37 475 1768 2060 2167 2761 2823 2346 1082 96 1064 229 1251 1960 762 650
000823.jpg,2844 2139 1982 2833 1539 2092 1925 879 1619 299 2371 667 1863 1366 2460 557 2576 1816 264 2455 2363 1660 837 2484 1009 1480 2633 2607 2797 1025 2269 2226 1549 2063 2431 2776 428 273 2385 2104 2524 1242 352 867 1815 385 1814 814 2175 1349 1122 969 641 2731 551 1373 2771 1735 2783 888 1159 1509 1571 741 262 991 1514 127 2403 403 1589 342 1 1684 2100 1807 913 234 1572 267 147 1803 1238 2727 2541 891 2473 17 1630 2444 1520 2529 1291 2399 1059 1295 1622 2185 2717 2710
000824.jpg,1506 1780 1141 383 2070 2311 1505 525 252 1356 1248 858 625 654 1598 49 2669 1435 679 1781 113 61 192 2794 245 1127 2025 408 1216 1787 1140 2232 225 1168 1829 1299 207 139 2396 2137 2164 822 2280 239 1282 1924 455 2279 216 27 296 1262 2173 2698 838 2091 2470 1273 209 356 1568 1124 1918 1692 1024 2531 1274 1037 1612 1503 2053 1875 2765 331 1500 464 402 268 1293 1026 799 430 1472 2611 131 200 655 2690 936 1706 618 1097 643 726 2062 653 2467 346 1715 344
000825.jpg,2045 1584 2023 2755 747 258 770 1320 2034 1796 2545 1029 463 64 1569 1948 1096 2289 562 1416 51 1319 48 715 100 2631 2721 1895 439 611 2837 2352 1586 1552 1617 2735 2130 1788 1993 860 305 440 1417 2272 1640 433 1636 161 497 2564 2556 1051 2732 2836 2650 1544 2050 712 1045 169 2628 2652 155 1701 1649 2713 1381 1407 1782 1710 2076 992 201 1328 2707 2767 550 197 2724 2649 1218 1422 2815 2011 2439 2753 2454 1362 1208 1316 735 74 1897 134 2419 194 622 1190 259 947
000826.jpg,2669 2025 192 61 1787 225 207 654 2396 2794 49 245 1781 408 2070 525 2280 139 1282 2091 2173 239 383 296 2164 838 209 356 1141 2311 1127 252 1780 1248 1356 1506 1505 625 2137 1435 2232 822 679 2470 1568 52 1481 346 1598 418 113 858 2821 1216 1022 2142 455 290 2531 786 452 295 1124 1140 1262 2053 1274 1168 2244 1293 241 1503 758 1097 2806 1299 653 1465 268 1918 936 1843 1275 430 780 1024 53 216 2407 363 1037 2285 1822 389 2765 2301 1829 2693 788 331
000827.jpg,1948 2272 2352 194 1096 1416 1051 1496 1218 2556 2628 1261 64 48 439 2721 1569 562 1316 100 1640 715 2815 51 305 1636 155 2713 1796 2034 201 2545 1860 1965 1658 2433 1381 2241 1453 2836 2650 1782 2309 2376 1544 1490 2439 169 2767 2631 2837 1840 1649 1901 1584 563 1328 2289 440 1054 518 2707 712 947 645 2050 1422 260 1617 2826 1444 1623 1679 445 2088 168 2130 1552 1586 1045 1878 497 2840 1663 550 1993 2011 2652 197 735 747 231 161 2649 1148 2538 2023 319 2755 2133
000828.jpg,2077 2478 2772 2777 1753 1125 70 2561 1759 2757 2510 951 1834 1252 18 2015 2818 2161 1842 315 431 2663 2 601 1557 1390 1035 1165 2302 2622 767 191 1839 277 2315 2702 1443 2685 1747 1938 2667 2686 889 2323 1980 1075 1833 1798 688 1869 1106 634 29 2644 2000 522 1207 962 1235 2624 485 293 1559 2072 1511 126 954 1334 1114 1137 1767 249 1810 614 581 1451 395 1786 1175 1951 1989 1361 1012 2409 2583 2653 1333 103 1306 853 1257 67 1406 2509 990 2299 1391 297 1969 2787
000829.jpg,1635 390 1967 726 1715 999 1050 2765 2236 2715 1024 1097 1293 1475 1822 89 1755 314 799 2531 159 1789 1503 927 2687 331 464 1378 805 1831 1143 1756 1655 1026 1706 1140 1011 2053 467 2505 2465 1275 1932 389 1568 580 655 1395 326 1039 1118 430 478 786 1062 324 1216 268 1875 1124 1730 31 1273 2407 1929 1317 1281 1022 501 456 1923 806 363 1037 758 1813 2059 241 2301 1662 936 2698 788 628 1274 2142 2402 1912 108 452 1647 1262 840 484 2285 1297 780 1972 2634 131
000830.jpg,1096 1416 1948 2272 2815 1636 1965 1496 1860 64 439 2721 2352 2556 48 1569 1362 1316 715 100 562 201 1796 1897 194 2034 2713 1490 51 1051 155 2241 1584 1617 1640 2309 1552 305 712 1218 1381 2433 2650 1658 1586 563 497 2545 2088 2289 1453 260 1993 1319 747 1422 2376 2628 659 1261 2826 445 611 1901 2836 2631 1148 1328 168 645 2732 1045 2046 2755 1782 2553 547 900 2011 2130 258 1878 2076 2840 319 486 2419 2050 992 1544 1046 2652 1623 770 440 134 2707 1029 947 674
000831.jpg,2609 288 2843 937 1731 257 1138 1871 2613 1800 535 1645 1894 1546 2377 1527 1455 1516 742 2341 336 1498 253 811 410 1466 1454 519 406 186 1779 2145 365 1133 709 605 1385 673 648 538 2196 749 1110 1040 1850 821 248 2763 773 843 800 2697 2219 1142 2151 2102 1309 2364 2140 1573 434 435 1794 593 2519 678 338 1634 662 1670 112 1966 2560 2299 1131 2243 2788 2087 1068 855 1707 2331 730 2095 301 2251 2005 2006 1581 717 1174 585 1783 2730 2830 2417 1237 446 1020 2492
000832.jpg,1038 1049 1754 1041 2421 13 2520 932 839 2210 1272 640 1949 698 323 1521 955 2671 377 2578 828 2032 56 2047 370 1189 1668 1374 2602 933 2828 672 2539 1910 1337 1429 865 2629 2083 536 2428 2798 729 1329 1249 1431 2038 1255 36 123 743 964 121 2120 2387 2221 1132 986 569 2031 2117 866 176 979 193 2335 1588 340 733 2267 1399 1553 429 2668 2423 1070 2380 988 21 142 332 1033 878 901 432 680 1430 555 2029 2333 2839 1492 1256 2451 2786 289 2150 2640 500 2227
000833.jpg,509 1766 2725 609 2464 2404 1889 2457 844 1696 244 2115 1515 1616 5 957 744 2128 1477 2448 1426 214 592 1953 1602 1139 1326 2751 2014 2348 2124 1171 375 1214 498 473 22 1866 466 425 2109 1061 163 2567 306 388 2366 1556 2841 1661 1637 909 2351 40 1802 941 2502 2169 1744 2706 1199 2726 84 1904 2048 1605 1365 270 752 2572 1283 43 1596 1768 1610 807 2162 2188 2141 2354 851 1960 189 1757 2566 2060 2152 1032 582 1188 2168 229 106 882 1269 2408 1858 2591 1987 123
000834.jpg,1083 1702 181 620 2643 759 732 1260 582 6 1797 546 285 1221 1858 807 2313 468 1882 2807 2278 636 1318 1536 1188 2261 2476 1697 2194 1153 661 1227 2425 476 829 1865 2168 922 1761 2043 956 2816 2171 40 411 669 2810 1456 1891 1763 1723 1603 2263 2678 1560 1380 894 905 45 189 2153 1032 1090 2048 1696 820 1960 2060 2666 419 2554 1364 396 1139 1064 37 1768 2111 42 1916 1525 2761 2522 1541 586 96 650 1726 1251 2627 229 2056 851 2386 298 2346 1284 122 1856 443
000835.jpg,807 1260 372 1858 820 1603 1541 1761 2313 1153 468 1865 750 334 2261 1221 1227 829 285 2194 546 6 476 582 669 661 759 2387 1188 1697 2643 1702 1560 2168 411 620 1015 2677 956 980 1284 1696 1456 1884 1083 732 454 1610 298 122 1084 629 1285 2726 229 1797 5 1744 181 1882 2162 1570 448 2118 609 40 1199 20 281 1286 2425 396 167 375 1139 922 2627 1844 2303 244 2476 2115 1032 650 1515 2666 973 2457 1723 2791 2823 163 1987 565 2060 1171 2014 744 1661 1891
000836.jpg,1588 1132 988 193 536 569 121 2090 1431 680 36 2117 866 1268 733 1492 142 2078 2333 802 1499 1699 1553 500 878 1430 1886 1793 1236 429 1053 2217 901 2267 555 1890 2029 2380 868 2668 2743 1033 1256 1393 332 2415 554 176 1888 2786 2568 1562 597 1686 21 340 427 417 979 1418 2451 2227 1065 886 2384 289 1038 681 62 2108 743 1398 302 213 2423 199 359 24 571 2671 2024 2421 1272 1333 432 1668 78 1374 2210 2520 63 634 2143 1329 1041 2578 1785 933 1228 1804
000837.jpg,2510 431 70 1839 1035 1753 1125 2777 2772 2561 2077 2478 1759 2757 315 1557 1390 18 1165 2622 2302 191 2686 1834 951 1938 1443 767 2663 2818 2 2015 1842 1252 1747 889 1833 1801 601 1075 2315 2644 2685 277 2323 1263 395 2161 1501 1219 2277 2249 1548 2702 72 1394 783 309 2532 461 1197 2496 1976 1423 944 915 1810 1267 1884 2299 2661 1980 1906 2514 2089 2483 980 529 1986 856 128 202 637 1750 2245 962 400 1217 1333 269 2216 1931 2547 1406 156 2443 792 417 1012 1418
000838.jpg,2252 2682 1179 1651 1977 2491 916 1583 1578 2328 2042 227 841 945 1920 998 639 2647 1579 1063 2310 517 2225 1770 982 2723 763 1211 9 887 1368 114 2097 2379 1367 1851 1239 1657 2729 928 2349 919 1769 1791 952 118 1531 2026 512 1470 819 1585 2792 875 1667 930 1566 528 311 7 579 1354 1210 2778 2459 25 2416 2575 1209 2488 2793 748 1154 1970 1879 1331 566 1854 1673 1528 567 2660 975 778 515 2065 394 513 2559 1614 492 923 382 2658 1271 2618 2711 2696 2304 151
000839.jpg,84 941 2152 2502 1605 2706 2348 1139 1987 909 214 1866 1602 2141 2841 1371 2572 1280 106 1953 1525 2263 183 189 96 1032 2623 2060 1084 1927 2678 815 1960 1113 2115 2503 1632 45 1064 244 1616 1458 1198 2522 1199 1364 236 2056 2608 1365 851 398 2760 171 1726 40 744 2303 621 2554 419 2203 2761 1171 1251 894 2182 117 1205 481 1696 957 1184 2567 2197 2831 2386 1214 2153 785 2705 1570 2751 298 1659 1880 2401 396 1661 2494 22 509 2030 270 959 2677 1144 327 1979 2571
000840.jpg,1993 1422 1617 1045 712 2241 947 1328 2840 1444 550 735 1552 2050 1782 440 2837 2631 169 197 2130 1663 463 2836 518 1623 1679 900 445 2707 2011 2289 51 860 2649 1788 2454 1381 1710 134 433 155 305 1658 260 1489 1544 2439 1878 259 2826 635 1895 480 221 1369 1417 2088 562 2375 1649 2082 2270 1640 179 1405 645 1796 556 943 1840 2538 312 925 563 1029 977 2133 1486 1926 2714 2832 1934 1407 1202 2721 1054 2790 2769 613 2544 2767 2424 1569 547 2300 1636 826 2817 1437
000841.jpg,1879 394 2140 1058 2049 451 1301 446 2093 1518 1604 1237 1981 631 530 1906 1567 1290 1017 607 2796 2282 2357 2596 2392 1909 2064 2660 2085 1384 2458 2543 1495 966 942 1978 1119 908 1002 662 2262 921 1613 1705 1742 2600 1331 984 487 2696 1676 1614 1673 337 1681 2257 852 355 1396 243 1621 186 2664 2369 1105 1554 1645 1000 1739 54 1455 1894 813 1370 1800 1893 1695 710 542 1853 791 151 50 320 2609 1516 1546 1239 2782 1871 1508 2559 288 1271 2341 660 360 742 2618 709
000842.jpg,2320 1149 2533 29 2021 293 2673 2172 967 286 2143 24 1804 1597 634 1689 2430 213 1719 426 2408 754 2756 2638 2024 707 1728 739 1231 1448 2354 2615 1478 1265 2295 2413 1849 119 1269 2787 1296 1383 184 135 1867 558 1722 2472 80 853 2224 1984 2566 91 1533 792 218 757 19 2235 1529 424 1733 1312 2390 232 520 1945 2296 983 529 1535 2744 1996 364 376 789 1693 2281 1091 240 962 2190 2644 1513 646 1818 1334 39 695 564 395 1743 1180 2827 291 2054 1798 2242 1427
000843.jpg,2068 2665 79 722 1067 2511 1547 246 1134 1463 116 2741 2305 97 204 137 1212 2842 2041 2135 1935 899 1606 2294 1944 1055 725 350 2728 1868 2580 686 140 2766 442 1452 12 2319 692 1130 165 2292 494 2719 1126 2558 1473 657 2736 1076 2207 447 2057 790 2435 508 1841 1825 2506 1892 1940 1962 1998 2708 1006 2589 2583 1899 67 627 677 1881 2625 2825 1986 1886 362 1771 2286 1056 1027 1931 1173 2037 574 1677 1874 2291 1474 1408 1035 1185 1464 359 2248 1810 2258 2809 2535 2003
000844.jpg,1752 1545 312 987 1146 2832 85 4 626 2082 2270 635 1934 556 1102 1405 221 2389 1386 2790 826 1624 547 1407 2300 2501 2411 1737 943 188 59 1656 2044 2528 1926 1644 611 613 2817 1202 1319 1422 817 283 1552 2069 2840 2367 1617 259 2133 2241 463 2544 440 1993 2631 550 900 950 2424 445 2088 2477 266 1636 2011 1328 1878 2826 977 1316 712 1045 1983 518 2076 260 735 1468 2312 1190 2289 1029 2050 563 1486 2419 155 1444 1437 947 1208 2836 2148 2397 169 2375 2130 2574
000845.jpg,835 1908 284 1310 1254 1107 65 1512 702 931 1830 903 1114 768 848 1340 2388 1767 1720 1608 1821 250 2471 2601 502 684 990 1845 2624 126 1975 1235 688 297 103 522 1323 2276 578 1413 2314 1391 1186 2667 767 1570 1839 395 2323 277 1035 1232 2494 1285 298 1922 2644 1397 2620 1458 1184 1144 1080 1015 2510 431 2496 851 973 2677 2302 1165 1502 1884 1557 962 1537 543 117 980 1400 1075 40 690 423 1916 1738 1687 1152 398 2503 529 594 1113 907 2561 420 1753 167 448
000846.jpg,1710 1701 1489 860 1417 1788 2840 900 445 433 1328 2011 197 1552 2707 1624 463 2375 712 2289 1437 1617 1045 2130 1679 259 2084 489 2241 606 1623 2836 1208 817 2424 348 1422 2397 987 2826 1444 2515 1319 312 1934 2817 611 2082 1656 675 2454 2528 1486 1029 1926 2767 1870 645 2790 169 2769 1782 2714 1386 2050 2300 221 2649 635 2411 1993 1381 1895 1983 2832 977 188 2270 947 440 2837 550 1878 970 1307 1369 1627 2076 2646 556 1054 2753 2652 26 1644 1649 480 2574 179 1405
000847.jpg,2415 427 2568 901 571 1793 2217 1065 1553 1430 429 1699 2267 2380 743 1492 802 142 2333 555 2078 1236 1053 1890 868 554 1888 1256 1431 332 2029 2743 36 1033 2423 2668 176 1562 1886 289 1393 417 1686 340 2090 21 597 193 988 2117 569 536 121 1418 2786 2227 866 1398 886 878 62 302 199 681 1132 2451 361 1272 432 1588 323 292 2421 2108 500 979 78 733 2032 893 2578 2520 56 1041 1038 2384 2210 2671 933 13 1499 377 2047 1189 1429 1754 680 828 2828 2221
000848.jpg,1096 1416 1948 1584 2045 2023 2755 2272 747 1796 2034 258 2545 2815 1636 1496 770 1569 2713 2721 715 1965 64 100 48 1051 2352 1316 2556 439 562 201 2628 51 1218 1860 1640 1261 305 194 155 1586 497 2376 1320 1381 1658 2433 2836 2309 2241 1897 2650 1362 1617 1782 1544 2046 712 860 1993 1649 1417 1490 992 2289 563 2837 169 1045 947 2088 2631 1054 1328 161 2439 2130 440 2767 1029 1840 1679 1444 1489 1788 2050 1552 1895 2707 260 2826 1623 1701 2735 168 1422 2454 463 134
000849.jpg,463 1617 1045 1993 197 2840 1710 1422 1489 2011 712 860 1417 445 1701 1328 2130 550 2241 2050 947 1444 1788 2836 433 1782 2649 2375 2289 1029 1552 900 735 2454 179 1663 169 2837 1369 440 480 221 1679 2714 1870 2707 925 26 518 2631 2769 489 635 2832 1934 2790 1658 51 2082 348 1640 1624 1623 1381 817 1407 134 943 1486 2826 2133 2817 2397 1656 1926 312 2538 556 1437 1102 305 155 1405 260 645 2270 562 1983 1386 1649 2767 2528 2300 987 2411 188 1895 1544 2439 977
000850.jpg,1539 2844 2833 299 264 2139 2092 2484 837 2455 2063 1009 1982 2576 2371 2797 2269 667 352 1925 2226 1349 1242 273 1619 1122 2104 1549 2524 969 1815 428 2776 1814 1735 879 2175 1366 2731 1025 17 1863 1571 1159 1816 891 2633 403 1589 2607 2385 2460 1660 551 741 234 1514 888 1480 557 913 1572 2403 2486 1 867 846 2412 641 2100 600 1622 1520 262 2473 573 1338 2431 2189 642 267 2727 1698 1291 2223 127 1238 1988 342 2185 2255 317 1059 2710 1373 1509 2363 668 1618 2771
000851.jpg,2792 118 567 998 1791 919 1354 952 1769 2778 2065 1583 1531 808 887 930 1470 1851 748 928 1063 982 2379 1657 2793 2491 2328 975 2711 7 819 2729 778 382 1854 2304 923 517 1667 1585 841 1579 1179 1970 2416 2252 875 2575 1977 945 1210 1578 2349 2682 311 114 9 2723 579 2225 639 2647 763 1770 515 227 151 1651 25 1920 2559 528 916 1211 2042 1209 2459 566 1271 2618 1154 2026 2310 492 513 2658 2488 1368 2097 512 2361 1239 1528 871 1367 2829 2081 177 1819 2462
000852.jpg,493 1196 976 1358 2672 859 2174 1279 366 1034 1234 2004 1861 797 746 1575 2461 57 2184 1792 756 570 548 1930 2418 1724 1580 1947 210 1758 280 1276 2456 1664 2125 133 793 1859 1765 2327 1665 1776 2330 2694 2374 1392 588 2838 2186 583 1375 1072 689 294 2541 158 801 720 1457 1086 2739 242 228 2206 1191 2662 880 1497 1081 2703 857 2229 2321 1877 263 1043 885 1887 2590 1193 2123 1675 1030 842 170 1229 2581 2548 1432 2659 798 2187 1551 1350 2332 2039 2198 77 1494 287
000853.jpg,2679 99 1163 2122 1903 177 1628 453 2829 2163 401 1599 816 1872 1085 2074 380 437 73 760 1233 399 823 1510 595 981 461 208 2587 477 141 2055 1717 460 731 2655 2469 1160 72 2126 2636 2009 1023 1145 172 2722 1976 174 2775 156 164 1784 694 1415 2098 1047 2747 612 2274 2577 2452 1688 1808 1241 1504 1436 2218 222 2355 1155 2691 1404 1321 755 1100 1479 850 1098 599 2156 1682 2642 1089 2645 2446 320 2512 2432 1305 1817 1263 2362 2537 1911 2750 2071 2342 1219 2593 897
000854.jpg,1882 956 1153 829 2194 1761 1227 285 661 1221 2261 546 750 334 669 372 476 2387 1541 582 820 1603 6 2168 1697 1260 2823 807 1188 1380 620 1995 1797 38 732 2425 2643 759 2313 1083 115 1911 2197 2678 1560 2080 468 2677 1536 2572 1702 84 2476 1858 986 1757 2167 762 181 1462 1387 922 1400 1057 1318 2623 411 629 882 45 1267 1456 905 796 1336 941 2688 1013 2278 1866 1084 448 37 1371 1570 2216 636 2514 650 1315 724 2705 2245 2706 2571 863 1482 1726 122 1032
000855.jpg,2045 1584 2023 2755 747 770 258 1320 1948 1416 1096 2545 2034 1796 2272 1569 715 64 1051 2815 48 2352 2721 100 1636 2713 194 2836 2556 439 1496 2628 1649 1261 1218 51 1417 562 1782 161 2837 2767 1617 1640 1316 1965 947 1381 1586 155 169 860 201 305 2130 712 2289 497 1328 1444 1658 1045 2241 1993 1489 1788 1054 1895 440 1029 2707 2050 1663 2433 1710 2650 1870 2649 1544 2454 735 1369 1701 179 2376 463 26 2631 992 1679 1860 2046 173 1407 1897 433 2088 2538 2439 2652
000856.jpg,2025 2669 192 61 1787 2794 225 2396 207 654 2280 1781 245 49 408 239 2173 2091 1282 139 2070 525 296 209 838 2164 383 356 2311 1141 1127 1248 252 1780 1356 1506 2232 2137 822 1435 625 1505 679 1481 1568 52 418 2470 346 1022 455 1262 1274 2531 1598 452 268 113 2142 2806 295 653 1216 131 858 1024 290 1475 2244 2821 786 1875 1843 2236 1378 1503 1124 758 1275 467 1037 780 1465 2053 2765 484 389 1789 1168 241 1299 806 2059 2687 464 1706 1140 840 1932 495
000857.jpg,629 882 2677 1757 2359 123 84 986 1113 2150 941 2572 2152 40 1371 594 1605 1139 2494 909 1661 1960 482 1616 2502 2115 851 1949 1477 244 2421 1987 2706 2571 1144 327 214 1462 281 1696 1365 2348 1255 1866 2620 750 1687 1602 762 2216 1263 2203 1184 1603 1927 2678 2567 106 2197 1171 334 96 509 815 298 2089 856 189 285 2109 1659 676 1032 300 1458 785 474 1199 2060 1400 2194 2761 1221 1397 1738 2079 1922 973 1219 614 2526 2705 1570 2841 1013 275 420 2245 1488 2261
000858.jpg,2449 8 1474 1671 2535 325 745 1006 443 1082 586 1308 1090 2706 2167 1697 1763 37 2216 1380 946 1250 922 2593 1322 1817 1456 724 1661 488 924 167 624 2567 1284 2222 915 1709 20 1881 2831 1750 938 110 2452 2841 2463 1263 2245 1550 2645 2293 2156 1267 136 1352 2432 1911 2313 2623 2483 2268 2003 1423 2410 1206 459 905 122 2118 396 1173 980 111 1371 1995 2086 2514 703 1015 1674 1333 1219 1933 2355 2096 1582 2195 836 1501 474 42 1666 2705 2197 2109 2589 2475 2571 1321
000859.jpg,2152 84 2502 1605 941 117 1659 1960 2303 40 1184 1371 2494 327 2572 1113 1205 1198 2678 2263 2841 6 2203 1139 1979 2706 1525 1987 1726 1502 298 851 2348 909 2623 1221 1687 106 214 2179 2620 1922 2030 285 1084 1400 582 275 1570 1032 1632 1537 594 592 1280 1661 1866 96 546 2554 2115 1927 2791 690 1083 1602 621 2573 420 1397 244 189 419 1738 2141 2060 510 2153 1882 894 2677 1696 1199 1603 2109 1616 2162 2726 1171 973 1891 148 2768 1080 2386 2831 22 924 2497 762
000860.jpg,1894 1718 1385 519 1779 406 2145 186 1992 2763 773 1871 2102 742 1731 1007 1138 1707 1645 852 1479 2613 257 1682 937 709 1387 1516 1800 2318 2377 1527 535 320 1969 1325 1676 1442 2262 392 1526 2516 2219 1511 568 1200 2341 410 1455 1002 301 434 1495 1978 365 908 544 253 1119 2420 1783 336 1131 811 1546 605 1068 984 288 1670 338 1794 730 893 2299 2543 1548 2730 2600 2331 1040 1309 2151 1621 1005 2243 94 78 1142 1419 1498 749 673 2469 1966 1243 2085 1020 248 112
000861.jpg,2045 1584 2023 2755 747 258 770 1320 2545 1796 2034 1948 1096 64 1569 1416 48 2352 715 2721 439 100 562 2272 1051 2631 51 1586 1029 161 1640 1895 2289 1636 305 2556 2837 463 1993 497 1417 194 2836 1788 2815 155 1617 2130 2628 860 1649 2713 1319 2767 611 1381 1261 1552 1218 1496 1316 169 1782 2735 2650 440 1544 1407 433 1710 201 712 1045 1701 2564 947 1328 2050 1897 173 992 2439 2707 1658 2241 2732 2652 1965 1362 817 2454 518 2649 2538 2046 550 1422 319 1870 735
000862.jpg,2277 1801 529 395 2644 2323 1798 1334 572 962 1230 1683 853 2759 1561 1197 465 545 2579 1394 1631 374 1898 2504 803 2242 101 714 898 364 1928 2381 2040 2542 1093 1166 1427 1087 251 499 2238 2409 1558 789 617 581 328 737 1207 1900 766 989 436 1306 341 215 1175 2540 1035 589 1951 540 407 1839 1883 485 426 2072 783 646 2114 1689 1361 754 1590 1389 1300 240 658 1996 1091 2113 614 1451 1137 2054 2561 1346 1597 2249 727 483 895 634 2547 2295 1115 1257 1728 1213
000863.jpg,2798 2629 2539 1429 729 2428 377 2578 828 1668 2120 2031 1070 2602 2520 1374 2221 2210 2038 2671 933 2828 640 672 964 13 1038 1272 2421 1754 1399 1337 1041 2640 1949 358 865 1249 2808 2083 1266 1952 1910 323 1329 2335 1764 2839 2047 2570 370 56 2032 1049 698 1189 979 1255 2786 955 176 932 986 2451 1033 123 536 2795 2227 340 1757 121 1431 2668 2423 193 21 988 1525 2384 569 1393 2572 36 289 743 2387 1256 1686 882 1132 2743 1521 1084 554 893 1588 2263 2678 571
000864.jpg,924 1487 37 586 1471 1082 1090 1308 1763 922 443 1006 2216 953 1703 629 1363 1456 1288 122 2841 275 2268 1697 2535 325 2167 1474 1916 2677 1891 745 1284 411 1723 650 2179 1153 882 167 1188 1570 475 2666 459 1757 2249 123 2706 1502 986 1400 281 1537 298 334 1541 1184 396 761 285 1205 2346 1882 1605 750 820 594 2150 796 1687 2222 2623 1462 1995 327 84 2816 1866 2197 1221 1488 2194 2494 2573 1661 2425 2572 1371 1603 2043 1073 946 419 2136 2554 1285 2483 448 1671
000865.jpg,1752 1545 1146 312 2832 987 4 85 626 2389 1102 2082 556 2270 635 221 1405 1934 826 1386 547 2790 1624 1737 1407 2411 943 188 59 1656 2501 2300 1644 2528 611 613 2069 1202 2044 2817 1319 1926 2367 283 1422 2133 440 1552 1617 550 817 1636 950 1983 2241 2477 2419 2424 1092 2544 1316 463 266 900 977 259 2148 2840 2631 1878 518 2088 735 1993 712 1045 2574 1468 155 1029 74 445 2076 260 169 2050 2837 2652 2397 2289 1208 2826 1840 2836 2130 947 1428 1190 2312 2724
000866.jpg,1107 1908 284 835 1310 1254 702 931 1830 65 903 1114 1512 768 848 2388 1340 1767 1608 1720 1821 250 2471 2601 502 684 990 1845 2624 126 1975 1235 297 103 688 1323 522 2276 578 1413 1186 1391 2314 2667 1839 1232 1570 767 1458 395 1035 431 1285 298 2323 277 2503 973 1922 1015 2302 2644 2496 1165 2197 1080 851 2510 2620 2494 1400 543 42 398 1184 45 1075 1397 690 1144 309 1502 1557 1687 1884 2509 529 1217 1537 191 980 2677 40 448 117 1152 2571 962 423 2561
000867.jpg,2066 1213 2178 2113 304 2546 1389 1115 1019 2022 63 1785 1333 1228 1685 545 1394 149 954 182 1175 1951 1300 485 1306 1760 1712 614 1137 2072 1207 727 658 1361 589 898 1559 1971 1257 714 2504 962 1166 1798 2040 1786 1087 101 1451 737 374 1161 1743 1883 1106 1230 1561 1298 341 1801 251 1693 2238 803 2827 215 2242 1343 2656 1558 2000 1334 1513 395 2323 1928 132 2542 364 1773 2759 2149 529 2644 617 983 766 581 2277 1353 2016 1176 695 2547 2409 783 572 824 1900 1197
000868.jpg,1504 222 2218 1436 2512 850 1305 2362 2691 1052 2355 1638 2071 2450 1736 2342 1790 2750 755 935 2645 1933 2096 1806 1098 1321 2201 836 2156 2432 1709 1911 144 897 2420 612 1023 2679 401 177 1085 2074 141 796 380 453 2163 2122 2452 2829 461 816 2098 1903 2446 981 477 599 2587 2055 1047 73 1628 1308 2535 1082 1006 399 2747 437 2593 595 2449 1599 1145 1163 443 823 745 586 1233 1090 2274 396 1621 1510 1808 1474 2642 2318 1387 2469 760 1976 37 2296 8 1717 2167 1671
000869.jpg,767 277 1938 1833 1443 889 2686 1747 2496 2315 2702 1753 2777 1125 2772 2478 2532 2077 2510 211 70 951 1759 1460 431 1834 1980 2302 1165 2757 369 2561 2818 315 1989 2015 2 1557 1390 1252 2663 18 191 2622 1842 1035 2685 1839 990 2323 2624 1333 297 500 601 1413 1235 1845 1884 103 980 1137 36 2022 1793 997 461 126 688 2245 988 193 63 167 72 2620 374 522 20 1023 2098 1952 395 1605 1263 1767 733 1047 1418 2507 1431 569 149 2829 1065 1323 1511 1502 1801 1423
000870.jpg,1742 243 1370 1554 1396 1105 813 355 2696 2257 921 1673 1331 1614 2064 337 1384 966 2458 487 1495 1290 1681 2085 2600 942 1705 2660 662 2282 1518 908 1909 1017 1613 2049 2596 2259 530 446 2782 660 2543 1237 631 360 1604 2664 1567 2140 54 542 1739 1981 1301 1893 1058 710 451 1000 1853 984 2369 1002 975 151 1271 2796 1879 50 394 1946 1978 513 2793 2392 2262 7 607 1695 2336 2405 2803 2711 301 2005 2416 2251 1565 2299 1968 193 871 1455 855 1808 1263 988 905 774
000871.jpg,631 1518 2282 2049 530 446 1290 1301 2140 1058 451 1604 1981 1237 2796 607 1017 1567 2596 2064 921 1384 1909 2085 942 2458 966 1613 2093 2543 662 487 1742 2600 337 1705 2392 1495 1681 1673 2257 2660 2696 908 1331 1879 1978 1614 2262 984 1002 394 813 2664 542 660 243 1739 54 1119 1554 2782 1853 1000 1105 2259 1396 360 1893 710 355 1906 1676 2369 1370 1455 1695 2357 852 50 1094 1581 2405 2251 1850 1621 749 1508 2560 2636 151 2243 678 1794 800 435 1020 1550 2005 320
000872.jpg,2769 348 2454 1870 26 480 1369 2538 925 2649 179 2714 550 2130 2050 712 518 1417 1788 1422 445 2840 433 1045 2289 1172 1617 2011 2650 440 197 2088 1710 860 735 2375 463 1489 2676 1552 260 1328 1895 1701 161 64 259 562 645 168 1029 1640 2574 2544 524 1983 51 2826 1569 2652 2044 305 2721 48 635 439 2631 1092 2724 1993 1208 977 2707 134 2352 1901 1190 1054 1453 970 563 2241 2358 201 1796 1496 2309 1948 2148 1486 2564 2337 611 100 826 2433 1253 2069 2272 900
000873.jpg,629 1757 882 123 986 2150 1255 2677 909 281 1365 1866 2359 924 2572 275 2494 1184 214 1371 1487 1541 84 2623 334 750 2387 941 1113 2197 820 1603 1882 1406 2348 1084 1477 594 907 2245 1139 372 1280 327 1263 785 396 1922 1144 1400 956 2688 1462 1641 2216 2179 1502 2141 946 1687 1525 2115 1738 186 2425 2841 351 2493 40 2627 1205 1198 474 1197 932 1166 2030 423 624 2203 1488 1602 1659 1616 1605 167 2678 2263 1761 971 839 1080 1953 1987 104 270 1153 1219 1387 117
000874.jpg,2263 2678 2386 1525 1726 2623 2572 2116 1371 1960 1280 40 762 1084 1083 592 2448 2522 2048 851 2807 2141 1768 1198 45 2056 2720 1802 1013 636 644 2160 861 2761 1199 96 2079 1632 1596 2562 1251 1318 1364 1336 1702 1536 300 732 1880 957 106 1856 620 189 2278 398 1064 949 419 2591 894 2153 1315 2188 2441 183 2571 1032 2111 1283 2554 84 181 2203 2498 2688 1108 1927 1113 387 2760 270 971 2182 2503 1458 2737 171 1696 2401 1659 844 1004 941 2442 1139 42 2831 214 335
000875.jpg,1749 789 483 240 2579 1353 1300 2759 2784 1883 1801 2504 1230 2238 766 1483 1672 2644 1447 2277 374 251 328 2381 395 2242 16 101 803 376 44 1361 1898 1427 341 1469 529 2000 1798 1451 2040 572 2540 1091 2555 291 364 962 576 1900 1996 1727 2323 1178 2437 2058 777 2547 2054 1087 1971 1334 2700 1683 824 1631 614 132 465 1559 1176 407 215 1137 1990 2785 545 540 2190 1257 2317 695 646 436 2072 1836 832 2202 1161 1786 898 88 1106 1207 714 737 1476 1394 1513 834
000876.jpg,1096 1416 1948 2272 2815 1636 1965 1496 2556 2721 1316 1860 2352 715 1796 2713 562 1569 1051 64 201 1218 439 100 48 1261 51 194 305 155 2034 2628 1640 2545 2309 1584 1362 1381 2433 1658 2241 1897 2650 497 2755 2376 1617 712 1586 1993 2836 563 260 1782 2023 2631 1544 2045 1490 1328 2088 1552 2826 2289 2767 258 1045 2046 169 2837 2454 1422 1901 947 1148 231 168 1369 2439 1679 747 319 1453 1878 1444 1623 860 2707 2130 992 900 1649 1054 2050 2649 445 2076 2652 161 645
000877.jpg,631 2049 2282 1518 530 446 1290 1301 1604 2140 1058 451 1981 1237 2796 1567 1017 2596 2064 607 921 1384 966 2458 1909 2085 942 2093 662 2543 1613 487 337 1742 1495 2600 1331 2696 908 1673 1705 2392 2257 1681 1614 2660 1978 1002 243 2262 984 355 1879 813 1554 1396 1119 660 394 2782 1105 2664 1370 542 54 1739 2259 1676 1000 360 1906 1853 1893 1621 2405 710 2357 2369 852 1695 2420 320 1271 50 151 1322 1200 1455 855 1094 1321 1850 905 2156 937 186 678 1550 488 821
000878.jpg,2090 536 121 569 193 988 1132 1588 1431 680 1268 36 2117 2333 866 733 1793 901 142 500 1492 2217 1553 802 1430 2786 429 1393 2078 340 878 2227 2668 332 1499 1699 176 1065 1256 2029 979 1033 2743 1418 571 555 1686 886 1562 2108 1890 597 427 432 417 2267 2384 2415 868 554 21 1886 2568 1888 1053 199 1398 1038 289 62 2380 2451 1329 2578 323 681 302 377 361 2421 1041 2671 1049 893 743 1236 78 1374 828 2423 2335 1754 1910 1249 2839 729 933 865 2520 2221
000879.jpg,2267 2380 1236 1699 802 1430 1492 1553 142 2078 1886 1053 429 2333 1431 866 36 555 2217 2117 1890 868 2568 2415 878 1888 743 901 554 1588 733 1499 1132 500 427 2029 1793 1256 2668 680 2423 289 1033 536 1562 21 2743 176 417 681 332 62 597 988 361 193 1393 1686 121 1398 302 1418 2108 886 292 2786 340 199 2451 893 2227 78 569 1065 432 979 2384 2224 2387 1406 2090 2221 1041 249 2032 1038 2047 2038 1012 571 2421 323 123 1243 2324 1001 2539 2350 2072 2583
000880.jpg,1055 2728 1944 725 2294 2207 2558 165 1825 2766 447 1130 2825 2736 2292 1940 1056 1126 692 2741 1212 2135 2842 204 442 899 137 2319 116 1606 2719 1986 97 1547 2511 494 1463 1935 1134 2057 246 2041 2305 2435 2506 1899 2580 1962 1067 2291 1874 2068 1841 146 722 2258 2665 686 2248 2813 1223 79 1464 574 1868 140 1452 362 1937 647 2382 1076 2708 790 657 1639 2683 1408 1185 2286 1473 2639 1777 12 1942 948 2393 1892 677 1677 271 1439 2438 2037 2625 1721 1771 994 2440 864
000881.jpg,2491 2328 1179 1578 1977 2682 945 1651 841 639 2647 1920 1579 2252 1063 1770 9 887 2723 114 1470 1531 748 819 916 1667 2042 1585 2575 1528 2310 982 998 2792 1583 118 1791 1769 919 952 1354 227 2778 2225 763 2097 1851 930 2459 567 2065 2379 2349 1154 928 517 515 1211 2729 875 311 2488 1210 579 2026 492 2304 2416 1368 1657 923 566 1367 2793 975 1239 25 512 2559 528 2618 1854 7 778 382 808 2462 2711 1209 151 1566 1643 1970 2334 1819 2081 2658 513 1402 910
000882.jpg,2210 13 640 2520 1272 2421 1038 2671 1754 1041 1949 2578 323 377 828 1189 2047 370 729 2798 56 1329 2839 2539 933 1910 2602 1374 536 2828 865 2335 1431 2387 1793 1668 2032 2570 2629 121 672 1429 193 2568 36 2083 432 2415 1337 2795 988 2221 2380 1764 571 901 1132 332 569 2668 429 2108 2090 2078 1049 1952 820 2117 2428 1588 1065 2808 427 1188 1553 743 680 1562 372 2038 1227 2029 2640 1153 2267 1266 340 2031 1236 1399 2120 142 1070 733 411 2423 1430 2217 829 1697
000883.jpg,48 64 1569 100 439 715 2721 562 1796 305 1640 2545 155 51 2034 2433 2713 2272 2650 2309 1453 2376 201 1860 1948 1490 1496 1096 2631 2352 2556 1381 1658 1584 1416 2836 194 169 2241 1782 2628 1544 712 1316 1051 1617 2439 1636 1901 1993 2289 2837 2050 1422 1218 1045 2815 168 440 563 2130 1328 2826 260 2088 1261 947 2649 1649 518 1965 2707 2023 1840 550 2454 1444 1878 645 2538 1369 2755 445 1552 900 259 2011 2652 1623 1586 1417 735 497 860 1054 2767 1029 1679 161 2769
000884.jpg,2000 1361 2054 1451 646 1559 727 614 658 589 2787 1951 485 1175 1306 1786 1106 2072 1971 1483 1257 1137 44 1300 483 1207 1447 789 376 16 1353 240 1469 1672 293 1749 291 2579 2656 832 1178 2149 2437 1798 1535 1230 803 251 1513 714 2784 63 1334 2540 1091 1427 1693 1900 1801 2381 2409 374 2040 1161 215 581 824 1389 2644 1558 1883 1346 1019 2504 1357 1087 1115 395 954 2785 1836 2547 1561 76 1333 1996 132 962 436 576 572 1213 1990 364 1593 1743 2700 2190 898 1914
000885.jpg,2066 1213 2113 2178 304 1389 2546 1115 1019 2022 63 1333 1785 1228 1685 1951 1175 485 1306 545 954 149 1300 1394 614 2072 1137 727 182 658 1207 1361 589 1760 1712 1451 1559 1971 1786 1257 2000 1106 2054 1798 714 962 803 1230 2040 898 1334 646 2504 215 1561 374 1166 1883 2787 251 2656 2409 1161 2644 364 101 1353 395 341 581 1513 572 1801 789 1773 436 1900 2381 2759 737 2242 2323 529 1743 483 989 1693 2149 1087 1427 2579 1091 1176 1683 2238 132 1298 2542 1558 1928
000886.jpg,941 2502 2152 1605 84 1139 214 2348 2841 1602 1953 909 1866 2706 1987 1171 2751 2567 22 1214 744 2109 106 1927 189 1032 2060 96 1632 244 1661 2115 1365 1616 1371 815 957 1696 454 2141 2572 2404 2162 609 894 2623 419 2554 1199 1280 2726 2153 2263 851 509 1525 1889 1960 1744 2197 1084 2457 2678 924 40 167 1738 844 1766 183 481 1113 420 171 2203 2705 1726 2303 621 2401 300 1283 510 1397 2620 2571 2768 2612 1364 1659 1907 1458 270 2448 785 592 2503 398 2831 1184
000887.jpg,213 2143 2024 24 1597 426 2430 634 1689 2638 2408 1804 1719 707 2533 1149 2320 967 29 754 2354 1478 1728 293 2673 135 286 558 2021 2172 2295 1849 2413 2756 757 739 853 184 1448 1269 2615 1265 119 1533 1231 2472 1296 1984 80 1383 91 1312 1722 19 792 520 424 1867 2566 1529 2296 2235 2787 2224 1945 218 232 2113 2178 1733 2390 529 498 304 2014 388 1213 2066 2124 2725 1019 1326 898 1093 646 2546 1951 1766 2054 2508 1228 2366 540 1389 473 1061 752 425 714 1801
000888.jpg,1730 1929 1275 2806 2687 295 464 1706 1655 1831 1789 927 268 131 504 1262 1875 2715 1097 1293 125 1026 1813 456 159 31 2236 326 1912 324 999 1281 1011 580 2301 1932 1923 1822 1240 455 788 1143 2059 2765 1022 2062 806 1062 1378 331 501 1039 2531 484 1475 2142 2407 1024 1503 129 1662 1118 2244 780 653 241 467 655 840 1843 495 33 1568 389 89 1274 1008 2285 2429 418 1465 452 1335 1297 2232 786 290 346 52 534 1755 726 1635 2565 2698 2316 1787 2053 2634 430
000889.jpg,1752 1545 1316 2556 1146 2790 1102 1496 312 1624 2832 2389 1926 2367 2528 1644 2300 221 1407 950 1636 817 1202 1656 1965 987 2817 2069 4 85 943 2411 1934 59 2272 635 556 2270 626 440 2082 1386 1405 547 1737 613 1649 826 2836 2501 2837 2241 735 2050 1782 1796 1799 2815 169 2044 1328 860 1381 2767 611 1584 1617 712 1045 947 1218 1096 2840 283 1840 188 1444 1948 1319 1658 1417 900 1422 194 2352 155 2454 1710 2628 2477 1416 1993 518 1054 1788 2713 2289 2433 1569 2538
000890.jpg,352 1349 1571 17 1025 1 913 1520 2727 1572 234 2399 969 349 1539 642 2226 1615 1815 1514 2541 837 2455 223 307 2063 2635 1009 573 2834 403 2100 1618 2215 846 600 892 1698 2175 2158 1159 2255 2223 127 264 1540 2486 961 46 1622 195 1338 2710 2253 2246 551 2338 2484 1059 2844 1409 1630 2340 2473 2619 1366 342 2444 2709 1684 2833 2339 2517 511 317 810 2139 1994 2529 1863 71 1619 1270 879 1509 2298 1660 2412 1112 1258 1360 1445 2372 414 1095 1816 1925 2466 2271 1524
000891.jpg,1489 1710 712 947 1417 860 1328 1444 2836 1701 1045 1663 2050 1617 1369 2649 1782 2130 1422 2454 2837 1679 197 179 1870 2707 26 925 2011 2241 735 169 1381 2714 1649 1993 2767 2840 1658 1623 440 463 480 550 348 1788 445 2289 1054 817 433 2790 1624 900 1407 221 2817 1644 2528 1544 2769 2832 943 1656 2375 2300 1029 1437 1934 1926 51 489 1102 1218 1552 635 1796 1405 2411 2439 2538 645 2397 312 1569 1208 970 1486 2084 1983 1640 1092 2082 2628 611 2652 1319 305 1172 2631
000892.jpg,2414 107 1177 2604 2641 2550 1507 1669 1104 55 2176 728 397 1194 575 2754 2019 1691 1523 834 2080 1482 2695 845 441 584 2661 373 1016 2395 2555 333 2383 309 827 2239 400 2495 2288 2169 306 1922 1180 736 1035 1943 1217 1919 926 856 1423 1144 167 20 2073 2296 83 1641 2245 473 1818 1326 1950 2508 792 1593 739 796 2014 766 1900 1263 205 1310 564 1727 1801 2326 1353 1502 896 1014 1401 2303 1883 2573 2791 761 465 2620 327 1205 541 980 2630 2118 39 1971 2124 1254
000893.jpg,1067 2068 2665 79 722 2511 246 1547 1134 2305 2842 1463 2135 204 137 116 97 2741 2041 1212 1935 1606 899 350 1055 2294 2766 165 725 2736 1126 1944 442 2728 1130 2558 2825 2292 2319 686 692 1868 1940 140 2207 447 2719 1452 2506 1825 2580 1076 1962 12 1841 790 1056 1464 2286 1986 494 2258 2813 2598 2248 2057 362 2382 804 1006 329 2436 627 1408 2708 1937 1639 393 1473 1942 271 508 67 205 1874 657 2583 1185 1899 2440 2499 2296 1223 104 2435 146 677 1183 443 2291
000894.jpg,729 2798 1337 2539 2629 1429 2428 2083 1070 2120 2031 2221 1910 2578 377 2640 828 1399 964 2038 865 2335 1329 2839 2602 1374 1668 1266 2808 2520 933 1764 2671 2570 358 1952 2210 2795 2828 323 672 1272 56 2032 13 1249 640 1189 2047 2421 370 1038 1754 1041 1949 1449 2786 476 669 2387 1880 1802 979 1431 698 955 571 1084 176 432 2227 1049 36 1806 193 340 733 1521 1793 121 2260 2247 1268 2668 536 2449 988 1726 306 592 1562 829 2048 2090 372 932 1065 2512 2111 1888
000895.jpg,348 2769 26 1870 1369 2454 925 480 2649 179 2538 2714 550 2130 2050 712 1417 1045 1788 1617 1422 860 518 735 1489 1701 1710 440 1993 1328 2241 197 2011 463 64 2840 1569 48 445 1663 2721 2836 100 305 562 1782 2375 2289 433 947 1948 51 1096 817 645 1054 1444 1796 2837 2707 1552 1624 715 169 1640 1649 439 1029 1679 1416 2034 1658 2650 1381 260 2352 2088 155 1172 2528 1623 900 2556 611 1218 194 1486 970 2300 2419 1926 1644 2628 1407 1983 2631 1319 2826 2544 2545
000896.jpg,1701 1710 1489 860 1417 1788 1870 1328 348 900 197 26 712 2649 1679 1369 1617 2836 1444 2011 817 925 1045 463 1437 947 2454 2050 1624 2790 433 2130 179 1782 1623 2289 1926 1407 1649 2817 1993 489 2241 2300 2084 1663 550 2528 2714 1644 1381 2707 1422 169 2837 2840 1658 1796 1054 2375 1656 1486 221 1208 2424 2767 606 2515 2769 1029 440 1552 2826 2034 480 2411 1545 2397 1627 1096 1569 2088 1386 735 2721 2082 260 51 305 1983 1934 2076 715 2628 155 134 1102 445 645 943
000897.jpg,1971 1786 1257 1106 1559 1451 2000 2656 2149 1361 1693 2787 751 1357 76 1593 832 989 1900 581 2288 564 215 926 2381 1743 39 2495 1091 436 1818 230 2827 803 789 2040 2437 310 737 2504 1180 983 2700 132 2114 341 1672 2129 2190 614 777 364 766 251 374 1996 1116 2202 1176 2238 1137 2441 2745 1353 2785 1535 695 1836 1207 1713 1914 1300 1427 2281 2540 1990 954 293 101 1685 2542 646 1224 824 1346 2016 1178 1714 95 596 88 1883 2579 2072 2054 483 1230 2547 1951 576
000898.jpg,1548 269 531 1725 368 2499 444 1263 1833 1035 1839 2483 1326 2051 2014 1200 1712 1502 425 1443 1986 2245 2249 1817 1747 2494 1938 796 1165 2685 1423 1439 1750 1979 676 1088 1570 1760 375 1219 182 980 1849 2179 2653 191 767 298 1007 2302 111 1884 2303 277 149 1183 306 1641 889 2318 1462 1711 594 2124 205 946 2561 1184 1205 1488 792 315 1529 44 1582 2180 2000 1197 2506 2296 1659 473 40 2323 2599 907 136 2573 1285 824 2118 1605 954 1537 1682 2497 2686 2677 327 878
000899.jpg,2113 2066 1213 2178 304 1389 2546 1394 1019 1115 545 63 2022 1333 1785 1228 1685 149 954 1951 1175 2249 1300 2072 1306 614 182 485 1137 727 658 1760 1207 1712 589 1801 761 2277 1087 1631 1361 1558 898 714 1451 2000 1798 1483 1230 529 1298 395 1559 16 2644 783 341 572 1727 962 1447 581 2547 924 132 1166 44 824 374 1106 251 1161 737 2323 1353 2040 2054 2114 2409 1561 1257 1749 1176 1786 2242 1971 1093 2190 1334 376 215 1856 1091 1513 2317 2656 2555 2504 1900 1683
000900.jpg,1145 2098 2747 1047 612 1023 141 2055 1976 453 401 461 477 2163 1628 1163 2122 2829 177 981 2679 2775 760 2636 174 1415 164 72 595 2009 1903 1872 1510 208 816 2587 823 1085 399 437 156 99 1688 694 2274 731 172 755 1717 1233 2655 1436 1241 1784 2074 2722 1599 1736 2450 460 1808 1160 666 599 222 380 2218 1638 1321 2469 1504 2126 2577 1806 2537 1933 73 1100 1404 2645 1098 1089 2342 2750 2691 2071 1790 2642 1155 935 2452 2355 2446 2156 2201 2003 703 110 1550 783
000901.jpg,2669 2025 192 61 1787 225 2396 207 2794 654 245 1781 408 2280 49 2070 139 525 2173 239 1282 296 2091 209 838 2164 356 383 2311 1141 1127 1248 252 1780 1356 2232 2137 1505 822 1506 1435 625 679 52 418 1481 1568 1274 346 1022 1598 653 858 295 2142 1216 2531 113 455 290 2244 2470 1293 2806 1275 1097 31 2765 268 580 1929 1262 1024 2236 159 1730 786 131 1465 2715 1143 1843 2053 2687 780 1503 452 806 1875 1124 1140 1037 1475 1011 467 1706 326 464 1378 2059
000902.jpg,1710 1701 1489 860 1417 1788 433 900 1328 197 2840 2289 2011 2375 445 2707 712 463 2130 1624 1679 348 1617 1623 1045 2084 2836 489 1444 1437 2241 817 606 1319 2082 1422 1870 1552 611 1895 2767 2817 2050 1656 645 2424 2270 1208 1029 1386 2515 259 2769 169 675 1782 947 2714 2397 2649 2454 221 987 2300 179 2826 2790 1649 1926 188 1934 2837 1486 440 59 1627 2076 1381 26 1054 1993 2528 312 556 635 1663 2367 550 626 2439 1369 1658 547 2646 1407 925 943 480 2411 1544
000903.jpg,105 2394 1778 416 11 883 1946 2110 664 1271 7 151 2711 2793 975 513 1854 2559 1209 1419 301 2618 2560 94 2696 2331 528 2416 25 568 808 337 243 1585 2026 2792 1370 1325 2830 1309 1002 567 821 1331 2697 875 819 1442 2575 1581 566 1142 1970 1573 2005 1614 2087 512 2349 1742 1681 1040 487 382 1791 1992 1200 800 2730 2519 1966 1968 871 982 1020 673 2658 678 1210 1554 1673 1424 2723 923 1495 435 2065 778 311 610 908 1170 1239 593 118 318 2147 855 881 1152
000904.jpg,18 1842 2663 2 601 951 1834 1252 2015 2818 1759 2757 315 1753 1125 2777 2077 2772 2478 1557 1390 70 2622 2561 2510 431 1165 2302 191 2161 1035 1839 767 1938 277 1747 2315 1443 2667 2686 889 1833 2702 522 2532 2685 2323 1989 1114 1075 249 1980 1767 1810 2624 211 634 369 962 931 2509 1012 529 2583 1845 126 1406 1460 29 395 2644 578 67 2496 1801 990 1413 202 1798 688 1952 2143 2430 792 1511 1235 1418 2296 768 702 2172 293 65 2276 2671 1869 24 1334 1928 1969
000905.jpg,1752 1545 1146 312 2832 987 2389 1102 1624 4 1934 2790 59 626 221 85 2501 1407 1656 1644 2528 2411 2082 1202 943 635 1926 2300 1405 440 2270 2817 556 1737 2367 1386 547 1316 826 817 2069 735 2044 1840 2241 1636 613 518 2050 950 169 1422 1617 2836 188 2837 2840 1045 1782 1649 611 712 2556 283 550 155 2439 2826 2538 900 1319 1799 2454 2649 1544 445 947 2133 1444 2011 1381 1328 1496 259 1552 260 1965 2088 2130 480 1437 563 266 1796 179 1993 26 1878 1092 2424
000906.jpg,1096 1416 1948 2272 2815 1636 1965 1496 2556 1860 1316 2721 2352 562 201 2713 715 1569 1218 64 1796 1051 305 100 1261 51 439 48 194 155 2628 2034 1640 2309 1362 1658 1381 2241 1584 2650 1897 2545 2433 1586 2376 497 1617 260 712 1544 563 1490 2755 2088 2836 1993 2631 258 2826 1148 1782 231 2289 1552 1453 1901 1422 2046 319 1328 747 2439 168 1878 2732 2454 2767 1045 169 2023 2076 2837 1840 2652 947 2045 161 550 2130 900 645 1486 440 2050 1369 1623 1679 2553 992 2707
000907.jpg,2437 1672 1836 1749 44 1483 1057 16 1447 1990 1469 376 291 2700 2317 1914 2785 1535 832 2202 2249 1476 1224 1593 576 824 1116 1178 1727 1856 2555 2745 95 683 88 1713 2547 2058 834 2190 1714 2129 2441 47 761 1353 1449 1838 1103 2180 1346 132 483 1277 596 1773 1795 1176 1304 983 1300 1743 751 1161 2827 2016 60 1513 83 2111 695 2523 2296 240 2000 1999 1693 2422 1620 34 845 2554 792 396 2784 1147 441 1482 2695 419 465 96 789 894 1760 1523 2153 2383 1632 1456
000908.jpg,1545 59 2389 2367 626 950 1202 4 1799 1752 1146 1737 826 2082 2270 613 547 440 2069 283 1386 556 2477 611 1552 2840 463 1029 2312 1407 1319 2289 1993 259 1788 2088 134 735 2837 1624 1895 2375 2148 1045 169 1468 1617 312 2076 635 85 1649 987 977 2735 2241 550 433 1422 155 1584 2300 1934 2133 1544 1878 445 2050 860 2832 2130 260 563 266 817 1926 2439 1172 2652 173 161 904 1328 1656 2424 197 900 2631 188 965 2650 1148 1486 51 562 2836 1444 1663 1316 2011
000909.jpg,1328 947 1617 712 1663 1444 1045 1993 1679 2707 1782 2836 2130 1623 1422 1710 1489 860 1381 2241 2837 1649 2767 2840 1054 2050 169 2011 1658 445 1701 2454 1417 1552 51 735 1369 440 2714 179 900 2649 197 645 1640 463 1544 2289 1569 480 155 1029 2769 1486 550 1437 305 2439 1796 925 433 1948 259 348 1218 562 26 1870 2721 1788 2650 1208 1416 1096 260 635 134 1253 2631 1307 2628 2133 439 188 2088 2082 1261 100 1190 2826 64 715 2419 817 2352 1624 2652 1934 2375 563
000910.jpg,1588 1132 536 988 193 569 121 2090 1431 680 36 2117 866 1268 2333 1492 142 733 2078 802 1430 500 1553 1699 1499 878 1793 2217 901 429 1053 1886 2267 555 1890 1236 2380 868 2029 2668 554 1256 2415 1888 1562 1033 2568 332 176 2743 1393 427 2786 340 1686 2227 21 417 289 1418 597 2108 886 979 2451 1065 681 1398 2384 199 62 743 2423 302 432 1038 361 292 2421 571 893 78 1041 323 2671 2578 1374 1272 2520 2221 377 1668 933 2828 2539 1329 2602 828 1754 13
000911.jpg,1506 1780 1141 383 2070 1505 1248 1356 2311 525 252 1781 1435 654 113 49 2669 1127 192 1829 2232 2794 625 1140 61 1598 858 1168 1299 2137 245 1216 408 455 822 679 2025 2279 1262 139 27 1787 2280 2396 207 1282 1924 2698 225 239 296 2173 1273 1568 216 2091 209 2164 356 838 1274 2765 2470 1024 1503 2531 1124 2053 1612 726 799 464 1706 1918 1692 1875 31 1037 653 2062 89 805 1143 1500 2715 580 331 1297 200 1303 1293 1011 2316 1755 2236 131 1961 2611 2017 344
000912.jpg,1009 837 2455 2063 264 2484 1159 1815 234 913 1572 2727 1025 1 352 2399 1520 2092 2844 403 1122 1814 1349 1589 2833 2731 2139 2371 267 1539 1238 2541 1291 1366 2797 667 2158 2215 299 1982 1925 1571 2834 307 891 1816 1615 1619 2576 17 969 2189 46 2403 223 2385 892 2776 551 1480 2226 2635 428 1735 2633 349 1660 1514 1863 2771 2269 342 1684 1618 1373 641 1698 888 2607 991 2431 879 741 1059 2175 2298 2223 1540 2100 2460 1807 90 2185 2529 642 262 1549 1622 1776 573
000913.jpg,2267 2380 1236 1430 1553 743 2423 1699 429 1492 2217 2568 427 142 2668 1888 2078 2415 868 289 1890 1431 199 555 1256 121 901 1562 340 332 21 176 554 681 878 2029 2421 2108 569 302 417 292 2786 802 36 1398 2333 2539 1793 1038 361 2117 193 1754 1429 893 2743 2090 1033 2451 1041 536 78 1686 988 2221 2038 500 2227 597 62 2629 1053 2578 432 866 323 1399 733 1065 886 964 1393 828 2384 933 2428 1499 986 377 1418 2828 698 2671 1374 2150 1070 123 839 2120
000914.jpg,802 1492 142 2078 1699 1430 1553 429 1053 1886 555 866 1890 2333 1431 2267 2380 36 1236 868 2217 2117 878 554 1888 2029 2668 2415 680 2568 1562 733 1588 1033 1132 1256 901 500 1499 2743 417 1686 886 289 597 176 1793 1418 536 21 1393 62 743 681 427 332 988 361 2786 1398 2227 121 193 2423 340 2108 2451 199 979 569 302 292 2384 78 1065 893 2090 432 1038 1272 571 2671 2047 2421 2032 2520 323 1041 2828 1268 73 1682 2038 640 13 2387 1219 2224 1263 1374
000915.jpg,924 1487 1363 1471 2216 1703 1288 2841 953 2249 333 2502 761 1605 2567 1727 834 2317 309 1019 443 2152 856 419 1027 2153 2555 2554 1090 1217 1214 22 1171 214 1389 96 2623 1006 586 2109 1308 2452 2751 1763 986 1865 149 2114 63 894 581 2263 1082 2816 1044 1697 2678 1371 37 1447 1483 2437 1856 2573 1300 2167 905 1632 167 2706 474 1927 997 2000 2022 1139 1685 1032 2245 922 1671 189 1333 1322 1188 1250 737 8 2441 1213 1336 1749 1502 1995 1277 1394 2726 2449 1184 2043
000916.jpg,1038 2421 1754 1041 1949 2520 2210 1272 13 640 2671 865 340 323 2786 377 2578 2798 332 176 979 828 729 2227 2539 571 1429 2629 2668 1393 1256 2428 1374 2743 1033 2602 2640 1065 597 2221 2029 1668 554 2120 2032 933 868 1418 2828 289 2038 1070 1562 1888 2108 1399 2031 1686 1337 964 56 417 1890 672 1266 1952 2808 555 2047 429 569 427 21 2090 1398 886 986 121 370 1553 2451 1329 536 2415 1197 193 1431 988 123 36 358 2568 1189 2083 2335 1430 1757 1492 743 1793
000917.jpg,1882 956 2194 1227 2261 661 476 1153 1761 669 829 2168 1260 1221 6 546 285 2643 582 620 732 1083 759 1702 181 1797 807 1697 820 2313 1541 1188 468 750 1603 334 1858 922 2425 2823 2476 372 1536 636 1560 1456 2807 1318 2278 1570 411 2043 37 2666 1763 1090 1139 1911 2623 2678 84 1865 2810 2816 2387 650 281 2688 941 1866 1371 2677 2761 2048 2171 894 2263 1768 1380 1400 1525 629 1891 1199 1726 1916 586 762 1995 2705 724 229 2346 2841 905 2167 40 594 1487 1032
000918.jpg,2185 1129 1440 386 143 1411 2584 2529 2517 718 1694 2271 795 1684 787 810 2298 958 1445 697 2619 30 2616 1514 71 638 1360 1215 2801 1112 1939 2524 2460 273 1630 1242 557 1294 1446 2104 969 879 2139 665 2363 2246 2833 1366 2844 2481 1258 1925 1982 1619 1816 1863 1480 1270 2092 667 299 1814 2455 2385 2468 1373 2633 2731 1122 342 1539 2576 1660 551 991 2771 264 1059 2431 641 888 837 1571 2607 2776 1807 867 2672 2710 2797 1735 1009 1698 1549 2749 1776 2371 2444 1887 262
000919.jpg,1993 1617 1422 1328 712 947 1045 1444 2241 1623 2707 1679 2837 2130 1782 1663 2050 550 169 2836 2631 735 2840 1381 51 1658 440 305 155 2011 2454 2289 1552 2439 1649 562 1544 1640 197 860 2649 1710 518 1788 1417 1796 900 1489 2767 1054 445 463 260 1369 1569 2721 179 2714 2088 259 1878 1895 645 480 134 635 2826 433 2538 2650 563 2082 221 2270 2769 1405 1840 1218 556 925 1860 1701 715 2817 1407 439 2628 943 312 1029 1934 85 547 100 1926 348 2790 2375 64 2133
000920.jpg,1752 1545 1146 312 2832 2389 987 59 626 4 85 2082 556 2270 547 635 826 1934 1102 1386 1737 221 2367 2501 1624 1407 2069 440 1405 2790 1656 950 188 2411 1202 613 611 2300 1636 2044 2133 943 1316 1840 283 2241 1319 1552 1422 2837 2528 2817 735 1926 550 518 1878 1644 2424 169 1649 1092 259 2840 2836 817 1617 2826 2419 563 1983 900 260 463 2050 266 155 2088 2477 977 1045 1782 1468 2652 2148 2544 1486 2289 1428 1965 965 1544 445 2397 2439 2631 712 1993 1437 1029
000921.jpg,2600 1705 487 2085 942 1681 2543 2458 966 1384 1495 337 2596 2262 2660 2392 908 921 1017 1290 1978 2664 1002 1331 1739 1853 852 1695 1742 1000 1119 542 54 1673 360 1614 1518 2259 710 2064 1893 791 2369 50 2696 984 2282 1508 660 1565 2257 631 2782 2803 1287 1031 2357 1370 243 1676 1396 355 320 1718 607 1237 1554 1981 394 2140 2796 813 451 1567 1301 1604 1058 1105 2049 446 1385 1779 186 512 1906 1519 151 893 2026 2559 2618 566 530 1479 2469 568 1871 1682 662 1271
000922.jpg,1944 1055 2294 2728 725 2207 2558 165 2766 447 1825 2825 1130 2135 1056 2842 2741 899 204 2292 2736 1212 692 1940 1126 137 1606 494 1547 116 2319 2057 442 2511 2719 1463 2435 1935 97 1134 2580 246 1899 1986 2305 2041 2291 1874 1067 2068 146 686 1223 2248 2813 722 1841 574 2665 1962 1452 2506 79 1464 2708 2258 657 1937 647 2382 1076 1185 140 1868 1777 2683 2639 362 677 2286 1639 790 1473 1408 948 2438 1942 2393 1677 271 1892 682 12 491 804 1771 2037 2440 2569 994
000923.jpg,1083 1702 2643 181 620 759 732 1260 582 1797 6 546 285 1221 1858 2313 468 807 1882 2807 636 2278 1318 1536 2476 2425 661 1188 2194 2261 1697 1153 1227 2168 476 1865 922 2816 2043 829 2171 1761 956 1891 1456 1763 1723 2810 1560 2048 669 411 1768 2678 2666 37 2263 586 40 650 1916 2761 1090 229 1603 820 42 189 1380 45 122 2346 475 2153 443 1032 1726 396 1082 2060 1284 1696 1364 1139 1541 1570 894 1064 298 2627 2111 1251 1960 905 2056 1525 2167 2522 2554 1610
000924.jpg,1072 1276 2461 210 1859 793 1034 1861 1392 1792 57 1580 2418 280 2125 1930 1234 2004 570 2174 1665 689 1758 1575 746 2456 1358 1724 294 1664 2327 756 663 2229 493 2694 1279 2838 421 1193 2581 77 859 704 158 1375 2330 1576 242 366 170 934 1292 185 1716 798 2672 287 438 884 2703 514 1432 2155 1030 1377 2206 1196 1345 797 82 1776 880 2662 228 2186 1551 2321 548 1348 2127 1086 470 2187 2332 1887 2659 130 1043 857 1522 2039 2002 2739 976 801 1653 1675 842 2198
000925.jpg,1786 1971 1257 1106 1559 2656 2149 1451 2000 1693 751 1361 2787 1357 1593 832 76 2827 310 1743 2288 2437 2129 39 2700 581 983 1900 989 132 954 1091 2495 564 614 1672 926 1836 2016 1818 803 2441 215 1176 1180 2190 1535 2381 2040 436 1137 695 789 737 2202 230 1685 293 1346 646 1207 251 374 2114 149 2745 341 2785 1178 2504 1990 777 1116 1353 1914 596 95 364 824 2540 1996 2054 1713 2072 2542 1224 1427 2281 766 1951 291 1714 2238 1483 88 727 1856 589 1476 1773
000926.jpg,2809 1721 1876 1473 12 1439 1406 2291 2057 249 2051 1012 368 1725 2435 2499 2683 494 394 637 2719 1839 627 1810 1075 1931 1390 444 447 994 574 1874 790 2438 2708 2622 608 274 657 1899 1223 1879 2657 1035 202 2183 2509 692 1886 67 2089 1501 136 1088 1817 1548 255 682 2583 598 2598 2599 2589 2526 1557 1001 482 1902 1555 864 2639 944 1881 2704 128 2121 677 1477 1582 1757 1906 1433 2308 531 2766 2350 508 1165 526 2762 2292 2436 882 1592 1197 2220 854 1711 1558 521
000927.jpg,2252 2682 1651 1179 1977 2491 2328 1578 945 841 639 2647 1579 1920 1063 916 2042 1770 9 227 2310 1531 1583 1470 887 2723 982 998 748 114 1769 919 517 952 2225 1354 763 2097 1211 1791 2778 819 118 928 930 2792 1667 1528 1851 1585 2379 2729 875 2349 1657 311 2575 567 1210 515 1154 2065 2416 923 2459 1368 1367 2304 2026 778 2793 579 7 566 1239 528 382 975 512 2559 492 1854 2488 25 1566 1970 2618 1209 2711 513 2658 2636 1271 151 2009 72 808 2081 460 2110
000928.jpg,961 2138 472 1607 2758 1341 1069 1803 352 17 1571 1828 2444 2595 405 147 1811 1509 2835 2738 2094 573 551 642 2100 577 2385 1530 1622 600 1964 846 2710 2614 1078 1059 641 2486 166 160 127 1807 888 2255 991 1524 1295 537 1862 2771 2709 1629 1618 2648 2635 342 1270 1167 1540 2223 1698 317 2338 1373 1338 262 2431 223 1355 2340 741 2175 2372 195 1514 2412 2811 2253 1025 969 385 2473 1615 1539 1258 665 2468 1939 1421 1112 203 892 2740 1684 1520 2820 1619 2131 1652 1409
