imageName,Corresponding Indexes
000001.jpg,84 2152 2502 941 1605 909 1139 2348 214 1866 2706 1602 2841 1953 244 2141 1696 2677 1525 1280 1371 2572 815 2115 1987 2623 1616 1171 629 924 2109 2263 1084 1365 2678 106 1198 744 2567 1113 1214 2751 22 1927 1659 1661 2303 1726 2203 1184 96 1960 621 2554 1032 189 298 117 1205 2448 2831 419 1570 2153 894 183 2705 2060 609 1632 2726 1979 40 2162 851 327 45 1251 1364 594 2522 1199 275 2494 1064 171 398 2179 2197 2030 6 454 957 2404 1502 1687 1738 167 690 300
000002.jpg,2044 85 2501 2411 1656 1934 2528 1644 312 2832 2790 1102 1624 635 2817 1405 987 943 221 611 1926 817 1319 188 2300 1407 556 547 2082 1386 2270 1422 1617 1983 2670 2574 1190 1993 712 826 259 463 1796 1029 1092 2344 2397 2800 2544 2676 1552 74 2724 550 2307 2837 1208 64 2631 1045 2011 4 2836 562 283 2419 1328 2454 439 2707 100 2069 1158 1428 2424 1146 2084 2564 1782 2545 606 622 715 1569 2840 977 445 1788 2007 2538 2050 2130 2652 2721 2088 305 169 1414 48 219
000003.jpg,1516 2609 538 248 843 2341 648 1133 937 410 811 1424 1455 257 1454 1546 94 2843 1079 2219 253 535 1731 1138 434 1894 709 1498 336 186 288 1634 2549 2377 605 1871 1466 338 1527 544 717 2613 742 1110 2364 1783 1131 610 112 365 2331 2151 1794 2788 2746 1800 1779 1573 1707 730 1645 1379 1243 435 1007 1309 1966 1385 673 1005 2763 2730 2290 1040 2560 2299 2830 1020 773 593 1581 406 519 678 749 800 2196 2102 1311 1992 1419 1526 2251 1670 870 2145 1969 2005 1068 568
000004.jpg,2809 1721 12 1473 1876 2657 1868 67 627 140 657 637 1886 2583 255 2685 482 1027 2580 2617 619 677 1165 1810 2561 217 2249 1548 2427 2712 191 2089 2308 1075 394 2302 393 1035 1390 1931 442 790 2506 2708 2445 1452 1839 2829 2315 508 1753 249 1263 2772 2136 1406 1244 614 1330 2251 761 692 2704 1817 2598 2589 1557 494 531 2719 1879 2526 1511 1980 2041 1833 767 1881 2475 1012 1125 2777 1250 2509 1219 574 1906 944 2622 1439 1874 136 997 104 2000 1801 269 1501 2535 2779
000005.jpg,499 465 2277 1801 1631 529 545 1394 2644 1334 540 395 2323 1561 374 1785 1228 2555 962 2579 1798 1230 1727 1087 803 853 2759 898 63 483 789 2058 572 2022 1333 1137 1019 251 1300 1558 1213 714 1353 2072 1749 240 2113 2066 2242 834 1685 2504 2409 1389 1207 1883 2178 1166 2249 304 1683 1427 1197 1898 576 149 761 954 2546 1928 824 2542 614 581 182 1277 341 1115 2547 2540 2238 2784 1091 737 2381 1483 617 1161 34 93 766 2422 1178 2785 328 407 1996 132 2114 1971
000006.jpg,1796 2034 2545 1569 48 100 715 64 2721 439 1640 562 305 51 155 1584 2650 1993 2433 2713 1860 2631 1490 2376 2309 2411 1644 2528 2556 1656 2045 2023 1624 1658 1381 1617 201 1496 712 2241 2755 2272 85 2790 1453 1782 2836 2817 1840 1544 2352 221 2439 1422 817 2044 1948 1407 1316 1045 1636 1096 1926 1218 943 169 2300 2837 2628 747 1934 947 1051 611 194 550 1416 1405 1328 2501 260 2826 563 1369 1319 987 2050 1444 2649 635 2454 188 1261 1901 1965 2088 2815 2707 1417 312
000007.jpg,277 767 1938 1443 1833 2686 889 1747 2496 2532 2702 1989 211 1460 369 2510 431 2315 70 1753 2777 315 2478 1125 2077 2772 1165 951 1980 2 1759 2302 1035 2685 2757 2663 1557 1834 2818 1839 2561 18 2622 1390 1842 2015 191 1252 2323 601 990 1767 1333 395 1801 2245 500 2249 63 980 2022 1593 824 1845 2624 72 2388 2644 1263 1413 461 126 1423 1884 1548 1340 1343 1310 783 2277 714 733 1986 1418 297 2514 309 1047 688 898 1817 684 36 1107 907 1137 2098 269 931 1225
000008.jpg,1235 103 297 2624 990 502 2471 2601 1845 1323 688 126 1186 2276 768 2314 578 1391 848 903 522 1340 1413 1830 284 1767 702 1114 1908 931 1608 1107 2388 65 1720 1821 684 250 2667 1975 1310 1512 835 1254 767 2302 2478 277 1165 1839 2323 1753 2077 1035 395 1125 2772 2777 191 962 251 1723 973 2644 315 1759 374 1232 803 2759 1605 1570 431 1798 304 951 18 1834 1916 2510 614 2561 1557 2022 298 783 2178 2015 1397 2489 2699 529 2620 2757 2315 1137 364 1252 581 1460
000009.jpg,2494 1659 2303 117 327 1205 1184 2203 1979 1687 1198 1502 2030 2573 1113 2179 1400 2791 1922 298 23 275 1537 2620 205 1371 594 1080 1738 510 2263 1488 2101 1570 1425 420 1397 690 2768 148 2572 2623 2521 2678 448 1280 1084 1525 1960 40 167 1726 973 851 1285 423 69 1605 1641 2706 907 1616 2359 1144 2245 1591 20 2118 2222 1423 466 1471 1884 946 454 980 2677 2502 2152 1170 2448 1880 2726 498 474 104 84 1263 2124 1696 2115 953 163 425 941 375 2014 629 1326 543
000010.jpg,2267 2380 1236 1430 1553 1699 1492 2078 142 2117 429 802 2217 2415 2568 1886 427 743 555 868 1793 901 1053 2333 1890 1888 1256 1431 554 878 2029 2668 36 289 2423 866 1562 176 121 193 500 1033 988 21 536 733 332 1499 2743 417 340 569 2786 681 199 1686 1132 1588 2108 292 302 2451 62 361 2227 597 2090 78 1398 1393 886 2384 571 1418 1065 2421 893 1754 680 2221 2539 1429 1038 2038 323 2629 1041 2578 828 377 986 2671 2428 979 2828 437 432 933 123 2032
000011.jpg,799 653 2693 1274 1024 2531 1503 1568 1127 1875 822 1755 1011 2232 241 2142 805 268 314 131 2091 2794 1303 239 1781 999 1317 290 1756 495 1475 1395 1843 1039 2137 452 2565 2236 2285 726 89 2164 1297 412 2402 721 2765 467 2053 2715 1647 1050 1972 1282 840 1262 2698 1655 464 1022 53 1921 27 1273 252 1831 806 408 49 927 1706 1932 1037 390 2061 356 1967 296 1789 2280 455 1378 31 389 1635 113 159 525 561 1505 580 1813 1140 1062 1281 758 2059 2687 1918 1293
000012.jpg,1044 897 1621 1487 1865 924 834 2317 2452 2823 1321 2156 1727 2555 761 2446 908 2567 2249 1098 599 752 630 2751 666 2841 141 2071 333 1933 2216 1661 1200 1363 1879 1447 2537 2550 2642 1719 856 213 394 2109 1709 376 2296 984 1471 1482 214 1425 1171 729 935 612 1023 309 2750 1194 2645 1669 1757 1790 122 453 1288 785 1703 2122 2679 1729 2829 144 2295 1906 1469 123 1620 1006 488 2508 2096 401 1214 540 1088 2150 1507 2726 1903 1804 271 2573 1728 1550 932 1047 443 986
000013.jpg,1004 2112 1434 75 940 2737 1343 2497 60 198 1999 1103 1304 949 1760 1298 182 1712 149 954 783 1333 1685 291 1019 1483 1535 63 2016 44 2022 2152 2542 1693 614 1113 2441 2656 1749 16 2827 1605 40 832 2502 1447 941 2149 376 986 1137 84 95 2566 596 2677 617 1197 1469 1346 214 1795 1856 1867 2323 1727 1139 983 1757 1502 1223 123 2203 898 1785 882 1558 594 2111 856 1874 1849 1087 1219 2058 621 1394 1207 1590 2386 2116 1251 576 1255 1166 2494 1277 1064 1228 1371
000014.jpg,2070 1141 1506 383 1780 1356 2669 192 654 61 252 2025 2311 245 207 1787 225 525 1248 1505 625 1435 1781 679 2396 1598 2794 216 858 49 2280 139 1127 2164 1299 1168 113 1216 1282 408 2173 1829 239 1140 455 2091 1924 2279 356 33 1262 838 209 2232 296 2470 2698 1097 1274 1273 2137 2062 1293 822 1124 1822 344 653 1472 1143 1692 2053 655 27 326 580 331 1612 2316 31 200 1037 159 1118 418 2765 1706 1568 346 2690 449 464 618 2467 430 643 2806 2406 402 2611
000015.jpg,1254 1512 1310 65 835 1107 284 702 903 1908 1830 1114 768 931 2388 848 1340 1767 1608 1720 1821 990 2471 502 2601 297 1277 834 684 1235 1620 2079 1104 1975 2058 309 2555 1013 1845 2080 333 103 1336 1323 2579 856 1749 250 2136 1244 2197 2160 1669 2641 1315 2624 462 240 393 1727 2571 1178 1130 1186 1907 2831 2780 603 1517 1450 1458 205 1482 187 596 2401 830 126 2733 789 2275 204 55 677 1057 1147 2630 576 2317 95 2547 1194 1177 357 1940 2705 2314 483 2242 1841
000016.jpg,570 689 2125 1792 1861 1930 57 1580 2418 1665 280 793 210 2004 1234 2461 1859 2174 1034 1276 1392 2456 746 294 1358 2229 1758 2327 1072 1575 1724 1375 2838 1664 2330 1279 859 756 2186 2374 493 366 797 976 1196 421 704 2672 2694 1947 1765 548 1776 133 228 77 2662 583 857 720 1350 2332 158 1457 2548 588 242 2123 1030 2590 287 2039 1551 2541 880 1716 798 2206 2739 2184 1086 1877 885 801 1043 1576 2659 263 1191 1193 2155 2321 1887 1377 2581 1542 656 1229 2356 884
000017.jpg,1766 2725 2464 1889 2404 509 609 2115 1515 2457 957 1696 244 1616 844 5 744 1477 2448 2128 214 1602 1139 2348 1953 1426 1866 1556 2706 2751 592 909 1171 2109 466 1214 1061 2124 1661 1199 498 375 1326 22 2567 425 1637 1744 163 2014 388 1802 473 2726 941 2162 2366 2572 1605 2508 2351 306 1365 84 2169 1960 1904 1610 2502 2507 454 106 2197 40 1032 2841 1757 2591 2152 621 1015 43 189 882 565 2150 752 1560 2678 2425 1987 1591 448 229 1364 1726 851 2056 2216 815
000018.jpg,1563 238 28 2250 505 2552 2500 2819 2479 458 2181 152 1532 849 1896 523 972 175 313 587 2716 1827 1335 2365 1741 2557 2099 2674 503 734 633 330 2283 2191 1339 1376 2228 711 705 1680 1704 2689 847 2322 2681 2052 92 2193 2119 2370 2527 671 696 354 81 772 2177 2742 602 2592 2534 1332 120 261 1111 532 1297 1873 2028 1956 464 1708 268 1932 2764 1024 1831 1746 740 1912 726 1117 1037 2806 1706 1262 1655 1314 1875 131 1503 455 1829 927 2715 1140 999 1293 1543 159
000019.jpg,1752 1545 1146 1316 59 2389 2556 1636 1840 1496 1965 2241 312 440 2832 950 735 1658 2367 2836 1381 1544 2069 1624 1934 518 563 4 2439 1782 169 2501 2050 2628 2840 2272 626 1045 987 2826 712 900 2837 221 1123 1617 1878 1437 1202 155 550 1422 51 85 1656 1405 1102 635 2289 305 260 817 1640 445 1407 1444 1486 497 1586 2790 2130 2817 2082 1649 947 2411 2133 559 2815 645 965 2538 2528 613 556 943 1552 2424 2652 2011 2713 1948 2300 562 978 2088 1796 2454 2419 1926
000020.jpg,1539 273 1242 352 2104 2524 557 2460 2226 2844 2175 879 1366 1025 1660 1619 2363 147 2710 1349 969 1480 2833 1816 1863 2633 2607 1925 2139 1982 2431 127 867 385 2797 551 299 2444 2576 2595 1549 667 1514 2092 2473 1803 2269 264 814 1629 2776 577 2455 1059 685 1684 2709 2517 2385 342 2138 1815 1571 428 641 1811 2371 837 810 71 2298 1524 2801 414 1988 2063 1618 2271 2339 2484 1167 143 991 1009 1939 958 2529 697 913 1807 638 1295 1 2100 787 651 2675 2468 1440 154
000021.jpg,783 1093 949 1343 2737 1103 617 940 1999 1004 1856 2112 2111 2785 1914 2441 1898 2202 407 1683 2827 2242 983 1561 596 540 95 2745 2190 310 198 695 1434 75 88 2413 1476 1304 132 2295 1176 2317 1743 60 1996 341 1091 558 766 2542 2238 135 328 2547 1298 2497 777 1535 2422 824 1846 1448 576 1230 1631 2114 1693 2489 230 1801 1773 291 2644 1749 1224 737 832 2759 1795 34 2323 1116 1513 1334 1847 364 2016 2180 1482 2129 1087 2504 63 1447 1161 1672 529 1197 2523 905
000022.jpg,2288 1357 39 2495 1818 2281 564 926 1180 230 76 777 1091 1996 989 739 2114 751 581 2224 1786 341 1106 1559 1257 2000 1971 737 1451 215 436 1900 1361 1482 2381 1523 1036 946 2080 2787 441 2040 2785 2239 2695 318 1593 2542 824 1641 2437 1152 2504 1304 1943 2497 907 1353 2699 766 364 60 2202 1476 55 683 1263 1230 327 2245 2489 1219 1057 251 1116 117 2824 1538 543 615 2132 1693 1714 834 75 1184 2641 2204 2086 789 2745 2644 1144 2383 1194 2555 803 395 2073 1427
000023.jpg,222 2218 1504 2512 1436 2362 850 1305 2691 2355 1052 935 2750 2645 836 2096 2201 1098 1321 2071 2450 1790 1638 2432 1933 755 2342 2156 1736 1806 1709 796 2593 1911 612 144 177 2420 897 380 453 1628 401 1023 2829 2122 437 981 2163 2679 2074 1903 461 141 73 477 1047 1233 399 1085 1599 1163 816 2055 1510 2098 760 2747 2587 1976 1621 823 164 595 72 1006 2469 1682 174 2722 1717 599 2452 2318 1145 2446 1479 156 208 2400 1784 99 1872 2535 443 1387 629 731 586 1308
000024.jpg,1752 1545 1146 2389 312 2832 59 987 1405 1102 635 221 1934 85 2501 943 556 2790 4 1656 1407 1624 2082 2411 1386 2270 2300 626 188 2069 2817 1644 1926 2528 547 2044 440 611 817 1202 826 1319 2367 735 1737 1617 1422 1316 613 2556 1636 2241 550 1045 950 2050 712 2840 1552 518 463 900 169 445 2836 2133 480 947 2837 283 1782 2011 2289 2454 1328 259 1983 1444 2826 1840 2130 2538 977 2088 2649 2544 2424 1993 155 2419 179 260 1649 2148 563 2631 2397 197 1029 1092
000025.jpg,757 1728 1533 754 558 1689 2295 2413 2756 1231 135 2472 2638 184 1478 213 2024 1312 1597 634 426 2143 24 1448 2021 1984 2430 1296 1265 1804 2408 967 1383 119 707 2615 2320 1719 80 218 1149 739 2533 2354 853 293 2235 2566 540 520 1945 29 91 2277 2172 232 1269 1801 286 1394 529 2260 545 792 2673 1849 19 2644 1898 1093 1035 898 395 2323 962 1883 783 1558 1087 714 1683 1839 1228 2759 1798 2178 251 304 1722 1230 101 1333 2113 424 2547 1867 2296 1427 2066 376
000026.jpg,346 2821 2467 2690 786 402 52 471 363 1438 936 753 2398 108 478 2407 1008 2465 2505 1220 2301 628 1378 1481 1022 418 1662 2244 484 758 467 1465 430 2429 780 806 2634 2611 389 534 504 1692 2059 452 2765 2687 1918 53 1275 655 1048 89 840 290 1730 1929 1787 2632 1026 1124 1037 61 207 2806 1568 2025 2285 138 295 2669 654 1273 1612 225 331 1097 1039 2070 1756 1143 1018 653 125 1293 1822 241 1024 1647 2236 2142 782 192 2794 1789 1921 1140 1395 2061 999 1317
000027.jpg,67 2583 627 1810 1001 2350 1075 249 1012 2509 1406 202 2121 2294 1055 1944 2728 725 2207 1825 2766 2719 165 2558 447 692 1940 2825 1212 2319 137 1986 1067 79 2292 2741 1130 1056 899 2736 2135 442 116 686 494 2041 204 2665 1126 1606 2842 722 2057 97 2305 2068 246 2580 574 657 2291 1547 1463 2511 1899 1452 1868 1134 1841 790 2506 2435 1962 12 1473 1935 954 2809 1874 140 359 1869 2708 2051 1223 1886 2653 1777 1076 2000 1721 2589 2748 1881 1195 1798 2787 1817 293 1333
000028.jpg,196 776 353 98 2474 1643 585 1819 1864 701 1625 2067 869 2081 910 233 2462 2334 1963 781 2256 1402 2353 1042 2361 381 809 2103 276 1600 1344 2264 2027 2001 69 2391 2012 2132 372 1170 1077 1697 2677 1751 2582 2141 2593 1204 796 450 871 301 2691 2101 862 629 1519 513 1541 820 1973 875 2803 396 1565 303 2336 2331 915 281 1504 1221 1911 923 1387 1210 2387 311 247 128 392 2559 1209 1997 724 539 528 151 1219 2318 1508 2618 1772 1245 2369 1384 40 568 343 2209
000029.jpg,268 131 295 1789 1875 2687 464 927 1831 1706 1655 1929 1730 1275 2806 495 1843 2531 452 1503 241 2142 1240 726 2285 290 1011 1475 2236 2565 2301 1024 467 999 1262 840 53 504 653 1022 2765 418 806 2693 455 2059 780 2470 484 2715 1378 799 1274 1932 1062 1813 125 1039 31 1923 1026 331 324 2407 1481 2244 534 788 1281 1662 1293 129 1097 580 1568 2429 159 1465 456 52 389 89 326 2634 1912 1822 758 346 501 1008 2053 1037 1127 2062 1143 786 1273 2232 1787 2505
000030.jpg,2414 1177 107 2604 1669 2550 1104 1507 2641 55 2176 728 397 1194 575 2754 2019 1691 1523 2080 2383 1482 441 2695 373 584 845 2395 1016 2326 2360 736 2234 2159 834 1120 1690 1028 2555 187 1450 1919 333 1517 2630 1014 393 2733 2752 2518 379 469 1244 1147 1646 1943 32 462 1950 1467 993 1748 924 2651 83 917 2058 2621 541 2239 761 1626 309 2563 2033 2347 830 2106 902 2780 205 863 1727 1805 2073 920 2136 2297 2368 2233 1372 1277 87 2254 1192 2804 1459 590 2192 1382
000031.jpg,1721 1876 2809 1473 12 1056 2728 447 994 1055 2291 864 494 725 608 574 1931 2766 2719 526 677 2683 2207 274 2708 2438 2057 2435 2294 2526 692 508 1725 657 1892 1839 1677 790 1825 2736 1899 1439 2220 1944 1035 1771 1874 682 1868 1223 137 249 2825 204 2292 1185 271 1940 482 1942 368 431 2580 1463 2089 1012 2741 1408 2625 531 1406 2051 1986 2037 1212 1801 898 1798 1998 627 2644 1558 444 1592 394 165 1881 939 2323 2622 944 1165 2589 714 2135 2499 442 783 491 202
000032.jpg,1122 264 2484 837 1814 2063 2455 2092 1589 299 2269 2833 2139 1009 2371 428 2576 2844 1549 1159 1982 1815 2731 403 2776 667 1735 2797 352 1925 267 1622 1619 1539 741 2189 2486 2412 1238 1863 2100 2385 1291 1338 600 2223 1571 1366 1698 2403 349 262 1025 1994 2338 1 317 969 888 2473 891 551 307 846 2431 1520 1862 2158 195 879 1421 2717 2727 17 234 2820 1824 2215 642 641 1373 1816 1807 2273 1684 2094 90 2175 1615 1349 1295 223 2460 1071 2771 2255 2253 2138 557 1480
000033.jpg,1781 239 2794 2091 2164 2311 822 2232 525 113 2137 654 1248 2280 1356 625 49 245 1435 1505 1568 1282 252 679 209 408 2173 2396 139 455 356 1506 2070 1598 1262 296 192 383 1127 838 1018 782 1472 1787 27 61 2669 858 2053 216 1612 2062 2025 2632 1297 207 1692 449 653 1274 225 2236 1037 1141 1780 580 1026 31 1048 1168 1124 1299 1097 1755 1293 1011 2402 805 1143 131 1216 643 159 2698 1647 1831 1635 1961 1706 1972 1317 2316 464 1140 1715 326 2406 1021 1475 655
000034.jpg,84 2152 2502 941 1605 398 2141 183 909 244 2706 45 1139 2056 171 1064 621 236 1866 2182 2522 2503 214 2760 2608 2348 1251 1364 2841 959 1602 2401 2612 815 1987 1953 1458 2116 2705 2386 565 1696 2831 2677 2115 506 1616 2572 1365 1560 1844 1286 629 2263 1525 2678 229 509 1199 2197 106 1371 1726 744 785 1280 1171 1113 2623 1198 2457 2203 2751 270 1570 2567 1084 22 844 1214 2425 300 924 189 298 2761 2591 40 957 1032 1768 1184 1477 1927 1283 1960 2448 2571 2404 2160
000035.jpg,645 2011 445 1029 2840 1679 1623 197 1054 1328 1649 463 1444 1663 1552 2707 947 2375 2289 433 2836 1782 2767 1253 169 2735 2650 2837 134 1045 2241 1544 2050 440 2130 1617 735 2439 1895 712 1993 51 1381 1658 1422 2454 2628 161 2649 1870 860 1417 155 769 2769 179 1788 550 2538 1710 1369 305 348 1840 562 1640 2631 2088 1701 518 2714 1489 2482 26 563 259 260 64 1569 1307 1948 1261 439 319 2556 965 900 1096 2045 1218 194 1486 1796 1860 2721 1496 480 173 2133 2352
000036.jpg,2677 629 941 84 1605 2152 2502 2706 244 1139 909 2348 2572 214 1866 1462 1371 1602 1987 882 851 2841 123 986 1696 2678 815 1113 275 594 1757 2359 2115 1616 2141 40 1198 1953 2494 1144 1084 924 2150 1255 398 2623 1280 1184 1661 1960 1365 423 2203 2571 327 1477 1525 1687 281 1659 298 106 300 2109 1603 1738 482 1570 1488 2179 2197 1726 1400 744 750 2216 2263 1927 1199 1171 334 104 762 285 2705 1032 1263 2567 2831 690 2448 2503 2303 1541 1949 2620 396 474 1979 1221
000037.jpg,2291 574 2057 1223 1874 494 2435 647 2639 2683 1899 657 1439 146 2526 2183 482 1931 677 2051 686 2438 2089 682 2220 2708 1185 2704 1777 491 2569 939 1433 1592 255 2427 598 1937 217 1639 1330 974 329 2813 1725 368 1555 2719 2580 2445 2393 531 2286 1088 1076 2248 2499 444 790 692 804 948 2382 2436 2319 1868 140 1464 2292 1473 447 128 1962 2598 2809 1452 1408 725 637 1501 2589 271 2728 274 1902 1944 1892 1055 1942 2308 12 2766 1721 1998 1677 508 1757 2506 224 944
000038.jpg,1663 1617 1045 1422 712 2130 2050 1444 2241 1328 2454 1710 735 550 1489 440 1993 947 1417 1369 1701 2836 1782 1679 860 2649 1623 2707 179 1054 26 169 2769 2837 348 925 480 1658 1870 197 1381 2289 1788 51 2714 1544 433 463 2840 1649 2375 2439 2767 2538 1640 1840 518 445 817 2011 900 1656 305 1029 2082 2817 1934 1172 2300 1569 155 2628 2270 1624 1218 562 2790 1552 221 134 2650 1319 611 2631 1796 1926 1407 635 188 64 259 943 161 1437 2528 2721 1895 769 556 1386
000039.jpg,2043 2810 2171 2816 2666 650 1891 1188 475 1916 2346 922 1697 1723 411 1221 546 582 285 6 1763 1456 807 37 1153 122 759 468 1882 2643 1260 2841 1284 1858 1702 2313 1603 820 1541 2167 1090 620 732 586 1083 1865 956 334 750 1082 1227 1308 1761 181 443 1797 829 1006 1139 2261 661 2194 372 1605 2677 1570 2502 2387 1380 298 476 1250 724 938 459 2268 629 980 2179 1502 973 669 594 1696 2449 1537 1884 148 196 2514 2410 905 38 2483 1397 2348 2168 40 882 2706
000040.jpg,2411 1656 1644 2528 2790 1934 2044 2817 1624 1102 2501 1926 943 221 312 2832 2300 817 1405 635 85 1407 987 188 556 611 2082 1319 2270 1386 547 1752 1146 1617 712 1422 4 1045 2454 1993 826 283 550 1796 2069 1737 1369 305 259 1983 1202 2397 1782 2241 2649 900 1545 480 2836 562 1328 2837 1092 2544 2050 1710 1208 2574 925 26 169 947 463 1552 51 2670 860 1444 2826 2721 2631 1569 2011 1489 1381 613 1029 2133 977 2130 1417 1640 155 735 2344 1788 2538 2707 179 64
000041.jpg,1918 1647 2402 1972 721 2061 1921 1140 1303 1395 1297 412 1317 1756 27 1829 805 561 1124 1216 1168 1299 1755 2279 1037 2053 1924 1472 1612 799 1273 314 344 1692 1187 113 1568 2236 1050 1141 1475 391 1635 2698 1293 1143 936 1097 1505 390 1118 1506 1967 216 643 1715 430 2611 1822 2406 1008 138 471 580 858 159 1648 2632 402 252 1018 31 655 1438 2465 2505 782 2062 326 363 1048 2137 2693 331 1220 1780 1598 2398 822 1026 478 2232 2407 1011 753 2715 1356 2017 383 625
000042.jpg,1946 2843 749 1068 2299 2788 112 2290 2746 2730 1379 1005 821 673 1110 1670 2364 2151 1243 605 1966 544 365 730 593 2377 2549 568 1794 1783 410 1527 1040 1131 1311 811 435 2830 1968 535 2516 1498 434 338 2095 870 1020 1581 1309 2560 257 610 1466 336 2196 883 678 2697 2680 2417 1526 937 855 1325 2243 1079 1442 1573 1511 2251 1142 1850 2519 2087 2005 1871 717 1634 1731 881 253 800 1969 1913 1138 774 1424 94 2492 1779 2613 1094 2145 2006 1174 1936 709 1455 1992 406
000043.jpg,1083 1702 2643 759 181 732 620 1797 1260 582 6 546 1221 2313 468 1882 2807 285 636 1318 2476 1858 807 2278 1536 1188 2425 661 2194 42 2261 1697 2168 2048 1768 476 2761 1227 829 1153 922 2816 2043 1865 2171 956 2810 1603 820 669 1761 1891 40 1560 2678 1723 1763 1199 2666 229 45 1541 1610 37 2263 1456 411 650 586 2056 1726 1283 1090 1064 2167 1916 1570 122 2522 189 1380 1139 2720 1364 396 2386 1251 2608 2060 2705 1696 2153 270 475 973 2346 1960 2831 2760 281
000044.jpg,1830 848 903 702 768 1114 931 1107 1767 1908 1340 2388 65 284 1310 1512 1608 2601 2471 1254 1845 502 990 1720 1821 2624 1235 522 835 578 103 297 688 126 250 1323 684 1975 2276 2667 1186 2314 1391 1413 1839 767 2323 1035 962 395 2302 431 315 277 18 2644 1165 1798 973 298 1759 1753 1285 2510 1390 1570 2509 249 1810 601 2622 1125 1557 2561 529 1207 2077 1842 2777 2757 2772 2478 1012 2 1938 783 2620 2759 1801 1015 251 1397 191 2706 581 2663 1922 1137 1075 851
000045.jpg,1548 269 531 368 1725 2499 444 2315 2685 1200 1980 1833 1073 2318 2302 1747 889 1443 191 1165 1035 1387 44 277 1406 1865 1884 1075 2296 2518 1938 1979 2483 1593 202 980 2437 2051 824 576 1682 1502 1839 1557 683 1285 1810 1284 1456 1194 83 1300 1749 16 372 1012 1263 1479 1732 767 249 2561 1869 60 790 167 2494 1447 1570 568 315 1537 1243 111 1483 2686 2180 1750 1007 796 2510 2719 2249 834 1767 973 946 1131 500 1990 1057 298 2299 2653 2641 20 1267 448 1020 1661
000046.jpg,1697 2167 2268 1188 922 459 411 1456 1763 1911 37 2043 2171 2810 1090 2816 1284 586 1082 122 650 1308 2666 443 1006 1891 546 1380 582 1221 2313 1153 475 468 285 1916 1858 2346 6 759 1723 807 732 1882 620 181 2643 1797 1260 2823 1702 1083 661 1865 829 2449 372 38 820 1603 2841 1541 1227 1761 2194 2168 2677 2261 167 2535 669 281 636 956 980 476 20 334 1884 1285 629 2807 298 2476 946 1267 1610 1200 796 973 750 1570 1537 1995 2623 2118 724 1318 1387 2593
000047.jpg,1896 1532 2819 152 2479 1563 734 458 28 2674 1741 1827 2500 972 587 1339 2557 2099 849 313 2552 238 2250 1704 505 2283 671 847 2228 2181 1376 696 175 330 2365 532 2716 523 705 1335 2191 2689 2370 2534 92 81 2119 1956 2177 2028 2681 1708 2742 354 2527 503 2814 633 261 1680 2322 772 2193 1297 120 711 2052 602 653 131 1293 1011 1912 1097 2062 1932 2232 1875 580 1543 464 1111 159 268 1831 125 31 1021 2592 1917 2715 2053 2236 1961 1655 2687 495 1706 1143 1262
000048.jpg,2677 629 851 1371 275 1198 2359 2572 2678 1280 1113 1960 423 2623 327 2494 1084 2263 1205 1144 1462 1525 84 117 1726 1687 281 1616 941 2303 1400 1659 1184 1922 1987 40 2203 396 298 2448 815 909 543 907 882 1641 23 1880 167 2627 1757 2152 2141 1199 986 104 2620 1032 1170 1423 2150 123 1080 1502 1255 2115 1139 1263 2706 2245 2030 448 189 2502 2571 1979 45 2503 1866 474 2573 244 2060 1570 183 1927 1217 106 1219 2791 2197 96 946 1183 621 481 205 2101 2179 1954
000049.jpg,348 1870 2769 26 925 2454 2649 1369 480 179 2714 2538 712 550 2050 1417 2130 735 1045 1788 860 1422 1701 1710 1489 518 1617 440 2241 1993 1328 2011 197 2840 445 463 305 1569 2289 1663 2836 1054 64 51 562 1624 2707 1679 1029 1782 433 1658 1640 2721 947 1172 1623 645 169 2375 1649 1444 817 48 2419 1552 161 2837 260 900 1381 524 2088 100 611 970 2631 2528 259 1983 2034 1796 2352 1208 2676 1948 155 1319 2650 194 1840 715 1544 1486 439 2544 635 2826 2082 977
000050.jpg,783 949 1343 2737 617 2112 1004 1999 940 1103 1093 2111 1856 2441 1434 198 75 1561 1914 2827 983 2785 596 310 1298 2497 1304 95 695 2202 2190 1683 1743 60 2745 2242 1176 2542 132 88 1693 1898 2547 407 824 1476 1535 1846 2656 2016 540 2149 2238 576 766 1091 1773 341 328 2129 2413 1795 1513 395 182 832 2759 1996 1230 2644 2295 529 149 2323 1334 962 1593 1847 364 2504 558 954 2040 1161 2489 1749 1346 135 2700 777 737 1798 2317 572 1333 63 499 1760 2422 581
000051.jpg,1200 1911 2318 2420 275 630 796 1387 1697 327 1479 2268 2823 1380 2623 1267 1205 2791 167 1682 2167 1371 2263 1280 2573 2030 38 1184 1057 1113 448 946 2678 269 1116 117 1084 2303 2317 1659 1687 88 20 1995 459 372 1714 1144 205 2437 1476 2593 1922 1449 2494 1713 1525 2726 2677 1198 2245 1400 2572 2422 824 320 1856 2547 683 298 2745 1749 2180 454 23 629 2202 34 1224 115 1641 2203 281 1456 1502 392 1838 2101 1082 2523 1914 104 144 751 1462 396 907 1593 1990 1178
000052.jpg,1624 1644 2528 2411 2817 1656 817 2790 1926 1934 2300 221 943 1102 1407 312 2832 2501 635 1405 2044 85 987 2270 556 2082 611 188 1319 1386 547 1545 59 1752 2389 1146 4 1328 826 712 1796 1202 626 2836 2714 1737 1417 1617 1569 562 2050 2130 1584 283 305 2837 2477 1045 1788 860 1640 1710 2707 1870 64 1422 2454 100 947 2088 2034 1649 1663 1993 2011 1369 1658 1782 613 2721 2241 900 51 550 2069 1489 440 179 1381 169 735 439 2649 715 1029 1701 2631 48 2367 2767
000053.jpg,2516 1325 1526 1511 1442 1969 1779 2145 406 1992 2102 1385 2843 730 1946 1871 338 336 773 1466 2763 1707 519 1498 742 1131 1794 1007 1243 2377 1527 253 2151 1455 1138 1379 937 1783 2299 2364 544 2730 2788 1005 535 1068 257 1670 2290 749 1731 605 112 2341 2746 593 1311 568 1020 678 365 2613 1581 855 870 1966 1165 2560 821 673 392 1110 2549 191 435 1968 1040 1309 2251 1850 2830 2243 1142 1094 2302 881 2005 800 2417 1645 774 2680 610 410 2519 2492 1913 186 2087 434
000054.jpg,472 1803 2385 888 262 641 1509 991 667 1925 741 2771 1373 1807 1863 1735 2776 1982 2731 1295 1619 428 551 1530 2094 2797 2431 2371 127 1238 1629 1078 2576 160 147 2833 2595 1549 2139 1069 2844 2138 299 577 1814 226 879 1341 2092 1607 1291 1811 2455 264 837 1589 267 2063 1059 203 2444 1025 1242 1167 2484 385 1862 2269 1355 342 2460 961 2801 814 2189 1159 557 2607 1278 352 1122 1660 2758 1009 403 891 2633 2468 2412 1815 685 2710 2403 1366 2740 867 273 1338 537 1622
000055.jpg,2045 2023 1584 2755 258 770 747 1029 463 1319 611 2753 2735 622 2724 2732 1552 606 2564 1796 2676 1627 2670 259 2076 1320 1788 1208 2800 2646 2544 1190 675 74 178 2631 2419 2307 2034 860 2344 1895 1993 2626 2287 433 906 1362 1617 562 2840 1417 1586 1897 2044 2289 1096 85 992 188 1624 2397 2084 1983 497 1948 1416 1151 911 1701 1569 319 1710 1414 833 2545 64 1253 1046 1428 1848 134 547 2574 51 2721 1313 2652 900 1092 197 2011 674 2130 712 1934 1172 2046 2837 1328
000056.jpg,2023 1584 2045 2755 747 770 258 2545 2034 1796 1320 2713 1569 64 48 100 715 2433 439 2721 2272 2376 1640 1416 2352 1096 1948 562 51 201 305 2556 2309 1051 1496 155 1316 194 1636 2815 1860 1490 712 1617 2836 2289 2130 1993 2837 947 169 1381 1782 2650 2631 1649 161 2050 1261 2628 563 463 2241 1218 1045 1658 1029 550 1417 1897 1544 440 179 1586 2088 1369 2454 2767 2649 1328 1362 860 260 735 1965 1870 1552 1407 1422 1054 1895 1444 2439 1663 26 1788 2735 168 2419 2538
000057.jpg,2677 629 285 1697 281 1221 372 6 1603 546 820 1541 298 582 1891 2387 1188 2167 1911 13 1570 922 1272 1285 1882 640 334 750 2268 2210 980 807 1537 1456 2502 1884 1605 2520 122 40 973 2152 411 38 37 1153 2118 2194 956 1380 396 2666 829 661 650 1227 1184 1113 690 1763 1761 594 1284 2261 2421 1916 2494 2706 759 1502 459 5 1922 2671 475 2032 117 1015 448 796 323 2313 732 2841 669 84 2000 1858 941 1219 2168 1949 370 2047 1865 1723 2726 882 1082 1189
000058.jpg,28 505 1563 523 175 2500 2181 238 1896 2552 458 313 587 2819 1827 2283 152 734 2479 849 1741 2674 2250 705 1532 1339 2365 972 2689 2716 2534 2119 847 2370 2527 2099 2557 2191 81 330 696 2177 2228 1376 2193 671 1335 2681 1680 1704 633 1111 503 2322 602 92 2052 120 2592 1708 354 711 2742 772 1831 1332 1117 1655 532 740 2764 2236 1912 2237 2144 1010 1475 125 68 2028 1543 2806 780 261 2059 1932 927 1314 1730 131 501 890 2244 806 1281 464 1929 553 268 968
000059.jpg,28 505 1896 1563 2500 523 175 458 238 2819 2181 313 734 1827 2479 587 2283 2674 152 2552 849 1741 1339 1532 2099 972 2250 2365 847 1376 2119 2191 330 2177 2716 705 2527 2370 2228 2557 2689 696 81 2534 1335 92 2681 671 354 1680 2193 120 2742 1704 503 711 2322 2052 633 1708 1010 2592 772 602 2764 1117 1111 261 2144 68 532 1314 1297 1746 1831 968 1543 1332 2236 1873 1655 1917 1475 2812 653 740 2028 1912 890 2597 553 1011 131 1164 1037 1956 2237 1932 159 268
000060.jpg,84 2152 2502 941 183 171 621 2182 2056 1064 236 2522 45 2760 1605 1251 2608 959 1364 2401 398 2612 2503 565 2705 2831 506 1844 2116 2141 2706 909 1286 1458 244 815 1139 1987 1560 2841 214 2386 229 1866 2348 1953 2197 1602 1696 300 1288 785 2571 1703 2677 1199 1726 2425 2572 2115 1616 106 2591 2160 861 1032 1315 2263 1365 2678 1171 22 189 744 335 762 629 1214 2476 333 40 509 2230 2079 2751 1217 2457 1371 1113 481 1525 2060 1336 1927 2567 1013 309 1768 2623 2203
000061.jpg,418 52 1481 806 346 2244 1465 780 534 786 2429 2059 1662 484 2821 290 53 467 452 1022 653 1378 2687 1475 225 2236 1787 207 758 363 131 2470 2765 2301 2407 268 61 2505 2465 2285 2467 999 1789 464 389 1275 2690 2025 1730 1706 1568 2634 478 1929 295 2531 1875 1831 108 2806 927 1024 840 1220 1655 1008 726 89 1503 753 2142 2398 936 2669 455 2693 1262 1097 655 471 314 628 504 1438 1039 1273 241 326 31 1692 2715 402 1293 2396 1843 331 192 1822 580 2053
000062.jpg,1697 372 2677 629 2268 38 285 281 1911 2167 1221 546 6 807 820 1541 1188 582 1603 922 459 298 1891 1456 411 1882 334 1570 1153 750 167 37 1260 1285 2387 2666 650 1763 956 759 980 620 122 973 1537 2841 1995 1884 2823 732 1227 1284 1380 2313 829 2194 84 1761 20 2726 1082 2502 396 468 454 1502 941 181 2261 475 1797 2171 1916 2118 1858 2425 661 1605 2303 1139 586 40 117 2043 1184 2706 1308 2179 2346 1723 115 2643 2141 2810 1090 448 594 1525 669 724
000063.jpg,2792 567 118 1791 2065 919 1531 998 1354 2778 952 1769 808 1470 1583 887 975 2793 748 875 2304 7 1854 923 2711 930 1210 1851 778 382 2416 928 1585 819 1667 311 2349 1271 1970 517 2328 2729 1657 2225 151 2658 2559 2575 2379 982 2491 25 1179 2618 528 513 1977 1063 579 515 1209 9 763 1578 639 841 1579 945 2682 2647 2252 227 1920 1651 114 871 1211 2723 916 1770 1367 2459 1154 2488 2042 2310 1239 1368 566 492 2026 1742 2097 2361 121 569 193 1808 1688 816
000064.jpg,1781 239 2164 2091 2794 2311 525 113 822 1505 1248 654 2280 49 252 1356 245 2232 383 1435 625 2137 139 1282 679 2070 408 2173 1598 2396 209 356 449 1127 296 27 2669 1506 838 192 858 1141 216 61 1274 2025 1168 1299 1787 1472 1568 782 1612 1297 1018 2632 455 1780 1262 207 2062 653 2402 225 1026 1715 1216 1048 1829 1972 1961 1755 1143 805 721 1692 1021 2017 2316 1635 2406 2053 643 390 1011 1500 1050 1647 2698 1293 33 1118 1503 580 1037 799 1187 788 1140 125
000065.jpg,485 1175 1951 1306 614 658 589 727 1137 2072 1207 1361 2000 714 1558 1087 1451 1559 2787 1106 1798 1115 1389 2113 2054 2546 1213 2066 2178 898 304 2409 1334 1257 2323 1019 1166 1333 2022 962 1786 63 1928 1971 1300 1197 545 2644 1785 1298 1228 395 1685 646 954 93 1230 1561 1590 2656 803 1394 895 572 251 374 293 182 2540 2149 149 529 1427 1801 1161 853 76 364 2493 581 215 2040 676 1693 1900 1353 789 436 2542 2504 341 2381 737 989 483 101 2579 1631 1760 2277
000066.jpg,2121 2509 1001 2350 1810 2583 627 67 1075 202 1012 249 1406 725 1944 137 2728 1212 2294 447 165 1055 2825 899 2736 2207 116 692 2135 2741 1825 2558 2766 1874 2719 1606 442 494 2291 2057 1130 1841 2435 2683 1986 2292 204 1940 1126 97 1223 362 1439 2258 2041 574 135 1088 2295 2708 2051 2413 1937 677 1463 2319 2224 368 2382 2639 1728 1725 1056 2438 2143 2305 1899 657 338 1639 2842 482 634 1547 2809 1689 647 2472 1197 2511 2506 1076 1935 1478 1448 24 246 1035 1931 1346
000067.jpg,1096 1416 1948 2815 2272 1362 1860 2352 1965 1636 1584 1496 2556 1316 439 1897 64 497 1586 2721 201 1569 194 1051 562 2755 747 1218 1796 100 48 715 2034 155 51 305 2046 1993 770 2241 712 2713 1381 1658 2628 2376 1261 2289 2650 1552 2023 1617 1490 2631 2545 1640 2309 2433 258 1319 992 2045 2836 547 1544 1045 1328 2011 947 2767 563 134 1029 2735 260 611 2454 1782 445 2088 463 1444 817 1453 860 1623 2050 645 319 1649 2130 1644 1054 85 2840 900 2732 550 2817 2300
000068.jpg,401 1628 453 2163 2055 141 1023 1047 612 2098 2747 1233 380 981 1145 760 437 73 461 1599 2074 399 823 1872 1510 595 2679 99 2122 1903 2829 177 1163 208 1976 2587 2469 1160 2655 1085 816 2126 731 1717 477 694 1784 2009 2636 72 2274 2452 460 174 172 2775 1688 164 156 1241 2722 1415 1808 1682 2642 222 2577 1436 1906 2218 1504 599 2537 1100 1404 1089 1155 755 935 1321 2691 1006 1098 569 2750 2512 1790 1881 1305 536 2589 2645 2449 2355 1933 1394 2071 1263 2096 2362
000069.jpg,2415 1793 2217 901 427 2568 571 743 1553 1430 2380 2267 1065 2333 429 1699 2423 193 868 988 569 2090 121 2117 555 1431 142 1492 1236 1888 2078 1256 1886 536 36 802 554 2029 1890 21 176 2668 1053 332 1562 2743 289 302 1033 417 1686 878 1398 292 2786 1132 597 1393 78 199 1588 2227 361 681 340 893 1268 432 2451 866 62 1418 733 680 886 500 323 2108 2032 56 1272 2421 2384 2578 1499 979 2520 2671 1041 933 1038 1189 1754 2210 2047 377 370 828 13 640
000070.jpg,557 2460 879 273 1242 1366 1816 1480 1660 2607 2633 2363 1539 1619 1925 867 2431 2524 2104 1863 385 1025 2844 814 1982 667 2833 147 352 2139 299 2092 2468 2175 2576 969 2371 2226 1549 685 264 2797 2455 2385 2710 1514 551 2776 2484 2529 2783 127 888 837 2269 428 741 2063 991 810 262 2271 577 1684 1349 2517 641 1009 1807 143 1815 1440 958 1530 2444 2138 2094 1122 1803 787 2731 1059 386 1735 1373 2801 2771 2298 71 226 2595 1509 30 160 1078 267 414 1295 1069 1571
000071.jpg,2769 1870 348 1417 26 1788 2538 2454 860 925 2649 1369 1701 1489 480 1710 179 2714 712 550 2050 735 2130 1045 440 518 1422 1617 161 2289 433 197 2375 1993 2840 2241 1895 2650 463 769 445 1029 2011 305 1328 562 51 1640 1552 2837 2836 2631 169 1663 1840 1782 1796 173 1649 1569 64 645 1934 2707 2721 155 1624 260 1172 1658 2528 635 1544 259 817 1656 312 2439 611 1381 947 2544 134 1584 1644 1752 2556 2044 100 2817 1623 439 1407 1679 556 2411 826 715 48 1636
000072.jpg,1140 1829 1216 1924 2279 1124 1299 1168 1918 1037 2053 1472 1273 2402 1647 561 1297 1972 721 1303 412 344 2061 1921 1395 27 1756 1317 805 2698 1755 391 1612 1141 216 1692 799 1118 2236 113 1635 1475 1143 1187 1568 1293 390 1097 1050 1967 1506 314 1715 643 858 1822 1505 159 1780 2137 580 326 2406 33 31 1648 2611 2017 252 822 1018 936 2232 782 2062 430 2693 331 655 1356 138 2505 2465 383 1008 2316 1598 2632 471 402 455 2070 1048 1011 1127 1438 1274 2531 1248 2715
000073.jpg,1490 2433 1453 1496 2376 2034 2713 2545 1796 2556 2309 100 1569 48 64 715 2272 439 2721 1901 1860 1640 562 1316 305 201 2650 51 1965 155 1584 563 747 260 2088 1096 2289 1948 168 1636 2826 2815 659 1416 2755 645 2352 518 1993 2631 134 1878 2454 559 440 550 1148 712 1051 1552 1486 194 433 900 2769 2840 486 2649 2050 2538 1617 2130 1840 2419 2553 547 1045 2732 2133 2241 1369 784 26 1123 2628 445 2023 1422 2439 231 992 2337 197 348 1544 2652 1870 161 1307 2714
000074.jpg,645 2011 445 1029 2840 197 1054 1552 463 1649 1679 1623 1328 433 1663 947 1253 1444 2289 2707 2767 2375 2836 1782 2735 2837 134 169 1544 51 2650 1617 1658 1422 2439 1381 2241 1045 712 1993 440 2050 550 319 2631 161 1895 1640 2130 735 155 562 2628 305 1840 439 965 769 900 1948 64 659 2133 2088 259 260 1218 1636 1569 2652 2714 48 1208 563 1486 2419 2815 2352 2076 2454 1307 1172 2287 518 2721 173 2649 201 611 2676 1860 1319 2272 1096 2732 2826 1261 1983 1369 1796
000075.jpg,67 2583 627 1810 1001 2350 1012 249 1075 1406 202 2121 2509 1055 2294 1944 2728 725 2207 2766 1825 2719 165 2558 692 447 1940 2825 2319 2292 1212 2305 1130 79 442 1067 137 2135 2041 2741 2736 1126 722 116 2665 97 899 2506 494 1962 686 246 1986 2068 790 204 1452 1868 2511 1606 1056 2580 1463 2057 574 1134 2291 1547 1899 1935 1841 2842 140 1869 2435 657 2436 2748 2286 293 12 1874 1223 2787 2598 1076 359 1777 2475 1451 2000 1185 2708 954 1886 1361 2054 1346 1798 2409
000076.jpg,860 1489 1701 1710 1417 1788 161 1895 769 2289 2538 433 2482 2650 173 2375 1870 197 26 348 2769 2454 1029 2735 2649 925 1369 231 319 179 1253 480 712 2714 463 2130 2840 2050 2011 168 550 1328 2287 1775 1045 735 965 1584 440 2707 445 2553 1569 1796 645 1624 1444 134 1649 518 1617 2836 2034 1663 1552 947 100 1054 1623 2837 2721 562 1679 1640 64 770 1948 817 51 2631 1422 169 1096 305 2545 715 2556 1782 2045 1416 1496 2528 2767 1993 109 48 2300 1407 2241 1658
000077.jpg,1385 186 1894 406 1779 2145 519 773 2763 742 1718 1992 1871 1007 1707 2102 1138 1645 1731 1516 937 1526 257 2613 2219 1800 709 2377 535 1527 1442 852 320 1479 1455 1969 1511 1682 1387 1325 2262 2341 2331 2516 392 410 1676 434 288 605 2318 1200 2420 301 253 544 1079 336 811 365 1131 1783 1546 1419 1068 1002 908 338 1978 568 1498 248 821 2549 2299 730 2843 1119 749 1311 1794 2609 2364 1110 1548 1670 1040 94 2140 1309 1443 1833 1966 1243 2151 1850 889 2085 1020 1466
000078.jpg,1836 2437 1672 1057 1749 44 1483 16 1447 1469 291 376 1990 2700 2317 1178 1593 1914 2785 576 1535 824 2202 832 2745 1856 1476 2547 1727 1224 1116 95 2249 2058 1714 88 2190 1713 269 2129 1277 2441 2555 132 683 596 1743 47 483 761 834 2180 983 1176 1346 1300 1353 2827 1838 1513 1161 1773 2000 2016 1304 695 1795 1449 2523 2784 60 2111 751 465 1103 34 2296 2422 1693 792 240 1847 1451 789 83 2054 1091 646 1523 1559 954 2518 441 1361 310 396 845 1999 614 1106
000079.jpg,2049 2282 631 530 1518 921 1290 446 2140 1909 1604 2796 1301 1981 1058 2064 1567 451 1237 662 1613 607 2596 1017 984 1384 394 2696 2257 1673 966 1331 1614 1742 2660 1879 2392 1554 813 243 1396 337 1105 2458 355 487 1370 2085 942 1681 2093 660 1002 2782 2600 1705 2543 908 1978 1495 360 2259 542 1621 2664 1119 1739 1094 1676 2262 54 1271 710 1188 1808 1936 151 1906 1000 2274 1638 2657 1321 2658 1736 1893 1581 2450 855 2243 2449 774 624 2750 1322 2405 1227 1145 2793 1853
000080.jpg,2716 849 2552 2365 2479 2819 2500 152 705 2181 458 175 2557 2689 587 505 2283 1563 523 81 238 2370 2534 313 1827 28 2191 1896 2119 2527 1532 972 847 1741 1339 734 2250 2674 2681 2177 1376 696 120 92 2228 2099 1704 330 671 1873 2193 890 1335 2052 602 1708 2592 1332 354 1111 1156 552 1010 2742 877 2237 2594 2265 740 2105 1932 1281 1003 1314 324 1912 1293 129 456 2715 1680 1062 1813 968 1955 1097 2306 2322 1011 501 131 2789 159 1543 1923 1117 580 125 633 503
000081.jpg,796 2420 2318 1387 1479 1682 1911 1200 2355 2691 144 2362 2512 850 320 2593 1504 1436 630 222 2218 1718 2645 1098 2156 836 935 2432 1321 1933 2096 1305 2750 1709 2071 2201 1790 1676 852 1621 1638 1267 1052 1380 755 2262 897 1736 2450 2342 1697 946 1806 629 2167 2452 2147 599 99 298 459 2706 2446 2268 1082 724 1006 2245 2677 1090 666 2627 1263 2514 186 73 1250 380 72 437 1537 595 396 2449 2679 1903 2829 1525 1002 1308 1233 1462 2132 443 863 908 1548 2587 1717 973
000082.jpg,1177 2414 107 1104 2641 2604 1669 2550 1507 55 2176 728 397 1194 575 2754 2019 1691 2080 1482 1523 441 2383 2695 834 373 584 845 2555 2395 333 1016 761 1727 2661 2058 1180 2495 400 827 796 924 2239 2245 1919 736 2326 2426 20 327 2288 309 1641 306 564 1423 2073 2360 1401 926 2573 83 905 1943 167 856 946 488 896 1818 187 1593 1014 1263 1277 1685 1950 1456 1659 1144 1353 824 205 1106 2159 2129 2296 2086 1922 1801 149 2317 1846 993 473 469 1066 2169 2630 111
000083.jpg,1742 1370 243 1554 813 1396 1105 355 2696 2257 1673 1331 1614 337 2458 1495 921 966 2600 1384 2660 942 2085 487 1681 1705 2064 1017 1290 2543 1002 2596 2282 908 1518 2782 631 2259 360 2392 660 1978 852 662 54 984 542 710 1739 1893 1237 2049 2262 2664 1613 1853 1000 1567 2140 50 2369 1119 1909 1676 446 530 607 1981 2796 1604 451 1301 1058 1695 791 2803 975 320 1031 1287 151 1508 1946 1565 7 2336 394 1271 301 2793 144 186 2416 392 2147 2405 1519 1455 1036 2009
000084.jpg,1389 304 2178 1213 2066 2113 2546 1115 1019 2022 545 63 1394 1228 1785 1333 1685 182 954 2249 149 1760 1712 614 1300 761 1951 1175 2072 1137 1087 485 1306 1161 1207 658 1558 589 1361 714 727 1798 898 1559 2277 1106 2000 1631 1801 962 1257 1230 572 737 215 2040 341 581 251 1451 1298 395 1786 436 2504 1971 1900 374 101 1166 924 2644 529 328 2787 364 1898 2238 766 2409 2759 1883 2381 2323 1683 2114 783 803 2242 1353 989 1693 132 1334 1727 2841 2579 2547 1928 1743
000085.jpg,2510 431 70 1035 1753 1125 1839 2561 2777 2772 1759 2077 2478 2757 191 1252 315 1390 1165 1557 2622 2302 18 1834 2663 951 2 2015 1842 2818 601 767 1938 277 1443 1833 2315 889 2686 1747 2161 1801 2323 2702 2644 2685 1075 395 529 1333 1798 2496 1980 962 1207 990 2277 2532 2699 1137 1353 1334 2242 954 1394 63 1767 1427 2759 545 251 465 374 297 634 2495 1928 898 789 581 2000 1235 2072 688 2547 714 1257 824 1230 2249 2296 614 1346 522 1548 1106 269 1685 1593 2667
000086.jpg,2520 640 1754 1272 13 2210 1038 2421 1949 1041 323 377 2578 828 2671 1668 2828 2602 672 1374 865 933 1337 2047 2539 1429 2083 2032 2428 56 2629 1189 370 2798 1910 1049 2221 729 2031 2120 964 2038 1070 1329 2335 1249 1399 1477 698 1764 932 2808 1952 358 2570 2839 955 2423 743 176 427 1033 2640 2786 123 979 1266 868 1256 2743 2029 554 839 289 1890 2451 2668 1686 1553 302 2267 340 21 2415 1393 882 555 2795 1521 292 986 597 2380 2227 2217 2387 142 1888 332 1492
000087.jpg,767 277 1938 1443 1833 2686 889 1747 2496 2702 2532 1989 369 211 1460 1753 2777 2478 2772 1125 2315 2077 2302 1165 1980 2685 191 315 951 1252 2015 2818 1759 1834 70 2757 2510 2 1557 2663 18 431 2561 1390 1842 1839 2622 2624 1035 297 103 1019 2535 988 126 2323 1793 193 1845 2000 1323 1333 500 688 614 2022 745 990 1235 401 1263 453 2249 1006 1605 569 149 325 1047 1023 63 2161 601 803 2245 954 72 536 997 2055 1186 1137 2314 1353 612 2098 461 36 1628 2829
000088.jpg,1938 1443 277 1833 767 2686 889 1747 2496 2532 2702 1989 211 369 1460 431 2510 2315 70 1035 2757 1759 2685 1980 315 2622 951 2561 1390 2663 1557 2 2302 1753 1839 1165 2077 18 2777 1834 2772 2818 2478 1125 2015 1842 1252 2323 601 191 395 2644 1986 461 1801 783 2245 1767 1548 1263 1334 1333 400 2668 522 500 1197 2277 269 1075 2249 1343 72 529 465 990 1952 2829 1511 1928 714 1256 2098 1065 156 2667 898 1418 2242 2022 962 63 1793 1423 2671 417 997 853 907 2624
000089.jpg,1721 2809 12 1473 1876 677 1035 637 657 2657 2708 783 1394 2561 2435 994 2829 1839 574 1931 1881 394 67 2438 1725 1817 1801 368 2057 2323 1501 2526 482 1906 545 2291 2589 2712 2580 1075 790 2216 1868 608 1886 2779 1558 2719 1874 2583 2683 1810 1165 1879 136 1197 682 627 274 2308 494 1703 521 997 1390 177 444 2685 1406 1439 1027 2599 1711 2051 508 255 2089 898 2507 2302 2220 249 128 1899 944 1928 251 1333 1087 2510 1582 1223 2704 1952 714 1597 2617 1798 882 864
000090.jpg,2153 419 894 2554 1632 96 1927 106 189 2060 1032 744 1214 1171 2751 22 2567 957 2197 2109 1987 815 2404 1283 2141 1889 1365 609 270 752 2048 1139 214 1768 1108 2502 509 1661 1696 2216 941 2761 1953 244 2841 620 1605 2507 1188 2425 856 1766 1199 1757 84 732 2079 2726 2457 481 2571 1286 1858 181 2115 1797 922 1227 2591 785 468 2160 1703 2278 1907 2152 2725 844 2313 592 5 759 1013 1744 411 2261 1515 285 2705 807 1866 2188 1602 661 333 309 2666 2162 1916 1083
000091.jpg,28 1896 505 2500 175 523 2181 1563 458 734 313 2819 1827 2674 587 2283 152 2552 238 2479 1741 1339 849 2365 1532 705 847 2099 972 2177 2689 2250 2527 2370 1376 2191 2716 2228 2119 330 2534 81 2557 696 2681 1335 354 92 2742 671 2193 2052 120 1680 2764 1704 602 68 1708 503 1117 2592 1111 1543 2144 653 633 711 1314 2322 890 1917 1475 553 131 968 1746 1332 1831 772 1655 2812 1011 1873 1010 1875 1297 2236 806 2232 1932 1781 532 2265 2597 2306 2237 1912 2091 2774
000092.jpg,2044 85 2501 2411 1656 1934 2528 1644 312 2832 2790 1102 635 1624 2817 1405 987 943 221 611 1926 817 188 1319 2300 1407 556 2082 547 1386 2270 1422 1983 2397 826 1092 1617 2670 2574 463 1029 2724 2344 259 1552 2676 550 2800 1190 712 1993 1796 4 74 2544 2307 283 1146 2069 2837 2631 2011 1208 1045 2424 2454 606 1428 977 1158 2538 2419 2564 622 2840 1788 445 562 2084 2007 2133 64 1414 2836 1737 613 2050 1328 439 1202 1782 2289 1848 219 305 2130 266 1752 2652 1627
000093.jpg,2677 629 84 941 2152 1371 2502 2141 1987 2572 851 1113 1605 1144 815 1198 909 2706 244 275 327 1960 40 2678 1866 2623 2494 398 1757 1139 2348 2263 1280 1616 214 1184 1922 117 882 1696 183 986 2203 1687 1205 1462 1084 1263 2303 1365 1219 1602 1659 281 123 106 2359 2115 1458 1927 396 298 2150 850 1525 1477 23 2503 2620 621 1171 2030 592 2355 2841 690 236 844 2608 189 1400 96 509 1032 1064 785 2216 543 2245 2567 45 796 2726 985 1726 1641 856 2457 2386 1979
000094.jpg,645 1054 1679 1623 1649 1328 1663 2707 947 1444 2011 445 2767 1029 2836 2840 1782 2837 169 197 1544 1658 1381 2439 463 1552 1617 712 1045 2241 2050 51 2628 2289 433 1422 1993 2130 735 440 1369 1218 1253 2714 2649 2375 2454 1261 1948 64 2352 2735 1640 194 550 134 179 48 439 155 1569 305 1051 1416 2650 562 1096 2631 1870 1796 1417 2272 860 2721 715 900 2088 480 100 260 161 2419 1489 2133 2815 635 1208 1636 1486 2769 1840 2045 26 1437 563 2538 1624 2652 1584 925
000095.jpg,1882 956 2194 2261 1153 1227 1221 661 582 669 6 476 1761 546 285 829 1697 2168 1083 732 1541 1603 820 807 620 2643 759 1260 1797 2476 1702 181 1380 1188 2313 2677 636 1911 2425 468 750 1536 2167 1525 448 1768 2688 629 1995 334 2572 922 2387 2678 2623 84 2807 1318 1858 372 1084 2494 1267 396 1661 1090 1560 2263 1280 2554 1371 1659 115 2831 1726 941 894 909 971 298 762 1763 586 796 2823 1687 2573 1205 40 1032 1108 2278 2222 281 650 106 1400 905 1456 2726
000096.jpg,84 2502 2152 941 1605 2706 909 1139 2841 214 2348 1602 1866 1953 244 2141 183 398 1696 1064 45 621 171 2056 2522 1364 2182 236 1251 2760 2401 2608 959 2503 2705 2612 2831 2115 565 1616 815 1365 1987 2677 744 506 1458 924 1844 2572 2386 1286 1171 2404 1560 1288 629 2567 2116 1703 1199 22 509 1214 2109 2751 1525 2197 1371 957 2216 2457 785 2448 1570 1113 229 1477 609 2203 2623 2678 2263 2464 106 1889 1280 1198 594 40 2591 1661 1766 2494 335 300 844 1927 1726 1659
000097.jpg,18 1842 2663 2 601 1834 951 2818 2015 1252 2757 1759 2622 1390 315 1557 1165 2302 1753 1125 2077 2777 2478 2772 70 191 2561 2510 431 1035 2161 1839 767 1938 1443 1747 2667 2315 277 522 1833 2323 2702 2686 889 1114 2685 1075 1767 962 1989 2624 1980 1798 931 2532 395 529 249 1334 1810 2644 211 126 2759 1801 1928 1845 369 2509 2496 1012 634 1406 990 578 1166 714 702 1590 2409 853 581 436 2583 202 1511 1427 1195 789 465 65 2276 1460 2504 688 2324 768 646 1418
000098.jpg,85 2044 2411 1656 2528 1644 2790 1624 1926 1934 2501 2817 1102 817 312 2832 221 943 2300 1405 635 1407 987 611 1319 188 556 2270 2082 547 1386 1993 1422 1617 4 826 712 1146 1796 463 2045 283 1737 1569 1029 550 1552 2631 1788 2721 64 1545 2069 2454 715 2670 1752 562 1045 1328 2011 100 266 2397 2544 1983 2564 48 1092 2800 860 1417 1202 2755 259 2419 439 1369 2307 1584 74 1208 2344 2714 977 2724 2676 947 2574 305 900 2023 2837 2836 659 1782 2289 613 2477 1414
000099.jpg,1242 273 2524 2363 2104 2460 557 147 1539 879 2517 1660 352 1366 2444 1025 2633 1619 2607 1863 2226 2844 1684 1480 1816 143 969 1514 1925 2298 2175 2431 551 685 867 2529 810 2833 1988 385 795 2595 1349 2185 1059 2801 2619 2246 2710 958 2139 2738 1215 1982 2271 667 237 651 1803 1129 1069 2138 1440 814 1811 2100 71 2758 2468 2675 166 527 127 577 1167 342 1571 30 414 2385 1630 718 1815 299 1549 2131 1939 1341 1837 386 1360 2576 1564 1607 2835 1294 1622 2797 1629 2692
000100.jpg,79 2068 2665 722 1067 2511 1547 246 2842 1134 2305 204 1463 97 1935 116 2135 2741 1212 899 137 2041 1606 350 686 442 2766 2294 2736 2292 2580 1944 692 1126 1055 2825 2319 1452 1076 2558 2719 725 447 1868 2728 165 12 140 1841 677 790 1962 657 1130 362 494 2286 2598 2813 67 1986 2435 1940 1473 2207 2057 1464 2708 1810 1639 2436 2583 1777 2248 574 2506 1056 2809 508 1874 1825 1721 627 2509 1223 1899 2291 2382 1876 792 359 2661 827 1548 1035 1886 400 1937 1764 217
000101.jpg,872 1955 2265 1314 2199 1003 2105 877 2594 1156 120 552 890 1543 2306 261 2789 1873 2681 68 1135 649 1650 2610 1885 2144 1099 1117 2764 1441 2191 1917 2597 602 2237 1332 1111 316 771 740 963 2212 1327 1991 553 2052 1109 2343 699 2799 367 507 1852 1823 2193 1164 2592 2773 2822 968 235 162 1182 1010 1746 633 2322 533 2177 92 1302 1335 1704 2812 1774 1974 1680 1281 2715 772 1708 670 1932 1376 354 456 495 2316 503 2774 131 290 159 1461 326 1961 1011 1956 2770 1875
000102.jpg,3 1642 254 2490 2405 2170 1958 825 2336 1985 765 1246 2536 1574 66 14 929 652 779 2157 282 873 2434 1136 2426 1745 1600 874 2256 233 1963 1121 1347 2487 2012 1403 2209 212 2493 632 58 247 2324 1247 2204 2391 2247 2001 2485 604 1595 2054 1128 549 243 1997 2734 516 2000 1762 1577 355 1447 2489 291 764 869 7 2165 1469 1625 1346 662 44 490 1751 1909 723 1152 1334 1451 2593 1353 318 2551 2644 2696 1554 813 483 36 1672 1431 1535 2453 1384 862 2147 1633 2437
000103.jpg,1539 352 2844 2833 2139 2092 299 273 1982 264 2576 2455 2175 1242 2797 2226 1549 2269 2063 837 2371 667 2484 1925 1619 1009 879 1815 1349 428 1025 2460 557 2776 2710 2104 1122 969 1366 2524 2633 1660 1816 1863 2607 1735 551 1480 1814 267 2473 2431 891 2385 2731 867 1589 1159 127 234 2403 403 741 147 1571 913 641 888 1572 262 385 2363 17 1514 1 2138 2444 814 1520 1291 1059 1803 2100 1684 1238 342 577 685 1629 1509 2094 846 1622 1630 2486 1373 2727 1618 991 1540
000104.jpg,872 2265 1955 1314 2199 2105 1003 877 2594 2789 552 1156 261 890 68 1135 1099 1543 2144 120 649 2610 1650 2597 1885 1117 1873 2306 2764 1917 1441 553 2681 507 2191 2237 2212 1327 1332 968 602 1991 2343 367 316 740 1823 771 2799 1111 963 2822 2812 235 1974 1109 2052 1010 2193 2770 1461 1852 2773 1182 1164 1302 2774 670 533 699 2177 2592 2715 1281 2316 456 324 326 1335 159 1746 495 89 1297 1813 2765 2565 580 1293 1932 31 131 290 412 92 162 1062 1875 1503 1923
000105.jpg,1760 1712 149 182 954 1685 1333 1298 63 2022 1019 2112 1434 1785 1004 1228 1343 940 2737 60 75 2497 1103 1999 198 1213 1304 304 2178 949 2113 783 614 2066 1137 1394 1483 1361 2656 1558 2072 2016 1693 1605 2149 1161 594 1087 545 1207 376 1389 1451 714 44 1535 1175 1166 1447 898 658 1795 485 1786 589 727 941 214 84 2203 1749 2152 1139 16 2827 832 2787 2409 291 1513 1257 2502 983 1773 1502 1631 2129 1727 2179 2348 1928 1971 986 1306 1106 707 1979 2768 1951 1113
000106.jpg,2656 1786 1971 2149 1106 1451 1693 1257 751 1559 2000 1593 1361 2437 2787 1836 2016 1672 76 1357 2700 1535 832 2129 1057 1346 2542 1990 1353 1749 44 2054 2540 291 1178 1483 2827 2190 646 1914 1176 16 983 310 2288 39 2202 2441 1447 2745 2785 1116 132 1743 1856 1476 1224 954 695 1713 824 376 576 1469 1714 88 2317 596 95 269 614 1760 683 2547 293 149 1180 2281 1137 564 1091 2495 581 1773 182 1712 1685 215 1818 1795 1951 1207 1900 1300 926 1513 251 2653 2381 2072
000107.jpg,2092 299 2833 2139 264 2576 2844 1549 2269 2455 1982 837 1122 2484 2371 2063 1009 428 1539 1814 1815 352 667 2797 2776 1589 1925 1619 1159 1735 2731 403 879 1242 273 2460 1025 1863 969 557 2226 2175 1349 2403 1366 891 2385 741 267 1660 1291 2633 888 1816 2607 1238 262 551 2104 2524 1480 2412 234 2431 2710 867 641 1338 1571 2473 1572 2363 17 913 1622 1514 2486 600 2100 2094 317 2771 1373 1509 2138 90 414 1 846 147 991 2189 2338 1059 1629 2223 1807 1530 1698 1618
000108.jpg,493 2174 2374 1930 976 1792 1234 1758 2125 133 2004 1861 366 1034 1358 2418 1580 57 280 2672 1196 746 859 1947 570 1279 689 210 2327 793 1665 2461 1664 548 1575 1276 756 1724 1392 294 1859 797 2838 2456 1765 2184 2330 1375 2186 1072 2229 588 2694 583 422 1776 421 1497 228 1081 1193 242 2332 2581 2123 1551 2039 704 158 2590 1457 720 2206 857 1887 687 656 1877 2356 2739 2662 880 1229 263 1030 150 1086 2541 2703 885 2198 77 2548 801 2659 1350 1377 798 2321 1191
000109.jpg,2045 2023 2755 1584 258 770 747 1362 1029 1897 1320 1586 463 497 2034 1796 2735 2564 992 2631 1788 1096 1319 1710 64 611 1895 860 1993 1552 2724 1190 1208 622 1417 2076 1948 2046 2289 2732 2753 1416 1701 433 562 2676 1569 2545 906 74 439 2130 51 1617 606 1627 1636 2419 712 2352 259 305 2837 161 2628 2088 2670 2721 1381 2646 675 2287 1051 1151 134 2836 2707 1983 1640 178 900 48 2544 2482 1544 173 1388 1414 2800 1045 1328 547 550 2050 440 319 2649 100 2650 1658
000110.jpg,1325 1526 2516 1442 1511 1969 1992 2102 1779 2145 406 773 2763 1385 519 1871 336 1498 253 1455 800 338 1707 1466 730 1007 2341 870 1138 1850 881 248 2377 1527 742 1142 855 2243 2519 1131 544 1783 2613 1794 648 2680 1424 535 774 2299 2095 2087 1913 2417 1094 1634 2151 2006 1966 112 2196 1068 1174 2492 2730 2697 1670 1311 664 605 1731 1243 1379 94 821 1133 1645 410 717 2219 257 2746 673 2788 811 678 1309 1005 1968 1020 365 2005 1040 1936 2560 1165 937 2302 2251 593
000111.jpg,1357 751 2288 76 39 2495 926 1180 1818 564 2281 1786 230 1106 1559 1971 1257 1091 2000 1451 777 989 2787 581 1361 1996 1593 2114 2656 2437 1693 215 739 2542 2149 737 1353 1836 436 1900 1943 832 341 2699 441 1538 2224 1535 1346 2381 2540 1672 2129 2695 2489 2493 2040 2785 1846 1523 954 251 2324 1950 364 87 541 803 1116 646 373 2383 917 293 2504 321 2653 2247 1427 1990 371 2202 946 590 2239 1482 469 845 1014 614 2016 1915 824 2824 83 1057 1714 683 902 379
000112.jpg,1900 2381 364 2040 101 215 436 737 2504 341 803 581 251 989 766 328 1230 2238 572 374 2114 1883 1427 2759 2579 2242 1798 962 2540 395 407 789 1091 1683 1257 2644 2323 1898 1334 1996 529 2542 777 1786 1561 1106 1971 2489 1801 926 1300 76 1559 1361 1451 2277 564 1818 2000 1197 230 1357 2787 1353 1207 2546 1306 1137 39 2495 1951 485 2288 1175 1093 1115 2072 1180 589 545 1389 614 658 727 483 2281 2113 714 2066 2178 1213 304 240 1558 1087 1394 2656 898 617 1693
000113.jpg,1916 2346 475 1891 650 2666 2810 2043 1723 2171 2816 922 1188 1697 820 1603 411 1541 285 750 334 807 546 1221 37 1456 1153 582 1763 1865 6 2841 2677 2387 1882 629 122 956 372 1284 468 1082 1227 1308 1858 2313 2167 1090 586 1462 1761 1570 443 759 1605 1006 298 980 1260 924 1537 973 2194 1884 2502 2268 1285 459 594 732 281 1250 1502 1139 2179 829 2118 423 2261 2643 2245 938 2494 2359 2483 1487 1015 1979 661 2535 1263 2216 136 620 2712 1817 1184 1881 953 1080
000114.jpg,416 2394 1419 2331 301 1778 392 105 11 883 355 1396 1331 243 1105 1673 1614 2696 1554 1002 813 2257 1370 1946 1495 1742 908 2458 337 1384 2660 966 984 1978 937 2600 942 632 1200 490 487 2085 1681 1705 519 94 1290 1455 2718 2543 1518 852 630 2110 2596 2196 1077 1017 874 1247 1170 2452 1309 585 2697 448 2361 1119 568 2843 1621 2392 662 1909 664 2453 749 2560 1271 1676 2087 2341 673 1613 1600 2519 144 2593 2830 2573 2664 2243 1036 2417 855 2793 2140 1527 1739 2782
000115.jpg,1631 1087 1558 714 898 2072 1394 1207 1137 545 614 589 727 658 1361 1166 853 2409 485 1175 1306 1334 1928 1798 1298 1951 93 1590 895 1451 2249 1801 2323 1389 2277 1228 2644 1561 540 2000 1213 63 1333 395 529 2113 2022 1230 1197 1019 962 676 1785 1559 2178 304 2066 761 572 2054 374 1106 2579 2493 954 1685 2546 783 1115 2317 2242 341 2547 182 44 1300 1346 803 2787 1483 483 2759 2737 695 1343 291 1683 1749 1176 2381 2040 1898 251 824 2504 132 789 2540 16 2114
000116.jpg,540 465 1631 1801 2277 499 529 2644 576 853 1749 2547 824 2323 2785 395 1535 1561 1914 962 95 1743 596 1334 2190 695 1856 1176 2202 2745 132 291 983 2111 1476 2441 1798 88 1178 1230 2827 1394 2016 1197 2317 44 545 1593 1683 1847 832 2700 16 1513 2759 783 789 1447 2129 1093 2579 572 483 1483 898 2242 617 1693 374 310 240 1300 1996 34 2422 1727 376 2295 1091 2409 2542 1469 2504 1346 251 1898 2058 2555 1773 1353 1672 1990 1689 1846 2413 1427 1883 1999 1166 714
000117.jpg,2556 1752 1316 1496 1965 2272 1636 2815 1146 1416 1948 1096 1545 2389 1860 1453 2376 2713 950 201 2352 2069 2433 59 2367 2628 1051 194 1218 1926 2545 1624 2836 440 2790 1381 1796 2034 1658 1569 563 1490 2241 221 1649 2300 2826 1782 817 2309 312 2528 1202 1407 1840 1102 2832 1878 51 1584 64 169 2721 497 2837 735 305 2050 1644 562 712 1934 1640 900 635 1544 2411 943 1054 987 2707 2840 260 155 1261 715 2817 2289 1710 1045 547 1623 2767 1444 445 1586 4 1486 100 48
000118.jpg,2623 2263 2572 2678 1525 1280 1371 1084 1726 1198 275 1170 1113 2448 1400 327 1880 1205 1659 1960 1687 2030 2203 2303 851 205 1616 1802 1184 2494 2101 1199 2573 117 2791 909 1866 448 1487 1425 214 924 1696 1502 2386 1979 2476 2706 2823 2571 84 2841 1139 2197 42 1922 1032 2115 1953 474 2807 2348 1536 335 104 1471 957 40 2620 189 2591 941 762 2449 2141 1144 1318 1602 2179 1596 167 300 298 2230 2705 636 2831 2425 594 907 2677 2688 244 1560 1315 1671 1365 1108 629 2317
000119.jpg,1055 2294 1944 2728 725 1056 2207 1825 1940 165 2558 1130 2766 2719 1986 627 692 79 2825 67 447 1212 2305 137 2135 1841 2741 2583 2319 1067 1810 2068 2292 2736 2506 899 1126 204 2842 116 1452 722 2665 686 1868 442 2258 2580 1012 140 1001 2350 1406 249 1547 2511 1962 2041 97 246 790 1075 1134 2509 494 1076 1606 362 2121 202 12 1463 1935 2436 2057 2286 2598 2291 2248 574 1464 2382 1473 1874 657 329 2813 1869 804 1639 1223 350 2435 1899 1937 2000 508 677 1777 359
000120.jpg,1697 2268 2167 1911 2677 38 629 372 281 459 922 1188 285 1456 1221 411 37 546 1763 122 1570 650 2666 1284 298 1082 6 1882 1153 1537 980 2043 1891 1285 2171 475 586 1308 167 1603 829 1884 1090 2823 661 582 1541 1380 759 820 2194 973 1916 2346 2313 2816 1260 807 2810 334 20 2118 1227 724 443 750 690 956 468 1858 2726 732 2706 1995 1723 1502 2643 2387 1006 396 1865 1605 620 796 2841 1797 2514 2179 1267 1250 2261 1015 2210 1761 924 1322 454 2218 624 2502
000121.jpg,2185 2584 1411 1129 1694 1684 2298 795 2517 143 1440 2529 718 2616 386 1360 1112 1630 2246 1294 2363 1446 958 665 1445 2271 1939 1258 2481 1514 2619 787 810 2524 2801 1215 638 697 30 1270 71 2460 1278 557 969 2139 879 2444 2833 2844 1366 2468 1242 1816 299 2189 1925 1982 1619 273 2455 264 2104 1549 2092 1122 1480 1863 1571 741 2100 1812 414 2138 2576 591 1814 600 1589 2727 2731 1837 2215 667 2385 1698 2484 1009 1338 2709 2338 2208 2431 352 317 912 1776 2541 2412 41
000122.jpg,79 2068 722 2665 1067 350 2511 1547 246 2305 2842 204 97 2041 1134 116 1463 2135 1935 2741 1212 790 137 1868 442 1962 508 686 12 2506 2292 140 1606 692 899 2294 1986 2319 2719 657 725 1998 1130 217 2625 1452 1473 2580 1408 677 1305 1892 1055 1940 2712 1088 1126 994 1771 2308 1942 1052 1677 1076 271 2440 2037 619 637 255 1548 521 165 419 2736 1841 2554 2728 864 2708 1330 2809 2499 531 1250 2257 2296 1944 2766 2573 1035 2558 16 2427 1639 1839 1183 355 2598 1006
000123.jpg,499 465 2277 1801 2555 1749 483 529 1631 1394 1353 545 2644 1727 240 1300 789 540 2058 2579 834 395 1334 2249 1277 2784 2323 374 1883 962 761 2759 1230 576 1798 853 1785 1228 1561 1087 2242 572 824 1683 2547 63 2504 251 2317 1389 16 1197 1019 1898 803 1093 898 1178 581 646 2540 1427 1483 1558 1672 1333 2437 2114 2238 2022 2546 1161 777 1685 407 1213 714 2422 1091 766 2178 1447 1115 44 376 1137 2113 341 2785 783 95 2066 88 737 2542 34 1996 2072 328 1513
000124.jpg,1490 2433 1453 1496 2376 2034 2713 2545 1796 2556 2309 100 1569 48 64 715 2272 2721 439 1860 1901 1640 562 1316 305 201 2650 51 1965 155 1584 563 1948 1096 2815 260 2289 2088 645 168 2826 1636 747 659 1416 2352 1993 2840 559 440 134 2631 1552 518 445 1148 1486 2755 486 2732 712 550 433 1878 1307 2454 1617 784 1840 2241 194 900 2050 231 2419 2553 2538 197 1051 2337 2130 1544 1045 2133 547 2649 2011 2652 2769 906 674 2628 2439 1381 161 1658 259 1422 2076 2836
000125.jpg,2843 2516 1946 1526 1325 1442 1511 1969 1779 2145 1871 406 257 1992 2102 2290 730 1731 2364 1385 749 1068 112 1311 2613 1138 593 2730 2299 1005 544 1020 2830 1243 673 1379 855 2417 2746 1794 336 2151 1966 2560 937 1968 2788 1581 1131 678 1527 1309 1040 2243 435 2377 2549 2196 338 1110 1142 605 365 821 1498 1783 2005 2697 610 2087 774 1850 1455 2519 773 1466 881 2492 2251 870 1913 1094 535 253 2006 1670 1634 2763 2680 1174 1424 434 1800 288 800 1936 410 301 1707 1007
000126.jpg,2043 2810 2171 1188 2816 2666 650 1697 411 922 1891 2346 1916 475 1456 1221 1723 546 582 285 122 6 1284 807 468 1153 1763 1858 2313 759 1882 37 1260 2643 1865 2841 2167 620 732 1702 1603 820 1090 1227 1541 586 1797 1761 829 956 181 1083 2261 1082 2194 1308 661 443 1006 750 476 669 334 2168 1610 372 2268 459 1380 980 1139 1911 2677 2387 2823 1560 1884 724 2425 1015 448 2476 38 167 1605 1696 609 2726 629 1250 2449 2118 5 229 1995 375 298 473 306 2567
000127.jpg,2648 2138 961 352 2100 1571 1270 846 969 642 600 665 1258 1939 1622 573 2486 17 1828 2481 577 127 2710 2709 1349 1294 1446 166 1698 405 2473 2175 2738 2614 2372 1112 2835 2339 1338 2223 1964 317 1630 2255 2758 1618 2616 195 2444 2226 511 1514 1540 2338 537 1539 2246 1069 46 1815 349 2595 1994 1025 1355 2213 1684 2253 2340 1360 1341 2466 1803 685 1167 1607 1811 2619 892 2635 1615 223 147 2811 2412 1409 1060 1159 2298 879 2820 1520 403 307 1 1812 472 1095 1366 1619
000128.jpg,2609 2843 288 1634 648 610 1573 605 1110 811 717 1424 1040 535 1309 678 435 365 1133 538 2830 2560 1020 843 410 248 1581 2196 1498 2680 257 870 2251 937 2377 2095 2697 1966 94 673 112 2417 821 2005 749 2613 1379 336 1968 1546 1527 1068 1454 2243 2788 1138 1783 881 855 338 1871 1850 1466 1142 2087 2519 730 1731 1800 1516 800 1913 1243 2151 1174 253 2364 593 1794 2006 2549 2763 2746 774 2299 1311 773 568 742 2341 1455 1131 2492 1670 2102 544 2290 434 1894 1005
000129.jpg,1944 1055 2294 2728 725 2207 1056 165 2558 447 2766 1825 692 2825 2741 137 1130 1126 2135 1212 1940 2292 2736 442 899 2719 204 1986 116 2319 2842 494 1606 2057 686 2435 1463 97 2291 1874 1547 2506 2305 1841 2041 1935 2511 1899 790 1223 2580 246 1134 574 2068 657 1067 722 1962 2665 2248 647 2813 362 2258 1937 1076 2708 79 146 2382 2683 1452 1777 1185 140 2286 1639 329 2639 677 1868 2438 1464 804 2393 682 1473 948 491 1439 2569 2809 444 1721 1892 1725 627 1408 2598
000130.jpg,2185 2584 1411 1129 1694 1684 2298 2517 143 795 2529 1440 718 386 2616 1360 1630 1112 1445 2271 1294 2363 958 1514 2524 2246 1446 810 2619 787 697 1939 665 638 2801 1258 1215 2481 30 71 1270 557 2139 2460 2444 2833 969 879 2104 2844 1366 273 1242 299 1278 1816 1925 1982 2100 1619 1812 41 1863 2731 1571 2468 264 2092 1589 2189 2385 2455 1480 414 1549 1122 1814 1698 2576 2208 912 591 2231 1264 600 1652 867 1837 2672 352 2484 527 2371 1660 1009 667 1776 2776 837 237
000131.jpg,70 1753 1125 2777 2772 2510 2077 2478 2561 431 1759 2757 1035 1839 1252 191 2015 18 1842 1834 315 2663 951 2 1390 601 2622 1165 2302 2818 1557 2161 767 1938 277 990 1443 2315 2702 2323 2686 1747 1833 889 522 502 962 2496 1075 2644 297 2667 1235 2685 2471 1908 529 395 2601 1798 1801 1114 1207 1810 284 1980 2242 2624 1334 2759 2509 1845 202 103 688 1333 1558 1310 702 898 714 1928 2532 853 249 768 578 1087 374 1107 1767 931 1830 684 1137 1413 2699 126 2000 1406
000132.jpg,2583 67 627 1810 1001 2350 1075 1012 249 2509 202 1406 2121 1055 2294 1944 2728 725 2207 2766 2719 1825 165 2558 692 447 2825 2319 1212 1940 2305 2292 1067 137 1130 79 2135 2741 442 1126 2736 899 2041 686 494 722 116 97 2665 204 246 1606 2057 574 2291 1962 2068 1986 2511 2506 1452 1463 2580 2842 1134 790 1547 1899 1868 1841 1935 1869 2435 140 1056 2286 2436 2598 1223 1777 1874 2748 1076 1185 2787 12 293 1639 657 954 2701 359 146 1886 2708 1798 2683 2000 2653 1451
000133.jpg,401 1628 453 2163 2055 141 1023 612 2747 1047 2098 1233 380 1145 73 760 981 437 461 1599 2074 399 823 1510 1872 595 99 2679 2122 1903 177 208 2829 2587 816 1085 2469 1160 2655 1163 1976 2126 731 1717 477 1784 694 2636 2274 2009 2452 1688 72 460 1808 164 1682 174 156 2775 172 1241 1404 2722 1100 2577 222 1906 1436 2642 1089 1415 1504 1155 2218 599 988 1321 193 935 2750 569 2537 1933 121 1098 1790 1305 2645 536 2071 1132 1588 755 2691 1006 2793 2201 1638 2449
000134.jpg,1062 1813 324 129 1932 501 840 1923 2142 1281 1503 1039 389 456 788 125 2634 241 1912 1843 1024 467 89 758 495 2531 1011 2565 1378 1022 1026 268 1568 2687 452 1875 2765 1789 131 927 464 1475 2285 1706 1655 1831 484 2059 2236 53 2715 999 1275 1929 806 2465 2505 1662 780 799 1730 2244 1274 653 314 2232 2301 822 2137 2611 1262 290 295 138 2407 726 786 2806 363 628 1293 2091 159 31 1097 580 2632 1220 418 430 1048 1037 2429 534 2398 2693 1465 1050 1612 108
000135.jpg,2121 2509 1001 2350 1810 2583 627 67 1075 202 249 1012 1406 725 2728 1212 1055 137 1944 165 2741 447 2207 899 2135 1825 692 2766 2736 2294 1606 2825 1940 1986 2057 1874 494 2558 204 116 2719 2435 1841 442 2291 2292 1126 1130 362 2258 97 1223 2319 574 2842 2683 1463 2041 1088 1547 246 1439 2708 2051 2511 647 1197 1899 1935 1937 677 2382 1757 2305 2143 1689 2295 338 2809 1557 2224 1928 368 24 634 1839 2639 1639 1728 1067 2813 2248 1346 2438 657 482 686 1962 2506 1597
000136.jpg,1933 1790 2071 2156 1321 1098 2096 1709 836 2645 897 2750 935 2201 2432 1638 2450 1052 2355 1436 1736 2342 755 1806 850 1504 2691 1865 222 2218 1188 1305 2512 2627 2362 411 1621 1858 2313 1456 468 1697 122 922 1153 1284 2823 630 2593 807 796 396 2043 2810 2816 650 2171 1610 1260 1227 2841 2666 2167 1044 980 546 1911 612 829 2346 285 2446 1892 1560 475 2567 1884 595 1214 37 2098 1916 1023 1603 834 582 1047 666 759 856 2261 1763 2452 2751 752 2642 1380 1308 141 1723
000137.jpg,961 2138 472 1803 352 1069 1571 17 2758 1618 1540 1341 2340 1607 46 892 223 1278 573 349 1828 600 1622 2100 2635 551 642 2444 846 969 537 1811 1509 1615 317 2709 2486 2223 1270 2738 2473 1698 405 1629 2158 2648 1812 1338 2466 2595 577 2835 166 203 127 1862 2372 2215 2255 2338 195 616 2253 342 2298 2385 511 2710 591 2339 2431 1059 2412 2175 147 1409 1 1025 2246 2781 665 2614 2399 1964 2131 267 1684 1539 414 1524 1572 2771 1514 234 1060 1095 527 385 1446 1807
000138.jpg,546 582 1221 285 1882 6 807 759 1260 2643 732 2313 1188 1702 820 1603 468 956 1083 620 1697 1797 1541 181 1858 1153 750 334 2194 1865 1891 922 2476 1227 2387 661 2816 1761 411 2043 636 2810 829 2261 2171 1318 2807 476 2167 372 1456 669 2666 2168 2425 650 2677 1380 122 629 40 2278 1560 475 2346 1284 281 1723 1199 1916 1536 2823 396 37 2268 2678 1763 1057 2627 1570 98 229 2514 1462 905 973 2410 986 2841 2761 882 2089 123 459 482 1387 1911 474 2220 2263
000139.jpg,2656 1971 1786 2149 1693 1257 1106 1451 1559 751 2016 310 1361 2000 2787 2827 2129 983 76 1743 1535 1593 1176 596 695 2441 2190 1357 832 1346 132 95 2540 2542 1353 2745 2111 1773 1856 2202 1513 989 1900 824 1091 2381 1795 2547 364 954 149 766 88 803 251 2040 2504 1685 341 2238 436 1914 581 215 182 1847 101 1760 2785 1476 328 2288 576 1137 737 1333 789 374 2700 1343 39 1427 1712 1207 2242 1230 646 1161 1996 926 614 1672 2114 1883 2054 2072 1298 2112 564 1818
000140.jpg,352 2063 1009 1815 837 1159 2455 2484 403 264 969 1025 267 234 2844 1572 1349 913 1589 2399 1814 1520 1122 1 2139 2092 2833 2727 2541 2731 2371 1539 2226 1982 299 667 1571 1925 1238 307 1291 2215 46 1619 1618 551 891 2158 428 2175 17 2834 2100 1366 2576 1615 892 223 2385 349 846 1816 1514 1863 2138 1684 879 2710 2797 2635 511 2460 2776 1660 642 2269 2431 1622 641 1549 1735 2298 2633 2403 573 1540 991 2607 1480 2473 741 557 600 2783 90 2189 1698 1630 2529 2444
000141.jpg,2479 849 2819 152 458 1532 2365 2500 587 1896 2716 2283 1827 2552 734 313 2674 2181 1741 1563 1339 175 972 2557 847 505 2370 28 523 2689 2119 81 238 705 2527 2534 2191 2177 1376 2250 696 2228 330 2099 2681 92 671 120 1704 2742 354 1335 2193 2052 1111 1708 602 2592 1543 1332 1873 890 1314 740 2237 2322 1010 1680 131 261 2715 1932 2764 1117 503 2306 1281 268 1297 1003 2597 1831 1912 1813 872 1293 2265 2144 2812 1875 1955 159 1650 2698 927 2105 1011 2610 532 68
000142.jpg,1944 1056 2294 2135 1212 137 899 1055 2741 204 725 2728 116 2207 2842 1606 165 2558 2825 1825 1547 1463 2511 1134 246 447 2305 97 686 1067 1935 2057 494 2041 2766 1899 2248 2435 1076 692 2291 2736 2813 2382 2580 2286 2068 2719 1937 146 1126 1130 1841 1874 574 1639 2292 1464 79 1452 948 647 804 722 2683 2665 2393 1940 1223 1185 2639 2708 442 677 329 2258 657 2438 2319 1777 682 1868 1986 491 362 140 2569 1592 2436 1931 783 2526 2583 2350 2413 974 540 2295 1810 1001
000143.jpg,1663 1617 1328 1045 1422 1444 1993 2707 947 712 1679 1623 2241 2836 2130 1782 2050 1054 169 2454 51 440 735 2837 550 1369 1381 2767 1658 1710 1649 305 1489 2649 155 1417 1640 860 1544 2011 2289 1552 179 2439 562 2714 480 2840 445 1701 197 900 463 2769 518 1796 134 2631 1569 2721 925 26 635 1870 1405 1029 1934 221 260 348 2538 1218 312 259 1788 188 1486 943 645 433 439 2832 85 556 64 2082 2790 1948 1102 563 2133 100 817 1208 2650 2817 1840 715 1656 987
000144.jpg,2210 13 2520 1272 640 2421 1038 1754 2671 323 1949 1041 729 377 2798 865 2578 2839 1477 1329 2335 828 370 2387 2539 56 1910 1793 933 2640 1189 2047 1337 2083 2570 1764 372 1429 2677 571 2795 2032 2629 1952 1227 536 2808 2221 36 2602 1049 2568 1266 432 121 2090 629 193 2428 988 476 1065 1268 2415 1374 2828 901 1431 1668 569 285 829 1697 2668 672 2108 2380 669 680 820 1153 281 427 1188 796 332 661 40 2194 2031 2038 733 429 1588 500 400 743 2493 2014 964
000145.jpg,1179 2491 2328 2682 1977 1651 1578 2647 639 1920 945 1579 841 2252 1063 887 1770 114 2723 9 819 1667 748 916 1470 2042 1769 1585 2575 1531 2097 763 227 1211 1528 2310 982 1583 2225 2729 2379 919 1851 1657 515 1367 952 928 1368 1239 1354 2778 930 1791 2459 2349 311 2488 118 1154 2792 579 1210 875 492 1566 998 2026 2304 566 2793 923 975 2416 567 2065 512 25 2559 528 7 2618 2462 2110 1031 151 1351 808 1209 1271 812 303 2165 2603 2775 2209 791 517 1772 1359
000146.jpg,1496 2272 1453 1490 2556 1316 1965 439 64 2433 48 1569 2352 2815 2721 715 1948 100 2376 1636 562 1860 194 1796 1640 2034 2713 1416 1218 305 1096 201 1051 51 747 2545 155 2309 2650 1261 1584 1901 1993 2628 2241 1658 2631 1381 1840 712 2836 2289 1617 563 440 1422 1782 2767 2050 1544 2130 947 1054 1649 1328 260 2088 1586 550 645 161 2439 169 2755 258 518 2069 1045 1444 2837 735 1623 2707 497 2649 770 1679 2538 2454 1878 2652 2826 168 1663 445 173 2133 1752 1552 1320
000147.jpg,493 133 2374 2672 976 1947 548 2174 1196 366 1758 2184 2004 1358 859 1930 1234 1792 1034 57 1765 1861 1279 1580 2125 2418 280 797 570 746 1664 756 2838 2327 1575 1724 689 294 2456 1859 793 2461 1665 210 588 1276 1392 422 583 2186 2330 1497 1081 1375 2694 1776 1072 2229 687 242 228 1193 158 2581 2541 150 2123 1887 421 1059 2039 1457 2703 2356 2662 2206 1551 2332 170 2590 1877 720 656 2548 2739 1377 2363 2460 1030 1191 857 2749 2431 1086 1229 801 2321 342 880 2175
000148.jpg,1545 1752 2389 59 1146 312 2832 987 4 2367 635 1624 1405 85 1926 1102 2300 221 1407 2790 1934 817 943 556 1656 2411 626 1644 2082 2270 2501 2528 1202 950 1386 2817 547 2069 1737 188 2044 826 611 1799 613 283 1319 266 1328 2556 2477 860 2714 1316 1417 1422 1993 1710 712 2050 2454 1617 1623 2707 1489 2837 1045 947 1701 1029 463 735 1584 1649 2631 2767 1796 1788 2515 2130 1444 1679 169 2836 2289 2840 440 2544 1190 2241 2011 550 1870 480 1663 1552 2312 433 1782 259
000149.jpg,2045 2023 2755 1584 258 770 611 1319 747 1029 1362 992 463 1993 1552 259 1897 2631 562 497 1586 1796 1788 2735 860 2076 906 85 2564 439 188 1617 2721 2046 2034 622 547 1096 1208 64 1701 2724 2544 1569 51 1190 1417 305 134 2753 1627 1895 900 2419 2676 2840 100 606 550 178 2289 1710 155 712 2732 1416 74 2652 1983 1624 1948 715 433 2670 2287 2482 2044 2424 2545 48 2646 2088 2084 1388 1640 1934 440 2800 1422 1320 675 219 1656 817 319 1544 2148 1313 2707 2344
000150.jpg,2043 2810 2171 2816 2666 650 1891 475 2346 1188 1916 1723 922 1697 411 546 1221 582 1763 1456 6 285 37 2841 759 468 1882 122 1153 2643 807 2313 2167 1702 1284 1858 1090 1260 732 586 620 1083 1865 1603 1082 1797 1308 820 181 443 1541 1006 1227 956 334 1139 829 1761 750 459 661 2268 2449 2261 1605 1953 2677 980 1570 2194 1250 2502 38 2216 1537 724 2168 594 1884 938 1502 924 1696 1380 636 2807 2514 40 2179 335 1610 2535 372 905 2706 1214 214 2278 2230 997
000151.jpg,2423 743 289 21 1888 2451 2384 361 302 292 681 1398 2568 199 2108 62 78 554 1562 427 868 2668 417 1256 176 597 1890 2029 2786 2743 1686 893 886 1033 2227 878 332 555 1418 1393 2217 340 2267 2415 2380 1236 432 1065 1553 1430 429 979 1053 901 571 1268 1699 1793 2671 1492 2333 2078 142 802 2421 1038 1754 1041 323 2117 698 2578 1399 2539 1429 866 1431 2038 36 1851 964 377 2032 933 2387 828 1521 2221 500 1886 2798 2629 2828 121 1070 536 56 952 2379 839
000152.jpg,2043 2810 2171 2816 2666 650 1891 1188 475 2346 1916 922 1697 1723 411 1221 546 582 285 6 1456 1763 807 759 122 1153 2841 468 37 2643 1882 1284 1260 1858 1702 2313 1603 2167 732 620 820 1090 1541 1865 1083 586 956 181 1082 1308 443 1797 1006 1227 334 750 1139 1761 829 1605 2261 938 1250 2677 1570 2449 724 1537 661 372 980 1953 1696 1380 459 1502 2179 2514 2483 2268 594 2502 2387 1884 1397 2194 1322 2410 2589 1881 148 2706 905 624 629 2348 298 2768 2463 2245
000153.jpg,2648 2138 961 969 352 1270 1939 511 577 1571 1349 2709 665 2100 2481 1258 600 2339 1698 1294 846 46 2226 2175 573 127 195 2710 1446 642 2372 17 892 2223 2466 2473 1622 2616 223 1572 1112 1815 2158 1009 1615 1514 2253 2486 1540 2758 1828 1095 1618 2595 1539 2619 2340 234 2820 1994 2635 879 349 1816 1409 2246 1630 1338 1355 1159 1069 1619 2215 2338 1025 405 913 537 1060 267 166 2835 2455 2255 403 2213 147 1167 1803 1341 2738 2444 1366 2834 2013 1607 317 1863 2614 837
000154.jpg,962 395 1798 2644 2323 572 1230 529 2277 1801 1334 2759 2504 1561 2242 1683 2238 328 766 101 737 2040 2579 364 2381 436 215 341 1900 989 374 1898 581 407 2114 789 803 251 1883 1427 1091 1197 2540 1996 2489 777 1207 2542 2072 1093 589 1306 714 1951 2409 853 465 617 1137 1558 658 1175 485 783 727 1361 614 1087 483 1257 1394 898 545 240 1300 1106 1166 1451 1928 2000 1559 926 1846 1353 1786 1971 2785 2787 76 2656 2054 1389 1333 2149 39 2495 1357 2288 564 1685
000155.jpg,1524 203 1629 2749 1059 2740 154 342 1811 2444 2468 551 1803 2595 1167 1355 2710 147 127 685 577 472 2431 2709 2175 1862 1863 934 1539 385 1025 1509 150 1324 1072 798 1861 814 1807 1619 2548 1375 267 307 667 2226 57 641 2473 185 1030 1348 795 1716 1675 2198 1034 2385 1 1295 884 1276 1377 2403 2187 2776 1859 170 2654 969 2662 2727 2339 273 687 2104 2461 2771 1520 1373 242 2801 741 1238 1925 1947 1530 991 2266 1576 2189 1201 2783 180 2648 158 1826 226 1129 2013
000156.jpg,2609 883 416 2331 937 2843 11 257 1778 1516 1455 605 535 1138 1731 2613 288 1894 585 105 2377 1527 1946 1871 1040 1643 1546 94 610 248 1110 1309 301 434 1419 2830 1800 1634 1573 365 435 1133 1454 568 821 843 648 749 2394 2560 673 2788 1498 2196 678 1966 2697 717 2005 1424 336 664 446 2549 519 1981 2341 2251 355 1625 490 2151 253 1645 112 544 1676 1757 1794 593 2519 1079 1909 2087 2290 1518 1002 1237 2582 1142 410 2141 2458 1581 1020 869 2110 2071 2083 800
000157.jpg,2656 1693 2149 1971 1786 1773 2016 1795 1513 751 1847 1535 1161 2129 1257 1593 1106 310 2827 832 1451 1346 1559 1743 983 1176 2441 695 2190 596 1672 1353 1361 2787 95 2000 132 2700 2540 2437 76 2111 1856 2784 2542 2745 2202 291 2547 1836 824 1357 1990 1914 576 88 1476 1178 1685 789 149 240 954 483 1883 1749 1333 766 2785 1900 63 364 646 1343 182 1846 2238 1019 1760 1091 2242 251 617 1300 328 2381 989 1298 803 341 2504 2040 1224 2022 215 436 1999 1713 1116 39
000158.jpg,924 2841 1487 953 2502 1605 2152 1471 1139 214 2348 1602 1866 941 2706 1953 84 1288 1703 1363 909 2216 2567 1171 22 2751 2109 1214 1696 2768 744 1738 244 2179 594 2203 420 1488 1397 1891 1502 167 2726 510 2677 1661 1570 1184 189 2115 333 1365 1113 1032 2060 20 148 2141 96 149 2404 419 2521 2162 2623 1616 690 1927 2678 106 957 629 443 1371 2620 2507 1537 1760 1659 298 1979 335 117 856 834 37 309 1723 2816 2263 1987 2572 894 1632 182 1019 2666 2554 2022 454
000159.jpg,1944 1055 2294 2728 2207 725 165 1056 2558 1825 447 2766 2825 692 1130 1940 1126 2741 2292 2736 2719 1212 1986 2135 137 442 2319 899 116 204 494 1606 2057 2435 2291 2842 97 2506 2305 1463 1899 790 2041 686 1841 1874 574 1935 2580 1223 1547 2511 1962 1067 647 246 362 657 146 1134 2248 2258 722 2813 2683 2068 2665 1452 1937 2708 1076 2639 79 1639 2382 1185 1777 1868 140 2286 1439 1721 2051 1892 1088 2438 1408 1464 2393 1677 482 2037 329 1473 2499 677 1998 1931 1771 2625
000160.jpg,2455 837 264 2484 1009 2063 1159 1815 403 2092 299 1122 2833 2139 2371 2844 1982 1589 1814 2576 2269 428 667 1549 2548 352 2731 1925 2776 1735 1619 2797 267 2662 2189 891 1238 741 888 1291 262 2385 879 1375 90 1338 1863 2412 687 1622 1887 641 885 1509 969 1539 2403 2486 349 1373 2356 2123 2039 1191 1350 2460 857 1542 656 1877 1366 557 706 600 2431 2338 2659 1571 1025 2739 317 801 1229 1776 1551 17 2321 1660 2607 2100 2633 1457 263 2206 798 2094 1698 846 2771 234
000161.jpg,1305 2218 222 1504 1436 2512 850 2362 1052 2691 2071 1790 2355 1933 2096 1638 935 2750 2645 836 1321 1098 2156 2450 1736 2201 2342 1806 755 2432 1709 1621 897 612 2627 796 2449 1188 1911 8 1671 2747 2535 141 1023 2098 1047 745 1090 922 1661 2593 325 1474 2452 586 396 2829 2706 281 1757 599 37 122 629 144 1082 724 2446 1910 624 1456 1387 453 2679 443 594 1560 997 829 1605 2705 1227 177 1763 1903 2197 1865 2122 924 2831 2167 1145 2677 1163 1032 1308 2841 1006 1085
000162.jpg,1571 642 846 2100 17 573 1622 600 2486 1338 317 2255 961 2138 2223 1698 195 2372 2412 2338 969 1409 349 1994 2648 352 2253 1095 2811 1349 1828 46 2473 1618 1862 2466 1278 2727 1 2738 223 2189 307 1112 166 2635 2616 1615 2158 1270 405 2399 1520 1540 234 665 2835 892 1060 1258 913 685 1446 2340 1572 1684 1812 1815 2481 2131 1630 2215 2444 1964 1514 1025 1939 591 1294 2614 2709 2175 2063 1837 2226 2781 2710 1694 414 1360 1629 2213 511 127 1803 1524 2298 1129 616 577
000163.jpg,1525 2263 1280 2623 2572 1084 1371 2678 1726 1198 1170 275 1205 1880 327 2448 1659 1960 1113 2030 2303 2141 851 117 84 1400 2203 2791 1616 1184 2386 1802 1687 2761 265 474 40 762 1536 2348 941 1144 1199 1425 2101 1032 2494 1866 96 2807 448 2115 106 1318 298 205 1380 2831 1979 419 214 636 270 1283 1768 2278 189 42 2359 2554 894 104 1183 2571 2060 490 1139 69 1696 2048 2522 1251 905 2705 2132 6 1255 946 45 2677 907 1750 481 2086 1364 2734 1482 1502 1973 1927
000164.jpg,2460 557 879 2363 2801 1619 1925 1863 2607 1366 1480 1660 2431 1816 2633 385 867 814 1982 2844 667 2833 2524 2139 2385 1215 273 641 1539 2517 299 1242 991 888 741 1373 262 2104 2797 352 1549 2771 2185 1025 2298 1684 1807 2092 2371 428 1295 127 1509 1735 2776 2576 2094 2468 2189 2175 264 143 1607 1069 1341 1514 2731 1078 1530 1129 2138 2584 795 160 2529 1238 1440 2619 551 2269 2484 1278 1411 147 226 2710 697 405 687 1360 2184 2835 969 1939 2444 2266 583 1122 1803 2783
000165.jpg,957 1889 2464 2725 1766 2404 509 609 2457 1515 2115 744 752 1696 844 244 1616 5 2448 1802 2128 1477 592 1426 214 1602 1880 1953 498 1139 1556 466 2168 2751 1199 1866 1032 2124 2348 1326 473 2351 163 1744 1061 388 189 2706 1960 1726 2014 2182 2678 106 2572 375 1596 1365 909 2278 2522 2056 1364 1214 1637 45 2807 306 425 22 1064 1945 2760 1171 1904 135 2591 2060 40 1927 2508 669 2141 183 1632 2169 2608 1280 2720 2109 171 96 232 1661 1269 829 941 2476 2354 419
000166.jpg,1394 545 2249 1631 1213 1389 2113 304 2066 2178 2022 63 1019 1801 1333 1228 2277 761 1785 2546 1558 2644 1087 714 1115 853 529 898 2072 395 1137 540 614 1685 1798 1207 954 1298 182 589 1361 658 2323 1197 1334 149 962 1175 727 1346 1306 1712 1951 1166 1300 485 1561 1760 572 1230 2555 1928 2409 465 251 16 1161 1451 374 44 1483 2381 2317 1898 1749 1727 341 291 803 2547 1427 783 2579 576 2567 167 2242 1447 2000 1597 1900 1257 1250 1535 832 364 426 1683 2759 2245
000167.jpg,2609 1546 1516 1894 1454 2843 937 288 257 1455 1138 535 843 1731 1800 538 1645 410 2219 2331 2613 186 2341 2377 1527 1871 709 742 605 1079 336 253 434 811 1110 648 248 1498 2549 1133 1634 2364 749 2196 1040 821 610 2697 678 365 338 544 2788 1573 1779 519 112 435 2087 673 2243 1424 2005 1068 1466 2763 773 1385 406 1670 2095 2519 1794 2151 2251 1142 717 664 2560 1850 2830 2417 1581 1379 1966 1913 730 1174 568 1131 2299 1707 1309 2006 2145 593 1020 855 2102 2492
000168.jpg,1752 1545 1146 2389 59 312 2832 987 1102 1405 1624 85 1934 635 2790 2501 221 2411 4 2528 1656 1926 1644 556 943 2817 2300 1407 817 2082 1386 626 2044 1202 188 2367 2270 1737 2069 547 826 283 611 950 1617 1422 2556 1319 613 266 2477 463 712 2840 1316 445 1045 1029 1328 1983 1552 2424 550 2397 947 2574 860 2011 1993 1799 1190 2454 2515 2714 169 440 2631 2133 2837 1796 1782 735 1444 900 2050 1468 1710 1489 1369 2826 1663 1092 2375 2241 26 2544 2312 305 2130 977
000169.jpg,2049 631 2282 1518 530 1290 921 446 2140 1909 1301 1604 2796 1981 1058 2064 1237 1567 451 607 662 1613 2596 2257 2696 1673 1331 1017 1384 813 1614 1370 2660 1554 243 984 1396 1105 1742 355 966 394 337 2458 2392 942 2085 2093 487 1002 1879 1681 2543 1705 2600 660 2782 1978 908 1495 2259 360 542 710 1119 54 2519 1739 2243 800 1893 1853 2664 1850 2005 2251 1094 678 1142 2087 2006 1000 2697 2560 2262 1174 774 855 2417 1936 2492 1913 2369 2357 852 1791 1581 1455 1621 870
000170.jpg,2491 1179 1578 2682 1651 1977 2328 841 639 2647 945 1579 1920 1063 2252 1770 114 2723 887 9 916 748 2042 819 1667 227 1470 2575 2310 1585 1531 763 1769 1211 2097 982 1583 2225 1528 515 998 919 952 1354 2792 118 1791 517 930 928 2778 1851 2459 1154 2379 2729 567 1657 1367 1368 311 2349 875 1210 1239 2065 2488 492 2026 566 579 2304 923 778 512 382 2416 2559 2618 2793 1566 1854 528 25 975 7 808 1970 2711 151 1209 513 2658 1271 2462 1819 1643 2636 460 2334
000171.jpg,1749 483 2555 1353 240 1300 2784 1727 789 2058 576 1277 1801 16 2277 1672 1883 834 465 2437 1483 376 2249 1836 2547 2579 44 824 529 1447 2644 1469 1394 646 95 395 545 1178 291 761 540 1593 1161 1513 2317 596 1304 962 374 251 2202 1476 132 2000 1990 2054 1559 1743 2190 1176 1091 2381 1451 2745 2540 1230 1631 1773 2441 2759 1361 766 88 1900 1856 1847 2504 2323 1914 1057 1996 695 1106 581 1427 614 572 2700 341 2238 777 215 60 499 1795 2785 1804 983 328 926
000172.jpg,645 1029 2011 445 2840 1649 1054 1552 1679 463 1623 197 1328 947 1663 1444 2707 2836 2289 1782 433 1253 1617 2767 2837 169 2375 134 2631 712 51 2241 1422 1658 1381 1544 1045 2735 1993 2650 550 440 2130 155 2050 2439 518 735 305 64 2454 439 1640 562 2088 2419 259 319 2538 611 1948 1840 2649 1569 1369 1319 161 2714 48 659 2133 1895 965 260 1624 2352 2628 1096 1636 179 900 635 2544 2652 1218 2721 2082 1983 563 188 480 1584 1172 547 1796 1208 2076 769 559 1486
000173.jpg,822 2232 2137 239 2091 1568 1781 2794 455 1262 2164 113 799 2280 1127 1274 653 1755 2236 525 49 1282 1475 1706 408 356 726 999 2693 1756 464 2396 296 805 209 2173 1503 1297 1831 1655 2715 252 2311 1317 1011 268 2470 245 2053 927 1024 131 654 159 655 1273 1505 89 207 139 838 1875 31 580 1789 331 1787 1293 2698 1039 1097 1829 2531 290 192 1395 2402 314 2765 1472 1216 1143 1303 1140 389 1378 61 1647 1118 1932 326 1124 27 721 383 1612 1972 1037 2062 1692
000174.jpg,84 2152 2502 941 1605 909 2706 1139 183 2141 244 398 2841 621 214 171 2348 1866 2503 2182 45 1064 2522 1953 1602 1364 2056 2760 236 2612 959 1251 2401 2608 2705 815 1696 2386 2831 1987 2677 1458 2116 565 2572 2115 506 1616 629 1199 300 1525 2263 1726 1560 1171 1286 1365 1844 2678 106 2197 22 744 1214 1371 40 2567 785 2571 2109 509 1703 2751 957 2623 229 924 1198 1288 270 1768 2203 2494 2457 2464 1927 2404 1184 335 2448 2761 1570 1280 2591 1659 1113 2476 1283 1960
000175.jpg,1096 1416 1948 2815 2272 1965 1860 2352 1362 1636 1316 201 2556 1496 1051 1584 194 1218 64 1569 439 2721 562 2713 100 715 1796 1261 2034 305 48 51 1586 497 155 1897 2309 747 2755 1658 2628 1640 1381 1993 2241 2545 712 1617 2046 2631 2650 2433 2376 1552 563 2045 2023 2836 260 1544 1490 2289 1782 2088 1045 2454 992 319 258 1029 168 550 1901 1328 463 2826 770 1422 518 547 1369 947 445 1453 2130 440 645 2439 1054 169 2011 900 1319 2837 1623 1679 2767 1444 1840 2050
000176.jpg,357 1805 2780 775 2586 794 462 1611 2733 1517 1169 2447 1626 279 2368 960 2621 2019 693 2701 2630 2684 2651 2347 2297 2329 818 2211 1372 1832 2254 2020 457 1646 2192 863 2754 1244 1734 2080 2345 1382 1450 1147 575 2136 2233 1482 1507 393 830 2550 603 339 2637 1691 1259 2605 2275 1678 1120 2106 1016 1669 1732 2518 1192 876 1014 1620 102 469 1748 2166 2395 2383 584 2525 1104 845 1195 187 2804 2805 1459 2247 2360 2802 1523 2240 379 2695 373 107 1073 1410 10 441 2159 2641
000177.jpg,1785 545 1228 63 1394 1333 2022 1019 1685 2178 304 2066 1213 2113 954 1389 182 2546 149 1712 1115 1760 1137 1298 2072 614 1087 1558 1207 714 1361 485 898 1951 1306 1175 1161 1798 499 1300 589 1257 1559 1106 658 2000 727 1786 1801 1971 1451 1631 1166 374 962 1334 1928 2277 2409 1230 2249 2644 2016 2504 529 2323 803 251 2656 2040 572 2759 2787 215 1561 395 737 2542 2381 101 465 1883 2149 2579 581 364 1427 436 1197 1693 2112 2129 341 1900 1343 1353 2238 1590 789 1743
000178.jpg,257 937 1527 1138 2377 1731 535 1385 1779 1871 1894 2613 406 2145 1645 742 1800 605 773 1992 1516 1526 1455 2763 811 519 2102 2843 410 1007 1442 2516 1325 288 365 2331 1707 1511 1040 1969 1110 1068 186 749 2341 821 253 610 2788 336 1498 112 544 435 2830 1379 1309 2219 1079 1946 1424 434 94 1020 2560 1131 2549 2364 248 673 2290 1634 2730 392 678 648 1670 1005 2299 1966 1783 568 1581 1311 883 709 1133 2746 1419 1794 2151 301 1243 730 338 2417 855 593 1850 717
000179.jpg,1093 783 2413 2295 558 135 1448 1728 1383 949 2615 184 1265 540 1296 1856 1683 1231 2111 2785 1478 119 1914 1898 80 2737 1945 754 520 1343 2441 2756 1689 2472 407 2202 2242 232 1103 1312 617 2566 1999 2021 1984 940 1269 19 1996 757 2745 2112 983 95 2190 596 218 2827 1091 1476 230 766 2354 1004 777 2547 2408 1722 2317 132 88 695 2638 1867 1743 341 824 310 213 424 2644 1804 529 1733 1561 739 328 707 1533 1535 1176 1304 2238 2281 1801 967 2114 2744 2260 198
000180.jpg,851 1371 275 2572 1960 1198 1280 1113 1084 2623 2678 2677 327 629 1616 1205 2263 1144 2359 84 1525 2494 1687 117 40 1400 1659 1726 2448 1880 2203 2303 2030 941 23 1987 815 423 592 1922 1184 2101 2620 1199 2141 2115 1462 298 1757 509 244 1866 2152 2457 1080 986 183 167 2791 2503 2150 281 2386 2706 1927 214 106 1696 1458 1064 844 882 2348 1744 2571 1139 2197 1802 2726 690 1032 398 123 1365 2502 2116 2162 96 1602 448 189 45 2608 621 2056 236 796 1661 1263 2060
000181.jpg,2249 761 1394 2317 1631 545 2555 1389 1727 540 2113 2178 1228 1213 304 834 63 1019 2066 1785 1801 2546 1333 2022 16 2277 44 2058 1483 1115 1300 1447 1087 376 1558 2072 614 1749 898 1353 2644 1469 1685 714 1361 1044 2785 1914 853 727 954 1277 576 658 1137 149 924 783 465 483 2000 1207 1951 529 1561 2547 291 589 1451 824 182 1091 2114 1175 1230 395 2437 581 1346 1306 1093 341 1798 1996 1712 1559 1683 1535 1250 1106 1672 2224 2495 1898 2245 333 2409 1883 1760 485
000182.jpg,1749 483 1353 240 1300 2784 2555 789 1727 2058 1883 1672 576 1277 1801 16 465 2437 2277 834 646 1836 2579 1483 376 2249 529 824 2547 2644 1161 44 1394 1513 1447 1178 545 1847 540 1593 1469 2054 1773 395 2000 1559 1990 95 962 1451 1743 761 499 596 251 2759 291 374 1361 1230 1106 2504 63 2066 1795 132 2700 2113 1389 1213 2178 2540 572 2546 1176 149 1304 304 1685 581 1019 2238 766 1798 1115 1971 2317 2190 1476 614 2827 1786 2381 1137 1228 1631 1091 2441 2323 1804
000183.jpg,429 142 1430 1553 802 1492 2078 1699 555 868 1053 1890 2267 1886 2333 2380 1256 554 2029 1888 2668 878 1033 1236 1562 176 289 2217 2743 2415 866 427 417 1686 886 597 1393 332 1418 2786 2227 1431 340 743 36 62 2568 681 2108 2117 1065 21 2423 901 361 2384 733 1793 1588 680 2451 1132 1398 979 199 500 302 292 1499 536 78 121 988 193 432 1268 893 569 2671 2090 571 1038 323 2421 1041 1272 2578 1374 2032 640 1754 377 2520 2539 933 828 13 1429 2221 2828
000184.jpg,2511 1547 246 2665 722 2068 1134 1067 79 2842 97 1463 2305 204 1935 116 1606 2041 2135 2741 137 1212 899 350 442 686 1126 2736 2825 2292 2766 692 447 2319 2558 165 2719 725 1055 2728 2294 1130 2813 1076 1962 1944 790 2248 2286 1452 2382 1825 1940 1464 1937 1841 2580 2207 362 677 1639 2506 494 1986 1868 2598 140 329 2057 2393 1223 2436 2708 1056 12 2435 1185 1874 491 1777 2438 804 682 2258 574 2291 1942 657 2683 1408 271 1892 1899 948 146 508 2440 647 1677 1771
000185.jpg,1946 2843 2290 2746 2299 1005 2730 2788 112 2364 749 2151 673 1243 1068 1670 1110 544 1794 2549 1379 730 1783 1966 1131 593 410 605 365 1311 1498 434 1040 821 1968 568 338 811 435 2377 2830 1466 2516 870 535 1020 336 2560 1079 1581 1309 1527 883 2196 2095 2697 610 855 678 2417 937 257 1573 2251 1526 253 1325 2680 717 1442 1511 1142 2519 2243 2005 94 1969 1850 709 881 1634 2087 1731 1424 800 1779 1871 774 1138 1913 2492 1094 1455 1174 2006 1133 1936 2145 2219 1992
000186.jpg,2509 2121 2350 1001 1810 2583 67 627 202 1075 249 1012 1406 1944 447 899 137 1212 2766 725 2294 2135 2741 2728 1055 2057 2825 1606 165 2435 2719 2736 692 204 494 116 2291 2207 1874 2558 1825 574 2683 2292 2842 442 2319 1126 2041 1223 1463 1899 686 1841 1547 2051 1439 1195 2708 1130 2295 1935 24 1088 97 1928 2258 1728 338 2143 1931 1076 2511 362 1067 1557 2580 634 1940 1986 135 2809 2701 1611 2224 1590 2413 1597 730 2305 1056 1805 1609 1937 246 1757 657 647 426 1689
000187.jpg,2789 1099 1650 2597 2265 1885 2610 1135 1441 649 2343 120 507 890 1327 2212 1955 872 1314 1991 1543 2199 2822 1823 2306 2191 367 235 1873 877 2812 2105 2594 552 2799 1003 2681 1302 1156 1974 2774 1917 771 2770 2716 1182 670 261 1461 849 316 699 68 1852 1010 968 963 1164 2819 2237 2144 1109 1117 553 2557 1111 740 2764 1332 162 602 2773 2052 2552 2177 533 2500 458 92 2689 2365 2592 2283 2370 1746 152 2193 705 81 1827 2527 847 175 587 2479 1704 2181 313 734 1741
000188.jpg,2792 567 118 1791 2065 808 919 1531 975 2793 998 2778 875 7 1354 2304 1769 923 952 1210 2416 311 887 1854 1271 2349 1470 2711 2559 151 2658 1583 2618 528 25 513 748 1209 579 1851 930 819 1585 382 778 928 1667 515 2729 2328 1657 1970 982 517 2379 2575 2225 2491 871 763 1977 1179 2488 1578 639 1211 1579 1154 2252 841 9 2647 945 2682 1367 1368 1063 1920 2459 1651 1239 227 566 2026 492 2097 2723 114 916 512 2310 2042 1566 1770 662 1528 1742 2361 1174 2274
000189.jpg,8 1671 1474 745 325 2535 2449 2706 1090 1082 1308 586 443 1006 37 922 1763 2216 1288 1703 459 1363 2167 123 882 1537 2150 690 1844 2268 1188 637 1456 619 2657 986 1697 1757 2617 521 285 1286 468 2197 2823 2425 565 1884 2831 2712 2313 1570 1032 980 997 829 2705 236 167 1560 1858 1153 2608 309 171 2841 122 506 1255 1080 621 334 1251 924 2507 1139 1221 2760 1387 973 2308 894 1866 1364 744 448 411 1064 1904 2348 2182 2060 45 1797 1610 2816 2109 2677 298 419
000190.jpg,1663 947 1444 1328 1054 1679 2707 1623 1649 2836 1782 169 2837 2767 2241 1381 1658 1617 1045 1544 2439 712 1422 2130 2050 735 1993 440 2628 1369 2714 2454 550 51 2649 1840 179 1870 26 925 480 155 348 1218 1261 1640 305 2769 518 562 1417 645 1051 1569 64 1636 2538 860 2011 48 2289 2721 1796 1029 715 445 1489 2650 100 1710 194 197 1948 2840 439 2352 463 1096 2631 1624 221 1701 1416 1644 943 2528 817 900 1407 1552 433 1405 635 2790 1584 260 2545 134 2817 1934
000191.jpg,2034 2545 1796 100 1569 715 48 64 2433 2721 439 2713 1584 1640 562 1490 305 2376 1453 51 2309 1860 155 1496 2556 2023 2272 2650 2045 2755 747 201 1316 1993 1901 770 1096 1965 1636 1948 2631 2815 1416 563 2826 260 1840 168 2241 2352 2088 1617 258 1544 1051 1381 2289 2439 712 1658 659 550 2628 440 1045 2050 1878 1782 134 518 547 2130 1422 169 194 1407 2454 2836 860 2649 1417 2538 900 26 1148 992 2652 497 735 1552 1218 2837 2419 1369 1586 645 1307 559 2046 161
000192.jpg,352 1539 1349 969 1815 1571 2226 2844 2833 1025 2139 264 1242 2100 17 2455 2576 837 1009 2092 273 2063 349 2175 2269 642 2484 1982 846 2473 2138 299 46 1622 1549 2797 600 1618 573 2486 879 2371 1338 557 1514 1698 2524 2776 2223 317 2710 2104 1366 2460 961 1 1925 1619 234 551 1122 403 667 195 428 913 1540 2412 1572 1159 2338 1735 892 1828 1660 1684 1520 147 1409 2253 2372 867 2633 1988 414 1816 405 2255 2607 2466 2215 1862 2444 1059 223 1615 2541 1480 1589 2399
000193.jpg,2153 419 2554 894 1632 96 1927 106 189 1032 2060 2197 1987 815 481 1214 1171 22 2567 2109 2751 2571 744 1013 1286 1336 396 2831 1315 2079 2705 300 2216 2425 2401 1661 2160 2141 1703 1199 1363 333 2726 309 1251 762 856 1288 1283 1727 941 1749 2313 1365 506 1364 2555 1108 1844 2612 2058 1560 2162 1605 834 957 1995 468 924 214 2261 1726 621 2507 785 565 2152 84 2048 2502 45 1227 1907 661 171 2522 1858 1139 448 1188 1217 2194 2841 1277 971 1797 1866 115 1064 2188
000194.jpg,1125 1753 2777 2772 2077 2478 70 2561 2510 1759 431 2757 1035 1839 2015 1252 18 191 1842 1834 951 2663 2818 315 2 1165 1390 2622 2302 601 1557 2161 767 277 297 990 2315 2323 962 2702 103 1938 522 1235 1443 2759 529 1333 1798 1801 502 1323 2624 2022 369 2685 1075 688 284 395 2644 2532 2242 634 1747 1821 2277 581 898 2686 1989 1833 1810 1114 578 889 737 1845 1908 436 2178 1334 2583 1019 2667 426 2471 1389 1980 853 2113 1460 1413 1394 2496 2509 215 702 2504 304
000195.jpg,1357 751 39 2288 1180 76 1818 2495 926 564 2281 1786 230 1559 1106 2000 1971 1091 1257 1451 777 989 581 2787 2437 2114 1836 1593 1996 1361 2656 1693 739 215 2542 737 436 1353 1900 2149 1943 1672 341 441 2202 541 2540 832 1950 2699 803 2239 2493 1538 1476 2073 1346 2040 917 2129 83 2381 1116 1535 2695 364 2785 293 2824 1427 920 251 75 646 321 845 2605 2497 1856 2383 379 1940 2489 469 2247 1192 1014 1846 1915 2240 371 2653 2324 590 2190 1219 789 615 2224 1641
000196.jpg,79 2665 722 2068 1067 2511 1547 246 2842 1134 2305 204 1463 97 1935 116 2135 2041 1212 2741 137 350 899 1606 686 442 2292 2736 2766 1126 692 2825 2558 2319 447 2294 165 2719 1055 725 2728 2580 1130 1452 1944 1868 1076 1962 12 790 1940 1841 677 362 2506 140 2207 1825 1986 1056 2286 494 657 508 2813 2708 792 1721 1892 2435 1473 827 2598 2296 217 1876 2661 574 2436 1639 2248 251 400 2625 2057 1677 1464 1300 1035 994 2258 1874 359 2382 1899 1223 2438 1771 1353 1804
000197.jpg,645 1054 1679 1623 1649 1328 2011 2707 1444 1663 947 445 1029 2767 2840 2836 169 1782 2837 197 1544 463 2439 1658 1381 1552 433 2289 1617 2241 1045 1253 2050 2375 712 2130 2628 1422 51 1993 440 735 2735 2650 1218 134 2714 1261 2454 2649 1369 179 1895 1640 1870 2352 194 2631 1948 1417 161 860 550 155 64 562 439 305 1051 1569 1489 2045 1416 769 1796 1096 48 1788 1710 173 1840 2272 965 2088 2538 715 2769 635 319 900 1584 1636 100 2721 480 2133 1624 1407 260 201
000198.jpg,922 2043 2816 2171 2810 1188 2666 650 1697 411 1891 475 1916 1456 2346 1763 1723 37 122 1284 468 2313 285 2167 1090 1858 1221 1153 6 807 546 586 1865 759 582 1082 1603 820 1308 1541 2643 1882 2841 443 1260 732 1227 1006 459 2268 334 750 620 1797 956 1702 181 2823 2449 2194 661 2261 829 1761 2425 2216 980 2535 1083 1610 1560 476 2476 1884 372 1703 1380 973 2387 1537 1570 1605 1671 1015 594 229 2168 2118 298 1285 8 882 1139 1288 2706 619 2278 669 2179 1474
000199.jpg,1395 1317 1756 805 1972 2402 721 1918 1647 1921 2061 1303 1755 1297 412 1140 1124 2053 27 1037 561 799 314 1829 1050 1216 1635 2236 1475 1924 390 1472 2279 1967 1273 1715 1187 2406 1648 1299 1168 1612 1568 1293 2698 1143 1097 580 159 344 1118 1692 1008 326 936 391 471 2693 363 113 402 31 1438 2407 1822 655 1505 999 2465 2505 2301 430 216 331 2715 653 1141 2398 1011 2137 2232 753 2062 822 782 1018 786 643 108 858 2611 1022 1220 1506 478 726 1048 2765 484 138
000200.jpg,1137 1207 614 2072 485 1175 1306 1951 589 658 727 1361 714 1558 1087 1798 1334 2000 2323 962 1559 1451 1106 803 1230 1197 1257 572 374 2644 2787 251 898 395 1427 2504 2054 2381 2579 1883 2409 2759 2540 1561 2040 529 101 1166 364 1300 1900 1928 215 989 737 436 581 1786 1971 789 1115 2546 1801 1389 341 2113 545 1213 2066 2178 1333 304 2277 2238 1298 766 2114 328 1683 1590 2242 2542 1394 93 853 895 2022 63 1091 1228 1785 1685 1019 1353 646 954 1898 76 676 182
000201.jpg,645 1054 1679 1623 2011 1328 445 1649 1663 2707 1029 947 1444 2840 2836 1782 197 2767 169 2837 463 1552 1544 2289 1381 433 1658 2439 2241 1617 1045 712 2375 1253 2050 134 1993 51 2130 1422 735 2735 440 2650 2628 1369 2454 2649 1895 1948 161 2714 769 1640 1417 1569 305 1870 860 1416 550 1096 64 562 155 1218 48 179 2272 1261 1710 26 1796 2769 2721 319 2352 1051 194 715 1840 2034 439 259 1701 348 1489 100 563 1307 2556 2419 260 1486 2545 1437 674 2652 900 2076
000202.jpg,203 1524 1629 1811 2749 2444 1803 1059 2740 342 1167 154 2595 1355 551 2468 147 127 472 2710 577 685 2431 1862 1509 2175 1863 1807 641 1295 1619 2385 2776 1539 2771 150 814 667 385 934 2709 888 991 1025 1072 1373 798 741 1324 2548 2403 307 2801 2473 687 267 1375 2094 1530 1861 1735 2226 1238 2797 2339 1859 891 226 2187 867 262 969 1925 170 2198 1078 2104 884 2731 1675 242 2648 1377 57 1201 185 1034 1276 2654 1291 2189 273 158 160 2662 1069 1030 2371 1826 1242
000203.jpg,1697 2167 2268 1188 459 1911 922 1456 2313 759 468 1260 411 546 1284 2643 1858 1763 620 6 732 122 181 37 582 586 1090 1797 285 1082 1882 1221 1702 1380 2823 807 1308 443 1083 1006 1865 1153 2043 2476 2810 2171 2816 661 2807 2425 650 636 1603 829 372 820 2194 1541 38 2666 1318 2168 167 956 1227 1891 20 2677 1761 2449 281 980 1610 2623 476 669 2261 1285 475 629 298 334 973 1884 1916 1267 1200 448 1536 1560 2118 1570 275 1015 796 2346 1723 750 2791 724
000204.jpg,1096 1416 1948 2815 2272 1362 1965 2352 1860 1636 1496 1316 1584 201 2556 64 439 1569 1051 194 100 48 2721 715 562 1796 1897 1218 1586 2034 497 747 51 305 2713 1640 155 2309 2241 2545 1658 1617 2628 712 2433 1381 2755 2650 1490 2289 1552 2046 1261 563 1993 2836 2023 260 2631 2376 659 1045 258 1782 2088 2732 2045 445 770 1901 992 1544 319 1319 440 168 1328 645 1422 2419 2130 1453 2826 134 900 1148 2454 550 547 2050 1029 611 1878 947 2767 2840 169 1840 2707 2652
000205.jpg,2433 1490 1453 2034 2713 2545 2376 1796 1496 2309 100 1569 2556 64 48 2721 715 439 1640 1901 2272 1860 562 1584 2650 305 1316 51 201 155 1965 2289 563 168 2755 2088 1948 1096 260 747 645 1636 2826 440 2023 1416 659 2352 518 2631 1993 2815 2454 2840 712 433 550 1840 2045 2050 197 2241 1544 1552 2439 559 1045 2130 2538 1878 134 486 2649 770 231 547 1148 2769 445 900 1617 2628 2482 1381 735 2732 1658 1486 2553 906 26 1369 2836 1444 1051 784 2714 1307 497 992
000206.jpg,1865 1858 468 1153 2313 807 1260 2823 1188 1227 1761 2071 2194 1790 759 1933 2261 476 897 829 669 411 661 122 752 1697 1284 1456 620 285 582 922 546 229 1560 1882 2643 1098 1321 2168 1603 732 6 1610 1221 1702 820 2476 2156 2645 1797 1436 2750 1638 181 334 956 750 1709 2627 1305 1541 2201 935 836 2425 1083 2816 372 2096 2043 396 2387 1052 629 2432 281 1015 1504 2810 1763 980 1736 2677 2171 37 448 1884 586 2666 222 2355 2512 2167 1090 650 2342 2691 2218 2450
000207.jpg,546 1882 582 1221 6 285 759 807 2643 1260 732 1702 620 468 2313 1797 181 1083 1188 1858 820 1697 1603 956 2476 1153 1541 636 661 1865 2194 2807 1227 1318 2425 334 829 2261 750 2168 476 669 922 1761 411 1891 2816 2810 1199 2387 2043 372 1560 1456 2278 2677 1536 229 2167 2171 281 629 2761 122 2048 1768 1916 475 2666 2346 40 2841 2823 1380 1284 650 2678 1696 1911 1570 1723 396 2627 42 2623 1032 2263 1139 37 986 1726 1371 973 423 2514 2572 882 2060 1610 905
000208.jpg,540 465 1631 1801 2277 529 499 2644 1749 853 2323 395 483 962 1334 1394 240 545 1561 1300 789 1353 1798 2555 2579 291 44 1230 576 16 2759 374 1483 2784 1535 1727 376 1883 1197 2249 1447 572 2058 2547 1672 824 646 832 1785 2409 898 2785 251 1469 1228 1683 1914 1389 2504 1277 1087 1513 614 834 1743 1178 803 1847 1427 714 1990 2700 2437 2542 63 1019 2242 1346 596 2000 1115 1161 1137 2016 1333 2827 1166 1558 95 1685 1207 2066 1593 2072 1928 983 761 2054 2317 2113
000209.jpg,2224 853 967 1804 293 1149 1719 754 2320 739 540 29 1597 2533 91 2143 2673 2172 426 792 2430 286 634 1689 24 2756 1728 2296 1631 2024 338 1346 2540 986 2021 123 1427 730 714 1757 1558 2408 2387 1406 898 213 2638 882 2235 1928 1798 2787 646 2295 1900 707 789 1394 1555 1894 1075 2409 2472 1197 729 2150 76 1166 2054 1087 895 1334 1231 1207 1466 101 249 2323 1255 2072 1236 832 1590 1535 766 436 291 2786 2785 1266 2380 251 1670 372 2668 2579 1012 2221 589 2129
000210.jpg,2044 2411 1656 2501 2528 1644 1934 85 1624 2790 312 2832 2817 1102 635 943 1405 221 1926 817 2300 987 1407 611 188 1319 556 2082 2270 547 1386 1796 1569 2545 64 1617 712 48 2034 2721 715 100 439 1422 550 2241 305 1640 1782 1381 1045 51 562 2836 155 259 2419 1752 1636 1658 900 1146 1993 2454 2439 1983 2826 2837 826 1552 440 2050 169 260 4 1544 2652 2088 1092 2649 659 283 1369 559 1208 518 2133 2574 1428 2538 1737 2358 1328 1878 2544 2069 563 2007 1840 2397
000211.jpg,1813 324 1062 1923 129 788 1281 501 1932 456 125 1912 1503 2142 840 241 1843 1026 1039 1011 268 389 495 1789 2687 2531 131 1875 927 1024 2634 2565 467 1831 464 1655 1929 1706 2765 1475 1730 1275 452 2285 89 295 1037 2806 758 1022 1568 2244 999 780 2236 2301 2715 484 806 53 1715 1124 2059 1293 314 1635 2407 1262 726 390 430 628 1662 159 2053 1097 1505 331 1378 138 1274 1465 580 1967 1822 1143 2232 653 1140 455 786 2698 1220 363 2137 2091 1050 1297 418 33
000212.jpg,957 1889 2464 2725 1766 2404 609 509 2115 752 2457 744 1515 1696 244 1616 844 5 2448 1802 2128 1477 592 214 1139 1602 1953 1880 1866 1199 2348 1556 1032 2168 189 2807 1426 498 466 2351 2278 2751 2060 2823 1637 1171 669 163 1596 2706 454 1744 1280 1214 941 661 1084 1061 106 1365 829 620 1326 388 1188 2182 1927 1560 2109 636 1661 40 909 2476 1858 2760 183 375 1960 2608 2261 1364 1591 1702 1064 96 1726 2572 22 582 2522 2720 468 2678 473 45 2726 476 1797 2643
000213.jpg,2548 969 1514 2226 1375 2662 2740 2363 2460 352 879 557 1366 687 2175 1025 1619 1660 1539 551 2298 2844 1684 2633 342 2607 2727 414 1816 837 1009 2541 2517 1925 349 1440 2529 1349 1480 46 1059 1776 2710 1815 1572 867 2399 2473 1 386 2455 892 2456 1571 2385 577 718 2186 2139 797 913 2158 2524 2749 2215 958 1665 234 2185 143 2468 570 2229 267 1618 2709 2833 2431 307 859 1863 1270 154 814 2672 2063 795 2834 1664 264 1724 2100 2444 2584 385 2246 810 1540 1411 1446
000214.jpg,455 2137 2232 1262 822 1568 2470 799 464 1706 113 1831 927 1655 1789 1140 726 2715 1282 838 1829 296 408 1127 356 1024 580 209 31 1503 2693 653 159 1011 2531 2280 268 2236 1274 1780 314 1932 2396 326 2173 1216 139 999 49 1273 2765 1475 1124 1781 1635 1293 1505 1097 1787 1506 2687 131 207 245 2053 390 1755 295 1039 89 1050 1924 452 1967 2794 2142 383 1299 806 1168 290 331 2059 525 1875 61 389 1037 239 2698 1929 1281 1918 1275 1756 1715 805 1143 1378 758
000215.jpg,1525 2263 1280 2623 2572 2678 1371 1084 1726 1198 1170 275 1880 327 1205 1960 2448 1659 1113 851 2303 2030 1400 117 2791 1802 2141 2203 1687 2386 1616 84 265 2494 1184 1199 40 1144 762 941 1425 474 1536 2571 1979 1318 205 2807 2101 2278 2348 2761 636 104 1032 448 2734 298 1380 106 96 2831 42 2086 490 1866 2115 1973 189 905 214 1183 419 907 2705 2132 300 1502 2060 2359 1762 1696 2718 2677 481 1283 894 1077 946 2554 6 1083 1139 1482 1768 2522 2080 1922 23 2706
000216.jpg,1830 702 848 903 931 1114 768 1107 1767 1908 1340 2388 65 284 1310 1512 1254 1608 1720 1821 2601 2471 1845 502 990 835 2624 1235 578 250 522 1975 684 688 103 126 297 1323 2276 2667 1186 2314 1391 1413 767 1839 973 1035 298 2302 2323 1285 395 1570 1015 277 2644 431 1165 315 962 2620 1922 1759 1557 1144 1397 2510 2706 1390 1113 1938 1075 2496 2622 690 45 2757 18 1798 1263 1423 1753 2677 1458 1537 980 851 1810 2509 2056 191 236 2661 249 420 2608 1080 1232 529
000217.jpg,1207 2072 714 1137 1558 1087 614 485 589 1306 658 1175 1951 727 898 1361 1334 2409 1798 1166 1928 2323 1590 93 895 853 962 2000 1298 2644 1561 1197 1451 1230 395 529 2787 1559 2493 572 1801 676 1106 803 2759 1427 545 2054 374 2277 1333 1683 1631 251 2324 2540 2504 364 1389 1257 1394 2022 2242 2040 101 1213 2579 2113 1019 63 1786 1900 1971 2381 789 1228 2066 1115 2178 436 1898 954 2656 1597 341 304 426 215 737 182 1785 2149 634 1685 293 2546 581 766 617 989
000218.jpg,79 722 2665 2068 1067 2511 1547 246 2305 350 204 2842 1134 97 1463 2041 116 1935 2135 1212 2741 137 1606 899 686 692 442 1962 2292 2319 790 2719 2506 1126 2736 12 217 1868 2766 1986 725 140 447 1130 677 2598 2580 2813 1452 657 1940 2558 2712 508 1076 1639 637 165 2308 2436 2809 255 1088 2427 574 2294 619 1473 1464 1998 1223 482 1874 1548 2286 2825 521 1839 2708 1330 1771 1777 2728 494 1052 1841 856 2625 1987 1055 2445 531 2382 974 2704 1632 1408 1677 1937 1892
000219.jpg,2460 557 879 2363 2801 1619 1863 1925 1366 1660 2607 2431 1816 385 2633 867 1480 2524 2844 2517 1982 1215 1242 814 2833 2139 2298 273 2385 667 1684 641 127 1539 299 2104 352 991 1549 1807 2468 2771 2185 1295 1025 2797 1373 888 262 741 1514 2189 2175 2710 143 2444 1129 1735 428 2576 2776 1509 685 2371 969 795 147 697 1939 2529 798 2595 1341 1803 2092 1360 2184 1607 1069 1988 1278 2138 551 2584 2662 2783 2619 1294 583 1571 1630 1724 1411 1440 2226 687 1081 405 1238 1947
000220.jpg,887 1531 1470 748 2328 819 1667 1585 2491 1179 2575 1977 1578 639 1579 2647 841 945 2682 1651 1920 1770 2792 1063 9 2723 114 1769 567 1791 118 2065 2252 919 982 1354 952 2778 875 515 2042 2793 2304 808 311 763 916 975 923 1528 1210 2097 1211 2349 2416 7 2559 2618 2225 579 2310 1851 227 1271 25 151 930 2658 1154 528 1209 2459 998 492 928 513 1854 2488 2379 566 1583 2711 2026 1368 1657 1239 1367 512 2729 382 517 778 1643 1566 823 460 554 2299 289 868
000221.jpg,84 2152 2502 941 1605 909 244 1139 183 2141 398 2706 1866 214 2348 2841 2182 1064 2503 45 1602 2056 621 2522 2760 1953 959 236 171 1364 2608 1251 1696 1987 815 2677 2612 565 2705 2116 2401 2386 2115 2831 1458 1616 1560 506 629 1286 2572 1171 229 1844 744 509 2457 1199 1214 22 1371 2751 1365 2567 844 106 1525 2263 1515 1726 40 609 1570 957 1113 1198 2109 2678 1768 481 117 298 1184 2197 5 300 785 2404 1960 2303 2761 2203 1280 270 2494 1477 1084 1927 189 2048
000222.jpg,2460 557 879 1242 273 2363 1619 1925 1863 1366 1539 2524 2104 1816 1480 1660 2633 2607 2431 1025 385 867 2844 352 147 1982 814 667 2833 2139 299 2175 2226 2710 127 2468 551 2385 577 969 2092 641 2797 685 2576 2517 264 991 1349 741 1549 2444 2783 262 888 1803 2455 1530 2371 2138 1069 2801 2595 1807 1514 2094 1684 2269 160 1509 1373 1078 837 1815 2771 428 2484 2776 1341 1735 1607 1059 810 2529 1167 1988 1295 226 2619 2063 2709 2271 1009 2758 267 1355 1571 1939 2473 1238
000223.jpg,2113 1213 2066 2178 304 1389 2546 1019 1115 2022 63 1333 1228 1785 1685 545 954 1394 182 149 1760 1712 1951 1175 485 614 1306 1137 1300 658 589 1361 2072 1161 727 1207 2000 1559 1106 1451 1257 1798 1971 1786 2787 714 1087 1558 962 803 1230 898 1883 2249 572 215 251 2040 1513 374 1353 2504 341 2409 1743 1166 101 2656 364 1298 436 395 483 1900 1561 1334 2381 737 581 2579 2054 2644 1773 2323 132 1427 1693 2784 1176 2242 789 529 2149 2759 1801 1847 989 646 2542 328
000224.jpg,536 569 2090 121 988 193 1132 1588 1268 680 1431 36 2333 2117 500 733 1886 1793 866 901 429 802 340 142 332 1065 571 2668 2786 1492 2217 1499 2108 2029 1553 2415 555 1256 1393 1418 2267 1430 2227 1686 2743 979 2380 1033 2078 417 597 1562 1699 886 878 427 176 432 1879 21 1890 1236 729 1329 2568 199 141 2384 2098 1047 1053 612 2249 2747 2829 2055 2335 289 1910 868 554 453 2578 1038 2451 1888 1023 2839 2421 865 394 62 2798 72 177 1976 1035 1398 681 1764
000225.jpg,2138 961 352 2648 1571 1828 846 2100 642 405 2614 17 573 969 1349 2835 2758 1964 1025 537 600 1622 2486 2473 1341 166 1607 2738 2175 1069 1338 46 2226 2710 665 317 1270 2338 2223 1815 1698 1539 349 1618 2255 2709 892 577 1258 1540 2372 1514 1446 127 195 1939 2253 2339 2635 1409 1095 2481 2340 1994 1294 2412 1615 2444 685 551 511 2595 1803 223 234 2466 2246 2399 1619 1630 1684 472 1816 1112 913 2811 1572 1366 1060 1520 414 2094 1660 1242 2158 2455 1863 2431 2616 385
000226.jpg,1389 1213 2178 2066 2113 304 2546 545 1019 1394 1115 2022 63 2249 1228 1333 1785 1300 16 761 1685 376 1161 614 1447 1469 1483 483 44 1749 954 149 182 2072 1361 1137 1951 1353 1175 291 2784 240 2000 1631 1087 727 589 658 1672 714 1558 789 1207 485 1306 1451 1760 2555 2317 1727 898 1535 1559 2054 1712 540 1798 646 1513 1883 832 1801 1847 1106 2437 2277 576 2787 251 2058 2547 1804 1298 2644 2579 2409 1178 824 1230 1597 1914 1773 1427 1836 2785 834 341 465 529 2024
000227.jpg,1525 2263 1280 2623 2572 1084 2678 1371 1726 1198 1170 2448 2141 275 1880 1960 2386 1205 1113 2761 270 2048 2807 1365 1616 1768 851 1283 1536 1199 2030 1318 1802 2101 2278 1659 762 2116 636 84 327 398 1400 2115 2571 1458 2791 1108 1866 2203 40 1032 941 183 2720 1696 117 1184 45 189 1596 2303 106 785 244 214 42 1364 1251 1927 2562 1144 265 490 592 2503 96 104 1757 2522 2718 181 2688 2060 2188 957 2056 620 2160 419 481 1687 644 1064 482 2348 205 2591 171 1632
000228.jpg,2249 761 757 1394 558 2295 1728 2413 545 135 1631 1689 213 540 1228 754 2024 184 1785 304 2178 2317 2113 1019 2472 2408 63 1333 1213 1801 2022 1231 426 1389 1533 1597 2066 2277 707 783 853 1804 634 1448 2638 376 2555 2430 182 2143 1478 1727 2354 520 149 1265 1469 1447 2566 2756 1093 1312 529 24 1898 2533 1945 1296 1558 2546 1087 473 967 1984 954 293 16 1719 898 1298 2072 614 1269 2644 739 1849 834 1904 232 2323 1161 19 1685 658 2111 983 2615 2725 752 80
000229.jpg,1753 1125 2777 2772 2077 2478 70 2510 2561 1759 431 2757 1035 1839 1252 2015 191 18 1834 951 1842 2663 315 2818 1390 2 2622 1557 1165 2302 601 2161 767 277 2315 2323 1443 2702 1938 1798 297 2685 962 688 1075 1333 1235 990 1801 1747 103 634 2759 2686 889 2644 1207 1334 1833 581 2624 1980 529 395 1137 2667 522 898 1810 485 714 2072 853 1323 1106 737 1389 1394 436 1928 2583 1114 2022 251 369 954 1257 67 1951 2000 1166 1306 215 1908 2430 374 126 614 1767 426
000230.jpg,1490 2433 1453 1496 2376 2034 2713 2545 1796 2309 2556 100 1569 64 48 715 2272 2721 439 1901 1640 562 1860 1316 305 201 51 2650 1965 155 563 1584 747 260 2815 1096 2289 2088 659 1636 2826 1948 168 2352 645 1416 559 440 1148 433 134 2840 550 1307 1486 2732 2133 2050 486 194 712 1878 2337 1993 900 2553 2631 784 518 2454 1840 445 1552 1437 1544 2652 197 2836 2755 2649 1051 2241 1045 1123 2023 2439 2538 2130 161 2419 1369 674 2628 1218 1617 1658 231 1422 1381 169
000231.jpg,2045 2023 1584 2755 258 770 747 1029 1362 2735 463 1096 1993 1897 1552 64 2631 1586 2753 1320 439 1416 1948 860 562 1701 1796 1319 1617 51 611 2289 497 2034 155 622 1788 2721 1569 2732 1640 1895 2676 1417 305 606 85 992 2130 1190 100 2840 715 1627 2482 173 2724 2837 2011 2076 1710 433 906 675 547 712 1045 178 2287 134 2545 2650 1544 440 2046 48 2707 2836 817 2628 1208 1624 169 1649 1051 161 319 1775 2419 1381 1328 2646 550 188 259 197 2564 74 2538 201
000232.jpg,1697 2268 2167 1911 459 38 372 1188 922 411 1456 2823 37 167 122 2677 1284 1082 1763 1308 586 20 454 443 281 629 1090 1006 1260 759 546 285 1153 2043 2810 1995 1858 2726 468 807 2171 1865 2313 1221 620 6 732 2222 582 2643 115 2666 1891 829 1570 1882 1380 650 1603 475 2346 661 181 1916 1702 1797 1227 2573 1723 820 1537 2816 1541 2841 980 298 956 1250 2194 1200 2030 2449 334 396 1661 1744 2791 2261 1285 1084 1884 1502 2162 2623 1083 1761 2168 1280 2627 1205
000233.jpg,1531 887 1470 2792 567 118 748 1791 1585 2065 819 1667 919 2575 1769 1354 952 2778 2328 808 875 975 2304 923 2793 2491 1210 1179 311 2416 7 2349 1578 841 1977 982 945 1579 639 998 2647 9 2559 1851 1770 1920 515 2618 2682 930 1271 1063 1651 2723 579 2658 151 2225 25 114 928 1583 1854 1209 763 528 513 2711 2729 2252 1211 2379 1657 916 1154 2042 227 2097 2488 1528 2459 2310 492 566 382 778 1368 2026 512 517 1367 1239 1970 399 72 2299 2074 417 437 555
000234.jpg,1749 2555 483 240 1300 2784 1353 1727 2058 576 789 2277 1801 1277 16 2249 465 834 376 1483 529 1883 44 1672 2547 2644 1394 2579 1447 1469 540 395 824 761 1836 291 646 2317 2437 1631 545 2054 1178 2323 1304 596 499 95 1057 962 374 251 2540 1230 1990 2785 614 1161 1593 1513 2759 1914 2202 1847 2000 333 1427 2190 1137 1798 1476 2381 1197 1176 1091 2745 695 2700 1103 1451 1804 132 677 783 1743 572 88 1361 1856 60 856 1561 2111 2072 1087 101 1535 2441 658 1389
000235.jpg,2769 348 1870 26 925 2454 2649 1369 480 2538 179 2714 712 550 2050 2130 1417 735 1788 518 1045 440 860 1617 1710 1422 1701 1489 2241 1993 1840 2840 2375 2289 445 1552 305 197 2631 1328 645 155 51 562 1640 1172 2011 2650 433 463 259 161 2721 168 1782 1569 1029 2707 1658 2088 2836 169 611 64 260 2439 524 1623 134 1544 48 1054 1381 1983 1649 1444 1319 2419 439 1895 947 2148 977 1663 659 1679 2826 1796 2544 1636 2837 2652 188 2200 900 970 100 769 2676 1624
000236.jpg,2648 2138 352 1270 1939 969 577 961 127 1815 2481 2710 1571 1159 403 2100 665 2709 600 1258 1349 511 1622 2175 846 1009 2455 17 223 573 1803 2466 2486 1025 1540 837 2063 2595 147 1446 1294 1618 2226 472 1167 2340 1069 2758 1630 2635 1355 1572 2339 2619 2372 642 1607 1539 267 2616 1615 2444 1341 1698 1520 2246 2431 892 1338 913 1530 349 537 2255 317 1421 234 1 2738 1619 2484 46 195 1828 1112 2094 166 1060 2727 2399 1509 2473 1660 1863 226 264 1816 2835 2385 2820
000237.jpg,1882 956 2194 661 1153 2261 1227 669 829 1221 476 1697 582 2168 1761 6 546 285 732 1797 2476 1911 2643 1603 1083 1541 759 620 1260 2313 820 2425 2677 1536 1995 1188 2167 1380 636 181 629 1267 1702 2387 2823 2623 334 807 750 448 2572 115 1525 2678 468 1318 1084 372 796 1768 2688 38 396 2726 922 2593 1371 1560 1280 1858 281 1880 84 1108 1456 2263 1661 42 2222 2807 2573 1726 20 1032 946 1090 167 2197 941 2268 2494 1200 980 2706 905 2831 1537 2355 2118 1687
000238.jpg,1361 727 614 1137 658 1175 1306 589 1951 2000 485 2072 1207 1451 1559 2054 2787 1106 1558 714 1087 646 1257 1786 1798 1971 898 1334 2409 1389 2656 1115 2113 962 1213 1333 1300 1197 76 2323 2546 1166 2066 1353 2178 1019 2644 304 63 293 2149 1357 545 1928 1298 2540 395 1230 2022 954 1685 1693 483 1228 572 1394 789 803 1535 251 1801 16 1785 1561 1483 529 44 376 1427 2016 1593 1346 374 1091 2542 832 2579 1447 182 1672 291 93 581 895 2504 1513 240 1161 1590 1631
000239.jpg,1436 1504 2071 1790 850 222 2218 1933 1305 2512 1052 1321 1638 1098 2750 935 2362 2691 836 2096 2156 2645 2355 2201 2450 1709 2432 1736 2342 755 1806 897 1621 2593 2627 612 2537 599 2446 1911 1023 2642 1047 141 630 2747 2098 1145 453 666 2452 2420 796 2163 401 396 2055 981 595 1510 1628 99 2587 144 208 823 2122 1085 177 2829 320 399 461 1717 1387 2074 2679 1903 1682 2449 1865 164 816 908 1160 437 1599 73 760 2775 281 2469 2655 1163 72 1676 2318 156 1200 1233
000240.jpg,2320 1149 2533 293 286 2172 29 2673 967 2756 2021 2408 707 2638 1804 213 426 2024 1597 2143 24 2430 634 1689 754 1719 2354 1728 91 1849 2615 1265 1448 1478 2235 1231 1269 2295 739 792 119 2413 1529 558 1722 2390 1867 1296 135 1383 2296 184 80 757 2566 2787 424 1533 2472 520 19 218 1945 232 2224 1733 1984 853 1312 646 2744 1535 529 376 2054 1798 291 498 1334 540 2644 364 983 832 1451 1361 2323 962 1298 2016 714 2000 1346 1469 789 1427 1839 1558 1801 1886
000241.jpg,2291 574 2057 1223 1874 2435 494 2683 2639 1439 647 2526 2183 482 1931 2220 1899 939 2704 1433 2089 2051 657 2427 2445 255 217 1330 146 598 1088 368 677 1725 531 2438 686 2499 2719 682 1592 1555 637 444 2708 491 2569 790 2308 1408 1185 1942 2440 1639 1937 271 508 692 994 2712 1777 608 2813 864 2393 2580 2292 521 274 447 329 974 526 2319 1677 1998 2037 1892 1771 2625 619 1962 1868 2657 2589 948 2728 2286 2248 1076 1055 140 725 1721 2436 1876 1473 2382 128 804
000242.jpg,1242 273 2524 2104 2460 879 557 2363 147 1619 1366 1539 1660 1925 2633 1863 352 1816 2607 1480 1025 2517 2844 867 2226 2431 385 2833 2175 2444 1982 1514 969 551 2139 667 685 2595 1349 1803 2710 810 2529 2385 814 1684 143 1988 127 2468 2619 641 299 2100 2801 1069 1059 577 2298 2738 1571 2576 1811 2271 958 2138 71 166 1939 2797 2092 237 1215 651 30 1815 2675 1167 2758 527 1629 718 1622 1549 264 2455 1807 2835 342 991 1530 1341 1607 741 1294 2185 1264 1509 2771 414
000243.jpg,767 277 1938 1443 1833 2686 889 1747 2496 2702 2532 1989 211 1460 369 1753 2777 1125 2478 2772 2077 2315 70 2510 315 2302 951 1980 1759 1165 2757 431 1834 2818 2685 2561 1557 2 191 2015 1252 2663 18 1390 1842 1035 2622 1839 2323 1333 2624 63 2022 990 297 601 103 1845 500 714 126 980 688 803 2245 20 374 1884 2620 1047 1023 988 2098 1793 1593 1801 1235 461 1080 1413 1137 1767 36 395 1019 898 1263 167 1952 149 1323 1423 997 401 733 193 2829 1511 824 1188
000244.jpg,2352 194 1051 1218 1948 1261 2272 1096 1416 1496 2556 2628 64 1569 439 562 48 1640 2721 100 715 2815 305 51 1965 1796 1860 1316 2034 155 1584 1636 2650 1658 2545 1381 1993 1544 2836 2767 1782 2439 2241 2837 1490 169 201 2631 1649 2433 1840 2713 1453 747 2707 1444 1054 947 2376 1617 1328 440 1663 1045 1679 2050 1623 2130 712 2309 2289 1586 645 2755 2023 497 445 1552 2840 518 735 1422 161 2045 2011 319 563 550 134 2732 2088 1362 1895 1029 258 2649 197 260 231 433
000245.jpg,1946 1005 2746 2290 2299 2730 2364 112 2151 2788 1243 593 1794 544 749 1670 673 1783 1131 1068 2549 1311 1379 1110 1966 410 434 730 568 2843 365 605 1498 1968 1040 821 811 2377 435 870 1466 2830 338 336 1079 535 2095 1527 883 1020 2560 1309 1581 2516 253 2196 2697 610 855 1325 2417 2251 257 678 1526 1573 709 1442 937 1511 94 1871 2680 2243 717 1142 2005 1969 2519 1731 1850 2087 1779 881 1138 1634 800 2613 2219 1424 2145 774 1913 2492 1992 1094 1455 1133 392 1385
000246.jpg,419 96 2554 333 2153 894 1632 834 309 1927 856 1217 761 106 1363 189 752 924 2555 2060 1727 1032 2058 1703 1487 2317 1288 2751 2216 1277 1044 2249 2567 1214 1013 499 1801 465 22 2079 1171 2841 2823 785 2197 2277 2591 1907 957 2160 1987 1471 1336 1394 1865 861 1365 1631 2110 1093 2109 2571 744 545 1035 1892 576 1749 2141 2114 783 2547 1139 540 2526 2230 1931 2502 214 815 1889 529 468 448 490 1300 2263 2644 2623 63 898 2111 1605 1315 953 1685 2022 897 396 240
000247.jpg,2656 2149 1693 1786 1971 751 2016 1257 1106 310 2827 1451 1559 983 1743 2129 596 695 2441 1176 1535 1593 2190 1361 95 2000 132 2787 832 76 1346 1773 2111 2745 1795 1856 1513 1357 2542 824 2202 2547 2540 576 88 1847 954 1476 149 1685 1343 1914 1353 2700 1760 182 1298 1004 1333 2112 1846 2737 1161 2785 1712 617 1900 364 2040 1091 766 989 2242 39 2238 2504 1672 436 63 2288 1207 803 2381 215 1434 581 949 328 789 1999 341 251 1137 962 1230 737 1019 926 572 2114
000248.jpg,79 2665 1067 722 2068 2511 1547 246 2305 1134 97 350 2842 116 1212 2135 1463 204 2041 2741 137 1935 899 1606 2294 1055 1868 725 2580 686 1944 2728 442 1452 692 140 2719 12 2292 508 657 2766 1006 165 1841 2319 1130 2736 1076 2583 2558 67 494 447 2506 790 1962 1825 2117 362 677 2207 1126 1473 1300 1810 1801 1474 1986 359 1940 761 2055 2296 1088 2535 1998 1886 2708 1881 1075 745 627 443 792 2787 1892 2258 1308 2809 1931 1394 2509 680 401 988 1056 2772 2829 2589
000249.jpg,2471 990 502 1235 2601 1845 2624 103 297 688 1323 126 768 1186 848 903 2276 522 1830 1340 578 2314 284 702 1114 931 1908 1767 1391 1413 1608 1107 2388 65 1720 1821 684 2667 250 1310 1512 1975 835 1254 767 277 2302 1839 2478 1165 1753 2323 2077 1035 1125 395 2772 2777 962 191 431 315 1759 973 251 1723 2510 2644 2561 1570 1232 1557 18 298 374 1605 1798 2620 1916 2315 951 1397 1834 2757 803 614 1938 2706 2502 2759 70 2015 581 475 1137 420 690 304 1537 2022
000250.jpg,392 301 2331 1419 773 519 2763 1385 2145 406 1779 1992 2102 742 1007 1707 1894 1526 1871 1442 186 937 1645 1511 1969 1138 2613 1527 2516 1325 535 2377 1800 2318 1455 1200 1731 257 253 2341 1387 336 2420 1131 338 2303 605 796 1267 568 1783 1682 709 2219 1516 2243 730 248 1479 1794 1659 2593 1498 2264 94 1309 1020 2132 205 2030 167 2299 1142 870 1425 1581 2245 1205 610 1057 855 2560 2519 1184 946 1263 1077 2573 630 544 1243 678 1380 882 1718 2087 1850 365 435 1548
000251.jpg,2531 241 2565 1011 2142 1503 1875 495 1843 1024 131 2285 268 452 1274 2693 290 53 653 840 799 1127 1039 726 2765 467 999 2715 89 389 31 464 331 1706 758 1022 1097 1293 580 159 927 2687 1568 2634 1262 1789 2470 326 1932 1143 2232 455 1831 1822 1813 408 430 324 1281 655 1655 1378 1923 822 1062 418 806 1282 1118 2698 456 2137 1026 1275 484 1635 1273 1929 2053 780 390 1475 2236 1730 2062 49 788 1124 2465 2505 2059 129 295 125 2301 1662 1037 296 1481 1787
000252.jpg,2769 348 1870 26 2454 925 2649 480 1369 179 2538 2714 712 550 2050 1417 2130 735 1788 1045 860 440 1422 1489 518 1710 1701 1617 2241 1993 2840 197 2011 51 2289 1328 1840 445 463 433 305 2375 562 2650 155 645 161 260 1663 169 1640 1552 2088 1782 1029 64 2721 1172 2837 259 2836 1444 2707 2439 2631 1569 1544 439 2826 1895 947 1649 1983 1796 1624 900 1679 1623 1656 563 1146 1752 2767 2544 1658 48 2044 1054 1381 2082 715 1636 1934 2817 611 556 168 100 817 2397
000253.jpg,2798 729 2629 2539 1429 2428 2221 2031 2640 2120 1070 2578 377 828 964 2038 865 933 1668 2602 672 2828 1374 2520 1266 2808 1399 358 1952 2671 1329 640 1337 2210 2335 2083 1754 13 1272 1038 2421 1910 1249 1764 2570 1949 2839 323 1041 2795 1049 2047 2786 56 979 2032 1189 698 2227 370 536 1255 340 176 571 121 1477 932 955 2451 986 2668 123 1033 289 2572 1431 569 2384 2678 2317 1449 36 988 2090 1757 193 2387 432 1065 1562 1521 680 21 669 306 476 1686 554 1256
000254.jpg,431 2510 70 1035 1839 2561 1753 1125 1759 2777 2772 2077 2478 2757 191 315 1390 1165 2622 1557 1252 2302 18 1834 2663 2 951 601 1842 2818 2015 1801 1938 767 2686 1833 1443 2644 1747 2323 889 395 1075 2315 277 2685 1394 2277 1976 461 1501 962 1986 72 1263 529 783 1798 1219 2161 1906 309 2702 2249 915 1197 2496 1423 677 944 2829 1884 1267 128 2661 1548 856 1333 2532 400 417 980 2577 531 156 1207 1810 1980 597 792 2089 1931 634 2296 576 2299 1310 1114 898 1892
000255.jpg,2550 1507 1669 2019 575 2754 1104 107 834 1177 2604 2641 2414 2555 55 333 1691 1727 728 2176 1194 397 1044 761 2058 2080 1482 1277 309 856 1523 2317 2249 2383 2695 441 1646 1244 2254 863 1267 2233 924 457 1217 393 1734 1487 2360 373 1729 1620 1450 1144 1363 1879 845 2136 1353 2216 2192 603 2234 2630 897 1550 1028 1990 1801 584 2159 1456 2395 2699 2591 339 2547 2489 2623 1019 1321 1621 20 488 830 1032 2752 1093 462 1322 2129 2293 394 905 1749 1066 2277 1016 1517 2167
000256.jpg,2551 2018 2008 764 719 2146 2284 1289 247 190 1493 1577 1534 914 1157 1128 35 1351 723 1915 1204 212 604 1997 2824 615 2487 1121 2582 2209 549 1403 2485 1359 58 303 539 2585 2204 153 874 1247 812 2110 2718 1347 664 1772 450 516 862 2165 1751 206 632 343 2453 490 2603 2658 2019 2405 1482 1566 1791 1136 2080 2550 652 1595 2426 107 1583 1669 2254 2754 2003 1691 2252 624 2170 703 1762 2067 1507 1226 1066 55 1474 2225 1211 1368 2449 2325 1651 2416 204 488 995 7
000257.jpg,2502 2152 84 941 1605 214 1139 2348 1602 1866 909 2841 1953 2706 244 2141 1696 1365 2677 1171 924 2115 815 1616 1987 2109 2567 629 2751 744 1214 22 1371 2623 2572 106 1280 1525 1084 1661 609 398 2263 1113 1927 2203 2726 1198 1477 189 2162 1184 183 1032 2303 2060 2678 957 509 2030 117 96 2404 594 454 1199 40 851 2457 1659 1738 621 2448 1632 953 2554 298 270 2179 1487 844 419 1960 1570 1979 2494 167 420 171 510 1726 1283 1502 275 2197 2768 1458 481 1364 894
000258.jpg,645 2011 1029 445 2840 197 463 1054 433 1679 1623 1649 1328 1253 1552 2289 2375 1663 1444 947 2707 2767 2735 1895 161 2650 2836 169 2837 1544 134 1782 2439 769 440 2050 2130 1658 1045 51 2241 735 1617 1422 1993 2631 2628 1381 319 173 550 1218 2482 2088 950 1261 2287 562 1640 965 1775 1788 712 1202 2352 259 613 179 1496 305 2133 622 194 1320 1172 826 2538 1948 2676 155 439 2626 258 1584 2724 1840 178 2272 2649 2084 2454 64 2714 2477 2732 2069 2076 900 266 860
000259.jpg,645 1029 445 2011 2840 1552 463 518 2538 197 2289 1253 433 2375 2769 2631 2050 2454 2649 735 550 712 134 2130 1623 440 1054 2650 1895 259 2735 348 480 1328 1649 1045 1870 1679 2714 26 1369 1993 1422 1617 925 51 2707 2241 1788 161 179 155 2544 1840 305 947 1444 1640 319 1663 562 1417 169 2088 1782 635 2836 2837 439 2287 659 168 2133 2044 769 1544 965 64 2076 547 563 260 611 1381 1172 2482 1658 1878 2439 2082 1208 1569 1983 1636 556 987 2721 1319 2419 2676
000260.jpg,2044 85 2411 2501 1656 1934 2528 1644 312 2832 1624 2790 987 611 2817 1102 635 1319 1405 188 1926 943 221 817 2300 1407 556 547 2082 1386 2270 1422 463 1617 550 2670 712 2544 2574 2397 259 1796 1983 1993 1092 2800 562 2419 1029 2344 74 2307 4 2837 1428 2724 2045 1045 1190 64 826 1552 2545 2454 1208 1158 2564 2631 1414 283 1782 305 2050 2676 2358 2007 1569 1788 439 606 2836 100 2011 2721 2755 1369 197 1848 2652 2076 2130 1146 219 2289 2133 1328 51 1640 2424 2649
000261.jpg,1436 1305 850 1504 222 2512 1790 2218 2071 1052 935 2096 1933 2355 836 2691 2750 1098 2645 2362 1321 2156 1638 2201 1709 2432 2450 2342 897 1806 1736 755 1621 144 2593 796 1911 2452 2627 2446 599 2537 630 1671 8 443 586 612 2449 1090 745 1006 666 325 1047 141 2642 1661 2535 396 2317 205 1082 1183 1763 1474 1308 1023 453 1447 2098 2167 2747 2823 894 281 2554 1469 419 16 1927 2420 1145 477 2194 1757 2249 1380 2261 986 1632 629 2163 461 1227 96 459 661 476 37
000262.jpg,257 937 1138 1731 1385 1779 1871 406 2145 1894 1645 2613 742 535 1527 2377 519 773 1800 1007 1992 2763 2102 1516 1707 1526 186 1455 288 605 2843 1442 811 1969 410 1511 2331 2516 2341 1325 2219 253 365 709 248 336 392 1040 434 544 1498 1424 648 610 1419 1110 1131 301 1068 1309 1079 94 749 1946 2609 2830 2549 821 1133 568 435 1718 2788 338 2560 1634 112 1783 1020 678 1311 1966 883 2364 1005 730 2299 2730 2290 1379 1466 673 870 1794 1581 2151 1142 717 1495 2746
000263.jpg,1083 1702 2643 732 181 759 620 1797 1260 582 6 546 1221 2313 468 1882 2807 636 1318 285 2476 1858 807 2278 1536 2425 1188 661 42 1768 2048 2261 2194 2761 2168 476 1697 829 1227 956 1153 669 922 1865 40 2816 1761 2043 1603 820 2171 229 1560 1283 2720 2678 1726 2263 1199 2386 1541 45 270 2810 2522 2153 1064 644 2056 894 1763 1960 1891 1251 1108 1596 396 2562 2688 1364 1696 1723 2823 2760 2498 411 2111 281 762 387 1456 586 1880 1856 2627 1610 1525 37 2831 2608
000264.jpg,2769 2538 348 1870 26 2454 2649 925 480 1369 518 179 2714 1788 550 712 2050 2130 1417 1422 735 2631 1045 440 860 1617 259 1710 1701 1172 562 1552 2088 2289 2721 305 1993 260 433 2840 161 1895 2650 2375 1092 1190 1489 445 2574 168 2544 1640 2676 1983 51 1901 2148 2241 2826 2724 1208 64 977 1328 1453 1569 1878 2358 197 463 524 219 439 622 2011 563 134 645 2337 100 635 2309 2670 1840 201 2652 2707 155 178 715 1490 2200 2564 2800 2397 2424 2307 1029 659 611
000265.jpg,1946 2843 1778 416 105 883 2516 2394 257 11 1325 937 1526 2549 1511 749 2788 673 1005 1442 2290 1731 434 2730 2299 1871 544 2364 1969 593 2746 1966 2145 1670 1138 406 1779 1783 365 1455 1068 1498 1794 112 605 336 2377 1243 2196 1309 1131 1311 2151 435 568 1110 535 1040 662 2064 855 2560 2219 1527 410 7 1385 1968 921 821 2559 2005 253 2613 1133 2697 2251 1379 1384 664 2102 2416 2341 875 2331 1002 1142 94 730 1020 1516 2417 1581 186 852 2458 2830 2519 942 1992
000266.jpg,84 2152 2502 941 1605 1139 909 2348 214 2706 1866 2841 1602 1953 244 2141 1696 2677 1371 1525 1987 1280 815 629 2572 2623 924 2115 1616 2263 1198 1084 2678 1171 2109 106 1365 298 1659 744 2303 2203 2567 1113 1184 1570 1960 2751 22 40 1979 117 1927 1726 1205 1661 1214 621 6 327 594 1032 2494 189 275 2179 96 2554 419 1502 183 2831 2060 1738 894 2030 1632 2153 2705 851 171 2448 1537 1687 609 167 2726 398 2162 973 1199 1364 1488 2404 1251 1603 690 510 420 45
000267.jpg,126 688 578 1845 2624 1186 2276 1323 1340 1235 1767 103 2314 297 1391 522 2471 990 2601 1413 502 768 1608 2388 848 2667 903 1114 931 1830 702 1821 684 1720 1908 1107 250 65 284 1975 1310 1512 1254 835 767 2302 315 2323 1839 2663 1165 2 277 1557 1759 1035 2622 2315 601 973 1390 249 18 2757 1406 962 2772 395 1833 1012 1753 951 1938 191 1263 1798 2077 2777 1166 67 1810 676 1989 2015 2561 1053 2478 1125 1252 1834 298 750 2685 1443 1334 1603 1144 334 2620 2644
000268.jpg,1506 1780 1141 2070 383 252 858 1598 1356 1505 1168 1299 113 625 2311 1435 1829 679 1216 1248 525 1140 455 216 2669 245 2279 49 654 61 2232 1924 2137 192 1127 1262 225 822 1781 2025 1273 207 1282 1787 408 1124 2794 2396 33 2470 2698 2164 2280 139 1568 27 1472 239 1274 1612 296 2173 356 1918 838 2053 1692 209 2316 1037 2091 2742 331 726 2062 2017 799 655 1024 2765 344 464 653 1503 1706 618 1293 1097 1026 2467 200 1500 2690 643 1875 2531 1143 268 131 1021
000269.jpg,1773 1513 1795 2016 1847 1693 1535 310 2827 2129 1743 983 1593 2149 1176 1161 596 2441 2190 695 2656 832 95 132 1346 2111 751 1971 1786 1856 2745 2202 1914 2547 824 2700 88 576 1476 2785 1672 1257 1106 1353 1178 1451 1559 1749 2540 2437 2784 1990 291 1846 1361 2542 2787 1836 2000 1343 76 789 1224 617 240 483 1883 1713 766 1714 1357 1116 465 1685 34 2422 1300 954 1900 646 364 1999 2238 1091 2112 251 149 2242 1298 2737 2504 328 1004 63 182 989 2040 2317 1333 803
000270.jpg,1145 2098 612 2747 1047 1023 141 1976 2055 477 461 1872 1436 401 453 2163 1504 222 760 99 2218 1163 1628 981 2679 174 2775 755 1903 2071 1415 595 177 2829 1806 2122 2691 1638 823 1085 2636 399 1510 2009 2362 1933 816 1790 2512 72 2655 208 1736 1717 437 1233 164 694 2587 2450 2645 2342 1052 380 1160 850 156 1784 1599 73 2074 1321 1305 731 2355 460 2274 1241 836 1098 2469 2126 2750 172 935 1688 2201 2722 2096 2156 2432 2577 1808 1188 2452 1709 411 1404 2003 1089
000271.jpg,1749 483 2555 240 1353 2784 1300 789 1727 2058 576 1672 1277 16 1801 2277 1883 465 376 834 1836 1483 2579 2437 2547 44 1447 529 824 2249 1469 2644 646 395 1394 1513 1161 291 1304 1178 95 1593 2202 1476 540 251 962 596 2190 132 1176 1743 1847 545 2540 2745 1091 1773 374 2317 761 2441 1427 2000 1990 2381 1856 766 88 1914 1795 695 1900 2054 1996 1230 60 1559 2288 777 2785 926 1804 983 2504 581 2238 2759 2700 341 572 1451 2323 215 1361 1057 39 2827 1180 564
000272.jpg,455 1262 2137 822 2232 1568 2470 1140 1829 1216 799 1124 1924 464 1273 1706 927 726 1831 2053 1789 2715 2279 1299 1168 1037 580 1655 159 1918 113 31 1293 1097 326 1024 1503 1011 268 2531 1932 1475 2698 2236 2693 1506 290 452 1635 999 131 1143 2687 1822 1297 2142 314 1281 1612 390 653 758 1692 1755 2765 1967 89 418 2285 1050 1875 129 1062 805 1756 331 1715 241 1022 1395 456 2062 389 467 295 1780 1317 1039 2634 125 1472 2806 1303 1118 501 324 2611 840 1923 391
000273.jpg,1663 1617 1045 947 1444 1328 712 1422 2241 1993 2707 2836 1679 1782 2130 2050 169 1623 735 2837 2454 1369 1054 440 1489 550 51 179 1649 2649 1710 1417 2011 2767 860 1381 1658 197 1544 2840 480 1870 26 305 2289 925 155 463 445 2439 1552 1640 2714 900 1701 348 1796 221 2769 562 635 645 518 1934 260 1405 2832 2631 1029 312 943 134 1486 1569 2790 1102 1656 563 1437 2817 2133 433 2082 1407 1926 1788 2411 2300 556 2538 1624 817 2628 2826 2721 2528 188 439 64 85
000274.jpg,70 1753 1125 2777 2772 2077 2478 2510 2561 431 1759 2757 1035 1839 1252 2015 191 18 1842 1834 951 2663 315 2 2818 1390 2622 1165 601 2302 1557 2161 767 277 1938 2702 2315 990 1443 2685 2686 1747 2323 889 1833 502 1980 1075 522 2496 962 297 1235 2644 529 1908 1801 2667 2601 1114 2471 1810 2759 284 103 1798 395 2242 2509 2624 688 1334 2000 1845 202 1353 578 581 1207 249 789 702 1323 853 1333 1767 1310 65 1989 768 1413 2699 2532 2276 126 1511 2504 684 1830 931
000275.jpg,850 1790 1436 935 2096 1933 2071 836 1052 2645 2355 2750 1504 1305 222 1098 2156 1321 2512 2691 2201 2218 1709 2432 2362 1638 2450 897 1736 2342 755 1806 1621 2593 630 796 2446 599 1911 2627 144 2452 2420 666 612 2537 2642 396 1006 1308 1082 443 1145 1090 1047 586 1023 1380 2098 141 2167 1387 2449 453 1697 1763 2317 2747 73 1682 459 2679 1903 1085 320 2249 2829 2268 461 761 2318 177 2555 2535 1200 2074 37 281 2122 2163 922 1183 1628 946 399 834 99 477 1456 2058
000276.jpg,1145 2747 1047 2098 612 1023 141 2055 1976 2636 72 1163 2009 401 172 2775 1415 2679 453 460 2722 174 177 477 1903 2829 2163 156 2122 164 694 1784 1628 461 1085 816 2577 1241 2274 1872 99 760 981 1688 595 823 1510 1089 1808 399 208 2655 2587 1233 380 2452 437 1717 1160 1100 1155 731 1404 2469 2074 2126 73 1599 2537 144 1906 2642 1436 599 1504 755 2218 666 222 1881 2841 2355 2003 1661 1638 2446 2691 1321 1757 1139 2449 1214 2589 1232 1098 1933 40 1839 2216 1250
000277.jpg,2551 2018 764 2284 2146 2008 719 1289 247 1493 914 190 35 1534 1351 1128 1577 1157 723 1204 615 1359 2487 1915 2582 2824 2585 1121 1997 2209 303 212 1403 539 2485 604 874 812 549 153 450 1772 1347 58 664 1247 2204 2110 2165 2718 632 2453 516 862 343 2603 1751 1136 490 2793 2734 1583 2361 206 2536 66 2405 871 14 873 1762 1633 2555 1595 7 1087 2426 2019 1745 545 652 1674 2353 1246 311 1791 1958 2252 2067 1210 2254 2242 1970 630 1963 1801 2317 930 2434 2550
000278.jpg,2844 2833 2139 2092 299 969 2371 1982 352 264 2576 1539 1549 2797 2269 1122 2801 2484 837 2455 667 2063 428 1814 1925 1619 1009 1815 1589 2776 1571 2100 2460 2363 1242 2524 1349 1366 879 1025 1863 1215 557 2731 1684 2473 1514 46 1816 273 642 2185 17 1622 2175 1129 2486 2226 2385 1735 846 2338 2529 2138 741 267 2584 2607 1660 2104 600 1338 2298 1480 961 262 2633 1159 888 1411 867 1238 143 2431 349 2517 958 2444 2223 1698 810 1994 386 573 317 2619 1509 641 2710 551
000279.jpg,1583 998 2792 1791 517 118 919 2252 567 2065 382 778 2778 1769 952 1354 227 1970 2225 808 916 982 930 928 2711 1657 1063 2729 1854 763 1531 2682 1470 2328 2042 1179 2491 887 1977 1651 2379 1851 1579 114 1578 841 748 1211 2310 2793 9 2723 639 945 7 2349 1667 819 975 2647 875 2575 1770 923 2416 1210 311 2304 1920 579 1585 1271 2559 2361 528 515 2658 151 2551 764 1368 25 1239 1879 1367 871 2618 2026 2459 2081 566 1209 247 2067 513 2097 1154 2008 512 1963
000280.jpg,1635 1967 390 1050 1715 331 1097 1293 314 580 999 159 655 726 326 1822 1143 2715 1648 31 1755 1118 2406 430 2062 2053 1124 805 1011 1037 2236 1140 1475 1756 1692 1317 2765 1297 1273 1187 1024 1395 799 1216 1026 89 478 2505 2465 1829 1378 927 2531 464 1706 2301 2698 1789 1918 1831 2407 1503 1568 2687 1655 758 484 1274 936 363 467 1662 1022 1262 1472 452 786 389 108 1018 782 1730 1275 1647 1008 455 2470 346 2806 1921 628 2402 125 2059 1929 2634 1039 2821 2611 471
000281.jpg,924 37 2677 1487 922 629 1763 1082 586 1308 1090 2841 443 1006 1462 953 1891 1697 1456 1916 650 2359 1471 122 2666 1723 475 2346 1703 1363 1188 2535 411 2167 2268 281 459 325 1288 1284 2573 2706 1474 2816 2216 2043 1371 1153 745 423 2249 761 275 298 1139 285 167 986 1661 327 1205 2222 1659 882 2449 334 1537 1570 84 2572 396 750 1221 1605 123 1250 2483 1525 1603 1541 1380 2171 946 2494 796 1882 2810 594 941 1687 2554 2179 2502 820 1184 546 1757 6 1073 973
000282.jpg,2545 2034 1796 100 1569 715 1584 48 64 2721 439 1640 2023 2713 562 2433 305 2755 2045 747 51 155 1490 2376 1860 2650 2309 770 1496 2556 1453 2272 1993 201 258 1096 2631 1948 1416 1316 1636 2815 2352 1658 1381 1051 712 1320 1901 563 1617 2289 2836 1965 2241 1782 1218 2050 1840 260 2628 1544 194 2439 2130 168 1045 2088 2837 2826 550 1417 440 169 1422 2649 1407 2454 1369 1261 947 860 735 1870 26 134 1328 518 2714 2538 1624 1029 1444 433 179 197 817 659 463 1878
000283.jpg,982 1470 887 2225 763 2065 1531 2328 1179 1791 2491 748 1977 819 1578 1667 1211 1651 2682 2252 808 1585 916 1063 2042 118 2575 639 2792 1769 2647 2778 841 2310 945 567 227 1579 1354 919 930 952 2723 1920 114 928 1770 311 1851 9 2097 1210 2349 875 2793 1583 2416 7 998 2304 975 2658 923 1657 528 1854 517 579 2729 2379 25 2459 2711 2559 1154 1271 1367 2488 1209 382 2618 151 778 566 513 2026 1239 492 512 1368 1528 515 1970 1058 1981 1566 1301 2140 446 530
000284.jpg,830 1450 1732 1678 603 2275 1646 1620 863 1147 2518 339 1244 1120 1805 393 1073 775 2136 2586 357 2780 1611 2019 2621 794 462 960 1169 2733 1517 1626 2701 2368 2447 2329 2080 1016 279 1482 2651 818 693 2754 2630 2684 2383 2297 2395 845 584 1523 2347 2695 1691 373 441 2211 1832 1372 2020 575 2254 457 1382 2345 2192 1734 876 2233 2637 2605 1014 1192 2106 1195 2804 1259 469 2525 404 2805 1748 2240 102 1410 1459 1959 187 10 2166 371 1507 2550 321 379 1609 2802 2748 676
000285.jpg,1512 65 1254 1310 1107 835 702 1830 284 931 1908 1114 903 2388 848 768 1340 1767 1608 1720 1821 250 1975 2471 2601 684 578 502 990 1845 1235 2624 126 297 103 2276 1323 688 522 1186 2314 1391 1413 2667 767 1277 834 2058 309 2555 333 2571 1015 1035 277 1839 1286 2510 2831 856 2079 1300 431 1844 1940 2197 400 1801 1620 2167 1013 2644 2661 677 205 1727 581 2496 2579 395 2705 1353 1456 2277 827 973 997 2080 2216 2401 1336 37 1285 204 980 1753 298 448 1749 1217
000286.jpg,1752 1545 1146 2389 59 312 2832 987 1102 1405 635 4 1934 2501 1624 85 2411 1644 2790 221 2528 1656 1202 943 556 1407 626 1926 2817 2300 2082 2044 817 2270 1737 1386 188 2367 2069 826 547 283 611 613 950 1422 2556 1617 1319 266 2477 712 1799 2840 1328 550 2714 1045 1993 463 1316 735 2050 440 2011 2454 445 2837 169 2631 480 1029 1552 2133 1983 947 2241 1663 1444 860 1190 1623 2544 2289 305 2574 433 900 1369 2130 2312 1782 2424 2836 2707 2375 2649 179 1796 2515
000287.jpg,1836 2437 1672 1749 1057 44 1483 16 1447 1990 1469 291 1593 2700 376 1178 2317 1914 576 2785 1535 832 824 1224 2202 1116 2547 2745 95 1727 1714 1856 1476 1713 2129 1353 483 2190 88 2058 2555 2784 1300 683 47 1346 1161 132 1743 596 1838 2441 1513 1773 2249 1176 751 2180 1693 983 269 1795 240 1277 789 695 834 2827 2000 761 1304 2016 2523 1559 2422 2656 2296 1103 1091 1451 2149 310 1180 1449 60 777 1847 230 792 2111 1106 2288 1786 1883 1996 2787 83 34 1361 646
000288.jpg,783 949 1093 1343 617 2737 1103 940 2112 1004 1999 1856 1434 2111 1561 75 1914 2441 198 2785 1683 2827 1304 2497 983 2202 2242 596 1898 407 310 95 540 2542 60 2190 2745 695 1743 1298 88 132 1176 2547 1535 2413 1476 1846 824 1693 341 2238 766 2295 1091 576 328 558 2489 1773 832 1996 2016 2129 2317 135 1334 2759 364 1230 2323 777 2644 2422 1795 291 2656 1513 2504 63 1116 182 149 1749 2022 1631 2180 1713 1161 1346 1714 395 2149 529 803 1333 1224 898 1593 1672
000289.jpg,1944 1055 2294 2728 2207 725 165 1056 2558 2766 447 2825 1825 2741 1212 137 2135 494 692 1940 2057 899 2435 1130 116 204 686 1606 2291 2719 1986 2842 2580 1899 574 1126 2292 2736 2305 2319 97 2248 1223 1874 657 1067 442 1463 1547 2813 1452 2511 1937 2382 1841 2068 1076 146 1464 1639 2041 1473 1777 2258 1935 647 2708 1185 140 1868 12 79 246 2286 722 2809 677 790 1721 948 2506 627 1134 2665 2393 249 2683 974 1962 2639 1408 2438 1810 1012 1876 362 1942 1001 2121 2350
000290.jpg,2526 2183 482 2220 1931 574 1439 2291 939 2704 1433 2089 2427 2445 255 2057 217 1223 1874 1330 2051 494 2683 2435 2639 647 1088 1899 657 637 598 2308 2712 521 619 146 531 368 1725 2657 2499 2719 677 444 2617 1555 1408 508 1677 2438 271 790 2440 1942 994 864 1998 608 682 1892 1771 2625 692 2037 2292 274 526 1592 491 686 2319 1639 447 2708 1962 2589 2813 2393 1185 725 2569 1937 1721 944 2475 974 1876 1473 12 1777 2580 2728 1881 128 136 1501 2506 329 2809 1055
000291.jpg,1944 1055 2728 2294 2207 725 165 2558 1056 2766 447 1825 2825 692 2741 1130 1212 2135 1940 137 1126 2292 2719 899 1986 2736 2319 116 204 1606 442 2842 2057 2305 494 2435 2291 1899 686 1463 97 2580 2506 1841 574 2041 2511 1547 1067 790 1874 1935 246 1223 2248 2258 1134 146 2068 657 1962 2813 647 1452 722 362 1076 79 2286 2665 1937 2708 1777 140 2382 1868 2683 1639 1185 1464 2639 249 2350 1721 2121 329 2393 2324 1001 804 948 1473 898 1408 1012 627 1810 1998 1590 1439
000292.jpg,1933 1790 2071 2156 1098 1321 1709 2096 2645 935 2750 836 2201 2432 897 2355 1638 1052 2450 2342 850 1436 1806 1736 2691 755 2823 1504 222 1305 2512 2362 2218 1865 2627 1621 630 796 1911 2593 396 1456 752 2313 1227 122 1153 1188 1761 2449 1284 1661 2318 829 1858 2194 922 1697 1044 1090 2030 443 468 586 372 8 2535 629 1082 1449 2420 411 1267 1308 1995 1006 745 115 1763 2791 325 448 661 1560 1015 281 1474 2261 2296 350 2425 856 1556 1671 167 413 1625 2446 2222 1286
000293.jpg,1689 213 2024 426 2408 2638 707 1728 757 1597 2430 2143 24 558 634 754 1719 2354 1804 2413 2295 135 967 2756 1849 184 2320 1478 1533 1269 1448 1231 520 2566 853 1265 1149 1945 2533 232 2472 2615 1722 19 80 1296 424 293 119 1867 1529 1383 29 2390 2021 286 1312 540 739 2172 1984 2235 1394 783 1733 1631 91 792 2224 2725 2673 1801 1093 376 1469 473 498 1326 2277 2464 1447 2124 1228 2366 1889 2014 2744 1839 2112 1298 1766 2111 761 752 983 2508 2404 957 898 1019
000294.jpg,705 2689 2365 2534 81 2370 2119 2527 849 2181 587 2716 2500 2479 2283 2819 175 458 2552 152 523 505 847 1827 313 1741 1896 734 1339 1532 28 972 1563 2557 2674 238 2177 2250 2191 696 1376 2228 2681 92 671 330 120 2099 1704 2193 1335 1111 1010 1873 602 1680 2052 1708 2592 2322 2144 968 1117 740 354 1314 1332 2742 68 1746 2764 2237 890 503 633 129 131 1955 1917 553 780 1831 1109 2789 2799 772 2265 1062 711 268 501 1182 324 2244 2715 2306 532 125 1293 452
000295.jpg,2471 2601 990 502 1845 1235 2624 103 297 688 1323 768 126 848 903 1830 1340 1114 702 284 931 522 1186 1908 1767 2276 578 1107 1608 2388 2314 1391 65 1413 1720 1821 1310 1512 684 250 2667 835 1254 1975 767 1839 2302 277 1165 2323 1035 431 1753 1759 18 2510 395 315 2478 2077 962 1125 1232 2757 2644 1834 2772 2777 1390 1938 2561 601 1798 1842 191 1557 70 973 2 951 1570 2509 251 2622 1810 1397 2015 298 2663 1207 249 2315 2496 1252 2759 1605 1558 2620 374 1916
000296.jpg,1879 2093 394 1906 2357 607 2140 1518 451 1981 1058 2392 1567 1237 2796 1301 631 1017 2049 1290 1604 446 530 1909 984 2282 2596 1613 1119 2660 662 1002 1978 1676 2543 1495 921 966 1384 2262 1621 2064 908 2458 2085 1331 1894 1673 1614 1239 852 942 1645 1145 1705 2696 1566 320 1479 2600 1200 1546 2609 186 1516 2257 997 2657 519 337 729 742 897 2786 255 355 1367 2089 1742 1330 487 1406 664 1455 2640 2111 301 1197 1368 1800 773 2318 2387 2488 1681 2747 1904 1105 637 678
000297.jpg,1617 1422 1045 1993 1710 712 2241 1489 550 197 2130 1663 2050 1417 463 2840 440 1701 2454 735 2375 1788 2011 445 860 1328 433 2649 2289 179 1369 480 1444 2836 947 1782 2769 2707 348 1679 2631 1552 518 900 1870 26 51 169 1623 925 134 1029 2538 2714 1934 489 1656 312 635 2832 221 2837 1624 2817 2397 1102 817 1658 1381 1405 305 645 2790 1926 943 155 556 2082 987 188 1386 2411 970 2270 977 1407 1983 1640 1895 562 259 1054 2826 2574 1840 2767 2515 611 2133 1544
000298.jpg,536 121 988 193 569 2090 1132 1588 680 1431 36 1268 2333 2117 733 500 1886 866 1793 901 802 142 429 1492 2217 1553 2415 2078 1499 1699 1430 555 2786 2029 2668 1256 176 1033 2267 427 1562 2568 878 1890 340 1065 1053 571 2227 554 332 597 868 2743 1418 1393 2380 1888 1686 417 886 2108 1236 979 21 289 2384 743 432 62 199 681 323 729 2578 1329 1398 302 1038 2451 361 2335 2839 2423 2671 2798 2421 1910 1764 377 1049 78 1249 2829 1374 893 2055 1272 2221 933
000299.jpg,2044 2411 1656 2501 2528 1644 1934 2790 85 1102 2817 1624 312 2832 635 1405 943 221 1926 817 2300 987 1407 188 611 1319 556 2082 2270 547 1386 826 1422 712 1092 1983 1617 259 2574 283 2397 1752 1552 1146 4 1993 1208 2670 2069 550 2454 2544 1796 1045 2676 2800 1788 2631 2344 1190 1202 1029 2011 2538 2724 463 480 2837 1737 2050 2241 562 2707 1328 2133 977 1428 74 1414 2721 2307 305 2836 613 2840 1782 2419 266 2649 445 1369 900 2652 169 518 2424 947 2564 2289 51
000300.jpg,1710 1489 1417 1701 1663 860 1617 1045 712 947 1328 2050 2836 2130 1422 1369 1782 1788 2649 1444 2241 2454 1870 197 1679 735 26 550 1993 440 925 179 169 2837 2707 2289 2817 2011 1381 817 348 2790 1644 1623 1658 463 433 1054 221 2528 1407 2767 1624 1656 480 2375 1649 2840 943 2538 2714 1926 2300 2769 1102 445 1544 51 2832 1405 1934 1029 2411 900 1218 635 1569 312 2631 1796 1545 489 2397 305 2082 611 1552 1640 2439 2424 562 1319 2045 64 1437 1092 518 1208 188 556
000301.jpg,2049 631 2282 530 1518 446 2140 1290 1301 1604 2796 1237 1981 1058 1567 607 451 921 1909 2064 1613 662 2596 1017 1384 2257 966 2696 2660 1673 984 394 1331 2093 1614 813 2392 1742 1396 1554 1105 2458 243 1370 355 1879 337 942 487 2085 2543 1681 1002 1705 2782 660 2600 710 542 1978 54 1495 1739 1893 2259 360 908 1853 2664 2369 1000 1119 50 2251 2519 2005 2243 800 1695 678 2087 2357 1850 1142 2006 1791 2697 1676 1094 1174 2262 1581 1466 1913 2560 400 2417 311 528 2196
000302.jpg,1507 2019 2550 2754 1669 575 1104 2080 1482 1691 2641 107 1177 55 1646 2414 2604 603 830 1450 2176 1620 863 2383 393 1523 728 1194 1244 1147 1120 2275 2136 1678 339 462 397 441 1732 2695 1016 2555 845 2395 834 2058 2733 584 2518 1727 1805 357 373 1517 2630 775 2780 240 2247 1277 333 2586 309 2317 1169 2254 2422 34 1073 856 789 1626 1734 1611 2623 2192 2360 457 1749 2197 187 483 2347 1032 794 1791 2489 1353 1801 2368 1093 2326 205 2621 1757 2079 2579 1178 2297 2242
000303.jpg,1096 1416 1948 2815 2272 1965 1860 2352 1636 1362 1316 201 2556 1496 1584 1051 194 1218 2713 2721 1569 562 1796 64 439 1261 305 715 100 2034 2309 51 48 497 1586 747 2755 1897 155 2545 2376 1640 2045 2628 1658 1381 2241 2433 1993 2023 712 2046 2650 1617 260 1490 563 2631 1544 2836 1552 2289 1901 258 2088 1782 2826 1453 2454 2439 168 1045 1878 1328 947 231 1422 1148 992 550 169 1369 770 2837 319 2767 463 1029 2732 518 817 1679 2076 659 1840 1407 860 1319 2130 2652
000304.jpg,807 285 546 1221 582 6 1603 820 1260 759 1882 2313 372 1541 334 750 468 1865 2643 1858 1697 1188 2387 1153 1702 732 1083 956 1797 620 1891 2677 1227 1761 1456 629 2194 181 1284 922 122 411 1285 980 1884 829 1610 973 298 2118 281 661 1570 2261 1015 2476 1723 2268 2666 2425 2816 1560 636 650 1916 2167 669 476 1380 2346 475 37 2303 2168 1911 1537 1082 2807 38 2043 396 229 40 1308 1286 2823 2791 448 20 2171 2030 1763 459 1080 2627 586 1844 2810 1387 167
000305.jpg,1044 897 1865 1621 2823 752 2317 908 2452 2071 630 666 1321 2156 2446 213 1879 984 599 1719 2751 1728 1933 2295 729 1200 2537 394 2567 141 2642 2472 376 2260 1487 1098 1729 2408 761 2143 1804 1447 2413 2024 1661 2508 540 558 754 135 2140 785 1757 1790 184 24 1727 1425 1550 2249 1546 1469 2296 834 957 2555 1194 144 1088 1448 1265 2725 426 1689 2640 122 1709 634 2638 488 757 516 320 2392 2150 632 1533 932 99 2430 453 924 1093 2067 448 411 707 2109 1478 1023
000306.jpg,1057 1836 2437 1672 1749 1483 16 1447 44 1469 2317 376 291 1914 2202 2785 2745 1178 1476 1990 2700 88 1856 824 1593 576 2190 269 2547 1449 132 1116 95 1535 1224 2441 1714 1713 832 1727 761 2249 1176 2111 751 596 695 983 1838 683 2058 1620 2129 2555 60 603 2180 2275 1091 2422 1346 1743 47 777 1103 2827 1732 1482 1073 1353 441 2080 1304 230 1678 2523 34 1523 1277 1451 946 2695 1996 834 1147 1380 1693 1646 1183 830 1773 2495 905 2245 339 2383 2000 1450 863 1180
000307.jpg,2772 2777 2077 2478 1753 1125 70 2561 1759 2510 2757 431 1252 2015 191 18 1834 951 2663 2818 1842 1035 2 315 2161 601 1165 2302 1839 1390 2622 1557 767 277 2315 2702 2685 688 2686 1938 1980 1443 1747 2323 1235 1833 2667 889 1869 1075 1511 103 2000 297 1323 1798 1207 1106 2072 126 293 2624 1767 2644 522 1989 634 2314 67 614 73 1186 29 990 1810 1137 1114 1333 2299 1559 2583 380 1012 1391 1801 1334 954 369 485 249 1451 646 142 1969 962 555 823 1361 1413 1786
000308.jpg,1663 1328 947 1045 1617 712 1422 1444 2050 2714 2130 2836 2707 1369 2767 550 1679 2837 1782 169 2454 735 2241 179 1649 2649 1417 1623 1054 440 1993 1381 1870 925 1658 26 480 860 51 1489 1710 1544 463 2439 348 2840 305 2289 433 562 197 221 2538 1218 943 1701 1407 1788 1640 2769 1569 518 1624 2011 2790 1796 445 900 1172 1405 260 970 489 1644 2628 64 2528 2300 1029 2631 635 715 817 2397 48 1190 524 2721 2082 2375 1092 1261 100 2826 2088 2817 2832 2069 1102 1636
000309.jpg,697 1514 718 2529 386 958 1440 1445 143 2271 71 810 30 638 787 2517 2619 2298 1129 2524 1684 969 1939 1215 2246 2185 2104 795 1360 2363 1630 1270 1294 2444 665 2481 1258 1694 273 2584 2616 1446 1242 1411 1112 2175 2710 687 2801 127 1539 2226 2709 147 352 2339 2460 2131 1059 1629 557 879 685 414 2473 2740 1812 1571 551 1803 1524 342 1619 1660 2595 1025 2013 2844 1988 1324 1863 1349 1811 1366 17 1807 2138 1509 237 2468 1069 2749 1618 577 2385 2675 2648 616 591 1816
000310.jpg,2769 348 2538 26 2454 1870 925 2649 480 1369 179 518 550 2714 1788 712 2050 2130 1417 1422 735 1045 860 440 2631 260 1617 1710 259 305 1453 2088 1489 1552 2826 1901 1701 562 1993 168 1172 563 524 2241 2840 2148 1895 1208 2650 2721 645 977 2375 1490 2309 197 2289 1092 1148 445 1840 1468 51 201 161 2574 1190 463 2358 433 2652 1388 2544 155 1983 2724 2076 1878 1860 219 1640 2011 2200 134 1569 2676 2337 1496 1636 2397 2312 439 900 2133 1486 2606 970 911 784 486
000311.jpg,1925 1619 667 1982 1863 2844 879 2460 641 2385 1735 2833 557 2139 262 428 2371 991 2776 888 2797 1373 299 2731 2771 1549 1295 1242 2576 1807 2092 741 2431 2363 2269 1366 1480 1816 2607 1509 1660 2633 867 1814 385 1122 264 273 1589 1539 2524 1238 814 2094 2455 2104 1530 2484 837 1078 160 1291 127 226 352 2403 551 1069 2468 2801 1009 267 147 2517 537 1607 891 2710 2063 1803 2412 2529 1341 2138 2175 1684 577 1025 969 472 2595 1440 1129 1862 143 685 2185 1629 1338 2783
000312.jpg,1057 1836 2437 1672 1749 2317 1914 2202 2785 2745 1476 1856 1447 1483 88 44 16 1469 824 291 576 2547 1178 2190 95 376 2441 132 2111 2700 1593 596 983 1176 1535 695 269 1990 1449 1743 2827 1116 1727 1224 751 2422 2129 1714 1713 761 832 34 2058 2249 683 465 1838 310 60 47 1773 1693 2555 1620 2180 1091 777 1103 1795 230 603 2523 1513 441 1482 2080 1996 2016 1073 1304 1277 2275 1523 1346 1678 1147 2695 1183 350 1380 946 1548 1353 1732 834 396 1999 2383 2518 2495
000313.jpg,1055 2294 1944 2728 725 2207 2825 447 2766 2558 1825 165 1212 137 2741 2041 2135 692 899 116 1940 2719 2305 1606 2583 1056 442 2736 1810 67 204 627 1126 1130 2319 2292 97 1463 1001 2350 2509 249 1067 2842 1935 246 1012 686 1986 1075 1134 1547 202 2511 2121 1406 722 2665 1841 2068 79 2506 790 494 1962 2057 574 2291 362 2435 1899 2258 2580 1223 1874 657 146 2708 1185 677 1777 1452 2286 2683 1931 2248 1076 1639 2813 2051 2438 2220 2526 1868 1439 647 350 1473 1937 682
000314.jpg,1754 1272 2520 640 13 2210 1038 2421 1949 1041 323 377 2671 2578 828 2047 2032 1668 2828 2602 1189 865 1374 56 933 672 370 1337 1049 2083 2539 1429 2428 2629 2798 1910 2221 729 2031 2120 964 2038 1477 932 1329 698 2335 1070 743 955 839 2267 2423 123 2387 1033 176 1764 142 340 1431 2029 868 1686 1553 1256 2217 1492 2786 36 555 597 2570 417 427 302 2668 2117 2743 1249 979 1890 2380 2415 332 802 882 536 1399 84 986 2839 429 1521 2568 2108 1393 886 1255 1430
000315.jpg,2656 2149 1786 1693 1971 1106 1257 1451 751 1559 2016 310 1361 2000 2787 2827 2129 983 1743 1535 1593 76 1357 596 1176 2190 2441 695 832 1346 95 2542 132 2540 1773 1353 954 149 2745 1795 1760 1513 1856 824 1685 2111 2202 182 2288 1712 2054 2547 1333 39 88 1914 576 727 581 614 1137 1091 1476 989 646 293 1847 1207 1900 1672 2700 1343 215 2072 803 2785 251 2040 1161 436 2112 2381 63 364 1951 1180 485 589 1004 1175 789 737 2114 2737 1306 2437 1019 926 1230 564
000316.jpg,2263 2678 1525 1726 2572 2623 2386 1960 1371 1280 40 2116 1198 851 762 1880 2448 1084 592 2522 2571 300 1083 1802 45 2056 1458 2807 1199 2720 1632 1364 2562 1336 1251 636 1064 1400 644 1013 2503 96 1768 2761 2831 2160 1315 2048 1596 1536 1318 327 1113 2278 398 1616 181 1170 2079 2591 844 732 419 1856 620 1144 2554 106 2141 2188 894 474 1032 1702 957 2498 2203 189 1205 1927 1659 2153 183 2705 2760 387 2182 2441 2608 2442 1687 335 949 1696 117 2111 2303 2115 2688 171
000317.jpg,2769 348 1870 26 2454 925 2649 480 1369 2538 179 2714 712 550 1417 1788 2050 2130 735 860 518 1045 1422 1701 1489 1710 440 1617 1993 2241 2840 305 562 197 445 2289 259 1328 161 2011 260 2650 2826 433 463 2721 51 1569 2631 2375 1172 1895 1552 645 1840 1640 2088 2544 155 563 1029 2148 715 64 100 169 2707 1624 1148 900 556 1752 1796 168 2724 2309 611 1146 769 312 2676 524 2837 1983 1901 2358 1878 2312 1468 2652 1934 1453 439 1486 977 2200 1623 1208 1190 635
000318.jpg,1944 1056 137 2294 1055 2135 899 1212 2741 204 725 2207 1606 2728 2842 116 1463 1547 2511 1825 1134 165 447 246 2558 2825 1067 1935 2766 686 2305 2057 97 692 494 2736 2041 1899 2068 2435 2291 2580 2719 79 2292 1126 1130 1076 1940 1841 722 2665 2248 1452 574 2813 2319 1874 1937 2708 442 146 2683 2286 2382 657 1223 2258 677 1464 804 647 1986 2639 1639 362 329 2438 1185 1868 1777 948 140 2393 682 1931 271 2569 994 1473 1592 491 1810 608 1408 1942 2509 2583 67 2589
000319.jpg,2516 1707 1325 1526 1511 1969 1442 730 1779 338 336 1007 2145 1466 742 406 2102 1385 1992 1131 1243 2763 2151 1498 1455 773 1794 1379 253 1871 2843 2341 2746 1005 568 1783 2730 2788 2299 1670 2364 1581 1020 112 2290 2560 544 365 749 1110 410 1645 678 1309 519 1068 435 1165 937 2830 855 605 870 593 1094 2251 248 2302 2492 673 1946 709 1138 1311 1966 392 2549 186 811 774 1040 2680 535 1731 2377 1142 2243 1424 610 1557 2519 191 1850 881 1936 2005 1968 257 1527 821
000320.jpg,2677 629 281 1697 372 38 285 1911 2167 2268 922 1188 1221 829 1456 1272 122 690 1570 298 2726 1153 1537 167 2387 2502 2194 411 13 334 661 1603 1605 37 1113 2152 6 2666 1744 1884 650 396 2210 20 1882 820 796 40 2261 2162 980 2823 1227 1761 1541 750 1891 1285 640 2620 2706 1080 2841 1139 546 323 84 1502 1387 941 669 851 724 454 2168 1844 2520 459 1284 1661 1763 1922 956 973 2118 2218 807 1184 924 1232 1371 882 594 1267 1916 2032 23 1504 1995 2216
000321.jpg,509 1766 1515 2457 2725 2464 1889 609 2404 2115 844 5 1696 244 1616 957 744 1477 2128 2448 1953 1139 214 1602 1426 2348 1866 592 1556 2751 1199 1171 2706 1214 466 1744 909 425 22 2109 498 1326 375 2014 1605 1802 2567 2124 1661 473 1591 163 1061 941 1637 2366 2572 2502 2726 388 1365 2162 40 306 2841 2476 1960 84 2152 2351 1726 851 2507 2169 1904 2188 752 807 2425 1797 820 1221 43 454 270 285 1603 2141 1283 2508 1108 2197 1768 2150 106 690 2278 2677 1987 1858
000322.jpg,2552 849 2819 2479 2716 2500 2365 458 152 2181 1563 175 1896 238 587 28 2283 505 523 313 1532 1827 705 734 2689 2674 1741 2557 2370 2119 972 81 2527 1339 847 2250 2534 2191 2177 1376 2099 696 330 2228 2681 671 92 120 2193 1704 1335 2742 354 2052 1680 1708 2592 2322 602 1111 503 711 1873 1010 1332 1746 1117 633 740 2764 1314 2144 2237 968 890 261 68 2812 772 1543 2199 1932 1917 1650 1956 2597 2265 2698 1955 2610 1912 532 1164 2774 1829 649 504 726 1503 553
000323.jpg,2263 2678 1525 1726 2572 2386 2623 1960 1371 2116 1280 40 2448 851 1198 592 1880 762 2522 1458 2807 1084 45 1170 2056 2591 398 2503 2141 1199 1336 300 2562 1064 2160 1013 1364 1802 636 1318 957 2720 2278 335 1251 2571 1083 620 2048 96 1632 183 949 861 1768 644 1536 181 2441 1315 2761 1856 2111 1596 732 2760 1113 2182 2079 2203 1400 2230 1616 2608 1702 1365 189 419 1144 894 844 1866 2831 2188 1696 1004 106 2737 171 1889 1927 2498 1139 2718 783 2197 1343 270 327 2612
000324.jpg,545 1394 499 1785 1228 1631 1801 2277 1333 465 63 529 1685 2022 1213 2113 2644 2178 304 1389 2066 1019 374 1334 2546 1087 540 954 1558 1115 898 2323 714 395 182 1137 1561 2579 2072 1798 803 1207 2759 1230 149 962 853 614 251 1928 1898 1427 1166 1300 485 2504 2409 2242 572 1683 789 1298 1883 2381 341 1306 407 1175 2542 101 581 737 1590 783 1951 483 93 2040 1361 2114 1712 617 2540 2238 658 1353 328 364 1197 2000 895 1257 1760 589 2249 2489 727 1900 2699 2547
000325.jpg,969 2444 1129 1684 1514 2727 2298 307 1524 1629 2246 1630 1360 2399 1 958 1694 2619 1520 795 2517 1939 2616 1618 2185 685 1278 2529 718 2226 2468 1270 1445 1059 143 913 810 697 386 2709 2584 2189 1440 2749 342 1258 2740 1803 1215 2710 1294 1571 1572 1349 352 1112 234 551 203 1411 638 665 787 71 2271 17 1025 961 1811 127 2595 1446 2175 573 2473 1540 2138 46 2100 30 2481 154 2801 511 846 577 349 2340 147 642 2524 2648 1862 223 600 2339 317 472 2213 267
000326.jpg,2045 2023 2755 1584 747 770 258 1320 2545 2034 1796 1948 1096 64 1416 1569 439 48 2352 715 2721 100 2272 1051 562 51 2815 1640 1586 194 161 305 2836 1636 1993 2713 1617 1029 2837 2631 2556 1649 2130 2289 1417 1895 497 1782 1261 1381 2628 1788 169 860 1218 463 1316 2767 1552 1045 712 1544 947 155 2735 611 440 1328 2707 2241 1319 2050 1496 1658 201 992 173 735 2649 2564 1965 2454 1054 2538 1897 1362 2732 2439 2046 1860 518 1710 1701 433 1407 2650 550 2652 1870 1422
000327.jpg,726 999 1024 1503 2531 1011 314 799 2693 1875 2142 1967 653 241 1050 2715 131 1475 268 390 452 1635 2236 1274 1755 2285 467 290 2765 331 2565 1843 1568 1715 1039 1273 89 2053 495 31 1062 1293 1022 1097 159 805 53 464 1831 580 927 2698 1655 840 1297 1932 326 324 1127 1813 1037 1789 1118 1706 1378 1281 389 1262 655 806 1143 758 1822 455 129 2059 501 1756 780 1923 1124 2687 788 2470 1395 2634 456 1648 484 1317 2062 125 534 430 1026 2232 418 1140 2406 822
000328.jpg,79 2068 1067 2665 722 2511 1547 246 2842 2305 1134 97 350 204 1463 2041 116 1935 2135 1212 2741 137 899 1606 686 692 2294 2292 442 2580 1452 1868 2319 2766 2719 140 2736 1076 1944 12 1055 1126 657 2558 677 725 165 2825 2286 447 790 2728 1962 1473 1639 2813 2708 2436 1464 494 2598 1130 2435 1841 2506 508 1777 2248 2382 2057 217 574 2207 1986 1185 1874 1899 1937 1940 362 2809 1876 1223 1825 400 2296 2661 2438 2583 2308 1810 2712 1998 67 1892 792 1721 271 827 329
000329.jpg,1721 12 1473 2809 1876 1868 2294 140 2068 508 1452 2685 1067 1055 79 1944 2580 2665 657 994 1548 116 204 2766 2315 431 271 722 1056 1942 2302 1165 2511 725 627 2741 2135 67 2842 1035 646 1753 1980 359 2499 269 864 2041 191 368 2728 1725 1547 526 2719 2589 1839 1998 1557 442 1408 444 1886 790 677 97 2708 315 1076 2661 1027 686 1810 1969 1125 1892 137 246 2435 899 2292 1881 2622 1511 2440 1212 1439 1677 2510 2702 249 447 1931 2296 1841 1012 2736 2251 1463 608
000330.jpg,1490 1453 1496 2272 2556 2433 48 64 439 1569 715 100 2721 1316 2376 1796 562 1965 2713 1640 2034 2352 2545 194 305 1860 2815 1948 51 1636 2309 201 155 1051 2650 1218 1901 747 1993 1416 1096 2631 1584 1261 2289 1422 2050 712 440 1617 2088 2538 1658 2836 1328 563 2130 161 2628 1649 1381 2241 947 550 2649 2707 1623 260 1679 950 1054 1840 2069 1782 2767 169 258 2454 2837 445 518 486 735 1444 645 2755 770 1752 1544 784 2826 1870 1045 1029 433 2011 1878 2439 1369 2337
000331.jpg,2817 817 1926 2528 1644 1624 2300 2790 2411 1656 221 943 1102 1407 1934 635 1405 312 2832 2501 85 987 2044 611 188 1319 556 2270 2082 1386 547 1752 1545 712 1993 1617 1328 2721 562 1710 1569 860 1796 2367 1701 100 4 64 1489 305 1146 1788 2454 715 1422 439 1045 1737 1417 48 463 2389 2631 1202 1369 2714 2836 51 2707 1640 550 2289 1679 2034 283 1552 1623 947 1782 2241 433 1381 1029 2840 1584 2352 259 626 2837 826 26 1658 2011 900 197 2069 950 59 1983 2375
000332.jpg,1490 1453 1496 2433 2556 1569 64 48 2721 439 100 2272 715 1796 2376 562 2034 1640 2713 1860 305 2309 2545 51 1316 2650 1965 155 1901 201 1948 2352 2631 1636 1993 2815 1584 1096 563 194 1840 2289 168 1218 2088 260 1051 1416 440 486 2826 1878 2628 2050 1148 784 550 518 1617 659 712 134 231 2241 1658 2337 747 2130 1422 645 900 161 2439 2732 1544 2133 1045 1552 2649 2553 1261 2538 1328 445 1381 965 2652 433 1623 1123 950 169 559 735 2836 319 2454 1307 259 1679
000333.jpg,196 98 353 776 2474 585 1643 701 1819 1864 1625 2067 869 233 2081 1963 910 2462 2256 2334 781 2353 1402 2361 809 1042 381 2264 1344 276 1600 2001 2027 2103 2391 2132 69 2012 1170 1077 2677 1697 629 796 871 2101 1519 640 2691 372 513 2593 1245 323 1973 2520 1603 396 820 1541 1139 281 2210 1525 1696 1949 40 128 933 724 915 1188 1659 13 1204 84 1038 301 413 2623 909 1184 2141 285 2823 2318 2165 1200 1209 411 1911 546 624 334 151 1565 2582 2014 1537 1263
000334.jpg,2044 85 2501 2411 1656 1934 2528 312 1644 2832 987 635 2790 1405 1624 1102 611 2817 221 1319 943 188 556 1926 817 2300 1407 547 1386 2082 2270 2545 259 1983 1796 1428 1848 1046 1158 2670 562 2007 2574 74 1422 1617 64 2419 2544 659 1552 2676 2358 2800 439 1569 1190 2034 1640 305 1092 2724 2307 100 1636 1414 1993 1208 2133 2397 622 2721 2631 2344 219 826 550 463 2337 2837 712 51 2564 900 992 1029 2241 715 2652 134 2046 1381 911 48 2088 2352 2439 1782 260 2732
000335.jpg,2043 2810 2171 2816 2666 650 1891 475 2346 1916 1188 1723 922 1697 411 1456 1221 546 1763 37 6 582 285 122 807 1284 759 468 2841 2313 1882 2167 1153 1858 2643 1090 1260 586 1702 1082 1308 1865 620 1603 732 1083 443 1006 820 1797 181 1541 1227 334 750 829 459 956 2268 1610 980 1761 661 1884 1605 1139 2261 1380 2194 2216 1570 1537 973 1015 2118 2502 1250 2449 724 298 2514 2677 938 2179 1502 38 372 2168 924 2410 905 2060 1322 2706 189 1881 594 2567 1333 476
000336.jpg,1495 2085 2458 2543 966 2600 942 1705 1384 1331 1673 2660 1614 2696 1681 487 2257 1017 2596 337 1002 355 1396 1742 1554 243 813 1105 1290 2392 1370 852 1978 1518 908 2262 921 1119 631 984 2064 2282 1676 660 360 2782 2259 1981 2140 1237 1567 451 1853 1000 542 1058 2796 1739 2664 1301 446 54 320 1695 1909 710 2369 394 791 530 1893 2357 2049 1508 607 1604 50 662 1613 2803 1718 1565 1031 1287 1519 1479 2420 392 1879 1906 2318 2093 1682 512 519 301 1036 186 1200 1263
000337.jpg,2677 629 1371 84 1198 2572 275 2359 941 851 2678 2623 1280 1113 1525 327 1084 2263 2494 117 1960 423 2152 1987 1205 1462 2502 1726 2141 2303 1659 815 1144 1616 1184 909 396 1687 1170 2706 2203 1400 1922 281 298 244 40 1605 1979 104 2448 1880 2573 1502 2627 1139 543 907 167 23 1641 2571 1032 481 106 2791 1696 189 2179 2115 2030 1199 1927 2841 474 1183 946 2620 183 205 448 1080 882 214 1423 2348 2060 398 1866 1219 2245 96 2503 594 45 621 1263 2101 2726 1285
000338.jpg,1752 1545 1146 2389 59 312 2832 1102 1405 987 4 635 1624 221 2411 2790 1934 1202 1644 1656 943 2528 1926 2501 85 1407 2367 556 2817 626 2300 2082 2270 2069 1737 817 1386 188 547 826 2044 950 613 283 611 2556 1799 1319 2477 1617 266 1422 1045 1316 712 735 1328 2241 440 169 860 1993 550 947 2050 2837 2454 1444 2631 1782 1623 480 2840 26 463 1796 1710 2439 1489 2130 1552 900 1029 1983 2836 2649 1544 1417 305 2714 2133 2312 1636 1369 518 1870 51 925 1649 179
000339.jpg,70 1753 1125 2777 2772 2510 2077 2478 2561 1759 431 2757 1035 1839 1252 191 18 2015 1834 1390 315 1842 2622 951 2663 1557 2 1165 601 2302 2818 2161 767 1443 1938 2315 1833 2686 277 2323 2702 889 1747 2685 522 1075 2667 1980 2644 853 1334 990 1798 962 297 1801 395 898 1928 714 1207 1810 2624 2759 2242 529 1166 1235 1558 249 2509 2583 634 1406 1845 1590 374 1346 426 2699 1012 2072 2496 251 1137 502 688 126 1427 103 2277 202 101 1087 1908 1230 67 485 783 702
000340.jpg,1096 1416 1948 2815 2272 1965 1860 2352 1636 1362 1316 201 1496 2556 1051 1584 194 1218 2721 2713 439 562 1569 64 305 497 2309 1586 715 100 1796 51 2034 1897 1261 155 48 747 2241 2628 1640 1658 2650 2376 2755 1993 1381 2433 563 2545 1617 1552 2046 260 1490 712 1901 319 2631 2088 1544 2289 1453 2045 645 2826 2023 168 1148 659 2836 1840 231 2076 258 445 900 550 2454 1045 1782 1878 1029 2732 1319 2840 992 440 2735 547 463 2652 486 1486 674 1422 134 2439 906 518
000341.jpg,645 1054 1679 1623 1328 1649 2707 2011 947 1663 1444 445 1029 2767 2836 2840 169 2837 1782 197 1544 463 1381 2439 1658 1552 433 2289 1617 712 2241 1045 1253 2050 2130 1993 1422 2628 51 2375 735 440 2735 2714 1218 2650 1261 1369 134 2454 2649 194 1417 1870 2352 1948 179 860 1640 1895 161 64 562 1569 1051 1710 2631 550 305 1489 439 2045 769 48 1788 1416 1796 155 1096 635 1624 173 965 319 715 1407 1584 26 2538 2769 2272 900 2287 100 2721 480 826 259 2676 2088
000342.jpg,2769 348 1870 26 925 2454 2649 1369 480 179 2538 2714 712 550 2050 2130 1417 735 1788 1045 518 440 1422 1617 860 1710 1701 1489 2241 1993 2840 445 1552 2289 197 2375 2631 463 1840 1328 1029 2011 433 305 51 1640 562 1172 645 169 155 134 64 161 2650 1782 1054 2088 260 1983 2836 259 1569 2419 2439 524 611 1658 2837 1544 2707 439 1649 1624 48 1895 1623 1381 1663 977 1319 1208 1679 2721 2574 1444 2544 2652 659 970 1092 947 1796 168 2148 2082 1636 1486 900 2676
000343.jpg,924 1487 1471 953 37 2841 1891 922 1082 586 1308 1763 443 2677 1006 1723 2346 1090 1916 629 2666 1462 650 475 122 1703 2816 761 2810 2043 411 1456 1363 2249 1605 1697 1188 1288 1139 2535 423 1474 2216 750 2171 325 334 882 1488 745 2167 2573 986 1153 123 1400 1603 1738 594 1541 2449 281 2179 275 820 1882 1284 941 2359 2823 1757 1687 84 1227 2502 214 1866 1371 1502 167 1570 115 2317 327 2194 2678 1865 2768 468 894 419 546 2261 2109 1184 1995 459 2706 1602 2268
000344.jpg,2363 2460 557 879 2517 2524 2801 2298 1619 1366 1863 1660 1684 1925 1215 143 1816 2607 2104 1480 2633 867 2844 1242 2431 1514 1129 2185 2529 697 385 273 1440 2833 2139 1982 814 667 969 718 1539 641 2385 386 795 2619 2444 991 127 299 1807 1025 2771 1295 687 2468 2271 810 2797 2175 1360 958 352 2184 1445 1549 741 71 888 2672 1735 1373 1947 2226 2246 2710 428 2584 2576 798 262 2776 583 30 2371 1411 1509 685 2189 1081 1939 2092 551 2662 548 1630 1724 1803 1196 976
000345.jpg,1944 1055 2294 2728 725 2207 1056 165 2766 2558 1825 2825 447 2741 1212 2135 1940 137 899 1130 692 1986 204 116 2736 2719 494 2580 2057 2435 1126 2292 2842 686 1606 442 97 2305 2291 2319 1899 1463 574 1067 1547 2068 2041 657 2511 1841 1452 246 1935 2506 79 1874 2258 1223 2248 1134 722 2813 140 1473 2665 677 1076 790 12 1868 1777 2708 146 1639 1962 2809 1464 362 627 1937 2382 1088 2350 2286 1185 2121 1001 1810 2583 1721 67 647 249 1408 1439 1597 2683 1012 2509 2438
000346.jpg,2517 143 1440 2529 386 718 1129 2298 2185 1684 2271 697 958 810 1514 2619 1445 2524 2363 787 795 30 2584 638 1411 71 1694 1215 1360 2104 2246 2801 2460 273 557 969 1630 1242 1939 2616 1294 879 1366 2444 2844 1112 1446 1816 1863 1925 1619 1480 665 1660 2139 2833 1258 2633 867 2607 1270 687 2481 1059 991 641 1982 2431 2385 2749 2226 1807 147 667 1539 2771 1947 1629 342 1735 2740 2710 2175 2184 2797 551 2468 2672 352 385 1373 1295 888 414 1549 1196 41 2576 1837 583
000347.jpg,2185 2584 1411 1129 1694 1684 795 2298 2517 143 1440 2529 718 2616 386 1360 1294 1630 1112 1446 2246 2363 665 1445 1258 1939 1514 2271 810 958 2481 2801 2619 2524 1215 787 71 1270 638 30 697 2444 969 2139 879 2833 557 1278 1366 2844 2460 299 2189 2468 1982 1242 1925 2092 1816 2100 2385 1619 2104 1122 267 1571 2455 264 273 2710 352 1238 1812 2731 2727 1291 685 1863 2740 1509 2371 1480 837 1622 1814 600 891 2431 741 667 2412 1589 2484 1698 1009 262 1 2138 2338 2797
000348.jpg,1710 1701 1489 1417 860 1788 900 433 197 2289 2375 1437 445 2840 2011 1328 259 463 1552 611 2397 1624 1319 2130 2424 1208 987 712 2082 606 2707 2084 312 1386 1486 1895 489 1617 1679 2826 1656 188 556 1045 1422 2300 547 2270 2241 2515 550 2817 2544 645 2836 2724 348 1623 2538 977 134 2419 1029 970 817 1444 221 1737 1407 2574 2454 1983 1190 161 2076 1870 635 2790 85 559 2050 440 1878 675 1926 2769 2088 4 1934 2133 2676 480 524 1405 2148 2528 1172 622 2367 2646
000349.jpg,2756 754 1689 1728 2638 2320 1149 2024 2021 213 967 426 1597 2430 2533 634 2143 24 2408 757 293 1804 707 2172 286 29 1719 2673 1533 1231 558 2413 2295 1478 2354 135 1448 2472 184 1296 1265 2615 119 91 739 1383 1984 1312 80 2235 1849 218 853 1269 792 2566 520 1945 232 19 1722 2296 424 1529 2787 1867 2224 2390 1733 529 540 962 395 2644 545 2260 2277 1394 1801 2323 364 2744 898 1093 2759 1333 1798 1035 1743 1558 376 983 1883 572 2040 2113 2178 498 646 304
000350.jpg,803 2381 1900 251 364 2040 436 101 215 737 374 2504 1427 581 1883 989 341 2579 1230 572 2114 766 328 2238 2759 2540 2242 962 395 1798 789 1091 1334 407 2323 2644 1257 1683 2542 1898 529 1300 1561 1996 1786 1971 1106 2489 777 2277 76 1801 1559 1361 926 1357 1451 1353 1197 1137 39 1818 564 483 1207 2000 2288 2495 2787 1180 1951 2546 2072 1306 240 485 1175 614 1115 545 1213 714 1389 589 230 2066 304 1087 2178 2113 2281 1558 2656 1093 658 2784 1693 2149 751 727
000351.jpg,2185 2517 1129 2363 1684 2298 143 2529 1440 795 2584 1411 718 386 2524 1694 2460 557 879 1514 958 2271 1360 2619 697 810 1366 787 1215 1445 2801 1816 1619 1480 2246 638 1925 2104 1863 1630 1242 273 1660 30 2616 969 2844 1294 71 2607 2633 1939 867 2139 1446 1112 2444 2833 2431 665 385 667 1982 1258 2468 1270 2481 814 352 1025 1539 2385 2226 2783 299 551 685 641 2092 2710 991 2797 2771 1571 2731 2576 1814 127 2727 1373 2740 2175 2455 1549 414 2100 2709 2371 147 41
000352.jpg,85 2044 2411 611 1656 1319 2528 1644 2790 2501 1934 188 1624 1926 2817 817 987 312 1102 1405 635 943 2300 2832 221 556 1407 547 2082 2270 1386 2045 1584 2023 2755 1796 1617 1993 712 258 463 1422 1029 4 259 1569 1788 550 2544 2721 2454 64 826 562 2564 1552 860 100 2545 770 2034 283 1045 715 1545 2419 1208 1146 2397 305 1782 1737 439 2076 2670 1328 2241 2837 1417 2631 48 1369 2069 1381 900 947 2800 51 1983 2307 1428 197 1092 2344 1895 2724 2011 2836 26 2358
000353.jpg,631 2049 1518 2282 530 607 2796 1290 446 2140 1301 1237 1604 1981 1058 451 1567 921 2596 1909 1017 2064 1613 662 2093 394 1384 2392 966 984 2660 1879 2458 942 2085 2543 1331 1673 1614 2696 1705 487 2257 1002 2600 337 1978 1495 1119 1681 1742 908 2262 2357 1396 355 1676 243 1105 813 2369 54 1554 660 1893 852 542 1739 2782 2664 1853 1000 50 1370 710 1906 1695 2636 1621 320 1508 1455 1510 72 2251 1321 2005 2420 460 1850 678 800 595 336 1145 2259 1094 2519 2459 360
000354.jpg,1663 1489 1417 1617 860 1328 1710 1701 1444 1679 947 712 1045 1623 1054 1422 2836 2241 1993 1782 2707 2050 2130 1369 169 1381 1658 2837 1649 735 2454 2767 900 2649 440 2011 179 1437 1870 550 51 1544 348 1569 197 1796 1788 925 2714 26 1218 1416 1948 2628 1486 463 480 1096 2721 2439 2034 1261 100 2289 1640 64 2840 1051 715 2769 1624 1208 1552 445 817 562 2545 1407 305 48 155 2790 645 1029 194 1926 260 2528 2352 1307 2300 134 2826 2419 439 559 433 221 1545 2076
000355.jpg,1525 2263 1280 2623 2678 2572 1371 1084 1726 1198 1170 275 1880 1205 327 2448 1960 1113 1659 117 2303 1400 2030 851 2141 2791 1687 2386 1802 1184 1616 2203 2494 762 1199 84 1536 2761 265 636 298 1318 2807 1144 40 1768 941 2571 1979 448 2101 474 1425 2278 2048 1032 270 205 106 2115 1380 2831 1083 42 1283 1502 189 6 2476 104 96 481 1922 1696 1866 300 1251 2060 2705 2359 45 2522 2677 2554 419 1364 181 2348 620 1064 23 1973 244 732 894 907 1183 2179 1139 1632
000356.jpg,610 1040 365 605 2830 1634 1309 435 1573 1424 2560 1581 1020 717 1110 94 811 535 1133 2609 678 648 1379 2251 410 2680 1968 1966 821 1068 112 870 2377 568 1243 673 749 2095 2788 1527 2151 937 1783 1131 1794 881 2196 2005 248 2697 1498 2746 593 2290 1670 2417 1311 544 2299 730 1005 2364 257 2730 338 855 2087 2243 1466 2519 1142 2843 2549 434 1850 843 336 800 538 2492 774 1913 1174 1094 2006 1936 1516 1138 1871 1079 1731 2763 2613 1894 288 253 2102 1455 883 773
000357.jpg,1681 487 1705 2600 942 2085 1384 2458 337 2543 966 1495 2596 1017 1290 1331 1614 2660 1673 2392 1742 2696 1000 1853 1739 2664 360 542 54 2257 2259 1893 2064 1695 1518 710 2369 50 1002 660 2782 1978 921 791 1508 2262 852 1119 631 1287 1031 2803 1565 2282 908 1370 243 984 1396 607 355 1554 2049 813 1676 1237 2796 1105 1981 446 530 1604 1301 1567 2140 1058 451 2357 662 1909 394 566 1613 512 2026 320 2618 1770 151 1718 2559 1385 1779 21 1519 2093 1871 893 1209 2469
000358.jpg,1335 532 2228 1297 1704 2028 1956 671 2814 633 772 503 696 711 2557 261 2322 533 2099 1680 2250 1708 1741 2674 159 2062 1532 1376 2715 330 580 92 1293 238 1339 1097 31 1118 326 2052 2193 972 2681 354 1143 2402 1917 587 1755 799 1303 27 120 1011 602 2773 721 1568 458 847 1037 1026 313 1111 1972 2742 805 1822 1647 2191 2232 2698 872 2265 649 1873 2592 1543 464 152 1961 2199 2316 734 131 1827 2053 314 1896 1216 1314 1332 1099 2610 2819 1299 2500 1912 740 1168
000359.jpg,1753 1125 2777 2772 2077 2478 70 2510 2561 1759 431 2757 1035 1839 1252 2015 191 18 1842 1834 951 2663 315 2818 2 1390 2622 1165 601 2302 1557 2161 767 277 2315 2702 990 2323 297 1938 1443 522 1235 962 2759 2685 1798 103 1075 529 502 688 1333 1747 889 853 2644 284 1833 1801 2686 395 1980 2471 2624 634 2667 2242 1810 1207 369 714 898 1908 1989 581 1323 426 1114 2583 374 2022 1334 2277 2509 436 1845 737 2601 1413 2496 1137 1394 2532 545 1389 578 2504 1821 485
000360.jpg,2648 2138 961 1571 642 846 2100 573 17 969 600 1622 352 2486 1349 349 2372 46 1698 2223 1828 1270 1338 2473 317 195 2338 665 1618 1258 2226 2255 2709 1994 511 2253 1540 1409 2466 2738 1939 405 2175 2340 1095 2339 166 1112 2481 1964 1446 892 1514 2835 2614 1615 2710 223 2635 2158 1294 2616 1278 2412 1630 577 1060 1684 127 1812 1539 1862 591 414 2215 2246 1025 1 2131 2444 2298 1520 1360 2213 307 2399 2811 616 685 1815 2758 2781 234 2834 2727 1572 913 1837 237 1159
000361.jpg,1752 1545 1146 2389 59 312 2832 987 1102 635 221 85 1405 2790 2501 1934 2300 1926 943 1656 2367 1624 4 2069 556 2556 1407 2411 1386 2817 2528 817 1316 626 2082 950 547 2044 1644 1202 188 2270 826 611 1636 1737 440 712 2836 735 1319 1617 2241 1045 613 2050 518 2837 1422 2840 1993 169 900 1782 1496 2133 1552 2631 2454 1649 1796 947 550 1328 2826 1878 266 480 259 2289 155 1444 283 1437 2544 2714 463 1710 1965 2419 1983 2088 563 260 2649 2515 1840 2424 1381 445
000362.jpg,1801 2277 529 2644 1631 1394 545 395 853 2323 962 465 2249 540 1798 1334 1197 1230 761 572 898 1561 1558 1087 714 499 2759 1683 1898 2579 1346 1213 2072 1389 374 2113 2409 2555 1207 1333 1298 2066 2547 251 1228 589 658 2224 1785 576 1019 2178 304 1137 291 614 783 63 1597 1093 1166 2317 1427 2022 1928 2242 1749 426 1839 2542 803 1035 1535 1300 1361 727 1892 634 581 2381 1727 1175 2567 44 954 824 2751 832 2024 1306 483 676 2295 16 1951 2003 739 1804 2546 834
000363.jpg,773 1385 519 2763 406 2145 742 1779 1992 1007 1707 2102 1871 1645 1526 1138 1969 1442 1511 2613 1800 1731 1894 186 2516 1325 257 288 937 535 2377 1527 2609 1516 392 1718 709 2219 301 2341 336 1455 253 605 338 730 1309 1498 1020 410 870 248 1466 1850 1581 2680 2299 434 811 1783 365 2095 883 1311 2560 1243 1424 1131 1040 678 94 648 2746 1966 1747 435 821 2331 855 1142 881 2251 1110 1968 800 593 544 2302 1833 1165 1725 852 2830 2151 1068 2243 673 2492 1419 2417
000364.jpg,802 142 1492 2078 1699 429 1430 1553 1053 1886 555 2267 2380 868 866 1236 2333 878 1890 1431 36 2117 554 2029 733 1888 1256 500 680 2217 1499 1588 1033 2415 1132 2668 176 1562 289 427 2743 417 597 886 1686 1418 743 536 988 2568 1393 121 332 193 2786 901 2227 1793 62 681 340 21 2423 361 569 2108 1398 2090 2451 2384 1065 979 302 199 292 78 1268 432 893 2671 1038 323 1272 2421 640 1041 13 571 2520 1374 73 1263 2828 1219 380 1754 2047 2054 377 672
000365.jpg,2045 2023 1584 2755 747 770 258 1320 2034 1796 2545 562 64 1029 51 1569 1948 305 463 439 1640 2631 1096 2289 1993 1416 2721 1617 440 1586 611 2352 1319 715 100 48 1636 2735 2556 1788 2272 1552 1544 2130 497 1895 2837 2439 155 860 169 992 1045 161 433 2713 550 735 2564 2836 2650 1417 547 1316 1362 2050 1381 2815 1782 1407 2241 1051 712 2628 1701 1649 1422 2732 2454 518 197 201 1710 1860 134 2538 622 1658 2046 2707 2649 2724 2767 1328 194 85 1897 947 259 2076
000366.jpg,1096 1416 1948 2815 2272 1362 2352 1965 1860 1584 1636 1496 2556 439 1316 64 1586 1897 1569 194 497 2721 48 1051 201 100 715 562 747 1218 51 1796 2241 2755 155 2289 712 305 1552 2650 2046 1658 2034 1617 1490 1381 1993 2628 1640 770 2023 2713 445 1261 258 2836 1328 1045 645 2433 2545 563 2631 1623 440 1544 2130 1649 1029 2309 2011 2050 947 134 1319 2088 1054 1782 992 2376 2732 1679 1444 2454 2707 260 2045 2553 2735 2840 2767 1453 1663 611 1840 169 659 1901 735 463
000367.jpg,16 376 1447 1483 1469 44 291 1672 1749 1836 2437 2249 1535 832 2317 240 483 2784 1161 1513 789 761 1300 1353 1847 1773 1451 1057 1178 1795 540 1389 1361 1346 2054 646 1727 576 2000 2555 1019 2129 1394 63 614 1631 2700 2785 545 2072 727 1213 2190 2202 1914 1804 2547 2022 658 2579 1207 1137 589 824 1176 1091 1476 1743 1801 2113 2745 2066 1559 132 2540 714 1990 1333 1175 1115 2644 1427 395 2178 2058 1996 695 1951 983 251 1230 1883 293 2827 898 1856 341 2441 2277 1087
000368.jpg,1742 1370 1554 243 813 1105 1396 355 2696 2257 1673 1331 1614 337 921 2064 2458 2660 1384 966 1495 487 1681 942 2085 2600 1705 1290 2282 662 1002 1017 2049 908 1518 1613 530 1909 2782 2596 2543 1237 446 2259 631 1604 1567 2140 660 360 1301 1981 54 542 984 975 1739 710 451 2664 1058 1978 1893 1271 7 151 2793 1853 1000 2796 2369 852 301 2392 1946 50 607 2416 2005 2394 1968 2299 513 394 1455 2405 2336 2251 1879 1119 1142 2262 1695 855 186 2364 2519 871 1850 567
000369.jpg,757 1533 1728 754 558 1689 2295 1231 135 2413 2756 2472 2024 184 2638 1597 426 213 24 634 2143 2430 1312 1478 1984 1804 2408 1296 1448 2021 967 1383 1719 707 2320 1265 853 1149 119 80 218 739 2615 540 2354 2533 2235 2566 529 520 1945 293 2277 91 2260 1801 232 1394 545 29 1035 1269 1898 1839 2644 1849 19 898 286 2172 395 792 1087 1558 1093 714 2323 752 783 1228 376 2673 1722 2759 424 2547 1469 1867 1883 2178 2508 962 2561 1889 1683 1892 251 1798 1631 473
000370.jpg,2045 2023 2755 1584 258 747 770 1029 2034 1796 1320 2545 64 1586 2735 1096 2631 2289 1362 1319 1948 611 463 497 1569 1897 1416 562 51 439 2130 1993 1190 433 2732 1895 1552 2564 1417 48 1640 2352 1788 622 860 1710 2753 1617 992 2650 2482 2837 1328 305 100 2724 2707 1627 1624 2676 161 319 2287 2721 440 712 1544 1051 173 606 715 2046 1701 2011 1407 2836 1636 550 2076 1208 1775 906 134 2840 1381 2272 197 2815 2088 675 1172 2050 817 2646 2044 169 2084 74 1045 1649
000371.jpg,1707 1325 338 730 1466 2516 336 1969 1526 1511 1442 2102 1779 742 1007 2145 1992 406 773 2763 1385 253 1131 1498 519 1455 2341 1871 2151 1243 1794 1783 1379 2746 544 2730 568 1645 112 1005 1670 365 248 186 937 2290 410 2299 2788 392 1020 2364 605 811 1309 2377 1581 870 535 2560 610 749 1068 2302 2830 709 1527 678 2549 1165 1110 673 1894 1138 593 2251 435 1424 1966 1731 1094 1079 855 1311 1040 881 1516 434 648 2219 94 2492 774 2243 2680 1142 1133 2843 2519 191
000372.jpg,332 1393 1065 340 417 2743 1686 2029 176 2786 1033 2227 2668 597 1418 886 1256 1562 554 1890 979 289 555 1888 2108 62 868 681 2384 21 361 571 2451 1398 2423 199 878 292 302 743 78 429 432 893 1053 427 1553 1430 142 2217 2415 1492 802 2568 2671 1699 2333 2078 1268 866 680 2267 1793 1431 536 36 2380 901 1886 733 988 1588 121 1132 1236 1952 193 2120 964 569 2221 2808 2117 2031 2090 2038 500 2539 2335 1374 1266 2578 1070 2828 323 1429 1399 672 2629 1038
000373.jpg,1617 1045 1422 2241 712 1993 550 2130 440 735 1663 2050 1444 2454 947 1369 1782 179 2649 2836 1381 169 1658 1328 2837 1840 1679 51 155 1544 1623 480 2439 2707 1054 518 26 1649 925 348 1870 305 2769 2714 2767 1640 2538 1636 562 2631 2628 2840 1796 197 134 1417 1552 1569 260 463 2011 2721 900 445 2826 1029 2289 64 563 2817 2082 1710 221 860 2088 943 1405 1656 1934 1489 439 1486 645 2650 312 259 556 2832 1218 48 715 2270 635 2790 1437 1102 2133 1407 433 100
000374.jpg,472 1803 1509 147 2595 1811 551 2444 1629 2138 1167 1807 961 641 2385 2771 203 1295 991 1355 1059 888 127 1373 1862 577 262 1069 342 741 1607 1341 154 1524 2710 2740 2431 2094 352 2776 685 1530 2749 2758 1025 17 1539 2175 1571 1242 2801 537 1238 2104 2731 1278 1619 273 160 1078 573 267 1735 2797 2738 1291 1863 1988 667 166 2339 2648 1828 385 2100 1540 1622 1925 1618 846 2468 2709 405 2255 891 2486 2189 2340 2473 1421 2835 2131 867 2675 600 223 428 2635 2844 2614
000375.jpg,1293 1097 159 580 1822 1143 326 1118 2715 331 1635 390 31 655 2062 1967 430 1715 1050 1011 1648 2406 314 1037 1124 1297 2053 1755 1692 726 805 1026 999 1187 1140 2236 799 1756 1317 464 1475 1706 1918 927 1262 1216 2687 1395 1018 1024 1568 1789 125 1831 2402 1829 1273 1472 1503 2765 782 2531 1912 1972 1655 1647 2407 721 2301 2505 2465 2611 455 1730 478 1929 1008 1275 1932 1921 936 2698 89 1299 2142 138 1168 1220 452 758 628 456 1303 2806 2398 268 786 753 1022 346
000376.jpg,2153 419 894 2554 96 1632 1927 106 1032 189 2060 481 1987 815 2197 2571 2109 1171 396 300 2831 1214 22 2705 744 2567 1286 941 1315 1661 1199 1013 762 1726 2751 1336 2079 957 2162 2160 2627 2678 2401 1364 1880 2425 2726 42 2222 2612 2263 84 2313 205 2261 2030 1251 1960 1844 506 1525 40 2216 592 1371 636 2278 565 167 1536 1188 785 454 621 1283 95 1560 1139 2807 2688 1108 2317 1907 2823 1605 971 214 661 1227 2476 1738 122 171 1659 2573 2141 1703 924 2720 1064
000377.jpg,1753 1125 2777 2772 2077 2478 70 2561 2510 1759 2757 431 1252 2015 1035 191 18 1839 1834 951 1842 2663 2818 315 1165 2 2302 2161 2622 1390 1557 601 767 277 2315 2323 2702 103 1443 297 1323 1938 1801 688 1389 2685 369 1333 634 2644 2759 1235 990 581 529 2624 962 1798 1115 1019 2546 1186 1833 395 2022 2000 2686 2113 522 426 1075 2178 1353 1334 1980 1951 2583 2430 1207 1747 1106 293 889 1685 485 63 1683 2072 29 2277 1137 614 1559 898 1213 67 126 1175 1989 714
000378.jpg,898 1087 1558 714 1166 1928 2409 1590 93 895 2072 1207 1298 1137 1334 853 1394 1631 545 614 589 658 676 727 1306 485 1175 2493 1951 1228 2323 1361 1785 1798 1561 1333 2022 1801 2644 63 962 182 1389 2277 1685 954 395 1451 1019 1197 529 1213 2113 374 2178 304 2324 1230 572 2066 149 783 2759 540 465 2546 1712 1343 2000 2249 2504 803 1115 1683 251 1760 2547 617 695 101 1427 824 2112 1300 2579 1597 2016 1176 1559 2737 1749 2699 789 2242 499 761 596 1743 426 132
000379.jpg,957 1889 2404 2464 244 1766 509 744 2725 1696 609 2115 1515 2457 844 2502 1616 2141 5 941 84 2448 2152 2706 1605 1139 2841 752 214 96 1953 1927 2128 106 419 1632 189 592 1365 2153 2554 1171 1866 909 1602 2348 894 1032 22 1477 2751 2567 1214 1802 2060 2109 2048 1768 1283 2263 815 1426 270 1987 183 2677 1199 2807 2761 2503 620 2623 1661 971 45 1364 1596 2572 785 1108 2591 1591 2678 2197 1960 1525 2720 1570 2278 306 2608 2216 181 1251 732 2182 636 1280 2760 1744
000380.jpg,213 2024 426 1597 2430 634 2143 2638 24 1689 2408 707 2320 1149 2533 967 29 1719 286 293 2172 1804 2673 2756 754 2354 2021 1728 1849 91 757 1478 1231 558 1529 1269 135 1448 2413 2295 2390 1533 2615 1265 1722 184 2235 1867 792 119 739 424 2296 2787 80 1296 2472 520 853 1733 2566 19 1984 1383 1945 1312 232 218 2224 2744 2054 646 498 1361 529 1559 1394 1451 727 2000 2014 425 658 2124 2366 2644 1326 1106 1951 1333 1798 589 375 182 1175 1558 954 962 1061 2178
000381.jpg,2381 1900 364 2040 101 436 215 737 581 2504 341 989 251 803 2114 1230 572 328 2238 766 374 1883 2759 1427 2579 2242 395 2540 407 1091 962 1798 1683 789 2644 2323 1898 1257 1334 1996 2542 777 529 926 1561 76 1786 1971 1106 1818 1801 564 2489 230 2277 1300 1357 2288 2495 39 1559 1180 1451 2281 1197 1361 1353 2787 1093 2000 483 240 617 1137 751 1207 545 1306 2546 1951 783 1175 2656 2072 1115 1693 739 614 727 589 2113 485 2149 2066 1213 658 304 2178 1846 714
000382.jpg,2517 1129 143 2529 2185 1440 386 718 1684 2271 2298 810 2584 2363 2524 1411 697 1514 2619 795 1445 1694 71 30 958 787 638 2104 1215 1360 2246 1939 1242 557 1630 2801 2460 879 273 969 2616 1294 2444 1619 1258 1112 147 1925 1863 687 1366 2468 2844 1446 1480 1816 2431 2385 1660 127 1509 685 1803 1807 667 665 2710 2633 2175 991 2481 2607 385 2833 2595 2776 2139 1295 1629 262 1059 1270 2740 1982 888 641 741 551 352 1025 577 342 814 2576 1539 1571 1524 2226 1373 1069
000383.jpg,70 2510 431 1753 1125 2777 2772 2561 2077 2478 1759 1035 1839 2757 191 1252 2015 18 315 1842 1834 951 1165 2663 2302 1390 2818 2622 1557 2 601 2161 767 1443 1938 277 2702 2315 1833 889 2686 1747 2323 2685 1980 2496 1075 1801 2644 990 522 529 395 2532 2759 2242 962 898 1989 374 2277 1353 1333 269 297 1334 714 1810 211 1798 789 202 369 1511 1346 1593 2667 465 2504 2624 853 1235 783 2579 1137 102 2296 634 824 2509 461 1548 1087 1207 502 2000 1460 251 1091 2022
000384.jpg,239 2794 2091 1781 2164 2280 49 525 2396 822 245 2173 1282 408 2232 209 356 139 296 654 838 2311 192 252 2137 383 61 1127 2025 2669 207 1787 1248 113 225 449 1505 1568 1274 1356 1262 455 2070 653 1435 1755 625 1780 805 2236 679 1141 799 1475 1506 2693 1317 1756 1598 2053 858 1831 216 1297 806 314 131 1168 1655 1299 159 1011 1472 580 1293 1050 2698 27 31 1972 1097 655 1143 2402 1395 1022 1037 1216 1647 782 268 1503 2715 1018 721 1118 2059 1635 326 2470
000385.jpg,1671 8 1474 745 325 2535 2449 1006 443 1082 1308 1090 586 1763 37 2706 2167 459 922 2216 2831 924 1380 2705 1697 1250 2197 1456 1661 1322 946 594 2678 624 2230 1263 2245 300 1315 2623 488 2841 2268 938 1605 335 2463 2109 2572 1027 973 1817 1032 2293 724 1703 1750 1288 96 1537 1284 905 1333 2567 122 2079 2514 1371 2591 1336 1979 1139 621 1113 205 1641 1400 2313 2620 2425 2571 1881 2573 474 2160 1352 2401 2096 2483 1184 762 214 1363 2249 2179 1188 63 744 1884 1219
000386.jpg,1752 1545 1146 2389 312 2832 59 987 1102 1405 635 85 1934 2501 221 2790 1624 2411 2528 943 4 556 1644 1407 1656 1926 2300 2817 188 817 2044 626 2082 1386 2069 1202 2270 547 1737 611 2367 826 1319 283 2556 1617 950 1422 1316 613 445 712 2840 1552 266 463 2011 1983 2133 169 2477 2419 2837 440 550 2836 2289 2424 1782 1328 1029 1045 947 1993 2544 2397 1092 1636 2631 735 2826 2574 977 2050 2241 900 2375 1649 2652 197 1468 1190 2454 1796 2714 2088 260 1444 259 2312
000387.jpg,957 1889 2464 2725 1766 2404 509 609 2115 1515 2457 844 1696 752 244 744 1616 5 2448 1802 2128 1477 592 1426 214 1880 1602 1953 1139 1556 1199 498 2168 466 2348 1866 1960 2706 2751 2572 909 2124 1032 163 1596 1061 1326 2351 189 1744 1726 473 106 2278 1280 1365 388 2141 2807 1637 45 1591 375 2678 2014 2182 2056 1525 1364 40 306 941 2522 1171 2760 425 1084 183 2060 2508 2591 2476 1064 2263 851 1661 1214 2169 2608 22 1768 1371 454 2048 1945 2720 1757 815 669 2386
000388.jpg,2716 849 2552 2819 2479 2365 152 2557 1563 2500 458 28 1532 2181 587 238 313 175 505 2283 1827 1896 972 523 2250 705 2689 1741 2370 81 847 2119 1339 734 2191 2674 2527 2534 696 2228 1704 2681 1376 671 2177 1335 330 2099 92 120 2193 1708 602 2052 1111 2742 1680 2592 354 2322 1332 503 1912 740 125 1873 633 1932 1281 788 1293 1923 456 2237 2715 324 1813 1097 129 268 501 1503 2687 159 890 532 1011 772 1037 452 1789 711 1062 2531 1024 927 1831 464 131 580
000389.jpg,1254 1512 1310 65 835 1107 702 284 1830 903 1908 931 1114 768 848 2388 1340 1608 1767 1720 1821 2471 2601 502 990 684 250 1235 297 1845 103 1323 1975 2624 578 126 1186 688 2276 2314 1391 1413 522 1277 2079 2571 834 309 333 2579 856 1013 2555 2058 2831 1620 1907 205 2667 2197 2080 1336 1286 400 240 204 767 2661 2160 1104 1300 827 1458 789 2705 1791 1015 1130 1727 1315 1844 2136 1940 2313 2736 506 1178 677 1217 1244 2216 1353 2759 1749 483 2401 575 2630 1804 1174
000390.jpg,418 52 1481 2244 346 1465 806 786 780 2429 534 1662 2059 484 2821 53 290 467 225 1022 1787 758 2236 363 207 1378 1475 452 2687 2407 61 653 2505 2465 2467 2301 2470 2025 2690 2765 389 2634 478 1220 268 131 1275 999 936 2669 2398 108 471 2285 753 1730 1438 1789 1008 1568 464 89 1929 2806 628 840 402 295 1706 2396 1780 726 1692 654 192 2531 1831 1024 927 1875 2142 455 655 2053 1655 1503 1039 430 1097 1273 1127 1262 504 331 1026 1293 1918 2611 314 241
000391.jpg,1603 820 285 546 1221 1541 807 1891 582 750 6 334 1723 1882 2666 2387 650 956 2677 629 1916 2816 1697 475 1188 2346 922 1153 2043 2810 1865 2171 372 2313 1260 759 468 411 1761 298 1858 2194 281 1456 973 37 1763 1227 1285 2359 1462 2643 1284 2841 122 1570 1380 620 1083 732 1702 2261 829 1090 1015 661 1605 1797 2152 2502 586 2167 980 1884 1082 941 396 1263 1750 2303 1537 84 1308 40 423 2118 1219 1979 443 594 117 1006 1184 181 1139 38 2627 2494 1661 2268
000392.jpg,1055 2294 1944 725 2728 2207 1056 1825 2558 165 1940 2825 2766 1130 447 1986 692 2736 1126 2719 2292 1841 442 2305 2041 137 2506 1212 2319 2135 2741 116 204 1463 1067 246 2258 2511 362 1547 97 1134 1935 2842 899 790 1962 1606 79 2665 722 2068 686 1452 2580 494 1868 350 2435 1899 140 1076 677 2708 2286 2057 2291 574 146 2438 1639 2382 2813 508 1937 1464 12 1874 682 994 526 657 2248 1185 2683 271 1408 491 1942 864 1998 1721 1223 608 647 1473 1892 2393 1876 1777
000393.jpg,2252 1651 1977 2682 1179 2491 2328 1063 1578 1583 916 2647 639 841 1579 945 1920 227 887 998 2042 114 2310 1770 1769 2723 763 982 9 2097 1211 1667 2225 1470 819 748 919 2792 952 1531 1354 517 118 1791 2575 2778 1528 930 1585 382 928 2729 778 2379 1657 567 2349 1851 2065 875 1854 1367 2711 311 1970 1368 1210 2416 2304 1239 923 1154 25 515 2793 528 2559 1566 579 2459 7 975 2618 2488 2658 492 566 1209 513 2026 808 151 2110 2081 1819 1271 512 2462 910 662
000394.jpg,196 353 776 2474 98 1643 585 1819 1864 1625 869 701 2081 2067 910 1402 233 2334 2462 1963 781 1042 2256 2353 2361 381 2103 809 1344 2027 276 2001 1600 2141 2264 69 5 481 2152 2677 1084 1744 372 629 1661 2502 84 2582 2572 244 2726 1371 323 796 2485 923 2101 1949 1283 1365 528 2457 1515 375 2304 669 1223 2162 1987 515 1108 1754 106 1204 1761 1272 40 975 1638 1616 303 941 592 871 1504 281 748 476 247 539 2421 933 2026 492 1757 25 1525 2336 1477 850
000395.jpg,1317 1756 1395 805 1755 1921 1647 721 2061 1972 2402 799 1303 2053 314 1297 1918 2236 412 1475 1050 1037 1967 1124 1635 390 27 561 1568 1140 999 2693 1715 726 363 653 484 1789 1831 1612 2505 2465 2301 2407 1655 936 1273 1187 1648 927 2406 1097 402 786 1378 2765 1008 471 1293 1143 1706 2059 1024 1022 1662 331 1829 580 1216 464 2687 2698 1118 806 159 467 1822 1275 2531 89 1438 1472 108 2715 1929 1274 1730 655 326 2429 2279 478 780 2232 2244 753 2137 452 295 2398
000396.jpg,290 1875 131 2531 2285 2565 495 1843 452 241 268 53 2142 653 1503 2693 1024 467 1011 418 840 52 346 1481 1022 1274 2821 806 786 2765 2470 2244 780 999 758 799 484 1127 1465 1039 2687 2634 2059 1662 2429 534 389 89 1378 726 1787 363 464 1706 1568 207 1789 225 295 2465 2505 1475 927 61 2407 2301 2236 1275 1831 1262 2467 936 1655 1929 430 2025 1730 2715 1220 1273 2398 2806 331 753 455 2690 1097 31 1293 1008 1062 1932 2396 402 655 580 1692 628 504 1918
000397.jpg,346 418 52 1481 2821 786 2244 806 780 1465 2429 534 1662 2059 290 484 452 467 1022 53 363 2467 1378 2407 2690 2465 2505 2285 653 131 2301 758 268 2687 478 840 402 936 2765 108 753 471 2398 2470 1787 1438 1008 1220 2531 207 628 1475 2634 225 389 1875 2236 295 61 999 1275 1789 1843 1730 1929 495 1024 2142 241 1568 2806 89 2025 1503 504 464 2565 1039 430 1706 1692 927 1273 1831 2693 726 2611 1655 2669 1918 1262 1026 455 1274 1127 655 2396 654 331 1037
000398.jpg,1385 773 2145 406 519 2763 1779 1992 742 1007 1707 2102 1871 1645 1526 1442 1511 1969 1894 1138 1800 2613 1731 186 2516 1325 257 937 535 1527 2377 288 1718 709 392 1516 301 2219 605 1455 2609 2341 336 253 730 338 1020 365 544 1581 811 1783 1040 1131 2560 2331 1309 1498 410 855 1110 1311 2830 2680 1850 248 435 821 678 2299 852 2095 434 870 1243 1424 1966 94 1479 1068 2243 1387 1794 1466 1142 610 1379 1981 2543 2303 2364 2746 2251 112 1548 593 1682 2492 1419 2245
000399.jpg,2012 2391 630 2593 632 256 2147 1600 1958 1642 392 1170 2170 490 3 516 2405 318 254 1267 1200 1347 1380 1077 1247 874 301 58 2132 2204 1152 2490 2264 1595 1519 233 2453 2331 1036 2734 2718 2318 2001 604 1762 1973 549 1419 2420 2165 2256 1625 212 1751 1633 1128 343 796 2691 320 869 1717 2101 862 568 1709 1321 2156 276 1911 2071 2655 1387 1963 1479 1136 206 2355 350 1204 66 1757 1098 396 652 94 2582 1160 1425 1183 946 1643 1682 2636 974 265 2487 1528 2603 595
000400.jpg,1944 1056 2294 1055 2135 137 899 1212 204 2741 2728 725 2207 2842 116 1606 2558 165 1825 2825 447 1463 2511 1547 1067 686 1134 246 2766 1935 2305 2057 97 494 2041 2435 2068 79 1076 2736 2580 692 2291 1899 722 2719 2665 2292 1874 2286 1130 1126 1452 574 2248 1841 2813 1223 1940 2382 677 2319 1937 804 657 146 1464 2708 442 329 1639 2438 2683 2258 948 1986 1185 140 647 682 1868 1931 1777 362 2639 2393 251 1721 1427 1810 2509 2436 491 2583 2526 2540 67 627 2569 249
000401.jpg,1757 1255 123 986 882 2150 932 1365 785 1049 698 2387 839 334 955 1521 372 750 1541 2380 1236 1603 2493 820 1406 1477 1600 905 289 1001 724 2775 1346 2267 568 1479 1200 624 868 2350 1041 829 1263 895 21 1548 2514 743 1888 2410 2047 2121 249 2151 1874 1189 1153 1012 1380 1387 93 2012 1911 174 1558 909 204 1267 2475 2668 336 427 1590 2378 714 1697 1747 2743 540 2449 995 2729 2291 474 981 1219 2823 1415 796 1033 2318 340 1256 323 2227 1833 657 1226 2423 893
000402.jpg,545 1785 1394 1228 63 1019 2022 1333 1213 2066 1087 2178 714 898 1631 304 2113 1558 1685 1389 182 2072 1166 2546 954 2409 1207 1928 1115 499 1298 1137 1334 93 1590 149 895 465 614 1760 1712 853 2323 1161 1801 1361 485 1175 2277 1561 2644 676 1306 1300 374 2493 1951 1798 962 529 540 1197 589 658 251 727 1451 803 1427 395 2000 789 1559 2579 291 2504 1257 1230 483 1749 2381 16 1883 2547 576 2700 240 1513 824 1535 2542 1353 1176 1971 132 1847 1743 101 2324 1106
000403.jpg,645 2011 445 1029 2840 197 463 1552 433 2375 2289 1054 1623 1679 1253 1649 1328 1444 2707 947 2735 1663 1895 2650 134 161 2767 169 2836 769 440 2050 1782 1544 2837 2130 735 51 2439 1045 2241 1617 1993 550 2631 2482 2088 155 1422 1496 562 305 1640 712 319 518 2538 1840 2556 965 1658 259 563 1381 2272 2454 1860 173 439 2628 1788 2649 179 260 950 2287 2133 2713 1636 2769 64 1202 1948 1569 1584 860 1417 1775 2352 900 2076 2721 1218 1796 1261 2815 1316 231 1870 1307
000404.jpg,2509 2121 1001 2350 1810 2583 67 627 202 1075 1012 249 1406 1944 2728 447 725 2294 137 1055 165 1212 2766 2825 2736 2719 692 2207 899 1606 494 2741 1874 2135 2057 116 2558 2435 442 1825 2292 1126 2291 204 2143 338 1557 2683 2051 1223 2319 1130 2708 1439 24 1195 634 2041 1728 97 1940 730 2430 574 404 1609 1986 1581 2622 1935 1088 2258 1390 2295 1533 135 1463 1547 1346 1899 1243 1841 1597 2305 1725 853 1067 368 426 2302 2667 2809 1689 1928 2472 1165 2842 1020 2413 2560
000405.jpg,131 1875 290 495 2531 1843 2565 268 2285 241 452 2142 1503 53 653 1024 2693 1011 840 467 1022 1274 418 2765 1789 464 927 1706 799 806 1481 1831 2687 1655 726 999 780 1039 1127 52 758 346 1568 2244 2715 1475 89 2059 1262 2634 1378 389 295 2236 1062 1932 2821 786 2470 484 455 1465 1273 504 1813 207 1275 129 534 822 2232 1281 2301 31 1787 324 2505 2465 2407 2137 1293 1929 61 2698 580 1097 159 1662 331 1730 1923 788 2429 363 2806 501 314 430 1143 1781
000406.jpg,2263 2678 1525 1726 2572 2623 2386 1960 1371 2116 1280 40 1198 1170 851 2448 762 1084 1880 2807 2522 2141 45 592 1458 398 1336 1318 2056 1013 2503 2591 2571 300 2160 636 949 1856 1364 2278 1199 96 1251 1536 2441 2718 2079 1083 1064 2111 1632 104 1315 861 1802 335 2048 2761 620 183 644 2737 474 2562 1596 189 462 2720 1144 1004 2733 1343 2831 181 2760 1702 1927 419 2203 1482 2230 1113 1032 1616 957 106 2182 1365 732 783 2086 1400 2401 2608 327 1183 1768 333 171 894
000407.jpg,802 142 1492 2078 1699 429 1430 1553 1053 1886 555 2267 2380 868 866 1236 2333 878 1890 1431 36 2117 554 1888 2029 733 1256 680 500 2217 1033 2415 1499 1588 176 2668 1132 1562 289 427 2743 417 597 1686 886 536 743 1418 2568 121 988 2786 1393 901 332 193 2227 1793 62 681 340 21 361 2423 569 2108 1398 2090 2451 2384 979 1065 302 199 292 78 1268 893 432 2671 1038 1272 323 2421 571 1041 640 2520 1374 2032 13 2047 2828 1754 1263 377 73 1219 2578 767
000408.jpg,1944 1055 2294 2728 2207 725 165 1056 2558 2766 1825 2825 447 2741 1940 692 1212 2135 1986 137 204 1130 2719 494 2736 2435 899 1606 2842 2057 1126 686 2292 2580 116 1067 2319 574 2291 1899 1463 2305 97 442 1547 2068 2511 1452 657 2248 1473 2813 2041 12 1935 1223 79 246 1841 790 1874 722 677 2665 1639 974 1777 1076 1134 2258 1464 140 2809 1408 2708 1721 1937 1876 2382 1962 1868 146 1942 271 1185 2286 2506 627 994 864 249 2440 526 1998 1439 2499 647 362 1677 1892
000409.jpg,2320 1149 2533 967 293 2172 286 29 2673 2408 213 1804 2024 707 426 2638 1597 2756 2430 634 2143 24 2021 1719 1689 754 2354 1728 91 1849 1478 2615 1265 1448 739 792 1269 1231 2413 2295 1529 2296 2235 2787 119 558 2390 1296 2224 1722 1867 135 1383 80 757 184 2472 424 520 218 853 2566 1984 1533 1945 1733 232 1312 19 2744 646 2054 1361 364 1451 1900 1180 529 2644 498 376 789 1091 589 1996 1535 436 215 926 2409 395 962 1818 983 1798 766 2323 425 76 658
000410.jpg,558 757 2295 2413 1728 135 1533 184 1689 754 1231 2472 2756 1448 1478 1296 1312 1984 1383 119 2638 1265 2615 218 80 2021 213 2024 426 2143 24 520 2408 634 1945 1597 232 2430 707 19 2354 2260 1804 2566 967 1269 739 2320 424 1722 1149 2533 1719 2235 1849 1867 1733 29 286 540 91 2172 853 293 1529 1898 792 2390 1093 2673 2744 529 388 2277 1801 752 783 2508 498 473 1766 2725 1061 2296 2128 163 1683 1035 2014 2464 1326 2169 2224 2323 2644 1889 1839 609 2124 375
000411.jpg,1801 2277 529 2644 1631 1394 395 545 2323 853 962 465 2249 1798 1334 1230 1197 540 761 572 898 1558 1087 1561 714 2759 1346 1898 2579 1389 1683 1213 374 499 2113 2072 1228 2555 2409 251 1333 1207 2066 304 1928 2242 2022 1785 2178 63 1166 1427 1137 783 1300 589 576 2547 803 291 658 1749 1298 2224 1035 1019 614 2546 1093 1839 2317 789 2504 824 2381 1361 1727 1306 2542 581 727 1535 483 44 676 834 431 1353 1175 1951 101 2003 2510 167 954 1883 315 2325 1881 16
000412.jpg,1865 1858 2313 807 468 1153 1260 1188 2823 411 1227 1697 759 1761 1603 1610 752 1456 829 922 546 1044 122 2194 1284 750 2841 1541 582 820 1560 2261 285 229 334 6 1015 620 476 2043 661 956 1221 2643 2171 669 2810 980 1882 2816 2118 650 1884 2216 732 1702 2567 2168 2666 1797 1083 181 448 2387 2751 924 1171 1217 1214 897 1763 761 2425 1703 1487 2317 2476 2249 189 2167 2060 37 333 1288 1285 973 2677 22 309 372 586 298 1032 1090 834 1139 1891 396 2109 443
000413.jpg,503 633 772 711 1680 2322 2250 1746 1335 2193 2764 1117 68 2144 2592 2052 602 1111 553 1332 1917 1704 968 238 533 2237 740 1314 1708 261 120 771 1010 1852 2199 2681 1955 699 1376 1774 1109 1164 2773 507 972 1543 2177 162 92 1873 872 2228 1327 2552 2212 671 2265 587 1297 1182 963 2306 2500 28 1823 532 367 2099 1563 2527 316 354 1956 2814 1650 1532 696 313 2610 2191 2557 2028 2799 1991 2365 81 2343 2181 2370 2819 505 2479 649 2822 1741 235 2597 458 2689 2119
000414.jpg,2023 1584 2045 2755 747 770 258 2545 2034 1320 1796 2713 64 1569 48 100 439 715 2433 2721 2272 2376 1416 1096 1948 2352 1640 562 51 201 1496 2556 305 2309 1490 194 155 1316 1051 2815 1993 1636 2650 712 1860 2289 1617 2130 2631 161 1649 1029 2050 1417 2836 2837 463 947 1218 169 1586 563 2767 1897 1261 1895 2088 1328 550 1045 440 1054 1381 1782 179 860 2454 2649 2735 1369 1552 2628 735 497 1362 2241 992 433 260 1658 1788 2046 1544 168 1870 2011 1663 2707 1422 173
000415.jpg,1215 2524 1652 912 41 2208 2231 2298 1264 1684 2692 716 2205 2517 2104 527 651 2675 237 345 1564 616 1812 1988 591 1360 143 1181 1242 2131 2185 1129 273 124 1630 1587 2246 1837 918 996 2530 2781 1491 2529 2619 2444 2801 700 386 1514 2363 708 1440 697 969 414 718 1349 958 2271 352 2584 810 2460 2226 1411 1445 1618 2844 2541 127 1539 147 1803 511 2175 795 1366 2710 1863 2158 557 879 2834 1294 1 2184 787 638 1615 71 1619 1660 641 30 1862 1816 551 2633 2215
000416.jpg,1305 1436 222 2218 1504 2512 850 2362 1052 2071 1790 2691 1933 2096 836 2355 1638 935 2750 2645 1321 1098 2156 2201 1709 2342 2432 1736 2450 1806 755 897 1621 2627 2593 1911 612 396 796 2449 2446 217 1661 1032 2452 144 453 2083 1927 96 2163 2420 981 2060 2194 1387 2554 481 894 1910 84 255 476 1023 205 1757 419 189 882 177 2030 141 461 2519 661 1227 599 2679 2261 637 1632 2089 829 2829 1085 1330 1145 785 2122 2168 1183 629 1337 2098 281 2747 1865 1717 1866 2427
000417.jpg,1569 100 48 715 64 2721 439 1796 1640 562 305 2034 51 2545 155 2650 1993 1490 1496 2433 2556 2631 1453 1584 2272 1860 2713 2376 1617 1948 2309 1658 1422 1840 712 1381 2050 2130 169 1045 2241 2439 1544 440 2289 1096 1417 2352 2628 1328 2837 2649 1051 1782 2454 2836 1316 1369 2707 1416 1218 518 860 194 550 735 26 201 1623 1870 2538 947 260 161 1679 1054 1261 2815 348 1444 563 168 433 1624 1710 1649 2088 197 1663 747 2023 1636 770 1878 1788 179 2714 1489 1965 645
000418.jpg,546 582 6 1221 285 759 807 1882 2643 1702 1083 1260 732 620 181 1797 1891 2313 1188 468 1603 820 2816 1541 1697 2043 2171 2666 2810 1858 956 650 922 1723 475 750 2346 1916 334 1153 411 2476 1456 37 1865 636 2807 2194 2841 1763 661 122 1227 1284 973 2387 1570 2425 298 1318 2261 1605 1761 829 40 2167 1380 2278 1537 2168 2677 594 1610 1090 1015 1285 586 1139 372 1397 2502 980 629 1082 476 2179 148 281 690 1560 2152 1308 443 84 1884 669 2303 2768 420 1536
000419.jpg,346 52 2821 786 1481 418 2244 1465 2429 1662 780 806 484 534 2467 2690 2059 363 402 2407 2301 471 1438 1022 1378 2465 2505 108 467 478 936 53 753 1008 2398 758 1220 452 290 2687 628 2765 1787 389 207 2634 225 1275 61 1730 653 1929 2236 1475 504 840 89 1692 2285 2806 2025 430 295 999 1026 1918 1568 1789 2611 655 1273 2470 131 2669 1037 2396 1124 268 1039 192 1941 654 1024 464 927 2531 1831 331 1706 726 125 2632 2794 1655 1097 1048 2070 1780 1843 1875
000420.jpg,2153 419 894 2554 1632 96 1927 106 189 1032 2060 1171 1214 2197 22 1987 2109 815 2567 481 2751 2571 744 1013 1336 2079 1286 300 2160 1315 2425 2313 1661 2705 2141 2216 1283 2831 2401 1108 396 2726 2162 2048 1703 468 1199 2841 957 1844 941 2612 1188 971 1364 1251 2261 1363 309 1858 1797 1139 333 620 1227 506 732 759 2278 1907 922 1768 1365 2643 1288 1744 1995 181 1083 214 2502 762 1153 2152 84 661 2507 636 335 2720 1953 565 1726 2688 2194 2476 2591 2807 6 2230
000421.jpg,84 2152 2502 941 1605 1139 2348 1866 214 909 1602 2706 1953 2841 244 2141 1696 2677 1616 1371 815 2572 1365 2115 1280 1987 2623 629 1113 1198 1525 2678 183 2263 398 924 1171 1084 2503 236 851 1960 1064 2608 45 1214 744 106 2522 1184 2751 1927 22 2203 117 2303 40 1458 1199 2760 2056 189 2182 1726 2109 1659 2457 2448 509 621 1364 1032 327 96 2567 1251 1205 171 23 2386 298 1570 275 2705 2726 957 2831 2060 2030 2162 1687 1661 2197 690 844 1632 2153 1477 2620 2554
000422.jpg,1754 1038 1272 2421 1949 2520 13 2210 640 1041 323 377 2578 828 2671 865 1668 2047 1374 2602 2032 56 933 2828 1189 1049 672 1337 2428 2539 370 1429 2083 2629 2798 1910 2221 729 932 698 1249 2031 839 2120 1329 1477 1521 955 2038 123 1070 964 2335 340 1553 882 2108 536 2267 986 1492 2668 1431 2786 427 142 1430 743 429 979 555 2217 1255 2333 1256 1033 176 121 1764 2029 901 1699 868 2117 2380 2423 569 2839 332 1399 36 2387 1890 988 432 2743 2415 597 1686 2150
000423.jpg,768 1830 848 903 702 1114 931 1107 1767 1908 1340 284 2388 65 2601 2471 1845 1310 502 990 1608 1512 2624 1235 1254 1720 1821 522 103 297 688 578 126 1323 835 684 250 2276 1975 1186 2667 2314 1391 1413 767 1839 431 1035 277 2323 395 2302 18 962 2644 2510 1165 973 315 1759 1753 1938 1232 1570 298 1285 2772 1798 1125 2077 2777 1842 2 2478 2561 1557 1390 581 1397 851 2757 191 529 2706 737 2509 40 1810 2622 1207 2114 374 783 2663 2620 2759 1263 1900 1015 2496
000424.jpg,2381 1900 364 2040 101 436 215 737 2504 251 803 341 581 989 1230 374 572 328 766 2238 1883 2114 1427 2579 2759 2242 395 962 2540 1798 407 789 2644 2323 1091 1683 1334 1898 1257 529 2542 1996 1561 777 1801 2277 1786 1300 1971 2489 926 1106 76 1197 1818 564 1559 230 2288 1357 1451 1361 1353 39 2495 1180 483 240 2281 2000 1093 2787 1137 617 2546 1306 1207 783 545 1951 1115 614 1175 485 589 2113 2072 1693 1394 2656 2066 304 751 2178 2784 1213 1389 714 2149 658
000425.jpg,2677 629 924 882 1462 123 2150 986 1757 1487 2841 1255 423 2359 1139 37 941 281 953 84 1082 922 2494 1308 586 594 2216 909 2572 1090 122 334 275 750 1703 443 1763 1471 2573 2706 411 1371 1006 214 1153 2387 1697 396 851 2115 1605 1502 40 1188 2179 2502 1541 2249 2627 1987 761 372 2535 1687 1570 1250 820 2348 1916 1199 1616 1232 2203 115 1474 1288 1738 1603 1661 1363 2346 1113 327 1866 2197 1221 285 1995 2483 475 1723 1659 1280 938 1032 1891 244 1525 1073 650
000426.jpg,1697 2167 2268 459 1188 1911 922 1456 1763 411 37 1090 586 1284 122 1082 1308 443 1006 2043 2810 1380 2171 2816 650 2313 468 2823 2666 546 1858 1221 285 759 1891 1153 582 6 620 1260 38 732 181 1797 807 2449 1865 2643 167 1916 475 372 1882 1702 661 20 2677 829 2346 281 1723 1227 2168 2194 1083 2841 629 980 2535 1603 1541 820 1761 2425 1884 2726 1995 298 476 669 1610 1267 1200 2476 1285 2261 334 1570 2807 2118 1744 1537 454 636 2623 1015 973 796 2593 1502
000427.jpg,2548 969 2226 2662 1375 2363 2460 1514 352 2740 557 879 1366 1025 687 2175 2844 1539 1684 2298 2727 1619 2633 1815 837 1660 1009 414 2607 2541 1816 1349 1 551 1572 2399 349 577 2710 1925 1480 342 234 2139 267 2455 2063 2215 2517 46 1440 1571 2584 1411 913 2229 2833 1520 2185 1776 797 2473 264 892 958 2709 1360 867 1630 2529 1159 2246 2158 1446 2749 2385 718 1270 2138 795 307 2484 154 2186 2431 1059 2524 1863 386 2100 143 1618 1294 1665 667 2456 814 2783 570 1129
000428.jpg,2295 2413 135 558 783 1448 1728 1093 184 1383 2615 1265 1296 1231 1478 2785 2242 2472 617 754 119 1683 540 80 1689 2756 407 1945 1898 2111 1856 1312 757 1984 1996 766 232 2441 949 1091 1914 328 2566 520 1561 2238 2021 1533 2644 19 218 1343 2759 1103 777 341 2202 596 529 1999 2260 95 739 2737 983 1269 1846 2827 395 2638 1230 2190 1801 789 2504 2579 2323 2489 2745 2547 695 1535 1722 2277 2408 2354 2112 581 1743 364 737 230 1867 2114 962 1334 310 213 132 1176
000429.jpg,1563 238 28 2552 505 2250 2500 2819 2181 2479 458 523 849 175 152 1532 1896 2716 313 2365 587 972 2283 1827 2557 705 2689 734 1741 2119 2191 2674 2370 1339 1335 81 847 2527 330 2534 2099 2228 1376 503 633 1680 2177 2681 1704 2193 2322 671 711 2052 696 92 2592 602 772 1111 354 1332 120 2742 740 1297 1912 532 1831 1873 268 261 2806 1655 1281 927 1932 1010 131 464 125 1706 726 2687 1037 1730 1117 1275 1813 2236 1923 1314 999 788 2237 1789 1929 2144 1746 2715
000430.jpg,1938 1443 277 1833 767 2686 889 1747 2496 2532 2702 1989 211 369 1460 2510 431 2315 70 2757 1759 315 951 1980 1035 2685 1753 2561 1390 2077 2818 1557 2622 1839 2777 1834 2302 1165 2772 2663 2478 18 1125 2 2015 1252 1842 2323 191 2644 1801 395 601 1548 2245 1986 714 1333 1767 990 783 1928 2277 529 269 461 898 400 465 1334 63 1263 853 2242 500 2668 394 1075 2022 1511 2249 1343 1326 2098 1423 522 824 473 2699 962 907 1091 1197 980 1845 2111 88 2829 1166 1931
000431.jpg,493 976 2174 2374 366 1196 1034 2672 1234 133 1861 2004 1930 1358 1792 1279 57 1580 859 1758 280 1947 2418 2125 746 210 2461 797 570 793 689 548 1665 1276 2838 1392 1859 2456 1664 1724 2327 756 1575 1765 294 2184 2330 1375 2186 1072 2694 1776 588 583 2229 1497 1081 228 422 1193 1086 421 720 242 158 1877 1551 1457 2206 1887 857 2739 880 2039 2332 801 2541 263 1191 2123 2321 2581 2548 885 2356 1043 150 687 1030 2590 1229 1059 656 2659 1542 2703 170 1432 1350 2198
000432.jpg,2677 629 941 84 1605 2152 2502 244 909 2706 1139 214 2348 1866 1602 2572 1696 1371 851 882 1987 1462 1113 1757 1616 123 986 2841 2115 1953 815 275 2678 2141 1365 594 2150 398 1198 1477 40 2494 1144 1255 2623 1280 281 1960 2359 423 1084 2203 1738 1661 509 924 327 1687 744 1488 1949 1184 2448 1171 2197 2503 1199 106 609 2109 2571 420 2620 1400 2421 298 1570 1397 270 2179 1525 1458 1726 300 510 2567 1659 183 1927 1603 482 2751 785 2263 957 1502 762 2768 1205 334
000433.jpg,1506 1780 1141 2070 383 252 858 1356 1598 1168 1299 1505 2311 1829 1216 113 625 525 1140 679 1248 1435 2279 2669 654 216 49 61 1924 455 2137 1127 245 192 2232 1781 822 2025 225 1787 2794 207 1262 1273 1124 2164 408 1282 2396 2698 2280 33 139 239 2470 1472 1918 1568 27 1274 2173 2053 356 296 1612 1037 2091 1692 838 2316 209 1024 331 655 1503 2531 430 1293 2765 799 653 2742 268 726 2062 391 1097 1026 1143 1875 344 1297 1647 131 1303 1972 464 1706 2402 2565
000434.jpg,1057 2437 1836 2317 1914 1476 88 2202 2745 1178 2785 1749 1672 2700 1856 824 132 2547 1990 1713 2422 1116 1224 34 1714 2190 576 95 2523 2111 683 1593 2180 2441 1176 695 751 596 1838 47 983 1743 1483 16 44 1447 291 2827 1469 2129 269 1535 376 465 310 832 2016 2249 1727 777 1091 1693 1346 761 2058 1449 230 1277 1353 60 1523 1103 603 1620 1678 1732 1996 1073 1450 1304 1795 1773 2000 834 2555 946 2275 1200 483 1106 2695 441 2518 1559 1180 2495 1357 863 2080 766
000435.jpg,2749 1524 203 154 1059 1629 2740 342 2468 1811 551 2444 1803 150 1167 2595 1355 2710 147 1025 2431 934 1863 127 472 385 814 685 798 2548 577 1861 1375 2198 1348 307 795 2709 667 1539 1619 1072 1716 57 2175 884 267 1862 185 2226 242 1509 1675 2187 1377 2727 1030 969 1201 2473 1324 1 158 2783 641 133 1807 170 1947 1034 2174 1129 438 880 2385 2403 1576 1925 82 2460 1520 1837 879 2374 867 2633 2206 2654 1580 2581 2013 2127 124 1530 2002 1373 1522 2273 842 2371
000436.jpg,850 2362 2512 2691 1504 222 2218 1436 2355 1305 935 2645 2096 836 1052 2750 796 1098 2201 1321 2156 2432 1790 2071 1933 1911 1709 1638 2593 144 2420 755 2342 1736 2450 1806 1387 2318 1479 1682 630 1200 897 320 1621 1380 1267 599 2446 2452 946 2167 1697 1082 666 1090 1006 2268 1308 2627 73 399 459 380 2679 1718 595 1676 629 1763 612 586 2074 396 2587 1510 99 2642 1085 1903 443 437 2829 2537 724 2535 1717 1250 2122 922 1599 177 2655 2449 2163 1233 37 1163 72 2249
000437.jpg,730 338 336 1466 1707 253 1131 1498 1325 1455 2516 1243 742 1007 1783 2151 1794 1526 2341 1379 1779 1969 1511 2145 392 2746 112 1005 544 1670 2730 568 406 2299 1442 2788 2102 2290 365 2364 410 1385 749 870 593 1992 1581 1020 1068 2763 773 673 811 1966 605 1110 2549 2560 1311 248 1309 2830 1040 435 937 709 2377 1871 1645 535 1968 1079 519 434 610 94 2251 678 855 1527 881 1516 186 2680 2219 2243 1424 1094 1165 648 2302 1133 1894 1548 821 800 1142 2519 1731 1732
000438.jpg,431 2510 70 1035 1839 2561 1753 1125 2777 2772 1759 2077 2478 2757 191 1252 315 1390 1165 2622 1557 951 2302 18 1834 2663 2818 2 2015 1842 767 601 1938 277 1443 1833 2686 889 1747 2315 2702 2685 2496 2161 1980 2644 1801 2323 1075 529 395 1353 269 2532 465 990 297 1767 1333 2277 369 63 2547 211 824 1593 1460 1235 688 789 1137 1989 2296 2242 1300 1548 581 1986 1511 202 2759 374 1845 1107 103 962 2249 2624 576 2276 251 1389 1310 1334 1019 1413 1323 1427 483 2471
000439.jpg,2044 85 2501 2411 1656 1934 2528 1644 312 2832 635 987 2790 1624 1405 1102 2817 611 221 943 1319 188 1926 2300 817 556 1407 547 2082 1386 2270 1796 259 1993 1617 1983 2545 64 562 1190 1422 2631 2574 2670 439 1569 2544 550 1552 712 100 305 463 74 2837 1092 2721 2724 1428 1414 2419 715 2676 1788 1029 2397 1158 1640 219 622 2800 1208 1045 2133 992 2088 1046 48 260 2344 169 2241 1848 1381 2007 2707 2307 2034 826 2538 1782 2836 134 51 518 4 2046 1328 2289 606
000440.jpg,982 1470 887 1531 2328 748 1667 819 2065 763 1585 2225 2575 1179 2491 1791 1977 1578 808 1211 2682 1651 916 841 1579 114 1769 2042 2792 2252 639 1063 945 118 2647 2778 2723 227 567 919 1770 1354 952 2310 1920 930 9 1851 928 311 2349 875 1210 2793 579 1583 2097 998 2416 7 517 1854 1657 2304 2559 975 923 25 2379 2729 2711 528 2618 1209 1528 382 1154 566 2459 1271 151 2488 778 513 2658 2026 492 515 512 1368 1367 1970 1239 2636 1566 800 871 662 1850 72
000441.jpg,2185 1129 2584 1411 1694 1684 2517 2298 143 2529 1440 386 718 795 2616 2271 2363 1445 810 2524 1360 2619 958 787 697 1514 1294 1630 638 1112 30 2246 71 1446 1939 1258 665 2801 2481 1215 2104 2460 1270 557 879 2833 2139 2844 1242 1925 273 1366 2444 1619 969 1863 1982 299 1816 1480 2731 264 2455 2385 1122 667 1660 2092 1652 1539 1814 641 2633 41 1264 837 352 1589 2607 2771 1571 1009 2576 1549 888 2484 1776 991 2776 912 687 1373 2431 867 342 2797 1807 2231 262 741
000442.jpg,1145 2747 2098 612 1047 1023 2055 141 461 477 1976 401 1872 453 2163 760 981 1628 595 99 1510 694 2636 823 208 2009 399 2587 1784 2655 460 437 174 2775 1233 1717 72 1599 1415 731 2074 1163 1160 380 2679 164 2469 177 2126 156 73 2829 2122 172 1903 1241 2722 816 1085 2577 2274 1688 2537 2642 1089 1808 1436 2218 755 1100 2452 222 1504 1404 1638 1736 666 1321 599 1682 2450 1906 1155 1933 1098 2071 1806 2342 2645 1790 2750 2446 1305 2355 703 2691 783 1550 935 2003
000443.jpg,1882 956 38 1697 372 1911 2677 2823 2167 2268 281 661 2168 629 1995 1153 459 2261 829 2194 167 1200 1380 1456 2573 1227 396 1638 20 115 2476 669 448 476 922 1536 6 636 2593 1267 285 1221 122 2678 1797 2623 1709 42 1525 2222 1082 1188 2425 1387 1090 1763 1880 796 732 1308 1032 37 2572 2197 1537 946 1205 2691 2216 546 1284 2726 1318 2706 1761 2535 620 582 586 411 980 2313 443 1006 1884 894 2831 2807 1371 2263 1560 298 2156 1057 1661 2118 2554 1184 924 1280
000444.jpg,1525 2263 1280 2623 2572 2678 1371 1084 1726 1198 275 1170 1880 1205 1960 2448 1113 327 1659 851 1400 2030 2141 2761 2386 2303 1802 1199 84 1768 1687 1616 270 762 2791 1536 2203 1184 117 1866 1144 636 2494 2048 448 1283 941 40 2807 1318 2476 298 2348 1365 1696 2571 2101 2425 1139 2115 1251 1108 205 214 1502 1979 2278 2831 2116 2706 1364 6 181 732 909 1032 2677 1458 474 42 1922 45 96 244 1083 894 1255 300 1570 2705 620 2522 419 106 2562 183 189 2620 2554 2720
000445.jpg,751 1057 1914 2317 2785 2745 88 1856 2202 1836 1476 2437 1749 1672 824 2190 132 576 2441 2111 1178 2547 95 695 1116 1713 1176 983 1224 1714 1593 2700 596 2422 1990 269 1743 683 1678 34 1732 2827 1450 2129 2275 1620 44 1147 291 1073 830 603 777 2518 2180 310 2523 1091 1535 1693 230 1483 16 47 1838 393 1996 1447 863 1646 465 1244 1120 339 832 2136 1727 2495 187 1346 2239 2016 1353 1523 1469 2058 2242 1449 1841 2238 1773 761 60 2630 378 926 2073 1517 766 1304
000446.jpg,783 1093 949 1343 2737 617 1103 940 1004 1999 2112 1856 2111 1683 1898 1914 2785 2441 407 2242 540 2827 2202 1561 596 95 983 198 1434 310 2745 2190 75 2413 695 88 1091 1996 1304 2317 2295 1476 341 777 766 60 1743 132 558 2238 1176 135 1298 328 2542 2547 2422 2497 2114 1846 2759 1535 824 1230 2644 1801 230 1631 2489 1448 1773 1693 581 576 2504 34 2323 1224 291 737 1749 63 364 2180 1795 1334 1672 1087 2523 1447 395 832 529 1019 1513 1116 2022 1482 462 789
000447.jpg,1531 1470 887 2792 567 118 748 1791 1585 2065 819 1667 919 2575 1769 1354 2778 952 2328 808 875 2304 975 923 2793 2491 1210 311 1179 7 1977 2416 9 1579 841 2349 982 1578 515 639 2647 945 1770 998 2559 1851 2682 1651 2618 930 1063 1920 1271 114 2723 579 2658 25 151 1854 928 1209 2225 513 2711 1211 763 528 2379 1154 1583 2729 1657 2097 492 2252 566 2459 2042 2488 1528 382 2310 916 778 2026 1368 512 227 1367 1239 2074 1970 2299 517 417 1599 399 1219 73
000448.jpg,2328 1179 2491 1977 2682 1578 1651 2647 639 841 1579 945 1920 1063 887 2252 1770 748 819 1667 114 1470 2723 9 1585 1531 2575 916 2042 227 1769 982 763 2097 1211 1583 2310 1791 2792 118 1528 919 2225 998 952 1354 515 2778 567 2065 2349 2459 1851 311 930 579 1154 517 2416 875 928 1210 2488 808 1368 492 2304 2729 2793 923 2379 566 2026 1367 25 1657 975 1239 7 512 2559 1209 2618 1854 382 778 528 2658 513 2711 151 1271 1566 1970 2462 1643 2334 2081 1819 1402
000449.jpg,783 949 1343 2737 617 1004 2112 1103 1999 940 1093 2111 1856 2441 75 1434 198 1914 2827 2785 1561 983 596 310 2497 1298 95 2202 1304 695 60 2190 1743 1683 2745 2542 2242 1176 132 1693 88 1898 2547 407 824 1476 1846 1535 2656 2016 2149 540 576 1091 766 2238 1773 341 328 1513 2129 1996 1795 2413 1593 2644 2759 395 1230 149 832 182 1334 1749 529 364 2323 954 2489 962 1847 2317 2295 1161 2504 777 2700 737 581 1346 2040 1971 2114 989 558 803 1760 63 1786 1798
000450.jpg,2520 13 2210 640 1272 1754 2421 1038 323 2671 377 1949 1041 828 2578 2828 865 672 1374 1668 2602 933 370 2047 1189 56 2032 1337 2539 2629 2428 1429 2221 2038 964 2083 2798 2031 2120 1329 2335 1399 1070 1952 2570 729 1764 1049 2808 1910 358 2839 1249 2795 1266 2415 2640 1477 332 743 2423 2568 2217 289 417 1553 2029 681 555 2387 427 2668 1033 1890 1686 597 340 21 1888 1562 878 1430 554 2743 988 62 868 142 429 1793 193 176 2380 361 2267 292 302 536 1699 1492
000451.jpg,1617 1422 1663 1993 1045 2241 712 1328 550 1444 947 2050 735 2707 2130 169 440 1623 1679 2454 1782 2836 51 2837 1369 1552 2631 2649 1054 518 134 2840 480 1381 155 2289 179 197 2011 305 1658 445 1544 2769 2439 2767 260 463 900 2538 860 1417 562 259 1649 1710 2826 1640 2714 563 26 348 645 925 1788 1489 1840 2721 1870 1895 2133 433 2082 221 312 1878 2650 1796 1486 2088 635 1934 1437 2375 1569 2544 2628 556 2270 1636 188 987 1405 1307 85 943 547 2652 1386 1860
000452.jpg,1233 437 2074 1599 73 380 2163 453 399 823 1628 760 1510 981 401 595 2655 1872 731 2469 2587 208 1160 2126 1717 99 461 1145 2055 141 1784 694 1023 2098 1047 612 2747 477 2122 2636 2829 2009 2679 816 1903 177 1163 1085 1976 460 72 172 1682 1241 174 2722 164 156 2775 1415 2274 2577 2642 1504 222 2452 1436 2691 1808 2218 1479 1688 2355 2318 1321 2537 850 1098 2512 1906 320 599 2362 1263 1305 755 2071 1404 2446 2299 2645 427 629 2750 1100 2568 1790 1387 2262 2432
000453.jpg,2043 2810 2171 1188 2816 2666 650 1697 411 922 1891 1221 1456 2346 546 475 1916 582 6 285 122 1723 468 1284 807 1153 1763 1858 759 2313 1882 37 2643 1865 1260 2167 2841 732 1702 620 1090 1603 1797 1227 829 820 1083 181 586 1082 1761 1308 2261 1541 661 2194 443 2168 1006 669 956 459 476 2268 334 1610 1380 750 372 2677 980 2476 1911 1139 1560 1884 2425 2449 2387 38 448 1015 629 2706 229 1696 1250 2118 5 2278 724 882 2823 298 1537 938 636 281 167 123
000454.jpg,1836 2437 1672 1057 1749 16 44 1483 1447 1469 291 376 2317 1178 1990 1914 2700 2785 1593 2202 2745 1476 88 576 1856 824 2547 1535 2190 832 269 95 1224 1116 132 1714 1713 1727 2249 2441 1176 761 2058 596 683 2129 2111 695 60 1838 983 1743 2180 2555 47 1346 1449 1304 2827 2422 1277 1353 1103 2523 751 834 34 1091 483 777 230 1773 1795 1620 1523 1513 2016 1300 1693 946 441 2495 1996 789 2000 2080 603 1451 1482 1073 240 1180 1999 465 2695 1380 1161 2275 1732 905
000455.jpg,1663 1617 1045 1422 1710 197 1489 1993 712 2241 463 2130 2840 2050 1328 2011 1444 1417 440 947 735 445 2836 550 2289 860 1782 1701 433 2454 2375 169 179 1369 1679 51 2707 2649 1788 2837 1029 1552 1623 900 1658 1381 1934 480 134 1054 26 1656 645 2767 1640 1870 817 305 2790 2817 925 221 2832 1102 1926 155 348 489 1624 2631 1544 518 1649 943 2769 635 2397 2714 1407 2082 312 1405 562 1486 1437 2439 2411 563 556 2826 1796 2528 1386 260 2538 2650 1644 188 2270 2133
000456.jpg,85 611 1319 2044 2045 2411 1656 2528 188 1644 2790 2023 1624 1934 2501 987 1926 817 2755 1584 943 1407 2817 2300 635 221 312 547 556 2832 1405 1102 2082 258 2270 1386 770 747 1796 1617 463 1422 712 1993 2545 2034 1029 2837 2544 1788 2564 64 550 259 1569 562 1320 4 2454 100 2419 860 1208 826 2836 1417 2721 1328 1782 2076 283 1895 1045 48 433 2289 2800 1381 2670 715 305 2724 51 74 1369 2050 2069 1092 1552 1414 2397 2307 26 2344 169 2676 2358 1636 947 2707
000457.jpg,2844 837 264 2063 2484 1009 2455 2833 2092 2139 2371 1122 1159 299 1814 1815 1982 1589 352 403 428 2576 2731 667 267 2269 1549 2776 1925 2797 1238 1619 1735 1291 969 1025 1539 234 2385 1572 262 1863 891 1373 888 913 741 641 2399 2771 1520 879 1 991 1366 2727 1349 2460 1509 2431 2633 551 1816 2403 1807 1660 557 90 2607 1480 1571 2541 1295 867 17 2175 1622 2226 814 1242 2215 385 46 2158 307 2834 2189 846 2412 2338 1338 2100 2710 2363 349 1684 2486 226 223 573
000458.jpg,1583 998 2252 1651 2682 1179 1063 1977 916 2491 1578 2328 2792 1970 887 2647 2018 2551 2146 2284 1657 719 928 1579 382 639 778 2729 2008 1791 764 517 930 227 2110 2225 1531 118 1854 1769 1289 567 2310 841 919 1920 2711 1470 2778 2042 748 1354 9 763 2379 945 982 952 247 1770 114 1211 819 1851 2723 2793 2097 1367 1667 2065 1239 808 1368 2550 1507 311 1210 2488 7 875 2459 1566 1351 664 1271 2349 107 2658 153 2416 1204 35 2582 579 723 2019 151 2304 1177 1493
000459.jpg,1721 12 1473 2809 1876 1055 1868 140 2766 2294 2728 508 1165 1944 2580 1452 657 2719 2685 994 2315 627 2499 2302 725 1753 2622 2068 1557 1067 864 431 2589 1027 67 494 2051 790 1130 1390 1125 692 1439 1035 447 531 2708 271 2207 315 1817 1998 191 2292 2558 2057 2435 136 2291 1408 2665 574 165 598 1881 767 1940 1839 722 1980 1725 1942 442 2561 1056 128 2077 526 1406 2319 1825 2041 2510 646 1012 2657 1886 1250 2702 944 2772 1986 2777 1759 2583 2736 1511 608 368 2478
000460.jpg,346 2821 2467 2690 402 786 52 471 363 1438 936 753 2398 108 478 2407 1008 1220 2465 2505 628 2301 1481 1378 1022 418 1662 2244 484 758 430 1465 467 2611 2634 2429 780 806 389 1692 452 504 534 2765 1918 2059 1048 2687 840 1275 89 53 655 2632 1730 290 1929 1787 1124 1026 1037 138 2806 2285 207 2025 61 295 1612 1568 2669 1039 654 225 1097 331 2070 1273 1822 1143 1018 1293 1647 653 1024 782 2142 241 125 1140 113 625 1756 192 679 2470 2236 1141 2061 2794
000461.jpg,1810 67 2583 627 1001 2350 2509 2121 202 1075 1012 249 1406 1944 1055 2294 2728 2719 725 1212 692 338 137 1243 494 1869 2319 2766 442 1886 2518 2748 165 2302 1165 2292 730 2135 1120 1874 1130 2741 2057 2151 1379 1557 29 447 2701 1195 1131 2291 2251 1940 2683 116 1126 2736 1606 1223 1581 1147 2667 293 191 899 2041 2207 1794 1020 1346 315 574 2315 2299 1969 2305 378 855 1511 97 1825 1850 1670 2558 2560 204 1236 2622 1110 1067 2825 2329 1439 2598 1073 1390 881 2621 2435
000462.jpg,1721 2809 1473 12 1876 657 677 1035 2708 2435 994 1881 637 1931 2657 394 2779 574 2589 1817 368 1725 2561 783 1839 1868 2829 274 2057 1879 1394 1711 1027 2526 2438 1906 2051 136 2291 1439 790 608 1501 482 2580 2762 1899 2683 1886 2599 494 2712 2089 1874 1582 2719 898 1801 1558 2308 545 67 2323 444 864 128 944 627 682 854 255 140 1165 251 1406 1902 447 508 2220 714 1810 1333 1075 915 278 1892 521 1433 177 249 1197 1928 271 2216 692 997 2245 1555 1223 2766
000463.jpg,2000 1451 1361 2054 1559 2787 727 614 589 658 1137 1175 1306 1951 2072 1106 485 1207 646 1786 1257 1971 1558 1087 714 1798 2656 1353 76 2149 2540 293 1334 1357 44 16 1300 1693 1483 1197 376 1535 483 2409 962 832 1447 898 291 1672 789 2644 2323 2016 1333 2784 1346 1230 803 1389 240 2542 1593 251 954 751 1298 1469 1019 1115 2113 1166 395 63 1213 1427 572 374 1091 1749 2579 1513 1685 1801 2129 1561 545 1928 2022 1743 2288 1883 1180 1900 529 581 39 2066 2178 2381
000464.jpg,1490 1453 1496 2433 2556 48 1569 64 2272 2721 100 715 439 1796 2034 2376 562 1640 2713 305 2545 1860 2309 1316 51 155 1965 2650 1901 201 1948 1993 2352 2631 1636 1584 2815 1096 194 563 2088 1416 2289 260 2826 440 1218 747 168 1617 1051 1840 712 1878 2241 2050 1422 2538 518 486 1658 550 1148 2130 161 645 1381 784 2337 134 2836 2649 1328 1045 659 900 1623 2439 1544 2628 2133 2454 169 259 950 2707 231 433 445 1679 2652 2840 1782 2732 1054 1552 559 770 735 965
000465.jpg,783 1093 949 1343 2737 617 1103 940 1004 2112 1999 1856 2111 2441 1914 2785 1683 1898 407 2827 2242 983 2202 1561 596 95 310 1434 540 198 75 2190 695 2745 1743 132 1176 88 1304 2413 1476 328 766 2542 2497 2238 60 1846 341 1091 558 1996 2295 2547 1693 1298 135 2317 824 2489 777 1535 2759 1773 2114 1230 576 1448 1513 1795 2016 2644 1161 1019 230 364 63 2504 2422 737 581 2129 832 1749 2022 529 2323 1334 962 1801 2656 395 1847 2040 149 291 1631 1672 1333 803
000466.jpg,1635 390 1967 1293 1097 1143 1822 1715 580 331 159 1118 1050 655 326 2062 2715 31 430 1648 1011 2406 314 1755 1037 2053 1124 1692 1297 805 1187 726 999 1140 1317 1026 2236 1756 1918 799 1475 1395 1018 782 1472 1568 2402 1273 1647 89 2505 2465 1024 1829 1972 1216 2765 2611 2531 464 1612 1921 2301 2632 721 1503 936 2407 125 1706 478 1048 2398 1303 1831 2061 2687 138 1262 753 927 628 1022 1008 1039 1274 1655 758 1378 1730 1220 1929 2698 643 113 108 1789 1299 1168 452
000467.jpg,511 1349 1618 2339 2226 234 1520 1572 1 913 1540 2399 2710 2175 2727 2541 2340 969 2709 307 1539 2466 46 892 2215 2473 352 2834 2635 223 2158 1615 961 127 2444 267 685 349 1215 2372 1270 1630 1514 551 1360 1684 2246 1862 891 537 2513 1238 1291 1803 2298 1025 1571 2801 1524 1446 342 1811 2213 2517 1101 1059 2619 1939 1629 577 697 1129 17 1258 1242 687 958 641 1294 2524 573 1509 1698 2138 2403 2595 1807 1355 1167 2104 665 147 71 30 2223 991 2783 2529 1445 741
000468.jpg,1944 1056 2294 1055 725 2728 165 2207 2558 2135 137 1212 1825 204 899 2825 2741 116 2842 1130 2736 692 1126 1547 447 2305 1606 2041 246 2511 1134 1841 97 1067 1464 2766 1076 2382 1463 1935 2248 1940 686 2286 2258 2813 2292 146 2580 1639 442 2719 1937 1986 948 2393 2057 494 1874 647 1899 1452 1185 2435 677 2639 491 2068 362 2683 2708 1223 2506 1777 682 2291 79 2438 2319 2665 804 722 2569 329 1592 574 140 1868 657 1962 540 2441 2413 1482 2733 974 2111 271 1856 1408
000469.jpg,2677 629 851 1371 1113 2572 84 941 1462 2494 1144 1960 40 275 882 2152 986 1757 2678 327 123 1198 1987 2359 1616 2571 1687 594 2150 281 909 2502 1139 1184 762 244 1605 1458 1255 2203 2115 815 1400 482 1659 2386 298 1726 300 2620 2197 1661 106 423 214 2623 1866 1477 1084 1949 2421 1205 1922 1280 2706 1696 2348 2263 509 2503 1336 2303 1927 2141 398 621 2761 1013 117 1032 1199 2079 844 690 1570 1525 104 1738 2194 183 1221 1223 45 785 481 270 1502 2261 2567 96
000470.jpg,757 558 1533 1728 1689 2295 2413 135 754 184 2472 1231 2756 1312 1984 1478 2638 2024 213 24 426 1448 2143 1296 634 2430 1597 1383 218 80 119 1265 2408 2615 2021 1804 707 520 967 1945 1719 2260 232 739 2354 2320 2235 1149 2566 19 2533 853 540 1269 424 1722 1849 91 529 1898 29 1801 2277 293 1093 792 752 286 1867 2172 1733 1035 1839 2508 783 2644 2323 1529 499 714 898 388 1087 1766 545 1683 2673 2725 2561 473 2296 395 1394 498 2390 376 465 1061 1558 2014
000471.jpg,2491 1179 1578 2328 2682 841 639 1977 2647 1651 945 1579 1920 1063 1770 2252 114 887 2723 748 9 819 1667 916 2042 1470 2575 1585 227 1531 1769 763 2310 2097 1211 982 1528 1583 2225 919 515 952 2792 118 1354 1791 998 2778 930 567 517 1851 928 2459 2065 1154 311 1367 2379 2349 1657 1368 2729 492 1210 875 579 566 1239 2026 2488 2304 923 2416 2559 512 2793 808 2618 778 382 25 975 528 7 1854 1566 2711 1643 1970 1209 2081 151 1819 460 2334 513 1271 2658 2462
000472.jpg,2648 2138 969 352 577 961 2226 1349 2175 2473 1270 511 46 2709 1514 2100 1571 2710 600 892 1540 2340 2158 2339 1618 414 1572 1258 223 1939 1539 1622 846 2215 127 2481 349 1025 665 642 1 913 234 1615 2595 1698 1815 2541 17 573 2372 2466 1294 551 2834 2486 195 1009 879 2444 1816 2619 2616 1366 147 2727 1630 2223 1520 1446 1803 2253 267 2635 1338 2460 1619 1112 1095 2338 1409 1159 2783 2213 2246 1994 342 2820 2455 1629 1863 2399 317 837 2104 2255 307 2363 1101 1811
000473.jpg,2049 530 631 607 1518 2796 446 1604 2140 1981 1237 1301 1567 1058 2282 451 1290 2093 1909 921 2596 394 1017 1613 662 2064 1879 2660 966 2392 984 1384 2458 1331 2543 1673 1614 942 2257 2085 2696 1002 337 1705 2357 1495 1119 1978 1742 487 908 2600 2369 50 1906 1681 355 813 1105 1893 243 54 1396 1370 710 2262 2782 2664 1554 542 1695 1739 1000 1853 1031 1676 852 2636 660 2459 1621 1508 460 791 2251 2803 2682 678 1179 800 311 320 1287 2005 1455 1894 1516 2609 1977 528
000474.jpg,418 52 1481 806 346 2244 780 1465 534 2059 786 2429 1662 290 2821 484 53 131 452 653 268 2470 1022 1475 2285 467 2236 1875 207 2531 1787 225 2687 1378 61 1789 1843 2765 2693 1024 363 464 758 840 2407 495 999 1503 241 2505 2465 2467 1706 2565 726 1831 2142 1568 2301 2690 927 295 1275 1655 1273 314 799 1929 2025 455 1262 2715 1011 389 478 1730 936 2396 1008 2806 1220 1274 471 31 331 2669 1097 1127 1438 2634 402 655 326 1293 504 2053 108 580 89 192
000475.jpg,2411 1656 1644 2528 2817 2790 1624 1934 1102 1926 943 221 2300 817 2501 2044 1405 635 312 2832 1407 85 987 556 188 611 1319 2082 2270 1386 547 1752 1617 1146 712 4 1422 283 1045 550 1993 826 2069 1737 2454 1983 1796 1202 1369 1328 305 2574 2836 259 1208 2837 2670 1782 1545 562 2649 2397 463 64 1029 860 1710 1417 2050 1569 947 1552 2544 1489 2241 2011 1092 925 480 439 2721 169 2631 1788 26 2419 51 1381 2477 2130 2707 1444 2676 2344 900 197 1640 977 266 715
000476.jpg,2080 1482 2019 2754 2383 1523 1691 441 575 2695 373 845 584 1016 2395 1120 1147 1450 2518 1183 1678 830 2733 1244 462 603 1517 1620 863 393 2275 1732 2136 107 1646 1073 1177 1169 2780 2550 2641 357 1669 1507 2684 2414 1104 339 2604 818 55 2176 775 2586 1805 2447 1194 1626 279 397 187 2368 728 1382 2630 1611 2651 2106 2525 794 2605 2239 2166 2020 2317 693 1410 2111 2621 2347 960 2807 1856 2073 1318 102 1259 2297 1943 834 490 905 2718 2571 1057 2263 2637 1144 104 2202
000477.jpg,2044 85 2501 2411 1656 1934 2528 312 1644 635 2832 1624 2790 987 2817 1405 1102 221 943 611 1926 2300 188 1319 2545 817 1796 1407 2034 556 100 1569 439 64 547 715 2721 562 1640 48 305 51 2082 1386 259 155 2270 1636 2241 1993 992 2713 2046 2631 1617 1381 563 201 2439 260 2088 1658 1552 1422 1046 1584 1316 550 1544 2352 518 2433 1860 1878 1983 712 1045 659 1428 1782 2309 2836 1848 2007 1586 2826 497 1096 486 168 1840 169 440 2837 2419 900 1029 2544 2337 134
000478.jpg,2823 752 2150 1757 882 986 123 1255 468 1858 785 2313 1865 2425 229 2476 1365 1560 372 1153 448 1188 669 829 1797 1610 759 2141 957 807 620 2216 1227 476 411 1260 2197 1199 1697 2643 732 959 2261 2168 661 1889 1761 2278 181 980 5 744 2807 509 1217 1696 2706 1953 1703 309 334 42 122 1171 1108 2751 1884 2387 1283 2404 2457 997 2194 1015 1288 2725 2464 922 1515 285 2567 2169 1907 636 189 1214 298 1139 473 22 1084 2507 1768 1904 2841 214 1363 1032 2760 270
000479.jpg,1635 1967 390 1050 1715 1097 331 1293 1822 580 159 1143 326 655 314 2715 2062 1118 1648 31 430 2406 1755 2053 999 1124 726 1037 1011 805 1140 1692 1756 2236 1297 1317 1475 1187 1026 2765 799 1395 1024 478 464 1706 1216 2505 2465 1273 927 89 1918 2407 2301 1568 2531 1829 1831 758 1789 1378 2687 1655 467 452 1262 936 1730 389 1503 2634 786 1008 628 2611 125 363 1018 1472 1275 484 455 1022 2698 1662 782 1039 1929 108 1912 346 2806 1647 753 2285 2821 2402 2398 1220
000480.jpg,1781 2164 239 2091 525 2794 2311 49 245 654 2280 252 383 1248 1505 1356 139 408 1282 1435 625 2396 679 2173 113 209 356 2070 838 192 296 822 1598 2669 61 858 2232 2137 2025 1787 1127 216 449 207 1141 1506 225 27 1274 1780 1299 1168 1568 653 1262 455 1612 1037 1216 1472 2053 805 1317 1395 1022 2279 2531 1124 402 1829 1756 1011 1143 1755 1297 2402 936 33 1918 89 1118 1293 1140 2236 2632 1972 1018 1303 1921 788 1503 2406 241 1647 430 782 2611 1097 131 1048
000481.jpg,1908 1767 702 1830 1114 931 1107 848 768 903 1340 65 284 2388 1310 1512 1254 835 1608 2667 522 1720 1821 1845 2471 2601 578 990 502 2624 1235 126 688 250 684 1975 297 103 2276 1323 1186 2314 1391 1413 767 2323 2302 395 2315 315 962 1165 1075 1839 1035 277 1197 1390 1557 2622 2644 1798 676 1406 1759 191 1144 1334 973 1263 249 2495 1113 2299 1012 1801 2561 1620 2685 2620 2702 338 1810 1938 581 2080 1833 1443 1538 907 1423 1346 2510 737 1230 2509 1570 1980 2277 2757
000482.jpg,1221 546 582 285 6 807 1882 759 1188 2643 1702 2043 2810 1260 2171 2816 1083 732 620 1891 181 2666 820 1603 650 1697 956 1797 2313 468 1541 922 411 1858 475 750 2346 1916 1723 334 1153 1456 2841 1865 2387 2476 122 636 1763 1284 1227 37 2807 2194 1761 2261 661 1318 40 829 1139 2167 1570 2677 2425 1380 2278 298 1605 973 372 2502 2168 1696 629 586 1090 2152 281 476 98 1199 84 669 980 196 353 443 2761 941 1285 2048 1768 1536 1082 2514 594 724 1250 1537
000483.jpg,2236 1475 2053 1755 1756 1317 805 799 314 1395 1037 1647 1568 653 2402 2693 999 1303 2061 1921 1967 721 1972 1831 726 1655 1789 1050 390 1635 927 1124 464 806 1918 2059 1297 1706 412 484 1662 534 780 2687 2429 1715 786 2244 2301 467 268 1465 1024 1378 1140 2531 1275 1273 2765 1022 363 2407 131 561 418 1929 1274 27 452 2505 2465 1503 1875 2232 455 290 89 2715 159 1730 1648 1097 1262 1293 1039 580 2137 2698 295 1216 1011 822 331 2285 2806 389 2406 1829 936 1008
000484.jpg,290 131 1875 2285 268 452 2531 418 2565 495 53 1843 653 52 1481 241 806 2142 346 1503 780 1024 2244 786 1022 467 2693 1465 2059 2821 840 2470 534 2429 1011 484 2765 1662 2687 999 758 295 1274 726 1475 464 1789 207 225 1039 1706 1378 1787 2634 2236 389 1831 61 2465 2505 89 927 1275 1929 799 2806 363 1655 2467 1127 2301 1568 2407 1730 1262 455 2690 1273 1932 2025 1062 504 478 129 2396 1220 2715 936 1008 1124 430 2698 1216 31 580 1293 331 753 1097 628
000485.jpg,1417 1788 860 1489 1710 1701 2538 1870 26 2769 348 2454 925 2649 1369 712 480 179 2714 161 2050 550 769 2130 735 2289 433 1895 1045 518 197 2375 440 1617 2650 1422 1993 1328 1029 2840 2011 1569 463 173 2721 2241 562 305 445 51 64 2631 947 2707 2836 1552 100 1782 1796 2528 2837 817 48 1624 715 1640 1679 645 611 169 1644 2482 1663 1658 1381 1407 2817 1444 2034 1649 635 1623 1627 2300 439 259 188 2544 1934 900 1319 1054 1544 1172 622 1926 1948 2556 2790 1313
000486.jpg,1781 2091 2164 239 2794 2311 525 1248 1505 822 654 113 625 1435 252 1356 245 2280 679 2232 49 383 2137 1598 1282 2070 139 216 449 408 1127 2396 356 858 209 2173 296 782 1018 192 1787 27 1274 838 2025 1141 2669 61 1506 1472 2632 1048 1026 2062 1568 455 207 1262 653 33 1168 1299 1692 1961 1612 1297 655 2316 1011 2698 225 2402 1097 580 1972 1143 1293 1875 2053 721 1647 31 2406 788 159 1635 1216 1648 131 805 125 643 390 1755 1917 2236 1187 326 1317 1021
000487.jpg,2178 304 2066 1213 2113 1389 2546 2022 1019 1115 63 1228 1333 1785 1685 545 954 182 1394 149 1760 1712 614 1175 485 1951 1306 1300 1161 1137 2072 1361 658 1207 589 727 1257 1559 1971 1106 1786 714 2787 2000 1087 1798 1451 1558 2504 962 898 2040 101 341 2249 1883 1743 1230 1298 364 737 374 1693 1166 803 215 572 2656 1343 251 436 395 2827 2759 983 1773 1513 2149 1561 2238 2323 581 1353 1801 1900 328 2242 2381 132 989 695 766 2644 529 2409 2016 617 499 1928 1683
000488.jpg,1545 1752 2389 1146 59 4 312 2367 2832 85 987 1405 1926 1624 635 626 1102 1407 1202 556 2300 1656 2790 817 221 1934 943 2270 2411 1737 2082 2817 1386 950 547 1644 2528 2501 188 826 2069 2044 1799 611 283 613 1319 2477 1422 860 1617 1993 266 463 1328 2556 712 2454 2840 1316 550 1788 1489 1552 1623 2050 2011 1029 1417 1701 1045 440 2714 1796 259 562 1444 1190 305 2241 2375 735 947 169 2631 2130 2544 2312 2837 900 2424 134 2515 445 480 1679 2289 1468 1710 433
000489.jpg,472 1803 1509 551 147 641 2595 1807 991 2385 888 1629 1167 1811 2771 1373 2444 1059 1295 262 342 1355 127 741 577 2138 1069 2710 203 2094 2431 1862 154 961 1530 2740 2749 1607 2731 1341 1524 1238 1619 537 2776 667 1291 267 1078 2104 685 1539 160 273 1735 2758 1925 2175 1025 1863 17 385 1242 352 2797 226 2468 2189 2801 1278 814 1982 891 1540 1988 2513 2709 1571 1660 2339 573 2266 2340 2844 2255 428 2456 867 2607 969 1421 2576 2226 223 2633 2738 2371 1276 570 2403
000490.jpg,493 976 2174 1034 1196 366 1234 1358 1861 2672 1930 1279 1792 2374 2004 1580 2418 57 2125 859 133 280 1758 210 2461 793 746 1947 570 797 1276 548 1575 1392 1724 1665 1664 689 2327 1765 1859 756 2456 2838 2184 1375 294 2330 2186 1776 1072 583 2694 588 1497 2229 421 1193 228 1086 1081 720 2206 1551 2739 1457 801 2039 1877 1887 263 857 1191 2332 885 880 2123 158 2659 242 2581 2590 2356 1043 2321 656 1350 2662 422 2548 1542 1030 1432 687 1675 842 170 1229 77 1345
000491.jpg,2049 631 2282 530 1518 921 446 1290 2140 1909 1301 2796 1604 1058 1981 451 1237 1567 2064 607 662 1613 2596 1017 1384 2257 2696 984 1673 394 813 1331 2660 966 1554 1396 1614 1742 1105 243 1370 355 1879 2093 2392 337 2458 942 487 2085 660 1681 2782 2543 1002 1705 2600 542 360 2259 710 1978 1739 54 2664 908 1853 1495 1893 1000 2519 2369 1119 2243 800 50 1142 2005 2251 1850 2087 1695 1094 678 2697 2262 2560 2006 400 1581 855 774 1791 1174 1794 2661 1455 2492 2417 2299
000492.jpg,1096 1416 1948 2815 2272 1965 1860 2352 1636 1362 1316 201 1496 2556 1051 1584 194 1218 2713 2721 1569 64 439 562 305 100 715 1796 1261 2309 497 1586 51 2034 48 1897 747 155 2755 2628 2241 1640 1658 2545 2433 2376 1381 1993 2650 1617 2046 563 712 1490 1552 260 2631 2023 1901 2045 2289 2088 1544 319 2836 1453 258 2826 1782 659 645 2454 550 1045 445 1148 992 168 1840 231 1029 1422 2732 2076 1878 1328 2439 1319 463 900 440 770 518 547 1679 1623 2840 2652 169 2419
000493.jpg,196 776 353 98 2474 1643 585 1819 1625 1864 701 869 2081 2067 910 233 2334 1402 1963 2462 781 2256 2353 1042 2361 381 809 1344 2103 276 2027 2001 2141 1600 2264 2677 2152 1661 481 629 244 5 84 2502 923 515 69 40 1744 1987 1084 941 1371 2726 2304 375 975 2572 2115 106 1272 1515 1283 1519 2421 1616 1949 2162 2457 323 1171 609 2109 815 1696 1204 372 1754 2026 1638 425 566 640 1214 2582 871 2048 1365 2567 669 592 13 512 1761 528 1632 2559 1139 933 25
000494.jpg,257 937 1138 1731 1527 2377 535 1385 1871 2613 1779 406 2145 1894 1645 742 1800 773 1516 1992 2763 1526 1455 519 1007 2102 2843 605 811 410 288 1707 2516 1442 2331 1511 186 1969 2341 1325 365 1946 1068 1040 253 2219 336 1110 749 821 1498 544 392 610 2788 248 2549 112 883 1079 434 1131 1309 2364 1379 2830 435 2299 94 2290 1424 709 1005 648 301 673 1020 1133 1783 2730 1634 678 2746 1966 1419 2560 1794 1311 2196 338 568 1670 730 1243 2417 2151 1581 855 2243 593
000495.jpg,239 2091 2794 1781 2164 822 2280 2232 525 49 2311 245 2396 2137 1282 408 2173 654 192 139 209 356 1127 838 296 252 61 113 1568 383 1248 207 1787 2025 2669 1274 1505 225 455 1262 1356 653 449 1435 625 2070 1755 2236 679 805 1475 1598 27 2053 1506 1317 1756 858 1297 655 2693 1780 580 799 31 159 1472 1612 2402 1097 1831 1293 1972 1141 1647 131 999 1692 806 1655 89 1037 1143 1273 1011 782 1378 721 1395 2698 326 1022 1168 331 1706 1299 2715 268 1018 726
000496.jpg,967 1804 1149 2320 2756 2533 293 754 29 2172 286 2021 1719 2673 1728 2638 1689 2408 213 426 2024 1597 707 91 2430 2143 1231 24 634 757 739 2354 2295 2235 2296 2413 2472 558 1448 792 1478 1533 1265 2615 135 184 1296 1984 119 1383 1312 1849 80 218 1269 2224 1722 1867 520 1529 2566 1945 2787 232 853 2390 19 2260 240 1733 424 376 2277 789 2744 646 395 529 1469 540 2644 2323 1801 1447 658 2540 2054 589 483 727 2579 1087 1558 1427 695 1176 1361 2190 1900 714
000497.jpg,1617 1045 1422 2130 712 2241 735 2050 550 440 1663 1993 2454 1369 179 2649 1444 1782 947 2836 480 1658 169 1381 1328 2837 348 1840 925 26 1679 1870 51 2769 1623 1649 155 1054 1544 518 2439 2707 2714 2767 1417 2538 305 1640 2628 1489 1636 197 562 1710 860 463 2840 2631 134 2289 1701 1788 900 2011 260 1569 1796 64 1218 2826 2721 445 1486 1437 221 2650 563 1552 1029 439 645 433 48 2375 2082 1656 943 2817 1407 2133 715 2652 1405 2270 2790 100 2419 556 2088 1261
000498.jpg,84 2152 2502 941 1605 1139 214 2348 909 1866 1602 2841 1953 2706 244 2141 1696 2677 1365 1371 1616 2115 815 2623 629 1987 1280 1525 1171 2572 924 2263 1084 1198 398 744 2567 2109 2678 1214 22 2751 1113 183 106 851 2203 1184 609 1927 2303 1726 957 1960 509 1661 189 1199 2030 117 40 1570 1032 2060 275 1477 1659 594 2448 96 2162 621 2457 1364 2503 2726 236 1738 2404 2179 1205 1064 1979 1458 2768 171 454 2608 45 2705 270 2197 2554 298 894 844 1283 510 481 419
000499.jpg,105 2394 1778 416 11 883 664 2110 1946 2793 7 301 1271 151 2711 2331 513 1419 1854 1442 1325 975 1209 2559 243 1170 337 808 528 318 2147 256 1992 2551 2792 2416 1152 2734 1200 821 1006 1625 1963 869 875 871 233 1331 2618 2718 1138 908 490 1077 2452 94 1614 1036 2026 1968 1791 144 568 1002 1526 2102 1585 1082 2361 1527 1210 1709 2593 1370 25 800 874 311 566 382 1742 819 2658 2696 1105 855 2516 2225 2642 1970 852 1554 2575 1633 2560 1511 567 1309 632 1040
000500.jpg,2844 1982 1925 2139 2833 1619 2460 667 557 879 299 1863 1366 2371 2092 1816 1480 1660 2576 2633 2607 2797 1549 428 2363 2776 867 2431 1242 2385 2269 1735 1122 264 641 262 385 2731 1539 273 888 1814 814 1373 837 2455 991 2524 2771 2484 741 1589 1009 352 2063 1807 2104 1295 1509 1238 1025 2403 267 2468 551 1291 969 2783 2094 1815 226 1530 891 2517 160 147 2412 1684 2175 1078 143 1159 1338 2529 2298 2710 2185 1440 685 127 2801 1129 2138 1514 1059 2226 342 795 577 386
000501.jpg,1019 1333 182 63 149 1760 2022 1712 614 954 1685 1228 2178 1785 304 2113 16 1213 1137 1483 1389 1447 1361 1469 1161 2072 44 2066 1749 376 1175 1298 1951 2317 2000 2787 1115 2249 589 1087 2054 727 1451 1558 1207 485 1672 291 658 1394 2437 1306 2546 60 714 2737 2112 1559 761 545 1343 1300 1836 1535 1004 1434 1106 1798 940 783 1103 1727 1999 75 898 2497 1057 1795 1631 949 2058 1773 707 1593 1277 1197 2111 1513 1856 2441 646 2700 1304 2555 198 2202 1990 2827 2408 2323
000502.jpg,1721 2809 1473 12 1876 657 994 2291 864 1056 608 2435 1931 204 394 1942 2580 274 271 2708 526 447 2766 2051 1868 1555 368 1408 1892 677 508 574 725 2719 2294 1944 1677 1839 2683 1725 2499 1055 2057 494 1879 2589 1881 1548 1439 790 1874 1899 2526 128 1606 2728 140 2089 1452 692 2440 444 2037 1817 1902 2135 1035 136 1771 1223 2220 2292 939 1501 598 255 898 2842 2207 2438 944 2068 249 2183 2825 2639 2661 854 1406 1801 2507 1173 1904 1067 2625 2511 682 899 1012 1484
000503.jpg,2769 348 26 1870 2538 2454 925 2649 480 1369 179 2714 550 518 712 1788 2050 2130 1417 735 1045 1422 860 440 1617 1710 1701 1489 1993 2631 2241 305 259 562 2840 260 2826 2721 445 197 1172 433 161 1552 2088 1328 51 1640 1895 2544 2650 1901 2289 2309 463 1569 977 563 524 900 168 2358 1453 2148 2200 1148 2375 1840 2011 100 1208 155 2337 64 1860 201 1190 1878 645 134 2652 1468 2076 1636 978 1388 1796 2724 439 622 715 2676 1490 2574 219 1029 2312 1486 1092 1983
000504.jpg,1836 2437 1672 1057 1749 44 16 1483 1447 1469 291 376 2317 1990 2700 1593 1178 1914 1535 576 2785 832 2202 1856 1476 824 1727 2547 2745 2058 95 2249 88 2190 1224 1277 2555 269 1116 1714 1304 2441 683 834 132 596 761 2129 1743 60 1838 1713 1795 1449 1353 483 1346 47 983 1773 1176 1513 1103 1300 2180 1161 2784 2827 2111 2016 240 695 1847 465 96 1999 2000 2296 396 1760 1632 1927 2523 2554 83 792 1638 419 1004 894 1032 1693 149 2422 751 2737 34 789 2497 400
000505.jpg,1836 2437 1672 1057 1749 44 1483 16 1593 1447 291 2700 1469 1990 376 2317 751 1178 1786 1106 1451 2656 1535 1914 1971 832 2000 2785 1559 1257 2202 1693 2149 2745 1116 269 1224 824 576 2129 1714 2787 1357 1361 1476 1713 1856 2016 2190 88 76 1346 2547 2441 683 983 132 95 1176 646 1353 39 596 2288 2827 2542 1743 695 2249 2054 1838 1180 1091 2180 47 564 60 2281 1773 2495 293 1818 230 926 954 483 310 2111 2540 1103 792 2296 1795 465 761 777 2653 1304 1300 581
000506.jpg,2210 13 1272 640 2520 1754 2421 2671 1038 1041 323 1949 377 2578 828 1189 2047 370 56 2032 865 933 2828 2602 1374 672 1337 1668 2798 729 1477 2539 2428 1049 1429 2629 2335 2221 2083 2387 1793 2570 2839 1952 2415 1910 1764 2568 2808 1329 2640 372 427 2038 2031 332 2029 1266 2380 193 1553 2120 901 2677 988 2090 2217 964 536 2795 571 2668 2108 743 1070 1065 569 417 597 121 1431 839 1436 429 1256 1399 555 142 340 1686 1699 868 680 2078 1188 796 1430 36 1562 1890
000507.jpg,2091 239 1781 2164 2794 2280 49 525 245 654 2396 408 1282 2173 139 2311 192 2669 252 383 356 838 209 296 61 2025 1787 1248 1505 207 1127 822 1356 2232 225 625 1435 2070 679 1274 2137 113 449 858 653 1598 1141 1780 1506 1568 216 2531 1262 455 1503 1022 1843 1755 241 1299 1168 495 2142 131 27 1024 1875 1143 1011 805 1475 268 2236 799 1756 1118 1317 1037 1378 1813 89 1293 430 2765 1932 1039 806 1216 2053 1303 1097 1297 1124 159 788 1635 2565 1789 467 1395
000508.jpg,2509 2121 1001 2350 1810 2583 67 627 202 1075 249 1012 1406 1944 137 1212 447 725 899 2728 2741 2766 2825 2294 2135 1055 165 2057 116 204 1606 2736 2207 2719 692 494 2291 1874 2435 2558 1825 2842 574 2292 2683 442 338 1130 1195 1223 1126 2143 2041 1088 1841 2319 24 1557 2258 1728 1986 1547 1463 1940 2295 634 730 97 2224 686 1439 135 2051 2511 2701 1928 1609 2708 362 1597 404 1935 1067 1899 2413 1757 2251 426 1611 1805 1076 1346 742 2305 1581 1931 1197 2621 2020 1243
000509.jpg,1792 1580 280 1861 2125 2418 2174 57 1234 1930 2004 570 689 1034 210 2461 1665 746 2327 1392 793 2456 1358 1276 294 1724 1575 1859 1758 1375 2229 493 1664 2330 2374 1279 859 2838 756 366 976 2186 1072 797 133 1947 1196 2694 2672 548 1765 1776 421 2184 704 2541 2548 228 583 720 588 1292 2590 2662 857 422 1030 77 349 1 2123 1377 1086 158 2332 1350 1457 1193 798 880 242 801 2206 1497 1887 2709 1348 287 2727 2703 2155 2198 1522 2215 1877 82 130 551 934 884
000510.jpg,982 1470 887 2328 1531 763 2252 1179 2225 916 1063 2491 1977 1651 748 2682 2065 1578 1211 227 2042 819 1579 1791 1667 114 841 639 2310 945 1585 2723 2647 1769 2575 1770 808 1583 2792 2778 118 919 1920 952 9 1354 567 930 928 517 1851 2097 998 1657 311 2349 1210 875 2793 2379 2729 7 1854 382 579 778 2559 2416 923 2711 2304 528 975 1528 2618 1271 25 1154 151 515 1209 1970 566 2026 512 513 2459 492 2488 2658 1367 1368 1239 2110 1566 2140 1058 72 394 2636
000511.jpg,1506 1141 1780 2070 383 252 1356 858 1598 2311 1505 525 625 1248 679 1435 1168 1299 654 216 113 49 245 1781 2164 2669 1829 1216 61 192 2794 2280 2279 1127 408 2396 1282 1140 2025 139 1924 1787 27 225 239 2173 207 2137 2091 2742 2232 822 838 296 356 1918 209 1273 2698 1612 1472 1274 455 1124 33 449 1262 1692 2470 391 1037 2053 1568 1021 1024 344 1503 2531 1297 1303 1293 430 1500 1972 1143 2402 2316 655 2565 2765 1647 1097 618 331 653 412 721 1118 1961 2017
000512.jpg,1796 2034 2545 1569 100 715 48 64 2721 439 1640 562 305 51 155 1584 2650 1993 2713 2433 2631 1658 1860 2023 1381 169 1782 2836 1617 1663 2837 712 2045 1544 947 2241 1328 1045 2439 1218 2309 1948 2628 1490 1444 1422 2130 1096 2050 2352 1369 2376 2767 2272 2707 1417 201 1649 2649 1679 1416 1496 1261 1870 2755 550 194 1054 860 1636 1051 2556 179 925 1623 26 2454 900 1840 735 260 2826 1489 440 2088 2714 563 747 1453 1407 1624 2528 221 1710 2289 480 1437 2790 1316 1644
000513.jpg,1801 2277 529 2644 395 2323 962 1798 1230 1334 572 1561 2759 465 1683 2579 1197 2504 2242 374 803 1898 853 2238 789 328 101 766 2381 251 1427 2040 737 407 581 364 989 341 1883 1900 436 215 1091 1631 499 2114 540 1996 1093 2542 240 483 545 777 617 2540 1394 2489 2409 1300 714 783 1087 1207 898 1306 1175 485 1558 1353 1951 589 1137 1361 1166 2072 926 2785 2000 1346 1928 614 646 2547 2784 1846 1257 658 727 2113 1343 1451 576 1559 824 695 1389 2066 1106 1213
000514.jpg,2018 2551 764 2146 2284 2008 719 1289 1493 914 190 35 1351 1534 1577 1157 247 615 723 2824 1915 2209 303 2585 1359 1128 1204 1121 1997 212 539 812 2582 1772 2487 604 2485 549 1403 450 874 58 2110 153 664 1347 2204 1247 2165 2718 862 632 2603 1751 516 343 2453 206 2242 1136 1595 545 1583 2555 873 2734 2252 2238 2793 1762 1087 853 490 2019 652 66 7 311 2317 2550 2426 1801 1791 783 766 2254 2644 1674 374 1210 1970 2405 251 2003 395 328 2504 1633 101 1244
000515.jpg,536 2090 569 121 988 193 1132 1588 1268 680 1431 36 2333 2117 500 733 866 1886 1499 1793 901 429 802 2415 332 142 2217 1492 2668 2029 1065 2108 571 340 1553 1686 1430 979 1256 2227 2786 1033 555 2078 2743 878 432 1418 1699 597 417 2267 886 1562 2380 21 176 199 1393 427 2384 1329 1053 2451 1236 289 2568 1890 2335 1910 2640 1952 62 1764 2839 554 2808 1398 2578 681 729 2038 2798 933 1049 1266 1038 302 377 964 361 1249 868 1888 2795 1374 2570 2221 2423 2083
000516.jpg,982 1531 1470 1791 887 2065 118 2792 748 2778 2328 567 2225 1769 1354 919 952 1179 1667 1977 763 2491 819 808 1585 930 2252 1211 1578 2682 916 1651 2575 928 1583 998 1851 2793 975 7 875 1063 2349 311 1579 2310 2416 841 1210 639 2304 1657 227 923 807 1153 1188 528 922 2647 2042 2729 2559 945 1227 1757 2658 759 114 372 829 1283 468 1761 411 661 2723 1797 1541 1858 25 9 1260 620 986 334 2425 2816 1697 2150 732 2618 1221 122 669 2168 579 285 2379 636
000517.jpg,1490 2433 1453 2034 1496 2376 2713 2545 1796 2556 100 1569 2309 48 715 64 2721 439 2272 562 1640 1860 1901 1316 305 201 2650 51 155 1965 1584 563 1948 1096 2289 260 747 2352 2088 2815 1636 168 1416 2826 645 659 2631 1993 2755 440 550 433 1148 134 2050 712 2840 518 194 1051 2454 1878 559 2023 486 2649 1307 2241 1840 197 1552 2538 2628 1486 1544 2836 1381 1658 1045 1617 231 2439 900 445 2732 2553 2130 1218 735 1369 547 1422 161 2769 2133 2652 2714 784 2337 169
000518.jpg,472 1803 1509 147 551 1629 2595 1811 2444 1807 203 641 1059 2138 2385 342 1167 1295 2771 991 741 961 577 2740 1355 1862 154 888 1373 262 127 1524 2710 2749 1069 685 352 2094 2776 1530 2431 1025 1242 1238 2801 2175 17 1539 2468 2709 1607 267 1341 160 1571 2731 2104 1291 1540 1078 667 1278 273 2100 1863 1622 537 1925 1 1619 2189 1618 2340 2758 573 2486 2339 2738 2797 846 385 1735 166 2844 891 2473 1520 2648 1988 2255 642 969 2675 600 428 1421 307 2727 1060 2576
000519.jpg,1790 1305 2071 1436 1933 850 222 1504 2512 2218 2355 2096 1052 935 2362 836 2691 2156 2645 1321 2750 1098 1709 897 2201 2432 1638 1621 2450 1736 2342 755 1806 2593 630 144 2446 599 796 1911 2420 2452 2627 666 2537 2642 1387 396 2167 1308 1006 1082 1200 1380 1044 1090 2318 1682 612 459 586 443 320 2268 1697 1763 2317 761 1479 1145 946 2449 2249 908 834 1865 1456 1676 1047 2555 37 1188 2535 1183 922 205 661 281 2098 1023 2823 2194 924 1267 2058 2747 141 16 44 629
000520.jpg,1483 1447 16 44 1469 376 1672 291 1836 2437 1749 1057 2317 1535 832 2700 1990 1178 2249 1914 576 2785 2202 1103 2547 1856 1593 1727 761 824 95 2441 1795 1513 1773 2190 1476 2745 269 60 2058 1847 2555 1346 2129 1224 596 1999 88 1449 983 1161 1304 1277 1176 483 2111 132 2827 2016 240 1116 1004 1838 2737 205 1714 1353 2180 695 1343 1743 1713 683 490 1451 1760 47 2112 1482 1631 2054 2784 465 1300 1019 2000 2030 63 2080 834 614 1361 789 940 1434 1661 2831 149 949
000521.jpg,2252 916 1651 2682 1977 1179 1063 2491 1583 1578 2328 227 2042 841 2647 639 1579 2310 1920 945 1770 1211 887 2723 2110 114 982 2097 9 517 763 998 819 2225 1769 748 1667 1531 1470 1585 1368 1528 2575 919 1657 2379 1239 2729 1367 928 1791 2349 952 512 1851 1970 1566 1879 394 2026 930 2792 118 875 311 7 2660 2416 1210 382 1331 579 1673 778 2793 1209 664 1354 1854 528 1154 566 25 515 2778 2357 2488 513 2658 2459 2711 2392 1614 11 2696 1906 813 975 1271 1200
000522.jpg,2185 1129 2584 1411 2517 1684 143 1694 1440 2529 386 718 2298 2271 795 1445 810 697 1514 958 2619 2524 2363 787 2616 30 71 638 1360 2246 1939 1215 1630 2801 1294 2104 1112 557 2460 879 1446 969 2833 2139 2844 1258 1366 1242 1925 273 2444 665 1619 1982 1270 1863 1816 2481 1480 299 2385 687 2092 1122 2431 1660 1373 991 641 1539 2731 867 2468 2633 888 667 264 2455 1814 837 2771 2607 2576 2672 1807 1549 2797 1735 342 814 2710 2175 262 1589 2484 1887 2371 551 2776 385
000523.jpg,1439 2183 2291 574 2051 2526 1931 482 2057 2220 1433 2704 939 2089 1223 1874 494 2435 2427 2445 2683 255 598 2639 1088 217 1330 647 368 1725 531 1899 2499 444 657 1555 637 1408 2308 2440 1942 271 994 864 608 274 521 2712 526 2719 1677 2037 1892 508 146 1998 2625 619 2657 1771 790 2617 677 692 2292 447 2319 2438 686 1962 682 2708 974 1055 2207 2766 2728 1473 725 2809 12 442 1639 1185 1937 1592 2589 1944 491 1721 1777 2813 2736 2294 1501 1757 1881 2569 2580 2825
000524.jpg,1295 991 1807 641 2771 1373 2385 262 888 1509 741 2776 2731 1863 1735 667 1925 1619 1238 2797 1242 428 1982 472 879 2844 1803 1291 2460 557 2371 2139 127 2431 2833 2576 147 1629 2595 2524 1366 2104 267 1480 2094 299 1549 1816 273 1814 1069 551 1530 2363 1660 891 2801 385 2092 1811 1589 2607 867 577 2710 2403 2633 1078 2444 203 160 2269 1539 814 1607 226 2175 2468 1341 685 2529 1122 2517 1059 537 2412 969 1514 1167 1440 342 1684 143 1355 1862 2138 1524 90 2189 1129
000525.jpg,2138 1828 2614 2835 405 1964 166 2738 537 2758 961 352 1607 1341 2100 2486 846 1069 1622 1571 600 642 17 573 2094 1530 1698 1338 2338 2223 1349 1078 2473 1994 160 195 2253 2175 969 317 2255 1025 1815 1095 1421 1409 1539 2372 2412 2811 2648 1619 867 1660 349 2226 1366 1816 2710 1446 2607 2455 577 1863 2633 2709 2431 385 1294 1925 665 837 1618 1480 879 46 1939 1009 2460 1982 667 1258 2635 264 1270 223 2466 2844 2833 2484 2820 2797 1684 1514 234 127 2385 1540 2063 814
000526.jpg,545 1785 1394 1228 1333 63 2022 1019 1685 1213 2178 304 2066 2113 1389 954 2546 182 1115 149 1712 1760 499 1137 2072 1087 1558 614 1298 714 1207 898 1631 1361 485 1798 1801 465 1951 1334 1306 1175 1300 1161 374 2277 2644 962 1166 1559 589 529 2409 1106 1928 1257 2000 658 2323 1451 727 1230 395 1786 803 251 2579 572 1971 1561 1427 2504 2759 2381 737 2249 2542 1883 1590 2787 1197 215 2040 101 581 93 789 895 364 436 1900 540 2656 2016 2540 1353 853 2149 2238 341
000527.jpg,493 2174 976 1234 1034 366 1930 1196 1861 1792 1580 2374 2672 2004 2418 280 57 1358 2125 1758 859 1279 133 210 2461 1947 570 746 793 1665 797 689 1276 1392 2327 548 2456 1724 1664 1859 1575 756 2838 2330 1765 294 2184 2186 1375 1072 1776 2694 2229 588 583 1497 421 720 2123 228 1086 1081 242 2541 422 857 801 158 1457 1193 1551 2039 77 2206 2332 1887 880 1877 1191 2590 263 2356 2739 1043 1350 2548 885 1030 2703 2581 704 2321 656 170 2662 687 1229 1432 2659 1377
000528.jpg,84 2502 2152 941 1605 2141 909 1139 214 244 2706 1953 1866 1602 2348 2841 1696 815 398 183 2115 2503 1616 1987 957 2677 1365 509 2572 1064 2522 2457 2056 2182 1889 45 2386 744 2464 844 2760 1525 2404 2448 2608 959 236 1364 171 2263 1199 1280 1515 1960 1371 1768 2623 621 2612 1458 40 270 1171 1726 2725 1214 1198 2203 609 106 1251 2678 1113 2116 2761 2751 22 2048 1927 2197 1596 1802 23 2807 1659 851 629 1766 2591 2720 1283 2278 2562 1084 2109 2401 592 2476 565 1632
000529.jpg,998 118 2792 567 1791 1583 919 2065 2778 1354 1769 952 1531 808 1851 930 382 778 1470 928 887 517 2711 1854 1657 748 975 1970 2793 2729 2225 2379 7 2304 1063 923 875 2328 1210 982 1667 2416 311 819 763 2349 1585 1179 2252 2491 1977 227 1579 841 2575 2682 9 1271 2559 1578 945 579 515 2658 639 151 1651 25 528 2618 114 916 2647 2723 1211 1920 1770 2042 513 871 1209 2310 2459 1368 2488 1154 2097 1239 2361 1367 566 2026 492 2081 1819 512 1528 72 701 247
000530.jpg,2249 1631 1394 761 545 1558 1087 714 2072 1389 1207 1137 1361 898 1228 614 1306 658 727 2113 1213 589 1798 1951 1175 853 63 2178 2066 2546 304 485 1785 1451 1019 1333 2022 1334 1115 1801 2409 2000 2317 2644 540 1166 1298 1928 2277 2054 1559 2323 1561 1106 395 1230 529 954 16 1197 962 2787 1685 1300 44 676 1483 182 1590 572 93 1447 2785 2579 374 895 376 1346 2555 149 646 291 1898 783 2759 803 2242 1914 1257 2547 1091 499 1469 341 1683 1178 824 483 251 2540
000531.jpg,2153 419 2554 894 1632 96 1927 106 189 1032 2060 1987 815 2197 1171 2109 481 22 1214 2571 2567 2751 744 2705 300 2831 396 1286 941 1315 1013 1336 2726 1661 1199 2160 2079 2216 2313 1703 957 1363 762 1844 1605 506 2162 1288 2401 1251 565 1364 2502 2152 1726 2841 621 333 84 1139 924 2507 214 1188 171 2425 2261 1227 1858 1556 856 2612 2522 1727 468 1064 2678 2760 1560 2404 167 592 285 609 309 6 1953 2182 2555 2643 1891 2348 1744 1283 1995 45 20 2627 2141 1671
000532.jpg,1752 1545 1146 1316 2389 59 2556 1636 1840 312 1496 2241 2832 1965 987 440 2501 1658 1934 1381 1544 2836 950 518 221 155 2439 169 563 2826 735 626 1782 1405 1624 2840 635 2367 1617 1102 85 1878 712 1656 51 2837 4 1045 1640 2069 2272 1422 2790 2628 305 550 2817 2289 1796 817 445 260 2050 2411 2082 556 900 2424 2528 1407 1202 188 1386 547 978 1444 943 2044 562 2300 1123 497 2133 1437 947 2088 1552 1926 2713 559 1148 2652 1486 1586 1649 1569 1901 1948 168 259
000533.jpg,1603 820 1541 285 334 750 807 2387 956 1221 546 6 582 1882 1153 1260 759 1227 1761 2643 2313 1188 468 2194 1697 1702 732 829 1797 620 1891 1083 1858 661 2261 2816 181 922 2043 476 669 1865 411 2810 2171 2666 2168 650 372 2425 1456 1916 2476 475 122 1723 2677 2346 2841 1318 1380 636 2807 986 973 629 1284 882 1139 1763 298 1570 2706 1285 123 2167 1560 2150 37 1757 1536 1090 42 84 236 2278 1255 980 45 1537 724 2118 1884 2348 1866 2823 2608 1084 40 1387
000534.jpg,1752 1545 1146 2389 59 312 2832 987 635 4 85 1102 1405 556 2069 221 626 1934 2501 2082 2790 2367 943 1386 1202 1636 950 2270 1407 826 1316 1624 2411 547 2556 1656 2133 188 2300 1737 2044 613 440 611 518 2528 1644 1552 2241 1422 1092 550 2544 1319 1926 735 2424 2817 1617 2538 2836 1840 2419 1983 283 463 817 259 266 2397 169 1878 74 2289 1649 2837 1428 2050 2148 977 2631 2724 900 1782 2477 2840 260 2088 1965 947 1208 563 2676 2272 1993 712 1544 1496 1414 1029
000535.jpg,2263 1525 2678 1726 2623 2572 2386 1280 1371 1960 2116 1198 40 2448 851 1084 1880 1170 592 762 2522 2807 2141 45 1458 1802 2056 1199 1083 96 1364 957 1251 2591 1318 1632 300 2503 636 398 2571 620 1064 1596 2278 2160 2048 181 2761 2562 183 1013 419 189 1336 2720 2203 949 1768 1536 644 861 106 1702 1616 1856 2441 474 732 335 2111 2188 2554 2760 1866 894 1032 1365 214 1113 2182 2079 1400 1927 2831 2498 1696 2153 1144 1004 270 2608 844 1283 171 84 1315 327 621 2230
000536.jpg,840 2142 1024 1503 1039 241 389 2531 1843 467 1011 2634 495 1062 268 129 452 1875 1813 1923 131 324 1932 89 2565 758 2285 501 1022 53 2765 456 1281 1378 788 125 999 2687 1568 484 1475 1662 1789 927 2236 653 1274 2059 1912 1026 1929 1831 1655 1275 780 2244 2301 290 806 363 2407 2505 2465 1730 786 295 2806 464 2429 1706 108 2693 799 1273 504 1465 2715 534 1967 2698 726 1037 628 314 1635 1008 1127 390 478 1715 1048 2611 753 346 936 2053 418 2232 1050 2398
000537.jpg,1115 2546 1389 2113 2178 304 2066 1213 1019 2022 63 1333 1228 1785 545 1685 1951 1175 1306 485 614 1300 1394 658 727 1361 589 954 1137 2000 1559 149 2054 2787 2072 646 1106 1207 182 1451 1257 1971 1786 1161 1760 1798 1712 714 1353 1883 215 293 1087 1230 483 2040 1558 101 2504 436 1900 737 251 2381 989 2249 364 962 803 341 572 374 581 1091 1427 2644 328 789 2323 898 2238 1801 766 2409 2759 395 1683 761 2540 2579 1334 1561 1996 1166 76 1357 1898 564 926 777
000538.jpg,1749 483 2555 240 2784 1353 1300 1727 789 2058 576 1277 1801 2277 1672 16 465 1883 834 1483 376 2249 2579 44 1836 529 2437 2547 1447 2644 824 1469 646 395 1394 291 1178 1161 761 95 1513 545 596 962 540 1593 2317 1304 251 2054 1743 1990 1847 374 2202 2785 2540 1230 2323 2000 1914 1091 1631 2700 2745 2190 2759 1176 1451 2441 1057 1773 132 572 1476 1804 499 1559 333 1361 766 614 1427 2381 2827 2504 1798 983 1996 695 88 1856 101 2238 1535 581 341 1795 1106 1900
000539.jpg,1663 947 1444 1328 1679 1054 1623 2707 1649 2836 1782 169 2767 2837 1381 1658 2241 1544 2439 1617 1045 712 1422 2628 1993 2130 2050 51 735 440 1369 2714 2454 550 179 1840 155 1218 2649 1261 1640 305 562 645 1870 26 480 2011 1029 925 1051 445 1417 1569 64 2769 1796 2840 348 2352 463 2650 860 194 197 2289 1948 1636 518 1710 1489 48 1624 439 100 635 1552 2721 1416 2631 715 1644 1096 900 1407 2528 2790 943 2411 817 221 1584 1405 2817 433 134 1934 2538 2045 2832
000540.jpg,1836 2437 1672 1057 1749 44 1483 16 1447 1469 291 376 2317 2700 1990 1593 1178 1914 576 1535 2785 824 2202 832 1856 2745 1476 2547 1727 95 2190 1116 88 2058 1224 1714 2555 132 2441 596 1713 60 1743 983 1773 683 2249 1513 1176 269 1304 483 2129 1795 1693 1300 1161 1277 47 1103 2000 1346 1353 695 2827 751 2016 2180 2111 1451 2656 310 1838 1449 834 1999 2149 761 2784 954 1361 1559 2737 1847 2288 1760 240 789 2787 39 2054 2497 614 940 1091 1180 2523 293 2281 465
000541.jpg,776 196 2474 353 98 1643 585 1819 1864 1625 2067 701 869 2081 910 233 1963 2353 781 2334 2462 1402 2256 381 1042 809 2361 276 1600 2103 1344 2264 2027 2001 2012 2391 69 2132 1170 871 2582 1204 1077 2593 1541 2047 1525 450 84 1697 370 1751 2141 941 1958 820 481 1973 568 1642 1380 1084 323 937 301 247 862 1603 2677 1519 909 1911 640 2485 1761 1139 2032 1347 1221 874 2147 13 2387 1987 2209 2734 2261 1359 2101 490 1153 829 549 2170 1754 539 3 1189 1504 6
000542.jpg,222 2218 2512 1504 1436 2362 850 1305 2691 2355 2750 935 1052 2096 2645 836 2201 1098 1321 2071 1933 2450 1638 1790 2342 2432 2156 1736 755 1806 1709 2593 796 1911 897 612 401 1621 453 177 144 2420 1023 2122 2679 2163 380 816 141 1903 2829 1085 1628 2074 461 981 477 2055 1599 437 73 2747 1006 2452 1163 1047 399 760 2098 443 2587 1233 2535 1510 745 595 2446 1474 586 2318 1605 325 924 1387 2722 1682 1145 823 629 164 599 2627 1479 1976 2449 1308 2502 396 2469 8
000543.jpg,2138 2648 352 1815 969 1025 1270 1349 2710 1939 577 2226 961 1571 1159 2481 2175 665 1258 2455 1539 403 127 2100 1009 600 846 2709 1446 837 17 1294 2063 1622 573 511 642 2399 1520 1630 1 1572 1112 1618 2616 264 2486 234 147 913 267 2246 2484 46 223 349 1698 2619 2727 1341 2339 2595 1607 892 2758 1828 2444 2255 1338 1816 1803 2473 1069 1540 1619 1514 2635 2466 307 2340 195 1366 1660 2431 317 1615 2607 2633 537 2253 2223 385 1360 2835 2372 472 879 405 2338 685
000544.jpg,1389 2178 1213 304 2066 2113 2546 1115 1019 2022 545 63 1394 1228 1333 1785 1685 954 182 2249 149 614 1712 1760 1175 2072 1951 485 1137 1306 1300 658 589 1207 1361 1558 727 761 1087 714 1161 2000 898 1798 1631 1451 1559 1106 1298 2409 1166 1801 1257 1230 962 2277 2787 572 2644 1334 2323 1786 1928 737 395 251 581 2054 374 215 341 1971 1561 529 2040 803 783 16 2656 2504 1900 132 1513 1353 1483 436 2242 364 101 1427 2114 924 1197 1693 483 2149 853 1683 44 1176
000545.jpg,2018 2551 2146 2284 764 719 2008 1289 247 190 1534 1493 914 1403 1577 35 1157 1351 1128 723 1204 2582 153 2487 1915 2485 1121 2824 1359 539 615 2585 1997 303 604 212 874 2209 58 1247 549 343 1751 1772 2110 450 862 664 206 812 1347 2204 2361 2718 871 632 2555 2453 1970 516 2603 1727 1136 1633 2165 2550 2793 2067 416 869 276 2426 1066 14 2058 873 834 1507 2196 536 2536 1674 998 1228 1745 1271 783 2087 1801 121 151 2697 2019 569 2410 765 2242 2353 2604 2254
000546.jpg,2043 2810 2171 1221 1188 546 2816 582 285 6 2666 1891 650 807 1697 1882 922 411 759 2643 1702 475 1916 2346 1260 1723 620 732 1083 468 2313 1603 181 820 956 1797 1541 1858 1456 1153 2841 750 1763 122 334 37 1284 1865 2167 1227 2807 2194 1761 2476 661 636 829 2387 2261 1090 586 1139 2677 40 1605 1380 2502 1570 2425 443 2168 2278 1318 298 476 1082 1696 2152 372 629 973 669 84 1308 281 941 196 1610 980 2761 2048 594 244 1768 353 1199 214 724 2348 2268
000547.jpg,1635 390 1967 1293 1097 1822 580 331 1715 159 1143 1050 326 1118 655 2715 31 2062 430 1648 1011 2406 314 1037 1755 2053 1124 1297 805 726 1692 999 1187 1140 1026 1317 2236 1756 1918 1475 799 1395 1273 1216 1829 1024 2765 1018 782 1472 464 1568 2505 2465 2402 1972 1706 478 2687 927 2531 1647 1831 1503 125 89 1921 936 1789 2407 2301 721 2611 1262 2698 628 1655 1730 1299 1168 2398 1912 753 452 1008 1929 2806 1220 1275 758 2061 1022 138 1612 2279 1378 455 1303 2821 108
000548.jpg,2183 2526 482 1931 1439 2220 574 2291 939 2704 1433 2089 2427 2445 255 217 2057 1874 1223 1330 2051 494 2435 2683 2639 647 1088 1899 657 598 637 2308 2712 531 368 521 1725 619 146 2499 2657 1555 2719 1408 444 677 271 1942 2617 2440 508 1677 790 994 2438 864 608 1892 692 1998 2625 686 274 1771 2292 526 682 447 2037 2319 2708 491 725 1592 1962 2728 2589 1639 2813 1721 1055 1473 974 128 12 2475 1876 2580 1881 2766 2506 944 2569 1185 1937 329 1501 2809 2207 2393
000549.jpg,979 340 2227 2786 332 176 1393 1065 571 2668 2743 1256 1562 1033 289 554 2029 417 2384 1686 597 1418 886 2108 1890 1888 2451 21 62 555 868 681 1398 361 199 2423 1268 302 432 78 292 878 893 743 427 429 1053 2415 1553 2217 1430 2568 2333 2671 866 142 1431 1492 36 680 802 1699 2798 1793 2578 901 1266 1588 536 2078 2539 1429 1132 1038 2221 2808 2335 1329 964 1399 121 1952 733 729 2090 988 1374 2038 2640 377 2629 569 2839 2267 2120 1070 828 193 2031 2380
000550.jpg,1588 1132 121 988 193 569 2090 536 680 1431 36 2117 2333 1268 733 866 500 1886 1499 1492 2078 142 802 1699 1236 1053 429 1553 1430 878 2267 2217 2380 555 1793 2415 901 1890 868 2029 1256 1888 554 2668 176 427 1033 2786 2743 1562 2568 332 743 340 289 417 1686 1393 2227 21 597 1418 681 2108 979 2384 2451 886 1038 302 62 1065 199 1398 1333 432 213 2423 2520 634 63 954 707 323 1374 2671 2024 2421 292 1685 361 2430 1329 78 359 2578 1228 1785 24 1668
000551.jpg,2509 2121 2350 1001 1810 2583 627 67 202 1075 249 1012 1406 1944 447 725 137 899 2728 2825 1212 2294 1055 2766 165 2057 2741 2135 2207 2291 1874 2736 2558 116 204 2435 494 1606 692 2719 1825 2683 574 1223 2292 442 1126 2295 135 2842 1130 2041 1439 1728 2143 24 2708 1088 2413 2224 1899 2051 97 1076 1463 2319 2382 1937 634 1841 1931 1547 1689 1986 686 2258 1448 1940 338 1639 1056 1597 2809 2511 426 1557 1195 2639 1935 2305 1757 2248 2638 1725 647 362 677 2580 657 1383
000552.jpg,1671 8 2449 2535 1474 325 745 443 1308 1082 1006 1090 586 1763 37 459 2167 922 1456 2268 2706 1284 1697 122 2831 1188 924 1380 2573 2216 2705 2197 2313 2623 411 2678 834 205 2096 946 2816 1032 300 488 335 63 1315 624 2230 2452 1911 1487 167 149 1400 856 2571 96 1353 1621 1891 2249 1244 1104 2222 1685 1661 1288 2160 1057 1322 724 2245 1995 2079 935 1363 761 1425 1336 2591 1550 1277 1703 1483 309 2293 20 2572 2841 2401 1723 2156 824 762 393 1263 1687 1286 1844
000553.jpg,16 1483 44 1447 1469 376 1672 1836 291 2437 1749 1057 2317 1535 2249 832 2700 1990 1178 761 1914 576 1727 824 2785 1593 1856 2547 269 2202 1476 2555 88 2745 2129 2000 95 60 2058 1277 1300 1346 2190 2441 132 483 614 1103 1451 1353 1760 1795 834 1224 2054 1116 1713 149 1773 63 596 1361 1176 2111 2016 1513 1712 1394 1304 1019 1714 1559 182 2737 983 2827 1161 695 1743 683 954 393 1343 1137 2180 1183 2072 1999 2080 490 1106 465 1333 1004 205 1631 1244 1482 2136 1308
000554.jpg,121 988 193 2090 569 536 1132 1588 680 1431 36 1268 2117 2333 733 500 866 1886 1793 901 802 142 1492 1499 2217 2078 429 1553 2415 1699 1430 555 1053 2267 878 427 868 2668 2029 1888 1890 2568 554 2380 1256 1562 1236 1033 176 2786 743 2743 332 289 340 1686 417 2227 1393 597 2108 1418 21 1065 681 199 571 62 886 432 979 1398 361 2423 1038 2384 302 1329 2829 2671 2421 2451 2839 2578 933 401 323 1764 893 1754 1272 1374 2335 78 292 2055 2520 2570 377 2221
000555.jpg,1553 1430 1699 429 142 2078 1492 802 2267 2380 555 1053 2217 2415 868 427 1886 1236 2333 2568 1890 1793 901 554 878 1888 1256 2029 866 743 1033 1562 176 2668 289 2117 2743 1431 36 417 1686 332 597 1393 886 2786 1418 21 2227 681 62 340 2423 733 2108 1065 1588 1132 500 361 680 988 193 1499 121 1398 199 2384 2451 302 292 979 536 78 569 432 2090 571 893 1268 2671 1272 323 1038 2578 640 2421 2828 2221 2520 2032 13 933 377 1754 2047 1041 672 1374 828
000556.jpg,477 461 1872 453 2163 760 1784 401 694 1628 99 1976 73 380 1233 1163 2679 981 1903 1145 2074 823 2122 2829 1599 1510 437 177 399 2055 595 2009 2636 460 1085 816 72 141 174 172 2655 2722 156 164 2469 731 2587 1717 2775 208 2098 1415 1160 2126 1047 612 2747 1023 1241 2577 2274 2452 1089 1906 1808 144 1688 1155 1100 1404 2537 2642 1682 1504 2355 599 2446 1436 850 755 2218 2691 222 897 666 1098 1321 1219 1263 2362 1817 2645 2512 2589 2249 935 2156 1881 2443 136
000557.jpg,1671 1474 8 745 325 2535 2449 2831 2705 2197 621 1286 1844 506 300 2571 2401 1364 171 1251 1560 565 45 1064 443 2612 1090 1082 183 2522 586 236 1308 2760 2608 1006 2182 2056 2425 2706 2503 1032 37 229 959 1763 1315 1703 762 1288 785 189 335 1458 2116 2060 459 2079 2230 1336 2160 2591 2216 2167 922 1726 2476 1199 2572 1013 2678 815 1987 96 106 2386 396 84 941 1380 1697 1907 2268 1880 1605 398 419 894 2554 1927 42 2623 856 744 1525 1570 1139 1661 1858 298
000558.jpg,2091 239 1781 2164 2794 2280 49 525 654 245 408 2396 1282 2173 139 2311 192 2669 252 356 838 383 209 296 61 2025 1787 1505 1248 822 1127 207 1356 2232 625 225 679 1435 2137 2070 1274 113 449 858 1598 1780 653 1141 1568 1506 2531 216 1022 1262 1503 455 1299 27 1168 1024 2142 1011 1843 1143 805 1755 1037 1475 1875 2236 241 131 1317 89 2053 2470 430 799 1293 268 1039 788 495 1118 1932 1756 1303 452 1297 1395 1097 467 1918 1813 2765 580 1124 2465 2505 1378
000559.jpg,1221 285 546 6 582 807 1882 1603 820 1891 759 1541 2643 1083 1702 1260 1188 750 732 2313 334 620 468 956 1697 181 2816 1723 2666 1797 1858 922 650 2043 1916 2171 2387 2346 475 2810 1153 1570 1605 2502 411 298 2841 2152 40 2677 973 1537 1456 941 37 84 122 2476 629 1284 1865 1227 1139 1015 690 594 980 2303 1285 1397 1884 2261 2194 2706 420 1761 636 2179 1763 148 1610 281 2768 1502 117 2425 1080 2118 2807 372 1979 2203 1738 661 1199 1184 829 448 1659 2348
000560.jpg,48 1569 64 100 715 439 2721 1796 1640 562 305 2034 51 155 2545 1490 1496 2650 1453 2433 2556 2272 1993 2631 2713 1860 2376 1584 1948 2352 2309 1316 1840 194 2628 1965 1096 1617 1051 1636 1381 1658 2241 201 1416 1218 712 1544 2836 1422 1782 2439 1045 169 2815 2050 440 2837 2130 1261 550 563 735 747 168 1649 518 645 947 2289 2649 1328 1901 1444 1623 2454 2707 134 260 2538 2826 1054 1679 2023 1369 2088 2011 2769 1029 445 2755 1552 2767 1878 1586 259 1870 497 161 2652
000561.jpg,2548 2662 1375 687 2460 2363 879 1619 557 969 1366 798 1776 570 2844 837 2229 352 1861 857 2226 2456 1665 1925 2740 267 2139 1009 1664 2633 551 1724 2298 2385 1539 1684 342 797 1660 2727 2186 2833 2455 2063 746 2590 1043 1930 2607 2198 349 1792 667 1238 228 1816 1575 2749 1086 859 1480 2004 1025 2330 2461 2672 1 2709 57 2327 1159 756 2581 720 1982 2710 1350 2484 842 1675 1059 1815 1580 2039 2584 2541 2187 1291 814 2158 1034 548 892 2215 2125 1446 583 1571 264 154
000562.jpg,1490 1453 1496 2433 2556 1569 64 48 2272 715 100 2721 439 1796 2376 2034 562 1640 2713 1860 305 2545 1316 2309 51 1965 155 2650 201 1901 1948 2352 1636 1993 1096 2815 194 2631 1584 1416 1218 1051 563 2289 2088 1840 260 440 2050 747 2628 550 168 2826 712 2241 1658 1422 1617 1148 1381 2130 486 518 161 1261 1878 2649 134 2538 2439 645 1544 1045 1328 231 784 2836 169 433 1623 735 2454 2337 900 1444 1782 1054 950 769 1679 947 1649 259 659 2707 965 2837 2652 2553
000563.jpg,2252 1651 2682 1977 1179 916 1063 2491 2328 1578 1583 841 1579 2647 227 639 1920 945 2042 2310 887 1770 114 2723 982 1769 998 9 1211 763 2097 819 748 2225 1470 1531 1667 517 919 952 2379 2729 928 1851 930 2575 1657 1585 1354 2349 1368 118 2110 2792 1367 1528 1791 2778 515 311 1239 2416 875 1210 1154 579 1566 382 567 778 1854 2488 2459 1970 923 2793 25 7 2304 512 528 975 2026 566 2559 2711 492 2065 1209 513 2618 2658 1271 151 2462 808 1219 72 2603 2150
000564.jpg,1159 2063 403 837 1009 2484 1815 2455 264 1589 1122 352 1814 2092 2833 2844 2731 2371 2139 299 428 267 2576 1982 2399 2269 1520 234 667 2776 1572 1025 2727 1 1238 913 1291 2189 1735 891 1549 2797 741 1925 969 2385 1619 1349 888 262 307 1571 90 641 2403 17 1509 1539 2486 2541 2138 1807 1373 551 2635 846 2215 2771 991 2255 1622 2100 1615 2412 2431 223 2175 2226 1863 2710 1803 573 349 2094 2338 1338 2834 1295 317 1618 2158 2223 1366 2811 2633 1698 2607 1660 685 1684
000565.jpg,2138 537 2835 1828 405 2614 1964 2758 166 2738 1607 1341 1069 2094 1530 1619 1078 1863 1925 961 160 879 667 1982 352 2460 557 2385 2607 1660 1816 2100 1480 2431 2633 641 262 1622 1366 1735 867 2486 385 2833 2797 888 741 2844 1338 2139 600 1421 1373 428 299 2371 991 1242 2776 2731 846 2363 2771 814 1571 1549 127 226 1539 273 2412 1803 577 1807 2338 2473 1295 2092 1509 1698 2266 2455 17 2811 573 2223 2255 2175 2576 685 642 2648 317 264 1238 551 2104 1025 2484 1815
000566.jpg,631 1518 2282 2049 1290 530 607 2140 2796 1981 446 2596 921 1237 1567 1604 1301 1017 1058 451 2064 1909 1613 662 394 966 2392 984 1384 2093 2660 2458 1879 2085 2543 942 1331 1705 337 1673 1495 2600 1614 487 1002 1978 2696 1681 2257 1119 1742 908 2262 2357 1676 852 243 355 1396 1554 1906 1105 660 813 1370 2782 2664 54 1621 1000 1739 542 1893 360 2369 2259 1853 710 2405 50 320 1695 151 1200 1322 1271 1455 1094 1239 186 1508 2420 678 905 791 1894 1641 1566 488 1850
000567.jpg,909 2823 1866 1365 214 1953 1602 2348 1108 1139 971 43 1596 2141 2188 1696 2448 2688 2841 1757 1487 2498 1477 924 1283 1802 941 1768 84 270 387 644 957 2562 752 2706 2425 986 372 2623 1255 2720 2048 2197 1280 1525 2572 2150 1084 2442 882 2761 2109 229 123 2263 669 959 1171 785 244 1889 1560 1616 2678 476 1880 1032 956 1471 2115 2807 2067 189 2476 2591 2502 1536 1726 1364 2261 1605 829 2677 585 22 1113 2060 2507 2168 1371 335 1227 1927 1199 2449 2160 1621 509 2751
000568.jpg,2054 646 2000 2787 1559 1451 1361 1106 727 614 1951 2072 1175 1306 1137 293 589 658 1207 485 1786 1257 1558 1300 2161 1798 714 1971 1353 1389 1087 1115 2546 2113 483 76 2178 2644 1213 2656 2409 29 304 16 1333 962 2066 2323 2540 1197 789 898 1334 1483 44 2149 376 1019 240 1230 1801 1357 251 954 1166 545 1394 1447 1228 1928 395 63 182 215 1883 2533 529 1091 803 1685 1427 1672 1561 737 291 572 2022 1597 1693 581 2784 1346 436 989 634 1469 1886 2542 149 1149
000569.jpg,390 1635 1967 1050 1715 726 999 331 314 1097 1293 159 1755 580 1648 2715 326 655 2406 1143 1822 2053 31 805 1124 1118 1011 2236 1475 1037 2062 430 1756 1024 2765 1273 1317 1140 799 1692 1297 1395 2531 89 1568 464 2698 927 1831 1706 1503 1829 1216 758 1378 1789 2465 2505 1655 389 1026 1262 1187 1918 1274 786 484 1022 2687 467 2301 455 1662 478 452 2407 363 2693 1039 1275 2470 2059 1932 806 2634 268 653 346 936 2402 2142 1008 1647 1472 1875 2806 108 1127 1730 1929
000570.jpg,998 1583 2792 118 567 1791 919 2065 1769 2778 1354 952 1531 808 517 930 1851 778 382 928 2225 1063 887 1657 1970 2711 2729 1470 1854 2379 748 975 2793 2252 763 7 2328 982 923 2304 227 875 1977 1179 2416 1579 2491 1210 2682 841 916 2349 819 1667 1651 114 311 1578 9 1585 945 1271 2723 2575 515 2042 639 871 579 2559 2658 151 2647 2361 25 1770 2310 528 1920 2618 1211 1209 513 2081 1819 1239 1528 2353 1368 701 2097 566 1367 2459 1154 177 2488 301 2334 247
000571.jpg,645 2011 445 1029 2840 1679 1623 1054 197 1328 1649 463 1444 1663 2707 1552 947 2375 433 2289 1253 2836 2767 1782 169 2735 2837 1544 2650 134 2241 1045 2439 2050 1617 440 1895 712 2130 735 1381 1658 51 161 1422 1993 769 2628 2454 2649 155 860 1870 1840 1417 319 1640 179 1788 965 1369 1710 305 550 562 2769 173 900 2538 1489 259 2631 348 1218 2482 2133 1948 1261 1701 439 1486 1569 2714 2088 64 563 1307 1096 1437 260 26 1796 489 1860 674 1496 518 2076 48 1636
000572.jpg,2043 2810 2171 2816 2666 650 1891 475 1916 2346 1188 1723 922 1697 411 1221 546 582 1456 285 6 1763 759 807 468 2643 37 122 2841 1153 1260 1858 1702 1882 2313 1284 2167 732 620 1865 1603 1090 1083 181 586 820 1797 1541 1082 1308 1227 443 1006 956 334 750 1139 829 980 1761 1605 661 2449 2261 1884 1953 1610 2502 1570 1696 2216 724 1250 1881 938 473 2168 459 2589 2514 2489 2410 2268 1537 372 1150 2194 2677 1846 905 1502 594 229 1027 2245 924 2779 167 1326 2807
000573.jpg,2455 1009 837 264 2484 2063 1159 1815 403 2092 1122 299 2833 2139 2844 1814 2371 1589 1982 2269 2576 428 667 2731 2548 1549 1925 352 1619 267 1735 2776 2797 1238 879 1291 2662 1863 2189 969 2460 2385 2215 891 1366 1375 656 1816 1698 885 1887 557 2356 1776 2412 706 2541 797 1542 234 2338 2403 867 1622 90 349 2123 1571 1338 263 2223 2607 1350 1877 2739 888 1191 741 600 1457 2633 1229 2486 1660 1025 262 2039 2590 1539 2321 1373 2431 641 2253 2158 687 223 720 1480 1572
000574.jpg,1896 734 2500 28 1827 2674 458 1563 587 2181 313 505 152 2283 2819 1741 2479 175 523 2552 1339 1532 238 972 849 2365 2099 847 2177 1376 2527 705 2370 2689 2250 2119 330 2228 2557 2716 696 2534 81 2191 354 1335 2742 671 2681 120 92 1704 2193 1680 1708 2052 261 602 2592 1111 503 532 2764 633 1117 2028 1543 2322 68 711 1010 772 1332 2144 1956 1314 1297 968 1873 1746 1831 2237 1655 653 553 740 1164 2812 1912 1011 890 1932 1475 1917 125 1755 2610 2199 2236 2306
000575.jpg,257 937 1138 1731 1871 2613 1385 1527 2377 535 1779 406 2145 1645 1894 1800 742 2843 1516 773 1992 1526 1455 2763 519 1007 2102 605 1946 410 811 2516 288 1442 1707 1511 2331 186 1969 2341 1325 365 253 1040 1110 749 336 1068 544 1498 1131 2788 2219 112 821 1379 2290 2549 248 435 1079 673 610 2830 2364 1311 434 1966 2730 1005 2299 1309 2746 392 1783 883 1794 1424 1020 678 1243 2560 593 648 94 709 855 301 1968 338 730 1634 2151 1670 2417 1133 1581 1419 870 2196
000576.jpg,1925 1863 1619 879 2460 667 557 641 2385 991 1982 262 2363 1373 2771 888 1807 2431 1242 1295 2844 741 1816 1480 1366 2731 2797 1660 2607 1509 1735 2633 2776 428 385 2833 2139 2371 867 273 814 2576 2524 1238 1549 2104 127 299 2094 1530 1539 2092 147 1078 160 551 1803 1291 226 2269 2468 1814 2783 577 2595 1025 1122 1589 1629 472 352 2801 1069 2403 267 2175 2710 685 2455 1607 969 264 2517 837 2138 2484 537 1341 203 1684 891 1009 2226 2444 2298 2063 1811 2266 2412 1862
000577.jpg,1545 1752 2389 59 1146 4 2367 626 950 1202 1799 1737 2069 556 987 1386 826 2270 547 312 2082 85 613 635 611 2832 440 1319 1552 2289 1407 1934 1405 1624 2840 463 259 1656 1029 188 2148 2477 2076 735 2375 2241 283 1617 2424 1926 1788 550 2130 1895 2735 1993 977 1045 1422 2050 2300 1102 169 2501 2419 860 221 2133 134 2652 965 2044 1544 1636 900 2088 1486 433 161 2312 817 173 2011 1649 563 2837 445 197 943 2439 1468 155 2790 260 645 1172 1983 2544 2650 1437
000578.jpg,505 523 175 28 2181 2500 1896 1563 458 2552 2283 2819 313 587 705 1827 734 152 849 2689 2365 2479 238 2674 1339 1741 2716 2370 2527 847 2119 2534 81 1532 2250 2191 2177 972 2557 2099 2228 696 2681 1376 1335 330 2193 120 671 1680 92 602 1111 2742 2052 1708 2322 503 1704 1332 354 1314 1117 2592 633 2144 2764 2237 890 711 1475 68 1831 1543 1655 131 452 968 501 1955 1873 740 772 2236 125 129 1912 2265 2594 1010 1022 780 2059 553 2244 877 2597 653 1932 1875
000579.jpg,2365 81 2119 2370 2689 2534 705 2479 849 587 2819 2527 152 1532 2716 2283 2181 458 2500 847 1827 1741 972 313 2552 2557 1896 175 734 1339 2674 1563 523 505 28 238 2250 696 2177 2191 1376 2228 671 1704 330 92 2099 2681 1708 120 1335 1111 2193 2742 1010 354 1680 2052 602 2592 2322 740 2237 1873 503 2144 1956 968 1332 532 1117 1692 418 1026 1314 1831 2687 2764 772 2698 633 346 68 125 2028 1746 1097 1293 2806 261 268 1932 504 1912 1164 780 1917 890 1655 131
000580.jpg,2567 2751 1171 1214 22 2109 744 2726 2162 1661 1044 454 20 167 1865 2841 2823 957 1744 1139 2216 2222 214 941 1487 2502 2404 1995 924 2152 752 1866 609 2317 189 1602 1605 115 1032 2249 96 2348 592 909 244 897 84 2060 1953 1987 106 1703 309 1927 1199 1288 1696 1363 333 1632 1217 2554 2677 419 396 1727 834 807 2153 2627 761 2115 2156 1889 1556 785 2555 815 894 186 629 2141 1616 2706 2507 2571 1200 1371 1858 1153 481 448 1084 1255 2150 2197 1425 856 1447 123
000581.jpg,431 2510 70 1035 1839 2561 1753 1125 1759 2777 2772 2077 2478 2757 191 315 2622 1390 1252 1165 18 1557 2302 601 1842 1834 2 2663 951 2818 2015 1938 767 2686 2315 1747 1075 1443 2323 1801 2644 2685 1833 889 1798 962 2702 395 277 529 2161 2667 522 2496 2277 990 1207 1114 1810 461 1976 202 1980 2242 1334 249 2509 714 898 1012 853 2759 1406 72 1986 1511 783 1333 1137 1230 2000 1310 1394 2299 2072 1235 1548 297 2532 251 269 65 1427 634 688 374 2583 1558 426 1107
000582.jpg,1385 2145 406 773 1779 519 2763 1992 742 2102 1007 1707 1871 1526 1645 1138 1442 1511 1969 1731 2613 1800 1894 1325 2516 257 186 937 288 2377 535 1527 1516 605 709 2219 2609 1455 392 336 301 338 730 253 2341 365 1466 1309 2331 248 410 1424 1020 870 1783 811 1040 2560 1581 94 1966 435 1498 1311 544 2830 1131 678 2095 1794 434 610 648 821 1718 1110 855 2680 1670 673 2417 1243 1068 1142 1850 2087 1094 2299 1968 2151 1133 1379 2788 2519 774 2843 2492 2364 2243 881
000583.jpg,1753 1125 2777 2772 2077 2478 70 2510 2561 1759 431 2757 1035 1839 1252 2015 191 18 1834 951 1842 2663 315 2818 1390 2622 1165 2 2302 1557 601 2161 767 277 2315 1443 2702 1938 2323 1747 2685 962 1798 1075 297 990 1333 1801 1980 634 1833 889 2686 1235 103 529 522 688 1334 2644 2759 1207 426 369 1810 395 853 581 2624 1394 2430 1137 2143 714 2277 2667 2022 898 1597 1389 1323 1511 502 2583 2532 2509 284 1989 2471 2242 1908 249 2072 737 374 1114 251 485 954 2000
000584.jpg,1545 1752 2389 1146 59 4 2367 312 626 1926 2832 1624 987 1202 1405 85 635 2300 1407 817 1102 221 556 950 2082 2270 2790 1386 1656 547 943 1934 2411 1737 2817 1644 188 826 2069 2528 2501 611 1799 1319 613 2044 283 1422 1993 2477 860 1617 463 266 1328 712 550 2840 2556 2454 1045 2011 1029 1552 440 1623 2050 1444 1316 2375 2289 947 1489 735 2241 1190 2424 1417 445 2714 1701 2631 2515 2837 2130 1788 169 259 1663 197 1983 2133 2544 1679 1796 51 562 179 433 2836
000585.jpg,1752 1545 1146 2389 59 312 2832 987 1102 1405 85 635 4 1624 2790 221 1934 2411 1926 556 1656 2501 943 2528 1644 2300 1407 2082 2817 817 1386 188 626 2270 2367 2044 1202 547 2069 1737 826 611 1319 1617 1422 283 950 463 613 1029 712 445 266 1983 1045 550 1552 2840 2477 2397 1993 2424 2133 1328 2011 860 2574 2556 1316 1444 947 2375 440 2454 1190 2544 1092 2631 2050 197 259 900 735 1663 2241 606 169 2714 2289 2515 1489 2130 2419 2837 977 1796 480 1799 1414 1468
000586.jpg,1944 1056 2294 137 1055 1212 2135 899 2741 204 2728 725 116 2207 1606 2842 2558 165 1463 1825 2825 1134 1547 246 2511 447 1935 2305 1067 97 686 2041 2766 2057 692 494 1899 2736 2435 1076 2291 2580 2286 2068 2719 2248 1130 2292 1126 2813 146 2382 574 79 1940 1841 722 1452 1874 2665 1937 1464 804 1639 647 2683 1223 677 2319 948 2708 2258 1185 329 442 2393 2639 657 2438 682 1777 140 1868 362 1986 491 2436 2569 1592 1931 2526 783 2350 2583 1721 407 217 1810 2506 995
000587.jpg,2252 1651 2682 1977 1179 2491 2328 1578 1063 639 841 2647 1579 945 1920 887 916 1770 114 2042 9 748 2723 227 819 1667 1470 1583 2310 763 1769 1531 982 2575 1585 1211 2097 2225 998 517 919 1791 952 928 2792 1528 2778 1354 118 930 2729 1657 515 1851 567 2379 382 1367 2065 778 1368 2349 1239 311 2459 1154 875 1854 1210 2488 1970 579 2416 1566 2793 25 492 808 2026 2711 528 2304 566 2559 7 512 923 975 2618 2019 2658 1209 513 1271 151 2081 861 2110 2550 1507
000588.jpg,1681 487 1705 2600 337 942 1384 2085 966 2458 2543 1495 1000 1853 360 1739 2664 2259 542 54 1893 660 2782 710 1695 2596 50 2369 1017 1508 1290 791 1287 2064 1331 1673 1031 1614 2696 2803 1742 1565 2257 2660 2392 921 1518 631 1978 1002 2282 2262 852 1119 1370 908 243 607 1396 1554 813 2049 984 355 446 530 1981 2796 1105 1237 1676 662 1604 1301 2140 1058 1613 1567 1909 451 2618 151 2559 512 566 2026 2357 25 1779 1209 513 394 1871 1770 568 1385 2575 579 2469 528
000589.jpg,645 1054 1679 1623 1328 1649 1663 2707 1444 947 2767 445 2011 1029 2836 169 2837 1782 2840 1544 2439 1658 1381 197 463 1617 1045 2241 712 1552 2130 2050 2289 2628 51 735 1422 1993 440 433 1253 1218 2714 1261 1369 2454 2352 194 2735 2649 1640 2650 179 1870 1417 1948 161 1051 860 2375 1569 305 134 1416 562 64 48 439 155 1096 1895 2631 550 173 965 1710 1584 1796 769 1489 2272 2769 480 26 2133 2721 715 1840 100 900 1788 319 2088 258 2732 2045 348 1701 1636 2815
000590.jpg,1125 1753 2777 2772 2077 2478 70 2561 2510 1759 431 2757 1035 1252 2015 1839 191 18 1834 951 1842 2663 2818 315 1165 2 2302 2622 1390 1557 2161 601 767 277 2315 103 2323 2702 297 1323 1938 1443 369 1333 634 2685 688 1801 1235 1019 2644 2022 1389 990 962 2624 1798 1186 529 2759 1833 426 395 2113 2430 2178 1747 581 2546 2686 522 1334 1980 1685 1115 1075 1353 889 63 2000 29 1989 954 293 1951 2242 2143 2024 2583 988 898 126 2277 1213 737 304 1460 1207 485 1845
000591.jpg,499 545 1394 2277 1801 465 529 1631 2644 1785 395 1334 2323 1228 540 374 1561 962 2579 853 2759 1087 1798 1230 1685 63 898 1333 572 1558 2113 2178 1213 304 2022 714 2066 803 2546 1019 1389 789 1898 954 2504 1137 251 2242 483 1115 1883 1197 149 1928 1683 2409 1427 182 2072 1166 2238 1207 1300 240 2381 328 1353 766 2547 101 2040 2542 824 1298 581 576 614 341 407 2540 737 1257 617 695 2555 364 93 1590 1900 34 1178 1176 989 1743 132 1971 2784 1306 1951 895
000592.jpg,1140 1124 2053 1037 1829 1216 1924 1168 1299 2279 1918 1472 1273 1187 2236 1475 1647 1297 2402 1972 721 1303 1921 2061 1635 805 1317 1395 344 1756 561 390 2698 1715 1967 1755 391 412 1612 27 1118 1692 1143 1293 1648 1141 1822 1097 2406 1050 1506 799 216 113 430 314 1568 2062 159 331 1008 936 655 580 1505 858 643 2407 2611 252 2465 2505 2137 402 326 1018 2232 1011 782 471 2301 138 383 31 1780 822 363 455 1262 1438 2632 1356 1789 2531 464 33 1781 1831 1024 927
000593.jpg,1752 1545 1146 2389 312 59 2832 987 1102 221 1405 2790 635 1934 2501 85 4 943 1624 1656 1316 1926 2069 556 2528 2367 1407 2300 2411 1644 2556 2817 626 2082 1386 950 817 440 1202 547 2044 735 1636 2270 188 826 2241 1617 1045 2836 1737 2050 1422 611 613 712 518 169 550 2837 1782 1840 1319 2840 2826 2133 1496 563 900 1649 480 947 155 2454 260 283 2649 2419 1878 1437 1552 259 2652 1328 1486 1444 2088 1983 1965 925 179 2130 445 266 1544 2424 1381 2439 463 1796
000594.jpg,2320 967 1149 2533 293 29 2172 286 2673 1804 2408 1719 213 426 2024 707 1597 2430 634 2143 24 2638 2756 1689 2021 2354 754 91 1728 1849 792 2296 2224 739 2787 2235 1478 1265 2615 1448 1269 1529 2295 2413 1231 558 853 119 2390 135 1722 1296 1867 1383 2472 184 80 424 1733 757 1533 2566 218 520 646 1984 1361 2054 1945 19 1451 2409 1312 2644 232 2323 364 789 76 1900 529 589 395 1558 1798 376 962 1091 1334 436 1207 714 1535 215 1166 2540 1559 727 2040 983
000595.jpg,2320 1149 2533 2172 286 293 29 2673 967 707 2408 213 2756 1804 2024 2638 2021 426 1597 2430 2143 634 24 1719 1689 2354 754 1728 91 1849 2615 1478 1448 1265 2235 1529 792 1269 2390 739 2295 2787 2413 1722 119 1867 1231 2296 558 1296 135 1383 184 424 2566 80 2224 1533 520 757 1733 19 2472 853 1945 218 1984 232 1312 2054 646 2744 2000 1361 1451 376 529 498 1559 1798 1535 2644 1786 425 1106 76 1886 983 1334 1180 564 962 1236 1469 39 1818 1513 2409 1869 1447
000596.jpg,1096 1416 1948 2815 2272 1362 1860 1965 1636 2352 1584 1316 1496 439 64 2556 201 1569 562 2721 715 100 1796 48 2034 1897 497 155 305 51 1586 2241 2650 1640 2289 1051 2713 747 194 563 1552 712 1617 2545 2433 1658 2309 1381 1490 1901 1218 1993 2755 1453 645 445 2046 2631 260 1045 2826 547 2628 440 1319 2088 2011 2836 2376 659 2840 134 1544 2130 168 611 1840 1148 1782 2454 1422 2553 550 900 85 1029 556 518 2023 1328 319 1878 1261 992 2050 231 433 770 2045 2732
000597.jpg,1115 2546 1389 2054 2113 646 2178 304 2066 1213 1019 2022 63 2787 2000 1333 1228 1559 545 1785 1361 614 1300 1951 1451 1175 1306 727 1394 1685 1106 485 658 1137 2072 589 293 1207 1257 149 954 1786 1971 2161 182 2249 1161 1798 761 1558 714 1353 1087 483 1760 1883 1712 898 1230 251 1801 2409 2504 737 215 989 2644 436 76 962 1427 364 101 2040 341 2323 1091 29 1447 1900 1166 16 766 2540 1683 395 2430 1093 572 792 634 1483 1197 2381 376 803 1804 789 2024 581
000598.jpg,2471 990 502 1235 2601 1845 2624 103 297 688 1323 126 768 1186 848 903 2276 522 1830 1340 578 2314 284 1114 702 931 1908 1767 1391 1413 1608 1107 2388 65 1720 1821 2667 684 250 1310 1512 835 1975 1254 767 277 1839 2302 2478 1165 2323 1753 962 2077 1035 395 1125 2777 2772 315 1834 973 1723 1759 431 18 191 2644 298 1916 1570 951 1798 2015 2510 1252 1232 1397 2620 2561 1605 2759 803 251 374 2757 614 420 1557 475 1842 1015 2315 2502 2509 1285 1938 2 1810 1390
000599.jpg,865 1754 2520 377 1038 640 2421 828 1949 2578 2798 1041 2210 13 323 1429 1272 2539 2671 729 2629 2221 2428 2640 933 2031 1668 2828 672 2602 1374 2083 1070 2120 1337 2038 1910 1049 964 1266 1952 1329 1399 2808 2032 358 1249 2335 1477 2047 1189 56 2839 2795 698 932 1764 370 839 340 2570 955 1521 2786 979 432 2668 2108 176 2227 332 986 1256 1553 199 1757 36 2333 2117 2623 1431 214 1255 123 1144 882 901 1793 2150 121 302 2743 1393 1616 2267 2317 1430 1562 2380 1686
000600.jpg,2820 2473 166 2738 1421 1964 969 2175 2614 405 2013 1828 2266 2709 2835 2226 1324 577 226 2100 1514 352 1571 1618 2486 1539 1622 1338 2372 642 2513 600 1078 846 2339 2758 551 2138 1349 1540 2710 349 961 2213 414 511 317 160 892 2223 307 1025 264 1 685 195 2063 2340 1814 17 1270 1698 2338 573 2484 46 2727 537 1069 2094 342 147 2648 2635 1994 1060 837 2158 2444 1520 223 1059 2595 2255 1341 1101 1589 1530 2740 2269 1122 1862 2412 2466 2004 2215 1355 1861 797 2174
000601.jpg,2252 916 1651 2682 1977 1179 1063 2491 2328 1578 1583 227 841 1579 2647 639 1920 2042 945 2310 887 1770 2723 114 982 1211 998 9 1769 2097 819 763 2225 748 1470 517 1531 1667 919 952 2379 2729 2575 1585 928 1657 930 1368 2110 1851 2349 1528 2792 1354 118 1791 2778 1367 579 2416 311 1239 515 567 778 875 1154 512 382 1210 1566 1854 2488 2459 1970 2026 2793 25 7 923 566 1209 528 975 2711 2559 2304 2065 513 2462 2618 2658 492 1271 808 151 809 2803 813 72
000602.jpg,277 767 1938 1443 1833 2686 889 1747 2496 1989 2702 2532 369 211 1460 2561 951 1980 2685 2077 1753 2478 2772 2777 2315 1035 2818 1125 824 2302 1165 2510 63 1884 1610 980 1252 465 1333 20 1353 1839 1082 1557 2015 70 1308 1834 132 2547 1390 2323 2022 1685 1605 1891 167 1502 1456 88 1300 990 1916 315 448 2346 897 122 475 1556 2245 1015 395 1637 2296 431 1759 2620 1723 2745 2118 1176 586 2644 1032 1166 1560 1928 2622 1188 191 529 1476 306 714 2203 1326 182 1263 2726
000603.jpg,1752 1545 1146 2389 59 312 2832 987 1624 1405 1102 635 2501 1934 85 2411 4 1644 221 2790 1407 1656 2528 943 1202 1926 2817 556 2300 817 2044 626 2367 2082 188 1386 2069 2270 547 1737 950 826 611 283 2556 613 2840 1422 1319 440 1617 712 735 550 1328 1799 1316 445 2050 1045 2714 2011 169 2241 2837 2836 463 2477 2289 1552 947 266 2454 1444 2375 1782 1190 197 1993 1796 2424 2133 1983 2544 900 2631 860 518 2538 480 305 259 51 2826 1636 2130 1468 433 1649 1623
000604.jpg,1911 1697 2823 38 2268 2167 1995 167 1200 20 115 459 1882 2726 1456 372 1267 1387 2318 454 956 2573 1380 661 796 829 2425 1188 1638 1763 922 1082 396 2194 1090 122 1153 1744 2420 1308 669 476 2313 1032 411 2678 586 1880 2168 2677 1709 37 1227 2216 630 2030 620 2623 443 2476 1797 448 275 1479 189 2060 2261 1858 2222 1284 2593 2449 834 1560 2263 1006 1536 285 1321 732 2141 419 181 1084 281 2156 1108 1661 468 636 629 2791 2162 2554 1682 309 1098 1260 1865 1525
000605.jpg,503 711 633 772 1680 2322 2250 2193 1335 2592 2052 1111 602 1332 1746 2237 740 1704 238 2764 1117 68 2144 261 553 1917 968 533 120 2681 1314 1297 671 1708 2228 2199 28 1852 532 1543 972 2814 2552 1109 1376 1164 587 699 1563 2773 2028 1956 696 1774 1955 1010 2500 872 313 771 81 1532 505 2557 2177 2099 2819 162 2365 1327 2212 2119 1873 2191 2370 963 2610 92 1827 2181 2306 1741 458 1650 152 354 175 2479 2265 367 507 2527 1823 523 705 1182 2283 1339 316 2689
000606.jpg,1705 2600 1681 487 2085 942 2543 2458 1495 966 1384 337 1017 2596 1290 2392 1002 1331 2660 1673 1614 1742 2696 1978 1000 1853 2664 1739 2257 852 360 542 2262 54 2259 2064 1518 1695 1893 1119 908 660 710 2369 2782 50 921 791 1508 631 1287 2803 1031 1565 2282 984 1370 1676 243 355 1396 1554 813 607 1105 1237 2049 1981 2796 2357 1567 530 446 2140 1604 1718 320 1301 451 394 1058 566 512 662 2026 1385 151 2618 1519 2559 1909 1779 893 1613 1770 186 21 1871 1682 2147
000607.jpg,213 2024 426 2320 1597 1149 2430 2408 2638 707 2143 634 24 2533 967 1689 293 29 286 2172 2673 1719 1804 2756 2354 2021 754 1728 1849 91 1529 1478 1269 1448 1231 2390 2235 757 2615 2295 558 1265 792 2413 1722 135 1867 119 424 184 2296 2787 739 1533 2566 853 1296 520 1733 80 19 1383 1945 2472 2224 232 1984 1312 2744 218 2054 646 498 529 1361 2366 1451 727 425 1236 2644 658 2014 589 1558 1839 1886 1798 1326 2124 2078 1801 1394 142 182 1333 2072 1951 375 1175
000608.jpg,2331 392 301 1419 519 937 773 2763 1992 2145 406 2102 1385 1779 1894 1455 1527 742 1138 535 2377 1526 1442 257 1871 1007 186 2613 2341 1731 1707 1516 1645 253 1077 1200 1511 605 336 1969 1800 94 248 568 1131 1325 2843 2264 2516 2219 410 1498 1309 610 338 2318 648 809 1170 1783 1387 1424 2132 544 365 1142 2593 1794 2087 709 2243 1133 811 870 813 2560 2519 1670 2830 774 2299 1184 1581 1020 69 2420 678 1040 2101 730 1152 1466 1094 1973 490 1036 855 2027 1966 435
000609.jpg,2801 1215 879 557 2460 2363 2189 2138 1278 1828 405 1341 537 1607 2835 1069 1964 2614 2758 2607 1619 2185 166 2633 2094 2738 2246 1366 1684 814 1660 2431 1925 2584 1630 1982 1480 1411 1816 385 2524 2298 352 1863 867 667 1360 2833 741 1530 1129 2844 2385 961 1078 2517 1539 888 2104 273 2139 1242 1939 687 577 299 2619 160 2175 1735 2797 1338 127 2338 2412 2662 1509 1421 1514 262 1373 1294 1258 1988 795 1446 991 641 1765 264 969 1025 1571 2473 1698 2092 2100 1694 2444 798
000610.jpg,348 1870 2769 26 925 2454 2649 1369 480 179 2714 712 2538 550 2050 2130 735 1417 1045 1788 860 440 1422 1617 518 1489 1710 1701 2241 1993 1328 51 197 2289 2011 1663 463 2836 2840 445 1782 305 1029 169 2837 947 562 433 1640 1649 64 1658 155 1444 645 1679 1569 1381 2375 161 2707 2650 2767 1054 1840 48 260 2721 1544 1623 2631 439 1796 2088 1552 2628 2439 1218 715 1172 100 1624 1948 817 900 2352 194 1096 970 2556 1895 1584 2419 1051 2528 1416 1644 2034 489 2826
000611.jpg,1944 1056 2294 1055 137 2135 899 1212 2741 204 2728 2207 725 116 1606 2842 165 1825 2558 1463 447 2511 1547 1067 2825 1134 246 686 2766 1935 2057 97 2305 494 2041 2435 692 2580 2736 2291 1899 79 1076 2068 2719 1841 722 2292 2665 1130 1126 1874 1452 574 2286 1940 677 1223 2248 657 2319 146 2813 442 2708 2258 2382 2683 1937 804 2438 1986 362 1464 1639 329 1868 140 1185 647 682 1931 2639 1777 948 251 1810 491 1721 2526 1427 2509 67 2393 2583 627 2540 2589 2569 790
000612.jpg,2677 629 1462 882 281 123 2359 2150 1757 986 84 1255 941 423 2572 909 1371 275 750 396 2494 851 2387 372 1866 2627 334 1280 1139 820 1032 1084 214 1541 1987 1525 924 2688 1882 2194 1153 1144 2678 2115 1616 2348 1603 1113 40 1221 2425 1199 1761 1687 2152 2502 481 1477 2261 2476 2421 1949 2278 594 1198 327 2841 1184 244 2623 546 2197 815 1659 2573 2216 1560 1661 115 2060 285 1750 1922 971 2761 2188 1602 300 2706 2141 1283 2571 1219 762 1487 1726 1696 482 1400 189
000613.jpg,540 1631 853 465 291 1561 1801 2277 1535 44 832 529 2644 2323 1483 16 1334 1447 617 395 376 499 1469 962 1749 898 1230 1197 1672 576 2317 1798 2542 2409 1346 2249 2547 1928 714 545 1166 1103 783 2785 572 1087 1394 789 240 93 1683 483 1847 374 2016 2242 824 1590 1558 983 1883 2759 1999 1743 1513 695 1300 1093 895 1914 2129 596 1898 1207 1176 803 1689 2784 1343 1427 2827 2190 2700 2295 47 1996 2579 1178 2072 251 341 614 426 2111 407 1353 1161 1597 1137 1990
000614.jpg,1325 1526 2516 1442 1511 1969 1992 2145 2102 406 1779 773 2763 519 1670 1385 2299 2087 673 1142 1871 2519 2730 800 2697 2243 2196 1966 1850 821 855 2746 2492 774 2417 1094 1913 1068 2005 2788 2290 1936 749 1005 2006 593 1174 1311 568 2151 544 1243 1783 2377 2364 112 1527 881 730 1794 1379 1498 2680 678 1110 2549 605 1707 2251 535 870 1007 336 365 1131 2095 1138 2560 1040 742 1309 410 435 1968 1573 338 434 1581 94 1645 2613 1020 717 2830 664 1466 253 811 1455 883
000615.jpg,455 2232 2137 822 1262 1568 2470 799 113 1140 1829 464 1780 1706 1831 927 726 1506 1655 1282 1127 296 1216 1789 356 1273 408 838 383 2715 1505 209 1503 268 1024 2693 1299 653 1168 1274 2280 314 2698 2531 1011 2236 999 1124 580 2173 2396 159 1755 49 31 2279 139 207 1781 1787 2765 27 1475 1924 131 1635 2687 245 1293 525 1097 1932 326 390 61 331 2794 239 1756 2053 1875 1356 1967 1297 1050 806 2059 654 1037 252 1918 1275 1143 2142 805 295 225 1317 1118 89
000616.jpg,536 1049 569 121 2090 1132 988 193 1588 680 932 698 839 955 1268 1521 36 1431 323 2333 1038 2421 1041 13 1754 1272 1949 2520 2210 2117 2047 377 2083 640 1910 1189 370 56 2032 2578 828 1337 865 733 500 1249 933 2671 866 1668 123 1255 729 2798 672 2828 901 2602 1329 2629 986 1477 1499 1374 1757 1429 1793 2539 2150 2640 2428 882 571 276 1886 2335 2839 2387 429 2415 2120 2038 2221 2380 1553 332 964 2031 2267 743 979 1065 1764 2668 878 340 142 2078 1686 555
000617.jpg,28 505 523 175 2500 2181 1563 1896 458 2819 2552 313 587 2283 1827 152 238 734 2479 849 2674 2365 1741 1339 705 2716 2689 1532 2250 847 2119 2191 2370 2527 972 2099 2534 2177 81 2557 2228 1376 330 2681 696 1335 671 92 120 2193 1680 2052 2322 503 354 711 1704 633 2592 602 1111 772 2742 1332 1873 2764 1543 890 2597 1010 1708 1117 1831 261 1297 2236 1475 1655 2812 131 740 968 2237 653 1011 1568 2144 1314 1974 532 68 2594 1912 1917 125 2265 2199 1746 2715 552
000618.jpg,1663 1617 1045 712 1489 1710 1328 947 1417 1422 1444 2050 2130 2241 1701 1369 860 2836 1679 1782 2454 735 2707 2649 1993 1623 169 440 2837 179 1054 550 925 1870 26 1381 2767 1649 1658 2011 197 348 480 51 2714 2289 1544 900 1788 463 221 1624 2790 2832 445 2528 817 1218 1407 1644 2840 2817 2769 1934 1437 1656 1640 943 1796 1569 1926 1102 312 1405 2439 433 2300 305 2411 1552 635 64 1029 2628 611 1486 1319 2352 562 645 1208 2375 155 2082 194 556 2721 188 2419 2397
000619.jpg,2288 1357 1818 39 2495 2281 564 926 1180 230 76 777 1091 1996 989 739 2114 751 581 341 1786 1106 1559 737 2224 2000 1257 1971 215 436 1900 1451 2381 1361 1482 2785 2239 2040 946 2542 2787 2080 1036 441 1593 1523 824 766 2504 364 318 1476 1943 2437 1116 2202 2695 683 1641 1152 251 2497 75 2489 1538 117 803 1304 1353 907 2824 407 1713 1219 327 789 1714 1693 2745 2699 1427 2245 60 1230 615 2238 1915 2204 1184 1014 187 2073 1836 55 2644 2242 1846 1263 47 1856
000620.jpg,1752 1545 1146 2389 312 2832 59 987 1102 1405 2501 1934 635 1624 2411 85 2528 2790 221 1644 1656 4 943 556 1407 1926 2817 2044 188 2300 817 2082 1386 626 1202 2270 547 1737 2069 826 611 2367 283 1422 1319 1617 266 613 712 950 463 2477 1983 2840 445 2574 1552 1328 2424 2011 1029 2133 2714 2556 1045 550 1190 2397 2515 1468 2837 1993 169 2544 1663 977 2312 2289 1092 1316 2419 433 2375 1796 2631 440 2454 2050 947 2826 197 735 1799 1782 1444 1369 2148 1172 860 900
000621.jpg,1588 1132 121 988 193 569 2090 536 680 1431 36 2117 1268 2333 733 866 500 1886 1492 142 802 1499 2078 1699 1553 429 1430 1236 878 1053 555 2267 2217 1793 2415 2380 901 1890 2029 868 1256 427 2668 554 1033 1888 176 2743 1562 332 2786 2568 1393 289 417 1686 597 2227 340 1418 21 979 886 2384 2451 743 681 1065 2108 62 199 302 1398 1038 213 361 2423 1333 2024 432 359 571 24 634 2671 1597 1374 1685 2143 1668 2022 707 426 292 2430 1041 2421 63 323 1785
000622.jpg,2548 1375 2662 687 1665 746 210 793 1861 570 2125 1034 493 2461 57 1859 1276 1930 2418 1358 2456 1234 280 2327 2229 1580 2174 2374 2004 1792 1724 548 1664 2838 837 859 1575 689 294 2063 366 976 2844 2672 756 264 2455 1279 1072 2330 1776 2484 1758 421 891 2833 2186 1009 1765 1619 352 969 1122 2740 1196 2694 2403 133 797 879 2797 1159 2092 2189 2175 403 2473 1815 2371 2385 2184 1059 1539 1392 2123 228 1947 2576 2139 1982 299 557 667 1660 857 798 2269 583 2255 2710
000623.jpg,84 2502 2152 941 1605 1139 909 214 2841 2706 2348 1602 1953 1866 244 2141 1696 957 815 1171 2109 1987 2115 1365 2751 2677 2404 1214 2567 744 22 1661 1889 2464 1616 924 2572 629 1371 1927 509 609 183 106 2725 2457 2197 844 1525 621 2623 2162 1766 1199 1280 40 398 96 1960 1632 894 454 2448 2726 1515 1032 1659 2203 2522 167 2153 45 2222 959 189 171 2263 1064 1744 1726 1113 2761 270 1364 2678 419 2612 1477 2056 1198 2831 2503 1084 2507 1768 1283 2116 1738 2554 510
000624.jpg,2471 990 1235 502 2601 1845 297 2624 103 1323 768 688 126 903 848 284 1340 1830 1767 1107 1114 65 702 1186 1908 931 522 2276 578 1608 2388 1512 1310 2314 1254 835 1391 1720 1413 684 1821 250 1975 2667 767 2079 2571 277 1286 1277 2080 205 2831 1013 2058 1035 1015 1844 2302 1130 2705 309 2167 2015 1834 2401 333 2702 1839 1252 2685 1165 2315 1336 2136 1753 2644 951 856 1458 191 1846 1364 2489 2555 1353 506 37 1300 1315 2160 2772 483 2496 1749 1980 1523 240 2216 1032
000625.jpg,607 2093 2796 631 1518 2049 2140 1058 1981 2282 1301 451 530 446 1237 1567 1290 1604 394 1909 1879 2596 1017 921 1613 662 2660 2064 2392 984 1384 966 2458 1331 2357 2543 1673 2696 942 1002 1614 2085 2257 1906 1119 1495 1978 1742 908 1705 487 337 2369 50 1681 2600 355 1031 1396 813 2782 710 1893 54 1695 1853 2262 2664 1000 1370 1105 1676 542 1739 243 2803 1508 852 791 660 1554 1565 2459 1621 1287 1179 2636 2349 528 1516 2618 1455 887 311 2682 2488 585 2491 72 2251
000626.jpg,2315 1980 2685 2702 277 767 1833 1989 1938 1443 211 951 2532 269 1165 2 2818 2663 369 2510 2302 1460 431 1252 1834 2015 1747 1548 315 191 18 1753 2496 2478 2686 1759 1842 889 2777 2772 70 2077 1557 1125 2757 2622 601 1390 1767 2388 2314 2276 1413 126 65 684 2667 1340 2518 1391 2561 83 1147 1593 688 1073 1512 1450 830 522 2296 2661 1869 2245 903 1511 39 1975 1884 2437 2624 2251 1641 990 1836 2677 1943 1845 2299 1120 1263 1107 1794 1620 1254 1285 1850 2563 931 1442
000627.jpg,222 2218 2512 1504 1436 2362 850 1305 2691 2355 2750 935 1052 2096 2645 2201 836 1098 1321 2450 2342 2432 2071 1638 755 1933 2156 1790 1736 1806 1709 796 2593 1911 177 2122 144 2679 2829 1903 897 401 612 1085 1023 453 2163 380 816 1628 1621 1163 141 477 2074 2420 73 399 981 437 2055 461 1006 1510 1233 2452 1599 924 2587 823 2747 443 1047 1605 2535 2469 595 1682 2446 2318 2098 1474 1308 2722 586 760 1082 1145 2449 629 325 2502 1387 599 174 460 745 1479 72 1808
000628.jpg,1085 816 2122 1903 2679 2829 1163 177 2274 2452 1155 1808 1688 1404 1100 1089 401 1628 453 2163 141 2055 1023 380 73 612 1047 1906 2747 1233 2098 437 477 1599 2074 461 399 823 1145 760 1510 1976 981 2722 595 72 1872 172 2587 164 1415 174 460 2009 2775 156 208 2577 99 2636 2655 1717 1784 2469 1160 731 1241 694 2126 599 144 1682 2355 222 2537 1006 1504 2645 1305 2446 935 1321 1436 2691 2362 666 1098 2642 443 2218 2432 2750 850 151 2201 1271 1933 2512 2793 2156
000629.jpg,1532 2479 849 152 2819 458 587 2365 972 1741 1827 2283 313 2557 2500 734 1339 847 2674 2716 1896 1563 2552 2181 2119 81 2370 175 28 2689 696 238 505 2534 2527 2250 705 523 1376 2228 330 671 2177 1704 2099 92 2191 2742 1335 354 1708 2681 120 532 1956 2193 2052 2028 1010 1111 2592 602 1680 2322 503 2698 1332 772 740 1932 1297 1831 711 1117 633 2764 2715 2059 268 131 780 418 1216 1475 1655 2244 1293 2814 2144 2237 1829 1097 726 2236 1314 2687 261 1037 1875 159
000630.jpg,1011 2142 1024 1503 241 2531 390 840 1843 1875 999 452 1635 467 495 2285 1967 268 1039 131 389 2565 2634 1062 2765 1715 89 324 2715 1813 1923 1475 129 314 501 1932 1037 1050 1293 1097 53 726 2236 758 1568 159 2687 927 456 580 1022 1789 653 1281 788 1124 2053 1026 125 799 484 331 430 1822 1378 31 1143 1274 1831 464 1273 363 2301 1912 326 1655 1929 1730 655 2407 1662 2465 2505 1706 1140 1275 806 786 2698 2059 1755 628 780 2244 1297 1118 1648 290 2806 1395
000631.jpg,2381 1900 101 364 2040 215 436 737 251 803 2504 581 1883 989 341 374 1230 572 1427 2114 2579 766 2238 328 2759 1798 2540 962 2242 395 789 1257 2323 1091 2644 1334 407 1300 1683 2546 1106 1898 1115 1786 1561 1971 2542 1361 1389 2113 529 1559 1996 304 1213 2178 2066 545 2489 1451 1306 1951 1801 2000 777 1175 76 1137 485 614 1333 2072 2277 2787 589 1207 1785 63 658 1685 1394 926 1197 1228 1353 727 2022 1019 1357 483 714 1087 1558 954 564 2495 1818 230 2288 39
000632.jpg,1944 1055 2294 2728 2207 725 165 1056 2558 2766 1825 447 2825 1940 2741 1986 1212 1130 692 137 2135 494 899 2435 2057 2580 2719 2736 116 204 2292 1126 1899 1606 686 2842 2291 442 657 574 97 2319 1067 1463 2305 1452 2068 1547 1473 2511 2041 1841 1874 12 246 1223 2248 79 2809 2813 790 1935 140 1868 722 677 2258 1076 2708 2506 1134 2665 1639 146 1777 1721 1962 1408 1876 627 994 1464 508 1439 864 1185 1937 2382 362 1088 1942 647 526 2121 2286 271 1998 67 2051 249
000633.jpg,982 887 1470 2328 1531 748 819 1667 2491 1179 1585 1977 1578 2682 2575 841 1651 639 2252 945 2065 2647 1579 1791 1769 1063 763 1920 2792 916 118 114 1211 2225 2723 567 1770 2042 227 2778 919 9 1354 2310 952 808 930 875 311 1210 1583 2349 1851 928 2416 2793 998 2097 2304 7 923 975 1657 579 2379 2559 2729 2658 528 2618 25 1271 1854 1209 151 2488 1528 2711 1154 2459 517 515 513 1368 382 1367 778 492 566 1239 2026 512 1970 1566 2636 2009 72 1757 662 2165
000634.jpg,2548 2662 1375 837 687 1009 352 2063 1619 879 969 2460 2455 2484 557 2844 2139 267 264 1925 1159 1815 2833 1366 2363 2092 1238 667 1776 1982 2633 2385 2607 1660 857 1291 570 1665 2229 1122 2226 891 1816 1025 797 1539 1861 342 2727 1480 551 2403 2541 2431 2371 2399 234 299 1792 2740 2215 2175 2709 2125 1863 349 2456 814 2186 2330 892 2710 385 1 1684 1520 2298 2123 1664 2039 2412 1350 2590 1043 720 1338 1571 317 1059 798 2327 2158 46 1572 1589 2797 2461 1540 210 1034
000635.jpg,1009 837 2455 2063 1159 2484 264 1815 403 352 2844 1122 1589 2092 2833 2139 1814 2371 299 2731 267 428 1982 667 969 234 2576 1572 1925 2399 1025 2269 1619 2776 913 1238 1735 1549 1539 1291 1520 1349 1 2797 891 2541 1863 2158 2215 1571 46 1366 2834 2727 879 2385 1816 1660 2633 741 1615 223 349 17 641 867 2607 2431 1373 2226 90 2771 991 888 846 2189 307 2635 1698 1480 551 2403 2338 1807 2100 892 262 1622 814 2223 1684 1994 2460 1129 1295 557 2253 1618 2529 2412
000636.jpg,922 2816 2043 1188 1697 2171 2810 2666 650 1763 1891 411 37 1456 2167 285 1090 475 1916 1221 1723 1541 586 2346 546 807 122 1603 1082 820 1153 6 1308 468 1284 2313 443 956 2268 334 459 2449 750 582 1006 2535 1882 2841 1671 1865 8 1858 759 1474 2387 325 745 1797 829 2643 1260 2216 732 1227 1288 372 1703 2823 1363 1761 2706 2194 661 620 1537 1380 882 123 2425 181 619 980 2150 1884 986 1702 521 38 2712 2261 2168 1083 1757 2476 1387 1285 2677 637 1995 2308
000637.jpg,1389 1213 2178 304 2066 2113 2546 1115 1019 2022 545 63 1394 1228 1333 1785 1685 954 182 149 2249 614 1760 1712 1175 2072 1951 1300 1137 485 1306 658 1361 761 1207 589 727 1558 1087 1161 714 2000 1798 1559 1451 898 1106 1631 1257 1298 2787 1230 1801 1166 2409 962 572 2277 1786 1971 2644 737 341 2323 395 581 1334 2040 215 374 803 251 1353 1928 2504 529 2054 1900 436 101 483 364 132 1561 2656 1683 989 783 2242 1883 2238 1427 2114 924 1898 766 2381 328 2759 1693
000638.jpg,28 1563 238 1896 505 2500 2479 1532 458 2819 152 2181 313 2250 2552 734 175 849 1827 2674 587 523 972 2283 1339 1741 1376 2099 2365 330 847 2557 705 2716 696 2119 2228 671 1704 2370 2177 2689 2191 81 2534 2527 1335 92 503 1680 1708 2681 2193 354 2742 711 633 772 532 2322 2028 261 2052 120 1956 1117 2764 1831 1655 2592 1010 2144 68 602 1111 2698 1746 2236 1297 1917 927 33 2814 268 1475 131 553 1706 1314 464 1730 999 653 806 2062 1011 2687 1755 1875 1789
000639.jpg,2551 2018 2008 764 2284 2146 719 1289 247 1493 1128 190 1403 2487 1577 914 1534 2582 723 1157 1204 35 1351 153 604 58 212 1997 1915 1121 2824 539 615 303 1247 2110 2485 874 1359 549 664 2585 1751 2718 343 862 2209 2204 516 206 2405 490 1347 2603 869 276 2453 2225 1136 1566 2067 1772 1633 632 2170 528 450 1958 1625 233 98 2488 592 1368 2379 196 2536 812 585 413 2165 2081 1066 1226 809 2658 624 724 995 1367 40 763 776 66 2349 982 2003 1211 512 930
000640.jpg,1300 1749 1213 2066 2178 304 2113 1389 63 1019 2022 1333 2546 1785 545 483 1115 1228 1353 2784 1685 1161 240 1394 2555 789 954 149 1883 182 1727 1760 1361 2058 1672 576 646 614 1712 1559 2249 1137 1451 1801 465 1513 2000 1277 1951 2277 1106 1175 2437 1773 2579 2072 2644 824 529 658 2787 2547 1971 376 1306 727 1207 1847 1795 395 1786 1836 1257 485 1483 834 962 572 1798 589 374 16 1230 2054 95 1087 1593 2504 2540 761 1743 596 2759 251 1178 341 2040 989 1558 581
000641.jpg,1255 986 123 1757 882 2150 932 1365 698 785 1049 955 2387 372 1521 334 839 750 1541 1911 1477 796 568 2151 820 905 2493 1371 1603 1697 1153 1548 1236 1001 1188 2677 2449 2706 2380 1696 1012 1113 1474 1227 1200 1406 1747 2823 1600 829 214 448 1139 1250 2012 909 1267 2572 2115 2318 1075 1949 249 1189 1659 2261 1346 669 2047 2245 2038 2121 2350 400 1761 122 1525 997 2167 632 1560 2168 1263 1041 1219 624 637 1084 629 1661 1380 2109 269 2348 2514 1616 2410 2494 1479 1866
000642.jpg,2479 2819 1532 152 849 458 1827 587 2283 734 313 1741 2674 2500 1339 2365 1896 847 972 2557 2716 175 2552 2181 1563 2370 2119 28 696 81 2689 505 238 523 2250 705 2534 1376 2228 2527 671 330 2099 2177 1704 2191 92 2742 1708 354 1335 2681 120 1956 532 2028 1010 2052 1680 2193 2322 772 503 711 1111 2592 602 2764 2814 2698 1917 1117 633 1746 2144 1297 68 33 1314 1932 1831 2237 2244 1332 1164 1216 261 1543 740 780 131 699 268 1655 1109 927 968 1011 61 1273
000643.jpg,1057 2437 1836 2317 1672 1749 1914 2202 2785 1476 88 2745 1856 824 16 1483 2547 576 44 1447 95 2190 2111 1178 1469 1449 132 291 596 269 2441 1990 376 2700 1116 1713 2422 1176 1714 695 983 761 1593 1224 683 2249 34 1743 751 1727 2523 2058 1620 2180 1838 2129 1535 603 834 47 1732 2827 1277 2275 2555 777 1678 1450 465 1073 830 2080 1482 863 1183 832 1523 60 230 1200 1304 1548 1147 339 2518 1091 946 2194 2791 2030 205 396 1036 1380 1044 1996 441 1244 1646 393
000644.jpg,2479 2819 1532 152 849 458 1896 587 2500 2283 1827 313 2365 734 2674 1741 2552 972 2181 1563 1339 175 2716 28 847 2557 505 2119 238 2370 2689 523 2527 705 1376 81 2250 2099 2177 2534 330 696 2191 2228 671 1704 92 354 2742 2681 120 1708 1335 2193 1010 2052 1111 2322 261 1680 602 2592 1873 2237 2764 1117 1543 532 2144 1332 503 740 68 633 1314 890 1956 1746 772 711 1164 2028 1109 553 968 2199 2306 1297 699 1917 2698 2715 1955 326 159 2814 1011 1852 1991 2610
000645.jpg,614 1137 485 589 1175 658 1306 1951 1207 2072 727 1361 714 1558 1087 2000 898 1798 1451 1559 2409 1166 2787 1334 1106 1928 2113 1389 1213 1115 2054 2066 2178 304 2546 2323 93 962 1019 2022 1333 1590 895 1298 63 1257 1197 545 2644 1786 1971 1785 954 1228 1685 395 1561 1230 803 1394 182 572 1300 251 2493 2656 1427 853 529 374 2149 2540 676 1801 149 364 646 2040 1631 1161 293 2504 1900 215 2324 1693 2381 2579 341 2277 76 436 101 581 1760 2759 1513 1712 2542 737
000646.jpg,2669 61 192 2025 225 1787 207 2794 654 2396 1781 49 2280 2164 239 245 2091 525 2173 408 1282 2070 139 383 838 356 296 2311 209 1127 252 1780 1356 1141 1248 1505 822 2232 625 653 679 1274 1506 1435 449 2137 113 1481 2470 346 52 1568 858 1598 455 418 1022 2531 1262 786 2053 1124 2806 452 1037 1024 1168 1299 216 268 2244 1216 1140 806 290 780 2821 2765 2142 295 2236 1918 1662 2687 1465 131 484 1829 467 2505 2465 1503 241 1475 936 1875 1831 758 1378 464
000647.jpg,2210 13 2520 640 1272 2671 1754 1038 323 2421 1949 1041 377 865 2578 828 1189 56 1337 2047 370 2083 2032 1049 729 933 1910 2798 2839 2335 2828 1329 672 2570 1429 2640 1374 2539 2602 2795 1668 1952 2808 1764 2221 2629 1477 2031 1266 1249 2428 2038 1399 571 2120 536 1070 964 1268 432 121 36 2387 1793 698 1065 1431 988 193 901 680 2108 2090 569 955 2668 733 1588 1188 1562 476 1227 1132 2568 500 340 2786 2415 979 2117 358 820 285 2333 411 332 2227 176 866 2380
000648.jpg,2677 629 281 2359 423 2627 1462 396 275 1371 986 84 123 882 1198 941 1757 1255 2150 851 1084 1280 481 2572 2623 1184 2494 1144 1987 372 1245 2030 1113 1205 1659 1525 327 2303 907 117 104 815 205 1866 40 750 334 1263 1425 2263 1641 594 474 543 1687 2141 2823 214 1032 1219 2678 128 2203 946 1591 2245 1183 167 1960 1502 1139 413 1365 1501 2502 2152 1922 1449 298 2115 915 909 785 351 1979 1661 1603 2719 924 2132 1541 2060 2387 2348 1423 1750 2791 2101 1954 2483
000649.jpg,2045 2023 1584 2755 747 258 770 1320 2545 2034 1796 64 1948 1569 1096 1029 562 2352 1416 439 51 463 2289 2631 1640 100 48 305 715 2721 1586 1788 1993 1895 2130 2272 1417 611 860 1319 1617 497 1051 2837 1636 161 433 1710 2713 2650 1362 2556 2735 440 2836 992 1701 1552 2815 1544 2707 712 1407 1328 1897 1381 1045 169 2564 550 201 2050 194 1782 1316 2649 2439 2454 155 1649 622 197 2724 2767 947 2628 2046 1422 735 2241 1870 2011 2482 2753 2732 2044 1218 1658 547 26
000650.jpg,1798 1197 1334 1207 2323 2072 2644 962 1346 1558 1137 714 485 1801 589 1087 614 1306 1175 1951 1361 658 529 2277 395 1230 727 572 853 1561 2129 898 2000 2409 832 1535 1928 1166 1451 676 2224 2759 1559 1631 803 291 374 1683 2787 2016 2579 2542 1106 1427 251 1298 2504 465 737 1590 895 581 1394 2540 2242 2381 2054 215 93 1900 545 364 789 1257 989 101 2040 436 2493 540 1898 2324 341 76 1333 1883 1786 2114 2149 44 2656 1091 954 2238 1206 1693 1300 783 766 1075
000651.jpg,1742 1370 243 1554 813 1396 1105 355 2696 2257 1673 1331 1614 337 921 2064 2660 2458 1495 1384 966 487 2600 1681 942 2085 1705 1290 2282 1017 2782 1002 2596 2259 2543 1518 360 908 660 2049 631 662 54 710 542 1739 1613 1909 1237 1893 1853 2664 446 607 1000 1567 50 2369 530 1978 2140 1301 1604 2796 984 1981 2392 1695 2803 1058 1031 791 451 1119 975 1287 852 2262 1565 7 1508 2793 151 2405 2093 2336 1271 1676 871 2416 320 394 144 1519 186 254 1946 2349 2147 513
000652.jpg,84 2152 2502 941 1605 1139 214 2348 1602 1866 909 2841 1953 2706 244 2141 1696 2677 1171 1987 1365 924 1371 815 1616 629 2115 2109 2567 1280 2623 744 1525 1084 22 2751 1214 2572 609 106 2263 1927 1198 2060 1032 189 2162 1661 96 2678 2726 1184 1113 957 183 2203 398 953 454 117 2404 851 275 1477 419 2554 2303 2030 894 2448 1738 509 1659 167 621 594 1199 40 2768 2179 1632 2705 2457 1570 1960 420 2197 1205 171 510 481 1487 1603 298 2831 1397 1979 327 2494 1471
000653.jpg,2318 2420 1387 1479 1682 1200 796 1911 144 320 630 1718 2691 2593 2355 2218 2362 852 1504 1436 850 2512 222 1267 2156 1380 1621 2645 2262 836 1321 2642 1933 666 1098 1305 897 946 1676 599 2132 2096 2446 2147 629 2537 2071 2677 1697 1519 1638 935 1263 2432 1817 1709 1371 1790 2245 1641 1750 1548 298 1052 1285 907 99 306 281 396 72 2627 1002 755 1659 632 2342 164 2750 724 474 543 2636 1250 1736 915 1219 595 488 156 2450 136 2012 1717 908 1006 1205 980 905 829
000654.jpg,2423 743 289 21 2451 1888 2384 302 361 292 1398 78 681 2568 1562 199 62 427 554 2108 2668 1256 417 868 176 1890 893 2029 332 2743 2786 1686 878 597 1033 886 340 2227 1393 2267 1418 555 2380 2415 2217 1236 1065 432 429 1430 1553 979 1053 571 1268 901 1793 1699 2333 1492 2671 2078 802 142 2421 1431 1521 2117 698 2578 323 2539 1754 1429 36 1038 866 1399 2629 2221 839 2038 1041 569 964 121 933 828 500 2798 377 2032 1070 2090 536 955 733 1266 952 2428
000655.jpg,167 38 20 1697 2268 454 1995 115 1911 2222 2726 2823 2167 1456 459 2573 1188 1661 1744 1284 411 122 2162 1082 2030 922 2677 1308 2791 1502 281 586 443 1205 372 37 592 298 189 620 2313 396 629 2303 980 2179 1200 1865 1006 759 2060 1380 1260 205 2623 1090 1858 1285 309 1763 1032 1570 2807 829 181 1884 448 1797 117 1280 1171 1659 2263 2203 1153 96 2627 419 2554 1184 1882 275 732 1525 23 2118 1084 468 2128 1214 636 327 2567 1610 744 661 2216 2101 2153 1198
000656.jpg,2121 2509 1001 2350 1810 2583 67 627 202 1075 1012 249 1406 1944 899 1212 137 447 165 725 2825 2741 2135 2766 2736 2728 2294 116 1055 692 2057 1606 2207 204 2558 2719 2435 494 1874 442 2292 2291 1825 1126 2041 1841 1130 2683 97 574 2258 2842 362 1223 1088 2319 1463 2143 1547 1728 1986 2295 2708 338 1935 24 1439 2511 1940 1067 1899 135 2305 2051 2413 246 2224 634 1757 686 1557 730 1931 853 2382 426 1689 1195 2809 1597 677 1076 1928 2580 482 657 2638 368 1937 1346
000657.jpg,196 353 776 98 2474 585 1643 2067 1625 701 869 1819 1864 2081 1963 910 233 2353 2361 2462 2256 1042 2334 2103 1402 781 381 276 1600 809 2027 1344 1227 1188 476 2261 1221 1541 2012 820 2194 661 732 285 1797 1153 829 2643 1761 759 546 1882 922 669 2001 956 2048 620 1909 2264 2425 446 411 1697 372 1916 2582 1603 2278 1702 871 2168 1108 582 1858 2313 2476 1260 813 2391 468 1768 636 807 181 6 1105 229 1560 42 475 662 69 247 2331 1791 2793 2666 1977 153
000658.jpg,979 340 2786 2227 332 176 1393 1065 2743 2668 1256 571 1033 1562 2029 554 1686 1890 417 1418 289 597 886 868 1888 555 2108 2384 2451 62 21 681 361 429 427 1398 199 2423 1553 2217 1430 2415 302 432 2333 878 292 78 1053 1268 893 142 743 1492 802 1699 2671 1793 2078 1431 2568 36 901 1588 536 1132 2090 733 988 121 866 1266 2117 193 1952 680 569 2380 2798 2267 2808 2578 1429 2335 2640 2221 2539 964 729 1329 2120 1886 1236 1038 1399 500 2839 1070 2031 2629
000659.jpg,2769 1870 348 26 2454 925 2649 480 1369 2538 179 2714 712 1417 550 2050 1788 2130 518 860 735 1045 1422 1701 1489 1710 440 1617 445 2289 2011 2840 433 463 1993 161 197 1029 1172 1552 2375 2241 1328 2631 562 2676 1895 1983 645 305 2088 635 2724 2650 259 2574 64 826 1624 2544 1146 51 260 1640 2721 1569 2352 2044 611 439 134 2419 1190 2707 977 2082 2148 2564 48 524 1208 1584 1796 556 312 1092 1319 1948 2397 1405 283 1054 169 2069 1623 4 900 563 1649 970
000660.jpg,1159 403 1009 2063 837 1815 2455 2484 352 264 2138 1589 2648 1122 2399 267 1520 1814 969 1025 1 2731 2727 2371 307 1572 2092 667 234 2833 1571 428 1349 1982 2844 1291 1238 913 1939 2100 891 846 2139 299 2189 2486 577 961 2710 1270 90 1539 1509 1619 1622 127 1258 17 2385 1925 2255 349 2635 2175 2226 1735 2776 888 741 2403 262 2576 1615 2269 573 1803 1338 2339 600 2431 2481 641 665 223 2797 2158 1630 1863 1618 2094 2473 1294 2215 2338 511 2811 317 642 685 2246
000661.jpg,570 1930 2125 294 2456 2229 1792 1665 746 2174 1575 2327 689 1724 1861 2004 1358 1580 210 57 2418 1234 280 2461 793 1034 1664 1276 1859 2330 1758 1375 1392 2186 2838 756 1072 859 1279 366 2374 421 493 704 797 1196 976 2694 1765 2672 1776 1947 77 548 583 228 2662 2548 158 1457 1193 857 2332 2590 588 798 242 133 2581 2541 1887 1086 656 801 2039 1350 2206 2739 2468 1043 2431 1877 385 2659 2321 2184 287 880 438 2187 82 885 720 814 263 1576 2198 1675 934 1716
000662.jpg,2517 143 1129 2185 2529 1440 2298 386 1684 718 2363 2524 795 697 2271 2619 1514 1411 810 2584 958 1445 1694 71 787 30 1215 638 2246 2460 1360 557 2104 879 1939 2801 1630 1242 969 273 1294 2444 1366 1619 2616 1863 1925 1112 1660 2844 1446 1816 1480 2633 2431 1270 665 1258 2607 385 2468 2139 2481 352 1982 2833 2385 1509 814 667 1629 551 1025 2710 867 1539 2226 2175 1988 147 127 641 1803 991 342 1059 237 888 651 262 1807 1571 741 685 1295 1373 1837 299 527 1524
000663.jpg,1385 2145 406 1779 773 519 2763 1992 742 2102 1007 1871 1707 1526 1442 1645 1511 1138 1969 1894 1731 2613 1800 2516 1325 257 186 937 535 1527 2377 288 605 1455 392 301 1516 709 2609 336 2331 730 1040 338 2219 253 1718 365 2341 1309 811 1020 821 2830 1581 678 2560 2680 610 435 1110 1424 2095 870 1068 544 1850 410 1311 1498 1966 1783 1466 855 1419 1131 94 248 1379 2243 1794 1243 881 2492 1094 2299 774 2417 2087 1142 648 112 1968 2364 2151 568 593 749 2251 1670
000664.jpg,783 1093 949 1343 2737 1856 617 2111 1914 2785 2441 1103 1004 940 2112 2202 983 1999 2827 596 95 2745 1683 2190 695 310 88 1476 132 1743 1898 1176 407 2242 1561 824 2547 198 1693 540 576 1535 2422 1846 75 1091 2317 766 2238 1996 777 2542 328 1434 1304 34 2129 2016 60 1773 341 1298 1749 2497 2413 1513 2759 1178 2114 1795 230 465 2149 1230 2295 737 2504 1593 1847 581 558 2656 2644 2523 135 2700 2489 499 1116 832 1801 1224 1713 364 395 989 572 2323 529 1714
000665.jpg,70 1753 1125 2777 2772 2077 2478 2510 2561 1759 431 2757 1035 1839 1252 2015 191 18 1834 1842 951 315 2663 1390 2622 2818 1165 2302 1557 2 601 2161 767 277 2315 1938 1443 2702 1747 889 2685 2686 990 2323 1075 1833 522 1235 297 853 1980 2644 1810 1798 2667 529 962 688 1207 1801 502 2509 714 634 249 395 2759 2471 1334 2624 103 898 426 1012 2496 2583 2143 202 1114 284 1597 1928 1137 1908 1333 1511 2601 1558 2242 1406 67 374 702 2277 1989 2532 1845 485 1323 2072
000666.jpg,2045 1584 2755 2023 258 770 747 1029 1362 463 860 1993 2735 1319 992 1788 1617 1552 1701 2721 562 1897 611 2076 1096 547 85 906 439 497 1417 1586 1796 2046 2034 259 1208 2631 51 64 2753 155 305 622 715 1948 1569 2011 100 712 188 1627 1416 134 2724 2544 1190 900 1307 1045 606 2241 2289 2419 1640 2840 1544 2538 1710 2454 817 1624 674 319 1320 197 2676 675 1328 2707 1386 440 1895 1422 2732 550 1381 1658 48 556 433 1926 2650 1489 2084 2287 2836 1636 2564 1414
000667.jpg,757 1689 1728 558 754 213 2295 2024 1533 2413 135 426 1597 1231 634 2430 2143 2638 2408 24 707 184 2756 1804 2472 1478 853 2354 1719 1448 967 1296 1312 1265 2320 80 520 1383 1984 1849 2533 2021 1945 540 1394 119 2615 2566 1149 739 783 293 1269 232 424 29 1801 473 19 1631 2249 2725 2277 761 2014 286 2235 1898 529 1326 1722 2366 1904 2124 2172 91 1529 498 1093 1889 1931 1035 1839 375 2508 545 1061 752 1766 1733 898 2404 1867 2351 376 2464 792 388 1447 1469
000668.jpg,2224 853 1804 1236 540 967 2380 293 2267 1631 792 754 1886 739 1719 1597 338 2296 1346 1149 2387 1728 2117 123 2320 1075 91 2568 730 714 986 882 2583 1558 29 2540 1427 426 2295 249 1431 2143 1197 634 36 2533 1757 1212 2668 1928 291 2150 2409 2430 1689 743 1798 2221 1394 1266 2539 1699 1553 1001 1012 2423 2235 1555 898 24 2054 729 1406 2323 646 1944 1334 2719 1430 1256 2472 372 76 2350 1801 1166 1952 1084 1747 2151 1492 1207 832 2683 427 1670 1900 1466 1535 2172
000669.jpg,2298 1684 1360 1349 2541 511 1630 2246 1572 1618 969 913 234 2226 2834 1520 2215 1 2727 2399 2185 2517 1129 1540 2158 2444 1215 892 46 2339 223 1615 2340 1514 143 2710 697 352 2635 2524 307 2175 349 1539 2529 718 2466 2709 2619 958 127 386 1440 2584 797 1294 2801 2363 1411 1025 1446 961 267 2783 551 1270 2473 2271 1571 795 810 2104 1862 1258 1694 638 1445 891 71 1939 17 787 1238 342 1291 573 685 879 30 665 2844 1242 1059 2372 273 1112 154 2385 2460 570
000670.jpg,372 807 750 1603 334 1865 820 1541 285 2677 629 2387 1153 1260 1221 1227 1761 281 2194 1697 546 2313 829 6 1456 956 1858 1188 38 759 922 2268 582 1284 411 2261 122 1285 468 661 1015 2167 37 1884 2823 1891 298 980 1911 669 476 973 1882 1570 1610 2118 1082 1723 1763 459 650 1286 586 396 1308 2425 2643 2666 2168 1537 454 1797 620 1916 1560 1844 167 1090 1380 732 448 1995 443 1387 1032 20 475 2726 2303 115 2346 1502 2554 2060 2222 2476 1987 2216 796 2627
000671.jpg,1083 1702 2643 759 732 181 620 1260 1797 582 6 546 1221 2313 468 2807 1882 636 285 1318 2476 807 1858 2278 1536 1188 2425 661 1697 42 2194 2261 2168 1153 829 476 1227 1865 2048 2043 922 956 2171 2761 2816 1768 1761 669 1603 2810 820 2263 411 40 1763 2678 1541 1560 1891 1380 2167 229 396 189 1525 2623 1090 1032 1456 2153 1856 2060 1726 2627 2111 894 905 1723 586 45 1696 1283 1610 2823 2666 419 2522 1199 37 443 2554 650 1284 1960 96 1280 1139 1064 281 2831
000672.jpg,377 2520 640 2578 828 1754 2798 2210 13 1272 2629 2539 1429 1038 2421 2428 729 1949 865 1041 323 2671 1668 933 672 2221 2828 2602 1374 2031 2120 1070 964 2038 1337 2083 2640 1910 1399 2047 1249 2808 1952 358 1329 2335 1266 1049 1189 370 2032 56 1764 2570 2839 698 1477 2786 1255 979 2795 932 955 176 2451 986 1033 2227 2263 1525 123 536 340 2678 1757 2668 2718 289 1393 1686 2743 2423 1521 1170 1762 554 2572 2734 2384 743 21 1084 882 1562 2317 121 2387 1431 36 1256
000673.jpg,2669 61 192 2025 207 1787 225 2794 2396 654 49 2280 1781 239 245 2164 2091 2173 525 408 1282 139 838 383 2070 356 296 209 2311 1127 252 1505 1248 1780 1356 1141 2232 822 653 1274 625 679 1506 1435 449 2137 113 1568 455 1481 52 2470 1262 418 1022 346 1598 858 2531 290 452 786 2244 268 2806 2142 1024 780 131 806 295 1124 2765 1037 2053 2821 1875 1378 1216 241 2236 1465 1662 484 1503 1299 1168 216 467 1918 1140 1475 389 1843 758 1275 331 430 1293 1829
000674.jpg,2093 1879 394 607 1518 2140 1058 631 1981 451 2049 1237 2796 1301 530 1567 1604 446 1290 2282 1909 2392 1017 1906 2596 984 1613 2357 662 2660 921 1119 2064 1002 1978 2543 1384 966 1331 908 1676 2262 1614 2085 2458 1673 1495 2696 942 1621 2257 1705 852 2600 355 337 1105 243 1894 1742 487 1396 1554 1681 1145 1239 813 1200 1455 186 897 320 1516 2609 1370 519 1546 1645 2369 678 997 1566 2664 255 1367 1800 301 1330 742 1739 2657 2089 54 1479 2488 2341 72 1000 2747 773
000675.jpg,1663 1617 1328 1045 1444 947 712 1422 1679 1993 2707 1623 2241 1782 2130 2836 1054 2050 1489 2454 1369 735 169 51 440 1710 2837 860 1381 550 1417 2767 2649 1658 179 2011 1701 1649 197 900 445 2840 1544 155 480 2289 1552 1640 26 305 2439 1870 348 2769 2714 463 925 1486 134 1796 1437 562 1029 645 1218 1569 260 433 1788 259 1208 635 2721 1934 1948 221 188 2628 1405 2650 2082 817 312 563 2631 2419 1416 2826 2832 559 943 2538 1096 1624 556 2133 100 64 1307 1926
000676.jpg,807 1603 1260 820 285 1541 1865 546 334 750 1221 582 6 372 1153 759 1858 2313 1697 1188 2387 468 1227 1761 956 1882 2194 2643 411 829 2261 1702 620 2677 476 669 661 1083 732 1456 1891 1797 122 629 922 1284 181 2171 2168 1610 2666 650 2043 281 2841 2810 298 2823 2816 1696 1723 2726 980 1015 454 973 1139 609 1884 2425 1084 2162 2060 2167 2303 1570 1916 1744 2115 5 1560 189 40 1032 2118 2346 1285 475 167 1199 2476 163 20 1171 1380 244 1844 1061 375 2567
000677.jpg,2769 348 1870 26 925 2454 2649 1369 480 179 2538 2714 712 550 1417 2050 2130 735 1788 1045 860 1489 1710 1701 440 1422 518 1617 2241 1993 1328 2840 197 2289 51 433 1840 305 161 445 2375 562 463 2011 155 169 1782 2650 1663 1640 1172 259 2837 2836 1029 1552 2721 1656 260 1934 1569 1444 1895 2707 2817 2439 1544 947 645 1624 900 64 2088 2544 1623 2528 1796 2826 769 1381 611 817 1644 1658 1752 1679 970 312 2631 188 1649 1983 524 1319 2044 1146 943 221 556 2397
000678.jpg,1752 1545 1146 2389 312 2832 59 987 1102 1405 635 1934 221 2501 1624 2790 85 4 943 2411 2528 1407 1656 1644 556 2817 1926 2300 817 2082 2069 626 1202 2044 188 1386 2270 2367 547 826 1737 2556 1316 611 440 950 1617 1422 1319 735 1636 712 613 2840 283 550 169 2837 2050 1045 463 445 1552 2836 2241 2133 1328 1782 2419 1983 2011 266 947 518 2544 1649 2424 2826 900 2289 2477 259 977 2148 1468 1029 2397 1092 1796 2454 260 1444 1190 1993 2312 2652 2631 1840 1878 2574
000679.jpg,2216 2425 2823 2197 2313 1560 2476 468 42 1671 285 1474 1858 1541 745 8 1603 752 1703 820 325 1108 1288 1865 1153 1221 1797 956 2831 2194 2705 1188 882 229 123 1227 2706 1032 807 959 2535 334 1844 750 986 2449 1286 2387 785 829 2150 2261 506 565 546 1363 759 1757 1761 476 661 1090 922 171 189 6 236 1697 2608 1251 2060 1364 2401 621 2760 1255 2571 2182 1260 1927 309 1064 894 2079 669 1882 45 1456 2643 419 1763 732 122 1199 96 1013 37 637 1217 300
000680.jpg,1663 1617 1328 1045 1422 1993 947 1444 2707 712 1679 1623 2241 2130 2836 1782 1054 2050 440 169 735 2454 2767 1381 51 2837 550 1369 1710 1658 2011 1649 1489 445 2840 1552 860 179 197 900 2289 2649 1417 155 1544 2714 480 463 305 1640 2769 645 1701 2439 1486 562 1029 134 348 259 1796 1569 2631 433 26 1870 260 925 1437 1218 2650 1208 2721 635 563 1948 2538 1788 1405 2133 2826 2088 2082 1307 188 518 312 559 2544 439 1895 2375 1934 2419 221 2832 1416 2652 2076 2628
000681.jpg,2516 1325 1526 1511 1442 1969 1779 2145 406 1992 2102 1385 2843 730 1871 338 1946 336 1466 773 2763 1707 519 1498 742 1794 1131 1243 1007 2151 253 1138 1379 1455 2377 1527 1783 2299 937 2364 2730 544 1005 2788 2290 1670 1068 2746 257 749 593 112 2341 1731 1311 535 1020 678 605 855 568 1581 1966 1165 2613 365 2560 870 673 2549 821 191 2251 1110 435 1968 2243 1142 1309 1850 2830 1094 2005 392 1040 2302 881 800 2417 774 2519 2680 410 1913 1645 2492 610 186 709 2006
000682.jpg,751 393 1244 1678 1732 1147 2136 2518 1120 863 2275 1073 1646 603 1450 830 339 1620 2437 1593 1559 1353 1057 2000 1106 1836 1971 1672 1523 1451 1786 1178 1257 2656 845 1749 441 2695 2787 2129 1361 1914 1016 373 1990 2700 2149 2383 88 824 2785 1693 2745 132 1357 1476 2317 2542 1714 2190 2202 2540 1176 1116 1713 1483 76 1346 44 1691 584 581 2395 2547 1224 269 1300 1091 2754 1685 1856 2016 695 954 832 2546 34 16 576 1137 683 1389 1447 2180 1115 545 646 1394 2752 2080
000683.jpg,70 1753 1125 2777 2772 2510 2077 2478 2561 1759 431 2757 1035 1839 1252 191 18 2015 1834 1842 315 2622 1390 2663 951 1557 2 601 1165 2302 2818 2161 767 1938 2315 1443 2686 1833 2702 1747 522 2323 277 889 2685 1075 2667 853 634 426 2644 1798 2532 2143 962 1980 990 1334 1810 1801 529 2583 297 249 2509 395 714 2624 1597 24 1928 898 1845 1235 67 2242 2430 1207 1166 1012 2759 1406 1511 702 1558 2277 202 502 126 1689 103 1986 688 1114 1767 211 1333 2496 1427 1236
000684.jpg,1721 2809 12 1473 1876 1439 637 2291 2051 1406 2057 574 249 1075 1810 2657 1012 2719 790 368 1725 394 2435 1874 1390 202 1839 627 494 2509 1817 1223 1931 482 2683 136 657 2089 255 1906 2622 444 67 1001 692 1501 1879 1035 1881 2183 2583 2499 2708 447 2526 677 2308 128 1557 521 2121 2350 2589 2704 944 2712 2599 994 2829 2220 915 1197 1433 1582 882 1757 2598 1088 1548 2438 2766 1886 1165 2292 1711 682 2617 531 1902 1250 123 854 608 2302 1558 442 1477 2319 598 939
000685.jpg,2045 2023 1584 2755 747 770 258 1320 2034 2545 1796 1948 1096 64 1416 1569 2352 439 48 562 2721 2272 51 715 100 1640 305 2289 2631 1029 1895 1051 1586 2556 1636 161 463 2713 611 1319 2815 1993 1617 1788 2130 2837 497 1417 1316 2836 194 440 1552 1544 860 2735 1649 433 2628 1381 155 2650 169 1496 1782 201 712 1407 1710 2767 2439 2050 1860 735 1965 518 1045 1218 2564 2707 1701 550 1261 1328 1658 1362 2241 947 319 2454 173 2732 1897 2538 992 1422 2652 547 2649 2376
000686.jpg,416 2394 105 1778 11 883 1946 664 2331 301 1419 2110 908 434 490 1002 144 1309 1040 1271 673 937 243 2452 2549 2560 544 605 2196 2697 94 2417 749 632 365 392 2830 678 1527 1968 2005 1966 2718 2458 1133 7 1495 151 1170 2377 1138 593 1455 717 435 1731 248 2290 855 1573 984 516 1325 1020 1498 1424 1005 1978 2793 1311 318 2730 821 2364 568 257 1331 1247 2361 355 1142 2788 1581 1347 2219 662 2519 874 1105 2095 519 2102 1077 535 1621 1614 808 1794 2341 1634
000687.jpg,1207 1137 2072 614 1306 1175 589 1951 485 1361 1334 658 727 1798 803 251 1427 374 1558 714 2579 1087 2540 2381 1230 2000 2323 572 962 1883 1197 1900 2504 364 215 737 2644 436 2040 1451 1559 101 581 395 989 1106 2787 341 1257 789 2759 2114 1561 1300 529 2409 898 2542 766 2238 2054 328 1801 1166 1928 2277 1786 1971 2242 1683 1091 76 1590 93 853 895 1298 646 545 1353 483 1898 2113 2546 1213 1389 1115 2493 1394 240 676 1333 1996 2066 2656 407 2178 304 1357 2324
000688.jpg,1495 2458 2085 2543 2600 1705 942 966 487 1681 1384 337 1017 2596 1331 1673 1614 2696 2660 1742 2257 1002 1290 2392 243 355 1396 1370 1554 813 1105 908 1978 921 1518 852 2262 1119 2064 631 2282 984 1676 2259 1739 360 2664 54 542 1853 2782 1000 660 1893 2369 710 1237 1695 1567 50 1981 2140 446 607 791 2796 2049 451 530 1301 320 1604 662 1508 1058 1031 2803 1287 394 1565 1909 1613 1519 2357 1036 2147 1718 1152 1479 392 151 568 318 2593 2559 2420 2318 1455 186 1263
000689.jpg,2517 2185 1129 143 1440 2529 386 1684 2298 718 2363 2584 795 1411 2271 697 2524 1694 1514 810 2619 1445 958 71 787 30 1215 1360 638 2246 2104 2801 557 2460 1939 879 1630 1294 2616 1242 969 273 2444 1619 1366 1925 2844 1258 1863 1480 2431 1112 1446 2468 1816 687 1660 2139 1539 385 2385 147 1295 991 2833 665 2595 1807 342 1629 1982 888 667 641 867 1270 1524 1059 2633 551 2607 2710 814 127 1509 685 262 2776 1803 2175 2481 1373 2771 2576 2731 741 2226 2797 1988 1025
000690.jpg,609 1477 2404 744 1696 1766 957 2725 2448 509 1515 2464 1889 2115 2457 244 5 909 1616 2109 844 43 2751 1171 1953 2567 1602 971 214 1866 592 22 1139 2688 1214 2348 2188 1661 1744 1108 2162 2128 1802 2726 1596 1426 941 2706 2498 1283 1365 454 2720 1556 1199 2222 2841 270 466 2425 167 84 644 115 387 1995 2562 669 1605 1757 2216 106 20 2502 2572 2141 375 2442 123 1987 2507 498 1255 2152 163 1927 986 2150 956 476 1768 2124 1061 829 2169 2197 882 1084 2014 1227
000691.jpg,807 285 546 1221 820 1603 582 1541 1891 6 750 2666 1882 650 334 2816 1723 1916 475 1188 2346 2043 2810 2171 922 1697 956 2387 1153 1260 759 2313 411 1865 2677 468 629 1456 1858 2643 372 1702 732 620 1761 1227 1083 1763 37 2841 2194 1797 1284 122 281 181 973 298 829 661 1285 1462 1570 2261 2167 1090 1380 980 1605 586 1082 2359 2502 1884 1308 2152 1537 1263 2118 1139 882 1015 443 594 1750 1006 2425 636 38 396 476 2476 40 84 2268 2483 117 2514 941 1979
000692.jpg,1721 1876 2809 1473 12 2728 1056 447 2291 1055 994 574 1931 494 2719 864 2766 725 2207 2057 2294 2435 2683 608 526 1839 2708 790 2526 677 657 508 692 1725 1035 1944 274 431 1899 2438 1874 249 1439 2220 137 1892 1012 1406 627 1825 1868 1223 2622 1881 2580 1677 2051 2323 1165 204 271 2292 2589 2736 2741 944 2825 368 2302 1212 2561 2644 1942 2315 482 1558 1557 1408 1986 898 682 18 1810 1817 1463 2089 1801 1590 1798 1902 2319 529 1759 1185 1940 128 67 1197 1075 315
000693.jpg,1349 234 1572 1520 913 1 2399 511 1618 2727 2541 2226 969 307 352 2215 2339 46 1540 2834 223 892 1615 2635 2158 2340 2466 2175 2473 2710 1539 349 1025 2709 961 2372 1630 267 1215 1571 1514 2246 127 1360 2298 1684 551 2444 1270 1815 685 17 2063 891 573 1291 958 1446 2619 1238 1009 2801 837 2517 1698 2100 2138 1258 1129 342 1059 1862 1159 1294 665 2253 537 846 1803 697 195 1939 2223 2455 2338 143 638 1409 642 2529 2486 71 600 577 2783 797 787 2524 30 403
000694.jpg,2551 2018 764 719 2008 2146 2284 1289 247 1403 153 2485 1121 1204 2582 2487 1128 1577 1157 190 212 1534 914 604 1997 1493 1915 723 58 549 1351 35 1751 343 874 615 2824 862 539 1247 2204 206 2718 303 1359 2585 1347 2209 632 2793 2603 2453 7 2110 490 450 1633 1271 812 151 516 664 825 2792 1772 975 998 2336 2361 1854 875 2165 2711 513 1970 1963 1595 528 1210 765 1246 2416 869 2658 2304 988 121 1566 25 1209 14 311 382 2067 2559 1985 1791 1245 808 567
000695.jpg,2677 629 281 1697 372 396 1911 2167 38 285 2268 2627 1570 922 1221 298 1188 1537 2502 1661 2726 650 411 1456 941 2823 2387 2666 690 2841 2706 167 1744 980 724 1884 84 1285 1153 122 829 1605 1922 40 1603 1272 2162 37 1541 1882 13 20 1184 546 334 2152 2032 1267 1232 1394 796 750 820 1502 459 1139 661 973 1916 2210 1380 475 2691 2118 2355 1763 6 2572 2593 2216 1891 1219 640 2218 454 2179 448 851 882 2520 1113 1504 924 594 1082 1987 2194 1750 1638 2222
000696.jpg,645 2011 1029 445 2840 1552 463 197 2289 1253 433 2375 2735 1649 1054 134 1623 1679 2650 1328 947 1663 1444 2836 2707 1782 1617 51 2241 161 1895 2767 1045 440 2631 155 169 1993 1422 712 2837 1658 319 1544 2088 2130 259 1381 550 769 2439 260 735 965 2050 518 439 1640 563 562 2419 305 900 1840 64 659 1486 1636 1569 2133 2454 2076 1948 1096 1796 2628 559 1983 1208 48 173 2082 2826 2538 1860 2652 1878 2352 2815 2287 611 2272 2721 179 1218 1307 547 2544 715 2649
000697.jpg,84 2152 2502 941 1605 398 183 2706 2141 909 2056 1064 171 45 1139 2522 244 236 621 2182 2760 2503 2608 1251 1364 214 2401 959 1866 2348 2612 2841 1953 1602 2116 2705 565 815 506 2831 1458 1987 2386 1696 1844 1286 2677 1616 2115 1560 2572 229 1365 2197 2678 1199 2263 629 785 1726 1171 744 509 300 2751 22 1371 1214 2425 2457 1525 2567 106 1570 1198 844 1280 2623 2448 1113 2591 2203 1288 2160 40 1960 270 1032 2571 957 1703 189 861 2476 2109 2620 2761 924 609 1084
000698.jpg,2352 1948 2272 1496 194 1051 2556 1218 1096 1416 1261 64 439 1569 48 100 2721 1640 562 715 1965 2815 305 51 2628 1796 1316 2034 1860 155 1636 1584 1490 2650 2545 1453 2433 1993 201 1658 2713 1544 2631 2836 1381 2241 1840 2376 2767 2439 1782 747 169 1649 2837 2309 1617 1444 2707 1054 440 947 645 2289 2050 712 1045 1328 1623 1586 1663 2755 1552 1422 2130 2840 2023 445 1679 497 735 659 1901 550 518 563 161 134 2045 197 2649 2732 433 2011 319 2088 231 260 1253 1895
000699.jpg,1545 1752 2389 59 1146 2367 950 626 4 1799 1202 547 2069 1386 1737 312 987 1552 440 556 611 1319 2082 2270 826 2556 613 1316 1636 85 134 2289 2241 1840 2840 155 735 1993 635 2148 2375 1934 2076 188 2088 259 2832 1544 518 1624 1407 463 563 1029 1878 2439 169 2424 1468 1617 900 260 2133 1926 2312 1649 2837 550 1656 817 965 173 1045 2652 2735 1895 977 2419 1584 1148 445 1486 2050 51 2300 2650 2826 1405 645 433 2836 1496 906 674 168 305 2631 2477 904 2501
000700.jpg,1944 2294 1055 2728 1056 725 2207 165 2558 447 2766 1825 2825 692 2741 2736 2135 1126 137 1940 2292 204 899 1212 1130 442 2719 1986 2057 116 1841 2842 2435 2319 2291 1606 494 1874 1463 1899 686 362 1223 97 1547 2041 574 1935 2511 647 2258 790 2305 2580 657 2506 2683 1134 246 1937 2813 2708 146 2248 1067 2068 2438 722 2639 1962 2665 2382 677 682 1076 2569 1777 1452 1185 2286 79 1639 1592 140 1931 329 491 1439 1868 2393 1035 804 1464 2809 1892 1721 2121 1839 1473 2051
000701.jpg,3 1642 254 2490 2405 2170 1958 825 1246 1985 66 765 2336 2536 779 1574 14 929 282 652 2157 2434 1136 873 2426 1745 1600 2012 2001 233 2256 1121 2391 2209 1247 1577 1997 2324 874 1535 604 549 1347 723 1157 212 2204 2493 1915 1346 58 1670 539 2593 862 1406 832 291 1384 1751 764 1963 632 2147 293 568 2247 2485 490 450 1519 921 2824 1633 2140 76 2064 2551 318 1447 404 1290 247 1152 1075 2559 821 1534 1469 2487 1012 2299 615 35 914 2054 487 662 800 44
000702.jpg,1757 1255 123 986 882 2150 932 1365 785 1049 698 2387 839 1521 955 334 750 372 1541 2380 1603 1236 1477 2493 1600 820 2012 1406 624 895 2775 724 905 2047 2267 1346 1200 909 93 1479 1590 1911 1380 1267 1263 289 1041 174 2410 1189 214 1958 743 2514 1207 1322 568 1548 1153 796 291 2318 1415 1866 714 2032 2449 474 1219 1697 2593 853 323 2348 2141 21 2677 2151 868 2823 276 1558 1833 1001 490 1256 249 2072 2475 1226 1888 1525 2463 2245 488 1750 427 320 829 946
000703.jpg,1752 1545 1146 2389 312 59 2832 987 1405 635 1102 85 221 4 1934 2501 943 556 2790 1624 1407 2411 1656 626 2528 2069 1644 2044 2082 2817 2300 1926 188 2270 1386 1202 547 817 2367 826 1737 2556 1422 440 611 1316 1617 1636 1319 613 950 550 735 2840 712 445 2011 1552 169 2241 2050 518 463 283 2133 2836 2837 1045 2289 1782 1983 2424 947 1649 480 1029 2631 1328 2544 1993 2538 1092 2826 2454 2419 900 2375 977 259 2130 1840 2088 1444 260 2148 155 2477 197 2397 1468
000704.jpg,40 6 2263 582 546 1083 1882 1221 1702 2678 1198 1525 732 620 1960 285 2643 759 1726 2502 181 2152 2572 1371 84 1797 851 2386 2623 807 1605 117 636 2303 1659 941 2203 327 1260 2807 1687 2841 2313 298 1184 1400 1205 2494 1199 1084 2476 592 1113 1280 1318 1188 1139 1979 2620 1603 1502 468 1696 1858 1570 1891 2141 244 1768 2571 2677 275 1922 2448 2278 2761 148 2116 1738 1080 1987 398 420 1616 23 762 1397 2048 510 2030 820 2179 1880 2768 690 1723 815 45 214 1537
000705.jpg,1663 1617 1045 1489 712 1710 1422 947 2050 1328 1417 1444 2130 2836 2241 860 1369 1782 735 2454 1993 2649 1701 440 1679 197 2707 179 169 550 2837 2011 1623 1870 26 925 1381 2289 463 1054 51 1649 2840 2767 1658 348 480 1788 445 433 2817 817 221 900 2714 1544 2375 2790 1624 1656 1644 1407 2528 2832 2769 943 1934 1102 1926 305 1029 1405 1437 2397 489 1640 2439 1552 2300 2411 645 635 312 1796 155 2631 562 518 1569 2082 2538 1208 1983 2628 2133 1486 260 970 1218 134
000706.jpg,2679 1903 1163 2122 177 2829 816 1085 477 2452 1628 1976 401 453 2163 141 2055 461 1023 2274 380 1872 760 612 73 2098 1233 1047 2747 2074 981 437 1599 1145 99 823 1906 399 1808 1510 595 1155 2775 1688 164 174 1415 1089 156 1784 1404 1100 72 694 2722 460 2655 2009 2587 172 2636 208 1717 2577 2469 1241 731 2126 1160 144 1682 1504 2355 222 2218 599 2446 1436 2691 850 1479 2537 755 1263 1817 897 1321 2362 2512 2750 1305 2642 2071 935 1250 2593 136 1098 1790 2645
000707.jpg,757 558 1533 1728 2295 2413 135 1689 754 184 2756 1231 2472 1312 1478 1984 1448 1296 2638 1383 218 213 2024 119 80 1265 24 2143 426 2615 2021 634 1597 2430 2408 520 1945 707 1804 232 967 2260 2354 739 2320 2566 19 1149 1719 1269 2533 2235 1722 1849 424 853 1867 540 91 29 293 286 2172 1733 792 1529 2673 2390 1898 529 752 2277 1093 1801 2508 1839 714 898 1035 2323 2725 376 2296 498 388 2744 2366 783 1087 1766 2644 473 1469 499 1683 395 957 1394 2224 2169
000708.jpg,1624 2528 2817 1644 817 1926 2411 1656 2790 2300 221 943 1934 1407 1102 312 2832 635 1405 2501 2044 85 987 188 611 1319 2270 556 2082 1386 547 1796 1569 100 64 2721 2034 1617 48 1640 562 715 1752 1328 712 305 1545 439 1417 860 51 2545 2836 2011 1993 1146 900 2389 1489 1096 1045 1679 1658 1552 2714 1782 1369 1422 1788 2454 1710 2840 1381 1202 2352 1948 463 4 1029 445 1623 2241 1584 1316 2088 826 2837 155 197 1737 550 1701 2707 1437 2050 1983 947 169 1416 2289
000709.jpg,2053 2236 1475 1756 1317 1755 1037 805 1395 314 1647 1921 799 2402 1124 2061 721 1972 1050 1297 1967 1303 1918 1568 1831 1635 999 390 1655 653 927 1789 1140 726 464 412 2693 2301 1706 1715 363 484 806 27 2059 2407 2687 1662 786 1273 2429 1275 1929 534 1378 780 467 1022 268 2406 2244 1648 1008 1097 1730 2465 2505 1024 1293 2765 561 1465 295 1187 2806 936 2531 1143 159 455 1472 1829 1262 331 580 1118 1274 1216 471 2137 418 108 2232 2698 402 326 822 1787 2715 1822
000710.jpg,18 2663 1842 2 601 2757 1759 1834 951 2818 1252 2015 2622 1390 315 1557 70 1753 1125 191 2777 2077 1165 2772 2478 2561 2302 2510 431 1035 1839 2161 1938 1443 1747 767 2315 1833 889 2686 277 2702 2685 522 2667 2323 1980 2532 1075 1767 1989 1114 211 2496 529 465 634 1533 962 1810 395 1801 249 2644 2296 2509 2143 931 853 2624 1334 1928 369 1511 126 702 1845 2430 792 202 1012 24 1689 1406 65 1969 990 1460 1195 2409 1798 578 2583 2671 1166 1728 789 2276 1986 2295
000711.jpg,2045 2023 2755 1584 258 770 747 1029 463 1319 611 1552 2735 992 906 2076 1362 2419 1208 622 1627 1993 1897 562 2046 2631 1586 2721 2724 1096 2753 497 2564 85 1796 860 74 1617 259 1788 2732 606 188 674 1190 2544 2676 1416 1569 2034 51 134 1307 305 319 2652 547 1417 2670 64 900 2800 2084 178 2011 1948 675 2840 2287 439 1701 2289 712 1848 2646 100 1895 197 715 1046 1428 2307 2707 1983 1320 155 1544 2837 2626 433 1486 1381 911 1158 440 2344 1414 1636 2088 1624
000712.jpg,1721 12 2809 1473 1876 140 1868 2580 657 1886 1452 2657 627 67 2598 255 637 2685 677 2708 1027 217 2583 2506 482 1931 508 686 494 2665 790 1185 2308 2089 1998 2436 692 79 368 1330 1725 1067 1165 574 2427 1408 1874 2617 271 619 2589 1035 2683 1839 531 2057 722 1439 1777 2475 1223 1406 2829 994 2251 2712 1810 1817 915 442 2719 2435 2291 1548 246 1892 944 2051 191 2315 2561 1501 1263 2122 881 2526 1075 2041 2511 1390 249 1219 444 136 2302 2625 614 2766 1076 725
000713.jpg,1490 1453 1496 2433 2556 2272 1569 2721 64 715 100 48 439 1796 562 2034 2376 1640 305 2545 1316 2713 1860 1965 51 2650 2309 155 1901 1948 201 1636 2352 2815 1993 2631 1096 194 1584 563 2088 2289 260 1416 1051 784 2826 168 486 747 1840 1218 440 2337 2538 518 1878 645 2050 1148 1617 259 550 134 433 2130 712 1422 445 2241 231 1381 1658 161 2628 2840 1552 2649 2652 2007 622 950 2836 1045 2439 659 2732 2358 1544 2454 900 1782 1328 1428 169 1623 2707 197 1848 2133
000714.jpg,2152 2502 84 1605 40 2303 1198 1184 117 1659 2203 941 327 2494 1687 1205 298 1979 2263 1502 1400 1113 1371 1960 1922 2179 6 2620 1537 2841 2706 2030 1570 2573 275 2678 23 2791 1080 2677 2572 1221 1139 851 690 1738 1525 2623 594 1726 510 546 285 205 582 448 244 1891 1882 2348 148 420 629 1397 1488 214 1084 2768 909 1987 1280 1866 973 2141 167 1696 1603 2521 1083 423 1425 1616 815 1602 807 924 1285 2359 2386 2571 2101 820 106 1199 2115 2448 759 1953 1144 2643
000715.jpg,2792 567 118 1791 1531 2065 919 1470 887 2778 1354 1769 808 998 952 748 975 2793 875 1585 2304 923 819 1210 1667 1583 7 2416 2349 311 2575 2328 1851 1854 930 2559 2711 1271 2658 2618 25 928 2491 151 579 982 1209 515 1179 513 1657 382 2225 2729 778 528 1977 9 517 1578 2379 639 945 841 1970 1579 2647 1063 2682 763 1651 114 1770 2252 1920 2723 227 1154 2488 2459 916 1211 492 871 566 2042 1368 2097 2026 1367 1239 1742 1528 2310 512 72 901 662 816 2274
000716.jpg,2024 213 426 1597 2430 2143 24 634 2638 1689 2408 707 1719 2320 1149 967 1804 2354 2533 29 286 754 2756 293 2172 2673 1728 1849 2021 91 558 1478 135 757 2295 1269 1533 2413 1448 1265 2235 2615 184 1529 792 1722 2390 1867 2296 853 1231 520 2472 424 119 19 2566 1945 739 232 1296 80 1733 1984 1312 1383 2224 2787 2113 540 2178 1228 898 304 529 1785 2066 1019 2260 714 388 1213 1333 2744 218 2022 646 498 1558 1801 2014 1161 1035 1766 63 1326 2546 1847 2725 1394
000717.jpg,1781 2164 239 2091 2794 2311 525 113 822 654 1248 1505 1356 49 2232 625 252 1435 2280 245 383 679 2137 1282 408 139 1598 2070 1127 2396 1506 209 356 2173 216 296 27 858 838 2669 449 1612 782 1018 2632 61 1787 1568 1141 192 455 1274 1472 1262 1168 1048 2025 1299 2062 207 1692 643 1780 1297 1026 653 2402 225 1216 2611 1829 2053 1715 2465 2505 138 1972 1647 721 1635 390 1143 2406 1875 1187 2698 1021 655 2017 1097 1124 33 1140 1967 1755 1011 1831 1118 1037 1293
000718.jpg,1766 2725 2464 1889 509 609 2115 2404 1515 2457 1696 244 1616 957 844 5 744 1477 2448 2128 214 1602 1139 1953 2348 1866 1426 592 2751 2706 909 1171 1214 22 1556 2109 1744 2567 941 425 466 1199 1661 498 1605 375 1326 84 2124 2014 1365 2502 1061 163 1637 2726 2152 2366 2572 2162 473 1802 2841 388 1904 2351 815 2507 106 40 1987 1960 2182 306 752 43 2476 565 2760 621 2056 1364 2425 2188 189 2141 171 1032 454 2354 285 2591 2150 1591 1113 1603 2608 807 1221 183
000719.jpg,1115 2546 1389 2113 2178 304 2066 1213 2022 1019 63 1333 1228 1785 545 1685 1394 1951 1175 1306 954 485 614 1300 182 149 658 589 727 1361 1137 1712 1760 2072 1106 1257 1207 1559 2000 1451 1786 1971 2787 1161 1798 714 215 2040 1558 2054 646 101 1883 1087 1900 2249 251 737 2381 436 1230 1353 2504 364 581 989 962 374 483 572 803 341 1427 898 2644 2759 2323 395 328 1801 2238 1091 1683 2409 76 789 2579 1166 766 1334 2540 2114 293 761 1561 2656 1357 1928 529 1898
000720.jpg,2263 1525 2678 1726 2572 2623 2386 1960 1371 40 1280 2116 851 1880 1198 762 1084 592 2448 1083 1802 636 2571 1768 2522 1199 2807 1632 2048 1536 2720 300 732 181 45 2761 1702 96 620 2056 1251 1364 2554 1458 644 1318 2153 2278 2562 894 419 2188 1336 2141 1064 1596 106 2831 1927 2498 1013 2503 1315 387 2160 1400 189 844 1032 481 1856 1696 6 957 2079 2476 1170 1616 2688 183 2705 1283 2760 1987 2643 2182 2591 971 2261 1797 2442 1365 2457 1659 1205 2608 398 2441 2060 117
000721.jpg,2092 1122 299 2269 2833 2139 2371 1814 2576 264 428 1549 1589 1982 837 2484 2844 2063 2455 2776 2731 1009 667 2797 1159 1925 1815 1735 403 1619 741 2385 262 1863 352 888 1238 1373 2771 641 1539 1295 1807 267 879 1622 1291 2223 1509 1994 2338 2403 891 1698 2100 2412 1421 2460 1571 2486 991 557 2094 2189 1366 1409 2431 349 846 642 2253 226 160 1078 1025 1530 551 1338 195 600 2158 90 1615 2717 1862 17 2801 1816 1660 1129 317 2635 2633 2215 2175 1071 2273 234 223 2820
000722.jpg,196 353 98 776 2474 585 1643 1819 1864 701 2067 1625 869 2081 910 2462 233 1963 2334 781 2256 1402 2353 2361 1042 809 381 2103 1344 276 1600 2264 2001 69 2027 2012 2391 2132 372 2141 820 2101 512 1697 1077 796 528 1170 513 975 1667 1541 1696 2677 1204 2379 1209 2336 875 1585 25 2026 923 640 492 1519 1851 2210 871 2582 952 151 1761 2349 566 2793 285 1153 1751 413 1769 1188 1221 2559 323 247 546 1105 807 128 1565 1384 450 303 334 1973 1603 620 2520 1987
000723.jpg,2185 2584 1411 1129 1694 1684 2298 2517 795 143 2529 1440 718 386 2616 1360 1630 1112 1445 2246 1294 2363 2271 958 1446 787 810 1514 1258 2619 1939 665 697 2481 30 638 2524 2801 1270 71 1215 969 2444 2139 2833 2460 2844 557 879 1278 1366 2104 273 1242 299 2731 1571 1814 2092 1982 2468 264 1816 1925 2189 1549 2455 1619 1122 1009 414 2484 1589 2403 1776 2100 837 2215 2727 2710 2063 667 2576 352 741 1698 2541 46 2385 1863 1480 1812 267 2371 349 600 2431 2776 262 1264
000724.jpg,799 2693 653 1755 805 1317 1395 1756 1568 314 2402 721 290 1303 412 1972 1647 2061 1921 561 1297 1475 1050 2236 2531 2285 1918 1024 1503 999 2053 27 1274 1011 131 2232 452 1875 806 53 1127 1967 2137 390 2565 822 268 1273 534 2059 467 726 89 241 1039 1635 2765 780 1037 484 2698 2244 1843 2429 1715 1282 1662 1465 1262 786 1831 495 356 2142 1216 1140 296 1787 1378 1612 1655 418 455 1022 389 464 1124 1789 113 2715 408 758 159 927 858 49 252 31 2687 1648
000725.jpg,536 2090 569 121 988 193 1132 1588 1268 680 1431 36 2333 2117 500 733 1793 901 1886 866 332 1499 429 1065 2668 340 2029 2217 1418 571 2786 1686 802 1393 1256 2415 2108 1553 2743 1430 1033 1562 2227 597 1492 142 555 417 199 886 21 979 2267 878 176 2380 1699 2384 427 2078 432 289 1053 2451 1890 62 1236 2568 554 1329 1398 729 2640 1910 1266 2798 1888 1952 302 361 681 1249 868 1049 2038 1879 1038 2808 964 2423 2578 2335 2839 865 2221 933 698 2421 1764 1429
000726.jpg,285 1221 6 546 1891 582 807 1603 820 1882 1723 1541 759 2816 2666 1188 2346 1916 475 2643 750 1697 334 650 1702 1083 2043 922 2171 2313 1260 2810 732 468 620 956 411 1797 181 1456 2387 2841 1858 1605 1570 37 298 1153 973 2502 1537 2152 1763 2677 122 40 1284 690 594 84 629 2706 1285 941 2179 980 1865 1139 1015 1884 2303 1397 1227 2476 2194 372 420 2768 2118 1502 1080 1761 1082 148 1610 586 1738 281 2261 1979 661 2167 1184 1659 1488 117 2203 1308 1380 1090
000727.jpg,924 1487 1288 1703 1363 2841 2216 953 1471 2502 2152 1605 1139 2706 214 84 941 2348 1866 1602 1953 909 333 22 2567 1171 244 1214 2109 2751 621 309 856 2141 2677 335 171 1696 2401 834 2591 2705 2230 183 1217 1891 1032 2831 189 1987 2678 1365 1251 1364 2160 744 419 815 1113 2572 2060 1927 1671 106 594 1019 300 2623 2079 45 2612 2768 149 1726 2197 2263 1570 1632 236 1616 96 398 2507 2115 2554 1315 1502 443 2608 2182 1064 997 506 420 1371 2816 1013 1738 2522 2760
000728.jpg,1710 1489 1701 1417 860 1788 197 900 712 1617 1328 348 2289 1045 2836 2130 2241 2011 2050 1870 1679 433 1437 2649 2375 2454 1663 463 1782 817 1624 179 1422 440 1444 947 1623 550 2817 1369 26 169 2707 1993 1649 1656 1208 1381 2840 925 735 1658 1545 2528 489 1644 645 2769 2767 2790 1926 1054 606 2515 2397 2837 2084 445 1407 2424 2826 2300 51 611 2367 2538 1983 2714 221 1486 1319 1029 480 1544 1307 1796 1552 134 161 2076 1934 2082 2088 2439 2411 1386 987 312 1569 260
000729.jpg,2153 419 894 2554 96 1632 1927 106 189 1032 2060 2197 1171 1987 1214 815 2109 22 2567 481 2751 2571 1013 1336 2079 744 1286 2160 2425 2831 2705 1315 2141 2216 2401 1661 300 2313 1283 1703 1363 1251 1364 2612 309 1108 2726 2162 1907 1365 468 1288 506 2261 396 333 1844 762 941 971 1199 1139 957 2841 1953 856 1227 785 2048 1858 214 2194 1153 565 1744 661 1188 84 1797 1995 922 1749 621 759 171 1727 592 2278 2058 861 620 2643 42 1726 335 2555 1625 2591 2760 1671
000730.jpg,803 251 374 1427 2381 1900 2579 364 215 737 436 2040 101 1883 581 2504 341 2540 989 2114 1230 572 2759 2238 328 766 1334 789 395 2542 2242 962 1798 2644 2323 1091 529 407 1683 1257 1561 1300 1801 2277 1898 1996 1197 2489 1786 1971 777 483 1353 76 240 1106 1357 1361 1451 1559 1207 926 1137 2000 617 39 485 1087 2409 714 1175 898 1180 1558 1818 2784 2495 1166 1951 2072 751 2656 564 614 2288 2787 1306 589 1213 465 545 1590 2281 1693 1346 93 1389 1928 230 895
000731.jpg,2510 431 70 1035 1753 1125 1839 2561 2777 2772 1759 2077 2478 2757 1252 191 1390 315 1165 2622 18 1557 2302 1834 951 2015 1842 2663 2 2818 601 1938 767 1443 2686 1833 1747 277 2315 889 2702 2161 1075 2323 2496 2644 2685 1801 529 395 990 1980 522 269 2242 1427 962 465 374 1235 297 1334 1207 2277 1798 2547 502 1137 202 1548 2532 1333 251 1353 2667 898 1406 1810 1176 2624 824 688 2471 1767 461 783 1511 1107 1310 1976 2699 695 2759 789 2542 1986 1845 576 65 581
000732.jpg,1490 1453 1496 2433 2556 48 2272 64 1569 439 100 2721 715 1796 2034 562 1640 2376 2713 305 2545 1860 1316 51 155 2650 1965 2309 1948 201 2352 1901 1993 2631 1096 1636 194 1584 1416 2815 1218 1051 2289 1840 440 2241 563 1658 518 712 1617 1381 1422 2088 550 2628 168 260 2130 747 2050 2538 1261 2439 1544 1045 2836 2454 2826 645 231 2649 1782 1878 161 1328 1623 169 735 1444 947 2755 1148 1649 1369 1679 2707 1586 770 480 2837 486 2769 2767 965 134 445 659 319 1054
000733.jpg,1096 1416 1948 2815 2272 1362 1965 2352 1860 1636 1584 1316 1496 201 64 439 1569 1897 2556 48 100 1586 194 497 2721 1051 715 1218 2034 1796 562 747 2241 1658 1490 51 712 305 2046 1381 1617 2650 155 2309 1552 1640 2713 1319 2289 2433 563 2755 2628 2376 1261 1993 2545 611 2088 2732 2836 260 900 2631 659 2419 258 319 1045 547 770 2076 1328 445 2023 168 1453 992 1544 134 1029 2553 550 1782 2130 486 645 1422 2454 1901 674 1878 2011 2840 559 2826 440 1046 947 2050
000734.jpg,238 1563 28 2552 2250 505 2181 2500 523 2819 2479 849 175 458 2716 152 1532 587 1896 2365 313 2283 972 1827 705 2557 734 2689 2191 2119 2527 503 1741 1335 2370 81 633 2674 1680 330 2099 2193 2322 1339 2534 1376 847 2052 711 2592 2177 772 602 2681 2228 1704 1111 92 671 696 261 120 1332 740 354 2742 2237 1708 1746 1873 1912 1010 2764 1543 1117 1932 2806 1314 1297 532 2144 1831 968 2687 1655 125 927 268 1730 1281 726 68 1789 464 1923 2028 456 788 1024 1706
000735.jpg,2252 916 2682 1651 1977 1179 1063 1583 2491 1578 2328 227 841 2647 2042 1579 1920 639 945 2310 2723 1770 114 887 1211 982 2097 9 998 1769 763 517 819 1667 2225 2110 748 2379 1470 919 1531 1585 1368 2349 928 1528 1657 1851 2729 2575 952 1791 1239 1367 515 930 118 512 579 2416 2026 875 2792 311 1154 1354 1210 566 2459 2488 25 2778 1566 7 2803 975 923 2793 1970 1209 528 2462 813 2660 1031 567 791 778 513 492 2304 1331 355 2658 2065 382 1673 1396 1909 2559
000736.jpg,2034 2545 1796 1569 100 48 715 64 2721 439 1640 562 305 51 155 1584 2433 2713 2650 1993 1860 2309 2376 1490 1453 2631 201 2556 1496 2045 2023 2755 2272 1617 1096 1658 1948 1901 1381 2241 712 747 1544 2439 1416 2352 2628 1316 1840 1636 1782 1051 2826 563 2836 1045 169 1422 260 194 1218 2815 550 1261 659 168 2837 992 947 134 1965 770 1328 1624 1444 860 1369 1417 817 2088 2454 1926 2649 1878 1552 559 2046 1407 900 2528 2419 26 2130 188 611 2050 2707 518 547 1319
000737.jpg,1933 897 2071 1790 2156 1321 1098 1709 2096 836 2645 2750 935 2432 2201 1638 2450 1052 2355 1736 2342 1436 755 1806 850 1504 1621 2691 222 2218 1305 2512 2627 2362 2446 630 1044 1865 666 2593 599 2642 396 2452 2823 2537 2420 796 1188 908 612 1858 2060 2313 144 1145 1911 595 189 1032 2098 141 1023 2567 477 1550 96 1047 1892 468 1425 1227 320 1153 829 1560 834 2317 460 411 957 1906 461 281 2587 2747 1245 1697 1625 1214 2261 2679 1761 1171 2318 2032 1510 2775 1456 1380
000738.jpg,2171 2043 2810 2816 2666 650 1891 1188 922 475 2346 1916 1723 1697 411 1763 37 1456 122 1284 1090 2167 586 546 1221 285 6 582 1082 1308 807 443 468 1153 2313 759 2841 1858 1006 2643 1260 2268 1603 1865 459 1882 1702 820 1541 334 732 620 750 1083 1227 2449 181 829 1761 1797 661 956 372 2194 980 1605 1380 2261 724 2677 2535 1884 38 973 1570 1537 2502 298 2118 1610 1139 629 2179 1250 2168 1502 2823 938 476 2514 594 1015 1027 1285 2623 2387 2060 824 281 1911
000739.jpg,545 1394 499 1785 1228 374 1334 1333 803 63 2022 1685 1019 1631 954 1801 2277 465 182 2579 1213 251 304 1427 2178 2066 529 2113 2542 2644 1087 1389 1558 2323 2546 149 1137 2759 1230 714 898 2381 395 2504 2540 2072 1561 1115 572 789 1883 1712 962 1207 1298 1760 1798 101 581 614 2040 1300 737 2238 364 1197 341 1257 540 328 989 853 1900 766 485 1928 2114 1166 215 436 2409 1091 2242 1306 617 483 1361 1590 1175 240 1898 93 1971 1683 1951 1353 589 895 1786 76
000740.jpg,1417 1788 860 1489 1701 1710 2538 1870 2769 26 348 2454 925 2649 1369 480 179 712 2714 550 2050 735 161 2130 1045 2289 518 440 433 1617 1895 769 1422 2650 1993 197 2375 2241 463 2840 1029 2011 1328 445 562 305 2631 51 173 1796 1569 2837 947 1640 2721 1552 169 1663 2836 2707 1658 715 1782 1649 1381 100 64 2556 48 1544 1444 645 439 1644 1624 1679 2439 1584 2528 155 1623 1407 1636 817 2817 231 635 2790 2045 2755 2034 770 611 1496 2411 260 1218 2300 2482 1627
000741.jpg,2044 2501 85 2411 1656 1934 2528 312 2832 1644 635 987 1405 1624 1102 2790 2817 943 221 611 188 1319 817 2300 1407 1926 556 547 2082 2270 1386 1422 1983 1092 2574 1617 259 826 1552 1190 550 1796 2837 2544 1029 463 712 2840 2676 2670 445 2397 2011 74 2724 1428 1993 2836 2344 2424 2800 2419 2652 2289 2088 4 2631 562 977 169 2007 440 2133 1208 2538 518 1782 1848 1788 2069 1640 1414 305 1046 2307 613 1045 2050 51 64 283 1636 260 2241 1158 735 2358 606 1569 2130
000742.jpg,2754 575 2019 1482 2080 1691 2383 1523 2550 1507 441 2695 107 373 1669 1177 2414 2604 1104 2641 845 584 2395 1016 55 2176 728 397 1120 1194 1147 2518 1450 830 1678 1244 393 1183 2136 603 1620 863 1732 1646 2733 1517 2275 462 339 2780 357 2684 2630 1073 1805 1382 2106 2586 2447 2347 775 2525 1259 1626 2297 1169 2651 1832 1372 2368 279 187 2805 1846 2637 1611 1014 2166 818 2489 1410 917 469 32 834 1856 794 2804 2360 2192 2033 2752 1690 102 2254 2247 902 2555 2159 1028
000743.jpg,1159 2063 1009 837 403 2484 1815 2455 264 1589 1814 1122 352 2092 2844 2833 2371 2139 2731 267 299 2399 1520 234 1572 1 2727 428 913 1982 1025 2576 667 1238 2269 969 1291 307 2776 1549 1925 1735 1349 891 2189 1619 2215 1571 2385 2158 2797 741 2541 2834 2100 551 1615 223 349 262 846 2403 1539 17 2635 888 2431 90 2138 1509 2486 2226 1366 1622 1863 1618 2412 2255 317 46 2175 1816 2710 2607 573 1338 600 2633 641 892 1373 1540 1660 1698 685 961 879 2771 1807 1862
000744.jpg,957 1889 1802 2464 2725 752 1766 2404 509 609 1515 2457 2115 2448 1880 744 1696 5 844 244 1616 2128 592 1596 2720 669 2168 2688 2188 1199 1032 2476 1726 971 2562 2498 1591 2807 476 1280 1556 1426 387 2278 829 1866 1084 214 454 2678 189 2572 1768 498 1744 2060 661 40 2823 1477 1960 466 2261 106 1560 644 1525 636 1797 1927 1602 43 1536 1108 2442 2751 2726 1637 1227 1953 1659 448 163 1661 229 468 1139 2263 1858 620 2627 2014 1283 2194 1632 2048 372 2425 419 851
000745.jpg,2769 1870 348 1417 26 1788 2538 2454 860 925 2649 1369 1701 1489 1710 480 179 2714 712 550 2050 735 2130 1045 518 440 1422 1617 161 2289 433 1993 197 2650 2375 1895 2840 769 463 2241 445 1029 2011 305 562 1328 51 1552 1640 2631 1796 2721 1569 2837 173 645 1663 64 169 1934 2836 1624 155 260 100 1782 2707 259 817 611 1840 715 312 1649 635 1172 188 2528 2544 134 2556 439 48 1319 2088 1644 2044 947 1679 2817 556 1656 1658 231 2411 1623 1407 1544 221 2501
000746.jpg,1451 2000 1559 2054 1361 2787 1106 727 614 589 646 658 1137 1951 2072 1306 1175 1207 485 1786 1257 1971 1353 1558 1087 714 2656 1798 76 1300 483 1483 16 2149 376 789 44 240 1357 2540 1447 293 1672 1535 1693 1749 832 1334 1346 2784 291 2409 751 1469 2016 898 1389 374 1178 1197 803 1230 1091 1115 1333 1166 2542 2644 1019 2129 954 1900 962 581 2323 2579 63 576 251 2437 1427 215 824 989 572 2381 1180 436 2040 1298 1883 1513 1213 395 2504 2495 1928 364 1561 1593
000747.jpg,2656 2149 1693 1786 1971 1106 1257 751 1451 1559 2016 2000 310 1361 2787 2827 2129 1593 983 1535 1743 2441 1357 832 596 76 2190 1176 1346 695 2542 95 132 2540 1353 1773 954 149 1856 1760 1795 1513 2745 1685 2054 824 1672 2202 2288 182 1914 2111 39 1712 1333 293 646 614 2547 727 576 88 2437 1343 1476 581 2700 1161 2112 1137 1207 2785 215 1091 989 1847 1900 1951 2072 2737 1004 803 436 63 1019 251 589 485 1175 1836 1180 737 2040 1306 364 564 2114 1230 789 1798
000748.jpg,1394 545 1228 1785 63 1389 1019 2022 1213 304 2178 2066 2113 1333 1087 1558 2546 714 2072 2249 1137 1207 1631 1298 1115 1685 898 954 182 614 761 853 1361 149 1801 1798 658 1334 1306 727 1951 589 1166 1175 2277 1928 2409 485 2644 1712 2323 1760 962 395 529 1300 1451 572 1230 2000 1561 1559 499 1590 895 1106 2579 374 93 1161 1197 789 676 2504 465 2759 2381 2040 1257 101 483 1900 824 2493 1749 2555 251 2547 2238 1427 2242 540 436 1353 576 215 341 364 1786 803
000749.jpg,924 1487 953 1471 761 2249 2841 1363 1288 1703 2216 2823 752 1865 1394 545 2317 1389 63 834 1139 1044 1019 1333 2502 2567 897 1090 1605 443 333 2573 1188 1213 1308 2677 214 309 2022 586 1685 1027 1082 1006 2452 1250 122 205 1697 96 1757 2546 1456 2178 167 1300 419 2113 986 411 724 629 123 2555 856 922 1763 1801 304 954 1214 149 2277 2066 1228 2043 2706 1171 1727 2245 2554 37 468 1371 882 2623 1032 894 1785 2547 2751 189 2167 423 938 2060 1866 1115 2109 474
000750.jpg,2502 2152 84 941 1605 214 1602 2348 1139 1953 1866 909 2841 2706 244 1696 1365 1171 744 2751 22 1214 2109 2567 2141 1616 2115 924 1987 815 957 609 2404 509 2677 2457 1927 106 1889 1661 629 454 2162 2572 1477 1371 1032 2726 189 2464 2725 2060 2448 1199 844 2623 1632 96 1280 398 1525 1766 1084 1738 419 894 2203 2263 592 2554 851 2197 1659 2678 40 167 621 5 1515 171 420 2153 183 1744 510 2401 1113 2030 1184 953 2768 594 1283 1726 1960 2705 1198 1364 2612 2128
000751.jpg,799 1755 805 1756 1317 1395 1303 2693 314 2402 1647 653 721 1921 1972 2061 2236 1475 1568 1050 412 1967 2053 999 1297 390 1635 726 1024 1918 1037 2531 27 1831 1655 1274 806 1503 1715 561 268 2059 1273 1140 464 2232 131 1124 927 1789 2698 1378 1011 484 534 1875 1706 2765 2137 822 1662 290 89 1022 1127 467 452 2465 2505 780 2285 2429 1039 1829 2715 1216 159 2244 2407 580 1472 1118 2794 455 1282 53 241 1275 2301 356 2687 31 1262 296 1465 1143 1612 786 1293 1097
000752.jpg,285 1221 546 6 582 807 1603 1882 820 759 2643 1541 1260 1891 1702 956 1083 750 334 732 620 1797 181 1188 2313 2387 1697 2666 468 2816 650 1723 922 2043 298 475 1916 2171 1153 2810 1570 2346 1858 1285 973 2677 1456 411 1537 629 1605 2476 2152 40 1227 2502 37 2194 1761 980 636 372 1865 2303 2118 1284 122 1884 1184 117 281 1380 690 2179 594 1763 2425 1015 84 2807 829 1080 661 2706 2841 1502 1979 2268 2261 1922 1659 1082 1610 2167 2791 1318 1397 941 448 1205
000753.jpg,2077 2478 2777 2772 1753 1125 70 2561 1759 2510 2757 2015 1252 18 431 2663 1842 951 1834 191 2818 2 601 2161 315 1035 1165 2302 1839 2622 1390 1557 767 277 634 2315 2430 29 2685 2143 1747 24 522 293 1443 426 2686 2533 1938 889 1511 2702 1597 2323 707 646 688 2667 2024 1075 529 1810 2320 1969 2509 249 2172 1689 1869 1886 1833 286 1801 2296 1235 2644 2408 1114 2583 1989 962 853 91 1804 792 2624 2787 2000 2054 1798 67 1849 126 417 213 1533 1767 555 990 1186
000754.jpg,767 277 1938 1443 1833 2686 889 1747 2496 2532 2702 1989 211 1460 369 2777 1753 1125 2478 2772 2077 2510 70 2315 315 1759 951 2302 1165 1980 2757 2561 431 1834 2818 2 2685 1557 191 2663 2015 18 1252 1390 1035 1842 1839 2622 2323 1333 990 63 2624 2022 500 297 980 1413 2098 1047 2245 1801 1845 601 1884 714 1023 36 126 688 103 1767 374 1593 1793 461 1137 395 824 733 1263 1235 684 1418 612 1423 898 988 20 401 2829 1952 2055 167 578 149 2620 2514 1087 1343
000755.jpg,196 353 98 776 2474 585 1643 2067 1819 701 1864 1625 869 2081 1963 910 233 2353 2462 2256 2361 2334 1042 2103 781 1402 809 381 1600 276 1344 2027 1188 1227 476 2264 661 820 1221 732 2261 2194 1541 2001 669 620 1702 2643 2012 2048 546 829 2278 582 1153 285 1909 1791 1419 1797 1696 1697 1977 759 1761 636 807 1260 2168 2582 181 446 982 411 247 2793 1858 922 813 2331 975 2252 1565 1603 1083 69 2349 2682 372 1105 1179 1667 1583 1204 871 7 468 1865 6 153
000756.jpg,2394 105 1778 416 11 1946 883 2110 664 2331 301 1325 243 1002 1419 2516 2843 1442 2697 1309 2560 1271 673 908 749 2830 337 7 2711 151 1138 2793 1040 2005 1152 2290 2196 94 1968 2417 1020 1331 318 1731 1966 2600 2087 1581 937 678 435 2458 2730 593 1854 1742 2519 1527 2377 855 1673 365 1068 632 605 984 1526 1005 1614 568 1036 487 1311 513 257 1871 490 1142 874 1573 1247 1705 1978 2718 975 1006 2299 2452 2613 1455 1495 544 821 355 2243 1119 1370 800 1992 1105
000757.jpg,1908 1830 702 1767 1114 931 1107 848 768 903 1340 65 284 2388 1310 1512 1254 835 1608 2667 1720 1821 522 2471 2601 1845 990 578 502 2624 1235 126 688 250 684 297 103 1975 1323 2276 1186 2314 1391 1413 767 2323 962 1197 1075 395 2302 315 1165 973 277 1035 1839 1113 1144 1390 2644 2315 1798 2622 1570 2620 1334 1406 676 2495 191 581 2561 1263 1557 249 2299 1801 1538 1810 2699 1620 1759 783 1012 2509 2277 482 737 2245 1922 1166 2759 1230 1423 1938 338 298 2510 1346
000758.jpg,1548 269 531 2315 368 1833 1725 2685 1200 1980 1593 277 1747 2302 1035 2318 1073 191 444 1165 889 2483 1443 2499 44 2296 1194 1300 1938 1406 1387 2 2518 683 767 1865 1075 980 2437 576 111 2641 55 1884 2510 1990 83 1767 1285 1284 834 1979 1732 1502 1263 1557 2663 1750 2176 824 2561 2180 1570 728 1012 1839 733 431 167 1456 568 2249 65 249 2772 2051 202 1810 2702 315 1682 1483 291 500 1147 946 397 1943 951 2686 1869 1499 1479 1057 122 465 993 1919 1346 973
000759.jpg,1697 1188 546 582 807 1221 285 922 411 6 1882 2167 468 2816 759 2043 2313 2171 2810 1153 1858 1260 2643 1456 820 732 2666 1891 1603 650 620 1865 1702 1541 181 1797 956 1083 2268 459 122 1284 829 1227 1763 1761 2194 661 669 2168 372 2476 2261 1380 334 1916 476 750 2677 1911 37 475 2346 1723 2841 2387 2823 636 281 2807 2425 1090 629 586 229 1560 1318 38 443 1082 2278 448 2627 1768 1308 2449 396 2048 1515 1536 1610 5 1696 1199 123 1139 1570 980 40 882
000760.jpg,2044 2501 85 2411 1656 1934 2528 1644 312 2832 987 635 1624 1405 2790 1102 2817 611 943 221 1319 188 2300 1926 1407 556 817 547 2082 2270 1386 2545 259 1796 1617 1422 550 2241 1428 1636 659 562 440 305 2419 64 1045 2133 1640 2007 439 1552 2439 1983 712 1569 2034 51 1848 1782 1046 1158 1208 2837 1381 2088 900 1840 826 1092 260 169 1993 155 2836 2652 2046 1544 992 2544 2050 2358 1658 518 563 2574 1878 1414 2826 4 2721 2069 100 463 2670 48 715 1029 201 74
000761.jpg,1933 2071 1790 2156 1321 897 1098 1709 2096 2645 836 2750 935 2432 2201 1436 2355 1504 850 1638 2450 1052 2342 755 222 2218 2691 1736 1806 2512 1305 2362 1621 2593 2627 796 2567 477 630 2452 1911 144 2163 453 1757 2420 460 2751 1661 612 164 595 72 396 1510 2109 177 823 2446 1214 2679 461 141 1171 981 84 1085 2722 401 2587 2775 2829 2122 2642 1903 882 22 156 1145 214 1047 96 1160 2404 1023 785 1682 2150 2636 856 208 816 957 1865 123 599 941 2098 1628 99
000762.jpg,2054 2000 1451 1559 1361 646 2787 727 1106 1353 614 1137 589 658 483 1951 2072 1207 1300 1175 1306 1749 240 485 1786 1971 1257 789 2784 16 376 1483 44 1672 1447 2555 1558 1087 2579 2656 1798 1469 2540 1883 714 576 291 2437 1836 76 1178 293 2149 2644 374 1357 1535 1230 1727 251 1334 824 1389 962 1693 832 1091 1513 1801 581 1346 395 1161 1115 1427 803 1180 2547 2409 751 215 1900 572 1593 2016 1019 2323 2542 2504 2381 954 1333 545 63 1394 436 529 1197 2058 2040
000763.jpg,2346 1916 475 1891 650 2666 2810 2043 2171 1723 2816 922 1188 1697 820 1603 411 1541 285 750 807 334 546 1221 37 1153 1456 6 1763 582 2841 1865 2677 2387 1882 629 956 122 372 468 1284 1082 586 1308 1090 2313 1858 1227 2167 759 443 1260 1570 1761 1006 1462 980 298 1537 924 1884 1605 973 2643 2268 732 281 2194 1285 459 2179 829 1502 2502 594 2261 1250 2118 1139 1702 620 2494 661 1487 2483 2245 938 2216 2535 38 423 953 1015 275 167 1184 1397 375 1080 1979
000764.jpg,2619 2517 2529 143 386 1440 718 1129 1684 2271 810 2298 1445 30 1694 787 958 638 71 1939 1514 697 2185 1294 2246 1360 2616 2584 1630 1411 1258 665 1446 2481 1112 1215 2524 1270 795 2104 2363 969 2444 2801 1242 273 2710 127 2709 687 2460 352 879 557 1863 1619 1925 2175 641 2595 147 991 1816 1539 1366 1982 1278 888 2455 2833 2339 2771 577 1480 2844 1373 1660 1807 2139 2138 1735 2385 1607 2226 685 667 1341 1571 2797 299 2468 2633 1815 262 1698 2607 706 583 1295 1803
000765.jpg,1335 633 503 261 772 2322 1680 711 1297 2250 2193 872 2773 2199 2228 1314 2681 120 2265 1704 602 2052 1111 1955 1117 1332 2592 1730 238 1831 1655 2144 68 1746 159 1543 1917 31 1929 2237 2687 464 326 580 2191 2764 2715 1706 1873 740 1293 890 927 2806 1097 1240 2105 1789 2594 2610 1650 1003 877 1143 1275 1156 131 2062 1011 1026 552 295 532 533 268 28 1118 2552 1912 649 2053 1262 1755 92 972 2306 553 968 1099 1037 2402 1135 2236 125 505 1563 671 2814 721 2343
000766.jpg,767 277 1938 1443 1833 2686 889 1747 2496 2532 2702 1989 211 369 1460 2510 1753 2777 70 1125 2772 2077 2478 2315 431 315 1759 951 2 2757 1165 2302 2663 1834 2561 2818 1980 18 1390 1557 2685 1035 2015 1842 1839 1252 2622 191 601 2323 1333 990 2624 1845 395 1801 1767 500 2022 63 1413 1418 297 461 72 688 714 126 1235 2644 1137 1065 522 374 36 733 1263 980 417 1343 2668 954 578 571 898 2245 1114 1793 1908 1558 1340 529 2829 2667 103 2276 931 1593 1548 1087
000767.jpg,2725 609 1889 1766 2404 1477 957 1696 2115 509 2464 744 244 2457 1616 1602 2448 214 1953 5 1866 909 1515 2348 1139 844 2128 752 1365 2706 2751 1171 2109 1802 592 2841 941 2567 22 1744 1214 1556 2726 84 43 2162 1199 1426 1108 167 1757 473 1605 2141 2823 466 2169 1661 971 1591 189 454 2502 2060 924 2014 669 123 1084 2150 306 375 1032 2124 20 419 1880 1927 2197 882 2508 2688 1283 1280 1596 2188 163 1326 476 388 2507 1904 1487 2572 986 498 1061 1987 96 785
000768.jpg,1663 1489 1710 1328 1617 1417 860 1701 712 947 1679 1444 1045 2836 1422 1054 1993 2707 1782 1623 2241 2130 1369 1381 2050 1658 2454 169 2837 2767 900 1649 2011 2649 179 735 348 51 1569 1870 440 1437 1218 197 2714 550 1796 925 1416 1544 26 1948 64 1788 1640 2289 480 1096 463 2721 2034 2769 2840 1486 562 1261 445 2439 100 2628 817 1051 1624 2352 305 1552 1208 715 194 48 2528 2300 645 155 439 2419 134 2790 1029 260 2545 1926 1407 1644 433 2817 221 1584 611 2631
000769.jpg,1754 1038 2421 1272 1949 2520 640 2210 1041 13 323 377 828 2578 2671 865 2047 1668 2828 2032 672 2602 56 1374 933 1189 370 1337 2539 1429 1049 2083 2428 2798 2629 729 2221 1477 1910 2031 2038 2120 698 964 1070 932 123 1399 1255 1329 882 986 955 839 1521 176 743 1553 2380 868 2335 2423 2387 2267 2786 1764 979 1033 427 289 555 2808 142 1256 1492 340 1888 2743 1757 1952 1249 1430 2348 2029 358 429 2668 554 2451 1236 1890 2570 2415 1393 1699 597 1431 1686 332 21
000770.jpg,1213 2178 304 1389 2066 2113 2546 1115 1019 2022 63 545 1228 1333 1785 1394 1685 954 149 182 1760 1712 2249 614 1951 1175 1300 1306 485 2072 658 1137 589 1361 727 1207 1161 761 1559 2000 1558 1106 1451 714 1087 1798 2787 1257 898 1786 1971 1230 215 2409 737 1353 341 803 1631 1166 1801 436 962 572 581 2040 1900 251 2644 483 374 1883 101 989 2054 364 2323 1298 2277 395 2504 2381 646 1334 132 2656 1427 293 1928 924 2540 1693 1683 1561 1091 2238 766 328 16 2114
000771.jpg,2174 493 1234 1034 1792 1861 1580 57 2418 280 2125 1930 2004 1358 210 2461 2374 1392 1758 689 976 570 366 793 746 859 1279 1276 1665 2672 1859 1196 133 2327 1575 1724 756 1947 2456 1664 2838 797 294 2330 1072 1375 548 1765 2186 2184 2229 2694 1776 583 588 421 422 1497 228 2206 1551 2123 2039 720 857 1193 1086 242 1877 158 1081 1887 2332 2541 2548 1457 704 1030 801 2662 2356 2581 880 2590 2739 1350 2198 1191 687 2659 77 885 2703 1229 2321 263 656 798 2740 1043
000772.jpg,1096 1416 1948 2815 2272 1362 2352 1965 1860 1584 1897 1636 64 439 1496 1586 1569 497 1316 2556 194 2721 201 100 562 48 1051 1218 1796 2034 715 51 747 2650 1490 155 1658 305 2289 2241 2755 712 1381 2046 1640 2023 2628 770 1617 2713 1552 258 2545 1993 2836 2433 563 1261 2309 2376 2631 2088 1045 260 645 1029 1544 134 2735 1328 1782 2130 1319 445 2045 947 2553 992 440 2011 2732 2767 1453 2050 1649 168 2454 1444 1054 611 2419 900 319 463 1840 2837 1422 2707 550 2840
000773.jpg,2656 2149 1693 1786 1971 751 2016 1257 1106 310 1451 2827 1559 983 1743 2129 596 1535 2441 1593 695 1176 2190 1361 2000 2787 95 132 832 76 1346 2111 1856 1357 1773 2745 2542 1795 824 2202 1513 2547 88 2540 576 1914 1476 954 1760 149 1353 1685 1847 1343 182 2785 2700 2737 1004 1712 2112 1333 39 2288 1672 1161 1900 1846 1091 581 989 215 1298 436 617 2040 766 63 364 1207 2242 737 803 2504 2238 789 949 293 1137 251 2381 2114 1999 2437 926 1019 614 1180 1434 1230
000774.jpg,493 2174 976 2374 1234 366 1034 1196 2672 133 1930 1861 1792 57 1580 1358 2418 2004 1279 1758 280 859 1947 2125 746 210 2461 570 793 548 1665 797 1276 2838 1664 2327 689 2456 1724 1575 1392 1859 1765 756 294 2330 2184 1375 2186 1072 2694 1776 2229 583 588 1497 422 228 1081 242 158 720 421 1193 1551 1086 1887 1877 857 2206 2039 1457 2123 2332 880 1030 1191 801 2739 2541 2581 263 150 2356 2321 2590 885 2703 1043 1350 2659 687 656 2548 2662 1059 1432 2198 170 1542
000775.jpg,1569 64 48 100 439 2721 715 1490 1796 2034 1453 1640 562 1496 305 2433 2545 51 155 2556 2650 2272 2713 2376 1993 1860 1316 2631 2309 1948 1584 1965 2352 1096 1840 201 1636 1416 2628 1901 2815 1381 194 2241 440 1617 1658 1544 1218 1051 1422 2439 563 2836 712 2289 1782 2050 550 518 169 260 2088 1045 2826 2130 645 2837 168 735 1261 1649 2538 1878 2840 1328 747 2649 947 2454 2707 1148 134 1623 900 1444 2755 2767 161 497 950 445 2652 1054 259 433 1679 231 2011 197
000776.jpg,2044 85 2411 2501 1656 2528 1644 1934 2790 1624 2817 312 2545 2034 1796 2832 1102 635 1405 221 987 1569 943 1926 64 817 48 100 2721 611 715 439 2300 1319 188 1407 1640 305 562 51 556 155 2713 1993 1584 547 2241 712 2082 1381 1860 1386 1658 1617 1782 2433 1636 2631 2650 2439 550 2270 1544 659 260 2836 1045 2556 563 2309 1840 1552 1422 201 259 2826 1878 2419 2088 1316 2352 2007 2376 900 1983 2272 1046 2046 2133 559 992 2652 2454 1208 1428 1490 169 497 2837 2840
000777.jpg,982 1470 887 1531 2328 1667 748 819 1585 763 2065 2225 2575 2491 1179 1791 1578 1977 1211 1651 2682 916 808 841 2042 114 2252 1579 639 1769 2792 1063 2647 227 945 2723 118 567 2778 919 1770 2310 1354 1920 952 930 1851 9 928 2349 875 311 2793 1210 2416 1583 2097 579 998 7 1657 517 2379 2304 975 1854 2559 2729 25 923 528 1209 2658 2711 2618 513 2488 1154 1271 151 382 2459 566 1528 2026 778 492 1368 512 515 1367 1239 1970 1566 2636 2140 446 1963 871 72
000778.jpg,1749 483 1353 240 2555 2784 1300 789 1727 2058 576 1672 1883 1277 465 1801 2277 16 2437 1483 834 376 2579 1836 646 529 2249 2547 824 1161 1178 44 1513 2644 1394 1447 545 1847 540 1773 395 1469 596 95 761 1743 1795 1990 1451 2054 291 499 962 2700 1361 63 1559 2504 1593 2000 572 1228 2759 132 2317 1230 2540 374 251 1685 1176 1389 2745 2190 2827 1304 2238 1137 1106 1087 766 695 88 1213 1631 1476 1091 983 149 2785 2066 2113 2441 1798 1019 2178 2323 2546 2072 2202
000779.jpg,2018 2551 2146 2284 764 719 1289 2008 247 1403 153 190 1534 1157 1493 1577 914 2582 1204 1351 35 2485 1128 723 1121 2487 1915 604 212 1997 2824 615 539 58 1359 303 549 2585 874 343 2209 1247 1751 206 862 2204 1347 2718 450 632 1772 2110 812 2793 2603 2361 871 516 151 1271 664 1633 1970 2453 2555 2165 2711 121 869 1566 2550 536 2792 2405 7 1854 1228 2658 569 975 1066 1727 490 513 1246 2336 1210 2067 2058 1367 1019 988 1006 998 2488 276 416 1762 875 2449
000780.jpg,1979 1184 1537 2203 1502 2179 2494 2303 117 2573 1570 1659 594 1205 298 1687 23 1080 327 690 510 1488 1738 2768 2620 1397 1922 420 148 1113 2521 2791 1400 1198 2030 448 2706 205 973 1471 275 1285 1425 1605 167 1371 953 40 1884 2101 980 2263 2118 2535 924 1082 1308 2623 1960 423 2678 2572 1015 325 2841 1006 1525 1456 745 1641 1474 443 37 586 1284 946 1610 2359 2502 69 1591 2222 1891 1090 2245 20 907 122 2677 459 1280 1084 922 1763 1726 475 1723 1144 1423 629
000781.jpg,2320 1149 2533 293 286 2172 29 2673 967 707 2408 213 2024 1804 2638 2756 426 2021 1597 2430 634 2143 24 1719 1689 2354 754 1728 91 1849 2235 1478 2615 792 1529 1265 1448 2787 1269 2390 739 2295 2296 2413 1867 1722 558 1231 119 135 2224 1296 184 1533 2566 853 424 757 2472 80 1383 520 1733 19 218 2054 646 1984 1945 232 1312 2000 1451 1361 1798 1535 1559 376 1786 1106 1447 1334 529 1886 1469 2644 291 832 1801 1091 2409 1207 2072 962 714 1346 2744 1236 2323 76
000782.jpg,346 2821 52 786 2467 2690 402 363 1481 471 936 1438 418 2407 1662 2244 753 108 2301 2398 478 2465 2505 484 1008 1465 2429 780 806 1022 1378 628 1220 534 2059 467 758 2687 430 452 2634 53 389 2765 290 1918 2611 1787 1275 840 504 1692 89 1730 1929 655 61 207 1124 2806 2632 1026 225 2285 295 1048 1037 2025 1568 653 1039 654 2236 2669 1475 1097 138 331 1789 999 1273 1612 2531 1756 1293 125 1024 2794 1822 2470 1140 1647 241 1143 192 1395 2061 131 268 1317
000783.jpg,1628 2163 453 401 1233 380 73 437 1599 2074 2055 981 760 823 399 141 1510 461 1023 1872 595 1047 612 2098 1145 2747 2587 2655 99 208 2469 1160 731 2126 1717 2122 2829 2679 1903 816 177 1085 1163 1976 477 1784 694 2452 1682 2274 2009 2636 1906 460 72 1808 1688 174 164 156 2775 1241 172 222 2722 1404 1415 1100 1436 1155 1504 2218 1089 2577 2750 1305 1321 599 1933 1263 2117 2642 2071 2267 897 2645 2201 2483 500 1098 2512 2410 1790 2463 2380 1006 935 2691 569 351
000784.jpg,295 1789 2687 1730 1929 1275 464 2806 927 1655 1706 1831 268 131 1240 2301 1262 726 1875 504 2236 1475 1026 999 455 1503 2715 1011 495 2531 2059 1843 452 806 840 484 31 467 2142 159 2407 1022 2765 580 780 1293 1097 1281 326 241 418 2285 331 456 1062 1813 2244 1039 1662 430 324 1378 1932 125 1024 534 290 1568 788 1923 1822 653 2429 1143 1465 389 53 1481 786 1912 52 129 2565 89 799 314 655 1118 1008 2634 2062 2470 1274 346 758 501 2232 1297 363 1273
000785.jpg,1830 702 848 903 1114 931 768 1107 1767 1908 1340 2388 65 284 1310 1512 1254 1608 1720 2601 1821 2471 1845 502 990 835 2624 1235 578 250 522 1975 684 688 126 103 297 1323 2276 2667 1186 2314 1391 1413 767 1839 277 298 962 395 2323 2302 973 315 1035 1285 2644 1165 1570 431 1798 1922 1759 1557 18 1390 1113 581 1397 2 2620 1263 1753 1423 2510 1144 737 1015 2677 1075 2663 2622 436 117 2772 191 1641 1219 215 1184 420 2777 249 2509 2077 1810 332 2494 1125 1900
000786.jpg,18 1842 2663 2 601 1834 951 2818 2015 1252 2757 1759 2622 315 1390 1557 1165 2302 2077 1753 1125 2777 2478 2772 70 191 2561 2510 431 1035 2161 1839 767 1938 1747 277 2315 2667 1443 522 1833 2686 2323 889 1114 2702 2532 1989 2685 1767 962 1075 931 2624 529 634 211 1798 249 395 1810 2644 1801 1980 369 1845 126 1012 1334 2509 578 2759 2583 1406 990 2496 702 202 714 1928 2143 67 2430 1460 1511 688 29 1413 65 768 1166 2277 2276 426 581 24 250 1821 2409 2728
000787.jpg,2277 1801 2644 529 1334 2323 962 395 1798 465 1230 374 499 572 803 2579 1561 2759 1427 251 1197 1631 853 2504 789 2540 2542 714 2381 1087 1883 2409 545 898 101 1683 1558 1928 2040 364 1207 1166 1900 2238 540 2242 989 737 2072 1137 328 1590 581 1394 483 766 215 1300 341 436 93 240 1898 895 1257 1091 485 614 1306 617 1361 2114 1106 1175 1951 1971 407 1996 1353 1451 2493 589 1786 2489 2000 1559 1389 1228 2546 1785 1333 1115 1346 76 658 1213 63 777 2324 2113
000788.jpg,1236 2267 2380 1699 1492 2078 1553 1430 1886 2568 743 142 802 429 1053 2117 2217 2415 427 2423 555 868 878 901 2333 1888 1793 866 1431 36 554 289 1890 1256 21 2029 302 292 176 2451 681 361 2668 733 78 1499 500 417 1398 1562 62 1033 199 2786 893 2384 2743 680 1588 597 332 1132 2227 2108 886 1686 340 432 1418 1393 536 193 988 121 1065 571 979 2387 2221 2038 1406 2539 2224 2047 323 2032 2421 1038 56 1041 569 1429 2671 249 1268 2324 2428 1012 964 123
000789.jpg,1752 1545 1146 2389 59 312 2832 1102 987 2790 85 221 635 1405 1926 1624 2367 943 2556 2411 1656 2300 1934 4 2501 2528 1644 1407 2817 2069 1316 817 1202 556 626 950 1386 547 2044 2082 1737 2270 1636 440 188 826 518 735 2836 712 1617 1496 2837 2241 611 1782 613 2050 169 1045 1422 2840 2454 1649 550 900 2631 283 1993 266 155 1796 2826 947 1319 1799 1840 1965 1710 1878 2289 2649 2538 2133 480 1552 1381 1092 463 305 2088 2714 1190 26 2424 2515 2439 2477 2397 260
000790.jpg,2070 192 2669 2025 61 654 225 207 1787 2396 2794 383 1141 245 2280 1781 49 525 1506 139 2173 2164 239 2311 408 1780 1282 252 1356 1248 2091 1127 356 838 1505 296 209 625 1435 679 1598 2232 653 858 822 449 216 1274 113 455 2470 2137 1262 1299 1216 1168 1097 346 1293 580 1140 2062 1124 418 159 2698 326 1143 52 290 31 33 1568 2053 655 1481 2690 786 1037 1924 1692 1500 1829 618 1273 2279 402 2406 2467 1118 331 1822 200 1011 2765 2316 806 2806 1022 295
000791.jpg,1129 2185 2517 143 1684 2298 1440 2529 386 718 2584 2271 1411 697 958 1514 1445 810 1694 2619 2524 787 30 638 71 1360 2246 795 2363 1630 1215 2104 1294 1939 2616 969 1446 273 2801 1242 1112 2444 665 2460 557 2481 1258 879 1366 2844 1270 2833 1816 1480 687 1539 2139 2633 2175 1619 1660 2607 2226 1925 2710 1982 352 1863 551 2385 147 299 2797 667 1059 991 2731 342 867 1025 127 41 414 1571 685 2672 2776 2709 2092 2431 1549 1947 2541 641 814 1196 1735 888 267 976
000792.jpg,645 1029 2011 445 2840 197 1552 463 2538 2375 433 1253 2289 518 134 2769 2735 1895 2050 2454 550 735 440 2130 2649 2650 2631 712 259 348 1623 1870 1054 1788 1045 1993 1422 1617 161 1328 1649 1679 26 480 1417 2714 179 51 2241 925 1369 2088 2707 860 2544 305 1840 319 769 1444 155 947 2076 562 563 169 260 2287 1663 1640 1208 2482 439 635 2836 1983 1782 1544 659 2133 900 2676 2837 2419 1172 2721 64 2724 1636 547 2148 977 1486 611 2439 1710 2082 556 1319 2044
000793.jpg,783 1093 949 1856 2111 1343 617 2737 1914 1683 2785 2441 1103 1898 1999 2202 2112 1004 596 940 95 983 88 2745 1476 2827 695 2190 132 2547 1176 407 2242 1743 2317 310 824 540 2422 1561 576 1304 2413 34 1846 2295 558 1749 766 1996 1535 135 1693 328 2238 777 1091 1773 198 1178 2759 2523 2542 1298 2129 75 1513 465 341 60 1230 2114 1801 1448 1727 230 1795 2016 2497 499 1434 1847 2277 2644 395 1728 2489 1116 1593 1714 2504 2323 581 2058 47 2149 2656 1224 1631 2180
000794.jpg,645 1054 1679 1623 1649 1328 2011 1663 445 947 1444 2707 1029 2767 2840 2836 1782 169 2837 197 1544 463 1658 1381 1552 2439 1617 712 2241 1045 433 2050 51 2628 2289 1422 735 2130 440 1993 1253 1369 2375 1218 2649 1948 2735 2714 2454 134 1261 550 2352 64 1640 179 155 1416 194 305 1096 1051 1569 2650 439 48 562 2272 161 1870 1840 900 2631 1796 1636 1417 2133 2815 260 715 2721 563 480 860 1437 2088 2419 1208 1895 26 1486 635 2045 965 2652 100 1489 1584 2826 201
000795.jpg,1752 1545 1146 1316 1636 2556 1840 1965 1496 59 2389 2241 312 1381 440 1658 518 2836 563 155 1544 1878 950 1782 2832 2826 735 2439 51 2628 2272 169 2501 305 1640 1123 987 1934 260 712 2069 550 2840 2837 626 1045 900 2367 1617 2050 1422 497 221 635 168 2133 2713 562 965 1405 1948 1586 1796 2289 978 1444 2088 947 445 1552 1148 2652 2815 645 1901 1624 4 2424 559 85 1102 1649 1096 1656 1486 1569 2433 2538 1860 259 1437 64 201 817 2817 1202 2419 2650 613 1092
000796.jpg,2785 540 1093 783 1914 1856 1996 1091 2441 2111 777 2202 230 95 596 2242 983 2190 2547 2745 407 2827 1743 341 1683 695 824 132 2317 1176 926 1898 2413 617 1476 2295 576 1535 766 310 2644 949 989 328 88 1561 395 1749 2238 789 1818 529 1230 1343 564 739 2281 465 1801 1728 1448 2759 2737 1103 2114 1846 2579 135 1999 558 581 1180 962 364 240 2504 39 2288 1593 2040 1900 483 1693 2323 291 737 2277 1672 1513 2756 572 1383 1178 2016 1631 2381 754 1847 499 436
000797.jpg,1545 2389 1752 59 1146 2367 950 4 626 1202 1799 2069 1386 987 312 2082 1737 556 2270 547 826 1624 635 2832 611 85 613 1407 1319 2300 1405 1934 1926 221 817 188 1656 440 2840 283 2501 2790 1102 2044 2477 943 735 2289 2411 1649 1552 1316 860 2556 2817 1623 1993 2241 463 1701 1422 1788 445 1617 1045 2050 2375 2011 1328 1644 2312 259 1496 1029 2837 169 550 266 2130 2528 2076 433 2133 563 2631 2424 1468 1417 2836 1544 1679 1437 134 2088 900 1584 1636 1710 2454 518
000798.jpg,1946 2788 2299 2746 1005 2730 2290 749 1670 2364 673 2151 112 1243 1068 1110 593 2549 568 1794 544 1783 1966 1379 434 1311 1131 365 605 410 883 1040 1498 821 730 1968 435 811 2095 2377 2830 535 1309 2560 1020 1581 870 1527 1079 338 336 610 94 1466 2196 2251 2697 1573 678 253 855 2417 937 2680 1850 2005 1778 257 717 2243 1142 2087 2519 800 709 1634 416 881 1133 1325 1871 2516 1424 1455 2219 1731 1913 1526 1511 1442 1969 774 1094 1138 248 2492 1779 1936 2145 2341
000799.jpg,1254 1512 1310 65 835 1107 284 702 903 1908 1830 2388 768 1114 931 848 1340 1767 309 1720 1608 1013 684 2079 1277 834 1821 990 333 502 2058 1336 1975 856 2471 2555 2160 1907 1315 2197 2571 2601 1286 297 2823 1749 1217 1104 2401 205 2317 576 861 1727 1449 677 1620 2080 2216 2425 2547 1235 2831 1703 400 95 1304 250 596 1057 1458 1318 187 636 1536 1363 506 2780 2136 240 1517 2239 1845 2313 1032 300 462 1669 1927 1844 1450 1940 2096 396 1194 204 2579 1323 103 1288
000800.jpg,1993 1663 1617 1422 712 1045 2241 1796 1328 947 2050 51 1444 1569 1640 2130 1369 2545 2707 735 2836 1782 48 1679 2454 100 1381 1658 1623 1054 715 169 2034 550 2767 2721 64 2837 440 2714 305 1649 155 562 439 2649 179 1544 2439 1870 480 1417 26 925 2769 348 2631 1840 2650 1218 2628 860 1584 2538 1636 1489 1261 2713 518 2433 900 1860 221 1407 943 260 1710 2790 2289 2826 194 1624 2011 2352 1096 1948 1437 1405 1701 2300 134 1416 2088 563 1051 2309 2082 2528 1486 1644
000801.jpg,1980 2685 2315 2702 277 767 269 1548 1833 1165 191 2302 2518 1989 1073 1443 1120 1747 1678 1147 1557 431 946 315 2510 2686 1285 1620 211 1380 951 1938 2 889 1252 2015 830 2677 298 1732 2818 369 2663 1697 2622 1943 1450 1979 2532 2275 1753 1869 1460 1641 973 2314 441 2535 2695 603 845 1884 1390 1834 2245 2496 393 863 2478 2161 1263 1082 1850 2251 688 83 1308 1767 1442 2151 980 2772 584 1537 1523 2005 1413 18 2748 2303 1125 594 2777 1502 2494 1057 2667 2167 1759 1243
000802.jpg,2019 1507 2550 2754 575 1669 1691 1104 2080 1482 107 2641 1177 1646 2414 1450 55 2604 830 603 863 2176 393 1244 1620 2383 1147 2136 1523 339 1120 728 1194 397 1016 1678 2275 462 1732 2395 441 834 2695 333 357 2733 1805 584 309 845 2555 2586 2518 775 1169 856 1517 2058 2254 2780 1277 1217 373 2247 794 1611 1365 2630 457 1727 2192 1907 2317 1734 2197 1757 2360 240 2277 1801 2150 398 2233 2591 1032 2347 1626 2326 1804 2079 986 1791 214 34 861 1458 1748 967 2211 2141
000803.jpg,1979 1184 2203 2494 117 1659 2303 1502 1205 327 2573 1687 2179 1537 594 23 1922 298 1113 1570 1198 2030 2620 1400 510 1080 2791 1738 1488 690 1397 148 420 2768 2521 205 275 2101 448 1425 1371 2706 167 973 2263 1285 40 2572 1960 2623 1471 1605 2678 1525 1084 1280 69 423 1884 2535 2118 980 953 2359 1591 1726 1082 1308 325 1641 20 924 745 2222 851 1474 1456 1006 2677 907 2502 1015 946 1284 454 37 2245 443 122 629 1144 2152 1661 586 1880 459 543 1697 2268 2841
000804.jpg,1697 2268 167 20 454 38 1911 2167 2726 1995 2222 115 459 2823 1456 1744 1284 122 2573 1188 2162 411 1661 1082 922 1308 2030 592 2791 586 37 1502 443 2677 281 1865 1205 1006 759 2313 298 620 372 1260 2303 980 1171 189 1763 1090 2179 2128 629 23 1858 163 117 1797 396 829 1285 1884 1556 1570 2623 2060 2203 448 309 181 1214 1032 1659 1184 205 327 468 1080 1610 1537 744 2567 275 1153 732 2807 2627 1637 690 2643 1280 2351 2554 1084 473 851 1199 388 2101 2118
000805.jpg,1548 269 531 1725 368 2499 444 2051 1439 598 1200 1088 1833 2318 306 1986 1263 2483 1682 1326 676 2245 1712 1555 1035 1938 1423 2014 980 508 994 1750 1747 796 1443 111 1570 298 375 2183 1387 2124 1817 1884 2118 425 790 824 2249 182 1502 1849 1284 946 1197 1760 2296 2653 2303 473 1711 889 594 2180 2506 2323 1979 2829 2179 2573 1206 1219 1839 1267 1641 1479 1582 73 44 1073 277 1456 2599 2315 2561 767 1537 660 1462 2112 1061 1412 149 1940 322 907 629 2410 2494 2685
000806.jpg,1944 1056 2294 1055 725 1212 137 2728 2207 2135 899 165 2741 204 2558 1825 116 2825 2842 447 1606 2305 692 2736 2057 1463 1841 2435 2766 494 1547 97 2511 1134 146 1899 2291 2382 1126 246 1130 1067 2248 2041 2580 1874 2292 1935 686 1940 2719 1076 647 2286 1223 574 2258 1937 2813 1464 1639 948 2683 442 677 2639 2393 2708 1986 362 2068 1185 2438 1452 682 804 79 722 1777 657 2319 2665 491 329 2413 2569 2441 1592 783 2295 2111 2827 1868 1856 140 407 540 1846 95 2489
000807.jpg,2669 192 61 2025 207 1787 225 654 2794 2396 2070 1781 49 2280 245 2164 239 525 383 2091 2173 408 139 1282 838 2311 1141 356 296 1127 209 252 1248 1356 1780 1505 1506 625 679 822 1435 2232 1274 653 449 113 1598 2137 52 346 1022 858 1262 786 455 418 1481 1097 295 1568 290 1293 216 1143 2301 2765 1929 2806 2821 2244 1275 1124 1216 580 1730 2407 788 1822 1378 1299 1168 2470 159 363 2053 1037 1008 430 89 655 2687 2142 1118 125 402 1692 467 389 331 326
000808.jpg,2381 1900 803 364 2040 101 436 215 737 251 374 2504 341 581 2579 989 1427 1883 1230 572 766 328 2238 2114 2759 2242 2540 395 962 789 1798 407 1091 2323 1334 2644 1683 1898 2542 529 1257 1996 1561 777 1300 1801 2277 2489 1971 1786 926 76 1106 1197 1818 1357 564 1353 483 39 2288 1180 1559 2495 240 230 1361 1451 2281 1093 2784 1137 2000 545 2787 1207 2546 1693 1087 1213 617 714 2066 2113 1389 485 751 304 2072 1558 1951 614 1115 1306 2656 898 2178 1175 2409 1394
000809.jpg,2043 2810 2171 1188 2816 2666 650 1697 411 922 1891 1456 1221 475 546 2346 582 1916 1723 6 285 122 1284 468 807 1763 2313 1858 759 1153 37 1260 2643 1882 2167 1865 732 620 1702 1090 2841 181 586 1603 1797 1083 820 1082 1541 1227 1308 829 443 1761 661 1006 2268 2194 956 2261 2168 1380 334 459 750 669 476 1610 2677 372 980 1911 2476 1884 1139 2425 1560 38 629 1015 2387 2823 298 2449 167 1250 2118 724 636 2807 448 1537 973 5 281 2706 2278 938 1285 1200
000810.jpg,2414 107 1177 2604 1669 2550 1507 1104 2641 55 2176 728 397 1194 575 2754 2019 1691 2080 1523 2383 1482 441 584 2695 373 2395 845 1016 2326 2360 736 2234 2159 187 1028 1690 1517 1919 834 32 2733 1014 2630 1748 333 469 1120 462 379 2106 1467 2651 2033 2752 2661 917 902 1950 920 1450 993 541 2239 2347 309 2563 1459 1382 2073 2555 827 2586 83 1805 1259 2780 1943 1147 1372 2621 2525 2166 2684 1626 856 2804 2805 2518 393 2637 2297 590 400 2345 1611 2036 87 102 1809
000811.jpg,196 776 353 98 701 2474 585 1625 869 2067 1643 2353 2361 233 1963 1819 1864 2256 2081 910 2462 1402 2334 276 781 1042 809 1600 2001 2103 381 871 2027 2391 2264 1344 2012 513 69 151 1697 2711 1209 2132 1271 528 1170 2336 337 1970 2793 1854 765 2394 25 975 1808 1155 1742 247 1089 1688 1404 1519 1985 2677 2658 2792 1077 14 301 2449 1474 153 7 2535 998 2551 411 662 1100 443 1973 382 1565 2803 1403 2841 512 875 825 2416 752 243 2274 778 1006 745 566 2225
000812.jpg,924 1487 37 1471 2841 922 953 2677 586 1763 443 1082 629 1308 1891 1090 1916 1006 1723 2346 122 650 1703 475 2666 1363 411 1456 1288 1462 2535 1697 1188 2816 2216 325 1474 2043 761 745 2249 986 882 1605 275 1139 423 2179 123 1757 167 2810 594 1284 1502 281 2573 1488 1738 894 2268 1153 1570 2167 419 2150 2197 214 298 1687 2153 2171 750 2554 1400 2502 2494 459 334 2449 1371 2706 1205 327 1537 2678 2359 1184 1255 2109 2623 820 1671 1603 1032 834 1397 96 2768 1541
000813.jpg,70 2510 1753 1125 2777 2772 431 2077 2478 2561 1759 2757 1035 1839 191 1252 18 315 2015 1834 1390 2622 1165 1842 1557 2302 951 2663 2 601 2818 2161 767 1938 1443 2315 2686 2702 1747 1833 277 889 2685 2323 1980 522 1075 990 2644 2532 297 962 1801 1798 2667 1235 529 2496 395 1810 2624 898 714 1207 853 461 502 1334 1114 2471 688 249 2509 284 1976 374 1845 103 426 1012 1908 72 1558 251 702 1986 1333 211 2277 634 202 2242 2583 1137 1427 1511 1989 1107 2601 67
000814.jpg,2792 567 118 1791 1531 2065 919 1470 887 1354 2778 952 1769 808 998 748 975 2793 875 1585 2304 923 819 1210 1667 7 2416 1583 311 2349 2575 2328 1854 1851 2711 930 1271 2559 2658 928 25 151 2491 2618 982 515 1179 2729 382 778 513 1209 579 1657 2225 1977 9 528 2379 1578 639 1970 841 2647 1579 945 2682 1063 1651 517 763 1920 1770 2252 114 1154 2723 1211 2488 227 2459 492 1368 1367 566 2097 916 1239 2042 871 2310 2026 512 1566 1742 1528 816 380 662 1085
000815.jpg,85 2044 611 1319 2411 1656 2528 1644 2790 1624 2501 1934 188 1926 817 2817 987 312 943 635 2300 1405 221 1102 2832 556 1407 547 2082 2270 1386 2045 1584 2023 2755 258 1617 1796 1422 1993 712 463 4 1029 826 259 2544 2564 1569 283 64 1788 550 2721 2670 100 2545 562 2454 2034 1552 2800 1737 2419 1208 715 860 2307 2397 1328 770 2069 1045 266 2344 48 1146 1545 2837 439 1417 2631 2724 2076 1782 900 2358 1381 1983 1428 1092 1414 1369 305 74 659 2574 2241 2477 2676
000816.jpg,1781 239 2091 2794 2164 822 2311 525 2280 113 2232 2137 1248 49 654 245 252 1505 625 1356 1435 139 408 679 1282 2396 383 2173 192 356 1127 1506 1598 838 2070 209 858 1568 61 296 2669 455 1787 1262 449 2025 1141 216 207 27 225 1274 1780 1612 782 2053 1018 2632 653 1037 2236 1168 1299 1692 1472 1124 2062 1297 1293 643 89 131 580 805 1097 1026 1475 655 1022 31 1143 1048 2611 1755 1831 1216 268 1635 1011 788 1875 1647 1503 2531 2402 1715 1024 1140 159 806
000817.jpg,2049 631 530 2282 1518 446 2140 1604 1301 1290 2796 1237 1058 1981 1567 451 607 921 1909 2064 2596 662 1613 1017 1384 984 966 394 2660 2696 2257 2093 1673 1331 1614 813 1879 2392 2458 1554 1742 243 1396 1105 1370 2085 942 355 337 1002 487 2543 1705 1978 1681 2600 1495 908 1119 660 542 2782 1739 54 710 2664 2519 1893 1853 1000 2369 360 2005 800 1094 2243 2259 2697 1850 870 1142 2262 1621 2357 2251 50 774 678 2087 2006 1174 1455 1936 2417 2560 1676 2492 1791 1913 1794
000818.jpg,1721 1876 2809 1473 12 1056 2728 2291 574 1055 494 725 447 2766 2435 994 2294 2207 2708 1931 657 864 1944 608 2057 2719 1839 249 677 2683 1012 2438 1874 1223 1899 204 2526 526 1868 2323 898 251 2580 274 1197 1212 1406 1558 2220 1439 692 1075 1427 1801 627 431 2135 2825 2051 137 714 482 1035 1810 1557 2540 1798 508 2741 944 2644 1825 1892 2622 202 790 271 1881 1725 140 394 128 682 1590 1771 1501 2315 1677 1452 1940 395 1942 1334 1165 2292 2509 1408 2736 2089 2302
000819.jpg,2043 2810 2171 2816 2666 650 1891 1188 475 2346 1916 922 1723 1697 411 546 1221 582 285 6 1456 1763 807 37 759 2841 1882 468 122 1153 2643 1260 2313 1702 1284 1858 2167 1603 732 1090 820 620 1541 1083 1865 586 1797 181 956 1082 1308 443 334 750 1227 1006 1139 1761 829 1605 2677 661 1570 1696 1380 1953 2261 980 2268 2449 459 2502 1537 1250 2194 372 724 1884 938 594 214 1502 905 2514 2348 1397 40 2179 2387 1610 1171 298 1214 2168 973 2706 2410 38 629 2245
000820.jpg,1489 1710 1701 1417 860 1788 900 1617 197 712 1045 348 2241 1328 2836 2050 1663 2649 1870 2130 2289 1679 463 2454 817 1782 26 2011 550 1369 1437 925 433 1444 1422 1624 947 2375 440 1993 179 1381 1623 2817 169 735 1658 2769 1649 2790 1926 1545 1656 489 1208 2300 1407 2837 2538 1644 2707 2840 2528 2424 2515 51 2084 1486 1054 2767 1544 606 1319 480 1796 1386 221 2439 611 1983 2397 1029 2082 2826 1569 2419 2714 2034 134 1552 445 2088 305 2076 1934 559 2721 987 260 645
000821.jpg,2121 2509 1001 2350 1810 2583 627 67 1075 202 249 1012 1406 1212 725 2728 1944 447 137 165 1055 2825 899 2294 2741 2736 2766 2207 116 692 2135 1825 2558 1606 2719 442 494 2292 1130 2057 1126 204 2435 1874 2041 97 2291 1463 1940 1986 1841 1439 2683 2319 362 1223 574 1547 1935 2511 2258 2842 1088 2051 246 2305 2708 2143 677 135 338 1937 2295 2382 1725 1067 368 1899 1056 2809 634 482 1728 657 1076 1639 1689 24 2413 2438 2639 1197 686 2506 1931 1839 1597 647 426 1035
000822.jpg,1083 1702 2643 732 759 620 181 1260 1797 582 6 546 1221 2313 468 1882 2807 285 636 1318 807 1858 2476 2278 1188 1536 2425 661 1697 2194 2261 2168 476 42 1153 1227 1865 2043 829 2048 956 2816 2171 922 1603 2761 2810 1768 1761 820 669 40 1891 411 2678 1541 2263 1763 1723 1856 1560 1380 229 2111 45 1610 1696 1090 1456 905 1726 2167 894 2153 2666 189 396 2056 37 1139 2522 586 1916 2623 1032 1199 650 1525 2823 1283 475 419 2060 2346 443 1284 1064 2554 1914 2441
000823.jpg,2844 1539 879 1619 557 2460 1925 2139 2833 352 1982 299 1025 2092 667 1863 1366 2363 1660 1816 2371 2576 2633 2607 1480 264 1815 2455 1549 837 2484 273 2431 1009 1242 2063 2269 2226 428 969 867 1349 2797 2776 385 1122 814 2175 2385 2524 551 1814 2104 2731 2138 1159 2783 262 1735 741 267 641 2710 1571 888 1238 1509 127 1514 403 234 147 991 2100 1684 1373 2771 1572 1 2473 1589 913 1291 577 226 685 1630 2468 2399 1520 2403 2298 2727 1530 2541 342 2444 1360 891 17
000824.jpg,1506 1780 1141 2070 383 252 1356 858 1598 2311 625 1505 1168 1299 113 525 679 1435 1248 1829 1216 1140 654 49 2669 61 216 455 245 2137 192 2232 2279 1127 2025 225 822 1924 1781 1787 207 408 1262 1124 2794 1282 2396 2280 2164 139 1273 1568 1918 2470 1472 2698 296 356 2173 239 838 33 2053 27 1274 1037 209 1612 1692 2091 653 2316 2531 464 1024 1503 726 1026 268 799 331 402 131 1293 2765 1875 2742 1097 1706 344 1500 2690 391 936 2062 618 655 2611 346 430
000825.jpg,2045 2023 1584 2755 747 258 770 2034 1796 2545 1320 1029 463 1948 64 1096 2289 562 1569 611 51 1319 1416 2631 305 1552 1617 439 2735 2352 1640 1586 2130 440 2721 1895 1993 2837 100 2272 715 1636 1788 48 433 2732 497 2564 1544 860 2556 2836 161 1417 712 2050 1362 1045 992 2815 169 2713 1051 550 2650 735 547 2724 2076 1649 1782 2707 1701 1407 2652 201 1710 622 2419 155 1381 2628 2439 1316 606 2753 197 2454 85 1328 259 74 1897 2676 1422 2649 1627 2241 319 1208
000826.jpg,2669 61 192 2025 225 207 1787 2794 2396 654 49 2280 1781 245 2164 239 2091 525 408 1282 2173 139 383 2070 838 296 356 209 2311 1127 252 1356 1505 1141 1248 1780 2232 822 625 679 653 1435 1274 1506 113 449 52 2137 1481 2470 346 418 1568 786 455 1598 1022 290 1262 858 2142 2821 2244 2531 452 780 241 758 1465 389 1293 1124 1503 295 2053 1097 1216 936 363 2407 1024 806 1662 484 467 2806 1843 1918 268 430 2634 1299 788 2765 1168 53 2301 216 580 2285
000827.jpg,64 439 1496 1569 48 100 2721 715 1640 562 2272 2352 1796 1948 305 2556 194 1051 51 1218 2034 155 1261 1490 1096 2650 1416 2545 1453 2628 1316 1965 2433 1860 1993 2815 1636 2631 1584 1658 1381 2376 1840 2713 2241 1544 2836 2439 201 1782 169 2309 2837 2767 747 1617 1649 440 1422 712 518 2050 2289 947 563 645 1045 2707 2130 550 1054 1444 1901 1552 1328 260 1623 445 1586 1679 2755 735 497 2023 2840 2088 2826 1878 197 168 134 2011 161 2538 2649 2652 1029 659 433 2454
000828.jpg,2077 2478 2777 2772 1753 1125 70 2561 1759 2510 2757 2015 1252 431 191 18 2663 951 1834 1842 2 2818 601 1035 315 1165 2161 2302 1390 2622 1557 1839 767 277 2315 2702 1443 1747 1938 2685 2667 2323 2686 1798 688 889 1075 2000 1833 1106 485 1980 634 962 2644 1207 522 1869 1559 293 1235 29 2624 126 2072 614 1334 954 581 1114 1511 1767 1786 2409 1175 395 1306 1451 1137 1361 1333 1951 1810 1257 1989 249 1801 103 646 2653 67 2583 990 2759 714 589 1012 297 2656 1323
000829.jpg,390 1967 1635 1050 1715 999 314 726 1755 1648 331 2715 1293 1097 805 2406 159 2053 1475 2236 1756 580 326 1822 655 1143 1317 2765 1037 1024 799 1124 31 1118 1011 1395 1273 430 1297 1140 1568 927 1789 89 2531 1831 464 1655 467 1503 1378 1706 2062 2687 1039 2698 786 2505 2465 484 389 1022 2059 1026 2402 268 1216 2693 758 1918 2301 1662 1274 1647 2407 1692 806 452 1262 721 1972 653 478 780 1281 363 2634 1932 1275 1875 241 2142 456 1929 1303 501 1187 1730 2285 1062
000830.jpg,1096 1416 1948 2815 2272 1362 1860 1965 2352 1636 1584 439 64 1496 1569 1316 201 100 48 2721 715 2556 562 1897 1586 497 747 2034 1796 51 1490 2241 194 1617 305 1552 1640 712 1051 155 2713 563 2046 2309 1658 659 1319 1381 2650 1993 2289 611 2433 1218 2755 2545 260 547 445 1422 2088 2376 1045 1453 1901 645 2631 2826 2732 2836 1328 900 168 2130 2628 770 258 2553 1878 2840 992 1782 440 486 2011 1544 1148 319 2419 2023 2050 550 1623 2076 2082 1046 556 674 1029 188
000831.jpg,2609 2843 937 257 288 1455 1516 1731 1138 2613 1871 1894 2341 535 253 336 1498 1800 2377 1527 1645 1466 248 2331 338 742 1546 1779 1385 811 406 410 2219 519 2145 186 605 648 1133 709 1454 538 773 2763 800 843 1526 1131 730 673 1079 434 1110 2151 544 2196 1850 1794 2102 1634 2697 749 365 1142 2364 821 1424 2519 1419 1007 2549 392 678 2243 2788 1783 1670 2087 1707 1992 2299 593 855 112 1068 1379 717 1040 301 1309 435 94 610 1243 1966 2140 1325 1573 2095 2560
000832.jpg,1038 1754 2421 1041 1949 13 1272 2520 323 2210 640 1049 377 932 839 698 2671 2578 828 1521 2047 955 2032 1189 56 370 865 2083 933 1337 1374 672 1668 2828 2602 1910 2539 1429 2798 2428 2629 729 2221 1249 123 2031 1477 1255 536 1329 2038 2120 986 964 2387 1431 36 1070 2335 2640 882 743 121 569 1757 1588 2117 733 1132 866 340 2150 2267 429 1553 2668 2380 176 979 193 901 2333 988 332 555 680 2839 142 2423 21 2029 1033 500 2786 878 432 1430 1256 289 1399
000833.jpg,1766 2725 1889 2464 509 2404 609 2115 1515 957 2457 1696 244 844 5 1616 744 1477 2448 2128 214 1139 1602 1953 1426 592 2348 1866 1326 2014 2751 1556 375 2124 498 1171 473 425 466 1214 163 1061 2109 388 22 2567 306 2366 909 1637 1744 1802 2351 1199 752 1661 2706 2169 1605 941 2726 1591 2502 2841 1365 40 1960 2162 1904 1596 270 2572 84 2141 2048 1283 43 2508 1610 2188 1768 2507 807 582 1757 882 189 106 2168 2152 2354 2060 123 2591 1188 815 1987 1858 229 1032
000834.jpg,1083 1702 2643 759 732 620 181 1260 1797 582 6 546 1221 2313 468 1882 285 2807 636 1318 2476 807 1858 2278 1188 1536 2425 661 1697 2194 2261 2168 1153 42 829 1865 1227 2043 476 2048 1768 2761 2171 922 1603 40 2816 956 1761 2810 669 820 411 1891 1560 1763 1541 2263 1456 1723 1610 905 2678 45 1380 1696 894 2666 1199 189 2153 229 1139 396 2060 1032 1090 37 419 650 1064 2522 1284 586 1960 2111 2167 1525 2554 122 1364 1916 2056 2386 2627 1283 1726 96 1856 1251
000835.jpg,807 1260 1865 1603 820 372 1858 759 285 2313 6 468 1153 546 582 334 1541 750 1221 1761 1227 2194 1188 2643 669 2387 829 2261 1697 476 1702 620 661 732 1882 2677 956 1797 1083 1610 629 181 411 1284 2168 2476 281 2425 1456 122 1560 980 1884 2823 1015 298 1199 1696 922 229 454 2726 1084 1744 636 1285 2118 5 2162 40 2807 448 2303 1570 2627 609 396 1139 20 1891 244 2278 1286 375 167 1844 1515 1911 2115 2791 2666 650 1032 2167 973 2268 2060 2457 163 1723
000836.jpg,1588 1132 121 988 193 569 2090 536 680 1431 36 2117 1268 2333 733 866 1886 500 1499 1492 2078 142 802 1699 1553 429 1236 1430 878 1053 2267 555 2217 1793 2380 2415 901 1890 2029 868 1256 427 554 2668 1033 1888 176 2743 2786 2568 1562 332 1393 289 417 340 597 1686 21 743 2227 1418 979 2451 886 2384 1065 681 62 2108 1038 302 213 359 199 2423 24 2024 1398 1333 2671 634 63 571 2430 1685 2520 1228 2143 361 1785 1272 432 898 1804 2421 1374 292 1668 2210
000837.jpg,431 2510 70 1035 1839 2561 1753 1125 1759 2777 2772 2077 2478 2757 191 315 1165 1557 2622 1390 2302 1252 18 1834 2 951 2663 601 1842 2818 2015 2686 1938 767 1747 1443 1801 1833 889 1075 2644 2323 2315 277 395 2685 2277 1263 1548 2702 1501 2161 783 1394 72 2249 1219 309 2532 1197 529 1976 2496 461 1267 1986 944 1810 1423 962 2299 2661 915 1884 400 1798 1333 1906 677 856 980 2483 269 576 2514 128 202 417 1980 637 792 2089 1931 156 597 614 1511 2245 1750 954
000838.jpg,2252 916 2682 1651 1977 1179 1063 2491 1583 1578 2328 227 2042 841 2647 1579 1920 639 945 2310 1770 114 2723 887 982 1211 9 998 517 763 2097 2225 1769 819 1667 2110 748 1470 1531 1585 919 2379 2729 928 1657 1368 2575 1851 1367 1239 2349 952 1791 118 930 512 2792 1528 2026 1970 1354 778 875 2778 311 579 515 1566 25 2488 2459 382 528 1210 7 2416 2660 1854 1154 566 1331 567 1879 2793 1209 1673 492 394 975 2065 1614 513 664 923 2711 2559 2658 808 11 2618
000839.jpg,84 2152 941 2502 1605 909 2141 1139 2348 1866 214 2706 1602 244 1953 2841 1987 815 2677 1696 398 2115 1371 183 629 1280 1616 2623 1525 2572 1365 1198 2263 2503 45 1064 106 2678 2522 1084 236 2056 744 1927 2303 851 2608 1364 1113 189 1960 2760 171 621 2182 396 96 1458 2386 1032 1251 2203 1171 117 1199 2060 2831 40 481 957 1184 1214 509 2705 1659 1205 2761 2567 924 2197 298 1632 1726 2116 2751 1570 785 2494 22 2554 609 419 1144 2457 2030 959 2401 275 894 1979
000840.jpg,1993 1617 1422 1045 550 2241 712 1663 440 2050 735 2631 2840 134 1328 1552 2130 463 197 51 518 2454 1444 2289 947 445 155 169 2011 305 1623 1710 1788 900 1782 1679 1369 2649 433 860 2707 1489 259 2375 480 1895 2837 260 1417 2836 562 1878 1840 179 1544 1381 1658 2826 2439 645 2538 635 1636 1640 2088 1029 221 2082 2769 2270 1405 312 563 556 925 2650 2133 1054 2721 943 977 613 1486 1934 2544 26 1926 348 547 2424 1796 2714 1569 1407 1202 1701 2832 987 2790 826
000841.jpg,2093 1879 607 1518 631 394 2049 1981 2796 2140 1237 1567 530 446 1058 1301 451 1290 1604 2282 1017 2596 1909 2392 921 984 662 1613 2064 2660 966 1384 2357 1906 2543 2085 2458 1119 1495 1978 942 1002 1705 1331 908 1614 2600 1673 2696 1676 2262 487 2257 337 1681 852 1742 355 243 1396 2369 1621 1105 1554 1645 186 2664 1000 54 1894 1739 1455 1370 1893 813 1546 1800 50 710 320 2782 1695 542 1516 2609 288 791 1239 1853 1508 2341 1871 151 2559 660 709 742 1138 360 2618
000842.jpg,2320 1149 2533 293 2172 286 29 2756 2673 967 2021 754 2638 1804 2408 707 1689 1728 213 426 2024 1719 1597 2143 2430 24 634 2354 91 2615 1478 1231 1448 1265 2295 2413 739 1849 119 558 2235 1296 1269 757 1383 1533 135 792 2472 80 184 1984 218 1722 1867 2566 2296 1529 1312 2390 232 520 424 2787 19 1945 1733 853 2224 2744 1535 983 529 1996 364 789 2260 376 240 646 1693 2281 1091 2054 1513 2644 962 2190 1818 1847 540 695 1743 2827 564 1798 926 291 766 39
000843.jpg,79 2068 2665 722 1067 2511 1547 246 2842 1134 1463 97 2305 116 204 2741 2135 1212 1935 137 2041 350 899 1606 2294 1055 2580 1868 725 1944 686 2728 1452 140 442 12 2766 692 2292 657 1473 508 2319 165 494 2719 1130 2558 2207 1076 790 1006 1825 447 2736 1126 1998 1841 677 1962 2809 1892 1940 2506 2708 2435 1899 627 2589 67 1881 1986 1886 2625 2057 2583 1771 1056 994 1027 1677 359 362 2037 1876 1474 1931 2535 2825 1408 745 2286 574 1035 1088 2055 1173 1721 792 1874
000844.jpg,1752 1545 1146 2389 59 312 987 2832 635 1405 85 556 4 1934 1102 221 2501 2082 2270 626 1386 1624 1407 2790 943 2411 188 547 2300 1656 2044 1926 826 2528 611 1644 2367 2817 1202 2069 1737 1319 817 1422 950 613 1552 2840 1617 463 550 2544 2133 259 2241 1993 2631 900 1316 2424 440 445 1636 283 2088 2556 2011 1878 1045 735 2826 1328 712 518 977 260 2289 1983 563 2076 2312 1029 1190 1468 2419 2050 266 2477 480 2375 1208 1486 2397 1444 155 1437 2836 965 947 2130
000845.jpg,835 284 1908 1254 1512 1310 65 1107 702 1830 931 903 1114 848 768 1767 1340 2388 1720 1608 1821 2471 2601 250 1845 990 1975 502 1235 2624 578 684 522 126 297 688 103 2276 1323 1186 2667 2314 1413 1391 1839 1570 395 767 2323 1035 298 2644 1232 277 2494 431 1285 1458 2510 2620 2496 1922 1184 1397 1144 1080 851 1015 2677 973 962 543 2302 1537 1557 117 1502 690 1165 529 1113 423 398 1075 1738 40 1884 907 980 2503 1400 594 420 1687 2502 783 1916 1641 1801 2561
000846.jpg,1710 1701 1489 1417 860 1788 2840 900 433 197 445 2289 2375 1328 463 2011 1552 1624 2707 1617 1437 712 259 1045 2241 2130 606 1679 348 489 1623 2084 2424 1208 1422 817 2397 611 1319 1444 2769 987 2836 2826 645 2454 2082 2515 312 675 1895 2538 1934 1656 2817 550 1926 1870 1663 1029 2050 169 1486 440 1386 1993 2270 947 2300 977 1983 635 188 970 2528 2790 1782 1878 221 2649 556 1307 2767 2076 547 1054 2411 2753 1381 480 161 2439 2646 2652 134 2724 26 2714 319 622
000847.jpg,571 1065 427 2415 2217 1793 901 2568 555 332 1256 176 2029 868 417 554 1686 743 2743 340 1890 429 2668 1393 597 1033 1553 2786 1888 1430 2227 1562 1418 886 289 2267 2380 979 2423 21 1699 62 2333 361 1398 2108 142 2451 878 1492 681 1053 1236 802 2078 199 2384 302 292 432 78 2671 2117 121 193 1431 988 569 2090 536 36 1886 893 866 323 1272 2421 1268 500 1132 1588 733 2578 2032 2520 56 1041 1038 680 933 2210 377 13 1754 1499 640 828 1429 2387 2047
000848.jpg,1096 1416 1948 1584 2815 2023 2045 2755 747 2272 770 258 2034 2545 2352 1796 1965 1860 1636 64 2713 1569 1316 201 100 1051 1362 1496 2721 715 439 2556 48 1218 562 194 305 497 1586 1320 1640 51 2376 1261 2309 2628 2433 1381 155 1658 2046 2836 1897 2241 1617 1993 1544 1782 712 2650 1649 860 1417 169 2289 1045 2837 992 947 563 1054 1328 1679 2130 440 2767 1490 1029 1840 2439 161 2088 2050 2631 1788 1623 2707 1444 550 1552 1895 2454 463 2735 260 1489 173 817 1369 735
000849.jpg,1617 1422 1045 1993 1663 550 463 2241 712 197 1710 2130 2050 1489 735 2840 2011 1417 440 1328 445 2454 860 1701 1788 2289 2649 1444 2375 179 1369 947 433 2836 1782 1029 134 169 900 518 1552 2631 1679 51 480 2707 2837 2769 26 1870 1623 348 925 221 1658 1640 155 305 1381 2714 635 1934 489 2082 2538 2832 562 2133 2790 312 2397 556 2826 1624 1656 1407 1486 943 2817 817 645 1926 260 2270 1102 1405 1544 1437 987 259 563 2439 1983 1386 2767 188 611 1054 2411 1649
000850.jpg,1539 2833 299 2139 2844 264 2092 2455 2576 2063 837 1982 2484 352 1009 2269 1549 2371 1122 1815 428 667 1925 2797 1619 273 1242 2776 1814 1589 879 1159 969 2226 1025 1735 2460 403 2175 557 1349 1863 2731 1366 2524 2104 2633 1660 2607 2710 1816 267 551 1571 891 867 2385 741 234 17 1480 2403 888 262 1291 1572 2100 2431 913 1514 147 1 1238 2363 2473 846 2138 1622 641 1684 127 2486 1520 1338 600 2412 385 1509 1988 1618 573 2185 2223 2399 1698 2094 2189 642 1059 317
000851.jpg,2792 118 1791 567 919 998 2065 2778 1354 952 1769 1583 1531 808 1851 930 1470 928 887 748 1657 2729 975 2379 2225 2793 2304 1063 923 875 7 2711 1585 1854 778 382 1210 982 2328 2416 517 1667 819 311 2349 1579 1970 763 2491 515 841 9 1179 579 1977 2252 2575 2559 945 1578 1271 151 25 639 2682 2618 528 2658 114 2647 227 1209 1770 2723 1651 916 513 1211 1920 1154 566 2042 2310 871 2459 492 2026 2488 2097 1368 512 2361 1528 1239 1367 2081 2829 1819 177 72
000852.jpg,493 976 2174 1196 1034 366 1234 2672 1279 1861 1358 2374 859 1930 2004 2418 1792 1580 57 1758 280 1947 133 2461 2125 570 746 210 797 548 1276 793 2327 1765 1724 1664 2456 1665 1575 2838 1859 756 1392 2184 2330 689 2186 1375 294 1072 583 2694 588 1497 1776 1081 2229 1086 158 2541 242 720 228 801 1193 421 2739 1191 1457 2206 880 2321 2662 1877 263 857 687 1887 1043 2123 2703 885 1675 842 1551 2332 170 2590 1432 2581 2548 798 2659 1030 2039 2198 2356 1539 1542 2187
000853.jpg,453 2163 760 401 1628 461 1872 1233 380 73 437 981 1599 477 2074 99 823 399 1510 2055 1145 2679 595 1163 2122 1903 2829 177 1976 816 141 1085 2655 694 1784 2587 208 731 1717 2098 1047 2469 1023 1160 2747 612 2126 2009 2636 460 72 174 172 2452 2775 164 2722 1415 156 2274 1241 1906 2577 1682 1688 1808 1089 2642 1155 1404 1504 1100 1436 2537 2218 2355 222 2691 144 1321 755 850 1479 1098 599 2156 2446 2645 2512 1305 2362 2342 320 1263 2071 2432 1911 1817 2750 897
000854.jpg,956 1882 285 2194 1153 1227 1541 661 829 1221 546 2261 1603 1761 476 669 1697 820 582 372 334 750 2387 6 807 2677 629 2168 38 1188 1260 281 2823 1911 1797 759 732 2313 620 1380 2167 468 2643 2425 1865 922 411 1858 2476 1995 1083 1318 1456 2678 1560 122 181 2197 1702 636 2080 1536 796 1267 37 1570 84 2572 2807 1462 762 1387 2623 1057 448 115 45 905 986 1757 1336 882 1400 2278 941 1866 2043 1084 1371 1280 2706 724 2514 973 650 298 1013 1891 1315 2761
000855.jpg,2045 2023 1584 2755 747 770 258 2545 1320 2034 1948 1796 1416 1096 1569 2272 64 2352 715 100 48 2815 2721 2713 1051 439 1636 194 2556 2836 1649 201 562 1640 51 1316 305 1218 1496 1261 2628 2837 1617 1417 1782 2767 947 169 1965 161 1860 1586 1381 860 2130 712 2289 497 1328 155 1993 1658 1045 440 1054 2707 1444 735 2433 2241 2050 1895 1544 1029 1788 2376 1663 1489 2649 2454 1870 1679 1710 1362 1369 463 26 179 992 173 2631 1701 2650 2046 1623 1407 2439 433 550 1897
000856.jpg,2669 61 192 2025 2794 207 1787 225 2396 654 1781 239 2280 49 2164 2091 245 525 2173 408 1282 139 838 383 2070 356 296 2311 209 1127 252 1248 1356 1505 1780 1141 822 2232 1274 625 679 1435 653 449 1506 2137 113 1481 52 418 455 1262 1568 1022 346 2470 1598 858 2244 452 786 2531 2142 290 131 268 780 806 1024 2806 484 467 295 1378 758 1475 1465 389 1875 1503 1843 1037 2821 2236 1124 216 2059 241 1932 2765 1216 2053 1662 1275 1168 1299 464 1789 1706 2687
000857.jpg,629 2677 1462 1113 851 84 882 2572 1371 941 123 1757 2494 986 2152 1144 40 2359 275 1605 1960 594 2150 2502 327 1616 1139 1687 1661 244 2706 482 2115 2678 1987 909 423 1477 1949 1198 2421 1184 2571 281 2620 2203 1659 1255 214 1866 1696 298 762 2348 1400 1927 1365 750 1922 106 815 690 1602 1603 1263 1205 96 856 2197 104 509 2216 285 2303 1199 334 189 1032 1171 2109 117 2567 300 1738 2141 474 1458 2623 785 1570 1084 2089 1502 2194 1336 796 2060 1541 2386 1979
000858.jpg,2449 1671 2535 8 1474 325 745 1006 443 1082 1308 1090 586 1763 37 922 2167 1456 459 1697 2706 2268 1284 122 411 1188 1380 167 1250 724 2313 1322 1661 1817 20 488 2222 624 2593 2118 2573 2841 946 980 2216 2816 1911 1881 938 2463 1015 468 2831 1750 1709 110 1884 2452 2293 924 1550 1610 2567 915 1263 1352 1995 2483 1206 2623 136 2410 111 2432 1858 1674 1267 650 1891 2245 38 2003 1371 396 2645 905 2514 1173 703 2086 2355 2156 1666 2726 1723 1423 1933 973 1537 1333
000859.jpg,2152 2502 84 1605 941 2841 40 1139 2706 6 2677 909 2348 1221 214 1198 2303 1184 1659 117 298 1891 285 244 1866 2203 629 1602 2494 327 582 2141 2263 546 1113 1979 1371 1687 1987 1960 1502 924 1570 2572 1696 2678 1882 1205 1537 1603 1525 815 2179 1400 1922 2620 2623 1726 106 851 594 1738 690 1953 420 807 1397 2030 1616 1080 2109 820 1171 2768 148 275 510 973 2115 1084 22 1488 1083 2791 2726 2573 2567 2162 1541 1661 1199 1280 1927 23 1632 448 167 1214 1723 205
000860.jpg,1718 186 1894 1385 519 773 406 1779 2145 2763 742 1992 1007 1479 320 1645 1871 1682 1707 1516 1387 1138 2102 852 2219 709 1731 937 2318 1676 2420 1526 2613 2262 257 1200 1800 1442 2377 1455 1527 535 1969 1511 2341 1325 392 2331 434 288 301 544 410 1546 2516 1002 253 796 908 1079 1978 605 568 1783 1495 1119 336 1131 338 984 893 1911 1068 365 1670 2299 248 730 2600 1794 1548 302 1419 2549 2730 78 2543 1454 2085 2364 1621 1309 1398 2151 1005 946 811 2243 1498 2469
000861.jpg,2045 2023 1584 2755 747 770 258 1320 2034 2545 1796 1948 1096 64 1416 1569 2352 439 48 562 2721 1640 51 2272 715 100 1586 305 2631 1029 1051 2289 1636 161 1993 1895 497 2815 1617 463 2556 2837 2836 2130 611 1319 1788 2713 194 1417 1552 1649 2735 155 440 1544 1316 860 2628 169 1782 1381 2767 1362 712 433 1045 2650 1710 2564 1897 201 1218 1496 1407 992 2732 2439 1965 2050 1261 1701 518 735 173 1658 2707 2241 947 1328 550 622 1860 2454 319 2046 2287 2652 2649 2538
000862.jpg,1801 2277 529 2644 395 2323 962 1798 1334 1230 572 1561 465 853 2759 1197 1683 1631 2579 1898 2504 2242 374 803 540 714 2409 789 101 545 1427 898 1087 499 1558 328 2238 1207 1394 364 251 1928 766 407 2040 2381 1166 581 737 1093 2072 2542 989 783 1306 617 589 1900 341 240 1175 436 1883 485 215 614 2540 1035 1346 1951 1137 483 1091 1839 1996 1361 658 646 1590 426 2489 1689 754 727 1300 2114 895 2000 1451 1389 2054 93 2547 1597 2113 2561 2295 1353 777 291
000863.jpg,377 2578 828 2798 2629 1429 2539 2428 2520 640 729 865 1668 2221 2602 933 672 2828 1374 2210 2031 13 1754 2671 1272 2120 1070 1038 2421 1949 964 2038 1041 323 1337 2083 2640 1249 358 1910 1399 2808 1329 2335 1952 1266 1764 2047 2570 370 1189 2839 56 2032 1049 2795 1477 698 1255 955 979 2786 986 932 176 123 2451 1033 1757 2227 340 2668 536 2572 2423 1525 882 289 1431 121 1521 2384 21 1256 2678 554 2743 1084 2387 1686 1393 2263 36 743 569 193 571 988 292 1280
000864.jpg,924 1487 37 922 1763 2677 586 629 1082 1090 1308 2841 443 1471 1916 953 1891 1006 650 475 1723 2346 1462 2666 122 1456 1703 1697 2268 1363 275 411 459 2535 1288 281 1188 2167 325 2216 2816 334 1474 1153 2043 745 1284 123 1570 423 750 1541 882 986 2573 2706 2359 167 285 820 2179 1757 298 1537 761 2249 1603 1502 1605 2449 84 2150 1205 2171 1400 1255 1221 2810 1184 2623 594 1139 372 1371 2502 2823 1687 796 396 2194 1738 1882 8 2572 2494 327 1488 2197 2222 2554
000865.jpg,1752 1545 1146 2389 59 312 2832 987 4 635 1405 85 556 1102 221 626 1934 2082 2501 1386 1624 2270 943 1407 188 2411 2790 2069 547 1656 826 2367 2300 1202 2044 611 1644 1737 2528 1319 2817 950 1926 613 2133 1422 1552 1636 1617 550 440 817 1316 283 2241 2556 1983 2544 463 2419 2424 735 900 518 1092 259 977 1878 2148 1045 2631 1993 2840 712 2477 2088 2289 1029 266 260 2050 445 74 169 2076 2130 2397 2574 155 1208 1468 2836 2837 480 947 2538 2826 563 2724 2312
000866.jpg,835 1908 1512 1254 284 1310 65 1107 702 1830 931 1114 903 848 768 1767 2388 1340 1608 1720 1821 250 2471 1975 2601 684 1845 990 578 502 2624 522 1235 126 297 2276 688 103 1323 1186 2667 2314 1391 1413 1839 1232 1458 1570 395 431 1035 767 298 2503 1285 2644 2323 2197 2496 973 1015 1922 398 1080 2510 2302 851 2620 277 543 2494 1165 690 1184 309 45 529 1400 42 1144 400 1075 2056 423 2677 1687 1537 2278 962 1064 1217 636 1502 1557 40 117 1113 447 1397 2509
000867.jpg,2178 2066 304 1213 2113 1389 2546 2022 1019 1115 63 1228 1333 1785 1685 545 954 182 1394 149 1760 1712 614 1175 1951 485 1300 1306 1137 1161 2072 1361 658 1207 589 727 1257 1559 1106 1971 2000 2249 1786 1087 714 1798 1451 2787 1558 2504 898 1883 2040 737 101 341 962 374 251 1230 1743 215 1166 1298 1353 1693 803 1561 2238 364 1343 1801 2827 572 2656 2759 436 581 395 766 2149 132 1513 2323 328 2381 983 1773 2644 499 1900 2242 1928 529 2016 989 695 2277 2409 2542
000868.jpg,2512 222 2218 1504 1436 1305 2362 850 2691 1052 2355 2750 935 2096 836 2645 2071 1790 1098 1321 1933 2201 1638 2156 2450 2432 1736 2342 755 1709 1806 897 1621 796 1911 2593 144 612 1023 141 401 2679 2452 2420 380 1085 453 2163 177 2074 2122 461 2829 2446 1082 816 1308 1628 2535 1006 1903 1047 599 2627 2098 2055 73 2747 399 981 443 2587 437 477 586 2449 745 1599 396 595 1090 1145 2274 1671 37 1233 1387 1163 1808 1510 1474 823 325 2296 2318 8 1764 2167 760 2437
000869.jpg,767 277 1938 1443 1833 2686 889 1747 2496 2702 2532 1989 211 1460 369 1753 2777 2315 1125 2478 2772 2077 2510 70 951 2302 315 1980 1165 1759 431 1834 2757 2561 2818 1557 2 2685 2015 1252 1390 2663 191 18 2622 1842 1035 1839 2323 1333 990 2624 2022 297 63 500 688 1845 374 601 997 1137 1413 714 980 1884 103 1793 1235 126 36 1605 395 1801 898 1023 988 2620 461 2245 72 1047 149 2098 733 522 2507 1767 1593 569 1263 954 401 167 20 803 1019 1087 1213 2829
000870.jpg,1742 1370 1554 243 813 1105 1396 355 2696 2257 1673 1331 1614 921 2064 337 1384 2458 2660 2282 966 487 1681 1495 1290 2085 662 942 2600 1613 1705 1017 1909 2049 1518 631 2782 660 2596 1002 2543 530 2259 360 2140 908 446 1567 1237 542 54 2664 1604 1739 1301 1893 1981 1058 984 710 451 2796 1000 2369 1853 1978 607 2392 975 50 151 1271 1879 394 513 2793 2336 2803 1946 1695 7 301 1565 852 2711 2405 2299 1676 2416 2262 1031 988 2005 1287 1263 1968 193 855 2251 1322
000871.jpg,631 1518 2049 2282 530 1290 2796 2140 446 607 1604 1301 1058 1981 1237 451 921 1567 2596 1909 2064 1017 1613 662 1384 984 966 394 2392 2660 2458 942 2085 2093 2543 1879 1673 1331 487 2257 1705 2600 2696 1614 1681 337 1495 1742 1002 1978 908 1119 243 2262 1554 813 1396 1105 660 1676 355 2782 542 2664 1739 852 54 1370 2259 360 1000 1853 1893 710 2369 2357 1906 1455 1695 50 1581 1094 320 2405 1621 1850 2243 2251 749 2680 678 2560 1508 800 2636 2492 435 1794 151 2087
000872.jpg,2769 1870 348 26 2454 2649 925 2538 480 1369 179 2714 712 550 2050 2130 1788 518 1417 735 1045 860 1422 445 1710 2289 440 433 2840 1617 1489 1701 2011 2631 1172 161 1029 197 2088 2375 463 1552 1895 2676 260 2650 1328 645 259 64 2574 562 1993 1983 1640 51 2544 635 2044 2724 305 168 1569 524 2707 2826 977 611 1208 439 2721 1054 134 2652 1092 563 1190 2241 48 2352 970 826 2148 1948 2564 900 2069 1253 2358 1319 1623 622 2419 2732 2344 1624 2670 1796 2397 2337
000873.jpg,2677 629 882 1757 123 986 2150 1462 1255 423 281 275 2572 909 2623 1866 2359 1371 214 1184 2494 924 334 84 941 750 1144 1280 1487 1113 1541 1084 1365 851 2197 2387 1139 2348 1198 907 104 1922 372 2245 1882 2678 594 820 327 2141 1603 1525 396 1502 1477 1406 1400 1687 1641 785 2179 1263 1738 2115 946 2493 1205 2841 2823 1616 2263 2030 2203 956 186 1605 1080 2627 40 1659 839 474 1602 932 2688 1987 167 351 117 448 2425 2502 2216 244 1199 270 1197 490 1953 1979
000874.jpg,2263 2678 1525 1726 2572 2623 2386 1960 1371 1280 40 2116 1198 2448 851 762 1880 1083 1084 592 2807 2522 45 2056 636 2571 1170 300 2720 644 1199 1802 2278 2048 1768 1702 1632 1251 1364 2562 1318 1536 620 1596 1064 732 1856 96 1336 2141 181 957 1013 1458 949 2160 2761 2591 2188 2441 2503 106 2203 189 183 419 1315 1616 2111 894 2079 2153 2182 2688 398 2831 1696 387 2760 1400 1927 1113 2554 1032 2498 844 2737 327 2442 971 335 84 2705 171 621 1004 1283 2608 1139 1987
000875.jpg,483 1749 240 789 1353 2784 1300 2579 16 1883 2555 374 1801 376 2759 1672 2277 576 1483 1447 646 2644 2540 1469 44 1727 529 540 465 2504 291 2058 251 1178 803 1230 1451 1427 1798 2437 2238 1836 395 766 2323 328 101 962 1091 2054 1334 2381 341 2547 1361 2000 572 1631 1996 1087 1900 2242 2040 364 824 1513 1898 1161 1137 2072 1207 1559 777 545 1277 132 1847 2785 215 1394 499 1176 614 695 436 714 2700 2190 1561 1535 1971 737 407 88 2202 2317 2249 1257 1106 581
000876.jpg,1096 1416 1948 2815 2272 1965 2352 1860 1636 1362 1316 201 1496 2556 1051 1584 194 1218 2721 2713 1569 64 1796 562 439 1261 715 305 2309 100 2034 51 48 497 1586 2755 155 2545 747 1897 1640 2628 2045 2376 2241 1381 1993 1658 2433 2023 1617 712 2650 2046 563 2836 260 1544 1552 1782 2631 2289 1901 1490 2826 2454 258 1328 2767 2088 1045 169 1422 947 1679 2837 319 168 231 2439 1878 1369 1623 992 1148 2130 2707 860 1453 900 550 1444 1054 2649 445 518 1840 2050 1029 1895
000877.jpg,631 2282 2049 1518 530 1290 921 446 2140 2796 1604 1237 1981 1301 1567 2596 1058 2064 451 607 1909 1017 662 1613 1384 984 966 2392 2660 394 2458 942 1331 1673 2085 1614 2696 2543 2257 337 2093 487 1879 2600 1705 1681 1742 1495 1002 1978 243 355 908 1396 1554 1119 813 1105 1370 2262 1676 660 2782 852 542 2259 2664 1739 360 54 1000 1893 1853 1621 2357 710 2369 1906 2405 320 1695 50 2420 1322 1200 1321 1271 905 151 2156 1094 666 855 1455 1850 2410 2463 2318 678 2483
000878.jpg,536 121 988 193 569 2090 1132 1588 680 1431 36 1268 2333 2117 733 500 1886 866 1793 901 802 1492 142 429 2217 1553 1699 2078 1430 1499 2415 555 1256 2668 176 2029 2786 1033 340 1890 2227 878 1393 332 2743 1562 427 2267 1065 1053 979 554 868 886 1418 1686 571 2568 2108 1888 597 2380 417 432 2384 1236 289 21 199 62 1038 1398 323 743 2451 681 1329 2578 302 361 377 2671 893 2421 1374 1041 1049 1249 828 2335 78 2839 729 2423 1754 933 865 1910 2520 292
000879.jpg,2267 1236 2380 1492 2078 1699 142 802 1430 1553 1886 429 1053 555 2333 2117 868 866 878 1431 36 2217 2415 1890 427 2568 743 1888 554 733 1256 1499 500 2029 901 176 1793 1588 289 2423 680 1132 2668 1033 1562 2743 21 332 2786 417 536 681 988 193 361 121 2227 340 62 1393 1686 597 302 292 886 2451 1398 1418 2108 1065 199 78 2384 893 569 432 979 571 2090 2387 2224 1406 2671 2221 249 323 1041 2032 2047 1012 2038 1038 2421 2324 1268 123 1243 2072 2539 2299
000880.jpg,1944 1055 2728 2294 2207 725 1056 165 2558 1825 447 2766 2825 1130 692 1940 1126 2741 2292 2736 137 2135 1212 1986 2719 116 442 2319 204 899 2842 97 1606 2041 2506 1463 2305 494 2057 1841 1547 2511 1935 2435 686 1134 2580 1899 1962 246 2258 790 1067 146 2291 1874 362 2068 647 574 2813 2248 722 1223 2665 657 1452 2382 1464 79 1076 1937 2683 1868 140 2708 1639 2639 2286 2393 1185 948 1777 1408 677 1473 1942 2438 12 1677 1892 271 682 491 1721 1439 2625 1771 2037 994
000881.jpg,1179 2328 2682 2491 1977 1651 1578 639 2647 841 2252 1579 945 1063 1920 1770 887 114 2723 916 9 748 819 1667 2042 1470 227 1585 2575 1531 1769 1583 982 2097 2310 763 1211 1528 998 2225 919 2792 952 118 1791 515 1354 2778 2459 517 1851 930 2349 567 1154 311 928 2379 1368 2729 875 579 2488 1367 1210 492 2065 566 2304 2026 2416 1657 1239 923 2793 512 25 808 2559 975 382 2618 778 7 528 1854 1566 2462 1209 2711 1970 151 1643 2334 2081 1819 2658 513 1402 910
000882.jpg,2210 13 640 2520 1272 1754 2421 1038 2671 323 1949 1041 377 2578 865 828 1189 2047 370 56 2032 2798 933 729 1374 1337 2602 2828 2083 1049 1668 672 1910 2539 1477 1429 1329 2839 2629 2335 2221 2428 2570 2387 2640 536 1952 1793 2795 1764 2808 1431 2031 36 432 121 2415 2568 2038 2380 193 901 1266 988 571 2120 372 332 2668 1070 964 429 569 1188 2090 1399 2108 820 427 2078 1065 1553 680 1227 411 1132 1588 1562 1249 2117 743 1697 2029 829 839 285 340 698 2677 1236
000883.jpg,1569 715 100 64 439 48 2721 1640 562 1796 305 51 155 2034 2545 2650 1993 2631 1496 2433 1584 1490 2556 2272 1860 2713 1453 1617 1840 1658 1381 1948 2376 2352 2241 2628 1544 1422 712 169 2836 2439 1636 1045 2837 1782 2309 194 1096 2050 201 1316 440 1051 2130 1218 1965 1416 550 947 1328 735 2815 518 2023 2707 1649 2649 1261 1444 2454 2755 563 2289 747 168 1369 2045 2826 1623 260 2538 2088 1054 134 1679 2767 1878 645 1029 1552 2714 900 2769 259 445 2011 1586 1870 1901
000884.jpg,2000 1451 2054 1361 1559 727 2787 614 589 658 1137 1951 2072 1175 1306 1207 646 1106 485 1786 1257 1971 1558 1353 1087 714 1798 483 1300 16 1483 376 44 240 2656 789 1447 1672 2784 1749 2149 293 1334 2540 1469 291 2409 76 2644 1535 1357 2579 832 1178 1230 1389 1115 1693 1197 374 962 898 576 1019 2437 803 1346 63 1091 751 2323 1801 1836 395 251 1883 581 1333 572 1166 1427 1213 2016 1900 1513 1180 954 2542 824 1561 1161 215 2113 2546 2504 2547 2381 2040 2555 39
000885.jpg,2066 2178 304 2113 1213 1389 2546 1115 1019 2022 63 1333 1228 1785 1685 545 954 149 182 1394 1760 1712 1951 614 1175 485 1306 1300 1137 1361 2072 658 589 1161 727 1207 1559 2000 1106 1451 1257 2787 1971 1786 1798 714 1087 1558 1230 803 1353 962 1883 2040 898 2249 483 572 2504 251 215 374 341 1561 2409 2054 1166 646 2656 364 581 101 2644 395 1334 436 789 989 2381 1513 737 2323 2759 1801 1900 1743 1773 1298 2149 1693 2579 529 1427 2242 2238 328 132 293 2784 1683
000886.jpg,2152 2502 84 941 1605 214 1139 1602 2348 1866 1953 909 2841 2706 244 1696 744 1171 1365 2751 22 1214 2141 2109 2567 1616 2115 1987 815 609 957 2404 924 509 2677 2457 2162 454 1927 106 1889 1199 629 2726 1661 398 189 1032 2060 1371 2572 2448 2623 844 2725 1632 851 1280 96 2464 1766 167 1477 1084 2678 1738 40 1525 2263 2203 419 894 2554 2197 1744 592 1960 1659 183 2303 1198 171 420 621 2153 510 2030 2401 2705 1458 117 1184 1283 2620 2768 5 1364 1515 2503 1726
000887.jpg,2024 213 426 1597 2430 2143 24 634 2638 1689 2408 707 1719 2320 1149 967 1804 2354 2533 29 286 293 2172 754 2756 2673 1728 1849 2021 91 558 1478 757 1533 135 2295 1269 2413 2235 1448 184 1529 792 1265 2615 2296 1722 1231 2390 1867 739 853 2472 424 520 119 19 1945 2566 80 1296 232 1984 2787 1733 1312 1383 2224 218 2113 2178 304 646 529 498 540 2260 1213 2066 1019 898 1093 2546 388 1333 1228 2744 1951 714 2508 1161 1389 752 2725 2014 1326 1353 1801 1785 2054
000888.jpg,295 1730 1929 1275 2806 2687 1789 1655 1831 464 927 1706 1240 268 131 2301 504 1875 2236 1026 1475 1262 726 999 2059 1011 806 484 2407 1097 2715 1293 2531 1022 2765 31 455 125 452 159 495 1843 467 326 840 1503 1281 331 580 2142 1813 456 780 788 1662 2285 1143 1039 2244 1822 324 430 1378 1008 1062 1912 418 2062 2429 534 1923 1024 241 1932 655 1465 786 1118 653 89 52 290 1568 1274 1297 389 129 53 1481 501 363 314 346 108 2565 2470 1273 2634 799 1755
000889.jpg,1752 1545 1146 2389 59 2556 2367 950 1316 2069 1202 4 1496 626 1102 1624 1926 312 2790 1965 2832 1799 1636 221 817 2272 2300 2528 1737 1644 1407 943 1656 2817 1934 2411 987 613 826 635 85 1405 556 1386 2501 283 2477 2270 440 2082 266 547 1649 2836 735 1584 2837 2050 2815 2241 1782 169 1796 2044 1096 712 611 1948 1328 2767 1617 947 860 1045 188 1381 2352 1319 1416 1658 1218 2454 194 2840 1444 1710 1417 900 518 2713 2289 51 1054 1860 1993 305 2714 1569 1422 1051
000890.jpg,1349 352 969 1025 913 1815 234 1572 1520 1 2399 1571 2727 2226 1618 46 2541 17 307 573 2100 642 846 2455 2063 1539 349 837 1009 511 2175 2834 403 1615 1514 600 264 2215 2138 892 1540 2635 223 2473 2710 2158 1159 267 2484 2340 2486 961 2246 1338 2844 1630 551 127 2339 1698 1684 2466 1258 1622 2255 2223 2298 2338 1360 2372 195 1270 317 2619 2253 2139 2833 2444 273 879 1409 71 1939 891 1446 1112 1619 810 1095 557 1059 1366 665 1215 1660 2517 1242 1863 1803 2709
000891.jpg,1663 1617 1045 712 1489 1328 2050 947 1710 1417 1422 2130 2836 1444 1369 2241 1679 1782 2649 860 2454 735 2707 1701 1993 550 179 440 2837 197 1623 169 1870 1054 2767 2011 1381 26 925 463 1649 2289 1658 480 2714 348 1788 2840 51 445 817 433 1624 1407 2790 221 2817 1544 900 1644 2528 2375 2769 2832 943 1656 1029 2300 1926 1934 1102 1405 635 1218 1437 489 2439 2411 312 2397 2631 1552 1569 1640 1796 645 305 611 2538 562 1208 2082 1319 518 970 2628 1545 134 1983 64
000892.jpg,2414 107 1177 2641 2604 1104 2550 1669 1507 55 2176 728 397 1194 575 2754 2019 1691 2080 1482 1523 441 2695 2383 373 584 845 834 2395 1016 333 2661 2555 2288 827 306 400 2239 2495 309 736 926 1180 1035 2169 1919 564 1818 1593 1922 766 2073 761 1801 1883 2326 1943 1353 1900 2296 20 1310 1423 473 465 167 792 83 436 1641 1326 1257 2504 1950 739 541 856 1971 2245 1014 2381 2508 2426 1144 1727 251 2058 39 1786 205 1401 989 2303 327 896 1263 2791 298 1106 2014
000893.jpg,1067 2511 1547 79 2665 2068 722 246 2842 1134 2305 1463 97 1935 204 2041 116 2135 1606 2741 1212 137 899 350 442 686 1126 2766 1055 2558 2292 2825 692 2736 2294 165 2319 447 1130 725 2728 1944 2719 1868 1452 1940 1962 2207 2506 140 1825 2580 1841 790 362 1056 1986 1076 12 2258 2286 2813 1464 494 2598 2382 329 2248 1006 2436 1639 2057 804 393 2708 508 1473 1408 657 1942 1937 271 627 205 677 1874 443 1899 2440 2393 2296 2499 1185 67 104 1777 1308 994 1183 1223
000894.jpg,2798 2539 2629 1429 2428 729 2221 2031 2578 377 828 1070 2120 2640 865 2038 964 1337 933 2083 2602 1374 1668 2671 2520 1266 2828 1329 672 2335 2808 1910 1399 358 1952 1764 2839 640 1249 323 2210 1272 2570 13 2421 2795 1754 1038 1041 1949 1189 2047 56 2032 370 1049 476 1449 400 2786 669 1880 2387 1802 1084 979 571 955 698 1806 1431 1726 2247 592 2260 176 2227 432 36 2678 2449 340 372 1521 829 2448 2668 1255 306 1280 986 1227 2661 1268 733 1793 1562 827 2111 2623
000895.jpg,348 1870 2769 26 925 2454 2649 1369 480 179 2714 712 2538 550 2050 1417 2130 735 1045 860 1788 1489 1701 1617 1422 518 1710 440 1993 2241 1328 197 2011 463 64 1569 1663 2840 445 48 1054 562 2289 2721 51 2836 305 100 947 1679 1948 1782 1029 433 1624 2707 645 2375 817 1658 1096 1649 1444 1640 1796 2837 715 439 1381 1552 2034 169 1623 1416 2352 2631 155 260 2650 2528 2088 611 1218 2300 1926 161 900 1644 194 1319 1172 1407 2419 1544 635 2556 2545 970 2767 1983
000896.jpg,1489 1710 1701 1417 860 1788 1663 1328 712 1617 900 197 1870 1679 1045 348 2050 2649 463 2130 2289 1369 817 2836 2241 2454 1437 26 550 1993 1623 1444 1624 2011 179 433 1422 947 1926 2790 925 1782 1407 1054 2817 2300 169 1649 489 2707 1796 2375 440 1658 1381 1644 2084 735 2528 606 2837 1656 221 2424 1208 2538 51 2767 1569 2714 1486 1545 161 2515 2840 1096 2769 2034 2721 1029 2826 2397 480 134 305 2082 2088 1552 2631 1544 1386 715 2411 260 2439 611 1319 562 64 1627
000897.jpg,1786 1971 1106 1257 1451 1559 2656 2000 1361 2149 2787 1693 76 751 1357 2016 1353 1593 2129 2540 989 2288 832 1535 2381 1900 2054 1091 581 1346 2542 39 1137 646 310 2040 1207 215 564 803 2827 251 436 2114 364 983 341 1743 926 1996 614 230 2504 1180 2495 1818 789 2190 727 1176 2281 777 2072 737 1951 2785 1914 1306 695 374 2745 766 132 101 1300 1427 2238 596 824 1883 88 2441 2437 2202 1672 589 954 2700 2579 1230 1175 485 1115 328 1685 658 1116 2547 576 1476
000898.jpg,1548 269 531 1725 368 2499 444 2051 1439 598 1200 1833 1088 2318 508 1747 1263 1555 1035 994 1712 306 1938 2183 1326 2483 1443 425 1986 2014 1839 1570 796 1760 298 1502 2494 790 889 375 2249 676 2245 1817 1682 1750 1979 1165 1423 980 2000 2303 1007 2179 315 1884 2302 182 277 2315 2685 111 1219 191 1849 2323 594 2296 44 2653 1659 1641 2677 2124 1711 1537 614 2561 767 1605 1285 824 149 205 327 792 2497 946 2180 907 1183 1940 1205 1462 1197 2719 1387 2506 954 473
000899.jpg,1389 1213 2178 304 2066 2113 2546 1394 545 1115 1019 2022 63 1228 1785 1333 2249 1685 761 954 182 149 1300 614 2072 1760 1712 1137 1951 1175 1161 1361 1087 658 1306 727 1558 1207 589 485 714 1631 898 2000 1798 1451 1559 1106 1353 1749 483 1801 1298 2277 2555 16 1727 1483 1230 1257 789 2644 1166 2409 2787 572 2547 341 2317 395 962 824 1447 1883 1786 1971 44 540 376 576 251 783 2054 581 2784 374 924 646 132 529 2323 737 2040 1561 240 1334 1513 215 2114 2504
000900.jpg,1145 2747 2098 612 1047 1023 141 2055 1976 401 461 453 2163 1628 477 981 177 1163 2829 2122 2679 760 1903 816 1510 2775 1085 1872 595 1233 823 174 1415 399 437 380 1599 2636 2074 164 72 208 2587 2009 156 73 694 2274 99 2655 1688 731 1784 460 1717 1160 172 1808 2452 1241 755 2722 2469 1906 1736 666 2450 2126 1436 2577 1089 1321 599 1100 222 1638 2218 1404 1504 1933 2537 1806 2645 1155 1098 2750 2342 2071 935 1790 2691 2642 2355 703 783 2201 1550 836 2096 2003
000901.jpg,2669 61 192 2025 207 1787 225 2396 2794 654 2280 49 245 1781 239 2173 2091 2164 408 1282 139 525 838 2070 383 356 296 209 1127 2311 252 1141 1505 1248 1780 2232 1356 1274 822 653 449 625 679 1435 2137 418 52 1481 1506 1568 113 1022 455 346 1262 2244 290 2470 786 2142 806 295 780 2531 1293 2806 858 1598 2765 580 1024 1465 268 1097 131 31 159 1275 1929 467 452 2059 1843 389 2715 2236 484 1730 1378 1011 1503 2053 1932 89 464 1143 1875 1706 504 2687
000902.jpg,1710 1701 1489 1417 860 1788 2289 433 197 2375 900 1328 2840 445 463 2011 2707 348 2130 712 1617 1679 1624 1623 1444 2241 1895 1319 1045 606 611 817 1437 489 2084 2836 2082 1870 1422 1552 2769 645 1663 2050 2270 2817 161 1029 1656 947 259 1386 2424 675 2454 2515 169 1208 987 440 2767 550 2397 1926 2300 1782 188 2649 2826 221 179 1054 556 59 547 1993 2076 173 2650 1934 26 2367 2439 312 2714 1486 735 1544 2790 626 635 2538 134 1381 1649 1627 480 51 1658 950
000903.jpg,2394 105 1778 416 11 1946 883 664 7 1271 2110 2793 151 2711 975 1325 1854 513 2559 1442 2331 1209 2618 2560 528 94 25 568 301 2416 808 2696 1585 2516 2792 1419 2830 243 337 567 1309 1992 819 2026 821 1142 1370 382 2349 2005 1581 1331 2087 875 1002 1573 2575 2697 2519 566 512 1040 800 1791 1614 1970 2730 1968 1742 678 982 1455 1966 673 1681 1020 1424 487 2658 311 778 923 855 2299 1554 435 1200 2843 881 1526 610 2243 2718 579 2723 2551 1138 1068 1210 2225
000904.jpg,18 1842 2663 2 601 951 1834 2818 2015 1252 2757 1759 2622 315 1557 1390 1165 2302 2077 2777 1753 1125 2478 2772 70 191 2561 2510 431 1035 2161 1839 767 1938 277 1747 2315 1443 2667 522 889 1833 2686 2702 2323 2532 1989 2685 1114 1075 1767 634 249 211 1810 962 2624 529 369 931 2583 1845 126 2509 1980 1801 1012 578 395 1798 2644 67 29 2143 1460 688 1406 990 1413 2496 2430 792 2296 2759 293 202 702 1511 768 1333 1952 24 1928 65 2671 1334 1418 2276 714 2172
000905.jpg,1752 1545 1146 2389 59 312 2832 987 1102 1934 1624 2501 1405 635 4 2790 221 85 1656 1407 1202 2556 2411 2367 1644 943 2528 626 556 2069 1926 1316 2817 440 2082 2300 950 735 1386 817 2270 2044 547 1636 2241 1737 1840 518 826 2050 1617 169 188 2836 1422 1045 613 712 2837 1782 611 550 2840 1649 2439 155 2826 2538 2454 1319 1496 1799 900 2649 1544 283 947 445 480 1444 1328 2133 563 1381 2011 260 2130 1552 2088 259 51 26 1965 305 179 1993 2289 463 1437 1796
000906.jpg,1096 1416 1948 2815 2272 1965 1860 2352 1636 1316 1362 201 1496 2556 1051 1584 1218 194 2721 2713 1569 562 64 1261 715 439 305 100 2309 1796 51 1586 2034 497 48 747 1897 155 1640 2628 2376 1658 2241 1381 2755 2433 2545 2650 1617 712 260 1993 563 1544 2046 2045 1490 1901 258 1552 2088 2023 2289 2631 2836 231 2826 319 1148 1422 1453 1782 2454 2439 2732 168 1878 1328 1840 550 1045 2767 169 2652 440 2076 2130 659 161 900 947 2837 1623 2050 645 992 1679 770 2769 1029
000907.jpg,1836 2437 1672 1057 1749 44 1483 16 1447 1469 291 376 1990 2700 2317 1593 1178 1914 1535 576 2785 832 2202 1476 1856 824 2745 1727 1224 95 1116 2058 2547 88 2190 2129 269 1714 683 132 1713 2249 2441 1277 2555 1346 1743 1838 1176 47 983 1773 834 596 1795 1513 1161 1353 483 2180 2827 2016 1300 761 1449 2784 695 1103 1304 60 2111 751 465 1847 2296 2523 2000 240 34 83 1693 2422 792 789 1147 396 1620 845 1091 441 1999 310 2695 2554 1760 2518 1456 419 603 1523
000908.jpg,1545 2389 1752 59 1146 2367 950 4 626 1799 1202 2069 1737 826 2082 613 556 2270 547 1386 312 440 987 635 611 1407 1552 2840 463 1624 1319 2289 85 2312 1029 2477 2832 1993 283 735 1934 259 2088 1788 2375 134 1895 2300 1045 2148 1617 1405 550 2076 1926 169 1468 2837 817 1878 2735 1584 433 2133 2241 563 977 1544 445 1656 2501 155 260 221 1422 2050 188 1649 173 1316 2556 2130 860 1172 266 1636 900 51 965 2652 2439 161 2424 943 2650 562 2790 197 1328 2544
000909.jpg,1663 1617 1328 1045 947 1444 2707 1993 1679 1422 712 1623 2130 2241 2836 1782 1054 2050 1710 1489 169 2767 2454 440 51 1381 735 860 2837 1369 1417 1658 445 1649 2840 550 2011 1701 179 1552 2289 197 900 2649 2714 1640 463 1544 2769 480 155 645 305 1029 134 348 2439 562 1569 259 433 1486 925 26 1788 1870 1948 1437 1218 2650 2721 2631 1208 1796 260 635 1096 1416 188 1253 2375 2538 2082 2133 1895 2628 1934 1307 2419 563 439 2088 2826 1624 2652 1190 1405 312 518 559
000910.jpg,1588 1132 121 988 193 569 536 2090 680 1431 36 2117 2333 1268 733 866 500 1886 1492 1499 802 142 2078 1699 429 1430 1553 1053 878 2217 2267 555 1236 2415 1793 901 2380 1890 868 2029 1256 554 427 1888 2668 176 1033 1562 2743 2568 332 2786 289 340 417 1686 1393 2227 743 597 21 1418 886 2108 681 2384 979 1065 62 2451 199 1398 302 2423 432 361 1038 292 323 571 2421 2671 893 78 1374 2520 2578 1041 1272 377 707 2221 933 1668 1329 2828 2539 828 2793 2335
000911.jpg,1506 1780 1141 2070 383 455 252 2137 2232 822 1262 1356 113 1299 1168 1829 1140 1505 1568 1598 858 1216 1248 1435 2279 2470 525 2311 625 1127 49 1924 1781 245 654 192 216 679 61 2669 408 1273 1282 2698 2794 2280 2025 207 2396 225 1124 1787 139 27 2173 296 356 1274 2164 239 2053 209 838 726 799 2091 1612 1472 33 1918 1503 1024 2765 653 464 1037 1706 1297 2742 2531 2316 1143 2062 805 1831 580 31 2715 1118 2017 927 1293 1692 331 1789 1755 1097 2693 344 89
000912.jpg,2063 1009 837 352 1159 2484 1815 2455 264 2844 403 1025 267 2139 2833 1814 234 913 1589 1122 1572 2092 1925 969 1366 1619 2399 1520 1982 2371 1 2727 299 1816 667 2460 1349 1660 2633 2731 1539 879 1480 2607 557 1863 2541 2431 867 551 1238 1291 2576 1571 46 2158 2215 2783 2385 891 307 2834 2226 428 2269 2797 2363 385 814 1615 1618 1549 17 349 991 641 1684 892 2776 223 741 2403 1735 273 1514 888 2298 1242 2100 2635 2175 685 642 2189 262 1540 342 2771 226 846
000913.jpg,743 2568 2423 21 302 292 2267 78 2380 893 199 681 1236 361 2451 1398 289 427 2384 62 432 1888 2217 2415 878 901 868 417 2108 554 1562 1793 1430 2668 1553 1890 597 1256 555 2029 1699 886 1686 2743 176 429 332 1053 1492 1418 1033 2078 2117 340 2786 142 1393 2227 1431 1268 121 802 1065 866 569 2421 36 2333 2539 1038 2090 1754 193 536 500 1429 988 1041 2221 2038 571 2578 733 323 2629 979 2671 1499 680 964 933 2428 828 377 1886 986 1399 698 2828 123
000914.jpg,802 142 1492 2078 1699 429 1430 1553 1053 1886 555 2267 2380 868 866 1236 2333 878 1890 1431 36 2117 554 1888 733 2029 1256 500 680 2217 1499 1033 2415 176 1562 2668 1588 289 1132 2743 427 417 1686 597 886 743 1418 2568 2786 1393 536 988 332 2227 121 193 62 901 1793 681 21 340 2423 361 1398 2108 302 569 2451 1065 292 2384 979 199 78 2090 893 1268 432 2671 1272 1038 571 2047 323 2520 2421 2032 640 1682 73 1263 1041 2828 13 2387 1219 2074 2038 1374
000915.jpg,924 1487 953 1471 1363 1703 1288 2841 2216 2249 761 2502 1605 1139 1019 2152 1389 834 214 2567 333 1394 63 2317 1213 2022 309 1727 443 1333 2109 2178 1214 545 22 1171 1866 2113 2555 2751 856 419 304 2066 1115 1027 2348 1685 1602 1785 2153 2706 2554 149 1090 1300 2546 2452 2623 1228 586 96 2823 1006 1865 2573 2816 1308 2263 1763 1161 189 1697 1483 1032 954 2678 986 894 1371 1082 2437 1447 1502 167 1188 1953 1632 1217 581 37 1671 2114 1856 2726 84 2167 1749 1760 1927
000916.jpg,1038 1754 2421 2520 1949 1041 1272 2210 13 640 323 2671 865 2786 340 377 979 2227 332 176 571 2578 828 2798 2668 2743 1256 2539 1429 729 1033 2629 1393 1065 2428 554 2221 2029 2032 1562 933 1374 289 417 1477 1686 2602 2047 1890 2828 868 56 1668 597 1888 2640 672 1189 2108 2120 1049 1418 1337 2031 370 427 1070 964 2038 555 2384 1952 886 1266 2808 21 2451 2083 1553 681 429 1399 2415 1329 1430 1910 358 743 2335 2423 62 569 1398 1197 2090 2380 986 536 361 1793
000917.jpg,1882 956 1153 2194 1227 2261 476 661 1761 669 829 2168 807 285 546 582 1221 6 759 1260 820 1541 2643 2313 1603 468 732 620 1702 1188 181 1697 1083 1797 1858 334 750 922 1865 2387 2476 411 2425 1456 2043 636 2816 2810 1560 1318 2807 1891 2171 122 2666 2841 650 2823 37 1570 1763 281 1284 1916 1536 229 2677 2278 2167 1199 629 372 475 2346 2678 2761 1139 2623 1380 1911 84 1866 1090 2048 1768 1371 941 2263 894 973 1525 1726 2688 448 1880 1723 1400 586 40 724
000918.jpg,2185 1129 2584 1411 1694 1684 2517 143 2298 1440 2529 386 718 795 2271 2616 2363 1445 810 1360 958 2524 2619 787 1514 697 1294 1630 1112 30 638 2246 1939 71 1446 2801 665 1258 1215 2481 2460 557 1270 2104 879 2833 2139 2844 1366 1925 273 969 1242 2444 1619 1982 1816 1863 1480 2455 667 299 2731 2385 2092 1122 264 1814 1660 1373 641 2633 2468 2576 2672 2771 991 888 837 867 1571 1776 1009 2431 1549 1539 1698 2607 342 1807 2776 551 1887 2797 262 1059 1589 1735 41 1877
000919.jpg,1993 1617 1422 1045 1663 2241 712 1328 550 1444 2707 947 2130 1623 1679 2050 440 735 169 51 2631 2454 1782 1658 2837 1381 2836 155 305 518 2439 1544 2289 1054 562 134 1369 2840 2649 1640 2011 197 179 2767 1552 480 860 1649 463 1417 2721 1796 2538 2769 900 1710 2714 1788 260 1840 445 1569 259 1489 2650 1895 1878 2088 348 645 635 925 2826 433 2628 1636 563 2082 2270 26 1860 556 221 1405 439 312 2817 1218 1870 2375 1934 715 547 1407 85 1701 943 1029 188 1926
000920.jpg,1752 1545 2389 1146 59 312 2832 987 4 635 626 85 2367 1405 556 2501 1934 2082 2069 221 1102 1624 1407 950 1386 2270 547 826 1656 2790 943 2411 188 2300 1202 1316 440 1636 1737 2044 611 2133 2556 613 1319 1926 735 2528 550 2817 2241 1552 1644 1840 817 1422 2837 518 169 1878 2424 283 1617 1649 2836 563 259 463 2050 260 2419 2840 1092 2826 1983 1045 2544 900 2289 1782 266 2088 977 155 2652 1468 2148 1965 1544 1799 1486 712 2397 2477 965 445 1993 1029 2439 1428
000921.jpg,1705 2600 2085 2543 942 1681 487 2458 1495 966 1384 337 1017 2596 2392 1290 1002 2660 1978 852 1331 2262 1673 1518 1119 1614 1742 908 2696 921 2257 2064 1000 631 1853 2664 1739 984 1695 54 542 360 1676 2259 2282 660 1893 710 2369 2782 791 50 1508 1565 243 355 1287 2803 1370 607 1396 1031 2796 2357 1554 1237 813 1981 2140 320 1105 1718 1567 2049 451 394 1301 1058 446 1909 1604 530 662 512 1385 186 1779 893 1613 2026 566 2093 1519 2559 2618 2469 1479 568 151 1871
000922.jpg,1944 1055 2294 2728 2207 1056 725 165 2558 1825 2766 447 2825 692 1130 1126 2741 1940 2135 137 2736 1212 2292 2719 116 204 442 1986 899 2319 2842 1606 1463 494 2057 2305 2041 1841 1547 97 1935 2511 2435 2580 686 1899 1134 2506 246 2291 1067 1874 2258 790 146 1962 2068 2248 362 2813 574 1223 657 647 722 1452 2665 1076 2382 1464 1937 79 2708 2683 140 1868 1639 2639 1185 1777 2286 677 2393 948 2438 1473 1408 682 1942 1677 271 1892 491 1771 2440 2037 12 329 2569 1721
000923.jpg,1083 1702 2643 759 732 181 620 1260 1797 582 6 546 1221 2313 468 1882 2807 285 636 1318 2476 1858 807 2278 1188 1536 2425 661 2194 1697 2261 2168 2048 42 1768 476 2043 922 1153 1865 1227 2171 2816 2761 829 2810 956 1603 1891 820 1761 40 669 1763 1723 1560 1456 2666 411 37 2263 2678 586 1610 229 1541 650 1090 1916 122 1283 189 45 1199 2167 1284 396 1380 2346 2060 475 443 2153 1726 1696 1139 1032 1570 2522 2111 894 1082 2627 2056 905 2841 1064 1364 281 298
000924.jpg,210 2461 1276 793 1861 1859 1034 1580 57 280 2418 1792 1392 1072 1234 2125 1930 2174 570 2004 689 1665 746 2456 1358 2327 1375 1758 294 1575 1724 1279 493 1664 2838 756 2229 859 2694 366 421 2330 2374 2581 1193 2186 1196 158 2672 976 242 704 1576 1765 2662 880 1086 77 798 548 170 287 797 1432 1345 1776 1716 514 2206 1292 934 185 438 583 228 1551 82 884 2703 1030 2321 588 1377 1947 2548 133 2187 2127 1675 1348 2659 1887 2332 470 1653 2002 2155 263 2739 801
000925.jpg,1786 1971 2656 1106 1257 2149 1451 1559 1693 2000 751 1361 2787 2016 76 1357 2129 1593 1353 310 1535 832 1346 2540 2827 2542 1743 1176 983 2190 695 2054 2288 132 596 2441 954 646 1137 39 989 1091 1900 1207 581 614 2381 1672 1685 2437 149 803 824 95 251 1914 2745 2700 564 1180 2072 2495 2040 215 1773 2202 727 926 2785 1818 88 2547 436 1836 789 1760 576 2114 1951 1476 341 1996 364 230 777 374 2504 737 293 2281 1856 1427 1175 1300 589 1795 1116 1306 1333 766
000926.jpg,1721 2809 1473 12 1876 2291 1439 2057 574 2051 1406 494 249 2435 2683 368 1725 1874 637 1012 2719 1839 1223 2499 394 1075 2708 444 447 657 1810 1931 790 1899 627 1390 2657 2183 2438 2622 692 274 677 608 994 682 202 1035 598 2509 2089 1879 482 2639 2526 255 1555 1886 1501 67 136 1817 2583 2598 2704 1088 1557 1001 128 1757 1548 2766 2599 1902 2308 1906 2121 1477 864 1881 1592 2589 521 2350 1433 647 531 944 882 854 2292 2220 2728 725 1558 1197 1165 526 2319 1777
000927.jpg,2252 1977 2682 1651 1179 2491 1063 2328 1578 916 1579 841 2647 639 945 1920 1770 227 887 2042 1583 114 2723 2310 9 748 1769 982 819 1211 1470 1667 763 2097 1531 998 2225 1585 517 919 2575 952 1354 1791 118 1528 2778 928 515 2792 930 2379 2110 1851 2729 1657 2349 311 778 875 567 1154 382 2065 1210 1368 2459 2416 1367 2026 579 923 566 2793 2304 1239 1970 512 492 7 2488 1854 975 25 528 2559 1566 2711 808 2618 1209 2658 513 2636 72 2009 1271 151 664 309
000928.jpg,472 2138 961 1803 1509 2444 1811 1069 1629 2595 551 127 1607 147 1341 641 2758 352 2385 1167 1807 577 888 1862 203 1295 2771 2710 991 1355 17 1059 1373 1571 262 1828 537 1524 342 573 1278 2709 741 2431 642 2738 846 1618 405 2648 1540 2100 685 2835 2094 267 2340 2175 2635 166 1622 1530 1238 600 1539 223 2740 1242 2486 1964 2614 1270 1291 1025 969 2338 2468 46 2473 2801 2339 1619 1863 2223 2797 349 154 891 1698 2776 2255 2253 1684 1338 317 1615 2731 1060 892 1078
