imageName,Corresponding Indexes
000001.jpg,2841 909 2348 214 1139 1866 1602 1953 2706 1525 1280 2572 106 1696 2263 2623 1365 1084 1171 2567 1113 96 2554 2115 22 2109 1214 2153 1032 189 744 894 1632 2060 594 1661 1570 2831 2179 298 2203 1659 2677 2705 1738 2303 6 300 924 1205 1397 1502 327 2448 2571 1380 1263 275 183 1760 1750 2401 2030 986 270 762 2245 629 690 1221 2620 448 1255 1108 474 1285 973 2404 1757 1400 609 946 1697 1083 1603 882 2425 546 2160 236 43 1922 1712 1352 2222 285 2498 2457 582 1153
000002.jpg,2044 85 2501 2411 1656 1934 2528 1102 1644 2832 312 188 2790 1624 635 2817 987 611 1405 221 1319 943 1926 817 556 2300 1407 1386 547 2082 2270 1983 1422 1617 1190 2574 259 2397 2670 1092 712 1552 2344 2544 1029 2676 1993 463 2724 826 74 2800 2307 550 1208 1428 2011 2631 2837 2424 445 2007 2652 2084 2419 219 977 1158 1045 1788 2836 283 2840 606 1328 2454 2069 2538 1146 2564 1782 622 1796 562 2707 2646 2358 4 1848 1414 1627 2088 1417 2626 2289 178 2515 900 2133 2337
000003.jpg,410 811 1079 248 1133 648 2609 843 538 2843 94 1424 253 2341 288 709 434 2219 257 1516 336 1498 1455 1138 937 1466 1731 605 1871 1894 544 338 2549 2151 535 186 1110 742 112 2746 730 2788 1783 1634 1794 2613 1707 1131 365 2364 1243 1454 1573 673 1379 435 610 1005 1966 2830 2196 2560 1800 1309 2730 2299 1020 2251 593 717 2290 1581 1546 1040 678 2377 2763 1527 1007 1969 749 1311 1645 2005 2697 1670 2102 2492 870 800 1850 1142 2087 1992 855 1968 1325 1779 774 773
000004.jpg,1721 2809 12 1473 1876 67 627 2657 2583 2685 1027 1868 1886 657 637 1165 2598 140 255 482 1548 191 2302 1406 217 2617 393 2249 619 1263 442 249 2712 2589 2251 1980 2622 2315 508 1753 2580 1931 2089 1557 1833 2427 1817 677 692 767 2772 1012 2308 2719 2445 136 2509 2475 944 2136 359 2704 2779 1881 1439 531 1869 2535 202 1125 269 1185 1244 2041 662 2436 494 1874 1330 2777 104 2708 1173 1511 915 2526 1969 1501 1998 882 1001 2449 368 2665 500 1747 2683 444 2514 1452
000005.jpg,499 545 1394 1898 374 1631 1801 2277 1334 1785 2542 1087 1228 63 540 251 803 1213 529 2579 898 2022 1093 341 2242 2546 1333 1137 1883 1091 2759 2547 783 304 2644 581 1558 1683 1996 2504 2238 2785 132 1176 576 1483 1971 1230 1427 789 88 2190 1561 777 407 2040 2202 1914 1166 101 695 1743 714 766 395 1257 2827 737 1476 2381 596 1044 2114 2745 2323 328 95 2072 617 1856 1798 291 614 1928 1207 149 364 1900 1786 2441 1106 989 983 1103 2656 761 76 962 215 2784
000006.jpg,1796 2034 2545 1569 48 100 715 64 2721 439 1640 562 305 51 155 2650 2433 2713 1860 1584 2309 2376 201 1453 2631 1490 1617 712 2556 2241 1381 1901 1658 1496 1316 2528 1993 1644 2817 1782 1624 2836 2272 2826 2352 2411 817 1045 1096 260 1636 563 1948 1422 221 1656 2439 2790 194 1544 1926 1218 947 1369 550 1051 168 169 1328 2289 1965 2300 85 1407 2649 2088 943 2837 1878 2454 2023 2628 2815 1444 1416 2050 1934 1840 659 26 1405 1417 860 2045 1261 2419 1663 900 2044 559
000007.jpg,2510 431 2 2532 2663 1035 1390 2561 1839 601 2323 1767 461 2388 1418 571 72 1333 395 1065 2216 1423 400 1310 1952 2620 167 2022 684 1502 1986 2644 597 2179 1107 417 63 578 250 1801 1976 1906 1908 103 1114 1047 2547 2277 783 903 76 1219 1686 1975 1398 488 394 702 1250 2098 502 1343 1821 156 1232 2494 1075 1922 1137 2483 856 2829 473 2346 306 65 1605 1197 1631 284 1641 1397 2661 1087 2242 2568 2671 529 1916 475 2410 1928 938 2601 374 1757 2495 596 332 714
000008.jpg,990 1235 1845 2624 103 297 688 1323 126 1186 1391 2314 848 1413 768 2276 522 931 1340 1720 2667 835 1254 767 2302 277 1165 2478 1753 191 2077 1125 2777 2772 973 315 1916 1759 1570 1397 1834 1557 18 1938 2509 298 2015 1080 2620 1285 2346 1015 249 475 1252 2757 951 2216 2178 2496 594 2706 2622 1443 1833 1537 1891 1460 1842 690 67 1989 2183 369 2315 70 2589 1884 1300 2787 1458 2571 2677 1221 1703 325 1012 1502 2685 285 980 1922 211 1474 1139 2113 1951 1881 586 485
000009.jpg,327 1659 2303 1205 2203 2573 275 2791 2030 1502 1425 1113 298 1922 2179 594 1400 2620 23 1570 2572 2101 1738 690 1397 2623 1280 1080 1525 2263 1084 1537 205 1285 973 907 2245 946 474 448 466 2222 1263 2124 2118 2677 2115 163 2448 1326 2014 423 1884 924 1661 1015 980 1082 1061 629 1696 306 1308 1139 1750 104 543 1171 2535 2571 1760 214 2599 1582 1954 2132 2348 1361 106 1559 1032 2841 2567 2109 954 1380 1451 1006 1610 1697 933 6 1712 2762 2154 1603 69 1214 473 122
000010.jpg,2380 2267 1236 1553 1699 427 2078 2217 2668 1492 142 555 193 1793 1431 176 901 988 1053 1886 292 1033 2090 2451 36 1429 2629 1754 536 500 1393 2038 866 2384 2428 733 828 377 986 933 2032 2120 2150 123 56 698 1132 1588 1255 672 2798 1189 839 1233 380 823 875 882 680 932 2387 1521 1952 1263 358 1477 1628 73 399 2416 2163 1049 2409 2335 29 311 2083 1757 2054 853 2115 2667 2348 1084 25 887 767 2793 568 2787 2636 2172 2533 214 1406 954 1113 1602 819 485
000011.jpg,799 653 2091 1755 1503 1568 1781 1303 2232 2531 805 1317 1024 1011 1756 1127 2794 1395 1274 1875 2164 721 239 2402 131 1297 314 2137 561 412 1972 2236 1647 1843 495 1039 1475 822 1050 268 89 241 2715 1932 2765 2061 2565 2693 1655 1282 999 1921 27 806 2053 1813 1262 356 2142 1216 408 464 1831 1706 159 840 1037 927 296 1472 1378 580 390 1281 1140 1143 2698 113 1062 2280 2285 290 1967 1293 1829 389 2279 1789 1505 1022 31 452 49 252 1168 2632 1118 209 467 1335
000012.jpg,1044 897 1865 2567 1661 2823 1621 2317 1447 1487 834 2555 1719 2296 752 141 2156 2452 1425 1171 376 1469 2109 1727 1200 924 908 1321 2150 1546 1757 1620 1023 2446 932 2249 186 1214 2216 22 123 2573 2508 1804 2140 1006 1550 1098 984 986 2449 214 2793 1482 443 271 2024 761 1255 2055 122 632 1938 516 177 680 2245 401 193 2111 1833 599 2430 306 744 2318 2143 882 662 2404 796 2623 1263 1267 629 1894 676 1474 630 1088 16 473 2725 99 1998 411 1892 666 448 1408
000013.jpg,1760 1712 954 1685 1113 1535 986 44 1749 2016 1757 214 1255 1223 123 2677 106 1139 1502 1727 882 2058 1795 96 1874 2401 2572 2203 832 1346 2348 1661 894 1263 183 1277 594 482 16 270 376 1171 1632 1447 2245 2555 2150 1833 1750 2554 1365 629 1469 2115 2831 2153 1602 1866 2620 2567 1747 1352 1525 1922 1548 298 1938 2109 1397 2706 2111 2179 2409 1836 1214 1477 2437 574 1773 506 2032 500 1482 690 2180 309 2667 1593 909 1501 767 824 1659 2571 22 676 2475 2154 2705 1738
000014.jpg,2070 1506 1141 383 654 2669 192 1780 1356 61 2025 525 1248 245 1787 2311 207 1781 225 2794 625 49 1435 679 2396 1505 1598 2164 216 139 2280 858 252 1127 2173 408 239 1216 1168 1299 1282 2091 113 455 1829 1140 209 838 356 1262 1924 2232 1097 1293 2279 2137 296 2062 33 655 1822 1124 2470 1692 1143 331 2698 2053 580 326 27 344 31 200 159 1273 822 418 430 653 346 1706 1037 2690 1472 1274 464 2316 1118 2467 2765 1941 2406 471 2632 643 1275 2806 618 1008
000015.jpg,1254 835 768 1720 1620 834 1277 931 2079 2058 990 2555 309 1340 2080 297 2136 333 1244 393 1749 848 1235 462 603 2831 103 1178 1845 2160 1669 2571 240 1186 187 1727 1323 1517 1482 2275 1057 205 2780 1147 830 1450 483 1703 2314 2630 2401 1353 1458 677 2167 2624 2216 126 1300 2317 2705 357 2239 300 2296 400 1449 1391 2276 2230 1286 204 1678 2073 2736 2437 1732 575 863 335 2096 824 1523 1217 2605 2425 1288 688 2111 83 350 2313 2684 271 2422 1646 506 1120 1942 762
000016.jpg,1861 57 1580 210 2418 2004 280 793 1792 1034 689 1276 570 2461 1859 1392 2125 1234 1665 1930 2174 1358 746 1758 2456 1575 1072 663 756 2374 294 1724 2327 1664 1279 859 2838 2330 493 2229 797 366 2186 1375 2694 704 228 77 720 857 1776 2672 421 2123 133 1196 1350 1457 976 2039 1947 1551 2332 1716 2662 1043 158 801 2155 287 880 2590 1877 1030 2206 885 2659 242 2739 263 1086 1576 1191 1377 884 2321 1887 798 2356 656 1542 1193 1229 2581 1292 2703 2198 1432 1345 548
000017.jpg,2725 2404 609 2464 1766 1889 957 744 509 2457 844 1515 2115 244 1616 1696 5 2706 2448 2128 1477 1426 1602 1953 214 1199 2348 1139 592 2751 1866 909 1171 1214 1556 22 2567 1661 2109 2572 1061 84 1637 1802 2124 1326 2841 375 1904 941 498 466 2014 1032 1610 1757 2354 473 163 2591 425 1365 621 2150 2197 2366 565 43 882 106 2726 2408 2056 171 229 2182 1364 1744 388 40 1605 448 2162 1113 2566 189 1269 1560 707 306 815 2425 213 2188 2507 123 1015 1987 1726 1596
000018.jpg,1563 28 238 2250 2500 505 2479 2819 1532 458 152 849 972 2552 2181 587 2365 2716 523 313 1827 503 633 2557 1741 2283 1376 2370 1680 1896 330 2052 2119 2689 1339 175 2191 2099 2193 1335 2228 847 705 81 711 1704 354 671 696 2674 2527 2322 602 92 2592 734 2177 2681 2742 1332 772 532 1037 1297 2534 1111 1831 464 1024 268 1932 2028 1912 1956 2806 1655 1262 1706 726 1503 1140 1875 2236 131 1117 2764 927 2715 455 1293 331 1829 2062 2531 2687 159 1314 1281 1813 1011
000019.jpg,1752 1146 1316 1545 1636 1840 1965 2556 2241 1496 440 2836 1381 1658 1782 1544 735 2439 2628 518 563 312 169 2826 1123 900 2050 2389 2840 2837 155 1045 1878 2832 712 1437 59 950 1422 2069 260 1486 1617 1934 2272 51 2815 978 445 1624 559 1649 2501 550 1444 2367 497 305 2652 2130 947 2289 645 1586 965 201 1796 221 1218 4 626 1948 1096 1656 1640 1148 2538 2424 1307 1901 2713 2088 1102 2419 168 674 1092 2433 2133 259 2011 987 1552 1328 1860 2790 2649 2817 817 2454
000020.jpg,1539 273 2524 2104 1242 352 2226 2460 557 2175 1349 879 2363 1366 147 969 2595 127 1619 1480 1660 551 2844 1059 1816 342 1863 2633 1514 2607 385 2710 2517 2444 2431 2797 1025 1684 1925 1571 2385 577 1629 154 1982 1988 2833 71 2801 814 1 810 2473 1811 2139 2298 2271 867 2749 697 1803 1524 1618 527 651 2675 143 913 2709 2184 2213 1215 1295 264 2576 1355 2246 2541 2100 1341 2727 1069 668 237 2740 2776 1540 1807 1549 2269 1939 641 2131 414 2619 2738 2455 787 2403 124
000021.jpg,783 1093 949 2737 1343 940 2112 1004 1856 1999 2441 540 596 1103 95 2827 2785 1914 407 1434 983 310 2202 2242 2745 341 2190 1476 88 198 1743 2413 695 617 75 2547 1898 1996 766 1631 132 2295 1176 1091 1298 2114 1683 576 291 558 2238 1693 135 777 328 63 1561 1801 2542 149 1230 2644 60 1448 1087 2497 1334 230 182 737 2022 2489 1483 364 1846 2759 499 905 2733 2323 529 1304 614 898 581 1197 2807 1204 1333 2504 2040 1228 1785 1207 1265 1346 2615 2277 2141 2784
000022.jpg,2000 1559 751 1482 1036 2437 1523 2080 946 441 318 1152 2695 2239 1451 1943 2787 1593 1836 824 1263 543 2555 907 1361 2204 2132 2383 2245 327 834 2073 845 379 2317 83 339 104 1380 2791 1750 2605 541 1727 1014 1353 469 683 993 187 1672 1950 917 1116 2303 1057 2734 1352 1285 2296 1714 373 1919 321 1601 1300 863 371 2573 87 1205 549 474 2518 2033 1502 2165 275 47 1713 2651 920 1077 1990 2054 2593 954 590 2677 298 1128 2147 2453 2623 1922 1659 2630 792 1501 2118
000023.jpg,1052 2645 2156 612 477 461 2829 2122 2074 1047 2679 1163 1903 1599 2098 2587 760 2747 1976 595 2469 164 72 208 174 1784 2126 731 156 172 2400 460 2775 2449 1183 2421 1241 694 111 1415 8 1250 1155 1219 2520 938 1949 1272 1605 488 924 396 2577 323 896 1757 1729 1144 1462 281 2483 986 1404 2410 1206 1203 306 1075 660 2210 1820 1100 1226 1671 1394 2561 871 1038 2573 2387 1066 2443 1906 905 2216 2502 84 1197 2671 865 2559 1363 2542 1423 614 1245 308 783 1271 1035
000024.jpg,1752 1545 1146 312 2832 2389 1102 221 1405 987 635 1934 4 556 2790 2082 1656 85 1407 943 1624 2501 547 2270 626 1386 2817 611 1319 440 188 2300 2411 2069 826 1644 1926 2528 1617 1422 1737 735 2241 2044 817 2840 2050 59 613 1045 550 1552 712 518 1316 1202 2836 900 463 2367 2837 169 1636 445 1782 259 947 2011 1983 977 2424 2826 2133 2148 1328 283 1092 950 155 1649 1444 2289 2419 2544 2397 480 2088 2538 2652 2454 2649 260 2130 2631 1190 1878 179 1486 563 2556
000025.jpg,757 754 1728 2756 135 1533 558 2295 213 1231 2413 184 1689 2638 1597 634 2408 2021 1448 1265 119 1296 2472 1478 967 1383 2615 1312 80 2277 1984 1801 1394 707 739 529 545 540 1898 218 2644 1035 1093 898 1558 395 1087 2323 1883 962 1839 783 304 714 1228 1683 2566 520 1798 251 2354 101 1945 2759 1230 473 1333 2547 375 2242 1213 2508 1427 1631 1849 1061 2022 752 2579 63 425 2751 2169 2546 2561 2072 232 572 766 364 163 1928 1785 1766 1269 614 306 19 2381 1334
000026.jpg,346 2821 2467 786 52 2690 936 363 108 478 753 471 2398 402 1438 1008 2505 2465 2407 2244 1220 2301 628 758 1481 484 1022 1378 1662 418 1465 2429 780 467 430 2634 2059 806 389 534 1275 1730 1787 1918 1692 1929 504 452 655 290 2765 53 61 89 840 295 1026 207 1048 2687 2025 2669 2806 138 331 654 1568 2285 225 1097 1124 1612 2070 999 1037 2632 192 1756 2611 1822 1039 1143 1293 2236 241 2142 1018 1647 2061 1273 1024 2794 726 1789 2531 1921 1140 113 1216 1118
000027.jpg,1944 2294 1055 2766 2719 2319 2728 692 447 725 2825 67 2583 2207 627 2736 2509 442 1012 1126 249 1001 2350 494 686 2057 1067 2741 202 2135 899 2580 1406 2291 574 657 204 1452 79 2842 1874 1777 1899 2068 1868 12 2665 1223 359 1473 2041 722 246 1869 2435 2598 2708 954 1076 2511 2051 1886 1547 140 2809 2248 2436 1185 2286 1463 2589 1439 145 1134 677 2748 1639 1881 1817 1195 2787 2657 2813 321 128 2701 1935 1721 2683 1501 2329 1056 2475 146 136 29 2000 2308 378 102
000028.jpg,196 2474 1643 585 1625 233 2256 910 1042 2353 1600 2012 69 2132 2027 372 2391 1697 2593 1077 1170 301 875 513 2677 796 2691 629 151 1519 1384 392 1105 820 247 1973 915 25 128 2331 311 7 1585 1541 1911 2336 975 2416 58 2793 568 2458 2101 1370 487 710 549 1121 2658 2387 1667 1387 1221 1504 2318 1958 724 662 355 1396 136 212 243 542 1681 604 1642 966 2475 813 2485 1084 819 1247 921 254 1200 2299 1742 1603 54 490 909 1263 2165 620 2147 446 2150 334
000029.jpg,131 268 1875 2687 1789 464 1730 927 2806 2531 1831 1706 1655 1929 1275 495 295 452 290 241 1843 2285 999 2142 1503 1024 726 2565 1475 1011 418 2470 2236 53 653 806 2301 1262 780 2059 2765 1662 484 467 455 2244 1481 534 2693 331 2429 2715 840 52 31 504 1465 2407 1026 1568 1097 1293 346 580 1923 1932 1787 159 1378 1813 324 1822 1062 799 326 129 1037 1274 1022 389 786 2053 125 1124 2232 1039 788 207 2062 655 501 1008 1281 89 456 225 1273 1143 61 1240
000030.jpg,1669 1104 2414 2641 1177 107 2604 55 2176 728 397 2550 1507 1194 575 2754 1691 2019 1523 2383 441 2695 2080 584 2326 373 2360 1482 736 2234 2159 2395 1016 1028 1690 845 2630 834 1450 1919 1014 187 469 2555 379 2752 1943 2651 993 333 2621 1517 393 1950 830 83 2347 32 2239 1805 2780 2033 1626 2563 2106 1147 1467 541 1748 1244 1646 917 2733 2368 309 902 2586 2073 2058 462 2297 1382 1809 1120 2233 2518 920 87 2192 863 590 1459 924 2254 205 2804 1277 1372 775 2525
000031.jpg,1721 1876 2809 1473 12 447 994 2728 864 1055 608 1931 526 2719 2766 274 1056 494 2683 2291 2207 2438 1892 1725 725 508 1677 692 677 2057 2526 2294 2708 2736 574 2435 1439 2825 657 1185 1771 249 271 1944 2220 1942 2625 2089 368 2037 1406 482 1408 682 204 1012 2319 531 1223 1998 444 1899 1874 2499 1868 1777 1463 2589 627 2622 944 1881 1592 202 1433 2639 255 2051 491 2741 1165 939 1817 442 2440 2580 128 2569 2183 2704 2302 637 140 67 1501 1902 2509 2135 2657 1557
000032.jpg,1814 1122 2269 2092 264 2484 2833 2371 299 2576 837 428 2063 2455 1589 2844 1009 2139 2776 1549 2731 1982 667 1159 2797 1815 1735 2189 403 1925 1622 2412 1366 2486 352 1698 2223 2100 741 1824 1421 2473 2717 1994 1338 2273 262 1291 2385 2338 1 2403 317 1571 1238 888 2727 846 1539 1520 1071 600 349 2158 195 551 267 2431 891 1863 2820 2215 1619 1862 307 1684 17 1816 2175 641 2584 642 1201 1480 1373 1615 223 1826 969 2255 1807 1540 879 2616 2253 1025 1295 166 2801 1887
000033.jpg,1781 2091 2794 239 2164 2311 525 1248 1356 625 654 1435 2280 245 2232 2137 2173 49 679 1505 209 1282 139 408 383 356 1598 838 822 296 113 2070 858 1127 252 216 192 2396 2669 27 1506 1568 1472 653 1787 1018 2025 61 2632 782 1780 207 1168 455 1141 1299 2053 2062 1297 1262 225 1692 31 1612 580 1011 2236 449 1293 1124 1037 1097 1026 1274 131 1048 159 33 1021 1961 2406 1831 2402 1216 643 1647 1143 2693 1706 464 326 1715 1635 1655 2698 1875 1140 805 655 2316
000034.jpg,214 1139 2348 2841 959 398 2705 744 1171 1283 785 2567 2591 22 2203 189 1214 986 1757 2160 2404 2425 1217 2079 594 333 971 2230 2060 1922 300 1255 335 229 2498 1889 2448 1632 2620 1766 2554 1397 2725 1502 2216 448 924 620 1205 306 2179 807 1671 894 285 510 2153 466 1400 148 1603 1904 8 1610 2030 181 2521 2449 997 1858 956 2526 473 2313 2089 2261 933 163 2220 334 1019 750 1061 2823 20 1761 255 820 1041 2387 1346 468 1227 1931 752 2573 2787 293 308 2047
000035.jpg,645 2011 445 2707 1679 1623 1054 1444 1649 1328 1029 2840 1663 197 947 463 2289 1552 169 1782 2836 2767 1045 2837 2375 2130 440 2050 2241 1617 735 134 1544 1993 433 712 2439 1253 51 2650 1381 1422 2628 1658 2735 1417 2454 155 860 2649 1788 179 1870 2088 550 562 1895 1710 305 2769 1640 1489 1261 260 1701 1860 2538 2631 1948 563 1307 518 1486 1369 1096 1840 1218 348 2556 161 900 1416 194 1796 1569 64 965 2352 1496 439 769 1051 319 489 2482 2721 715 674 1437 2272
000036.jpg,2359 986 84 941 1371 594 1757 1139 1605 2152 2348 2502 1255 214 2494 1987 40 1616 1184 300 2678 1960 244 1144 2203 1462 281 815 1687 1488 1949 2197 1400 396 1726 1603 851 2216 1199 2261 2421 1927 2179 2705 1198 750 285 2688 2620 621 420 1502 1397 2386 1979 481 334 1315 2503 1171 614 2761 1336 2079 1219 2841 1205 924 1013 1183 820 1882 117 2653 2448 2160 744 2567 189 1641 45 2060 957 448 2278 171 2030 1761 2768 1064 894 1632 509 1364 2230 2554 419 844 466 940
000037.jpg,2291 574 2057 1223 494 1874 2683 1439 2639 2435 2051 2183 647 1899 598 482 1931 146 2526 2089 1555 2499 657 2704 2220 255 2427 1433 1725 686 368 939 217 2445 1330 531 444 2719 2438 677 128 692 2589 1088 2708 1501 1473 682 1185 2319 2813 447 1902 2569 1592 725 491 1937 2809 1055 274 2728 1777 944 224 2580 1944 1757 329 136 2294 2248 1881 2436 5 1582 1721 854 1639 12 1817 608 2599 1477 995 1700 2598 2207 2393 347 2762 637 1408 1654 915 986 1876 2378 804 2154
000038.jpg,1993 1663 1617 1045 1489 712 1710 1444 1328 2050 1701 2454 2130 2241 1422 1782 2836 860 947 1369 197 1417 169 735 2837 2649 440 26 2289 2840 550 179 433 2769 348 1679 925 1054 463 1788 1870 2375 1623 480 2707 51 1649 1658 1381 2767 445 1544 2011 900 817 2439 2538 1656 2714 1640 1029 1218 1172 2300 221 1624 2082 2817 1934 1552 2790 155 1569 1796 2270 305 518 1926 1437 259 635 1319 1407 2650 943 260 1486 188 562 2528 2628 611 161 769 2826 489 64 2631 1895 1644
000039.jpg,2810 2043 2171 2666 650 2816 1891 1188 1697 1723 1916 2346 475 807 285 922 6 546 1221 1882 411 582 1153 759 1763 1603 1541 820 2643 1260 956 334 750 1702 37 1083 1761 1227 620 468 732 1858 1865 1139 1456 1605 1284 2841 829 1090 372 2261 2502 2677 2313 1797 1570 122 181 661 1250 938 2194 586 724 2179 1502 298 1082 148 594 980 1308 1397 629 1696 2387 1884 40 2216 476 1537 973 1995 443 2514 38 2410 905 2167 1380 196 2483 1285 2278 2494 2623 2348 1015 669
000040.jpg,1656 2411 2528 1644 2817 1102 1624 2790 1934 1926 2044 2832 817 943 221 2300 2501 312 1405 635 85 1407 987 188 556 611 1319 2082 2270 1386 547 1617 712 1146 1422 4 1752 1045 1993 259 2454 826 283 2397 550 1983 2069 2574 1796 1369 1202 1092 1737 2241 1782 900 305 2544 1710 2836 1552 2826 2837 1328 2649 1489 860 1208 1545 977 463 480 2011 155 1444 2670 169 26 925 947 562 1029 1417 2652 2050 1381 1701 2631 1190 2840 2148 1788 2133 2419 1437 2344 2538 2424 260 51
000041.jpg,1918 1647 2402 1140 1972 721 2061 1921 1303 1395 1317 1756 412 1297 1829 2279 805 1124 27 1168 1299 1216 2053 799 1037 561 1612 1472 1755 113 1924 1187 1050 936 1692 252 314 1635 390 1143 471 1293 430 402 1568 1273 344 1967 643 1505 391 1097 138 1118 2236 1438 1008 1715 2632 655 1822 2465 2505 1475 1220 2611 1274 2406 363 1018 2398 331 1141 2698 1780 1648 1048 753 478 858 782 580 31 159 822 1598 1506 1011 2531 216 2062 1026 2407 1024 326 2232 2693 628 108 1503
000042.jpg,2843 1442 749 2196 112 2299 2560 855 1309 2151 821 1634 535 1670 2680 1498 410 870 1466 94 1271 7 883 2559 1209 1237 2658 2711 1981 2449 1210 2408 11 2618 528 923 1854 448 1613 664 2304 1604 2354 1739 707 2664 2551 2349 213 2596 566 579 871 2049 1000 1250 488 1529 2573 2369 2179 1394 1853 2361 1893 1184 1528 905 2829 813 1597 1219 1403 1849 567 2026 2483 1641 174 631 1390 473 2679 594 135 1695 2410 2122 21 1502 660 986 359 1970 1903 2472 2469 1268 1478 791
000043.jpg,620 1260 285 2313 1858 468 807 2807 1882 2476 2425 2278 636 1318 1536 2816 1188 2261 1723 2171 1227 2043 476 2678 650 45 42 2810 1726 411 956 1916 2048 2056 1603 820 1761 1064 1768 475 40 2346 1364 2522 189 2720 1251 2153 2386 396 2705 1139 2060 1960 2761 2608 2627 229 894 2760 281 644 419 1610 905 2688 2182 2554 334 1880 2823 594 750 851 1199 2079 2562 2498 300 2841 1802 1515 1596 1987 1856 2188 2489 2448 1846 448 2160 2449 1144 98 592 38 744 2216 167 454
000044.jpg,1830 702 903 1114 1107 1908 1767 2388 2601 502 2471 284 65 103 1310 1608 250 578 1821 1512 684 1975 1839 2323 1035 962 395 431 2644 1810 1798 1390 2561 1232 601 2510 1922 1397 1075 1219 2620 1207 1144 2 581 851 529 251 374 2029 2663 1137 2114 1065 783 1590 1334 2489 1166 420 1154 566 2759 1558 2324 1801 1900 492 1427 597 1197 2787 364 1846 40 1184 1605 1230 1423 1940 803 1832 515 332 436 1686 417 614 2671 844 714 898 2040 2743 1418 1928 1298 2494 1562 2242
000045.jpg,269 1548 531 368 1725 444 2499 2685 1073 2302 1165 191 1833 1980 2296 1865 277 1406 2315 44 2518 1443 202 1747 889 2437 1749 83 1884 1732 1557 1869 1938 824 1263 16 2598 683 767 1943 1284 249 1593 1447 1469 1285 1012 2509 1502 568 2686 372 2051 980 1661 500 993 2563 1919 1001 2180 1195 1131 1750 2719 448 315 2058 1147 1836 2249 1120 1020 946 1057 67 1300 465 1456 2275 2622 2350 1243 2555 2387 2251 1620 1439 400 1007 2245 1537 733 2573 2087 986 2136 376 1581 1305
000046.jpg,1697 2167 2268 459 1380 1911 922 1188 1763 1456 1090 411 1284 372 586 37 1082 1153 546 1308 285 38 1221 759 582 6 2643 122 443 181 1702 620 1865 2043 732 1006 1260 1083 1797 1882 2313 661 1858 167 2171 829 650 468 2810 946 20 1227 1267 807 2816 2666 2194 2261 1761 298 796 820 476 2593 1285 2168 1541 1916 1603 475 1891 980 2677 1537 1570 956 454 669 973 1995 1884 1723 2346 1200 2623 724 636 334 448 2514 1610 281 1536 1387 396 2476 275 629 2449 2118
000047.jpg,1896 1741 1827 734 152 2674 458 1339 587 2819 1532 2557 2099 2500 313 2479 847 972 1376 2228 696 2283 28 505 330 671 1704 849 2181 532 2370 2689 1956 92 2250 1563 705 354 2028 2716 2552 2191 175 2365 523 2119 238 2742 2534 81 2177 1680 1335 1708 2527 2814 503 633 1297 2193 1961 2681 2052 653 1021 1011 131 602 1912 1293 1875 2062 2232 1097 1932 159 449 495 2322 580 772 1917 125 2316 1543 464 2236 1037 120 1781 31 2053 2764 1143 2715 1262 1111 1099 1655 1475
000048.jpg,1371 2359 1198 2678 1726 1960 1205 2448 1687 2494 396 84 117 281 2627 1184 851 1199 40 1987 1922 1400 941 815 2620 1144 2030 481 2203 1641 2386 1423 1802 1880 45 2503 1139 189 2060 167 1217 1757 1927 1219 621 1616 2152 2141 1462 1502 986 1183 2197 2573 171 2056 592 1979 1064 2761 1882 2688 454 244 300 2608 2086 2425 2348 1536 333 1255 2807 905 214 2726 2182 636 2567 448 2502 594 2216 1171 2760 1364 2162 2443 1318 856 2705 1768 2522 1632 2410 1197 1839 2751 60 2160
000049.jpg,2454 26 348 1870 2769 925 2649 1369 2714 480 2538 179 712 550 2130 2050 1417 1045 1422 735 1788 860 1701 1489 1710 440 1617 518 2241 2840 1328 2011 197 445 305 1569 463 2289 1172 562 64 2721 260 1624 524 2836 1993 2419 48 51 433 645 1640 2375 1782 259 970 817 1663 2088 1029 100 168 2650 1486 1552 900 1796 2826 2707 155 1983 2652 1054 169 947 2544 1658 2528 2352 715 489 1444 2200 2837 194 439 2358 559 1948 611 1381 1437 161 1092 1208 1649 1386 2034 977
000050.jpg,783 1343 949 2737 2112 940 1004 1999 1093 1434 1103 2827 2441 1856 983 198 596 310 75 95 540 1743 2190 695 1914 2242 1693 617 1298 2785 1561 341 2497 2745 1176 132 2413 2202 2547 149 182 407 2656 1091 2644 529 2542 2295 1334 63 395 2149 60 364 766 2040 88 2022 1230 2238 2323 558 135 1333 1996 291 328 1683 581 576 374 803 962 737 1304 989 1476 2759 2504 1971 1631 101 1785 1197 1448 1346 1801 499 2114 1798 898 1257 1166 1786 777 614 1087 572 1213 1207
000051.jpg,275 1205 1200 1280 2791 2303 1084 1659 2420 327 1267 1449 2318 2030 1057 2623 1425 796 630 205 1911 1113 2572 2573 2437 1387 1525 2263 1380 1995 1922 946 1479 2101 448 1749 298 1836 824 1400 1697 1672 2317 2593 2245 115 23 1682 1502 2203 751 1116 2620 2268 2823 2167 392 1714 2111 1713 1036 724 2514 1082 676 1990 96 372 1548 1263 1709 1032 2194 490 1285 2422 1757 882 2179 2180 269 683 973 2630 1308 1482 2129 2216 1620 1152 1353 423 2132 2096 1322 2387 1224 1790 34 123
000052.jpg,1624 1644 2528 2411 2817 1656 817 1934 2790 1926 1102 221 2300 943 2832 1407 312 2501 635 1405 2044 85 987 188 556 2270 2082 611 1386 1319 59 2389 1545 4 1328 547 1146 1202 826 1617 626 712 1417 1737 1752 2836 562 1796 2837 860 283 1788 2714 2011 305 1045 2088 1422 2477 1710 2130 1489 900 2050 1993 1663 1870 1782 2241 2454 1569 1640 947 2707 1649 1701 1029 2840 1369 2367 169 1584 179 613 259 2631 1381 440 1190 51 2069 155 550 1658 100 463 2397 1444 2826 2034
000053.jpg,2516 1526 1325 1511 1442 1969 1779 2145 1385 406 1946 1871 2102 1992 1707 773 2763 730 1794 742 519 2730 338 2364 1243 1131 2788 2151 1311 1138 1783 1379 544 1068 336 2377 2299 1020 1670 678 1966 2290 605 1005 1527 1466 1142 593 1094 1581 774 1968 870 2243 1850 186 365 881 1731 2417 673 1007 2492 2549 1913 2006 2005 821 1040 2613 2746 2830 1110 435 2519 568 253 2251 1455 1174 1165 610 535 800 1424 2680 2087 410 1936 434 2341 191 2219 2302 392 1079 937 811 709 2697
000054.jpg,1925 667 1982 472 1863 1619 428 1735 2139 888 2576 2776 2385 1509 262 2371 2844 2833 299 1549 1803 2092 641 2431 741 2797 2771 1373 2731 2455 2269 991 879 1807 1530 264 1814 127 837 1078 2094 147 160 2484 1295 2138 2595 2063 1009 577 1862 385 1341 1122 1607 2412 2607 814 2444 2460 1069 1589 1660 2633 1815 403 1811 551 2811 557 1025 2758 961 2403 1159 1629 1366 1059 1480 2710 2189 1167 1421 1338 716 1816 342 2363 2692 1242 1238 226 1291 867 352 1524 891 1622 267 317
000055.jpg,2045 2023 2755 1584 258 770 747 1029 463 2753 2724 606 2735 860 1627 2564 622 2646 1796 1552 1417 2670 2676 2732 2076 675 1788 1208 1190 259 2800 2344 2626 1895 906 2307 433 2544 1701 2034 74 1320 178 2631 2287 2289 2419 2397 2084 1319 1362 1710 1096 2482 1586 1993 562 2652 1897 1948 1617 1983 2545 497 2011 1624 1416 2840 319 1428 611 992 911 197 1253 134 1489 1414 1848 1151 712 1046 2837 833 1569 64 1388 2352 1313 674 1328 2574 2721 2088 1092 2836 489 219 1307 161
000056.jpg,2023 2045 2755 1584 747 770 258 1320 2545 2034 1796 2713 64 1569 2272 48 1416 1096 439 715 1948 100 2352 2433 201 2721 1051 2376 1640 2556 51 1316 155 194 1636 562 1496 305 712 1617 2289 2309 2836 1261 2815 161 2628 2650 1381 1860 1782 947 169 2241 2130 1490 2837 563 1417 1218 1649 1586 463 860 1658 179 1993 440 2088 1029 1045 1897 2050 2767 1369 260 1362 1328 550 168 2454 1422 1544 1895 2649 1444 1489 1965 1788 1870 497 2631 1552 2538 2011 1054 1407 26 2439 735
000057.jpg,285 38 13 1272 640 2210 2520 281 1882 2502 1603 396 1605 820 2387 2152 40 1188 370 650 2048 594 2261 2494 448 1502 1227 807 2726 1949 323 411 1219 1761 750 167 334 1184 2421 2671 1922 2179 1916 636 117 1397 2627 84 933 986 1744 1139 956 2425 941 475 1137 2278 476 1515 375 1536 1987 1232 1723 2216 851 1394 1768 2578 1858 2313 2828 1065 571 2493 1757 2346 1075 1462 1960 2162 417 2476 2568 2620 2497 614 244 1038 2816 60 2324 425 42 1371 2415 783 1979 182
000058.jpg,28 505 1563 2500 523 2181 238 175 587 458 1896 1827 313 2283 152 2819 2552 705 2479 1741 2689 2370 1339 734 849 2365 2250 2674 2119 2534 1532 2716 972 2557 847 2527 1680 81 2099 2191 696 330 2193 671 2228 1376 2177 503 633 2322 1704 1111 602 2052 711 1335 354 2592 1831 1708 92 1655 2681 2236 532 772 1117 1912 2742 1475 125 2764 1332 120 2028 2059 2144 780 2806 2244 740 1730 131 1281 268 68 1929 1932 927 1297 501 1465 464 1011 806 1314 1543 456 653 314
000059.jpg,1896 28 2500 505 458 1827 313 587 2819 523 152 1563 2181 2283 2479 734 175 2674 238 1339 1741 849 1532 972 2365 2119 2370 2099 847 1376 2552 2689 2250 705 2716 330 2527 2191 81 2557 2177 696 2228 1680 2534 671 2193 2052 354 503 92 711 2592 2322 1704 602 633 1111 772 1335 2742 1117 2764 120 2681 532 1708 1297 1831 2236 1332 1746 1314 2144 2812 1655 1475 740 2028 1543 68 653 1873 1956 1011 2597 1912 131 261 1037 1164 2610 2774 1974 1932 159 968 1568 268 1917
000060.jpg,941 84 2141 2152 2502 621 171 1605 2612 2841 244 1139 1251 959 214 2182 1616 1364 2348 45 2760 2056 1064 2522 2608 2705 2503 2197 744 2116 815 22 1171 1199 1726 2386 1768 1214 1987 509 1371 2048 2567 2751 40 844 957 2278 1960 2591 2761 300 2188 2160 1671 229 2678 2425 335 1315 2404 2203 2620 1536 636 2688 1927 1632 2737 2448 2230 1515 1004 2807 2494 2464 189 1184 333 1596 1363 2720 1889 117 986 2079 1318 1217 2562 1232 644 2476 2216 940 1336 856 2498 420 594 1922
000061.jpg,1481 418 52 2244 806 346 534 1465 2429 780 2059 786 1662 484 2821 726 290 53 2470 225 1787 207 1378 61 999 2467 758 467 452 1475 363 2236 1022 131 478 2285 653 389 2690 1730 268 2687 2765 1275 464 2025 2301 2693 2505 2465 2806 1789 936 1706 471 108 2407 1438 1929 295 1008 2634 2669 1220 1568 1024 1097 1831 753 2398 402 927 331 326 2531 1655 1875 89 455 655 840 31 1293 1503 1692 2396 1822 1262 628 33 192 580 2715 1039 654 2070 1011 504 159 1026
000062.jpg,38 285 807 167 281 1188 1882 411 454 650 820 1260 396 620 1603 1227 84 2425 334 750 2261 1139 1761 1502 2726 941 2216 2841 448 2313 2179 2171 1250 2141 1916 2627 475 1987 2494 1858 117 956 2387 636 1371 40 2043 468 594 2502 1922 1184 2554 1219 986 2346 1605 476 1744 189 2567 2476 2810 1536 1723 2060 1205 2162 1979 2278 419 370 2761 938 1757 1171 2816 42 2153 2573 98 2483 1768 894 2152 2807 1462 2823 924 621 815 1144 1397 1199 905 1255 481 2197 1363 2203
000063.jpg,567 998 1354 919 952 1531 1769 1470 2778 1583 748 778 2711 382 1854 930 1851 7 1970 517 923 2304 1271 2491 928 1063 1179 1210 2729 2349 1657 1977 982 2379 1209 639 2559 2682 528 1578 945 2658 2647 2252 841 2618 1920 579 2225 1579 763 1651 114 2723 515 227 9 1367 916 2459 1770 2042 1239 1368 566 2026 1154 492 2361 871 2097 512 1566 1404 2122 2334 1528 2462 1155 2081 2679 2829 776 1100 98 2067 701 1819 1402 1903 869 2449 72 353 460 1163 1963 2049 2551 1987
000064.jpg,1781 239 2091 2164 2794 525 2311 1248 1356 1505 1435 2280 245 2173 654 625 383 2137 49 2232 139 209 679 252 1282 408 1598 356 113 822 838 296 2070 858 27 1127 1168 1299 216 2396 192 1472 2669 2632 1297 1506 1141 449 1018 782 1780 2025 1568 653 2402 1787 2062 61 1274 2017 1715 1050 805 1972 2406 1755 1048 1216 1961 1262 1612 1021 455 1011 1829 1026 2053 721 1187 1143 1503 2316 1647 1635 207 1967 390 1500 1293 1692 1648 580 33 1037 2531 643 2698 2693 2279 1097
000065.jpg,485 1951 1306 727 658 589 1361 1451 1559 2000 2409 2054 1389 1115 2787 1685 2113 2066 2178 954 2540 1513 1300 646 1161 1346 676 853 426 1535 832 1773 1847 483 44 1353 2016 1447 376 824 2129 240 29 2143 1869 16 1593 378 2430 1672 145 792 1760 751 2024 321 1116 1113 2533 24 594 371 1195 1469 724 1263 1712 1149 1594 2437 1804 2172 2179 2677 1178 2490 1165 2700 2296 2320 2302 2673 1990 1795 2348 683 2245 286 1139 1502 1881 2111 1714 2589 2020 2667 2249 1322 2180 214
000066.jpg,1810 2583 1001 2350 1075 137 165 1212 1825 2558 116 1606 1130 1841 2258 2292 97 362 1986 2305 1940 135 2224 2295 1728 2413 1757 2472 1448 1931 1383 1035 1197 1478 2506 1839 634 2408 184 1296 855 1346 1265 1597 986 1928 2560 1962 76 2638 637 1312 1689 2220 2354 2151 739 2526 2566 783 558 1849 1984 499 218 1231 2680 255 1801 1616 2495 707 2561 1733 1945 1390 905 213 1533 112 2299 1558 1334 754 2493 119 2089 424 1093 2323 1498 2615 1269 80 749 1590 2410 1670 1442 1904
000067.jpg,1096 1416 1948 2272 2815 1362 2352 1860 439 1636 2556 64 1496 2721 1316 1569 1965 1897 497 1586 2755 1051 562 1218 155 201 715 48 1796 100 194 2034 51 712 1261 2241 1584 305 1993 1381 747 2376 2650 1658 770 2628 1617 2289 1552 2713 2545 1490 2309 2433 2046 2631 1640 258 2836 2011 1328 992 947 2767 134 445 2023 1319 1782 563 2735 860 260 1045 319 1444 547 1029 2088 1544 645 463 1453 817 1649 2454 2553 1623 1054 1644 2076 2840 674 2130 1679 1307 486 1369 2732 2837
000068.jpg,760 1599 2074 1047 2098 612 2747 461 208 2587 595 1976 731 2122 2679 1163 1903 2469 477 2126 2829 72 460 174 694 172 1784 164 2775 156 1415 2577 1241 1404 1100 1155 2449 2645 1757 2156 2410 167 1250 905 2400 1839 1394 2658 488 1139 2349 986 473 214 2216 454 1052 707 1219 1397 1671 111 1889 1035 579 40 8 744 411 2404 783 1960 2567 1605 2573 1906 163 1210 1206 938 1723 1271 213 1214 1203 1061 1209 634 2483 479 1066 308 898 1197 306 1268 1226 2561 1744 1144
000069.jpg,1793 2217 427 901 1553 2380 2267 1699 193 2078 1492 988 1236 142 555 2090 1053 176 536 2668 1033 1431 1886 1393 36 56 2032 866 733 500 1189 1132 292 933 2451 1588 1754 377 2384 828 2387 1429 680 2798 2629 672 986 2428 698 2038 2335 1255 1049 2150 1521 2083 123 2120 839 882 932 2667 1263 1910 1747 249 358 2686 1757 1952 1501 2677 767 1352 889 2054 2475 915 1874 1477 2154 128 2795 1074 400 482 1225 1084 1764 1750 2293 829 1165 2378 1504 1654 372 136 2589 1938
000070.jpg,879 557 2460 273 2363 1242 2104 2524 1619 1366 1480 1816 2607 1539 1660 1925 2633 1863 2431 1982 385 667 867 814 2139 2844 2833 2175 127 2797 2385 147 299 2468 2226 2576 2371 1025 2092 2455 1530 352 264 969 888 2776 577 262 741 2094 2484 1549 1807 1514 1373 1349 1078 160 2595 428 2710 2269 685 1509 1355 991 2771 641 837 2801 1684 810 1059 1735 551 2529 1803 2063 2783 2731 1009 1295 2271 1341 2517 787 2444 2749 317 1988 71 2412 1069 1811 1607 1338 30 1571 2100 958
000071.jpg,2454 1870 26 2769 348 2538 925 2649 1369 1417 2714 480 179 1788 860 1489 712 1701 550 1710 2050 2130 735 1045 440 1422 1617 518 2289 197 433 2840 161 2375 463 445 2241 2011 2650 1029 769 1895 562 1328 305 51 1640 1993 2837 2836 1796 1663 1552 169 155 1782 1649 1172 260 1569 1934 1624 64 2721 645 1840 1656 259 489 2528 1486 2556 817 2707 2544 1584 1752 2817 100 556 134 1658 2439 1644 2826 635 2044 2088 1544 715 439 48 1381 2411 947 312 1407 1444 524 188
000072.jpg,1140 1829 1216 2279 1918 1124 1168 1299 1924 1472 2402 1647 2053 1972 721 2061 1037 1297 1921 1273 27 1756 1317 1395 1303 113 805 391 799 412 344 1755 1274 1612 561 1187 252 2698 1780 1050 1635 1692 1118 1505 390 1141 1568 1967 2236 216 1293 314 1143 1715 1097 1127 643 1475 858 430 2531 936 2406 1648 1822 2611 31 1024 655 2693 402 159 2632 471 2465 2505 1011 1356 1503 1008 331 326 1438 580 653 822 1598 1506 2070 2765 138 1018 383 1435 1048 2137 2232 33 1781 1248
000073.jpg,2433 1453 1490 2713 2034 1496 2545 2376 1796 100 1569 2309 64 48 715 2556 2721 1901 439 1640 2272 1860 562 305 2650 1316 201 51 155 1965 563 260 1948 1096 168 2289 2088 1584 2826 2352 1636 2815 1416 659 645 747 2454 1878 518 712 550 1148 1051 2649 194 440 559 2050 1369 2538 26 134 2769 2840 2241 1486 2130 231 2553 1840 2628 1218 1123 1045 2755 486 1870 1617 1552 2439 433 1422 348 2631 2714 1658 900 1381 2419 480 2836 445 2652 1544 735 784 1663 169 179 1307
000074.jpg,645 2011 445 2840 2707 1029 1328 1054 1649 1552 1679 197 1663 1623 1253 463 2289 1444 947 2836 2767 1782 433 2837 51 169 1617 134 319 1422 440 1045 2735 1658 1544 2650 712 2050 1381 2241 155 562 1640 550 2088 900 2631 1948 965 439 1993 2439 260 2130 201 2652 64 1486 2375 735 161 1218 563 1307 305 1860 1569 2628 2352 2815 48 2133 1172 1096 1208 1636 1840 259 2826 1895 2076 2419 2287 2721 1437 659 2272 769 1261 173 1796 715 977 559 1983 2676 100 231 1496 2732
000075.jpg,1944 1055 2294 2719 2319 692 2766 2728 447 725 2825 2583 67 2207 442 627 1126 2736 1012 1001 2350 249 494 2135 2509 1067 686 2057 2741 2580 202 1406 1452 2291 1868 899 574 2286 79 2598 2436 2041 1869 722 1777 140 2665 204 1185 1899 2068 1076 246 1223 1874 2511 2435 2248 657 2748 359 2842 1639 12 1547 1134 2787 1463 2708 2475 1439 2683 804 2813 1935 1886 2704 146 2054 2382 1451 482 2589 329 2712 1464 2308 954 1346 1931 677 378 1263 2051 1473 2701 217 2000 1361 1195
000076.jpg,1701 860 1489 1417 1710 1788 161 1895 769 433 2289 2482 2650 173 2454 1870 197 348 26 2375 2538 2769 1320 2649 1029 179 925 2840 2130 2714 1369 2011 712 2050 231 319 1328 480 1045 440 1444 1584 1649 550 463 168 1796 134 2707 2735 1624 1617 645 1663 2556 445 735 1054 2836 770 2837 947 2045 1569 562 1096 2545 169 1253 1496 1623 817 2034 1679 1782 2721 2767 1422 100 1416 305 1640 1948 2241 2287 2076 1993 2439 51 2528 2553 1552 2790 715 1656 1934 1407 2300 1627 2411
000077.jpg,1385 406 1779 2145 1731 1894 1871 186 742 1138 1992 1718 2763 773 519 2102 1645 1007 257 2613 937 1800 1707 852 1479 709 1387 1682 1516 1969 2377 535 1527 2219 320 2318 1676 410 1325 1526 1442 2341 2262 2516 434 392 253 336 1455 605 1511 544 1200 811 2609 2420 1079 301 1131 1002 365 1119 1783 288 1419 1978 2549 1466 2299 730 1794 568 338 673 1311 1068 1670 1495 2331 1142 1850 2364 1966 1243 2140 1040 2151 2730 248 908 1020 1548 821 1005 593 2788 2085 2746 2543 2243
000078.jpg,2437 1836 1672 1057 1749 44 1990 16 2700 1447 1469 2317 376 1449 1178 1593 824 1727 2555 2058 834 1535 2249 751 832 1773 1224 1116 483 47 1795 1161 761 2000 1714 683 1300 1353 1277 1713 1513 2180 2111 83 2296 2554 1838 2054 792 2523 1523 2129 96 1451 2096 1847 441 1559 1482 845 1380 2518 34 2695 954 1361 2383 946 1620 1346 1638 1632 894 2080 240 2016 1073 2422 2153 465 1147 1032 1036 2571 205 1120 1760 2118 1919 1456 603 1308 993 1943 1678 1082 836 1764 1685 400
000079.jpg,2282 1518 1290 530 1017 446 1301 2064 1909 1058 2140 451 1567 921 1384 2796 942 2085 966 1742 487 2696 2458 1673 2257 337 662 1554 1613 813 1681 2543 243 1331 2392 984 1105 1396 908 1614 1002 2782 1978 2600 1370 355 2262 1495 1705 2259 1621 542 1119 151 54 2660 1094 2405 1808 1936 710 1676 2657 2449 2658 513 2357 1581 1322 678 1188 1321 2005 1638 637 774 599 1904 2793 624 2243 1145 1850 2293 2463 1933 2087 2156 1550 2519 2251 2492 2507 2573 7 2750 2535 1697 1200 2006
000080.jpg,2716 2552 849 2365 2819 2479 2500 175 2181 152 2370 587 505 81 458 523 2689 2283 705 2534 2119 1563 238 1827 28 313 2557 2527 1532 972 2191 1741 847 1339 1896 2250 2674 2177 734 696 1376 2193 92 330 2099 671 1680 2681 120 2052 354 2592 2228 602 1873 1111 1314 1332 890 1704 1281 324 2265 1932 1912 1156 129 1955 1293 1117 552 1813 740 1062 456 2715 1003 1097 2322 2594 1708 877 633 1923 2144 503 2306 2237 501 159 2105 125 1011 968 131 580 2742 2764 1037 2789
000081.jpg,1911 796 2318 2420 1479 1682 1387 1200 144 2691 2355 2362 2593 320 630 850 2512 1267 1676 1380 1504 2446 222 1718 946 852 599 2452 1697 2642 666 1933 2167 1305 2071 459 1790 2156 2268 1098 2432 2537 1709 1090 629 99 2147 836 2706 2096 1082 298 935 1321 1006 2262 380 73 1308 443 724 2245 2201 177 2449 2514 1638 1233 1052 586 2677 1263 1537 2163 2636 1717 1525 632 1085 1406 1165 399 973 863 2722 1285 191 1621 1073 2655 1548 2750 2535 624 1510 2132 676 392 2342 2623
000082.jpg,2414 1177 107 2641 2604 2550 1104 1507 55 1669 2176 397 728 1194 575 1691 2754 2019 834 1523 1482 2080 2555 441 2661 2383 2239 400 1180 2695 1919 333 2495 2245 2073 796 327 827 2573 2326 2058 1727 20 924 2288 736 1401 1943 83 2426 584 2360 993 1641 1950 1659 309 1400 167 856 1014 845 1016 761 2630 1922 2296 1423 469 946 2169 187 1263 905 2159 2535 306 541 1144 373 926 1205 2124 896 2395 564 2166 488 1995 1818 473 379 2563 1036 2571 205 1184 1326 1277 2247
000083.jpg,1742 1370 1554 337 243 1105 1396 813 2696 355 2257 1495 1331 2458 921 1614 1673 966 2600 1384 1705 2064 487 908 942 2085 2543 2660 1681 1017 1290 2282 1518 1567 2262 54 446 2392 542 2259 710 2782 852 1002 2140 662 451 1058 530 1301 984 1978 151 975 2796 320 1946 1613 1676 7 1119 1909 2147 2336 2793 144 301 186 2416 1519 2405 1036 513 2394 2593 392 416 2490 1455 2170 254 1642 2318 2299 632 1077 1152 2341 2636 1479 2452 2722 177 318 2219 2746 1263 3 568 1170
000084.jpg,545 1394 304 1213 2546 1785 2277 2022 1801 63 1228 1333 1087 898 1558 529 1483 1631 714 1137 395 2072 1798 737 1230 962 614 215 149 2644 341 251 581 1207 572 1898 924 2040 783 374 1900 2242 761 101 2323 182 436 2114 2238 364 2504 328 766 1683 2841 1093 1166 2381 132 1363 2542 1106 2547 803 2759 1334 2216 1786 1883 1257 2579 989 1971 1693 1197 1176 2656 1856 1605 2288 39 2190 1250 695 1743 1427 2827 2567 1343 1928 167 2149 2441 2787 2043 95 1502 407 2202 1476
000085.jpg,431 2510 1839 2561 1035 1390 2663 2 601 2323 1801 1075 2644 395 529 2532 2277 2495 1333 461 1976 1207 1767 1334 962 634 1137 2242 1798 1928 374 2699 103 2547 1810 1394 2542 581 2299 2829 1427 76 1971 1106 1986 63 1197 646 1310 251 72 545 2583 1346 1906 1257 2072 1091 1114 783 702 65 1176 695 1908 1180 1087 2022 789 1107 898 2122 132 2759 2381 502 614 1786 1230 2471 2190 1442 2504 2216 499 1940 714 1423 2785 2601 739 1821 1830 2493 2324 1219 2040 2288 2656 578
000086.jpg,933 1337 2083 2117 986 1255 2387 121 1952 569 2348 1757 1499 214 1139 2350 1001 820 1603 2089 594 2787 1761 306 2151 334 255 2583 744 2060 2567 2448 2299 2526 750 2220 2404 1346 1766 300 2179 285 2030 1171 448 1400 2705 1397 1931 2203 308 2725 1205 2449 1904 189 691 2620 476 1670 1502 2554 359 2841 2216 1632 2156 22 1330 637 924 807 1922 1466 2261 2425 411 1227 2079 2591 473 2573 1889 2160 646 233 2107 1214 1188 894 2450 7 400 2230 508 761 229 1061 1442 466
000087.jpg,767 277 1938 1833 1443 889 2686 1747 2496 1753 2478 2777 2772 1125 2077 2302 1252 1165 2015 951 1834 2818 1759 315 70 191 2757 1557 18 2702 2315 1980 1842 2622 2685 369 1460 211 2624 297 1989 103 193 500 1845 988 2535 1793 126 1323 1235 990 688 745 2249 1263 2314 325 1186 2245 1006 522 36 536 1080 1891 2000 400 1474 8 1884 1671 401 1431 733 2276 1023 2507 1952 986 1511 2636 954 2514 1537 1413 1401 1308 1391 2620 2589 513 136 1817 2296 1548 2706 2216 2667 1502
000088.jpg,431 2510 1035 1390 2663 2561 2 1839 2532 601 2323 461 1986 400 1418 1065 1767 571 395 2644 1952 72 1256 1976 783 394 1197 1075 156 1423 597 1906 1398 417 375 2671 2829 1219 1333 1334 1928 2620 488 2786 2277 1266 2098 1801 2568 1904 2022 473 1343 2388 1922 529 856 2216 1931 1047 2242 1241 199 1686 1879 1757 167 1641 2495 432 63 332 933 1442 306 2661 2190 634 214 2108 2547 905 2494 1310 62 2029 2387 986 361 1166 1810 1272 898 702 2542 2410 714 2295 962 1397
000089.jpg,1721 2809 1473 1876 12 994 677 657 1881 637 2438 2435 67 2657 1931 1817 2589 1725 368 2779 2216 2708 608 274 1501 136 2685 2057 2583 1165 2683 1886 1703 2599 444 1406 1027 1952 1711 944 574 682 627 1439 2302 508 1582 128 1874 2719 1443 249 2291 2526 2712 482 864 915 2762 177 1288 2622 473 2509 1892 882 1833 494 526 1548 2499 2245 1223 2150 2507 2598 271 2704 2249 521 2089 2051 255 531 1899 1477 2308 2220 1433 1757 692 2154 854 1173 1902 2580 1938 2736 426 1868
000090.jpg,2153 894 2554 96 189 1632 2060 106 1032 1214 1171 2109 22 2567 744 2571 1108 270 1139 1661 1953 2841 214 1889 1365 2404 620 732 1696 1188 1797 2425 1858 2591 1227 2216 1602 2079 1703 2457 1866 468 411 2261 43 2313 1757 609 922 2115 1083 2160 1916 759 333 2705 2623 1891 300 2507 285 1766 2666 807 2498 594 1702 1671 1153 661 2401 2346 2526 586 1288 2230 335 309 2263 2168 1286 1217 546 2448 2348 565 2643 2831 924 5 2816 1763 1697 2043 506 1995 448 2572 1221 1904
000091.jpg,1896 2500 28 505 458 1827 2181 313 734 2674 523 587 2819 152 175 1741 1563 2283 1339 2479 238 849 705 2099 2370 1532 2689 2552 2365 1376 847 2250 972 2119 2228 2527 2177 330 2191 2716 2534 2557 81 696 1680 671 354 2193 2052 1335 503 2742 2764 92 1704 1117 68 602 653 2681 711 2592 1543 633 1111 1314 131 2322 772 1917 1475 2144 1297 1708 532 1746 1011 2812 1831 2236 1655 120 1875 2028 890 553 1332 2774 1781 2232 1037 1873 968 806 2610 2265 2597 1932 495 2091
000092.jpg,2044 85 2501 2411 1656 1934 1102 2528 312 2832 1644 188 2790 635 2817 987 1624 1405 611 943 221 1319 556 1926 817 2300 1407 1386 547 2082 2270 1983 2397 1422 2574 1092 259 1190 2670 826 2724 463 1029 2344 2676 1617 1552 2800 2544 712 2307 550 283 74 1993 1428 1146 4 2011 2424 977 2069 2631 445 1788 606 2837 2007 1208 1158 219 2538 2840 2084 2652 2419 2454 1045 1414 2564 622 1627 2133 1848 613 178 2836 1202 2289 2626 1328 2358 489 2148 562 1782 2646 1737 1796 1417
000093.jpg,1371 2359 84 2152 1144 941 1987 1960 2502 1219 40 1198 815 117 2141 2678 1605 2494 281 1184 1687 1922 396 621 2620 851 1757 1616 1205 1927 2216 2203 844 1064 940 1400 856 2608 2348 985 45 986 1726 171 2182 1171 189 333 2197 509 2577 1139 2503 2056 214 2030 1641 2386 244 1423 2760 1197 2726 1632 75 594 2116 2737 1004 167 2567 2497 2162 1364 905 2522 1744 1199 2060 2653 2645 2425 481 592 2112 300 1363 1434 713 460 1251 22 896 1336 1462 1979 156 1214 479 2751
000094.jpg,645 2011 2707 1054 1679 1623 1328 1444 1649 1663 947 445 2767 2836 2837 169 1782 2840 1029 197 1544 1658 1381 712 1617 463 2439 1552 1045 2628 51 2289 2050 2130 2241 1422 1218 440 1993 1948 1253 735 1261 64 2352 1369 194 155 1096 2649 1416 439 48 433 1640 1569 1051 562 1796 2650 2272 2088 305 2735 260 179 2454 1486 134 715 1417 860 550 900 2815 201 563 2631 1437 2721 1870 319 100 2652 2419 161 1489 1307 1636 2133 1860 1208 2375 2826 965 2084 1496 1586 1983 635
000095.jpg,956 1221 582 2261 2194 1697 6 546 285 1227 661 1995 1153 1083 1380 1541 669 476 807 1761 829 115 820 1188 759 732 2425 448 2677 2572 1090 620 1525 2168 1603 922 2623 629 1911 1084 2643 586 1763 1797 1702 1661 750 1108 443 1267 2167 2554 2831 2823 1082 1659 37 1560 762 1280 2263 1400 894 334 946 909 372 796 1260 1456 298 2313 1308 1537 1032 2573 1205 1570 2571 1285 2706 2222 2387 300 2153 275 106 411 2109 2705 1891 1284 2816 1286 924 2666 122 724 1006 973
000096.jpg,941 2502 2152 84 2841 1605 2141 621 1139 214 171 2348 244 2612 1616 1251 1364 2705 959 45 1064 2056 744 2522 2182 2760 2608 1671 2197 1171 1371 2404 8 957 2216 2503 1199 2591 22 2567 335 1214 924 815 2751 594 986 509 1363 1757 2386 2203 1232 40 2449 2230 2494 1726 844 1768 2761 2464 1889 2678 1987 1960 189 1766 2048 1927 2160 2448 1255 2425 300 1397 420 1250 1198 419 2179 229 1502 1315 2060 1632 2620 1184 1596 851 1205 856 2188 1144 783 2278 1882 2116 894 2079
000097.jpg,2663 2 601 1390 2510 431 2561 1035 1839 2323 1114 1075 1767 2532 962 1810 395 1798 1334 529 1418 578 634 1928 2644 702 2583 2759 1801 1219 1166 1952 2299 597 1830 1590 581 1821 2324 250 417 1427 646 714 436 2671 684 65 461 103 156 2577 789 2493 2504 2653 1346 2656 289 2149 2388 101 1533 374 1207 2029 1686 2242 2542 1241 364 502 2151 1197 895 2443 76 2471 1900 2277 898 72 903 1310 1442 1257 93 1603 2787 1107 2040 1986 2350 1608 1001 2074 1975 1230 1106 1423
000098.jpg,2411 1656 85 2044 2790 2528 1644 1926 1624 1102 2817 817 221 1934 943 2300 2832 1407 312 1405 635 188 2501 611 1319 987 556 2270 2082 1386 547 1422 1617 1993 826 712 4 1146 463 1029 283 1788 1552 1737 1796 2011 860 2631 2397 2069 2544 1983 259 550 1092 1417 1328 2454 2670 1545 2574 2045 977 1701 266 2564 1202 562 1045 2721 2419 2800 1190 1489 715 2307 2344 1710 1752 1369 2724 2714 2676 1569 2538 613 2289 947 74 100 2836 1428 1208 2241 1782 64 2652 2424 2477 1414
000099.jpg,273 2524 1242 2104 2460 2363 557 879 1539 147 1366 1660 2633 1619 2607 1480 2517 1863 352 1816 2595 2226 1059 1988 2431 2444 1025 2738 2175 1349 385 685 1925 1069 551 651 969 127 237 527 166 2844 2758 342 1341 1264 1837 2100 1811 2385 2675 1514 867 2468 814 1607 2131 1982 1571 2801 912 1181 71 1564 1355 124 1530 810 143 2833 2835 1215 2213 1684 577 160 2749 961 1803 1622 591 1338 2138 2139 1964 1629 345 2298 2692 2184 1587 405 1078 2710 667 1862 30 600 2271 154
000100.jpg,79 2068 2665 722 1067 2511 1547 246 1134 204 1463 2842 2741 350 1935 2041 2135 686 899 2580 2319 1076 2294 692 1944 2766 2719 2736 1452 1055 1868 1126 2286 140 2598 494 677 2813 2248 725 1464 2057 442 2825 657 12 2728 2436 574 2435 67 1874 2583 1223 1777 447 2291 2708 2382 1639 2509 1937 804 329 1899 359 627 2207 508 1473 1001 2350 2438 1185 792 2257 217 2296 1548 202 1764 1056 2712 400 2308 2251 1401 249 2809 1012 619 1892 637 1469 1886 444 915 491 1721 813
000101.jpg,872 2265 1955 1314 1003 2105 120 877 2594 2199 1543 1156 2306 552 649 1135 890 2610 1873 1885 1650 1099 2597 2681 261 2789 1117 2191 316 2237 1441 1332 602 963 1111 68 1109 1327 2212 699 2764 2822 1164 740 1991 771 2799 2052 367 2343 1852 1917 2144 2592 1823 2773 2193 162 2812 507 968 235 1182 1974 1302 553 1281 495 2715 1335 1746 2177 1010 1932 633 2316 159 131 1011 290 670 2322 1875 1813 456 1961 533 326 1376 2565 580 1461 1704 1956 2770 1912 2742 31 1293 1503
000102.jpg,2405 2170 3 1642 254 1958 2490 2336 825 1985 929 282 874 2256 1347 1121 212 2487 1247 2204 632 247 58 1595 233 1600 1762 2391 2054 243 2165 355 2734 2485 549 516 604 7 1128 2593 1447 490 1152 2696 318 1469 1554 2000 1353 2453 1370 966 1346 1909 662 2147 44 1396 1384 813 36 483 1431 1451 2437 2012 256 1036 1170 824 2180 1290 2257 1742 2458 1672 646 792 1077 1673 1331 1105 1804 1535 2718 2416 1633 1178 1625 446 1195 1869 630 1886 832 2793 91 359 16 800
000103.jpg,1539 2844 352 264 2455 2063 2797 2484 2833 837 2139 2092 299 1009 1982 1349 2371 2226 2175 2576 1242 273 2269 2104 2524 667 2776 428 1366 1619 1815 1925 969 551 1549 1816 879 1159 1735 2633 1122 891 403 342 1059 1660 1480 1571 2607 1025 17 234 2431 2385 2403 1572 913 1514 741 2460 2731 1863 127 888 557 262 1 814 1814 641 1589 267 1291 1520 1684 385 2486 2717 2710 2094 1238 1615 2635 2473 1540 2223 867 1630 147 2100 1803 2444 1530 2185 2189 2412 2727 1373 1622 1509
000104.jpg,2265 872 1955 1314 2199 2105 1003 877 2594 552 1156 1135 2789 1099 120 2597 2610 890 1650 1885 649 1873 261 2306 1543 1117 2237 2681 1441 2191 68 316 1332 1327 2212 507 963 1917 2822 602 2343 367 1991 740 2764 2812 1109 553 2799 771 1111 2144 1164 1823 968 1974 1852 1302 699 2770 235 1461 2052 2774 670 2773 2193 1182 2316 1281 2715 2177 162 1010 533 2592 326 159 2765 495 456 324 2565 412 89 1746 580 1813 31 1335 1297 1293 1912 1932 290 1923 1875 131 1503 1500
000105.jpg,1760 1712 954 1685 594 214 1139 2203 986 2348 1757 1502 1661 1113 2109 376 2179 1795 1602 1255 1361 1727 882 123 1171 1749 2831 589 2706 1397 1738 2677 2245 2555 44 2216 1263 727 485 106 1214 2567 2016 2409 1447 924 1773 96 1535 2572 2150 2841 894 1277 2058 1451 2705 2787 824 2401 658 16 2115 1659 767 2571 2111 1632 1874 1750 1891 624 1346 2620 22 506 1161 1548 183 1469 270 744 1603 2178 1288 482 298 1951 1953 1513 1322 1881 1032 832 1922 1582 1223 2475 2762 1525
000106.jpg,751 2437 1836 1593 1559 1672 2000 832 1451 2787 2700 1990 1361 1057 1749 44 954 1116 2054 1224 16 1535 1713 1178 683 1714 824 1685 2016 2317 1346 2129 1760 1869 946 646 1447 1773 1263 2518 1449 1073 1943 2540 1353 1795 2245 47 2180 2296 589 376 792 1951 483 1195 1120 378 1469 441 1594 1712 1300 1620 371 404 1838 2695 2249 676 1380 845 321 339 485 2677 1950 727 373 2383 2409 907 1601 2275 269 1113 83 2685 1165 541 1513 379 629 1697 1482 1750 2318 1147 1161 1609
000107.jpg,2844 2833 299 264 2092 2139 2455 1539 837 2484 2576 1009 2371 1982 2797 2269 1549 2063 428 2776 667 1122 352 1815 1735 1814 1925 403 2731 1159 1349 1619 2226 1589 969 2385 888 891 1366 2175 1242 262 2403 273 741 879 2412 1863 1816 2189 1480 2104 2633 2524 551 1571 1660 1059 2607 1514 641 17 234 342 1338 1572 1291 2431 1025 267 913 2486 1238 1509 1 2338 2460 2717 2185 317 90 867 2223 1824 600 2811 1698 1373 2100 1622 2473 223 2635 2215 573 668 557 846 2273 1540
000108.jpg,493 133 2374 2174 1792 1234 1358 1930 2004 2125 1861 366 548 57 2672 1758 2418 1196 859 976 1947 1575 2327 1580 280 210 1724 1034 793 756 570 689 797 746 2461 1279 1665 1664 1276 1392 294 1859 1765 2694 2184 1375 422 2456 228 2330 2229 588 2581 242 1193 2186 2838 2206 1551 2332 158 704 2039 1457 857 1072 656 663 2739 1877 1887 2590 2356 880 421 263 1229 2123 1776 2703 885 2662 801 1350 2548 2198 2321 77 1191 1086 1377 706 2659 884 720 798 1542 1030 170 1043
000109.jpg,2045 2755 2023 1584 258 770 747 1029 1362 1586 463 1897 497 1320 860 1796 2034 1417 1710 2735 2564 1788 1701 992 1096 1895 64 2724 2631 2076 1948 1190 1416 1208 2545 2289 1552 433 1993 906 2753 622 2046 1627 2676 161 2837 562 2352 712 606 2482 2646 1489 2628 2732 1569 1381 1617 1051 2836 259 74 2088 2130 439 1388 2670 51 2287 134 2419 2652 675 2707 1328 305 2650 1983 2721 2344 2544 201 900 2084 1151 1658 2767 319 1636 173 1782 2800 100 2649 1319 2011 2307 2626 178
000110.jpg,1325 1526 2516 1442 1511 1969 1779 2145 406 1385 2102 1992 773 1871 2763 519 1707 1138 2377 2613 742 605 1527 1731 535 186 1007 544 1783 870 2730 1966 365 1311 2299 730 1068 1424 336 1455 1040 1670 253 2788 1020 1142 2364 1794 1005 811 1850 2243 2680 2151 774 678 1581 338 2746 2519 673 610 1968 593 435 1131 821 410 1913 2417 2006 2290 2341 1094 800 1466 717 1110 2549 1243 881 2492 434 1894 2005 2087 2251 1379 1174 2830 1800 1573 2697 248 648 1645 2219 2095 1165 709
000111.jpg,1559 2000 751 2437 1943 2787 441 1451 1836 2695 1523 1361 2383 373 321 87 1593 1482 1950 541 371 845 590 917 954 946 2239 379 2240 469 2518 83 1014 1672 2033 1116 1346 2080 832 824 1263 1195 902 993 1594 1353 1869 2651 2073 2129 1535 2395 2540 683 1410 1905 327 1919 2605 145 1685 2296 2245 1120 378 1713 1300 1036 2345 920 1714 318 1990 187 2701 2621 2204 792 960 2563 1809 1380 339 2132 2016 483 2555 2020 549 2630 2054 1016 1224 2036 1352 1113 1727 863 1659 584
000112.jpg,1900 215 436 737 364 2040 2381 101 803 989 2504 341 251 374 581 766 2238 1427 328 2114 2242 1883 2759 1683 407 2579 1257 1786 789 1971 1106 1230 1898 962 572 2546 1798 2644 2542 395 1091 1334 76 2787 926 2323 1996 564 1818 1357 304 529 2495 777 614 1213 1801 1561 1180 617 2288 1137 2072 39 545 1207 1197 2277 714 898 230 2281 1558 1087 646 1093 1166 1394 2656 2149 1693 1928 1333 739 1346 634 63 1590 695 2699 132 895 2547 2784 1176 93 2022 754 2247 1228
000113.jpg,1916 475 2346 1723 650 2810 2043 2816 2171 820 1603 750 334 807 1188 1605 924 285 411 1882 2841 594 468 1502 2494 1250 956 2502 2179 1227 1979 1462 1471 1761 1139 938 2216 2387 2313 1858 1184 2261 2483 1397 117 167 953 375 1641 1219 1488 40 2768 1922 620 425 420 488 2359 1423 2573 1412 1610 1394 2620 2829 2495 1260 905 2152 1687 448 2726 1144 1180 38 1137 1363 614 182 111 2567 1205 2410 1232 251 761 1106 986 521 1171 322 581 2554 1931 851 1371 454 1558 2203
000114.jpg,416 2394 105 1778 355 1396 2696 1331 243 1673 1105 1554 1614 2257 813 1370 1946 1742 2660 1419 2331 1495 301 908 1002 2458 632 2600 966 1384 392 490 937 942 337 1978 2543 984 487 1705 2085 1200 1247 630 519 1518 1455 1077 1119 874 2697 1170 2718 1290 1681 2452 1909 2392 7 1017 2453 568 144 151 585 2087 2573 673 1347 1036 2793 1152 2417 662 1621 852 2593 448 2830 2519 2405 1676 2341 1600 909 1527 2204 2243 2782 2449 516 1142 604 1474 610 605 666 678 1133 2140
000115.jpg,1631 1394 545 1087 1558 898 714 1207 2277 1801 2072 1137 1166 1928 1298 529 614 895 395 761 1334 93 1590 2323 2644 1213 1798 1230 1561 304 1228 572 374 1197 1333 63 962 341 783 2579 2547 2242 1683 2022 1785 803 2040 695 1176 2381 1343 132 2114 581 251 789 2737 2542 1898 1900 1483 2546 2190 2656 364 1427 617 291 1257 149 2759 2504 101 1091 1476 576 1743 182 2238 949 2202 737 1971 1999 2149 88 540 95 1093 328 2785 1786 1103 1346 596 766 1883 777 1856 2745
000116.jpg,540 1631 1801 2277 529 1334 2644 2323 395 1798 1230 291 1561 962 1197 1394 572 545 499 1483 1683 2542 374 898 1346 617 2547 251 2579 2785 576 1087 714 803 1914 1427 1558 1996 1166 1883 1207 614 1091 1743 1137 1928 634 2242 2759 581 1689 596 789 95 1093 2072 1597 2504 1035 2114 2190 695 2381 1999 1103 783 2202 101 63 1176 341 983 739 1839 132 2295 1856 1343 364 2827 2040 1538 1333 2745 1257 407 777 1900 1898 1693 1786 1785 2238 1476 1213 2441 2699 766 1228 1298
000117.jpg,2556 1316 1496 1752 1965 1636 2272 2815 1416 1948 1096 1840 1860 2628 1146 1218 2352 2836 1381 2713 2241 440 194 201 1658 1051 2433 1782 2376 1649 2069 950 2545 1796 563 1545 2826 169 2837 2034 1453 2367 51 1569 735 497 2050 1045 1878 2389 2790 155 1261 1544 2840 712 900 2767 2439 1054 1486 445 305 1444 1926 2721 860 518 1624 260 2707 1586 1640 221 947 1328 1437 1710 312 562 1623 1584 2528 2289 1102 1489 2309 2300 2832 64 1617 1490 715 2652 2088 1679 817 1417 674 100
000118.jpg,2572 1525 2623 2263 1280 1084 2448 275 1113 1659 1205 327 2030 2303 1400 1487 1425 2791 924 2573 2203 2841 2620 1866 909 474 2101 2823 2115 2449 1032 214 335 205 1922 300 2591 2317 490 2230 189 2498 1502 2348 1671 1170 1560 1474 2571 8 1139 1757 2425 1108 325 387 2111 2535 1602 1696 1953 745 96 2706 2831 23 2245 594 2705 894 2156 2060 632 2216 1477 448 43 443 229 624 1738 2109 104 2677 1365 1889 1621 986 2168 2153 516 907 298 762 629 1171 2179 586 1697 2554
000119.jpg,1825 165 2558 1940 1130 1986 2292 2506 1841 2258 1962 1212 137 2305 790 97 116 362 2583 1606 1810 2350 1001 1075 359 1219 2653 508 2787 1346 896 2400 2483 1334 646 2493 488 1462 2151 2324 2495 1250 2443 111 1670 83 1390 1197 1820 76 1206 2001 2299 2494 1203 1641 707 938 251 985 1180 905 1528 1691 2247 496 2415 1209 1035 1997 2573 878 1423 1757 1106 1137 2410 2568 1801 1442 713 739 2359 634 1427 1798 1839 2224 1786 1900 749 614 2754 1192 2561 738 432 2804 855 1226
000120.jpg,1697 372 2167 2268 1911 285 1221 546 922 1456 6 1570 1380 1188 582 459 2677 298 1284 2666 37 1537 629 1153 1285 759 1763 122 411 475 2043 2171 2643 586 973 1916 1082 1090 829 2194 980 661 2346 1603 820 1891 732 1884 1502 2816 1308 1541 2313 690 807 724 1227 2810 1797 448 2179 620 2706 1865 2216 1260 334 2118 956 1267 468 2514 796 750 1858 2261 1995 1702 2841 946 2623 443 2245 2387 1638 594 1761 1322 2425 924 2691 1387 624 1083 2535 669 1922 1006 1504 1205
000121.jpg,2185 1411 2584 1694 1129 795 1440 143 386 2298 2616 1684 2801 2517 2529 718 1360 1112 1446 665 1630 958 1294 2460 1258 2481 1215 2246 557 1939 2271 2363 2139 1270 787 2833 879 2468 2844 1278 1514 1445 1366 969 299 810 1982 638 2619 2455 2092 2727 30 2100 264 1816 1925 1619 1571 1122 2576 1549 1589 1814 591 2189 2371 2731 741 2138 1242 1863 600 317 1480 1338 2484 1837 2385 2541 414 273 1812 1009 1238 2208 71 2215 837 667 267 1291 2710 1698 2776 2412 2524 961 2338 2372
000122.jpg,2068 722 2665 79 1067 2511 246 350 1547 1134 204 442 1463 2319 2041 692 1126 2842 686 508 2719 1868 2736 2135 12 657 1935 140 2625 217 2741 1998 1892 2580 1408 1771 677 1677 1076 2712 2598 1088 2766 2257 2037 1473 1464 725 2294 2308 447 1305 637 1052 255 1548 1639 1942 2573 271 2440 2813 521 619 2708 2286 2554 994 899 1452 1330 2499 494 2296 2427 2248 355 1777 1881 1874 1185 1757 531 915 2382 1055 2445 2825 2657 2589 96 1396 1006 574 2057 2436 1944 2795 864 2003
000123.jpg,499 545 1394 1898 1801 1093 2277 1631 1044 540 374 2542 783 581 63 2242 1087 1228 2579 1785 2114 777 2547 761 1683 2785 1091 2238 1334 1996 88 1476 1914 576 251 529 2546 341 2759 1856 2202 407 2504 132 2022 766 789 1333 2644 95 2190 1213 2745 1883 924 737 1176 596 1971 230 328 1137 1427 1230 1483 304 101 803 898 564 1106 2495 2699 2040 2489 695 1743 926 1818 1558 1257 2441 2381 2827 1900 149 2281 1693 614 2072 1207 1786 983 1180 395 1507 215 1798 1669 2323
000124.jpg,2433 1453 1490 2034 2713 2545 1496 2376 1796 100 1569 715 48 64 2309 2556 2721 439 1901 2272 1640 1860 562 305 2650 1316 201 51 155 1948 1965 563 1096 260 2815 2088 168 2289 2352 1584 2826 645 1416 1636 659 2840 440 1148 559 712 194 231 550 1486 2241 134 445 518 1878 2050 1552 1051 2454 486 1840 747 2649 1307 2538 2553 2628 1617 1218 2130 784 2652 433 1045 2439 1544 1658 1369 2732 2337 1381 2836 2631 2419 1123 2011 900 1422 2769 2714 674 197 1663 1782 497 735
000125.jpg,2516 1946 1526 1325 1442 1511 1969 1871 1779 2145 2417 1020 2830 2364 678 1068 2290 1311 2730 593 1966 1581 1968 673 1040 2243 2005 1142 435 610 774 2697 544 1794 1005 1131 2299 1243 2151 1138 730 2788 1850 2519 406 1379 1913 881 365 1731 821 2006 2087 2492 2613 1094 1174 2251 1110 2746 1385 1424 605 2549 1783 336 870 1527 2377 1936 800 2680 1992 1573 717 1455 338 253 1670 434 257 301 1466 2102 937 2341 535 410 811 2609 392 288 248 568 1800 773 1079 151 337 2219
000126.jpg,2043 2810 2171 1188 1697 2666 2816 1891 411 922 285 1153 1221 546 1456 582 6 1284 807 1865 1763 759 1916 2346 956 1603 820 475 122 1541 1761 1858 1227 468 334 750 2643 37 1260 2261 2313 829 2841 372 1090 1702 661 1380 476 620 732 2194 1139 2167 1797 1083 2387 669 980 1610 1696 724 586 1995 609 2168 1560 448 2677 1884 1015 2014 1953 1757 1082 2567 1537 473 1326 2425 2216 5 2404 1308 1267 2706 2514 1171 1570 1911 882 115 2109 443 1322 2573 229 123 1844 1904
000127.jpg,2648 2138 961 2100 1571 600 846 1622 642 2738 511 166 1828 2486 405 2614 573 2835 17 1964 1270 577 352 1939 1349 1338 127 1698 2255 317 2710 1618 195 147 2709 969 2223 665 1615 1815 2339 1258 1684 223 2635 2246 2175 2466 1341 1540 1630 349 1112 2758 1446 2473 1069 2372 2444 2820 2412 1294 879 685 1607 1803 1355 2340 1514 2213 2811 307 2595 537 2253 1816 2338 1366 2481 2616 1 1360 1520 2781 1811 1025 472 403 2455 1619 892 1159 1994 1812 2460 1539 557 2131 2013 1524
000128.jpg,2609 2843 288 2613 1138 1634 1110 2196 257 811 1871 1498 1731 648 538 605 1546 2697 1573 410 610 336 1454 112 1800 1040 2243 2763 678 2417 535 1309 843 937 1516 1133 2087 248 1850 435 1142 2830 253 717 773 2102 1966 2560 821 1466 673 1424 2519 365 800 2095 1913 749 2788 742 1020 2549 2364 1455 2251 870 1174 2680 1581 2006 2005 2341 730 2299 2377 2746 338 855 593 774 1068 1527 2492 1894 1794 1311 434 2151 1783 881 2290 519 1969 1379 1005 1079 94 1645 1131 1968
000129.jpg,2294 1944 1055 2728 725 2207 2741 2057 494 2291 1056 447 2766 899 2135 2435 1874 2842 204 692 686 1547 1899 1463 1126 2319 2511 1223 442 2825 657 574 2736 2068 2248 1935 246 1134 2580 722 647 2813 1067 1937 2665 2708 2719 1076 2382 146 2041 79 1185 1777 2286 2683 2639 140 804 1464 1452 329 1639 2438 677 1868 2393 1473 627 2598 682 948 1439 1892 1408 2809 491 249 444 2569 12 1721 1886 2436 1012 1725 368 2350 1001 271 2051 2499 1942 2583 995 1592 1677 1931 2037 67
000130.jpg,2185 1411 2584 1694 1129 795 1440 143 386 2529 2298 1684 2801 2517 718 2616 1360 1112 1446 1215 958 1630 2271 1294 665 2460 557 1258 2139 787 2833 2481 1445 2363 2246 1514 2844 1270 879 810 1939 1366 638 299 2619 969 30 1982 1589 2100 273 2468 2524 2092 2731 1242 1814 41 1925 2385 71 1571 1278 1812 1816 1122 264 2576 1619 2455 2371 2208 591 2727 2231 1863 1837 697 1549 2484 2104 527 1480 1373 1698 414 2776 912 1652 1264 2444 262 651 2541 600 837 1009 667 2675 195
000131.jpg,2510 431 2561 1839 1035 2 2663 601 1390 2323 1075 502 962 1810 2644 1114 2601 1908 2471 529 395 103 1801 2532 1207 284 1798 1767 578 1334 1310 2242 2583 1830 1333 702 72 1928 684 634 1107 2759 1821 461 1087 374 1558 898 250 903 581 65 1137 2277 2699 1976 2656 714 2022 1219 2216 1197 2324 1986 783 1346 2504 545 2493 2299 2072 2542 1608 1166 1176 2350 1230 1512 2149 695 1590 789 1106 76 1298 2388 2040 1418 1971 436 1250 101 2829 2381 1975 1257 1001 132 364 1065
000132.jpg,1944 1055 2294 2319 2719 2766 2728 692 447 725 2583 67 2825 2207 627 1126 2350 1001 442 1012 2736 249 2509 494 686 2135 1067 2057 202 2291 2741 2598 574 2580 899 1406 2286 2436 1869 1452 1777 79 1868 1223 204 1185 2248 722 1076 2041 1899 2665 1874 246 140 1639 2068 2748 2511 2787 2842 359 804 2435 2813 1547 12 954 1134 2683 146 2701 1463 2708 1886 2382 657 1439 1935 1464 1195 2475 329 29 1346 1451 378 2054 2000 2051 145 1937 876 2639 677 1361 321 2393 2329 1263
000133.jpg,453 981 437 1872 2009 1089 755 2449 2156 2658 7 1052 2299 2792 8 2151 1671 1757 1019 359 411 1791 1916 2216 1442 448 475 2346 986 2060 1889 2816 870 1188 2680 2573 1466 1139 1214 2567 214 473 189 2404 821 2839 20 744 1397 293 1613 1858 2425 1670 924 1329 2089 807 1502 306 468 308 1952 1346 1610 2107 1175 2313 229 2554 2203 510 2841 2620 103 148 1255 285 2508 2179 2261 2348 1761 594 2787 1766 637 1922 163 400 2387 2583 1227 2043 1603 765 646 2526 1044 1217
000134.jpg,1062 840 1932 2142 1813 324 129 1039 1923 501 1843 241 1281 467 1503 389 1024 495 2765 89 2634 2565 456 788 1875 1789 1378 2531 2687 1475 131 125 452 1011 758 2285 2715 464 1568 927 1026 1022 1706 2236 1655 1912 53 268 1275 484 2059 1929 1831 806 2301 2407 1730 2465 2505 1274 138 999 799 653 1662 314 1037 780 1293 159 2232 2611 31 1097 580 628 430 363 2244 1262 1220 1048 822 2091 1297 295 2053 2137 2632 113 1612 1008 108 1050 1335 290 1143 786 2398 326
000135.jpg,1810 2583 1001 2350 1075 165 1825 1212 137 2558 1940 1986 1841 1130 2258 1606 116 2292 362 97 2305 1757 2506 1197 2224 2295 1928 634 1839 1728 1962 1035 1346 1597 1689 135 986 1478 2413 1448 1383 1931 1590 1390 2566 2408 2472 1265 2493 76 2324 1334 1616 2354 1166 2151 2638 707 855 2561 895 1849 1558 2495 2299 499 790 184 1498 2323 739 1296 2526 2089 255 898 2560 1670 1256 1801 2653 291 1312 1255 2220 218 213 637 431 1722 93 1231 1442 1733 783 112 2615 1269 1219 1466
000136.jpg,2156 2645 1052 2823 1188 612 411 2098 396 595 1047 1858 1906 2313 2567 1214 2829 2627 2216 468 477 1227 856 2587 461 1904 2122 2751 1171 2747 744 1035 2679 957 1217 1976 400 2661 1610 306 2060 189 2625 752 2261 1903 167 473 1401 827 22 1931 1044 460 2573 2547 2043 419 2449 2346 2810 1889 448 208 2404 394 375 637 2089 1163 783 2277 95 1916 1093 650 2153 2841 1761 1260 571 2816 2410 229 488 1757 807 72 2554 1987 333 475 924 2074 1603 2526 1723 476 285 2726
000137.jpg,2138 961 472 1803 1069 2758 1341 1607 1828 1811 2738 551 2444 1618 405 2595 1540 17 2835 2340 1571 2635 223 892 577 147 166 1509 342 2100 600 1622 1059 352 46 642 1615 573 1964 2614 846 1167 1025 537 2431 2215 2385 2709 1862 127 2486 2710 1698 2223 349 969 1 385 1524 1270 1629 1812 2175 2266 1530 2094 2648 2013 2399 1355 267 1295 2298 2158 1652 1421 317 1807 195 2338 2246 1684 2466 1539 2727 1278 511 2781 2473 1520 616 2063 2255 2372 1338 591 1291 1572 1324 1078
000138.jpg,546 582 1221 285 6 759 1697 807 1702 2643 1260 732 1083 1797 620 820 1603 1858 1541 2313 372 1188 468 956 750 2167 1380 334 1153 2425 922 2194 1865 2268 1456 661 1891 2816 2387 1057 1761 1227 2261 2043 1284 411 2514 829 2666 1560 986 2089 2677 1570 104 37 882 2571 2220 482 1449 1387 1750 476 2346 1285 1263 2171 123 629 474 2526 423 475 1073 973 946 1090 1916 1911 2623 669 1763 2810 122 1308 459 2263 205 1032 907 298 2474 1696 1139 1084 2132 2572 1620 586
000139.jpg,2656 2149 1693 1971 1786 1257 1106 310 76 2827 1743 983 2787 2441 2190 695 1176 132 1357 95 596 149 2745 182 1856 2202 63 1900 2547 39 2381 2040 364 1333 2288 2504 436 251 2785 1346 1343 1091 215 766 576 1914 803 341 989 737 374 2242 2238 101 789 2022 962 1785 1427 2542 88 1798 614 1137 328 2323 1434 581 1230 1298 1334 572 291 2644 926 1207 1996 1476 2281 617 1818 564 2112 395 1999 2579 2114 777 1004 2759 2784 2072 2495 1180 1561 1213 529 1087 1197 1166
000140.jpg,2063 2455 837 1009 264 2484 1815 352 1159 2844 234 1572 913 1 2092 2399 2833 403 1520 2727 2371 1814 2541 2139 1349 1122 2797 1025 1589 299 2731 1366 667 1982 1925 1619 2215 969 1539 1571 1816 267 307 2576 17 2158 1615 1291 1238 2834 2776 223 428 1480 2385 2189 2403 2635 879 1514 1863 1735 891 2783 551 1660 2633 1684 2269 2431 342 2460 641 46 2175 2226 2529 2607 1698 1618 1373 2185 573 273 2104 2524 991 892 511 1059 385 2710 2771 1776 2298 1807 2100 349 1540 1242
000141.jpg,2479 849 2819 152 2365 1532 458 587 2716 2500 2370 2283 1827 2119 313 2552 2181 81 1741 972 175 847 1896 1339 2689 2674 505 523 1563 734 28 705 2527 2557 2534 238 1376 2191 2177 330 696 2250 2099 2228 671 92 354 2193 2052 1680 2742 1111 2592 602 2681 120 1314 1543 1332 1704 131 1117 2322 2764 2715 1932 740 1873 890 268 2144 1281 1335 2610 503 872 1813 1003 1831 2199 2306 1875 33 1708 449 2237 1912 1011 1037 927 68 2812 159 1293 495 726 504 2265 1955 1885
000142.jpg,1944 2294 1055 1056 725 2728 2207 2135 899 2057 2825 494 2291 2842 2248 204 686 1076 447 1899 2741 2382 2813 2580 1547 2286 2511 2766 146 2435 1067 1464 1937 2736 1134 804 1452 246 1463 574 692 948 2068 1639 1126 2393 1874 1935 2041 647 79 1185 2719 329 2708 677 1223 2639 2665 2683 722 657 1777 2319 2438 1868 140 682 442 491 2569 2436 1592 2350 2583 1931 1001 2598 2526 67 995 2509 217 1473 249 271 627 482 12 2589 2427 974 347 1408 2809 1757 703 1721 1881 1942
000143.jpg,1993 1663 1617 947 1328 712 1444 2836 1782 1045 2707 2241 169 1422 2837 1679 1623 2130 51 2050 2767 2011 1369 1054 1649 1552 2454 1381 445 155 2840 1658 305 440 1640 2289 735 900 562 1796 197 2649 1489 550 1710 1544 1569 2439 860 260 2721 463 179 1486 1417 635 645 1218 2714 259 221 1029 480 1701 1405 563 1437 1934 1948 715 2631 518 2769 925 1096 312 439 943 100 26 134 64 2826 433 1870 2790 2832 188 556 817 2538 85 2133 1208 348 2650 1624 1102 2352 1926
000144.jpg,2210 13 2520 640 1272 2671 2421 1038 1949 323 729 370 2578 571 933 2387 865 2083 2602 2568 1952 2640 1268 432 1065 1266 2221 1374 2828 1668 2415 476 2108 1227 332 429 2786 1562 2031 40 2029 1256 340 1399 955 743 1070 2333 2423 2227 979 820 964 400 1188 2493 375 592 21 2829 1430 2261 2048 417 597 411 878 2743 2224 1890 199 1888 289 1761 285 2573 986 1686 783 306 1418 473 802 1426 38 2449 554 2278 1976 1139 163 594 2400 1603 1462 396 2260 1197 1757 78
000145.jpg,2491 2252 1179 2682 1977 1578 945 1651 1920 841 2647 639 1579 1770 9 1063 2042 916 1470 1531 114 2723 1528 748 982 2349 2379 567 1851 2729 1769 1367 763 2225 919 1239 1657 1368 2459 928 515 1210 952 2304 2778 1354 923 1583 930 579 998 1154 528 2097 2559 2026 2618 492 566 7 227 2462 1031 1566 512 1209 1271 1351 812 781 2334 791 1854 1402 2369 50 2603 1359 2803 276 2209 303 1819 98 517 2081 1415 35 2775 2711 460 1772 1565 2658 1970 2585 2361 1287 723 615
000146.jpg,1496 2272 2556 1453 1316 2433 1965 2815 1490 1636 2352 64 1569 439 48 2376 1860 194 2713 201 1948 2721 715 100 1218 1051 1640 1796 562 747 2309 1416 51 305 1096 1901 1261 2034 2650 155 2545 2628 2241 1840 1658 1381 563 2289 712 2836 1422 440 2767 1617 1584 1782 1649 947 2050 1586 645 1054 1328 260 2088 2130 1544 161 168 169 1444 518 497 2538 550 2837 2553 445 2631 2707 258 2439 1045 2652 2069 1878 2826 2649 735 1623 1679 2755 231 1993 1663 965 2454 2011 1148 2133
000147.jpg,493 133 2374 1947 548 1196 2672 976 2174 366 2184 859 1758 1358 797 1765 1234 2004 1792 57 1861 756 1930 422 1575 2418 2125 280 1580 570 1279 1034 1724 2327 746 294 1664 588 793 2456 1859 689 2461 210 2694 1665 2186 2838 242 1276 1392 2581 158 2330 2541 1375 1193 228 583 150 2703 2206 1887 2229 1776 2039 1377 2356 1457 1059 656 170 2739 1877 1191 2548 1551 1229 2123 2332 2321 857 2590 1030 1086 801 884 1081 880 2460 2749 2175 2198 263 2363 842 2431 687 798 1497
000148.jpg,1545 1752 2389 1146 59 312 1624 4 635 2832 1926 2367 1102 987 2300 1405 85 221 2790 2082 1656 2270 1934 626 2411 1407 556 1386 817 547 2817 1644 2501 1202 943 2528 950 1737 2044 188 611 826 2069 1319 283 1799 613 1328 860 2714 1422 1417 1489 266 1710 1701 2477 1993 1190 1029 2515 2544 1617 2840 2631 712 463 2454 1788 2707 259 1045 2837 2011 1552 1623 1316 1444 947 2050 2312 2241 1796 2574 1983 2767 1649 2556 445 1468 2289 169 2836 440 735 2130 134 2397 1870 2133
000149.jpg,2045 2755 2023 1584 258 770 1029 463 860 1362 992 1796 497 1993 259 1897 1586 1417 1552 1701 1096 747 2631 2034 2076 906 1788 562 2564 2735 1617 64 2724 439 2721 1319 1208 1190 2046 611 2544 1627 622 1569 134 1710 2545 2753 1895 1416 712 2482 1948 100 2289 51 305 2652 606 1489 547 155 1624 900 85 433 2676 2419 1388 2837 715 2646 2840 817 1328 2424 2088 1381 1983 188 2670 2011 1422 2084 550 178 2300 2287 2367 48 2800 2707 2148 1656 675 1407 2344 74 219 201
000150.jpg,2810 2043 2171 2666 2816 1891 1188 1697 2346 1916 475 922 411 1153 6 546 285 807 1763 759 582 1221 1456 2643 1865 2841 1702 37 732 468 1603 956 1090 820 1284 1260 620 1083 1797 1858 1541 1139 1227 2313 334 586 750 829 1953 122 1082 2261 2216 1308 661 1761 2167 1570 2677 443 980 594 724 1537 1502 2179 1884 1380 1397 1696 2449 1006 2194 2514 335 2230 1080 1995 2168 1487 1027 372 2589 1214 2706 924 1881 1171 2245 214 2535 8 1671 624 1610 1703 2348 2779 1757 690
000151.jpg,2267 2380 2668 176 427 1236 292 2217 1553 901 2451 555 2384 1033 1754 698 1393 1429 1492 1699 2038 2032 142 1793 933 377 1521 2629 828 1431 36 2078 500 1053 2387 2798 536 839 56 2428 733 2150 672 1952 2120 853 2090 123 193 932 1049 866 358 1189 882 988 311 875 1886 2335 1477 986 1628 2083 823 1263 2793 889 1717 2667 1757 2686 1255 680 1132 2163 1747 2636 887 1602 2416 1225 1501 399 2795 2154 1233 1406 1750 1588 1074 73 2328 7 1910 1682 2655 380 2622 975
000152.jpg,2810 2043 2171 2666 650 2816 1891 1188 1697 2346 1916 1723 475 411 922 1882 807 285 6 1153 582 759 546 1221 956 1603 1541 2643 820 1763 1702 1260 334 750 2841 1865 468 1456 732 1139 620 1227 1284 1083 1858 37 1605 938 1250 1761 1797 1090 829 1570 724 2313 1537 1953 2677 181 372 1696 122 2261 1502 1397 2589 980 2179 2502 2514 148 594 2483 1881 1322 1884 1082 2410 586 1308 2216 2706 624 905 2167 40 1380 2245 661 443 2449 1080 629 2348 1150 2768 510 1006 167
000153.jpg,2648 511 2138 961 577 2466 352 1939 1270 600 1571 2339 127 2100 1698 223 969 1349 2709 2820 892 195 147 1615 2635 2710 1816 2215 879 1622 1815 1009 2340 166 2158 1828 1540 2223 2372 2253 2013 846 573 405 1159 46 1572 1619 226 1618 2835 403 2738 642 2266 1095 2175 2783 2455 349 2614 2541 1366 1409 1355 1863 1294 665 2595 1421 2834 1324 17 1338 2473 1660 1291 267 1964 2460 837 1514 2616 1480 1446 1994 2619 2481 1258 1238 1025 2226 2246 537 2486 1 2431 1925 234 2255
000154.jpg,1798 962 2644 395 572 1230 529 2323 1801 2277 1334 1561 1683 1197 2759 2504 2238 766 2242 1394 328 101 374 545 581 1898 341 617 737 436 2114 2579 215 2542 1093 989 803 2040 364 1900 789 2381 1207 1091 1137 407 2072 1166 1883 2656 251 1928 714 1558 2149 1427 614 1087 898 1106 1693 1786 1257 39 2495 2288 1996 2546 1333 304 1971 926 1357 564 1180 2787 646 149 1213 182 695 1818 132 777 2547 783 1176 76 1343 1346 63 1839 2699 2561 2022 1035 1298 576 1743 1590
000155.jpg,203 1524 1629 2749 2740 154 2468 1059 342 551 1811 2444 2710 1803 2175 2709 150 1072 127 147 2431 795 685 2595 934 798 1539 1167 385 2473 2548 1355 1862 1863 1619 1861 1807 1675 472 1377 2187 1375 577 185 2654 687 2198 1509 1030 1034 170 57 814 307 2403 1276 1025 2662 1348 2385 641 667 1 2226 1530 969 267 1859 884 1295 2727 1716 741 2776 1238 1201 1826 160 158 2339 1576 1373 2456 2461 1520 180 2460 242 1215 1078 2002 1925 82 2648 2174 166 1291 1060 2213 2675
000156.jpg,416 937 257 1516 1778 105 535 1731 1527 2377 1894 605 1455 2331 2341 2613 336 1040 2394 1138 585 253 1871 1573 410 568 811 434 2830 610 1110 435 673 1946 821 365 2609 355 1966 1419 301 2788 678 2697 1133 717 1643 2005 2251 248 2087 2151 593 490 648 446 1581 1909 2458 1800 1794 1676 288 1518 1424 2071 2549 1020 1002 406 2290 2519 1142 800 212 519 1466 2299 604 1645 966 544 1131 632 1757 1384 662 2145 2417 1779 2730 1850 1005 1495 2243 1968 2083 2543 2718 1301
000157.jpg,1795 1773 832 1161 1513 1847 1593 1535 751 1346 2016 1559 2129 2437 1451 1836 1672 1361 2787 2700 2000 1447 2111 376 824 1469 44 16 1353 1178 1685 1990 954 1749 483 1224 2066 240 2113 2540 2178 1713 1116 1300 589 646 1389 2054 1714 1115 727 658 792 1760 47 683 1838 485 2296 2180 34 1951 2422 2409 2523 2235 91 1804 2563 187 2172 1306 465 1869 378 2020 1169 2430 2673 2317 321 2245 83 1195 1712 2573 1594 1919 2651 1659 2073 371 286 29 2109 1173 2533 2239 1113 1517
000158.jpg,924 2216 1363 1471 2841 953 214 1139 2502 2348 1605 2152 2567 941 1171 22 2751 1214 84 333 2768 2179 149 2203 594 1502 744 420 1397 856 189 335 419 1488 2678 182 1927 1184 2060 167 1671 2022 1371 621 1632 2591 1333 63 957 2230 2816 2554 894 2573 117 2197 2153 1144 1217 2404 8 244 1723 1616 2494 2449 1205 304 1785 2726 783 1979 300 171 1889 2620 1726 2705 2043 614 1199 1687 2542 1213 1641 2346 2162 650 1250 1315 761 40 1394 1400 1137 2497 1916 1198 1960 1364
000159.jpg,1055 1944 2294 2728 725 2207 2766 447 2825 2741 1056 692 2291 2057 494 1126 2319 2135 899 2435 204 2736 442 2842 1463 1899 2719 1874 2511 1547 574 1935 686 1223 2580 2248 2041 246 647 2813 1067 146 1134 2068 657 722 1937 2708 1185 2382 1777 2286 2665 1439 1076 1452 2683 79 1721 1639 1473 2639 140 1464 1892 2051 1868 2393 1408 12 2438 804 1088 627 329 249 2625 482 2037 2350 948 1886 1677 1001 1942 2499 2809 1876 1012 1931 2589 682 1771 1998 271 531 2598 677 995 2427
000160.jpg,264 2455 837 2484 1009 2063 1815 1159 403 2833 299 2092 2371 1982 2844 2139 667 2576 1122 2269 1925 428 1814 2189 2776 2797 1735 352 1549 2731 2548 1589 1619 891 741 885 1887 2412 888 1350 2039 2662 2123 262 857 2356 1191 706 656 2385 1863 1542 90 1877 1338 1238 801 1291 1509 2739 1776 267 1229 2486 1457 2321 2206 1375 263 641 2590 1551 349 2659 1622 2403 570 2431 2338 2811 17 228 798 1366 317 421 687 1373 879 158 1571 1432 846 842 704 2703 2694 2327 223 1861
000161.jpg,1305 2512 2218 1504 1436 222 1790 1052 2362 850 1933 2071 1638 2691 2342 2355 755 1806 2450 1736 2156 2096 1321 935 1098 836 2645 897 612 2750 1709 2432 2201 2747 1621 2449 1047 2535 1023 2098 141 8 1671 1188 745 599 1474 2446 2829 325 1910 2642 2452 1757 1911 2679 1090 1163 1661 453 177 2055 2706 586 629 997 2122 1145 281 1085 396 2537 1903 1232 1082 922 2197 1006 37 401 2048 624 2083 477 122 443 829 1560 2571 594 1308 2677 2009 2216 2274 1456 986 1976 882 666
000162.jpg,1571 642 17 573 2100 1622 600 846 2486 352 1338 317 1349 2255 2648 349 2412 1278 195 307 2727 1698 1 1520 2223 1618 1409 2399 511 2473 961 223 2811 1112 2372 2253 1095 2635 1615 1270 2738 2616 2338 2138 234 1572 166 795 913 1540 1684 1446 665 685 1994 2340 2158 2466 1630 1862 1294 1939 969 1360 1129 2709 1025 892 2801 2215 2481 1258 1524 1828 1694 405 1812 46 2584 591 2131 1837 1629 147 2063 2246 2444 2541 2835 1181 2781 203 2468 127 2185 2710 958 1411 551 1803
000163.jpg,1525 2623 2263 1280 1084 2572 275 1113 2448 1205 1659 2303 2030 327 2791 1425 474 106 96 1400 1032 2554 2348 894 762 2115 2203 300 1170 1380 490 1866 189 1750 2831 1482 946 298 2571 2060 2153 214 183 1632 1263 1139 624 2080 2705 2514 2101 1255 2718 1762 1347 2593 2734 1083 448 6 2132 1922 1602 2620 909 724 1973 1352 2401 2677 270 1911 212 874 543 482 2293 1247 2245 2168 907 1633 2317 2071 546 516 986 23 104 1661 2204 1365 2425 632 629 69 1502 1757 1077 2195
000164.jpg,2801 2184 2460 557 879 2363 1215 1366 1619 2607 1863 2524 1925 1480 1765 1816 1982 2104 1660 2833 2385 2298 2633 583 273 2844 2517 1684 2431 588 385 1373 1497 641 1242 2139 1081 888 548 2185 1539 667 1947 1341 1607 867 991 814 2189 2771 2797 741 2094 1069 1549 262 405 2835 1807 299 2584 1509 2619 1295 352 1078 428 1530 2776 1278 1828 2175 2138 160 1939 2758 1988 1440 2092 1421 2371 127 2484 264 1652 687 2576 2529 1196 1129 1735 1514 798 527 537 147 143 1411 2231 551
000165.jpg,1889 2725 1766 2404 609 752 2457 744 2448 5 1696 2128 2115 2706 1032 2168 106 2572 189 2591 466 1904 2124 1326 163 183 1061 473 214 1602 2014 1556 2060 1280 1953 1632 1659 1757 1525 565 96 2508 236 669 1214 22 1171 306 2571 2230 1217 2366 894 448 959 2111 1084 229 2153 2554 1661 2263 1365 1797 882 2160 1139 300 1610 2109 2079 1560 2507 2348 2831 829 2401 2498 1113 2705 123 1866 1477 2623 43 2150 1108 2203 1401 23 661 2442 1286 476 762 1858 2261 2425 1844 2024
000166.jpg,1394 1631 545 2277 1801 529 1558 898 395 2644 1087 714 761 2323 1798 1334 1207 2072 1137 1213 1230 304 1197 572 962 1166 614 1333 1298 1928 2022 63 1561 251 374 1228 291 2381 1898 783 341 2547 2567 167 1483 1785 1346 1250 2242 149 1683 1597 1427 803 2579 1900 540 1757 2216 2751 182 364 1839 1214 1176 576 2040 2546 581 132 101 1171 924 76 695 1257 1343 1184 2573 1883 1786 938 2114 2656 1502 634 2542 2494 986 1971 1106 2759 488 1093 214 2483 2203 2179 60 1979
000167.jpg,937 1516 257 2609 1731 288 2843 1138 535 1894 2613 1546 2377 1871 410 1800 1527 1645 336 1455 811 1498 605 253 2341 1454 1110 2196 742 1040 1573 648 1466 2697 749 1634 678 2087 673 610 843 2243 2364 2788 821 365 2005 538 1133 435 112 1779 2251 1670 1850 2151 1581 406 1142 248 2560 1794 2549 2417 2219 2519 1068 2006 568 1913 2830 1174 593 1966 2299 1131 186 717 2145 2095 2331 730 1309 434 338 1385 1424 1079 2492 1379 1020 664 855 709 2680 1243 774 800 2746 1005
000168.jpg,1752 1545 1146 2389 312 2832 1102 987 1624 2790 4 59 2411 1934 1405 85 2528 1926 556 2501 1656 221 635 1644 2817 2082 943 817 1386 2300 626 1407 188 2270 547 2044 1737 1202 2367 826 611 283 2069 1319 1617 1422 2840 2574 445 463 1029 266 613 2477 1983 1552 2424 2397 1190 950 712 2515 2011 1045 1092 1328 2631 860 550 1489 169 2826 947 977 1468 2837 1993 2375 2714 2133 2544 1796 1782 1799 259 2312 900 606 1710 2419 1316 1444 2241 2148 440 2454 1663 2200 197 489
000169.jpg,530 2282 1518 1290 446 1301 1058 2140 451 1017 1909 2064 1567 2796 2257 813 1554 2696 921 1673 243 1370 1105 1384 1396 1331 355 1742 1614 662 966 1613 942 2085 487 2458 337 908 2660 2543 1681 984 1978 1002 542 2782 2519 710 54 2259 2243 2392 800 2251 2005 1850 1119 1094 2697 678 2087 2600 1495 2006 1705 1142 2417 1174 1936 774 2262 1581 2492 1913 2357 1455 1020 1200 1621 1966 1794 870 673 7 400 2331 881 2680 2658 593 392 151 301 821 2151 435 2299 1321 1419 1676
000170.jpg,2252 1578 1179 2491 945 841 1920 1977 2682 1651 639 2647 1579 1770 1063 9 2042 916 114 2723 748 1470 1531 227 1528 998 1583 1769 982 952 919 1354 2225 763 517 2778 930 928 567 2729 1851 2379 1657 2349 515 1210 2459 2304 923 1154 778 2097 1367 2618 382 1854 2026 1368 528 2559 566 579 1239 512 2711 492 1970 7 1209 1566 1271 2462 1819 2334 2658 2081 98 460 1402 1031 1864 72 2067 2803 1415 2775 2577 781 776 760 1565 1562 50 172 2019 791 1344 2369 1219 164
000171.jpg,789 2784 2547 1883 576 2579 1394 1483 1801 2277 95 596 545 1304 132 2381 251 2190 1091 1176 2202 1476 2644 581 1743 1900 374 766 614 2238 1996 1106 2759 1914 2288 1856 341 395 695 2504 777 1230 2495 926 2745 215 1180 1971 2114 529 2785 1786 328 88 39 2441 1137 2040 564 1427 101 63 989 737 761 962 2242 1818 60 436 149 1213 291 304 983 230 572 364 1103 1087 1357 803 1363 400 1257 1693 967 1093 2546 1798 167 2281 1898 2827 2323 2787 1197 1207 783 1999
000172.jpg,645 2011 445 1029 2707 2840 1649 1328 1552 1054 1679 947 1623 1663 1444 2836 463 2289 197 1782 1617 2631 1253 155 712 2837 2241 1045 169 51 2088 518 1381 1422 2130 440 1658 2767 134 2650 1993 64 2419 439 550 2050 433 1544 562 1948 1640 319 1569 260 2375 259 305 2735 48 1096 2133 1319 965 2652 563 735 2439 611 2352 900 1624 1486 1840 659 1983 168 559 1172 2538 2544 2649 1796 2082 2721 1369 2454 635 1218 1636 1584 2076 1208 1416 547 188 2628 2826 1878 161 179
000173.jpg,2232 2137 2091 239 1781 822 2794 1568 1262 2164 455 799 653 1127 525 1274 2236 2280 1011 1755 1503 113 1475 1282 1706 408 2715 356 2173 2311 209 1297 1505 1655 464 655 159 1756 1831 1097 296 89 1293 1875 31 999 805 331 1472 268 580 131 2765 139 2632 245 1024 1039 49 2053 927 2693 2402 1143 1303 1317 1273 838 326 1829 1612 1216 1248 314 27 1118 2698 1647 389 721 1378 2531 1789 1050 1140 1692 1972 192 207 1275 726 1395 782 290 654 806 2062 1787 1026 1813
000174.jpg,941 84 2152 2502 2141 1605 621 2841 171 244 1139 2612 214 2348 1616 959 1251 2705 1364 2182 45 2503 2760 1064 1171 744 2522 1199 22 1371 957 1726 2386 2197 2056 2567 2608 1214 1768 40 815 2688 2761 1596 2188 300 2404 2278 509 2751 2048 2494 1960 335 2591 2678 1671 1987 2464 844 1632 2230 2498 1927 420 2203 2720 594 2737 1184 1949 2807 986 644 1004 2448 2160 2562 1889 2116 481 636 1882 189 1198 1536 1315 1232 1515 940 1979 1434 1757 2476 117 1397 949 1318 1336 924
000175.jpg,1096 1416 1948 2272 2815 2352 1860 1362 1051 1316 2556 1636 1218 194 201 1965 1496 1569 64 2721 439 562 1261 100 715 1796 155 48 2034 51 305 2713 1586 497 2628 1584 1658 1381 2755 1897 2309 2241 712 1640 1617 2650 2545 1993 2433 2836 1552 2376 563 747 2046 1782 2631 1490 260 2289 992 2088 1544 1045 319 168 1328 645 445 2023 2454 947 1901 1422 2826 1369 231 258 2767 2011 2837 169 1029 1054 1444 2045 550 2130 1148 1453 463 2652 440 518 1679 900 1623 2649 2439 1663
000176.jpg,2019 1244 1147 1450 863 1646 2136 393 830 603 1120 2518 1805 1678 357 1507 2275 2550 575 339 775 2586 2754 1732 2080 794 1669 2780 1611 1482 1691 1620 2254 2630 2447 462 2347 2297 1104 2733 1016 2192 457 2368 1372 1517 279 2395 1832 1626 2621 1169 2701 1734 2233 584 2651 2329 2360 693 2345 2247 107 102 2637 2211 1014 1259 845 960 2383 1073 2641 876 2159 1748 818 2326 469 2684 2106 1192 10 2605 55 2802 2805 2234 379 1919 2020 1177 373 1382 2166 2804 2604 1459 2563 2176
000177.jpg,1228 1785 545 1333 63 2022 1394 149 182 1298 1137 1207 2072 1087 898 1558 614 1213 714 304 499 1801 2277 1166 2546 1928 374 1334 529 2542 1798 2656 1257 1106 1786 251 1971 2149 2323 962 2644 2504 1693 803 395 895 1343 2040 1230 581 2381 1631 1561 737 101 215 1743 1883 1434 2579 364 2242 76 132 1176 341 1346 1427 1900 2547 1197 2114 2238 436 2759 695 1590 572 93 617 2787 1357 646 2827 789 766 989 328 2112 2190 2699 576 634 983 1597 291 1683 39 1483 1091
000178.jpg,257 1731 937 2377 1527 535 406 2145 1779 1385 1871 1138 1894 2613 1800 605 742 1645 811 410 1516 1007 2102 1992 186 336 773 1707 365 2763 1040 1455 253 2341 2609 1969 709 1526 544 1110 2788 434 1325 1068 2516 288 2549 1966 435 2730 2364 1783 2830 821 2219 1131 1424 1079 678 519 1020 648 610 1379 568 1311 1442 1466 1670 1511 673 2417 1794 392 1581 2290 870 1005 730 593 1142 248 2697 1850 2005 2243 2299 1243 717 1968 1094 1419 1573 774 1133 2151 2746 2095 301 2519
000179.jpg,783 1093 540 1856 2785 1914 2441 95 596 2827 2413 2202 983 949 1996 2295 2737 407 135 558 2745 1448 310 1728 1999 2242 1476 1091 1383 1343 2190 2615 777 1743 2547 1683 1296 1231 230 88 2281 341 1265 184 1898 940 1478 2756 754 2112 766 80 695 529 2021 213 1945 119 1103 1693 132 2566 2114 520 2408 1176 1818 2472 1269 2644 926 1801 1004 576 218 564 232 328 967 1689 1312 424 1733 2354 1631 1434 2238 2277 1722 1867 19 1984 739 581 707 291 1180 634 2744 1849
000180.jpg,1371 1198 2678 1726 1960 2448 1205 1687 2030 2620 851 117 1199 40 1400 2494 592 84 2359 1184 2386 1922 2203 1880 1802 815 1987 1616 1144 941 509 1064 2348 214 244 2503 844 2152 2116 2141 2197 2056 621 2162 1139 2726 1927 171 45 2608 281 1744 2760 167 2425 744 2182 1979 1364 2522 189 454 856 1757 1907 1502 2060 396 1171 1219 300 959 1426 2502 986 1641 481 2573 1251 594 1488 1423 1605 1637 2216 163 957 1632 448 2591 333 2627 2751 2705 1462 2554 1197 905 1397 419
000181.jpg,761 1631 1394 545 1801 2277 1213 304 1483 540 2072 614 2546 1914 2785 783 924 2644 1137 63 2216 1207 1785 529 1228 1087 1333 2114 395 1093 581 2547 1091 1044 1558 1250 341 1230 1561 1363 1996 576 2242 2495 1798 2202 2022 1334 1106 1898 149 1683 2573 898 2323 291 2190 1856 488 1197 777 1641 938 251 1144 905 737 60 1786 2542 2841 714 76 132 856 1476 88 2086 2745 2579 2506 989 374 2679 95 1035 2829 230 1257 2381 926 1900 2483 1183 1343 1103 1971 594 983 182
000182.jpg,1749 483 1300 1353 240 2555 1727 834 2058 2249 824 1277 2000 1161 1361 16 1447 2437 376 1559 1469 44 1513 1451 1672 1178 2066 1593 2178 2113 1804 2054 1685 1847 1990 1389 1115 1773 1836 2409 954 2296 792 1951 2317 2787 2129 2016 646 658 727 761 465 2700 2111 2118 980 1502 1719 34 2540 47 1456 924 1884 400 2216 1346 1288 1306 589 1535 1995 2554 1795 485 333 1760 1044 1703 96 2422 2567 2571 1116 2109 1714 2523 1057 2573 677 1032 915 309 2153 832 1712 1171 2245 2136
000183.jpg,1492 142 2078 555 1553 1886 1699 1053 2668 1033 176 866 1393 1236 2267 2380 2217 901 2451 1793 1431 427 2384 733 680 36 292 536 1588 1132 988 193 2090 500 2032 1429 1754 933 377 672 2038 828 2387 2428 56 123 882 1189 2150 2629 1952 1263 2416 2335 698 1049 2120 986 73 2798 875 767 249 2475 839 1747 932 311 1352 1406 2793 1603 358 796 2348 1322 2686 1012 1255 1757 1628 1074 2378 2293 380 624 399 889 1602 1387 2667 372 820 742 2350 1001 29 2463 2154 1707
000184.jpg,2511 1547 1134 246 2665 722 79 2068 1067 1463 204 2842 1935 2041 2741 2135 899 350 1126 692 2736 2319 2825 686 442 2719 2766 447 1076 2813 725 2286 2248 2382 677 1464 1055 2294 2580 1937 2728 1639 1944 494 1452 1868 2598 140 2708 1185 2393 2438 2057 329 12 491 1223 2207 2436 1777 682 804 1874 2435 1892 1942 271 1056 1408 948 574 657 2440 146 2291 1677 1771 2569 2683 508 1899 2639 2625 647 444 1592 1721 217 1998 792 2296 2037 368 526 2509 1473 2499 1439 994 1555
000185.jpg,1946 2516 1526 1325 1511 1442 1731 1871 2549 544 1969 2290 1779 1138 1005 2730 2364 257 2746 2788 730 1243 937 2145 673 2299 1020 1068 1379 2151 1131 434 2830 435 1581 336 678 1794 365 1966 2417 1783 593 1110 2005 774 410 1040 1968 338 406 1142 2251 2492 605 1670 2219 1311 1455 2697 2377 2519 1573 1527 2613 2243 610 1174 881 1424 1913 717 535 2087 1094 253 1385 821 1466 2341 2006 1850 709 1800 870 811 2680 248 1707 800 1936 1133 742 1079 1645 392 648 1992 2102 288
000186.jpg,1810 2583 1001 2350 1075 137 1212 165 1606 116 2558 1825 2292 2258 1841 1130 2305 97 1931 362 1928 2295 1940 1728 1757 1986 634 2224 135 359 1590 2493 2413 1597 1383 1197 1346 2638 1035 2408 2526 1448 637 2220 1832 499 2089 1839 986 255 898 1478 1166 1748 1558 2472 1334 2151 1533 1390 895 2560 2324 855 184 1689 2561 76 93 1265 1296 213 2354 707 2106 790 714 558 2566 2653 1087 1962 2299 1192 1298 2506 1442 1466 112 818 2410 2323 2680 1330 431 521 2247 783 754 2196
000187.jpg,2789 1650 1099 2597 2265 2610 507 1885 1135 120 1441 2812 890 872 1955 649 1314 2191 2199 1873 1327 2212 2822 1302 2306 877 1003 2343 2594 1991 2105 552 1156 1823 1974 367 771 2799 968 235 1917 2774 1543 2237 2770 2681 1010 261 2716 1117 1852 1111 1332 740 670 1461 1164 699 68 316 1109 963 602 849 1182 2177 2819 553 2144 2764 2052 2773 2592 92 2557 162 1746 1827 2283 2527 2370 458 2689 2193 2500 2552 533 152 587 2365 175 81 847 220 1741 705 1376 2534 2181 313
000188.jpg,2792 1791 7 2658 2009 2299 1613 2151 1466 1670 1757 2449 986 233 1442 870 453 2216 1089 813 214 1139 1872 821 2348 473 2230 981 1255 2680 437 1603 2567 2156 334 1916 2573 959 306 2404 448 2823 1214 229 8 820 163 594 2841 1019 1922 1889 1671 1171 1061 2539 2346 997 335 744 1766 2620 637 2203 2591 410 400 475 1346 1188 103 2387 398 2583 646 411 1740 148 2083 300 750 1858 755 2079 933 308 2089 535 1397 293 189 2425 1904 1502 1931 1044 2060 691 1400 1952
000189.jpg,8 1671 1474 2449 325 745 2535 2706 1082 1308 2216 1090 922 2823 1844 1006 1703 1288 586 443 37 2150 637 1286 1763 2657 2425 619 1188 468 285 882 123 2617 459 521 565 2831 2313 1537 2712 690 2705 1560 2167 1032 829 506 334 236 986 1697 1153 1221 1858 1757 1387 309 956 1884 1904 1603 448 2841 1797 894 411 2507 2308 959 1267 2387 980 661 924 2401 750 2816 820 229 2153 2060 1456 546 1541 1139 2268 1953 2194 1570 2109 2348 2168 1255 122 2261 1227 1200 1866 759
000190.jpg,1663 947 1444 1328 1993 2836 1649 1782 169 1679 1054 2767 2837 1617 2707 1623 1045 2241 712 1381 1658 1544 1422 2130 2439 2050 735 440 1369 51 2649 179 550 155 2454 2628 1870 925 2011 26 1840 1218 1417 1640 480 305 348 2714 645 445 562 1261 860 2289 1569 518 1796 1489 197 2840 2769 715 64 48 1710 1029 1948 2721 100 1096 2538 1051 463 1701 194 1552 1636 2650 439 260 900 1416 1624 433 221 2352 817 2545 1788 2631 943 1644 2826 563 2088 2034 2528 635 1584 2790
000191.jpg,2034 2545 1796 100 1569 715 2433 48 64 2713 2721 439 1640 1453 562 305 2376 1584 1490 2309 1496 1860 51 155 2556 2650 201 2272 1316 1901 2023 1636 2755 2815 1096 747 1965 1948 2045 563 1416 2826 260 168 2241 2352 1051 2088 2631 2289 770 1617 712 1381 1878 1658 2439 1840 440 550 659 1544 2628 1148 194 1782 2050 518 1993 1045 1422 497 2836 134 2652 2538 860 2649 2130 2454 1417 1218 169 1307 1586 231 559 1486 26 547 1552 1369 992 1407 900 645 735 258 2840 1701
000192.jpg,352 1539 1349 2226 1571 969 1242 1618 1 2844 264 2175 2455 913 837 17 1572 273 2063 1009 2524 2833 2104 1059 234 551 1815 2484 1514 1366 1520 1025 349 2727 2797 2139 2100 1684 1540 2576 342 2269 1988 573 2444 642 961 2541 2092 2776 403 2399 1159 2223 1698 2710 2473 307 2246 317 600 1982 1816 511 879 1622 1660 2371 2138 405 867 154 299 414 892 1341 195 1630 2740 2633 1480 1360 2339 2338 1615 1338 2675 428 685 2486 2801 2255 2749 147 2215 1607 2614 2607 2412 46
000193.jpg,419 2554 894 2153 1927 1632 189 2060 1214 1171 22 2567 1013 2751 1336 815 1987 300 2079 1363 1315 1251 333 2141 744 2705 2313 856 2197 2160 2425 1364 2216 924 2726 2612 2261 468 2048 1605 45 2841 448 2188 2162 95 1139 1227 2688 2522 621 2152 2278 1188 1726 1858 2678 2720 2502 1217 644 167 171 481 636 396 1064 1199 214 1880 84 1671 1856 476 2116 2807 576 620 2547 2591 761 1907 1536 2562 1768 596 2386 42 2056 2760 2476 941 1744 1882 1476 1255 1304 986 1502 1757
000194.jpg,2561 2510 431 1035 2 1839 2663 601 1390 2323 103 962 1075 2532 529 634 1810 502 1801 1333 1821 2644 2583 395 2759 2022 1798 2277 284 578 1114 2242 581 1334 1908 1830 2601 2471 436 1533 1767 2829 2216 898 1394 702 783 737 684 461 304 250 135 1928 374 1916 101 2546 2699 215 1608 2656 65 1230 1207 1310 1683 1785 2542 2504 2787 545 364 1952 2295 1975 1597 1728 72 1087 1423 2040 2489 1137 2841 1693 2299 182 2346 1723 2238 213 63 411 1250 1219 1166 967 754 1197
000195.jpg,1357 39 2288 1180 2495 1786 1818 926 564 2281 1106 1971 1257 76 2787 581 2114 215 230 2542 1091 1693 436 737 1900 2202 2656 2493 2247 83 2699 1538 2324 1192 2653 1476 1940 2149 803 75 1219 251 2824 1856 2040 1846 2489 2190 1427 2497 2381 1641 1915 1528 2441 132 989 364 739 2745 789 1346 1197 60 117 1176 615 777 2804 1434 374 2494 1798 818 1743 95 1184 1914 2644 614 2504 962 1687 766 1334 198 341 55 2443 1825 1996 2641 1832 2733 1230 1194 2242 1979 1483 983
000196.jpg,79 2665 2068 722 1067 2511 246 1547 1134 1463 204 2842 1935 2041 2741 350 2135 899 686 2736 692 2580 2319 1126 2766 2719 1076 442 2294 2825 1055 725 1452 2286 1868 677 1944 2728 140 447 2813 494 2248 12 2598 657 1464 2057 2708 574 2207 2436 2435 1892 1223 2382 508 1874 792 1056 2296 1937 217 1639 804 329 1185 1677 2625 1899 2438 1777 2291 359 400 1771 1473 491 271 1721 444 2037 1804 1408 146 2583 994 682 1942 67 255 1764 2509 1401 83 1300 2054 2499 1330 1725
000197.jpg,645 2707 2011 1679 1623 1054 1328 1444 1649 947 1663 445 2767 2836 169 1029 2840 2837 1782 197 1544 463 2289 2439 1381 2050 1617 1045 712 2130 1253 1658 2628 1552 2241 440 1218 51 735 1422 1993 433 1261 2735 2650 194 1948 2352 179 860 1417 2649 2375 134 1369 1870 155 1640 1489 161 2454 439 64 1895 1051 562 1096 1416 319 2088 2631 1569 1796 1710 173 965 1788 2045 201 1860 48 2272 305 900 550 260 715 563 769 2287 2714 635 1437 2538 2133 100 1496 1636 1586 2769
000198.jpg,922 1188 1697 1763 2043 2816 37 2666 2171 650 2810 411 1090 1891 586 1082 1308 1456 443 1006 1284 1916 1723 475 122 2346 285 1153 2167 759 468 1603 1541 820 459 334 1882 1221 750 2313 1865 6 2643 1858 956 546 1227 807 732 1797 2268 1260 2261 620 2823 582 2216 1702 661 2425 2194 980 829 1761 181 1537 1605 2535 1380 2449 1560 476 1570 1703 594 1083 8 1884 2841 2476 2387 1474 2179 1995 1671 372 973 229 1288 1610 1139 1015 619 1285 1502 2706 2278 2712 2118 42
000199.jpg,1395 1317 1756 1921 1972 2402 721 1647 2061 1918 805 1303 412 799 1297 1755 1140 561 2053 1124 27 1037 2279 1050 314 2236 1472 1829 1216 1475 1187 1635 390 1568 1967 113 1924 471 1612 1715 402 1438 936 1168 2406 1299 1648 363 1008 1273 1293 391 580 159 1097 1143 2398 655 1692 1011 344 1274 753 653 430 2505 2465 326 1118 2407 1220 31 252 2698 1022 2301 108 2693 1505 786 331 1018 782 478 89 1048 2765 2632 1026 999 2531 484 2611 822 1822 1378 643 628 1024 758
000200.jpg,1306 485 1951 1361 589 727 658 1451 2000 1559 2540 2409 2054 2787 1389 1300 1115 853 646 2113 2066 2178 1685 676 1593 954 1353 832 751 483 1346 2016 240 426 2129 1161 1535 824 465 1513 1178 724 44 792 1195 2700 1881 2143 16 1847 1773 1113 2302 2430 34 1603 24 2296 29 2245 315 1263 2667 1712 1804 1672 1116 321 1165 2589 371 1443 1990 944 915 2677 1501 2475 2422 1447 347 1714 2437 145 1760 1817 594 2024 2003 690 376 1886 2514 1594 191 1713 1674 334 1502 136
000201.jpg,645 2011 2707 1054 1679 1623 1328 1444 1649 1663 445 947 2836 2840 1029 1782 169 2837 197 2767 1552 1045 1617 2289 463 712 1381 2241 1544 1658 2050 2130 1993 51 1253 2439 440 2628 134 1948 1422 735 433 1096 1416 1417 2649 2650 860 1369 1569 155 1640 2375 305 64 562 1218 2735 1796 2272 2454 319 48 1261 1870 1307 1710 1486 2352 260 2721 715 563 194 1437 1051 161 769 674 550 2088 1860 2652 2556 1489 179 1701 100 439 2034 1895 2419 2287 201 900 2815 2769 2076 2545
000202.jpg,203 1524 1629 2740 2749 154 1059 2468 551 342 1811 2444 2175 1803 150 2710 127 1072 2595 2431 1167 2473 798 147 687 1539 2548 934 385 472 685 1355 814 2709 2187 1863 795 1375 2403 1807 1619 1862 2385 1377 1859 307 641 577 1675 170 1025 2198 1295 1201 1861 158 2776 1276 242 1826 2654 1509 1034 2339 969 1030 2662 185 842 741 2648 884 1530 1494 57 1653 2002 1373 1432 2226 891 2094 867 2456 667 166 2206 1078 697 888 2771 226 1514 160 1576 880 2461 2717 2399 287
000203.jpg,1697 2167 2268 459 1380 1911 922 1188 1763 1456 1284 1090 411 586 37 372 1082 546 1308 122 759 1153 285 2643 1221 443 1865 6 620 582 2313 1702 1006 1260 732 468 1858 2043 1797 1267 1083 661 298 2810 2623 1285 807 946 956 829 2194 2666 796 2171 1227 1570 275 2823 973 2816 2593 1541 820 476 1603 2261 2168 980 448 2791 1761 334 724 2514 2677 475 1200 1916 2425 1884 629 669 1537 1891 1610 1015 1560 1995 1387 2449 2118 2318 2263 1084 750 2346 1205 1502 2245 2535
000204.jpg,1096 1416 1948 2815 2272 2352 1362 1860 1636 1965 1316 201 1496 1051 64 2556 1569 439 194 1218 48 2721 100 1796 715 2034 562 51 155 1584 305 2309 2241 497 1586 1897 2713 2545 1640 1261 1658 1381 712 2650 2433 1617 2628 2289 1552 1490 2755 2836 747 563 2376 1993 260 1782 2046 2088 445 168 1328 1045 2631 1901 645 1148 992 319 1422 2732 2826 258 659 134 2023 231 1544 2767 2553 1453 2419 947 2652 440 1878 2130 900 1663 1444 2454 1319 169 2050 770 2837 2707 1369 2840
000205.jpg,2433 1453 2034 2545 2713 1490 1796 2376 1496 100 1569 64 48 715 2721 2309 2556 439 1640 1901 2650 2272 1860 562 305 1316 51 1584 155 201 1965 1948 168 563 2289 1096 260 2088 2352 1636 1416 2815 2826 440 645 712 2454 518 2840 2241 2050 550 659 2628 1840 2649 231 2439 2755 1544 1878 1148 2538 1051 2130 1381 559 1045 433 747 1658 2023 735 1369 197 1617 2836 1552 194 26 2631 134 1218 2769 486 445 1782 1486 2714 1422 179 1444 2553 1870 2482 900 497 1307 348 169
000206.jpg,2823 1761 1227 1188 2261 476 411 1858 468 2313 752 1260 807 229 334 750 956 820 448 1603 620 396 2627 1610 2476 285 2043 2156 2387 2645 2810 2816 281 2425 1882 454 1052 2030 2060 2171 167 650 2449 612 2688 2098 2573 1217 1199 189 1047 38 1723 1916 42 957 2472 1139 2554 2829 419 2747 894 1757 1987 744 729 592 2089 2153 2483 2346 959 1171 941 2726 84 637 2410 1502 475 594 2162 2469 163 1250 1346 1744 2807 1462 477 255 1205 1044 2638 1637 488 375 111 2278
000207.jpg,546 1221 582 285 6 759 807 1702 2643 1083 732 1697 620 1797 1260 1188 820 1603 956 1858 1541 2313 468 372 2816 334 2810 1891 2425 750 2043 1153 2171 661 2666 2194 1227 2261 922 1865 1570 2387 829 1380 1456 1560 411 1696 1761 476 669 1916 2346 2677 2168 2623 475 1139 1032 986 2167 629 229 1284 2263 298 2514 2572 423 882 973 2620 2571 2245 594 1537 2060 1757 1080 37 1387 275 122 2705 2115 1084 104 1285 1502 1263 448 327 1400 1911 123 1525 189 1308 1659 1205
000208.jpg,540 1631 1801 2277 529 1334 2644 2323 395 1798 1230 291 1561 962 1394 1197 545 572 499 1483 2542 1683 1346 374 2785 898 2579 1914 251 1087 617 576 2547 803 1743 1883 2504 614 1166 789 581 63 1928 1785 1427 1091 1996 714 596 1137 2759 2242 1228 1207 1035 1558 95 2202 2827 983 2190 646 2546 101 1333 1176 132 695 1856 1093 2072 1693 2238 2114 739 1103 634 783 2441 2381 1597 1689 1213 2656 1786 2745 2040 766 1257 1343 1971 2022 328 1999 341 182 777 1538 1106 1476
000209.jpg,293 2787 1346 646 986 2387 1757 1466 1670 2151 1952 2539 2583 1255 2808 1001 2680 334 1931 2299 255 2089 2350 1175 535 2823 1329 2449 508 994 410 820 1603 2573 400 821 2009 1791 750 1019 2220 1205 437 7 214 608 2030 1188 2526 1442 163 308 594 870 411 2839 2348 761 691 1041 1872 2570 1740 1061 2156 2083 981 637 453 2107 1761 2620 1330 1904 1502 526 2625 2521 933 473 2216 1922 2060 476 1227 2179 2047 148 306 1139 1613 997 274 229 1400 959 20 807 359 2567
000210.jpg,2044 2411 1656 2528 1644 1934 2501 1102 2817 1624 2790 2832 85 312 221 943 817 1926 635 1405 2300 1407 987 188 611 556 1319 547 1796 2082 1617 1386 2270 712 2241 1422 155 305 1381 1782 259 550 2826 2836 1569 2721 900 1045 2419 51 1636 2652 1983 1658 260 559 562 2545 2034 1146 2439 1552 715 1640 64 100 1993 48 1752 2454 1428 2088 1092 2007 1878 2837 440 826 659 2574 563 1544 169 2358 439 2649 2133 1840 2397 2337 1486 518 2050 1208 283 4 1369 2538 2840 201
000211.jpg,1062 1813 324 1923 129 1932 788 501 1281 2142 456 125 1843 840 241 1912 1875 495 1503 1026 131 1789 2687 2565 1024 2531 1037 927 2765 1011 268 1039 467 1929 1475 2285 1655 464 1831 2407 1730 2301 2634 1275 1706 1124 2715 389 1715 452 2236 628 89 390 1293 1635 295 2053 2244 53 430 780 159 1220 999 138 2806 484 1097 806 1505 1335 1022 1500 1967 1568 314 1008 1140 331 758 580 1822 2059 363 1274 1048 1216 33 1297 1143 1662 1262 1941 1050 2091 1378 786 2611 2632
000212.jpg,957 1889 1802 2725 2464 1880 1766 609 752 2404 509 744 2457 2448 844 1696 2115 2128 1515 1199 244 1616 592 1032 1596 2706 189 5 2807 2060 2278 2182 2168 1364 2351 1084 1560 2760 1280 498 1064 183 466 2608 106 1637 669 163 214 2522 1726 45 1602 1927 2572 1858 565 1953 454 1556 2688 229 1188 2056 2591 171 620 2476 2261 1525 959 40 2751 1171 2627 582 1659 1139 1797 1269 2678 807 1061 1702 419 1960 236 2498 96 1426 468 135 2720 1945 42 2571 1251 388 2295 1326
000213.jpg,2548 1375 2662 2460 2363 1619 969 1366 557 2541 2727 879 1776 687 2298 2456 551 1660 1684 2844 2186 2633 342 2607 2226 1665 2385 1925 1514 797 1440 1816 2399 1059 1571 349 859 1025 892 2740 1572 2185 1480 2215 2529 2590 2139 1009 570 1539 2330 2158 1 837 2517 1724 2123 857 1664 2672 720 2584 386 2749 1043 2524 1947 795 867 1863 46 2100 2833 307 718 2455 913 2468 352 1264 2834 2229 2431 814 1196 234 1861 976 798 1411 1086 1540 267 385 143 2039 150 2004 1615 223
000214.jpg,455 822 2232 1262 2137 1568 2470 799 1011 464 653 1140 1706 1127 1024 2715 1282 408 927 1831 2531 1789 2765 2236 268 1274 1655 999 1503 838 31 1829 296 580 1475 2053 209 113 1505 1124 356 2280 726 49 1781 131 159 1635 139 1216 2396 390 1967 2173 1037 1097 1293 314 1273 1875 2687 326 2693 245 2794 525 331 1780 1932 1787 1275 1929 806 1050 452 207 1715 2301 295 89 389 1924 2142 2059 1143 383 61 418 1039 1755 484 1506 1730 1822 2806 1662 2698 2091 1299 1168
000215.jpg,1525 2623 2263 1280 1084 2572 275 2448 1113 1659 1205 2303 2030 327 2791 1425 474 1400 106 1170 300 96 490 1032 762 2571 2734 2348 2203 1380 1482 2554 2831 894 189 946 2115 2718 1762 1750 2080 1083 1866 2060 874 1347 2153 624 2705 214 298 1632 1973 23 2514 2132 2620 1263 1139 6 724 2317 2293 516 1922 546 183 2593 1077 1255 104 2168 1352 212 632 907 2204 2677 1602 828 1697 2101 2401 543 2245 1247 1036 986 2195 270 58 2111 1502 2071 448 909 2165 2425 318 1152
000216.jpg,702 1830 903 1114 1107 1908 2388 1767 284 65 2601 502 2471 1310 1512 103 1608 250 1821 578 684 1975 1839 1035 1922 2323 1144 431 2620 2644 395 1397 1390 1075 1232 1810 2510 962 45 1184 851 2056 2561 1687 1423 1400 1219 2216 2608 2661 1197 117 1986 420 1502 375 2169 1064 2494 171 1798 40 1610 1426 285 2503 1832 1940 2182 1166 1641 251 601 581 783 167 844 529 333 2495 1217 2 42 1686 1065 1900 597 1616 1605 1364 306 594 1916 2663 2029 1928 2179 1427 923 818
000217.jpg,1207 2072 1137 714 898 1558 1087 614 1166 1928 895 1590 93 1298 1334 1798 2323 1333 962 2022 2644 1427 545 634 529 364 395 1561 1786 1971 1597 63 803 1230 1801 1197 1257 2040 251 2656 1228 2759 1394 2149 2242 1683 101 374 1900 2787 2504 1106 572 1693 436 789 1213 2277 2381 695 1346 215 341 1689 76 1631 737 581 1785 291 182 2699 304 2324 646 983 1091 766 1743 617 1728 989 1898 2542 2295 1176 2546 2238 328 2493 1265 1839 2579 1343 540 2756 1538 1846 2489 783
000218.jpg,79 722 2665 2068 1067 2511 246 1134 1547 1463 204 350 692 2041 2319 2842 2719 1935 442 2741 686 2135 1126 2736 2598 2580 217 657 1868 2813 677 140 1639 1464 12 899 1076 2712 2436 1223 2766 2286 447 1874 637 574 482 255 2427 2308 2248 1777 2382 725 494 508 2057 2708 2438 619 1088 1548 2291 2625 1771 1937 1185 1998 2704 491 1330 2825 1452 521 1892 2294 1052 2445 1632 2657 2526 106 2257 1677 2435 2393 682 2809 531 1757 1408 96 1396 2728 915 2296 1703 1473 191 500
000219.jpg,2801 2184 2460 557 879 2363 1215 2298 2517 1684 1863 1619 2524 1366 1242 2104 1925 1947 583 1765 2385 273 1982 1660 1081 548 2607 1816 2189 641 2833 798 1480 2844 1939 127 2139 2633 2185 385 1807 1295 2431 1278 2710 2771 1129 2175 1549 352 1341 1514 1539 1373 143 1988 1607 2619 2444 588 991 299 2595 1571 888 405 2529 2835 867 1724 2584 147 969 2797 2468 2776 1803 1294 1069 1509 262 1497 697 1811 428 651 1446 2581 667 2187 2738 527 2672 2662 2576 1440 1828 741 1193 685
000220.jpg,887 118 819 1585 1667 2575 2065 2328 808 875 311 2416 2793 975 1211 7 25 2310 151 2488 513 2658 1643 823 568 2299 1670 399 2364 2458 1510 1519 2636 427 1455 1479 2151 1005 2668 921 320 2730 1033 2064 1958 392 176 1384 710 336 1174 555 2150 2746 2788 2593 1325 2341 673 1794 1347 2147 73 123 2005 2251 1682 1131 54 1290 1969 253 2217 292 2451 1783 2165 2219 1233 1053 593 966 882 1084 2384 487 2318 1263 901 910 2474 186 2282 2722 1243 2032 542 1518 2012 1393
000221.jpg,2706 1696 909 1139 183 2115 2841 214 2348 2401 959 1953 1866 744 2705 1602 236 2831 1113 2572 2457 1171 1570 106 1477 2677 1214 22 565 270 1525 2263 2567 609 2404 1560 298 1365 1458 2203 5 189 2109 1032 1632 2303 229 506 1286 594 1397 1766 1922 1084 1889 1280 629 300 96 1659 1502 1221 620 448 2620 2060 6 986 2623 1661 1108 882 1844 2591 543 43 2554 2153 807 732 2425 2150 2160 2498 690 2571 1263 1083 1738 894 1750 387 1326 1080 1217 1754 582 1603 1205 466
000222.jpg,2460 557 879 273 2104 1242 2363 2524 1619 1863 1366 1480 1816 1925 2607 1539 1660 2633 2431 127 147 385 1982 577 814 2517 352 1025 2385 2175 867 1530 2595 2468 667 160 969 1078 2094 641 1349 2710 2844 2801 2444 2833 2226 2797 551 1373 1509 2619 1341 2139 991 1939 1807 1069 741 2771 1684 1607 1803 888 1514 1355 810 262 685 1059 2576 1988 299 1215 2709 2271 1295 2758 1421 2529 30 2455 1571 2738 1811 2138 787 527 71 2092 2100 1524 264 2184 2783 1630 958 2213 1549 342
000223.jpg,2066 2113 2178 1389 1115 1685 954 1951 485 1306 1361 1760 1559 2000 1451 727 1513 589 1712 2409 1161 658 1300 1353 1773 1847 2016 483 2787 2054 1593 646 2540 2129 1672 240 1346 2437 824 1535 1447 1795 426 44 16 792 1990 376 1749 2024 2296 2700 2430 1178 1804 832 2249 924 751 676 1116 1836 2143 1502 2111 1469 465 1113 2567 1713 1714 321 378 2180 443 1727 1869 393 853 1719 371 724 1171 24 1195 1881 594 2179 34 1288 2245 2841 145 2216 1027 2203 22 2136 683 1224
000224.jpg,1268 2333 340 1065 571 2786 332 2227 1256 2029 2108 1418 979 429 1562 1686 597 2743 417 886 432 802 1430 1890 21 199 729 878 2568 1879 2415 289 554 1038 865 868 1398 2578 1888 2421 62 2083 302 1047 2098 681 1906 2829 2640 2747 1976 1949 1035 2221 1266 612 361 394 2671 1952 933 2423 400 1272 323 72 1374 743 2520 1757 2122 78 2216 893 2561 63 783 2449 2602 1729 2679 2210 1839 986 1668 2400 461 2828 2022 488 964 1333 2775 213 1399 761 2031 1394 8 460
000225.jpg,2138 2648 961 1828 405 2614 2835 1964 2738 2100 166 537 1571 600 846 642 1622 1341 1607 17 573 2758 2486 1069 352 1338 511 317 2255 1270 577 1349 2473 2412 1618 1698 1540 969 2339 665 2635 2175 2338 1816 2223 2094 1660 2709 1366 892 1025 2811 195 1619 1939 2710 1615 2820 1539 1684 2246 1446 1421 127 2340 2781 1078 385 1095 1530 147 2253 2595 2399 1258 879 1294 223 349 1514 2607 46 1520 2385 2460 2431 1630 2466 1159 1803 1409 1480 2013 2226 160 1815 1994 685 2481 1112
000226.jpg,1447 376 1469 16 2249 44 2113 2178 2066 1389 1749 1300 2317 1115 483 1535 761 1353 832 240 1361 2000 2054 2437 1451 1727 1161 1804 1951 1672 727 2555 589 1990 658 1559 853 1513 834 2409 1847 485 646 824 1178 1836 426 1346 2024 792 2058 2129 2111 1306 2296 1719 2540 954 2571 2787 2700 1661 1502 1685 1593 924 2016 1171 2430 2245 2573 1773 2109 1659 1032 465 400 1632 1214 2216 2567 2303 1277 1288 2554 1703 1263 2153 1113 1995 189 594 1865 1057 1881 1188 122 2143 2535 2222
000227.jpg,1525 2623 2263 1280 1084 2572 275 2448 1113 1205 1659 270 1365 2030 2115 2303 106 183 1866 1032 2791 96 490 189 1108 762 214 2571 2101 2718 474 1458 1170 2401 482 2591 2348 1632 2060 2554 2639 43 2160 2203 327 2498 1400 300 894 387 1757 647 2442 1139 2831 2168 1696 2079 2425 2705 620 959 1602 2683 2153 104 2823 2261 1738 909 1922 236 1874 1255 23 594 2111 1482 1083 2620 2230 1973 448 2677 516 1223 1591 1425 2317 752 1477 1889 1502 1171 986 661 732 1797 2331 69
000228.jpg,757 558 2295 135 213 1728 2413 1533 184 1631 754 2408 761 783 1597 1689 1231 634 707 1394 2354 520 1448 2277 1801 1265 1093 473 2566 540 1296 1269 1904 1945 1383 2638 2472 1478 1898 1849 2615 2725 149 2464 119 2751 232 1312 80 1889 2404 1228 1558 375 545 2508 19 214 424 967 529 1333 1757 1087 498 1061 1766 957 2756 1298 2351 1984 1839 182 2224 1722 163 63 1931 306 898 1785 304 614 1867 2022 2323 983 2072 2190 2169 425 739 2567 1139 2644 752 2242 1171 341
000229.jpg,1753 1125 2777 2772 2077 2478 70 1759 2757 315 1557 18 1834 1842 951 2015 1252 2622 1165 2818 2302 767 191 277 2315 1443 2702 1938 2685 1980 1747 2686 889 297 1833 1235 688 103 2667 990 2624 522 853 2583 1323 67 2430 2509 1186 249 369 29 1989 126 485 1869 1012 954 2314 1951 1391 1413 1406 426 1389 2143 202 2276 1845 2000 1511 1559 2787 1306 2409 1195 931 1451 2296 211 646 1361 2533 1685 1263 2299 1353 792 1346 1001 1886 1969 589 1236 123 500 1804 2178 1460 986
000230.jpg,2433 1453 1490 2713 2034 1496 2545 2376 1796 100 1569 2309 715 64 48 2556 2721 1901 1640 439 2272 562 1860 305 1316 201 2650 51 155 563 1965 1948 260 1096 2826 2815 168 2352 2289 2088 1584 659 1636 1148 1416 559 645 747 194 440 550 2840 712 2050 1878 2553 1486 1307 486 433 1218 2337 2836 231 134 2649 1051 2454 2652 2732 2241 1840 445 1369 1437 1123 2538 2133 784 2439 518 1544 2628 1658 1381 1422 1045 2130 900 1552 169 2007 197 480 1617 2419 161 674 978 1782
000231.jpg,2045 2023 2755 1584 258 770 747 1029 1362 1096 463 860 1701 2735 1897 1416 1948 1993 64 1417 1586 2753 1796 497 2289 1552 2631 1788 2482 2034 155 2011 562 439 1320 1895 1617 622 1710 1627 606 1190 2721 2545 1569 51 433 100 715 992 2837 2724 712 675 2076 2840 2650 817 2676 305 134 1640 2287 2130 1051 1624 2732 1489 173 906 2836 2628 197 1045 1649 169 2352 161 2707 2046 178 2646 1381 2767 1208 1319 201 85 1328 48 440 319 2626 1544 1782 2300 1775 547 259 2564
000232.jpg,372 1697 2167 2268 1911 1456 546 1284 1188 922 1995 285 411 2573 1221 122 759 115 582 1260 807 2043 6 2810 1153 1570 1380 2643 620 2171 459 732 586 1865 37 1763 2222 2666 2823 1082 2677 1702 1308 1858 1916 2346 475 468 1090 1797 1537 298 2313 443 1603 829 1891 629 1227 820 2623 1502 2816 2841 661 1205 1285 2030 1083 980 1084 2791 2216 1541 1750 2261 2194 1006 2179 1661 724 275 1280 1659 1200 1263 334 2245 1139 2514 1884 448 1032 1525 690 2535 956 2303 189 205
000233.jpg,887 118 2065 819 1585 1667 2575 808 2328 2416 975 875 2793 311 7 25 151 1211 2310 513 2658 2488 399 2299 2636 380 555 73 823 2668 2217 1643 1384 1519 2593 1958 901 921 2064 142 1510 1263 427 1233 816 2165 2722 2150 2267 2364 1742 1492 1670 1479 662 1053 2147 1165 2655 320 1033 2746 568 2302 1005 710 392 1085 1717 2341 2458 2730 1969 2163 1553 1628 487 1352 2078 2782 1682 1750 593 1380 2151 1290 767 2380 2475 1455 1322 1243 1393 1511 2667 2005 796 2318 882 123
000234.jpg,1801 2277 1394 576 2547 789 1483 545 2784 2644 395 2579 529 596 1883 95 761 614 1304 1230 291 2323 251 1631 2785 374 1914 2381 1137 2190 1197 1176 783 1091 2202 1427 132 1103 695 856 400 1476 1798 967 1743 63 1087 572 962 2661 149 333 827 2759 60 1035 101 1900 1856 2072 1839 2242 88 2745 1180 581 1228 1093 499 341 2495 1207 1363 1996 2238 1401 2288 739 1898 1999 766 1213 2504 983 1334 646 1217 304 1904 215 2040 167 1346 737 1106 1558 2441 1044 76 898
000235.jpg,2454 2769 26 1870 348 925 2538 2649 480 1369 2714 179 550 712 2130 2050 1045 1417 735 518 1788 440 1422 1701 1617 1710 860 2241 1489 2840 2375 445 305 2289 197 1552 1172 562 1640 645 155 2650 168 463 1840 1328 2011 259 2721 433 1993 51 1569 524 260 64 48 2088 134 1782 1796 2826 611 2148 2419 2836 169 1983 2200 439 2652 1029 659 2544 161 1658 977 2631 1319 2707 2556 100 2439 2574 1649 188 1444 1878 1895 970 1624 1092 489 1453 817 769 1496 947 1381 715
000236.jpg,2648 2138 511 577 127 600 1939 1270 1622 147 2100 1571 2710 352 961 573 846 2709 17 1815 166 2486 226 403 2738 1159 2466 1167 1355 223 1803 2455 1828 472 2820 2835 2595 1421 405 2481 1530 2266 2255 2431 1338 1619 1863 2094 1630 1258 665 2246 642 1509 2444 2385 317 1816 1660 195 2412 2614 969 385 1607 1698 1009 1069 2175 2635 879 1964 1078 1349 2339 2619 1811 2616 1341 1278 160 1366 837 537 2758 2607 1446 2633 1807 1615 2372 2063 888 641 1294 2811 667 1540 1925 267
000237.jpg,956 1221 2194 2261 1697 582 546 1227 661 1995 6 285 829 1153 669 115 476 2168 1911 1380 2425 1761 1541 1267 2623 2677 448 2823 1797 2572 759 1188 732 629 1108 820 1084 1083 1525 1603 796 807 2167 334 2643 750 2387 620 2593 1090 922 1280 946 1560 1456 1661 1537 1032 372 980 2706 1400 2222 1286 2355 1884 2263 2118 2573 1866 2313 1763 1260 1082 2831 1387 724 2791 2691 1659 1638 894 924 586 690 122 275 1702 1205 762 1200 909 2512 2705 1284 2030 2554 1285 298 1922
000238.jpg,1361 1451 2000 1559 2054 727 658 589 2787 1306 1951 485 646 1300 2409 1593 1389 483 1115 832 1685 2540 2113 44 954 1353 240 2178 2066 1447 376 1672 1513 751 16 824 1346 2016 1535 1161 792 676 1749 1804 1178 1847 853 2437 2129 1469 2317 2249 1773 2700 426 2296 29 1990 2430 1244 1836 2490 1869 2024 724 2136 1116 1712 1263 1760 1719 2111 393 1881 915 2143 594 1886 1795 2589 2533 1113 2475 36 378 1501 1482 2180 1149 321 339 1714 863 761 1958 1322 2245 1195 128 1713
000239.jpg,1790 1933 2071 1638 222 1504 850 2512 2156 1321 1098 935 2096 836 1052 2355 1709 2362 1305 2750 2432 2201 2342 2691 1806 897 1911 1023 1621 2446 2642 599 141 1145 2537 2055 401 2452 2593 666 2163 1628 99 1510 2420 823 177 1085 320 1717 1387 1676 1200 2449 399 2655 2318 1160 2636 1682 816 73 1479 908 380 451 1808 1233 1550 144 1865 2722 796 1910 1006 630 1105 1474 2083 1661 2167 1058 2168 443 678 632 2087 586 8 829 1757 629 2060 476 2535 984 1002 1032 2296 2573
000240.jpg,2021 2756 967 754 2408 1728 1231 213 739 1597 707 2638 634 1689 2354 2615 1448 1849 1265 2787 2224 2295 757 2413 119 1478 184 1269 135 1296 1383 218 1867 558 1722 1529 2566 80 2472 2390 424 520 1984 232 1312 19 1733 1945 1533 529 498 646 425 1334 1798 291 1426 1298 2323 2644 983 1558 1061 364 388 962 1839 1346 2744 540 1207 1801 1427 714 375 2464 76 898 2493 1035 2324 1180 1786 2725 1166 1693 789 2508 395 163 1928 466 2247 251 1900 2190 1091 2072 1219 473
000241.jpg,1439 2183 2051 574 2291 2057 482 1931 598 2526 1223 2220 2704 2089 1433 939 2427 2683 2445 494 255 2639 1874 2435 217 1330 2499 647 1899 368 1555 1725 531 1088 146 444 2719 657 692 447 608 2589 637 274 994 1408 864 2319 2728 2440 1942 526 128 944 1881 1055 2475 508 271 2308 1721 725 1677 1876 2657 2438 1592 1473 1998 136 2037 1892 2207 1501 677 2712 2625 1639 1817 1902 12 2766 1944 1771 347 2809 686 2294 521 2378 224 491 1654 329 278 1757 995 1185 2436 1582
000242.jpg,2460 2363 557 879 273 2524 1242 2104 1619 1366 1863 1660 2633 1480 2607 1816 1925 2431 1539 2517 147 385 127 867 1025 2385 2595 1982 352 814 2175 667 2468 2226 1349 2444 969 2844 641 1530 1988 2738 2833 2801 1059 685 2139 1514 551 2100 1684 2619 160 1509 166 2771 810 2298 1803 1571 577 1215 1069 1373 1078 1264 1811 527 2576 237 1295 342 651 1807 2529 1939 2710 2094 71 1341 991 1355 2675 2184 2797 2758 2835 143 1622 2783 2749 741 1607 912 2455 2131 2213 2271 405 1629
000243.jpg,767 277 1938 1833 1443 889 2686 1747 2496 1753 2777 1125 2478 2077 2772 70 1759 951 1834 315 2302 2757 2818 1165 1557 2015 1252 18 191 2622 1842 2702 2315 1980 211 1460 2685 369 1989 2624 297 500 990 103 1845 1884 1080 2620 2245 980 1952 126 36 1235 193 988 1793 688 1263 1323 1413 522 733 2346 2535 1511 1431 400 1023 1502 1891 2216 1916 1188 2276 2514 536 2335 2507 2249 2667 1401 1340 475 1353 2666 1817 1308 401 2118 2299 2296 269 2677 1548 1593 1904 473 411 2314
000244.jpg,2352 194 1051 1218 1261 1948 2272 1416 1096 2628 1496 2556 2815 1316 1965 1636 1860 1658 2767 64 1381 1569 1544 2836 48 201 439 51 100 562 2241 1640 2439 2721 1782 715 1649 2837 169 155 2433 305 1796 2713 2650 1584 2034 1054 1840 2545 1586 2707 2309 947 1328 2376 1617 1663 2289 497 645 1444 747 712 445 1490 1045 2631 440 563 1679 1453 2840 1623 2050 231 2130 2088 319 1552 1422 518 260 161 2755 2011 1362 168 1148 1993 1253 1878 1895 2652 2023 735 2732 134 2649 197
000245.jpg,544 1005 2746 2730 1946 2364 2290 2788 2299 673 1243 1068 2549 2151 1110 1670 1379 1966 1131 593 2516 1783 1794 1311 434 1526 811 336 821 365 1325 1968 1040 605 1442 435 2417 870 1511 2697 1871 730 2830 2377 1731 1527 410 535 568 2095 937 338 1079 1138 1779 1969 2219 2613 1020 2145 257 1581 678 1142 2251 406 1385 2087 610 2005 2680 717 2243 1800 709 1424 2519 253 2341 774 1850 1455 2492 1645 1573 2102 1992 1707 742 1913 1094 881 248 288 800 2006 1174 1007 1466 1133
000246.jpg,419 2554 2153 894 96 1927 1632 189 924 106 1471 2060 1487 761 2317 752 1032 2571 333 2216 1703 2249 1727 2555 309 2751 1363 834 1217 856 1288 1987 1801 1093 2567 957 2141 2841 2277 1214 1035 1171 953 1892 2823 1277 22 1889 1013 2114 2547 783 1365 499 1865 815 785 1685 2263 2058 1019 448 2591 213 2079 2526 2623 2111 45 2022 63 1364 1044 1907 1931 1960 576 2401 1394 844 149 95 824 465 468 2522 2807 2048 214 2502 1839 596 1336 2109 306 2160 2037 861 2489 1283
000247.jpg,2656 2149 1693 1786 1971 1257 1106 310 76 2827 1743 983 2787 2441 1357 695 2190 95 1176 596 132 149 182 1856 2745 2202 63 39 1343 2040 1333 1900 1434 364 2288 2022 436 576 2547 2504 215 989 2242 2381 1346 1091 766 1298 2542 962 803 737 1004 2238 572 341 1207 789 2737 251 581 2112 374 614 1785 1230 1914 2114 1798 2785 328 940 1137 101 926 75 1334 88 1818 564 617 1427 1476 1999 949 2281 291 1180 2072 2495 2644 395 2759 2323 1213 407 1996 1166 2493 1087
000248.jpg,79 2665 2068 722 1067 2511 1547 246 1134 1463 204 2842 2041 2741 350 1935 2135 899 2294 2580 686 692 2319 725 1944 1055 2719 2728 1868 442 2766 2736 140 1076 1126 447 494 657 1452 2583 2057 508 12 1006 2286 2207 67 2825 677 1474 2248 2598 1001 2003 359 1874 2296 2509 1892 745 1173 1998 574 1464 2708 2382 2535 2350 2436 2435 627 1056 1027 1881 2589 1162 2449 1886 2813 703 2291 1088 1408 202 1931 2625 1757 1185 1473 2573 1484 1639 2055 1550 1223 1899 1771 761 249 443
000249.jpg,2471 2601 502 103 1114 1767 1830 702 903 578 1908 2388 1107 65 1608 684 284 250 1821 1310 1512 1975 1839 2323 1232 1035 395 1723 431 2561 1810 1916 2510 1397 962 251 2644 374 2620 1390 1605 2346 2216 420 475 1798 581 2 1922 2699 803 1166 1137 601 2489 40 1427 2759 2502 1144 1075 2768 1334 594 851 1558 304 2022 2663 1207 783 1394 1846 614 1184 529 898 1333 2495 1502 2114 1590 436 167 650 1687 215 737 1900 2494 1400 364 2277 714 1538 2503 335 2532 545 2787
000250.jpg,392 301 2331 1419 2318 2763 519 1992 1387 1200 2420 1779 2102 773 2145 1385 1131 253 937 796 406 1783 2132 2341 336 568 1479 338 2243 1794 730 1442 1527 742 1020 2303 1455 1682 1077 1142 1526 248 2299 1581 1425 535 2516 610 2593 1659 2519 2573 870 186 1243 678 2087 2377 1267 2251 435 630 205 1007 605 1850 774 2151 2697 2492 1263 2680 2005 1380 1969 946 1325 2245 2730 2830 1913 881 1094 1707 365 1894 544 882 1670 1068 1040 1133 1379 2364 1311 2006 2219 1205 2030 673
000251.jpg,241 1875 1843 2565 495 1503 2142 2531 131 268 1024 1011 2285 452 2765 53 653 1274 290 799 840 1127 2715 464 1039 1706 389 31 999 580 2687 1097 1932 89 1789 2693 1293 927 159 1262 1026 1500 1568 467 331 1124 2232 1813 2053 1140 1923 1037 455 324 326 2470 758 1216 1281 408 806 2301 2634 1282 726 456 822 1062 49 430 418 1635 1822 1143 655 390 402 1275 1831 788 1918 2236 1829 363 1929 113 1787 484 2407 1730 1612 1273 471 1655 780 1662 1378 138 346 1941
000252.jpg,2454 1870 2769 26 348 925 2649 2538 480 1369 179 2714 712 550 2130 2050 1417 735 1045 1788 1422 440 860 1489 518 1701 1710 1617 2840 2241 197 2289 2011 445 463 51 433 1328 2375 562 2650 305 260 645 1840 155 1640 1172 2088 169 1663 1993 1552 64 2721 1029 161 2826 2837 1569 259 1782 439 1796 2836 1444 1649 2439 168 48 563 1146 947 1983 1895 1624 2767 715 1752 2544 1486 1544 900 2707 1092 1656 2044 100 2082 524 2574 817 970 556 2397 2817 2148 134 1934 2556
000253.jpg,2798 2629 1429 2428 2120 828 377 2038 358 1952 933 672 1754 2083 1910 1249 2335 1764 698 536 176 1049 2451 2795 2384 988 1431 193 1255 932 36 2668 2090 1033 680 2317 1132 986 1189 1393 733 1449 1521 123 56 1793 2032 2387 866 1588 1757 2572 292 306 2150 427 2380 2448 1553 500 2111 669 882 2571 476 1053 839 1477 901 1084 2718 874 142 2725 2623 2263 2508 2267 1474 959 1492 1482 1762 1223 2078 1525 2217 2165 516 2683 1866 632 2293 555 1170 490 1236 2639 2080 1280
000254.jpg,70 1759 2757 1753 2777 1125 2077 2772 315 2478 1557 18 1165 2622 1834 1842 2302 951 191 1252 2015 2818 1938 767 2686 1443 1833 1747 889 2685 2315 277 1263 1501 2702 1980 944 915 2249 128 2496 1884 1267 2216 309 1548 2514 2636 980 2245 400 2296 677 1750 2089 2299 531 637 2589 202 2003 823 792 1881 1931 1904 2014 1892 358 1406 1326 136 269 1217 1952 1510 2475 954 2154 2665 1628 2567 1352 2509 1764 2124 2555 2625 657 2251 1012 177 1401 2325 5 102 1322 1817 1353 1225
000255.jpg,575 1669 834 1523 1482 2080 2695 2383 441 2555 1244 2254 333 393 2233 309 1044 863 1267 1016 1727 457 2136 1450 2395 584 924 1646 2317 373 845 1734 2216 2360 2058 2192 761 2630 830 2234 1353 603 1487 1620 2159 1550 1456 1919 1028 83 2166 1995 2326 2293 2249 2623 2752 1321 1277 1032 2156 1990 2347 897 2296 1322 110 2129 1517 1611 462 2167 1690 1661 102 1621 2573 1352 2245 1006 736 339 1147 2563 1263 1703 993 1447 624 1288 2452 2463 1169 1188 1217 376 796 1674 1469 357
000256.jpg,2018 2284 2146 2008 764 719 2551 1289 2110 2582 664 190 1577 1403 1534 1157 1493 35 1351 914 1915 723 1997 1204 539 2824 615 2209 206 1359 303 2658 862 2019 1566 1751 1136 2585 2252 343 1583 1226 488 1066 2225 2449 107 652 2426 2067 2410 1368 1239 528 2603 55 42 1250 905 2573 1669 1691 2247 1367 7 1772 1209 8 763 1651 2349 1271 2400 1179 1177 2754 2604 938 1757 1507 1194 1854 1206 1970 2434 450 812 1210 306 998 40 1977 592 1880 2097 2536 1087 2711 1841 896
000257.jpg,2502 2152 941 1605 84 2841 214 2348 1139 244 2141 1616 2567 1171 594 2751 1371 744 420 22 1214 2768 1397 2203 1488 2179 924 1184 1502 189 117 1927 957 621 2060 815 986 1960 2494 1979 509 40 844 1199 1632 171 1987 2030 2404 851 2554 2620 1198 419 1364 2197 2678 1064 1757 1219 2705 454 2608 1251 1726 1255 894 1144 2760 1922 1603 45 2591 2522 1687 1205 481 2153 149 182 2726 300 2182 2386 2688 2737 2162 2448 1949 2566 1766 2612 2056 1889 2188 1641 807 1849 1400 2421
000258.jpg,645 2011 445 2707 1328 1054 1649 1029 2840 1679 1623 1444 1663 947 197 1253 463 2767 2289 2735 433 169 2837 2836 1552 1544 161 440 1895 2050 1782 2130 2375 2650 134 2439 319 2287 735 1045 1218 2088 1775 173 2631 1658 51 1261 2628 769 1422 1617 2241 965 1993 1202 562 950 1381 550 2482 2352 2626 613 1788 1640 1172 712 1496 194 622 179 1320 2084 2676 178 2724 826 2133 489 900 2312 1948 155 2477 563 266 259 2069 2564 1860 2272 260 2732 1627 201 305 439 2076 2538
000259.jpg,645 2538 2769 2454 518 1870 2011 348 26 2649 445 2631 2714 550 712 480 2050 1369 2130 925 2840 735 259 1552 1328 1029 440 1045 1422 2289 179 1993 1623 1617 463 2707 1054 2241 2544 1253 1649 197 134 51 155 1679 2088 1417 2650 562 168 635 169 1895 1640 2837 947 319 305 1663 433 1444 1172 1788 1840 1782 2044 2836 2375 563 2082 1878 260 439 2076 556 2287 2133 1381 547 64 1658 1208 965 2652 1983 1544 2419 219 1386 1569 2270 2735 2439 1624 611 1710 2676 987 1092
000260.jpg,2044 85 2411 1656 2501 1934 611 188 2528 1319 1644 1102 312 2832 1624 2790 987 2817 635 556 221 943 1405 1926 817 1407 2300 1386 547 2082 1422 2270 463 1617 2574 259 1983 2544 2397 2670 550 712 1428 1092 2344 1029 1190 2800 2307 2419 1993 74 2724 1552 1158 2652 2837 2564 2007 4 1414 562 826 2358 219 283 1208 1788 2676 1045 2011 2454 1848 1627 606 1782 1796 2045 2424 2631 197 2836 1417 2076 1146 305 2289 2538 977 2069 911 2084 1369 2649 1046 1328 2840 860 266 2050
000261.jpg,1790 1933 2071 222 850 1504 2512 1638 1305 1052 935 2355 2362 2156 2096 2691 1098 1321 836 1709 897 2750 2201 2342 2432 1911 1806 2452 599 2446 1621 144 443 8 586 1671 2537 2449 1006 2642 1090 2318 141 1023 745 666 325 1200 2535 1082 1308 205 796 1474 1387 1661 2317 2420 1763 1145 2167 1447 2593 2055 2163 894 1469 629 2554 2249 2194 1682 2261 1676 459 1757 986 1910 1632 16 476 96 401 2823 2153 516 1380 661 2058 1866 1032 630 399 177 1227 2083 2030 37 2425 448
000262.jpg,257 1731 937 535 1527 2377 1385 1779 406 2145 1138 1871 1894 2613 1800 742 1645 1516 605 410 811 1007 186 1707 1992 773 2763 2102 336 2341 365 253 1455 709 519 1040 2609 288 1969 1526 2219 434 568 2516 544 648 1424 2830 1110 1783 1131 435 1325 1068 2788 1466 248 392 1966 1442 2549 2730 2364 1020 821 1511 1311 610 678 1079 1670 1581 1379 301 1419 1133 870 730 1794 673 1142 338 1005 2095 2290 593 2299 2151 717 1850 1243 1573 1968 2417 2251 1495 2005 2680 2746 2331
000263.jpg,1083 1702 620 2643 759 732 582 6 1797 1260 546 1221 285 2313 807 1858 468 2425 661 2261 2194 1697 922 1188 2168 2816 1153 1227 476 829 956 1891 2043 2171 2153 2263 1763 669 894 1108 1761 586 1456 411 1090 1865 37 1560 1603 387 1916 1284 820 2810 1541 1032 762 2554 1696 2831 2666 2111 1380 2167 2498 189 229 122 443 2823 475 2346 1570 2677 2705 1525 1139 298 2442 2623 1082 1286 96 2060 1995 448 1632 270 2571 594 1285 300 236 334 973 1638 1844 1502 2268 1610
000264.jpg,2769 2454 2538 26 348 1870 2649 925 480 2714 1369 550 179 518 2130 712 2050 1788 1422 1417 1172 1045 259 440 562 2721 1617 2289 735 2650 305 168 2840 260 1453 433 1901 1092 1552 1701 2088 445 2375 1640 2544 64 2574 1569 2826 2631 1190 161 1895 860 2148 2309 51 2358 524 1328 1710 1993 1878 463 197 2241 201 1983 219 155 439 2676 1489 100 977 2011 715 563 2337 2652 2724 1148 1208 2433 645 1490 48 2200 134 1860 231 1796 1496 2707 635 1840 2670 2397 769 2564
000265.jpg,1946 1325 2516 1526 2394 1511 2549 434 1442 544 1871 1731 673 2788 1005 2730 2145 2364 406 593 2299 2219 2290 937 1966 1138 1969 416 1779 1670 2746 257 365 1783 1455 1778 1385 1068 1794 662 2064 605 336 1040 2613 1131 435 1243 1002 186 1311 105 2151 7 921 2005 1110 1384 821 2458 2341 1133 2251 568 2697 253 1142 2377 2417 151 852 942 1968 1645 2416 1020 1581 1800 875 535 1495 709 774 1527 1573 2519 1681 2085 1479 966 1718 908 678 2600 800 410 1379 301 2793 2087
000266.jpg,2841 909 2348 214 1139 1866 1602 1953 2706 1525 2572 106 1280 2263 2623 1696 1084 1171 1113 2567 2115 96 1032 2554 189 594 1365 2109 894 2203 2060 2179 2153 22 1632 1214 744 1659 1738 1570 6 1502 1661 2677 2303 298 2831 1397 1205 327 924 275 1263 2705 1380 300 2571 1750 1760 629 183 762 2245 1603 946 986 2030 1697 270 973 2401 474 582 690 1757 2620 1221 1712 2448 1400 882 448 1255 1922 1083 1537 285 1285 1153 954 546 2404 1352 2222 1891 2425 1108 1477 2475 443
000267.jpg,2624 1845 126 688 103 1235 297 1323 1391 2314 990 1186 522 1413 2276 1340 848 2667 768 931 1720 1254 835 767 2302 1165 315 1557 2622 1406 277 1759 249 1012 973 2315 1833 1938 191 67 2757 1263 676 18 1053 2772 1753 1603 2620 2685 1285 1834 1443 334 2077 2509 2777 2015 1252 750 951 298 2409 1989 1922 2583 1125 1397 2478 2299 1747 1195 627 889 1869 1750 1570 202 531 73 2677 2668 1980 1842 2245 1886 629 555 2217 380 1243 2787 1033 211 1113 907 1080 2348 378 986
000268.jpg,1506 1141 2070 1780 383 1505 1356 252 858 2311 1598 525 2669 1248 625 1435 654 679 49 61 245 192 1781 113 225 2025 207 1787 1299 1168 2794 1216 2396 1127 1829 408 1140 1282 2232 2164 455 2280 139 216 2137 1262 2173 239 1924 822 27 2470 838 296 2279 356 1124 1274 2091 209 1273 2698 1568 1612 2053 33 1503 1024 331 1692 2531 1875 655 1918 1037 2765 799 1472 1293 1097 464 1500 618 1706 2062 268 2316 200 653 2632 2690 2467 131 1941 1021 430 2565 1026 2742 726
000269.jpg,1593 832 1535 1773 1795 1161 1513 1847 2016 751 2111 824 2700 1559 2129 1451 1346 2787 1361 2000 1178 1749 2437 465 1672 1836 1353 1447 1685 376 954 483 1224 1469 44 1713 1990 1300 1116 646 1714 240 16 2540 2054 683 2066 2113 47 727 589 658 2178 1389 792 1115 2180 1760 2296 2409 2422 2523 1838 34 1951 485 2430 2235 1306 2172 83 91 2563 1869 1804 1697 2245 2573 2673 378 29 2317 359 321 1502 2020 1881 1188 2533 371 1919 286 2816 594 2589 724 1659 1263 411 187
000270.jpg,1145 222 1504 1638 1806 2362 2512 1933 2342 1023 1305 850 2691 141 2055 1790 2071 2355 1052 1321 401 1098 1717 836 2636 1160 2163 2156 935 99 823 1510 177 1628 2655 1085 399 2096 2432 816 1233 2750 380 2201 1188 73 1808 599 411 2003 1173 2722 2325 703 1709 666 2537 2014 2642 922 1911 473 285 2378 1881 2535 2043 897 2446 2589 110 1697 1484 347 995 1661 2171 1889 1162 451 829 2449 796 1227 1326 1666 1006 306 2167 2658 2573 1474 629 2816 2463 1537 1322 2404 2677 2810
000271.jpg,789 2784 576 2547 2579 1883 1483 1394 1801 2277 95 1304 596 2190 132 1176 2202 1476 251 1091 2288 1743 2381 1914 581 545 766 1900 1180 395 39 926 695 2745 2644 1856 374 2495 1996 1427 2785 2238 777 564 88 2441 215 341 614 60 1786 1971 2504 1818 291 1106 2114 2759 230 983 962 2281 1230 529 967 2040 1357 436 328 737 989 101 2242 803 63 149 364 1137 1693 1798 1213 572 1103 396 1257 739 167 761 2827 1502 400 76 2554 1363 1927 1093 2323 304 2542 1632
000272.jpg,455 822 1262 2232 2137 1568 2470 1140 1829 799 1124 1924 1216 1024 268 464 1011 2531 2053 1706 1503 1273 1037 726 2715 927 1789 1831 113 2765 1168 1918 1299 2279 1293 653 1097 452 580 1655 1475 1932 131 1875 2236 159 31 2693 999 2285 2142 241 290 391 2687 326 1274 2806 89 1822 1612 2698 389 418 1692 1506 1635 1127 1967 1275 758 295 1143 1780 390 1505 331 49 1039 2465 2505 1730 2062 840 467 324 1281 2407 129 1297 2634 430 1843 2565 1923 1715 2611 1062 1756 806
000273.jpg,1993 1663 1617 947 1444 1328 712 2836 1782 169 1045 2837 1679 2241 2707 1489 2011 1422 1623 1649 2130 1369 2050 2454 2767 1054 197 1710 2840 51 860 179 1417 735 445 2649 440 1381 1552 2289 900 1796 1701 155 1658 1544 463 550 645 221 2439 1870 305 260 26 1640 925 1486 480 1437 635 1569 2790 1029 348 563 2832 943 2714 562 1934 2826 1405 1218 1096 1926 1102 817 433 1407 2817 1656 2300 312 1624 2769 64 2133 2088 2411 2082 2528 1948 1416 1788 2631 556 518 2628 1644
000274.jpg,2510 431 2561 1839 1035 2 2663 601 1390 1075 2323 1810 502 962 103 1114 2644 2601 1801 529 1908 2471 2532 578 395 1767 284 2242 2759 2583 1798 2216 461 1830 581 1310 1334 684 634 702 1333 1207 65 72 1821 374 1976 2699 1928 2299 1106 1107 903 2829 250 789 2504 1916 2277 2493 1346 2542 2656 1971 1986 411 436 1176 1087 1219 2022 1394 76 650 2388 2346 2495 1952 1180 545 783 475 132 1608 2350 2324 1137 1257 2238 1230 1512 1975 1197 1442 101 1418 2040 898 2579 2489
000275.jpg,1790 1933 2071 935 2096 836 2355 2156 1098 1321 1709 2432 2750 1638 1052 2201 222 850 1504 2691 2512 2362 1305 897 2342 1911 2446 1806 599 2593 2452 2420 2318 2642 1200 796 666 144 1006 2537 1621 1308 630 1387 1082 1145 1090 443 1380 1023 586 1682 2449 141 2167 73 320 1085 2535 177 1676 1697 2317 459 2555 2249 99 1763 1479 2268 399 2163 2058 1628 2055 205 946 380 745 8 1474 1510 37 629 325 1456 761 401 834 924 922 1620 1188 2194 2293 1717 1233 1671 823 500
000276.jpg,2636 1085 177 1145 141 816 2055 401 1023 1628 1808 2722 2163 1510 2655 1717 2452 99 1160 823 399 1233 380 73 144 599 1504 2537 222 2642 666 2355 1881 2446 1638 2691 1321 1933 2449 1098 1757 1661 2003 2841 2589 1806 2216 2658 850 1790 1817 2342 2416 2156 2512 935 2362 2096 632 1139 1214 1305 703 2535 1173 1322 8 2071 1671 1474 136 724 2706 1263 1397 2325 1006 897 745 2567 347 513 1666 2677 1911 2750 1074 2573 325 1582 836 2293 2167 1052 110 1674 2420 2378 1484 2245
000277.jpg,2018 2284 2146 764 2008 719 1289 2551 2582 664 2110 1403 1534 35 190 1493 1351 914 1577 1204 723 1157 1359 1915 2585 303 1997 539 2209 615 2824 450 1772 862 343 1751 1136 2603 812 206 2361 7 66 1087 2536 871 1583 1271 545 14 2426 873 1210 2019 2067 1228 1745 652 1246 2022 2252 1970 1963 2242 2434 2449 2559 2658 1566 998 1879 63 1333 528 233 1729 488 701 2225 1801 1245 783 2400 2238 1367 2349 2196 1066 579 2277 869 1854 930 2459 1239 898 1528 1785 101 2247
000278.jpg,2844 352 2797 1571 2833 2092 642 2139 17 1215 2185 2801 2100 1129 2371 299 2584 1349 2473 1622 573 264 2484 600 2486 1411 1982 349 2576 2517 1338 2455 846 2063 317 143 837 2338 2529 1009 1684 969 2269 1698 2223 958 386 2298 1694 1514 2253 1994 795 1409 1242 1619 2776 1814 718 2271 1440 428 667 2619 2635 1366 2255 223 1925 1539 1360 1549 1122 2104 273 195 810 2738 2524 961 1816 1540 405 787 2811 2189 1589 2412 1615 1618 2175 166 1095 71 2460 1 879 2835 2403 2340
000279.jpg,1583 998 567 919 1354 952 1769 517 2778 1970 778 382 2252 2711 1854 930 1063 227 928 2729 1657 1851 1470 1531 1579 2379 2225 916 2682 841 982 748 1179 2491 114 2042 763 1578 7 9 1977 2349 945 2723 639 1651 2361 528 579 923 1210 1239 2647 1368 1920 1271 2304 1879 2559 2026 1367 2459 1209 566 515 1770 2658 512 1154 2067 2618 871 2551 2081 764 701 1819 1963 492 2462 1566 2008 2097 1163 2284 719 394 813 1906 2334 2018 1864 1403 2146 2449 174 233 2582 869 1415
000280.jpg,1967 390 1635 1715 1050 1097 1293 999 1822 726 2053 331 580 159 655 326 2715 1143 1648 430 31 1124 2406 1118 2236 1037 1140 314 1755 1011 1475 1756 2765 1026 2062 805 1692 2465 2505 1317 478 1918 799 1568 1789 2301 927 1395 2687 1378 2531 464 1187 484 1706 455 1262 1024 2407 1216 758 1662 1018 1503 1831 1472 363 782 936 1297 89 1829 1730 1655 389 467 1275 346 2632 1022 1273 1612 1647 108 2806 1008 452 786 2059 628 2634 1929 268 2821 1921 471 113 2061 2402 2137
000281.jpg,37 924 1090 1082 1308 586 1487 443 1763 922 1006 629 1697 2677 2216 2841 1188 411 1703 1456 459 2249 122 2535 325 761 1288 2167 882 1474 327 1205 1757 1659 2706 986 1284 1380 2222 1661 2573 1153 1570 946 745 2317 1891 2572 298 275 2268 2179 1525 1537 1073 796 1502 594 123 1400 2554 1113 2623 1221 546 285 1322 1285 2449 8 2705 2245 1255 2109 1559 2831 1139 2666 490 1603 1916 1541 2303 2593 1911 1263 2000 2571 973 334 2043 1200 96 1995 2567 1084 894 2150 820 1032
000282.jpg,2034 2545 1796 100 1569 715 48 64 2433 2721 439 2713 1640 562 305 1453 1584 2376 2650 51 155 1860 2309 1490 1496 2556 201 2272 1316 2023 1901 2755 747 1948 1096 2045 2631 1416 2815 1636 2352 1051 1965 2289 563 712 770 1381 1658 168 1617 260 2241 2826 2836 194 1782 1218 2628 2088 1417 2050 1993 440 1045 1369 2130 550 2649 2439 860 1422 1544 258 2454 2837 1261 169 947 1870 1407 1878 26 1328 2538 518 1840 179 2714 497 2652 197 735 1489 1701 1586 645 1148 1444 231
000283.jpg,2065 887 118 1211 819 2328 1667 1585 2575 808 2310 2416 311 2793 7 875 2658 975 25 2488 151 513 1058 1301 446 2140 2636 451 2005 530 565 1850 2251 2697 2519 1567 800 1174 677 1904 506 1909 813 1286 662 1550 1105 1844 1200 585 897 400 678 1757 1554 2150 1808 908 1023 1621 1936 2425 2507 1142 1673 1188 1321 1560 2496 519 1387 2243 2537 1032 2257 1042 2492 2696 657 829 1145 229 141 2006 1865 1797 1094 1384 2657 1331 1227 882 1370 2055 309 2216 271 2571 2087 1804
000284.jpg,1805 775 2586 1611 794 1169 357 2447 279 1626 2368 960 2329 2780 693 2621 2701 2651 1517 2211 1450 830 2630 2275 462 1732 1678 603 1147 2684 2518 1120 1646 1244 863 393 1620 2297 2136 339 1073 2347 2240 2637 1372 2805 2020 876 1259 1959 2345 1014 2080 1382 2748 1482 575 1809 1016 10 469 2525 2254 2605 1869 2360 2159 379 2395 2192 86 457 584 1410 321 1459 2234 2326 1028 1734 371 1690 1669 2752 2233 145 676 102 187 2802 845 2166 1195 1943 1905 2033 736 2383 373 378
000285.jpg,1310 65 1107 1512 284 1908 2388 702 1830 1114 903 1608 250 1821 1767 1975 578 684 2471 2601 502 103 1035 333 2079 2510 1839 2216 1940 856 400 431 1013 2661 1232 448 1363 1217 2579 2705 581 2644 2197 1336 1801 827 2313 167 2277 1130 1315 1610 1075 2160 1810 1922 395 45 300 2561 2425 42 1986 1144 1064 1364 1104 1400 374 2323 1065 55 2620 2495 1251 1907 1841 2573 2114 2641 1401 2506 8 2547 2699 576 529 2489 1194 95 396 2522 2759 1904 461 2292 2381 596 2220 728
000286.jpg,1752 1545 1146 2389 312 2832 59 4 987 1102 1405 635 1624 1934 2411 2501 2790 1644 1656 85 2528 556 626 221 1407 1202 2817 1926 2082 943 2270 1737 1386 188 2300 817 547 2044 826 611 283 2367 2069 1422 1319 613 1617 2840 712 2477 266 950 463 2011 1328 550 445 1993 2714 2631 1799 2574 1045 2837 1029 1190 1552 1983 2050 169 2312 440 860 2544 2424 2454 1663 1444 735 1489 2397 1468 2515 2241 2133 947 433 900 2375 1316 1782 2289 1796 1417 977 2836 2826 2148 480 2556
000287.jpg,2437 1672 1836 1057 1749 1990 2700 44 16 1447 2317 1469 376 1449 1178 1593 824 751 1727 1773 2555 2058 1161 1795 1353 834 1535 483 832 1224 47 1116 1513 1300 2000 1714 1713 1559 683 2249 83 1451 761 2180 1838 2296 1361 2129 1523 2111 1277 954 2787 2523 2422 1847 1346 845 792 2695 441 240 1620 1919 2383 1482 2016 2563 2054 2096 2554 2080 34 1685 2166 603 1147 2518 993 1456 1760 96 465 1869 1032 894 946 371 1308 1943 1678 1410 1036 2802 1632 2239 2153 1804 2073 2540
000288.jpg,783 1343 2737 949 2112 1004 940 1093 1999 1434 1103 2441 1856 2827 540 983 95 596 310 1743 198 1914 75 2190 2785 695 2745 2202 2242 2547 1693 132 1176 617 407 2497 341 1298 1561 149 576 291 182 88 63 2542 2022 1091 2413 2656 364 1334 1476 766 1631 1333 2238 2323 2644 1846 60 1346 898 2489 1230 1996 1483 2149 2295 374 1087 1971 1304 529 1683 2040 1207 1257 803 777 2114 328 1801 2504 1166 395 558 499 1785 614 101 1137 581 135 714 2386 1928 251 1197 2072
000289.jpg,1944 1055 2294 2728 725 2207 2741 494 2135 2057 899 2291 2766 2435 686 1899 447 2842 204 2580 574 2248 2825 1056 2813 1547 1463 1067 692 2511 1874 1223 657 1937 2068 2382 1464 2319 1473 1076 1452 2719 1639 2736 1935 1126 722 2041 1777 12 79 146 1185 2286 2708 246 627 2665 2393 442 647 948 249 2809 1134 140 1721 1868 677 1012 2438 1001 2639 2683 1408 2350 2583 1876 804 67 1088 1892 1942 329 682 1771 974 1886 1439 994 271 1677 1998 2509 2598 2037 202 2589 2440 2625
000290.jpg,1439 2183 2051 574 2291 482 2057 2220 2526 1931 1223 2089 2704 2427 1433 598 939 2445 255 217 2683 494 1874 2639 1330 2435 2499 647 368 531 1725 1088 1899 1555 637 146 444 2308 2719 2712 657 2657 521 2589 692 608 994 447 944 2475 1677 2617 1408 1881 864 508 136 2625 128 274 677 1892 1998 1721 1501 2438 2319 2440 2037 725 1771 12 1942 271 1817 2728 526 1876 1639 1473 915 2436 1757 1654 347 1582 1263 2599 1055 682 2809 1592 491 2207 1711 351 2154 2378 2393 308
000291.jpg,1944 1055 2294 2728 725 2207 2766 447 2741 2825 1056 2135 2057 899 2291 494 204 692 1899 2319 2435 2842 1126 2580 1463 574 686 2511 1547 2736 2719 1874 442 2248 1067 1223 1935 246 146 657 2068 1134 2813 647 2041 1452 2708 2286 722 1777 1076 1937 79 2382 1185 2665 140 1868 1464 1639 2350 627 2639 249 2683 1001 804 1473 2393 1012 1408 329 948 1439 1721 1892 2583 12 1088 2589 1931 202 1998 67 995 271 2625 2809 677 2438 2598 1677 1886 347 482 1881 2051 1757 1942 2509
000292.jpg,897 2823 1790 2071 1933 2156 1098 1709 1321 1638 1865 935 2096 836 2201 2750 222 752 1621 2432 1052 1305 1504 2342 2355 2512 1806 1456 2362 850 2446 1284 122 1227 2449 1153 1188 1661 1761 1090 2313 1006 443 2691 1697 1308 1082 2535 586 829 2296 1911 2452 629 2318 2194 1995 922 8 411 372 1858 1474 2030 115 745 2642 325 1763 630 599 2537 2791 666 468 350 1015 661 448 2261 2167 2222 915 476 1884 1267 37 2268 1425 834 669 2335 1023 205 1560 1990 2677 1671 413 796
000293.jpg,213 2408 2638 1597 707 1689 634 520 757 2354 558 135 2295 2566 2413 1269 1728 232 754 1448 1849 19 1945 1265 424 184 1867 1722 2615 1296 119 1529 967 80 1383 1478 1631 2472 1231 1733 2390 783 2725 1312 473 2464 498 1984 1889 761 1394 2404 1766 1093 2508 375 540 1061 957 2751 163 2744 388 425 2351 1801 1426 2756 1533 1298 509 1904 752 1839 2277 218 2169 2021 306 2224 1228 1087 214 739 466 244 844 2112 182 592 898 1558 1616 1757 983 1999 149 744 529 1637
000294.jpg,2689 705 2365 2370 2119 2534 81 2181 849 2500 2552 175 2479 587 2819 2527 458 523 2283 2716 152 505 313 1827 847 28 1741 1532 1563 1896 238 972 1339 734 2177 2674 2557 2250 2191 696 1376 1680 330 2228 671 92 2193 2099 1111 2052 602 2592 2322 2681 354 1704 2144 1117 1873 740 120 1314 968 1332 503 1746 2764 1708 633 68 780 890 2742 1335 2237 129 1109 131 2244 772 324 2799 1955 1062 1182 268 1831 2265 1164 2812 532 711 2715 504 2306 501 1917 2789 872 1293
000295.jpg,2471 2601 502 103 1114 1767 1830 702 903 578 1908 2388 1107 65 684 1608 284 250 1821 1310 1512 1975 1839 2323 1035 1232 431 2510 1810 2561 1390 395 962 601 2644 1397 2 251 1723 1798 1916 2663 2620 374 1605 1427 1207 420 1558 1166 1075 1922 2759 475 2489 1137 1590 2216 2699 1144 2346 851 1334 581 492 714 40 529 1065 898 783 1846 2583 1928 566 1832 364 594 803 1900 1298 2532 579 614 2787 1154 2349 2495 2029 2040 1333 2022 2072 2768 436 1219 1197 1394 1538 93
000296.jpg,1879 394 1906 2093 607 631 2049 1981 2596 1604 1237 1613 1239 1566 1367 1271 2089 2786 255 2559 1330 1368 2747 729 72 1904 1197 2387 637 460 2640 528 488 2618 2560 2369 2410 512 2469 156 1044 694 1757 1931 2026 2664 595 2252 164 1210 1856 2097 871 763 7 612 2098 2775 783 2459 731 1739 174 1651 791 1047 790 2225 1219 566 1209 905 1183 821 1309 571 2156 660 664 1000 2349 2126 982 229 1241 979 813 1565 2227 916 172 1093 2220 340 2042 2151 2573 1066 2680 986
000297.jpg,1993 197 1617 2840 1663 1710 463 1489 1045 2011 2375 1422 445 712 433 1417 1701 2241 1788 2836 2289 2050 2130 860 550 1328 1782 2454 947 1444 900 2649 169 1369 440 489 179 735 480 1624 2837 635 2832 221 817 1029 1934 1552 1656 2397 2707 2790 1102 2817 348 1870 312 2769 925 26 2631 1679 943 1926 1407 2538 1405 970 2082 2411 51 977 556 2767 2714 1983 2528 2574 2300 1386 1381 2826 1623 2515 1437 1658 518 2424 1190 987 2270 1486 645 1644 2084 524 188 1649 260 2044
000298.jpg,1268 2333 2786 1065 571 2029 340 332 597 2227 429 1418 1562 1256 802 2743 1686 417 1890 979 1430 886 2108 2568 554 2415 21 1888 868 432 878 729 62 199 323 1398 2578 302 289 1038 681 2423 743 2671 2421 361 2083 78 1272 933 1374 1035 2221 893 2602 1266 2520 865 1668 1952 2828 2210 1949 2640 2829 964 13 1906 1879 400 1839 1399 213 640 2387 2031 2400 2561 72 2216 1070 955 1047 1986 394 856 707 2449 488 1219 370 1757 2573 2747 783 1250 306 2122 2410 1255
000299.jpg,2044 2411 1656 2528 1644 1934 85 2501 1102 2817 1624 2790 2832 312 221 943 1926 635 1405 817 2300 1407 987 188 611 1319 556 2082 1386 2270 547 2574 826 1092 1983 259 1422 2397 712 283 1617 1146 2670 1552 1190 2069 1993 4 2676 1208 2544 2800 1788 2344 2724 2011 1029 550 2631 1414 1328 2837 977 1428 1752 2307 2454 266 2652 445 1202 463 74 1045 2538 2707 2836 2840 2241 2424 1737 2133 1417 2419 613 219 2148 1782 562 2564 480 2289 305 1796 2826 2050 606 1381 169 947
000300.jpg,1993 1489 1710 1417 1701 1663 860 2836 947 712 1782 1328 197 1617 1369 1045 2649 1444 1870 169 2050 26 2837 2454 2241 2130 925 1788 2011 179 2289 1679 2817 1422 433 817 2790 1644 2840 348 1381 463 2767 1656 440 735 221 550 2375 2528 1649 2707 1407 1624 1658 445 943 1054 480 1102 1926 2300 1029 2832 489 1544 1623 2769 1934 2411 900 2714 2538 1405 1218 51 1796 635 2397 2424 1437 1092 1552 2439 312 1569 155 2045 2082 305 1545 970 2084 1640 2628 562 1319 1983 2631 518
000301.jpg,2282 530 1518 1290 446 1301 1058 2140 451 1017 1909 2064 1567 2796 2257 921 2696 1673 813 1554 1384 1105 1396 1331 355 243 1370 1614 1742 966 1613 662 942 487 2458 2660 337 2085 2543 2782 542 1681 710 54 1002 2392 1978 2259 908 1705 2600 2251 2005 984 2243 2519 678 800 2087 1850 1495 1119 2697 2262 1142 2006 2357 1094 1581 1174 2417 1936 1913 1676 1455 774 2492 1020 1466 311 870 400 151 1794 7 2573 673 2299 2657 2793 2680 2488 2416 1625 1904 435 2065 821 1200 2636
000302.jpg,1669 575 2080 830 1482 1450 603 1646 462 393 863 1244 1620 2630 2136 2275 1805 834 2555 1147 357 2254 1523 775 2383 2586 1678 2058 1732 1169 2780 339 1016 1120 309 2395 2360 1517 1727 2192 1734 2695 2326 441 2347 1611 1626 2317 457 240 2368 2159 187 2233 2621 845 584 2297 333 794 1277 2422 1757 34 2623 1919 1353 1032 2211 1372 924 2605 1749 2518 1014 2401 2651 986 2447 1447 2234 2079 1028 2216 1267 2701 205 102 1365 736 483 2563 2802 2684 2166 2239 1690 1259 279 1804
000303.jpg,1096 1416 1948 2272 2815 2352 1860 1636 1051 1362 1218 201 1316 1965 1496 194 2556 2721 1569 1261 1796 562 64 715 100 305 2713 439 51 48 2034 1584 2309 155 497 1381 1658 2755 1586 2628 2241 2545 1640 712 2376 2433 1617 2650 1897 1993 1490 2836 260 2023 563 2045 747 1782 2289 1544 1552 2631 2088 2046 1901 258 1328 2826 168 231 2454 947 1422 1045 1453 2837 1148 1369 2767 169 1878 2439 992 319 860 550 817 2652 1444 445 1679 2130 2076 2649 463 1486 1029 2553 2707 645
000304.jpg,372 807 1260 1865 1858 2313 1697 1603 1221 546 285 6 1560 2677 582 820 759 2643 1153 1456 468 334 629 732 750 1541 1284 1761 1884 1227 1797 980 1285 2194 1188 2261 1570 229 2118 2268 1015 122 298 1286 1610 661 2303 620 973 1702 922 1891 1082 2425 1844 2387 1380 476 2167 829 1083 2791 1080 37 1308 669 2245 1032 2030 1750 1084 2666 1263 1387 1537 411 594 1995 1502 1916 1911 448 586 2128 1090 1696 2346 115 1659 565 2222 744 986 275 2168 2667 2115 2514 1205 2060
000305.jpg,1044 897 1865 752 2567 2823 1719 1621 1661 2317 1447 908 1469 376 1546 2024 2296 1804 984 2143 2109 141 2140 186 1171 1425 2508 1200 632 24 1550 2452 2430 1487 932 2150 1214 426 1757 2392 516 22 99 2156 1894 1023 630 2793 2725 2446 1119 2172 666 2404 2449 680 853 2533 2111 1088 473 1321 29 2235 924 792 2055 2573 2124 122 306 1889 662 2642 2357 1892 2537 115 1058 271 599 193 448 91 2555 451 286 123 320 2037 2222 1833 1049 2796 744 411 214 1006 1474 401
000306.jpg,1057 2437 1836 1672 1749 1449 2317 44 16 1990 2700 751 1447 1469 824 376 1620 1178 2111 603 2555 1727 2249 2275 1116 761 1073 1482 1224 2080 2058 1732 1713 1714 1678 683 830 1593 946 1646 2180 1838 339 1450 1535 832 2129 47 1523 1380 441 1147 863 834 2518 2245 205 1353 104 269 2695 1548 1451 2422 1120 1346 2383 2167 1036 1277 2523 2000 1559 1361 1263 34 2296 1661 2054 2573 1697 1773 1205 2571 1425 483 350 2787 2096 1082 1244 83 1790 1659 393 1200 632 1869 1795 2791
000307.jpg,2077 2478 2772 2777 1753 1125 70 1759 2757 1834 951 315 1252 2015 1165 2302 2818 18 191 2622 1842 767 1557 277 2315 2685 2702 1980 1443 2686 1938 1747 889 1833 688 2667 1869 1235 1511 103 2314 2299 297 1323 522 126 2624 1012 73 1989 29 249 1969 1406 1186 67 2583 500 2000 1391 142 990 2276 380 2509 2746 369 823 2296 1559 1431 555 954 1413 1451 1845 1492 202 1263 2748 269 485 646 1195 36 2430 733 1442 2217 2787 378 1353 627 1361 1886 1951 298 792 2533 1346
000308.jpg,1663 1993 1328 947 712 2836 1369 2837 169 2050 1444 1617 2649 2130 1045 2767 1782 179 1422 1417 550 1870 2707 1649 26 925 735 1679 2454 2241 2714 440 480 1054 2840 860 1489 197 433 1710 2289 463 2011 1623 1381 348 445 221 51 2538 1172 1658 943 1701 1544 518 1407 1624 489 2439 524 1569 260 1796 562 1218 1788 305 1190 970 2769 2790 2375 1029 900 1644 2300 715 1405 1092 817 635 2826 1640 2397 64 2148 48 2528 2574 1983 2721 977 2088 100 2817 2652 155 1102 563
000309.jpg,71 810 30 1445 787 1514 958 697 2271 638 718 2619 2529 143 1440 386 2517 969 1215 1129 2298 1684 2710 1539 2175 1270 2226 2246 2444 1939 665 1258 1630 127 2481 2339 1360 273 2709 2524 1242 1294 2104 1446 2185 1112 1059 1524 2473 1811 342 1571 1629 2131 352 2616 2213 795 551 2801 2740 1803 147 2595 2584 1025 685 1509 1812 2749 2460 687 1988 2541 511 17 1694 1069 1619 2013 1540 1807 1324 1411 879 1341 1349 154 2844 1618 2738 472 1863 2675 2385 1660 2466 2468 557 2363
000310.jpg,2454 2769 348 2538 26 1870 2649 925 480 1369 2714 550 179 712 518 2130 2050 1422 1788 1045 735 440 1417 260 1453 1617 305 1172 1901 562 168 259 2826 524 2088 2840 2241 2721 2650 2148 2309 1092 1490 1552 2289 860 563 201 1148 2358 197 1993 1701 1208 463 2375 1569 445 51 977 1895 2574 155 2652 645 1710 1640 1489 1190 433 1878 1328 2200 219 1468 64 1860 2544 1388 2011 161 2631 439 1496 2433 1840 2337 1983 2076 2724 2606 2397 100 1486 134 2676 2376 2556 2564 486
000311.jpg,1925 667 1619 1982 641 2385 888 2797 1373 991 262 428 2139 2771 1863 2576 2776 1735 2844 1295 1807 1549 2833 299 2092 2371 1509 2731 2431 2269 879 741 2460 1480 264 1366 557 1816 2455 1814 2607 1122 2524 1242 2633 1660 2363 2104 1803 837 1589 867 2484 385 2403 1862 273 2094 814 2412 2529 1539 537 2595 127 1009 2517 1078 160 1530 891 1607 147 1440 1129 2710 1338 2835 1341 2138 405 1828 2444 1684 386 2175 2185 143 2811 2063 352 1238 2468 1291 1215 1811 1059 1514 90 1629
000312.jpg,1057 2437 1836 1672 1749 1449 2317 44 16 1990 1447 1469 751 376 2700 824 2111 1620 1178 1727 2555 761 1482 603 2249 1073 2080 1116 2275 2058 1678 1224 1732 1535 832 1147 441 683 205 1714 1713 269 946 834 339 1450 1548 47 2518 1523 830 1646 1593 1380 350 104 1838 863 2695 2180 2129 1120 2245 1425 2383 1353 2030 2054 2571 1346 2422 2831 1036 1451 1205 2791 1263 2000 1244 1659 2573 1661 1277 2296 2194 2523 568 393 483 2554 2167 762 845 1773 96 1300 2136 1943 490 2303
000313.jpg,1944 447 1055 2766 2719 2294 2728 2825 692 2319 725 2207 2736 2583 2509 249 67 1126 494 1012 442 2741 2350 1001 2135 2057 899 627 1067 204 686 202 2291 574 1223 1406 2580 1899 2435 1874 2248 1185 2708 1777 2041 246 2842 2286 1056 677 1463 2511 1547 657 1931 1639 1076 2813 2683 1134 146 722 2665 1935 1452 2438 79 2068 2051 2526 1868 1439 804 2220 2382 2639 2436 647 2598 1937 1473 1464 2704 2393 482 12 140 682 491 948 2183 1408 2809 359 329 1869 2089 271 939 2589
000314.jpg,1038 1754 2421 1041 1949 2520 2210 640 1272 13 323 2671 377 2578 828 1668 2828 2602 1374 672 933 2047 1337 2032 1189 2539 56 370 1049 1429 2629 2428 698 932 2798 865 839 2083 729 955 1910 2267 2038 1521 964 142 743 2117 1329 2423 2120 2221 176 1431 1492 123 36 2387 1033 2335 340 1256 1553 2380 302 2029 2217 555 2786 1890 868 597 2031 427 2668 1686 2568 417 986 1430 2451 429 802 979 2415 536 1255 1888 882 1393 1236 1699 332 2743 78 292 84 1399 21 121
000315.jpg,751 1559 1593 832 1451 2000 2787 1361 954 1685 2016 1760 1535 2437 2700 1672 1836 1773 1712 1795 824 2111 1513 1346 1161 485 2129 1990 1847 1116 2540 1951 589 727 1306 2409 1353 1749 371 1115 483 1713 321 1714 1869 1224 1178 1300 683 658 378 2113 1389 2066 2178 1195 2054 44 646 1594 145 1943 29 2172 376 2180 792 1263 676 240 2673 2240 1447 2245 1905 1113 2020 286 1950 946 47 1322 1838 2651 2296 1502 1120 2748 404 1410 16 379 465 1601 469 2239 2179 1482 1809 1609
000316.jpg,2386 2116 2678 1960 40 1726 851 861 1198 592 1371 2522 1632 1802 1364 1251 45 2562 2720 1880 644 2048 2141 419 2761 2554 2056 1596 2807 894 1768 2448 1064 1013 2188 1199 1856 2153 1927 2591 2498 636 300 844 1318 1536 1336 620 957 2160 189 2441 2688 1315 1144 2503 2278 2079 2760 2612 949 2030 1183 2182 481 2737 171 2203 1205 335 2060 1004 2705 2608 1232 84 1343 1987 621 2230 117 95 1400 1184 2733 1889 1979 905 509 1616 1687 2202 940 941 1914 2197 815 2827 1139 2476
000317.jpg,2454 2769 348 26 1870 2538 925 2649 2714 1369 480 179 550 712 2130 2050 1417 1788 735 1422 1045 518 440 860 1701 1489 1710 1617 2840 2241 445 2289 197 562 1328 305 2011 463 1172 433 1993 260 259 1569 2721 2650 2826 51 2375 161 64 1640 155 715 2544 100 1895 1552 2088 645 1624 1796 169 2309 2148 1148 1453 563 524 1029 2837 168 1146 1901 2358 1752 2652 439 556 1840 1486 201 2707 900 48 2433 221 1878 817 2200 1983 2337 1190 1782 2676 1649 769 2724 489 2836
000318.jpg,1944 2294 1055 1056 725 2207 2728 2135 899 2741 2842 204 447 2825 1463 2057 2511 2766 1547 494 1067 686 1935 1899 246 1134 2580 2291 2736 692 2435 2041 2068 1076 79 1452 2248 1126 2719 2813 2665 2319 722 2708 146 657 574 2286 1937 2382 804 1464 1874 677 1868 2683 442 1185 1223 1777 2639 140 329 1639 2438 647 948 1931 2393 2583 2589 67 994 682 627 271 2569 1881 2509 995 1473 249 1942 1408 491 359 608 2350 508 2526 1001 12 1173 1592 1892 1886 2436 1439 526 2378
000319.jpg,1707 1007 2516 1526 742 1511 1325 1442 1946 1645 1969 730 1779 338 1243 1871 1131 1385 2151 336 1466 2145 1138 1379 2730 1794 2788 1581 1020 1005 2746 2364 1783 1670 568 2299 2492 1455 1094 2290 1731 410 1110 678 2341 544 406 774 937 253 2830 365 435 709 1068 1311 2251 673 1424 605 593 870 1966 186 1936 1142 2549 2243 881 2102 248 2680 2519 1850 1165 1800 1040 2005 1968 392 1174 2417 535 2763 811 2377 610 2613 2302 1913 1869 1073 1516 1894 648 434 1573 1557 1992 2219
000320.jpg,372 1697 1911 2167 285 2677 1221 2268 6 629 1570 298 1537 690 122 546 1456 829 1113 2194 1153 2387 1285 922 1995 661 1380 2620 1884 1502 1188 2666 2216 1844 1603 2261 796 334 1080 1284 1139 980 1922 2706 1387 1761 882 820 1227 1286 2222 724 2032 2179 37 1661 2841 1032 1171 2571 448 1189 411 459 1504 594 669 1397 582 2623 2425 23 2168 1891 924 973 2109 1916 750 1267 2567 189 2118 1082 2691 915 2203 1638 1659 1541 1757 807 1108 759 1214 2245 986 222 2572 2705
000321.jpg,609 2725 2404 1766 1889 744 2457 5 1696 2115 2706 2448 2128 1477 1953 1602 214 1139 2348 1866 1171 1214 22 2109 2841 909 2567 2572 1661 1904 1326 1365 2014 1556 807 1797 466 1603 43 1061 285 270 1221 820 2150 2425 2366 2124 473 1858 1757 2507 1108 882 2620 163 690 106 448 229 2591 123 2677 565 752 1541 2230 1397 582 306 1891 1080 1188 411 669 1227 468 1032 1560 732 1153 300 6 2571 986 2498 1761 189 546 1537 2666 1865 959 1570 1610 2060 1738 594 1401 759
000322.jpg,849 2552 2716 2365 2819 2479 2500 2181 152 175 587 2370 458 2119 523 81 2689 2283 705 1532 505 1563 238 2534 28 313 1827 2527 1896 1741 972 847 1339 734 2674 2177 2557 2250 1376 2191 696 330 2099 671 1680 2228 2193 92 2052 354 2592 602 1111 2322 2742 1117 1332 2764 503 1746 740 1704 2144 1314 120 1873 2681 711 2812 1708 633 1932 968 2199 68 1543 890 2237 1335 1917 504 2597 2610 2774 649 2265 2531 1912 1503 1974 1164 2279 772 1956 532 1875 1281 1955 1852 1650
000323.jpg,2386 2116 1960 2678 40 861 851 592 1726 1198 1371 2141 2522 45 2807 2056 1364 2562 1632 1251 957 2591 2720 644 1013 1064 2448 2441 1856 2048 949 1596 1318 419 894 2612 620 1336 2188 2160 2278 2554 2760 1004 2153 636 1536 335 1343 1768 2498 1927 171 2182 844 2761 189 2737 1802 2827 2503 1889 2203 300 2733 1144 2079 95 1232 783 1315 621 84 1880 2608 2230 1199 1103 509 940 1139 214 1214 2197 2688 1171 596 333 941 1093 905 2060 856 2348 2086 2705 815 42 1987 1616
000324.jpg,499 545 1394 374 1898 1334 2542 1228 803 1801 1631 1785 540 251 1137 2277 1087 63 1333 2579 2759 2072 1683 2022 1207 898 1561 529 407 783 1883 2323 614 2546 1093 1213 1558 1427 2242 2644 304 341 101 714 581 1230 1928 2381 2504 1166 2040 2114 1798 2699 1091 395 2547 1257 617 1996 2238 737 962 364 1971 2489 132 1106 328 1590 695 1176 1900 777 93 789 989 766 1786 572 1743 88 1538 215 576 1476 2190 2202 895 149 182 596 2785 1298 291 76 1035 926 2745 2493
000325.jpg,2727 307 1520 2399 1 1514 1618 969 1572 1025 913 1571 1278 17 573 685 234 958 1445 71 1349 697 352 1129 2100 1524 2529 1622 1215 718 787 2709 642 810 2473 2710 638 795 1540 2517 846 600 2213 30 1684 317 2175 1360 143 1270 2541 1112 2619 2616 2226 2255 2444 127 2468 1630 1440 2340 386 1338 349 551 2486 1258 1059 665 511 2298 2271 342 2246 1629 2740 2801 223 2648 892 1939 46 1446 2412 2635 2749 1294 1539 195 1862 1615 154 2339 2481 2185 1698 2584 1509 2466
000326.jpg,2045 2023 2755 1584 258 747 770 1320 1948 1796 1096 2545 1416 2034 2352 1051 64 1569 2272 715 100 439 2721 48 161 562 51 1586 194 2836 1261 2556 1993 1649 1417 2815 2837 305 1029 1640 1636 860 2289 155 1617 1895 2628 2631 1788 497 1218 2767 1782 2130 1381 169 1496 463 947 1328 712 1316 2241 1552 1045 440 2735 2707 201 1544 2713 1701 1658 2650 2050 2538 1860 1710 1054 2649 1444 173 2454 992 2652 433 1870 2564 1965 1422 735 1362 1663 1489 1407 1897 2439 1369 518 319
000327.jpg,726 1024 1503 2531 799 1011 1475 2236 1875 2765 268 2715 131 314 241 999 1568 2693 2142 1050 653 2053 1967 2285 1062 390 464 452 1755 1274 1635 1831 1655 1932 927 1843 53 467 1789 1037 1706 89 2565 290 1813 324 1297 1273 1715 1262 31 1039 159 806 1756 2059 495 1281 1124 1293 1097 805 1923 780 129 1026 580 2687 501 455 1378 2698 840 326 389 1395 788 2232 1140 1317 1118 484 2244 822 1822 331 1022 1127 1303 456 1143 2402 758 655 1829 418 534 1662 125 2137
000328.jpg,79 2068 2665 722 1067 2511 1547 246 1134 1463 204 2842 350 2041 2741 1935 2135 686 692 2580 2719 2319 2294 1076 899 1944 140 1868 2286 657 677 1452 12 2813 725 2736 2766 1464 1055 1639 2598 2248 1126 442 494 2728 2436 2382 2057 2825 2708 1777 447 2435 1473 1937 574 1185 217 508 1874 1223 2583 2207 804 2438 2291 2393 329 1892 1899 491 2712 271 2296 255 2308 67 1771 1677 1998 1408 2625 1088 1330 2251 400 2683 2257 619 2509 1942 792 146 637 2519 1401 2573 2809 1001
000329.jpg,1721 2809 1876 12 1473 2294 1868 508 2068 2685 140 1055 1548 1944 79 1067 657 994 67 1165 1452 2315 191 204 2302 627 271 359 2665 2499 1980 2766 1942 2580 1753 368 2511 2741 1557 1725 2589 722 2135 442 2719 1892 269 2041 2842 2728 725 444 2583 2622 315 1408 526 1027 864 2296 1677 1931 1881 2736 1969 899 1125 1998 1886 1547 447 2251 2440 249 1012 1439 217 686 646 2708 1076 692 677 2598 1463 2037 2702 2319 2308 2077 2712 1056 1511 136 1817 1935 1401 608 2509 792
000330.jpg,1496 1453 2433 2272 2556 1490 1569 48 1316 2713 64 715 439 2721 100 2376 1860 562 1796 201 2352 2815 1965 2309 1640 194 305 1636 2545 2034 51 1901 2650 155 1948 1051 1218 747 2289 1422 712 563 2538 2088 1261 1584 440 2050 1658 2836 1096 2241 1381 2631 1416 260 1617 1328 161 486 947 1649 445 2628 2649 2130 550 1782 1840 2707 2767 168 2826 2337 645 2454 1054 169 2069 1444 784 1878 2837 258 518 1679 2553 231 1623 950 2358 1870 2011 1369 2652 1172 1544 1029 1148 965
000331.jpg,817 1926 2300 2817 2790 1624 2528 1644 221 943 1656 2411 1407 1102 635 1405 1934 2832 312 85 2501 987 2044 188 556 2082 2270 1386 611 1319 547 1993 712 1617 1710 1701 562 860 1328 1489 2721 1788 1796 1545 1569 1422 1417 100 2367 305 715 2454 463 1045 439 64 2631 1737 1752 4 259 1146 2289 1552 1369 433 2714 48 2840 1202 2836 550 1029 2011 197 2241 1640 1190 1983 283 2707 2375 1381 2544 155 1782 51 445 626 947 2389 2515 2352 1679 26 2034 2837 826 900 1096
000332.jpg,1453 2433 1496 1490 1569 2713 2721 100 64 2556 715 2376 48 2272 439 1860 1796 2309 1640 1901 562 2034 305 201 2650 51 2545 1316 155 1965 2815 2352 1948 563 1636 168 2289 194 1218 260 1584 2088 1840 1148 1878 231 2826 1051 1096 440 2050 486 2631 712 2628 550 784 2337 2553 1658 2241 1617 518 1416 1422 2130 659 2652 1328 161 2649 645 900 2439 1261 1123 2836 1381 445 2732 747 2538 1544 134 2133 1045 169 965 559 735 1782 1307 1054 2454 1444 1586 2837 1552 978 947
000333.jpg,98 353 776 701 2067 869 233 1963 2361 2081 2462 1819 1864 2334 2001 276 781 1402 809 1344 871 2264 381 2103 1949 1245 1209 1603 820 323 40 2210 1204 640 2520 1271 2559 1565 528 933 2658 396 1139 281 2582 2141 2387 334 1188 2618 488 13 512 2551 1757 1219 84 2410 2209 1226 1038 1508 2493 1997 2048 1184 905 1250 411 7 285 923 1751 2823 1246 1987 2369 2803 496 1066 1882 941 1210 1371 2421 938 370 1354 66 2349 343 1528 2304 566 2671 2536 750 729 2449 2829
000334.jpg,2044 85 2501 2411 1656 1934 312 2832 188 611 2528 987 1319 635 1102 1644 1624 1405 556 2790 221 2817 943 547 1386 259 1983 2300 1428 817 1407 2082 1926 1848 2007 1046 1158 2574 2670 1422 74 2358 1190 1552 562 2419 2676 1617 2544 2270 2652 1796 2724 2337 2800 1414 219 1092 2397 2307 2344 712 2564 305 2837 2545 826 463 1381 659 1029 1208 1993 622 2631 2241 900 201 1636 2084 134 486 550 911 2836 445 2088 2133 439 1782 1569 1640 260 100 2352 2721 283 1627 64 155
000335.jpg,2810 2171 2043 650 2666 2816 1891 1723 2346 1916 475 1188 1697 922 411 1763 807 6 285 1882 37 1153 759 1456 546 1221 582 1284 1865 1090 2643 1260 468 1858 1702 1603 1082 2313 1308 1083 2841 620 586 820 334 122 750 732 980 1227 1605 1884 1541 829 1610 2216 2167 1797 1139 443 1006 661 2261 1015 181 956 1250 2118 1761 2502 1537 1570 1380 724 2194 973 2514 2179 938 298 1502 38 372 2677 1285 2410 905 1322 1397 1703 1881 594 2245 1995 167 2567 2060 375 1027 2589
000336.jpg,2085 2600 966 1705 2543 942 2458 1495 1384 487 1681 337 921 908 2660 1742 2262 2392 1673 1290 1331 2696 1017 2257 852 1614 2064 1518 2282 1370 1554 1396 355 243 1105 813 1002 1978 984 1119 2259 1567 446 1676 2782 542 320 1058 451 54 2140 1301 1909 2796 710 662 1479 2420 2357 1519 530 392 1718 1613 151 519 2318 1682 186 301 1263 1036 1200 2299 1750 2147 1717 1385 1211 1442 2636 1455 2593 1621 1779 2132 937 2655 7 1992 2446 1152 1850 2405 2341 2310 1419 2290 416 1510
000337.jpg,1371 2359 1198 2678 1726 1205 1960 396 2494 117 84 1687 2448 1184 281 2627 1987 40 941 1922 481 1400 1199 2203 2620 851 815 2030 1144 2573 1502 1979 1641 1423 189 1462 1183 2152 1219 2060 1880 167 1927 2386 621 1139 1802 594 1616 45 1757 986 2216 60 2502 2726 2179 2141 2086 1882 592 636 905 2761 1962 2567 244 2497 300 171 1180 924 375 1064 2162 1197 2425 1255 1632 2503 448 454 2807 2288 1536 2056 2554 940 42 2688 75 466 306 2495 419 2348 2278 1605 214 2705
000338.jpg,1752 1545 2389 1146 59 4 312 2832 1102 1405 987 1624 2790 2411 635 221 1202 1644 1656 2528 626 1926 1934 2082 556 1407 2270 943 2817 1737 2501 85 2367 2300 1386 826 547 188 2069 817 283 613 611 2044 1319 950 1617 1422 2477 1799 1045 266 2241 1328 712 169 860 2631 735 440 1993 2837 2840 550 1316 2050 947 1489 1782 1444 463 1552 2556 900 1029 1983 2312 2574 1710 1796 1623 2397 1092 2454 1468 2439 2130 2133 2836 2515 480 259 26 1417 1190 2544 2826 1649 2424 2011
000339.jpg,2510 431 2561 1839 1035 1390 2 2663 601 2323 1075 1810 1334 2644 2583 1928 962 1798 395 1801 1207 634 2532 1166 898 103 1767 529 714 1558 1346 2242 2277 1590 374 1001 2350 2699 1333 2759 76 2072 1908 502 1087 702 2495 1114 1137 2471 2601 1250 1427 101 783 2324 1257 1986 251 1197 581 364 578 1830 2381 1230 72 1900 284 2829 2299 461 436 938 2493 1106 1683 1091 2040 1597 93 986 2656 1821 1538 2542 1107 2504 1423 895 1180 2787 1971 1757 737 545 1219 2022 789 1786
000340.jpg,1096 1416 1948 2272 2815 2352 1860 1362 1636 1965 1316 1496 201 1051 2556 1218 194 2721 1569 64 562 439 1261 715 2713 155 305 1796 100 497 51 1586 48 2034 2309 1897 2241 2628 1584 1658 1381 2650 1617 712 1640 1552 563 2545 2433 319 2755 2376 1490 260 1993 2088 2289 1901 2836 2631 645 2046 747 1544 1148 168 445 2826 231 1782 2076 1486 1453 2652 900 2023 1045 659 1328 258 2553 1422 134 992 486 2840 674 2011 1840 2454 559 1307 1878 2767 2337 550 2732 1319 1029 2419
000341.jpg,645 2707 1679 1054 1623 2011 1328 1444 1649 947 1663 445 2767 2836 2837 169 1782 1029 2840 197 1544 1381 712 2289 463 1658 2050 1617 1253 1045 2130 2439 1218 2628 2241 1993 1552 1261 51 1422 440 735 433 194 1417 1948 1369 860 2352 2650 2735 2649 1870 1710 1489 179 64 161 1096 134 1640 2454 319 1051 562 1569 1416 2287 1796 2375 1895 439 155 48 2714 1788 2045 173 965 635 715 2088 201 305 900 1624 2631 769 1437 1701 2272 100 1584 550 2538 1407 259 2721 260 1586
000342.jpg,2454 2769 26 1870 348 925 2649 2538 1369 480 2714 179 550 712 2130 2050 1045 1417 735 518 1788 1422 440 1617 1701 1710 860 2241 1489 2840 445 197 463 2289 2375 1552 1172 2011 1993 433 305 562 1328 2650 1640 64 1029 155 645 134 260 51 1840 1569 524 169 48 2088 439 2419 259 1782 1983 2836 1796 1624 161 168 2652 1054 2721 2837 1649 2631 1486 2352 2439 977 1092 194 1663 1895 2574 970 1658 489 2200 611 2826 2148 2544 1444 2556 1381 563 1319 2707 659 947 2082
000343.jpg,924 1471 953 2841 761 2216 411 1363 1188 2823 1757 1605 986 1400 1723 1488 594 1882 1462 1687 2179 2573 2810 2816 2346 1502 2043 396 1184 2359 1916 2494 650 750 1603 488 1139 167 2449 820 334 468 2261 281 84 1371 475 2495 1227 419 1397 214 941 2768 2678 1761 894 2554 2483 2502 1144 1255 1250 2171 2547 1205 2348 2153 1171 2620 2567 1979 938 905 2197 2627 783 2705 8 111 2410 38 956 1476 1137 1044 149 2060 2202 335 63 1641 2493 614 1106 300 1922 2313 448 1232
000344.jpg,2460 557 2363 879 2184 2801 1619 1366 1863 2517 1660 1816 2607 1947 2524 1480 2298 2633 1925 1684 548 1215 1242 2104 2844 1765 2385 583 641 2431 2139 1081 1982 2672 273 2833 143 127 2771 867 385 798 588 2185 1295 991 1196 1129 1807 2529 1373 1440 1497 1539 697 976 1514 1724 2175 797 1193 2694 888 366 1776 2581 2797 1432 667 2468 1735 133 1509 1887 842 1494 1358 687 2444 1086 2321 2662 741 2206 2619 2187 814 1653 2541 718 1345 1191 801 2327 1664 299 2659 2776 1059 570
000345.jpg,1944 2294 1055 2728 725 2207 2741 899 2135 2057 2766 494 2291 2580 204 2435 686 447 2842 1899 2068 1056 1067 574 1547 2825 1463 2511 692 2248 657 2813 2736 2319 79 1452 1874 1473 1126 722 246 1223 2719 1935 2041 1076 12 2665 1134 1464 442 627 2382 1777 1937 677 1639 2350 2583 140 1001 2708 2809 1088 2286 1185 67 146 249 1868 1012 1721 1439 1408 2438 2509 647 2589 2683 1892 1886 202 2143 2393 2598 994 2625 1881 508 2639 948 1942 1876 804 1931 682 1998 271 1757 1725
000346.jpg,143 1440 386 2517 2529 718 2185 1129 2298 2584 2271 1411 958 1684 795 810 2619 787 1445 697 30 1514 1215 638 71 1694 2801 2460 2363 1360 557 2524 273 969 2104 1242 879 1366 2844 1816 2139 2616 1863 1925 1619 2833 1480 2184 2246 1982 1630 1446 2633 1059 1294 2607 1939 1660 1112 2749 1947 1258 665 2771 2444 641 2710 2385 1807 1539 991 342 1373 1735 1629 867 2226 667 2175 2541 1295 1837 1270 2431 1494 551 385 41 2797 2481 2672 2731 888 1653 2576 1524 1196 2468 2776 1571
000347.jpg,2185 1411 2584 1694 1129 795 1440 143 386 2801 1684 2298 2616 2529 2517 718 1360 1112 1446 1294 665 1630 1215 1258 2481 958 2139 2833 1939 2271 557 1270 2246 879 2460 1514 2468 1366 787 810 299 1445 969 2844 2363 2092 2100 1278 1982 71 1122 2619 2727 2710 1238 638 1291 30 2385 1571 2455 2189 267 2371 2731 2444 1816 1925 1619 264 1589 1814 837 1812 1509 1622 685 2484 2740 2412 2524 600 1480 428 1242 1698 2576 2399 891 1009 352 273 2749 1524 1 1863 195 262 1338 741
000348.jpg,1710 1701 1489 1417 860 1788 900 1437 1993 433 197 2011 1328 445 2289 2375 1624 259 2840 2397 2424 463 712 1208 1552 1319 606 1486 2130 2084 489 611 2707 987 1656 2836 2300 312 1679 2826 2515 1045 1617 2082 2241 1386 2790 2817 817 2528 2544 2574 556 1407 188 1444 1422 1190 221 2767 977 1029 2411 2076 2724 134 2419 547 1623 1663 1926 1627 635 1895 2832 85 169 1644 559 1983 1307 970 2270 645 1878 675 524 2367 1782 2652 1870 1737 2148 550 348 2050 1381 2088 1934 2837
000349.jpg,754 2756 1728 2021 757 213 1231 2638 2408 1597 634 1689 967 707 1533 135 558 1448 2295 739 184 2413 119 2615 1265 1478 1296 1383 80 2354 2787 2472 1984 1312 1849 218 2224 2566 529 1269 424 1733 1529 520 395 1722 962 1867 19 2644 2277 545 232 2323 1801 498 2390 1558 1394 898 364 1093 375 1333 1945 540 1798 1035 304 425 2759 1087 1883 473 1213 1839 983 1334 1683 251 714 2040 1898 646 1230 1061 101 695 1743 2022 1298 572 2242 1693 182 1427 1900 63 388 163
000350.jpg,803 2381 364 1900 2040 436 215 737 251 374 101 989 2504 341 1427 581 1883 2579 2238 766 2759 2114 328 2542 2242 1334 1683 789 962 1798 1257 1786 1230 407 1971 1106 572 1898 1091 395 2323 2644 926 2495 2546 1818 564 1180 1197 76 1996 1561 617 529 1357 1213 777 1137 304 2787 1801 2288 545 614 2072 39 2277 898 1087 714 1207 1558 2656 1693 2281 1166 1394 230 2149 1333 132 646 2022 1176 1928 2699 63 1346 695 1590 2547 739 149 1743 1343 2784 182 1093 895 93
000351.jpg,2517 143 2185 1440 386 1129 2529 718 2298 2584 1411 795 1684 958 2460 2271 2363 557 1514 1215 1694 787 879 2801 810 2619 969 1366 1360 1619 2524 638 1445 273 1242 1816 697 30 1863 1480 71 2104 1925 2139 2844 2833 1982 1660 2468 665 1446 2607 2633 1294 2727 1571 385 2226 2100 1630 1270 667 2616 1258 867 2541 2246 2385 1539 1939 551 2444 1112 41 2431 342 2710 2738 1622 651 317 591 2481 166 2184 1947 1059 2749 1837 1338 1 2731 352 2399 1025 2175 2783 1373 527 2215
000352.jpg,85 2044 611 1319 188 2411 1656 1644 2528 2790 2817 1624 1926 1934 817 1102 556 943 221 1405 2501 2300 1407 635 987 2832 312 547 2082 1386 2270 2045 1584 2023 1617 2755 1796 1993 463 712 1422 1029 259 1788 258 4 860 2544 2564 826 283 550 1552 2454 1417 562 2397 1146 1328 2069 2076 1045 1782 1569 2419 1208 2721 64 2837 2545 2011 1737 1983 1701 1369 1381 1545 2631 100 1428 2670 947 2241 1489 197 2358 2034 2836 305 1710 715 1190 1092 900 2344 1895 2724 2307 2289 2574
000353.jpg,631 607 2596 2049 1604 1981 1237 1613 2093 1879 394 660 1853 1000 2664 2369 1739 1695 1893 813 1906 1508 50 72 595 360 460 749 2587 791 2560 208 731 1498 2196 870 2151 2459 2680 1466 2469 2803 2156 2559 2618 1287 821 2089 172 2299 488 855 528 1136 2074 1309 1415 1565 1271 2775 2126 512 2122 566 174 2747 1210 1219 1470 2577 2026 1031 1047 612 2349 883 2573 1179 2097 1241 111 164 1757 2098 2829 760 2410 2658 477 579 985 1154 1904 2483 2645 1977 1670 94 1404 400
000354.jpg,1993 1663 1489 1617 1328 860 947 1417 1444 1710 1701 1679 2836 712 1782 1054 1623 169 1045 2241 2837 2707 1649 2767 900 2011 1381 1369 1437 1658 1422 2130 2050 197 1796 2649 1870 1218 2454 1486 1569 1416 179 1544 1096 1948 51 348 735 1261 925 26 440 2628 2840 1788 2289 2034 1051 2439 100 445 463 715 2714 2721 1208 645 1552 64 2545 1307 155 1640 550 480 1029 260 817 1624 2826 2352 2790 194 2652 559 1407 2769 562 2528 48 305 2419 2076 221 433 2300 2424 1926 259
000355.jpg,1525 2623 2263 1280 1084 2572 275 1113 2448 1205 1659 2303 2030 2791 106 474 327 1032 1083 96 270 762 2831 1380 189 2554 300 2115 2060 894 6 1425 183 2571 2705 1632 2153 298 1170 2425 1400 2168 546 1108 1866 620 490 732 2348 582 946 2203 1139 2677 1570 2401 448 661 1797 1697 1750 236 482 724 2261 1922 1458 1221 214 1502 1973 2734 1702 543 2514 104 1911 1696 23 1255 1560 2718 624 1482 829 2498 2179 1285 2620 973 2132 1263 986 1661 2071 2160 2593 2706 43 387
000356.jpg,2830 1634 1309 1424 610 1040 1020 435 1581 678 1573 365 605 717 94 1110 2560 2680 1966 2251 821 937 811 881 535 2609 2095 648 1783 410 855 2005 1968 112 1379 1133 2843 870 2151 1794 2377 1243 1527 568 673 2788 2196 248 2697 2417 1131 2364 749 1498 1068 336 2730 288 544 593 730 1311 2087 1670 2299 2746 2290 2613 1005 1138 257 1142 2492 1871 2243 1850 774 1466 338 1913 2519 1731 2006 1174 2763 434 2549 1094 2102 800 1936 1516 1800 2331 843 742 1992 773 538 392
000357.jpg,1705 2600 1681 487 2085 942 1384 2543 966 2458 337 1495 921 2660 1290 908 1742 1017 2392 2262 1518 2064 852 2259 542 54 2282 1331 2696 1673 1614 710 2257 2782 1370 243 1978 1396 1002 1119 1554 355 984 446 1301 2796 530 813 1567 151 2140 1105 1058 662 451 1676 513 1909 1613 1385 1519 2132 1871 1779 1654 2154 1263 25 2147 416 320 568 2357 2575 1954 186 1817 1750 1718 1225 69 136 351 1077 2318 2686 1152 1322 907 1325 2475 672 933 1682 1033 915 1479 875 975 2593
000358.jpg,532 1335 2228 1704 671 1956 2028 1297 696 2557 2814 2099 1741 2674 1376 1532 1339 633 458 330 587 1827 152 261 734 972 1896 772 2250 354 313 503 2322 92 2191 2062 2500 2819 505 1680 847 1961 533 2742 2052 2479 238 159 2193 2681 602 1708 1293 120 1755 2715 711 1011 580 1097 28 799 1111 2773 1568 1021 2232 2316 1143 805 1118 1912 2177 2592 31 2199 1332 1050 326 464 1026 618 2402 1873 131 1875 653 1917 2698 1099 449 1037 2283 2017 1262 1756 2610 314 1543 649
000359.jpg,2561 2510 431 1035 2 2663 1390 601 1839 2323 1075 103 962 1810 2759 529 1333 1798 634 2644 2583 502 2532 395 1801 284 581 2471 1821 2277 1114 1207 1908 578 2242 374 1334 2601 1767 2022 1928 1137 436 1394 2829 898 1830 714 1533 461 545 702 1087 1916 101 2504 2699 737 684 1558 2656 2299 215 251 2040 250 1106 1166 2072 2216 72 1683 1230 475 1597 1310 1257 2546 2542 364 1250 76 1900 2787 783 1971 1723 1608 65 182 2346 1001 1427 2350 789 903 2238 304 1975 411
000360.jpg,2648 961 2138 2100 642 1571 846 600 1622 573 17 2738 2486 166 511 1828 317 405 1338 1964 2614 1349 2835 1278 352 1698 2255 195 1270 2223 1618 2709 665 1939 1112 2473 2372 2338 2412 307 2253 1409 1095 577 1994 1684 1540 1258 1446 969 349 2340 1615 1630 2226 591 2616 2339 1812 223 2246 1514 2635 1 1294 795 2781 892 1520 2466 685 2811 2727 46 2481 2131 2175 2710 1360 1341 2444 2399 2215 1129 1025 616 147 2298 2213 2758 124 2158 2584 1862 127 414 2468 1366 180 237
000361.jpg,1752 1545 1146 312 1102 2832 2389 987 221 2790 635 1926 2300 85 1405 1934 1656 2501 943 1624 547 1407 1386 2817 2411 2082 556 817 2528 1316 4 2069 626 2367 59 2270 188 2044 1644 950 611 1319 2556 2836 712 2241 826 1617 1422 2837 2840 440 1202 1782 1045 1737 900 1636 518 1993 1796 169 1878 2826 2050 259 1552 735 2631 1649 155 1328 947 1437 2544 613 2454 1444 2133 1710 550 2714 1381 2419 445 2011 1190 1983 2652 480 1486 860 2515 2424 2289 2574 2397 1489 463 260
000362.jpg,1394 1631 2277 1801 545 529 2644 395 1558 898 1087 761 2323 714 1798 1197 1207 1334 1230 962 2072 1213 1137 304 1298 1898 2547 572 1683 1597 634 783 291 1166 1333 1928 614 2567 1035 1561 1839 1093 1346 2751 251 473 581 374 739 2295 2579 2381 558 306 576 1250 2242 63 499 1427 135 375 2625 167 540 1106 707 76 1689 2400 1906 2472 1228 2787 411 1176 425 1483 2022 2759 1312 2216 2483 213 1171 1883 149 1219 2114 2542 184 967 1931 1785 2546 488 1214 1786 2408 1401
000363.jpg,1779 1385 406 2145 742 2102 773 1992 2763 1007 1707 519 1871 1645 1969 1894 2613 1138 1800 1731 186 1511 1442 2516 1526 1325 2609 257 288 535 937 709 1516 2341 2377 1527 392 253 336 301 605 1455 2219 248 1020 1850 338 730 870 1718 1581 1466 410 2680 1311 1243 2746 2299 434 1424 811 648 1131 1783 365 593 678 2251 1966 435 1040 800 1142 1968 2095 1110 881 1133 673 2417 1747 1573 2151 2492 2364 2543 821 1833 544 2302 1165 2519 2830 2697 2549 1094 1794 2087 774 2788
000364.jpg,1492 142 2078 1699 1553 1886 555 1053 866 1236 2267 2668 2380 1033 176 1393 1431 733 2217 36 680 901 1588 1793 1132 536 427 988 500 193 2451 2384 292 2090 672 933 1263 29 1754 2038 377 2387 2032 2350 2054 73 828 1869 1001 2583 2475 1406 1429 380 767 249 2000 67 1352 1322 646 123 627 1012 954 1189 2428 2335 1682 2172 56 1346 1451 676 315 2787 1233 1603 624 1361 1243 2514 2748 2299 1905 202 2409 1952 1165 1750 2463 2302 145 2293 2245 2378 882 2120 2533 286
000365.jpg,2045 2023 2755 1584 258 770 747 1796 2034 2545 1320 1029 463 1948 64 562 2289 2352 1096 51 1569 1416 305 2631 1788 439 1993 860 1617 440 2837 1586 715 2721 100 1640 1895 2556 1417 2130 1552 2735 48 2272 155 161 1544 169 497 433 1701 1636 1051 2650 2836 1649 2767 1045 1407 1381 2439 1782 712 2564 2628 2050 550 735 1422 1710 197 1261 2241 1218 194 1319 134 992 1328 1316 2454 2482 2649 1362 2652 1496 2538 201 2367 947 2815 1860 1658 2707 2011 1489 2732 2724 547 611
000366.jpg,1096 1416 1948 2272 2815 1362 2352 1860 1636 439 64 1569 1496 1965 2556 194 1316 2721 1586 48 155 1584 1897 497 1051 1796 2241 715 51 201 1218 562 100 712 2755 2289 1552 2650 305 1381 1617 1658 2034 445 1261 747 1993 1490 2628 2836 1328 1640 2713 2046 645 2545 2433 563 770 947 2309 2023 1649 134 2011 1045 258 2767 1444 1623 2553 2088 1782 2631 2130 260 1054 1663 2707 1544 440 992 319 1029 1679 2837 2050 2376 231 169 1453 2840 2732 1319 2735 2454 1901 168 2419 1422
000367.jpg,1447 376 1469 1483 44 16 291 2249 1535 832 2317 1672 2437 1749 1836 1394 483 1161 1513 1300 545 1346 240 1847 2129 789 1773 1353 1361 1213 761 1451 2113 1801 1019 2178 2277 614 2054 1389 1795 2784 2016 2000 1631 304 1178 2202 1804 2190 2785 2072 1914 395 1091 2644 529 2066 132 2579 63 1476 1207 540 1137 727 2547 1176 1743 714 2745 1559 1057 251 589 1996 983 293 1087 1334 658 1427 341 967 1951 824 646 1798 898 1115 1558 2409 2540 1990 2323 1230 1727 1175 695 1180
000368.jpg,1742 1370 1554 243 1105 337 813 1396 355 2696 2257 1331 1673 921 1614 2064 1495 2458 1384 966 487 2600 908 662 1705 1681 530 942 2085 446 1613 1290 1301 2140 1567 54 975 2282 151 1518 1017 1058 7 542 1909 2259 451 2660 710 2782 2793 1002 1946 301 984 1978 2543 2796 2005 2416 2394 186 513 2405 2251 1455 1968 2299 1142 2364 2519 1966 1850 2336 808 774 2730 1094 881 1036 392 2290 1581 1174 1311 2658 1119 1170 2697 253 1936 2170 800 1020 544 870 875 288 2341 2417
000369.jpg,757 754 1533 1728 558 135 2295 2756 213 1597 2413 1689 184 1231 634 2638 2472 1312 2408 1478 1448 1984 119 1296 1383 1265 80 2021 529 2615 2277 967 218 540 1801 707 1394 1035 545 1898 1839 1945 520 898 2566 2644 1558 1093 1087 2354 395 714 2323 1228 473 232 739 752 783 19 1849 2508 1883 1889 375 2561 1766 2547 304 2759 2725 425 1683 2169 1269 251 424 1733 1798 962 1631 1061 306 646 1333 498 388 957 1722 1785 1928 499 2464 1427 1230 163 2404 101 1867 2072
000370.jpg,2045 2023 2755 1584 258 770 747 1029 1796 2034 1320 2545 64 1586 2289 1096 463 2735 1948 497 1417 860 1362 2631 1710 1416 433 1895 1569 1897 562 2650 2482 1190 2352 1788 439 51 2564 2130 161 1993 1701 2837 2732 1328 1552 712 48 1627 1051 2753 100 2011 319 2836 2724 1617 715 622 2707 2287 1640 992 173 2767 1381 2721 1624 134 305 1319 1407 2646 2076 2676 906 2628 1218 606 197 2652 1649 1775 169 817 1489 2088 1208 2084 1261 440 155 2046 201 1544 675 2840 2272 947
000371.jpg,1707 1007 730 338 1466 1131 742 1526 336 2516 568 1243 2151 1379 1455 1511 2341 253 1645 1325 1442 1794 1969 1670 2788 1779 2730 1783 937 1110 1068 248 1020 1581 678 2830 1005 2290 365 410 2364 544 2746 1516 1871 2299 870 1424 2145 610 811 2102 648 538 2251 1385 1138 673 1731 605 1094 821 1133 435 406 881 186 709 1040 2492 774 1966 2549 2680 2763 773 593 1992 2005 392 2377 2243 1142 1079 1936 1311 2519 1800 1073 2219 535 1573 2087 434 1968 1894 1120 717 1527 1732
000372.jpg,176 1033 1393 2668 555 142 1492 1053 2078 2451 2384 1553 1699 292 866 2217 1886 427 1431 36 536 2267 988 733 1588 193 2380 901 1952 1793 1236 1132 2038 2120 680 500 2335 2090 1429 672 2629 933 358 2798 2032 377 828 1764 56 1189 2387 2428 2083 123 1049 1754 1263 1322 698 839 1352 882 2795 2150 1910 249 889 2463 915 2475 2245 1501 624 986 128 2293 796 1406 2350 1747 2686 792 1255 2154 409 1074 1001 767 351 2214 1012 2003 2348 1521 2787 1757 1654 1869 2509 954
000373.jpg,1993 1617 1663 1045 712 2241 1422 440 2130 947 735 550 1782 2050 169 1444 2836 2837 1369 179 2649 1328 1381 51 1658 1544 2454 155 2439 1649 518 1679 1623 1840 480 305 2767 925 1054 2707 26 2840 1640 1870 348 197 562 1796 2011 2538 260 2631 1636 1552 2769 2628 900 445 463 2826 1569 2289 563 1486 2714 1029 2088 221 943 1417 2817 1218 2082 1489 1437 2721 645 860 1656 1405 556 2790 2832 1934 134 64 259 433 635 312 559 1710 1102 1926 1407 2270 1316 715 2556 2424
000374.jpg,472 2138 1803 961 2444 551 1059 1811 147 2595 342 1509 1025 577 1607 1167 1341 1069 2385 641 2758 1807 2094 1355 1524 2710 127 2738 1295 2175 2431 1540 2771 1530 17 1862 1828 741 1571 1988 405 166 352 154 2740 1629 991 1618 160 2635 1078 1373 1539 2835 888 2340 1619 537 385 2614 262 1964 573 2100 223 1421 203 2749 1622 2255 1615 1 2675 2486 1660 2266 124 1349 1181 2339 1520 846 2131 2223 1564 685 2338 2781 867 1215 2473 600 2399 1242 2801 2648 1698 2776 2619 1278
000375.jpg,1293 1097 159 580 1822 1143 326 655 1118 2715 331 31 1635 390 2062 1967 430 1011 1715 1037 2053 1026 1648 1050 1124 1297 2406 1692 999 1262 1187 1140 464 1706 2236 2687 1018 1568 927 1472 799 1918 2407 726 2301 1730 1831 1756 314 782 455 1475 2765 1317 805 1275 1789 1755 125 2402 1929 1216 1912 1932 1008 1655 1503 138 2531 1395 478 1024 1647 1972 758 2142 2611 2465 2505 936 1829 1220 721 113 2806 2632 1921 389 324 2398 2232 363 471 268 1612 788 89 653 628 456
000376.jpg,894 2554 2153 96 189 1632 1032 2060 106 2571 300 1661 2109 1171 1214 2831 22 2567 762 2705 744 2079 2401 2263 2222 1108 205 2261 2313 2030 2160 2317 2425 1139 1525 2573 924 1749 1188 1286 1727 2555 122 1659 1738 661 448 2111 2572 1227 2216 2623 214 2168 1284 1400 1703 1456 1560 506 2179 2791 594 37 2058 1502 1953 732 1858 468 1995 1365 2591 2096 1836 1083 333 183 1866 2303 1844 309 2194 1425 6 586 2348 1638 565 2823 1602 411 476 335 1153 1205 1570 824 443 2841
000377.jpg,1753 1125 2772 2777 2077 2478 2561 70 1759 2757 2161 2510 1834 431 951 315 1252 2015 18 1165 2302 1842 2818 2 2663 2622 191 767 1390 1557 601 1035 277 1839 2315 1443 2702 1938 2685 103 297 2323 1980 1323 2686 1833 889 634 688 1747 369 1186 1235 1801 2624 2644 522 990 1075 1389 529 2583 581 395 853 1333 1019 962 2430 2667 426 1798 29 1334 2546 2759 1804 293 1115 1810 1353 2314 2277 1207 1989 67 2022 2296 126 2000 1951 1845 2178 1460 2532 2113 1869 2242 1511 2024
000378.jpg,1087 1558 898 714 1166 1928 1207 895 1590 93 1137 2072 1298 614 545 1394 1631 1228 2323 1334 1333 2022 1801 2277 63 1785 1561 374 1798 783 182 395 529 2644 1197 149 304 1213 1343 962 251 2547 695 1597 2504 572 101 1230 1346 1176 803 2759 132 1757 2656 2579 2546 1743 1427 2242 2112 341 617 2542 596 1683 2040 576 789 214 2737 2149 364 2381 291 1839 1257 986 1483 1898 2190 1883 1139 1605 581 76 2827 983 594 2699 2238 2493 88 2348 540 1093 1144 1004 1075 1693
000379.jpg,2404 1889 744 2464 509 957 2141 2725 844 2448 244 1766 1616 2502 1515 2841 419 1139 214 2554 2153 941 1605 189 894 2152 1171 1199 1927 2348 22 2751 1214 592 2567 1632 2807 2048 1426 84 1768 620 2591 1802 2278 45 2197 1596 2188 621 1364 171 636 2720 2498 1726 2060 468 2761 1536 1064 2056 2678 1318 1251 2612 1882 1371 2688 2425 2562 2705 2182 2522 2503 2760 924 2476 2261 959 2608 335 300 306 1960 2230 42 448 1188 2079 2216 2160 1227 40 1858 1757 2386 807 2449 1232
000380.jpg,2024 2143 24 2430 426 2533 1149 2320 29 286 2172 2673 1804 1719 853 2787 792 91 2296 2014 2124 2366 1326 2054 1361 473 2235 1061 1951 1559 727 589 658 646 1451 163 1236 2178 1886 2508 2000 2113 466 954 2404 142 2078 609 306 1766 376 485 1306 2725 1685 359 1869 2409 1492 1469 1696 1659 2380 1165 2066 2589 1582 1699 1263 1881 752 2540 1389 1602 2378 2245 995 1353 2302 2003 2571 1661 411 2115 2573 2294 240 915 1501 1139 2128 2222 1477 1889 2111 1243 128 1053 1397 1537
000381.jpg,2381 1900 2040 364 436 215 737 101 803 989 2504 251 341 374 581 2238 766 1427 2114 328 2242 1883 2759 2579 1683 407 2542 789 1898 1230 1334 962 1091 572 926 395 2644 1818 1257 564 1786 1971 1798 1106 2495 1996 1180 777 2546 2323 230 617 529 76 1801 2288 1357 1561 39 2281 304 1213 2787 545 2277 1197 1137 1093 2072 614 1207 1693 1087 2656 1166 1394 739 714 2149 1558 898 1928 1333 646 132 2547 63 695 1343 1176 2022 2699 783 1743 149 576 1590 754 1035 2784
000382.jpg,2185 2517 143 1440 1129 2584 386 1411 2529 795 718 1694 1684 2298 557 2460 2363 2271 2801 879 2619 1619 810 1360 1215 1242 1514 958 1863 2524 2104 273 1925 787 71 1366 30 1480 1816 2468 1445 2431 1939 2385 1258 969 1509 1807 2633 147 1660 127 2607 1982 385 1295 2844 1059 638 1803 697 1294 2444 991 2776 2139 1629 685 1630 2595 1446 2833 262 667 2710 888 2175 641 342 1373 2616 551 2740 1524 1571 1112 2749 2576 741 1069 2246 2100 2738 577 1811 814 665 1025 2372 166
000383.jpg,2510 431 2561 1839 1035 2663 1390 2 601 2323 1075 2532 1801 2644 395 529 1810 2277 461 2242 962 1333 374 1976 2299 634 2583 1334 898 1346 1087 2759 103 783 2547 1767 1986 1442 502 1928 2661 1207 1904 72 1091 1137 789 411 714 1047 400 2022 1798 132 2504 1114 1176 2579 2785 1197 2098 2388 695 903 1310 2699 1898 63 2350 2489 1558 1631 2190 101 167 251 2216 2493 571 827 1906 284 1683 581 88 1107 76 2471 2483 2601 2495 576 1971 596 2829 2196 1188 1394 2238 2324
000384.jpg,239 2794 2091 1781 2164 2280 2173 525 209 356 296 139 2232 408 1282 838 2137 245 2396 49 822 2311 192 2025 654 2669 1248 61 383 1127 207 1568 1787 1356 225 1435 653 1755 1262 455 625 252 1505 2070 1274 2236 805 1297 679 1780 2693 1011 799 1831 314 1655 1472 806 113 1141 1475 858 1598 159 1050 1168 131 1756 1018 2053 1293 31 1143 2698 580 1299 1317 655 1972 2402 782 1097 216 449 1503 671 326 1216 1118 1647 1021 721 2715 1635 2632 268 1506 2059 1692 1715
000385.jpg,2449 1671 1474 8 2535 325 745 2706 1006 443 1308 1090 1082 586 2216 2831 2167 2705 924 1380 2230 300 1703 946 2571 1288 2079 2623 2245 2572 335 1661 1263 762 2401 1322 2160 2591 1400 2109 1027 1763 624 1487 37 1757 2293 2841 2567 1032 96 205 1817 2425 474 954 2096 1750 594 2249 1685 2514 1113 724 1697 1352 2313 214 1881 2573 2463 1425 986 2555 1139 459 1911 2156 1458 882 744 1214 2263 1550 1659 1760 2620 136 834 2222 1277 907 2348 333 1922 2589 1866 973 2179 1286
000386.jpg,1752 1545 1146 2389 312 2832 987 1102 635 1405 2411 2790 1624 1934 4 221 85 2501 556 2528 1407 1656 1644 626 943 2082 1926 188 2817 2300 1386 817 547 59 2044 2270 611 1737 2069 826 1319 1202 1422 1617 283 2367 445 2840 1552 712 2011 1983 1316 2419 2836 463 2837 613 2424 1092 2574 169 1782 266 950 2133 1029 977 550 2397 2477 2826 1328 2289 2544 2631 440 2652 947 1190 1045 2241 259 900 2515 1468 1993 2556 2148 155 1796 1649 2375 2312 2088 197 1663 1444 1636 1486
000387.jpg,957 1889 2464 2725 1802 509 1880 1766 2404 609 752 2457 844 744 2448 1515 5 1696 2115 2128 1616 244 2706 592 1199 1596 2572 1426 498 1032 1726 106 2182 2056 1960 1364 45 1280 1525 189 1945 2168 2124 466 2522 232 1269 2591 2760 163 2678 2351 2751 1064 2566 183 2354 1061 1326 2278 171 1602 1084 2608 214 2386 2807 1556 520 1953 473 1637 1768 388 2263 815 2048 1659 2060 2141 40 2014 1757 1371 2476 19 2408 375 448 2508 2503 2612 1251 621 135 2720 1927 2197 306 1448
000388.jpg,2716 1563 2552 849 28 238 2819 2479 2365 152 2500 505 458 1532 2181 175 523 587 2370 972 313 2557 1827 81 2283 2119 2250 2689 1741 847 1339 2534 1896 705 2191 2527 2674 734 696 671 1680 2193 2228 1376 1704 330 2177 2099 1912 602 92 503 1335 125 2052 2592 1111 2322 354 788 633 1932 1293 1281 1923 324 120 1813 456 2715 1097 129 268 2681 1037 501 1332 2687 2742 159 740 1011 1831 1503 1789 1062 452 2531 927 2059 2806 1708 464 1297 580 131 2244 1024 726 2236
000389.jpg,1254 835 768 931 1720 848 1340 297 103 990 1235 1845 1323 1186 126 2624 2276 2314 688 1391 1413 2571 2079 1277 522 834 1620 309 2831 333 2058 205 1300 2555 767 2080 1174 2136 1015 400 240 1286 2296 2216 1458 1844 2705 2667 2160 2167 506 1217 2313 2005 1353 483 2736 300 277 1244 1703 448 204 1482 1090 1400 1804 2006 800 1178 393 677 2630 2425 2519 1727 1913 2401 2685 1057 1560 2496 1308 1142 2573 586 2096 2697 2251 1449 37 1749 2780 1082 2302 1032 973 2825 1165 1456
000390.jpg,1481 52 418 2244 1465 806 534 346 2429 786 780 2059 1662 484 2821 53 726 290 2470 225 1787 61 207 758 452 2467 363 467 1378 2236 1475 2285 1022 478 999 2025 389 2690 936 471 2634 268 1438 2465 2505 131 653 2669 2693 1275 2407 1008 1220 2765 2301 1730 2398 2687 2806 464 402 753 1789 108 295 2531 2396 1706 89 1568 654 1024 192 1692 1929 840 1831 927 331 1097 1875 455 1780 628 1141 655 1503 2070 1655 1262 2142 33 1918 1026 1293 1941 1127 1822 1011 241
000391.jpg,1723 1916 475 2346 650 1603 820 750 2816 807 334 1761 2359 2043 2810 2171 285 1188 1882 2387 1462 956 2313 2261 1219 1227 411 1858 468 1605 2152 396 2502 594 941 281 2443 98 1260 2494 84 1979 117 1139 2483 1641 713 1184 40 454 2627 2410 1371 1144 167 851 924 1412 425 1423 620 1987 1250 905 448 1922 2705 2060 2554 2216 2567 2179 2688 985 375 2089 938 2278 2726 2653 476 38 1217 986 1839 1757 1502 1687 111 2086 2425 300 1171 1610 488 1767 2823 2620 2162 1205
000392.jpg,1055 2294 1944 2728 725 1056 2207 2825 2766 447 2736 1126 442 692 2319 2719 1935 2041 1463 246 2511 2741 1134 2135 1547 1067 204 899 2842 494 1076 686 1452 2286 2382 2068 2665 2248 1464 677 2813 722 2435 2057 1899 2580 1937 79 1639 1868 2708 2291 146 2438 140 1185 1874 682 574 2393 12 2683 1223 2639 491 271 1408 508 1777 1942 647 526 657 994 1892 1998 2440 948 804 2625 864 1677 608 1439 1721 329 274 1771 1473 2436 2569 2037 627 1592 67 359 1876 2809 249 1725
000393.jpg,2252 1651 2682 1977 2491 1179 1583 1578 916 1579 998 841 2042 945 1920 1063 639 2647 227 114 1770 2723 9 1769 1470 952 919 1528 763 2225 1354 1531 748 982 2778 517 2349 930 928 2097 2729 2379 567 1657 1210 2304 1851 923 1367 1368 1854 382 1239 528 2559 1154 2711 778 2618 2459 579 1566 7 1209 515 2658 1271 566 492 1970 2026 1819 512 2462 2081 1344 1402 98 2334 1864 276 760 2067 2361 174 809 1879 72 776 2019 1415 781 1219 2209 2103 1197 2603 1351 2264 2775
000394.jpg,233 1283 933 1761 1171 476 1791 2261 2554 2567 22 1632 448 1922 2151 1214 813 1041 971 2030 255 2387 2153 1757 2792 1227 807 2823 2808 214 820 1139 20 2404 1217 785 7 2658 1889 2299 1603 894 1952 163 986 744 2425 959 1255 1061 189 2089 2060 400 1766 1442 1330 2841 285 2573 2620 750 334 1397 2047 306 646 1904 2348 2705 2083 924 1872 637 473 2725 1466 2156 997 333 466 1613 2787 765 2216 2079 956 2508 2539 2203 2449 752 411 1931 1205 1052 293 1019 2526 2591
000395.jpg,1317 1756 1395 1921 1647 805 2061 721 1972 2402 1303 1755 799 1918 412 1297 314 2236 561 2053 1475 1050 1037 1124 1568 1967 1140 1635 27 390 363 936 2301 402 471 1715 484 2407 2693 2505 2465 1008 1187 786 1438 2279 1662 108 999 1612 1275 1378 653 1022 1829 2059 753 1216 478 2398 1789 1929 1655 1831 806 1143 758 1472 89 2765 1648 1097 655 467 1274 430 1293 1273 331 927 2429 1118 1730 2687 2406 1822 2244 1026 389 295 1011 726 1706 780 2531 113 1024 1039 53 1465
000396.jpg,290 2285 131 2531 1875 2565 452 53 495 1843 268 241 1503 2142 1024 653 418 2693 1481 52 2470 2765 467 806 2244 840 346 1011 780 1465 786 2821 726 1662 484 999 2059 2429 1274 389 1127 534 1039 1787 1022 207 2687 61 225 1475 89 2634 758 1568 2236 1706 799 464 1789 1275 1378 363 1262 295 2025 2806 1730 927 430 1929 1124 455 1216 2407 2301 1037 31 2053 936 1008 2467 331 1097 2715 1831 2465 2505 2396 1140 1918 1932 1273 2669 1293 1655 580 471 1062 2232 402
000397.jpg,346 52 2821 1481 2244 418 786 780 1465 806 2429 1662 534 484 2059 2467 363 290 467 452 53 1022 1378 2690 478 758 936 108 2470 2465 2505 726 2285 2407 753 2398 2301 471 1008 131 1787 61 2765 1438 2634 1220 207 840 402 628 225 999 1275 389 1730 268 295 1929 2806 2687 2531 1475 2236 1789 2025 504 1024 653 1875 1692 89 430 1568 241 2669 2142 331 1026 464 1918 1706 655 2693 927 1503 1124 495 1843 1831 1097 192 654 2396 1039 1655 1037 1941 2565 1822 1293
000398.jpg,1385 1779 2145 406 742 773 1992 2763 2102 1007 519 1871 1707 1894 1969 1645 1138 186 2613 1731 1800 1442 1511 2516 1526 1325 257 709 937 535 1527 2377 1516 2609 605 392 1718 2219 301 1455 288 253 1020 336 2341 544 730 434 1581 365 1783 338 1131 1040 811 248 410 1311 435 1110 2680 1966 678 1424 1850 2830 870 1243 1794 2299 2543 821 2243 1142 2549 593 1068 2095 2251 1466 2364 610 648 2492 2746 2417 673 1968 2788 1379 2140 881 2730 1419 1094 451 2151 1005 774 2331
000399.jpg,2593 632 630 392 1347 1247 490 874 516 2204 1380 2147 1267 256 2718 2331 1170 58 1519 301 2453 1419 549 2734 2165 2012 1595 604 1128 318 1077 1600 212 2132 1152 1036 1762 2487 1973 2391 1200 796 2691 2318 2420 2101 1911 2355 946 1717 247 1709 2655 2156 69 1504 568 1321 2071 1160 320 1425 2636 350 2257 1757 1098 1479 1384 474 1790 974 265 823 1633 233 1454 1510 1387 1682 836 2696 2432 1548 7 1263 850 2362 1958 1642 222 2642 2096 2537 2458 1331 2722 355 99 937
000400.jpg,1944 2294 1055 1056 725 2728 2207 2135 899 204 2842 2741 686 447 2825 2057 2766 1067 494 1076 2511 1463 2580 1547 1935 2291 2435 246 2068 2736 1134 79 2041 2286 1899 1452 2248 692 2813 804 574 2382 1874 722 2665 1126 2319 1464 146 2719 1937 1223 329 677 657 2708 1639 140 948 1185 1868 2438 1777 2683 442 2393 647 2639 1931 2436 682 2583 67 2509 359 491 627 2350 2598 2589 995 2569 249 1001 217 2526 1721 1881 1592 994 2427 12 2378 1330 1439 608 2540 1346 347 1942
000401.jpg,1255 986 1757 2150 123 882 1365 2387 932 1236 2380 372 1541 1406 334 1001 698 1600 1477 2350 2267 1603 1049 750 1346 724 624 820 568 249 1012 427 1200 1263 1479 2151 2012 2475 2378 995 1153 176 2668 1548 2514 1874 1033 1380 829 1492 2589 1553 1747 2449 2583 555 1384 1053 1833 204 1322 36 909 2291 1697 2293 901 933 1387 1521 1431 657 796 2451 474 1484 336 946 2057 1750 2245 142 2580 1958 1869 1881 1761 2318 2405 2463 839 202 1267 1474 2170 67 2458 1195 1443 1850
000402.jpg,1213 304 1785 2546 63 898 545 2022 1087 1166 1928 714 1558 1228 1333 1207 895 93 1298 1590 1137 2072 1394 1631 614 540 149 182 1334 499 291 374 1561 2323 1801 251 2277 1176 2504 2542 132 617 789 1743 1197 2547 695 101 576 2644 803 1427 2381 529 1483 1257 1883 2784 2579 2190 1798 1346 1971 395 2827 2202 1103 341 2040 364 2238 596 983 2242 962 2745 1230 1343 646 1693 95 2759 1091 1999 2656 2441 1786 1900 88 1476 766 2785 1914 783 76 1856 2699 328 215 2149
000403.jpg,645 2011 445 2840 1029 2707 197 1623 2289 1679 1054 1328 1649 463 1552 1444 1253 433 947 1663 2375 134 440 2050 2735 169 2130 2650 1895 2767 735 2836 1045 2837 161 2241 1617 1544 1993 2088 1782 51 2439 2631 1496 1422 155 769 1860 562 550 965 563 319 2556 1640 305 2272 2482 712 518 260 2628 1840 2538 1381 2287 1658 1261 173 439 1218 2713 2454 2133 1948 2352 179 259 1788 2649 900 950 201 1486 1307 1202 1417 860 1636 2076 1775 64 1148 2815 1316 2826 1569 1796 231
000404.jpg,1810 2583 1001 2350 1075 165 137 1212 1606 116 1825 2558 2292 1130 2305 2258 97 1940 1728 634 1841 1390 2560 1986 135 1757 1346 1383 2472 2295 362 1928 2151 1533 2224 184 1197 2493 1597 986 1478 1931 1035 1296 2408 1448 1590 2413 1334 637 359 855 1466 2324 112 1839 2638 739 1442 1748 1689 1231 76 1312 2680 499 895 754 2506 255 2561 1309 218 1849 1265 2220 213 2354 1670 1962 1984 431 119 749 2089 1166 707 2299 1498 1832 1255 1634 2196 1427 80 2410 508 93 2387 2526
000405.jpg,131 1875 495 290 268 2531 2565 1843 241 2285 1503 452 2142 53 1011 1024 653 840 2765 464 2715 418 1789 1706 927 806 467 2693 1262 1831 1655 780 1932 1475 1274 1568 1481 2244 2687 1062 726 999 2059 2236 1293 52 346 1097 1813 159 580 1022 455 31 2232 1127 799 129 822 389 207 89 1378 1281 1822 331 1143 2821 324 1787 1275 326 1026 61 2137 504 786 1037 2634 430 1500 1923 1140 484 1039 758 2407 1465 655 1118 788 501 1781 2470 295 1730 1929 1216 1124 2806
000406.jpg,2386 2116 2678 1960 40 861 851 1726 1198 2141 1371 592 2807 2522 45 1856 949 2441 1318 1013 1364 1251 1632 644 1336 2056 1536 2562 2591 2737 1596 1004 2733 1343 419 2720 2160 636 2448 2048 2278 1183 2612 2079 2188 1064 95 1927 2554 894 620 2827 1144 189 2761 2688 940 335 2086 300 171 2760 2498 783 957 1315 333 2503 1846 84 621 2153 2182 2582 2230 596 2203 1093 905 1802 1204 1232 1768 1103 2608 2705 1880 2114 481 2202 42 2489 1199 941 2060 2197 214 343 75 407
000407.jpg,142 1492 2078 1699 1553 1886 555 1053 866 1236 2668 1033 2267 2380 176 1393 1431 733 680 2217 36 901 1588 1793 1132 536 2451 427 2384 292 988 500 193 2090 2038 672 2032 1754 933 2350 377 1001 1263 2387 828 1429 767 29 2583 123 1189 249 56 1406 1352 73 2428 2475 1012 2335 1322 1049 2120 67 882 1346 954 315 1952 2299 1869 2172 2054 202 2509 986 2293 2514 2416 624 2302 2150 1165 1451 380 646 1682 1243 2463 889 2629 2409 676 2000 1603 698 2378 1747 1750 1905
000408.jpg,1944 1055 2294 2728 725 2207 2741 2766 2135 899 2057 204 494 2842 2291 686 2435 1067 447 2580 2825 2248 1463 574 1056 2068 692 1547 2511 1899 2813 1473 2319 12 2736 79 657 722 1935 2719 1452 1126 246 1223 2041 2665 1874 1777 1464 1639 1937 2382 1076 1134 974 677 1408 442 1185 1876 2286 2809 1721 2708 146 1942 140 271 627 249 2393 948 1868 994 2440 2598 1892 2350 2438 864 1439 647 1012 2499 526 1001 1677 1886 1998 67 1088 804 682 2589 2143 1771 1555 2037 2583 508
000409.jpg,2320 2533 1149 29 2172 286 2673 2787 1804 2430 2024 2143 426 24 1719 792 646 853 1361 2296 1451 2054 91 376 589 2409 2235 1061 1951 1559 466 658 1326 1535 2124 2540 2014 727 163 1469 2000 1447 807 240 2571 1243 1084 1659 1263 609 106 485 1886 1869 954 1306 2016 1696 1236 1346 2111 1513 2115 2303 2245 2387 473 2222 2251 2508 832 2366 2404 2151 2129 483 1161 2572 1165 1794 1353 1766 568 730 2113 306 1113 1556 1685 1603 824 1205 1352 2677 995 1389 2573 2378 2302 1582
000410.jpg,135 558 757 2295 1728 2413 1533 184 213 754 1448 2756 2638 119 1231 1312 1984 2472 1296 1597 1689 1478 634 1383 80 218 2615 1265 2408 1945 520 707 2354 232 19 2021 739 1269 967 1849 424 2566 1733 1867 1898 1722 529 388 2508 498 2277 473 1801 1061 540 1766 752 1093 1529 2725 163 2464 375 2169 1889 2390 1035 1426 425 2323 2260 2404 306 2224 2644 729 1839 783 957 592 2351 1394 2744 499 395 466 1683 509 1087 545 2561 646 898 1637 1996 714 359 2751 1631 1558
000411.jpg,2277 1801 1631 529 2644 395 1394 545 2323 1334 1230 1798 761 962 1197 572 1558 898 1087 714 1207 1683 1561 374 251 1898 2072 1137 2579 783 1427 1346 581 1213 1035 1333 291 2547 1839 2242 1928 1166 2542 2381 167 1250 1093 304 1883 101 803 2114 431 63 2759 2510 614 1298 2567 576 2022 1106 2216 1906 1900 364 1228 400 1176 2400 1597 2504 739 1483 473 2661 2561 341 938 737 411 2040 634 306 789 2546 76 2751 499 695 1075 132 488 2238 2483 856 2787 1144 1257 646
000412.jpg,807 1260 2823 1044 752 1858 2313 468 924 2567 2216 761 1188 1603 1761 1171 411 1214 620 750 1227 820 1217 22 334 189 2060 1610 2261 2841 956 448 2043 2171 285 2810 229 2554 2816 181 333 476 2153 744 20 2387 2156 785 1916 2079 2425 1139 2089 2526 2625 2573 894 1931 306 1757 2030 1502 2705 1283 2346 2220 475 1632 300 1205 2160 255 1255 148 2179 163 986 214 473 2404 1061 400 1401 2203 971 959 2348 2449 997 637 233 7 1889 293 466 594 2508 933 1904 994
000413.jpg,503 633 711 772 2322 1680 2250 2193 1746 1704 2592 1335 2052 2764 602 1111 1332 1117 68 2144 740 1917 553 533 1314 238 2237 2681 968 1708 1852 120 261 1010 587 699 1376 1164 1109 972 771 1873 1327 2500 1543 2212 162 2177 671 2773 2370 2812 1955 2191 2199 2527 2365 313 1182 1774 2181 81 2552 2265 2099 505 28 458 2119 2343 1297 367 1827 2689 872 1956 1532 92 1823 2819 2228 507 2610 532 2028 1650 696 2557 963 2799 2283 2597 1741 354 2479 705 2306 152 2814 2822
000414.jpg,1584 2023 2755 2045 747 770 258 2545 1320 2034 1796 2713 64 1569 48 439 100 715 2272 2433 2721 1416 1948 1096 2376 2352 1640 201 2556 1496 2650 51 562 155 2309 305 1860 1051 1316 1490 194 161 2815 2289 1636 712 1417 1617 2836 1649 1029 1261 2631 1586 463 1218 1993 860 2130 947 2767 1895 563 2837 2088 1453 1381 2628 169 1897 1782 1328 179 497 2050 1489 1054 440 168 1788 2011 1362 2241 1369 2735 1045 2649 1552 2454 260 550 1710 992 433 1444 1663 1422 1870 1658 2046
000415.jpg,1652 912 41 2208 2231 1264 2298 1684 2524 2104 1242 273 2517 1215 1360 2801 143 2619 2185 386 2529 1129 2692 1440 2271 718 2205 716 2246 2460 1630 2584 958 969 527 2363 2184 1411 651 810 147 1349 237 2675 879 1988 557 591 1491 697 1514 2530 616 2595 1564 1812 996 2844 787 157 2541 795 1181 2131 1811 1803 918 1619 345 352 71 1366 2444 1509 2385 124 700 1539 991 1837 1807 641 30 1863 1615 2158 2781 1294 2175 1059 1258 1373 1446 1445 551 1571 1947 1629 127 638
000416.jpg,1436 2218 1052 2156 1736 2449 2083 1757 476 2554 2060 255 894 637 1632 2261 2030 2089 986 189 1330 8 1227 1671 2079 1761 2425 1255 448 214 2153 2151 2705 1188 2823 2161 300 744 2313 1171 2567 229 400 2216 959 411 2160 2348 1214 2526 870 2274 2573 521 924 2387 813 594 1466 1904 1217 7 1139 2680 1889 1044 83 2404 2299 2591 1931 1346 22 1858 333 2658 2220 468 761 1502 1442 1922 1670 2179 933 2230 1688 2620 2841 1766 359 1400 1401 285 821 1205 306 2203 1610 308
000417.jpg,1569 100 715 64 2721 48 439 1796 1640 562 2034 305 2545 2650 2433 51 155 1453 1496 2556 2713 1860 2376 1490 2309 2272 2631 1584 201 1948 2289 1617 1316 1901 1096 2352 2649 712 1051 1417 2050 2130 440 2454 194 1369 1328 1422 1045 1381 260 2241 1658 26 860 1218 1416 169 518 1993 168 2836 1782 2628 1870 2837 550 2707 563 2439 2815 2538 1878 348 1544 2088 735 1710 1701 947 1965 1261 645 2826 1623 2652 1054 179 1489 161 259 1679 197 433 925 1444 1663 2769 1172 1840
000418.jpg,6 582 285 1221 546 759 1702 1083 2643 620 181 732 1260 1797 807 1882 1891 2313 1723 1858 468 1603 820 2816 1541 1697 750 334 1916 475 2346 2171 2666 650 956 2043 2810 1605 1188 2425 922 1570 2476 973 1153 37 2194 1380 298 2502 1456 1285 661 372 594 1763 2152 1537 2278 1865 2261 2677 1284 2807 1227 636 1397 1139 1090 411 586 1761 829 2179 1082 1015 629 148 2167 122 281 1308 980 84 2841 420 443 40 941 2168 1560 1502 2387 2768 1610 1318 1536 1884 690 2514
000419.jpg,346 2821 52 786 2244 1481 418 1465 484 1662 780 2467 2429 806 534 2059 363 2690 478 936 471 108 1022 1378 758 1438 402 2505 2465 753 467 2398 2407 1008 2301 53 1787 290 1220 61 225 207 452 628 389 2634 726 2470 2765 1730 1275 2025 999 1929 2285 2687 295 2806 840 2669 89 2236 504 1475 653 2396 192 1918 131 1692 331 1026 1789 430 1568 654 655 268 1941 1124 1024 2531 2070 1037 464 1039 927 1141 1097 1273 1706 33 1831 2794 241 2693 2142 1216 1127 1140
000420.jpg,894 2153 2554 96 189 1632 2060 1032 106 2571 1171 2109 1214 22 2567 1661 300 2313 744 1108 2841 2079 2401 2705 1139 2831 468 2261 2160 2425 1188 1797 1858 1703 732 1844 620 1286 1083 1227 2216 2643 922 506 1153 759 333 661 309 1953 1995 2194 1288 1702 1671 1749 6 2555 565 762 1727 1365 214 2263 476 335 411 270 924 2058 1763 586 285 2591 1865 2816 1697 2168 1456 1625 2230 448 37 1761 829 1221 546 1090 1260 807 1891 1889 183 1217 2666 122 2167 115 2507 2823
000421.jpg,2152 2502 941 1605 84 2841 2348 214 1139 2141 1371 1616 244 1171 1064 1214 1960 22 45 2751 2522 2678 2567 2608 2203 621 2503 2056 1199 420 744 1397 40 2768 117 189 1198 2760 1184 2620 594 851 171 1726 815 1927 2182 1364 2386 1687 1502 1400 1251 2179 1922 1632 2197 924 2705 2591 2153 2060 2494 1488 1205 2554 844 1987 2612 2030 509 419 894 1979 1219 1144 1315 957 300 2448 2160 1768 454 592 167 335 2162 2726 1882 986 2761 1336 333 2737 2807 481 1802 1217 2562 281
000422.jpg,1038 1754 2421 1041 1949 2210 2520 640 1272 13 323 2671 377 2578 828 1668 1374 2602 2828 933 672 1337 2539 2047 1429 1049 2032 56 2428 698 932 1189 2629 2798 865 370 839 1249 1521 1910 2083 729 955 1329 123 2221 1553 1492 2267 142 536 340 1431 1430 2108 2786 176 427 429 2117 121 2038 979 2668 2217 2120 1256 743 555 2031 1699 2423 1033 2380 986 2333 569 882 432 1890 36 2029 193 988 868 2335 901 1399 332 1255 1070 866 2415 964 1393 597 199 302 2078 2227
000423.jpg,1830 702 903 1114 1107 1908 1767 2388 284 2601 502 2471 65 103 1310 1512 1608 250 578 1821 684 1975 1839 431 1035 2323 1232 395 2644 962 2510 1810 1397 1390 2561 851 1922 2620 1798 2 1075 1219 374 1144 601 581 40 2114 1900 1207 2663 420 251 783 1065 529 1916 1605 1166 332 2029 2759 1137 1846 45 2216 597 1427 1423 2489 364 1184 2040 1343 1334 436 2503 2494 1298 1400 1197 1686 737 1230 1558 1687 2182 1641 1418 1940 938 1590 1832 2056 566 417 1801 1723 167 2671
000424.jpg,1900 2381 2040 436 364 215 737 101 803 989 2504 341 251 374 581 766 2238 2114 328 1427 2242 1683 2759 1883 407 2579 789 1230 962 2542 1898 572 395 2644 1091 1334 1798 926 1257 1786 1818 564 1971 1106 1996 2495 2323 1180 777 2546 529 617 1801 230 2288 1357 76 39 1561 2281 2277 2787 304 1213 1197 1137 545 614 1093 2072 1394 1693 1207 2656 646 1166 2149 1087 739 714 898 1558 1928 63 2547 1333 1343 132 695 1176 2022 783 149 1743 576 75 1035 1346 182 2699
000425.jpg,2359 1757 924 986 1255 2216 281 1471 953 396 941 84 2627 1139 2494 594 2841 1462 1371 1987 2387 214 1502 1232 1687 1250 334 2179 1605 750 2573 1363 40 1199 761 1616 481 2483 820 1603 2348 2567 2203 2278 1882 2502 938 815 1184 1397 1979 2197 2823 2688 285 244 42 167 1949 1488 851 2476 2761 2425 2261 1761 454 1205 335 1960 1144 411 420 2230 1400 1219 1188 2404 2421 1171 300 2152 1641 1558 2768 807 2620 1198 1723 38 650 1227 2678 1197 117 637 1536 1315 1962 488
000426.jpg,1697 2167 2268 459 1911 1380 922 1188 1456 1763 411 1090 1284 37 586 1082 372 285 1308 122 1153 759 546 1221 2643 6 1865 443 620 582 1702 1858 1006 2313 732 1797 1260 468 1267 2043 298 661 1083 2593 946 2810 2666 1285 980 1227 829 2171 2194 1570 2677 796 807 476 1537 1884 2168 2261 2425 1995 1603 973 1610 1916 2623 1891 2816 820 448 1200 2118 629 475 1761 669 1015 724 1541 1502 334 2791 275 2346 690 2449 1560 956 2691 2245 2514 2535 2179 1387 1084 1205 1080
000427.jpg,2548 2662 1375 2460 2363 1366 969 557 687 2727 879 2541 2844 1619 2226 1684 2584 2633 2298 2607 1776 2399 2139 1925 1 1009 2215 1572 1816 837 797 1411 1660 2186 1571 1665 2185 2456 1480 2330 1440 2385 2833 1025 349 551 267 342 234 857 1238 892 2158 2229 1520 1539 795 859 2455 2100 1264 2749 1863 317 2063 2123 1291 307 2590 1815 913 570 1043 720 667 352 264 798 46 2431 1514 1059 1360 1615 1409 2524 1698 1861 2246 2039 2672 1095 2529 2517 642 154 718 386 867 2187
000428.jpg,540 2413 2295 135 558 1448 783 1383 1728 184 1296 1093 2615 1265 1231 80 119 1478 2785 2472 1914 2756 218 1312 1984 754 2638 1856 2441 1996 596 2242 95 1091 757 2827 1945 2202 213 739 2408 983 407 1999 777 529 1343 2021 2745 766 341 1683 2190 2566 19 1743 232 310 328 2547 1631 2281 520 1533 2737 2644 291 2759 1269 1898 2238 1476 695 88 707 1801 2354 1103 949 1689 634 617 2277 1176 1597 1867 499 230 2112 2323 789 424 967 132 581 1230 395 1693 1733 364
000429.jpg,1563 238 28 505 2500 2181 2250 2479 458 2819 849 1532 152 2552 2365 523 2716 313 587 972 1827 2370 2119 2283 175 2689 1896 705 81 1680 1741 2557 1339 2534 2527 847 1376 2193 2191 503 2052 671 734 2674 330 696 633 2177 2592 2322 602 2099 2228 1335 1704 711 92 1111 772 1332 1912 354 1831 2681 268 532 1655 2236 1037 740 2806 1297 1281 927 125 131 464 1813 726 1706 1932 788 1923 1475 2687 1117 2715 1730 324 1789 1293 1275 2742 1875 999 1011 2062 159 1097 2531
000430.jpg,2510 431 1390 1035 2561 2532 2663 1839 2 601 2323 2644 1986 461 400 395 1767 394 1801 1952 1418 473 1333 1928 375 1906 1423 783 2277 1976 1075 571 1065 2620 1256 167 597 1904 856 1310 2022 1197 529 2388 2216 1931 63 306 1398 714 2242 2829 156 72 417 2547 488 2098 1219 1334 1922 2671 76 2661 1047 1641 2190 702 1266 1107 2573 898 88 1879 448 1757 1343 1166 2495 1686 214 1502 905 634 1442 2699 2494 1841 2089 2387 695 1401 827 1176 2299 1114 1087 2220 250 1091
000431.jpg,493 2174 1234 2004 1034 1358 1861 2374 57 133 1792 366 976 2672 1580 1196 2418 859 280 210 793 2461 797 1279 1930 2125 1947 1392 1276 1758 1575 1859 756 2327 746 689 1724 570 548 1665 1664 1765 2694 2456 2838 2330 1072 1375 2184 294 2186 663 588 228 1776 1877 1457 2206 857 1551 2039 2739 422 158 1887 1193 880 1191 1086 2332 801 885 2321 242 1043 2581 263 2548 2541 1030 2229 2356 1229 720 2590 656 1350 583 2123 1542 2198 2703 2659 1432 150 704 842 170 934 798
000432.jpg,629 882 2572 2677 1757 986 123 2150 594 1139 1113 214 2348 2115 1602 1866 1255 1477 2571 1661 909 1738 1696 1365 2203 1084 270 327 300 2706 762 1397 482 1400 1280 2620 1458 106 609 1953 2179 1171 298 1659 1570 2079 2448 1603 1032 183 676 1263 1502 2230 2623 1525 2109 1754 2261 2160 744 2216 189 2705 2567 2060 2194 275 1205 96 750 334 2263 690 2591 2303 2841 2831 285 2457 2245 820 924 1922 2507 1541 466 1221 474 796 907 2404 973 1761 335 1214 2030 1487 448 1057
000433.jpg,1506 1141 2070 1780 383 252 1356 1505 2311 858 2669 525 654 1598 625 1248 679 49 61 1435 1781 192 2025 1299 1168 1787 2794 245 225 207 1216 113 2396 1829 1127 2164 1140 408 2280 1282 139 2137 239 216 2232 2173 455 1924 2279 2091 822 1262 1124 27 1274 356 296 838 1273 209 2470 2698 1024 2053 2531 1918 1568 1037 1503 331 1692 1612 430 33 655 2765 1293 1472 1875 268 1097 2632 799 2565 1026 2062 131 653 2316 1021 1143 464 1706 1843 1500 402 1303 1647 1011 391
000434.jpg,1057 2437 1836 1672 1749 824 2111 1178 1449 2700 1990 751 2317 16 44 1713 1116 1224 1714 683 2180 1447 2422 2523 34 465 47 1469 1535 2249 376 1593 2129 1727 2555 2058 2016 1620 834 1838 1353 761 1346 1277 603 832 1678 946 1073 1450 1732 1523 269 2275 1482 830 1380 1559 2080 483 2000 187 2245 2096 1082 1200 2073 676 2167 83 1308 2518 2239 104 2695 441 1773 1943 1697 863 205 1646 1451 1300 1147 1548 2296 1036 339 1795 954 2630 2383 371 1267 1456 327 1950 2563 2156
000435.jpg,203 2749 2740 1524 154 1629 1059 342 551 2468 150 1811 2444 1803 934 2710 798 795 1025 2175 2548 2198 2431 1072 1863 1375 385 1861 2187 147 1675 1539 472 1377 1348 1619 185 667 158 242 307 2709 814 884 1201 2595 1716 57 2473 127 2654 170 2206 1030 1167 2226 2727 160 1862 438 133 1530 2174 1807 267 2273 1078 2460 1373 880 2385 842 1086 1432 2581 1034 1522 1837 1947 2002 2127 82 1576 1238 1129 641 741 2776 1826 1392 685 2844 2717 1509 1925 1215 124 1355 1 166
000436.jpg,2362 2691 850 2512 1911 1504 222 2355 796 1305 1790 144 2318 2420 1933 1387 1479 1200 1682 1052 1638 2071 935 2096 836 1098 2156 2432 1321 2593 1709 2201 2750 320 2342 630 2446 1380 2452 1676 599 1806 2642 1267 897 2167 666 1006 946 2537 1082 399 2268 73 1090 1308 459 1697 380 99 1085 629 1510 2655 1717 586 177 2535 2449 443 1763 2163 1233 823 2636 1628 2722 724 922 2249 1718 37 1023 1145 1285 816 1621 298 1073 2706 863 2514 1160 2147 973 2262 1263 1474 401 8
000437.jpg,1707 1007 338 730 1466 1131 742 1526 2516 1243 568 1645 2151 1379 1511 336 1794 1455 1325 1783 2341 253 1969 1779 1442 2145 1385 2730 1670 1005 410 2788 1871 365 2290 406 2746 870 544 937 1020 1581 2299 811 2364 1138 1731 2102 610 1068 2763 186 1894 605 2377 2830 248 678 392 1094 1110 535 773 1516 1800 1424 709 881 673 435 2243 2251 774 2492 1548 1527 648 593 1732 1966 2549 1073 1992 257 2680 1079 538 1040 1311 1165 1142 1133 2519 2302 2087 2219 1479 2275 1850 1936
000438.jpg,431 2510 1839 2561 1035 1390 2663 2 601 1075 2532 2323 2644 1767 1801 395 529 2277 2547 103 1333 1986 63 461 1107 1310 571 1906 1137 374 1976 2388 1114 581 2242 1975 2573 2495 2216 1197 502 2542 1810 1442 739 646 400 789 2299 499 1065 65 2471 1940 250 578 684 1334 1821 2022 1971 1952 962 1533 634 2601 1928 2546 1608 2661 2785 702 1427 2579 576 1091 251 1418 2190 132 1207 1180 1176 2196 2759 1841 783 1087 72 1908 394 448 2829 167 39 2381 1830 695 903 1130
000439.jpg,2044 85 2501 2411 1656 1934 312 188 2832 2528 611 635 1102 1644 987 1319 2790 1405 1624 221 2817 556 943 547 1386 2300 1926 1407 817 2082 259 2270 1983 1993 1190 2574 1617 1422 2631 1552 2544 1796 712 562 1428 2670 463 219 550 1788 2837 1092 305 74 2419 1414 2397 1029 2241 1381 2088 2724 2676 1158 2007 155 260 992 439 1848 2652 1046 1208 64 2545 1045 100 2721 134 2344 2538 2836 2046 2133 2800 2707 1569 1782 169 1878 2424 2289 1417 622 2358 518 1328 2826 2307 2515
000440.jpg,2065 887 1211 118 819 1667 1585 2575 2328 808 2310 311 2793 2416 875 7 25 975 151 2488 513 2658 2636 662 800 1850 1174 2005 233 2140 1058 446 1370 1909 1002 1200 1518 355 1396 2697 2519 2165 243 1643 1384 585 1455 910 1757 1301 1105 2722 2392 2150 908 519 2251 2696 1290 1119 2496 1331 897 1978 2006 1160 1170 490 813 2474 1613 1673 1546 1670 271 1600 530 123 1519 1142 673 2257 986 2151 186 1408 2318 882 487 2299 2543 1778 630 99 1621 1942 1717 1042 2796 1936
000441.jpg,2185 2584 1411 1129 1694 143 1440 386 795 2529 2517 718 2298 1684 2271 1360 2616 810 2801 958 787 1445 2619 2460 638 30 1112 1215 2363 557 2139 2833 1630 1514 1294 1446 71 2844 2524 879 697 1258 273 665 2104 2246 1925 1242 1366 969 1619 1982 299 2481 1939 1270 2731 1863 1814 2385 1816 1122 264 2455 2092 1589 641 1373 1480 41 837 1571 1652 2776 1264 2484 667 352 2771 1009 342 1539 888 2576 2371 1776 2633 2541 2727 262 2100 551 912 2797 1549 1735 1807 2444 2231 2595
000442.jpg,2747 2098 1047 612 1976 595 208 2587 460 461 731 2126 2469 760 477 72 2775 174 1599 694 164 172 1415 2074 1784 1163 156 1241 2679 2577 2829 2122 1903 1100 1404 1155 2645 2156 1981 783 1879 2449 1906 2349 394 571 2658 473 1757 1052 306 1179 1093 1035 1271 488 579 1889 2216 2459 2242 1904 1210 2410 2640 2252 729 1729 1368 1197 1977 540 1839 2400 2786 905 479 1237 1239 7 2441 2227 631 2827 916 1367 528 983 167 1203 2573 2404 1898 2141 111 2169 396 1342 1631 1154
000443.jpg,956 1995 1911 115 1697 2167 2823 2261 661 2168 2573 1200 2194 1638 2268 448 1267 2623 1456 2425 1227 1082 1380 829 2222 1387 2593 459 1709 2572 1525 1090 1308 2216 1153 1032 1797 2691 922 2535 1537 1205 122 1006 796 946 630 1474 586 2706 1108 1671 924 2156 669 476 2831 632 8 443 1763 1400 980 37 1560 1286 894 732 1659 2554 2096 1884 1221 2420 2555 1188 2118 690 1933 400 1284 1170 2263 1098 2313 2677 2355 2153 1321 2437 2318 2449 745 1806 2432 1280 2791 1661 2058 836
000444.jpg,1525 2623 2263 1280 2572 1084 275 1113 2448 1205 1659 270 2303 2030 1866 2425 1108 762 2831 106 894 300 96 2348 2791 1083 474 1139 1032 327 2554 732 2153 1400 6 2498 2115 183 1570 1365 214 1560 620 189 2705 2168 490 1632 546 448 1255 43 387 2677 661 2401 1380 2571 1458 2060 724 2261 2706 236 298 2620 1797 986 1696 2203 909 829 1757 624 2514 2293 1602 582 2071 23 1922 1750 1221 1502 1425 482 629 1738 669 973 1911 2160 2442 1661 2718 690 2591 594 2194 1953
000445.jpg,751 1057 2437 1836 1672 1449 1749 824 1678 1116 1713 2317 1990 1224 1620 1732 1714 1450 2275 2111 1073 1178 603 1147 830 683 2518 2700 2129 187 2239 1517 378 2073 2422 269 1195 2020 1120 47 1353 462 371 2180 2630 393 104 1838 2684 1869 1410 1346 1594 1523 321 1943 44 1482 863 2555 1646 832 2780 902 2621 1014 1727 2033 2080 83 590 2523 1950 87 32 917 1593 2136 339 469 676 2058 483 2525 1244 1601 1382 541 2605 34 946 2651 404 465 2540 2368 1626 2211 2563 16
000446.jpg,783 1093 949 2737 1343 1004 2112 940 1856 1999 2441 540 95 596 2827 1103 1914 2785 407 1434 983 310 2242 2202 2745 341 2190 88 1743 1683 1476 1898 2547 198 695 2114 617 1996 1091 2413 766 1631 132 777 1176 1298 2238 63 75 576 1693 1801 2295 328 2759 2022 291 1087 2644 135 558 581 1561 149 2542 1230 1483 1846 1333 230 1334 2489 364 2733 2504 2277 60 2323 529 905 898 1448 2040 1207 614 499 789 182 1204 1228 737 2497 1785 2807 1558 1197 2072 1346 2386 2656
000447.jpg,1531 1470 567 748 2491 1179 1977 1354 919 952 2778 1579 1769 945 1578 982 841 2682 2647 998 639 1651 9 1920 1851 1770 930 923 1063 2304 1854 114 2723 1210 2711 515 2379 7 2559 2349 2618 579 382 928 1154 1209 492 2459 566 778 2252 528 1271 1583 1528 2026 2225 1368 2658 763 1657 2729 2097 1970 2042 916 512 2074 1239 1367 2299 1219 517 417 1599 460 381 289 868 2029 660 1566 2415 554 2568 1670 361 21 1256 1890 72 2151 1686 2469 749 1888 597 62 2587 2577
000448.jpg,2491 1179 945 1977 1578 2682 1920 841 1651 1579 639 2647 2252 1470 1531 748 1770 1063 9 2723 114 916 2042 982 567 1528 998 1769 919 2778 1354 952 2225 763 1583 930 1851 2349 2459 227 2304 1210 923 515 579 928 517 1154 2379 2729 566 2026 1368 492 1854 1657 382 1367 778 2097 528 1209 512 2559 2711 2618 1239 7 1970 2658 2462 1271 2334 1819 2081 1402 1566 98 776 1344 781 353 460 1031 1864 1351 2803 381 1562 1997 289 72 332 1577 2603 2415 1157 607 812 809
000449.jpg,783 1343 2737 949 2112 940 1004 1999 1093 1434 1103 2441 2827 1856 983 596 310 75 95 198 1743 540 1914 2190 1693 2497 695 2785 2242 617 1298 2745 2202 341 1176 132 1561 149 2656 2547 1091 2413 60 182 2542 2149 407 2644 63 1334 364 529 766 395 1230 581 88 2040 2295 2238 803 2022 1996 291 2323 374 989 2114 1971 737 576 1333 328 1304 1476 1683 135 1786 1197 962 558 2504 1346 1631 2759 499 1846 1448 1180 614 1257 1900 1798 1785 777 101 1207 1801 1213 1483
000450.jpg,1754 828 377 672 933 1189 56 2032 2038 2629 358 1952 2428 1429 1249 2120 2798 2335 1764 2387 1049 2217 698 427 2795 1553 555 1033 839 2668 176 193 2451 292 988 2380 1793 932 142 1521 2267 536 1431 1492 2078 733 901 1699 1393 866 36 2384 2083 500 820 1053 680 1910 1236 123 2090 1541 1221 2677 986 1263 1132 1603 1588 2787 1255 882 285 2475 1153 2132 372 2150 1761 767 2518 796 546 2000 2436 277 1504 1352 73 629 915 582 334 750 1322 1477 1084 1697 946 845
000451.jpg,1993 1663 1617 947 712 1328 1422 2241 1444 1045 169 2837 2707 1782 1552 2050 2836 2840 2011 550 1679 1623 197 2130 445 735 2289 51 2767 260 2454 900 440 1369 1381 463 259 1054 2631 645 2826 2649 1649 1658 563 480 179 155 518 860 134 305 1544 2439 221 1437 433 1486 562 1710 1489 1417 1796 2088 1895 635 2082 1878 1640 1788 2769 2538 1307 2133 2721 2544 2714 312 2650 1569 556 2375 943 26 1218 1934 2270 2652 925 1405 348 1870 1860 1029 2424 85 188 987 1208 1948
000452.jpg,1599 2074 2587 595 208 731 2469 2126 760 461 460 72 477 1976 172 1047 2098 2122 612 2747 2679 1903 1784 1163 2829 694 164 156 174 2775 2577 1241 1415 2645 2299 2156 2568 2559 1154 923 1210 2304 1404 2349 2618 1390 1219 2415 579 1256 2443 1100 566 417 492 1155 515 289 1670 21 749 1888 2658 2387 2423 1757 2151 1052 660 1209 429 631 2459 2029 2483 1075 868 488 361 1250 554 396 62 2097 111 883 743 2026 2108 1271 1398 986 1423 2596 1839 1197 394 802 1498 1890
000453.jpg,2043 2810 1188 2171 1697 2816 650 2666 1891 922 411 1221 546 1153 285 582 1882 6 1456 1284 1865 807 1763 759 122 468 1858 1603 2346 1916 1723 820 2643 956 37 475 1761 1380 2261 1541 1227 2313 829 1260 1090 732 2167 334 750 1797 661 372 1702 2841 1083 1139 620 2194 2168 476 1610 669 980 1560 2677 2476 2706 448 38 1696 2425 1884 2278 2387 882 1250 1995 1537 1082 1757 181 586 1015 5 1308 123 229 724 1267 1911 40 938 2014 905 167 1605 997 42 986 629
000454.jpg,2437 1057 1836 1672 1749 44 16 2317 1990 1449 1447 1469 2700 376 824 1178 751 1727 2555 2058 2111 761 2249 834 1116 1224 1593 832 1620 1535 1714 1713 1353 683 47 1482 1523 2180 2080 946 1073 603 1277 483 441 1838 2129 1380 269 2275 2695 1732 1548 104 1678 2422 2000 1773 2523 2245 1450 1300 2096 1795 205 1036 1346 1451 83 2383 830 2554 96 1559 1161 1147 2518 2054 339 34 1361 2831 2296 1513 954 1646 863 1263 1308 350 2167 1760 845 2573 240 762 1082 2194 2571 1638
000455.jpg,1993 1663 197 1617 1045 2840 2011 463 2836 712 1489 1782 445 947 2241 1444 1710 169 1328 433 2289 1422 2130 2837 2050 2375 440 735 1417 860 1701 1029 179 1369 1552 2454 900 550 2649 51 1679 2707 1788 2767 1934 817 1656 2790 1381 489 1658 2832 221 2817 1624 1102 645 1486 1926 1437 1640 1649 26 2397 480 2826 943 1870 1623 155 925 1544 2082 635 1054 305 1407 260 563 2631 1796 134 2528 348 312 2439 2411 562 1405 556 1307 1644 1386 518 2300 1983 970 2270 2133 2501
000456.jpg,2045 2023 2755 1584 611 1319 85 258 188 2044 2411 1407 1656 2528 2790 556 770 817 1934 1624 943 1644 747 221 1926 2300 547 2501 635 987 1796 2817 1102 1405 463 312 2082 1422 1617 2832 712 1386 259 1029 1788 2270 2544 1993 2564 860 2545 2837 2034 1417 550 2076 1895 562 2652 1552 1208 64 2454 283 4 433 2289 1328 2836 2419 826 2724 2397 2358 1320 1569 1782 100 2069 2344 1092 1045 1983 1381 1190 1489 1428 2721 2307 2670 1369 161 2676 197 2800 1701 1414 305 74 715
000457.jpg,837 2455 2063 1009 264 2484 2844 2092 2833 2371 352 1159 1815 2797 234 2139 299 1122 1572 2731 1814 1589 913 1 1982 667 2399 2727 1520 428 403 2576 267 2541 1925 2776 1539 1238 1291 1366 1619 1349 891 1025 1373 2269 1735 2385 1816 262 17 2771 641 1480 2189 969 888 2215 1571 2633 2431 2403 551 741 2158 307 90 2273 342 1863 1660 1807 223 2607 991 2834 2717 1615 1824 385 2635 2338 814 2104 1549 2524 1776 879 1059 1684 1242 2175 2185 1509 573 1622 1295 1129 867 2460
000458.jpg,1583 998 2252 2146 2018 2284 1970 2551 764 719 2008 2682 1651 382 1854 778 1977 1179 517 2711 1289 567 1578 2491 1657 928 930 2729 1579 1063 2042 639 1920 1531 2778 1470 916 2647 841 227 1354 945 1403 1367 1239 919 2225 2379 1368 748 2582 1210 1851 9 1271 763 1507 982 952 2459 7 1566 2349 107 1769 2658 2019 1351 2304 2559 114 1770 579 1177 2097 528 1154 2604 2361 492 1209 35 1691 871 566 2026 1528 664 923 2723 515 2414 1879 2110 2618 1493 2641 1669 914 1204
000459.jpg,1721 2809 1876 1473 12 1055 2294 2728 2766 1868 140 1165 508 2499 1944 2719 2622 627 2685 2302 67 994 657 2589 2315 1557 2319 1027 1452 2207 692 2580 531 1753 1439 725 447 191 271 1406 864 1817 136 494 598 2057 2051 1725 1998 315 1408 2068 767 1881 1125 1067 128 1942 1012 1980 2583 944 2598 442 368 526 2291 2435 2436 2708 2825 2665 2077 2736 1931 2041 608 249 722 2440 1886 1677 1892 1548 2772 2657 2683 2478 1969 2777 359 1759 255 646 2702 2089 1511 2704 2475 574
000460.jpg,346 2821 2467 786 52 2690 936 363 753 2398 402 478 108 471 1438 1008 2465 2505 2407 1220 2244 628 1481 2301 758 484 1022 418 1662 1378 1465 430 2634 780 467 2429 389 806 2059 1275 1730 1692 1918 1787 534 452 655 1929 504 290 89 840 53 295 1048 2765 61 138 207 2025 2669 1026 2806 2687 331 1124 654 1612 2285 1097 2611 225 2632 1568 2070 1037 1822 1143 1039 999 1293 192 2142 1018 1647 1140 241 113 1141 2061 1756 1024 726 2236 2531 1216 782 1118 1273 1921
000461.jpg,2583 2509 67 249 1001 627 2350 1012 202 1406 1944 2728 2319 1055 2294 2719 725 1869 692 494 1243 2766 2748 442 1165 1886 2302 338 2057 1195 1874 2151 2135 2518 730 2251 2598 1379 1126 2291 1223 191 1120 2741 447 2736 1131 1557 2701 2683 29 404 204 2041 1067 1020 1969 378 359 1581 899 2825 2207 2329 2622 1794 2621 1147 1110 686 1439 574 2436 315 1073 1850 1346 1609 2299 2842 881 1959 1805 2746 1670 1511 678 2580 2665 2005 79 1263 2248 2172 2787 1236 2315 2290 2492 2708
000462.jpg,1721 2809 1876 1473 12 994 657 1881 2779 2435 2589 274 677 1817 368 608 1725 1931 2708 136 2438 1027 2057 1711 637 1439 2657 2683 1501 2599 2762 1886 864 574 444 2291 1582 2216 944 2719 2051 1874 128 1899 2499 2526 1902 494 1165 1892 508 682 526 482 1406 447 854 67 915 1703 2712 2089 692 1868 627 1443 278 2580 271 249 2245 473 1952 1433 1223 2302 2308 255 1555 2154 2766 2622 1173 2639 2583 1833 2704 1225 1757 2378 2625 177 882 2507 1548 995 1700 2220 2183 2598
000463.jpg,614 2787 1106 646 1786 1257 1971 2072 1137 1207 76 1357 714 1558 1197 1798 2656 1087 251 1333 39 962 1334 803 2288 63 898 2149 1427 1483 789 374 1166 2022 1230 395 2644 1900 2579 1091 1213 1801 2381 291 215 1298 2040 364 572 1743 1228 2323 581 1928 989 1693 545 2242 436 1180 341 737 2495 1394 2504 1561 529 1883 2785 2546 1176 564 132 1996 1346 926 695 304 2542 2114 2190 1914 2784 766 2281 101 983 2827 2277 182 1631 1683 149 2547 1343 1818 895 2238 2202 2441
000464.jpg,1453 2433 1496 1490 2556 2713 1569 2721 64 100 2272 715 48 1796 439 2376 2309 1860 2034 562 1640 305 1901 2545 201 1316 51 2650 155 1965 1948 2815 563 2352 1636 2088 260 194 2289 2826 168 1584 1096 440 1878 712 1148 2241 1218 2631 1617 2050 1840 486 1416 1051 1422 1658 2337 2538 645 550 2836 231 1381 2130 747 518 1328 2649 784 2652 161 900 1045 445 2439 2133 259 2454 659 169 1782 2628 1054 1993 1623 1544 2707 2553 559 2840 965 1649 947 1679 1307 1437 1369 134
000465.jpg,783 1093 949 2737 1343 2112 940 1004 1999 1856 2441 1103 540 2827 1434 95 596 310 983 1914 407 198 1743 2785 2190 2202 75 2242 2745 341 1693 695 132 1176 2413 149 617 2497 2547 63 88 766 1476 1298 1091 1846 2238 2022 1996 328 2114 182 1683 558 1898 2489 2542 60 2295 135 576 1561 1631 2656 291 1333 777 581 364 1230 1334 1785 2644 2040 529 2759 1801 1448 737 1213 2149 1483 1304 803 304 2323 499 614 1971 1228 1087 230 101 2277 2504 898 374 1900 2733 1197
000466.jpg,1967 390 1635 1097 1293 1143 1822 1715 580 159 2062 1118 430 655 326 331 2715 31 1648 1011 1050 2406 2053 1692 1037 1124 1026 1297 1187 1472 1018 1140 782 2236 1568 1755 1918 1317 805 799 2632 1756 1612 999 113 1048 1475 1395 2407 2465 2505 1262 2301 314 2402 1647 478 936 138 2611 89 464 1706 1972 643 1008 2765 758 2687 2398 1831 1730 1303 1039 2061 1921 726 1655 628 753 1216 1829 1503 653 721 2232 2531 1275 389 927 1929 455 1220 125 1022 1024 1378 108 363 822
000467.jpg,1349 1 234 1520 1572 913 352 2727 2399 307 511 2541 1618 1684 1539 969 1630 2339 2226 1360 1540 2298 1025 2246 2709 1571 2710 2215 1514 2175 17 1615 1215 2340 223 2834 2473 2635 573 892 2517 2801 2466 1238 1291 267 342 551 697 2158 1242 2444 958 1129 2524 1059 46 127 891 2372 349 2619 1446 641 1939 685 961 2529 1698 1524 143 1294 2662 1803 2104 2185 1270 1509 2223 1807 1811 71 1258 2584 1411 537 837 2271 741 2255 30 2338 2486 2844 2063 642 1009 195 991 1373
000468.jpg,1944 2294 1055 1056 725 2728 2135 1464 1076 2382 2248 2825 899 2813 1547 2842 204 146 2207 2286 2736 246 2511 1134 1126 1067 2057 2580 1639 1937 948 686 692 494 2393 2741 2041 1935 1463 1899 2291 447 1452 647 1185 1874 677 804 2766 2639 1777 2435 2708 491 2068 1223 79 682 329 2683 2438 442 2569 574 2665 1868 2719 140 2319 722 657 1592 1482 271 1408 2436 12 974 2080 1942 2111 462 1517 2598 2350 516 1892 1473 2440 350 1169 994 1001 482 1677 217 508 2780 2427 2317
000469.jpg,2359 1371 84 941 986 1757 2152 1987 2494 1144 1960 40 1139 594 281 815 1605 1616 1255 300 2502 2678 1949 851 244 2197 2386 1184 1687 1336 1462 2421 214 2348 1400 1013 1726 2620 621 481 396 1927 2079 2503 2216 2203 844 2567 509 2761 1171 2261 2160 1315 940 45 1198 856 1199 171 1219 2141 1882 2688 1922 1397 420 2162 285 1183 2726 2705 1064 1364 2425 2737 189 1488 2056 783 1603 2751 117 1205 2566 1632 2048 1768 2060 1502 448 1197 2653 2278 2506 22 1214 894 419 985
000470.jpg,757 1533 135 558 2295 754 1728 213 2756 184 2413 1597 1689 634 1312 1231 2472 1984 2638 1478 2408 1448 119 1296 1383 218 80 1265 2615 2021 967 707 520 1945 739 1898 232 529 2354 752 19 2277 2508 1093 1801 1849 1035 424 2566 1839 540 473 1269 1722 1766 388 498 2725 2644 1061 499 2169 1087 1733 2323 2561 898 375 163 783 545 714 1889 2260 2464 1867 395 1529 1558 1928 1394 1683 306 425 2224 1426 729 646 2404 2390 2759 957 1883 2351 1996 2547 1228 983 1631 695
000471.jpg,2491 1179 1578 945 841 1920 1977 2682 639 2647 1651 1579 2252 1770 1063 9 114 2723 1470 2042 1531 916 748 1528 982 567 1769 2225 998 763 919 952 1354 227 1583 2778 517 930 928 1851 2349 2379 515 2729 1210 1657 2459 2304 923 1154 778 2618 382 1854 2026 2559 1367 2097 566 579 1368 528 1239 492 512 2711 7 1970 1209 1819 2081 2334 2462 460 1271 1566 1402 98 2658 1864 781 776 1031 2577 72 1344 760 1562 2067 2803 50 353 172 809 791 1565 2775 1219 2603 381
000472.jpg,2648 511 961 2138 2100 600 892 1571 223 352 46 577 2215 969 2340 2158 2709 1540 2466 1622 1615 147 1270 2541 1349 1698 2339 1618 2834 195 2635 1816 2710 127 2820 1009 2473 2223 1572 1 1366 166 879 349 1815 2253 846 2175 2013 2372 642 2783 2738 2595 2460 1619 1514 2226 1939 573 1095 1159 1324 2455 1409 1338 17 2486 913 1863 2186 837 551 2727 2835 1025 1480 2363 405 1101 1803 342 234 1828 267 1660 317 1520 1994 1925 1630 2338 2619 2614 2255 403 2385 2781 2616 2063
000473.jpg,1518 1290 2282 1017 530 1301 1909 446 2064 2140 1058 451 1567 2796 921 2543 1384 966 2392 942 2085 1613 2458 2660 662 337 487 1331 2357 1673 908 1742 1705 1495 1002 1681 2262 1614 2696 2257 1978 1119 2600 54 2782 243 1370 813 710 355 1105 542 984 1396 1554 852 2636 2251 897 1621 1676 678 311 800 2259 1455 2005 2609 1894 1516 320 2793 2519 1550 1211 1850 875 1581 1466 151 1808 2488 1094 774 2310 2341 1174 2111 1800 1142 1892 2089 2006 673 2492 2657 2697 1966 2417 585
000474.jpg,418 1481 52 806 2244 780 534 1465 2059 2429 346 786 1662 484 290 726 2470 131 53 2821 452 268 1475 2285 207 2236 61 1875 1787 225 2693 1378 653 999 1789 464 2467 2531 2765 467 1024 1706 1275 758 2690 1022 927 1831 2687 363 1568 1273 1655 241 1503 2505 2465 471 478 2806 2715 389 1929 331 295 2407 1438 1843 1730 2698 2565 936 1008 840 495 455 2301 1011 1097 1262 326 1216 314 1140 799 31 33 402 1124 2396 1822 2025 1293 2053 580 1220 2142 2669 655 1692
000475.jpg,2411 1656 2528 1644 2817 1624 2790 1102 1926 817 1934 2300 943 221 2832 2044 1405 2501 635 1407 312 85 987 188 556 611 1319 2082 1386 2270 547 1617 1146 712 4 1422 1752 283 1983 2574 550 1993 1045 259 826 2069 1737 1202 2397 2454 1489 1029 860 463 2011 1328 1710 1796 1208 2544 2670 1369 1417 1092 2836 1552 2837 1782 305 977 2649 562 2419 197 1788 1190 1545 1701 2241 2676 2344 2515 1381 900 2367 2631 169 947 2826 1414 2477 2724 1444 925 26 2652 480 2050 155 266
000476.jpg,2080 1482 441 2383 1523 2695 373 845 575 584 1016 2395 1450 1147 830 2518 1669 1620 1678 1120 603 863 2780 1517 2275 462 1646 1169 2630 1244 1732 1073 2684 2525 357 775 1382 2317 2447 2586 393 187 1805 2368 1626 1943 279 2111 2166 1410 2605 2651 83 834 1449 993 2571 102 1919 2563 2136 339 1611 2159 490 2020 2033 2239 1259 104 2347 2752 2802 917 87 2360 2805 2572 309 2263 1036 2555 469 902 2621 590 794 2637 96 333 1032 1152 2297 1809 693 1014 2823 1057 32 2623
000477.jpg,2044 85 2501 1656 2411 1934 312 2528 188 2832 1624 987 2545 2817 1102 635 1796 1644 2034 2790 611 221 1319 2300 562 100 1405 1926 2721 1569 155 943 817 259 556 715 305 439 1640 51 2241 547 64 1636 1381 992 201 1993 2046 48 1407 563 260 1860 2088 1617 2713 1316 1658 1386 2433 1422 1878 2439 2631 2309 2826 1552 1046 712 2007 2836 2352 2082 1782 168 497 1096 1983 1428 1544 486 1586 518 550 1045 1848 1965 2837 900 2650 1584 2270 2652 1840 2840 659 440 2337 134
000478.jpg,2823 468 1858 2313 1865 1560 229 448 2425 2150 752 1797 759 1153 2643 1260 620 732 1610 411 1757 807 1188 669 986 1108 882 829 1255 123 476 1015 1953 1227 2261 959 1217 1171 1696 309 2216 6 980 285 2706 1697 1761 122 5 1844 546 2567 1139 661 2168 1214 22 1884 270 1904 1221 565 1889 1995 2457 922 372 1456 909 1702 1703 1084 334 1286 2591 2109 2841 1200 2572 1570 473 1032 2677 298 2507 189 2387 1280 1288 214 744 2014 956 1477 183 306 973 2448 1866 2079
000479.jpg,1967 390 1635 1715 1097 1293 1050 1822 580 2053 159 1648 331 655 326 1143 430 1037 2062 1124 2715 2406 31 999 1118 726 1140 1011 1026 314 1692 1755 2236 478 2465 2505 1756 1187 1475 2765 1568 805 1317 1297 2407 2301 464 2687 1706 1918 799 758 1730 1472 1262 1018 927 455 1789 782 2531 1831 936 1395 363 484 1216 389 1378 1662 1024 628 467 1275 1008 1655 2634 2632 2806 1929 452 1612 89 1503 346 2611 113 1829 1022 108 786 753 1039 643 1220 2398 125 1647 138 1912
000480.jpg,1781 2164 2091 2794 239 525 2311 245 2280 49 2173 1248 139 654 408 1435 1356 383 625 209 679 1282 838 356 296 1505 2137 192 2396 2669 1598 2070 252 2232 2025 1787 61 858 1141 216 822 207 1127 1506 113 27 225 1168 1780 1299 653 1568 449 2632 1216 1274 2279 1472 1037 1262 1829 455 1124 2053 1011 1018 1022 402 805 1395 1317 1297 782 2406 2531 1143 2236 2402 33 1756 1048 1140 1918 1293 1303 1187 1008 89 936 1612 430 1118 1972 1648 1500 1097 131 788 1755 1715
000481.jpg,702 1830 903 1908 1107 1114 1767 2388 284 65 1310 2601 2471 502 1608 578 250 1512 1821 103 684 1975 2323 1075 1390 395 1035 1839 1197 962 1144 2644 2495 2561 1810 2620 1798 1334 2299 1922 1219 581 1065 1184 1166 2510 1928 1801 1427 1538 1423 431 2151 1418 1256 1888 374 597 1346 1900 986 1940 1207 1641 2029 601 1400 417 2277 2224 2324 1686 332 1986 923 2 2506 1137 1687 1230 2699 436 783 2663 529 2494 1832 2583 851 737 614 101 2568 117 1394 2787 1130 167 251 1398
000482.jpg,546 1221 285 582 6 2810 2171 2816 2043 759 2666 650 1882 1891 1697 1188 1702 807 1083 2643 620 181 732 956 1260 820 1541 1603 1723 922 1916 1797 2346 1153 475 411 750 334 1858 2313 468 1570 1456 1139 1605 1763 1865 37 1380 2261 1227 1284 1761 2502 661 2194 372 2152 40 2677 298 1696 973 2841 829 98 2278 1285 2476 2807 2425 629 636 586 84 594 353 1090 2048 2387 941 1250 281 2514 938 724 122 1537 196 2179 905 2168 851 1768 1397 1750 1502 980 1263 2348
000483.jpg,1756 2236 1755 1475 1317 799 1395 1647 805 2061 2402 314 2053 1303 1972 1921 721 1568 1050 1967 2693 561 1918 1037 390 1831 653 1655 1635 806 412 1662 2059 1789 1297 927 999 1124 484 534 2429 1715 726 1275 1706 464 780 786 268 2244 1140 363 1024 2531 1378 1465 2301 2687 1274 2765 1273 467 2505 2465 1929 1216 936 1503 1022 131 1829 1011 1648 418 2407 2232 27 471 2698 89 1008 1472 2406 1039 108 1730 1097 1612 1875 452 295 1787 455 389 1293 159 113 2715 402 2806
000484.jpg,131 290 418 1875 268 2285 452 2531 1481 806 2470 52 726 53 780 2244 495 346 2565 1465 2059 653 1024 1503 2429 1843 534 484 1662 786 2765 241 1475 999 2821 467 1011 2142 207 225 61 1787 2236 2806 2693 2687 295 840 464 1275 1789 1730 1929 1706 1022 389 1568 1831 455 1262 927 758 2634 1655 1378 1039 2025 1216 2467 1124 89 1127 1932 504 1274 31 1037 2715 2053 2301 1140 2396 363 1062 580 2669 129 2407 1097 1293 331 2690 2232 1008 2465 2505 501 1273 799 430
000485.jpg,1417 860 1489 1788 1710 1701 1870 26 2454 2769 348 2538 2649 1369 925 712 2714 161 179 480 2050 550 769 433 2130 1045 1895 2289 735 1617 197 1328 440 1422 2375 2011 1569 2650 1029 2840 562 2721 1993 2836 1782 947 1796 305 173 2837 463 2241 100 2707 51 64 2528 817 1624 1663 48 445 715 1679 1649 169 1444 1644 1627 1381 645 1658 2817 1407 1640 259 2544 1172 518 2556 489 1552 611 2034 635 1218 1934 1584 1054 2300 188 1623 2045 1948 1313 2790 900 606 439 2724
000486.jpg,1781 2091 239 2164 2794 2311 525 1248 625 1435 1356 679 1505 245 654 1598 2137 2173 2280 216 2232 1282 383 139 209 49 356 408 858 252 782 1127 1018 2070 296 113 822 2632 838 27 1472 1168 449 2396 653 1299 192 1787 1048 1011 1026 2062 1297 2025 1961 33 1141 655 2402 2406 2316 2053 1568 2669 1692 1293 1097 580 1648 1875 1274 1187 1972 31 1647 207 159 2698 2236 1143 455 1262 721 1506 131 1216 805 1021 1967 1037 1635 326 390 61 788 2017 1755 1715 1500 125
000487.jpg,1213 304 2546 1785 2022 63 545 1333 1228 149 1394 182 614 1137 898 2072 1166 1207 1087 1743 962 374 714 101 1693 2504 2242 1298 341 2656 617 2040 1343 1928 2827 803 1971 1230 251 1798 983 2323 2542 1558 1561 364 1257 395 695 132 1176 2149 1334 2238 737 1883 2759 2644 572 1786 215 1801 2277 783 529 2190 328 581 1683 436 407 1900 2441 766 1197 310 2547 2381 789 2787 1106 1093 989 596 1856 499 634 1898 93 2114 95 2737 2579 1631 1091 1427 1590 2202 2112 646
000488.jpg,1545 1752 2389 1146 59 4 2367 626 85 1926 1202 312 1737 1624 556 2270 987 1102 1405 1656 635 2832 2082 2790 547 1407 817 2300 1386 1934 2817 2411 826 221 188 950 943 1644 2528 611 2501 1319 283 2044 1422 1799 613 860 2069 1993 1617 2477 463 2840 1328 2011 1489 1552 1029 1788 1190 712 1417 1701 259 2454 266 550 134 2375 2312 2424 2631 1468 445 1444 1045 2515 1796 440 2714 2544 562 2050 1623 2241 900 947 433 2837 169 2076 197 977 305 2289 1983 2148 1710 2130
000489.jpg,472 1803 2138 551 1059 342 961 147 2444 2595 1509 641 2385 1807 1811 991 1167 888 2710 2431 1373 2771 577 1295 2094 741 262 1025 127 1607 1619 1530 1341 2740 2749 1069 154 1355 2731 2175 1524 1078 385 1862 160 537 1539 2758 1629 1988 667 1540 814 17 1660 1925 267 226 1291 2266 2607 1238 2104 2340 1421 1863 2456 352 2339 685 2776 2633 223 273 2399 2635 1982 2835 2797 2255 1828 405 867 1242 2738 2468 891 166 2513 1276 2619 2709 573 1215 2246 1735 1571 2675 583 1520
000490.jpg,493 2174 1234 1358 1861 1034 1196 2004 133 976 57 2418 366 1580 2672 210 1792 2374 280 859 1279 793 797 2461 1392 1276 1930 1575 2125 1724 756 1758 548 570 746 2327 1947 1859 1665 1664 1765 689 2694 1375 2456 1776 2206 1457 801 2739 2184 588 1551 228 1193 2039 2186 857 1877 1191 885 263 1887 2838 2659 1086 880 2330 1043 2581 1350 158 2332 2321 2356 656 242 2590 2662 2548 294 1675 720 1072 1542 1432 842 2123 583 1030 1229 2703 706 2187 421 1345 77 170 663 287
000491.jpg,2282 530 1518 1290 446 1301 1058 2140 1017 451 2064 1909 1567 2796 921 2257 813 2696 1554 1673 1384 1105 1396 1370 243 1331 355 1742 1614 662 1613 966 942 487 2085 2458 337 542 2782 1681 2660 2543 710 2259 54 1002 908 2392 1978 984 2600 1705 2519 2243 2005 2251 1495 1850 800 1142 1119 2262 2087 2697 1094 678 1581 2006 1174 2417 774 400 1936 1455 2492 1020 1913 2357 1794 1200 2405 2416 2151 2299 870 2573 1466 311 1676 1621 151 2680 7 1638 673 1966 1387 2658 1904 435
000492.jpg,1096 1416 1948 2272 2815 2352 1860 1362 1636 1316 1965 1496 1051 201 2556 1218 194 2721 1569 64 1261 439 562 2713 1796 715 100 305 51 48 155 497 1586 2034 2309 1584 2628 1897 2241 1658 1381 2755 712 1640 1617 2650 2545 2433 2376 563 1490 1552 747 1993 260 2836 2046 319 2289 1901 2088 2631 1544 1782 645 231 2023 992 2826 445 168 258 1148 1328 1453 1422 1045 2076 659 1840 2454 947 2553 2652 1878 550 2045 2767 486 134 1623 900 1486 169 1679 440 1054 2732 2439 2011
000493.jpg,196 353 98 776 1643 585 2474 2081 701 1819 2067 1864 1625 2334 869 2462 233 910 1963 2256 781 1402 2361 1042 276 1344 381 2103 809 2001 2353 481 629 2677 2141 1661 2027 2152 515 40 871 244 923 1987 5 84 941 2304 2726 1744 2502 375 975 1204 2162 1949 2026 609 566 1515 2582 1272 2457 1171 2115 512 1519 25 1600 528 106 69 2048 815 2109 1696 323 592 513 425 1219 1283 2157 1638 1223 2559 748 1214 492 2459 2421 1354 952 2014 2618 796 2567 933 1632 2566
000494.jpg,257 1731 937 1527 2377 535 406 2145 1385 1779 1871 1138 1894 2613 1800 742 605 410 811 1645 1516 1007 1707 336 2102 1992 773 186 365 2763 1040 1455 253 2341 1068 2788 2549 288 1969 544 1526 434 709 2516 1110 2364 1783 821 2609 2730 1966 2219 1131 2830 1379 435 1325 1079 392 568 1511 610 519 678 1466 1005 1442 673 1794 648 1424 1020 2290 1311 2299 1670 2417 248 2746 730 593 1946 301 2243 1142 1581 1243 1133 2151 2005 1850 870 717 2697 1968 2251 2087 338 1419 1573
000495.jpg,239 2091 1781 2794 2164 2232 2137 2280 525 2173 822 209 2311 356 139 245 408 1282 838 296 1248 192 49 1568 1127 654 2396 1435 653 625 1356 1505 383 1262 2025 113 2236 455 61 1755 207 1787 2669 679 1274 1598 1472 27 1297 1475 252 655 805 2070 858 2632 31 2402 580 2693 159 1011 2053 1647 1692 782 1018 1097 1756 1972 1612 1831 1293 1317 799 1143 1655 721 326 225 1050 1168 1780 1118 89 1299 2715 1378 2406 806 1503 2698 131 1706 2279 314 331 1037 2061 1273
000496.jpg,2533 2320 1149 1804 1719 29 792 2172 286 2673 2296 2430 426 91 2024 2235 2787 2143 24 240 646 376 853 1469 658 2540 589 1447 2054 727 1361 483 2571 1951 1401 1904 229 1353 1451 1847 2150 16 1161 1300 1513 1560 1757 2113 400 1389 2016 954 2178 466 473 2014 1326 1061 2111 2573 2409 1865 2140 2124 1685 1217 1165 2404 448 2366 1306 163 1555 2317 2066 824 1535 1557 986 2222 2302 1559 1894 2507 2508 1773 752 1556 1659 2492 1593 1032 44 1931 1550 22 368 2572 1346 1057
000497.jpg,1993 1617 1045 1663 712 2241 2050 2130 735 440 1422 550 1369 179 2649 1782 169 947 1444 2836 2837 2454 1328 51 480 1381 1658 1649 925 1544 348 155 26 2767 2439 518 1840 1679 1870 1054 1623 2769 197 305 1417 2707 2538 2840 2628 1489 1640 463 2011 860 260 2289 900 562 1796 1218 2714 1486 2826 1636 1710 445 1437 563 1788 1701 433 2631 1569 1552 221 645 2375 1029 64 1261 2721 2082 2652 943 134 2088 1656 2133 2817 2790 1407 559 48 439 2419 556 2270 1926 2300 715
000498.jpg,2841 909 214 2348 1139 1866 1602 1953 2706 1696 1365 2115 1171 2567 1525 106 2572 1113 2263 744 1214 1280 22 2623 594 1738 2109 1397 2203 1084 2677 2179 1570 1477 183 189 270 1032 96 629 2060 2620 1661 1502 2030 2303 924 1750 2554 1263 1458 1632 2705 894 300 2401 986 609 1922 1659 2591 236 1400 2457 2831 327 2404 2160 298 1205 2448 2153 690 882 1754 1255 1757 335 2571 959 423 1603 2079 2032 482 907 1889 474 6 2230 2498 275 565 1760 506 43 2245 333 123 448
000499.jpg,105 2394 1778 416 1946 7 2793 151 301 1442 513 243 1170 337 2331 1419 1325 975 1200 1992 808 318 1006 1152 1331 2147 256 2452 821 1077 1370 1614 2416 908 2734 1138 144 2102 490 1036 2696 233 1082 2718 1002 1742 632 2593 1625 874 1105 1968 2642 875 599 1527 1308 1585 630 1396 443 1554 1673 800 2658 568 487 2575 516 2537 1709 1247 1347 2087 186 666 25 519 1040 852 2516 2353 2156 392 2722 819 1681 1762 2449 434 1633 1966 2005 1119 1424 1600 406 773 1526 2600
000500.jpg,1480 1366 1816 1660 2633 2607 879 1619 2460 867 2431 1925 385 557 1982 2363 814 2844 2139 667 1863 2385 2833 641 2797 1373 888 1242 2092 299 262 2371 2576 2771 2524 991 428 2104 273 2783 2776 1735 2468 1807 1549 1295 1539 2269 741 1509 264 2731 160 837 2455 2094 1122 2403 1530 2484 1078 1025 352 2412 147 1589 537 1009 1814 969 2138 1338 267 577 1238 891 1607 551 2063 1684 2175 1291 2517 2529 2185 1341 143 1440 1059 2835 342 2595 1 2727 2298 2100 1129 127 234 2738
000501.jpg,1632 214 1255 2203 2787 1139 594 1171 924 1502 986 2554 1214 744 1757 2567 2705 894 2348 2573 2591 1671 2841 2216 22 761 2153 1904 400 569 300 2230 121 2404 189 2449 8 2117 448 335 1889 646 2179 1401 306 2160 333 2060 2620 473 1346 1397 2079 1205 1061 1922 1766 466 163 1217 1400 2425 1603 1610 2156 1188 411 2261 933 2448 1499 2030 959 7 308 2658 1613 2725 285 229 1858 2107 1931 637 2387 255 2450 1442 1952 2089 2526 2816 2313 1916 2625 334 2508 1227 103 2346
000502.jpg,1721 2809 1876 1473 12 994 864 657 608 274 2499 1931 447 526 368 1942 271 2291 2766 2435 1555 2719 204 2051 1892 1725 508 2708 1408 2294 1677 1439 1055 2580 444 1944 2683 1548 2589 1056 677 1868 692 2089 2057 128 1881 494 140 725 2728 2440 1817 1452 2639 1899 598 2526 2037 136 2438 574 2825 1902 2319 1874 255 944 2207 2183 1771 1501 249 1223 939 2140 682 1777 2625 1406 1484 1904 2736 2220 854 2842 2436 1058 2569 1433 1173 1185 2135 2068 2704 1012 1330 2507 2598 2511
000503.jpg,2454 2769 26 348 2538 1870 925 2649 480 1369 2714 550 179 712 2130 518 2050 1422 1788 1417 1045 1617 305 440 2840 562 259 260 735 1172 2826 1701 860 2721 1453 445 1901 1489 2309 197 433 1710 168 524 1148 1569 2241 2289 2358 2650 463 2544 1328 2148 2200 2088 201 1640 1552 977 1993 2011 51 100 563 2337 64 900 2652 1878 1860 155 1895 1796 1092 2375 1490 1190 715 161 1208 978 439 219 645 2433 2574 1486 134 1388 1468 2631 1496 1624 48 2076 2397 2676 2606 1983
000504.jpg,2437 1672 1836 1057 1749 44 16 1990 2700 1469 1447 2317 376 1449 1178 1593 2555 1727 2058 824 834 1535 1795 2249 1773 832 761 1161 1277 1513 1632 1224 47 683 96 751 2111 2554 1116 1353 483 2180 894 1714 1300 1838 1032 83 1847 2153 1713 1760 1638 2831 762 1482 400 1286 205 2296 2096 2571 106 2080 2000 1620 792 2129 1661 309 1456 240 1995 1790 1346 350 946 2335 2054 2194 1548 189 677 2030 333 2791 1502 1380 1919 1764 441 2118 2313 1523 954 2156 269 603 2695 1712
000505.jpg,2437 1836 1672 1057 1749 1990 2700 44 751 16 1593 2317 1449 832 2000 376 1447 1469 1559 1178 824 1451 1116 1535 1224 2787 1714 1361 683 1713 2054 47 2249 1773 954 2180 1346 2129 2296 792 483 1353 946 1795 1838 646 1263 1300 1869 2016 2111 1601 2518 1073 1161 465 2245 1620 1943 269 1195 1685 1036 2555 2685 1727 1513 2540 339 761 404 441 2235 2239 83 1120 378 1380 240 1594 1950 371 1760 2275 1833 1951 845 1750 2677 2695 1548 1482 2523 676 603 907 91 321 1523 1732
000506.jpg,13 2210 640 1272 2520 2671 2421 1038 323 1949 370 2578 933 2602 2828 1374 1668 2387 729 2568 865 2415 571 1952 2029 1065 332 2221 1266 2108 417 743 1256 597 429 1562 1890 432 1430 1399 2423 2640 1888 1418 868 340 1686 964 2786 554 2083 289 2031 878 1070 681 2743 802 2493 1398 2227 21 820 62 476 979 199 955 375 302 40 1761 1188 1227 78 2224 886 986 1462 1515 1603 707 592 1268 411 2333 893 285 361 2829 306 1219 2324 2261 2561 244 396 38 425 2726
000507.jpg,2091 239 2794 2164 1781 2280 525 2173 245 139 49 408 2311 1282 209 654 838 356 2396 383 296 192 1248 2669 1356 2025 2137 1787 61 625 1435 207 2232 679 1127 1505 2070 252 822 1141 225 1598 858 216 653 1780 1506 113 1274 1168 1299 1568 449 1262 27 1216 1143 2531 455 1011 2236 1843 1755 1022 2632 1503 1475 1118 1472 805 131 495 1037 268 241 1756 2142 1293 430 1297 1303 1875 1024 1635 1097 1317 1124 1822 2053 1378 1829 1715 2301 390 2406 2765 1018 799 782 1813
000508.jpg,1810 2583 1001 2350 1075 137 1212 165 116 1606 1825 2558 1130 2292 2258 1841 2305 97 1940 362 2224 1986 1728 1757 1928 634 2295 135 1931 1383 1197 359 1346 1839 1035 2151 2408 2413 2560 1597 2638 986 1448 1390 2493 1478 184 1590 855 637 499 2472 1748 1832 1265 1533 2324 1296 2561 2354 2299 213 112 1466 2680 1334 76 707 2089 1166 1558 898 2220 1689 2566 2526 431 2410 2506 895 1442 2196 2106 255 749 119 1670 1849 1498 1255 818 558 2615 93 2653 1962 1634 1206 1192 2786
000509.jpg,1792 2174 2327 2004 1930 1575 1234 493 1724 2125 1861 1358 210 746 570 2461 1034 280 1580 57 689 2418 1665 2374 1664 756 793 1392 1276 859 294 2330 2694 1279 2456 1375 797 1859 133 366 976 1758 2229 2672 1947 1196 2838 2186 548 663 704 1072 2541 1292 2548 1776 857 1765 228 2184 2590 158 2662 1030 77 349 720 242 2206 1377 801 1086 1350 2703 880 1457 2155 1348 2332 884 1 1193 2123 2198 2581 287 1522 588 130 798 1887 421 2709 82 2039 656 1877 885 170 1043
000510.jpg,982 1470 1531 2225 763 748 567 916 2491 2252 1977 2042 1579 227 1179 2682 1651 841 1578 1063 945 114 919 2723 930 1769 952 2778 639 1354 517 2647 998 1920 1851 1854 382 928 1770 1583 778 2711 9 2097 7 2349 528 2379 1210 579 2559 1271 1657 1970 2618 2026 1209 1154 566 2729 512 2459 923 2304 1528 492 1368 1239 1367 515 2658 1566 72 394 1879 631 172 809 2577 1981 1691 460 1197 813 2469 1987 1219 1241 164 2462 461 396 156 2156 1404 11 2081 694 1963 2067
000511.jpg,1506 1141 2070 383 252 1356 1780 2311 1248 1505 858 525 625 1435 1598 679 654 2669 49 1781 245 2164 2794 192 61 1168 1299 2396 2280 2025 1787 139 408 2173 216 225 207 1282 239 1127 113 2091 1216 1829 838 2137 27 209 296 356 2279 1924 2232 1140 822 1918 1274 2742 1273 1612 455 2698 1124 1262 2531 1503 2470 1692 1024 1037 449 2053 1472 1021 430 1500 1568 2565 391 33 655 1297 1293 1303 2765 331 2632 1143 2402 1097 268 653 1972 1715 1941 1647 1961 1956 618 1635
000512.jpg,1796 2545 2034 1569 100 715 48 64 2721 439 1640 562 51 305 155 2650 2713 2433 1584 1860 1617 1993 1663 2309 2631 201 712 1658 1782 1381 1045 2836 169 2241 1328 2837 947 1544 2376 2130 1218 1422 2050 2439 1096 1369 1417 1444 2023 1453 260 2826 2649 860 1948 2767 900 563 2088 1679 2628 2352 2289 2707 1489 550 1870 179 1261 1490 1901 2045 1649 1437 440 194 1636 1054 2011 2272 925 1051 1416 1496 735 26 1623 1710 1878 2454 2556 1316 168 1486 2652 221 259 2714 1701 2419
000513.jpg,1801 2277 529 2644 395 1230 1798 2323 572 962 1334 1561 545 1394 1197 1683 374 2759 2242 2504 2542 617 2579 581 2238 789 803 101 328 898 766 1087 1883 714 2114 251 2040 1558 1427 1091 1996 341 737 1898 1093 1631 364 2381 436 215 989 1207 646 1900 1166 777 407 1971 2656 1693 1928 695 2149 499 2547 1137 1213 1786 1106 926 2546 1257 540 1035 1818 1176 739 431 564 132 39 783 2785 1343 2281 63 1743 304 1333 2072 2784 614 2288 596 576 76 2827 754 1180 2190
000514.jpg,2018 2146 2284 1289 2008 764 719 2551 1534 35 190 2110 1493 1351 914 1577 664 2582 1403 1157 1915 723 615 2824 303 2209 1997 1204 1359 539 2585 1772 450 812 862 1751 2603 1136 206 545 343 2242 1087 873 2238 1583 7 2426 2252 1970 652 66 2019 783 1210 251 2434 766 1801 1841 374 101 1271 2400 2022 2361 14 2258 2504 2658 2449 2644 1250 898 1130 1228 1558 1093 2536 1729 2040 2381 1528 328 488 2573 1898 2410 63 2489 1832 2097 1427 395 1066 2547 499 529 528 1035
000515.jpg,1268 2333 332 571 2029 1065 1256 340 979 2227 2108 1686 597 2743 429 2786 1418 432 417 1562 199 886 21 802 878 1430 2415 1890 2640 1952 289 2568 1266 2083 62 1398 302 1038 554 933 964 2578 729 681 1374 2221 361 865 2828 1949 1668 1399 1888 2602 2423 2031 2671 2421 868 893 1272 323 2210 743 78 2520 1070 13 1879 400 640 986 1906 1255 2449 488 2573 2387 306 955 394 1035 1757 63 2829 1333 2098 448 1219 1729 1194 612 1047 2022 370 8 1087 2216 2400 871
000516.jpg,982 567 1531 1470 748 2225 763 1354 2778 919 952 1769 930 998 2491 1179 1977 916 2252 1851 1583 807 1188 2711 1854 7 928 1578 1227 411 382 2682 2816 1651 2349 1757 2043 528 1063 1761 1858 1260 1210 468 285 2042 334 227 2171 620 1603 778 841 650 1657 2425 923 2304 2278 2559 820 986 229 2261 1579 1916 2476 636 639 2048 945 2807 2729 1209 1970 2658 476 750 1605 2810 956 1232 1139 1768 1882 2379 2647 2313 214 2618 517 579 2841 2216 40 1271 1723 2387 1255 1214
000517.jpg,2433 1453 2034 2545 2713 1796 1490 100 1569 2376 715 48 1496 64 2721 439 2309 1640 2556 562 2650 1901 1860 305 2272 51 155 201 1316 1584 1948 563 1965 1096 2289 260 2352 168 2088 2826 1416 2815 1636 645 1148 712 440 659 747 550 2050 194 2631 2840 2649 231 1878 2454 2241 2836 1051 559 518 2538 1381 1218 1658 2628 433 1369 2755 2553 134 486 2439 2023 1307 1486 1544 1840 1045 1422 445 2130 1617 1782 2652 2714 1552 197 735 26 1870 2769 169 2337 1123 1444 2837 179
000518.jpg,472 1803 551 1059 2138 342 147 2444 961 2595 1509 1811 2740 154 1025 1807 1524 641 741 2710 2385 2749 577 1629 1167 1295 2175 1862 2771 991 262 127 888 1 1373 2431 1540 2094 2709 1355 203 160 1530 1520 1539 1618 352 1619 1622 1571 1242 1078 1341 2340 2100 1607 1988 1069 17 385 685 2727 2738 2776 307 2468 2731 166 2675 2486 2758 1421 2473 2635 2801 267 223 1215 2339 1291 2104 573 2255 2844 1925 1863 846 1366 2399 1238 600 891 1684 537 1060 2189 667 2781 2412 1101
000519.jpg,1790 1933 2071 1305 222 1638 1504 850 2512 2362 2156 1052 2355 2691 935 2096 897 1709 836 1321 1098 2432 2201 2446 2750 599 1911 2452 2420 1200 1621 2342 666 2318 2642 144 1806 1006 2537 2593 1387 1308 630 1082 1090 2167 586 443 459 1682 796 1145 1380 2268 2317 2449 1763 1697 1479 320 2249 2535 1676 946 2555 761 1023 205 1044 1456 834 37 661 141 2058 8 1474 2194 924 325 629 745 632 1188 1469 1425 922 1523 1447 1620 44 908 99 104 301 2437 16 1865 863 393
000520.jpg,2437 1836 1672 16 44 1447 1469 376 1057 2317 1749 1990 2700 1449 1535 832 2249 761 1178 1795 824 1773 1727 2555 1513 205 2111 2058 1161 1482 1847 1760 1224 2180 2080 1661 2030 1593 2831 1620 1838 1116 1659 96 1277 683 2573 1632 47 2129 1346 2016 2571 834 350 603 1205 1714 1548 104 483 1712 2554 1713 2572 1113 894 1451 2054 1361 490 954 106 751 1525 1353 1425 2000 2791 1032 1400 1502 792 400 2296 240 2096 1263 1300 762 474 2623 2263 2303 1804 2275 269 2245 632 448
000521.jpg,2252 2682 1651 227 916 1583 2042 1977 1179 517 998 2491 1578 1063 2097 2225 1579 841 1920 763 1368 1239 512 1367 2349 982 639 2379 1879 945 394 2723 1657 2647 7 1566 2026 928 114 1851 528 2729 1209 2110 1210 919 1770 1769 952 1271 579 1906 566 1531 9 1470 2559 1154 930 2459 1970 1528 1854 2658 11 2778 813 567 664 748 791 2711 1354 2618 923 515 2304 382 492 1031 778 2462 809 1981 2803 1565 2603 2093 72 1219 2664 694 2098 164 631 400 1415 1904 2369 1739
000522.jpg,2185 2584 1411 1129 1440 1694 143 386 795 2517 2529 718 2298 1684 2271 2801 2616 1360 958 810 2460 557 1445 2833 2139 2619 787 1215 2844 879 2363 1514 1982 1366 30 1925 71 1619 299 969 2524 2092 1112 1630 273 2246 1373 2385 1122 697 1939 1816 2731 1863 1242 1480 2104 1814 888 837 2455 264 2431 641 2468 991 1539 638 2576 2371 1294 2771 667 1589 1446 2797 1735 2633 2776 1807 2484 342 1660 262 2710 1653 1549 551 2607 867 1258 1009 1295 2672 2175 385 428 1494 814 1887
000523.jpg,1439 2051 2183 2291 2057 574 1931 482 2526 2220 2089 1433 598 2704 2427 939 2445 1223 255 494 217 2683 1330 2435 1874 2639 2499 1088 368 1725 647 1899 1555 531 444 637 2657 2719 2308 608 146 447 2712 521 2037 274 2625 1408 1677 2617 1892 692 994 1998 2207 657 2440 864 526 1942 1771 1055 2728 271 2589 2319 2766 1473 725 12 508 1944 442 2809 1757 1881 2294 1721 1501 677 136 2438 2736 2825 128 2475 944 2599 1817 1876 123 686 1639 1126 1477 619 882 1582 1185 224
000524.jpg,991 1295 1807 2771 1373 641 2385 262 888 1509 1619 741 1803 1925 2731 667 1863 2797 2431 1982 1242 879 2595 147 428 2776 2524 2460 2104 557 2139 1735 1811 1480 2844 1366 1660 2576 2444 2607 1816 273 2633 2833 127 385 1629 2710 2363 867 2403 2371 472 577 1291 299 1238 267 2175 1862 2094 1549 1814 891 1059 551 2092 1589 1607 2468 2412 2517 2529 814 342 2138 1530 1539 1341 1514 1069 537 1167 969 1078 160 1684 1524 1129 143 2740 685 1440 2255 2758 2801 2269 697 2738 2619
000525.jpg,2138 537 1607 1341 1828 2835 1069 405 2758 2614 2738 1964 166 2094 1530 1078 160 961 577 1421 2100 1660 352 2820 1619 867 2607 1925 2633 1863 2266 1366 1622 385 1816 600 2431 1480 846 667 1735 2486 2338 1982 879 2385 1571 814 1539 1698 641 2460 226 1446 472 2255 2455 1294 17 2412 1803 2811 2648 642 837 573 2223 2635 2473 1684 1994 1373 2833 2797 1338 2175 2731 1009 1939 2524 41 2595 2063 1815 665 1159 2484 1652 1988 2104 264 2298 2844 1025 2139 557 2231 2771 1238 1349
000526.jpg,1228 1785 1333 63 2022 545 1394 149 182 1298 1137 1207 499 2072 614 898 1087 1558 1213 714 304 374 1334 2542 1166 1928 251 2546 1801 803 529 2277 1798 1427 1883 2323 1257 2656 2579 1786 1106 1971 2381 895 2149 2504 962 2644 1561 2040 737 215 101 1693 395 581 1230 1631 364 1900 436 1343 2242 1346 2238 1590 2759 76 341 572 1743 2114 93 132 1434 1176 2787 1197 1898 989 1357 789 766 646 695 2547 328 2699 291 617 39 634 1091 1683 2827 2190 1597 576 2112 2288
000527.jpg,493 2174 1234 1358 2004 1861 1034 976 366 1580 2672 57 1792 859 2418 133 1196 280 2374 210 797 2461 1279 793 1930 2125 1392 1758 1947 756 1276 2327 1575 570 1724 1665 746 1859 548 689 1664 2456 2694 2330 2838 2186 1765 1375 2184 294 1776 588 857 2541 228 801 1457 1072 2206 2123 2039 720 77 242 1086 1551 1877 158 1191 421 1350 1043 2703 2332 2739 704 2548 885 880 2356 1887 2590 263 1030 1193 2581 2229 656 2321 1377 170 1229 1432 2662 1345 663 2198 2659 422 287
000528.jpg,941 2502 2152 84 1605 2141 2841 214 1139 2348 244 621 1616 171 2612 957 1171 744 509 959 1214 1199 1064 22 844 1371 2760 1768 2182 1889 2197 2522 2056 2751 2503 2464 45 1364 1726 1960 2404 2608 2386 815 1596 2448 2048 2591 2761 40 1251 2562 2807 2720 2678 2725 2278 2498 1515 2203 1802 1632 1927 2476 592 1987 2705 189 2116 2567 636 1880 2188 620 851 1198 420 335 1766 1536 2494 466 644 2153 1318 2230 2688 594 1232 1397 1184 163 2351 1426 1004 894 117 1637 1757 2620
000529.jpg,567 998 1583 919 1354 1769 952 2778 1531 930 1851 1470 748 1063 928 382 778 2711 1854 1657 2379 1970 517 2729 2252 7 2491 982 1579 923 841 1179 2304 1977 945 2682 1578 1210 639 2349 2225 763 114 2647 227 9 528 579 1651 1920 1271 2559 916 2723 2042 515 1770 2618 2459 1368 2658 1209 1239 2361 566 1367 2026 871 1154 2097 492 2081 1819 512 1528 2462 701 776 2334 72 1402 1566 2067 98 2829 353 1864 2103 1963 2122 809 460 1404 869 1344 1163 760 813 2551 1204
000530.jpg,1631 761 1394 545 1801 2277 1558 1087 898 714 1207 2072 395 2644 1334 1137 529 1798 1561 2323 1230 1213 614 1166 304 540 1228 1483 1928 572 2785 1333 374 1683 63 2546 1898 783 2547 2579 1298 2242 962 1914 1091 1250 341 1197 1785 1106 251 803 291 2381 646 1346 88 581 2022 132 1093 1257 1427 938 789 2040 1996 76 576 1176 2759 2238 695 2202 1590 2190 2504 1786 594 93 1476 1971 1900 989 2745 1597 766 101 149 737 182 2114 499 895 488 328 2787 777 2483 2542
000531.jpg,419 2153 894 2554 1927 1632 189 2060 1171 22 1214 2567 2751 815 300 1987 744 2705 2313 1363 2726 2841 1139 1605 1013 1336 1251 1364 2152 2162 2216 924 2502 621 2197 1315 2079 1188 2160 2261 333 214 171 84 1227 1858 941 2678 1199 957 2612 167 468 1726 1064 856 2522 1671 2425 45 2182 2278 1744 2048 285 2760 1882 2141 2816 40 1723 1502 2056 411 2188 2348 149 1889 396 95 1880 2608 448 2404 592 2179 1603 1371 594 2591 229 1184 42 636 1471 2720 1761 481 620 335
000532.jpg,1752 1316 1146 1545 1840 1636 2241 2556 1965 1496 312 440 1381 1658 2836 2832 1544 2439 1782 2826 155 518 169 563 1878 2501 2840 2837 1934 735 2628 2389 712 987 1617 1796 221 1422 978 900 1045 51 1102 260 1123 1624 2050 2424 950 305 445 1656 1640 626 1405 1901 2790 59 1437 1148 635 550 2817 559 168 2411 1649 1486 2652 2289 1948 2272 2088 85 2528 947 2069 2433 1444 259 497 2082 2713 817 547 1096 1092 2367 2419 1569 2044 2133 1407 2034 1552 4 556 201 1218 965
000533.jpg,1541 820 1221 285 956 546 1603 334 750 6 582 2387 759 1882 807 1153 2643 1702 1260 1083 1761 620 1797 732 1697 829 1188 181 372 2313 468 1858 2816 2425 922 1227 2194 2043 411 661 1891 1456 1380 986 1723 2261 2666 650 882 2171 123 669 1757 2476 2150 476 1916 1284 2677 973 1285 475 2810 1865 1255 629 1560 2706 1139 2346 1570 42 2168 298 1090 45 84 1536 724 236 1844 1763 1318 2216 2047 1251 2514 624 1084 1387 1537 2278 2705 905 980 2608 1884 2623 1911 1250
000534.jpg,1752 1545 1146 2389 312 4 2832 987 626 635 2069 59 1102 85 556 826 1405 950 2367 1316 2082 1636 221 1202 1737 547 2270 2133 2790 1386 613 1934 1092 2501 1407 2411 943 1624 2241 518 1422 1656 611 1552 2424 283 1319 440 188 2300 259 2544 1983 1878 977 2148 2397 2836 2419 266 2556 2044 550 1617 2538 1428 900 2477 463 169 2837 2088 1644 74 1649 2724 2528 2840 2817 2631 1782 260 735 2289 1840 1926 2050 2826 2652 1496 947 1190 563 817 1965 2574 1486 2676 1468 1208
000535.jpg,2386 2116 2678 1960 40 861 851 1198 592 1726 1371 2141 2522 45 1632 1364 957 2807 1251 419 2056 1596 2554 2448 949 2441 2562 1856 894 2188 644 189 2591 1318 1064 2153 2048 620 2720 1927 1343 1004 1802 1013 2203 2612 2498 171 2760 2160 2278 636 1144 214 1536 2761 621 2737 1768 2827 84 844 2182 783 1880 1889 1336 95 335 2060 300 1199 2348 2688 1139 1171 2086 905 2608 2733 2079 1184 940 509 2230 1093 1205 333 2503 481 1103 2197 941 2030 1616 1214 1987 2705 1846 1315
000536.jpg,840 2142 1843 467 241 2531 2765 495 1039 1024 1875 389 1923 2285 1503 1062 129 1378 131 1813 1932 324 268 452 501 2687 1011 1475 2565 1022 53 89 2634 758 1929 999 484 788 2236 363 1662 1275 2301 456 1789 1730 2407 1568 1281 1037 927 1026 2059 1655 125 780 1831 806 108 295 2715 2505 2465 2244 2806 1274 653 2429 786 1967 1008 628 1706 464 1912 390 1715 1635 1048 2053 471 1124 159 753 478 314 1273 580 402 534 1097 936 2398 1756 1050 1293 1465 346 2698 418
000537.jpg,1019 646 2787 1175 293 1346 761 359 924 2573 103 2449 594 2156 2216 8 453 1757 20 1502 2179 986 1931 308 508 1205 2220 2816 1603 306 1671 2526 2299 2554 2567 2203 2107 2348 2060 1044 994 1740 83 1188 214 1255 2841 400 997 2705 750 411 2387 2009 1139 473 334 2583 2810 2043 333 2089 2625 2620 1952 1669 189 1610 1632 1670 1400 2151 475 1089 1442 691 2680 2346 2550 148 437 1916 255 1171 2521 2508 2570 7 2047 1329 1397 933 1217 2171 1401 744 1922 510 1214 2153
000538.jpg,789 1394 1801 576 2784 2277 2547 1483 2579 1883 545 95 395 596 2644 529 251 1304 1743 1914 2785 1230 1091 2190 614 1176 2202 132 2381 2288 1798 2323 1180 2759 766 291 581 967 374 1137 572 1996 761 962 1476 2238 695 1106 2504 983 1087 1427 2745 2495 101 2441 1856 341 1900 63 926 803 564 1971 39 1786 88 149 215 1213 2242 2827 2114 333 2661 777 400 328 2554 2040 827 1207 2281 419 1502 60 1093 1818 1693 1197 396 436 304 856 2072 230 1103 364 989 739
000539.jpg,1663 947 1444 1328 1679 1649 1054 2707 1623 2836 1782 169 2837 2767 1993 1617 1381 1544 2241 1658 2439 1045 712 1422 51 2130 2628 2050 735 440 155 1369 2011 1218 1261 1640 305 179 645 2649 445 550 562 2454 1029 2840 1840 197 1870 463 1796 1051 2289 26 1569 1948 194 2352 925 860 64 1552 1417 1096 480 1489 1416 2714 1624 1710 48 635 900 100 715 2650 439 433 221 2769 1486 348 817 518 2411 943 2790 1644 1407 2721 1636 1253 2631 260 1584 2528 1437 1405 2817 2045
000540.jpg,2437 1672 1836 1057 1749 44 16 1990 2700 1447 376 2317 1469 1449 824 751 1727 1178 2555 1593 1773 1535 2058 832 1795 1161 2000 1513 834 1116 1300 483 2249 1451 1224 1353 683 1714 47 954 1559 1361 2054 1713 1760 2111 2787 761 2180 1847 1277 1380 946 2109 2518 441 2296 2554 1685 1346 2129 2571 2016 1120 240 1712 1838 2222 1073 1943 792 1482 1697 96 1523 1661 845 1869 1620 106 83 1147 1263 2523 1425 2695 2831 1036 1032 2096 2383 1678 1632 2080 2677 339 1995 1638 2422 1082
000541.jpg,353 98 776 2474 196 1643 585 2081 1819 1864 2334 2462 701 2067 781 1625 910 233 869 1963 1402 2256 1344 276 1042 381 2361 809 2103 2353 1600 2027 2001 2012 2264 69 871 2582 1204 1170 2593 2391 450 2132 1697 1077 1541 2047 1958 1751 1525 2141 1347 84 247 568 2209 370 301 481 820 874 1359 2170 490 1642 1911 1380 937 323 941 2101 2485 875 966 909 539 1084 1973 2147 549 2458 862 151 1603 1247 212 604 1121 2559 1519 2405 2734 1762 1761 1528 2204 3 1987 392
000542.jpg,1052 2645 2156 612 477 2122 461 2679 1903 2074 2829 1163 2747 1047 2587 2098 1599 760 595 2469 1976 208 164 2449 8 174 72 460 1784 1183 156 2126 731 1949 396 924 2400 1605 172 1155 1404 1363 1757 2421 1241 1271 323 2775 856 2216 1100 1729 2502 2083 281 1671 1906 2089 2573 84 1144 111 1035 1415 986 2410 783 938 488 694 871 2711 1250 2559 1075 2561 2567 660 1219 637 2542 1226 1194 1272 2841 394 2483 1066 1197 2506 2152 448 255 941 306 905 1839 2577 1879 149
000543.jpg,2648 2138 1159 352 1815 403 2455 511 1270 577 1939 1009 1571 961 127 837 600 147 2710 2063 2100 1622 17 846 573 264 2481 1258 2709 665 2484 2246 1446 2486 223 2255 1828 1338 1630 642 2616 969 1816 1294 1112 1619 2444 2595 2431 1025 1698 1366 2835 405 1660 166 1341 1607 2339 385 195 2607 1520 1 267 1349 2738 2633 1509 2399 2635 1539 1803 317 226 2189 2466 2175 1069 879 1355 1167 1615 1291 2253 2412 472 2619 1925 2727 1238 2820 741 2811 349 814 1530 2758 2094 1863
000544.jpg,304 1213 545 1394 2546 1785 2022 63 1333 1228 2277 1558 1801 898 1087 2072 1631 714 614 1483 1137 1207 1798 529 149 2323 2644 1230 395 1166 182 1334 962 251 783 737 572 581 2242 374 341 1561 803 1106 215 2656 1928 2040 2114 1197 132 1900 2542 1898 1597 924 364 1605 761 101 1683 1257 1176 1786 2504 2149 436 1298 1693 1427 2547 1093 291 695 2381 2787 2216 1856 1971 2238 2841 2759 989 2737 1343 1363 1743 2190 1250 1883 2579 766 634 617 1502 328 2202 2179 1091 2827
000545.jpg,2018 2284 2146 764 2008 719 1289 2551 2582 1403 1534 190 1577 35 1204 1351 2110 914 664 1157 1493 723 539 1915 1359 2585 303 1997 343 206 862 2824 1751 2361 1772 615 450 871 2209 2603 1970 1136 2067 869 812 998 1066 1271 873 276 2196 1228 2426 783 2434 14 2410 2536 2157 1906 1226 1745 2400 1879 1194 2449 1854 2711 1785 2019 1566 1729 488 2242 1246 1035 2604 2022 1367 778 924 1087 1507 2462 2573 7 382 2459 2334 1093 1394 2225 776 2561 1210 545 2277 2260 1963 1583
000546.jpg,2810 2171 2043 2816 2666 1891 546 1221 285 582 6 1697 1188 807 759 1702 1083 2643 1916 2346 475 620 956 922 1260 732 411 820 1603 1541 1797 1153 750 334 1858 468 1763 37 1139 2313 1456 1227 1865 1284 1570 1761 661 2261 2194 1696 2841 2677 829 1380 1090 298 973 594 372 586 724 1953 1397 122 2179 2348 196 2514 214 1171 476 980 2168 629 1285 2115 1537 1502 1610 2425 1015 443 1263 669 1082 1214 2475 609 624 1884 2109 2060 2567 189 2387 2245 1750 2623 1326 1322
000547.jpg,1635 1967 390 1293 1097 1822 580 159 1715 1143 655 326 430 1118 331 2062 31 2715 1011 1050 1648 1037 2053 2406 1124 1026 1297 1692 1187 1140 999 1918 1018 1472 2236 782 1568 314 1755 1317 726 478 805 2465 2505 799 2687 2407 1756 1262 2765 2301 1475 464 936 1216 1395 1706 1730 1829 927 1831 2632 2402 1647 1008 1972 628 1503 2531 1275 1024 113 1929 1612 1048 758 138 125 2398 1921 753 1789 2611 2806 455 1655 1220 363 89 471 721 389 346 108 1912 1932 1022 1299 1662
000548.jpg,1439 2183 2051 574 2291 2057 482 1931 2526 2220 1223 598 2089 2427 2704 1433 939 2445 255 217 494 2683 1874 1330 2639 2435 2499 647 368 1725 531 1555 1088 1899 637 146 444 2308 2719 657 2712 2657 447 692 2589 608 1408 2728 274 128 725 994 521 2475 1881 944 864 1677 2319 1721 2440 1055 1942 2625 271 526 1473 12 1892 508 2617 677 1501 1998 2438 2207 136 1876 2294 1771 2436 686 347 1944 2037 2766 1902 1817 2809 1654 1639 5 1757 915 1263 1582 995 682 2378 491
000549.jpg,2227 2786 979 340 332 289 1256 21 2743 554 199 1268 1398 302 432 893 78 681 868 1562 62 1888 2423 361 2029 878 1890 417 743 2108 1065 1686 597 1418 886 429 571 1430 2415 2333 1266 802 2578 2568 1399 2221 1038 1952 964 1374 2640 729 2671 1070 2031 933 323 2828 2602 2421 1668 1949 2520 2083 2210 2224 1197 865 640 1272 2387 986 13 1757 1001 2350 1219 1245 1255 1810 2295 2410 955 1035 707 1075 214 400 2354 2547 370 182 488 905 306 2413 1928 1448 2089 1849
000550.jpg,1329 933 1041 2539 359 2839 1952 2570 2350 2083 2583 1001 1019 2808 2047 2387 2787 2449 293 646 1255 986 2348 2573 411 1757 1139 306 1346 214 7 453 1175 473 2009 2299 2216 400 594 1603 1188 761 2151 2680 1931 8 2841 2404 448 1061 2521 2567 2658 2203 163 924 1922 1766 1205 2816 2089 820 1889 308 2179 2620 2060 1502 1400 437 2508 2625 334 2346 1669 1670 637 744 148 1872 2043 2526 1397 1401 997 2107 1904 83 1740 1442 870 2792 510 1791 981 1671 468 189 750 1227
000551.jpg,1810 2583 2350 1001 1075 137 1212 165 2558 116 1825 1606 2292 1130 2258 2305 135 2295 1841 97 1931 2224 1728 634 1757 2413 362 1940 1383 1448 1986 2638 2408 1928 1478 184 1035 1597 2472 1839 1265 1296 1197 986 637 1689 2354 2526 359 2220 2493 499 213 2560 1590 855 2151 558 2089 1346 255 119 1390 2566 1533 76 1849 707 2561 1945 2615 2324 1166 1558 1334 2506 1748 1832 783 1231 1616 2299 232 1255 898 2680 754 2508 80 2196 1442 218 1312 112 424 895 431 1269 521 1962
000552.jpg,2449 1671 8 2216 924 2705 2197 300 2230 2678 1315 1363 335 488 2573 42 2079 149 856 2160 63 1336 1400 2313 2591 2156 1013 1687 1318 333 1104 167 2547 761 1536 1371 1483 1471 2522 905 1064 45 2425 1641 953 1907 1250 1476 621 2645 894 1726 1194 1333 2641 419 1488 1232 2086 1044 448 396 2816 1927 1188 2202 1251 1364 2841 2410 88 2554 1882 2483 2022 1144 1184 2190 1757 214 2179 2620 1205 2567 55 728 132 189 1979 2060 95 1176 1723 2612 594 1219 468 614 111 1137
000553.jpg,2437 16 44 1672 1836 1447 1057 1469 376 2317 1749 1990 2700 2249 1449 761 1535 832 824 1178 1727 2555 1760 2111 2000 834 2058 1712 1482 2080 1361 205 954 1300 1451 1277 104 393 751 1308 2054 1073 1082 1523 1380 339 2129 1795 2136 946 1620 1090 1346 1244 924 2831 441 1661 1263 1559 1116 1548 2695 1353 1773 1006 1161 483 2573 586 2016 1224 1659 2623 603 863 2275 96 1593 1713 1513 2383 269 683 1646 350 474 1113 2180 443 2167 2245 37 1678 490 2096 1525 624 2554 2518
000554.jpg,536 2090 193 988 1132 1588 1431 680 36 733 866 1793 901 2217 500 142 1492 1553 2668 555 1033 176 2078 1393 1699 427 2267 1886 1053 2384 2380 2451 1236 933 2335 292 1952 1754 1764 377 2795 1049 2032 828 1429 2798 2629 1189 672 56 839 1910 2083 177 2038 2055 698 401 2793 1249 2293 2428 306 2636 358 2387 1322 1628 1757 2249 2589 1074 1023 2573 889 400 123 986 624 2120 1521 2150 975 932 882 2416 1263 1817 2163 2463 2378 1881 1582 151 311 875 703 2154 767 1474
000555.jpg,1041 933 2047 2539 2387 1952 986 1329 1255 2570 2083 2839 437 646 1603 293 2808 1757 2348 2787 334 2299 2009 1175 820 750 1001 1346 2350 2151 306 1502 2583 1139 594 1761 400 214 453 1740 359 308 1872 7 2179 2089 1922 1670 691 2449 1442 2203 411 981 2216 807 448 1019 1217 1205 148 2107 285 473 1466 1400 2526 2573 2620 2030 2567 785 1397 1791 1061 255 2060 1931 2705 2261 2220 2658 2521 637 1188 1171 163 755 510 300 956 2156 2404 1904 83 1227 410 1052 2554 1766
000556.jpg,760 477 1163 2679 461 2122 1903 2829 2074 1599 595 2587 208 1976 731 460 2469 2126 72 172 2098 1155 164 1047 612 2747 156 174 1784 2775 694 1415 2577 1241 1404 1100 1219 2156 2645 2443 1906 394 1839 488 1035 2400 1879 1423 2561 1052 1729 2449 1394 1250 2410 1197 111 2483 579 2502 1986 515 2542 2089 306 2567 2573 2559 1757 566 1641 955 938 1605 905 614 1144 492 7 1333 1154 1210 2506 871 2495 2112 396 1044 2086 2323 1334 1065 783 1343 2288 60 2510 1271 924 2216
000557.jpg,2449 1671 1474 8 2535 745 325 2706 443 1082 1090 2831 586 2705 1308 300 2216 2197 1006 2572 762 2678 84 1380 1605 2167 621 1032 37 2425 941 335 2571 1315 1763 2623 1703 2230 1139 924 2348 2079 1979 298 96 1371 1525 1288 1726 2109 1113 448 1697 42 594 2313 1400 973 2841 459 214 882 744 1882 1687 1363 1661 1425 2591 971 1336 2160 189 2179 1570 2567 1866 2096 986 1757 1891 106 2263 922 1488 2620 45 2152 1927 2401 1364 2476 2502 1205 2555 2494 419 1911 171 2554
000558.jpg,2091 239 2164 1781 2794 2280 525 2173 139 408 245 49 209 1282 356 2311 838 296 654 2396 192 2137 383 1248 2669 2025 1787 2232 1356 1127 61 625 1505 1435 207 679 2070 822 252 225 1141 1780 1598 858 653 113 1568 1506 1274 1168 1299 216 449 27 1262 2531 455 1011 1143 2632 1022 1503 2236 1037 2142 1024 1843 1216 1018 1472 1475 805 430 782 2053 1297 1293 2279 1755 1875 2406 788 1829 131 1303 268 89 1317 1118 241 1097 1124 504 580 799 2765 1756 1715 1635 1813
000559.jpg,285 6 1221 546 582 759 1083 1702 1891 2643 807 1603 620 820 732 1541 2816 1260 750 334 1797 1697 1858 1916 2346 2666 2313 1570 475 468 1188 2171 956 298 2043 1139 2677 973 1537 922 1153 2810 1397 2841 594 1285 37 1456 629 2261 1502 411 2179 1284 2109 1696 1015 690 1227 1865 2194 372 1171 1738 980 1761 2348 2303 2425 1884 2387 744 2706 2203 1380 448 829 2620 2222 1082 1659 1214 1560 106 661 1080 122 2115 1610 189 2705 2571 2118 1032 443 1525 1661 214 586 1084
000560.jpg,1569 100 715 64 2721 48 439 1796 1640 2034 562 2545 305 2433 155 51 2650 1453 1496 2713 1860 2556 2272 2376 1490 2309 201 1584 2631 1316 1948 2352 1901 194 1617 1636 1096 712 1965 1051 2241 1381 1658 2628 2836 168 2815 1840 2289 563 1218 1782 1416 440 2050 1993 1045 1422 1544 2130 2826 260 2439 169 645 2837 231 518 2649 2088 1649 1328 1878 1261 947 2454 445 550 735 2652 1444 1369 1586 497 2011 2707 1623 2538 1552 1148 259 1054 2769 1679 559 2840 2023 2553 747 900
000561.jpg,2548 1375 2662 687 2460 1619 1776 857 1366 2363 2844 557 1665 879 570 2727 2456 797 969 1925 1861 2590 1043 2385 2226 551 2298 1238 267 2633 2186 798 2039 1684 1350 1724 1664 2541 837 1 2330 1291 720 2139 342 2607 2206 2123 349 2229 228 1086 2672 2584 859 2399 1792 2198 2749 667 1539 746 2215 421 1480 2004 1660 1930 2327 2833 801 1059 1034 885 1887 1009 1520 2158 814 2581 1816 1191 57 1432 1877 842 154 1571 352 1575 2455 2740 2431 892 2461 704 1982 2332 2709 1457
000562.jpg,1453 1496 2433 1490 2272 2556 2713 1569 2376 64 2721 100 715 2309 48 1860 1796 1316 439 1901 562 201 2034 1640 305 2545 1965 51 2650 2815 155 1636 1948 2352 194 1218 563 1051 260 2289 1096 2088 168 440 1840 2826 2050 1148 1416 712 550 2241 1658 486 231 2628 1878 1422 1381 1584 2649 2130 1261 747 1617 1328 2836 2538 518 161 645 2337 784 1045 2439 1054 1444 169 2553 2631 1649 735 2652 1544 1782 947 2454 900 2767 134 1623 1586 259 433 1369 2837 965 1679 2707 1993
000563.jpg,2252 2682 1651 1977 916 1179 1579 2491 841 2042 1578 1063 1583 227 1920 945 998 639 2647 114 1769 2723 952 9 1770 2225 919 748 763 1531 1470 982 517 2379 1354 2729 928 2097 2349 1851 930 1657 1368 2778 1367 567 1210 1528 1239 1154 515 579 1566 923 2459 528 2304 7 1854 512 2559 2026 566 1209 2618 382 1271 2711 778 1970 492 2462 2658 1219 2334 1819 2803 72 2603 809 1344 1402 98 791 781 1031 813 2081 1565 1879 488 394 11 460 1415 332 340 1287 2108 2110
000564.jpg,2063 1159 837 2455 2484 403 1009 264 1815 1122 1589 2731 2092 2189 1814 2371 352 2833 428 2576 299 2844 2776 2139 667 1982 2269 2797 2399 1735 741 1520 1 2727 2385 888 262 234 17 1925 891 1291 1238 1349 267 641 1572 1549 2255 1509 1619 1025 1571 2403 913 1807 1373 2486 2412 573 2811 2717 1539 2338 2541 90 2771 2431 2138 2635 2223 2175 307 317 1366 1295 846 1615 1698 1803 1338 1622 991 2710 2215 2246 223 2094 1862 1994 551 2100 1863 1684 1939 1059 1816 577 961 969
000565.jpg,2138 537 2835 405 1828 2614 1964 2738 166 1607 1341 961 1069 2758 2094 1078 1530 160 1619 1925 1982 1863 2385 667 879 2607 1480 2431 1660 641 2633 1816 867 2100 888 1373 1735 428 385 1803 2797 1421 1366 262 2820 2460 577 2833 2771 741 352 557 2371 2776 2266 1622 2811 2455 2139 1807 2104 2731 991 1295 2412 2844 2595 1242 600 2524 814 1549 299 1509 2473 2648 273 2576 2255 1338 2092 472 2486 2338 1539 2175 127 846 264 1988 1698 2231 1862 147 2403 1815 2484 1571 226 1589
000566.jpg,1518 2282 1290 1017 530 1301 446 2140 1058 451 2064 1567 1909 2796 1384 2458 966 2085 921 942 2392 2543 2357 487 1495 1978 2262 337 1002 908 1613 662 1681 1119 1742 1673 984 1705 2600 1331 2696 2257 2660 1676 1614 243 355 1554 852 1396 1370 2782 1105 813 54 542 1621 2405 2259 320 151 186 710 1322 1455 1094 2420 678 1200 1581 1894 1850 2657 2005 2463 2156 435 1263 2519 870 2251 1020 2293 474 821 1966 2417 301 774 1550 1385 937 1936 593 1311 1267 897 2697 2089 2318
000567.jpg,1866 909 1953 214 1365 2841 1602 2348 1487 1139 1696 1108 1477 2823 2706 924 270 1757 2425 43 2623 2448 2150 2109 1525 1171 959 2498 2115 2591 2572 986 229 1280 956 669 1255 1889 335 1032 1084 2263 2230 22 2449 882 476 387 2567 1560 1474 189 2160 123 585 8 2168 744 490 829 565 1214 2079 2261 2442 1458 1227 1113 1671 2401 2507 516 2111 183 1621 894 2060 752 1797 2317 309 2705 2153 96 661 732 1795 2216 448 1904 1200 325 745 1910 1217 506 1153 1738 2718 2677
000568.jpg,646 2787 293 1175 1019 1346 359 1603 761 594 986 1205 750 2583 2299 2387 334 1502 2573 306 1757 2179 1255 411 820 1001 1188 2449 1139 473 508 1670 308 148 2348 2350 2151 1061 2203 2521 2567 2816 437 1740 400 1442 2107 285 1931 214 1610 2047 2554 2620 2216 2539 1401 1397 924 20 994 933 2043 163 1041 2570 1922 1952 1171 466 2156 2009 2508 2841 2220 7 2658 448 1791 8 510 2526 1761 2705 691 2625 2060 2171 103 1400 1916 2810 2404 83 233 1904 2808 997 2346 1329
000569.jpg,1967 390 1635 1715 1050 726 2053 999 1097 1293 2236 1755 580 1124 159 1475 314 2715 331 805 31 1037 1648 1140 1568 326 1822 655 2765 1756 799 1143 1317 1011 2406 1024 1692 1026 2505 2465 2531 1395 464 1118 758 430 1262 1273 455 484 1503 1831 1706 2687 927 389 1378 1918 1662 89 1789 1829 1216 2301 1655 363 653 1472 786 1297 478 2062 1022 2407 2059 2232 1275 1018 2698 467 1932 1187 936 1612 806 1730 2806 346 782 822 2693 1008 1647 1274 471 268 1929 452 1039 2402
000570.jpg,998 1583 567 919 1354 1769 952 2778 930 1851 1063 1531 1970 778 382 2711 1470 928 1854 517 748 2379 1657 2729 2252 7 923 1579 982 841 227 2304 2225 763 2491 2361 114 1179 2682 1977 945 9 1210 1578 2723 2349 1651 1271 871 639 579 916 2647 528 2042 2559 2081 1920 1239 1819 1209 515 701 1770 2658 566 1368 2459 1367 2618 2334 2462 1528 2026 2829 2097 1154 776 2067 1344 98 353 1163 492 2122 2551 1402 1864 512 1963 764 72 2679 1566 1879 2008 809 2284 1903 869
000571.jpg,645 2011 445 2707 1679 1623 1054 1444 1328 1649 2840 1663 1029 947 197 2289 463 2836 169 1782 1552 2767 2837 1045 1544 2130 2375 1253 1617 440 2050 2241 433 712 735 2439 134 1381 51 1658 1993 2650 1422 2735 2628 155 1417 860 2649 2454 319 1895 562 1870 1218 965 1261 1640 179 161 1788 1710 1948 1486 1840 900 550 1489 769 305 2088 1437 1369 1096 1307 1860 260 563 489 2133 1416 2352 2631 1701 439 1569 194 1796 173 64 674 2769 2287 2538 2652 1496 2076 2826 201 2084
000572.jpg,2810 2043 2171 2666 650 2816 1891 1188 1697 1916 2346 475 1723 411 922 807 1882 759 285 6 1153 546 582 1221 2643 1702 1865 1260 468 1456 956 1858 1603 1763 620 732 820 1083 1284 1227 2841 1541 1797 2313 37 1139 750 334 1605 181 980 2216 122 829 1090 1884 2502 1953 2589 1696 661 1250 2261 1881 1570 938 2489 1761 724 2514 2167 1027 1610 1846 2410 473 2245 1502 372 1397 1150 1537 148 594 1326 2168 1082 905 1703 40 2779 586 2677 1308 1995 167 1080 2179 2449 1288
000573.jpg,837 264 2455 1009 2484 2063 1159 1815 403 2548 2833 2092 2844 2371 299 1122 2139 1982 1814 667 2189 1925 2576 2731 1589 2797 428 2662 885 656 706 1619 2269 1735 2356 1776 1887 1350 2123 352 1542 2039 2215 1877 2739 2590 1191 1698 263 797 1375 1366 1457 1229 687 2412 1291 1238 857 2776 2321 2541 2223 891 2338 801 720 1816 2385 267 2486 223 1043 228 1571 1338 1549 421 2332 438 2584 349 2253 90 2206 1622 234 2703 1551 1684 195 573 2635 1129 77 2607 1863 2633 1432 2403
000574.jpg,1896 587 458 1827 2674 2500 313 734 1741 2181 505 152 2819 1339 2283 28 523 2479 1532 175 2370 847 1563 972 1376 849 2119 2689 2099 705 2552 2365 238 2527 2177 2228 330 2557 2250 696 2534 81 2716 2191 671 1680 354 2742 1704 2193 1335 92 532 2052 602 2028 503 2592 1111 2764 1117 2322 1543 1708 633 2681 1956 68 772 711 2144 1297 120 1314 1332 1831 653 1873 1655 2812 1011 1164 1746 1475 131 2236 1912 1917 1932 2610 125 2199 968 2597 1974 1875 553 1755 740 1050
000575.jpg,257 1731 937 2377 1527 535 406 2145 1779 1871 1385 1138 1894 2613 1800 742 605 410 811 1645 1516 1007 336 2102 1707 186 1992 365 1040 773 2763 253 1455 2341 1969 1526 544 2788 1110 2516 435 1068 1966 2730 2549 2830 1131 2364 434 1379 2609 1783 709 821 678 1020 1311 1442 1424 1325 1079 673 1466 648 1511 1794 2290 2219 2417 288 610 568 1670 593 1243 1005 1581 1968 870 392 1946 730 2005 2746 519 2299 1142 2697 248 1094 1573 2151 2243 1850 2680 717 774 1133 2251 338
000576.jpg,1619 1925 879 2431 1863 641 2385 667 1480 1982 1373 2460 1816 991 1366 2607 2771 888 1660 2633 262 557 2363 1807 1295 385 2797 1509 2844 741 867 814 2139 1242 2576 2524 2104 428 2731 1735 1549 2776 2094 1803 2833 273 147 2595 2371 1530 160 1078 127 2092 2783 299 2468 577 1539 2455 2403 1607 2175 2269 837 1814 537 1811 1341 2484 2138 1629 264 2710 1589 1122 267 969 1238 1291 1421 1862 2517 1069 1025 1009 551 2444 352 891 2758 472 2412 1684 2063 1059 226 2529 2738 2298
000577.jpg,1545 2389 59 1752 1146 4 2367 626 950 1202 1737 556 547 2270 826 1799 2082 1386 2069 987 611 85 312 1319 440 1552 613 2289 635 2148 463 2840 259 1029 2832 283 1624 1407 2477 1934 1656 2424 977 2076 2837 169 1422 2241 735 2375 2652 2050 1405 188 2130 1649 550 1617 860 2419 1486 1788 1045 1993 134 2088 2312 1895 2011 1092 2044 1468 433 1544 2735 2439 1663 1926 900 445 161 2300 1172 1328 260 1102 155 197 1437 2790 965 563 2133 1983 221 2501 712 1444 2826 2836
000578.jpg,505 523 175 2181 28 2500 2552 2283 458 1563 313 1896 587 2819 705 1827 2689 2365 2370 152 849 238 2479 1339 734 1741 2119 2674 2716 2534 847 2527 81 2250 1532 2191 2177 2557 972 2099 696 1680 2228 2193 1376 330 671 602 2681 2322 503 1111 1335 2052 1117 120 1314 633 711 1475 354 2592 2144 1332 2764 1704 1708 2742 92 1831 2236 68 1655 131 772 452 1543 890 125 2265 501 129 1955 1912 2594 1746 1873 740 2059 2244 1022 1037 780 2597 2237 1003 653 968 877 268
000579.jpg,2365 2479 81 849 2119 2370 2819 1532 2534 152 2716 587 2689 458 2181 705 2552 2500 2283 2527 972 1827 313 1741 847 175 1563 523 28 505 2557 1339 238 1896 2674 734 2250 2177 696 1376 2191 330 671 1680 92 2228 2099 1704 2193 1111 354 2052 602 2592 1708 2322 740 503 2742 120 2681 1117 2144 1692 418 1332 633 504 268 1026 346 1831 1314 780 2687 1873 968 125 2237 1097 1293 1956 2764 532 1335 131 1932 2244 1011 2806 2059 2505 2465 1481 68 772 1037 1912 2698 927
000580.jpg,2567 1044 2751 1171 1214 22 2823 924 752 2726 744 2162 167 1471 2216 2841 454 761 1744 1363 957 953 2502 189 2152 2060 1139 214 1217 84 396 941 333 2404 1371 1605 2573 807 1199 1483 2141 2627 1987 2156 2554 1255 419 1927 2688 986 1889 172 1219 1632 2348 2277 2153 1757 448 2547 411 592 2640 2110 1188 1858 244 894 291 60 856 1631 1761 2625 481 40 2030 1093 959 72 2295 306 1867 729 2202 2785 2281 955 815 300 1914 460 1448 95 1184 2313 2413 1231 571 1766
000581.jpg,70 1759 2757 1753 2777 1125 2077 2772 2478 315 1557 18 1842 1834 2622 1165 2302 951 2015 1252 2818 191 767 2686 1938 1747 2315 1443 889 2685 1833 277 2702 2667 1980 202 522 2496 249 1406 1012 2299 2509 1511 990 2583 269 1548 1263 1501 67 2000 944 1969 2251 1235 2296 853 1869 1989 688 297 1353 823 931 2636 792 2746 2624 102 465 1195 426 915 128 1442 2350 2249 1952 954 2005 555 1884 768 646 1804 1628 500 126 36 1001 676 2216 103 485 2430 2589 2245 211 1306
000582.jpg,2145 1779 406 1385 742 2102 1992 773 2763 1007 1707 519 1871 1645 1969 1138 1894 2613 1731 1800 186 1442 1511 2516 1526 1325 257 2609 709 937 535 2377 1527 1516 605 253 248 336 288 730 392 338 870 1424 1020 1466 2341 1455 2219 1966 1783 1311 365 1581 1040 435 301 648 410 1794 1131 2417 673 678 811 2830 544 1133 2680 434 1850 2095 1142 1968 1670 2087 1243 1094 2151 2492 2788 774 2697 2519 610 2364 1110 2251 881 1573 821 2299 593 2243 2746 2549 800 2006 2005 717
000583.jpg,2561 2510 431 1035 1839 1390 2 2663 601 1075 2323 962 103 634 1798 1810 1333 1801 529 2644 2583 1334 2532 581 1207 395 2277 502 2299 1114 2759 2471 1394 1767 284 1908 1137 2022 2829 2242 578 374 461 1928 2601 2699 1597 1106 1821 702 898 2656 714 1166 2072 436 737 1427 1830 1533 2787 2495 1250 2216 251 1001 1442 215 986 1986 1952 545 2542 1087 1197 2350 76 1558 1230 1971 783 72 1107 739 1257 1900 101 1786 2493 2653 1916 65 1310 2546 1346 2122 789 2504 1608 250
000584.jpg,1545 1752 2389 1146 59 4 2367 626 1202 1926 1624 2270 2082 312 85 547 1407 556 1737 2300 635 987 1386 1405 950 817 1102 2832 2790 1656 221 2817 2411 188 1934 611 826 1644 943 1319 2528 1799 2044 2501 2069 1422 283 860 1993 613 463 1617 2011 2840 1029 1552 1328 2477 712 1190 2375 1489 550 1045 445 2424 1444 1417 2454 2631 2515 1701 440 259 2289 947 266 1788 1983 1623 2241 197 2837 2050 2574 2544 1468 134 2312 169 1663 2076 2714 2148 433 900 2397 735 562 1796
000585.jpg,1752 1545 1146 2389 312 4 1102 2832 987 1624 85 2790 1926 556 635 2411 1405 2082 221 1656 59 1934 2300 2528 1386 2270 2817 1407 1644 817 626 943 188 2501 547 1202 1737 2044 611 2367 826 1319 2069 1422 1617 283 463 1029 445 2574 1983 1552 2840 712 2424 2397 2011 266 950 1045 1190 2477 860 1092 613 550 1328 1993 2631 259 2375 2133 2544 2515 2419 1444 947 1489 977 2837 197 1663 169 2241 900 606 2714 440 2454 1468 2148 1796 2050 2130 2289 1417 1172 2826 1414 2836
000586.jpg,1944 2294 1055 725 1056 2728 2207 2135 899 2825 2057 447 494 686 2842 204 1899 1076 1067 2511 2741 2291 1547 2766 2286 2580 1134 246 1463 2248 692 146 2435 2736 2382 2813 1452 1935 804 2041 1464 2068 574 1937 1126 2719 79 1639 1874 948 329 1185 2319 2665 677 2708 722 2393 647 1223 657 2683 140 2639 1868 1777 2438 442 682 2436 491 2569 1592 1931 2350 2583 2598 995 217 2526 2589 2509 1001 67 347 2427 249 482 271 1346 2378 1881 1408 508 703 627 1473 1721 994 12
000587.jpg,2252 1179 1578 2491 2682 1977 1651 841 945 1579 1920 639 2647 1063 1770 9 2042 916 114 2723 1470 748 1531 227 1583 998 1528 982 763 2225 1769 517 952 919 1354 928 2778 930 567 2729 1657 382 778 1854 2379 1367 1851 2349 2097 1368 1239 1210 2711 2459 1970 528 1154 2026 515 1566 566 2304 2559 579 512 7 923 2618 1209 492 2658 2019 1271 2081 2067 1907 1819 861 107 2462 1507 2295 1448 1691 957 1402 1383 729 2754 2334 1745 98 2503 135 2413 2615 1344 1728 592 1987
000588.jpg,2596 1000 360 1695 1853 2664 1739 660 631 1893 50 2369 1508 791 607 2803 1287 1031 1565 2049 813 1981 1237 1604 2618 2559 512 566 1613 2026 394 1209 1271 1906 2469 528 1770 579 731 1879 2711 809 2126 381 1442 1219 2299 883 114 923 2459 871 1210 2462 1641 2723 2349 1154 492 1854 199 1241 2483 2304 21 1784 776 1423 2587 893 749 2093 681 460 1528 289 98 2074 2334 111 2151 1412 595 2097 361 353 1368 2443 2647 375 1466 933 172 2423 916 1670 322 694 425 743
000589.jpg,645 2707 1679 1623 1054 1328 1444 1649 1663 2011 947 2767 445 2836 169 2837 1782 1029 1544 2840 2439 712 1045 2130 1617 1658 2050 1381 2289 2628 440 1218 2241 1253 51 1552 1261 735 463 1993 197 1422 194 2352 1369 1948 1417 161 2649 1640 1416 2454 860 155 1096 2650 1870 1051 179 433 2735 1569 562 965 439 48 319 64 173 2088 305 1710 1796 1489 1895 2272 2287 769 134 260 201 900 715 2133 1437 2714 1860 563 2721 1486 2652 2815 2732 1788 1584 100 2631 1586 550 1701
000590.jpg,1125 1753 2777 2772 2077 2478 2561 70 1759 2757 2510 431 2161 1834 951 1252 18 2015 1842 315 2818 1165 2302 2663 2 2622 767 1390 1557 601 191 1035 277 1839 2315 1443 2702 1938 103 2685 297 2323 1980 1323 2686 1833 1747 369 889 634 1235 1186 522 2624 688 990 2644 2430 1019 1333 1075 1801 529 29 426 962 395 2583 1334 1389 853 2022 2667 581 1989 2532 1798 2314 293 988 1460 2296 1353 2759 193 1804 2242 1845 126 2277 67 2178 1810 2143 2546 1869 2113 2533 2024 1391
000591.jpg,499 545 1394 374 1228 1785 1801 2277 529 1334 1631 1087 1898 2579 1137 540 898 1883 803 2542 63 251 1558 1207 1333 2546 1213 2072 304 2323 2022 1427 714 2644 395 2238 2547 2759 2504 614 1561 2381 2242 1928 695 2040 101 766 328 341 1257 1176 1166 132 1230 789 1971 576 1743 581 1798 1091 1996 777 364 2190 407 1683 1900 1093 572 596 149 617 95 2827 737 2785 962 989 88 1298 646 2114 983 182 2745 1106 1786 783 2784 76 215 564 436 1035 93 1476 926 2202
000592.jpg,1140 1124 1037 2053 1829 1918 1216 1168 1299 2279 1472 1924 1647 1921 2402 1187 2061 1297 1972 721 113 1395 1317 2236 1303 1273 1756 1635 1475 1612 391 27 1715 390 799 1967 805 412 430 1692 1505 1274 252 1648 1293 1050 1568 2406 1755 1097 1118 1143 1822 1008 936 2698 2531 344 643 402 1024 1011 1780 331 1141 2505 2465 655 2611 2407 138 471 2632 1506 314 1127 822 561 2301 1503 363 858 159 2137 2232 2765 2062 268 580 1438 216 1018 31 383 1781 464 1026 1262 1356 49
000593.jpg,1752 1545 1146 312 2832 2389 1102 221 2790 987 1934 1405 2501 4 635 1656 1624 943 1316 1926 556 2082 440 85 1407 2817 2528 2300 2411 547 2069 626 2241 1644 1386 735 59 2836 817 1617 1045 1422 2367 2270 712 2837 518 1782 1636 2826 169 2050 826 950 2840 611 1319 550 155 2556 188 2044 900 1840 1737 1649 1202 613 563 1878 2652 1437 260 259 947 1486 2133 2419 480 2454 1381 1552 2649 1328 1092 2439 1444 2148 1796 445 1983 2088 2424 179 559 925 283 1544 2130 1496
000594.jpg,2533 2320 1149 29 2172 286 2673 2787 2143 2430 24 2024 1804 426 1719 792 853 646 1361 2296 1451 2409 2054 589 1951 376 2540 1559 1326 727 91 2124 658 1306 1061 2000 485 2235 1535 1886 2014 1447 163 1236 1263 1469 2016 1869 240 466 954 609 1243 1513 1165 2113 1346 807 473 1084 2115 1659 2508 2571 1696 1012 2150 1161 1685 2245 2302 1603 249 2404 2387 1766 1389 2178 995 2378 1353 2111 832 824 1352 2066 2129 1602 1557 1582 306 1406 2303 483 2583 2380 1501 128 2222 2572
000595.jpg,2021 2756 967 754 213 2408 1728 1231 1597 634 739 707 2787 1689 2638 2224 2354 1849 2615 1448 757 1265 1478 1269 1529 119 2413 184 2295 2390 1296 1722 1867 1383 424 135 218 2566 2472 80 558 520 1733 1984 1312 646 19 498 1533 232 529 425 1798 2644 1945 1334 76 1180 375 1426 983 1786 2653 962 1106 2281 564 1818 39 1061 1298 1207 1801 2149 466 2323 2464 364 2744 2656 802 2190 395 2493 1693 1558 926 540 581 2072 2288 1091 291 388 1839 1093 2508 215 1427 1996
000596.jpg,1096 1416 1948 2272 2815 1362 1860 2352 1636 1965 439 64 1316 201 1569 1496 2721 1796 715 155 100 562 2556 48 2034 2241 1584 51 305 2650 1051 497 2289 712 1897 2545 1381 1640 1218 194 1586 2433 1658 2309 563 2713 1617 1552 1490 445 1901 260 1453 645 1993 2836 2755 2628 2826 1045 2376 747 2088 1261 2011 168 2631 2553 1148 134 1782 440 1328 2840 2130 1544 1422 231 2046 547 1319 2767 2454 319 900 1878 947 659 1444 1307 1840 992 2050 1649 674 550 486 1623 556 2837
000597.jpg,1115 2546 1389 2054 646 2178 2113 304 2066 1213 2787 1019 293 545 2000 1361 1451 614 1951 1559 1175 1306 485 727 658 1785 2072 589 1137 1394 1106 251 737 215 436 63 2022 1900 364 1300 2040 803 1798 101 2504 1333 989 1207 1230 898 1257 2381 1801 341 1558 2644 2540 1786 1087 962 714 1093 1334 1971 149 2323 1228 1353 1883 2249 2430 766 1091 395 1427 2409 634 1898 374 1886 1804 792 2024 1197 76 1683 2238 1447 1685 1166 529 2296 783 359 2277 2759 376 581 1928 2242
000598.jpg,2471 2601 502 103 1114 1767 1830 702 903 578 1908 2388 1107 65 1608 284 684 250 1821 1512 1310 1975 1839 2323 1035 1232 1723 962 1916 395 1810 2561 1397 431 2620 2644 2510 1390 374 475 1798 1605 2216 251 2346 420 2 2759 581 803 601 1922 1144 2699 2489 851 1137 1075 2502 2663 2768 1207 40 304 783 614 529 1166 436 594 650 2022 1846 1558 1334 364 2114 1333 737 1427 215 1502 285 898 1394 1900 2787 714 1184 2494 167 2495 2040 2242 844 1065 2277 333 2230 1423
000599.jpg,865 2578 933 729 1668 2671 2640 2602 1374 2520 2828 1038 2421 2210 2221 640 1949 13 1272 1266 1070 2031 1399 964 323 1952 2083 340 2786 979 432 2108 2227 199 1256 955 2333 332 302 986 1430 1757 78 893 1888 214 743 1255 2423 2348 21 1562 1144 429 2415 2743 1686 1398 2568 289 1139 783 868 1197 1616 2029 1065 597 554 2247 2387 2591 306 571 1268 878 2203 941 1890 244 594 957 473 417 2295 1928 40 2448 1232 361 2224 1397 2503 2493 1334 1087 898 681 851 2464
000600.jpg,2473 969 1421 2820 2175 2013 2226 1324 2709 2266 166 1514 2738 226 1964 1539 2339 2614 405 2213 1828 551 1618 2835 1540 2710 892 342 2100 1059 2340 685 1025 2740 349 307 511 1571 150 2444 1 577 147 127 2635 352 642 600 1622 846 2486 2158 2727 1338 317 223 2513 1060 2648 2838 2215 46 2094 1078 1862 1366 1101 195 2004 2781 1861 2372 1811 814 961 1520 2431 2174 1270 2541 154 537 2456 958 2595 1615 2223 1698 1234 160 2229 1530 2255 797 133 591 2616 1034 1355 2125
000601.jpg,2252 2682 1651 1583 227 916 1977 998 2042 1179 2491 1579 1578 841 1063 1920 945 517 2225 2723 1769 2379 952 639 2729 2647 763 919 2349 2097 928 114 1368 982 1851 930 1657 2778 1531 1470 1770 1354 579 1367 9 567 512 1210 1154 1239 748 2459 2026 1854 1566 528 1209 515 7 923 2559 566 2304 1528 2618 2462 382 2711 1271 778 492 2658 1970 2334 809 2803 781 1031 1402 1819 791 1344 813 1219 1879 72 2603 98 11 1565 394 332 631 340 276 1415 2081 2333 2369 701
000602.jpg,767 277 1938 1833 1443 889 2686 1747 2496 2077 1753 951 2777 2772 2478 1125 2818 1884 2302 980 1165 1252 1980 1610 1557 1891 824 465 2015 1082 1308 211 1916 1834 229 448 70 2346 2245 369 1353 1460 2685 1502 1456 2118 475 1989 2622 1015 2620 122 1560 2573 897 2296 2315 2216 1326 1685 1759 191 473 2179 1263 315 1032 400 1952 2203 1556 742 744 1738 2705 1844 36 1865 2514 2571 306 1284 586 594 2313 2831 1300 676 1757 1061 2535 2303 1188 990 2335 2014 1080 1858 163 973
000603.jpg,1752 1545 1146 2389 312 2832 59 1624 987 1102 4 1934 2501 1405 635 2411 1656 2790 1407 1644 221 85 1202 626 2528 2817 1926 556 2082 943 817 547 2300 2270 1386 188 1737 2044 2367 611 2069 826 2840 1319 1422 950 283 440 1617 613 445 712 550 2011 1552 735 2241 1045 1799 1328 2050 1190 2837 169 2714 259 1316 2826 2424 2574 2375 2836 1983 900 1782 463 518 1796 2631 1468 1444 2148 155 860 197 1092 2544 2289 2556 947 2477 1993 2133 2538 2312 2454 2515 977 305 2439
000604.jpg,1911 1697 1267 2167 1995 2268 1200 372 956 1380 115 2420 2823 796 1387 2318 630 1456 459 1090 1479 2593 1763 922 1638 829 2425 2573 1153 661 586 1082 1188 1308 122 2216 669 476 2194 1284 1032 2313 1682 946 411 1709 37 285 1865 2168 1108 1797 1227 443 1858 1560 2156 2060 189 1321 448 1806 620 834 2623 2261 2387 1098 1353 1703 1676 732 924 309 2554 2449 1790 1006 468 2096 400 752 1286 1933 1761 1474 275 1221 2432 2437 2677 2643 1260 8 724 546 980 1625 2691 2535
000605.jpg,503 711 633 772 2322 1680 2250 2193 1335 2592 1704 2052 1111 602 1332 1746 740 2764 2237 238 1117 2681 68 2144 261 587 553 533 671 1297 120 1376 1314 1917 968 972 1164 28 1109 2500 1708 313 699 1543 2228 1852 2370 532 1827 2028 505 2773 458 81 1956 2199 2191 2119 696 1532 2177 2365 2814 1327 2181 2212 152 2610 1741 2283 2552 2819 2099 872 1010 1873 162 2527 2812 1955 175 1339 2557 1774 1974 2689 2597 159 523 2594 367 1650 2265 2479 1896 2343 552 92 705 877
000606.jpg,2600 1705 2085 487 942 1681 2543 1384 966 2458 1495 337 921 908 2660 1742 1290 2262 2392 1017 852 2064 1518 1331 2282 1673 1614 2696 2257 1978 2259 1370 542 1002 54 1119 243 1396 984 710 2782 355 1554 1567 1676 446 813 1105 320 151 2796 1301 530 2140 1718 1519 1385 1058 2147 451 186 1779 662 1871 513 2132 1682 2357 1263 2593 1479 1909 2318 2154 1654 568 1152 1750 416 1613 1077 2299 25 1036 2730 1325 2341 2420 318 544 1225 1817 1005 1954 69 1442 292 136 1946 2575
000607.jpg,2533 2320 1149 29 286 2172 2673 2024 2143 24 2430 426 1804 2787 1719 853 792 91 2366 2014 2124 2235 1326 646 2054 473 1361 1061 1886 2296 1236 589 2078 1451 142 727 2508 1951 658 163 609 2404 1492 1766 376 466 2725 954 485 1306 1699 1559 2178 1469 359 306 2113 1165 1685 2583 2409 1869 2380 2000 2302 1602 1659 2267 1696 1431 2571 1553 1139 2115 240 1243 2251 1889 1661 1132 1053 1263 2540 1588 1447 106 1556 214 807 99 249 1012 2572 627 2150 1397 1537 1582 191 2222
000608.jpg,392 1419 301 2331 519 1077 937 2763 1992 1200 2145 253 1131 773 2341 1455 1527 406 568 1170 248 2102 2132 535 336 1779 1385 648 2318 610 1142 2377 2087 1152 774 1387 338 2243 1133 2519 1424 2219 1036 1442 1794 1783 2420 870 1581 69 186 1020 1094 2299 2027 605 730 410 678 2492 2165 2697 1138 813 1526 1966 1311 2830 490 1670 673 2593 1762 544 2251 1913 1871 435 1973 318 1325 2006 1040 538 1174 1243 2516 2101 1936 1850 2573 1673 205 257 742 1800 2151 1331 2613 365
000609.jpg,2801 2184 2460 879 557 1215 2363 2607 1765 1366 1619 2633 1816 1480 1982 1278 2524 1660 2189 1341 405 2584 2094 1925 2104 2385 2246 2833 1828 1863 741 1684 1607 273 1539 2138 385 2835 1069 888 2431 1242 687 2185 867 588 814 2298 1411 2844 2797 1497 127 548 2619 667 1081 299 2139 583 2614 1078 2175 1373 1988 2517 1509 1964 2758 1630 2811 1530 2662 166 1939 1735 798 2776 2338 352 428 1360 537 2092 2576 2187 262 1514 1358 2738 2412 577 264 1947 1589 1653 641 1549 1238 2063
000610.jpg,2454 26 1870 348 2769 925 2649 1369 480 179 2714 2538 712 550 2130 2050 1417 1045 735 1422 440 1788 860 1489 518 1710 1701 1617 2241 1328 197 2289 2011 51 463 2840 445 1663 2836 1782 305 562 1993 64 169 2650 433 155 2837 1640 1569 1029 947 645 48 2375 1796 260 1444 1649 1658 2721 439 1381 2088 2767 1172 1218 161 2628 715 2707 100 2352 194 1096 1948 1679 1054 970 489 1840 1544 1552 168 2556 817 524 900 1051 2826 201 1416 2439 1624 1486 2419 1584 1895 563
000611.jpg,1944 2294 1055 1056 725 2728 2207 2135 899 2741 204 2842 447 2057 686 2825 2766 1067 494 1463 2580 2511 2291 1935 1547 1076 1899 2435 2736 246 2041 1134 79 1452 692 2286 2068 2248 574 2719 146 2665 1126 1874 677 804 2319 722 2813 2382 657 1464 1223 1937 329 2708 140 1868 1185 2438 2683 1639 1777 442 2639 647 1931 948 682 2393 2583 2436 67 2589 359 2509 491 627 2569 2526 995 2598 1881 249 2350 1001 1439 1592 994 217 608 1721 2378 1173 444 2540 1886 1346 1892 508
000612.jpg,2359 1757 281 986 1255 396 2627 84 941 1462 481 1371 2387 2688 2494 924 1987 1882 1139 820 2216 1761 214 2425 2348 2278 750 2261 2188 1949 1603 815 2476 1616 594 1199 1219 300 2421 334 40 1687 2152 244 2761 1184 2197 1802 2502 1144 1400 956 1363 285 2060 621 2823 1726 2705 1596 2841 1922 2567 1605 2141 2573 2678 1315 2079 335 189 2230 2503 1336 2483 1536 807 171 851 2160 1227 448 2498 1183 117 1641 323 42 743 1171 1880 905 1768 1979 2493 454 2620 370 98 2203
000613.jpg,540 1631 291 1561 499 1334 1801 2323 2277 529 1483 2644 617 898 395 1346 1230 374 2542 714 962 1798 2785 2242 545 803 1087 1883 251 1928 2547 1996 1166 1914 1427 63 1197 614 1558 1683 1091 783 341 1207 2579 983 1597 576 695 1743 1394 2072 1137 1689 596 634 1898 1103 2190 93 2759 407 572 1093 1333 2827 1343 1176 1228 789 2295 101 1213 1785 2381 2202 1999 2504 364 95 132 2022 1590 2745 777 1035 739 895 1839 1856 2040 581 1971 2238 2260 1693 328 2114 1257 1298
000614.jpg,1325 1526 2516 1442 1511 1969 2145 1779 406 1385 2102 1992 773 2763 519 1871 1707 742 2613 1138 186 605 1309 1670 2087 2377 2560 1645 94 1966 1498 800 1007 535 673 1894 1581 1142 2299 2492 1573 774 2519 1040 435 1020 2730 1527 2697 821 1311 717 2196 870 1783 2680 2243 544 1968 855 1731 1424 593 1094 1800 1850 365 1455 2788 1068 881 1913 2417 2095 2251 2746 1936 336 2006 1794 1243 678 1005 2005 730 1634 301 1174 248 2290 2151 11 1165 2830 434 749 410 253 112 288
000615.jpg,455 2232 822 1262 2137 1568 2470 799 1140 653 1282 464 1127 1829 1706 1011 1505 113 268 408 1831 1274 927 1024 1655 2531 1273 296 2236 2765 1216 1789 356 999 1503 2715 1780 838 1781 2280 726 49 131 1124 1787 1475 2396 209 525 1506 2794 1635 207 383 390 1875 1967 2698 2173 314 245 139 2693 2053 580 654 1168 1299 159 31 1755 1097 331 1293 61 806 1275 2687 1037 1929 2059 27 1932 1050 225 326 1756 1715 2301 2279 1924 1143 239 2025 418 452 2142 2091 1730 780
000616.jpg,1049 932 839 698 1521 955 536 1038 323 2421 121 1041 1754 569 193 988 1132 1949 1588 2090 13 2520 1272 2210 2047 1431 1189 2032 56 680 640 370 1910 2083 1268 377 1337 2578 36 828 2671 933 1329 1249 901 866 1793 2117 733 1668 2387 123 729 2629 1255 571 2602 1429 2828 2335 2798 672 2640 986 2539 865 2839 1374 2428 979 332 2150 1757 2120 2795 743 2333 2038 340 2217 882 1065 2668 1764 500 176 964 2786 2380 2221 1686 2423 2451 432 2031 2029 1033 21 2267 597
000617.jpg,505 523 2500 28 175 2181 458 313 2283 587 1896 2819 1827 2552 1563 152 849 705 2370 2689 2365 2479 1339 734 238 1741 2674 2119 2716 847 2527 2534 1532 81 2191 2250 972 2099 2177 2557 1376 1680 330 2228 696 2193 671 2052 2322 503 711 2681 2592 633 92 602 1335 354 772 1111 120 1704 2236 2764 1332 2597 1297 1873 1117 1831 1475 2742 2812 1655 1011 1543 131 532 1974 890 1568 653 1037 1314 125 1912 2199 2715 2265 740 2594 2144 1875 1746 1293 1708 268 872 2774 1813
000618.jpg,1993 1663 712 947 1617 1444 1489 1328 1045 2836 1782 1710 2241 1369 169 1417 2050 1701 2837 1679 860 2130 1422 2649 2707 2454 2011 1623 2767 735 197 925 1054 179 1649 1870 26 440 1381 1658 348 445 900 2840 2289 550 1437 1544 2790 480 221 51 2832 1218 1624 817 2528 463 1407 1644 2714 2817 1934 1796 1656 1486 1788 943 433 2439 1552 1926 1102 2769 312 2300 2411 645 155 1569 1405 1029 635 1640 1208 2352 305 489 2419 2628 2652 260 1948 1416 1096 194 2375 1261 2397 556
000619.jpg,751 1559 2000 1482 2437 2239 2080 1036 1523 946 1451 1836 441 1943 824 2787 318 2695 1152 1593 1361 683 1116 2204 2605 2383 1014 2073 379 2555 469 187 1263 541 1714 1713 917 83 321 2245 993 339 907 834 327 2132 845 1353 1950 543 1672 47 371 1919 1380 549 1727 2296 87 2317 2791 2033 1601 2630 954 2240 920 2651 590 1128 2518 1077 275 2734 1750 490 1990 863 1300 373 2303 1285 2563 902 58 2345 1205 1685 2623 2180 1200 104 1224 874 1620 792 2593 2453 44 2147
000620.jpg,1752 1545 1146 2389 312 2832 987 1102 1934 2501 2411 1624 1405 635 2528 4 2790 221 85 1656 1644 556 2817 1407 1926 943 59 188 2082 626 1386 817 2044 2300 2270 547 1202 1737 611 826 283 1319 2069 1422 2367 2574 1617 1983 2840 266 445 463 1552 712 1190 2011 2424 2477 2515 613 1029 2397 977 1092 1328 1468 2312 2544 2714 2837 550 950 1045 2419 2133 2148 2631 1663 169 1993 2826 2375 259 1796 2289 433 1489 1172 860 197 1782 2652 947 489 2724 1444 2676 2200 1799 900
000621.jpg,1588 1132 988 193 2090 536 1431 680 36 866 733 500 1793 901 1492 142 2217 2078 1699 1553 1886 1236 555 1393 2267 2668 1033 176 427 1053 2380 2384 2451 359 2024 426 292 24 933 2143 672 2335 2430 1685 377 1804 2350 1952 1249 2583 1764 1049 29 954 1754 828 1001 1474 2793 1719 2629 1429 2235 1910 2798 123 2589 2509 995 767 792 2378 2449 249 1869 1263 67 1905 2293 91 2038 2787 202 1322 676 853 2054 646 1255 1406 1484 2533 2514 34 2428 2120 2083 2748 2178 1352
000622.jpg,2548 2662 687 1375 1665 2844 1861 210 793 891 837 1034 746 570 2461 2125 2063 2403 264 1276 57 1859 2189 2797 2833 2327 857 2455 2418 2123 2456 1930 1350 1358 1122 1724 1776 2484 2371 2255 1234 2385 1792 2229 228 1619 885 1551 1580 2473 1664 280 859 2004 2576 1059 1043 2175 90 1982 2039 801 704 1575 2672 2811 2092 1509 421 548 689 2740 352 969 493 2694 667 2731 2412 1009 1660 294 1030 1539 720 366 2269 1238 299 428 798 741 2838 1862 1191 1291 551 1925 1877 1432
000623.jpg,941 2502 2152 84 2841 1605 214 1139 2348 2141 1171 244 2751 22 1214 621 2567 744 957 1616 2404 1371 1889 171 2612 2197 924 2464 815 1927 1960 1199 40 844 1671 959 509 1632 1987 894 2522 1726 2153 1364 2203 1766 2591 45 419 1064 2725 454 2162 1768 1757 189 2761 2705 1251 2056 8 1205 2726 2048 167 1596 2554 986 1255 594 2678 2182 2116 1434 2448 2494 2278 1880 149 1744 300 448 335 1397 1184 2386 2562 851 420 2566 2760 2768 42 1488 2720 2060 2230 2688 481 1232
000624.jpg,990 1845 2624 297 103 1235 126 688 1323 1186 848 1254 2314 1391 1340 768 1413 2276 835 931 522 1720 2667 767 2079 2571 277 205 1844 2302 1286 2831 2080 1015 1277 2167 1165 2685 2058 309 191 1458 2216 1300 2705 2401 1753 2136 1834 333 506 2015 1252 2555 2160 2425 2702 2772 1980 300 1353 1703 37 1174 2496 973 2315 1285 1482 483 951 1620 2573 1125 586 448 1523 1884 240 2777 1217 1308 1090 1032 1560 2005 2251 1456 834 2478 1221 1833 400 1244 2509 565 2313 315 2220 393
000625.jpg,1518 1290 2282 1017 1909 530 2064 1301 446 1058 2796 2140 451 1567 921 1384 2392 942 1613 966 2085 2543 662 2660 2458 487 337 1681 1742 1331 2357 1495 908 1673 1002 2696 1705 2257 2262 1614 2600 1119 2782 1978 1396 355 710 1370 54 813 243 542 1105 1554 852 984 2636 311 1455 1676 875 887 2259 1516 151 2251 2488 25 2328 1621 585 800 2793 901 186 320 1211 2416 2341 2005 1894 678 2668 1466 742 1033 1850 2657 2519 427 975 909 2065 2089 7 1645 673 2569 2310 1747
000626.jpg,2315 1980 2702 2685 277 767 1833 211 1989 951 269 1443 2818 369 1165 1252 1460 1938 1834 2015 2302 1747 2496 1753 18 1548 191 2478 315 2777 1759 1842 2772 2077 1557 70 1125 2622 2757 889 2686 2314 2276 1413 1073 830 2667 1869 126 1943 1450 2251 2518 1391 1147 83 1884 2296 2245 2563 1794 2299 1620 1120 993 522 2005 1263 1919 1511 2275 1442 2573 1340 688 980 1850 1732 1285 1845 1308 2624 1593 400 1750 2073 2151 1186 1836 678 102 1581 1243 378 2677 1995 103 1094 1502 2555
000627.jpg,2512 2362 850 1504 222 1305 2691 2355 1052 1790 2342 1638 1933 1806 935 2096 2071 836 1098 1321 2750 2201 2156 1911 177 2432 401 1085 2163 1023 380 1628 816 796 141 2593 399 2055 73 1709 897 823 1233 1510 1006 2452 2446 2535 443 924 2722 2449 1474 599 1160 1717 1145 1676 144 1308 2420 629 2318 1380 8 586 325 1082 745 1661 1808 1621 500 676 151 1322 2655 1703 2706 2216 99 946 193 2642 1090 680 2475 909 2293 2463 1288 320 986 882 1263 1757 1352 2573 1479 988
000628.jpg,1085 816 177 1808 2452 401 1628 2163 141 380 73 2055 1023 1233 399 1510 823 2722 2636 1717 99 2655 1145 1160 599 2355 2537 1504 222 1006 2446 2362 2642 144 1305 2156 2691 1321 666 935 1098 1676 2432 151 2449 850 443 2535 1165 2793 1933 1621 2201 2512 1638 2064 191 1682 2096 2750 975 451 2071 1263 629 1817 2589 1790 2302 1479 1911 1881 2262 193 2318 836 1052 1474 897 7 2420 875 946 2249 320 1322 1946 2282 1951 1709 1058 513 1308 1661 136 2342 500 2658 1082 2593
000629.jpg,2479 1532 849 2365 152 2819 972 458 587 2119 81 2716 1741 2370 2500 1827 2283 313 847 2557 1339 2181 1563 2552 28 2534 2674 2689 238 696 734 505 175 1896 2250 1376 2527 671 330 705 523 1704 92 2099 2177 2191 2228 354 1680 2742 532 2052 2193 2592 1956 2028 1111 602 1708 2322 503 1335 1117 2698 772 120 1932 2715 1332 131 2681 1831 268 2244 780 2059 1475 740 2764 2236 633 1297 711 2144 1216 1875 1011 1037 1293 418 1829 1097 1655 1314 159 726 33 927 999 464
000630.jpg,2531 390 1011 1843 1503 1024 840 2142 1037 1967 241 1875 2765 1635 495 2285 1062 131 268 1475 467 1923 324 1039 1715 2565 1124 1932 1813 2715 2687 2053 389 999 1026 1293 1789 927 129 2236 501 1097 89 452 159 1050 580 1730 1568 53 2634 2301 653 2407 363 1140 1929 788 484 1662 1275 758 1281 456 1831 1822 314 430 1655 464 628 780 806 1378 125 2059 2505 2465 1022 1706 2806 1143 331 138 2244 786 326 31 1008 1220 1048 1912 1216 295 478 108 799 1755 1317 1395
000631.jpg,803 2381 1900 2040 364 215 436 737 251 101 989 2504 374 341 2546 1427 581 304 1883 2238 766 1213 1257 1786 1106 545 1971 2579 328 2759 2242 2114 789 2542 76 1683 962 1334 1798 614 1230 572 1137 2787 2644 2072 1091 1357 395 407 1785 1898 2323 1394 926 1207 2495 714 564 1818 1996 2288 1561 777 898 1087 39 1197 1180 1558 646 1801 617 529 1166 1333 1928 63 2656 2281 1346 2149 2277 2022 230 1693 2699 1228 1590 895 132 1538 93 2547 1176 182 695 149 1093 634
000632.jpg,1944 1055 2294 2728 725 2207 2741 2766 2057 899 494 2135 2291 2580 2435 1899 686 447 204 1056 2842 1067 574 1463 2068 2825 657 692 1473 2248 1547 2511 2813 2319 2736 12 1452 1874 79 246 1126 2719 722 2041 1223 2809 1935 442 1777 2665 1076 1134 1639 1464 2708 1408 140 146 677 1185 2382 1937 627 1721 1868 2286 1439 1876 994 249 2589 1012 1088 1942 1001 508 2583 647 67 864 2350 2438 1881 271 526 1892 2051 1998 2143 2393 1886 974 2683 2639 2440 2625 608 2598 1677 2499
000633.jpg,2065 887 118 819 1211 1667 1585 2328 2575 808 2416 311 875 2310 2793 7 975 25 2488 151 2658 513 2636 1757 2150 662 2165 986 1200 1384 882 2140 1909 585 123 1643 910 1808 1058 1550 1850 1387 401 1160 1518 624 2005 2668 36 446 800 399 823 233 1370 2163 1174 565 2722 1085 1881 392 214 1455 1170 2348 490 1322 2589 816 1105 2696 2216 1396 2655 1717 1301 2293 1290 2299 1331 1431 1673 355 2496 2425 2463 247 1255 1002 506 1762 177 1621 901 897 629 1742 575 724
000634.jpg,2548 2662 1375 687 1619 2460 857 879 1366 1238 969 557 1776 1925 267 2844 2385 1291 837 1665 2727 2607 2633 2363 667 797 2139 570 2399 2456 551 2403 891 2123 1660 342 1861 1009 2541 1816 2039 2330 2226 1350 2431 1982 1480 2063 1043 2590 2833 2186 814 2455 1792 317 2412 1 1539 352 385 720 1520 2125 2484 421 2584 264 2229 2298 1863 1059 1684 1338 2797 2709 2731 2710 234 1086 1025 1571 859 2206 2175 1664 2215 2327 1034 2092 2213 1122 2185 2468 888 228 349 892 801 1887
000635.jpg,837 2455 1009 2063 264 2484 1159 1815 2844 352 2092 2833 1122 234 403 2371 1572 1589 2731 2797 2139 2399 913 299 1814 2541 1 667 1520 1982 428 1735 1366 2727 1539 2215 2158 1349 2776 267 1025 1925 1619 1816 2576 969 1615 1238 1291 2834 223 2635 17 1480 2633 2189 2185 2385 891 1571 1660 867 2607 1373 2269 1698 2403 2338 1129 2431 307 90 2783 46 2529 1684 741 814 2273 2771 1994 1863 2223 641 888 879 1514 2123 385 342 2253 2226 1807 1776 349 2584 1630 551 2717 1059
000636.jpg,922 1763 1697 1188 956 37 411 1541 820 1090 334 1603 750 1153 2387 586 2043 2816 1456 1082 650 285 1308 2666 2171 1221 443 2167 1006 546 1284 2810 6 459 1882 829 759 1891 1761 122 1865 2268 468 2313 582 2643 2216 372 1703 1288 8 1363 1858 1380 475 1797 1723 1260 1671 1916 1474 2150 2823 807 2535 1227 2425 732 2346 661 1995 619 882 123 325 980 2449 1267 521 1537 745 1200 1387 986 1884 2712 724 2841 1702 38 1285 2194 620 1250 2706 1844 2261 2657 637 2220
000637.jpg,2113 2178 2066 1389 1115 2249 1951 485 1306 16 1447 727 658 376 589 1361 1300 44 1685 1451 2000 1469 1559 954 2409 761 1353 483 924 2054 2787 853 824 1161 1027 426 1881 2540 1513 1760 2216 1712 2016 2841 1749 2589 2245 646 724 676 1288 2779 2179 1727 2129 1773 2317 443 2043 2024 2111 1322 1263 1502 2816 2555 1847 240 594 1346 2573 1593 110 1804 1703 1674 2567 1817 1891 624 1308 1082 1090 1178 2475 1113 2003 1244 2514 2437 2203 1006 2623 1535 2535 136 1666 1711 37 2599
000638.jpg,28 1563 2500 458 505 238 1896 152 1532 2479 313 587 2819 2181 1827 523 2250 972 849 2283 1741 1339 2674 734 175 2365 1376 2119 2370 2552 2099 705 2689 847 330 671 696 2716 2557 1680 81 2228 2527 2534 1704 2191 2177 503 2193 532 633 92 711 2028 2052 772 1956 1335 2322 354 1117 1708 1831 1655 2764 2592 2742 602 1111 2236 1475 927 1297 268 131 2144 68 2681 33 2698 653 1746 1011 1706 464 806 999 1755 1917 2715 1875 159 1730 120 1789 2062 2812 261 1332 1472
000639.jpg,2018 2284 2008 764 2146 2551 719 1289 2582 2110 664 1403 190 1577 1493 1534 723 35 1351 1204 1157 914 1997 1915 539 303 1359 862 2585 2824 869 343 1751 2225 1772 206 2067 1136 615 1566 2209 98 276 528 233 450 592 2603 1226 809 776 2081 1066 1368 2410 2658 2462 2536 512 1367 2349 40 1250 763 2334 1271 1239 2264 488 2379 2097 2559 1820 2361 905 2026 1206 1344 66 1209 1210 2459 938 496 701 353 1651 982 1819 1402 738 1963 812 7 2426 1745 411 42 492 2224
000640.jpg,1749 1300 483 1353 240 1161 1727 2555 824 1513 1361 1773 2066 2058 1559 2178 834 1451 2113 2249 1685 2000 1847 954 2437 2787 1795 1672 1389 376 658 1951 727 1115 1593 1447 2016 1760 2409 1836 2054 1277 44 589 2111 2129 646 16 924 1502 1990 1178 485 1306 2540 1469 1712 792 1804 22 2109 2700 1171 34 2222 1214 2179 2296 2567 2245 2118 2216 1346 1116 1995 1113 980 465 1714 29 2203 1288 2422 400 2523 1263 214 1322 1535 1401 594 1713 832 915 1032 2841 1456 1884 2573 2705
000641.jpg,123 986 1255 882 1757 2150 1365 2387 372 932 1477 796 568 698 2151 334 1236 1541 1911 1001 2380 1474 1697 1548 1153 820 1603 750 2449 2706 1406 1012 2245 448 1747 2350 1200 1267 1263 2572 1696 1139 2583 1346 1188 249 624 909 1380 1113 1659 2677 2038 1073 2012 829 2267 1049 632 536 2514 2261 1322 2115 933 629 411 2318 122 1189 2167 214 269 1761 1227 202 2109 1869 1866 2348 637 8 2293 1600 2216 1661 1560 1243 2425 1400 36 742 1431 669 2589 2475 427 1479 2168 1525
000642.jpg,152 2479 2819 458 587 1532 849 1827 2283 313 1741 2365 847 2500 1339 2119 2370 972 2674 734 81 1896 2557 2181 2716 175 2689 696 2552 28 2534 505 1563 523 705 1376 2527 238 2250 671 330 2099 2228 2177 2191 92 2742 354 1704 1680 1708 532 1956 2052 2028 2193 2322 772 503 120 711 2592 2764 1111 1117 602 1746 1917 633 2681 33 2698 2244 2144 1335 1932 2814 68 780 1297 1314 131 1831 268 504 1011 1216 1164 449 2236 1655 2059 1037 1475 699 927 1109 653 1755 1875
000643.jpg,1057 2437 1836 1672 1449 1749 2317 16 44 1990 1620 751 1447 2700 1469 824 761 603 2249 2555 376 1732 834 2275 1073 2111 2058 1450 1727 1678 830 1178 1482 2080 863 339 1116 269 1713 205 683 1714 2518 1147 1277 1548 2194 946 1523 1646 1224 47 2422 1425 393 1838 1380 1036 2180 104 1244 2523 2239 2791 1044 2129 762 1082 2167 350 83 2136 2268 1032 2030 1200 1308 2096 1790 96 1517 2831 441 1090 2313 1456 1709 661 2245 1353 34 1120 832 2156 37 187 2695 2261 1943 1697
000644.jpg,2819 2479 587 1532 152 458 849 2500 2283 313 2181 2365 1827 2370 2119 1741 1896 972 2716 2552 2674 175 505 1339 2689 28 523 2527 847 81 734 1563 1376 238 705 2557 2534 2177 2250 2099 330 696 2191 671 354 1680 2228 2742 92 1704 2193 2052 1111 2322 1708 1117 602 2764 2144 2592 2681 120 1314 68 1543 1746 1164 1873 633 1109 532 503 740 1332 2199 699 1956 2237 261 890 2610 2028 771 772 1852 711 2306 553 2715 1335 968 872 131 326 1011 159 1974 1917 1955 1297
000645.jpg,614 2072 1137 1207 714 898 1558 1087 1166 1928 1798 1334 1333 1298 962 2022 895 1106 1786 63 803 1971 1257 2656 1230 2787 395 1213 93 2149 2323 2644 251 374 1590 1561 1427 2546 304 364 572 1228 2040 1801 529 1197 1693 1900 215 634 1683 581 545 341 2504 182 2381 436 2242 101 1346 1597 2542 1394 789 737 2277 76 1743 1785 1483 291 989 149 2759 1091 646 617 695 1176 132 2579 1343 2324 983 2653 2493 2190 2114 2495 2699 1357 1180 2827 1883 766 2547 1631 39 2288
000646.jpg,2669 192 2025 61 207 225 1787 2396 654 2280 2794 2070 245 49 2173 139 408 525 1781 1282 383 2164 239 838 209 2091 296 356 1141 2311 1356 1780 1248 1506 1127 625 679 1435 2232 2137 1505 252 822 653 346 858 1598 455 1262 1481 1168 216 1299 52 2470 1216 418 1568 1124 1140 2531 2806 2053 1037 2244 1829 268 786 1022 452 1024 113 2821 449 290 2236 1918 504 295 2142 806 1274 2279 2687 2765 1475 780 484 131 1662 1465 1503 1275 464 1875 1293 1789 1924 936 430
000647.jpg,2210 13 2520 640 1272 2671 1038 2421 1949 729 2083 865 323 933 1952 2640 571 1266 2578 1268 432 1399 370 2221 2031 2828 1070 1065 2108 2602 1374 964 1668 1562 2786 2387 979 340 2227 2568 476 955 2415 2333 597 332 1686 429 2029 1256 1418 1227 21 199 1188 289 411 417 306 38 820 396 2423 302 2743 1890 743 554 878 1888 2260 78 42 893 1430 1398 1858 285 2261 468 802 400 2573 2493 2169 886 2278 986 62 473 2449 1035 40 868 1462 2224 1761 2829 1245 592
000648.jpg,2359 281 396 986 2627 1757 1255 1371 84 941 481 1462 1198 1184 2494 1205 1987 2030 1219 117 1641 1687 1144 1183 924 2141 594 214 815 1139 1423 2152 2060 40 2348 2483 2387 2502 1960 750 1250 2823 1603 1400 851 334 905 2678 2410 496 2443 938 1197 2086 189 167 1922 1882 1502 1979 488 2203 244 1245 1166 2179 1334 1928 1820 2216 1927 1605 1206 1726 1226 1962 454 1616 1217 1199 1488 820 2493 790 2620 2761 76 2503 2688 2324 2495 985 956 646 2542 713 896 2567 1412 1346
000649.jpg,2045 2023 2755 1584 258 747 770 2545 2034 1320 1796 1948 1029 64 1096 2352 463 2289 1569 1417 860 562 1416 1788 1895 51 715 100 2631 439 1586 1710 305 161 1701 48 2721 1993 433 1640 2130 2650 1051 2837 497 2272 1617 2836 2556 2482 2735 1489 712 1407 1362 1328 1636 440 1552 169 1381 2767 201 992 155 1782 197 2707 194 1261 2564 1544 1045 2011 1870 1218 1649 2649 2628 2815 947 1496 2050 1897 2713 1319 550 2454 2724 1422 26 1316 2753 2241 134 2439 1190 606 1860 817
000650.jpg,1346 2129 1535 832 2409 2016 485 1306 589 1951 658 727 1361 853 1451 676 2000 2054 1559 44 2540 1447 16 376 2787 1469 954 1263 1195 2387 1685 1322 2245 2003 1869 1300 378 1267 624 2463 646 1406 347 724 986 1620 2490 1757 1594 409 1958 2325 915 315 1012 123 2475 1165 2302 1501 1236 2170 1352 2249 2154 1001 465 1389 2701 2514 191 426 249 1750 1482 2350 863 1113 334 796 1116 750 2317 145 404 1162 1609 824 110 2621 2080 1513 882 1954 371 2113 1654 1225 725 944
000651.jpg,1742 1370 1554 243 1105 813 1396 337 355 2696 2257 1331 1614 1673 921 2064 1495 2458 966 1384 487 2600 1705 942 1681 2085 2660 908 1290 2282 1017 2259 1518 2782 54 542 710 2543 662 446 1613 1567 1301 530 2140 1002 1058 1909 2796 975 151 1978 2392 451 7 984 2793 2262 2405 1119 1946 2336 2416 513 2147 320 1519 254 416 186 144 2593 852 2170 2394 1642 3 1455 1958 1676 632 1247 25 2299 875 301 2490 2341 2318 1036 2452 392 2746 1985 2636 2722 1077 1170 2658 1322
000652.jpg,2841 214 2348 1139 1171 2567 744 22 1214 594 1397 2060 510 189 2179 2521 2203 148 924 2404 2554 2030 785 1502 2620 894 1632 2705 300 1603 1205 1283 1922 2160 1889 986 1766 2448 2153 1400 2591 1757 971 2079 807 1761 1255 335 2230 398 959 750 333 163 334 1217 20 2216 1019 820 2047 448 466 2573 933 285 2261 2725 2425 2387 1188 306 2498 1061 1227 1041 2089 1346 620 2449 1671 411 956 293 1175 2823 997 2313 2083 646 2816 229 2787 308 2526 1858 1260 473 2539 476
000653.jpg,2420 1200 2318 1479 1387 1682 1911 796 144 630 320 2691 1718 852 2355 2362 2446 2642 2593 1676 599 666 850 1267 2537 2512 1504 1380 222 2147 946 1933 2132 2262 2452 2156 629 1817 1519 1305 2071 1263 2677 1750 99 2636 1548 1790 632 1285 1321 1697 136 915 1659 306 1052 907 1638 2245 1002 2655 724 836 1098 1717 1406 298 2514 897 1501 1006 1384 2096 543 1170 355 2014 69 1205 1700 1621 1582 1709 980 854 474 2706 2432 1537 2722 933 1474 2535 2342 2140 128 392 1082 1036
000654.jpg,2267 2380 2668 176 427 292 1236 2451 2217 1553 2384 1033 1521 698 1429 555 901 1393 2629 1431 1754 2038 839 36 2032 933 1492 1793 2798 500 2428 733 377 1699 828 536 193 142 2090 56 1053 2078 988 2120 1049 2150 123 2387 866 1952 358 2335 932 672 1189 853 986 882 2083 875 311 1255 680 1886 2793 1717 1628 1132 1910 1263 7 1588 2795 2163 2636 2416 975 823 1757 1707 2655 2328 1477 2310 399 1225 887 1682 742 889 1211 1747 1764 413 2686 568 2154 73 1233 1352
000655.jpg,2573 1995 115 2222 1697 1911 2268 1456 1661 1284 2167 2030 122 2791 1502 372 1205 1188 411 2823 2303 298 189 2179 1570 459 1380 1865 2060 922 620 1032 980 1659 1082 2203 309 2623 205 2313 1153 2554 1171 23 586 759 744 1308 96 2128 1884 1797 275 327 2153 1280 1260 1285 2245 1858 2118 1214 2567 829 546 732 2263 1080 1200 2216 2677 1610 1501 915 2101 448 946 1817 724 443 136 1525 1090 1582 473 594 333 1922 894 2643 1632 1217 2514 1425 834 690 1537 306 468 2425
000656.jpg,1810 2583 1001 2350 1075 137 1212 165 116 1606 2558 1825 2292 1841 2258 1130 97 2305 362 1986 1728 1940 2295 1757 1931 135 2224 634 2413 1928 1383 1448 637 2638 2408 2472 986 1346 1597 1478 184 1035 855 1265 2560 2493 255 1689 499 1197 359 1839 2220 2151 2526 1590 2089 213 2506 1296 76 2354 1390 1533 1962 2680 1334 1166 2324 558 2561 1255 112 1748 898 2566 1558 119 2299 707 754 2615 521 967 1466 1231 1945 739 1670 431 1498 1832 2196 1616 895 1312 1442 1849 749 2410
000657.jpg,196 2474 585 1643 1625 233 2256 2353 910 1042 1600 2012 1188 1227 476 820 1221 1541 285 546 2261 2194 661 732 1797 1153 2643 829 1909 1697 759 411 1761 922 1916 620 446 956 1105 372 669 1702 1603 813 582 2027 2168 2346 1260 475 2425 662 2793 7 1108 807 1554 1858 2696 1396 2810 1456 2331 468 2336 2313 247 2666 1808 2043 6 229 2816 2416 1058 2167 1891 1370 1865 153 875 975 2697 2071 1667 710 2257 122 2171 2658 1083 355 1419 1763 1560 1742 2087 1757 1806 2823
000658.jpg,2786 2227 979 340 332 1256 2743 554 1065 1562 868 2029 1888 1890 571 1686 289 1418 597 2108 417 886 21 429 2415 2333 1430 199 432 62 1398 2568 802 893 1268 302 361 878 681 78 1266 1952 2423 1399 2221 2640 2578 964 1038 743 729 2031 323 1374 1070 2671 2421 933 2828 1949 1668 2602 2083 1272 2520 640 865 2224 2210 13 2387 1197 986 1035 1757 1219 1245 370 2775 2493 2410 1255 955 488 2350 2829 707 1928 1001 2348 2295 1346 1839 214 2258 714 460 905 1075 783
000659.jpg,2454 2769 1870 26 348 2538 925 2649 2714 480 1369 179 550 712 2130 2050 1417 1788 1422 1045 735 518 440 1617 445 860 1489 2840 1701 2289 2011 1710 1172 463 433 197 2650 1552 562 1328 2375 161 1983 645 2088 305 2241 2676 2574 1029 1895 259 2544 260 64 2352 1993 134 1146 635 2721 439 2724 524 1640 1569 1624 168 51 2419 977 2044 2148 826 1796 1190 1092 1486 48 2652 155 2826 2564 2707 563 970 1948 556 194 2337 715 611 2082 2397 489 2309 1453 169 1208 1054
000660.jpg,1159 2063 403 2455 837 1815 1009 264 2484 352 1122 1589 2731 2371 1814 2092 2189 2138 428 2399 2648 1520 667 2833 2727 1 1982 1735 1571 2776 299 511 2255 2797 577 2576 17 1939 1291 1509 1025 846 1238 1925 267 891 2100 1270 307 573 2710 888 741 2486 1619 2403 2385 262 961 2844 1349 2431 127 2811 1622 2635 90 147 2139 2269 641 2412 1338 2094 969 349 1816 1258 1615 1572 223 1863 1366 1630 1539 814 317 1803 1373 2607 2246 2175 234 2338 2633 226 600 1807 1618 1530
000661.jpg,1792 294 1930 570 1861 210 2125 793 2229 2461 1276 2004 1665 1580 1859 1034 2174 2418 57 1575 280 1392 689 2456 1234 704 746 1724 1358 1664 2327 1072 1375 1758 756 2374 77 421 2186 2694 2330 663 228 493 857 2662 1457 2548 2838 2332 797 2590 1350 158 656 859 1043 1279 1776 801 1193 2039 1887 798 2581 1877 2155 366 2739 884 1196 1716 2659 438 885 2187 1551 2321 2206 2672 242 263 1576 1292 706 185 2431 2198 1229 385 1086 133 2356 82 2468 287 1675 880 934 1377
000662.jpg,2185 2517 143 1440 386 1411 2584 1129 795 2529 2298 718 1684 2460 557 2363 1694 879 2801 1619 2619 1366 2271 958 1215 2524 1242 1863 1360 273 1925 1816 1514 969 810 2104 1480 2633 1660 2844 2607 1982 1939 787 2431 385 2139 697 1629 1446 2385 2468 1509 2833 1294 71 1270 352 551 2246 30 1258 1445 342 1059 667 665 1571 2710 2444 127 1630 641 1988 1373 1295 2541 2616 1112 1025 814 651 1539 638 1807 991 2175 2727 888 262 237 1837 1524 299 1803 2481 2226 1264 1652 147
000663.jpg,1779 2145 1385 406 1992 773 2102 2763 519 742 1871 1969 1707 1007 1442 2516 1511 1526 1894 1325 1138 1645 2613 1731 1800 186 257 937 535 1527 2377 709 2609 605 392 253 301 336 1516 1040 1455 730 2680 678 1020 2341 365 2830 1581 870 338 1424 435 1850 1966 1311 544 821 2219 610 811 1110 2095 248 288 1783 1131 1794 1466 1419 2417 881 1243 1068 648 2492 2243 1094 774 1142 1968 593 2549 2151 673 2364 2299 2087 410 1379 800 434 2251 2331 2788 2519 2697 2730 1670 1718
000664.jpg,783 1093 949 2737 1343 940 2112 1004 1856 2441 540 596 1999 95 2827 1914 2785 407 310 983 1103 2242 1683 2745 341 1434 2202 88 1743 2190 198 766 1476 1898 1091 2238 2114 617 695 777 1996 75 1693 328 2547 2759 132 581 1176 737 1230 1561 2644 576 2504 2413 1801 989 2040 2542 364 529 63 230 291 1298 1087 2497 60 1334 2323 2022 1333 905 2295 1631 182 149 395 572 926 2489 101 558 789 135 2281 2277 1900 803 2149 1846 1207 2656 1228 1971 1785 1798 962 2072
000665.jpg,2561 2510 431 1035 1839 1390 2663 2 601 1075 1810 2323 634 2644 2583 529 103 1798 962 502 1207 1801 395 1114 2532 2471 1334 1767 2601 1928 714 1333 2759 1908 461 898 284 2277 2299 1137 702 578 374 1830 2350 2242 1597 1001 1558 581 2072 1087 1986 1166 72 1821 2829 1976 2699 251 1394 2022 1310 1106 1442 65 1590 1427 903 1197 1608 2495 1346 1107 76 545 2656 2493 2787 436 1689 2568 1952 1757 2324 1533 1418 101 250 986 2504 1219 1257 1250 684 646 2040 967 1940 1971
000666.jpg,2045 2755 1584 258 2023 770 1029 860 463 747 1362 1701 1417 2735 1993 1788 992 1617 1096 2076 1897 1796 2721 497 2011 562 1586 1948 712 259 1208 1552 2034 155 715 906 439 64 1416 1627 2753 100 2046 1190 1569 2724 622 51 305 2289 1307 1489 2631 134 2544 817 1045 197 547 2241 1624 1328 1710 606 900 85 2419 1381 1422 2836 2707 319 2840 2454 675 1051 1658 1895 2676 433 2538 1486 2837 1319 556 1544 2628 2482 1386 161 2650 440 2564 1388 1261 2084 1782 674 2767 2545
000667.jpg,213 2408 634 1689 1597 2638 707 757 558 135 2295 2413 754 1728 2354 184 520 1849 1631 783 2566 761 473 967 1269 1448 424 1533 1394 2725 1265 19 1296 375 1231 232 1904 1945 1889 2277 1801 2404 2472 2464 1529 1061 1867 498 1383 1766 1722 1478 1733 2508 540 80 1093 1898 1931 1312 2351 2751 119 1839 388 425 2615 1035 163 529 1426 752 2169 957 898 1984 306 1401 2390 545 214 739 1087 1757 1558 304 1228 149 2567 411 1785 637 1298 2022 509 1637 1333 2644 2292 2021
000668.jpg,293 2787 646 1346 2387 2583 986 2539 1001 2151 1952 1757 1670 1466 2350 2808 2299 1255 334 820 410 1603 255 2680 1329 750 2089 1931 1175 1442 1041 1791 359 2570 870 1761 821 411 1019 535 2348 2047 214 637 400 2449 2083 1904 1061 761 1188 933 2220 1205 994 2839 1330 508 2823 473 306 437 2526 7 2573 476 594 2620 163 1227 1139 2508 807 2009 608 1872 2521 2030 1766 1502 2625 744 981 2156 1922 2060 2404 2179 1401 1740 1613 308 2216 148 526 959 448 453 691 997
000669.jpg,1684 2541 2298 1360 1349 1 1572 913 234 2727 2399 969 1520 2246 1630 352 2834 2215 2158 2517 2226 1615 511 1514 1618 2185 1539 2783 223 2710 1540 307 1025 892 349 143 697 2635 46 2175 2709 127 958 2584 1294 1129 1215 2444 1446 718 2529 2801 2340 1258 1440 551 2524 342 1571 386 2339 1411 17 2466 2619 1059 961 573 2844 154 1270 665 2385 2104 71 267 1238 2063 1291 2749 1242 879 1619 273 891 2271 837 1939 1652 41 414 1264 1159 1524 859 2460 638 1698 1366 1509
000670.jpg,372 807 1260 1865 1603 2313 820 1858 1697 1541 750 1153 285 334 1221 1761 759 2387 468 6 1227 1456 2677 922 1188 1284 629 1560 2194 2268 546 1286 2261 2425 411 2167 1916 1015 122 1285 1844 37 1797 1884 1570 298 2643 582 1082 829 1891 980 620 1032 732 475 1387 2666 586 1995 2346 956 476 1911 2216 661 1308 448 2554 1502 1537 973 191 1610 2118 506 229 1763 2571 1380 1090 2060 669 115 1165 255 2303 275 2823 1703 443 1084 2567 986 796 1750 1217 2302 1263 2816
000671.jpg,620 1260 285 807 2313 1858 468 1882 2807 2476 2278 2425 636 1318 1536 2261 2816 1227 476 1188 2171 2043 1761 1723 2678 2153 956 411 2810 894 1603 189 1726 396 2627 419 42 2554 2060 820 1856 905 650 2522 40 45 2048 2688 1916 1364 1251 1846 1960 475 1064 2346 2386 2823 1139 1880 2489 95 2720 2705 2733 1768 281 644 2441 1987 2056 229 2761 448 2202 2449 334 1914 38 1596 1632 750 594 2760 454 98 1802 2841 1371 2410 2827 2182 300 2608 1610 2188 851 2203 957 596
000672.jpg,729 2578 2031 1070 2221 1668 933 2602 1374 2671 2640 2828 2520 2210 1038 865 964 640 2421 1399 13 1949 1272 1266 1952 2083 323 2786 979 1255 955 2227 986 340 2423 370 289 1686 1757 554 743 21 78 2743 1562 2678 2387 302 571 1256 1888 893 1204 2029 868 2503 1890 1802 432 1726 332 597 2141 1065 199 2582 1856 878 45 2448 2247 417 1960 1371 1596 2188 681 1183 1398 905 476 2415 2220 1536 1430 1418 84 1880 2108 1144 2807 396 1846 429 2278 2410 1245 957 941 2441
000673.jpg,2669 192 2025 61 207 1787 225 2396 654 2280 2794 245 2173 49 2070 139 408 525 1781 1282 383 239 838 2164 209 356 296 2091 1141 2311 1356 1127 1248 1780 1506 2232 2137 625 1435 679 1505 252 822 653 1598 455 1262 858 346 1568 52 418 1481 2470 216 290 2531 113 1216 2244 1168 1299 2806 1124 1022 504 268 1274 449 1037 452 786 1140 2142 2053 1829 295 2236 131 1024 2821 806 780 1875 1918 1475 2765 1503 430 1011 241 484 1275 2467 331 1662 1465 2059 2690 1293
000674.jpg,1879 394 1906 2093 607 631 2049 1604 2596 1981 1237 1613 1239 813 1271 1566 2369 1367 2559 2747 528 1739 2664 2618 72 512 1000 2042 2026 916 2252 1330 2560 1368 255 791 2089 982 1695 1210 1893 7 1853 2459 460 660 1904 566 694 871 227 2573 2349 612 855 2469 821 731 360 50 1309 870 2196 174 1466 2156 763 1498 1508 164 172 1047 2225 2680 637 2098 2097 1044 2843 595 1209 571 2775 156 1404 664 94 1757 729 2387 535 2640 517 1100 579 1415 2786 2658 2126 1031
000675.jpg,1993 1663 1617 947 1328 1444 712 1782 1045 2836 1679 169 2241 2837 2707 1623 2130 2011 1489 1422 1369 1054 2767 2050 51 2454 860 1381 900 445 2840 1710 197 1649 1658 735 2649 1417 440 1552 1437 179 1486 1701 1544 1796 2289 155 1218 645 463 2439 1640 550 1870 260 348 1569 26 480 1029 305 925 2769 1948 2714 259 1416 562 1096 433 2826 134 1307 1208 559 563 635 1261 221 817 2628 2419 2721 2650 1788 100 1624 943 2652 1934 1405 2832 64 2082 188 715 2133 2088 1926
000676.jpg,807 1260 1858 1603 820 2313 1761 334 750 468 285 1188 1227 411 2261 620 454 2726 1139 476 2387 2162 1610 163 375 2060 1061 1171 40 1199 650 1987 1637 2567 244 1723 189 1744 229 744 2751 1515 1766 1882 956 2404 2171 425 167 1616 2425 1214 2278 448 117 592 396 905 1371 2476 2043 84 815 851 941 388 22 1916 2810 214 2627 1205 844 2348 2203 2351 2816 281 38 2841 2152 2410 1960 1144 1605 1397 2502 2346 2554 1219 498 473 2216 509 1502 957 466 98 2573 1922
000677.jpg,2454 26 1870 2769 348 925 2649 2538 1369 480 179 2714 712 550 2050 2130 1417 735 1788 1045 860 1489 1422 440 1710 1701 518 1617 2241 2840 197 2289 433 1328 445 51 2011 2375 305 463 562 1172 161 1993 2650 155 2837 1782 169 1029 1840 260 259 1640 1663 1569 2721 2836 1656 1796 1624 1552 2817 64 1934 645 1895 2826 1444 817 2528 947 2088 2544 769 1644 2439 970 1146 900 524 489 1752 1544 168 48 1649 1486 1092 2707 715 2652 221 943 100 2200 2148 556 312 439
000678.jpg,1752 1545 1146 312 2832 2389 1102 987 1624 221 1934 2790 4 1405 635 2411 2501 85 1407 1656 943 2528 2817 556 1644 2082 1926 626 817 2300 59 547 188 2069 2270 826 1386 611 1737 2044 1422 1202 1319 1617 440 2840 712 1316 2367 2837 445 1552 169 550 283 2836 463 613 2241 735 2419 1983 2011 2424 2148 1782 950 1045 2826 977 1092 259 1636 2050 1328 2574 2133 2544 1468 518 947 2652 1190 1649 1796 900 155 2397 1029 2312 266 1878 2631 2477 2556 260 2289 1444 1486 1172
000679.jpg,2425 42 2197 2476 1108 2313 2823 468 1671 1858 1797 1474 8 1560 1844 2706 1286 506 2278 229 565 2216 745 1703 959 2831 1536 1318 1032 1288 2705 1283 325 2449 1363 785 2807 2048 2261 2194 882 2150 636 309 1153 661 759 1227 123 1603 1865 986 476 2079 2401 732 2643 820 2535 171 285 1336 1013 1199 971 956 637 1927 1761 448 1541 2141 829 2571 1251 1217 1188 1757 255 334 750 894 1364 521 236 2387 2089 96 189 2060 1315 2608 669 2160 1866 1221 1697 2555 621 2109
000680.jpg,1993 1663 1617 947 1328 1444 712 2836 1782 1045 2707 1679 169 2767 2241 1623 2011 2837 2130 1422 445 1054 2840 1381 1649 2050 1552 51 1658 900 197 1369 1710 2454 1489 440 2289 860 645 735 1486 155 1437 179 1796 463 1218 2649 1417 1544 259 260 1569 1029 1640 550 562 305 1701 2714 433 1948 2439 1307 2769 1208 480 563 2650 635 2826 1261 1416 2721 2088 1096 559 348 1870 2133 26 134 2544 2652 1405 925 1788 2076 1190 221 1253 2419 2352 715 2631 2082 194 2424 439 943
000681.jpg,2843 1442 2151 855 2299 1670 749 1466 1498 2560 112 870 1309 821 1634 2196 410 2680 535 94 2559 1271 2618 1209 1390 528 1210 2711 7 986 1613 2179 2658 871 923 594 1854 1502 1219 360 566 1250 2469 2829 1981 1979 1641 2304 2596 1000 1237 1528 2664 1853 660 2449 1184 2679 2122 1739 488 2483 1488 1903 1075 2387 1255 878 579 1605 11 664 1529 1508 2653 172 1784 1695 21 2349 2443 174 2583 567 394 813 302 883 2026 1757 448 2573 2225 631 1256 791 425 905 938 78
000682.jpg,751 1057 2437 1836 1672 1749 1449 824 393 1678 1244 1990 1178 1732 1353 2317 1120 1147 1073 2275 2700 371 2518 2136 2752 2000 2020 603 1559 1620 863 1300 1389 1869 321 830 1646 1690 774 1450 2129 1195 1685 1714 954 2243 1308 1850 2417 2492 44 1913 1116 2111 145 359 1713 1950 1006 2005 2680 2802 1174 483 339 1115 2630 1082 1626 2073 2296 2563 378 2368 2555 1943 2087 2249 924 736 2006 1727 1014 2697 2621 993 1094 1142 1467 678 1581 2326 1919 83 1028 2360 2167 469 1224 34
000683.jpg,2510 431 2561 1839 1035 1390 2663 601 2 2323 1075 2532 1810 634 2583 2644 1334 962 1798 529 1801 1928 395 103 1207 1767 1597 2277 1001 1166 2350 702 1114 1986 2242 898 714 502 1333 72 1558 76 2324 2295 1830 1346 2759 1908 2299 2471 783 1427 1728 1821 461 1197 374 1087 135 364 2072 1107 2601 1590 2699 2787 284 1689 2829 1137 739 1250 2542 101 213 581 2022 1976 1940 578 2495 2408 1219 2493 967 1180 436 251 986 1230 1442 1423 1310 1900 473 1533 1298 1257 375 1683
000684.jpg,1721 2809 1876 1473 12 1439 1406 249 2051 1012 637 368 1725 202 2057 2291 2509 627 2657 2719 1817 2499 136 1931 2622 67 444 2583 1001 2089 1501 2683 944 692 1881 2589 482 2598 1874 574 2435 255 494 1557 128 657 1223 447 2183 2599 531 994 2350 1582 2438 1433 2704 2319 1886 1165 2526 1088 1548 2708 915 1902 882 1711 521 123 2308 608 2712 2302 1757 682 2220 2766 677 1833 2686 2436 854 274 889 442 2617 1477 2762 1263 598 1479 1654 2475 2154 508 2150 217 1777 1747
000685.jpg,2045 2023 2755 1584 258 747 770 1320 2545 1796 2034 1948 1096 1416 2352 64 1569 562 1895 2272 715 51 2289 439 100 2721 48 1051 161 1029 2556 463 2631 305 1417 1586 1788 860 1640 2837 1636 497 1993 2836 155 194 1617 2130 1496 2650 433 2815 1316 1649 2628 440 1701 1261 1552 1381 169 2767 1710 1782 201 1407 2713 1544 1218 2735 712 1860 1328 1319 947 1045 1489 2439 2482 2050 2538 2652 2241 2564 2707 1422 518 319 1965 1658 2454 735 2367 197 2649 817 611 550 1362 1870
000686.jpg,416 105 2394 1778 1946 2331 908 301 243 1419 1002 144 490 434 632 2452 2458 937 1040 7 2697 673 605 1170 1495 2417 2549 544 1527 2830 151 516 1966 1968 2005 1133 678 717 365 1138 984 1455 593 2718 1573 2377 435 1247 1731 519 1978 1331 821 1020 1105 2290 355 2793 318 1347 1077 2102 1424 1325 1581 2219 1005 662 248 874 392 1142 2600 1396 2730 1614 1311 1152 2519 808 1442 568 1554 257 966 337 1673 2788 513 773 2087 2251 1036 535 2364 975 1370 406 1119 774
000687.jpg,1334 1197 803 374 251 1798 614 962 1137 2072 2323 1427 1561 1207 2381 395 2644 215 529 1230 436 737 1801 364 572 1883 1900 2040 101 714 2504 2277 2542 1558 341 898 2579 989 1087 1683 1166 1928 581 2238 766 789 895 1298 1257 1786 2787 1106 2759 646 1590 93 76 1971 2242 1333 617 2114 328 2656 545 63 1394 2149 2022 2546 1213 1091 1346 1357 1228 1693 304 2495 1180 132 1176 39 634 182 1743 695 291 1898 2324 1996 1075 926 1785 564 2288 2493 2547 149 1818 2653
000688.jpg,1495 2458 966 2600 1705 2085 2543 942 1384 487 1681 908 337 1742 2660 921 1673 1331 2696 1614 2257 1290 2064 2262 2392 1017 1518 1370 852 243 1554 2282 1396 355 1105 813 1002 2259 1978 984 1567 542 54 2782 1119 446 710 320 1676 1519 2140 1036 530 451 1301 2147 1058 151 1909 662 1152 2420 2796 1479 392 2318 186 2593 318 7 568 1263 1455 301 2299 1200 1946 2132 1682 1077 2170 1718 2405 1385 2416 1613 416 975 513 519 1750 2793 1779 1442 1717 1170 2490 1992 946 2341
000689.jpg,2185 2517 2584 1440 1411 143 1129 386 795 2529 1694 2298 718 1684 2460 2801 2363 557 2271 879 1360 2619 958 1215 1619 810 2524 1514 273 1366 2104 1242 1925 71 1480 2844 1939 1982 2139 2468 1258 697 1816 1863 1295 2431 1445 969 342 2833 1294 1807 2385 385 1629 787 2595 991 1059 2616 888 2246 1524 1446 1660 641 1373 147 1509 127 551 2633 1539 667 2607 1630 2776 2710 2444 262 30 2771 2576 665 1112 2731 1803 1571 1988 2738 1270 2175 299 2797 1811 651 685 814 1025 472
000690.jpg,744 2109 1477 609 2464 2404 2751 1171 1766 1889 2567 2725 22 1214 909 1661 957 2706 1696 509 2162 2726 1953 2457 1744 1602 1515 5 1139 844 2448 2841 2115 244 1866 214 592 1426 454 167 2348 1616 1199 84 20 43 971 941 2128 115 2222 2688 2823 1995 466 1802 1487 2150 2572 1365 1757 1108 2188 669 956 1761 40 123 2502 2408 1153 375 1255 1541 1882 106 1227 1927 820 1605 2354 1032 189 419 986 785 2152 2124 498 1603 448 882 1084 829 2573 476 2261 894 1987 707
000691.jpg,1916 475 2346 2666 1891 372 2816 820 1541 1603 750 334 807 2043 2810 2171 1865 629 1153 546 922 285 1761 1221 1697 582 2677 1188 956 2194 1763 1090 37 1285 1227 6 2387 411 2313 1082 586 1260 759 2261 1570 661 973 1308 298 829 1858 980 1263 1456 1884 1284 2643 732 443 620 1083 594 468 1750 1702 1139 2514 1995 1015 882 2245 2118 1380 1797 1073 275 1006 2167 2667 1537 946 1406 2518 1502 2179 1080 944 351 2685 1501 122 2475 796 2216 924 915 115 2154 1869 907
000692.jpg,1721 1876 2809 1473 12 447 2728 994 1931 1055 864 2719 2766 2291 2207 526 608 2294 494 1056 2057 2683 508 1725 2526 574 274 692 725 2435 249 1892 1439 657 2438 1944 1406 2622 2708 1012 677 627 1677 2220 2825 368 2589 2319 1881 271 2736 944 1942 2089 1165 1899 1874 1185 1408 1557 2302 204 1817 202 1902 2499 2051 1223 67 482 128 18 444 1868 531 2315 1771 2625 1433 2183 2741 1463 1777 2037 2583 315 682 2509 136 255 1759 2580 1501 939 2686 1833 2667 2440 2639 1998
000693.jpg,234 1572 913 1 1520 1349 2399 2727 2541 352 307 511 1618 1025 2215 969 1684 1615 1630 223 2298 2834 1540 2246 2339 1360 2635 1571 2158 17 1514 1539 892 573 2466 46 2226 2710 1291 267 958 2709 2801 1238 349 2340 891 342 1215 1059 2517 2175 1446 2619 551 2063 697 837 1009 1698 2473 1129 1294 127 143 2529 1270 1258 2223 2444 2253 2372 685 2844 195 2185 665 1509 2455 71 961 1242 2524 1159 641 1815 2338 2255 787 1939 810 1524 2662 2486 2271 2100 741 1112 1409 638
000694.jpg,2018 2146 2284 2551 764 2008 719 1403 1289 2582 1204 1577 1997 1157 723 1751 343 862 190 1915 206 539 914 1534 1493 1351 2603 1359 303 35 2585 450 7 2110 1271 1772 2824 615 2361 664 998 1854 2711 2209 1970 1963 528 1210 869 1209 1246 2658 812 2304 1245 1566 2067 2559 567 382 1136 14 871 233 1367 1239 1651 2426 2379 2449 778 873 2252 2618 1745 1583 2349 2019 579 809 1977 923 2459 1851 1528 1368 1470 1402 2334 2097 492 2462 566 2196 2026 1179 1657 2536 701 1507
000695.jpg,1697 372 1911 2167 285 2677 1570 1221 629 2268 1537 298 6 546 690 1380 1285 2706 1922 2841 724 2666 448 1661 2216 1456 922 1502 2387 2032 122 980 582 1139 1884 1153 2179 1603 2572 1188 882 829 1916 1267 1541 411 1113 2571 2691 1995 796 2567 594 1504 924 1750 1171 820 334 2222 973 2355 2623 2593 2514 37 475 1263 2118 1757 1703 2245 954 1082 2555 1638 661 915 2620 1108 2058 2425 1284 986 750 2014 1760 1891 1080 1397 5 2194 2000 1288 933 1322 1659 1189 624 136
000696.jpg,645 2011 445 1029 2840 1552 2707 2289 1649 463 197 1328 1679 1054 1623 1253 1444 947 1663 2836 134 1782 1617 2650 433 2735 2767 2241 155 1045 169 2088 51 2837 440 1658 712 1381 2375 2631 1422 1993 260 319 2130 1544 563 965 259 439 2419 562 1486 2439 1640 900 161 2050 64 550 735 305 1948 1860 1636 1895 1096 2133 1569 559 1840 518 2076 2826 2652 1796 201 1218 1307 48 769 1983 2628 2352 2815 2272 1208 1878 659 715 2454 2721 2082 2287 168 173 1965 1416 1316 826
000697.jpg,941 2152 2502 84 2141 621 1605 171 2612 244 1139 214 1616 2348 1251 2841 959 1364 2056 45 1064 2760 2182 2522 2608 2705 2503 2197 2116 744 1199 2386 1171 1726 509 815 844 1960 957 2567 2591 2678 22 2751 1214 1371 2761 2160 1768 2425 2203 1987 2278 2188 229 2048 40 2562 2688 189 300 1596 2079 2448 2230 2498 2404 2620 1315 594 1198 2720 335 333 2464 2807 1217 2494 1922 420 1927 1671 851 2060 1397 644 2476 1889 986 1907 117 1766 1013 1757 1536 1632 1318 1979 1336 1515
000698.jpg,2352 2272 1496 1948 194 1051 2556 1218 1261 1416 1096 64 2815 2628 1569 1860 1316 48 439 100 2721 1640 715 1965 562 2433 1636 1796 51 305 201 2713 2034 155 2650 2545 1453 1584 1658 2836 1544 2241 2376 1381 2439 2767 1840 2309 1782 1490 1649 169 2837 747 2631 1054 2289 1901 440 1586 1617 2707 645 1328 1444 1663 497 947 2050 563 1623 712 231 445 2840 1045 1422 1552 518 1679 2130 260 735 2088 659 1148 1993 2755 161 168 2652 1878 550 319 2826 1253 2023 2553 197 2011
000699.jpg,1545 2389 59 1752 2367 1146 950 626 4 1799 1202 547 440 1552 1737 611 1319 1386 2270 2082 134 556 2241 2289 826 2148 2840 2069 155 1316 312 1649 1993 2375 1029 735 1840 987 2837 1636 85 259 2088 463 2424 169 1544 2076 2439 613 518 1468 900 1148 1878 260 1624 563 977 2312 2652 1407 1617 1486 188 1584 1045 2419 550 1934 2836 2050 860 445 2735 1656 2832 635 2826 817 1895 965 2631 2556 433 2133 2477 1926 2650 1444 1422 1796 947 906 305 1788 1496 197 562 173
000700.jpg,2294 1944 1055 725 2728 2207 1056 2057 2291 2741 447 2435 494 2766 1874 899 204 2135 1899 2825 692 2842 1223 574 1463 2736 647 442 1547 1126 2511 2319 686 657 1935 2683 2708 1937 146 2580 2813 246 1134 2248 2639 2719 2438 2068 2382 2041 722 677 1067 1185 1777 2665 1076 682 2286 2569 1439 1931 1452 1892 79 140 1464 1473 627 804 1639 2809 2393 1592 1868 1721 491 329 249 2350 1001 2051 1408 1012 368 2526 1942 2583 948 444 271 1088 2509 995 1677 202 1725 1886 67 2598
000701.jpg,2536 14 1246 66 1574 652 779 1136 2157 2434 873 2426 1745 2001 2209 2324 1997 1577 233 2493 1157 1915 1346 723 1670 539 1751 2247 291 862 2551 450 764 2559 76 2596 1075 2264 2824 1528 35 1493 1403 821 1180 1534 914 2585 2299 1209 2787 184 615 1351 1853 2560 1334 303 1219 2618 1478 634 1245 1772 1197 749 1271 2350 812 2483 739 2495 1210 2224 1204 905 1786 112 895 631 983 2443 1986 528 2008 1001 2489 707 1498 1538 7 1597 276 2410 2462 883 1359 2151 2349 1963
000702.jpg,1255 986 1757 123 2150 882 1365 2387 932 2380 1236 1541 1477 372 334 2012 1406 1600 624 2267 750 1603 1049 1958 1346 724 1380 698 1200 1263 1479 1267 820 909 1001 1322 2514 568 2475 2593 2151 427 796 1153 1697 474 2350 249 2449 839 2318 1911 1548 1833 1012 2463 1492 2378 1670 1521 946 490 1750 2245 2451 1869 2589 1747 1682 1866 2293 2668 995 2348 853 176 36 1352 2170 555 2490 2405 1033 1053 933 1553 1162 1761 1384 1387 2583 142 1189 1431 829 186 1484 2622 1474 2639
000703.jpg,1752 1545 1146 2389 312 2832 987 635 1102 1405 4 221 85 556 1934 1624 2790 1407 626 2411 2501 943 1656 2082 547 2270 2817 826 59 1386 2528 2069 188 1422 2300 1644 2044 611 1926 1737 1319 817 1202 1617 440 2840 2011 1552 445 2367 1316 712 2241 550 613 518 169 2836 463 2837 1636 2424 1092 735 1983 2050 1782 2133 283 1045 1649 977 2631 2419 2289 2148 2826 950 947 259 155 1029 900 2574 1190 1328 2544 1993 2538 2375 2088 2397 1444 260 1468 2652 1878 2556 480 563
000704.jpg,2502 2152 1605 40 1960 941 851 2386 592 84 2841 1198 2678 1723 285 2116 1139 2203 1371 1726 117 1502 420 1397 1768 2048 1979 2768 1184 2761 636 1882 2494 620 1232 45 1205 594 2620 214 2179 1687 1199 844 2807 1064 2056 1632 1603 2278 2522 1400 2162 1171 1364 2816 1515 2348 2726 1214 1987 2141 1251 244 1616 22 454 189 300 75 940 2261 2737 1916 2182 1004 621 744 815 1922 466 2153 1488 2567 1744 2554 1927 2497 60 2760 2705 419 1144 171 1536 949 1802 807 894 905
000705.jpg,1993 1663 1489 1617 712 947 2836 1045 1782 1444 1710 197 1328 1417 169 1369 2050 2241 2837 860 2011 2130 2649 1701 1422 179 2454 2840 735 1870 1679 2289 2707 26 925 463 440 445 1649 1381 2767 900 433 550 817 348 221 2817 2790 51 1658 1054 1624 1656 1623 2375 2832 1544 1644 1437 489 480 2528 1407 1102 1788 1029 1934 943 2397 1926 1552 645 1796 2411 2300 635 1486 2439 155 1405 2714 312 2769 305 260 2826 1983 1640 970 2082 1208 1218 1092 2133 563 2424 1569 556 1386
000706.jpg,2679 1163 2122 1903 2829 477 760 461 1976 1155 2074 1599 595 2587 208 612 460 2098 1047 72 2747 2469 164 172 731 174 2126 156 1784 1404 2775 1100 694 1415 2577 1241 2645 2156 1219 1250 1906 2449 2400 2443 488 1394 2483 111 1423 938 660 923 1605 2559 579 2410 1035 1197 2304 2542 986 417 394 1879 1757 1271 2299 2387 1641 2502 896 332 2216 1256 1210 924 479 1729 1986 2415 1206 1154 1052 905 60 2568 2561 1412 182 955 2618 1418 21 2108 396 1390 2495 566 492 2658
000707.jpg,757 1533 135 558 2295 754 1728 213 2756 184 2413 1597 1689 634 1231 2472 1312 1984 2638 2408 1478 1448 119 1296 1383 218 80 1265 2615 707 967 2021 1945 520 2354 1849 739 232 19 529 2508 2277 1898 1269 540 2566 424 752 1722 1801 1093 1839 498 473 2725 388 1035 1766 1733 1867 1529 898 2323 714 2390 2169 1061 2464 1889 1087 2644 2260 499 729 957 1558 545 395 163 1394 375 2561 2224 2404 1334 425 783 306 1928 1683 1798 1426 646 2351 2759 1631 1427 983 1166 1931
000708.jpg,1624 2817 2528 817 1644 1926 2411 1656 2790 2300 1934 221 943 1102 1407 2832 635 1405 312 2501 2044 85 987 188 556 1319 611 2082 2270 1386 547 1796 1617 100 1569 2034 562 64 2721 1328 305 712 1640 2011 860 715 1417 48 2836 51 1489 900 2545 439 1993 1096 1552 2840 1422 155 445 1782 1658 1045 1437 1710 1545 2714 1788 1381 1752 1948 1146 1701 2389 463 1983 1202 1369 1029 2826 2088 2241 2352 2574 2454 197 259 1486 1679 2309 826 2289 2419 2837 1190 4 1737 559 433
000709.jpg,1756 1317 1395 1647 2061 2402 805 1921 1972 721 1755 799 1303 1918 1297 412 2236 314 1050 561 2053 1475 1568 1037 1967 1124 1635 390 363 2693 27 2301 1831 1140 1655 471 1275 936 1715 1929 653 484 1008 1662 2407 999 786 806 108 402 1187 1438 2059 2429 927 1789 2465 2505 1378 1472 1022 1706 534 295 2279 2244 1730 464 1274 1829 2406 1648 1018 1097 1026 1143 1216 782 655 2687 780 753 1293 2398 1465 1273 467 1118 268 2765 2531 2632 1612 1787 159 2806 1024 504 331 2698
000710.jpg,2663 2 601 1390 431 2510 2561 1035 1839 2532 1075 2323 1767 1810 1114 634 1533 529 1928 395 962 2583 1334 702 2644 1801 2671 578 1821 2299 250 461 1418 1952 1986 1728 1830 2493 65 646 1442 1166 2295 2577 1689 597 2350 76 2388 739 2151 1241 684 1107 1265 1346 156 789 1310 1001 1219 1197 2277 2324 1798 103 2542 2653 1975 1940 1590 375 2472 1427 2021 1448 473 417 2759 581 448 1608 1065 101 714 2471 135 2242 2560 72 2829 1686 903 1423 502 2029 2787 2661 754 289
000711.jpg,2045 2755 2023 258 1584 770 1029 747 463 906 860 2076 2735 1362 1627 1552 992 1096 1208 2419 497 2724 1417 1796 2753 1416 2564 1897 622 1586 2721 1993 1190 1701 562 606 1948 1307 2046 259 2011 1788 1617 2631 2652 74 674 2034 319 2676 2544 1569 2084 1319 2646 134 675 2800 2289 100 712 2670 64 197 715 2837 1895 900 2732 305 2626 2287 51 433 1428 1381 178 1486 2707 1848 2840 155 611 85 2545 439 1983 2307 1046 201 2344 2836 1624 1489 1051 2358 1388 1710 2397 2556
000712.jpg,1721 2809 12 1473 1876 140 1868 2598 1886 657 627 67 2657 2580 2685 2583 2506 1027 255 1185 1452 2436 217 1165 1035 368 637 1931 692 790 1406 508 2589 1725 2708 2665 1777 1839 482 1998 79 1067 677 1439 686 2683 1548 2089 494 1892 1874 1810 271 1408 2561 722 531 191 2251 1330 2057 1869 2475 2308 2719 1817 442 249 1223 444 2292 2427 1263 944 359 2302 915 1390 994 2499 2625 136 2829 2639 1075 2712 1219 1501 2122 1962 1250 394 2315 1012 2037 2617 2779 619 2286 1881
000713.jpg,1453 1496 2433 2556 1569 2721 1490 2272 715 100 64 2713 48 1796 1860 2376 439 562 2034 2545 1316 305 1640 2309 1901 2650 201 51 1965 155 1636 2815 2352 1948 563 194 2088 260 2289 168 2826 486 1096 784 1584 1878 2337 2631 440 1148 2538 1840 1051 518 2050 747 1218 231 645 712 259 550 2241 1617 2652 1381 1416 2130 2007 445 1658 2649 2358 1422 2836 2840 433 1782 134 2628 1428 1328 2553 161 900 1045 559 2439 1552 659 1993 2454 1848 319 169 1544 1046 2133 2732 1054
000714.jpg,2152 2502 1605 941 84 2841 40 1960 851 1139 1198 1371 2678 2348 214 1726 2203 117 1184 2386 2494 1502 1205 285 592 1723 1687 420 1397 1979 1400 2620 2179 2768 1603 1922 594 1882 1199 1171 1987 300 621 1632 1488 22 2567 2162 189 744 2060 1927 2141 2573 2705 2761 1232 466 2554 244 1768 820 75 1641 1802 454 2497 419 1144 815 2726 636 1880 1364 481 2153 894 2030 1214 2737 2048 1064 1251 1616 45 171 940 1004 2182 396 2816 2751 2522 425 167 905 2688 1515 1637 2807
000715.jpg,567 1531 1470 748 998 1354 919 952 2778 1769 1583 2491 930 1851 1854 2711 1179 382 1977 778 982 7 923 928 945 1578 1063 2304 2379 2682 1970 639 1210 2647 841 1657 2349 2729 1651 1920 2252 1579 2559 517 2723 579 114 2618 2225 1209 1770 1271 763 515 528 9 2459 2658 916 1154 566 492 2042 1368 2026 1367 2097 1239 227 1528 512 2122 72 2361 2829 2334 871 1566 460 701 776 1430 2462 1344 2299 2679 98 429 1402 353 2415 1256 1670 1163 1246 660 2568 1404 2081 1903
000716.jpg,2024 426 2143 24 2430 1804 1719 853 2533 2320 1149 29 286 792 2172 91 2673 2296 2235 2113 2014 2178 2124 1326 1766 473 609 2725 2366 2508 2066 1061 2404 1889 1161 2054 1847 163 376 646 1469 1513 1886 1389 1951 1602 2128 359 2111 1236 2409 1447 2787 193 1132 240 752 306 1685 1588 1696 988 589 1115 466 658 1353 214 2457 1556 727 2078 485 1904 2115 2571 1865 744 1773 954 995 1361 1431 142 229 465 1125 2016 2378 2000 536 2150 1306 1535 2589 2090 2251 1165 1492 411
000717.jpg,1781 2091 239 2164 2794 2311 525 1248 1356 625 1435 654 1505 2232 2137 679 49 245 383 113 2280 1598 2173 1282 408 139 209 252 822 2632 356 838 858 216 27 1127 1018 2070 782 296 1168 1472 1299 1506 1568 2669 1048 1612 455 2396 1297 2062 1262 1787 653 1780 192 1141 1692 2402 2053 643 2025 1187 449 1715 1026 2406 1216 61 1647 1967 1829 1011 2017 2611 390 1021 1972 207 1274 1124 2505 2465 1503 138 1097 1635 1648 2236 1293 721 655 1037 1875 1143 1706 2531 1961 1831
000718.jpg,2725 2404 2464 1766 1889 957 509 744 844 1515 244 1616 2448 1426 214 1199 592 2348 1139 2751 1171 22 1214 84 2567 2841 1904 941 1802 2354 375 498 2182 425 1637 1061 466 1744 1269 2566 2056 621 2502 1605 171 520 1849 707 2760 815 2188 1364 40 2152 473 2408 163 2591 1768 1987 1064 2726 2425 229 1596 189 2048 1603 2141 45 2608 807 285 2162 2476 1251 1757 1945 1858 232 1529 2278 388 2197 2522 959 448 213 424 19 752 1610 2390 1722 1949 1726 2060 2612 1927 420
000719.jpg,1115 1389 2113 2178 2066 1559 1951 1451 1306 485 1361 2000 727 658 2787 589 2054 2540 646 1300 1685 1353 2409 483 954 1593 751 1346 2249 676 240 824 1881 2129 2589 724 393 853 832 2430 2016 426 1027 1178 1006 1263 2296 792 1308 2003 16 1082 1173 110 1804 1712 2136 1674 443 915 128 136 1322 1447 2245 1161 2475 2779 44 2514 1817 924 347 191 465 1869 339 2024 2490 946 1760 34 1244 1165 624 995 2535 29 2463 2143 145 2422 1666 1484 1501 1513 1195 2772 1711 1753
000720.jpg,2386 2678 2116 1960 40 1726 1371 851 1198 592 861 1802 1632 1880 1768 2048 2554 2522 636 2153 894 419 2141 2720 2807 1536 620 1251 2761 1364 45 2188 1927 2562 644 1199 1596 481 1318 2498 2056 1856 189 2448 1064 844 2278 2688 957 2441 2261 1987 1205 2591 2760 1013 300 84 2060 1144 2182 1232 1336 2030 2612 949 396 171 621 1004 815 2160 2705 2476 1315 2079 2608 2203 1139 95 2737 1183 2733 1882 2503 117 1889 1171 1515 42 335 1214 1343 1184 2627 905 2726 214 2197 941
000721.jpg,2269 2833 264 2092 2371 299 2576 2484 837 1814 1122 2455 2139 428 1009 2063 2844 2776 1549 1982 1589 2731 667 2797 1815 1159 1925 403 2223 1735 2189 1994 2338 1698 352 1622 1421 2100 741 1619 1409 2486 2253 1571 846 195 888 642 2385 2717 262 2412 1338 1863 2273 349 600 1366 2738 1824 1071 2403 1295 2473 17 1539 891 2158 166 1615 317 1129 641 2635 1095 2215 2584 1 2175 234 1373 1807 1862 223 1238 2820 1291 1826 961 1201 2185 1349 2431 2811 551 1509 573 2266 267 2771
000722.jpg,353 98 776 701 2067 233 2081 1963 869 1819 1864 2462 2334 2361 781 1402 276 2001 1344 809 2103 381 871 2264 528 512 2141 1209 1204 820 2379 2349 2026 923 982 1565 952 1851 2582 1769 566 2559 2225 492 2618 2778 303 7 2304 1210 1508 1354 919 1031 2803 813 2723 343 1271 2369 450 1751 763 1368 1997 579 1154 539 1772 807 2097 2658 2459 791 114 1583 1853 2551 1603 930 2252 1695 334 1761 2210 1987 1579 515 2729 1219 723 862 72 916 1470 1241 11 1245 285 323
000723.jpg,2185 1411 2584 1694 1129 795 1440 143 386 2616 2529 2298 1684 2517 2801 718 1360 1112 1630 1446 958 665 1294 1258 2481 2271 787 2246 1445 1215 2139 1270 2460 2833 1939 810 2844 969 557 1514 2363 638 879 30 299 1366 2731 2619 2468 1814 1571 2092 1278 264 1589 2727 2455 71 1982 1009 2484 837 2710 2215 2541 2100 1122 273 2063 2576 1925 1816 2371 2444 2403 1619 1549 267 414 46 1242 1238 1291 2776 1698 697 667 2189 2385 741 2717 352 1776 2158 1338 1815 223 1824 262 2399
000724.jpg,799 2693 1755 561 805 653 2402 1317 314 721 1395 1756 1972 1647 412 1303 2061 1568 1050 1011 1921 290 2531 2285 1297 1918 806 1503 1274 2236 1024 1273 1475 131 534 53 2698 1967 1216 390 1612 1127 2765 2059 1875 780 452 89 268 2565 2244 2429 1039 1140 999 1831 858 1662 1655 27 1635 1472 786 241 467 2053 1465 1378 2232 1787 1843 113 484 2017 2715 33 2316 389 159 1026 1715 2398 1220 2632 326 1282 753 31 1022 252 464 1037 580 1048 216 1097 1293 138 418 1829
000725.jpg,1268 2333 332 1065 340 571 1256 1418 2029 2786 1686 2227 1562 597 2743 199 2108 417 886 979 21 429 1430 432 289 1890 802 878 62 2415 554 1266 1398 2568 2640 302 729 1952 681 1888 1038 361 2083 865 1949 893 964 2423 2421 1879 933 868 1399 2578 78 2221 323 743 1906 2828 1374 1668 2671 2031 2602 1035 1272 394 1070 400 2829 2520 986 2098 63 1757 2022 1976 1255 2210 955 488 2775 13 1333 1047 783 2216 2449 2747 1839 612 2122 306 1729 856 460 461 1194 72
000726.jpg,285 6 1221 546 582 759 1891 1083 2643 1702 1603 2816 820 807 1541 732 750 334 620 1570 1697 1260 2666 1916 298 2346 973 475 1797 1537 2043 2171 2313 1858 1285 1188 468 2810 956 922 594 372 1015 1153 980 1884 1456 2677 690 37 1139 1380 1397 2841 2118 2179 1502 1610 1284 629 448 1082 2706 2194 1763 1080 2303 2261 411 1865 1659 1761 2387 1308 2203 1227 586 1738 1560 829 2348 661 122 443 1113 2425 327 2705 1090 2620 2109 1205 1263 2831 1661 1696 2623 1525 2167 1006
000727.jpg,924 1363 2216 1471 2841 953 214 2502 1139 1605 2152 2348 333 2567 856 22 1171 1217 621 335 1214 2751 2230 171 2591 149 2705 1671 84 941 1251 1364 189 300 2160 8 2612 1726 2678 419 2022 45 1927 594 2079 2197 182 1632 1315 2182 2816 2768 2060 304 2203 63 986 1502 1333 244 1232 1184 744 2522 420 1064 2554 2608 783 1336 2760 1723 2494 1616 2188 2179 2153 2737 1013 1371 957 117 2425 650 2542 2620 2448 1199 1144 2056 1213 1979 2141 1757 1687 1397 894 2114 581 1882
000728.jpg,1710 1701 1489 1417 860 1788 1993 900 197 2836 2011 712 1328 1870 1437 1045 1617 1782 348 2289 2241 2130 433 1679 817 2649 169 1624 1649 179 2050 489 463 1444 2375 2837 947 2528 2817 1663 2767 1644 1656 2790 1208 1381 1369 2515 26 925 2454 2840 2397 2707 1623 1422 606 440 2084 1054 1486 2424 1658 2826 1307 1926 1407 1545 550 2367 1029 2411 2300 221 445 1983 1796 645 735 1934 1319 2769 2088 1544 2076 2439 51 1627 260 2832 134 1190 2082 480 1552 2714 611 1584 1386 155
000729.jpg,894 2554 2153 96 189 1632 2060 1032 106 2571 2109 1171 1214 22 2567 1661 300 2079 2401 2831 2313 2705 1108 2160 1703 744 2425 468 2261 2841 309 1139 2216 1286 506 333 1288 1365 1953 1727 2555 1749 2058 1844 762 1153 1858 2194 661 1227 1797 1188 1671 1995 922 565 732 620 2643 759 924 214 1277 476 1761 2591 2317 829 1083 586 448 285 1217 1221 2263 834 1090 1625 411 335 1697 1456 2168 1763 1866 270 37 183 6 2230 1757 1865 1702 1638 1487 1560 2623 546 2096 1570
000730.jpg,374 803 251 2381 1427 2040 364 1900 101 215 436 737 2579 989 2504 341 1883 1334 2542 581 2759 2238 766 2242 789 328 962 2114 1683 1230 1798 2323 617 572 2644 1197 1561 395 407 529 1801 1786 1971 1257 1898 2277 1106 1091 1166 2656 545 1357 1590 76 1996 898 93 1928 1137 1180 1207 2495 926 1213 1087 1693 1818 777 2149 1394 39 614 1558 564 714 1176 2699 2787 1346 499 895 2546 2072 2288 132 304 1333 695 2281 2784 63 2547 646 2493 1343 2022 2190 1743 2324 739
000731.jpg,431 2510 1839 2561 1035 1390 2 2663 601 1075 2323 2644 1801 395 529 2532 1810 1767 374 461 2277 2242 2547 1427 1976 962 1333 2299 502 2542 1334 1176 1137 103 1207 1310 1197 1107 634 1442 695 1114 132 2471 72 251 1986 581 1798 1928 65 646 2190 783 1971 2699 2495 499 63 898 2583 702 578 1940 1346 2493 789 2601 1821 1908 596 1906 1219 2381 684 1180 2324 739 1065 2022 250 400 576 2579 903 571 1830 448 2216 2759 2196 1091 1608 1087 1975 156 1483 1394 1230 2785
000732.jpg,1453 2433 1496 2556 1490 1569 2272 64 2721 2713 100 439 715 48 1796 2034 1860 2376 1640 562 305 2545 2309 1316 155 51 1901 2650 201 1948 1965 2352 2815 1636 194 1096 1218 1584 563 1416 2631 2289 1051 2241 1840 168 440 712 260 2088 1658 518 1381 1617 550 1422 2050 231 2826 2538 2130 2836 1878 2628 1148 645 1045 2439 2649 2454 1261 1782 1544 1328 747 1993 735 947 169 1444 1369 1649 2652 161 1586 1623 486 2837 965 445 2767 2553 480 497 2337 1054 179 319 900 2707
000733.jpg,1096 1416 1948 2272 2815 1362 2352 1860 64 1636 1965 439 1569 201 48 1316 2721 1897 1496 100 1796 715 2034 1586 497 2241 562 1218 712 1658 155 1381 51 194 1051 1617 2650 1490 1584 2309 305 2556 1552 563 2289 1640 2433 2088 2836 1319 1261 2545 2046 2376 445 319 260 2732 2628 2553 2713 1993 2419 1328 2076 168 900 2755 747 486 134 645 258 1782 659 1045 1148 611 1307 1422 2631 674 1486 1453 231 992 559 2826 2011 2337 1901 2652 1046 547 1878 947 906 1544 1029 2840
000734.jpg,1563 238 28 505 2479 2552 849 2716 2500 2181 1532 2365 2819 523 152 458 587 2250 972 175 2370 2283 313 2119 1827 705 2689 1896 81 2527 2534 1741 2557 2191 1339 734 1680 1376 847 2674 2177 330 2193 2099 2052 503 696 2592 602 671 2322 633 1111 2228 1704 92 1335 711 354 1912 772 1332 740 2681 1708 2764 1831 1932 1117 1655 125 2806 120 2742 268 927 532 1746 2687 1281 1923 788 1789 464 726 261 2144 1730 1037 1692 2062 1956 1024 1706 131 1475 2028 1314 456 1813
000735.jpg,2252 2682 1583 1651 227 916 2042 1977 998 1063 1179 1579 841 1578 1920 2491 517 2379 2225 2349 945 2723 2097 1368 763 2647 1769 1851 928 919 982 512 1239 114 1657 2729 2026 1367 952 579 639 1210 930 1154 2459 566 515 923 528 7 9 1770 1209 2778 1566 1354 1531 2803 2462 2304 1470 567 791 813 748 1031 2559 492 1271 2658 1528 1879 2618 1565 1854 394 1970 2711 809 1819 2081 2369 1344 631 2664 607 778 11 1287 2334 2603 781 871 382 1739 50 2093 1906 1508 664
000736.jpg,2034 2545 1796 100 1569 48 715 64 2721 439 1640 562 2433 2713 305 51 155 1860 2309 2650 2376 1584 1453 201 1490 1901 1496 2556 1096 2272 1617 1948 1316 2241 2631 2826 712 1658 1381 1993 563 2352 260 1636 1416 1782 2023 1051 168 2836 2439 2815 194 1045 1544 2045 2755 550 1878 1422 2628 659 169 1218 1965 2088 1369 817 1328 860 559 992 2649 1261 1417 947 2454 2289 1552 1926 2419 1444 26 900 1148 2837 497 1407 518 1486 1840 1362 2300 1663 1624 2046 188 2130 221 1307
000737.jpg,2156 2645 1052 2823 396 612 2627 2098 477 595 1047 1188 1044 2060 2747 2313 1906 461 1858 460 2567 2587 189 2679 2829 2074 2122 1227 2261 2449 1903 468 411 1761 2775 1171 957 419 2216 1214 2554 2083 208 2410 164 1245 2089 488 752 2625 1163 869 229 156 744 394 2573 2469 1757 476 856 807 2387 571 1217 1981 1136 2578 2751 1976 1260 281 2153 72 300 174 95 1729 1035 731 400 2705 2547 167 2680 894 1599 729 1632 2640 2079 448 1987 750 172 255 1914 2126 481 1415
000738.jpg,2043 2171 2810 2666 2816 1891 1188 1697 922 1763 37 411 1090 1916 475 586 2346 1082 1308 443 1456 1284 1006 1153 122 807 2167 759 459 285 6 1865 546 2643 2268 468 1260 582 334 1603 1221 1858 2313 750 1702 1541 820 1227 1761 1083 620 1380 732 372 829 661 724 2261 1797 2841 980 2194 1884 956 2449 2535 1537 973 1570 2179 1027 2118 1502 298 2514 476 1285 2623 1474 1015 1139 594 2677 1995 325 1610 2216 2222 1560 2168 624 745 1911 629 2387 2779 824 2573 2060 8
000739.jpg,499 545 1785 1394 1228 63 1333 2022 1137 1207 2072 1087 898 149 374 1558 1298 1334 614 182 2542 714 1213 1801 1898 304 803 529 2277 251 2323 2759 1631 2579 2546 1166 1928 1561 2644 1427 1883 2381 395 1798 1257 2504 101 2040 1091 617 1971 2242 364 341 2238 1176 1683 581 695 132 962 76 1230 1590 1786 2547 783 407 989 1093 93 789 1106 2656 737 1900 1343 1346 328 1996 766 777 1197 576 215 2699 2149 895 1743 2114 572 540 291 2190 436 88 1693 926 2745 596
000740.jpg,1417 1870 2454 1788 26 860 2769 348 1489 2538 1701 1710 925 2649 1369 2714 179 480 712 550 2050 2130 735 1045 440 161 1422 2289 1617 433 2650 197 2241 769 1895 1328 1993 2840 2011 518 2375 1029 562 463 1796 305 2837 445 1663 169 1569 947 51 2836 2721 1649 1782 2556 1658 715 1640 2707 1381 100 155 1444 64 48 1552 1644 173 1584 1624 645 1544 439 2528 2817 2045 2439 1218 1407 2767 260 2790 1496 489 1679 817 2755 201 2545 1051 1627 2411 2034 1172 2352 943 221
000741.jpg,2044 2501 85 1934 2411 1656 312 2832 188 987 1102 2528 635 1644 1405 1624 611 2817 943 221 2790 1319 556 1407 817 2300 1926 547 1386 2082 2270 1422 259 2574 1983 1092 1190 1617 1552 826 2840 2544 2837 712 445 550 2397 1428 2652 1029 2676 463 2670 2424 2007 2724 2011 74 977 2836 2344 2289 2419 1788 2800 1848 219 2538 1414 2088 2631 1993 1782 1796 2358 1046 2069 562 2307 518 169 1208 1381 2241 4 305 2084 283 606 1636 2148 2133 613 440 260 1158 155 1146 622 1878
000742.jpg,575 1482 2080 2383 1523 441 2695 373 845 2395 1669 1016 584 1147 2630 1517 2518 2780 1805 462 1450 357 1120 1382 2347 2684 1678 775 1259 2586 830 2525 2297 2447 2651 1372 2805 1626 2368 279 917 2637 1014 1244 1410 469 2033 2166 1611 1169 187 2360 794 902 102 1620 32 2563 1919 2240 2752 2192 393 1809 2159 1943 87 2254 2234 1690 2136 2345 1028 590 863 736 2802 83 993 1734 2621 2326 603 457 834 2605 2701 86 2329 2239 693 379 2233 10 876 541 2211 321 2555 1950
000743.jpg,2063 1159 837 2455 2484 1009 403 264 1815 1122 1814 2092 2371 1589 2731 352 2189 2833 2844 428 299 2576 2399 667 2776 2139 1520 1 2727 1982 2269 234 1735 2797 1572 1291 267 1238 1925 741 913 1025 17 2385 1349 307 1571 891 262 888 1619 2215 1549 2541 2255 1366 1615 1509 2431 2403 2100 2486 2158 223 2412 573 846 2635 317 2834 1539 551 969 1816 2138 1622 2717 2811 1698 2175 342 1338 577 90 641 2338 349 1373 2223 1863 1059 1862 2710 1807 1994 2633 2607 1618 814 1480
000744.jpg,1889 2725 752 1766 609 2404 2457 744 2448 5 2128 1696 2115 1032 669 2706 1280 1084 2572 448 189 2168 2060 106 1525 1797 476 1659 1560 1556 229 163 2261 1858 468 466 2571 2498 1632 1188 829 2263 2554 1227 2014 582 661 620 300 1286 2153 894 2831 2194 2303 1083 565 1661 387 2111 1702 1061 1904 372 2677 1697 759 1217 2591 96 2124 1260 1108 1866 2623 214 2425 2823 1449 807 1865 546 2508 306 2705 2643 2442 411 1995 1326 1610 732 23 1953 1844 2313 1214 1205 1153 1171
000745.jpg,2454 1870 26 2769 348 2538 925 2649 1369 1417 2714 480 1788 179 860 1489 1701 712 1710 550 2050 2130 735 1045 440 1422 1617 518 2289 433 2840 197 161 2650 2375 463 445 2011 562 1029 769 1895 2241 305 1328 1993 51 1796 1640 2837 1569 1552 2721 1663 155 64 260 169 2836 1624 1934 645 100 1172 1782 1649 817 2556 259 715 2528 48 489 2544 1486 134 188 2817 2826 1644 439 1656 2088 1584 2707 556 312 2044 635 611 1407 2411 2501 173 1948 1096 947 221 1319 1496
000746.jpg,2787 1106 614 1786 646 1257 1971 76 2072 1357 1207 1137 1483 789 2656 2149 291 39 714 1900 1230 215 63 1558 1091 803 2288 436 251 1798 1801 1334 1087 2040 581 1333 1166 2381 1427 2579 2785 1346 737 374 2644 1394 989 364 132 2504 2495 395 1197 1180 1914 572 898 341 2190 545 1561 1996 1176 1693 2784 2242 926 766 1928 564 1213 2114 777 2323 2022 2202 2547 230 695 962 576 2238 1883 2542 2277 1743 2759 101 2281 1818 895 1228 2247 1298 529 2546 1856 1476 2441 2745
000747.jpg,2787 1019 1346 293 1175 646 1502 2179 2348 594 924 1400 83 986 1139 1603 148 2047 308 2203 1205 1922 2841 214 1397 2567 1171 750 2521 2387 2573 334 1757 1255 2620 510 359 2107 2705 2216 1740 300 820 2030 691 2449 22 2554 933 1670 466 20 2816 2539 1214 2583 2151 761 2156 1632 400 2299 448 2350 1001 1952 1041 1671 1761 1188 306 2261 189 1442 437 894 2153 1669 8 1329 821 2808 2060 765 2043 411 785 285 2839 1227 2570 956 1401 333 2009 508 453 744 997 2823
000748.jpg,1394 545 1801 2277 529 1213 304 1087 395 2644 1207 1558 1228 1137 2072 1785 1230 898 572 1798 2323 714 614 1631 2546 1334 962 1333 374 761 63 1298 2022 2381 2040 1166 2579 1900 101 789 2504 251 2547 1928 1106 1683 1197 581 1257 2238 341 1091 1561 2114 2242 364 1786 737 436 576 1483 1427 783 215 2759 803 989 1971 132 149 1898 766 182 1176 695 499 1883 2542 76 2656 328 1093 1250 2149 2190 2787 2495 1996 1743 926 1693 1476 1818 596 2216 564 646 1180 88 777
000749.jpg,924 1487 1471 953 2216 1363 1703 1288 2841 2249 761 2317 2823 1044 834 1090 443 1308 752 586 2567 1082 309 1027 333 2573 1006 1250 629 1727 2555 37 856 1865 1188 1217 214 2452 724 1139 1697 167 205 2245 1757 2623 1763 938 63 2547 922 986 2043 488 419 1605 905 1881 1371 96 1019 2589 411 1300 2502 1184 474 1263 2114 1389 2706 1456 2167 2277 1394 122 545 1641 2449 1685 2779 624 149 123 2554 2483 1502 2810 1322 1801 1200 1931 946 581 2179 897 1333 2829 2410 2514
000750.jpg,2502 2152 941 1605 84 2841 214 2348 1139 1171 2751 22 2567 1214 744 244 1616 957 420 2141 1371 2768 454 1927 189 2404 594 924 1889 2060 1488 1397 1199 1632 2203 2162 509 621 2179 2726 815 171 1987 851 2464 1960 40 2197 419 844 894 300 1502 167 2554 1184 2612 2153 1744 1766 2705 1364 1217 1726 2591 2620 1907 2678 2230 2030 2566 117 592 707 2725 1269 335 149 466 2386 1979 1757 2408 1434 333 425 2448 213 2079 2354 2160 856 1471 1839 2182 1448 1064 2760 1671 1515
000751.jpg,799 1755 1756 1317 1303 2402 805 1647 1395 2061 721 1972 1921 314 1568 1050 561 2236 412 2693 1475 1967 653 1297 1918 390 2531 1274 1635 1024 1655 806 1503 1831 999 1715 2053 27 1273 268 1011 2059 1472 1140 2698 2232 464 927 1216 2765 131 1127 1378 534 1037 1706 1829 2505 2465 1789 1662 1118 726 89 484 2279 2429 1039 1022 1275 113 1875 1143 822 159 936 2137 1612 363 1008 2244 1018 1124 1282 2301 780 2632 252 356 580 1648 782 2715 53 1097 2406 31 1293 2407 471
000752.jpg,285 1603 807 1882 820 1723 620 1260 750 334 2816 956 2313 475 1916 1605 650 1858 2152 2346 468 2502 1188 2171 2043 2810 594 2387 117 2179 1502 448 1610 1761 2425 1184 281 411 84 1922 1397 2494 1979 2476 40 941 420 1227 1139 1219 1205 396 167 2261 2203 1198 2768 2620 98 1488 636 38 454 1371 425 1960 2705 2554 2627 1462 375 2162 189 1987 2443 2841 2678 2726 1687 476 2359 2030 42 2348 2807 905 851 2153 2278 2060 2216 1199 1144 1250 419 353 1641 1515 1536 713
000753.jpg,2077 2478 2772 2777 1753 1125 70 1759 2757 2015 1834 951 1252 2818 18 315 1842 1165 2302 2622 1557 191 767 277 2315 2685 1747 29 1443 2430 2686 889 1938 2702 2533 522 2143 2667 1511 1869 24 1969 1833 426 249 2296 2509 1980 2172 646 1886 286 2320 2024 688 853 2583 1989 792 1804 2787 67 1235 1012 1149 359 2054 2624 2746 2673 1442 866 555 733 91 142 1406 1186 1033 126 1236 1431 2299 2314 2000 1719 990 2078 500 202 1492 1053 1699 1391 1793 2217 2235 901 193 1588
000754.jpg,767 277 1938 1833 1443 889 2686 1747 2496 1753 2777 1125 2478 2772 2077 70 1759 951 1834 315 2757 2302 2818 1165 2015 1252 1557 18 2622 191 1842 2702 211 2315 1980 1460 369 1989 2685 500 990 2624 297 1884 2245 980 36 1845 103 1413 1952 126 1793 1235 733 688 1263 2620 1080 2216 1023 2514 988 193 1323 1431 400 2276 2249 2346 1511 1340 1502 522 1916 475 1817 2118 536 269 1548 401 2535 1308 1353 2055 1628 1891 1593 136 1711 1188 2179 2667 2335 824 1881 901 2795 1750
000755.jpg,353 98 776 701 2067 869 2081 1963 233 2361 1819 1864 2462 2334 276 2103 781 2001 1402 1188 809 871 1344 820 1227 476 2261 2048 1565 285 620 982 2252 2349 2278 1977 411 1583 813 1260 807 1031 2582 7 1179 1761 2803 1603 2682 2225 1204 381 528 2369 1210 1508 1858 1882 636 923 1063 2491 2810 1769 2304 1651 1354 1470 919 2778 952 2210 1209 1916 50 2807 468 2823 2658 1889 2042 2157 1136 1367 512 2043 40 2536 2449 1768 998 956 1515 791 343 2816 1893 763 1536 2141
000756.jpg,105 2394 1778 416 1946 243 1002 301 337 2697 7 2331 908 1152 2600 151 673 1331 2458 1419 2830 632 2417 318 1020 1742 2793 1581 2005 1040 1966 1036 1006 1673 1968 2087 1614 487 593 2696 2452 1705 1370 1247 435 1200 2290 1495 984 2730 1170 678 1325 513 2519 1396 1554 1681 490 1142 1442 355 1119 874 568 1311 1105 1068 975 1978 821 1573 1138 1005 800 774 605 1527 392 365 1794 544 434 1077 2147 144 662 2718 717 448 2299 937 966 2593 2377 2416 2243 2364 2453 1455
000757.jpg,702 1830 1908 903 1107 1114 1767 2388 284 65 1310 2601 2471 502 1608 1512 578 250 1821 103 684 1975 2323 1075 1197 1390 1035 1144 962 395 1839 2620 2644 2495 2561 1810 1798 1922 581 1334 1065 1184 2299 986 1538 2699 332 1166 1801 783 2224 2277 1256 2029 1219 1394 2494 2510 597 340 2324 417 2216 1423 2151 117 1400 1418 84 1137 2671 2114 1928 374 1940 1427 1641 529 2506 1605 2787 1207 1888 2568 167 1987 2583 1686 1346 1986 737 614 2196 1230 1616 1900 2542 594 2759 400
000758.jpg,269 1548 531 368 1725 444 2685 2499 1073 1833 277 2315 2302 1165 1980 1593 191 2296 1406 44 1747 2518 1443 1865 1732 767 889 683 1263 1938 83 2437 1750 1943 1300 1557 2180 500 1285 1502 568 1147 465 733 1884 202 1284 993 1869 1195 824 2249 1012 249 980 1620 1990 2275 2563 1919 946 2314 315 1749 2686 2772 834 2136 1447 2702 1057 1570 376 448 2598 1817 1469 951 16 1501 136 1120 2622 1116 1020 2058 1753 2509 2555 1661 1131 1727 1836 751 378 629 915 1582 2387 1346
000759.jpg,1697 1188 546 1221 582 285 6 759 807 2643 1153 1702 922 2816 2043 1260 1083 2810 468 1858 2171 1865 620 411 2313 1797 732 1380 956 2666 1541 820 1891 1456 2167 1603 1284 372 1761 829 2425 334 1763 661 2261 1227 750 2268 669 2194 476 2168 122 2677 448 2387 229 1560 1911 1090 2514 1570 459 5 1696 1267 882 1139 123 37 1995 1916 298 980 986 1032 1757 586 1285 1750 1387 1884 1084 1286 2346 2705 2623 1015 629 1866 1610 1844 2823 1425 1659 1280 2841 475 2831 1108
000760.jpg,2044 2501 85 2411 1656 1934 312 2832 188 2528 987 611 1644 1102 635 1319 1624 1405 2817 221 943 2790 556 1407 547 2300 1926 259 1386 817 2082 1428 1422 2241 1617 2270 2007 550 1636 1848 2419 2652 1983 1552 1796 712 659 305 1381 1158 440 900 1782 1045 2133 1046 2439 2088 155 260 2837 2358 562 2826 1208 1878 826 2836 1092 2545 1840 201 51 563 2574 2544 169 1414 1993 1640 2046 559 219 1658 1544 518 2069 2337 2397 463 992 134 2670 439 1029 1486 2050 4 2840 1752
000761.jpg,1933 1790 2071 897 1504 2156 222 1638 1321 2355 1098 1709 850 2096 2432 935 836 2512 2750 2342 1052 2201 2362 2691 1305 1806 1621 2593 2567 1911 2163 2452 1757 1510 177 823 2722 1661 401 1085 2150 1160 2636 2642 141 2446 816 1145 1214 1717 2109 882 99 1628 1171 1023 399 2655 123 909 2537 1255 632 96 22 2404 320 599 1267 214 2147 1682 2317 2032 986 144 2420 1479 1233 1352 796 666 1866 2216 516 380 2055 1380 2449 189 1808 744 1550 629 2296 1032 915 1892 908 2060
000762.jpg,2000 1451 1361 2054 1559 2787 646 727 589 658 1300 483 1353 1749 240 44 1951 485 16 1447 1306 376 1672 2437 1836 1469 832 1178 824 1593 751 2540 954 1389 1990 2249 1535 2409 1513 1115 1346 2700 1161 2317 2555 1804 1685 2016 1727 2695 1523 2113 2066 792 2129 1773 441 2296 2178 1847 1120 1244 2383 1380 2058 845 1116 339 2080 393 2136 863 1073 946 834 1646 321 1482 371 683 1057 1714 1869 1697 104 47 1263 1760 603 1713 1795 1224 1147 373 1719 2571 1620 761 1943 2275
000763.jpg,650 475 1916 2346 2816 1723 2810 2043 2171 1188 820 1603 807 750 334 411 1882 285 1605 2841 924 468 956 2179 1502 594 2494 1250 2502 2216 1227 2387 2313 1761 1858 938 1139 1471 1397 1462 1184 2261 2483 1979 375 620 953 167 117 2768 1260 1922 1488 2573 420 488 1610 1641 1219 448 1412 2829 38 1423 425 905 1205 40 1232 1394 2410 521 2567 1687 2726 182 2620 2152 1144 111 1363 306 2495 1106 1137 281 1371 322 473 1908 1558 2493 2203 1075 1180 1400 98 637 454 84
000764.jpg,2619 1294 1258 1939 2517 665 2481 1446 787 1270 30 2271 638 810 71 1445 2529 958 1112 718 1630 2246 1360 386 1440 2616 143 1684 1215 1694 2298 1129 1514 697 969 2185 2710 2709 2584 2524 273 2104 2801 127 1242 2444 1411 1619 641 1925 1863 2595 991 2175 2385 2460 888 2771 879 352 1373 2455 1539 795 1811 2339 1807 1607 1982 557 1735 1341 262 1816 147 2833 1366 2797 1295 1480 2226 1509 1069 706 667 577 2844 2731 2139 741 1698 2468 1660 1571 299 891 2633 1815 2431 583
000765.jpg,1335 633 261 503 1297 2773 1704 2322 872 159 1293 2193 1097 31 2681 326 120 2199 772 2715 580 1680 711 602 1314 1655 1143 1831 2250 1111 464 2052 1117 2062 1011 2265 1706 1026 1118 1730 1332 927 1822 2191 532 2687 2592 1746 2610 1929 671 1955 1789 1873 2594 2228 1956 649 2105 890 1650 1003 1262 1917 2764 2237 533 2236 331 655 2343 1156 877 1912 125 1275 68 2806 92 1543 740 1099 972 999 2814 2557 1135 131 2812 653 552 2028 1037 455 2053 1281 587 968 2698 1376
000766.jpg,767 277 1938 1833 1443 889 2686 1747 2496 1753 2777 70 1125 2772 2077 2478 1759 951 1834 2757 315 1165 2818 2302 18 2015 1252 1557 2622 1842 2315 191 2702 211 1980 2685 1989 369 1460 990 500 2624 1845 297 1413 1235 126 36 522 688 2667 2276 2245 1884 980 1263 103 733 1952 2216 1793 1548 269 1340 2249 400 2668 931 536 1323 1431 954 1817 2620 2636 1511 2514 882 123 1750 901 1502 1757 2346 136 1881 2795 1916 2677 1391 475 193 988 2314 724 401 2335 473 2179 2507
000767.jpg,1602 909 1953 214 1866 2348 1139 2841 1477 1696 2706 2115 1365 744 1889 1766 2404 609 2725 2109 1171 2457 2567 22 1214 5 2448 1487 752 1108 2823 924 2128 2150 1661 1757 189 2060 1032 473 43 669 1904 448 1084 2014 123 476 411 882 2124 959 2508 229 2425 466 1280 96 270 306 1556 585 2572 163 1188 115 986 1326 1227 106 1560 829 2216 1255 894 1217 2591 1061 2554 1153 1995 426 2573 1525 2507 2623 1703 565 122 1288 2387 1761 1113 1474 2261 1804 2366 2024 2153 2449
000768.jpg,1993 1663 1489 1328 1617 1710 947 2836 712 1782 860 1444 1701 1417 1679 1054 1045 169 2707 2837 1381 2241 1623 2767 1369 1658 2011 900 1649 2130 1422 1437 1218 2050 1796 1569 2454 1416 197 2649 1870 51 1948 348 1096 179 1486 1544 2034 26 1261 925 2714 64 445 2840 2289 1640 2352 1051 735 440 1788 2721 463 1552 1208 155 2628 100 645 194 817 715 2545 2439 480 1624 562 2769 2528 260 1029 2419 1307 305 48 2790 550 2300 1644 221 259 2652 559 2826 635 433 2088 1407
000769.jpg,933 1337 2083 1255 986 2387 2117 2348 1757 1952 121 1139 214 569 1499 1001 2350 1603 2089 820 306 334 2526 2583 1761 2787 594 2220 448 1931 750 2151 2060 2567 300 1397 2404 2620 2203 1766 744 255 1205 1171 2841 1400 2705 2179 2449 473 285 229 1346 691 2448 2591 2299 1904 2725 1670 308 1502 2030 476 2425 189 22 2107 2160 637 1922 2156 807 1227 2216 2573 1330 2261 2554 1632 1061 233 2450 411 924 359 2079 2230 1214 894 1889 1217 1188 2508 1858 1610 959 163 466 1466
000770.jpg,2113 2178 2066 1389 1115 2249 1951 485 1306 1447 16 727 1300 658 589 376 44 1361 1559 1451 1685 2000 1469 2409 954 1353 2787 483 2054 924 761 2540 1161 646 443 824 1027 1760 1006 853 1881 426 1513 1712 2216 1082 1308 2245 724 594 2841 2589 1263 2779 1090 2816 1346 1773 2179 240 2535 1288 2573 2024 676 2129 1322 586 2016 1891 2003 1113 2317 624 1817 2623 2043 1502 327 1593 1749 2296 2567 110 2437 1474 1703 1674 1244 2203 1954 2475 1697 1804 2111 907 136 2463 37 2430
000771.jpg,493 2174 1234 1861 1034 2004 57 1358 1580 2374 2418 133 1792 280 2672 210 366 859 2461 793 976 1196 1392 1930 2125 797 1279 1276 1947 756 1575 1758 2327 1859 570 689 746 1724 1665 548 1664 2330 2694 1375 1765 1072 2838 2456 2184 294 2186 228 2206 1551 2039 857 1776 663 422 1877 588 1457 2548 801 1887 2581 2332 158 1193 1350 1086 2123 1191 2739 2198 242 2229 2356 2541 2662 704 1030 880 885 720 2703 2321 2590 2659 1043 263 421 1229 77 656 1675 1377 798 583 170
000772.jpg,1096 1416 1948 2272 2815 1362 2352 1860 64 439 1636 1496 1965 1569 1897 201 194 1218 1586 1051 1316 2721 497 48 2556 100 2650 562 1796 1490 155 1584 715 2034 51 2289 712 1658 1381 2241 2628 2755 1261 305 747 1640 2433 2309 1617 2545 2836 2046 1552 2376 2088 2713 563 258 2023 1993 445 2767 645 2553 134 770 1328 260 1782 1453 2011 947 2631 1045 2735 1029 168 1444 992 319 1544 231 1649 2732 2419 2130 1054 1319 1422 2837 440 900 2454 2707 2050 1663 486 1901 2840 463
000773.jpg,751 1559 1593 832 1451 2000 2787 954 1361 1685 2016 1535 1760 2437 1672 2700 1773 1836 2111 1795 1712 1513 824 1346 1161 1990 2129 1749 1847 1116 2540 485 1713 1224 1353 483 321 589 371 1714 1178 683 1195 1594 1115 2409 378 727 1300 2066 1951 1389 1869 2113 658 1306 44 2240 2178 240 404 1943 2651 187 2673 646 2239 1601 2054 1113 47 1950 2245 376 2073 379 2172 1838 1263 1447 469 1609 1502 1014 2020 960 792 465 676 590 1482 2180 29 145 924 1410 541 1400 1322 2621
000774.jpg,493 2174 1234 1861 1034 2004 1358 2374 57 1792 133 2418 1580 366 2672 210 976 280 1196 859 793 2461 1930 1279 797 2125 1947 1276 1392 1758 1575 2327 1859 746 1724 756 548 570 1665 689 1664 2694 2456 2330 1765 2838 294 1375 1072 2186 2184 228 1776 1877 1551 857 2206 158 1887 2039 422 588 242 1457 1191 1193 2739 801 2581 1086 1030 880 2332 2321 2229 1350 263 885 2356 720 2541 2703 1043 2590 663 2198 704 2659 656 2123 1432 2548 150 583 2662 170 934 1229 842 1542
000775.jpg,1569 2721 100 715 64 439 48 1496 2433 1796 1453 1640 2034 562 2545 305 2556 155 2713 51 1860 2650 2272 2376 1490 1316 2309 201 2631 1901 1948 1584 1965 2352 1636 1096 2815 563 440 1840 1381 194 2241 2289 260 1658 1051 1416 1617 2628 1218 2826 2836 2088 168 518 2050 1544 1782 712 1422 2439 550 1878 1993 169 645 1148 2130 1649 231 1045 2837 735 2840 1261 1328 2538 2649 900 2652 2767 497 947 2337 2454 559 2707 1623 486 259 445 1444 1054 1586 965 659 2011 1307 747
000776.jpg,2044 85 2411 2501 1656 2528 1644 2034 1934 1796 2545 2817 1102 1624 312 2790 1569 2832 2721 188 100 817 48 64 715 1926 221 1640 635 439 943 305 1405 611 987 155 2300 562 1319 51 2241 2713 556 1407 712 1381 2433 1617 2309 1860 1782 201 1636 1658 2650 2826 260 2439 550 547 259 1878 563 659 1993 1422 2836 1544 1045 1552 1584 1386 1316 2007 559 2088 900 2652 2419 2376 1983 2082 2556 168 1901 1840 1428 1046 2352 2133 2840 2046 1486 2454 1490 2631 1965 497 2837 169
000777.jpg,2065 887 1211 118 819 1667 2575 1585 2328 808 2310 2416 2793 311 875 7 25 513 975 2488 151 2658 2636 446 662 2140 233 1518 1909 1200 1002 1600 243 1301 1384 1058 1643 2165 908 2392 800 1170 1850 519 1370 1290 2696 1757 1455 813 1105 910 2150 490 1331 1673 585 1546 1567 1347 2005 1174 2668 1396 451 2012 2257 99 1778 1519 2384 357 355 1387 1077 530 2722 2496 882 123 710 392 320 932 2318 874 2474 921 2660 1554 1479 986 568 2519 1742 2387 897 2697 1992 2085
000778.jpg,789 2784 1883 1801 2277 2579 1394 576 2547 545 1483 2644 529 395 596 95 1087 63 1228 1137 1230 572 1743 2504 2238 2759 1106 132 1213 766 1091 2190 1798 1176 1207 2785 149 251 614 1971 1304 2546 2072 304 1914 581 2323 1476 962 1558 2381 695 1333 2022 1093 88 2745 2242 2202 374 1785 1786 2827 101 1856 983 2441 341 328 1180 1257 2040 761 564 1693 967 1996 898 2114 2288 1900 926 182 777 989 783 2495 2656 1427 1197 803 1631 714 1818 1334 215 2149 1898 737 2787
000779.jpg,2018 2146 2284 764 2008 719 1289 2551 1403 2582 1534 1577 1204 190 1157 1351 35 914 1493 723 1915 539 343 1997 206 303 862 2110 1751 1359 2824 2585 2361 664 615 2209 871 1271 450 2603 1772 1970 2711 869 1854 7 2658 998 1566 2449 2067 1228 812 1066 1367 1210 1209 1239 1246 783 1136 528 2459 2196 276 382 2410 2559 2019 567 1226 2604 778 1194 2400 1177 488 566 2304 1368 2536 1250 1785 2022 2026 1333 924 1507 1651 776 2349 938 2225 579 1906 492 873 2573 905 1087
000780.jpg,1979 1184 2203 117 2494 1502 2573 1205 2179 594 1198 1687 1922 1488 2768 1397 2030 420 1400 2620 953 1605 1960 1371 924 1641 2841 167 448 2502 2678 1471 1423 40 2152 1726 1723 475 182 1250 454 2043 1188 2346 905 149 2816 1106 2483 1219 1144 1394 488 1333 1139 1916 1610 938 2216 411 2288 60 1180 1882 1363 851 2726 111 39 2171 941 2348 1786 375 614 425 2497 466 1357 2022 1257 2542 306 2810 545 1137 76 581 63 2086 650 1462 396 2495 2705 84 163 1603 214 2554
000781.jpg,2533 2320 1149 29 286 2172 2673 2024 2143 24 426 2430 2787 1804 1719 792 91 2235 853 2054 646 2000 2296 376 1451 1469 1361 1886 1447 2014 1535 1559 1236 142 2409 2124 1869 1492 1346 1951 2078 2540 485 1263 832 1165 1326 2302 1243 589 954 2380 2730 1431 2151 1794 2299 240 1061 2016 1699 315 1659 1053 1969 2267 2251 1670 2583 473 1306 2366 44 1511 1602 1005 730 2245 866 555 1783 568 1012 2129 1161 306 609 1352 99 359 163 36 249 2364 2387 1513 1252 16 1113 2508
000782.jpg,346 2821 52 786 2467 363 2690 936 2244 1481 108 478 402 471 753 484 418 2398 1662 1438 2465 2505 1465 1008 2407 758 1022 2301 780 1378 2429 628 1220 806 2059 467 534 2634 389 1787 53 452 1275 430 290 1730 1918 61 2765 295 840 1929 89 2687 207 504 2025 2806 2285 225 1692 655 2669 1026 999 331 1568 1124 654 138 1097 726 2470 1048 1039 2236 1037 1789 2531 1612 1293 2632 1756 1475 192 241 1024 1822 1647 2061 2611 2794 131 1140 2142 653 1216 268 2070 1921
000783.jpg,1628 401 2163 380 1233 73 2055 141 1023 823 399 1510 99 1145 1717 2655 1160 177 1085 816 2636 1808 222 1504 2452 2722 1321 599 1305 2750 1682 1790 1098 2362 1933 1263 2201 897 2691 2071 1479 2512 2156 2432 500 2355 2446 1165 935 2318 351 2267 1406 882 193 1322 311 1006 2380 191 2096 2342 850 36 1757 875 2463 123 2475 2150 1793 915 624 1881 986 1817 136 2642 2537 1911 2387 2217 1243 2302 2514 320 2296 1750 1387 128 151 988 1352 1582 629 2589 676 2293 2378 1553
000784.jpg,2687 1730 2806 1929 1275 295 1789 464 927 1655 1706 1831 2301 131 268 999 331 2236 2715 1026 1475 31 2407 1875 1011 1097 159 1262 1293 504 580 806 2059 326 484 780 2765 1039 1662 1822 467 1143 2531 2142 1024 2244 1378 418 1813 840 389 452 1568 324 1503 1923 455 430 1022 456 1240 241 1932 653 1843 655 2285 495 1062 1008 125 52 2429 1281 1118 1465 89 2565 534 786 788 346 726 53 290 363 1912 314 2062 129 1274 1297 501 1481 2232 799 2634 33 2693 2470
000785.jpg,702 1830 903 1114 1107 1908 2388 1767 284 65 2601 502 2471 1310 1512 103 1608 250 1821 578 684 1975 1839 2323 1035 1922 395 962 2644 1390 1397 431 2620 1075 1144 1810 1219 1798 1184 2 581 1423 117 2510 2495 2494 1687 420 2663 332 1686 1641 2561 601 1400 1232 597 1900 2029 851 417 1940 1207 436 1166 1197 215 251 1605 2743 1418 2787 2114 737 1986 40 1832 2216 1603 492 1502 1065 21 199 1427 374 1562 594 1916 289 2656 566 529 375 2768 1154 45 285 1334 1723
000786.jpg,2663 601 2 1390 431 2510 2561 1035 1839 2532 2323 1114 1075 1767 962 634 1810 529 395 1798 2583 578 2644 1334 702 1801 1418 1928 1821 2299 1830 2759 1952 250 2277 1533 103 1166 1219 597 714 2671 1427 2324 65 581 684 417 2653 461 1333 1241 2577 646 72 436 2656 2388 1107 1310 76 1207 1986 156 375 473 2149 2242 1728 364 1197 1590 2787 1608 2295 1346 2029 1900 425 101 739 2151 502 2471 898 2829 289 2493 903 2568 1423 754 1442 1689 1265 789 1686 374 1603 1257
000787.jpg,1334 1801 2277 529 374 2644 395 2323 2542 499 1798 545 803 1230 1394 962 1427 251 572 1197 2579 1883 1561 2381 1683 101 2040 364 2504 1900 1928 1166 1207 1137 2759 215 436 789 737 989 898 2072 1971 540 1631 1087 714 1257 341 1786 614 2238 1590 581 93 1333 1558 617 1106 2242 1091 63 766 1785 291 1228 2022 328 2546 646 895 1346 1996 76 1213 2656 1898 739 695 1176 1693 2149 2493 1743 576 132 2699 777 1483 564 2787 2547 2784 1180 2324 2785 926 1689 2495 2190
000788.jpg,1236 2267 2380 1699 1553 2078 1492 142 1886 1053 555 866 2217 2668 1033 901 1793 176 1431 427 36 733 1393 500 2451 292 2387 680 2038 193 2032 1406 988 1429 56 2384 536 2428 1588 1132 249 123 1012 1189 698 1754 1869 2629 2350 933 672 1001 2120 2409 1479 882 29 2583 1263 1670 568 839 377 2667 358 1952 1255 2299 2054 1346 1233 1049 2150 932 986 1195 828 1747 378 1243 1682 2172 627 73 1165 2798 2730 1707 67 1477 1750 2090 2335 2302 954 1361 2475 202 2318 2151
000789.jpg,1752 1545 1146 2389 1102 312 2832 2790 221 987 1926 85 2411 1624 1656 635 2300 943 1405 1934 4 2528 2817 1407 1316 59 2367 1644 2501 817 626 2556 2069 556 547 1386 1202 950 1737 440 2082 2044 2270 2836 518 2241 1636 1782 712 2837 1617 155 2840 188 2826 169 1422 826 611 900 735 1878 1796 1045 1649 1092 2050 2454 2631 1319 1993 1381 550 1496 947 613 1710 1840 2538 1552 1190 2424 283 1965 2649 2397 2515 2439 260 2419 1983 305 2133 1444 2289 480 489 2088 259 26
000790.jpg,2070 2669 192 1141 2025 61 654 207 225 1787 383 2396 1506 245 2280 525 49 2794 139 2173 1781 408 1780 2164 1282 239 2311 1248 209 1356 838 356 1127 296 2091 625 1435 1505 679 1598 252 2232 2137 858 216 455 1262 653 822 1168 1299 1216 2470 113 1140 346 449 1097 1293 1124 580 418 2062 31 1924 326 290 33 159 1500 1568 1143 2053 1274 655 2690 1037 618 504 52 2698 1011 1829 1692 200 1481 2806 2279 2406 331 2467 1822 1275 2316 1941 786 1706 430 1021 1961
000791.jpg,2517 1440 143 386 2298 2185 2529 1129 718 1684 2584 1411 2271 958 810 1514 787 2619 1360 697 1694 795 1445 30 638 71 1215 969 2460 2801 2524 557 273 2363 1630 2104 2246 879 1242 1294 1366 1446 1816 1480 1539 2844 2833 2139 1619 665 2633 2607 2710 1925 1982 2175 1660 2226 1258 1939 1059 2481 2444 1112 342 551 1863 2385 2616 667 2541 2731 2776 127 299 1270 2797 41 867 991 1947 2672 2431 385 2092 1373 2468 352 1025 1571 814 147 2184 1735 2749 888 1069 1807 641 262
000792.jpg,645 2011 445 2538 2840 1029 2769 2454 1552 463 197 518 550 1870 2050 348 2649 2289 2130 440 735 134 712 1422 259 2375 26 1253 433 1045 1895 2631 1328 1617 1993 2707 2714 1417 1054 480 2735 179 1623 1788 1649 1369 2544 925 2088 2650 2076 2241 1679 860 260 563 169 1444 51 562 319 161 1208 305 2287 947 1486 155 1840 2837 900 769 1307 1640 1663 1983 1148 1172 2826 2419 977 2133 2148 1782 635 2836 2652 2082 1544 1901 2044 2676 2767 556 1878 168 2724 1710 2439 219
000793.jpg,783 1093 1856 2441 596 95 1914 2785 2827 983 2745 2202 2547 310 88 2190 1476 695 1176 132 1743 576 949 2737 1898 1343 1683 407 540 2242 2112 940 1999 2759 1693 341 1004 766 1996 499 777 1091 1103 2238 2114 328 617 2413 1801 558 2644 581 2277 2295 1230 1631 1304 135 2323 2656 395 198 2504 1561 230 2149 63 2579 2542 2281 529 1846 75 1434 789 1394 737 2040 1087 149 962 1448 291 1298 1728 2489 2022 572 364 761 60 926 1197 1333 101 1483 1798 1900 989 2495
000794.jpg,645 2011 2707 1054 1679 1623 1328 1444 1649 1663 947 445 2767 2836 1782 169 2837 2840 1029 197 1544 1381 1658 712 1617 1045 463 2628 2050 51 1552 2241 2439 2289 440 2130 1948 1218 1422 735 1253 1261 1993 1369 2352 155 2649 64 1096 1416 194 433 1640 1051 1569 179 48 305 2272 439 550 1796 562 563 260 201 2088 2454 715 1636 2815 1437 900 1486 134 2735 1417 1870 2721 2650 860 2652 161 100 1489 2826 1840 2133 319 2419 1307 1860 1586 1208 2631 965 1496 480 635 1584
000795.jpg,1752 1316 1636 1840 1965 2241 2556 1146 1545 1496 1381 1658 440 2836 1878 1782 518 1544 155 563 2439 2628 2826 1123 169 735 51 2837 305 900 312 260 712 168 2840 978 1640 1796 2272 1901 2050 1045 1422 2713 1948 2832 497 1148 550 1617 965 950 2815 2501 2433 2088 559 947 2652 1649 201 1444 445 1586 1096 2424 1934 1092 2133 1486 231 1569 645 1860 1437 259 2289 2069 221 1218 562 1552 2034 2419 2389 2538 2553 2309 987 64 626 1453 2130 635 1416 674 1307 59 2367 2721
000796.jpg,540 1996 1091 1093 777 783 407 989 230 564 1818 926 341 2785 1180 1914 2242 2281 328 766 2495 1683 2114 739 2238 39 1856 2288 1898 2441 2759 364 2040 581 2504 596 95 1900 789 101 2381 2579 737 2827 2202 2413 2644 1230 617 2295 436 529 983 1728 215 1743 1883 374 395 1999 2745 1448 310 2547 1801 1343 251 291 1476 2190 2756 754 962 2737 1693 2323 135 1383 1561 2021 1231 695 1357 2277 1631 967 2784 88 1176 1427 572 76 576 2615 558 132 803 1798 1265 949
000797.jpg,1545 2389 59 1752 2367 1146 950 4 626 1202 1799 2082 1737 2270 1386 547 556 611 987 826 312 1624 1319 2069 635 2840 85 2832 1407 188 613 1934 283 440 2300 1656 1649 1926 1552 1405 817 860 2044 221 445 2790 1701 2501 2011 2289 463 2477 2241 2411 2375 1993 1788 1328 1623 2817 259 1029 1422 735 1102 2312 2837 1617 134 1417 1316 1045 2076 2050 1489 2424 169 1468 433 1437 2631 2088 900 1644 2148 563 2130 2133 1486 2836 1679 943 2528 1496 1710 1444 977 550 155 2544
000798.jpg,1946 2788 673 2364 2730 1005 2299 544 1110 1068 1670 2290 2746 1243 2151 1379 2549 1966 593 1783 1131 336 434 821 1794 568 1311 365 811 1040 605 2095 435 1968 2697 2830 1871 730 2417 870 2377 1325 2251 410 1020 1526 1581 535 937 1511 2219 2516 1442 2145 1969 1079 1527 678 406 1731 2005 1779 1385 1138 338 2087 1142 186 1850 1573 2613 1455 257 2680 253 610 2243 1133 248 800 1479 2341 1424 1707 881 1165 1406 1645 2519 1886 1682 717 2064 1913 1236 742 2394 774 709 2302
000799.jpg,1254 835 309 768 834 1277 2079 1720 2058 333 2555 931 2160 1340 2571 1449 990 1286 1620 1749 2216 205 1217 2080 2831 1703 1057 677 400 2401 2317 2823 2136 2425 1727 2239 187 848 297 2296 240 300 506 1517 1288 1458 824 462 1844 2780 271 2313 1186 2096 1032 1593 2496 350 2167 1669 2073 1178 1482 603 1450 483 1244 2111 1353 1845 1995 1456 1235 2573 2230 1942 2705 2276 1323 1036 2736 357 393 103 448 1300 2630 2605 2314 762 83 96 204 2156 126 830 2275 575 1408 1147
000800.jpg,1993 1663 1796 947 1617 1328 1444 2836 169 1569 1782 2545 2837 51 712 2767 2034 100 715 48 1679 1640 64 2707 1649 1623 1045 2721 1054 1422 1381 2241 1658 439 155 2050 305 1369 2439 1544 562 2130 735 1417 860 1218 440 2649 2433 2650 1489 900 1860 2011 260 2454 179 2713 2826 221 550 1870 2309 1584 2714 1437 1261 2289 201 943 1486 563 1407 480 2088 194 925 26 2790 1710 2628 1096 445 2300 1636 2352 1552 2631 1948 1701 1405 2840 348 1878 2082 645 2769 1051 1416 1624
000801.jpg,1980 2685 2315 2702 277 767 269 1548 1073 1165 191 1833 2302 2518 1989 1747 1443 1557 1120 1678 1620 946 1147 1285 2275 1380 830 1252 211 1732 2622 315 1753 2015 1869 1943 951 1450 889 2314 1697 2818 603 369 1308 2535 1460 2496 1884 973 2251 1834 2478 2245 2151 1082 2772 2686 1938 2777 1263 2005 393 1125 980 1850 1442 298 2748 2677 1006 1131 863 2077 1413 1243 688 83 441 678 2167 1794 845 1581 1759 1094 2695 1646 18 70 2667 2299 2276 339 2318 1502 1511 881 1537 1865
000802.jpg,2019 1507 2754 1669 1691 1104 107 2641 1177 2414 856 333 2247 2733 2604 55 1217 2176 1907 1757 2197 2591 1748 986 2277 1197 2079 397 1832 214 728 1801 1363 2216 861 2141 967 1616 1904 621 1729 959 2612 1144 1470 2230 1194 2547 1371 1255 45 1093 2156 2489 2778 2106 1483 2160 1927 1013 924 499 2493 1726 540 2678 83 2503 957 1987 818 171 1130 1087 1179 898 2522 783 1631 1064 1192 1977 2182 189 1044 1931 2644 1846 419 255 1364 1536 508 167 42 2751 2567 2608 400 2705
000803.jpg,2203 1502 2303 327 1659 2573 1205 2179 594 1570 298 2030 2791 1922 1113 1537 275 690 23 1738 1425 1400 1397 1080 2620 2101 1285 973 1082 1308 2572 1006 2535 448 37 1456 2623 443 205 1884 946 122 2245 1284 2118 586 907 1525 980 1591 924 1697 2222 325 1090 2263 1280 1015 1661 1474 745 1084 2677 922 474 1263 1763 629 459 1380 1610 2841 466 1995 2706 2014 1750 1188 306 1760 44 954 411 6 543 2167 1559 2000 2268 400 1817 2132 423 1451 1632 915 69 2124 2831 2249
000804.jpg,2573 1995 115 2222 1697 1911 1661 1456 2268 1284 122 2167 2030 372 2791 1502 1205 1188 2303 411 2823 298 1865 23 2179 189 1171 2128 1570 980 2203 1659 922 2060 1032 1080 744 759 2313 620 327 309 275 1082 690 2623 1884 1214 1260 459 2554 1537 473 2245 1797 1858 1153 205 1610 2567 163 1308 1285 586 2118 1922 2216 1380 829 2153 22 1280 2643 448 1582 96 752 915 1501 2101 2677 1015 1217 1425 468 732 1817 1738 306 1556 136 285 2014 1084 2425 594 2599 333 37 1593
000805.jpg,1548 269 531 1725 368 444 2499 2051 1439 1263 1833 2245 1326 2014 676 2573 1750 1502 2124 1088 1817 2249 980 598 1884 306 1443 1938 2118 2303 473 1712 1747 946 2296 298 2599 1284 2179 1711 1582 1570 1073 1165 594 136 2180 1061 824 796 2685 205 767 2154 1205 177 889 1760 277 1200 500 1501 2195 2302 339 1661 907 191 629 1603 1537 465 2203 1659 44 2514 1456 2475 1352 1954 351 1285 915 1225 315 1322 792 954 327 1082 448 73 2706 1406 202 1267 2677 442 2115 1881
000806.jpg,1944 2294 1055 1056 725 2728 2207 2135 899 2057 2291 2825 494 204 2741 2248 1899 2580 146 447 2435 2382 2842 2736 574 1076 1464 2511 2813 1874 1547 692 2286 686 1067 2766 1937 1463 647 1223 1134 1126 246 948 1639 1452 2393 2708 677 2639 2041 1935 1185 2068 657 2683 2719 804 2438 1777 79 442 682 722 2319 2665 329 1868 491 140 2569 1592 2111 995 1169 271 1757 2526 1931 482 1408 2436 347 2350 1001 1473 1365 974 2583 1892 2378 2427 508 994 249 462 2589 2809 516 217
000807.jpg,2669 192 2025 2070 61 207 1787 2396 654 225 2794 245 2280 383 1141 49 139 525 1781 2173 408 2164 239 1282 209 2091 838 356 2311 296 1506 1248 1356 1127 1780 625 679 1435 1505 2137 2232 252 1598 822 346 858 653 1262 455 216 52 1216 1022 1097 1168 418 1299 290 786 504 295 1293 113 1275 1274 1143 1481 1568 2806 2301 1124 1929 2821 2244 1730 430 1140 1822 449 1037 2053 2687 2142 580 2407 2765 788 655 1692 1008 331 159 1118 268 363 1813 402 1011 464 1706
000808.jpg,2381 1900 364 2040 436 215 737 803 101 989 251 2504 374 341 581 2238 766 1427 2114 328 1883 2242 2579 2759 1683 407 789 2542 1898 962 1091 1230 1334 926 1257 1818 1971 1786 395 572 564 2644 1798 1180 1106 2495 1996 2546 777 2323 1357 76 529 230 2288 617 39 1213 304 1801 2281 1561 2787 545 1197 1137 2277 1693 614 2072 1207 1087 2656 132 1176 898 1093 739 714 2149 1394 695 1166 2784 1558 646 2547 63 1743 1333 2699 2022 1928 1346 576 2190 1343 1590 2202 2441
000809.jpg,2043 2810 2171 1188 1697 2816 650 2666 1891 922 411 546 1221 285 1456 1153 582 1882 6 1284 1763 807 1865 759 122 1723 1858 468 1603 37 956 1380 1916 2643 2346 1541 820 475 2313 1260 334 1090 2167 1761 750 1227 732 1702 620 829 2261 1797 1083 372 661 181 586 980 1610 1139 2194 1082 2677 2841 476 2168 38 1308 1884 1015 1250 1537 2387 1560 298 724 2476 2268 167 669 2425 2706 1911 448 443 2118 1200 938 2278 2514 629 1995 1267 1570 973 5 1696 1006 905 1322
000810.jpg,1669 575 2383 1523 441 2695 2080 2326 2360 584 1482 736 2234 373 2159 2395 1016 1028 1690 1919 187 2630 1014 845 469 32 1517 2651 834 2033 993 2586 379 1450 1950 1467 1382 2563 83 1805 2239 2347 902 333 1943 541 2752 917 1459 2621 920 1169 2073 2166 2780 1259 1809 2684 462 2525 309 775 1626 87 590 2805 2637 102 1611 2036 1372 1147 2297 2192 2233 2345 357 2254 400 2368 2605 2329 2555 2447 2240 457 393 1410 279 1734 830 2701 1277 86 794 1959 1244 2058 1905 2518
000811.jpg,701 353 98 2361 776 2067 869 1963 233 2081 276 871 1819 2462 1864 2334 2001 781 1402 809 2103 1344 381 2264 1209 1271 2711 528 1970 1404 1155 998 1854 7 1565 2225 1100 2658 512 2551 2803 1403 1583 382 2559 14 566 2449 2618 2026 1031 2157 778 2369 2252 1879 1354 1246 2049 1997 2304 343 517 2349 764 1204 923 2582 567 2008 2536 916 579 411 450 2841 1287 763 1508 2664 2459 813 752 791 2426 607 1695 1893 1359 1136 952 227 1853 1210 1739 8 1751 2723 394 488
000812.jpg,924 1471 953 2216 2841 411 1363 1188 761 1757 986 1502 2179 594 167 2494 1687 1605 1488 1400 894 1184 419 2823 2153 396 1205 1723 2197 2554 650 1882 1916 2573 1255 2567 2346 2816 1139 2678 214 281 1371 1397 2043 1979 1250 2359 1171 475 2502 2203 1462 2810 2768 2449 149 1336 335 8 1232 1922 2705 2547 2620 2425 2261 2483 576 1726 468 1671 84 750 2060 938 820 189 2495 1137 1315 488 1603 2313 2627 1227 334 38 1927 300 636 1536 42 420 117 448 941 2726 1044 614
000813.jpg,2510 431 2561 1839 1035 1390 2663 601 2 2323 1075 2532 1810 2644 962 1801 461 1114 529 395 103 1798 2583 502 634 1976 1767 2471 1207 72 1334 1333 1908 2299 702 284 2601 2277 898 1107 1830 714 903 1310 1986 374 2661 1928 1558 1137 578 1427 2242 2829 251 1219 2022 1821 400 2350 1065 1087 1197 65 1001 1597 2072 1952 1442 1608 1394 581 1906 1418 571 2388 783 1250 172 2759 250 76 2577 646 1298 1166 2568 2324 1757 417 739 2029 2495 492 597 1346 2216 684 1401 1423
000814.jpg,118 2065 808 887 819 1667 1585 2575 2328 2793 975 7 2416 875 25 311 151 513 2658 1211 2488 2310 1742 2150 662 193 380 1174 2267 816 2299 1085 1553 399 142 177 823 2668 568 2165 882 123 1808 1628 1263 921 986 2217 2064 1492 988 1519 2364 2636 73 2380 2078 427 2151 2005 1643 2163 901 1431 2572 767 710 2348 1233 555 2475 401 1757 1886 1322 2589 1243 247 536 2251 1946 1455 1670 1084 2449 1581 1603 487 1384 796 2730 1936 1969 1697 392 1602 29 2384 1477 1793
000815.jpg,2044 85 611 1319 188 2411 1656 2528 1624 1644 2790 817 1926 2817 1934 1102 943 556 221 2300 1407 635 1405 2501 987 312 2832 547 2082 1386 2270 2045 1584 2023 1617 1422 463 1796 1993 712 259 2755 1029 258 2544 4 283 826 1788 2564 860 1552 550 2397 2670 1737 1146 2069 1328 1983 2344 1417 2800 2358 2307 1190 562 1428 2076 1208 2454 2419 2011 2724 2574 1092 266 2721 64 1045 1569 2545 1782 1202 2631 1545 2676 900 100 1381 197 2837 1701 1414 977 2034 134 2477 2652 613
000816.jpg,1781 2091 239 2794 2164 2311 525 2137 2280 1248 2232 245 822 2173 625 49 654 1435 139 1505 408 1356 679 209 1282 356 838 383 252 1598 113 858 1127 192 296 1568 1506 2396 2070 216 2632 455 27 1780 1168 1262 1299 1018 2669 782 1787 61 653 1472 1141 2025 2053 1692 1037 2236 207 1124 1297 1293 225 31 643 1097 2062 580 655 1612 89 1011 131 449 2406 1216 1715 2611 1475 1026 1143 1831 268 1048 1274 1022 33 159 1635 805 1655 1706 1140 1647 2402 390 1648 1503
000817.jpg,2049 631 1604 607 2596 1981 1237 813 2093 1613 1879 1739 2664 394 660 1000 1853 2369 1893 870 360 2560 50 1695 2196 1906 1508 2680 2151 855 1498 1309 400 1466 2803 2661 1904 94 2156 1271 869 791 7 2299 2658 2573 528 827 1136 637 1188 749 871 2349 2559 2089 2843 1287 460 1565 1031 1209 448 255 1634 1210 1227 1670 229 2459 396 1987 873 508 2618 1757 488 982 2425 1470 821 1442 967 566 1401 1330 512 72 167 905 2190 2216 2026 1963 1858 476 112 2097 1404 411
000818.jpg,1721 1876 2809 1473 12 447 2728 1055 2291 2766 994 494 2207 864 1056 608 249 2294 574 2435 725 1931 2719 1944 1012 526 2057 2438 2683 2708 657 1439 2825 274 1406 2622 677 204 1557 2526 692 1892 627 1223 944 202 1874 1725 271 508 128 1165 1677 1942 2220 2089 1501 1881 2302 1899 2319 2051 1868 482 2736 1771 2509 531 1408 1817 2499 1902 2589 67 2315 682 140 315 2639 2741 2135 1443 136 2540 1759 2183 368 2580 1833 1185 1548 1433 1452 444 255 2583 1777 854 2436 1582
000819.jpg,2810 2043 2171 2666 650 2816 1891 1188 1697 1723 2346 1916 475 922 1882 285 546 411 6 807 1221 582 1153 759 1763 956 1603 2643 820 1541 1702 1456 2841 334 1139 1260 1865 750 468 37 732 620 1083 1858 1605 1227 1284 1797 1761 829 2313 2677 1090 1696 1953 1570 2502 181 980 1250 1380 1537 724 2261 938 661 40 122 1397 1502 1884 594 2179 2216 372 2514 1171 148 905 2245 2348 1082 1080 1214 586 214 2706 2410 2589 2167 38 1308 624 2109 1881 2194 2768 1263 1322 1757
000820.jpg,1701 1489 1710 1417 860 1788 1993 900 197 2836 712 1045 348 1617 2241 1782 1870 1328 2649 2011 817 463 1437 169 1679 1663 2130 1624 2050 925 26 2289 1369 2837 1649 1444 179 489 947 1381 433 2817 2790 2528 1644 1486 2454 2767 550 1658 2375 2515 1656 1208 2424 440 1422 1926 1623 2840 2397 606 1407 2084 2300 1029 1054 1545 221 1983 1796 2439 2826 735 1544 2707 1307 2769 2411 1319 260 155 2628 1386 51 480 2034 445 2419 2088 1934 559 1627 1102 2076 2082 2832 134 1552 1190
000821.jpg,1810 2583 1001 2350 1075 1212 165 137 1825 2558 116 1606 2292 1130 97 2305 1841 2258 1940 362 1986 135 2295 1728 634 1931 1839 1035 1197 2224 1928 2506 2413 1448 1383 1597 2408 1757 855 2472 1478 1962 1265 2560 1689 2638 637 2151 184 1296 1346 2220 1390 2299 255 2493 2324 2526 1590 1312 76 1334 986 499 2561 2680 213 2354 2089 558 790 112 739 1558 1670 2566 1442 508 359 783 1533 707 1498 1166 431 1231 749 1801 1849 119 2196 898 2615 754 1616 2323 218 1466 1984 521
000822.jpg,620 1260 285 807 2313 1858 468 1882 2807 2278 2425 636 2476 1318 2261 1536 2816 1227 1188 476 2043 1723 2171 1761 956 2678 2810 1856 2153 1603 1726 894 411 45 1916 419 2554 820 40 2048 2688 905 189 475 2522 396 2346 650 1251 2056 42 1139 2060 1364 2627 2720 1064 2386 1960 644 1914 1846 2733 95 2823 2441 2202 2705 1768 1596 2489 594 448 1987 229 2841 2449 1632 2761 750 334 300 1610 1979 783 2190 2827 2188 1880 1093 1502 2179 2498 1476 2760 2182 983 281 957 596
000823.jpg,1619 2844 879 1539 2139 1982 1925 2833 2460 557 667 2092 1863 299 2363 2371 2576 1366 264 2455 2797 1009 837 1816 2484 1660 2633 2431 1480 2269 2607 352 1549 2776 428 2226 273 2063 2524 2104 1242 1349 2175 2385 814 385 969 1025 1815 867 1509 1122 127 2783 262 641 1735 1814 2731 888 741 1373 1684 551 2771 1571 267 1514 1572 1 2403 913 342 1159 1238 234 1291 991 891 147 403 2185 2100 2541 1630 2717 2468 1360 1530 2710 1615 2298 1824 2529 2399 2727 1520 1059 577 2517
000824.jpg,1506 1141 2070 1780 383 1356 252 2311 1505 2669 525 654 625 1248 858 1435 1598 679 49 61 192 2025 245 1781 225 207 1787 2794 113 2396 408 1168 1299 1127 1216 2280 139 1282 1140 2164 1829 2137 2232 216 2173 455 239 1262 822 296 356 838 1124 1924 209 2279 2091 1274 2470 27 1568 2053 1918 1037 1273 2698 1612 1472 2531 1692 1024 1503 1875 268 331 653 33 2632 2765 1500 402 464 1293 1097 2690 1026 131 430 799 618 655 1021 471 2467 200 1706 2565 1715 1011 1438
000825.jpg,2045 2023 2755 1584 258 747 770 1796 2034 2545 1029 463 1320 1948 2289 1096 2352 1416 64 562 51 860 1569 1895 2837 1417 1788 1552 1586 2631 305 2735 433 1617 2130 440 439 100 715 2721 1993 2272 497 1701 161 2836 2564 2556 2650 712 1051 1640 48 1710 169 1636 155 2652 1544 1649 1782 2732 1045 2628 2050 2076 197 1319 2724 1362 201 1381 2767 1328 2011 1407 2649 1218 992 2707 134 606 550 2753 2815 1261 2454 1627 735 1422 1190 194 1489 2482 2439 259 319 611 2419 2287
000826.jpg,2669 192 2025 61 207 1787 225 2396 654 2280 49 245 2070 2794 2173 408 139 525 383 1282 1781 2164 838 209 239 296 356 2091 1141 2311 1356 1248 1127 1780 1506 625 1435 679 1505 2232 2137 252 346 822 52 1598 653 1481 2470 418 858 455 1262 290 2821 786 1568 2244 216 1216 1299 1168 2142 113 504 1124 2531 1022 2053 1140 2806 780 452 1465 295 1274 53 1918 241 1097 1293 484 1503 430 1829 268 2301 1037 2407 758 806 1662 1275 1822 936 331 2285 1843 1024 389
000827.jpg,1496 2272 2352 194 2556 1051 64 1569 1948 48 439 1218 100 2721 715 1640 1261 2433 1796 562 1316 2628 1860 305 51 1453 2034 155 1096 2545 2713 1416 2650 1636 1965 201 2815 2376 1490 1658 1381 2309 2241 2836 1584 1840 1544 2631 1782 2439 1901 169 2767 1649 2837 747 563 2289 518 440 1617 712 1054 2050 1422 645 260 1328 2826 947 2707 168 1586 1878 2088 231 497 445 2130 1045 550 1552 2652 1623 1679 1993 2840 1444 735 1148 2011 2023 2649 319 2538 161 197 1663 2755 659
000828.jpg,2077 2478 2772 2777 1753 1125 70 1759 2757 1834 951 1252 2015 315 18 2818 1165 2302 1842 2622 767 1557 191 277 2315 2702 1443 1747 2685 1980 1938 2686 2667 889 1833 1869 688 29 522 485 2000 1559 1511 1235 2624 249 954 126 1012 2583 67 2299 853 1406 1451 2509 1989 2787 142 1951 500 2409 2314 1969 1361 2430 103 2276 646 2296 1306 297 1492 555 2746 589 1195 1346 1391 202 2533 990 378 1323 1186 1236 1845 2054 1263 1431 2172 426 676 123 73 1413 369 1886 2143 1699
000829.jpg,1967 390 1635 1715 1050 999 2715 1097 726 1293 314 1822 1755 159 2236 1475 331 1026 1756 1143 2053 580 2765 326 799 655 1648 805 31 1011 1789 1118 430 927 1568 1037 1655 1831 1317 464 1503 1024 2531 2687 1297 1706 1140 1378 1124 467 1395 2301 2406 89 2407 2465 2505 1273 1692 1662 786 484 1216 363 389 1932 2059 1039 478 758 1275 1918 2062 1018 1022 1008 1281 1730 1262 268 936 653 456 1929 501 2632 2402 1062 108 628 1923 324 1647 806 780 2244 241 2142 2698 782
000830.jpg,1096 1416 1948 2272 2815 1362 1860 2352 1636 201 439 64 1965 1569 48 1496 2721 1316 100 715 562 1796 2034 2241 2556 155 51 1490 1617 1897 1552 2309 194 712 1586 497 305 1584 1051 563 1381 2650 1658 1640 2433 1218 2713 747 2289 445 260 2545 659 2376 1319 2088 1993 1422 645 2836 2046 1328 2826 1453 2553 168 1901 1148 2628 1261 2755 486 611 1045 2732 1782 319 2011 900 547 2076 2631 674 2840 1046 2419 1878 992 1307 134 2652 1486 2337 2130 231 1544 258 440 947 559
000831.jpg,2609 288 2843 937 257 1516 1731 1138 1871 2613 1800 535 1894 1645 1455 2377 336 1498 1527 253 2341 1546 811 410 742 1466 605 406 1779 2145 186 1454 1385 673 519 2196 1850 709 800 2697 1133 1142 1573 2219 593 2151 2364 365 248 2140 749 1309 678 2560 648 662 338 1110 2519 1670 1794 434 2299 1966 2331 435 2087 2788 1040 2763 2251 1131 301 1634 2243 730 1581 2005 446 1604 855 1237 2417 2006 773 585 821 1981 2549 1174 1419 717 112 2730 1020 2102 2492 1909 2830 1301
000832.jpg,1049 839 932 698 1521 955 1038 2421 1041 1754 323 1949 2520 13 2210 640 1272 2671 2047 2032 56 1189 370 377 2578 828 1337 1910 2083 536 933 1329 2387 1431 2539 1374 1668 36 1429 2828 672 121 2602 743 2038 123 569 2117 2629 1132 866 2428 1255 176 2267 1588 2335 733 2120 193 2380 865 2031 964 429 2221 340 979 1553 2423 142 2798 2451 988 680 729 332 2333 21 986 2668 432 901 1430 1070 1492 878 1256 500 555 2786 1399 1033 2029 289 2839 2078 2640 1499 302
000833.jpg,2725 609 2404 2464 1766 1889 957 509 744 2457 844 1515 244 1696 5 2115 1616 2448 2706 2128 1477 1426 1953 1602 214 1139 592 2348 1199 2751 1866 1171 1214 1326 22 2841 2014 2124 375 473 2567 2109 1061 909 498 84 425 306 2366 1556 1637 2048 1904 2354 163 270 466 1802 1365 2141 1283 941 1661 2566 1596 2502 388 1269 1768 2408 43 40 520 2188 2572 1757 1605 807 882 1610 752 229 1849 707 2591 582 2351 815 1945 189 1744 213 123 106 1949 2060 1032 1858 2278 2168
000834.jpg,620 1260 285 1858 2313 807 468 1882 2476 2425 2807 2278 636 1188 2261 1318 1536 1227 2816 476 2043 1723 2171 1761 411 40 894 1603 2153 2810 2678 45 956 419 2554 905 189 2048 1364 1726 1916 42 2060 396 2522 1251 2386 820 1139 2627 1064 650 1960 2346 475 1768 2056 2688 1856 2705 1987 229 2761 851 334 750 1632 1846 2182 1610 2760 2720 2489 594 281 1880 95 1596 2410 2608 2188 448 957 454 2841 1515 1802 644 1927 592 300 2203 1371 1502 2441 2449 2079 1979 2733 1914
000835.jpg,807 372 1260 1865 1858 1603 820 1153 1761 2313 1541 468 1221 6 546 285 759 2261 2643 334 1227 1697 1188 750 582 1560 476 732 1284 411 620 2677 1696 2194 669 229 1702 1797 829 1015 1884 980 1456 1084 2387 661 1610 629 5 448 609 122 1286 922 1844 2425 2303 298 2115 1285 1139 956 2457 1083 2666 2118 1032 2791 163 565 1570 1659 1891 2060 744 1171 1661 1061 2014 1916 1766 189 1080 2128 2168 1263 796 1556 2404 2222 1326 2245 1750 973 2567 2167 1995 2109 2030 2572
000836.jpg,1588 1132 988 193 2090 536 1431 680 36 866 733 500 1793 1492 142 901 2217 2078 1886 1699 1553 1236 2267 555 1393 1033 2668 1053 176 2451 2380 2384 427 359 933 24 2024 2335 672 292 1804 2143 2430 426 377 1764 2350 1952 2235 1685 1910 91 1249 1001 828 792 2583 1719 2629 29 1754 1429 2795 1049 2509 2798 954 646 1353 2589 995 2083 1869 2054 249 2038 1474 34 67 2428 2378 2748 2787 123 202 627 2793 2449 2111 2293 632 2120 2514 1905 465 1484 2180 1263 853 2296
000837.jpg,431 2510 1839 2561 1035 1390 2663 2 601 1801 1075 2323 2644 1219 2277 1976 395 461 72 2532 1906 1423 783 1197 1810 2299 2216 1394 637 2661 2483 400 2089 529 1986 1418 597 856 1987 1904 417 1931 1333 156 2443 1217 1641 2583 2577 962 2547 1250 394 2829 1442 2567 1401 2410 571 2526 375 1757 172 634 2653 2400 167 905 1207 1065 1798 2022 1952 116 827 2625 2242 1114 1558 1310 306 576 938 76 1686 1334 1144 1363 164 508 614 1093 1483 1940 2350 1137 2495 2220 1206 2029
000838.jpg,2252 2682 227 1651 1583 916 2042 1977 998 1179 517 2491 1578 1579 1920 1063 841 2225 763 945 982 639 2349 2379 1368 2097 2647 2723 1367 1239 1851 2729 928 1657 114 919 512 1769 2026 952 528 9 930 1770 1470 7 1531 1210 2459 2778 579 1209 1354 1879 567 1566 566 748 1854 1970 1154 2559 515 394 923 1271 2618 778 492 2711 2304 382 2658 11 1528 2462 1031 813 791 1906 2110 664 2603 2803 694 2093 2081 1415 72 871 1565 1819 631 164 2369 50 2664 1976 1981 1739
000839.jpg,909 2348 214 1139 2841 2706 1866 1602 1953 1696 1365 2115 1280 1525 183 2572 106 2263 1113 2623 744 1171 1084 2567 96 1214 189 1032 236 2203 2303 2060 22 1570 2831 1458 1632 270 1205 2401 2705 2677 298 2554 1502 1738 629 1659 2179 327 894 594 1263 2030 959 482 2153 2620 2457 6 1750 300 2571 2109 882 2591 2160 333 620 973 1217 1922 474 986 1757 690 1397 2425 2032 565 1560 309 2079 1400 2404 907 1286 506 609 2791 1661 2514 1380 448 546 2448 924 2245 423 23
000840.jpg,1993 1617 1663 1422 2241 1045 2840 712 550 197 1552 2631 947 1328 1444 169 463 2289 445 440 2050 2011 735 1782 900 2837 518 51 433 260 134 2836 259 2130 1878 2375 2826 155 305 1623 1788 1895 1679 221 2088 635 1710 2707 2454 645 860 1489 1381 562 1544 2439 2649 1658 2082 563 2270 1369 556 1796 1405 1029 943 977 1486 1640 480 1417 1926 312 2538 179 2790 2424 2133 1407 1437 1860 1202 1649 2721 2832 2300 2650 547 2544 1636 2767 1569 1054 2148 489 2312 1934 613 2817
000841.jpg,1879 394 1906 2093 607 631 2049 2596 1604 1981 1237 1613 2369 2664 1000 1739 1695 1893 1853 2559 791 1508 1239 1271 2618 813 50 528 660 360 512 1566 1031 1565 2026 566 2560 1367 2459 2843 1309 2803 871 1210 2349 1498 982 1368 7 72 2089 855 2299 2097 1209 821 1466 1287 2225 749 579 94 870 694 460 1442 763 2151 2573 637 488 2196 2680 255 1219 1241 2042 2469 1154 1330 916 2723 172 731 2387 1528 1670 2252 535 664 2786 227 112 2410 2658 883 2747 1197 2126 571
000842.jpg,2021 2756 754 967 1231 1728 739 2408 213 1597 1689 634 2638 707 1448 2615 2787 2354 1265 757 1849 2413 2224 2295 119 1478 184 1383 1296 135 1269 218 558 2472 80 2566 1867 1722 1984 424 1529 2390 1312 1533 232 520 1733 19 529 983 1996 364 2281 1945 1693 789 1334 1091 2644 2190 1180 962 1818 39 291 646 564 1786 695 2242 1798 2827 395 1743 926 766 1900 1427 2323 1801 2744 2441 1999 251 2040 436 803 215 1176 540 581 2656 2504 1230 2288 76 2759 1093 2202 1298
000843.jpg,2068 2665 79 722 1067 2511 1547 246 1134 1463 2305 204 116 2842 97 2741 137 2041 1935 2135 1212 350 899 2580 2294 1606 686 725 1944 1055 2319 1868 692 2728 2766 140 442 2292 2719 494 1452 165 1126 2558 2736 1076 790 447 2057 1130 657 12 2207 1841 2286 1962 2435 2506 2825 508 1825 1473 1892 677 1998 2248 574 2291 2583 1940 2813 2625 1874 1899 362 2708 2589 627 1771 1986 1677 1056 2382 67 1006 1464 2258 1027 1185 2037 2598 1173 1881 1408 1886 1931 1639 1474 2436 1035
000844.jpg,1752 1545 1146 2389 312 987 4 635 2832 626 556 2082 85 2270 1405 1934 547 59 1386 1102 221 826 1624 188 2790 611 1407 2411 1737 2501 1319 2300 943 1656 2044 1926 1422 1552 1202 2367 613 2817 2528 2840 259 2069 1644 2544 1617 463 817 2241 2631 2133 2424 950 900 283 1993 550 445 2088 977 2011 1328 2826 1878 1983 1190 1316 2312 712 1468 440 260 2076 1045 2397 563 518 1636 1486 2419 266 2148 1092 2477 2574 2289 1437 155 1029 1444 735 2836 947 2652 2050 1208 2375
000845.jpg,1908 1107 284 702 1830 1310 903 65 1114 1512 2388 1767 2601 502 2471 1608 1821 250 578 103 684 1975 1839 1232 395 1035 2323 1922 1397 2494 1184 2620 1144 2644 851 431 2510 1075 1400 2503 1502 117 1916 1687 40 962 2561 420 167 1810 448 529 594 374 2768 42 2179 2169 581 1205 2216 1610 251 636 375 1423 1641 783 45 2114 1801 1198 1334 1217 1726 1390 400 1960 1605 2278 1219 1900 2277 2502 1536 2542 2197 2203 454 1197 475 1343 1426 1318 1616 2699 2495 2346 1832 2761
000846.jpg,1710 1701 1489 1417 860 1788 1993 900 445 2840 1328 433 197 2011 1624 2289 2707 463 2375 1437 712 1552 1617 1045 2130 489 606 1679 2241 259 2397 2424 1663 817 2836 2084 1623 1444 169 1208 2528 2515 2767 2826 1422 348 2790 1319 2817 987 1486 1782 1656 312 1926 675 2082 1029 1934 2300 2411 1870 611 2837 221 1381 1307 2050 947 2454 1054 635 645 2832 1644 1386 977 2649 1983 1649 2769 550 440 188 1878 2574 179 1627 1895 556 2270 2652 2439 2076 2646 970 1658 1190 1102 2714
000847.jpg,571 2415 2568 1065 743 1430 429 1256 2333 332 2423 2029 2743 554 1562 340 2786 2227 868 1890 417 1888 1686 597 802 1418 289 323 1398 886 979 1272 21 199 432 2421 2108 361 62 2578 302 878 681 2520 1038 2210 933 13 2671 78 893 370 1949 2828 2387 640 2221 1668 1374 2602 1268 1197 955 964 1219 986 1399 1255 729 2083 2324 1070 2031 2224 1390 1952 865 1839 1266 1757 2493 84 1035 1075 1528 905 2640 72 396 595 400 2350 783 1001 2400 941 1597 460 1558 1928
000848.jpg,1096 1416 1948 1584 2023 2045 2755 747 2272 2815 258 2034 2545 770 2352 1796 1051 1636 1316 64 1569 1860 201 1496 1965 100 1362 2556 2721 715 1218 2713 48 497 439 1586 1261 2628 194 51 562 1640 1381 305 1658 2376 155 2309 2836 2241 1617 1782 2433 2046 712 1544 2650 1897 860 992 1417 1320 1649 1993 563 2289 1490 1840 1045 1328 169 1054 2837 440 947 1489 1679 2767 161 1029 2439 2088 1701 1444 2130 1552 1788 1710 1623 168 2826 260 2050 1901 2707 134 2735 1895 463 900
000849.jpg,1993 1617 463 197 1663 1045 2011 2840 1422 445 2241 1710 1489 712 1328 550 1417 2289 2375 2836 169 900 1701 2130 860 433 1782 947 2050 1444 1029 1788 2837 1552 2649 735 1369 221 179 2454 489 2631 440 635 2790 1679 1624 2707 2082 2832 817 480 518 2397 51 2826 1407 1486 1870 925 1934 134 26 943 2817 1926 1102 556 1437 1656 2133 260 348 312 1640 2769 1658 1405 1623 1381 1983 562 2270 155 2528 2767 2300 305 1386 2411 563 2538 2714 1644 259 977 645 2515 188 970
000850.jpg,1539 352 264 2844 2063 2455 837 2484 1349 1009 2833 2797 2226 2092 2139 299 969 2576 1815 2269 1982 2175 273 1242 2104 551 2371 2524 1159 1571 17 403 667 2776 428 342 234 1572 1925 1122 913 1366 1619 1 1059 891 1514 1735 1549 2731 1025 1520 2385 573 741 2189 2633 888 1816 1589 1698 2185 2223 2727 2403 1540 2607 2486 2710 2100 1684 262 1660 1618 1615 668 1291 2399 267 1814 1824 1630 600 2717 2412 2338 846 2246 2635 867 1988 1338 1480 2444 2339 2473 1622 1238 642 1607
000851.jpg,567 998 919 1354 952 1769 2778 1531 1583 1470 748 930 1851 1063 928 2711 1854 382 778 2379 1657 2491 2729 7 982 841 517 1970 923 1179 1579 1977 945 2304 1578 2252 2682 114 2349 639 1210 579 2647 1920 9 2723 515 2225 528 2559 1770 1651 763 1209 1271 566 2618 227 2459 916 1154 2026 2042 492 1368 2658 2097 512 1239 1528 2361 871 1367 2829 2462 1819 2081 2334 776 72 1402 701 2067 2122 2299 353 98 172 1344 1963 11 381 233 809 460 1219 2551 1566 1197 1864
000852.jpg,493 2174 1234 1196 1034 976 1358 1861 366 2672 57 859 2418 2004 1279 1580 797 2461 133 2374 280 1792 210 1276 793 1947 1575 570 1724 1392 1930 2327 756 548 746 1758 1859 2125 1765 1664 2694 1665 588 2456 2186 2838 2184 1776 158 2330 801 583 1375 2206 2739 1457 1191 2541 1086 2321 242 880 1877 228 857 1675 2662 1043 2703 263 885 1072 1193 842 1887 720 1432 2187 2581 798 170 2198 1350 2039 2548 1030 689 2332 1229 1494 1551 2659 1542 2356 2590 287 1345 1377 656 1653
000853.jpg,760 477 2679 1163 461 2122 1903 2829 1599 2074 595 2587 208 731 1976 2469 460 2126 72 2098 1047 172 2747 612 164 174 2775 1784 694 156 1415 1155 2577 1241 1404 2156 1100 2645 1219 1906 394 1879 579 2443 1052 488 1154 2349 2658 2559 2449 566 492 1210 2459 660 1250 1197 1757 1423 2568 2483 306 1986 631 1271 1209 2410 1839 2299 2026 2400 512 2618 2304 515 1256 2415 1035 111 923 528 2387 417 2110 1368 905 2596 1206 479 1394 473 1729 1981 938 7 571 2573 1851 1245
000854.jpg,956 1882 1541 820 334 1153 2387 750 1603 1761 829 2194 2261 1227 661 1221 546 476 285 669 582 2168 6 807 1188 1260 1697 2425 372 1560 2313 759 2197 1797 1757 986 2678 2080 1536 1995 2643 2572 468 1318 762 1400 2823 732 2476 2278 882 1336 1057 84 922 1858 411 1462 796 2623 2677 448 45 2688 1456 1387 2216 1726 2571 620 1315 905 1013 1084 1267 115 42 629 1866 1380 636 1911 1482 2706 1371 229 2620 2705 2514 941 1032 2807 624 2245 2831 724 1865 1702 1687 971
000855.jpg,2045 2023 2755 1584 747 258 770 1320 1948 1096 1416 2545 1796 2034 2272 2352 1569 64 1051 715 100 2815 48 2836 2721 2556 1636 1649 439 194 201 1417 51 2713 1261 161 1617 1496 1640 2628 1782 860 1316 1586 1218 2837 155 947 2767 169 1381 2289 305 712 562 497 1860 1489 1965 2130 1328 1788 1444 2241 1993 440 1045 1895 2650 1658 1710 1054 1029 1701 1870 2707 1663 2649 2454 2050 735 1369 179 1544 463 26 2433 1362 992 2376 1679 433 173 2046 2538 1407 2652 2439 2631 1897
000856.jpg,2669 192 2025 61 207 2396 1787 225 654 2280 2794 245 2173 49 139 408 2070 525 1781 239 2164 1282 383 2091 838 209 356 296 1141 2311 1127 1356 1248 1780 1506 1435 2232 2137 625 679 1505 252 822 1262 455 653 1598 858 346 418 1481 52 216 1568 2244 1022 2470 1274 1216 268 290 2531 504 1168 2806 2142 1299 786 113 452 1124 131 1475 1037 2236 295 449 806 484 780 2821 1024 2059 2053 1875 1503 1829 1465 1275 1843 1140 758 1924 389 241 1789 726 2765 1662 1932
000857.jpg,629 2677 882 2572 1757 986 123 1113 2150 1139 594 1661 482 2115 2571 1477 327 2706 1365 214 909 1696 2348 762 1866 2620 1255 2216 1602 1263 106 1659 1171 2567 2203 300 96 676 2109 1032 750 1400 1603 2089 298 2194 270 189 474 285 2245 2261 1084 1458 1397 1738 1922 2060 2079 1221 2507 2705 2526 1632 2160 744 1570 973 334 796 2427 2831 2841 609 183 1703 924 1352 1214 2457 2554 1502 2080 2303 637 1205 690 1223 894 1750 1541 217 2475 275 820 104 1280 2573 2683 1525
000858.jpg,2449 1671 8 2216 1250 488 167 2156 2645 2567 938 42 2313 396 924 1423 2410 1371 905 2086 2483 2573 2841 111 1219 468 1206 1333 1641 2705 2425 2400 2197 2829 2678 1610 1144 1066 149 84 300 1363 1858 2816 448 63 2726 1412 2547 1394 1203 38 1139 306 2122 2679 941 545 1188 1723 1171 1184 1205 411 1226 1882 2627 1729 1232 45 2277 72 1801 650 1035 189 1903 783 1047 2179 454 2230 856 76 308 1820 2751 1318 1163 1214 1757 594 1400 2060 744 1979 419 1536 2203 1488
000859.jpg,2152 2502 1605 941 84 40 2841 1960 1139 851 1371 2348 214 1198 2678 117 285 1184 1726 2203 2494 1502 1723 2386 1979 420 592 1687 1205 1397 594 1603 2179 2620 1632 1400 621 2768 2554 1922 1171 419 1927 22 2497 2153 2567 1987 2141 894 1199 244 189 1882 75 300 2162 820 2705 2060 2726 744 1251 1214 1488 815 924 1364 171 2573 1641 750 182 2030 940 425 1768 1219 481 1004 2751 2737 149 2048 1616 2761 1144 454 1434 1064 2816 396 375 1515 1232 60 45 334 2112 466
000860.jpg,1385 1779 406 2145 1731 1871 186 1894 1718 742 1138 1992 2763 773 519 1645 2102 1007 2613 257 1707 937 852 1800 1479 1682 709 1387 1516 2318 320 1676 1969 2219 2377 1527 535 410 1325 2262 1526 434 2516 1442 392 1200 2420 2609 544 288 2341 1455 253 605 1495 336 1511 1002 301 1079 568 1978 1783 1119 811 1131 1670 2299 1794 2600 908 365 2730 2331 2543 1068 2549 730 673 1142 1005 2151 1466 338 2243 2364 1243 2458 1966 1020 1419 2085 1311 1546 1406 2746 2519 593 1705 984
000861.jpg,2045 2023 2755 1584 258 747 770 1320 2545 1796 2034 1948 1096 2352 1416 64 1569 1051 2272 562 1586 1029 715 439 51 100 2721 48 161 2289 2631 1895 1417 463 305 1640 1788 2556 497 860 2837 2836 1993 194 1636 155 1617 1649 2767 1261 2130 2815 2628 1782 1381 1552 1218 169 1701 1710 2650 1496 433 1316 712 2735 440 1407 1544 201 1045 1328 947 2564 1362 2713 2241 1319 1489 2050 1897 2652 2707 992 1658 2439 173 2482 2454 1870 2300 2538 2649 319 817 1860 2287 518 1965 735
000862.jpg,1801 2277 529 395 2644 1798 1230 2323 962 572 1334 1561 1197 1683 545 1394 374 2759 714 898 2242 617 2504 101 1087 2579 1558 2542 1898 581 789 803 2238 1207 1631 1883 1928 328 1427 1166 766 1093 1035 364 251 1839 737 2040 646 436 2381 540 1996 1091 341 989 2114 754 2072 1689 1900 215 783 2561 1597 634 407 1257 614 1137 2295 739 1786 1728 2546 1346 1106 695 431 1333 2656 2547 1971 1590 291 777 1213 2787 304 2149 76 1176 499 135 2510 558 967 1075 1144 132
000863.jpg,2629 2798 1429 2428 377 828 2120 933 672 2038 1754 358 1249 1952 2083 1910 2335 1764 698 1049 1255 176 2451 986 1189 536 932 123 1431 1033 193 988 2384 2668 1757 36 2032 56 1393 2387 1132 882 1525 680 1588 292 2572 866 1521 427 2380 733 1084 2795 1553 2150 839 2267 2317 1449 2090 500 2263 1280 142 2571 1492 1793 1762 490 1170 1236 2078 669 874 1477 2623 632 1347 2734 1053 901 2448 2217 555 624 2293 1482 2165 104 1032 476 1223 2080 255 568 2718 1866 306 183
000864.jpg,1487 37 924 1090 586 1082 1308 443 1763 922 1006 629 1697 2216 459 1703 411 122 1456 2677 1188 2841 882 1757 2249 325 2167 2268 275 1288 1474 2535 1570 761 1153 986 2823 2179 1891 1284 745 123 1502 2317 1400 1916 1537 1205 2706 2666 2150 298 1541 796 2573 1995 2623 594 334 1255 820 327 285 475 2194 1073 750 2222 448 2136 1380 1866 8 2449 2816 1661 1221 2346 2572 2555 946 546 2043 1603 2425 1659 2554 1285 2261 2831 1922 690 115 661 1761 1727 1865 2245 1113 2705
000865.jpg,1752 1545 1146 2389 4 312 2832 987 626 556 635 59 85 1405 2082 826 547 1102 2270 221 1386 1737 611 1934 2069 1624 188 2411 2790 1407 1319 2367 1656 1202 943 613 2501 2300 1422 1644 950 1552 2133 2817 2044 2528 283 1617 1983 1092 550 1926 2424 2241 977 2419 2148 2544 1636 259 463 1316 900 440 817 1878 2631 2477 2840 2574 518 2088 1468 2397 712 266 1190 2652 445 155 260 2826 2076 1993 2312 74 735 1045 1029 2289 169 2836 2837 2724 1428 1486 1208 947 2050 2011
000866.jpg,1107 1310 284 1908 65 1512 702 1830 1114 903 2388 1767 1608 1821 250 578 684 1975 2601 502 2471 103 1839 1232 2503 1035 431 395 1922 42 2323 851 2620 1184 2644 2494 1400 2510 1075 1144 2197 45 1397 1810 448 1687 1217 2216 2561 1536 2056 1502 1064 529 1318 636 400 40 167 117 1726 2278 2169 1960 2079 2425 962 2608 2182 1390 1916 1616 1610 844 333 374 1198 171 2522 335 581 2661 2761 1426 818 1219 1364 454 1641 2230 1199 2678 594 1832 783 1987 420 1940 2386 1801
000867.jpg,1213 304 2546 1785 2022 63 545 1333 1228 149 1394 182 614 1137 2072 898 1087 1166 1207 374 714 2504 1928 1743 1558 251 2242 1561 2542 2827 341 962 1298 101 2040 617 1693 1343 1971 2238 1798 1257 1230 132 2323 803 2656 737 1883 1801 695 783 983 1176 2644 1334 2547 2277 2149 395 1856 364 2759 215 581 2190 1786 766 529 1106 328 2441 596 572 789 95 1197 2381 1900 499 436 2114 1631 1683 2202 989 407 1093 310 2787 1091 2737 93 1898 2579 2745 1914 1427 1590 88
000868.jpg,1436 2218 1052 1736 2156 2449 2274 8 1671 2216 2083 637 2161 2060 1688 7 2573 2313 1757 1188 255 400 2387 1952 2554 813 2567 2089 189 986 411 924 1227 83 2705 1632 744 448 1858 2261 691 300 308 1502 521 1330 894 468 476 2841 475 2346 2658 1255 2816 2153 933 306 1171 1916 2107 2526 285 2220 2151 229 1761 2680 2348 1603 1613 761 334 1931 1466 2179 2299 1904 750 1044 2425 1610 1442 2030 508 2823 1139 1346 594 820 214 359 333 870 2079 1214 1217 1401 22 2043
000869.jpg,767 277 1938 1833 1443 889 2686 1747 2496 1753 2777 1125 2478 2772 2077 70 951 1834 1759 2302 2757 2818 315 1165 2015 1252 1557 2315 2622 18 2702 191 1842 211 1980 1460 369 1989 2685 990 500 2624 297 1845 1884 103 36 1413 1235 980 688 126 1793 2620 2245 1952 522 193 988 733 2507 2216 1263 1323 1080 2346 1431 1916 1023 2276 400 1502 1511 2514 1891 536 475 2314 2667 1188 2636 1817 401 1340 2706 954 2535 269 1548 1904 2179 1881 2335 2249 594 2677 2666 2668 2299 2118
000870.jpg,813 1613 2049 1237 1604 631 2664 360 1739 1893 1981 2369 660 2596 1000 1853 1271 1879 50 394 7 1695 607 2803 2711 1565 567 871 1287 488 2560 2299 1031 1209 1404 905 1508 791 855 2658 2559 1219 1906 2361 869 2093 2410 528 2449 1155 2151 1066 1854 2483 2618 870 1641 923 2349 2304 2843 1442 809 1210 1309 1403 1250 98 1226 1246 1566 1970 2264 1498 1412 2536 2573 2829 111 2107 1100 308 749 2122 1466 1206 701 2196 938 1423 1729 2443 2156 72 637 691 2680 1188 1670 512
000871.jpg,631 2049 2596 607 1604 1981 1237 1613 2093 1879 660 394 2664 813 1739 1000 1853 360 1893 2369 1906 1695 1508 2560 50 749 1271 2680 2559 2151 1309 488 855 791 72 2618 2658 528 905 2299 2196 2573 870 1209 2803 2122 1670 1498 821 1287 1206 2829 512 2410 1466 2483 1904 2349 2459 1641 1986 566 1442 2089 1210 579 1565 460 111 1154 1136 172 2408 1219 535 985 1241 112 1412 1903 2587 1203 1566 2661 1066 1470 2469 2679 2026 595 637 479 2156 1729 1155 1423 1047 738 2107 1987
000872.jpg,2454 2769 1870 26 348 2538 2649 2714 925 480 1369 179 550 712 2130 2050 1417 445 1422 1788 518 2289 2840 1045 433 1172 2011 2650 1617 735 440 463 161 197 1710 2088 1328 860 260 168 1489 1701 2375 2676 1895 259 562 64 645 1552 2544 524 2574 1029 2652 1640 1569 1983 2826 1092 51 305 2352 1453 439 1901 48 2721 2358 2309 2044 635 2707 977 563 201 2724 134 1054 1796 2337 2148 970 1190 489 1948 2564 194 1486 1208 2241 1496 100 715 2433 1993 219 1253 1490 2287
000873.jpg,1757 2359 986 1255 281 924 396 1371 1184 214 2494 84 2627 941 2387 1882 2348 2197 1462 1139 594 334 2216 750 1603 1144 1641 820 1400 956 2688 1197 1687 1922 2179 2141 2493 1166 1987 1502 2425 2823 1075 1219 1488 1605 1205 167 1423 1761 2483 1928 1198 1616 2841 2203 2495 2620 905 2678 448 2030 488 1949 40 2410 1471 481 1199 244 2503 117 2502 1334 2567 2152 2086 1363 1979 1183 1346 1171 1227 2542 76 111 1206 1318 1412 959 1536 851 1226 2261 2278 621 1397 1250 1217 955
000874.jpg,2386 2116 2678 1960 1726 40 1198 1371 861 851 592 2522 2807 1632 2141 2720 644 45 1802 1251 2056 1364 2562 1596 1856 636 419 2048 949 894 2188 2448 2153 2554 957 2441 620 1536 1880 1318 2591 1768 2688 1064 2278 1927 1199 189 84 1013 2498 2737 2761 300 1004 2760 2203 2182 1336 171 2612 844 2160 940 621 2733 335 1343 2079 2827 1232 1171 1315 1214 1987 95 1144 481 2230 2503 941 1139 2841 2202 1889 2705 117 214 2060 815 1205 2502 2261 42 1184 60 22 2608 466 783
000875.jpg,789 2579 1883 2759 2784 374 2504 101 2238 766 803 251 328 2242 2381 1483 1801 341 2040 1427 364 1900 646 576 1898 1683 2277 1334 1091 614 2547 132 1087 1996 1176 1971 695 2190 2785 291 777 407 1257 1394 1230 2202 2542 581 545 88 596 2745 1476 1914 1093 1786 1137 898 2644 1207 540 1106 95 1856 215 1743 2441 1346 1798 2072 714 2323 989 962 572 63 1631 436 2699 2546 395 529 1180 737 1558 2827 983 1213 76 1228 1561 2489 617 1166 564 1103 230 926 2247 967
000876.jpg,1096 1416 1948 2272 2815 2352 1860 1051 1636 1218 1362 1965 194 1316 201 1496 2556 2721 1261 1569 1796 64 715 562 439 2713 100 51 305 1584 48 2309 2034 155 497 2628 1586 1381 2241 1658 2755 2545 1617 712 1640 2433 1897 2376 1993 2650 2836 2023 563 2045 260 1782 747 1552 1490 1328 1544 2289 1901 2046 2767 231 2826 1422 1045 168 2088 2454 319 169 947 2837 258 2631 1369 1148 1679 992 860 1878 1444 2553 2439 445 2130 1623 2707 1054 645 2652 900 1840 2649 1486 1649 1307
000877.jpg,631 2596 2049 607 1604 1981 1237 1613 2093 1879 394 660 813 1906 360 2664 1739 1000 1853 1893 2369 1695 1271 2156 488 50 2560 2573 1508 855 905 2483 2410 870 821 749 1309 1066 1155 2680 1641 1206 2559 791 2107 1239 1219 111 1412 2151 1498 308 2299 869 528 1209 2449 2618 72 94 1466 2089 1226 535 2803 985 2645 2459 1404 2196 1566 322 112 1670 637 1442 7 1371 691 460 1183 2122 172 512 1565 2387 1729 2658 1203 2060 1210 396 566 1287 1423 1047 1342 1957 612 831
000878.jpg,536 2090 193 988 1132 1588 1431 680 36 866 733 1793 901 2217 1393 2668 176 500 1033 1553 142 1492 555 2384 2078 1699 427 1886 2267 2451 1053 2380 377 1910 1049 2335 1249 828 933 1754 2798 698 1764 2795 1236 292 2083 1952 1429 2629 2038 672 2032 2293 2249 2589 2055 1189 2150 2120 56 123 839 2793 932 1881 1817 177 2387 2428 1474 1521 141 358 2449 2378 1674 136 889 1027 882 401 1892 1023 624 1582 1484 1550 1255 400 995 1173 703 986 1074 1322 2003 1263 110 1757
000879.jpg,2387 1041 2047 1001 2539 2350 2583 2299 1670 293 1255 986 2151 437 1952 933 1346 334 1757 750 2348 1603 646 2808 2787 1329 1761 820 2083 2570 1466 1175 410 1139 359 2839 2009 214 1442 1740 2680 870 594 821 1613 1205 535 411 1872 2658 7 453 308 2449 400 691 807 981 1188 2573 2179 2107 1019 1502 1922 2089 1791 956 2156 2620 1400 306 448 1227 2060 148 473 1061 2216 2203 637 2705 508 744 2030 1904 285 83 2521 1397 2567 255 1669 785 813 1931 761 2625 163 1052
000880.jpg,1055 1944 2294 2728 725 2207 1056 447 2766 2825 2741 692 1126 2736 2135 2319 1547 442 2842 2511 1463 899 204 2057 494 2719 1134 1935 246 2041 1899 2291 2435 1067 2580 2248 146 2813 2068 686 1874 722 1464 2382 647 2665 1937 1076 574 1223 2708 79 657 2286 1868 140 1185 1452 1639 2393 1777 1408 948 2639 1473 2683 12 677 1942 1892 2438 271 1677 1439 2625 682 2037 2440 1721 804 1771 491 627 994 1998 329 1088 864 2499 2350 526 2569 2809 1001 2051 2598 1876 2583 608 249
000881.jpg,2491 1179 1578 945 841 1920 2682 1977 639 2647 1651 1579 2252 1770 1063 9 114 2723 1470 1531 916 2042 748 1528 982 998 1583 567 1769 919 952 2225 1354 763 227 2778 2459 2349 930 1851 2379 517 2729 1154 928 1210 2304 515 566 2026 1368 579 923 1367 492 1657 512 1854 1239 2559 528 2097 2618 382 2711 778 2462 7 1209 2334 1970 1819 2081 1566 1402 1271 98 2658 776 1864 781 1031 1344 1351 2603 353 276 1204 723 460 812 2803 233 1577 2361 1157 1415 809 1997 2209
000882.jpg,13 2210 640 2520 1272 2671 1038 2421 1949 323 2578 729 370 933 2602 865 1374 2828 1668 2387 2083 432 2568 571 2415 2221 429 2108 332 1952 1065 1562 2640 2031 1266 743 2029 1070 1399 2423 820 340 1256 1430 1268 2333 2786 964 1227 878 476 1188 955 411 1890 802 417 597 2743 21 2227 289 979 1686 199 2493 1761 40 1888 1603 285 1418 359 2224 2261 681 554 868 78 1462 302 375 306 2816 98 2449 1398 1139 986 783 1515 334 592 62 905 707 594 396 2829 1197
000883.jpg,1569 715 100 64 2721 48 439 1640 1796 562 305 51 155 2034 2545 2650 2433 2713 1860 1496 1453 2631 2556 2272 2309 1584 1490 2376 201 1948 1617 2352 1381 712 1636 1316 1096 1658 2241 194 1901 2836 1051 563 1782 2289 2628 1965 1045 1993 440 168 1422 2826 2050 1544 169 1218 260 1416 2439 2130 2815 1840 2837 2088 518 1878 1328 2649 1261 550 947 231 2454 645 1649 2652 445 259 1444 2707 1369 497 2538 1552 1586 2023 735 900 2011 1148 559 1054 1623 1417 2553 860 2755 2769
000884.jpg,2000 1451 1361 2054 1559 2787 646 727 589 658 1300 483 1353 240 1951 1749 44 485 1306 1447 16 376 1672 832 2437 1469 1178 2540 1836 1535 1593 751 1389 2409 1990 824 2317 954 1115 1513 2249 1346 2700 1161 2066 2113 1804 2016 2695 1685 1847 1523 1773 792 2080 2178 441 2129 1482 2383 2555 1116 683 1727 2490 1224 845 1244 1869 1057 2296 863 339 1714 1642 1713 47 104 1120 321 2180 373 1380 1263 2523 2136 1646 393 474 1147 2405 371 1073 1760 946 761 2170 1958 2395 254
000885.jpg,1019 1175 2787 646 293 1346 924 594 359 1502 2567 2203 2216 2573 2179 2841 20 1139 214 1171 2348 2816 1757 2620 1603 103 986 1397 2449 2521 22 1214 1671 761 148 510 2156 1400 306 1632 334 308 1205 8 750 2554 2705 2043 453 333 1188 2107 189 2060 1922 744 2153 473 1255 300 400 83 1916 1740 2583 2230 2220 411 2009 1669 335 2346 1044 1931 2810 997 2387 466 2526 894 475 2591 2299 1952 765 163 1401 933 2171 691 2089 1610 820 2404 1217 508 2570 7 2313 1061
000886.jpg,2502 2152 941 1605 84 2841 214 2348 1139 1171 2751 22 744 2567 1214 244 1616 2141 454 957 1199 189 2060 1371 420 2404 1927 2162 2768 1397 851 1889 1632 2726 1960 1987 815 1488 2203 594 167 40 171 509 2197 924 300 1744 1907 621 419 844 2705 894 2620 2554 2612 2179 2386 117 1766 1364 2153 1726 2678 2464 1217 2591 2030 1502 2079 1184 2160 1064 2760 2503 2494 333 1198 481 2230 592 2608 856 1637 1144 2182 2448 1802 1205 1315 163 807 335 466 2688 1979 2761 2056 1596
000887.jpg,2024 426 2143 24 2430 1804 1719 2533 2320 1149 29 853 286 2172 2673 792 2787 2296 91 2113 2235 2178 2124 2014 2366 1326 2508 2725 1766 473 609 1061 2066 646 2054 2404 163 376 1951 1389 752 1161 1889 359 1469 1353 1886 466 1447 589 1115 658 240 1236 2128 193 1847 727 2409 1513 1602 2111 306 988 1361 1556 1685 2571 1696 1132 485 1588 1865 2000 2078 1165 2115 1474 1559 411 995 1300 2302 744 1306 1125 2573 1451 1869 2251 214 2378 1904 229 1661 1032 142 1753 954 2457
000888.jpg,1730 2687 1929 2806 1275 295 1789 1655 1831 464 1706 927 2301 131 268 999 2236 331 31 2715 1026 1475 1097 1293 326 1875 159 580 1011 1262 1240 1143 504 1822 806 2059 2407 2765 484 1039 2062 655 653 2531 455 125 1813 1662 1378 780 1022 467 1118 456 1024 2244 324 1923 430 418 1912 2142 1281 788 1932 452 840 1568 2285 1062 726 2429 389 290 495 1843 1503 1297 52 1465 241 89 1008 1274 786 346 314 534 33 2565 501 2232 2693 1335 129 363 53 1755 390 2053
000889.jpg,1752 1545 1146 2556 1316 2389 2790 1102 2069 950 1496 1624 2367 1926 312 2832 1965 59 2528 2300 1636 221 1644 2817 1656 1202 2411 817 1407 1934 987 4 440 635 943 556 85 2272 1405 1649 2836 547 1386 2270 2241 2082 613 626 826 1782 2837 735 2501 1796 1737 2050 169 860 1045 2840 1381 1328 712 1617 2767 1584 1840 947 155 1319 611 1444 1218 1096 900 1799 1658 1417 518 1422 1710 2826 2289 194 2454 1948 1054 1993 2352 2538 51 1489 2044 1788 283 305 463 2628 1701 2815
000890.jpg,1349 352 913 1572 1 234 1571 17 1520 2727 2399 573 1025 307 642 349 969 2541 2255 2063 1539 2100 1514 2226 600 846 2455 1618 511 837 2473 1615 2635 1338 1009 2486 1815 317 2175 1622 127 1698 1684 223 2223 2710 264 2339 2298 1059 2811 551 2246 1159 2834 195 1630 71 2619 342 697 403 1540 2253 2529 2844 810 2444 1366 2338 2484 2412 1619 1409 2215 2833 1360 2517 1445 1509 961 2524 1629 958 273 718 1524 2158 879 1095 787 2139 2385 1925 1735 1863 2104 638 1215 2340
000891.jpg,1993 1663 712 947 2836 1489 1617 1328 1045 1444 1782 1710 1417 1369 2050 197 2837 169 2649 2241 2130 860 2011 1701 2454 1679 1422 2707 179 1870 2767 2289 2840 26 735 925 1381 463 445 1649 440 1054 433 1658 550 1623 817 348 900 221 480 2790 1624 1788 1407 2817 2375 1644 489 1437 2832 1544 2528 1029 51 2714 1656 943 2300 1102 1926 1934 1796 1218 1552 2769 645 635 2411 2397 1486 2439 970 1405 312 1983 1208 2652 260 1092 2538 2084 1569 2082 155 977 305 2424 562 2628
000892.jpg,2414 107 1177 2604 2641 2550 1507 2176 55 397 1669 728 1104 1194 575 2754 1691 2019 2661 1523 834 1482 2080 2239 400 827 2495 441 1943 2288 333 306 584 1919 1016 2169 2695 736 1180 2073 309 1035 2296 83 1950 2383 1922 1326 739 2395 167 2555 2245 1144 2326 541 1423 20 926 845 2508 2573 1641 792 373 2014 473 1014 1818 1263 327 1310 2303 1401 856 1900 2630 2791 1353 469 564 993 1593 896 2124 796 1801 375 205 1217 1883 298 379 1502 1205 2381 2620 766 76 980
000893.jpg,2305 97 116 137 1606 1212 2558 1130 165 2292 1940 790 1825 2506 1962 1841 2258 1986 362 508 359 1183 2583 994 2573 2551 1810 2625 2561 864 255 871 2350 1001 646 1462 2400 488 2449 1035 526 1075 1330 761 2787 1801 2209 2546 2086 1091 1729 1879 1931 701 1219 1820 1226 2829 1906 274 2359 865 924 545 499 608 1066 905 1052 55 2493 1488 2495 2641 2151 1250 2410 1197 2711 1346 1093 938 1970 8 1839 2785 1900 1180 2560 1104 1194 63 2247 2483 496 1669 2680 581 764 870
000894.jpg,2798 2629 1429 2428 2083 1910 2335 377 2120 828 1764 2795 1189 2038 2032 56 1952 933 358 1754 672 1249 2387 1449 476 1431 669 36 176 733 193 1793 988 698 536 1084 1806 1049 866 680 500 2668 2449 2090 1474 2512 306 2451 1521 2384 1255 829 2150 1393 2111 986 372 8 2380 1033 2508 1933 2448 1757 1132 123 427 2071 2317 1638 932 1588 34 1053 229 1553 1797 1227 2623 901 1032 959 2194 1280 853 2293 661 624 1525 839 2572 2571 1889 2078 1844 1482 2823 2080 516 2261
000895.jpg,2454 26 1870 348 2769 925 2649 1369 2714 480 179 2538 712 550 1417 2130 2050 1045 735 860 1422 1489 1788 1701 1710 518 1617 440 197 2011 2241 463 1328 64 1569 2840 48 445 1993 2721 562 100 2289 1663 305 1096 1948 1796 51 2836 715 2375 433 645 1782 817 439 2650 1624 1054 1416 947 260 1640 1029 1552 155 2352 2034 2707 1444 2837 169 1172 1658 1381 1649 2088 1679 1218 2419 194 2528 1486 970 2556 2826 524 900 2544 168 2545 2300 1983 1644 2309 489 1319 1926 611
000896.jpg,1489 1417 1701 860 1710 1993 1788 900 197 712 1328 1870 1663 1617 1045 1679 2836 348 1437 817 2011 2649 463 1624 169 2790 1782 1444 1369 2241 179 2130 26 1649 2050 2289 489 2837 1926 925 947 433 1054 2528 1644 1407 1623 2817 1796 2300 550 2767 2454 1381 1486 606 1422 2084 1656 2707 1658 2424 221 2515 2375 1208 1029 2397 2840 440 2826 2411 2034 1096 1627 51 260 735 1545 2545 2439 1307 2088 155 1569 134 1102 2628 1386 305 2721 2082 1544 2045 1552 1983 715 2714 480 1934
000897.jpg,1559 1451 2000 751 2787 1361 1593 832 2437 1672 1836 2540 2700 1116 2054 1990 1713 1714 2129 1353 1224 824 1300 727 646 1178 483 589 683 954 1535 1346 1685 1951 658 47 1306 2016 1057 485 44 2180 1773 1115 2296 1389 240 2317 2523 946 1447 792 1838 2422 371 1523 16 1620 1943 441 34 1749 376 321 1195 2695 676 1869 378 2239 2275 465 1469 1594 1380 1950 2111 2245 603 145 1482 2555 1073 2073 2409 104 1795 2080 2518 87 1678 2249 1082 1697 1308 1120 2383 1760 1036 590
000898.jpg,1548 269 531 1725 368 444 2499 2051 1439 1263 1833 598 1326 2014 1747 2245 1502 1443 2249 1165 1750 1817 1938 2302 676 2303 1712 1760 2573 298 1088 191 1570 2296 2179 1659 1711 2685 889 2124 1884 767 277 1007 315 980 205 136 1582 2599 594 2686 306 1205 907 946 473 796 792 2677 1285 1537 2000 2180 954 1661 2154 44 500 327 1557 2195 1603 629 1954 2118 1397 2203 465 824 1284 1406 1865 400 1501 1352 1073 1922 1243 1061 2746 423 2535 1881 2115 2128 73 915 1131 351
000899.jpg,545 1394 304 1213 2546 1785 63 2277 1801 2022 1483 1228 1087 1333 1558 1631 898 2072 761 1137 614 714 1207 149 529 1798 2644 395 1230 783 341 251 2323 581 182 924 2547 374 132 737 2114 1106 572 1093 2242 1166 2040 962 1176 1334 1561 2190 1257 1856 2656 215 803 1900 1091 1786 2202 1898 1683 1971 695 2579 1914 2381 2238 989 2737 1476 2504 1298 1693 1363 2216 364 2785 1343 766 1743 1197 2787 576 101 1883 2542 789 1605 436 2827 291 2149 1427 983 596 95 88 1250
000900.jpg,2747 2098 1047 612 1976 461 477 1163 2775 72 760 164 174 595 1415 208 2679 2829 2587 2122 156 731 694 1903 172 460 2469 1241 2126 1784 1599 1100 2577 1404 2074 1155 2645 1906 2156 1879 783 1904 1035 2449 571 1981 394 1052 473 2216 1889 400 2252 2410 2661 1093 1757 1898 1179 2400 2573 2658 905 306 1729 1839 1977 2242 827 167 488 2349 729 540 2459 1952 2510 1188 2561 1986 2786 479 1087 2640 1232 411 545 1401 1065 1744 1066 2107 308 691 1342 579 135 1203 396 2227
000901.jpg,2669 192 2025 61 207 1787 2396 225 654 2280 2173 245 139 2794 49 408 2070 525 1282 209 838 383 1781 356 239 296 2164 2091 1141 2311 1127 1248 1356 1780 2232 1506 625 1435 679 2137 1505 653 252 52 822 346 418 1481 1598 2244 858 455 1262 1274 504 290 1568 1022 786 2142 1216 295 2806 2531 1293 806 1097 1011 268 1168 1275 2470 1299 31 580 2236 780 216 1929 1465 131 2059 1024 2765 159 449 2053 1037 1124 2821 2715 113 1730 1843 1143 1503 999 484 53 2285
000902.jpg,1701 1710 1489 1417 860 1788 1993 2289 433 900 1328 197 2375 445 2011 2707 2840 1624 712 2130 463 1663 1679 1444 1617 489 2241 2836 1045 817 1437 1623 606 348 2084 1319 2767 169 2082 1870 2424 2817 2515 1656 2050 1422 1029 1782 1895 2397 611 259 947 2270 1552 221 1208 2300 2837 179 2790 1649 675 1054 645 1386 2528 2649 2826 1486 1926 2769 1381 987 1627 440 1934 635 188 2454 556 2439 2076 2367 59 550 2411 161 312 1407 1644 2714 1658 1307 26 626 2832 134 1544 2646
000903.jpg,105 2394 1778 416 1946 7 151 2793 975 513 2696 243 337 1370 2416 1331 808 568 25 1585 1614 1002 1325 821 2575 1742 1200 1419 1442 2697 1581 487 301 2830 1681 1142 1554 2087 819 2331 1573 875 1673 2005 800 1992 2658 318 2519 673 1020 1040 1966 1968 2600 2730 1152 908 1705 1495 2593 1105 1170 593 1424 2065 1396 1036 678 2417 355 610 435 2458 118 1119 813 1077 2718 881 1068 2147 1455 2449 2257 311 1247 1676 2299 392 632 519 874 1347 434 2102 2243 54 717 490
000904.jpg,2663 2 601 1390 431 2510 2561 1035 1839 2532 2323 1114 1075 1810 1767 634 2583 962 529 1952 578 1418 395 2644 1801 1798 597 702 417 473 2299 1821 1219 2671 1830 1334 1928 2029 461 103 250 375 72 2324 2829 1986 2653 1333 65 1241 2661 2787 2295 425 2277 1533 2577 2388 156 2568 1728 306 1197 2350 2759 1166 1310 1001 1107 1065 684 714 1256 581 646 289 76 1608 135 1686 2242 1265 492 2493 1207 2151 903 1423 1448 502 1442 1597 1346 1689 1427 739 2471 359 436 364
000905.jpg,1752 1545 1146 2389 312 2832 59 1102 4 987 1624 1934 2790 2501 626 440 221 1656 1316 1407 635 1202 2411 1405 2082 735 2241 556 1644 2528 2069 2367 2817 85 1926 2556 547 518 2270 943 1840 1636 1386 2050 2836 1737 2300 169 950 1617 826 1422 2840 2837 1782 1045 817 712 1649 155 2826 2044 550 611 2439 613 900 1319 188 2538 2454 445 259 2649 1381 1444 1544 260 947 2011 1328 1437 283 563 1552 1092 1796 480 2088 1496 1878 2133 2130 2148 1486 860 2424 179 1965 1799
000906.jpg,1096 1416 1948 2272 2815 2352 1860 1636 1965 1218 1316 1362 201 1496 1051 194 2556 2721 1261 1569 64 562 715 2713 1796 305 439 100 51 48 2309 1586 155 497 2034 1584 2628 1658 1381 2241 1640 2376 1617 1897 2650 712 2433 2545 2755 260 563 1544 1490 747 2836 231 1901 2289 2088 1993 258 1552 1782 2046 1148 2826 319 1422 1328 168 2767 1878 1840 2631 2023 2454 1453 2439 2732 1045 2652 169 2045 2553 947 645 2837 2076 550 1486 440 992 2130 900 559 2337 161 445 1369 1623
000907.jpg,2437 1836 1672 1057 1749 1990 44 16 2700 1447 1469 376 2317 1449 1593 1178 1727 2555 824 2058 1773 834 1535 1795 832 1224 751 1116 683 47 1161 2249 1714 1513 1277 1713 2180 1838 761 1353 83 483 2129 1300 1620 2296 1847 2554 2111 1346 2000 1632 792 1482 845 441 2153 894 96 2695 2383 603 2523 2096 1147 1523 2080 1919 2016 2518 1456 34 2563 2422 2275 762 1638 205 1995 1032 269 1120 1073 400 1732 2166 993 1760 1284 2194 1678 2313 2571 2054 2831 2335 465 1661 240 1548
000908.jpg,1545 2389 59 1752 1146 2367 4 950 626 1202 1799 1737 826 2082 2270 440 2069 556 547 2840 1552 611 463 1029 1386 2312 2289 613 1319 134 259 283 1407 2837 1993 2477 2148 1624 735 1788 2088 635 2375 312 169 1649 1895 1045 1468 987 977 2076 445 1617 433 2241 155 860 85 2735 1584 2832 550 1544 1422 1934 2050 1878 260 2130 563 1172 1328 2652 2300 2439 2133 1486 1663 2424 197 900 1444 2650 161 2836 904 1656 1148 817 2631 562 1405 1926 2011 173 1796 1417 1701 965
000909.jpg,1993 1663 1328 1617 947 1444 712 2836 1782 1045 2707 1679 1623 169 2767 2130 2241 2837 2011 445 1054 1489 2840 1710 1422 1381 860 1649 1552 51 2050 900 197 1658 2454 1369 645 2289 1417 1701 463 440 735 179 1486 1437 1029 1218 259 1948 1544 1569 2714 2649 1640 155 433 1796 1096 2769 1416 260 562 480 2439 1208 305 1307 2650 348 134 1261 550 635 1253 1870 1788 2721 1190 2088 925 26 2826 559 2652 2419 563 1624 2352 2544 2133 817 2082 188 2574 2397 2375 2628 2424 1983
000910.jpg,1041 933 1329 2539 2839 1952 2047 359 2387 2808 1255 986 2570 2083 1757 2449 2350 2583 1001 453 7 646 1019 2009 2348 306 437 2573 2787 214 1603 293 1139 2216 411 448 2299 2792 2151 473 820 1346 400 1872 2567 8 1175 594 334 1922 1061 2658 981 163 2404 1502 1791 1931 1766 2089 308 2060 2841 1761 2620 750 1188 1205 2508 2203 1889 2179 761 1217 2680 2625 1400 637 870 2521 1740 1670 2554 807 755 2526 2346 1397 148 189 1442 1171 924 744 255 1671 1466 691 2705 300
000911.jpg,1506 1780 455 1141 2137 2232 2070 383 1262 822 1568 1356 1505 49 1248 525 1781 654 2669 192 1127 1829 252 2311 245 113 1140 2794 61 408 2470 1299 1168 1435 2025 1282 2280 139 207 2396 1216 2173 625 1787 225 356 296 2279 1274 239 679 1598 209 858 2164 1924 216 838 2091 27 1503 1124 1024 2531 2765 799 1273 653 2698 464 2053 1706 726 1011 1612 268 1875 2715 1037 1918 31 131 1831 580 331 89 927 2236 1293 805 1143 1097 1789 1297 1472 999 2062 1692 1475 2632
000912.jpg,1009 2455 2063 837 264 2484 1815 1159 234 352 2844 913 1572 2092 1 2833 2727 1520 2399 2371 1122 2139 403 2541 1349 1814 2797 1366 1025 299 1589 2731 1982 1539 2158 2215 1925 1816 667 1571 1619 2834 969 2576 307 1615 267 1480 2189 17 223 1684 2783 2776 1291 2385 1238 1514 2633 2269 46 1660 2403 428 2635 879 2298 2226 2185 342 551 2607 2431 1863 1618 1735 2529 273 2460 1698 891 349 892 2104 2524 2616 1059 2175 1776 1540 1373 1129 1360 2223 641 1630 385 2771 991 1807
000913.jpg,743 1430 2423 2568 1888 429 2415 289 199 1890 868 1256 340 332 554 1562 681 2421 21 878 302 2108 2029 2786 1398 417 1038 361 2221 893 802 2743 323 78 2333 1686 597 2227 2578 1399 933 432 62 964 986 2828 1374 1418 2671 1070 1668 886 2031 2520 1272 2387 1065 2602 979 1949 13 955 571 370 1255 1266 2210 729 1952 640 2559 1757 923 1197 1354 2304 2224 1851 1268 1219 952 2778 865 1390 1528 2083 2469 2348 930 1210 2618 2324 1928 2379 919 1166 2640 214 2349 1597
000914.jpg,1492 142 2078 1699 1553 1886 555 1053 866 1236 2668 2267 1033 2380 176 1393 733 36 680 1431 2217 901 1793 1588 500 1132 427 2451 536 2384 292 988 193 2032 2038 2387 672 2090 1263 73 933 1682 1429 377 2350 1352 828 1322 2428 1406 1346 2054 1189 1754 1001 29 56 2475 2299 123 2120 315 1869 2335 249 624 2583 767 2463 1479 1012 1243 380 1603 399 2000 1233 1451 1049 1750 2629 1952 2302 2293 676 2514 882 1165 1361 986 568 2409 2151 2787 1387 2245 67 646 2172 2730
000915.jpg,924 1471 1363 2216 953 2841 761 2567 1605 2502 333 214 1044 2823 2152 1139 856 419 581 2153 149 2114 2554 986 63 1671 22 2816 1214 1171 2573 1856 8 2449 2751 1371 2678 1217 1483 2022 905 2348 167 1250 737 1184 894 2441 1632 1213 189 1333 1255 1502 2202 2043 95 752 2542 1188 1641 1219 2726 1927 1336 783 614 2547 1757 1315 488 132 1093 1687 1394 1914 2190 1357 2179 2705 1979 2277 1013 117 2288 304 1476 2494 1176 1726 335 2079 411 2197 2242 2060 215 1882 39 1801
000916.jpg,1038 2421 865 1949 2520 2210 2786 340 1272 979 2227 13 640 332 323 2671 1256 554 2743 868 2578 2029 1562 289 1888 729 1890 2640 2108 2221 1266 1952 597 417 1374 2602 933 2828 1070 1686 2415 2031 429 1668 1418 2568 21 964 1399 1430 1065 2083 986 1197 571 2387 370 886 1398 743 1757 199 2333 681 1255 2423 878 893 783 214 905 302 2224 361 62 2410 2348 432 955 1219 2324 1931 802 2247 2493 78 1139 1558 1346 1333 1928 898 1268 1846 2489 1166 985 1616 2400 714
000917.jpg,956 2261 2194 1227 661 476 1153 669 1761 829 2168 546 1221 582 285 6 1541 820 1188 759 1083 807 620 1260 1697 922 1702 2643 750 732 334 2313 1603 468 1456 1797 411 1570 2043 1858 2823 2387 37 1560 1139 2666 2623 1865 1090 2816 1763 2425 894 1916 1866 1400 586 2810 2677 1891 1284 2171 1911 2263 629 2346 1487 762 1525 724 2841 2705 475 594 2153 372 2554 1380 443 1032 1995 1084 2572 1082 986 2179 1696 2831 2514 122 1280 229 448 1537 2167 2571 275 2060 624 1757
000918.jpg,2185 2584 1411 1129 1440 386 1694 143 795 2529 2517 718 2298 1684 2271 2616 1360 2801 958 810 787 1445 2460 2619 557 1215 2139 2833 1514 30 1112 2363 638 2844 1630 879 1446 1294 71 1366 665 1982 1925 273 697 2246 969 2524 1258 1619 299 2092 1939 1242 2481 2455 1814 2385 1373 2104 2576 2731 1816 1863 1122 264 1270 667 1480 837 1571 2776 2468 641 2371 888 2771 1009 2727 1589 342 1698 551 1824 262 1539 2100 1549 2633 991 2672 1059 1735 1776 1887 2273 2484 2797 2710 1660
000919.jpg,1993 1617 1663 2241 1328 1422 712 947 1444 1045 169 2707 2837 1679 1623 1782 2836 51 2840 2289 550 2011 2050 2631 2130 1381 1658 197 440 2767 305 735 1552 155 562 900 445 1796 1649 260 1544 2439 2454 1054 463 1640 259 518 2088 645 1878 1569 2721 860 1218 134 1369 635 1895 2826 563 2649 1788 1710 433 2650 1489 221 1860 1417 179 2082 2538 2270 1405 556 1261 943 1407 480 2628 2714 2817 715 1029 1948 312 2375 2790 1636 439 2424 2769 1926 1486 1096 2300 1437 547 2544
000920.jpg,1752 1545 1146 2389 59 312 4 626 2832 987 2367 635 2082 826 2069 556 950 547 85 2270 1934 2501 1386 1737 1405 1102 1624 221 1316 611 1407 1656 1202 2133 440 1636 1319 2241 2411 2790 613 1092 188 1552 1878 2044 1422 518 2837 2424 259 550 283 2836 2300 2826 1649 2840 169 563 2419 735 943 1840 900 977 2148 1617 1983 260 2817 155 2652 2088 1468 1926 463 1782 1486 2544 2050 2528 1045 817 266 445 1428 1644 2397 2289 965 2477 1965 2631 2439 1544 712 1437 1799 2574
000921.jpg,2600 1705 2085 487 942 1681 2543 1384 966 2458 1495 337 921 2660 908 2262 2392 1290 1017 852 1742 1518 2064 1331 1673 2282 1614 1978 2696 1002 2257 1119 2259 984 542 54 1370 1396 243 710 1676 355 2782 320 1554 1718 1567 186 151 2796 1385 1779 2140 1519 1105 446 2357 813 662 1301 513 451 1909 1058 1871 2132 1077 1479 568 519 2147 1325 1992 1152 1682 2593 1613 1750 2318 416 25 1036 1263 318 1247 1442 530 2730 69 1138 1833 1005 543 907 2154 2575 1670 1817 709 544
000922.jpg,1944 1055 2294 2728 725 2207 1056 2766 447 2825 2741 692 2135 1126 2057 494 1547 2842 2736 1463 899 204 2511 2319 442 1935 1899 2291 2435 1134 2719 246 2041 2580 686 146 1874 1067 2068 2248 2813 574 647 722 1223 2382 657 1464 1076 2665 2708 1452 1937 79 1185 2286 1777 2639 2683 140 1868 677 1639 1473 2393 948 1408 1942 2438 1892 271 12 1677 682 804 1771 2440 491 2625 2037 1721 329 994 2569 2809 864 1876 1592 1439 627 1998 526 1931 2704 608 1881 2589 2598 274 2350
000923.jpg,620 1260 285 1858 2313 468 807 2807 1882 636 2476 2278 2425 1318 1536 1188 2816 2261 1723 2171 2043 1227 476 2810 1916 411 650 2678 2048 2346 475 1603 40 956 1761 189 42 2153 1726 45 820 1768 396 2060 2627 1364 894 1251 1139 419 2554 2522 2386 1064 2056 905 2761 2705 281 229 1960 1610 2489 594 2841 2760 1846 2608 2182 2688 2720 1856 334 851 750 1515 2449 1880 1605 644 1596 2823 1502 2079 1987 448 300 1632 1802 454 592 744 2179 98 38 167 2498 2203 353 2086
000924.jpg,1276 2461 210 1859 1034 793 1861 1792 1392 1072 2004 1580 57 2174 2418 1234 280 1930 2125 570 1665 1358 1279 1575 689 2327 1758 2456 1724 746 756 294 1664 2694 1375 2374 663 493 2229 2838 158 1193 421 2581 242 1576 77 704 2330 170 1292 859 1432 1716 1345 1551 2206 2662 185 514 2321 287 2672 880 438 884 366 798 2703 934 1377 1196 228 2127 2186 1887 82 2155 1086 2187 1030 2659 2039 801 2739 2332 2002 1043 470 857 1348 263 1653 1776 706 2356 1877 1350 656 2548
000925.jpg,1786 1971 1257 1106 76 2656 2149 2787 1357 1693 39 2288 1900 2381 989 614 2040 803 215 251 374 1091 581 436 737 1137 2542 2495 2504 564 2281 341 926 364 1818 1180 1207 310 230 2114 777 1914 1427 2827 646 2785 1996 2072 2202 766 2238 1743 789 132 2579 2190 1334 101 1346 2745 983 88 328 63 1176 1476 2441 1483 2547 2242 695 149 739 576 1230 2644 1856 1798 291 95 1561 2493 2546 395 1343 1213 182 1333 596 545 1166 2247 2653 1197 1883 1801 572 962 617 1999
000926.jpg,1721 2809 1876 1473 12 1439 1406 249 2291 2051 2057 1012 368 1725 2499 2683 494 637 627 2435 1931 2719 444 2438 2622 2657 1874 447 202 574 657 994 2509 67 1886 2708 608 2089 2583 274 2598 2183 1223 1899 1088 482 682 692 1548 136 255 1501 1817 598 531 1001 944 2589 2639 1557 2599 2526 1433 1555 1902 2704 128 1881 1582 1165 2308 2319 2350 1185 2436 1592 677 521 2302 1777 1757 864 1477 508 2712 2762 2766 882 123 217 854 1711 2617 1833 2728 526 2686 2220 1944 1055
000927.jpg,2252 2682 1977 1651 1179 1579 841 2491 1578 945 1063 916 1920 2042 639 2647 9 1770 2723 114 1583 227 748 1470 1531 998 1528 919 1769 982 952 517 1354 2225 763 2097 2778 928 930 567 2349 2379 2729 1851 1657 1210 515 2026 1154 1368 923 1367 2459 566 2304 512 778 1239 7 528 579 382 1854 2559 492 1970 2618 1566 2711 1209 2658 1271 72 2081 460 1879 1219 2462 760 2110 394 957 1819 813 1214 664 1907 172 2577 156 2775 164 2067 1987 1402 2751 1976 1217 1415 2230
000928.jpg,2138 961 472 1803 1607 1341 2758 1069 1828 2738 1811 405 2444 2595 2835 17 1540 551 2635 577 1571 1618 166 1509 147 1059 2340 1964 2614 642 2100 2710 223 573 1807 2385 127 1622 641 846 1295 2709 352 537 342 600 2094 1167 2175 1530 2486 1615 991 2338 1862 888 1078 2648 1355 2431 1524 160 2771 1025 892 1629 1270 2255 1539 262 741 1988 1373 1278 1684 1698 46 2223 1421 2473 1619 891 1520 1652 267 2253 349 385 1258 2372 1129 665 1238 2675 1291 2246 1060 2298 1112 317
